HIERARCHY
ROOT hips
{
	OFFSET 0.000000 104.274902 0.000000
	CHANNELS 6 Xposition Yposition Zposition Xrotation Yrotation Zrotation
	JOINT spine
	{
		OFFSET 0.000000 10.181549 0.131524
		CHANNELS 6 Xposition Yposition Zposition Xrotation Yrotation Zrotation
		JOINT chest
		{
			OFFSET 0.000000 9.893990 -1.470706
			CHANNELS 3 Xrotation Yrotation Zrotation
			JOINT upperChest
			{
				OFFSET 0.000000 9.220787 -1.370637
				CHANNELS 3 Xrotation Yrotation Zrotation
				JOINT neck
				{
					OFFSET 0.000000 16.740372 -2.049022
					CHANNELS 6 Xposition Yposition Zposition Xrotation Yrotation Zrotation
					JOINT head
					{
						OFFSET 0.000000 9.617859 1.684976
						CHANNELS 6 Xposition Yposition Zposition Xrotation Yrotation Zrotation
						JOINT headEnd
						{
							OFFSET 0.000000 22.037384 7.501072
							CHANNELS 6 Xposition Yposition Zposition Xrotation Yrotation Zrotation
							End Site
							{
								OFFSET 0.000000 23.106567 -2.828246
							}
						}
					}
				}
				JOINT rightShoulder
				{
					OFFSET -4.570000 11.014877 -2.160840
					CHANNELS 6 Xposition Yposition Zposition Xrotation Yrotation Zrotation
					JOINT rightUpperArm
					{
						OFFSET -10.592867 -0.524796 -2.232105
						CHANNELS 3 Xrotation Yrotation Zrotation
						JOINT rightLowerArm
						{
							OFFSET -27.841497 0.000000 -0.000002
							CHANNELS 3 Xrotation Yrotation Zrotation
							JOINT rightHand
							{
								OFFSET -28.328812 0.000000 -0.000001
								CHANNELS 3 Xrotation Yrotation Zrotation
								JOINT rightThumbProximal
								{
									OFFSET -2.464798 -1.573990 2.681911
									CHANNELS 6 Xposition Yposition Zposition Xrotation Yrotation Zrotation
									JOINT rightThumbIntermediate
									{
										OFFSET -3.244781 -1.873383 1.873376
										CHANNELS 3 Xrotation Yrotation Zrotation
										JOINT rightThumbDistal
										{
											OFFSET -2.646263 -1.527817 1.527818
											CHANNELS 6 Xposition Yposition Zposition Xrotation Yrotation Zrotation
											JOINT rightHandThumb4
											{
												OFFSET -1.994591 -1.151581 1.151575
												CHANNELS 6 Xposition Yposition Zposition Xrotation Yrotation Zrotation
												End Site
												{
													OFFSET -1.860176 -1.142715 1.365483
												}
											}
										}
									}
								}
								JOINT rightIndexProximal
								{
									OFFSET -9.108299 -0.517883 2.259803
									CHANNELS 6 Xposition Yposition Zposition Xrotation Yrotation Zrotation
									JOINT rightIndexIntermediate
									{
										OFFSET -3.699997 0.000000 0.000000
										CHANNELS 3 Xrotation Yrotation Zrotation
										JOINT rightIndexDistal
										{
											OFFSET -2.850006 0.000000 0.000000
											CHANNELS 3 Xrotation Yrotation Zrotation
											JOINT rightHandIndex4
											{
												OFFSET -2.772194 0.000000 0.000000
												CHANNELS 3 Xrotation Yrotation Zrotation
												End Site
												{
													OFFSET -2.772202 0.000000 -0.000484
												}
											}
										}
									}
								}
								JOINT rightMiddleProximal
								{
									OFFSET -9.532501 0.000000 -0.000000
									CHANNELS 6 Xposition Yposition Zposition Xrotation Yrotation Zrotation
									JOINT rightMiddleIntermediate
									{
										OFFSET -3.699997 0.000000 0.000000
										CHANNELS 3 Xrotation Yrotation Zrotation
										JOINT rightMiddleDistal
										{
											OFFSET -2.949997 0.000000 0.000000
											CHANNELS 3 Xrotation Yrotation Zrotation
											JOINT rightHandMiddle4
											{
												OFFSET -2.946594 0.000000 0.000000
												CHANNELS 3 Xrotation Yrotation Zrotation
												End Site
												{
													OFFSET -2.946602 0.000000 -0.000982
												}
											}
										}
									}
								}
								JOINT rightRingProximal
								{
									OFFSET -9.103600 -0.043106 -1.865100
									CHANNELS 6 Xposition Yposition Zposition Xrotation Yrotation Zrotation
									JOINT rightRingIntermediate
									{
										OFFSET -3.379303 0.000000 0.000000
										CHANNELS 3 Xrotation Yrotation Zrotation
										JOINT rightRingDistal
										{
											OFFSET -2.889694 0.000000 0.000000
											CHANNELS 3 Xrotation Yrotation Zrotation
											JOINT rightHandRing4
											{
												OFFSET -2.638802 0.000000 0.000000
												CHANNELS 3 Xrotation Yrotation Zrotation
												End Site
												{
													OFFSET -2.638802 0.000000 0.004218
												}
											}
										}
									}
								}
								JOINT rightLittleProximal
								{
									OFFSET -8.076698 -0.486725 -3.806299
									CHANNELS 6 Xposition Yposition Zposition Xrotation Yrotation Zrotation
									JOINT rightLittleIntermediate
									{
										OFFSET -3.600006 0.000000 0.000000
										CHANNELS 3 Xrotation Yrotation Zrotation
										JOINT rightLittleDistal
										{
											OFFSET -2.099998 0.000000 0.000000
											CHANNELS 3 Xrotation Yrotation Zrotation
											JOINT rightHandPinky4
											{
												OFFSET -2.115791 0.000000 0.000000
												CHANNELS 3 Xrotation Yrotation Zrotation
												End Site
												{
													OFFSET -2.115799 0.000000 0.000174
												}
											}
										}
									}
								}
							}
						}
					}
				}
				JOINT leftShoulder
				{
					OFFSET 4.570400 11.014679 -2.160816
					CHANNELS 6 Xposition Yposition Zposition Xrotation Yrotation Zrotation
					JOINT leftUpperArm
					{
						OFFSET 10.592373 -0.524597 -2.232116
						CHANNELS 3 Xrotation Yrotation Zrotation
						JOINT leftLowerArm
						{
							OFFSET 27.841488 0.000000 0.000001
							CHANNELS 3 Xrotation Yrotation Zrotation
							JOINT leftHand
							{
								OFFSET 28.328808 0.000000 -0.000000
								CHANNELS 3 Xrotation Yrotation Zrotation
								JOINT leftThumbProximal
								{
									OFFSET 2.466103 -1.576202 2.681698
									CHANNELS 6 Xposition Yposition Zposition Xrotation Yrotation Zrotation
									JOINT leftThumbIntermediate
									{
										OFFSET 3.243317 -1.872528 1.872530
										CHANNELS 3 Xrotation Yrotation Zrotation
										JOINT leftThumbDistal
										{
											OFFSET 2.647881 -1.528763 1.528754
											CHANNELS 6 Xposition Yposition Zposition Xrotation Yrotation Zrotation
											JOINT leftHandThumb4
											{
												OFFSET 1.998924 -1.154083 1.154080
												CHANNELS 6 Xposition Yposition Zposition Xrotation Yrotation Zrotation
												End Site
												{
													OFFSET 1.884041 -1.149155 1.337651
												}
											}
										}
									}
								}
								JOINT leftIndexProximal
								{
									OFFSET 9.109299 -0.518005 2.259900
									CHANNELS 6 Xposition Yposition Zposition Xrotation Yrotation Zrotation
									JOINT leftIndexIntermediate
									{
										OFFSET 3.699997 0.000000 0.000000
										CHANNELS 3 Xrotation Yrotation Zrotation
										JOINT leftIndexDistal
										{
											OFFSET 2.850006 0.000000 0.000000
											CHANNELS 3 Xrotation Yrotation Zrotation
											JOINT leftHandIndex4
											{
												OFFSET 2.774895 0.000000 0.000000
												CHANNELS 3 Xrotation Yrotation Zrotation
												End Site
												{
													OFFSET 2.774902 0.000000 -0.000072
												}
											}
										}
									}
								}
								JOINT leftMiddleProximal
								{
									OFFSET 9.533401 0.000000 0.000000
									CHANNELS 6 Xposition Yposition Zposition Xrotation Yrotation Zrotation
									JOINT leftMiddleIntermediate
									{
										OFFSET 3.699997 0.000000 0.000000
										CHANNELS 3 Xrotation Yrotation Zrotation
										JOINT leftMiddleDistal
										{
											OFFSET 2.949997 0.000000 0.000000
											CHANNELS 3 Xrotation Yrotation Zrotation
											JOINT leftHandMiddle4
											{
												OFFSET 2.952896 0.000000 0.000000
												CHANNELS 3 Xrotation Yrotation Zrotation
												End Site
												{
													OFFSET 2.952904 0.000000 0.000165
												}
											}
										}
									}
								}
								JOINT leftRingProximal
								{
									OFFSET 9.104500 -0.042999 -1.865101
									CHANNELS 6 Xposition Yposition Zposition Xrotation Yrotation Zrotation
									JOINT leftRingIntermediate
									{
										OFFSET 3.149994 0.000000 0.000000
										CHANNELS 3 Xrotation Yrotation Zrotation
										JOINT leftRingDistal
										{
											OFFSET 2.950005 0.000000 0.000000
											CHANNELS 3 Xrotation Yrotation Zrotation
											JOINT leftHandRing4
											{
												OFFSET 2.644302 0.000000 0.000000
												CHANNELS 3 Xrotation Yrotation Zrotation
												End Site
												{
													OFFSET 2.644302 0.000000 0.000083
												}
											}
										}
									}
								}
								JOINT leftLittleProximal
								{
									OFFSET 8.077805 -0.486893 -3.806302
									CHANNELS 6 Xposition Yposition Zposition Xrotation Yrotation Zrotation
									JOINT leftLittleIntermediate
									{
										OFFSET 3.600006 0.000000 0.000000
										CHANNELS 3 Xrotation Yrotation Zrotation
										JOINT leftLittleDistal
										{
											OFFSET 2.099998 0.000000 0.000000
											CHANNELS 3 Xrotation Yrotation Zrotation
											JOINT leftHandPinky4
											{
												OFFSET 2.125496 0.000000 0.000000
												CHANNELS 3 Xrotation Yrotation Zrotation
												End Site
												{
													OFFSET 2.125504 0.000000 -0.001254
												}
											}
										}
									}
								}
							}
						}
					}
				}
			}
		}
	}
	JOINT rightUpperLeg
	{
		OFFSET -8.207800 -6.751701 -1.599544
		CHANNELS 6 Xposition Yposition Zposition Xrotation Yrotation Zrotation
		JOINT rightLowerLeg
		{
			OFFSET 0.000004 -44.370152 0.345934
			CHANNELS 3 Xrotation Yrotation Zrotation
			JOINT rightFoot
			{
				OFFSET 0.000004 -44.423664 -3.043535
				CHANNELS 3 Xrotation Yrotation Zrotation
				JOINT rightToes
				{
					OFFSET 0.000001 -8.728691 10.710592
					CHANNELS 3 Xrotation Yrotation Zrotation
					JOINT rightToesEnd
					{
						OFFSET 0.000000 -0.000665 9.278101
						CHANNELS 3 Xrotation Yrotation Zrotation
						End Site
						{
							OFFSET 0.000000 -0.000665 9.278103
						}
					}
				}
			}
		}
	}
	JOINT leftUpperLeg
	{
		OFFSET 8.207800 -6.751701 -1.599544
		CHANNELS 6 Xposition Yposition Zposition Xrotation Yrotation Zrotation
		JOINT leftLowerLeg
		{
			OFFSET 0.000004 -44.370037 0.346940
			CHANNELS 3 Xrotation Yrotation Zrotation
			JOINT leftFoot
			{
				OFFSET 0.000004 -44.423611 -3.044388
				CHANNELS 3 Xrotation Yrotation Zrotation
				JOINT leftToes
				{
					OFFSET 0.000001 -8.728690 10.710592
					CHANNELS 3 Xrotation Yrotation Zrotation
					JOINT leftToesEnd
					{
						OFFSET 0.000000 -0.000680 9.278101
						CHANNELS 3 Xrotation Yrotation Zrotation
						End Site
						{
							OFFSET 0.000000 -0.000680 9.278101
						}
					}
				}
			}
		}
	}
}
MOTION
Frames: 250
Frame Time: 0.033333
0.413967 100.914856 2.094302 -3.848792 -2.468475 -10.217456 -0.000003 10.181556 0.131524 -3.672119 -1.327746 10.340620 1.578554 -0.105516 2.612536 1.617823 -0.318585 2.555462 -0.000001 16.740351 -2.049019 5.166280 -0.384739 -6.163718 0.000000 9.617858 1.684972 -10.115695 -1.271487 0.432203 0.000000 22.037354 7.501075 -0.000001 0.000000 -0.000000 -4.569999 11.014858 -2.160838 0.583795 3.916615 12.369759 9.193192 1.384321 63.090013 -0.000008 27.890536 0.000029 16.730354 1.279573 0.205610 -2.464794 -1.573990 2.681906 -2.469558 -7.961322 -14.706582 4.211702 -22.742865 -4.094776 -2.646258 -1.527822 1.527813 -2.299842 6.597173 2.316562 -1.994613 -1.151581 1.151577 -0.000001 -0.000002 0.000003 -9.108295 -0.517867 2.259800 0.935364 -3.671406 21.908387 0.112440 -1.247900 10.296720 0.245717 -1.835636 15.247007 0.000001 0.000001 0.000002 -9.532494 0.000000 -0.000004 0.163028 -1.504614 13.437297 0.188868 -1.612751 13.357854 -3.162699 -4.823886 25.247470 -0.000000 0.000000 0.000003 -9.103599 -0.043102 -1.865106 0.496627 -2.596944 19.792587 0.130682 -1.344365 11.102723 -10.951866 -6.220783 18.545961 -0.000000 0.000001 0.000000 -8.076678 -0.486726 -3.806304 0.361246 -2.269109 14.900035 0.217044 -1.727090 14.324975 0.515164 -2.631113 22.153046 0.000001 0.000002 0.000000 4.570403 11.014686 -2.160814 0.556355 -6.275064 -11.192626 5.390215 7.719828 -78.407157 -0.000003 -21.689303 0.000005 15.300850 -6.739525 -1.843972 2.466089 -1.576229 2.681699 -3.713302 9.651981 14.316567 3.880036 7.580750 0.786043 2.647882 -1.528729 1.528749 -9.119492 3.896571 -3.155217 1.998917 -1.154095 1.154081 -0.000000 -0.000006 -0.000000 9.109294 -0.518013 2.259895 -0.144558 -0.129515 -10.695108 0.172996 1.536873 -12.845277 0.253184 1.853648 -15.555525 -0.000002 -0.000001 -0.000001 9.533399 0.000010 -0.000005 -0.016978 0.039796 -4.366192 0.210939 1.694649 -14.191010 0.300137 2.014687 -16.947009 0.000001 -0.000001 0.000002 9.104502 -0.042999 -1.865104 -0.138765 -0.118215 -10.547062 0.277319 1.938273 -16.285574 0.644753 2.914062 -24.948345 0.000002 0.000000 -0.000000 8.077805 -0.486882 -3.806308 1.124149 5.737884 -12.494840 0.186416 -2.446208 -13.962922 0.113297 1.246489 -10.387097 0.000002 -0.000002 -0.000002 -8.207801 -6.751707 -1.599543 -3.011951 -8.546897 10.059419 19.188554 -5.613122 1.032574 -10.958256 2.901982 -1.007298 -0.465668 0.000006 -0.000001 -0.000000 -0.000000 0.000000 8.207799 -6.751705 -1.599545 -14.644723 5.139535 13.220559 33.912654 7.660391 -0.783408 -16.550657 0.594229 -2.423609 0.466866 -0.000001 0.000109 -0.000000 -0.000001 0.000000 
0.409380 100.906097 2.058138 -3.867107 -2.421457 -10.229720 0.000001 10.181561 0.131525 -3.528302 -1.305085 10.344880 1.449920 -0.130297 2.610472 1.488164 -0.336378 2.556756 -0.000000 16.740368 -2.049016 5.232162 -0.382560 -6.164956 0.000000 9.617835 1.684977 -10.000030 -1.283747 0.441951 -0.000000 22.037399 7.501075 -0.000002 -0.000000 -0.000000 -4.570004 11.014890 -2.160836 0.579096 3.941058 12.406986 9.331366 1.392702 63.058239 -0.000008 27.878394 0.000012 16.679465 1.293386 0.227325 -2.464778 -1.573997 2.681911 -2.469552 -7.961328 -14.706620 4.211709 -22.742875 -4.094759 -2.646263 -1.527824 1.527816 -2.299850 6.597169 2.316548 -1.994601 -1.151578 1.151581 -0.000002 0.000000 0.000001 -9.108279 -0.517880 2.259803 0.935346 -3.671423 21.908373 0.112442 -1.247898 10.296707 0.245734 -1.835634 15.247021 0.000002 0.000004 0.000006 -9.532481 0.000004 0.000002 0.163012 -1.504625 13.437308 0.188870 -1.612754 13.357837 -3.162700 -4.823885 25.247437 -0.000003 0.000001 0.000007 -9.103594 -0.043101 -1.865104 0.496632 -2.596948 19.792577 0.130650 -1.344358 11.102726 -10.951847 -6.220787 18.545949 -0.000001 0.000001 -0.000001 -8.076674 -0.486723 -3.806299 0.361248 -2.269117 14.900022 0.217041 -1.727090 14.324978 0.515164 -2.631115 22.153053 -0.000005 0.000000 0.000003 4.570402 11.014668 -2.160812 0.554099 -6.275263 -11.213286 5.527834 7.813792 -78.401727 -0.000006 -21.650351 0.000011 15.182969 -6.755344 -1.807243 2.466095 -1.576208 2.681695 -3.713547 9.651191 14.316559 3.879799 7.580226 0.786036 2.647871 -1.528762 1.528753 -9.119493 3.895712 -3.156213 1.998909 -1.154093 1.154079 0.000002 -0.000002 -0.000000 9.109288 -0.518007 2.259899 -0.144547 -0.129516 -10.695096 0.173005 1.536874 -12.845270 0.253179 1.853651 -15.555518 -0.000000 -0.000001 -0.000004 9.533392 0.000007 -0.000001 -0.016990 0.039796 -4.366217 0.210937 1.694654 -14.191009 0.300150 2.014680 -16.946999 -0.000000 -0.000000 0.000001 9.104486 -0.042999 -1.865102 -0.138748 -0.118067 -10.547066 0.277342 1.938272 -16.285585 0.644743 2.914056 -24.948321 0.000000 0.000001 0.000002 8.077794 -0.486885 -3.806300 1.124154 5.737879 -12.494834 0.186425 -2.446212 -13.962895 0.113275 1.246480 -10.387132 0.000002 -0.000003 -0.000002 -8.207800 -6.751698 -1.599543 -3.034989 -8.548794 10.083255 19.238727 -5.666988 1.021082 -10.967063 2.901271 -0.999638 -0.465661 -0.000001 -0.000001 -0.000000 0.000000 0.000000 8.207797 -6.751697 -1.599542 -14.658711 5.099903 13.220806 33.925430 7.353070 -0.708799 -16.492556 0.582624 -2.398250 0.336790 0.000007 0.000080 -0.000000 -0.000002 0.000000 
0.406807 100.900864 2.027233 -3.888557 -2.398629 -10.235495 0.000000 10.181562 0.131525 -3.368845 -1.281159 10.349228 1.310442 -0.159308 2.608427 1.347490 -0.357852 2.558340 -0.000000 16.740368 -2.049025 5.297459 -0.375556 -6.164084 -0.000000 9.617852 1.684976 -9.871191 -1.286652 0.449488 0.000000 22.037354 7.501080 0.000001 0.000000 -0.000000 -4.570002 11.014883 -2.160842 0.577384 3.988778 12.431070 9.492989 1.405776 63.040986 -0.000011 27.882063 0.000054 16.590164 1.281758 0.278781 -2.464793 -1.573983 2.681908 -2.469563 -7.961330 -14.706625 4.211729 -22.742851 -4.094726 -2.646265 -1.527799 1.527821 -2.299851 6.597153 2.316527 -1.994606 -1.151583 1.151579 -0.000000 -0.000006 0.000003 -9.108301 -0.517882 2.259802 0.935341 -3.671426 21.908382 0.112446 -1.247894 10.296736 0.245718 -1.835635 15.247014 0.000001 0.000001 0.000000 -9.532489 0.000019 -0.000001 0.163054 -1.504777 13.438726 0.188887 -1.612766 13.357850 -3.162732 -4.823888 25.247453 -0.000003 0.000003 0.000004 -9.103591 -0.043099 -1.865103 0.496631 -2.596944 19.792604 0.130670 -1.344358 11.102689 -10.951860 -6.220781 18.545932 -0.000001 -0.000001 -0.000001 -8.076680 -0.486724 -3.806299 0.361245 -2.269119 14.900020 0.217051 -1.727096 14.324973 0.515170 -2.631117 22.153051 -0.000000 0.000001 -0.000000 4.570406 11.014668 -2.160817 0.553563 -6.273682 -11.221173 5.660832 7.927480 -78.436369 0.000007 -21.574061 0.000025 15.109417 -6.792675 -1.724895 2.466093 -1.576204 2.681697 -3.714180 9.649616 14.316559 3.880662 7.579007 0.786150 2.647899 -1.528750 1.528745 -9.119127 3.897024 -3.157066 1.998902 -1.154079 1.154076 -0.000002 0.000000 0.000003 9.109290 -0.518013 2.259902 -0.144553 -0.129521 -10.695109 0.172983 1.536866 -12.845267 0.253477 1.854703 -15.564623 -0.000001 -0.000001 -0.000004 9.533388 0.000005 0.000001 -0.017004 0.039791 -4.366227 0.210960 1.694646 -14.191036 0.300283 2.015176 -16.951368 0.000000 0.000001 -0.000001 9.104499 -0.042993 -1.865102 -0.138560 -0.116959 -10.546913 0.277347 1.938274 -16.285567 0.644741 2.914065 -24.948352 0.000002 -0.000001 -0.000002 8.077791 -0.486897 -3.806300 1.124132 5.737874 -12.494843 0.186553 -2.445751 -13.966846 0.113504 1.247760 -10.397880 0.000001 0.000000 0.000002 -8.207798 -6.751710 -1.599543 -3.049727 -8.538665 10.096006 19.274990 -5.709008 1.014967 -10.969457 2.900792 -0.994989 -0.465666 0.000001 0.000003 0.000000 0.000001 0.000000 8.207799 -6.751699 -1.599543 -14.665632 5.088384 13.226173 33.941652 7.182550 -0.676804 -16.476967 0.577642 -2.377325 0.306088 0.000005 0.000070 0.000000 -0.000000 0.000000 
0.400724 100.896683 1.998437 -3.912995 -2.402773 -10.244723 0.000002 10.181540 0.131523 -3.195525 -1.256274 10.353784 1.166304 -0.192535 2.606372 1.201972 -0.383044 2.560068 0.000000 16.740362 -2.049019 5.351083 -0.362429 -6.162675 0.000000 9.617846 1.684981 -9.739006 -1.269979 0.474419 -0.000000 22.037415 7.501070 0.000003 -0.000000 -0.000000 -4.569996 11.014877 -2.160839 0.577554 4.025084 12.427974 9.645485 1.431669 63.049360 0.000003 27.862964 0.000027 16.535393 1.307147 0.297905 -2.464793 -1.573987 2.681909 -2.469566 -7.961332 -14.706613 4.211724 -22.742867 -4.094747 -2.646261 -1.527810 1.527819 -2.299846 6.597169 2.316544 -1.994597 -1.151585 1.151572 -0.000002 -0.000003 -0.000000 -9.108309 -0.517883 2.259803 0.935339 -3.671431 21.908399 0.112423 -1.247884 10.296710 0.245866 -1.836137 15.251336 -0.000001 0.000002 0.000005 -9.532496 0.000004 -0.000001 0.163165 -1.505299 13.443009 0.188866 -1.612760 13.357844 -3.162300 -4.824725 25.252152 -0.000001 0.000002 0.000004 -9.103596 -0.043107 -1.865100 0.496863 -2.597546 19.797872 0.130671 -1.344363 11.102736 -10.951859 -6.220781 18.545965 -0.000003 0.000000 -0.000000 -8.076694 -0.486725 -3.806297 0.361233 -2.269133 14.900017 0.217051 -1.727085 14.324971 0.515181 -2.631131 22.153056 0.000001 0.000001 -0.000002 4.570404 11.014685 -2.160813 0.559293 -6.250879 -11.209605 5.797929 8.016333 -78.476886 -0.000011 -21.503230 -0.000003 15.035077 -6.852218 -1.672265 2.466093 -1.576194 2.681701 -3.714967 9.648359 14.316758 3.882538 7.577955 0.786435 2.647884 -1.528748 1.528752 -9.117958 3.906148 -3.154397 1.998902 -1.154091 1.154076 -0.000001 -0.000001 -0.000000 9.109292 -0.518010 2.259903 -0.144563 -0.128998 -10.699281 0.173252 1.538012 -12.854872 0.253963 1.856444 -15.579694 -0.000000 -0.000003 -0.000003 9.533401 0.000001 0.000001 -0.016993 0.040329 -4.370687 0.211192 1.695702 -14.200020 0.300751 2.016621 -16.963811 0.000002 -0.000001 -0.000001 9.104493 -0.042997 -1.865100 -0.138321 -0.114506 -10.555858 0.277537 1.938885 -16.290923 0.644955 2.914521 -24.952672 0.000000 0.000001 0.000004 8.077797 -0.486901 -3.806300 1.124141 5.737876 -12.494840 0.186866 -2.444447 -13.978049 0.113903 1.249865 -10.415674 -0.000001 -0.000005 -0.000001 -8.207798 -6.751701 -1.599544 -3.058179 -8.525339 10.115009 19.302700 -5.719424 1.003109 -10.967014 2.900787 -0.995083 -0.465653 -0.000003 0.000000 -0.000000 0.000001 -0.000000 8.207800 -6.751711 -1.599544 -14.673459 5.099529 13.248460 33.964598 7.132658 -0.676080 -16.473400 0.577213 -2.368790 0.305662 0.000009 0.000067 -0.000000 0.000001 0.000000 
0.399214 100.891251 1.963808 -3.956501 -2.370628 -10.240236 0.000001 10.181547 0.131523 -3.005703 -1.230175 10.357926 1.024019 -0.230308 2.604410 1.058140 -0.412334 2.561913 0.000001 16.740374 -2.049024 5.394398 -0.345372 -6.162043 0.000000 9.617874 1.684979 -9.610546 -1.243394 0.493506 0.000000 22.037369 7.501076 -0.000002 0.000000 -0.000000 -4.569997 11.014870 -2.160841 0.579990 4.029370 12.401520 9.818986 1.505192 63.068027 0.000005 27.844648 0.000041 16.554075 1.301505 0.381257 -2.464802 -1.574008 2.681912 -2.469546 -7.961313 -14.706599 4.211716 -22.742860 -4.094742 -2.646260 -1.527799 1.527817 -2.299299 6.594074 2.316131 -1.994587 -1.151579 1.151573 0.000000 -0.000003 0.000001 -9.108317 -0.517883 2.259805 0.935420 -3.671413 21.910706 0.112448 -1.247900 10.296718 0.246199 -1.837435 15.262316 -0.000000 -0.000002 0.000001 -9.532511 0.000018 0.000001 0.163327 -1.505923 13.448278 0.189127 -1.613827 13.366926 -3.161306 -4.826852 25.264067 0.000001 0.000002 0.000002 -9.103597 -0.043108 -1.865100 0.497212 -2.598320 19.804847 0.130737 -1.344736 11.105890 -10.951190 -6.222775 18.552156 -0.000001 0.000001 0.000001 -8.076695 -0.486728 -3.806297 0.361524 -2.269902 14.906864 0.217259 -1.727912 14.331864 0.515483 -2.631866 22.159710 0.000003 0.000000 0.000002 4.570405 11.014720 -2.160816 0.561428 -6.201807 -11.190701 5.949923 8.064241 -78.517369 0.000009 -21.440273 0.000003 15.003629 -6.911004 -1.610119 2.466080 -1.576205 2.681695 -3.715768 9.648540 14.317276 3.884637 7.578010 0.786894 2.647897 -1.528752 1.528748 -9.118139 3.917383 -3.144455 1.998920 -1.154082 1.154082 -0.000000 -0.000003 0.000002 9.109295 -0.518013 2.259897 -0.144588 -0.127699 -10.709882 0.173609 1.539571 -12.868266 0.254647 1.858885 -15.600620 0.000002 -0.000004 -0.000002 9.533386 0.000001 -0.000000 -0.016962 0.041697 -4.381933 0.211581 1.697161 -14.212528 0.301354 2.018602 -16.981085 -0.000000 -0.000001 -0.000000 9.104496 -0.043000 -1.865101 -0.138050 -0.111393 -10.568278 0.277745 1.939711 -16.297924 0.645546 2.915736 -24.963672 -0.000004 -0.000001 0.000001 8.077785 -0.486903 -3.806302 1.125137 5.738872 -12.504710 0.187305 -2.442610 -13.993594 0.114450 1.252793 -10.440345 -0.000002 -0.000001 -0.000001 -8.207799 -6.751701 -1.599544 -3.058515 -8.525064 10.114257 19.354401 -5.751663 0.994349 -10.977000 2.900271 -0.988582 -0.465665 0.000001 0.000002 0.000000 0.000001 0.000000 8.207798 -6.751684 -1.599547 -14.666346 5.099605 13.246265 33.996628 7.124330 -0.678706 -16.488000 0.579657 -2.359958 0.351997 -0.000005 0.000070 0.000000 -0.000001 0.000000 
0.400534 100.888908 1.925679 -4.024293 -2.333545 -10.239423 0.000000 10.181543 0.131524 -2.797549 -1.209027 10.362176 0.887416 -0.274771 2.599055 0.919780 -0.447755 2.560245 -0.000002 16.740376 -2.049019 5.418946 -0.324346 -6.153813 0.000000 9.617867 1.684983 -9.459065 -1.197114 0.508343 -0.000000 22.037354 7.501076 -0.000001 0.000000 -0.000000 -4.570003 11.014888 -2.160838 0.582710 4.001565 12.416907 9.993284 1.629833 63.015510 -0.000021 27.799017 0.000051 16.524149 1.273381 0.446840 -2.464791 -1.574000 2.681913 -2.469660 -7.961957 -14.706680 4.211824 -22.746623 -4.095043 -2.646276 -1.527785 1.527817 -2.297987 6.586637 2.315151 -1.994598 -1.151585 1.151577 -0.000001 -0.000003 -0.000000 -9.108308 -0.517883 2.259803 0.935452 -3.671219 21.916434 0.112491 -1.248201 10.299276 0.246655 -1.839074 15.276326 -0.000001 0.000001 0.000001 -9.532501 0.000033 0.000000 0.162817 -1.503940 13.455779 0.189467 -1.615204 13.378543 -3.158385 -4.828789 25.279459 -0.000002 0.000002 0.000006 -9.103601 -0.043100 -1.865100 0.497593 -2.599364 19.813907 0.130920 -1.345644 11.113441 -10.950320 -6.225292 18.559999 -0.000001 -0.000000 0.000001 -8.076680 -0.486710 -3.806296 0.361849 -2.270907 14.915475 0.217510 -1.728927 14.340564 0.515890 -2.632814 22.168093 0.000002 0.000002 0.000005 4.570400 11.014678 -2.160813 0.563442 -6.136699 -11.084118 6.102497 8.143515 -78.698239 0.000006 -21.342994 0.000027 15.049929 -7.000422 -1.558786 2.466093 -1.576209 2.681703 -3.716399 9.651277 14.318273 3.887149 7.579926 0.787458 2.647892 -1.528741 1.528756 -9.118355 3.931675 -3.131762 1.998917 -1.154094 1.154071 -0.000000 0.000003 -0.000000 9.109293 -0.518008 2.259906 -0.144605 -0.126026 -10.723401 0.174065 1.541581 -12.885320 0.255498 1.861977 -15.627302 -0.000004 -0.000000 0.000001 9.533393 0.000011 0.000003 -0.016961 0.043433 -4.396359 0.212052 1.699033 -14.228510 0.302127 2.021141 -17.003081 0.000002 -0.000003 -0.000005 9.104492 -0.043001 -1.865098 -0.137737 -0.107628 -10.584147 0.278054 1.940780 -16.307087 0.646238 2.917258 -24.977715 -0.000001 0.000001 0.000001 8.077793 -0.486885 -3.806296 1.126160 5.739055 -12.517450 0.187888 -2.440292 -14.013401 0.115134 1.256532 -10.471810 0.000002 -0.000001 0.000002 -8.207800 -6.751716 -1.599544 -3.021577 -8.540372 10.110233 19.386946 -5.780848 0.995205 -10.976600 2.900165 -0.987844 -0.465661 0.000003 -0.000002 -0.000000 -0.000000 -0.000000 8.207799 -6.751694 -1.599543 -14.634160 5.101581 13.232960 34.022593 7.192618 -0.669980 -16.501319 0.586304 -2.369246 0.413334 -0.000005 0.000101 -0.000000 0.000000 0.000000 
0.407707 100.884720 1.866833 -4.101153 -2.263875 -10.239711 0.000001 10.181554 0.131525 -2.569288 -1.190510 10.365185 0.761803 -0.342128 2.587928 0.792174 -0.505467 2.551986 -0.000002 16.740391 -2.049019 5.389040 -0.302466 -6.138448 -0.000000 9.617868 1.684979 -9.240763 -1.188812 0.572056 -0.000000 22.037369 7.501079 0.000000 0.000000 -0.000000 -4.570000 11.014874 -2.160841 0.579363 3.935479 12.404194 10.134331 1.781848 62.981509 -0.000023 27.726806 0.000057 16.449351 1.306237 0.544717 -2.464800 -1.574000 2.681910 -2.469873 -7.963730 -14.706603 4.211946 -22.751046 -4.095373 -2.646269 -1.527816 1.527820 -2.296404 6.577614 2.313943 -1.994597 -1.151585 1.151568 0.000002 -0.000001 -0.000000 -9.108298 -0.517886 2.259804 0.935529 -3.671056 21.923104 0.112632 -1.248924 10.305287 0.247193 -1.841070 15.293352 -0.000003 0.000002 0.000004 -9.532495 0.000017 0.000002 0.162237 -1.501582 13.464745 0.189844 -1.616877 13.392555 -3.152876 -4.830212 25.298329 -0.000004 0.000001 -0.000002 -9.103611 -0.043099 -1.865102 0.498098 -2.600596 19.824931 0.131136 -1.346726 11.122634 -10.949292 -6.228353 18.569560 -0.000000 -0.000000 -0.000003 -8.076694 -0.486728 -3.806299 0.361777 -2.270294 14.926216 0.217844 -1.730183 14.351192 0.516346 -2.633970 22.178348 -0.000004 0.000002 0.000003 4.570401 11.014668 -2.160815 0.567909 -5.972492 -10.841725 6.299077 8.195739 -79.023376 -0.000002 -21.277863 -0.000000 15.227019 -7.077165 -1.409965 2.466095 -1.576197 2.681705 -3.717146 9.660578 14.320374 3.890468 7.586836 0.788568 2.647891 -1.528737 1.528752 -9.118582 3.949007 -3.116358 1.998917 -1.154096 1.154084 0.000000 0.000003 -0.000000 9.109293 -0.518015 2.259901 -0.144633 -0.124019 -10.739783 0.174625 1.544000 -12.905971 0.256569 1.865737 -15.659614 -0.000000 -0.000005 -0.000006 9.533406 -0.000002 -0.000000 -0.016941 0.045552 -4.413791 0.212615 1.701278 -14.247831 0.303078 2.024210 -17.029752 -0.000001 0.000001 0.000002 9.104483 -0.042998 -1.865098 -0.137403 -0.103243 -10.603402 0.278444 1.942057 -16.318179 0.647100 2.919108 -24.994717 0.000000 0.000002 0.000002 8.077799 -0.486880 -3.806300 1.127100 5.737900 -12.533038 0.188579 -2.437486 -14.037412 0.115985 1.261047 -10.509919 -0.000001 0.000001 0.000001 -8.207799 -6.751714 -1.599542 -2.992034 -8.566097 10.103964 19.435472 -5.840700 0.998784 -10.973923 2.899508 -0.982504 -0.465657 -0.000002 -0.000001 0.000000 0.000000 0.000000 8.207800 -6.751695 -1.599541 -14.611697 5.085993 13.212076 34.057902 7.281107 -0.660793 -16.496172 0.591921 -2.375198 0.459113 -0.000009 0.000119 -0.000000 0.000000 0.000000 
0.407429 100.885101 1.797018 -4.129462 -2.245701 -10.236880 0.000002 10.181567 0.131526 -2.342006 -1.164115 10.367595 0.613372 -0.398156 2.588431 0.641818 -0.552086 2.556002 -0.000001 16.740370 -2.049016 5.353729 -0.293333 -6.149459 0.000000 9.617825 1.684975 -9.110095 -1.246975 0.601325 -0.000000 22.037369 7.501075 0.000002 0.000000 0.000000 -4.570006 11.014868 -2.160838 0.579607 3.830266 12.283058 10.270249 1.893636 63.074318 0.000009 27.666725 0.000011 16.533878 1.344158 0.533427 -2.464791 -1.574007 2.681908 -2.470082 -7.965657 -14.706429 4.212075 -22.756148 -4.095778 -2.646269 -1.527811 1.527820 -2.291289 6.567643 2.311896 -1.994591 -1.151581 1.151574 0.000003 -0.000007 0.000003 -9.108295 -0.517865 2.259804 0.935663 -3.670959 21.931032 0.112774 -1.249745 10.312194 0.247841 -1.843413 15.313255 -0.000004 0.000003 0.000006 -9.532491 0.000019 -0.000001 0.161621 -1.499068 13.475281 0.190279 -1.618845 13.409114 -3.146705 -4.831998 25.320339 -0.000001 0.000002 0.000003 -9.103585 -0.043103 -1.865101 0.497586 -2.599029 19.838199 0.131385 -1.348025 11.133383 -10.948088 -6.231959 18.580775 -0.000002 0.000001 0.000003 -8.076678 -0.486725 -3.806296 0.361693 -2.269593 14.938778 0.218232 -1.731652 14.363654 0.516874 -2.635323 22.190357 -0.000003 -0.000001 0.000003 4.570400 11.014683 -2.160813 0.571837 -5.803269 -10.639836 6.562723 8.288063 -79.326978 0.000009 -21.269192 -0.000010 15.240278 -7.202670 -1.330819 2.466093 -1.576213 2.681699 -3.716882 9.671683 14.322661 3.894998 7.594815 0.789836 2.647893 -1.528749 1.528747 -9.118831 3.969281 -3.098329 1.998932 -1.154075 1.154075 0.000001 0.000001 -0.000000 9.109286 -0.518014 2.259900 -0.144679 -0.121638 -10.758941 0.175281 1.546851 -12.930185 0.257798 1.870131 -15.697458 0.000001 -0.000002 -0.000004 9.533401 -0.000002 0.000001 -0.016925 0.048027 -4.434202 0.213299 1.703935 -14.270499 0.304173 2.027819 -17.060962 0.000001 0.000001 -0.000000 9.104486 -0.042998 -1.865099 -0.137025 -0.098227 -10.625940 0.278885 1.943557 -16.331204 0.648127 2.921292 -25.014632 0.000002 -0.000001 -0.000001 8.077787 -0.486898 -3.806299 1.128234 5.736768 -12.551237 0.189417 -2.434189 -14.065531 0.116972 1.266348 -10.554561 -0.000001 -0.000001 0.000002 -8.207797 -6.751688 -1.599543 -3.020239 -8.557333 10.110866 19.457293 -5.896356 0.987882 -10.943654 2.899439 -0.979876 -0.465651 0.000009 -0.000000 0.000000 0.000000 0.000000 8.207800 -6.751692 -1.599543 -14.639315 5.095350 13.215250 34.073587 7.353398 -0.680056 -16.474155 0.594472 -2.366780 0.505731 -0.000002 0.000129 0.000000 0.000000 0.000000 
0.407543 100.889946 1.734180 -4.137337 -2.240410 -10.217277 -0.000001 10.181540 0.131525 -2.117665 -1.138879 10.362620 0.437339 -0.455237 2.566283 0.463588 -0.598709 2.537591 -0.000001 16.740370 -2.049021 5.301863 -0.274475 -6.124175 0.000000 9.617841 1.684979 -8.919655 -1.238197 0.610179 -0.000000 22.037384 7.501070 -0.000001 -0.000000 -0.000000 -4.569999 11.014865 -2.160840 0.580480 3.719590 12.176322 10.449370 1.944222 63.234854 0.000001 27.598279 0.000028 16.533057 1.411414 0.490153 -2.464791 -1.573986 2.681906 -2.470312 -7.967744 -14.706203 4.213200 -22.762114 -4.096343 -2.646262 -1.527797 1.527821 -2.285513 6.556192 2.309521 -1.994590 -1.151573 1.151579 0.000001 -0.000005 -0.000000 -9.108298 -0.517886 2.259800 0.935844 -3.670924 21.940103 0.112940 -1.250700 10.320148 0.248589 -1.846096 15.336082 -0.000003 0.000001 0.000003 -9.532489 -0.000002 -0.000002 0.160837 -1.495940 13.487403 0.190854 -1.621090 13.427977 -3.139449 -4.833967 25.345620 -0.000000 0.000004 0.000003 -9.103593 -0.043121 -1.865107 0.497029 -2.597273 19.853379 0.131664 -1.349489 11.145720 -10.946670 -6.236072 18.593619 -0.000003 -0.000000 0.000001 -8.076675 -0.486724 -3.806299 0.361645 -2.268908 14.953171 0.218657 -1.733337 14.377926 0.517520 -2.636865 22.204101 -0.000001 0.000002 0.000002 4.570401 11.014688 -2.160815 0.574893 -5.642082 -10.390401 6.934262 8.403194 -79.644165 0.000000 -21.267780 0.000001 15.186760 -7.345011 -1.261276 2.466097 -1.576204 2.681698 -3.713185 9.684822 14.325167 3.900108 7.603991 0.791208 2.647897 -1.528768 1.528753 -9.119066 3.992468 -3.077639 1.998912 -1.154081 1.154079 0.000001 -0.000003 0.000002 9.109281 -0.518011 2.259902 -0.144742 -0.118935 -10.780894 0.176028 1.550109 -12.957823 0.259217 1.875145 -15.740757 0.000001 -0.000001 0.000000 9.533393 0.000001 0.000001 -0.017114 0.048164 -4.457887 0.214075 1.706959 -14.296367 0.305403 2.031934 -17.096705 0.000000 -0.000001 0.000002 9.104493 -0.042998 -1.865101 -0.136488 -0.091903 -10.651701 0.279379 1.945273 -16.346068 0.649281 2.923780 -25.037404 -0.000003 0.000001 0.000002 8.077789 -0.486884 -3.806299 1.129553 5.735640 -12.572046 0.190367 -2.430418 -14.097677 0.118081 1.272408 -10.605645 -0.000003 -0.000001 -0.000000 -8.207799 -6.751717 -1.599543 -3.059201 -8.563212 10.095639 19.464618 -5.920066 0.980879 -10.908014 2.898613 -0.983168 -0.465657 0.000012 -0.000002 -0.000000 0.000002 0.000000 8.207799 -6.751708 -1.599545 -14.663069 5.090338 13.195684 34.060958 7.447193 -0.705047 -16.436357 0.597054 -2.360272 0.540907 0.000003 0.000147 0.000000 -0.000001 0.000000 
0.407709 100.893044 1.669204 -4.095570 -2.234740 -10.217185 -0.000000 10.181547 0.131523 -1.894149 -1.115223 10.365534 0.239232 -0.518472 2.558410 0.263386 -0.651851 2.533146 -0.000002 16.740374 -2.049021 5.235115 -0.241835 -6.136715 0.000000 9.617857 1.684982 -8.711054 -1.193711 0.629722 0.000000 22.037369 7.501069 -0.000000 -0.000000 -0.000000 -4.570001 11.014896 -2.160841 0.578945 3.521666 11.926041 10.641396 2.018926 63.504681 -0.000009 27.547070 0.000047 16.510915 1.459771 0.484877 -2.464789 -1.574001 2.681906 -2.470548 -7.969974 -14.706026 4.215614 -22.768608 -4.097046 -2.646277 -1.527804 1.527815 -2.279166 6.543312 2.306906 -1.994590 -1.151585 1.151575 -0.000001 -0.000001 -0.000000 -9.108300 -0.517886 2.259801 0.936072 -3.670948 21.950324 0.113144 -1.251776 10.329119 0.249391 -1.849104 15.361731 0.000000 0.000001 0.000002 -9.532502 0.000000 -0.000004 0.159979 -1.492541 13.500983 0.191464 -1.623579 13.449242 -3.131380 -4.836232 25.374032 -0.000002 0.000001 -0.000001 -9.103592 -0.043109 -1.865104 0.496446 -2.595471 19.870441 0.131993 -1.351157 11.159558 -10.945119 -6.240721 18.608041 0.000001 -0.000001 -0.000000 -8.076683 -0.486724 -3.806301 0.361626 -2.268286 14.969331 0.219115 -1.735225 14.393968 0.518246 -2.638610 22.219553 -0.000003 0.000003 0.000003 4.570401 11.014675 -2.160816 0.577750 -5.487637 -10.312417 7.252676 8.560177 -79.823588 0.000005 -21.170171 0.000006 15.164663 -7.435303 -1.241462 2.466086 -1.576210 2.681695 -3.709093 9.699613 14.327744 3.905773 7.614331 0.792669 2.647898 -1.528760 1.528749 -9.119280 4.018489 -3.054490 1.998925 -1.154090 1.154084 0.000000 0.000005 -0.000000 9.109273 -0.518011 2.259901 -0.144789 -0.115914 -10.805541 0.176866 1.553768 -12.988921 0.260797 1.880788 -15.789377 -0.000000 -0.000002 -0.000003 9.533384 0.000012 -0.000000 -0.017331 0.048321 -4.484505 0.214922 1.710361 -14.325436 0.306841 2.036546 -17.136832 -0.000004 0.000000 -0.000002 9.104492 -0.042999 -1.865102 -0.135913 -0.084837 -10.680601 0.279953 1.947207 -16.362765 0.650601 2.926579 -25.063003 0.000000 -0.000001 0.000003 8.077791 -0.486887 -3.806303 1.130987 5.734113 -12.595421 0.191420 -2.426180 -14.133803 0.119378 1.279206 -10.663015 0.000003 -0.000001 0.000001 -8.207800 -6.751722 -1.599544 -3.141783 -8.568077 10.098637 19.456724 -5.947951 0.987041 -10.860056 2.897165 -0.995081 -0.465663 0.000006 0.000001 0.000000 0.000001 0.000000 8.207799 -6.751713 -1.599545 -14.751134 5.080094 13.203000 34.058769 7.474598 -0.725026 -16.396416 0.596866 -2.342958 0.565294 -0.000016 0.000152 0.000000 0.000000 0.000000 
0.414240 100.895966 1.603966 -3.996101 -2.201520 -10.230496 0.000002 10.181546 0.131524 -1.680953 -1.097656 10.371817 0.001121 -0.593100 2.554235 0.023207 -0.716356 2.532024 -0.000002 16.740370 -2.049025 5.181740 -0.203697 -6.110420 0.000000 9.617880 1.684979 -8.477072 -1.121543 0.699769 -0.000001 22.037369 7.501075 0.000002 -0.000000 -0.000000 -4.569999 11.014894 -2.160841 0.580343 3.300110 11.738511 10.870851 2.010196 63.784452 -0.000023 27.490781 0.000051 16.475258 1.557399 0.405082 -2.464800 -1.573992 2.681911 -2.470846 -7.972477 -14.705814 4.218194 -22.775872 -4.097808 -2.646258 -1.527816 1.527821 -2.271974 6.529057 2.303951 -1.994594 -1.151573 1.151571 0.000002 -0.000007 0.000001 -9.108313 -0.517884 2.259798 0.936334 -3.671017 21.961633 0.113365 -1.252974 10.339032 0.250313 -1.852449 15.390204 -0.000003 -0.000000 0.000001 -9.532501 0.000005 -0.000002 0.159015 -1.488672 13.516082 0.192118 -1.626370 13.472785 -3.122380 -4.838665 25.405517 0.000000 0.000002 0.000004 -9.103592 -0.043105 -1.865103 0.495753 -2.593303 19.889374 0.132364 -1.352990 11.174889 -10.943368 -6.245857 18.624053 -0.000000 -0.000001 0.000001 -8.076688 -0.486724 -3.806300 0.361586 -2.267557 14.987271 0.219663 -1.737332 14.411720 0.519024 -2.640547 22.236681 -0.000001 0.000001 -0.000001 4.570400 11.014702 -2.160816 0.580816 -5.265883 -10.083114 7.578292 8.763975 -80.189740 0.000006 -21.001799 0.000015 15.216620 -7.535252 -1.205332 2.466089 -1.576217 2.681700 -3.704417 9.716070 14.330309 3.912203 7.625768 0.794239 2.647881 -1.528740 1.528753 -9.119471 4.047307 -3.028751 1.998936 -1.154094 1.154078 0.000002 0.000004 0.000001 9.109281 -0.518011 2.259900 -0.144831 -0.112547 -10.832841 0.177803 1.557804 -13.023334 0.262567 1.887044 -15.843242 -0.000001 -0.000001 -0.000001 9.533395 0.000007 0.000002 -0.017550 0.048647 -4.513964 0.215887 1.714125 -14.357684 0.308429 2.041669 -17.181286 -0.000000 0.000000 0.000002 9.104493 -0.042999 -1.865101 -0.135241 -0.077168 -10.712657 0.280568 1.949352 -16.381273 0.652051 2.929666 -25.091321 -0.000002 -0.000001 -0.000002 8.077804 -0.486897 -3.806301 1.132612 5.732475 -12.621361 0.192606 -2.421495 -14.173802 0.120776 1.286729 -10.726550 -0.000001 -0.000002 -0.000003 -8.207796 -6.751711 -1.599544 -3.267982 -8.586052 10.109472 19.426521 -6.007007 1.011016 -10.798713 2.894797 -1.009825 -0.465658 -0.000005 0.000001 0.000000 -0.000000 -0.000000 8.207802 -6.751713 -1.599545 -14.907296 5.052164 13.218733 34.061491 7.470217 -0.739089 -16.354678 0.595422 -2.315486 0.592462 -0.000014 0.000170 0.000000 -0.000000 0.000000 
0.430239 100.897263 1.536285 -3.857373 -2.146452 -10.253160 0.000001 10.181553 0.131523 -1.474444 -1.085733 10.380050 -0.266938 -0.679306 2.551353 -0.246948 -0.792343 2.531801 -0.000002 16.740381 -2.049022 5.147546 -0.164038 -6.077201 0.000001 9.617821 1.684971 -8.256538 -1.026402 0.704621 -0.000000 22.037384 7.501071 0.000001 -0.000000 -0.000000 -4.570003 11.014853 -2.160842 0.581925 3.037953 11.535039 11.121153 1.964463 64.091176 -0.000024 27.413828 0.000075 16.274676 1.620600 0.310797 -2.464784 -1.574001 2.681908 -2.471180 -7.975423 -14.705676 4.220911 -22.783889 -4.098683 -2.646275 -1.527816 1.527814 -2.264171 6.513393 2.300737 -1.994602 -1.151586 1.151574 0.000001 -0.000005 0.000001 -9.108294 -0.517873 2.259800 0.936657 -3.671146 21.974056 0.113607 -1.254272 10.349952 0.251333 -1.856106 15.421420 -0.000000 0.000002 0.000003 -9.532490 0.000018 0.000000 0.157978 -1.484514 13.532609 0.192859 -1.629437 13.498633 -3.112502 -4.841368 25.440042 0.000002 0.000001 0.000002 -9.103598 -0.043104 -1.865101 0.494986 -2.590994 19.910128 0.132780 -1.355003 11.191758 -10.941453 -6.251496 18.641601 -0.000001 0.000000 -0.000002 -8.076680 -0.486729 -3.806301 0.361489 -2.266553 15.006948 0.220254 -1.739626 14.431220 0.519896 -2.642640 22.255500 -0.000002 0.000001 0.000005 4.570401 11.014677 -2.160817 0.582855 -5.050847 -9.850056 8.005686 9.046486 -80.598602 0.000009 -20.945222 0.000040 15.258040 -7.765415 -1.052199 2.466092 -1.576204 2.681701 -3.699282 9.734135 14.332802 3.919162 7.638300 0.795867 2.647878 -1.528762 1.528747 -9.119646 4.078838 -3.000597 1.998921 -1.154095 1.154076 0.000001 0.000001 0.000001 9.109282 -0.518014 2.259900 -0.144893 -0.108854 -10.862747 0.178832 1.562232 -13.061014 0.264504 1.893884 -15.902209 0.000002 -0.000003 -0.000004 9.533392 0.000008 0.000002 -0.017806 0.049023 -4.546216 0.216938 1.718243 -14.392971 0.310183 2.047283 -17.229979 0.000000 -0.000002 -0.000003 9.104498 -0.042995 -1.865099 -0.134490 -0.068596 -10.747740 0.281285 1.951699 -16.401533 0.653607 2.933038 -25.122372 -0.000001 -0.000001 -0.000002 8.077785 -0.486885 -3.806298 1.134364 5.730768 -12.649718 0.193909 -2.416353 -14.217618 0.122352 1.294980 -10.796129 -0.000001 -0.000001 0.000001 -8.207798 -6.751709 -1.599544 -3.422904 -8.648992 10.099347 19.392213 -6.056860 1.084148 -10.731462 2.890636 -1.047225 -0.465871 -0.000003 0.000001 0.000000 0.000000 0.000000 8.207801 -6.751698 -1.599544 -15.117796 5.016217 13.239687 34.076883 7.522494 -0.764464 -16.310755 0.592627 -2.285378 0.622776 -0.000008 0.000178 0.000000 0.000000 0.000000 
0.449404 100.910065 1.473295 -3.709651 -2.123354 -10.251206 0.000000 10.181558 0.131524 -1.270221 -1.069410 10.389253 -0.548582 -0.757377 2.547833 -0.530720 -0.860053 2.530913 -0.000001 16.740360 -2.049021 5.129587 -0.123989 -6.078507 0.000000 9.617825 1.684976 -8.039318 -0.949895 0.710483 -0.000000 22.037369 7.501080 -0.000002 0.000000 0.000000 -4.570001 11.014856 -2.160842 0.579442 2.775062 11.267636 11.346107 1.832967 64.495619 -0.000009 27.303432 0.000008 16.348485 1.665335 0.194002 -2.464786 -1.573985 2.681909 -2.471566 -7.978545 -14.705548 4.224729 -22.792666 -4.097732 -2.646272 -1.527811 1.527816 -2.255596 6.496408 2.297230 -1.994594 -1.151586 1.151579 -0.000000 -0.000003 0.000001 -9.108297 -0.517877 2.259803 0.937014 -3.671338 21.987513 0.113864 -1.255704 10.361782 0.252413 -1.860083 15.455303 -0.000001 0.000001 0.000002 -9.532490 0.000017 -0.000003 0.156838 -1.479927 13.550578 0.193651 -1.632754 13.526710 -3.101800 -4.844287 25.477565 -0.000001 0.000001 0.000003 -9.103597 -0.043099 -1.865101 0.494166 -2.588413 19.932661 0.133202 -1.357191 11.210093 -10.939040 -6.257478 18.660707 -0.000002 -0.000001 -0.000000 -8.076692 -0.486729 -3.806303 0.361408 -2.265590 15.028332 0.220908 -1.742105 14.452390 0.520824 -2.644955 22.275921 -0.000000 -0.000001 0.000003 4.570402 11.014666 -2.160817 0.584738 -4.836954 -9.696807 8.468407 9.371039 -80.971742 -0.000008 -20.950794 -0.000014 15.137197 -7.936664 -0.950652 2.466100 -1.576218 2.681700 -3.693659 9.753795 14.335237 3.926794 7.651885 0.797513 2.647890 -1.528734 1.528746 -9.119778 4.113068 -2.970010 1.998917 -1.154093 1.154073 0.000001 0.000003 0.000003 9.109312 -0.518016 2.259897 -0.144950 -0.104864 -10.895173 0.179944 1.567036 -13.101956 0.266644 1.901311 -15.966260 -0.000002 -0.000000 -0.000001 9.533419 0.000004 -0.000002 -0.018082 0.049264 -4.581235 0.218105 1.722718 -14.431273 0.312071 2.053366 -17.282779 0.000001 0.000000 -0.000003 9.104498 -0.042996 -1.865102 -0.133664 -0.059347 -10.785793 0.282002 1.954242 -16.423514 0.655356 2.936714 -25.156067 0.000001 -0.000000 -0.000001 8.077802 -0.486894 -3.806303 1.136274 5.728790 -12.680536 0.195326 -2.410783 -14.265153 0.124058 1.303924 -10.871645 0.000001 0.000001 0.000000 -8.207800 -6.751683 -1.599543 -3.573085 -8.687066 10.073548 19.311137 -6.051983 1.129339 -10.639730 2.888031 -1.075594 -0.489226 0.000000 0.000001 0.000000 -0.000001 0.000000 8.207799 -6.751698 -1.599546 -15.295370 4.971488 13.224383 34.037582 7.606493 -0.795093 -16.256163 0.587256 -2.257069 0.678327 -0.000005 0.000197 -0.000000 0.000002 0.000000 
0.467958 100.931656 1.424136 -3.576670 -2.166512 -10.228347 0.000002 10.181537 0.131522 -1.061710 -1.044462 10.398738 -0.825653 -0.816256 2.542491 -0.810012 -0.908445 2.528157 -0.000002 16.740353 -2.049026 5.104217 -0.081116 -6.093058 0.000000 9.617867 1.684972 -7.755752 -0.870501 0.794099 0.000000 22.037369 7.501074 0.000002 -0.000000 -0.000000 -4.569998 11.014873 -2.160843 0.578375 2.551523 11.079310 11.684115 1.715240 64.759974 -0.000022 27.338783 0.000049 16.287295 1.685474 0.069887 -2.464795 -1.573996 2.681910 -2.471928 -7.981768 -14.705385 4.228973 -22.802155 -4.096723 -2.646280 -1.527799 1.527817 -2.246214 6.477913 2.295094 -1.994598 -1.151584 1.151577 0.000004 -0.000006 -0.000000 -9.108303 -0.517864 2.259803 0.937370 -3.671449 22.002087 0.114131 -1.257219 10.374543 0.253618 -1.864380 15.491844 -0.000001 0.000001 -0.000002 -9.532498 0.000020 0.000001 0.155578 -1.475026 13.569984 0.194516 -1.636334 13.556964 -3.090243 -4.847409 25.518046 0.000001 -0.000000 0.000004 -9.103608 -0.043087 -1.865100 0.493262 -2.585709 19.956997 0.133679 -1.359544 11.229818 -10.935884 -6.263782 18.681365 0.000000 -0.000000 -0.000003 -8.076683 -0.486729 -3.806295 0.361298 -2.264575 15.051379 0.221614 -1.744812 14.475234 0.521861 -2.647430 22.297935 -0.000003 0.000000 0.000002 4.570399 11.014657 -2.160818 0.585920 -4.644060 -9.554876 8.954947 9.700223 -81.305438 -0.000005 -20.966118 -0.000011 15.025443 -8.057924 -0.986723 2.466104 -1.576208 2.681706 -3.687429 9.775167 14.336784 3.935043 7.666558 0.799220 2.647894 -1.528738 1.528744 -9.119852 4.149883 -2.937080 1.998921 -1.154094 1.154071 -0.000000 -0.000001 0.000001 9.109300 -0.518012 2.259902 -0.145012 -0.100547 -10.930122 0.181161 1.572199 -13.146030 0.268915 1.909286 -16.035187 -0.000001 -0.000001 -0.000003 9.533392 0.000009 0.000005 -0.018392 0.049657 -4.618937 0.219352 1.727535 -14.472503 0.314090 2.059897 -17.339694 -0.000002 -0.000003 -0.000000 9.104497 -0.043000 -1.865097 -0.132812 -0.049433 -10.826821 0.282840 1.956969 -16.447203 0.657201 2.940657 -25.192335 -0.000001 0.000001 -0.000003 8.077805 -0.486889 -3.806298 1.138302 5.726743 -12.713677 0.196884 -2.404801 -14.316380 0.125913 1.313560 -10.952974 -0.000002 -0.000001 -0.000000 -8.207800 -6.751721 -1.599544 -3.699172 -8.697354 10.038149 19.200043 -5.999213 1.144156 -10.536581 2.887023 -1.095127 -0.498794 0.000009 -0.000002 0.000000 0.000001 0.000000 8.207800 -6.751710 -1.599543 -15.412146 4.931251 13.184073 33.951638 7.760347 -0.839014 -16.187755 0.586913 -2.241746 0.723150 -0.000009 0.000211 -0.000000 0.000000 0.000000 
0.491488 100.954735 1.387463 -3.466003 -2.239125 -10.196506 0.000002 10.181563 0.131525 -0.840628 -1.017920 10.407224 -1.083020 -0.876176 2.535178 -1.069673 -0.957783 2.522901 -0.000001 16.740356 -2.049020 5.069386 -0.037692 -6.102789 0.000000 9.617871 1.684972 -7.531595 -0.755992 0.815665 0.000000 22.037369 7.501076 0.000002 0.000000 -0.000000 -4.569998 11.014853 -2.160839 0.577401 2.303440 10.890167 12.024703 1.709993 64.941193 0.000002 27.424789 0.000005 16.261868 1.705352 0.010522 -2.464783 -1.574004 2.681919 -2.472375 -7.985373 -14.705305 4.233428 -22.812306 -4.095700 -2.646263 -1.527802 1.527815 -2.236153 6.458090 2.292820 -1.994594 -1.151567 1.151576 0.000001 -0.000003 0.000001 -9.108287 -0.517881 2.259809 0.937670 -3.671377 22.017619 0.114444 -1.258869 10.388243 0.254897 -1.868971 15.530996 -0.000002 0.000002 0.000000 -9.532502 0.000013 0.000005 0.154264 -1.469762 13.590721 0.195426 -1.640172 13.589421 -3.077862 -4.850732 25.561351 -0.000001 -0.000001 -0.000002 -9.103601 -0.043105 -1.865093 0.492294 -2.582771 19.983009 0.134170 -1.362068 11.250977 -10.932548 -6.270542 18.703510 0.000000 -0.000001 0.000001 -8.076682 -0.486727 -3.806292 0.361198 -2.263379 15.076063 0.222336 -1.747701 14.499703 0.522948 -2.650089 22.321548 0.000001 0.000001 0.000001 4.570403 11.014672 -2.160815 0.587423 -4.450851 -9.475306 9.432896 9.980922 -81.532077 -0.000008 -21.000361 -0.000005 14.862331 -8.176425 -0.944884 2.466089 -1.576217 2.681701 -3.680588 9.798183 14.337593 3.943844 7.682250 0.800894 2.647899 -1.528749 1.528754 -9.119873 4.189266 -2.901821 1.998932 -1.154089 1.154073 -0.000002 -0.000005 -0.000000 9.109300 -0.518011 2.259904 -0.145185 -0.096527 -10.967583 0.182452 1.577743 -13.193178 0.271382 1.917821 -16.108967 -0.000003 -0.000000 0.000000 9.533382 0.000005 0.000003 -0.018726 0.049993 -4.659293 0.220691 1.732696 -14.516642 0.316298 2.066898 -17.400542 0.000000 -0.000001 -0.000001 9.104492 -0.042999 -1.865098 -0.131844 -0.038763 -10.870659 0.283702 1.959908 -16.472524 0.659197 2.944888 -25.231118 -0.000001 -0.000001 -0.000002 8.077793 -0.486883 -3.806298 1.140505 5.724467 -12.749173 0.198488 -2.398382 -14.371147 0.127924 1.323868 -11.039982 -0.000001 -0.000000 0.000002 -8.207798 -6.751697 -1.599542 -3.800905 -8.699642 9.991827 19.091195 -5.913266 1.146939 -10.440491 2.888006 -1.107360 -0.500178 -0.000003 -0.000001 0.000000 0.000001 0.000000 8.207796 -6.751681 -1.599542 -15.484869 4.891531 13.126147 33.855414 7.964361 -0.884578 -16.123056 0.586848 -2.237225 0.760793 -0.000003 0.000220 0.000000 0.000001 0.000000 
0.518290 100.976929 1.357716 -3.381261 -2.295899 -10.155479 0.000001 10.181558 0.131525 -0.615429 -0.993527 10.414259 -1.336512 -0.948823 2.519043 -1.325501 -1.019782 2.508221 0.000001 16.740385 -2.049023 5.054060 0.004563 -6.117723 0.000000 9.617848 1.684977 -7.353414 -0.643355 0.807462 0.000000 22.037369 7.501075 0.000002 0.000000 -0.000000 -4.570003 11.014877 -2.160842 0.573459 2.019584 10.641539 12.357874 1.744997 65.163215 -0.000005 27.516624 0.000009 16.247437 1.711739 -0.011072 -2.464782 -1.573998 2.681909 -2.472852 -7.989179 -14.705192 4.238126 -22.823116 -4.094709 -2.646277 -1.527802 1.527817 -2.225473 6.436967 2.290349 -1.994594 -1.151583 1.151574 -0.000000 -0.000002 0.000001 -9.108292 -0.517872 2.259803 0.937993 -3.671357 22.034230 0.114785 -1.260612 10.402802 0.256250 -1.873857 15.572732 -0.000001 0.000000 -0.000001 -9.532482 0.000016 0.000000 0.152826 -1.464133 13.612824 0.196424 -1.644254 13.623919 -3.064679 -4.854266 25.607540 -0.000004 -0.000000 0.000002 -9.103585 -0.043100 -1.865103 0.491261 -2.579655 20.010735 0.134707 -1.364764 11.273482 -10.929045 -6.277751 18.727074 -0.000001 0.000001 0.000006 -8.076676 -0.486730 -3.806299 0.361093 -2.262206 15.102349 0.223130 -1.750772 14.525751 0.524101 -2.652920 22.346690 -0.000002 0.000002 0.000005 4.570402 11.014693 -2.160815 0.588457 -4.296676 -9.413971 9.893047 10.269204 -81.724013 0.000010 -20.994398 -0.000004 14.713566 -8.323320 -0.896915 2.466077 -1.576215 2.681704 -3.673389 9.822678 14.338521 3.953261 7.698952 0.802567 2.647886 -1.528750 1.528749 -9.119822 4.231134 -2.864302 1.998901 -1.154078 1.154067 -0.000002 0.000000 0.000004 9.109289 -0.518011 2.259902 -0.145542 -0.092944 -11.007525 0.183847 1.583638 -13.243320 0.274017 1.926914 -16.187453 0.000001 0.000001 -0.000000 9.533390 0.000011 0.000003 -0.019095 0.050393 -4.702213 0.222104 1.738164 -14.563591 0.318629 2.074342 -17.465323 0.000000 -0.000000 -0.000002 9.104484 -0.042999 -1.865096 -0.130834 -0.027459 -10.917370 0.284625 1.963025 -16.499488 0.661330 2.949383 -25.272417 0.000000 0.000002 0.000002 8.077796 -0.486898 -3.806295 1.142783 5.722126 -12.786929 0.200258 -2.391557 -14.429437 0.130061 1.334821 -11.132581 0.000001 -0.000002 0.000001 -8.207795 -6.751709 -1.599545 -3.878743 -8.700755 9.936498 18.997802 -5.838049 1.141398 -10.359419 2.888727 -1.108129 -0.496637 -0.000006 0.000002 0.000000 -0.000001 -0.000000 8.207801 -6.751692 -1.599546 -15.529275 4.863794 13.056097 33.771075 8.241886 -0.943148 -16.096347 0.591676 -2.235897 0.865185 -0.000000 0.000232 -0.000000 0.000000 0.000000 
0.544868 100.990417 1.332804 -3.293568 -2.339104 -10.116285 0.000000 10.181551 0.131524 -0.393089 -0.976333 10.418422 -1.598858 -1.029644 2.498837 -1.590146 -1.090028 2.488978 -0.000000 16.740355 -2.049022 5.056652 0.046779 -6.128942 -0.000000 9.617861 1.684978 -7.154642 -0.549021 0.803454 -0.000000 22.037354 7.501073 0.000002 -0.000000 -0.000000 -4.569999 11.014886 -2.160841 0.569315 1.776989 10.432702 12.685649 1.735170 65.360935 -0.000019 27.590423 0.000078 16.184502 1.746107 -0.105359 -2.464789 -1.574003 2.681908 -2.473342 -7.993190 -14.705138 4.243157 -22.834593 -4.093649 -2.646267 -1.527809 1.527817 -2.214134 6.414599 2.287693 -1.994601 -1.151582 1.151578 0.000001 -0.000002 0.000001 -9.108299 -0.517872 2.259802 0.938383 -3.671366 22.051829 0.115099 -1.262460 10.418242 0.257699 -1.879041 15.616958 -0.000000 0.000001 0.000001 -9.532493 0.000017 -0.000002 0.151321 -1.458199 13.636274 0.197461 -1.648586 13.660536 -3.050711 -4.857993 25.656516 -0.000002 0.000001 0.000002 -9.103593 -0.043108 -1.865102 0.490165 -2.576340 20.040166 0.135272 -1.367615 11.297344 -10.925365 -6.285389 18.752057 0.000002 0.000001 -0.000002 -8.076687 -0.486727 -3.806300 0.360946 -2.260884 15.130250 0.223979 -1.754042 14.553395 0.525344 -2.655900 22.373313 -0.000000 0.000001 0.000000 4.570401 11.014671 -2.160815 0.589112 -4.174778 -9.360992 10.348834 10.584651 -81.898025 -0.000000 -21.006508 0.000018 14.575154 -8.422449 -0.862847 2.466098 -1.576212 2.681698 -3.665725 9.848591 14.339496 3.963288 7.716643 0.804194 2.647879 -1.528754 1.528744 -9.119738 4.275477 -2.824550 1.998925 -1.154094 1.154087 -0.000000 0.000003 -0.000000 9.109306 -0.518014 2.259901 -0.145847 -0.089140 -11.049790 0.185275 1.589861 -13.296439 0.276846 1.936539 -16.270528 0.000002 0.000002 0.000003 9.533398 0.000005 0.000001 -0.019466 0.050756 -4.747659 0.223601 1.743971 -14.613323 0.321144 2.082241 -17.533898 0.000002 -0.000002 -0.000001 9.104501 -0.043002 -1.865101 -0.129712 -0.015444 -10.966746 0.285604 1.966315 -16.528021 0.663573 2.954138 -25.316146 0.000000 0.000000 -0.000002 8.077805 -0.486888 -3.806300 1.145240 5.719596 -12.826915 0.202103 -2.384334 -14.491167 0.132371 1.346431 -11.230582 0.000003 -0.000001 -0.000001 -8.207799 -6.751708 -1.599543 -3.977766 -8.715185 9.876196 18.954671 -5.777734 1.144939 -10.307865 2.889662 -1.108331 -0.484331 -0.000000 0.000001 -0.000000 -0.000002 -0.000000 8.207802 -6.751688 -1.599543 -15.599317 4.860787 13.008645 33.723970 8.489760 -1.020803 -16.090413 0.594685 -2.218424 0.969362 0.000009 0.000228 0.000000 0.000003 0.000000 
0.569180 100.998154 1.318299 -3.225819 -2.365866 -10.085346 0.000002 10.181537 0.131525 -0.164188 -0.963931 10.425915 -1.847397 -1.120714 2.484571 -1.841006 -1.170645 2.475338 -0.000002 16.740360 -2.049021 5.054874 0.089654 -6.142976 -0.000000 9.617860 1.684979 -6.947066 -0.458952 0.780878 0.000000 22.037369 7.501069 -0.000000 -0.000000 -0.000000 -4.570000 11.014853 -2.160843 0.565411 1.568255 10.258998 12.990623 1.719814 65.522708 0.000004 27.674969 0.000053 16.123164 1.724607 -0.213321 -2.464777 -1.574002 2.681908 -2.473352 -7.997533 -14.705087 4.248431 -22.846713 -4.092426 -2.646278 -1.527817 1.527818 -2.202135 6.390981 2.284841 -1.994587 -1.151584 1.151574 -0.000001 -0.000001 0.000001 -9.108286 -0.517883 2.259803 0.938797 -3.671435 22.070370 0.115466 -1.264409 10.434565 0.259234 -1.884521 15.663637 -0.000001 0.000002 0.000003 -9.532488 0.000015 -0.000002 0.149693 -1.451930 13.661019 0.198595 -1.653151 13.699192 -3.035939 -4.861904 25.708224 -0.000002 0.000003 0.000003 -9.103580 -0.043104 -1.865101 0.488991 -2.572831 20.071201 0.135887 -1.370622 11.322563 -10.921498 -6.293474 18.778427 0.000002 0.000001 -0.000002 -8.076679 -0.486729 -3.806299 0.360818 -2.259540 15.159658 0.224888 -1.757461 14.582589 0.526631 -2.659073 22.401439 0.000002 -0.000000 0.000000 4.570400 11.014660 -2.160817 0.589627 -4.047399 -9.303535 10.778708 10.868994 -82.052818 -0.000016 -21.027385 -0.000013 14.486597 -8.514627 -0.822028 2.466094 -1.576203 2.681702 -3.657638 9.875945 14.340471 3.973816 7.735312 0.805779 2.647893 -1.528753 1.528741 -9.119547 4.322168 -2.782634 1.998928 -1.154094 1.154078 -0.000000 -0.000001 0.000001 9.109288 -0.518017 2.259902 -0.146204 -0.085059 -11.094357 0.186848 1.596438 -13.352431 0.279793 1.946669 -16.358144 -0.000001 0.000002 0.000000 9.533392 0.000007 -0.000000 -0.019866 0.051215 -4.795572 0.225214 1.750078 -14.665714 0.323740 2.090541 -17.606187 0.000000 0.000001 0.000001 9.104495 -0.043000 -1.865098 -0.128537 -0.002820 -11.018850 0.286634 1.969802 -16.558120 0.665940 2.959158 -25.362219 -0.000001 -0.000001 -0.000001 8.077808 -0.486881 -3.806300 1.147806 5.716936 -12.869027 0.204069 -2.376728 -14.556236 0.134820 1.358655 -11.333963 -0.000003 -0.000001 -0.000000 -8.207797 -6.751726 -1.599543 -4.057902 -8.733597 9.820020 18.938315 -5.729042 1.157399 -10.279534 2.890518 -1.109404 -0.474050 0.000004 0.000001 0.000000 -0.000001 -0.000000 8.207802 -6.751718 -1.599544 -15.656238 4.861296 12.976480 33.699095 8.669371 -1.092233 -16.095266 0.596855 -2.195045 1.050366 0.000018 0.000237 -0.000000 0.000000 0.000000 
0.592798 101.002647 1.311108 -3.156847 -2.399744 -10.060284 0.000002 10.181540 0.131523 0.053401 -0.948134 10.435335 -2.110957 -1.201395 2.472306 -2.106851 -1.240959 2.463268 0.000002 16.740389 -2.049021 5.074774 0.132432 -6.163498 0.000000 9.617839 1.684980 -6.693305 -0.367173 0.737395 0.000001 22.037369 7.501074 -0.000001 0.000000 -0.000000 -4.570004 11.014874 -2.160842 0.559629 1.368708 10.069001 13.319944 1.727704 65.655678 -0.000010 27.753900 0.000051 16.082164 1.728694 -0.103876 -2.464781 -1.573998 2.681911 -2.472754 -8.002131 -14.705071 4.254073 -22.859434 -4.091128 -2.646260 -1.527809 1.527816 -2.189553 6.366128 2.281961 -1.994594 -1.151585 1.151573 -0.000001 -0.000005 0.000001 -9.108289 -0.517888 2.259805 0.939234 -3.671485 22.089890 0.115861 -1.266468 10.451691 0.260834 -1.890261 15.712737 0.000000 0.000002 0.000002 -9.532486 0.000013 0.000001 0.147984 -1.445324 13.687049 0.199771 -1.657960 13.739854 -3.020439 -4.865999 25.762575 -0.000001 -0.000000 0.000002 -9.103584 -0.043103 -1.865099 0.487737 -2.569175 20.103880 0.136521 -1.373795 11.349065 -10.917440 -6.301969 18.806161 -0.000002 0.000000 0.000001 -8.076668 -0.486732 -3.806297 0.360682 -2.258079 15.190611 0.225794 -1.761085 14.613260 0.528008 -2.662397 22.431046 -0.000000 0.000000 -0.000001 4.570401 11.014699 -2.160816 0.592897 -3.964214 -9.292522 11.146097 11.157976 -82.190023 0.000004 -20.967216 0.000002 14.489480 -8.596942 -0.786922 2.466082 -1.576204 2.681695 -3.649147 9.904654 14.341534 3.984961 7.754940 0.807350 2.647899 -1.528749 1.528752 -9.118588 4.371052 -2.738490 1.998928 -1.154096 1.154075 -0.000001 -0.000004 -0.000002 9.109269 -0.518013 2.259899 -0.146551 -0.080773 -11.141186 0.188505 1.603344 -13.411257 0.282952 1.957320 -16.450167 -0.000000 -0.000003 -0.000003 9.533389 0.000010 -0.000003 -0.020282 0.051637 -4.845897 0.226888 1.756497 -14.720772 0.326534 2.099262 -17.682127 0.000002 -0.000003 -0.000001 9.104481 -0.042997 -1.865102 -0.127246 0.010468 -11.073568 0.287718 1.973438 -16.589742 0.668453 2.964428 -25.410646 -0.000001 0.000001 0.000003 8.077785 -0.486883 -3.806305 1.150512 5.714135 -12.913326 0.206154 -2.368738 -14.624591 0.137410 1.371484 -11.442511 0.000000 -0.000001 -0.000000 -8.207799 -6.751714 -1.599544 -4.140986 -8.751094 9.769605 18.934799 -5.673922 1.168853 -10.261785 2.891284 -1.109783 -0.471308 -0.000001 -0.000002 -0.000000 -0.000001 -0.000000 8.207802 -6.751713 -1.599546 -15.714310 4.862322 12.952445 33.679000 8.780673 -1.150191 -16.090672 0.597102 -2.169162 1.084377 0.000006 0.000237 0.000000 0.000000 0.000000 
0.613777 101.010201 1.313853 -3.097488 -2.435067 -10.043519 0.000003 10.181543 0.131522 0.268514 -0.930378 10.446925 -2.369950 -1.276279 2.462324 -2.368142 -1.305569 2.453033 -0.000002 16.740355 -2.049017 5.095760 0.174857 -6.166856 0.000000 9.617851 1.684973 -6.438209 -0.282886 0.693013 -0.000000 22.037399 7.501067 -0.000003 0.000000 0.000000 -4.569999 11.014853 -2.160836 0.556996 1.156811 9.933966 13.624341 1.735646 65.721822 -0.000021 27.798858 0.000017 16.159601 1.793924 -0.120038 -2.464803 -1.573994 2.681909 -2.472107 -8.006975 -14.705052 4.259928 -22.872791 -4.089816 -2.646272 -1.527803 1.527819 -2.176376 6.340071 2.278975 -1.994594 -1.151582 1.151577 0.000000 -0.000005 0.000001 -9.108316 -0.517882 2.259801 0.939666 -3.671435 22.110369 0.116230 -1.268610 10.469666 0.262542 -1.896300 15.764201 -0.000003 0.000001 0.000001 -9.532501 -0.000000 -0.000000 0.146212 -1.438404 13.714310 0.200999 -1.663013 13.782439 -3.004167 -4.870256 25.819578 -0.000003 0.000002 0.000000 -9.103610 -0.043103 -1.865103 0.486444 -2.565321 20.138077 0.137188 -1.377103 11.376895 -10.913207 -6.310890 18.835237 0.000001 -0.000000 0.000001 -8.076688 -0.486726 -3.806296 0.360540 -2.256590 15.223039 0.226810 -1.764867 14.645427 0.529441 -2.665889 22.462044 0.000001 0.000000 0.000000 4.570401 11.014676 -2.160810 0.590364 -3.882169 -9.242319 11.502415 11.396936 -82.360497 -0.000003 -20.912009 0.000001 14.517256 -8.705308 -0.791784 2.466090 -1.576204 2.681695 -3.640273 9.934715 14.342619 3.996807 7.775556 0.807858 2.647889 -1.528752 1.528749 -9.117623 4.422204 -2.692235 1.998928 -1.154093 1.154075 0.000000 0.000001 0.000001 9.109282 -0.518016 2.259897 -0.146905 -0.076238 -11.190162 0.190238 1.610572 -13.472809 0.286226 1.968440 -16.546478 0.000002 0.000001 0.000001 9.533395 -0.000003 -0.000003 -0.020726 0.052126 -4.898589 0.228653 1.763215 -14.778409 0.329455 2.108387 -17.761603 0.000001 -0.000001 -0.000004 9.104492 -0.043000 -1.865107 -0.125915 0.024374 -11.130859 0.288861 1.977269 -16.622809 0.671076 2.969930 -25.461330 0.000002 -0.000000 -0.000002 8.077794 -0.486895 -3.806304 1.153311 5.711212 -12.959637 0.208351 -2.360381 -14.696096 0.140129 1.384920 -11.556147 0.000001 -0.000001 0.000001 -8.207800 -6.751719 -1.599545 -4.191195 -8.766452 9.733035 18.901440 -5.616850 1.176750 -10.236328 2.892089 -1.110544 -0.468569 -0.000001 0.000001 0.000000 0.000001 0.000000 8.207799 -6.751710 -1.599545 -15.749887 4.861736 12.928620 33.643056 8.844194 -1.180456 -16.077019 0.597342 -2.151580 1.093156 0.000006 0.000222 -0.000000 0.000000 0.000000 
0.630100 101.020760 1.327662 -3.037962 -2.469114 -10.043108 -0.000001 10.181552 0.131524 0.473966 -0.910343 10.460891 -2.635773 -1.345762 2.452706 -2.636222 -1.364892 2.442605 0.000001 16.740381 -2.049016 5.142222 0.214401 -6.155646 0.000000 9.617851 1.684984 -6.201799 -0.192181 0.718539 0.000000 22.037384 7.501070 -0.000001 0.000001 -0.000000 -4.570003 11.014894 -2.160836 0.554421 0.947331 9.808295 13.925174 1.716408 65.806106 -0.000016 27.869296 0.000078 16.029399 1.687923 -0.212848 -2.464787 -1.574003 2.681913 -2.471476 -8.012035 -14.704858 4.265994 -22.886736 -4.088474 -2.646260 -1.527795 1.527820 -2.162552 6.312854 2.275784 -1.994594 -1.151570 1.151570 0.000001 -0.000002 0.000001 -9.108305 -0.517865 2.259806 0.940115 -3.671435 22.131775 0.116663 -1.270867 10.488460 0.264307 -1.902604 15.817987 -0.000002 0.000002 0.000005 -9.532495 0.000020 0.000003 0.144340 -1.431182 13.742826 0.202298 -1.668266 13.827001 -2.987181 -4.874675 25.879124 -0.000002 0.000001 0.000002 -9.103589 -0.043108 -1.865099 0.485081 -2.561287 20.173848 0.137897 -1.380577 11.405893 -10.908816 -6.320225 18.865640 0.000002 -0.000001 -0.000002 -8.076689 -0.486728 -3.806295 0.360368 -2.254998 15.256973 0.227848 -1.768814 14.679038 0.530957 -2.669522 22.494446 0.000001 -0.000000 0.000002 4.570404 11.014688 -2.160810 0.589984 -3.807105 -9.178261 11.865674 11.598223 -82.541552 0.000003 -20.876781 0.000005 14.556839 -8.766634 -0.789981 2.466089 -1.576192 2.681696 -3.631039 9.966097 14.343797 4.009210 7.797061 0.808456 2.647887 -1.528748 1.528750 -9.116734 4.475630 -2.644008 1.998922 -1.154092 1.154083 -0.000001 0.000001 -0.000002 9.109290 -0.518008 2.259897 -0.147279 -0.071480 -11.241282 0.192028 1.618091 -13.537070 0.289710 1.980063 -16.647012 0.000002 0.000000 -0.000001 9.533386 0.000012 -0.000002 -0.021199 0.052610 -4.953552 0.230505 1.770226 -14.838516 0.332510 2.117909 -17.844593 0.000002 -0.000001 -0.000003 9.104489 -0.042998 -1.865100 -0.124498 0.038878 -11.190611 0.290062 1.981254 -16.657370 0.673813 2.975672 -25.514230 -0.000003 -0.000002 -0.000002 8.077787 -0.486899 -3.806303 1.156227 5.708147 -13.007954 0.210642 -2.351650 -14.770798 0.143003 1.398925 -11.674744 0.000000 -0.000000 0.000001 -8.207801 -6.751688 -1.599542 -4.213517 -8.765229 9.724973 18.827229 -5.574668 1.178263 -10.198395 2.892831 -1.109475 -0.466217 -0.000004 -0.000000 -0.000000 0.000000 0.000000 8.207799 -6.751700 -1.599543 -15.775671 4.852652 12.918875 33.598066 8.886611 -1.196855 -16.060481 0.598122 -2.142941 1.089197 0.000009 0.000213 0.000000 0.000000 0.000000 
0.643618 101.032967 1.349339 -2.990382 -2.517778 -10.044468 -0.000000 10.181562 0.131524 0.675498 -0.888379 10.475583 -2.893874 -1.404482 2.444020 -2.896566 -1.413595 2.432490 -0.000002 16.740349 -2.049020 5.185361 0.253872 -6.142993 -0.000000 9.617871 1.684979 -5.939967 -0.096342 0.730159 -0.000000 22.037384 7.501068 -0.000002 -0.000000 -0.000000 -4.570003 11.014867 -2.160840 0.551696 0.755070 9.693463 14.215491 1.669402 65.902194 0.000003 27.936688 0.000021 15.808767 1.661194 -0.050799 -2.464781 -1.573997 2.681909 -2.470832 -8.017353 -14.704660 4.272405 -22.901274 -4.087002 -2.646261 -1.527804 1.527816 -2.148206 6.284484 2.272460 -1.994594 -1.151580 1.151576 -0.000000 0.000000 0.000001 -9.108290 -0.517870 2.259807 0.940576 -3.671480 22.154077 0.117088 -1.273222 10.508016 0.266196 -1.909157 15.874048 -0.000001 0.000001 0.000001 -9.532475 0.000016 0.000003 0.142369 -1.423647 13.772552 0.203644 -1.673759 13.873392 -2.969450 -4.879245 25.941228 -0.000001 -0.000000 0.000004 -9.103588 -0.043102 -1.865100 0.483657 -2.557119 20.211136 0.138599 -1.384182 11.436166 -10.904138 -6.329925 18.897325 0.000000 -0.000001 -0.000004 -8.076682 -0.486731 -3.806296 0.360172 -2.253369 15.292309 0.228948 -1.772940 14.714027 0.532511 -2.673314 22.528208 -0.000000 0.000001 0.000002 4.570401 11.014663 -2.160813 0.589473 -3.721495 -9.107307 12.233296 11.782122 -82.720681 0.000006 -20.878128 0.000010 14.574468 -8.823544 -0.787075 2.466091 -1.576222 2.681700 -3.621412 9.998746 14.344970 4.022093 7.819450 0.809105 2.647892 -1.528753 1.528753 -9.115887 4.531225 -2.593827 1.998917 -1.154082 1.154069 0.000000 0.000003 0.000003 9.109292 -0.518015 2.259897 -0.147685 -0.066631 -11.294537 0.193945 1.625940 -13.603934 0.293318 1.992141 -16.751652 0.000002 0.000002 0.000001 9.533400 -0.000002 -0.000000 -0.021724 0.053122 -5.010794 0.232471 1.777525 -14.901132 0.335687 2.127812 -17.930934 0.000002 0.000000 0.000000 9.104496 -0.042998 -1.865103 -0.122984 0.053959 -11.252847 0.291280 1.985396 -16.693331 0.676681 2.981652 -25.569266 0.000000 0.000002 -0.000003 8.077796 -0.486881 -3.806305 1.159253 5.704960 -13.058313 0.213060 -2.342573 -14.848515 0.146039 1.413502 -11.798164 0.000002 0.000001 0.000001 -8.207796 -6.751707 -1.599544 -4.212959 -8.763840 9.723106 18.740886 -5.529619 1.174570 -10.159245 2.893950 -1.108207 -0.464705 0.000001 -0.000001 0.000000 -0.000000 -0.000000 8.207800 -6.751688 -1.599546 -15.777407 4.842801 12.910930 33.543179 8.914516 -1.207774 -16.036827 0.601465 -2.139193 1.062822 0.000002 0.000208 -0.000000 0.000000 0.000000 
0.655991 101.045059 1.373179 -2.944288 -2.569086 -10.045379 -0.000002 10.181552 0.131524 0.873034 -0.866843 10.490929 -3.143174 -1.460069 2.436496 -3.148092 -1.459328 2.423015 0.000000 16.740358 -2.049018 5.224802 0.290861 -6.142729 0.000001 9.617831 1.684979 -5.728293 -0.038091 0.756532 -0.000000 22.037369 7.501075 -0.000000 0.000000 -0.000000 -4.570003 11.014856 -2.160836 0.548545 0.550341 9.573844 14.469658 1.637049 65.986253 -0.000009 27.975765 0.000029 15.738071 1.593063 -0.116704 -2.464783 -1.573985 2.681908 -2.470181 -8.022820 -14.704439 4.279036 -22.916396 -4.085492 -2.646260 -1.527807 1.527818 -2.133274 6.254977 2.269092 -1.994601 -1.151582 1.151582 0.000000 -0.000002 0.000001 -9.108302 -0.517882 2.259800 0.941084 -3.671512 22.177286 0.117540 -1.275653 10.528401 0.268158 -1.915990 15.932325 -0.000003 0.000001 0.000004 -9.532492 0.000003 -0.000005 0.140309 -1.415824 13.803439 0.205071 -1.679471 13.921636 -2.951047 -4.883979 26.005786 0.000001 0.000002 0.000005 -9.103598 -0.043107 -1.865107 0.482167 -2.552767 20.249873 0.139361 -1.387948 11.467626 -10.899221 -6.339975 18.930247 -0.000001 -0.000000 -0.000000 -8.076700 -0.486726 -3.806304 0.359989 -2.251654 15.329045 0.230072 -1.777241 14.750466 0.534166 -2.677264 22.563316 0.000001 0.000000 -0.000002 4.570402 11.014657 -2.160811 0.590093 -3.643411 -9.101305 12.594903 11.996104 -82.854054 0.000005 -20.912967 -0.000002 14.585654 -8.872493 -0.786426 2.466098 -1.576208 2.681695 -3.611417 10.032645 14.346158 4.035460 7.842695 0.809787 2.647886 -1.528759 1.528746 -9.115073 4.588951 -2.541722 1.998928 -1.154091 1.154076 -0.000001 -0.000003 0.000001 9.109308 -0.518018 2.259894 -0.148086 -0.061610 -11.349794 0.195903 1.634074 -13.673369 0.297101 2.004675 -16.860296 -0.000002 0.000000 0.000000 9.533396 0.000005 -0.000005 -0.022228 0.053642 -5.070197 0.234459 1.785088 -14.966131 0.339053 2.138091 -18.020564 -0.000001 -0.000000 -0.000003 9.104509 -0.043000 -1.865105 -0.121396 0.069619 -11.317425 0.292589 1.989712 -16.730627 0.679667 2.987856 -25.626434 -0.000001 -0.000001 -0.000003 8.077801 -0.486902 -3.806308 1.162397 5.701633 -13.110546 0.215563 -2.333159 -14.929206 0.149221 1.428623 -11.926330 -0.000001 0.000000 -0.000002 -8.207799 -6.751717 -1.599544 -4.209319 -8.762515 9.715970 18.655012 -5.467916 1.179588 -10.121452 2.895057 -1.113386 -0.463479 -0.000008 -0.000001 0.000000 0.000001 0.000000 8.207798 -6.751698 -1.599545 -15.776567 4.837029 12.904171 33.491013 8.928474 -1.217159 -16.028852 0.603959 -2.134398 1.062503 -0.000005 0.000191 0.000000 -0.000002 0.000000 
0.668751 101.057533 1.404134 -2.902190 -2.615665 -10.032924 -0.000000 10.181551 0.131524 1.062715 -0.848428 10.506425 -3.389913 -1.522459 2.430103 -3.397016 -1.512040 2.414376 -0.000002 16.740356 -2.049011 5.273687 0.325125 -6.121237 -0.000000 9.617842 1.684977 -5.536029 0.026896 0.795531 -0.000000 22.037369 7.501066 -0.000000 -0.000001 -0.000000 -4.569999 11.014868 -2.160831 0.547909 0.410536 9.516746 14.711970 1.589386 66.053708 -0.000017 27.993903 0.000023 15.737856 1.531164 -0.183907 -2.464792 -1.573998 2.681911 -2.469548 -8.028542 -14.704214 4.285936 -22.932075 -4.083958 -2.646258 -1.527795 1.527817 -2.117806 6.224361 2.265582 -1.994606 -1.151583 1.151575 0.000001 -0.000005 -0.000000 -9.108293 -0.517887 2.259802 0.941572 -3.671490 22.201325 0.118019 -1.278179 10.549536 0.270181 -1.923064 15.992775 -0.000000 0.000000 0.000005 -9.532494 -0.000002 -0.000003 0.138163 -1.407710 13.835475 0.206548 -1.685379 13.971692 -2.931964 -4.888841 26.072715 0.000001 0.000000 -0.000000 -9.103597 -0.043105 -1.865103 0.480592 -2.548260 20.290093 0.140166 -1.391853 11.500289 -10.894120 -6.350404 18.964428 0.000000 0.000000 -0.000001 -8.076690 -0.486723 -3.806299 0.359784 -2.249902 15.367179 0.231237 -1.781686 14.788224 0.535878 -2.681360 22.599759 -0.000001 0.000002 0.000001 4.570401 11.014678 -2.160805 0.589461 -3.558904 -9.032169 12.985366 12.225955 -83.045142 0.000009 -20.951472 0.000016 14.549269 -8.950486 -0.756287 2.466091 -1.576201 2.681702 -3.601102 10.067785 14.347458 4.049300 7.866764 0.810500 2.647899 -1.528740 1.528749 -9.114134 4.648694 -2.487741 1.998925 -1.154092 1.154078 0.000001 -0.000003 -0.000000 9.109293 -0.518015 2.259900 -0.148528 -0.056370 -11.407035 0.197962 1.642490 -13.745281 0.301071 2.017650 -16.972827 -0.000004 -0.000001 -0.000001 9.533398 0.000000 0.000001 -0.022813 0.054195 -5.131735 0.236571 1.792930 -15.033441 0.342510 2.148730 -18.113428 -0.000001 -0.000000 -0.000003 9.104493 -0.042997 -1.865101 -0.119745 0.085842 -11.384350 0.293939 1.994168 -16.769252 0.682742 2.994276 -25.685654 -0.000001 0.000000 -0.000001 8.077800 -0.486895 -3.806298 1.165610 5.698194 -13.164653 0.218166 -2.323387 -15.012754 0.152551 1.444286 -12.059067 0.000000 0.000001 -0.000002 -8.207800 -6.751712 -1.599543 -4.203052 -8.759993 9.690814 18.578891 -5.397725 1.188340 -10.093597 2.895705 -1.117977 -0.462332 -0.000003 -0.000000 -0.000000 -0.000001 0.000000 8.207798 -6.751699 -1.599544 -15.762977 4.837786 12.884200 33.431392 8.949573 -1.230925 -16.018286 0.609006 -2.127274 1.055661 0.000006 0.000193 0.000000 0.000000 0.000000 
0.679266 101.067055 1.433209 -2.854474 -2.673370 -10.030941 -0.000001 10.181557 0.131524 1.243227 -0.832304 10.522809 -3.633497 -1.584982 2.425254 -3.642748 -1.565070 2.406918 -0.000000 16.740389 -2.049025 5.322429 0.360977 -6.121530 -0.000000 9.617819 1.684980 -5.309629 0.102462 0.817604 0.000000 22.037369 7.501072 -0.000001 -0.000000 -0.000000 -4.570001 11.014880 -2.160846 0.546628 0.310555 9.465152 14.960906 1.548757 66.092455 -0.000010 28.025489 0.000025 15.755312 1.494971 -0.178038 -2.464802 -1.574002 2.681908 -2.468883 -8.034409 -14.704038 4.293027 -22.948305 -4.082375 -2.646262 -1.527798 1.527819 -2.101798 6.192661 2.261934 -1.994590 -1.151582 1.151576 0.000002 -0.000005 -0.000000 -9.108298 -0.517879 2.259803 0.942101 -3.671508 22.226202 0.118517 -1.280800 10.571375 0.272265 -1.930385 16.055357 -0.000000 0.000002 0.000004 -9.532500 0.000001 0.000000 0.135941 -1.399317 13.868642 0.208072 -1.691501 14.023504 -2.912187 -4.893834 26.142076 -0.000001 -0.000000 0.000004 -9.103608 -0.043104 -1.865102 0.478965 -2.543595 20.331713 0.141001 -1.395884 11.534077 -10.888868 -6.361209 18.999824 -0.000000 -0.000001 -0.000005 -8.076706 -0.486727 -3.806301 0.359579 -2.248074 15.406603 0.232459 -1.786289 14.827337 0.537648 -2.685586 22.637463 0.000001 0.000002 0.000006 4.570398 11.014691 -2.160822 0.590009 -3.492092 -9.021858 13.374499 12.481927 -83.190017 -0.000002 -20.982718 -0.000028 14.457733 -9.029939 -0.728381 2.466094 -1.576206 2.681695 -3.590405 10.104097 14.348711 4.063618 7.891645 0.811143 2.647885 -1.528740 1.528750 -9.113066 4.710433 -2.431909 1.998917 -1.154085 1.154080 -0.000000 -0.000001 -0.000000 9.109285 -0.518013 2.259896 -0.148931 -0.050931 -11.466198 0.200093 1.651198 -13.819643 0.305169 2.031065 -17.089126 -0.000002 -0.000001 -0.000000 9.533391 -0.000002 -0.000002 -0.023372 0.054780 -5.195364 0.238764 1.801029 -15.103034 0.346104 2.159721 -18.209424 -0.000002 0.000002 -0.000000 9.104479 -0.042996 -1.865101 -0.117960 0.102604 -11.453538 0.295323 1.998779 -16.809205 0.685944 3.000921 -25.746839 0.000002 0.000002 -0.000002 8.077798 -0.486882 -3.806304 1.168957 5.694640 -13.220602 0.220874 -2.313320 -15.099149 0.156024 1.460468 -12.196279 -0.000001 -0.000002 -0.000004 -8.207798 -6.751694 -1.599544 -4.207733 -8.757984 9.682681 18.510339 -5.351595 1.191948 -10.067476 2.896138 -1.120467 -0.461282 0.000002 0.000001 0.000000 0.000001 0.000000 8.207798 -6.751684 -1.599543 -15.763679 4.839262 12.881964 33.383065 8.910973 -1.240267 -16.010505 0.615856 -2.114273 1.038050 -0.000004 0.000204 -0.000000 -0.000001 0.000000 
0.687389 101.075798 1.463738 -2.816530 -2.718926 -10.029990 0.000003 10.181561 0.131524 1.417455 -0.818064 10.539969 -3.865321 -1.652913 2.430350 -3.876834 -1.623451 2.409262 -0.000001 16.740353 -2.049016 5.384376 0.396197 -6.127109 0.000001 9.617853 1.684971 -5.092520 0.191550 0.822734 -0.000001 22.037354 7.501067 0.000001 -0.000000 -0.000000 -4.569997 11.014867 -2.160835 0.546183 0.240652 9.425954 15.188488 1.559101 66.116709 -0.000006 28.036424 0.000042 15.767751 1.406430 -0.239288 -2.464799 -1.574016 2.681908 -2.468149 -8.040537 -14.703890 4.300429 -22.965084 -4.080683 -2.646290 -1.527805 1.527817 -2.085258 6.159918 2.258183 -1.994590 -1.151587 1.151578 -0.000000 -0.000004 -0.000004 -9.108317 -0.517875 2.259801 0.942667 -3.671552 22.251926 0.118993 -1.283498 10.593956 0.274462 -1.937955 16.120042 -0.000000 -0.000000 -0.000000 -9.532495 0.000013 -0.000001 0.133630 -1.390643 13.902929 0.209631 -1.697829 14.077030 -2.891750 -4.898958 26.213713 0.000001 0.000000 -0.000001 -9.103591 -0.043110 -1.865102 0.477265 -2.538782 20.374726 0.141844 -1.400038 11.568990 -10.883441 -6.372370 19.036369 -0.000001 0.000000 -0.000000 -8.076683 -0.486723 -3.806298 0.359349 -2.246189 15.447373 0.233726 -1.791039 14.867749 0.539467 -2.689964 22.676411 -0.000004 0.000000 0.000002 4.570401 11.014689 -2.160810 0.590879 -3.438464 -9.040017 13.736391 12.719854 -83.298494 0.000006 -20.982889 -0.000000 14.398601 -9.102615 -0.676322 2.466094 -1.576213 2.681696 -3.579392 10.141565 14.350055 4.078379 7.917337 0.811825 2.647898 -1.528751 1.528748 -9.112105 4.774143 -2.374351 1.998920 -1.154093 1.154075 0.000001 -0.000003 0.000002 9.109290 -0.518014 2.259899 -0.149370 -0.045298 -11.527241 0.202305 1.660173 -13.896354 0.309421 2.044879 -17.209152 0.000001 -0.000001 -0.000002 9.533391 0.000009 -0.000001 -0.023985 0.055358 -5.260993 0.241019 1.809388 -15.174782 0.349870 2.171060 -18.308448 -0.000003 0.000000 0.000000 9.104496 -0.042997 -1.865101 -0.116132 0.119901 -11.524880 0.296766 2.003531 -16.850432 0.689248 3.007757 -25.809979 -0.000002 0.000001 -0.000002 8.077795 -0.486901 -3.806300 1.172352 5.690950 -13.278333 0.223700 -2.302920 -15.188271 0.159664 1.477158 -12.337862 -0.000001 0.000000 -0.000001 -8.207798 -6.751720 -1.599544 -4.201257 -8.757628 9.680948 18.445501 -5.327238 1.189802 -10.046484 2.896381 -1.118238 -0.460326 -0.000000 -0.000002 0.000000 -0.000001 -0.000000 8.207802 -6.751695 -1.599547 -15.757533 4.841959 12.881964 33.340681 8.879511 -1.249597 -16.007791 0.621706 -2.103861 1.025882 -0.000002 0.000207 -0.000000 0.000000 0.000000 
0.696859 101.082993 1.497030 -2.788683 -2.766052 -10.031775 -0.000001 10.181551 0.131524 1.581751 -0.802125 10.556102 -4.087995 -1.706069 2.427188 -4.101566 -1.667629 2.402789 -0.000000 16.740379 -2.049026 5.476459 0.426887 -6.130059 0.000000 9.617840 1.684973 -4.928920 0.281958 0.825107 0.000000 22.037384 7.501074 -0.000000 -0.000001 -0.000000 -4.570000 11.014882 -2.160842 0.543288 0.204872 9.383228 15.408386 1.565273 66.167615 0.000006 28.048949 -0.000004 15.814615 1.347895 -0.122767 -2.464797 -1.574012 2.681913 -2.467357 -8.046806 -14.703693 4.307994 -22.982390 -4.078954 -2.646291 -1.527827 1.527820 -2.068180 6.126136 2.254315 -1.994598 -1.151582 1.151582 0.000001 0.000000 0.000003 -9.108295 -0.517889 2.259807 0.943199 -3.671547 22.278475 0.119533 -1.286296 10.617257 0.276700 -1.945748 16.186717 -0.000003 0.000001 0.000000 -9.532501 0.000017 0.000000 0.131214 -1.381702 13.938285 0.211263 -1.704348 14.132276 -2.870667 -4.904202 26.287578 0.000001 0.000000 0.000002 -9.103588 -0.043103 -1.865098 0.475503 -2.533823 20.419059 0.142728 -1.404339 11.605024 -10.877872 -6.383891 19.074039 0.000002 0.000000 -0.000002 -8.076684 -0.486726 -3.806296 0.359114 -2.244239 15.489436 0.235003 -1.795942 14.909436 0.541372 -2.694472 22.716613 -0.000003 0.000002 0.000002 4.570403 11.014695 -2.160818 0.585790 -3.422899 -9.047131 14.081460 12.952825 -83.414334 -0.000010 -20.978113 0.000004 14.340872 -9.168668 -0.635210 2.466085 -1.576205 2.681702 -3.568042 10.180151 14.351383 4.093579 7.943782 0.812531 2.647887 -1.528746 1.528751 -9.111171 4.839749 -2.315030 1.998920 -1.154104 1.154078 -0.000002 0.000002 0.000005 9.109281 -0.518014 2.259901 -0.149832 -0.039547 -11.590110 0.204588 1.669425 -13.975321 0.313875 2.059123 -17.332758 0.000002 -0.000001 -0.000002 9.533387 0.000009 0.000001 -0.024625 0.055959 -5.328590 0.243372 1.817987 -15.248742 0.353754 2.182724 -18.410457 0.000001 -0.000000 -0.000000 9.104482 -0.043013 -1.865098 -0.114188 0.137698 -11.598369 0.298243 2.008429 -16.892866 0.692677 3.014814 -25.875029 0.000000 -0.000001 -0.000002 8.077787 -0.486885 -3.806300 1.175872 5.687144 -13.337745 0.226614 -2.292219 -15.280030 0.163434 1.494322 -12.483679 -0.000003 0.000001 0.000003 -8.207801 -6.751702 -1.599544 -4.186015 -8.756142 9.677248 18.388626 -5.289511 1.191596 -10.031453 2.897130 -1.117573 -0.459468 0.000000 -0.000002 0.000000 -0.000001 0.000000 8.207798 -6.751685 -1.599544 -15.742684 4.843421 12.882889 33.308299 8.865259 -1.259973 -16.017301 0.627650 -2.097247 1.025397 -0.000001 0.000205 0.000000 -0.000001 0.000000 
0.703226 101.087646 1.528483 -2.753711 -2.798615 -10.047376 -0.000002 10.181553 0.131523 1.737191 -0.784637 10.572313 -4.297408 -1.752714 2.425041 -4.312961 -1.705643 2.396990 -0.000001 16.740372 -2.049025 5.553726 0.457370 -6.114565 0.000001 9.617813 1.684976 -4.744782 0.364591 0.824324 -0.000001 22.037399 7.501074 -0.000002 -0.000000 0.000000 -4.570004 11.014886 -2.160844 0.548144 0.136961 9.400500 15.616343 1.572615 66.166679 -0.000016 28.068903 0.000029 15.832659 1.335300 -0.115668 -2.464791 -1.573997 2.681910 -2.466561 -8.053269 -14.703567 4.315829 -23.000199 -4.077174 -2.646271 -1.527806 1.527815 -2.050631 6.091334 2.250357 -1.994587 -1.151585 1.151576 -0.000002 -0.000003 0.000001 -9.108298 -0.517885 2.259803 0.943767 -3.671552 22.305782 0.120075 -1.289166 10.641255 0.279044 -1.953776 16.255430 -0.000000 0.000001 -0.000001 -9.532493 0.000019 -0.000001 0.128756 -1.372479 13.974699 0.212964 -1.711060 14.189174 -2.848986 -4.909539 26.363709 0.000001 0.000000 -0.000001 -9.103597 -0.043108 -1.865103 0.473702 -2.528717 20.464744 0.143623 -1.408768 11.642108 -10.872120 -6.395755 19.112879 -0.000003 0.000001 0.000003 -8.076694 -0.486726 -3.806300 0.358843 -2.242245 15.532750 0.236375 -1.800990 14.952343 0.543301 -2.699102 22.758021 -0.000001 -0.000000 0.000002 4.570404 11.014700 -2.160818 0.586369 -3.392228 -9.045283 14.382488 13.135915 -83.515455 -0.000000 -20.973856 0.000017 14.310682 -9.225770 -0.605218 2.466105 -1.576206 2.681701 -3.556381 10.219830 14.352796 4.109209 7.970978 0.813343 2.647907 -1.528741 1.528746 -9.110047 4.907157 -2.254039 1.998912 -1.154082 1.154071 0.000000 0.000001 0.000005 9.109296 -0.518014 2.259903 -0.150275 -0.033640 -11.654731 0.206976 1.678922 -14.056540 0.318440 2.073733 -17.459854 0.000001 -0.000002 -0.000000 9.533411 -0.000001 0.000002 -0.025257 0.056594 -5.398069 0.245790 1.826828 -15.324791 0.357741 2.194704 -18.515321 -0.000001 0.000000 0.000002 9.104507 -0.042998 -1.865101 -0.112140 0.155993 -11.673941 0.299775 2.013469 -16.936518 0.696191 3.022041 -25.941904 -0.000003 -0.000001 -0.000003 8.077813 -0.486883 -3.806302 1.179471 5.683247 -13.398819 0.229626 -2.281225 -15.374438 0.167375 1.511971 -12.633575 -0.000004 -0.000001 0.000001 -8.207802 -6.751703 -1.599544 -4.176783 -8.747240 9.693950 18.331111 -5.268227 1.190471 -10.016415 2.897603 -1.115331 -0.458690 0.000002 0.000001 -0.000000 0.000000 0.000000 8.207801 -6.751708 -1.599546 -15.750544 4.844980 12.902073 33.294546 8.831586 -1.267278 -16.040330 0.637684 -2.089418 1.042656 -0.000013 0.000213 0.000000 0.000001 0.000000 
0.706795 101.091782 1.556964 -2.713543 -2.819474 -10.059970 -0.000001 10.181536 0.131524 1.887394 -0.766654 10.587482 -4.484402 -1.795834 2.424114 -4.501874 -1.740523 2.392331 0.000001 16.740379 -2.049030 5.591133 0.488076 -6.097653 0.000000 9.617861 1.684974 -4.538745 0.418379 0.867470 -0.000000 22.037354 7.501072 0.000001 -0.000000 -0.000000 -4.570000 11.014874 -2.160849 0.556025 0.025071 9.448271 15.803688 1.620273 66.146680 -0.000029 28.121079 0.000082 15.768378 1.253370 -0.217385 -2.464786 -1.574007 2.681913 -2.465753 -8.059930 -14.703336 4.323873 -23.018533 -4.075302 -2.646257 -1.527785 1.527816 -2.032587 6.055573 2.246280 -1.994579 -1.151583 1.151572 0.000001 -0.000002 0.000001 -9.108299 -0.517888 2.259807 0.944366 -3.671586 22.333894 0.120622 -1.292126 10.665915 0.281482 -1.962036 16.326058 -0.000005 0.000002 0.000003 -9.532485 0.000014 0.000003 0.126194 -1.363026 14.012133 0.214701 -1.717963 14.247638 -2.826684 -4.914980 26.441962 -0.000000 0.000001 -0.000001 -9.103589 -0.043108 -1.865099 0.471820 -2.523473 20.511724 0.144552 -1.413305 11.680233 -10.866125 -6.407918 19.152824 -0.000001 -0.000001 -0.000002 -8.076677 -0.486724 -3.806297 0.358591 -2.240181 15.577297 0.237737 -1.806189 14.996471 0.545318 -2.703875 22.800580 0.000002 0.000001 0.000005 4.570399 11.014702 -2.160824 0.591158 -3.306977 -9.003995 14.629785 13.243668 -83.619137 -0.000002 -20.980154 0.000001 14.340769 -9.243971 -0.608839 2.466097 -1.576214 2.681691 -3.544425 10.260564 14.354172 4.125256 7.998915 0.814069 2.647888 -1.528748 1.528750 -9.108971 4.976345 -2.191418 1.998924 -1.154096 1.154071 0.000001 0.000004 0.000003 9.109294 -0.518010 2.259895 -0.150750 -0.027567 -11.721096 0.209437 1.688681 -14.139962 0.323173 2.088726 -17.590314 0.000002 -0.000001 0.000002 9.533397 0.000002 -0.000005 -0.025939 0.057238 -5.469431 0.248271 1.835903 -15.402824 0.361879 2.207006 -18.622992 -0.000000 0.000000 0.000001 9.104503 -0.042996 -1.865102 -0.110043 0.174769 -11.751548 0.301360 2.018633 -16.981336 0.699812 3.029470 -26.010516 0.000001 -0.000001 -0.000001 8.077807 -0.486879 -3.806305 1.183108 5.679228 -13.461611 0.232780 -2.269935 -15.471326 0.171452 1.530082 -12.787496 0.000001 0.000001 -0.000001 -8.207798 -6.751712 -1.599543 -4.176335 -8.738104 9.710222 18.278264 -5.251548 1.188137 -10.003134 2.897765 -1.113028 -0.457995 0.000005 -0.000002 0.000000 -0.000000 0.000000 8.207801 -6.751709 -1.599546 -15.768164 4.845810 12.917776 33.282262 8.809195 -1.273215 -16.061195 0.649704 -2.083747 1.063952 0.000003 0.000235 -0.000000 -0.000002 0.000000 
0.708235 101.097443 1.589169 -2.684547 -2.831673 -10.071673 -0.000002 10.181553 0.131524 2.026225 -0.750159 10.601576 -4.658974 -1.836202 2.422118 -4.678251 -1.773186 2.386590 -0.000002 16.740374 -2.049026 5.634278 0.514468 -6.075045 0.000000 9.617826 1.684977 -4.374521 0.468520 0.918079 0.000000 22.037384 7.501072 0.000000 0.000000 -0.000000 -4.570004 11.014883 -2.160846 0.560355 -0.048312 9.506309 15.991148 1.653402 66.115152 -0.000020 28.153623 0.000019 15.747660 1.198781 -0.166158 -2.464786 -1.573984 2.681910 -2.464937 -8.066773 -14.703087 4.332126 -23.037354 -4.073424 -2.646263 -1.527807 1.527821 -2.014064 6.018825 2.242202 -1.994590 -1.151585 1.151575 0.000002 -0.000001 -0.000000 -9.108303 -0.517889 2.259800 0.944963 -3.671593 22.362748 0.121186 -1.295140 10.691223 0.283965 -1.970506 16.398599 -0.000004 0.000002 0.000001 -9.532482 0.000013 -0.000002 0.123517 -1.353320 14.050573 0.216531 -1.725053 14.307679 -2.803799 -4.920517 26.522325 -0.000003 0.000000 0.000001 -9.103579 -0.043103 -1.865103 0.469851 -2.518098 20.559937 0.145541 -1.417986 11.719402 -10.859982 -6.420401 19.193805 -0.000001 -0.000000 -0.000001 -8.076681 -0.486728 -3.806299 0.358289 -2.238076 15.622984 0.239193 -1.811519 15.041781 0.547366 -2.708780 22.844258 0.000001 0.000003 0.000000 4.570403 11.014688 -2.160820 0.596072 -3.248856 -8.962949 14.862804 13.357501 -83.727532 0.000020 -20.975453 0.000001 14.376435 -9.271000 -0.614974 2.466108 -1.576192 2.681698 -3.532178 10.302335 14.355642 4.141703 8.027528 0.814749 2.647889 -1.528734 1.528750 -9.108002 5.047289 -2.127258 1.998917 -1.154090 1.154073 0.000000 0.000004 0.000003 9.109306 -0.518011 2.259902 -0.151216 -0.021306 -11.789130 0.211957 1.698663 -14.225442 0.328089 2.104085 -17.724066 -0.000000 -0.000000 -0.000002 9.533406 0.000001 0.000005 -0.026647 0.057892 -5.542572 0.250857 1.845201 -15.482806 0.366140 2.219605 -18.733356 -0.000002 -0.000000 -0.000003 9.104492 -0.042993 -1.865096 -0.107820 0.194016 -11.831068 0.302971 2.023935 -17.027265 0.703547 3.037081 -26.080878 -0.000001 -0.000000 -0.000003 8.077797 -0.486903 -3.806298 1.186878 5.675094 -13.525871 0.235968 -2.258367 -15.570632 0.175684 1.548628 -12.945285 -0.000001 0.000001 -0.000003 -8.207803 -6.751706 -1.599543 -4.156074 -8.724109 9.726691 18.215932 -5.228536 1.185700 -9.989469 2.897990 -1.111293 -0.457391 0.000001 -0.000003 0.000000 -0.000002 -0.000000 8.207798 -6.751702 -1.599545 -15.768557 4.845445 12.928253 33.264015 8.795160 -1.273298 -16.082003 0.665727 -2.083170 1.087139 -0.000024 0.000248 0.000000 0.000000 0.000000 
0.708456 101.104111 1.616894 -2.647323 -2.831615 -10.087342 0.000004 10.181536 0.131524 2.150172 -0.736287 10.615579 -4.826327 -1.875081 2.418976 -4.847237 -1.804945 2.379762 -0.000003 16.740360 -2.049022 5.673261 0.535502 -6.061937 0.000000 9.617846 1.684977 -4.259512 0.501655 0.957377 -0.000000 22.037354 7.501072 0.000001 0.000001 -0.000000 -4.570002 11.014858 -2.160843 0.564984 -0.110170 9.522326 16.161513 1.708016 66.136271 -0.000027 28.183667 0.000032 15.801335 1.127189 -0.128743 -2.464777 -1.573994 2.681914 -2.464137 -8.073780 -14.702826 4.340573 -23.056635 -4.071512 -2.646264 -1.527799 1.527817 -1.995078 5.981151 2.237925 -1.994587 -1.151582 1.151579 0.000001 -0.000000 0.000005 -9.108299 -0.517868 2.259808 0.945554 -3.671593 22.392302 0.121783 -1.298254 10.717253 0.286519 -1.979194 16.472977 0.000000 0.000002 0.000004 -9.532483 0.000019 0.000004 0.120765 -1.343373 14.089974 0.218393 -1.732322 14.369248 -2.780315 -4.926142 26.604741 0.000001 0.000001 0.000001 -9.103584 -0.043102 -1.865100 0.467854 -2.512573 20.609380 0.146513 -1.422780 11.759546 -10.853698 -6.433215 19.235845 0.000001 0.000000 0.000001 -8.076688 -0.486726 -3.806294 0.357996 -2.235917 15.669856 0.240669 -1.816976 15.088252 0.549479 -2.713795 22.889087 -0.000001 0.000004 0.000003 4.570399 11.014669 -2.160817 0.596832 -3.224812 -8.970042 15.089968 13.480049 -83.779995 0.000005 -20.985223 -0.000006 14.389221 -9.305053 -0.639334 2.466093 -1.576190 2.681702 -3.519668 10.345085 14.357102 4.158551 8.056820 0.815519 2.647897 -1.528734 1.528752 -9.106861 5.119878 -2.061505 1.998929 -1.154093 1.154074 0.000000 0.000006 0.000001 9.109281 -0.518013 2.259906 -0.151707 -0.014910 -11.858766 0.214564 1.708901 -14.312948 0.333120 2.119799 -17.860999 -0.000001 -0.000001 -0.000001 9.533401 -0.000001 0.000003 -0.027382 0.058583 -5.617427 0.253467 1.854707 -15.564717 0.370534 2.232508 -18.846353 -0.000000 0.000001 -0.000002 9.104498 -0.042999 -1.865096 -0.105518 0.213720 -11.912485 0.304629 2.029353 -17.074281 0.707372 3.044869 -26.152934 -0.000002 0.000001 0.000001 8.077800 -0.486883 -3.806301 1.190683 5.670874 -13.591713 0.239281 -2.246539 -15.672322 0.180084 1.567603 -13.106789 -0.000002 -0.000000 -0.000003 -8.207800 -6.751716 -1.599543 -4.139224 -8.707843 9.753350 18.140520 -5.224379 1.179172 -9.967663 2.898243 -1.107233 -0.456855 -0.000000 0.000001 0.000000 -0.000000 0.000000 8.207801 -6.751713 -1.599547 -15.781811 4.841408 12.942154 33.243511 8.797994 -1.272884 -16.092141 0.677397 -2.085347 1.101966 -0.000004 0.000243 -0.000000 -0.000001 0.000000 
0.705875 101.110901 1.642622 -2.599917 -2.821499 -10.098674 0.000000 10.181562 0.131523 2.258160 -0.726090 10.627369 -4.986757 -1.914618 2.408754 -5.009008 -1.838307 2.366237 0.000000 16.740374 -2.049026 5.703175 0.552914 -6.036614 0.000000 9.617849 1.684975 -4.155939 0.530484 0.996420 -0.000000 22.037384 7.501069 -0.000001 0.000000 0.000000 -4.569998 11.014901 -2.160844 0.565806 -0.158952 9.554974 16.321005 1.749691 66.164398 -0.000000 28.215515 0.000037 15.908409 1.054854 0.002228 -2.464782 -1.574000 2.681913 -2.463239 -8.080955 -14.702617 4.349261 -23.076417 -4.069488 -2.646257 -1.527794 1.527811 -1.975654 5.942554 2.233605 -1.994598 -1.151585 1.151579 0.000001 -0.000005 -0.000000 -9.108296 -0.517865 2.259804 0.946222 -3.671622 22.422599 0.122381 -1.301444 10.743840 0.289166 -1.988070 16.549149 -0.000001 0.000002 0.000003 -9.532493 0.000017 -0.000001 0.117977 -1.333168 14.130348 0.220271 -1.739752 14.432330 -2.756274 -4.931836 26.689135 -0.000001 0.000001 -0.000001 -9.103585 -0.043107 -1.865099 0.465792 -2.506932 20.660026 0.147549 -1.427684 11.800673 -10.847254 -6.446309 19.278914 -0.000001 0.000001 -0.000000 -8.076675 -0.486728 -3.806295 0.357695 -2.233699 15.717874 0.242163 -1.822571 15.135848 0.551678 -2.718942 22.934928 -0.000001 0.000001 0.000005 4.570405 11.014686 -2.160818 0.597789 -3.199983 -8.975939 15.287548 13.592141 -83.830252 -0.000008 -20.971655 -0.000002 14.412761 -9.318509 -0.660722 2.466093 -1.576210 2.681704 -3.506848 10.388811 14.358589 4.175755 8.086799 0.816268 2.647892 -1.528753 1.528746 -9.105818 5.194088 -1.994319 1.998921 -1.154080 1.154074 0.000001 0.000006 0.000001 9.109293 -0.518013 2.259902 -0.152159 -0.008398 -11.930005 0.217225 1.719346 -14.402390 0.338321 2.135851 -18.001006 0.000002 -0.000001 -0.000002 9.533387 0.000011 0.000004 -0.028147 0.059289 -5.693995 0.256190 1.864442 -15.648469 0.375056 2.245665 -18.961903 0.000001 0.000002 0.000004 9.104484 -0.042993 -1.865096 -0.103101 0.233845 -11.995746 0.306348 2.034894 -17.122395 0.711267 3.052803 -26.226577 0.000000 -0.000001 -0.000004 8.077794 -0.486887 -3.806299 1.194590 5.666532 -13.659039 0.242659 -2.234444 -15.776251 0.184641 1.586998 -13.271926 0.000001 0.000000 -0.000004 -8.207799 -6.751705 -1.599544 -4.135680 -8.688664 9.782612 18.066610 -5.242569 1.165718 -9.946086 2.898473 -1.098323 -0.456412 -0.000006 0.000000 -0.000000 -0.000000 0.000000 8.207801 -6.751696 -1.599543 -15.807149 4.834907 12.951260 33.220616 8.832646 -1.274906 -16.094514 0.689443 -2.092142 1.114383 -0.000003 0.000237 0.000000 0.000002 0.000000 
0.702980 101.119553 1.665786 -2.567590 -2.801257 -10.095341 -0.000002 10.181550 0.131524 2.356893 -0.722867 10.638820 -5.125782 -1.958749 2.387966 -5.149000 -1.877472 2.343119 0.000001 16.740362 -2.049019 5.741078 0.568418 -6.006689 0.000000 9.617816 1.684980 -4.062205 0.566484 1.038461 -0.000000 22.037369 7.501070 -0.000003 0.000000 -0.000000 -4.569998 11.014884 -2.160836 0.565709 -0.189762 9.596331 16.455186 1.796102 66.201431 -0.000002 28.256033 0.000010 15.911535 1.005346 0.023394 -2.464784 -1.574006 2.681914 -2.462334 -8.088317 -14.702360 4.358112 -23.096595 -4.067494 -2.646288 -1.527811 1.527823 -1.955785 5.903066 2.229232 -1.994594 -1.151583 1.151572 -0.000000 -0.000002 0.000001 -9.108292 -0.517890 2.259805 0.946850 -3.671635 22.453612 0.122996 -1.304696 10.771027 0.291870 -1.997167 16.627066 -0.000000 0.000003 0.000003 -9.532488 -0.000002 0.000003 0.115056 -1.322743 14.171686 0.222260 -1.747354 14.496824 -2.731706 -4.937608 26.775510 -0.000000 0.000002 0.000003 -9.103584 -0.043103 -1.865098 0.463632 -2.501178 20.711849 0.148606 -1.432695 11.842766 -10.840664 -6.459737 19.322981 -0.000001 0.000001 0.000001 -8.076690 -0.486727 -3.806295 0.357373 -2.231438 15.766988 0.243716 -1.828300 15.184552 0.553887 -2.724191 22.981915 -0.000002 0.000002 0.000002 4.570401 11.014688 -2.160813 0.597445 -3.189899 -8.960374 15.509717 13.711768 -83.867920 0.000013 -21.008347 -0.000002 14.396198 -9.337701 -0.679594 2.466092 -1.576203 2.681700 -3.493785 10.433467 14.360087 4.193331 8.117399 0.817037 2.647882 -1.528750 1.528755 -9.104707 5.269842 -1.925687 1.998921 -1.154094 1.154079 -0.000001 -0.000003 0.000001 9.109301 -0.518013 2.259900 -0.152658 -0.001733 -12.002693 0.219988 1.730014 -14.493781 0.343667 2.152231 -18.143981 0.000002 0.000000 -0.000001 9.533399 -0.000001 0.000000 -0.028920 0.059987 -5.772169 0.258988 1.874362 -15.733995 0.379680 2.259109 -19.079862 -0.000000 0.000000 0.000001 9.104490 -0.043010 -1.865101 -0.100596 0.254400 -12.080743 0.308082 2.040534 -17.171488 0.715286 3.060942 -26.301798 -0.000001 -0.000001 -0.000002 8.077800 -0.486883 -3.806301 1.198537 5.662094 -13.727731 0.246182 -2.222111 -15.882416 0.189327 1.606796 -13.440602 0.000002 -0.000001 -0.000004 -8.207795 -6.751700 -1.599543 -4.120837 -8.672677 9.799073 17.997525 -5.269402 1.145612 -9.927484 2.899703 -1.084354 -0.456055 -0.000003 0.000002 -0.000000 0.000000 0.000000 8.207799 -6.751700 -1.599544 -15.808650 4.826166 12.942326 33.182995 8.861744 -1.276487 -16.083209 0.699593 -2.096153 1.113469 -0.000006 0.000238 0.000000 0.000002 0.000000 
0.699421 101.126328 1.683706 -2.540981 -2.776257 -10.093549 0.000001 10.181546 0.131523 2.444873 -0.724293 10.648589 -5.242664 -2.005864 2.368427 -5.266724 -1.920335 2.322043 -0.000004 16.740376 -2.049027 5.770805 0.582384 -5.986128 0.000000 9.617878 1.684969 -3.991484 0.594206 1.074554 0.000000 22.037384 7.501071 -0.000000 0.000000 0.000000 -4.570000 11.014871 -2.160845 0.571633 -0.244013 9.610059 16.545133 1.885521 66.250847 -0.000026 28.278351 0.000054 15.859143 0.976964 0.022071 -2.464787 -1.573995 2.681912 -2.461419 -8.095811 -14.702153 4.367203 -23.117270 -4.065376 -2.646254 -1.527802 1.527820 -1.935489 5.862715 2.224736 -1.994574 -1.151583 1.151577 0.000001 -0.000005 -0.000000 -9.108291 -0.517868 2.259805 0.947493 -3.671641 22.485300 0.123641 -1.308018 10.798836 0.294660 -2.006458 16.706677 -0.000004 0.000003 0.000006 -9.532495 0.000015 -0.000002 0.112066 -1.312099 14.213888 0.224271 -1.755125 14.562759 -2.706583 -4.943439 26.863744 -0.000002 0.000001 0.000003 -9.103594 -0.043104 -1.865104 0.461429 -2.495290 20.764806 0.149700 -1.437820 11.885745 -10.833943 -6.473423 19.368017 -0.000001 0.000000 0.000002 -8.076682 -0.486729 -3.806298 0.357026 -2.229129 15.817190 0.245303 -1.834142 15.234262 0.556161 -2.729560 23.029885 -0.000002 0.000002 0.000003 4.570400 11.014678 -2.160819 0.596911 -3.173332 -8.971557 15.683859 13.796205 -83.868624 0.000009 -21.026439 0.000033 14.385160 -9.351949 -0.707444 2.466084 -1.576204 2.681703 -3.480486 10.479009 14.361639 4.211252 8.148630 0.817810 2.647896 -1.528748 1.528749 -9.103624 5.347101 -1.855699 1.998928 -1.154073 1.154072 -0.000001 -0.000003 0.000002 9.109292 -0.518015 2.259903 -0.153153 0.005083 -12.076852 0.222813 1.740892 -14.586986 0.349151 2.168924 -18.289840 0.000002 0.000002 0.000001 9.533404 -0.000002 0.000004 -0.029751 0.060731 -5.851902 0.261857 1.884490 -15.821223 0.384441 2.272800 -19.200193 -0.000000 -0.000001 -0.000001 9.104488 -0.042993 -1.865097 -0.098036 0.275357 -12.167480 0.309899 2.046314 -17.221562 0.719375 3.069195 -26.378532 0.000000 0.000001 0.000002 8.077795 -0.486884 -3.806299 1.202520 5.657572 -13.797831 0.249785 -2.209524 -15.990711 0.194181 1.626956 -13.612636 0.000002 -0.000002 0.000000 -8.207800 -6.751709 -1.599542 -4.109428 -8.656448 9.815641 17.941688 -5.293332 1.126419 -9.912889 2.901500 -1.071293 -0.455755 0.000003 0.000001 -0.000000 -0.000001 0.000000 8.207801 -6.751682 -1.599545 -15.812190 4.818660 12.936139 33.154534 8.862450 -1.274196 -16.081655 0.709591 -2.096185 1.127636 -0.000006 0.000246 0.000000 0.000000 0.000000 
0.695551 101.131783 1.698615 -2.522470 -2.782494 -10.094588 -0.000001 10.181552 0.131523 2.522473 -0.724099 10.653644 -5.336242 -2.042912 2.352098 -5.360986 -1.953837 2.304366 -0.000003 16.740349 -2.049016 5.793027 0.594267 -5.974217 0.000000 9.617826 1.684976 -3.937156 0.619345 1.101539 -0.000001 22.037415 7.501079 -0.000000 0.000000 -0.000000 -4.570003 11.014852 -2.160836 0.575285 -0.276330 9.634786 16.602998 1.961326 66.281597 -0.000008 28.300248 0.000007 15.897774 1.003298 0.060449 -2.464793 -1.573986 2.681912 -2.460523 -8.103480 -14.701929 4.376449 -23.138345 -4.063247 -2.646275 -1.527803 1.527817 -1.914781 5.821518 2.220179 -1.994587 -1.151581 1.151579 -0.000001 -0.000005 0.000001 -9.108299 -0.517874 2.259803 0.948156 -3.671682 22.517595 0.124298 -1.311420 10.827231 0.297503 -2.015926 16.787975 -0.000001 0.000001 0.000006 -9.532488 0.000034 0.000002 0.108973 -1.301255 14.256942 0.226350 -1.763057 14.630031 -2.680942 -4.949319 26.953851 -0.000002 0.000002 -0.000000 -9.103588 -0.043091 -1.865097 0.459185 -2.489297 20.818818 0.150767 -1.443033 11.929620 -10.826974 -6.487403 19.414007 -0.000001 -0.000001 -0.000002 -8.076697 -0.486713 -3.806297 0.356650 -2.226785 15.868404 0.246923 -1.840102 15.285057 0.558522 -2.735039 23.078854 -0.000000 0.000002 0.000001 4.570399 11.014660 -2.160810 0.596473 -3.163842 -8.971827 15.834644 13.853254 -83.856917 0.000012 -21.033137 0.000023 14.363288 -9.382159 -0.719016 2.466083 -1.576205 2.681705 -3.466921 10.525438 14.363191 4.229517 8.180425 0.818560 2.647892 -1.528752 1.528746 -9.102570 5.425817 -1.784352 1.998925 -1.154090 1.154078 -0.000000 -0.000001 -0.000000 9.109290 -0.518010 2.259902 -0.153661 0.012036 -12.152405 0.225703 1.751978 -14.681949 0.354805 2.185911 -18.438417 0.000001 -0.000001 -0.000002 9.533381 -0.000001 0.000005 -0.030593 0.061475 -5.933166 0.264778 1.894794 -15.910154 0.389313 2.286749 -19.322848 0.000001 -0.000001 -0.000004 9.104495 -0.043000 -1.865100 -0.095335 0.296717 -12.255831 0.311698 2.052193 -17.272589 0.723598 3.077630 -26.456738 -0.000002 0.000001 -0.000003 8.077798 -0.486901 -3.806299 1.206566 5.652961 -13.869281 0.253470 -2.196703 -16.101030 0.199192 1.647496 -13.787933 0.000001 -0.000000 0.000001 -8.207795 -6.751703 -1.599544 -4.097357 -8.647085 9.825812 17.895442 -5.286727 1.119999 -9.898331 2.903510 -1.070629 -0.455533 0.000006 -0.000003 -0.000000 0.000000 0.000000 8.207802 -6.751703 -1.599545 -15.809707 4.814815 12.935191 33.132578 8.867147 -1.272269 -16.083887 0.720796 -2.100382 1.140018 0.000000 0.000239 0.000000 -0.000001 0.000000 
0.689837 101.136757 1.711733 -2.513048 -2.799644 -10.097306 -0.000003 10.181550 0.131525 2.586441 -0.722517 10.658641 -5.397674 -2.069069 2.335861 -5.422897 -1.977419 2.287163 -0.000001 16.740358 -2.049023 5.802189 0.603940 -5.967929 -0.000000 9.617839 1.684976 -3.906145 0.640053 1.095523 -0.000000 22.037369 7.501072 -0.000002 0.000001 -0.000000 -4.570000 11.014846 -2.160842 0.577977 -0.293787 9.656778 16.642936 2.066991 66.287204 -0.000032 28.346783 0.000033 15.826539 0.994611 0.149336 -2.464783 -1.573986 2.681908 -2.459590 -8.111300 -14.701694 4.385883 -23.159852 -4.061071 -2.646272 -1.527805 1.527820 -1.893687 5.779508 2.215569 -1.994590 -1.151582 1.151577 0.000001 -0.000001 -0.000000 -9.108309 -0.517885 2.259805 0.948834 -3.671695 22.550575 0.124965 -1.314887 10.856170 0.300411 -2.025578 16.870817 -0.000003 0.000001 0.000001 -9.532494 0.000013 0.000001 0.105845 -1.290190 14.300862 0.228462 -1.771135 14.698676 -2.654815 -4.955254 27.045734 -0.000002 0.000000 -0.000000 -9.103596 -0.043104 -1.865102 0.456840 -2.483198 20.873917 0.151919 -1.448367 11.974385 -10.819894 -6.501626 19.460872 0.000000 -0.000000 -0.000002 -8.076690 -0.486731 -3.806301 0.356273 -2.224398 15.920633 0.248614 -1.846189 15.336824 0.560885 -2.740616 23.128796 0.000001 -0.000001 -0.000003 4.570403 11.014706 -2.160814 0.595826 -3.161057 -8.974690 15.926476 13.871204 -83.822643 -0.000001 -21.045061 -0.000028 14.334033 -9.392041 -0.739398 2.466099 -1.576209 2.681698 -3.453118 10.572694 14.364757 4.248116 8.212814 0.819314 2.647889 -1.528754 1.528746 -9.101468 5.505909 -1.711712 1.998925 -1.154094 1.154076 0.000001 0.000001 -0.000000 9.109305 -0.518014 2.259896 -0.154136 0.019074 -12.229356 0.228673 1.763249 -14.778610 0.360593 2.203206 -18.589717 0.000001 -0.000000 -0.000001 9.533390 0.000001 -0.000000 -0.031450 0.062241 -6.015854 0.267780 1.905282 -16.000611 0.394299 2.300944 -19.447654 0.000002 -0.000002 -0.000002 9.104501 -0.042995 -1.865104 -0.092537 0.318432 -12.345774 0.313573 2.058168 -17.324553 0.727865 3.086208 -26.536311 0.000001 -0.000002 -0.000002 8.077810 -0.486898 -3.806307 1.210693 5.648265 -13.941953 0.257252 -2.183662 -16.213363 0.204334 1.668373 -13.966397 -0.000002 -0.000001 0.000002 -8.207796 -6.751722 -1.599543 -4.079195 -8.640418 9.836710 17.853686 -5.266600 1.114600 -9.884590 2.905538 -1.074016 -0.455380 0.000003 -0.000001 -0.000000 0.000000 0.000000 8.207800 -6.751705 -1.599545 -15.798689 4.811260 12.938006 33.112118 8.867805 -1.269984 -16.083226 0.732244 -2.106731 1.143315 -0.000007 0.000239 0.000000 -0.000001 0.000000 
0.682581 101.137871 1.716246 -2.517484 -2.829861 -10.100996 -0.000000 10.181551 0.131524 2.639233 -0.719640 10.660837 -5.428760 -2.084319 2.327860 -5.454414 -1.990644 2.278374 -0.000002 16.740356 -2.049021 5.807732 0.611258 -5.964027 0.000000 9.617840 1.684978 -3.904164 0.668022 1.086052 0.000000 22.037399 7.501065 0.000001 0.000001 0.000000 -4.570004 11.014868 -2.160840 0.576944 -0.270878 9.670281 16.658606 2.224836 66.256872 -0.000009 28.373453 0.000026 15.725860 0.967976 0.145440 -2.464786 -1.573988 2.681912 -2.458641 -8.119254 -14.701398 4.395508 -23.181785 -4.058827 -2.646265 -1.527806 1.527811 -1.872193 5.736720 2.210861 -1.994602 -1.151580 1.151576 -0.000003 0.000004 0.000005 -9.108296 -0.517869 2.259805 0.949516 -3.671712 22.584161 0.125618 -1.318403 10.885669 0.303423 -2.035424 16.955303 -0.000002 0.000002 0.000003 -9.532492 0.000018 0.000004 0.102607 -1.278915 14.345638 0.230631 -1.779375 14.768541 -2.628170 -4.961215 27.139366 -0.000001 -0.000001 -0.000001 -9.103590 -0.043102 -1.865100 0.454460 -2.476966 20.930066 0.153055 -1.453807 12.019969 -10.812693 -6.516122 19.508617 0.000000 0.000000 0.000001 -8.076685 -0.486732 -3.806295 0.355878 -2.221959 15.973891 0.250308 -1.852378 15.389581 0.563342 -2.746314 23.179659 -0.000000 -0.000001 0.000003 4.570401 11.014679 -2.160815 0.594557 -3.167867 -8.986821 15.941798 13.851412 -83.759662 0.000013 -21.023732 -0.000005 14.369596 -9.398134 -0.819353 2.466086 -1.576207 2.681700 -3.439101 10.620743 14.366282 4.267003 8.245753 0.820040 2.647883 -1.528748 1.528747 -9.100408 5.587340 -1.637861 1.998925 -1.154090 1.154069 0.000001 0.000003 -0.000000 9.109291 -0.518016 2.259902 -0.154657 0.026245 -12.307620 0.231716 1.774706 -14.876951 0.366533 2.220770 -18.743530 -0.000001 0.000000 0.000001 9.533405 0.000005 -0.000001 -0.032361 0.063021 -6.099984 0.270840 1.915940 -16.092610 0.399435 2.315360 -19.574603 0.000001 -0.000000 -0.000001 9.104500 -0.042996 -1.865100 -0.089649 0.340508 -12.437252 0.315469 2.064228 -17.377374 0.732218 3.094921 -26.617257 -0.000001 -0.000000 0.000001 8.077791 -0.486901 -3.806302 1.214845 5.643457 -14.015899 0.261127 -2.170431 -16.327571 0.209658 1.689603 -14.147842 -0.000001 -0.000003 -0.000003 -8.207802 -6.751719 -1.599542 -4.068511 -8.634567 9.845540 17.842566 -5.239938 1.111495 -9.880293 2.907928 -1.081030 -0.455311 0.000003 -0.000002 0.000000 -0.000001 0.000000 8.207797 -6.751694 -1.599543 -15.785867 4.808985 12.943982 33.109041 8.867140 -1.267087 -16.089221 0.745862 -2.115392 1.149709 0.000011 0.000229 0.000000 0.000000 0.000000 
0.675739 101.135193 1.713296 -2.523716 -2.858608 -10.104461 -0.000001 10.181535 0.131523 2.676108 -0.718196 10.661767 -5.438159 -2.094908 2.324392 -5.464118 -1.999961 2.274636 -0.000002 16.740356 -2.049017 5.809764 0.615939 -5.959875 -0.000000 9.617870 1.684978 -3.933269 0.704766 1.068227 -0.000000 22.037369 7.501075 -0.000000 -0.000000 -0.000000 -4.570000 11.014894 -2.160837 0.579980 -0.204667 9.729832 16.645309 2.343482 66.164418 -0.000015 28.371271 0.000026 15.802491 0.928294 0.239207 -2.464792 -1.573998 2.681903 -2.457650 -8.127372 -14.701135 4.405288 -23.204082 -4.056587 -2.646272 -1.527798 1.527818 -1.850327 5.693120 2.206106 -1.994583 -1.151583 1.151579 -0.000000 -0.000005 -0.000000 -9.108305 -0.517885 2.259800 0.950212 -3.671745 22.618387 0.126320 -1.321999 10.915683 0.306465 -2.045423 17.041264 -0.000002 0.000002 0.000001 -9.532504 -0.000001 -0.000004 0.099300 -1.267453 14.391210 0.232823 -1.787750 14.839721 -2.601066 -4.967215 27.234669 -0.000000 -0.000000 -0.000001 -9.103594 -0.043109 -1.865106 0.452011 -2.470648 20.987221 0.154265 -1.459333 12.066381 -10.805385 -6.530879 19.557195 0.000001 0.000000 -0.000003 -8.076694 -0.486724 -3.806302 0.355466 -2.219486 16.028070 0.252030 -1.858687 15.443307 0.565832 -2.752098 23.231447 0.000001 0.000002 0.000004 4.570399 11.014686 -2.160815 0.594232 -3.172180 -9.021030 15.898942 13.781136 -83.648869 0.000002 -21.006235 -0.000009 14.456883 -9.391622 -0.856120 2.466087 -1.576190 2.681701 -3.424856 10.669574 14.367883 4.286196 8.279210 0.820843 2.647886 -1.528753 1.528746 -9.099294 5.670047 -1.562817 1.998920 -1.154093 1.154072 0.000000 -0.000003 0.000002 9.109282 -0.518012 2.259901 -0.155128 0.033554 -12.387086 0.234806 1.786336 -14.976826 0.372606 2.238582 -18.899808 0.000002 -0.000001 -0.000001 9.533374 0.000009 0.000002 -0.033263 0.063819 -6.185420 0.273975 1.926753 -16.186090 0.404649 2.329994 -19.703581 -0.000001 0.000001 0.000003 9.104489 -0.042999 -1.865100 -0.086634 0.362932 -12.530194 0.317403 2.070417 -17.431035 0.736660 3.103747 -26.699472 -0.000003 -0.000001 -0.000002 8.077785 -0.486879 -3.806299 1.219060 5.638573 -14.091023 0.265071 -2.156969 -16.443592 0.215122 1.711145 -14.332216 0.000001 0.000001 0.000003 -8.207799 -6.751712 -1.599544 -4.075089 -8.628686 9.851246 17.859577 -5.209583 1.109477 -9.885453 2.909939 -1.088431 -0.455291 0.000009 -0.000001 -0.000000 -0.000001 0.000000 8.207803 -6.751707 -1.599542 -15.784854 4.808424 12.950948 33.121230 8.864749 -1.263669 -16.097234 0.759289 -2.123204 1.154681 -0.000011 0.000233 -0.000000 -0.000001 0.000000 
0.666967 101.127541 1.708349 -2.528697 -2.887109 -10.113918 -0.000001 10.181545 0.131523 2.695071 -0.718321 10.660043 -5.425554 -2.099616 2.323329 -5.451620 -2.004299 2.273849 -0.000002 16.740379 -2.049031 5.797664 0.620156 -5.953353 0.000001 9.617877 1.684977 -3.949419 0.732226 1.074949 -0.000000 22.037369 7.501072 -0.000000 0.000000 0.000000 -4.570003 11.014870 -2.160848 0.585413 -0.113064 9.830249 16.602428 2.437749 66.020062 -0.000003 28.321963 0.000051 15.854235 0.914827 0.258090 -2.464792 -1.574005 2.681912 -2.456641 -8.135612 -14.700905 4.415237 -23.226762 -4.054253 -2.646276 -1.527815 1.527821 -1.828104 5.648796 2.201285 -1.994586 -1.151586 1.151576 0.000001 -0.000003 0.000001 -9.108307 -0.517887 2.259802 0.950917 -3.671766 22.653122 0.127005 -1.325656 10.946221 0.309622 -2.055596 17.128699 0.000000 0.000002 0.000008 -9.532483 0.000021 0.000001 0.095909 -1.255803 14.437534 0.235098 -1.796269 14.912115 -2.573511 -4.973245 27.331608 0.000002 0.000001 0.000002 -9.103584 -0.043103 -1.865099 0.449507 -2.464221 21.045314 0.155438 -1.464952 12.113568 -10.797892 -6.545890 19.606692 -0.000001 0.000001 0.000004 -8.076696 -0.486731 -3.806297 0.355042 -2.216964 16.083166 0.253819 -1.865088 15.497950 0.568340 -2.757985 23.284120 -0.000000 -0.000001 -0.000003 4.570401 11.014699 -2.160821 0.594751 -3.187301 -9.047187 15.797430 13.685091 -83.549961 -0.000009 -20.965855 -0.000021 14.609776 -9.349585 -0.909212 2.466098 -1.576210 2.681698 -3.410459 10.719136 14.369504 4.305692 8.313166 0.821596 2.647883 -1.528751 1.528753 -9.098251 5.753985 -1.486620 1.998932 -1.154092 1.154074 0.000002 0.000001 -0.000000 9.109287 -0.518014 2.259898 -0.155646 0.040976 -12.467739 0.237990 1.798142 -15.078196 0.378851 2.256663 -19.058473 0.000002 0.000001 0.000000 9.533392 0.000003 -0.000002 -0.034251 0.064621 -6.272155 0.277191 1.937756 -16.281001 0.409990 2.344837 -19.834483 -0.000000 0.000001 0.000001 9.104488 -0.042983 -1.865102 -0.083554 0.385679 -12.624516 0.319364 2.076676 -17.485501 0.741200 3.112725 -26.782924 -0.000001 -0.000001 -0.000004 8.077799 -0.486882 -3.806305 1.223272 5.633611 -14.167246 0.269128 -2.143321 -16.561378 0.220749 1.732996 -14.519343 0.000000 -0.000001 -0.000002 -8.207800 -6.751713 -1.599543 -4.096635 -8.625699 9.864186 17.902983 -5.189160 1.105715 -9.902587 2.912907 -1.094560 -0.455347 0.000005 -0.000001 0.000000 -0.000000 0.000000 8.207798 -6.751702 -1.599544 -15.799320 4.807737 12.967611 33.154927 8.858153 -1.258978 -16.109064 0.772380 -2.133664 1.148220 0.000018 0.000222 0.000000 0.000001 0.000000 
0.655613 101.121292 1.699393 -2.525667 -2.916073 -10.126893 -0.000001 10.181546 0.131523 2.687955 -0.720689 10.657824 -5.399168 -2.098269 2.324008 -5.425094 -2.003629 2.275283 -0.000002 16.740385 -2.049018 5.788312 0.621329 -5.946513 0.000001 9.617868 1.684977 -3.975806 0.733989 1.092047 -0.000000 22.037384 7.501067 -0.000000 0.000000 -0.000000 -4.570003 11.014874 -2.160840 0.589156 0.001846 9.918909 16.515766 2.498749 65.900390 -0.000024 28.222622 0.000056 15.992263 0.856727 0.277781 -2.464791 -1.573997 2.681910 -2.455635 -8.143963 -14.700645 4.425353 -23.249827 -4.051920 -2.646270 -1.527806 1.527820 -1.805532 5.603750 2.196434 -1.994590 -1.151586 1.151579 0.000001 -0.000001 -0.000000 -9.108291 -0.517883 2.259806 0.951642 -3.671782 22.688485 0.127727 -1.329362 10.977244 0.312815 -2.065932 17.217522 -0.000002 0.000003 0.000006 -9.532503 -0.000001 -0.000000 0.092453 -1.243950 14.484565 0.237405 -1.804916 14.985701 -2.545530 -4.979283 27.430110 0.000002 0.000000 0.000001 -9.103594 -0.043107 -1.865099 0.446932 -2.457694 21.104388 0.156690 -1.470660 12.161559 -10.790253 -6.561111 19.656933 -0.000002 0.000001 -0.000003 -8.076698 -0.486728 -3.806299 0.354602 -2.214390 16.139134 0.255638 -1.871598 15.553428 0.570935 -2.763955 23.337635 -0.000002 0.000000 -0.000002 4.570399 11.014689 -2.160815 0.594348 -3.243107 -9.094132 15.656655 13.547071 -83.395216 0.000008 -20.918446 0.000004 14.755678 -9.318433 -1.038789 2.466093 -1.576210 2.681700 -3.395832 10.769432 14.371136 4.325449 8.347621 0.822317 2.647899 -1.528753 1.528746 -9.097172 5.839080 -1.409393 1.998925 -1.154105 1.154082 0.000001 -0.000001 -0.000000 9.109289 -0.518010 2.259900 -0.156138 0.048476 -12.549542 0.241211 1.810107 -15.181009 0.385178 2.274988 -19.219365 0.000001 0.000002 0.000000 9.533394 0.000002 0.000001 -0.035206 0.065456 -6.360099 0.280422 1.948884 -16.377243 0.415452 2.359886 -19.967267 0.000003 0.000001 0.000001 9.104492 -0.042998 -1.865101 -0.080375 0.408748 -12.720165 0.321379 2.083034 -17.540764 0.745814 3.121816 -26.867569 -0.000001 0.000001 0.000000 8.077803 -0.486900 -3.806303 1.227547 5.628576 -14.244530 0.273245 -2.129490 -16.680833 0.226531 1.755140 -14.709128 0.000000 -0.000000 -0.000001 -8.207800 -6.751712 -1.599542 -4.121395 -8.622052 9.884406 17.932421 -5.173988 1.102199 -9.910212 2.917170 -1.103493 -0.455453 0.000005 -0.000003 0.000000 0.000001 0.000000 8.207800 -6.751701 -1.599544 -15.824230 4.808625 12.988128 33.183159 8.845574 -1.248046 -16.113511 0.784402 -2.146470 1.138754 0.000000 0.000223 0.000000 -0.000001 0.000000 
0.643623 101.117805 1.689745 -2.515364 -2.940850 -10.149639 -0.000001 10.181560 0.131523 2.652321 -0.725839 10.654327 -5.351333 -2.090014 2.327506 -5.376844 -1.997374 2.280105 0.000001 16.740383 -2.049020 5.795685 0.615572 -5.950595 0.000001 9.617870 1.684976 -4.044230 0.748008 1.086192 -0.000000 22.037369 7.501079 0.000003 -0.000000 0.000000 -4.570001 11.014872 -2.160840 0.588258 0.162565 9.963896 16.381804 2.528237 65.852183 -0.000009 28.082010 0.000071 16.026315 0.891473 0.260985 -2.464785 -1.573999 2.681910 -2.454637 -8.152484 -14.700338 4.435609 -23.273238 -4.049534 -2.646266 -1.527795 1.527815 -1.782607 5.558003 2.191490 -1.994590 -1.151576 1.151576 0.000002 -0.000006 -0.000000 -9.108296 -0.517888 2.259801 0.952346 -3.671806 22.724357 0.128465 -1.333130 11.008751 0.316068 -2.076414 17.307764 0.000000 0.000001 0.000000 -9.532495 0.000004 -0.000004 0.088878 -1.231949 14.532419 0.239767 -1.813708 15.060384 -2.517096 -4.985331 27.530184 -0.000001 0.000002 0.000004 -9.103585 -0.043106 -1.865104 0.444291 -2.451089 21.164374 0.157934 -1.476459 12.210232 -10.782484 -6.576551 19.707976 -0.000003 0.000001 0.000003 -8.076695 -0.486730 -3.806303 0.354101 -2.211816 16.196025 0.257484 -1.878212 15.609813 0.573532 -2.770024 23.392018 -0.000001 0.000000 0.000000 4.570398 11.014690 -2.160817 0.595950 -3.333230 -9.194756 15.441926 13.392462 -83.170114 0.000005 -20.825520 -0.000039 14.956458 -9.287432 -1.172018 2.466088 -1.576216 2.681700 -3.381010 10.820373 14.372733 4.345468 8.382532 0.823079 2.647882 -1.528741 1.528749 -9.096127 5.925301 -1.331092 1.998925 -1.154088 1.154070 -0.000001 -0.000001 -0.000000 9.109282 -0.518014 2.259899 -0.156648 0.056088 -12.632455 0.244521 1.822231 -15.285200 0.391693 2.293518 -19.382421 -0.000001 -0.000001 0.000001 9.533390 0.000003 -0.000003 -0.036220 0.066286 -6.449270 0.283764 1.960162 -16.474734 0.420993 2.375091 -20.101817 0.000001 -0.000000 -0.000000 9.104479 -0.042998 -1.865099 -0.077062 0.432110 -12.817112 0.323408 2.089457 -17.596791 0.750481 3.131013 -26.953339 -0.000001 0.000001 0.000001 8.077792 -0.486884 -3.806303 1.231838 5.623457 -14.322902 0.277478 -2.115486 -16.801879 0.232462 1.777567 -14.901485 0.000000 0.000001 0.000000 -8.207801 -6.751711 -1.599542 -4.137665 -8.611839 9.919494 17.930618 -5.167243 1.097779 -9.901890 2.920858 -1.113118 -0.455640 0.000014 -0.000000 0.000000 0.000001 0.000000 8.207800 -6.751721 -1.599543 -15.858668 4.817683 13.026956 33.206867 8.835054 -1.248094 -16.115693 0.796295 -2.153185 1.134508 -0.000012 0.000224 -0.000000 0.000000 0.000000 
0.631092 101.114212 1.681162 -2.511836 -2.954251 -10.145329 0.000001 10.181548 0.131524 2.594003 -0.733417 10.647870 -5.263519 -2.075270 2.332694 -5.288358 -1.986058 2.287448 -0.000003 16.740366 -2.049024 5.786413 0.604908 -5.942982 -0.000000 9.617854 1.684979 -4.143777 0.755371 1.071900 0.000001 22.037354 7.501067 -0.000000 0.000000 -0.000000 -4.570005 11.014874 -2.160843 0.589709 0.340458 10.049861 16.237252 2.564475 65.754935 -0.000030 28.008842 0.000054 16.022331 0.913497 0.215507 -2.464800 -1.573998 2.681910 -2.453612 -8.161116 -14.700077 4.446030 -23.296978 -4.047080 -2.646267 -1.527812 1.527813 -1.759392 5.511559 2.186524 -1.994602 -1.151583 1.151577 -0.000000 -0.000005 0.000001 -9.108310 -0.517879 2.259805 0.953066 -3.671829 22.760750 0.129232 -1.336949 11.040728 0.319371 -2.087042 17.399282 0.000003 0.000000 0.000003 -9.532492 0.000018 0.000002 0.085281 -1.219751 14.580900 0.242156 -1.822618 15.136170 -2.488271 -4.991393 27.631706 -0.000002 0.000001 0.000005 -9.103594 -0.043106 -1.865101 0.441592 -2.444379 21.225233 0.159216 -1.482355 12.259681 -10.774625 -6.592231 19.759751 -0.000002 -0.000001 -0.000001 -8.076694 -0.486709 -3.806301 0.353630 -2.209179 16.253682 0.259340 -1.884927 15.666972 0.576216 -2.776168 23.447155 -0.000005 0.000001 0.000002 4.570399 11.014683 -2.160819 0.597862 -3.417696 -9.315466 15.173830 13.152052 -82.868322 0.000001 -20.791120 0.000018 15.163443 -9.160674 -1.254805 2.466100 -1.576223 2.681695 -3.366033 10.871968 14.374355 4.365740 8.417881 0.823829 2.647910 -1.528754 1.528744 -9.095092 6.012566 -1.251805 1.998898 -1.154094 1.154074 -0.000001 -0.000000 -0.000002 9.109294 -0.518011 2.259898 -0.157145 0.063823 -12.716415 0.247873 1.834491 -15.390686 0.398350 2.312286 -19.547501 -0.000000 -0.000000 0.000001 9.533402 -0.000001 -0.000004 -0.037252 0.067140 -6.539483 0.287159 1.971571 -16.573502 0.426670 2.390518 -20.238038 0.000003 0.000001 0.000002 9.104494 -0.042997 -1.865101 -0.073665 0.455755 -12.915288 0.325481 2.095974 -17.653425 0.755233 3.140338 -27.040188 -0.000001 0.000001 -0.000003 8.077801 -0.486884 -3.806303 1.236175 5.618278 -14.402190 0.281741 -2.101314 -16.924457 0.238546 1.800247 -15.096207 0.000001 0.000001 -0.000000 -8.207799 -6.751712 -1.599544 -4.161431 -8.615187 9.920362 17.958847 -5.156468 1.097866 -9.910696 2.924068 -1.122721 -0.455863 0.000005 0.000003 0.000000 -0.000000 0.000000 8.207801 -6.751700 -1.599544 -15.873921 4.817402 13.027694 33.218243 8.847219 -1.243838 -16.110442 0.811334 -2.164054 1.127931 -0.000009 0.000214 0.000000 0.000000 0.000000 
0.614529 101.105782 1.670454 -2.513148 -2.960097 -10.154610 -0.000002 10.181550 0.131524 2.516476 -0.742947 10.640408 -5.135965 -2.054149 2.339209 -5.159889 -1.969679 2.296848 0.000001 16.740381 -2.049025 5.751308 0.594938 -5.912010 0.000000 9.617869 1.684971 -4.258725 0.761095 1.058718 0.000000 22.037399 7.501072 -0.000000 0.000000 0.000000 -4.569998 11.014903 -2.160841 0.597729 0.469487 10.212252 16.057724 2.629413 65.579809 -0.000010 27.956888 0.000044 16.023240 0.948383 0.266573 -2.464787 -1.573987 2.681911 -2.452517 -8.169881 -14.699750 4.456610 -23.321070 -4.044622 -2.646256 -1.527814 1.527818 -1.735852 5.464482 2.181507 -1.994601 -1.151582 1.151575 0.000002 0.000000 0.000001 -9.108293 -0.517886 2.259804 0.953843 -3.671851 22.797665 0.129957 -1.340816 11.073135 0.322775 -2.097825 17.492108 0.000001 0.000001 0.000005 -9.532484 0.000002 0.000004 0.081583 -1.207408 14.630106 0.244650 -1.831637 15.212959 -2.459047 -4.997459 27.734690 0.000003 0.000001 0.000005 -9.103605 -0.043101 -1.865100 0.438875 -2.437594 21.286920 0.160494 -1.488307 12.309774 -10.766610 -6.608122 19.812277 -0.000001 -0.000000 0.000000 -8.076685 -0.486716 -3.806297 0.353141 -2.206518 16.312181 0.261251 -1.891710 15.724987 0.578945 -2.782420 23.503065 -0.000004 -0.000001 -0.000001 4.570404 11.014712 -2.160818 0.599528 -3.521380 -9.443622 14.796857 12.880297 -82.514327 0.000002 -20.723865 0.000021 15.366937 -9.097111 -1.472542 2.466085 -1.576221 2.681698 -3.350884 10.924170 14.375996 4.386258 8.453647 0.824560 2.647883 -1.528755 1.528751 -9.094051 6.100840 -1.171616 1.998925 -1.154091 1.154082 -0.000001 -0.000001 -0.000000 9.109282 -0.518011 2.259902 -0.157626 0.071612 -12.801341 0.251308 1.846893 -15.497421 0.405082 2.331230 -19.714540 -0.000000 0.000000 -0.000003 9.533388 0.000004 0.000001 -0.038305 0.068003 -6.630844 0.290600 1.983118 -16.673363 0.432431 2.406078 -20.375870 -0.000001 0.000001 -0.000005 9.104483 -0.042999 -1.865098 -0.070147 0.479663 -13.014605 0.327572 2.102555 -17.710798 0.760063 3.149747 -27.128057 -0.000002 -0.000003 -0.000002 8.077782 -0.486899 -3.806299 1.240525 5.613007 -14.482451 0.286143 -2.086982 -17.048396 0.244782 1.823163 -15.293251 0.000002 -0.000002 -0.000003 -8.207798 -6.751720 -1.599544 -4.191010 -8.600146 9.942469 18.005109 -5.176670 1.093538 -9.928838 2.927141 -1.128115 -0.456154 0.000002 -0.000000 -0.000000 0.000000 0.000000 8.207798 -6.751706 -1.599544 -15.900008 4.807402 13.042133 33.255887 8.864879 -1.233529 -16.115997 0.827526 -2.183972 1.122976 -0.000006 0.000208 -0.000000 0.000000 0.000000 
0.600931 101.094223 1.656858 -2.529702 -2.946183 -10.155117 -0.000003 10.181552 0.131524 2.422744 -0.754035 10.631333 -4.967427 -2.026919 2.347257 -4.990220 -1.948396 2.308419 -0.000001 16.740391 -2.049026 5.705447 0.583090 -5.883498 0.000000 9.617860 1.684973 -4.401839 0.781955 1.082521 0.000000 22.037369 7.501077 0.000002 0.000000 -0.000000 -4.570000 11.014881 -2.160846 0.606592 0.644406 10.412732 15.832647 2.713960 65.356072 -0.000004 27.882801 0.000054 15.988112 0.981386 0.257074 -2.464789 -1.573987 2.681907 -2.451466 -8.178742 -14.699506 4.467300 -23.345467 -4.042133 -2.646263 -1.527805 1.527817 -1.712011 5.416765 2.176452 -1.994597 -1.151583 1.151574 -0.000000 -0.000001 -0.000000 -9.108313 -0.517871 2.259799 0.954545 -3.671883 22.835061 0.130750 -1.344753 11.105987 0.326225 -2.108734 17.586151 -0.000001 0.000000 0.000001 -9.532492 0.000016 -0.000004 0.077802 -1.194914 14.679926 0.247115 -1.840781 15.290840 -2.429452 -5.003507 27.839019 0.000001 0.000000 0.000002 -9.103600 -0.043103 -1.865106 0.436033 -2.430752 21.349414 0.161838 -1.494351 12.360563 -10.758489 -6.624200 19.865493 -0.000001 0.000001 0.000004 -8.076693 -0.486730 -3.806300 0.352598 -2.203830 16.371443 0.263195 -1.898601 15.783736 0.581696 -2.788731 23.559730 0.000001 0.000001 0.000005 4.570403 11.014670 -2.160820 0.601031 -3.593255 -9.554287 14.334890 12.553511 -82.163385 -0.000004 -20.638217 -0.000011 15.629001 -9.010591 -1.671931 2.466084 -1.576211 2.681696 -3.335588 10.976953 14.377644 4.406977 8.489819 0.825295 2.647885 -1.528745 1.528748 -9.093035 6.190046 -1.090458 1.998917 -1.154077 1.154079 -0.000001 -0.000001 -0.000000 9.109293 -0.518010 2.259898 -0.158133 0.079500 -12.887186 0.254804 1.859432 -15.605358 0.411999 2.350380 -19.883442 -0.000000 0.000002 0.000002 9.533394 -0.000015 -0.000001 -0.039394 0.068896 -6.723099 0.294125 1.994762 -16.774432 0.438308 2.421814 -20.515226 -0.000003 -0.000001 -0.000006 9.104481 -0.042994 -1.865102 -0.066554 0.503831 -13.115010 0.329700 2.109213 -17.768793 0.764939 3.159252 -27.216902 -0.000001 -0.000002 -0.000003 8.077796 -0.486881 -3.806303 1.244907 5.607695 -14.563558 0.290604 -2.072511 -17.173793 0.251151 1.846333 -15.492476 0.000002 -0.000002 -0.000004 -8.207801 -6.751705 -1.599543 -4.218381 -8.605923 9.944089 18.083850 -5.194521 1.098806 -9.963631 2.932046 -1.134744 -0.456496 0.000004 0.000004 -0.000000 0.000000 0.000000 8.207795 -6.751678 -1.599542 -15.918150 4.802951 13.041918 33.302039 8.873456 -1.214693 -16.123435 0.843025 -2.201937 1.115191 -0.000010 0.000196 0.000000 0.000001 0.000000 
0.589056 101.083160 1.645969 -2.567863 -2.912499 -10.167630 0.000003 10.181557 0.131523 2.307299 -0.767240 10.623078 -4.773601 -1.993182 2.357401 -4.795044 -1.921641 2.322346 0.000000 16.740372 -2.049024 5.691713 0.566337 -5.858220 0.000001 9.617835 1.684982 -4.563786 0.786694 1.081579 0.000001 22.037384 7.501070 0.000001 0.000000 -0.000000 -4.570002 11.014859 -2.160845 0.613612 0.839394 10.604261 15.585616 2.826268 65.105001 -0.000004 27.794755 0.000032 16.011789 1.009244 0.306860 -2.464794 -1.573992 2.681915 -2.450388 -8.187726 -14.699231 4.478153 -23.370179 -4.039539 -2.646256 -1.527809 1.527820 -1.687878 5.368463 2.171349 -1.994609 -1.151589 1.151577 0.000001 0.000000 0.000001 -9.108307 -0.517867 2.259805 0.955333 -3.671909 22.872917 0.131514 -1.348719 11.139235 0.329736 -2.119769 17.681347 -0.000000 0.000002 0.000003 -9.532489 0.000019 0.000002 0.073960 -1.182260 14.730401 0.249660 -1.850038 15.369688 -2.399479 -5.009528 27.944636 0.000001 0.000000 -0.000002 -9.103592 -0.043102 -1.865098 0.433170 -2.423802 21.412699 0.163172 -1.500466 12.411979 -10.750229 -6.640473 19.919396 -0.000002 -0.000001 -0.000000 -8.076698 -0.486727 -3.806296 0.352079 -2.201094 16.431466 0.265162 -1.905565 15.843237 0.584483 -2.795116 23.617099 -0.000001 0.000001 0.000000 4.570399 11.014654 -2.160818 0.601346 -3.695683 -9.633607 13.860910 12.188962 -81.860261 -0.000003 -20.568450 0.000015 15.854389 -8.935716 -1.925532 2.466095 -1.576194 2.681697 -3.320147 11.030292 14.379268 4.427908 8.526353 0.826013 2.647884 -1.528756 1.528749 -9.092032 6.280163 -1.008500 1.998924 -1.154093 1.154077 0.000000 0.000000 0.000003 9.109282 -0.518013 2.259901 -0.158638 0.087487 -12.973938 0.258348 1.872091 -15.714356 0.419040 2.369703 -20.054052 -0.000001 -0.000000 0.000002 9.533394 0.000001 0.000001 -0.040503 0.069779 -6.816386 0.297661 2.006547 -16.876416 0.444285 2.437690 -20.656020 -0.000001 -0.000001 -0.000002 9.104499 -0.043000 -1.865102 -0.062873 0.528234 -13.216464 0.331875 2.115938 -17.827391 0.769896 3.168842 -27.306657 0.000000 -0.000003 -0.000002 8.077794 -0.486881 -3.806304 1.249279 5.602312 -14.645526 0.295142 -2.057894 -17.300444 0.257677 1.869697 -15.693739 0.000000 -0.000001 -0.000001 -8.207798 -6.751710 -1.599542 -4.208305 -8.621479 9.954847 18.149102 -5.212983 1.108128 -9.996658 2.936838 -1.142366 -0.456877 -0.000000 0.000002 0.000000 0.000000 0.000000 8.207802 -6.751699 -1.599544 -15.917817 4.804726 13.055252 33.352852 8.855836 -1.193783 -16.138502 0.856925 -2.214584 1.111756 -0.000013 0.000189 0.000000 0.000000 0.000000 
0.571632 101.073822 1.637565 -2.616143 -2.895775 -10.192105 0.000003 10.181548 0.131525 2.171607 -0.782073 10.619066 -4.555507 -1.949484 2.386631 -4.575735 -1.885129 2.355035 -0.000001 16.740376 -2.049026 5.686559 0.541858 -5.865032 -0.000000 9.617838 1.684978 -4.751756 0.747407 1.046614 0.000000 22.037354 7.501073 -0.000000 0.000000 0.000000 -4.570000 11.014869 -2.160846 0.619261 1.056696 10.796672 15.292763 2.904254 64.816740 -0.000013 27.664346 0.000052 16.124704 1.233022 0.481580 -2.464794 -1.573997 2.681905 -2.449288 -8.196808 -14.698929 4.489119 -23.395196 -4.036971 -2.646255 -1.527812 1.527815 -1.663500 5.319552 2.166215 -1.994594 -1.151585 1.151580 0.000001 -0.000005 0.000001 -9.108305 -0.517880 2.259798 0.956086 -3.671929 22.911250 0.132344 -1.352749 11.172862 0.333285 -2.130940 17.777726 -0.000001 0.000002 0.000001 -9.532488 0.000020 -0.000003 0.070059 -1.169461 14.781467 0.252237 -1.859389 15.449478 -2.369164 -5.015542 28.051546 -0.000003 0.000002 0.000001 -9.103588 -0.043102 -1.865106 0.430262 -2.416773 21.476761 0.164551 -1.506648 12.463962 -10.741900 -6.656934 19.973927 -0.000002 0.000001 0.000004 -8.076681 -0.486727 -3.806302 0.351499 -2.198355 16.492176 0.267199 -1.912613 15.903428 0.587321 -2.801580 23.675162 -0.000001 0.000001 -0.000003 4.570402 11.014701 -2.160821 0.602076 -3.852404 -9.785724 13.378246 11.850745 -81.535117 -0.000000 -20.535037 -0.000005 15.913229 -8.805668 -2.123283 2.466088 -1.576201 2.681703 -3.304547 11.084133 14.380900 4.449034 8.563250 0.826701 2.647880 -1.528756 1.528749 -9.091054 6.371115 -0.925769 1.998913 -1.154089 1.154074 -0.000002 -0.000001 0.000001 9.109287 -0.518008 2.259902 -0.159122 0.095544 -13.061503 0.261959 1.884852 -15.824437 0.426184 2.389194 -20.226287 -0.000003 0.000000 0.000003 9.533386 0.000007 0.000003 -0.041642 0.070680 -6.910548 0.301281 2.018429 -16.979439 0.450344 2.453710 -20.798151 -0.000001 -0.000001 0.000001 9.104488 -0.042993 -1.865098 -0.059078 0.552864 -13.318897 0.334083 2.122723 -17.886491 0.774890 3.178529 -27.397270 -0.000002 -0.000004 -0.000000 8.077789 -0.486898 -3.806303 1.253675 5.596857 -14.728244 0.299758 -2.043153 -17.428266 0.264351 1.893264 -15.896925 -0.000001 -0.000001 0.000001 -8.207795 -6.751722 -1.599543 -4.175968 -8.620500 9.987622 18.190074 -5.227150 1.109492 -10.018922 2.941060 -1.151373 -0.457333 0.000003 -0.000003 -0.000000 0.000001 -0.000000 8.207802 -6.751703 -1.599544 -15.903097 4.802268 13.080638 33.401391 8.841174 -1.165536 -16.154623 0.874888 -2.238191 1.107225 -0.000010 0.000183 -0.000000 0.000001 0.000000 
0.558968 101.066750 1.630108 -2.658868 -2.892213 -10.194986 -0.000001 10.181568 0.131524 2.013089 -0.794064 10.610187 -4.322085 -1.890833 2.416287 -4.340830 -1.834707 2.387841 -0.000001 16.740381 -2.049029 5.690672 0.511198 -5.893582 -0.000000 9.617858 1.684977 -4.985396 0.674813 0.999249 0.000001 22.037384 7.501070 -0.000000 -0.000000 -0.000000 -4.570004 11.014878 -2.160849 0.619661 1.263382 10.912562 14.938804 2.972222 64.619409 -0.000016 27.519404 0.000036 16.082444 1.332231 0.398357 -2.464788 -1.573992 2.681910 -2.448176 -8.205984 -14.698623 4.500210 -23.420490 -4.034377 -2.646269 -1.527792 1.527814 -1.638831 5.270108 2.161047 -1.994593 -1.151582 1.151572 0.000002 -0.000002 0.000001 -9.108294 -0.517890 2.259803 0.956852 -3.671956 22.950003 0.133117 -1.356812 11.206907 0.336953 -2.142247 17.875182 -0.000001 0.000001 -0.000000 -9.532499 0.000000 0.000000 0.066052 -1.156533 14.833103 0.254872 -1.868868 15.530126 -2.338535 -5.021517 28.159670 -0.000005 0.000002 -0.000002 -9.103599 -0.043100 -1.865101 0.427286 -2.409681 21.541551 0.165910 -1.512903 12.516607 -10.733431 -6.673571 20.029064 -0.000001 0.000000 0.000003 -8.076686 -0.486729 -3.806299 0.350924 -2.195568 16.553602 0.269228 -1.919732 15.964328 0.590176 -2.808129 23.733857 -0.000000 0.000002 0.000003 4.570397 11.014673 -2.160825 0.602151 -4.066780 -9.982019 12.900541 11.486987 -81.172393 0.000010 -20.553269 0.000010 15.991834 -8.706907 -2.236640 2.466101 -1.576217 2.681701 -3.288855 11.138475 14.382574 4.470340 8.600467 0.827381 2.647880 -1.528746 1.528750 -9.090071 6.462828 -0.842275 1.998909 -1.154094 1.154080 -0.000000 0.000006 0.000003 9.109291 -0.518012 2.259902 -0.159599 0.103673 -13.149827 0.265592 1.897732 -15.935478 0.433471 2.408823 -20.400081 -0.000004 -0.000000 0.000000 9.533408 0.000007 0.000003 -0.042804 0.071614 -7.005524 0.304957 2.030394 -17.083406 0.456502 2.469839 -20.941543 0.000002 -0.000001 -0.000001 9.104487 -0.042998 -1.865098 -0.055175 0.577684 -13.422203 0.336285 2.129573 -17.946179 0.779974 3.188279 -27.488711 -0.000001 -0.000004 -0.000002 8.077808 -0.486884 -3.806302 1.258078 5.591345 -14.811719 0.304441 -2.028292 -17.557271 0.271164 1.917022 -16.101917 -0.000001 -0.000000 -0.000001 -8.207801 -6.751708 -1.599542 -4.154607 -8.638973 9.984060 18.239943 -5.207599 1.123147 -10.043488 2.946090 -1.167167 -0.457813 0.000007 -0.000002 0.000000 -0.000001 0.000000 8.207798 -6.751696 -1.599543 -15.876336 4.788609 13.075870 33.431829 8.852146 -1.143297 -16.165629 0.893394 -2.260693 1.108610 -0.000019 0.000182 -0.000000 0.000002 0.000000 
0.543303 101.061668 1.621346 -2.717462 -2.892021 -10.188085 0.000003 10.181545 0.131524 1.840075 -0.807326 10.596629 -4.063599 -1.824948 2.439402 -4.080535 -1.778253 2.414260 0.000002 16.740366 -2.049025 5.675679 0.478123 -5.912419 0.000000 9.617849 1.684978 -5.192530 0.606127 0.949110 -0.000000 22.037369 7.501066 -0.000000 -0.000000 -0.000000 -4.569999 11.014881 -2.160844 0.621337 1.438808 11.036699 14.549510 2.971279 64.443163 -0.000015 27.418188 0.000020 15.962441 1.333292 0.321241 -2.464792 -1.574004 2.681916 -2.447065 -8.215273 -14.698330 4.511425 -23.446036 -4.031709 -2.646274 -1.527797 1.527821 -1.613932 5.220130 2.155873 -1.994610 -1.151580 1.151578 -0.000000 -0.000003 0.000001 -9.108311 -0.517887 2.259809 0.957626 -3.671993 22.989169 0.133934 -1.360924 11.241307 0.340641 -2.153634 17.973663 0.000001 0.000001 -0.000001 -9.532494 0.000018 0.000004 0.061995 -1.143472 14.885274 0.257544 -1.878420 15.611676 -2.307583 -5.027461 28.268966 -0.000002 0.000001 0.000003 -9.103601 -0.043101 -1.865098 0.424243 -2.402540 21.607003 0.167320 -1.519223 12.569754 -10.724858 -6.690372 20.084808 0.000000 0.000001 0.000004 -8.076678 -0.486723 -3.806294 0.350324 -2.192758 16.615641 0.271267 -1.926944 16.025838 0.593109 -2.814727 23.793200 0.000001 -0.000001 -0.000001 4.570406 11.014688 -2.160817 0.601624 -4.271313 -10.171568 12.379402 11.106483 -80.823261 0.000010 -20.546911 0.000018 16.108062 -8.640050 -2.468166 2.466094 -1.576208 2.681697 -3.273040 11.193247 14.384208 4.491857 8.637981 0.828090 2.647884 -1.528759 1.528746 -9.089158 6.555288 -0.758108 1.998910 -1.154092 1.154071 -0.000001 0.000003 -0.000000 9.109293 -0.518015 2.259898 -0.160080 0.111863 -13.238925 0.269345 1.910692 -16.047451 0.440833 2.428588 -20.575293 -0.000001 -0.000000 0.000001 9.533396 0.000012 -0.000002 -0.043993 0.072527 -7.101300 0.308665 2.042479 -17.188169 0.462742 2.486093 -21.086124 0.000005 -0.000001 -0.000001 9.104489 -0.042998 -1.865103 -0.051164 0.602705 -13.526394 0.338515 2.136449 -18.006347 0.785108 3.198127 -27.580862 -0.000001 -0.000001 -0.000002 8.077796 -0.486899 -3.806303 1.262495 5.585792 -14.895845 0.309219 -2.013304 -17.687320 0.278106 1.940944 -16.308617 0.000002 -0.000001 0.000001 -8.207800 -6.751720 -1.599543 -4.115283 -8.671930 9.963871 18.289761 -5.168152 1.147328 -10.068190 2.952713 -1.192886 -0.458349 0.000006 0.000001 0.000000 -0.000001 -0.000000 8.207800 -6.751692 -1.599545 -15.828723 4.791575 13.068562 33.451620 8.851333 -1.127223 -16.174783 0.911717 -2.277562 1.115172 -0.000012 0.000178 0.000000 0.000001 0.000000 
0.523859 101.048866 1.608216 -2.769159 -2.906026 -10.212326 0.000001 10.181554 0.131526 1.650072 -0.822870 10.590054 -3.790503 -1.757052 2.474631 -3.805629 -1.720106 2.452652 -0.000001 16.740374 -2.049020 5.647130 0.442177 -5.914392 0.000000 9.617856 1.684974 -5.424872 0.541828 0.901498 -0.000000 22.037399 7.501070 -0.000000 0.000000 0.000000 -4.570004 11.014892 -2.160838 0.630982 1.692174 11.347424 14.161105 2.820143 64.102261 -0.000025 27.340173 0.000058 15.817887 1.416437 0.284445 -2.464784 -1.573997 2.681914 -2.445940 -8.224666 -14.698026 4.522745 -23.471868 -4.029025 -2.646257 -1.527803 1.527816 -1.588791 5.169631 2.150657 -1.994587 -1.151582 1.151575 0.000001 -0.000003 0.000001 -9.108308 -0.517879 2.259805 0.958379 -3.672027 23.028719 0.134783 -1.365065 11.276081 0.344381 -2.165165 18.073133 -0.000001 0.000002 0.000003 -9.532498 -0.000003 0.000003 0.057854 -1.130288 14.938020 0.260241 -1.888076 15.694028 -2.276291 -5.033362 28.379349 -0.000002 0.000001 0.000003 -9.103594 -0.043106 -1.865100 0.421146 -2.395320 21.673116 0.168746 -1.525599 12.623435 -10.716167 -6.707328 20.141137 -0.000001 0.000000 0.000003 -8.076699 -0.486729 -3.806297 0.349689 -2.189940 16.678321 0.273379 -1.934216 16.087998 0.596046 -2.821394 23.853140 -0.000002 0.000003 0.000002 4.570401 11.014695 -2.160814 0.600768 -4.435795 -10.329349 11.798091 10.737661 -80.560060 -0.000007 -20.416416 0.000037 16.462863 -8.683328 -2.782347 2.466104 -1.576219 2.681699 -3.257103 11.248456 14.385840 4.513493 8.675802 0.828746 2.647885 -1.528755 1.528747 -9.088239 6.648411 -0.673297 1.998929 -1.154080 1.154080 0.000001 0.000003 -0.000002 9.109284 -0.518017 2.259902 -0.160561 0.120128 -13.328693 0.273111 1.923776 -16.160236 0.448347 2.448480 -20.751843 -0.000004 0.000001 0.000000 9.533387 0.000009 0.000001 -0.045217 0.073473 -7.197770 0.312447 2.054624 -17.293769 0.469100 2.502460 -21.231805 -0.000001 -0.000002 -0.000003 9.104491 -0.043000 -1.865103 -0.047056 0.627895 -13.631365 0.340770 2.143402 -18.066950 0.790296 3.208026 -27.673741 -0.000001 -0.000005 -0.000003 8.077793 -0.486882 -3.806303 1.266925 5.580174 -14.980632 0.314026 -1.998232 -17.818377 0.285220 1.965020 -16.516854 -0.000001 -0.000001 -0.000000 -8.207795 -6.751716 -1.599543 -4.100684 -8.661348 9.995198 18.357851 -5.166553 1.148756 -10.098597 2.957369 -1.205707 -0.459760 -0.000009 0.000000 0.000000 -0.000000 0.000000 8.207804 -6.751710 -1.599544 -15.824017 4.823104 13.120610 33.516496 8.798832 -1.124504 -16.205310 0.927608 -2.283046 1.122081 0.000001 0.000190 0.000000 0.000000 0.000000 
0.502556 101.032631 1.592511 -2.814555 -2.915817 -10.235389 -0.000000 10.181551 0.131523 1.445076 -0.845243 10.578291 -3.506364 -1.693667 2.498722 -3.519315 -1.667570 2.480084 -0.000001 16.740360 -2.049023 5.625710 0.398685 -5.913445 -0.000000 9.617858 1.684975 -5.758859 0.472018 0.854181 -0.000000 22.037399 7.501071 -0.000000 -0.000000 0.000000 -4.569999 11.014857 -2.160844 0.639768 1.947330 11.667615 13.786233 2.746124 63.716984 0.000002 27.315415 0.000009 15.726618 1.436097 0.151645 -2.464798 -1.574000 2.681909 -2.444815 -8.234119 -14.697727 4.534161 -23.497942 -4.026323 -2.646266 -1.527815 1.527816 -1.563408 5.118659 2.145397 -1.994599 -1.151586 1.151579 -0.000000 -0.000003 0.000003 -9.108309 -0.517868 2.259804 0.959169 -3.672057 23.068662 0.135597 -1.369253 11.311102 0.348194 -2.176774 18.173559 -0.000002 -0.000001 -0.000002 -9.532498 0.000014 0.000004 0.053651 -1.116994 14.991210 0.262976 -1.897807 15.777167 -2.244744 -5.039218 28.490773 -0.000002 0.000001 0.000002 -9.103594 -0.043103 -1.865099 0.417994 -2.388048 21.739836 0.170206 -1.532053 12.677651 -10.707431 -6.724434 20.197998 -0.000001 0.000001 0.000005 -8.076691 -0.486727 -3.806296 0.349051 -2.187081 16.741613 0.275486 -1.941547 16.150725 0.599037 -2.828115 23.913645 -0.000000 -0.000000 0.000002 4.570403 11.014688 -2.160818 0.599174 -4.587191 -10.440897 11.267119 10.325129 -80.283471 0.000005 -20.388618 0.000008 16.634070 -8.523131 -3.005832 2.466074 -1.576211 2.681701 -3.241099 11.304042 14.387478 4.535288 8.713898 0.829401 2.647875 -1.528737 1.528745 -9.087340 6.742153 -0.587856 1.998910 -1.154095 1.154075 -0.000001 0.000001 -0.000000 9.109280 -0.518015 2.259902 -0.161028 0.128441 -13.419042 0.276924 1.936911 -16.273822 0.455996 2.468497 -20.929598 -0.000003 -0.000000 0.000001 9.533383 0.000009 0.000001 -0.046452 0.074411 -7.294917 0.316279 2.066856 -17.400052 0.475513 2.518927 -21.378461 -0.000001 0.000001 -0.000002 9.104475 -0.043001 -1.865099 -0.042872 0.653250 -13.737061 0.343085 2.150390 -18.128005 0.795541 3.217978 -27.767244 -0.000001 -0.000004 -0.000002 8.077777 -0.486887 -3.806297 1.271335 5.574499 -15.066006 0.318934 -1.983046 -17.950263 0.292440 1.989233 -16.726549 -0.000003 -0.000000 0.000000 -8.207798 -6.751723 -1.599543 -4.104510 -8.653786 10.028442 18.447043 -5.170316 1.144506 -10.138408 2.962020 -1.215542 -0.461340 -0.000003 -0.000001 -0.000000 0.000000 0.000000 8.207801 -6.751701 -1.599543 -15.833261 4.847039 13.172166 33.593746 8.736760 -1.120997 -16.239553 0.945852 -2.288262 1.129238 -0.000003 0.000196 0.000000 -0.000001 0.000000 
0.488316 101.021049 1.574487 -2.864776 -2.957680 -10.273099 -0.000002 10.181542 0.131522 1.229523 -0.858412 10.575313 -3.199837 -1.607689 2.543073 -3.210731 -1.592555 2.526871 -0.000000 16.740362 -2.049025 5.593221 0.352297 -5.913629 0.000000 9.617850 1.684977 -6.090344 0.372704 0.816260 0.000000 22.037384 7.501072 0.000001 0.000000 -0.000000 -4.569996 11.014871 -2.160842 0.642330 2.176510 11.881882 13.393556 2.764675 63.370359 -0.000005 27.297838 0.000008 15.629621 1.459111 0.096465 -2.464781 -1.574008 2.681910 -2.443673 -8.243687 -14.697432 4.545695 -23.524218 -4.023609 -2.646287 -1.527812 1.527818 -1.537862 5.067194 2.140171 -1.994602 -1.151585 1.151569 0.000002 -0.000004 0.000005 -9.108283 -0.517883 2.259804 0.959963 -3.672094 23.108941 0.136441 -1.373479 11.346480 0.352051 -2.188485 18.274902 -0.000000 0.000003 0.000005 -9.532490 -0.000002 -0.000000 0.049399 -1.103583 15.044904 0.265770 -1.907643 15.861065 -2.212939 -5.045024 28.603251 -0.000001 0.000005 0.000004 -9.103587 -0.043101 -1.865103 0.414803 -2.380729 21.807184 0.171675 -1.538541 12.732361 -10.698559 -6.741697 20.255370 -0.000001 0.000001 0.000003 -8.076673 -0.486724 -3.806298 0.348393 -2.184207 16.805429 0.277644 -1.948949 16.214029 0.602037 -2.834891 23.974656 -0.000000 0.000001 0.000000 4.570401 11.014708 -2.160816 0.597399 -4.782409 -10.652662 10.628586 9.855777 -79.880025 0.000009 -20.240174 0.000034 16.907355 -8.450291 -3.204827 2.466084 -1.576208 2.681699 -3.225001 11.359986 14.389129 4.557244 8.752200 0.830019 2.647889 -1.528756 1.528750 -9.086466 6.836460 -0.501897 1.998917 -1.154090 1.154082 0.000001 -0.000001 -0.000000 9.109286 -0.518012 2.259897 -0.161510 0.136808 -13.509980 0.280835 1.950135 -16.388095 0.463714 2.488603 -21.108491 -0.000004 -0.000000 -0.000002 9.533388 0.000008 -0.000001 -0.047724 0.075375 -7.392701 0.320173 2.079149 -17.507047 0.482004 2.535468 -21.526062 -0.000001 -0.000001 -0.000000 9.104485 -0.042998 -1.865101 -0.038552 0.678754 -13.843401 0.345370 2.157427 -18.189419 0.800821 3.227993 -27.861332 0.000000 -0.000001 -0.000003 8.077794 -0.486881 -3.806303 1.275744 5.568814 -15.151846 0.323909 -1.967798 -18.083076 0.299818 2.013580 -16.937532 0.000003 0.000001 -0.000005 -8.207797 -6.751714 -1.599544 -4.085072 -8.650999 10.067009 18.496156 -5.129657 1.149536 -10.152441 2.966908 -1.235746 -0.462965 0.000007 0.000001 0.000000 0.000000 0.000000 8.207801 -6.751700 -1.599547 -15.831161 4.871241 13.232290 33.659329 8.673986 -1.112198 -16.273766 0.967930 -2.294189 1.143610 0.000000 0.000209 0.000000 0.000000 0.000000 
0.477659 101.003929 1.555288 -2.928341 -2.996471 -10.307012 0.000002 10.181544 0.131522 1.002725 -0.870791 10.566181 -2.881674 -1.512258 2.576559 -2.890176 -1.508999 2.562471 -0.000001 16.740389 -2.049017 5.545144 0.299598 -5.895488 0.000000 9.617846 1.684977 -6.334404 0.249994 0.778308 -0.000000 22.037354 7.501062 -0.000001 0.000000 -0.000000 -4.570001 11.014872 -2.160840 0.644628 2.427760 12.125654 13.001958 2.856206 62.962453 -0.000007 27.240751 0.000057 15.556919 1.467725 0.220626 -2.464790 -1.573996 2.681913 -2.442504 -8.253319 -14.697121 4.557337 -23.550738 -4.020828 -2.646268 -1.527820 1.527818 -1.512066 5.015332 2.134886 -1.994578 -1.151582 1.151573 0.000000 -0.000001 -0.000002 -9.108285 -0.517882 2.259805 0.960744 -3.672118 23.149591 0.137301 -1.377747 11.382158 0.355960 -2.200280 18.377053 -0.000000 0.000001 0.000003 -9.532487 0.000019 0.000002 0.045071 -1.090063 15.099048 0.268585 -1.917555 15.945582 -2.180866 -5.050773 28.716663 -0.000000 -0.000001 0.000005 -9.103587 -0.043101 -1.865100 0.411561 -2.373337 21.875108 0.173130 -1.545099 12.787519 -10.689585 -6.759081 20.313217 -0.000001 0.000002 0.000000 -8.076683 -0.486729 -3.806298 0.347705 -2.181325 16.869824 0.279827 -1.956406 16.277861 0.605084 -2.841731 24.036228 -0.000001 0.000002 0.000002 4.570398 11.014699 -2.160813 0.594506 -4.971306 -10.801983 10.018222 9.344771 -79.486661 0.000003 -20.151674 -0.000027 17.332566 -8.299801 -3.361166 2.466094 -1.576218 2.681699 -3.208791 11.416235 14.390701 4.579267 8.790760 0.830704 2.647888 -1.528751 1.528744 -9.085606 6.931260 -0.415470 1.998925 -1.154077 1.154071 -0.000002 0.000001 -0.000000 9.109292 -0.518013 2.259901 -0.161957 0.145226 -13.601441 0.284738 1.963429 -16.503042 0.471559 2.508827 -21.288426 -0.000002 -0.000002 0.000000 9.533393 0.000003 0.000000 -0.049017 0.076337 -7.491029 0.324085 2.091511 -17.614633 0.488592 2.552088 -21.674519 -0.000002 0.000001 0.000002 9.104488 -0.042997 -1.865103 -0.034158 0.704375 -13.950388 0.347692 2.164502 -18.251164 0.806182 3.238061 -27.955997 -0.000001 -0.000000 -0.000000 8.077787 -0.486899 -3.806301 1.280157 5.563068 -15.238254 0.328917 -1.952473 -18.216564 0.307315 2.038046 -17.149767 -0.000003 -0.000002 -0.000002 -8.207796 -6.751703 -1.599542 -4.076534 -8.639134 10.096023 18.588691 -5.106529 1.157243 -10.187991 2.972358 -1.250277 -0.464639 0.000009 0.000001 0.000000 -0.000001 -0.000000 8.207798 -6.751712 -1.599546 -15.822342 4.884392 13.277037 33.743631 8.627196 -1.092758 -16.314737 0.992352 -2.308108 1.151621 -0.000009 0.000207 0.000000 -0.000002 0.000000 
0.466677 100.991692 1.532439 -2.978431 -3.011103 -10.337583 -0.000000 10.181559 0.131524 0.763850 -0.890054 10.549862 -2.562794 -1.424468 2.603450 -2.568689 -1.433691 2.591277 -0.000002 16.740370 -2.049020 5.503910 0.242792 -5.871435 0.000000 9.617846 1.684975 -6.633763 0.116656 0.763273 -0.000000 22.037369 7.501079 0.000003 -0.000000 0.000000 -4.570005 11.014870 -2.160839 0.645577 2.733952 12.415406 12.617774 2.962769 62.498239 -0.000010 27.169767 0.000050 15.709734 1.453878 0.460027 -2.464804 -1.573987 2.681911 -2.441317 -8.263023 -14.696803 4.569046 -23.577499 -4.018024 -2.646266 -1.527814 1.527818 -1.486119 4.963034 2.129630 -1.994613 -1.151583 1.151574 -0.000000 -0.000003 -0.000000 -9.108314 -0.517870 2.259805 0.961544 -3.672145 23.190507 0.138172 -1.382031 11.418111 0.359916 -2.212175 18.480024 -0.000001 0.000001 0.000005 -9.532491 0.000001 0.000003 0.040667 -1.076458 15.153613 0.271454 -1.927520 16.030852 -2.148563 -5.056457 28.830987 -0.000002 -0.000001 0.000002 -9.103603 -0.043104 -1.865098 0.408256 -2.365911 21.943511 0.174657 -1.551705 12.843110 -10.680548 -6.776591 20.371500 0.000001 -0.000001 -0.000001 -8.076694 -0.486730 -3.806293 0.347008 -2.178399 16.934720 0.282030 -1.963921 16.342158 0.608173 -2.848613 24.098267 -0.000000 -0.000001 0.000005 4.570400 11.014689 -2.160814 0.590675 -5.177056 -10.952618 9.411406 8.831145 -79.058675 -0.000011 -20.101867 0.000001 17.576568 -8.158354 -3.666010 2.466084 -1.576208 2.681700 -3.192537 11.472799 14.392310 4.601443 8.829485 0.831288 2.647892 -1.528748 1.528747 -9.084775 7.026536 -0.328563 1.998925 -1.154081 1.154078 0.000001 0.000003 -0.000000 9.109274 -0.518012 2.259902 -0.162420 0.153693 -13.693355 0.288726 1.976770 -16.618573 0.479511 2.529110 -21.469226 -0.000000 -0.000002 -0.000003 9.533386 0.000006 0.000002 -0.050311 0.077326 -7.589834 0.328013 2.103932 -17.722772 0.495270 2.568794 -21.823737 0.000001 -0.000000 -0.000002 9.104479 -0.042998 -1.865098 -0.029665 0.730128 -14.057907 0.350044 2.171597 -18.313226 0.811558 3.248160 -28.051085 0.000001 0.000002 0.000001 8.077791 -0.486900 -3.806298 1.284551 5.557274 -15.325046 0.333999 -1.937067 -18.350773 0.314963 2.062595 -17.363060 -0.000003 -0.000002 -0.000002 -8.207800 -6.751698 -1.599543 -4.061815 -8.649169 10.115050 18.649326 -5.074083 1.180731 -10.206559 2.978077 -1.275650 -0.466369 0.000004 -0.000001 0.000000 -0.000000 -0.000000 8.207800 -6.751692 -1.599545 -15.820706 4.888463 13.312122 33.806062 8.575177 -1.066729 -16.337104 1.014702 -2.320050 1.154275 -0.000003 0.000224 -0.000000 -0.000001 0.000000 
0.451254 100.984772 1.517653 -3.005720 -3.034059 -10.355443 -0.000000 10.181556 0.131524 0.512465 -0.909245 10.533519 -2.246528 -1.331486 2.624209 -2.249608 -1.353653 2.613358 -0.000001 16.740376 -2.049025 5.466874 0.184765 -5.845369 0.000000 9.617847 1.684980 -6.987761 -0.013116 0.759089 0.000000 22.037369 7.501073 0.000001 0.000001 -0.000000 -4.570006 11.014898 -2.160842 0.644625 3.091127 12.751724 12.223746 3.014674 61.997566 0.000003 27.096660 0.000045 15.723919 1.415970 0.653731 -2.464797 -1.574001 2.681914 -2.440182 -8.272805 -14.696486 4.580855 -23.604400 -4.015200 -2.646259 -1.527818 1.527816 -1.459987 4.910347 2.124321 -1.994595 -1.151579 1.151580 0.000000 -0.000002 0.000005 -9.108298 -0.517872 2.259808 0.962337 -3.672185 23.231738 0.139038 -1.386345 11.454313 0.363936 -2.224135 18.583768 0.000001 0.000002 0.000003 -9.532484 0.000014 0.000001 0.036180 -1.062755 15.208588 0.274372 -1.937569 16.116716 -2.116029 -5.062069 28.946133 -0.000001 -0.000001 0.000002 -9.103581 -0.043105 -1.865099 0.404880 -2.358441 22.012436 0.176177 -1.558361 12.899094 -10.671396 -6.794210 20.430236 -0.000001 0.000001 0.000006 -8.076690 -0.486726 -3.806295 0.346266 -2.175475 17.000039 0.284248 -1.971497 16.406975 0.611279 -2.855549 24.160730 0.000001 0.000003 0.000003 4.570401 11.014708 -2.160815 0.586699 -5.368883 -11.106325 8.806437 8.299980 -78.615197 -0.000001 -20.094896 -0.000032 17.847252 -8.014816 -4.002654 2.466103 -1.576224 2.681695 -3.176232 11.529620 14.393968 4.623714 8.868381 0.831864 2.647883 -1.528756 1.528751 -9.083998 7.122199 -0.241252 1.998913 -1.154090 1.154070 0.000000 0.000001 0.000001 9.109277 -0.518014 2.259899 -0.162874 0.162193 -13.785636 0.292730 1.990176 -16.734626 0.487551 2.549455 -21.650851 0.000003 -0.000001 -0.000003 9.533391 -0.000003 -0.000002 -0.051652 0.078306 -7.689073 0.332017 2.116395 -17.831396 0.502001 2.585539 -21.973596 -0.000001 -0.000002 -0.000000 9.104492 -0.042996 -1.865104 -0.025085 0.755972 -14.165882 0.352413 2.178725 -18.375608 0.816989 3.258305 -28.146629 0.000000 0.000001 -0.000000 8.077795 -0.486901 -3.806304 1.288909 5.551453 -15.412223 0.339163 -1.921608 -18.485526 0.322718 2.087249 -17.577297 0.000001 -0.000001 0.000001 -8.207802 -6.751702 -1.599542 -4.053462 -8.662638 10.125544 18.682143 -5.035481 1.204266 -10.214731 2.983545 -1.304749 -0.468152 0.000008 0.000001 -0.000000 0.000000 0.000000 8.207801 -6.751696 -1.599544 -15.819497 4.885496 13.333818 33.838144 8.539720 -1.043908 -16.340609 1.036773 -2.336121 1.141977 -0.000012 0.000226 -0.000000 0.000000 0.000000 
0.425560 100.981049 1.510647 -3.056198 -3.044665 -10.348366 -0.000002 10.181551 0.131525 0.268588 -0.928252 10.516574 -1.898899 -1.237740 2.635838 -1.899083 -1.273179 2.625935 -0.000002 16.740364 -2.049021 5.393268 0.126071 -5.809519 -0.000000 9.617839 1.684976 -7.374373 -0.141568 0.768308 -0.000000 22.037384 7.501071 -0.000000 -0.000000 0.000000 -4.570000 11.014855 -2.160841 0.646315 3.387567 13.117233 11.799680 3.152089 61.411515 0.000008 27.064507 0.000025 15.838857 1.395765 0.881013 -2.464800 -1.573983 2.681908 -2.438989 -8.282658 -14.696168 4.592750 -23.631510 -4.012328 -2.646277 -1.527813 1.527824 -1.433700 4.857304 2.119038 -1.994594 -1.151569 1.151575 -0.000001 0.000000 0.000001 -9.108299 -0.517882 2.259806 0.963134 -3.672217 23.273284 0.139910 -1.390715 11.490794 0.368008 -2.236175 18.688181 0.000000 0.000000 0.000001 -9.532510 0.000013 0.000001 0.031665 -1.048975 15.263921 0.277268 -1.947680 16.203164 -2.083260 -5.067632 29.062100 -0.000002 0.000001 0.000003 -9.103619 -0.043101 -1.865101 0.401476 -2.350936 22.081850 0.177722 -1.565048 12.955451 -10.662213 -6.811947 20.489369 -0.000001 0.000001 0.000006 -8.076703 -0.486725 -3.806297 0.345539 -2.172538 17.065878 0.286498 -1.979098 16.472219 0.614419 -2.862528 24.223662 -0.000002 0.000002 0.000005 4.570401 11.014702 -2.160817 0.583311 -5.521485 -11.253461 8.165934 7.717911 -78.147268 0.000001 -20.131677 -0.000006 18.090338 -7.873411 -4.269890 2.466101 -1.576219 2.681702 -3.159861 11.586665 14.395551 4.646042 8.907460 0.832478 2.647891 -1.528756 1.528753 -9.083219 7.218188 -0.153622 1.998912 -1.154081 1.154077 -0.000000 0.000002 0.000005 9.109291 -0.518000 2.259900 -0.163287 0.170732 -13.878302 0.296781 2.003615 -16.851125 0.495700 2.569845 -21.833207 0.000002 0.000001 0.000000 9.533397 0.000000 0.000000 -0.053001 0.079326 -7.788692 0.336059 2.128910 -17.940446 0.508818 2.602328 -22.124041 0.000001 -0.000002 -0.000003 9.104506 -0.042995 -1.865104 -0.020409 0.781911 -14.274298 0.354790 2.185885 -18.438202 0.822431 3.268466 -28.242552 0.000000 -0.000003 -0.000003 8.077819 -0.486897 -3.806306 1.293299 5.545592 -15.499743 0.344352 -1.906106 -18.620848 0.330578 2.111913 -17.792402 0.000001 0.000001 0.000000 -8.207799 -6.751701 -1.599542 -4.020861 -8.667046 10.126789 18.719209 -5.018182 1.206549 -10.234571 2.988725 -1.323132 -0.470124 0.000009 -0.000003 -0.000000 -0.000001 0.000000 8.207798 -6.751697 -1.599544 -15.772449 4.886634 13.333670 33.845192 8.468292 -1.017451 -16.340089 1.053097 -2.351638 1.131261 -0.000004 0.000223 -0.000000 0.000001 0.000000 
0.399607 100.973236 1.501400 -3.140953 -3.053882 -10.346017 0.000000 10.181558 0.131525 0.022916 -0.947142 10.500116 -1.543476 -1.141629 2.645319 -1.540729 -1.190438 2.635728 -0.000000 16.740374 -2.049022 5.350935 0.069117 -5.807849 0.000000 9.617859 1.684981 -7.780354 -0.283481 0.784359 0.000001 22.037384 7.501070 -0.000001 -0.000000 -0.000000 -4.569997 11.014870 -2.160841 0.637169 3.754704 13.372123 11.359854 3.239709 60.975742 0.000012 27.020334 0.000015 15.676386 1.392477 0.918819 -2.464803 -1.574005 2.681907 -2.437815 -8.292563 -14.695866 4.604704 -23.658787 -4.009455 -2.646258 -1.527817 1.527823 -1.407244 4.803913 2.113719 -1.994606 -1.151580 1.151576 0.000003 -0.000002 0.000003 -9.108311 -0.517873 2.259804 0.963906 -3.672269 23.315064 0.140818 -1.395092 11.527482 0.372138 -2.248287 18.793267 0.000000 0.000001 0.000002 -9.532492 0.000016 -0.000004 0.027072 -1.035114 15.319580 0.280239 -1.957829 16.290186 -2.050327 -5.073097 29.178763 0.000001 0.000000 0.000002 -9.103615 -0.043105 -1.865106 0.398021 -2.343402 22.151683 0.179261 -1.571779 13.012222 -10.652921 -6.829771 20.548904 -0.000001 -0.000000 0.000001 -8.076695 -0.486731 -3.806299 0.344766 -2.169571 17.132053 0.288776 -1.986766 16.537886 0.617572 -2.869552 24.286966 -0.000001 0.000001 -0.000000 4.570400 11.014691 -2.160815 0.578374 -5.718152 -11.458279 7.537959 7.188432 -77.643555 0.000003 -20.205183 0.000025 18.124400 -7.702847 -4.547207 2.466098 -1.576222 2.681697 -3.143455 11.643891 14.397094 4.668458 8.946669 0.833044 2.647896 -1.528738 1.528742 -9.082466 7.314489 -0.065660 1.998928 -1.154094 1.154079 -0.000000 0.000001 0.000001 9.109291 -0.518014 2.259900 -0.163723 0.179312 -13.971292 0.300895 2.017097 -16.968014 0.503909 2.590291 -22.016153 -0.000000 -0.000001 -0.000001 9.533388 -0.000000 0.000000 -0.054393 0.080329 -7.888674 0.340136 2.141433 -18.049840 0.515702 2.619158 -22.275011 0.000000 -0.000001 0.000001 9.104486 -0.042996 -1.865099 -0.015651 0.807901 -14.383099 0.357192 2.193069 -18.501003 0.827933 3.278668 -28.338788 0.000002 -0.000003 -0.000002 8.077802 -0.486897 -3.806304 1.297632 5.539724 -15.587574 0.349645 -1.890572 -18.756613 0.338571 2.136662 -18.008217 -0.000001 -0.000003 -0.000002 -8.207798 -6.751715 -1.599542 -3.966191 -8.671776 10.133239 18.783206 -4.999844 1.200949 -10.269003 2.994766 -1.336873 -0.472195 0.000003 0.000004 -0.000000 -0.000000 0.000000 8.207802 -6.751687 -1.599543 -15.702595 4.897312 13.342277 33.873323 8.423334 -0.997607 -16.346792 1.070033 -2.370982 1.114102 -0.000001 0.000232 -0.000000 0.000000 0.000000 
0.378620 100.959076 1.485815 -3.212045 -3.069394 -10.349193 -0.000002 10.181543 0.131525 -0.230381 -0.965766 10.484296 -1.197997 -1.043225 2.652272 -1.192290 -1.105421 2.642294 -0.000001 16.740362 -2.049024 5.320163 0.013168 -5.800811 0.000001 9.617852 1.684984 -8.161700 -0.407916 0.771388 -0.000000 22.037384 7.501075 -0.000000 0.000000 -0.000000 -4.569999 11.014884 -2.160842 0.625239 4.111765 13.583528 10.944914 3.291131 60.617246 -0.000026 27.032960 0.000079 15.644878 1.415090 1.048580 -2.464783 -1.574008 2.681910 -2.436609 -8.302518 -14.695560 4.616741 -23.686227 -4.006580 -2.646265 -1.527805 1.527818 -1.380657 4.750202 2.108434 -1.994590 -1.151585 1.151575 -0.000001 -0.000001 -0.000000 -9.108282 -0.517881 2.259799 0.964714 -3.672290 23.357099 0.141713 -1.399489 11.564386 0.376274 -2.260466 18.898988 0.000001 0.000002 0.000003 -9.532491 0.000017 -0.000002 0.022406 -1.021185 15.375601 0.283256 -1.968072 16.377696 -2.017219 -5.078488 29.296140 0.000001 0.000003 0.000002 -9.103595 -0.043111 -1.865102 0.394517 -2.335822 22.221923 0.180825 -1.578548 13.069262 -10.643557 -6.847708 20.608784 0.000001 -0.000001 0.000001 -8.076685 -0.486744 -3.806303 0.343992 -2.166599 17.198669 0.291060 -1.994467 16.603915 0.620757 -2.876595 24.350657 0.000004 0.000000 0.000003 4.570398 11.014682 -2.160818 0.573234 -5.899445 -11.659126 6.960773 6.669968 -77.177777 -0.000003 -20.318609 0.000021 18.161644 -7.560923 -4.629871 2.466098 -1.576218 2.681698 -3.127043 11.701290 14.398693 4.690925 8.985973 0.833532 2.647880 -1.528755 1.528753 -9.081746 7.411004 0.022545 1.998917 -1.154081 1.154075 0.000001 -0.000001 -0.000000 9.109294 -0.518012 2.259899 -0.164173 0.187899 -14.064559 0.305034 2.030598 -17.085209 0.512243 2.610762 -22.199621 -0.000001 -0.000001 -0.000003 9.533398 -0.000002 -0.000002 -0.055800 0.081330 -7.988909 0.344245 2.154015 -18.159561 0.522637 2.636014 -22.426373 0.000003 -0.000000 0.000003 9.104506 -0.042994 -1.865104 -0.010802 0.833957 -14.492183 0.359601 2.200262 -18.563952 0.833458 3.288873 -28.435269 -0.000001 -0.000000 0.000000 8.077799 -0.486903 -3.806298 1.301950 5.533822 -15.675592 0.354939 -1.874996 -18.892742 0.346693 2.161444 -18.224608 0.000003 0.000001 -0.000002 -8.207801 -6.751725 -1.599544 -3.949706 -8.675647 10.140197 18.883747 -4.983221 1.196934 -10.315440 2.999861 -1.348238 -0.474314 0.000001 -0.000002 -0.000000 0.000000 0.000000 8.207801 -6.751703 -1.599546 -15.668883 4.918928 13.362448 33.929935 8.366242 -0.982327 -16.369899 1.085500 -2.382436 1.110519 -0.000008 0.000235 -0.000000 0.000001 0.000000 
0.351532 100.949120 1.471714 -3.299510 -3.057063 -10.355018 0.000003 10.181553 0.131526 -0.483556 -0.986894 10.469742 -0.853982 -0.949673 2.656212 -0.845304 -1.025171 2.645166 0.000000 16.740387 -2.049026 5.290006 -0.041534 -5.793089 0.000000 9.617840 1.684983 -8.491530 -0.537601 0.759793 0.000000 22.037384 7.501074 -0.000000 -0.000000 -0.000000 -4.570004 11.014886 -2.160843 0.613409 4.436943 13.780498 10.559334 3.411423 60.245670 -0.000008 27.100611 0.000039 15.607098 1.384796 1.179689 -2.464785 -1.573985 2.681908 -2.435399 -8.312531 -14.695203 4.628814 -23.713836 -4.003654 -2.646269 -1.527801 1.527822 -1.353954 4.696199 2.103138 -1.994610 -1.151580 1.151574 0.000003 -0.000001 0.000001 -9.108279 -0.517887 2.259804 0.965518 -3.672326 23.399354 0.142623 -1.403933 11.601484 0.380482 -2.272691 19.005252 -0.000000 -0.000001 -0.000002 -9.532482 -0.000000 -0.000002 0.017712 -1.007189 15.431919 0.286264 -1.978336 16.465662 -1.983929 -5.083789 29.414176 -0.000002 0.000000 0.000002 -9.103590 -0.043105 -1.865103 0.390984 -2.328216 22.292542 0.182406 -1.585334 13.126627 -10.634132 -6.865718 20.668955 0.000000 0.000001 0.000008 -8.076689 -0.486728 -3.806303 0.343192 -2.163610 17.265600 0.293371 -2.002206 16.670308 0.623992 -2.883693 24.414660 -0.000002 0.000002 0.000002 4.570399 11.014686 -2.160820 0.567361 -6.083703 -11.866859 6.385968 6.203080 -76.746942 -0.000010 -20.411694 -0.000004 18.198595 -7.411421 -4.809644 2.466111 -1.576199 2.681694 -3.110579 11.758818 14.400257 4.713436 9.025372 0.834076 2.647893 -1.528746 1.528752 -9.081071 7.507722 0.110925 1.998940 -1.154095 1.154067 -0.000002 0.000005 -0.000000 9.109314 -0.518013 2.259893 -0.164556 0.196509 -14.157980 0.309188 2.044128 -17.202673 0.520667 2.631252 -22.383447 0.000001 -0.000002 -0.000006 9.533402 -0.000001 -0.000004 -0.057216 0.082368 -8.089359 0.348405 2.166590 -18.269453 0.529631 2.652888 -22.578065 -0.000002 0.000000 0.000001 9.104509 -0.042998 -1.865106 -0.005867 0.860066 -14.601467 0.362047 2.207474 -18.627077 0.839029 3.299093 -28.531980 0.000002 0.000002 0.000001 8.077816 -0.486899 -3.806305 1.306263 5.527893 -15.763790 0.360296 -1.859414 -19.029182 0.354919 2.186260 -18.441497 -0.000002 0.000001 0.000000 -8.207800 -6.751720 -1.599544 -3.895065 -8.676796 10.162515 18.952061 -4.996744 1.183451 -10.351683 3.005368 -1.354864 -0.476475 0.000007 -0.000000 0.000000 0.000000 0.000000 8.207803 -6.751706 -1.599545 -15.609146 4.929035 13.378809 33.969280 8.274317 -0.950662 -16.381942 1.104604 -2.396646 1.098854 0.000022 0.000234 0.000000 -0.000002 0.000000 
0.321140 100.943085 1.458366 -3.363270 -3.040737 -10.362339 0.000000 10.181551 0.131524 -0.751983 -1.006167 10.456425 -0.541601 -0.849773 2.654559 -0.529937 -0.938368 2.641823 0.000001 16.740368 -2.049026 5.270050 -0.093809 -5.797483 0.000000 9.617850 1.684975 -8.725449 -0.687567 0.803537 0.000000 22.037354 7.501077 0.000001 -0.000000 -0.000000 -4.569998 11.014881 -2.160846 0.601693 4.742292 13.976837 10.210689 3.546342 59.884606 -0.000018 27.184185 0.000038 15.518996 1.371970 1.257289 -2.464805 -1.573999 2.681907 -2.434198 -8.322615 -14.694920 4.640979 -23.741560 -4.000709 -2.646264 -1.527802 1.527818 -1.327137 4.641928 2.097844 -1.994605 -1.151582 1.151572 0.000001 -0.000001 -0.000000 -9.108301 -0.517872 2.259801 0.966313 -3.672385 23.441810 0.143543 -1.408366 11.638763 0.384727 -2.284973 19.112042 -0.000002 0.000002 0.000002 -9.532508 0.000000 -0.000003 0.012958 -0.993127 15.488480 0.289332 -1.988649 16.554038 -1.950513 -5.089004 29.532799 -0.000000 0.000001 0.000005 -9.103607 -0.043107 -1.865104 0.387379 -2.320590 22.363475 0.184000 -1.592176 13.184277 -10.624659 -6.883799 20.729467 -0.000001 0.000000 0.000002 -8.076697 -0.486728 -3.806301 0.342361 -2.160640 17.332862 0.295728 -2.009972 16.737010 0.627215 -2.890809 24.479005 -0.000003 0.000004 -0.000002 4.570402 11.014710 -2.160819 0.561397 -6.253507 -12.027047 5.868747 5.752719 -76.384020 -0.000002 -20.491619 0.000037 18.253544 -7.266027 -4.982453 2.466092 -1.576203 2.681703 -3.094115 11.816440 14.401789 4.735997 9.064821 0.834587 2.647897 -1.528761 1.528743 -9.080399 7.604535 0.199460 1.998917 -1.154098 1.154078 -0.000001 0.000004 0.000003 9.109285 -0.518011 2.259900 -0.164976 0.205143 -14.251543 0.313420 2.057669 -17.320325 0.529140 2.651733 -22.567604 -0.000004 -0.000001 -0.000002 9.533384 0.000010 0.000002 -0.058643 0.083390 -8.189963 0.352583 2.179175 -18.379604 0.536664 2.669783 -22.730009 -0.000002 -0.000003 -0.000004 9.104493 -0.042997 -1.865101 -0.000853 0.886177 -14.710979 0.364491 2.214694 -18.690285 0.844611 3.309325 -28.628839 -0.000001 -0.000004 -0.000001 8.077793 -0.486888 -3.806299 1.310530 5.521939 -15.852166 0.365711 -1.843816 -19.165810 0.363248 2.211081 -18.658707 0.000005 0.000001 0.000002 -8.207795 -6.751710 -1.599544 -3.850138 -8.666321 10.197303 18.987946 -5.032684 1.164338 -10.371612 3.010196 -1.359013 -0.478731 0.000006 -0.000001 0.000000 -0.000001 0.000000 8.207799 -6.751693 -1.599544 -15.567458 4.931343 13.396203 33.994439 8.210852 -0.922241 -16.384454 1.127699 -2.415073 1.092279 -0.000003 0.000246 0.000000 0.000001 0.000000 
0.296408 100.938652 1.442650 -3.412695 -3.013970 -10.374198 -0.000002 10.181542 0.131524 -1.024168 -1.024667 10.444381 -0.259522 -0.749183 2.649433 -0.244906 -0.850586 2.634519 0.000001 16.740343 -2.049023 5.263488 -0.143327 -5.784156 -0.000000 9.617847 1.684981 -8.907727 -0.832595 0.834134 0.000000 22.037399 7.501070 0.000002 -0.000000 -0.000000 -4.570002 11.014845 -2.160843 0.591058 4.964368 14.073477 9.869618 3.642046 59.713557 -0.000009 27.246354 0.000031 15.524059 1.300206 1.163327 -2.464781 -1.573993 2.681910 -2.432997 -8.332719 -14.694561 4.653185 -23.769395 -3.997766 -2.646255 -1.527816 1.527816 -1.300221 4.587418 2.092573 -1.994605 -1.151582 1.151578 0.000002 -0.000001 -0.000000 -9.108283 -0.517885 2.259805 0.967107 -3.672416 23.484436 0.144465 -1.412839 11.676223 0.389024 -2.297299 19.219281 -0.000000 -0.000000 -0.000001 -9.532495 0.000002 0.000001 0.008128 -0.979021 15.545307 0.292427 -1.999000 16.642862 -1.916963 -5.094122 29.651917 -0.000000 0.000005 0.000004 -9.103597 -0.043107 -1.865098 0.383719 -2.312951 22.434767 0.185629 -1.599047 13.242167 -10.615092 -6.901957 20.790234 0.000001 0.000001 0.000004 -8.076686 -0.486728 -3.806299 0.341517 -2.157634 17.400429 0.298057 -2.017790 16.804000 0.630491 -2.897958 24.543621 -0.000000 -0.000001 -0.000001 4.570406 11.014672 -2.160818 0.556191 -6.391814 -12.172426 5.410204 5.305010 -76.054594 -0.000011 -20.580106 -0.000000 18.341430 -7.115133 -5.142235 2.466091 -1.576213 2.681696 -3.077646 11.874141 14.403370 4.758545 9.104327 0.835032 2.647881 -1.528748 1.528746 -9.079770 7.701448 0.288097 1.998928 -1.154088 1.154078 -0.000000 0.000001 0.000001 9.109292 -0.518009 2.259894 -0.165362 0.213781 -14.345247 0.317674 2.071227 -17.438079 0.537693 2.672217 -22.751989 -0.000002 -0.000001 -0.000002 9.533390 -0.000001 -0.000004 -0.060115 0.084425 -8.290671 0.356765 2.191786 -18.489816 0.543803 2.686669 -22.882102 -0.000002 -0.000001 -0.000002 9.104499 -0.043000 -1.865105 0.004247 0.912321 -14.820590 0.366915 2.221905 -18.753558 0.850217 3.319558 -28.725791 0.000000 -0.000000 -0.000000 8.077801 -0.486883 -3.806305 1.314768 5.515978 -15.940622 0.371138 -1.828198 -19.302555 0.371691 2.235889 -18.876155 -0.000002 -0.000002 -0.000000 -8.207800 -6.751721 -1.599543 -3.812399 -8.657579 10.235630 19.007424 -5.074195 1.145319 -10.381157 3.014637 -1.359991 -0.481111 0.000002 0.000003 -0.000000 -0.000000 -0.000000 8.207801 -6.751697 -1.599543 -15.545586 4.932898 13.411885 34.019926 8.186450 -0.894696 -16.389833 1.153864 -2.434510 1.106138 0.000003 0.000264 0.000000 -0.000001 0.000000 
0.271029 100.935593 1.423507 -3.450471 -2.980194 -10.368667 0.000003 10.181556 0.131525 -1.292697 -1.044024 10.430569 0.006536 -0.653886 2.645890 0.024056 -0.767803 2.628332 0.000000 16.740360 -2.049019 5.245454 -0.188572 -5.797863 -0.000000 9.617846 1.684980 -9.056022 -0.941679 0.857300 -0.000000 22.037384 7.501070 0.000000 0.000000 -0.000000 -4.570000 11.014852 -2.160839 0.582174 5.136042 14.133146 9.563784 3.680335 59.603564 0.000001 27.345977 0.000024 15.577739 1.273550 1.164894 -2.464785 -1.574002 2.681913 -2.431759 -8.342866 -14.694225 4.665420 -23.797357 -3.994800 -2.646280 -1.527808 1.527821 -1.273205 4.532680 2.087295 -1.994594 -1.151581 1.151576 0.000003 -0.000006 -0.000002 -9.108291 -0.517863 2.259807 0.967932 -3.672457 23.527259 0.145396 -1.417327 11.713794 0.393343 -2.309664 19.326942 0.000005 -0.000001 -0.000001 -9.532490 -0.000004 0.000001 0.003275 -0.964867 15.602350 0.295545 -2.009413 16.731990 -1.883291 -5.099147 29.771521 -0.000002 0.000002 0.000001 -9.103596 -0.043096 -1.865100 0.380067 -2.305277 22.506300 0.187236 -1.605921 13.300282 -10.605495 -6.920170 20.851249 -0.000002 0.000002 0.000002 -8.076683 -0.486709 -3.806295 0.340666 -2.154620 17.468263 0.300452 -2.025632 16.871252 0.633768 -2.905129 24.608490 0.000002 0.000000 0.000003 4.570404 11.014661 -2.160815 0.551253 -6.509736 -12.363483 4.988579 4.874302 -75.690428 -0.000001 -20.678331 -0.000015 18.455854 -7.146475 -5.309287 2.466105 -1.576205 2.681698 -3.061173 11.931856 14.404840 4.781145 9.143861 0.835506 2.647882 -1.528752 1.528749 -9.079198 7.798374 0.376795 1.998929 -1.154090 1.154070 0.000000 -0.000000 -0.000002 9.109298 -0.518008 2.259899 -0.165752 0.222420 -14.438974 0.321934 2.084751 -17.555914 0.546333 2.692694 -22.936407 -0.000005 -0.000002 0.000001 9.533405 0.000009 0.000002 -0.061594 0.085467 -8.391459 0.360999 2.204390 -18.600077 0.550943 2.703538 -23.034289 -0.000001 -0.000000 -0.000001 9.104499 -0.042996 -1.865099 0.009432 0.938450 -14.930252 0.369384 2.229131 -18.816883 0.855815 3.329768 -28.822784 0.000001 0.000001 0.000000 8.077806 -0.486888 -3.806298 1.318975 5.510011 -16.029091 0.376650 -1.812608 -19.439424 0.380215 2.260663 -19.093724 0.000000 -0.000001 -0.000001 -8.207797 -6.751710 -1.599544 -3.793092 -8.656631 10.254845 19.033587 -5.118605 1.128331 -10.391826 3.019539 -1.361392 -0.483543 0.000001 -0.000001 0.000000 -0.000001 0.000000 8.207802 -6.751697 -1.599542 -15.535084 4.940411 13.406058 34.037862 8.212540 -0.869528 -16.398372 1.183520 -2.458012 1.153528 0.000007 0.000298 0.000000 0.000000 0.000000 
0.245264 100.931213 1.404225 -3.506766 -2.965439 -10.340228 0.000002 10.181537 0.131522 -1.557060 -1.056875 10.411623 0.265341 -0.549823 2.628449 0.285587 -0.675509 2.608244 -0.000002 16.740376 -2.049021 5.198049 -0.219733 -5.818865 0.000000 9.617852 1.684976 -9.171428 -1.037592 0.939959 -0.000000 22.037354 7.501070 0.000000 0.000000 -0.000000 -4.570002 11.014907 -2.160839 0.574442 5.299801 14.219540 9.292490 3.751728 59.444864 -0.000003 27.445787 0.000002 15.541651 1.230069 1.201212 -2.464800 -1.573997 2.681910 -2.430552 -8.353061 -14.693904 4.677742 -23.825416 -3.991786 -2.646274 -1.527799 1.527821 -1.246126 4.477740 2.082030 -1.994578 -1.151586 1.151575 0.000001 -0.000003 -0.000002 -9.108306 -0.517872 2.259804 0.968729 -3.672507 23.570177 0.146326 -1.421810 11.751528 0.397719 -2.322066 19.435023 -0.000003 0.000002 0.000004 -9.532516 -0.000002 0.000000 -0.001646 -0.950684 15.659623 0.298686 -2.019828 16.821441 -1.849541 -5.104078 29.891544 -0.000001 0.000001 0.000001 -9.103609 -0.043097 -1.865100 0.376338 -2.297603 22.578075 0.188862 -1.612843 13.358593 -10.595807 -6.938426 20.912490 0.000001 0.000000 0.000000 -8.076692 -0.486727 -3.806297 0.339798 -2.151605 17.536331 0.302826 -2.033477 16.938755 0.637077 -2.912321 24.673570 0.000003 0.000003 -0.000005 4.570403 11.014707 -2.160815 0.547685 -6.591828 -12.481774 4.597088 4.417930 -75.396846 0.000005 -20.772337 -0.000030 18.634086 -7.073296 -5.528501 2.466098 -1.576215 2.681698 -3.044744 11.989561 14.406339 4.803710 9.183387 0.835960 2.647887 -1.528739 1.528750 -9.078620 7.895246 0.465480 1.998917 -1.154079 1.154076 0.000002 0.000003 0.000003 9.109299 -0.518011 2.259895 -0.166134 0.231077 -14.532667 0.326218 2.098289 -17.673721 0.555022 2.713140 -23.120846 -0.000002 -0.000002 -0.000002 9.533400 -0.000001 -0.000003 -0.063100 0.086514 -8.492192 0.365260 2.216976 -18.710361 0.558152 2.720395 -23.186455 -0.000004 0.000001 -0.000000 9.104493 -0.042994 -1.865103 0.014670 0.964566 -15.039911 0.371845 2.236351 -18.880173 0.861478 3.339997 -28.919810 0.000000 -0.000000 -0.000000 8.077803 -0.486900 -3.806306 1.323148 5.504032 -16.117590 0.382150 -1.797029 -19.576236 0.388854 2.285433 -19.311262 -0.000002 -0.000004 -0.000001 -8.207797 -6.751715 -1.599543 -3.774173 -8.675456 10.233187 19.097743 -5.120244 1.128635 -10.420470 3.025071 -1.375586 -0.486008 0.000005 -0.000000 -0.000000 0.000000 0.000000 8.207806 -6.751694 -1.599544 -15.502282 4.962129 13.380524 34.058062 8.315968 -0.864739 -16.416647 1.218658 -2.486135 1.225819 0.000002 0.000365 0.000000 0.000000 0.000000 
0.219294 100.932068 1.382008 -3.557603 -2.925200 -10.335768 -0.000000 10.181547 0.131524 -1.811313 -1.075363 10.402019 0.517403 -0.461345 2.622041 0.540304 -0.598588 2.598585 -0.000001 16.740356 -2.049023 5.120900 -0.233799 -5.829700 0.000000 9.617825 1.684980 -9.253239 -1.042639 0.997990 0.000000 22.037369 7.501076 -0.000000 0.000000 -0.000000 -4.569996 11.014878 -2.160840 0.564272 5.492594 14.297433 9.075502 3.807096 59.274144 -0.000021 27.625501 0.000053 15.557624 1.191449 1.147432 -2.464813 -1.573997 2.681906 -2.429338 -8.363287 -14.693583 4.690063 -23.853567 -3.988793 -2.646258 -1.527812 1.527818 -1.218980 4.422629 2.076814 -1.994604 -1.151583 1.151575 0.000001 0.000000 -0.000001 -9.108306 -0.517870 2.259800 0.969523 -3.672554 23.613280 0.147278 -1.426322 11.789379 0.402090 -2.334498 19.543386 0.000001 0.000002 0.000002 -9.532501 0.000018 -0.000003 -0.006624 -0.936466 15.717039 0.301844 -2.030278 16.911135 -1.815674 -5.108896 30.011971 0.000001 0.000002 0.000002 -9.103602 -0.043112 -1.865103 0.372559 -2.289912 22.650080 0.190545 -1.619768 13.417119 -10.586115 -6.956739 20.973894 -0.000000 0.000000 0.000001 -8.076706 -0.486729 -3.806302 0.338866 -2.148605 17.604589 0.305254 -2.041352 17.006459 0.640384 -2.919531 24.738885 -0.000001 0.000001 -0.000001 4.570404 11.014688 -2.160815 0.543848 -6.679249 -12.573602 4.229853 3.964959 -75.126555 0.000008 -20.857654 -0.000005 18.847026 -6.970569 -5.693115 2.466087 -1.576197 2.681696 -3.028329 12.047275 14.407852 4.826247 9.222900 0.836392 2.647905 -1.528746 1.528746 -9.078054 7.992021 0.554132 1.998921 -1.154090 1.154075 0.000000 -0.000003 0.000001 9.109289 -0.518015 2.259894 -0.166518 0.239715 -14.626321 0.330553 2.111821 -17.791456 0.563799 2.733527 -23.305138 -0.000003 -0.000002 -0.000001 9.533399 0.000005 -0.000004 -0.064611 0.087551 -8.592889 0.369550 2.229549 -18.820578 0.565380 2.737214 -23.338526 -0.000002 0.000000 0.000001 9.104488 -0.042999 -1.865101 0.019988 0.990631 -15.149513 0.374320 2.243569 -18.943422 0.867131 3.350188 -29.016754 0.000003 -0.000004 -0.000003 8.077800 -0.486898 -3.806303 1.327284 5.498048 -16.205998 0.387711 -1.781459 -19.712956 0.397577 2.310139 -19.528686 0.000000 -0.000003 -0.000005 -8.207798 -6.751717 -1.599543 -3.720798 -8.714469 10.229592 19.100202 -5.134957 1.154808 -10.418223 3.031254 -1.405931 -0.488545 0.000008 -0.000002 0.000000 -0.000002 0.000000 8.207802 -6.751693 -1.599543 -15.477277 4.969363 13.360745 34.064377 8.489588 -0.835053 -16.403937 1.250608 -2.539440 1.263498 0.000000 0.000383 -0.000000 -0.000001 0.000000 
0.196047 100.929016 1.360732 -3.607615 -2.858190 -10.332284 -0.000002 10.181536 0.131524 -2.052443 -1.102559 10.395288 0.759219 -0.388634 2.621136 0.784701 -0.537104 2.593738 -0.000001 16.740360 -2.049020 5.095134 -0.274178 -5.845456 -0.000000 9.617841 1.684973 -9.611249 -1.099923 0.912571 -0.000000 22.037338 7.501069 0.000000 -0.000001 -0.000000 -4.570004 11.014859 -2.160839 0.553958 5.665949 14.332710 8.831400 3.877635 59.112466 -0.000011 27.758891 0.000052 15.593628 1.082149 1.251806 -2.464789 -1.573980 2.681909 -2.428107 -8.373536 -14.693282 4.702429 -23.881760 -3.985779 -2.646258 -1.527795 1.527815 -1.191780 4.367380 2.071594 -1.994606 -1.151583 1.151572 -0.000000 -0.000001 0.000003 -9.108301 -0.517864 2.259805 0.970322 -3.672600 23.656468 0.148231 -1.430861 11.827318 0.406546 -2.346945 19.652030 -0.000005 0.000003 0.000002 -9.532493 0.000014 0.000001 -0.011646 -0.922223 15.774573 0.305048 -2.040745 17.001113 -1.781725 -5.113616 30.132694 -0.000003 0.000002 -0.000000 -9.103597 -0.043109 -1.865097 0.368750 -2.282218 22.722258 0.192211 -1.626729 13.475757 -10.576362 -6.975063 21.035504 -0.000000 0.000002 0.000002 -8.076705 -0.486727 -3.806297 0.337974 -2.145583 17.673012 0.307655 -2.049266 17.074327 0.643748 -2.926757 24.804315 0.000004 -0.000002 -0.000004 4.570402 11.014690 -2.160814 0.539820 -6.769776 -12.656155 3.883000 3.529110 -74.885573 -0.000006 -20.929448 -0.000023 18.976624 -6.925557 -5.804217 2.466095 -1.576202 2.681699 -3.011929 12.104910 14.409268 4.848801 9.262356 0.836837 2.647882 -1.528747 1.528749 -9.077577 8.088679 0.642701 1.998909 -1.154090 1.154080 -0.000000 -0.000001 -0.000000 9.109288 -0.518014 2.259899 -0.166848 0.248354 -14.719850 0.334900 2.125312 -17.909070 0.572606 2.753864 -23.489225 0.000002 0.000001 -0.000001 9.533399 0.000003 -0.000003 -0.066121 0.088616 -8.693449 0.373849 2.242102 -18.930641 0.572648 2.754000 -23.490436 -0.000001 -0.000002 -0.000001 9.104488 -0.042994 -1.865103 0.025406 1.016664 -15.258972 0.376784 2.250757 -19.006624 0.872800 3.360376 -29.113575 0.000004 0.000001 -0.000000 8.077804 -0.486887 -3.806304 1.331406 5.492070 -16.294292 0.393299 -1.765947 -19.849554 0.406364 2.334782 -19.745826 0.000001 0.000001 -0.000004 -8.207801 -6.751708 -1.599542 -3.675855 -8.755662 10.228135 19.123983 -5.177327 1.176893 -10.429658 3.037579 -1.426627 -0.491190 0.000003 0.000000 0.000000 -0.000000 0.000000 8.207796 -6.751707 -1.599545 -15.477145 4.984304 13.318596 34.110245 8.739826 -0.783070 -16.475446 1.329044 -2.606318 1.472368 -0.000006 0.000518 -0.000000 0.000002 0.000000 
0.169989 100.929260 1.341537 -3.648149 -2.783343 -10.314764 0.000001 10.181550 0.131523 -2.281505 -1.120600 10.389672 0.987561 -0.319316 2.621044 1.015498 -0.478494 2.589482 -0.000001 16.740358 -2.049021 5.053812 -0.306456 -5.864987 0.000000 9.617851 1.684979 -9.910822 -1.143582 0.861335 0.000000 22.037369 7.501073 0.000000 0.000000 -0.000000 -4.570001 11.014888 -2.160839 0.545014 5.808925 14.345993 8.631845 3.934304 58.981047 -0.000026 27.906877 0.000051 15.677089 1.037855 1.435576 -2.464788 -1.573989 2.681911 -2.426891 -8.383794 -14.692946 4.714813 -23.910047 -3.982739 -2.646272 -1.527809 1.527822 -1.164528 4.311992 2.066363 -1.994597 -1.151585 1.151578 0.000002 -0.000002 -0.000004 -9.108288 -0.517888 2.259805 0.971126 -3.672626 23.699754 0.149160 -1.435379 11.865321 0.411010 -2.359415 19.760931 0.000003 -0.000000 0.000001 -9.532496 0.000011 0.000004 -0.016703 -0.907943 15.832298 0.308270 -2.051248 17.091220 -1.747778 -5.118212 30.253701 -0.000001 0.000003 0.000003 -9.103598 -0.043110 -1.865100 0.364909 -2.274508 22.794597 0.193877 -1.633683 13.534530 -10.566576 -6.993434 21.097194 -0.000001 0.000002 0.000003 -8.076686 -0.486727 -3.806299 0.337018 -2.142554 17.741618 0.310093 -2.057180 17.142349 0.647110 -2.933987 24.869916 -0.000005 0.000004 0.000002 4.570400 11.014697 -2.160813 0.534634 -6.888005 -12.721396 3.579843 3.130180 -74.654494 -0.000004 -21.014595 -0.000017 19.036907 -6.873589 -5.897004 2.466089 -1.576211 2.681695 -2.995584 12.162438 14.410731 4.871272 9.301722 0.837156 2.647892 -1.528739 1.528758 -9.077092 8.185123 0.731090 1.998920 -1.154084 1.154078 0.000001 0.000000 0.000005 9.109288 -0.518013 2.259898 -0.167193 0.256970 -14.813229 0.339241 2.138756 -18.026445 0.581481 2.774155 -23.673036 -0.000003 -0.000001 0.000001 9.533393 0.000004 -0.000001 -0.067667 0.089675 -8.793816 0.378133 2.254624 -19.040505 0.579963 2.770730 -23.642063 -0.000000 -0.000002 0.000001 9.104486 -0.043000 -1.865101 0.030853 1.042619 -15.368242 0.379288 2.257949 -19.069688 0.878461 3.370521 -29.210223 -0.000001 -0.000000 0.000003 8.077798 -0.486895 -3.806303 1.335465 5.486063 -16.382439 0.398920 -1.750458 -19.985895 0.415241 2.359360 -19.962614 0.000005 0.000001 -0.000002 -8.207796 -6.751716 -1.599543 -3.635157 -8.798800 10.216187 19.137739 -5.221484 1.196104 -10.438058 3.043562 -1.446423 -0.493878 0.000001 -0.000002 0.000000 0.000000 0.000000 8.207801 -6.751706 -1.599543 -15.466019 4.986186 13.264174 34.127966 8.964803 -0.736282 -16.513823 1.393068 -2.667636 1.627512 -0.000013 0.000566 -0.000000 -0.000002 0.000000 
0.143616 100.925499 1.324035 -3.699574 -2.728095 -10.296477 -0.000002 10.181530 0.131524 -2.495697 -1.135065 10.385825 1.200385 -0.242369 2.620332 1.230637 -0.411621 2.584978 -0.000001 16.740364 -2.049022 5.025121 -0.333737 -5.900794 0.000000 9.617881 1.684979 -10.116747 -1.207115 0.850707 -0.000000 22.037384 7.501077 0.000002 0.000000 0.000000 -4.570005 11.014874 -2.160840 0.534001 5.930317 14.273917 8.460094 3.931462 58.981368 -0.000005 28.023351 0.000015 15.733996 1.031427 1.503404 -2.464808 -1.573976 2.681909 -2.425664 -8.394081 -14.692598 4.727234 -23.938379 -3.979703 -2.646281 -1.527802 1.527817 -1.137256 4.256521 2.061199 -1.994586 -1.151583 1.151575 -0.000003 0.000000 0.000001 -9.108306 -0.517871 2.259804 0.971909 -3.672688 23.743136 0.150141 -1.439927 11.903419 0.415513 -2.371897 19.870023 -0.000006 0.000004 0.000002 -9.532495 0.000003 0.000002 -0.021811 -0.893673 15.890075 0.311484 -2.061731 17.181546 -1.713736 -5.122714 30.374907 -0.000000 0.000002 0.000005 -9.103607 -0.043110 -1.865100 0.361029 -2.266812 22.867052 0.195562 -1.640666 13.593407 -10.556748 -7.011801 21.159042 0.000002 -0.000002 -0.000001 -8.076695 -0.486730 -3.806296 0.336082 -2.139539 17.810324 0.312537 -2.065094 17.210477 0.650456 -2.941230 24.935622 0.000001 -0.000001 -0.000002 4.570401 11.014685 -2.160813 0.527925 -7.037399 -12.789831 3.332269 2.782086 -74.449745 0.000029 -21.104301 0.000051 19.152967 -6.776641 -6.054899 2.466083 -1.576232 2.681702 -2.979291 12.219824 14.412155 4.893699 9.341051 0.837539 2.647899 -1.528752 1.528753 -9.076648 8.281302 0.819278 1.998905 -1.154083 1.154071 -0.000001 0.000003 0.000001 9.109285 -0.518008 2.259901 -0.167545 0.265578 -14.906396 0.343655 2.152176 -18.143585 0.590372 2.794354 -23.856374 0.000001 -0.000001 0.000002 9.533388 0.000011 0.000002 -0.069214 0.090733 -8.893983 0.382437 2.267106 -19.150138 0.587298 2.787417 -23.793316 -0.000003 -0.000002 -0.000003 9.104477 -0.043018 -1.865099 0.036374 1.068513 -15.477241 0.381750 2.265115 -19.132617 0.884160 3.380646 -29.306648 -0.000001 -0.000003 -0.000002 8.077796 -0.486899 -3.806302 1.339477 5.480093 -16.470352 0.404559 -1.735024 -20.121876 0.424197 2.383827 -20.178918 -0.000002 0.000001 0.000000 -8.207798 -6.751732 -1.599544 -3.603364 -8.820698 10.212359 19.180537 -5.261629 1.193368 -10.461166 3.049433 -1.453953 -0.496595 -0.000002 -0.000000 0.000000 0.000000 0.000000 8.207800 -6.751716 -1.599543 -15.439974 4.983526 13.222111 34.150167 9.085309 -0.694538 -16.539201 1.442442 -2.713127 1.721523 -0.000032 0.000582 0.000000 0.000002 0.000000 
0.119701 100.918114 1.310982 -3.746768 -2.684727 -10.283141 -0.000002 10.181553 0.131523 -2.691876 -1.146652 10.383382 1.418080 -0.168119 2.619594 1.450458 -0.346733 2.580479 0.000001 16.740353 -2.049022 4.954381 -0.363357 -5.925075 0.000000 9.617862 1.684980 -10.302364 -1.271052 0.825109 0.000000 22.037338 7.501061 0.000001 -0.000000 -0.000000 -4.569995 11.014889 -2.160841 0.534354 5.954225 14.286863 8.243154 3.956023 58.881777 -0.000002 28.110882 0.000006 15.744566 1.009670 1.556972 -2.464785 -1.573994 2.681909 -2.424441 -8.404386 -14.692290 4.739703 -23.966707 -3.976608 -2.646274 -1.527810 1.527822 -1.109992 4.200945 2.056064 -1.994598 -1.151582 1.151578 0.000001 -0.000005 -0.000000 -9.108302 -0.517869 2.259803 0.972698 -3.672734 23.786559 0.151086 -1.444468 11.941509 0.420049 -2.384387 19.979219 0.000002 -0.000002 0.000001 -9.532490 0.000018 -0.000001 -0.026953 -0.879372 15.947938 0.314765 -2.072259 17.271931 -1.679728 -5.127071 30.496299 0.000001 0.000003 0.000003 -9.103601 -0.043113 -1.865104 0.357119 -2.259121 22.939624 0.197253 -1.647621 13.652361 -10.546878 -7.030196 21.220957 -0.000003 0.000001 -0.000000 -8.076687 -0.486724 -3.806296 0.335098 -2.136512 17.879122 0.315014 -2.073032 17.278712 0.653838 -2.948485 25.001412 0.000001 0.000006 0.000002 4.570405 11.014696 -2.160814 0.523309 -7.129992 -12.880043 3.062505 2.419554 -74.214882 0.000012 -21.200306 0.000026 19.241085 -6.639858 -6.227932 2.466098 -1.576208 2.681701 -2.963051 12.277087 14.413579 4.916045 9.380230 0.837855 2.647884 -1.528756 1.528751 -9.076230 8.377187 0.907251 1.998929 -1.154079 1.154075 0.000002 0.000003 -0.000002 9.109303 -0.518016 2.259899 -0.167878 0.274170 -14.999261 0.348050 2.165551 -18.260345 0.599344 2.814475 -24.039199 -0.000000 -0.000002 -0.000001 9.533396 0.000004 0.000001 -0.070784 0.091811 -8.993856 0.386788 2.279540 -19.259452 0.594653 2.804015 -23.944172 -0.000002 -0.000003 -0.000003 9.104509 -0.042996 -1.865099 0.041938 1.094314 -15.585969 0.384250 2.272258 -19.195366 0.889829 3.390721 -29.402790 0.000000 -0.000001 -0.000001 8.077809 -0.486886 -3.806300 1.343452 5.474128 -16.558011 0.410198 -1.719636 -20.257518 0.433229 2.408199 -20.394564 -0.000004 -0.000002 -0.000001 -8.207798 -6.751705 -1.599544 -3.583485 -8.841374 10.213470 19.240988 -5.294865 1.184907 -10.494377 3.053444 -1.457348 -0.499411 -0.000002 -0.000000 0.000000 -0.000000 0.000000 8.207797 -6.751686 -1.599546 -15.413763 4.973721 13.201463 34.175582 9.077363 -0.661754 -16.547998 1.471494 -2.735174 1.742780 -0.000032 0.000580 -0.000000 0.000000 0.000000 
0.096754 100.908119 1.297511 -3.778402 -2.656083 -10.271231 -0.000002 10.181543 0.131524 -2.867360 -1.157767 10.382152 1.605449 -0.095392 2.618421 1.639800 -0.282577 2.575939 -0.000000 16.740355 -2.049021 4.898175 -0.389195 -5.928939 0.000000 9.617816 1.684980 -10.447225 -1.330728 0.812980 -0.000000 22.037369 7.501075 0.000003 0.000000 0.000000 -4.569998 11.014889 -2.160839 0.533201 5.987658 14.318149 8.062626 3.981346 58.786147 0.000003 28.173308 0.000035 15.807395 1.000988 1.552177 -2.464800 -1.573996 2.681908 -2.423221 -8.414682 -14.691937 4.752118 -23.995112 -3.973564 -2.646274 -1.527817 1.527818 -1.082693 4.145348 2.050944 -1.994597 -1.151583 1.151569 0.000001 -0.000003 -0.000000 -9.108306 -0.517891 2.259803 0.973479 -3.672777 23.829970 0.152050 -1.449012 11.979702 0.424608 -2.396886 20.088555 0.000002 0.000002 0.000003 -9.532504 0.000012 -0.000002 -0.032157 -0.865098 16.005826 0.318044 -2.082760 17.362430 -1.645663 -5.131352 30.617788 0.000001 0.000003 0.000002 -9.103592 -0.043089 -1.865102 0.353184 -2.251418 23.012226 0.198932 -1.654610 13.711353 -10.536998 -7.048581 21.282922 -0.000002 0.000001 -0.000004 -8.076692 -0.486727 -3.806301 0.334100 -2.133502 17.947951 0.317474 -2.080958 17.346973 0.657245 -2.955746 25.067284 0.000003 -0.000001 0.000000 4.570398 11.014688 -2.160813 0.518344 -7.237079 -12.925902 2.842056 2.101480 -74.024238 -0.000007 -21.271560 -0.000032 19.388083 -6.579224 -6.337892 2.466096 -1.576201 2.681699 -2.946912 12.334135 14.414961 4.938328 9.419284 0.838219 2.647885 -1.528758 1.528748 -9.075839 8.472704 0.994883 1.998940 -1.154096 1.154077 0.000001 0.000004 0.000003 9.109286 -0.518016 2.259901 -0.168198 0.282719 -15.091836 0.352481 2.178858 -18.376738 0.608281 2.834481 -24.221396 0.000002 0.000001 0.000003 9.533392 0.000001 -0.000000 -0.072355 0.092857 -9.093344 0.391122 2.291927 -19.368402 0.602030 2.820553 -24.094512 -0.000005 0.000000 0.000001 9.104495 -0.042996 -1.865101 0.047569 1.120003 -15.694287 0.386733 2.279371 -19.257874 0.895496 3.400747 -29.498648 -0.000002 -0.000003 0.000001 8.077806 -0.486886 -3.806301 1.347365 5.468167 -16.645372 0.415895 -1.704317 -20.392667 0.442299 2.432440 -20.609481 -0.000001 -0.000000 0.000002 -8.207799 -6.751709 -1.599545 -3.589611 -8.859130 10.210185 19.316142 -5.312689 1.183716 -10.531814 3.060674 -1.465346 -0.502278 -0.000000 0.000003 0.000000 -0.000000 -0.000000 8.207797 -6.751697 -1.599543 -15.405982 4.967295 13.197340 34.205587 9.005722 -0.641725 -16.547535 1.489550 -2.741173 1.727583 -0.000022 0.000577 0.000000 0.000000 0.000000 
0.075762 100.900124 1.293367 -3.808515 -2.627764 -10.247594 -0.000002 10.181561 0.131524 -3.021892 -1.172729 10.379412 1.769844 -0.043395 2.618749 1.805996 -0.238304 2.572405 0.000002 16.740376 -2.049018 4.868196 -0.413894 -5.936124 0.000000 9.617838 1.684971 -10.563618 -1.375967 0.815954 -0.000000 22.037354 7.501077 0.000000 -0.000000 -0.000000 -4.570000 11.014888 -2.160839 0.528477 6.074585 14.351496 7.951530 3.954128 58.686290 -0.000019 28.285483 0.000035 15.819160 0.945850 1.596705 -2.464802 -1.573999 2.681908 -2.421982 -8.424994 -14.691636 4.764568 -24.023502 -3.970506 -2.646275 -1.527807 1.527824 -1.055411 4.089703 2.045858 -1.994602 -1.151585 1.151573 -0.000002 -0.000003 0.000001 -9.108304 -0.517874 2.259802 0.974275 -3.672839 23.873437 0.153023 -1.453563 12.017845 0.429188 -2.409367 20.197884 -0.000000 0.000002 0.000004 -9.532494 -0.000003 0.000001 -0.037368 -0.850812 16.063751 0.321329 -2.093284 17.452959 -1.611614 -5.135494 30.739266 0.000001 -0.000001 0.000003 -9.103605 -0.043111 -1.865103 0.349199 -2.243747 23.084844 0.200658 -1.661584 13.770366 -10.527094 -7.066985 21.344934 0.000002 -0.000001 0.000004 -8.076693 -0.486726 -3.806296 0.333082 -2.130491 18.016820 0.319993 -2.088896 17.415271 0.660640 -2.962986 25.133117 0.000001 0.000000 0.000004 4.570405 11.014687 -2.160813 0.514352 -7.322959 -12.961848 2.676846 1.868263 -73.902462 -0.000011 -21.324525 -0.000012 19.510546 -6.521446 -6.448902 2.466098 -1.576208 2.681701 -2.930833 12.390951 14.416332 4.960518 9.458188 0.838516 2.647905 -1.528746 1.528747 -9.075476 8.567823 1.082223 1.998913 -1.154096 1.154074 -0.000002 0.000004 0.000001 9.109283 -0.518011 2.259899 -0.168500 0.291237 -15.183992 0.356872 2.192110 -18.492660 0.617298 2.854389 -24.402861 -0.000000 -0.000004 -0.000004 9.533393 0.000005 -0.000000 -0.073959 0.093927 -9.192449 0.395473 2.304244 -19.476862 0.609430 2.836998 -24.244216 0.000000 -0.000000 0.000004 9.104505 -0.042994 -1.865101 0.053249 1.145561 -15.802172 0.389206 2.286452 -19.320158 0.901170 3.410743 -29.594049 -0.000002 -0.000004 -0.000003 8.077796 -0.486895 -3.806299 1.351237 5.462222 -16.732374 0.421583 -1.689073 -20.527287 0.451427 2.456568 -20.823531 -0.000001 -0.000001 -0.000004 -8.207799 -6.751712 -1.599543 -3.595131 -8.861151 10.203603 19.388038 -5.348907 1.165898 -10.573525 3.065990 -1.458854 -0.505184 -0.000003 -0.000000 0.000000 0.000000 0.000000 8.207799 -6.751684 -1.599543 -15.381965 4.963999 13.192524 34.218630 8.882185 -0.638867 -16.536229 1.495662 -2.729175 1.682181 -0.000005 0.000567 0.000000 0.000000 0.000000 
0.055779 100.890862 1.287411 -3.836071 -2.608991 -10.229036 -0.000001 10.181548 0.131523 -3.156100 -1.186085 10.376589 1.910154 -0.003683 2.619622 1.947923 -0.205331 2.569398 0.000000 16.740393 -2.049019 4.843900 -0.436341 -5.937169 0.000000 9.617822 1.684978 -10.648090 -1.425584 0.818711 -0.000000 22.037354 7.501070 -0.000000 0.000000 -0.000000 -4.569995 11.014901 -2.160839 0.525416 6.138184 14.390903 7.862614 3.924414 58.602893 -0.000034 28.364666 0.000045 15.834416 0.942865 1.626267 -2.464797 -1.573986 2.681910 -2.420750 -8.435310 -14.691305 4.776991 -24.051900 -3.967403 -2.646267 -1.527819 1.527821 -1.028133 4.034051 2.040797 -1.994601 -1.151580 1.151581 -0.000000 0.000000 0.000001 -9.108312 -0.517887 2.259805 0.975071 -3.672883 23.916915 0.153968 -1.458091 12.056031 0.433814 -2.421850 20.307230 -0.000001 -0.000001 0.000003 -9.532489 0.000012 0.000002 -0.042619 -0.836544 16.121693 0.324651 -2.103773 17.543450 -1.577599 -5.139527 30.860820 -0.000000 -0.000001 -0.000000 -9.103595 -0.043109 -1.865102 0.345206 -2.236085 23.157485 0.202360 -1.668564 13.829367 -10.517176 -7.085352 21.406913 -0.000000 -0.000002 0.000002 -8.076694 -0.486728 -3.806300 0.332080 -2.127478 18.085689 0.322452 -2.096825 17.483604 0.664056 -2.970239 25.199006 0.000003 -0.000001 0.000002 4.570400 11.014706 -2.160813 0.511567 -7.381770 -12.988975 2.556199 1.681098 -73.803363 0.000024 -21.381342 -0.000023 19.572015 -6.464760 -6.563425 2.466093 -1.576203 2.681697 -2.914840 12.447519 14.417648 4.982603 9.496917 0.838812 2.647895 -1.528759 1.528753 -9.075162 8.662446 1.169132 1.998917 -1.154093 1.154073 0.000000 0.000001 -0.000000 9.109291 -0.518012 2.259901 -0.168782 0.299716 -15.275761 0.361290 2.205283 -18.608017 0.626328 2.874189 -24.583485 -0.000000 -0.000001 0.000001 9.533395 0.000009 0.000001 -0.075561 0.095013 -9.291055 0.399851 2.316504 -19.584845 0.616820 2.853350 -24.393242 0.000001 0.000000 -0.000002 9.104477 -0.042997 -1.865099 0.058971 1.170994 -15.909585 0.391691 2.293498 -19.382130 0.906833 3.420662 -29.689050 0.000005 -0.000002 0.000002 8.077790 -0.486881 -3.806302 1.355072 5.456294 -16.818967 0.427270 -1.673925 -20.661254 0.460593 2.480547 -21.036607 0.000001 0.000001 0.000000 -8.207798 -6.751709 -1.599544 -3.606692 -8.864650 10.202487 19.463476 -5.372451 1.144177 -10.614666 3.070295 -1.452392 -0.508131 0.000007 -0.000001 0.000000 -0.000000 0.000000 8.207798 -6.751701 -1.599544 -15.363455 4.959580 13.203042 34.237232 8.735170 -0.649721 -16.521072 1.494768 -2.708079 1.618693 -0.000018 0.000557 0.000000 0.000002 0.000000 
0.039574 100.885040 1.284209 -3.866254 -2.592635 -10.214066 0.000000 10.181541 0.131525 -3.266417 -1.197271 10.374226 2.026168 0.027831 2.620448 2.065336 -0.179450 2.566667 -0.000001 16.740377 -2.049026 4.826764 -0.455675 -5.936962 0.000000 9.617868 1.684973 -10.704760 -1.475714 0.820399 -0.000000 22.037369 7.501066 0.000000 0.000000 -0.000000 -4.569998 11.014877 -2.160844 0.522136 6.208198 14.442187 7.806185 3.853503 58.545472 0.000014 28.453677 -0.000002 15.831603 0.890150 1.681101 -2.464800 -1.573991 2.681904 -2.419498 -8.445613 -14.690960 4.789398 -24.080305 -3.964332 -2.646252 -1.527813 1.527819 -1.000882 3.978438 2.035780 -1.994598 -1.151561 1.151581 -0.000002 -0.000005 -0.000000 -9.108318 -0.517871 2.259800 0.975851 -3.672939 23.960362 0.154957 -1.462641 12.094173 0.438436 -2.434320 20.416525 -0.000000 0.000002 0.000002 -9.532502 -0.000001 -0.000002 -0.047909 -0.822305 16.179581 0.327985 -2.114284 17.633907 -1.543614 -5.143407 30.982343 0.000002 -0.000001 0.000004 -9.103600 -0.043095 -1.865100 0.341172 -2.228440 23.230074 0.204096 -1.675543 13.888330 -10.507222 -7.103697 21.468895 0.000001 0.000001 0.000005 -8.076695 -0.486715 -3.806301 0.331042 -2.124478 18.154515 0.324971 -2.104757 17.551836 0.667456 -2.977472 25.264846 -0.000000 0.000001 0.000001 4.570410 11.014686 -2.160818 0.507897 -7.420819 -12.996709 2.466218 1.538020 -73.740075 0.000001 -21.435598 -0.000002 19.583874 -6.427885 -6.676815 2.466094 -1.576207 2.681702 -2.898938 12.503798 14.418977 5.004564 9.535426 0.839039 2.647880 -1.528744 1.528753 -9.074870 8.756579 1.255614 1.998917 -1.154089 1.154076 0.000001 0.000001 -0.000000 9.109281 -0.518012 2.259902 -0.169080 0.308147 -15.367045 0.365719 2.218394 -18.722792 0.635366 2.893832 -24.763179 -0.000000 -0.000002 -0.000001 9.533392 -0.000000 0.000001 -0.077186 0.096071 -9.389227 0.404179 2.328705 -19.692270 0.624233 2.869586 -24.541500 -0.000001 -0.000002 -0.000002 9.104486 -0.042997 -1.865102 0.064727 1.196263 -16.016426 0.394151 2.300504 -19.443792 0.912480 3.430536 -29.783552 0.000001 -0.000000 -0.000000 8.077796 -0.486885 -3.806300 1.358823 5.450408 -16.905078 0.432970 -1.658862 -20.794531 0.469825 2.504351 -21.248568 0.000002 -0.000001 -0.000004 -8.207802 -6.751720 -1.599544 -3.601575 -8.865800 10.200866 19.514766 -5.390503 1.128407 -10.644618 3.075850 -1.447942 -0.511153 0.000011 -0.000000 -0.000000 -0.000001 -0.000000 8.207800 -6.751716 -1.599544 -15.335062 4.956009 13.210319 34.244212 8.611285 -0.656166 -16.502022 1.493185 -2.691517 1.556525 -0.000003 0.000534 0.000000 0.000000 0.000000 
0.027905 100.879433 1.279693 -3.890825 -2.604001 -10.206176 0.000004 10.181539 0.131525 -3.351642 -1.205844 10.372143 2.116365 0.051576 2.620948 2.156678 -0.160117 2.564106 -0.000002 16.740347 -2.049020 4.823272 -0.471964 -5.936850 0.000000 9.617860 1.684971 -10.769483 -1.527771 0.807558 0.000000 22.037399 7.501077 0.000001 0.000001 -0.000000 -4.569997 11.014845 -2.160839 0.519531 6.253443 14.449465 7.758833 3.778219 58.559986 -0.000001 28.493594 0.000049 15.865560 0.885631 1.678389 -2.464785 -1.573995 2.681907 -2.418297 -8.455914 -14.690649 4.801833 -24.108654 -3.961247 -2.646272 -1.527805 1.527812 -0.973690 3.922864 2.030814 -1.994595 -1.151587 1.151572 -0.000001 -0.000004 0.000005 -9.108296 -0.517886 2.259802 0.976614 -3.672980 24.003776 0.155925 -1.467179 12.132293 0.443078 -2.446766 20.525687 -0.000000 0.000001 -0.000001 -9.532496 0.000014 -0.000003 -0.053237 -0.808075 16.237439 0.331316 -2.124754 17.724291 -1.509698 -5.147199 31.103698 -0.000000 0.000000 -0.000000 -9.103583 -0.043093 -1.865103 0.337091 -2.220816 23.302587 0.205816 -1.682499 13.947318 -10.497274 -7.122020 21.530817 -0.000002 -0.000001 0.000002 -8.076678 -0.486730 -3.806299 0.329960 -2.121503 18.223273 0.327481 -2.112664 17.620042 0.670882 -2.984702 25.330612 0.000001 0.000000 -0.000001 4.570398 11.014679 -2.160814 0.508678 -7.445728 -13.004374 2.412985 1.447022 -73.705282 0.000010 -21.492964 0.000003 19.644322 -6.405932 -6.618462 2.466094 -1.576218 2.681702 -2.883154 12.559757 14.420286 5.026399 9.573729 0.839297 2.647893 -1.528746 1.528752 -9.074605 8.850116 1.341589 1.998917 -1.154089 1.154076 -0.000003 -0.000003 -0.000000 9.109296 -0.518007 2.259896 -0.169356 0.316542 -15.457770 0.370168 2.231417 -18.836897 0.644416 2.913348 -24.941824 -0.000000 0.000000 -0.000002 9.533411 0.000005 -0.000002 -0.078782 0.097148 -9.486770 0.408528 2.340827 -19.799083 0.631629 2.885708 -24.688878 0.000000 -0.000001 0.000003 9.104491 -0.042997 -1.865105 0.070548 1.221388 -16.122648 0.396616 2.307466 -19.505087 0.918110 3.440342 -29.877505 0.000000 -0.000003 -0.000001 8.077803 -0.486899 -3.806309 1.362551 5.444538 -16.990722 0.438699 -1.643903 -20.927011 0.479054 2.527978 -21.459317 -0.000001 -0.000003 0.000001 -8.207797 -6.751719 -1.599543 -3.603074 -8.864570 10.199179 19.560740 -5.384849 1.119314 -10.667091 3.081728 -1.449334 -0.514210 -0.000001 -0.000000 0.000000 -0.000001 -0.000000 8.207803 -6.751709 -1.599545 -15.315294 4.953838 13.218808 34.256247 8.567712 -0.667274 -16.485563 1.498075 -2.687808 1.503606 -0.000000 0.000535 0.000000 -0.000002 0.000000 
0.018959 100.872551 1.275262 -3.902401 -2.608686 -10.202628 0.000000 10.181536 0.131522 -3.410328 -1.211499 10.370671 2.179047 0.067999 2.620900 2.220218 -0.146769 2.561664 -0.000000 16.740383 -2.049022 4.827583 -0.484638 -5.936636 0.000000 9.617845 1.684977 -10.829857 -1.554743 0.787970 -0.000000 22.037384 7.501078 0.000001 -0.000000 -0.000000 -4.569996 11.014903 -2.160841 0.517243 6.298829 14.472863 7.749262 3.677845 58.566686 -0.000011 28.525020 0.000036 15.895126 0.887840 1.698572 -2.464790 -1.573990 2.681911 -2.417089 -8.466188 -14.690294 4.814259 -24.136973 -3.958176 -2.646269 -1.527814 1.527821 -0.946560 3.867344 2.025854 -1.994609 -1.151581 1.151574 0.000002 0.000000 0.000001 -9.108302 -0.517889 2.259801 0.977390 -3.673042 24.047091 0.156894 -1.471716 12.170350 0.447758 -2.459173 20.634748 -0.000005 0.000002 -0.000000 -9.532494 0.000012 0.000000 -0.058604 -0.793883 16.295206 0.334675 -2.135207 17.814557 -1.475818 -5.150860 31.224927 0.000001 0.000002 0.000003 -9.103589 -0.043110 -1.865101 0.333004 -2.213217 23.375021 0.207546 -1.689458 14.006147 -10.487302 -7.140302 21.592668 0.000002 -0.000001 0.000001 -8.076684 -0.486731 -3.806300 0.328894 -2.118504 18.291952 0.330009 -2.120549 17.688178 0.674295 -2.991910 25.396310 0.000003 0.000000 -0.000000 4.570404 11.014694 -2.160817 0.508594 -7.473841 -13.014998 2.370373 1.412466 -73.689852 -0.000011 -21.532880 0.000011 19.596209 -6.353482 -6.586593 2.466096 -1.576210 2.681697 -2.867451 12.615351 14.421548 5.048066 9.611799 0.839498 2.647886 -1.528757 1.528752 -9.074379 8.943017 1.427024 1.998925 -1.154090 1.154077 -0.000000 0.000003 -0.000000 9.109297 -0.518016 2.259899 -0.169618 0.324884 -15.547940 0.374579 2.244334 -18.950280 0.653469 2.932709 -25.119330 0.000001 0.000002 0.000002 9.533394 0.000013 0.000000 -0.080394 0.098207 -9.583722 0.412889 2.352839 -19.905169 0.639025 2.901711 -24.835317 -0.000000 -0.000002 -0.000001 9.104501 -0.042994 -1.865103 0.076399 1.246313 -16.228212 0.399067 2.314384 -19.565994 0.923711 3.450059 -29.970846 0.000001 -0.000000 0.000000 8.077796 -0.486882 -3.806300 1.366210 5.438692 -17.075806 0.444389 -1.629057 -21.058648 0.488336 2.551446 -21.668695 0.000000 -0.000002 -0.000004 -8.207800 -6.751718 -1.599545 -3.617795 -8.866204 10.203701 19.607709 -5.397425 1.107436 -10.689783 3.085999 -1.445708 -0.517293 -0.000009 -0.000001 -0.000000 -0.000000 0.000000 8.207800 -6.751706 -1.599547 -15.316412 4.962003 13.233760 34.279732 8.450979 -0.672307 -16.501903 1.515593 -2.666545 1.504357 -0.000007 0.000523 -0.000000 0.000000 0.000000 
0.010443 100.865410 1.271815 -3.914629 -2.619663 -10.202590 0.000001 10.181553 0.131525 -3.447901 -1.215444 10.368989 2.220732 0.076424 2.620040 2.262548 -0.140308 2.558836 -0.000001 16.740374 -2.049018 4.828211 -0.493856 -5.935689 0.000000 9.617844 1.684976 -10.855206 -1.578205 0.812682 0.000000 22.037384 7.501083 -0.000000 0.000000 -0.000000 -4.570000 11.014892 -2.160838 0.514243 6.356727 14.503067 7.757290 3.570621 58.575340 -0.000013 28.535962 0.000015 15.910480 0.926342 1.692169 -2.464796 -1.573978 2.681910 -2.415853 -8.476463 -14.689966 4.826632 -24.165242 -3.955080 -2.646270 -1.527820 1.527818 -0.919473 3.811925 2.020966 -1.994601 -1.151574 1.151575 0.000001 -0.000001 -0.000002 -9.108291 -0.517874 2.259801 0.978160 -3.673088 24.090344 0.157884 -1.476229 12.208367 0.452431 -2.471569 20.743585 -0.000002 0.000002 0.000001 -9.532494 0.000016 -0.000003 -0.063963 -0.779722 16.352870 0.338053 -2.145651 17.904661 -1.442053 -5.154383 31.345958 0.000003 0.000001 0.000002 -9.103591 -0.043108 -1.865101 0.328914 -2.205646 23.447295 0.209287 -1.696389 14.064888 -10.477351 -7.158530 21.654401 0.000001 -0.000002 -0.000001 -8.076688 -0.486727 -3.806300 0.327822 -2.115539 18.360505 0.332488 -2.128440 17.756175 0.677734 -2.999111 25.461852 -0.000000 0.000000 0.000002 4.570398 11.014675 -2.160814 0.508925 -7.492671 -13.004175 2.340080 1.409930 -73.695897 -0.000029 -21.555471 -0.000057 19.563043 -6.330378 -6.554311 2.466101 -1.576198 2.681696 -2.851920 12.670565 14.422793 5.069614 9.649594 0.839737 2.647882 -1.528745 1.528748 -9.074164 9.035247 1.511858 1.998914 -1.154092 1.154073 -0.000001 -0.000000 -0.000002 9.109302 -0.518013 2.259900 -0.169879 0.333175 -15.637469 0.379018 2.257164 -19.062845 0.662510 2.951904 -25.295577 -0.000001 -0.000002 -0.000001 9.533401 -0.000001 -0.000003 -0.082046 0.099286 -9.679951 0.417221 2.364765 -20.010555 0.646404 2.917606 -24.980730 0.000000 0.000001 0.000001 9.104495 -0.042999 -1.865103 0.082226 1.271072 -16.333001 0.401518 2.321241 -19.626502 0.929299 3.459712 -30.063505 0.000001 -0.000002 -0.000002 8.077806 -0.486898 -3.806302 1.369795 5.432904 -17.160266 0.450087 -1.614322 -21.189391 0.497635 2.574691 -21.876590 -0.000003 -0.000002 0.000000 -8.207797 -6.751709 -1.599542 -3.630584 -8.866018 10.207560 19.653485 -5.389581 1.101372 -10.711649 3.089238 -1.447536 -0.520440 0.000000 -0.000001 -0.000000 0.000000 0.000000 8.207802 -6.751705 -1.599544 -15.315326 4.961219 13.252242 34.306544 8.354214 -0.683416 -16.520052 1.530965 -2.648660 1.505201 -0.000005 0.000521 0.000000 -0.000002 0.000000 
0.004444 100.861504 1.270161 -3.926486 -2.630031 -10.197499 0.000001 10.181564 0.131524 -3.472707 -1.218625 10.367047 2.250783 0.082576 2.618744 2.293106 -0.135451 2.555951 -0.000002 16.740364 -2.049019 4.833278 -0.502598 -5.933333 -0.000000 9.617887 1.684976 -10.886057 -1.596690 0.840529 0.000000 22.037384 7.501076 0.000003 0.000000 0.000000 -4.570003 11.014873 -2.160838 0.511865 6.405085 14.533107 7.778460 3.480128 58.581324 -0.000008 28.545391 0.000031 15.918190 0.934339 1.678614 -2.464810 -1.574004 2.681906 -2.414623 -8.486675 -14.689688 4.839017 -24.193454 -3.951960 -2.646260 -1.527822 1.527815 -0.892507 3.756615 2.016117 -1.994589 -1.151573 1.151574 0.000002 -0.000002 -0.000004 -9.108305 -0.517883 2.259802 0.978911 -3.673146 24.133500 0.158888 -1.480751 12.246256 0.457126 -2.483927 20.852192 -0.000001 -0.000001 -0.000001 -9.532504 -0.000001 -0.000003 -0.069362 -0.765605 16.410395 0.341439 -2.156055 17.994545 -1.408375 -5.157776 31.466712 -0.000001 -0.000001 -0.000000 -9.103622 -0.043110 -1.865106 0.324780 -2.198100 23.519434 0.211040 -1.703313 14.123516 -10.467397 -7.176707 21.715996 -0.000004 0.000002 0.000006 -8.076700 -0.486728 -3.806304 0.326714 -2.112586 18.428853 0.335041 -2.136303 17.823988 0.681156 -3.006289 25.527303 0.000005 0.000000 -0.000002 4.570400 11.014688 -2.160814 0.510650 -7.498424 -12.997162 2.339268 1.428401 -73.716709 -0.000012 -21.584479 -0.000009 19.499212 -6.322897 -6.504970 2.466088 -1.576212 2.681702 -2.836514 12.725366 14.424036 5.090995 9.687087 0.839907 2.647893 -1.528760 1.528748 -9.073991 9.126741 1.596073 1.998917 -1.154089 1.154080 -0.000001 0.000001 -0.000000 9.109279 -0.518009 2.259901 -0.170120 0.341386 -15.726266 0.383418 2.269886 -19.174552 0.671569 2.970917 -25.470484 0.000003 0.000002 0.000002 9.533382 0.000011 0.000001 -0.083679 0.100344 -9.775430 0.421548 2.376619 -20.115109 0.653765 2.933334 -25.125047 -0.000000 0.000002 -0.000001 9.104479 -0.042999 -1.865100 0.088104 1.295599 -16.437012 0.403955 2.328057 -19.686521 0.934857 3.469285 -30.155517 0.000001 0.000001 -0.000000 8.077781 -0.486881 -3.806299 1.373357 5.427121 -17.244080 0.455752 -1.599716 -21.319100 0.506946 2.597738 -22.082896 0.000002 -0.000001 -0.000005 -8.207796 -6.751708 -1.599543 -3.636333 -8.866044 10.207072 19.684740 -5.380692 1.091316 -10.727078 3.092156 -1.446028 -0.523612 0.000003 -0.000000 0.000000 -0.000000 0.000000 8.207802 -6.751709 -1.599546 -15.304582 4.956766 13.256764 34.315454 8.295464 -0.689131 -16.518054 1.540474 -2.639686 1.482358 -0.000009 0.000518 0.000000 0.000000 0.000000 
-0.000467 100.858475 1.263773 -3.931214 -2.633913 -10.187802 0.000001 10.181563 0.131523 -3.485643 -1.220421 10.364896 2.271812 0.086194 2.617004 2.314528 -0.132487 2.552968 0.000001 16.740381 -2.049025 4.847303 -0.511496 -5.927400 0.000000 9.617826 1.684977 -10.927538 -1.602293 0.842914 0.000000 22.037369 7.501072 0.000002 -0.000000 -0.000000 -4.569998 11.014906 -2.160845 0.507564 6.427624 14.541053 7.788355 3.400228 58.624163 -0.000021 28.555283 0.000025 15.906110 0.939642 1.645440 -2.464792 -1.574005 2.681911 -2.413424 -8.496897 -14.689338 4.851327 -24.221592 -3.948886 -2.646274 -1.527808 1.527817 -0.865581 3.701462 2.011308 -1.994602 -1.151583 1.151573 -0.000003 -0.000003 0.000001 -9.108304 -0.517881 2.259805 0.979665 -3.673203 24.176561 0.159863 -1.485256 12.284072 0.461831 -2.496222 20.960495 -0.000001 0.000002 -0.000000 -9.532492 -0.000004 0.000002 -0.074787 -0.751551 16.467762 0.344822 -2.166432 18.084220 -1.374796 -5.161059 31.587122 0.000001 0.000003 0.000002 -9.103593 -0.043104 -1.865100 0.320646 -2.190585 23.591386 0.212767 -1.710211 14.181968 -10.457426 -7.194839 21.777450 -0.000001 -0.000001 0.000007 -8.076694 -0.486732 -3.806297 0.325596 -2.109649 18.497081 0.337593 -2.144132 17.891660 0.684562 -3.013438 25.592517 -0.000000 0.000004 0.000005 4.570402 11.014676 -2.160820 0.507156 -7.521561 -12.995499 2.359621 1.478355 -73.726394 -0.000030 -21.616932 -0.000025 19.359077 -6.310699 -6.452194 2.466077 -1.576209 2.681700 -2.821221 12.779696 14.425233 5.112152 9.724279 0.840075 2.647892 -1.528748 1.528748 -9.073827 9.217439 1.679543 1.998925 -1.154090 1.154078 -0.000000 0.000001 -0.000000 9.109288 -0.518017 2.259897 -0.170381 0.349533 -15.814398 0.387823 2.282486 -19.285328 0.680566 2.989753 -25.643918 0.000001 0.000004 0.000000 9.533396 0.000010 0.000000 -0.085311 0.101392 -9.870160 0.425864 2.388327 -20.218787 0.661090 2.948913 -25.268121 -0.000001 0.000000 -0.000002 9.104491 -0.043000 -1.865101 0.094009 1.319902 -16.540157 0.406366 2.334800 -19.746017 0.940399 3.478770 -30.246714 -0.000001 0.000001 0.000000 8.077787 -0.486885 -3.806300 1.376817 5.421391 -17.327215 0.461429 -1.585235 -21.447713 0.516259 2.620555 -22.287522 -0.000004 -0.000001 -0.000001 -8.207796 -6.751713 -1.599544 -3.652275 -8.866017 10.204692 19.713997 -5.379322 1.076209 -10.738602 3.094677 -1.440743 -0.526814 -0.000004 -0.000004 0.000000 -0.000000 0.000000 8.207802 -6.751700 -1.599544 -15.302354 4.952749 13.253400 34.317555 8.232638 -0.690455 -16.506364 1.551576 -2.628539 1.454177 0.000001 0.000494 0.000000 0.000000 0.000000 
-0.003458 100.856796 1.257795 -3.926889 -2.631844 -10.177159 -0.000001 10.181541 0.131525 -3.485959 -1.222101 10.361170 2.280347 0.076252 2.616075 2.323358 -0.142486 2.550482 -0.000002 16.740374 -2.049024 4.856624 -0.518473 -5.913959 0.000000 9.617856 1.684983 -10.904377 -1.605537 0.851701 0.000000 22.037384 7.501070 0.000002 -0.000000 -0.000000 -4.570000 11.014894 -2.160840 0.505703 6.431355 14.531040 7.811273 3.362627 58.666141 -0.000025 28.551234 0.000059 15.855333 0.936899 1.590901 -2.464794 -1.573997 2.681908 -2.412217 -8.507079 -14.689012 4.863623 -24.249634 -3.945785 -2.646268 -1.527801 1.527818 -0.838775 3.646458 2.006512 -1.994594 -1.151597 1.151576 -0.000001 -0.000000 0.000005 -9.108304 -0.517866 2.259800 0.980424 -3.673252 24.219477 0.160827 -1.489737 12.321762 0.466536 -2.508482 21.068473 -0.000002 -0.000001 0.000005 -9.532500 0.000009 -0.000002 -0.080205 -0.737540 16.524967 0.348183 -2.176775 18.173581 -1.341352 -5.164211 31.707217 -0.000000 0.000002 0.000005 -9.103590 -0.043116 -1.865101 0.316495 -2.183111 23.663049 0.214493 -1.717096 14.240226 -10.447496 -7.212889 21.838726 0.000000 -0.000002 0.000002 -8.076695 -0.486729 -3.806301 0.324493 -2.106716 18.565069 0.340085 -2.151955 17.959074 0.687997 -3.020550 25.657571 0.000001 0.000000 0.000003 4.570403 11.014692 -2.160815 0.501882 -7.552490 -12.989747 2.398221 1.561107 -73.746495 0.000016 -21.631651 0.000032 19.260056 -6.289841 -6.394854 2.466087 -1.576212 2.681694 -2.806100 12.833569 14.426423 5.133167 9.761145 0.840199 2.647885 -1.528732 1.528750 -9.073714 9.307299 1.762313 1.998924 -1.154088 1.154073 -0.000000 -0.000002 -0.000000 9.109283 -0.518012 2.259900 -0.170571 0.357620 -15.901674 0.392212 2.294968 -19.395089 0.689554 3.008389 -25.815820 -0.000001 -0.000002 -0.000002 9.533392 0.000002 -0.000004 -0.086938 0.102470 -9.963996 0.430162 2.399946 -20.321543 0.668415 2.964339 -25.409945 -0.000002 0.000000 -0.000001 9.104483 -0.042997 -1.865102 0.099928 1.343992 -16.642348 0.408788 2.341497 -19.804979 0.945883 3.488143 -30.337091 -0.000001 -0.000000 -0.000002 8.077787 -0.486882 -3.806303 1.380259 5.415718 -17.409553 0.467082 -1.570894 -21.575178 0.525574 2.643133 -22.490269 -0.000001 -0.000002 0.000002 -8.207799 -6.751720 -1.599544 -3.673357 -8.865241 10.201397 19.735021 -5.385607 1.061757 -10.745966 3.097401 -1.433563 -0.530073 -0.000003 0.000001 -0.000000 -0.000000 -0.000000 8.207799 -6.751724 -1.599544 -15.307453 4.946321 13.247191 34.313276 8.180419 -0.693468 -16.483798 1.563255 -2.616491 1.412369 -0.000010 0.000498 -0.000000 -0.000002 0.000000 
-0.003532 100.856331 1.251236 -3.914217 -2.627986 -10.164907 -0.000002 10.181542 0.131523 -3.473029 -1.228009 10.356287 2.278652 0.057497 2.615229 2.321831 -0.160708 2.548044 -0.000002 16.740356 -2.049024 4.870259 -0.527380 -5.896163 0.000000 9.617859 1.684981 -10.868484 -1.622629 0.845088 0.000000 22.037384 7.501075 0.000001 -0.000000 -0.000000 -4.569997 11.014866 -2.160843 0.502628 6.434209 14.518860 7.823966 3.313590 58.704533 -0.000029 28.557424 0.000086 15.829525 0.947205 1.546481 -2.464802 -1.573996 2.681912 -2.410991 -8.517215 -14.688686 4.875858 -24.277595 -3.942713 -2.646267 -1.527812 1.527816 -0.812083 3.591667 2.001788 -1.994594 -1.151572 1.151574 0.000003 -0.000007 0.000001 -9.108299 -0.517868 2.259803 0.981176 -3.673300 24.262239 0.161799 -1.494219 12.359301 0.471256 -2.520689 21.176069 0.000002 0.000002 0.000004 -9.532510 0.000013 -0.000000 -0.085662 -0.723586 16.581966 0.351591 -2.187068 18.262638 -1.308046 -5.167238 31.826868 -0.000002 0.000003 0.000005 -9.103612 -0.043109 -1.865100 0.312316 -2.175678 23.734508 0.216257 -1.723946 14.298308 -10.437586 -7.230859 21.899776 0.000004 -0.000000 0.000003 -8.076701 -0.486716 -3.806302 0.323357 -2.103802 18.632809 0.342620 -2.159721 18.026268 0.691425 -3.027649 25.722404 0.000004 0.000000 0.000003 4.570403 11.014681 -2.160819 0.492429 -7.587092 -13.005476 2.457183 1.653878 -73.754643 -0.000003 -21.639598 -0.000020 19.130549 -6.312396 -6.323734 2.466110 -1.576206 2.681700 -2.791135 12.886905 14.427547 5.153931 9.797640 0.840341 2.647882 -1.528751 1.528746 -9.073625 9.396269 1.844287 1.998928 -1.154088 1.154078 0.000003 -0.000000 0.000002 9.109297 -0.518010 2.259896 -0.170796 0.365632 -15.988127 0.396559 2.307313 -19.503810 0.698519 3.026819 -25.986034 -0.000001 -0.000001 0.000001 9.533414 0.000004 -0.000003 -0.088565 0.103510 -10.056932 0.434411 2.411441 -20.423287 0.675714 2.979612 -25.550380 -0.000004 0.000001 0.000002 9.104513 -0.042997 -1.865103 0.105842 1.367812 -16.743580 0.411178 2.348113 -19.863413 0.951329 3.497429 -30.426601 0.000001 -0.000003 -0.000001 8.077806 -0.486898 -3.806300 1.383616 5.410083 -17.491109 0.472706 -1.556741 -21.701396 0.534861 2.665460 -22.691087 -0.000002 -0.000001 -0.000005 -8.207801 -6.751721 -1.599544 -3.700648 -8.864796 10.196811 19.749022 -5.400392 1.045653 -10.748781 3.100259 -1.423088 -0.533354 0.000002 0.000001 0.000000 0.000000 0.000000 8.207801 -6.751704 -1.599545 -15.318236 4.937192 13.237885 34.304536 8.125787 -0.699160 -16.465242 1.572777 -2.600005 1.385572 -0.000012 0.000492 0.000000 0.000000 0.000000 
-0.000921 100.855553 1.243677 -3.890834 -2.621064 -10.163994 -0.000003 10.181547 0.131525 -3.448700 -1.233437 10.351062 2.270441 0.033744 2.613168 2.313672 -0.183288 2.544582 0.000001 16.740366 -2.049021 4.893069 -0.550941 -5.888279 0.000001 9.617876 1.684978 -10.921892 -1.746185 0.888772 0.000000 22.037369 7.501067 0.000000 -0.000000 -0.000000 -4.569999 11.014877 -2.160839 0.508291 6.408343 14.471576 7.822398 3.301418 58.748697 -0.000022 28.551929 0.000032 15.797835 0.990435 1.518533 -2.464790 -1.573982 2.681912 -2.409816 -8.527327 -14.688353 4.888076 -24.305411 -3.939635 -2.646266 -1.527819 1.527820 -0.785503 3.537060 1.997126 -1.994590 -1.151581 1.151576 0.000002 -0.000005 -0.000000 -9.108294 -0.517886 2.259803 0.981904 -3.673363 24.304834 0.162772 -1.498653 12.396718 0.476002 -2.532849 21.283235 -0.000000 0.000001 0.000001 -9.532502 0.000014 -0.000002 -0.091119 -0.709704 16.638727 0.354984 -2.197305 18.351351 -1.274911 -5.170122 31.946031 0.000001 -0.000003 0.000007 -9.103605 -0.043112 -1.865100 0.308129 -2.168288 23.805672 0.217988 -1.730758 14.356136 -10.427671 -7.248742 21.960590 0.000002 0.000000 0.000004 -8.076684 -0.486729 -3.806298 0.322194 -2.100905 18.700278 0.345146 -2.167466 18.093202 0.694839 -3.034721 25.786949 -0.000003 0.000005 0.000002 4.570402 11.014697 -2.160815 0.487427 -7.598905 -13.022960 2.516508 1.743245 -73.756167 0.000002 -21.643095 0.000002 18.988534 -6.321047 -6.207281 2.466100 -1.576203 2.681703 -2.776324 12.939689 14.428691 5.174509 9.833772 0.840455 2.647898 -1.528748 1.528752 -9.073537 9.484297 1.925415 1.998925 -1.154095 1.154078 -0.000002 0.000003 -0.000000 9.109302 -0.518016 2.259902 -0.171000 0.373526 -16.073672 0.400938 2.319538 -19.611403 0.707441 3.045025 -26.154509 0.000002 -0.000002 -0.000001 9.533408 0.000009 0.000002 -0.090188 0.104552 -10.148901 0.438661 2.422799 -20.523993 0.682922 2.994681 -25.689359 -0.000002 -0.000001 0.000004 9.104500 -0.042996 -1.865098 0.111775 1.391373 -16.843747 0.413537 2.354659 -19.921181 0.956750 3.506612 -30.515222 0.000000 -0.000003 -0.000002 8.077822 -0.486881 -3.806300 1.386922 5.404508 -17.571804 0.478300 -1.542712 -21.826310 0.544157 2.687515 -22.889805 0.000000 -0.000001 0.000000 -8.207798 -6.751727 -1.599544 -3.733206 -8.864751 10.205546 19.752502 -5.424804 1.027691 -10.745026 3.103145 -1.410135 -0.536655 0.000006 -0.000004 0.000000 0.000001 0.000000 8.207801 -6.751703 -1.599547 -15.346925 4.927593 13.240009 34.301842 8.060410 -0.702312 -16.446867 1.582285 -2.581112 1.354979 0.000012 0.000478 -0.000000 0.000002 0.000000 
0.002869 100.854439 1.237953 -3.864608 -2.618857 -10.164955 0.000003 10.181538 0.131522 -3.414530 -1.236161 10.346765 2.246605 0.010401 2.610821 2.289786 -0.204924 2.541408 -0.000001 16.740370 -2.049023 4.911582 -0.573625 -5.883234 0.000000 9.617825 1.684980 -10.931674 -1.859926 0.917204 0.000000 22.037369 7.501084 -0.000000 0.000000 -0.000000 -4.570000 11.014878 -2.160841 0.511341 6.392220 14.398647 7.819386 3.269574 58.843548 0.000004 28.527687 0.000018 15.847092 1.005362 1.470197 -2.464797 -1.574019 2.681910 -2.408616 -8.537389 -14.688049 4.900192 -24.333145 -3.936566 -2.646275 -1.527791 1.527812 -0.759060 3.482715 1.992519 -1.994613 -1.151586 1.151581 0.000001 -0.000004 0.000003 -9.108300 -0.517870 2.259804 0.982639 -3.673427 24.347195 0.163755 -1.503088 12.433950 0.480707 -2.544926 21.389912 0.000001 0.000001 0.000002 -9.532500 -0.000004 0.000001 -0.096601 -0.695903 16.695241 0.358380 -2.207510 18.439658 -1.241930 -5.172898 32.064695 0.000002 0.000002 0.000003 -9.103594 -0.043111 -1.865098 0.303938 -2.160945 23.876509 0.219727 -1.737557 14.413706 -10.417811 -7.266535 22.021150 -0.000001 0.000001 0.000004 -8.076693 -0.486715 -3.806297 0.321041 -2.098029 18.767449 0.347666 -2.175175 18.159841 0.698242 -3.041745 25.851185 -0.000001 0.000002 -0.000000 4.570403 11.014689 -2.160816 0.493708 -7.586656 -12.991867 2.581598 1.838557 -73.817584 -0.000003 -21.635580 -0.000021 18.862829 -6.340099 -6.076630 2.466077 -1.576194 2.681703 -2.761675 12.991895 14.429779 5.194845 9.869506 0.840538 2.647891 -1.528749 1.528743 -9.073508 9.571312 2.005625 1.998901 -1.154062 1.154071 -0.000002 -0.000001 0.000003 9.109279 -0.518015 2.259903 -0.171184 0.381372 -16.158267 0.405238 2.331613 -19.717793 0.716306 3.063000 -26.321123 -0.000004 -0.000001 0.000002 9.533382 0.000003 0.000002 -0.091815 0.105597 -10.239855 0.442890 2.434019 -20.623577 0.690135 3.009577 -25.826796 -0.000001 -0.000002 -0.000002 9.104488 -0.042998 -1.865101 0.117680 1.414655 -16.942841 0.415898 2.361126 -19.978358 0.962093 3.515683 -30.602799 0.000000 -0.000000 -0.000002 8.077798 -0.486896 -3.806299 1.390131 5.398976 -17.651613 0.483864 -1.528847 -21.949843 0.553403 2.709305 -23.086321 -0.000001 -0.000004 0.000003 -8.207796 -6.751729 -1.599543 -3.768153 -8.864529 10.215851 19.756216 -5.449555 1.008983 -10.741817 3.106416 -1.396117 -0.539993 0.000001 -0.000003 -0.000000 -0.000000 0.000000 8.207804 -6.751706 -1.599545 -15.378179 4.916424 13.243533 34.301914 8.011546 -0.708876 -16.431255 1.592997 -2.564060 1.326500 -0.000022 0.000474 0.000000 0.000002 0.000000 
0.007084 100.852600 1.233919 -3.833767 -2.625014 -10.165062 -0.000001 10.181554 0.131524 -3.371730 -1.235190 10.343324 2.207567 -0.009166 2.601601 2.250500 -0.221897 2.532241 -0.000002 16.740383 -2.049020 4.943839 -0.594283 -5.885726 -0.000000 9.617857 1.684976 -10.899527 -1.960163 0.916973 -0.000000 22.037369 7.501074 -0.000000 0.000000 -0.000000 -4.570004 11.014881 -2.160841 0.507001 6.386516 14.335136 7.847832 3.235058 58.934055 -0.000031 28.501649 0.000053 15.833644 0.987787 1.433830 -2.464815 -1.574002 2.681910 -2.407449 -8.547394 -14.687719 4.912276 -24.360708 -3.933517 -2.646260 -1.527810 1.527821 -0.732770 3.428625 1.987957 -1.994594 -1.151582 1.151574 0.000001 -0.000005 0.000001 -9.108315 -0.517871 2.259808 0.983358 -3.673490 24.389397 0.164715 -1.507494 12.470977 0.485448 -2.556950 21.496067 0.000001 0.000004 0.000002 -9.532523 0.000015 0.000001 -0.102064 -0.682180 16.751469 0.361766 -2.217641 18.527542 -1.209164 -5.175542 32.182738 0.000001 -0.000003 -0.000003 -9.103619 -0.043109 -1.865100 0.299730 -2.153640 23.947021 0.221466 -1.744318 14.470982 -10.407963 -7.284223 22.081366 -0.000002 0.000000 -0.000000 -8.076711 -0.486724 -3.806297 0.319874 -2.095170 18.834276 0.350188 -2.182851 18.226134 0.701633 -3.048739 25.915141 0.000001 0.000000 0.000003 4.570399 11.014683 -2.160815 0.504612 -7.563553 -12.939952 2.664255 1.983298 -73.906035 0.000024 -21.627890 0.000023 18.771332 -6.436770 -6.005711 2.466098 -1.576216 2.681697 -2.747248 13.043473 14.430842 5.214945 9.904801 0.840614 2.647876 -1.528748 1.528747 -9.073476 9.657274 2.084914 1.998917 -1.154080 1.154076 0.000001 0.000000 0.000003 9.109292 -0.518015 2.259900 -0.171374 0.389116 -16.241888 0.409511 2.343511 -19.822922 0.725158 3.080758 -26.485722 -0.000001 -0.000002 0.000004 9.533399 0.000005 -0.000000 -0.093453 0.106621 -10.329731 0.447086 2.445110 -20.721979 0.697269 3.024275 -25.962618 -0.000005 -0.000001 -0.000002 9.104504 -0.042996 -1.865100 0.123566 1.437646 -17.040714 0.418228 2.367522 -20.034828 0.967427 3.524631 -30.689365 -0.000002 -0.000001 0.000000 8.077804 -0.486880 -3.806302 1.393285 5.393516 -17.730469 0.489406 -1.515177 -22.071922 0.562625 2.730801 -23.280527 0.000001 0.000001 -0.000000 -8.207797 -6.751722 -1.599544 -3.810113 -8.863128 10.221688 19.764354 -5.458551 0.994082 -10.740561 3.109813 -1.385395 -0.543360 -0.000009 0.000001 0.000000 0.000000 0.000000 8.207802 -6.751705 -1.599545 -15.412631 4.906371 13.247071 34.302590 7.947806 -0.715401 -16.417178 1.608024 -2.544259 1.295180 -0.000006 0.000455 -0.000000 0.000000 0.000000 
0.014208 100.852318 1.232566 -3.797746 -2.646427 -10.165966 0.000001 10.181556 0.131524 -3.322298 -1.226208 10.338052 2.153652 -0.015729 2.587142 2.196163 -0.225145 2.519172 -0.000001 16.740362 -2.049017 4.973113 -0.606155 -5.887591 0.000000 9.617851 1.684977 -10.830531 -2.027955 0.916489 -0.000000 22.037354 7.501068 0.000001 0.000000 0.000000 -4.569997 11.014868 -2.160839 0.509855 6.378884 14.267101 7.934582 3.170974 59.034978 -0.000029 28.520152 0.000038 15.761532 1.023981 1.320848 -2.464788 -1.574006 2.681908 -2.406239 -8.557351 -14.687408 4.924301 -24.388140 -3.930444 -2.646267 -1.527806 1.527816 -0.706639 3.374825 1.983455 -1.994598 -1.151584 1.151577 0.000003 -0.000005 -0.000000 -9.108287 -0.517867 2.259800 0.984079 -3.673540 24.431353 0.165699 -1.511865 12.507845 0.490158 -2.568889 21.601616 -0.000000 -0.000001 -0.000001 -9.532497 0.000003 -0.000004 -0.107529 -0.668533 16.807368 0.365161 -2.227732 18.614905 -1.176557 -5.178065 32.300207 0.000003 -0.000001 0.000003 -9.103601 -0.043113 -1.865106 0.295532 -2.146405 24.017103 0.223218 -1.751033 14.527939 -10.398154 -7.301818 22.141308 0.000000 -0.000001 0.000000 -8.076686 -0.486729 -3.806303 0.318693 -2.092333 18.900768 0.352697 -2.190467 18.292076 0.705018 -3.055691 25.978725 0.000001 0.000002 0.000002 4.570403 11.014687 -2.160813 0.508245 -7.523603 -12.878393 2.753286 2.118739 -74.015782 -0.000007 -21.624715 0.000001 18.592038 -6.466017 -5.880661 2.466105 -1.576217 2.681698 -2.733021 13.094436 14.431899 5.234808 9.939661 0.840663 2.647894 -1.528750 1.528747 -9.073498 9.742119 2.163188 1.998920 -1.154080 1.154070 0.000001 0.000003 0.000005 9.109282 -0.518014 2.259900 -0.171568 0.396762 -16.324412 0.413781 2.355288 -19.926746 0.733890 3.098246 -26.648270 -0.000005 -0.000002 -0.000001 9.533389 0.000004 0.000001 -0.095067 0.107649 -10.418465 0.451239 2.456060 -20.819122 0.704369 3.038780 -26.096724 -0.000002 -0.000001 -0.000002 9.104503 -0.042996 -1.865102 0.129454 1.460326 -17.137387 0.420535 2.373842 -20.090569 0.972697 3.533470 -30.774807 -0.000001 -0.000005 -0.000004 8.077801 -0.486901 -3.806302 1.396382 5.388114 -17.808333 0.494876 -1.501699 -22.192439 0.571806 2.752003 -23.472271 -0.000002 -0.000001 0.000004 -8.207797 -6.751710 -1.599544 -3.852295 -8.863805 10.219513 19.764081 -5.442044 0.990178 -10.734219 3.113582 -1.382363 -0.546718 -0.000003 -0.000000 -0.000000 -0.000000 0.000000 8.207798 -6.751698 -1.599543 -15.446116 4.892934 13.246867 34.300360 7.908814 -0.722952 -16.412914 1.623058 -2.528756 1.285358 -0.000010 0.000446 -0.000000 0.000000 0.000000 
0.025682 100.852158 1.233803 -3.766145 -2.672310 -10.168887 0.000000 10.181563 0.131523 -3.265906 -1.214015 10.332832 2.073924 -0.020886 2.576072 2.116051 -0.226761 2.510043 -0.000002 16.740368 -2.049022 5.002492 -0.598415 -5.890037 0.000000 9.617859 1.684978 -10.699353 -2.014103 0.944108 0.000000 22.037369 7.501072 -0.000001 -0.000000 -0.000000 -4.569998 11.014878 -2.160839 0.512355 6.300669 14.136962 7.998210 3.134960 59.247882 -0.000002 28.448604 0.000028 15.851243 1.064124 1.292892 -2.464807 -1.574018 2.681903 -2.405080 -8.567247 -14.687051 4.936234 -24.415399 -3.927430 -2.646274 -1.527801 1.527819 -0.680686 3.321334 1.979001 -1.994590 -1.151583 1.151575 -0.000000 -0.000003 -0.000000 -9.108294 -0.517887 2.259799 0.984791 -3.673606 24.473065 0.166659 -1.516228 12.544484 0.494861 -2.580749 21.706582 0.000001 0.000002 0.000001 -9.532503 -0.000002 -0.000005 -0.113018 -0.654980 16.862982 0.368522 -2.237748 18.701775 -1.144183 -5.180454 32.416928 0.000003 -0.000001 0.000001 -9.103606 -0.043108 -1.865107 0.291314 -2.139231 24.086790 0.224949 -1.757708 14.584585 -10.388380 -7.319272 22.200890 0.000002 0.000000 -0.000002 -8.076693 -0.486732 -3.806303 0.317492 -2.089533 18.966841 0.355217 -2.198041 18.357626 0.708407 -3.062594 26.041954 0.000001 0.000003 0.000003 4.570398 11.014685 -2.160814 0.511912 -7.469734 -12.773749 2.885957 2.309509 -74.209486 -0.000013 -21.589256 -0.000004 18.487394 -6.499945 -5.659794 2.466097 -1.576210 2.681698 -2.718950 13.144698 14.432917 5.254357 9.974069 0.840721 2.647887 -1.528740 1.528751 -9.073497 9.825815 2.240460 1.998921 -1.154088 1.154075 -0.000001 0.000000 0.000001 9.109286 -0.518014 2.259900 -0.171715 0.404307 -16.405841 0.417987 2.366883 -20.029159 0.742603 3.115493 -26.808656 -0.000001 0.000001 -0.000002 9.533396 0.000001 -0.000002 -0.096658 0.108672 -10.505982 0.455368 2.466847 -20.914987 0.711400 3.053061 -26.229007 0.000000 0.000000 -0.000002 9.104497 -0.042995 -1.865099 0.135328 1.482692 -17.232748 0.422813 2.380051 -20.145597 0.977885 3.542177 -30.859153 0.000000 -0.000000 -0.000001 8.077795 -0.486902 -3.806302 1.399436 5.382772 -17.885129 0.500326 -1.488405 -22.311358 0.580917 2.772881 -23.661452 -0.000001 -0.000002 -0.000001 -8.207802 -6.751705 -1.599542 -3.884870 -8.877958 10.204775 19.762753 -5.403460 1.004019 -10.727759 3.121764 -1.388364 -0.550126 -0.000004 -0.000002 -0.000000 -0.000001 -0.000000 8.207803 -6.751698 -1.599543 -15.473698 4.882746 13.244854 34.299537 7.877349 -0.728393 -16.415543 1.637634 -2.513884 1.283212 -0.000009 0.000451 -0.000000 0.000001 0.000000 
0.041401 100.855225 1.238678 -3.723888 -2.698050 -10.175266 -0.000000 10.181544 0.131523 -3.204424 -1.201679 10.333225 1.988063 -0.033113 2.576163 2.029900 -0.235646 2.511830 -0.000003 16.740355 -2.049023 4.981466 -0.576728 -5.908117 0.000001 9.617864 1.684974 -10.545287 -1.934646 0.935855 0.000000 22.037369 7.501076 -0.000002 -0.000000 -0.000000 -4.570001 11.014915 -2.160843 0.517546 6.132902 13.888671 8.067527 3.171882 59.549209 0.000017 28.400002 0.000012 15.926750 1.089723 1.264279 -2.464808 -1.574009 2.681908 -2.403934 -8.577091 -14.686780 4.948108 -24.442489 -3.924403 -2.646274 -1.527802 1.527819 -0.654911 3.268162 1.974607 -1.994590 -1.151581 1.151584 -0.000001 -0.000005 -0.000000 -9.108299 -0.517866 2.259803 0.985495 -3.673665 24.514468 0.167619 -1.520552 12.580870 0.499578 -2.592528 21.810879 -0.000006 0.000002 0.000001 -9.532495 0.000010 0.000000 -0.118493 -0.641534 16.918206 0.371920 -2.247682 18.788100 -1.112049 -5.182719 32.532963 0.000001 -0.000003 -0.000000 -9.103590 -0.043105 -1.865098 0.287114 -2.132115 24.156036 0.226686 -1.764322 14.640861 -10.378650 -7.336629 22.260089 0.000002 -0.000000 0.000001 -8.076708 -0.486730 -3.806301 0.316311 -2.086746 19.032474 0.357728 -2.205557 18.422741 0.711770 -3.069461 26.104771 -0.000001 0.000003 -0.000002 4.570405 11.014710 -2.160818 0.518747 -7.341628 -12.654743 3.034014 2.495995 -74.450339 -0.000004 -21.528604 0.000007 18.483479 -6.638295 -5.522826 2.466093 -1.576220 2.681696 -2.705113 13.194251 14.433938 5.273657 10.007968 0.840753 2.647897 -1.528745 1.528749 -9.073547 9.908296 2.316601 1.998928 -1.154089 1.154083 -0.000001 0.000000 0.000005 9.109302 -0.518012 2.259896 -0.171858 0.411755 -16.486074 0.422175 2.378301 -20.130109 0.751212 3.132449 -26.966757 -0.000000 0.000001 0.000000 9.533408 0.000010 -0.000004 -0.098238 0.109667 -10.592280 0.459424 2.477489 -21.009503 0.718369 3.067149 -26.359442 -0.000001 0.000003 -0.000003 9.104506 -0.042999 -1.865105 0.141166 1.504721 -17.326761 0.425066 2.386194 -20.199852 0.983018 3.550751 -30.942290 -0.000002 -0.000004 -0.000005 8.077823 -0.486881 -3.806305 1.402379 5.377517 -17.960821 0.505714 -1.475303 -22.428574 0.589981 2.793427 -23.847932 0.000000 0.000002 -0.000003 -8.207801 -6.751709 -1.599544 -3.911573 -8.902148 10.187323 19.736699 -5.358404 1.027636 -10.709919 3.129317 -1.398933 -0.553539 0.000013 0.000000 0.000000 0.000000 0.000000 8.207800 -6.751710 -1.599545 -15.504941 4.871426 13.242071 34.285815 7.859853 -0.733311 -16.407533 1.651184 -2.499374 1.269073 -0.000009 0.000443 -0.000000 -0.000001 0.000000 
0.060226 100.858124 1.243863 -3.651567 -2.720432 -10.178077 -0.000001 10.181544 0.131522 -3.144387 -1.192202 10.333367 1.873093 -0.054377 2.568924 1.914489 -0.252736 2.506458 -0.000002 16.740362 -2.049019 4.954618 -0.550212 -5.912730 0.000000 9.617850 1.684977 -10.406015 -1.831327 0.931316 -0.000000 22.037384 7.501076 0.000002 0.000000 0.000000 -4.570002 11.014875 -2.160837 0.522030 5.974806 13.665669 8.213735 3.152497 59.820750 -0.000029 28.431533 0.000051 15.840121 1.127747 1.154257 -2.464807 -1.574014 2.681910 -2.402784 -8.586848 -14.686478 4.959888 -24.469383 -3.921403 -2.646278 -1.527803 1.527821 -0.629294 3.215393 1.970301 -1.994586 -1.151571 1.151578 0.000001 -0.000004 -0.000002 -9.108297 -0.517880 2.259803 0.986186 -3.673734 24.555640 0.168592 -1.524841 12.617016 0.504290 -2.604234 21.914437 -0.000003 0.000002 -0.000000 -9.532509 -0.000003 0.000001 -0.123966 -0.628188 16.973047 0.375277 -2.257557 18.873804 -1.080120 -5.184878 32.648185 -0.000001 0.000001 0.000001 -9.103600 -0.043113 -1.865098 0.282914 -2.125053 24.224769 0.228400 -1.770911 14.696737 -10.368996 -7.353831 22.318878 -0.000001 0.000002 0.000003 -8.076700 -0.486727 -3.806296 0.315106 -2.083977 19.097649 0.360216 -2.213024 18.487444 0.715108 -3.076270 26.167143 -0.000001 -0.000002 0.000002 4.570400 11.014697 -2.160812 0.524841 -7.227399 -12.522929 3.222854 2.665915 -74.701765 0.000008 -21.460082 -0.000011 18.502291 -6.681650 -5.465388 2.466101 -1.576210 2.681698 -2.691490 13.243053 14.434862 5.292644 10.041373 0.840750 2.647877 -1.528743 1.528747 -9.073621 9.989501 2.391634 1.998921 -1.154076 1.154071 0.000003 0.000002 0.000001 9.109308 -0.518007 2.259902 -0.172025 0.419078 -16.565183 0.426317 2.389553 -20.229528 0.759743 3.149146 -27.122480 0.000002 0.000000 -0.000002 9.533405 0.000007 0.000002 -0.099843 0.110660 -10.677297 0.463467 2.487948 -21.102541 0.725258 3.081001 -26.487900 0.000000 -0.000001 0.000003 9.104510 -0.042997 -1.865101 0.146960 1.526399 -17.419361 0.427309 2.392225 -20.253234 0.988093 3.559178 -31.024147 -0.000001 -0.000000 -0.000001 8.077811 -0.486885 -3.806302 1.405280 5.372342 -18.035398 0.511051 -1.462426 -22.543997 0.598935 2.813626 -24.031611 -0.000001 0.000001 -0.000001 -8.207803 -6.751711 -1.599544 -3.972315 -8.919552 10.171541 19.710066 -5.326387 1.043176 -10.690143 3.130875 -1.401904 -0.556968 0.000005 0.000002 0.000000 0.000000 0.000000 8.207800 -6.751714 -1.599545 -15.565858 4.846489 13.229872 34.271154 7.859847 -0.738630 -16.396839 1.664622 -2.485664 1.257482 0.000003 0.000442 0.000000 0.000001 0.000000 
0.083059 100.866364 1.250526 -3.573875 -2.725165 -10.165422 -0.000001 10.181540 0.131523 -3.078789 -1.188516 10.327330 1.741261 -0.088284 2.556518 1.782080 -0.281799 2.495742 -0.000000 16.740356 -2.049018 4.927228 -0.526574 -5.909721 0.000000 9.617838 1.684975 -10.292019 -1.734190 0.926001 -0.000000 22.037354 7.501079 0.000001 -0.000000 -0.000000 -4.570001 11.014854 -2.160839 0.526877 5.810341 13.464532 8.322696 3.070290 60.102632 -0.000025 28.394196 0.000063 15.857753 1.163169 1.068452 -2.464796 -1.574002 2.681911 -2.401629 -8.596548 -14.686162 4.971576 -24.496098 -3.918407 -2.646282 -1.527788 1.527819 -0.603928 3.162974 1.966042 -1.994594 -1.151578 1.151573 0.000002 0.000003 0.000001 -9.108295 -0.517870 2.259806 0.986891 -3.673800 24.596467 0.169542 -1.529106 12.652890 0.508963 -2.615825 22.017229 0.000000 0.000001 0.000002 -9.532487 -0.000007 0.000002 -0.129417 -0.614947 17.027510 0.378653 -2.267363 18.958889 -1.048502 -5.186914 32.762549 0.000001 0.000001 0.000003 -9.103601 -0.043117 -1.865098 0.278721 -2.118072 24.293028 0.230126 -1.777450 14.752223 -10.359391 -7.370899 22.377257 0.000001 0.000002 0.000002 -8.076695 -0.486728 -3.806298 0.313912 -2.081235 19.162340 0.362695 -2.220428 18.551670 0.718430 -3.083007 26.229052 0.000002 0.000000 0.000003 4.570402 11.014668 -2.160814 0.531418 -7.104312 -12.341832 3.424062 2.796734 -74.980280 -0.000006 -21.374881 -0.000012 18.541378 -6.654589 -5.454371 2.466086 -1.576197 2.681705 -2.678102 13.291098 14.435832 5.311337 10.074240 0.840757 2.647872 -1.528739 1.528750 -9.073709 10.069389 2.465457 1.998925 -1.154090 1.154074 0.000000 0.000005 -0.000000 9.109286 -0.518008 2.259903 -0.172144 0.426286 -16.642941 0.430402 2.400614 -20.327369 0.768162 3.165527 -27.275669 0.000005 -0.000001 0.000000 9.533395 0.000010 0.000003 -0.101407 0.111636 -10.760905 0.467452 2.498243 -21.194104 0.732072 3.094589 -26.614293 -0.000001 -0.000001 -0.000003 9.104484 -0.042999 -1.865097 0.152712 1.547732 -17.510486 0.429497 2.398167 -20.305804 0.993104 3.567480 -31.104705 -0.000001 -0.000005 0.000000 8.077789 -0.486895 -3.806297 1.408100 5.367225 -18.108763 0.516324 -1.449752 -22.657580 0.607852 2.833496 -24.212375 0.000005 0.000002 -0.000002 -8.207803 -6.751719 -1.599543 -4.029371 -8.938529 10.145278 19.664238 -5.309453 1.046564 -10.662780 3.131240 -1.393469 -0.560407 0.000004 -0.000001 0.000000 -0.000000 -0.000000 8.207802 -6.751717 -1.599543 -15.612901 4.804327 13.190721 34.229111 7.873035 -0.745395 -16.373130 1.678638 -2.468545 1.248774 -0.000004 0.000442 -0.000000 0.000000 0.000000 
0.108818 100.882950 1.265996 -3.497658 -2.729031 -10.143312 0.000001 10.181550 0.131524 -3.000420 -1.192155 10.318161 1.606822 -0.141796 2.546589 1.647015 -0.330230 2.486762 -0.000002 16.740351 -2.049019 4.890447 -0.502151 -5.897034 0.000001 9.617856 1.684978 -10.218190 -1.617504 0.883213 -0.000000 22.037369 7.501070 -0.000000 0.000000 -0.000000 -4.570004 11.014854 -2.160840 0.531016 5.636656 13.242272 8.389463 2.995169 60.393946 -0.000022 28.307960 0.000045 15.883692 1.218141 0.961841 -2.464799 -1.573995 2.681910 -2.400495 -8.606152 -14.685846 4.983190 -24.522607 -3.915435 -2.646277 -1.527807 1.527818 -0.578744 3.110980 1.961786 -1.994597 -1.151586 1.151582 -0.000000 -0.000001 -0.000000 -9.108306 -0.517886 2.259803 0.987562 -3.673859 24.637011 0.170485 -1.533343 12.688491 0.513617 -2.627310 22.119211 -0.000001 0.000001 -0.000002 -9.532504 -0.000003 0.000001 -0.134860 -0.601823 17.081518 0.382007 -2.277070 19.043305 -1.017144 -5.188810 32.875999 0.000001 0.000002 0.000002 -9.103603 -0.043092 -1.865100 0.274537 -2.111130 24.360729 0.231829 -1.783924 14.807266 -10.349810 -7.387826 22.435148 0.000000 -0.000000 0.000002 -8.076705 -0.486729 -3.806297 0.312685 -2.078521 19.226600 0.365163 -2.227772 18.615354 0.721739 -3.089705 26.290496 0.000001 0.000003 0.000004 4.570398 11.014642 -2.160816 0.539146 -6.942337 -12.146093 3.644757 2.949934 -75.275126 0.000011 -21.317309 0.000034 18.560354 -6.754870 -5.398073 2.466099 -1.576217 2.681700 -2.664944 13.338319 14.436759 5.329694 10.106551 0.840754 2.647910 -1.528759 1.528762 -9.073806 10.147923 2.538047 1.998937 -1.154077 1.154074 -0.000001 -0.000000 -0.000002 9.109303 -0.518015 2.259901 -0.172278 0.433394 -16.719413 0.434443 2.411472 -20.423568 0.776509 3.181621 -27.426288 -0.000000 0.000000 -0.000003 9.533396 0.000002 0.000000 -0.102948 0.112625 -10.843099 0.471374 2.508349 -21.284155 0.738799 3.107953 -26.738541 0.000001 -0.000002 -0.000001 9.104494 -0.043000 -1.865101 0.158439 1.568677 -17.600028 0.431655 2.404009 -20.357485 0.998053 3.575641 -31.183901 0.000000 0.000001 0.000003 8.077806 -0.486885 -3.806300 1.410858 5.362209 -18.180850 0.521543 -1.437293 -22.769276 0.616657 2.852982 -24.390049 0.000002 -0.000003 -0.000001 -8.207798 -6.751713 -1.599544 -4.061432 -8.943815 10.121458 19.574144 -5.298592 1.028151 -10.618915 3.131803 -1.370812 -0.563862 -0.000006 -0.000003 -0.000000 -0.000000 0.000000 8.207801 -6.751702 -1.599543 -15.632416 4.769319 13.139249 34.148388 7.870624 -0.751657 -16.334269 1.687991 -2.445343 1.231039 0.000002 0.000436 0.000000 0.000000 0.000000 
0.143459 100.894371 1.284040 -3.410821 -2.734146 -10.118206 0.000002 10.181551 0.131524 -2.900894 -1.198911 10.311530 1.489773 -0.207763 2.544151 1.529373 -0.391169 2.484723 -0.000002 16.740381 -2.049020 4.791233 -0.479203 -5.916854 -0.000000 9.617826 1.684978 -10.164307 -1.537506 0.820859 -0.000000 22.037384 7.501071 0.000002 0.000000 -0.000000 -4.570003 11.014875 -2.160838 0.542102 5.308462 12.984499 8.395974 2.980257 60.699044 -0.000018 28.225625 0.000038 15.939735 1.254182 0.848132 -2.464792 -1.573993 2.681911 -2.399363 -8.615686 -14.685545 4.994690 -24.548883 -3.912490 -2.646276 -1.527812 1.527812 -0.553812 3.059393 1.957656 -1.994590 -1.151573 1.151575 -0.000000 0.000000 0.000003 -9.108306 -0.517865 2.259804 0.988224 -3.673902 24.677214 0.171450 -1.537532 12.723771 0.518247 -2.638698 22.220323 -0.000000 0.000004 0.000002 -9.532496 0.000001 0.000000 -0.140285 -0.588811 17.135109 0.385311 -2.286693 19.127036 -0.986067 -5.190598 32.988540 -0.000000 -0.000002 0.000003 -9.103610 -0.043110 -1.865099 0.270349 -2.104256 24.427895 0.233519 -1.790335 14.861838 -10.340301 -7.404611 22.492580 -0.000001 0.000002 0.000006 -8.076694 -0.486734 -3.806298 0.311473 -2.075830 19.290235 0.367629 -2.235064 18.678471 0.725025 -3.096346 26.351406 -0.000001 0.000000 0.000001 4.570404 11.014694 -2.160813 0.549746 -6.679072 -11.996656 3.812189 3.090596 -75.544672 0.000006 -21.261131 0.000016 18.562267 -6.813516 -5.349097 2.466101 -1.576204 2.681697 -2.652059 13.384690 14.437647 5.347764 10.138278 0.840708 2.647871 -1.528771 1.528749 -9.073948 10.225012 2.609316 1.998929 -1.154079 1.154073 0.000002 -0.000000 -0.000002 9.109299 -0.518014 2.259900 -0.172400 0.440351 -16.794534 0.438436 2.422118 -20.518028 0.784750 3.197414 -27.574245 0.000002 -0.000002 0.000002 9.533387 0.000007 -0.000000 -0.104498 0.113574 -10.923825 0.475266 2.518264 -21.372545 0.745412 3.121055 -26.860583 0.000005 0.000001 -0.000002 9.104498 -0.042994 -1.865104 0.164083 1.589230 -17.688020 0.433784 2.409739 -20.408223 1.002902 3.583618 -31.261684 0.000001 0.000004 0.000001 8.077792 -0.486883 -3.806301 1.413525 5.357249 -18.251710 0.526683 -1.425079 -22.878934 0.625377 2.872099 -24.564564 0.000000 0.000002 0.000004 -8.207797 -6.751709 -1.599543 -4.122559 -8.950360 10.083195 19.519695 -5.281942 1.015205 -10.592300 3.132748 -1.343572 -0.567302 -0.000005 -0.000002 0.000000 -0.000002 -0.000000 8.207801 -6.751698 -1.599542 -15.669164 4.733343 13.084035 34.085796 7.852563 -0.764061 -16.309466 1.696370 -2.411591 1.216965 0.000009 0.000434 -0.000000 0.000001 0.000000 
0.188858 100.910530 1.307180 -3.328941 -2.758335 -10.093569 -0.000004 10.181547 0.131525 -2.795981 -1.200764 10.308227 1.362644 -0.266088 2.543133 1.401624 -0.444261 2.484884 0.000000 16.740362 -2.049024 4.680379 -0.452865 -5.965943 0.000000 9.617852 1.684977 -10.001834 -1.508846 0.851536 -0.000000 22.037354 7.501066 -0.000000 -0.000000 -0.000000 -4.569994 11.014901 -2.160843 0.550040 5.006953 12.722057 8.446946 2.882248 61.031367 -0.000015 28.182143 0.000055 15.928862 1.291863 0.699216 -2.464805 -1.573991 2.681914 -2.398239 -8.625131 -14.685248 5.006083 -24.574927 -3.909532 -2.646249 -1.527803 1.527809 -0.529088 3.008298 1.953579 -1.994602 -1.151570 1.151577 0.000001 -0.000002 0.000005 -9.108315 -0.517868 2.259803 0.988905 -3.673978 24.717022 0.172362 -1.541680 12.758747 0.522899 -2.649978 22.320532 -0.000004 0.000003 0.000003 -9.532503 0.000013 0.000001 -0.145697 -0.575949 17.188173 0.388634 -2.296234 19.209955 -0.955291 -5.192266 33.100039 0.000001 -0.000001 0.000001 -9.103611 -0.043109 -1.865099 0.266184 -2.097468 24.494421 0.235235 -1.796710 14.915911 -10.330938 -7.421211 22.549514 -0.000002 0.000003 0.000001 -8.076704 -0.486726 -3.806297 0.310256 -2.073169 19.353346 0.370084 -2.242280 18.741067 0.728279 -3.102903 26.411761 -0.000001 0.000002 0.000003 4.570404 11.014705 -2.160817 0.559198 -6.432000 -11.791702 4.004948 3.285491 -75.894303 0.000006 -21.185268 -0.000002 18.526712 -6.867045 -5.176159 2.466095 -1.576194 2.681701 -2.639384 13.430204 14.438485 5.365451 10.169412 0.840672 2.647887 -1.528753 1.528747 -9.074075 10.300624 2.679235 1.998932 -1.154074 1.154085 0.000003 0.000005 0.000003 9.109303 -0.518010 2.259899 -0.172506 0.447204 -16.868197 0.442353 2.432577 -20.610692 0.792859 3.212881 -27.719373 0.000002 0.000003 0.000004 9.533407 0.000002 0.000000 -0.106011 0.114533 -11.003050 0.479081 2.527976 -21.459319 0.751948 3.133913 -26.980320 -0.000003 0.000000 -0.000001 9.104496 -0.042998 -1.865100 0.169692 1.609386 -17.774331 0.435887 2.415358 -20.457996 1.007660 3.591453 -31.337994 0.000001 -0.000003 -0.000003 8.077814 -0.486899 -3.806300 1.416137 5.352406 -18.321195 0.531735 -1.413119 -22.986513 0.633965 2.890830 -24.735771 0.000001 0.000002 0.000000 -8.207804 -6.751715 -1.599543 -4.159355 -8.982041 10.028074 19.438416 -5.223153 1.016148 -10.552239 3.135190 -1.324514 -0.570768 -0.000004 -0.000004 0.000000 -0.000000 0.000000 8.207795 -6.751695 -1.599544 -15.686105 4.705822 13.025207 34.005862 7.841582 -0.782886 -16.286613 1.704127 -2.370428 1.210239 -0.000010 0.000425 0.000000 -0.000001 0.000000 
0.238764 100.927010 1.336401 -3.252119 -2.838733 -10.087190 0.000000 10.181565 0.131524 -2.694005 -1.193969 10.309190 1.214256 -0.306991 2.542509 1.252589 -0.479700 2.486703 -0.000000 16.740358 -2.049022 4.616536 -0.434022 -5.963964 0.000000 9.617871 1.684977 -9.897175 -1.439683 0.826210 -0.000000 22.037399 7.501065 -0.000001 0.000000 0.000000 -4.570000 11.014887 -2.160840 0.556006 4.776133 12.542410 8.562847 2.754802 61.286406 -0.000020 28.156494 0.000069 15.873766 1.317303 0.528191 -2.464784 -1.574003 2.681910 -2.397131 -8.634499 -14.684961 5.017380 -24.600721 -3.906659 -2.646251 -1.527811 1.527818 -0.504633 2.957659 1.949559 -1.994590 -1.151585 1.151572 0.000001 -0.000003 -0.000000 -9.108291 -0.517886 2.259803 0.989554 -3.674042 24.756419 0.173294 -1.545799 12.793404 0.527499 -2.661142 22.419806 0.000002 -0.000000 0.000002 -9.532495 0.000015 0.000000 -0.151088 -0.563213 17.240743 0.391951 -2.305668 19.292139 -0.924839 -5.193831 33.210480 -0.000000 -0.000002 0.000000 -9.103601 -0.043108 -1.865101 0.262044 -2.090776 24.560274 0.236914 -1.803004 14.969473 -10.321570 -7.437649 22.605891 -0.000001 -0.000001 0.000003 -8.076696 -0.486727 -3.806298 0.309054 -2.070547 19.415798 0.372491 -2.249417 18.803069 0.731516 -3.109411 26.471546 0.000001 -0.000001 0.000001 4.570404 11.014681 -2.160814 0.567155 -6.200820 -11.488143 4.242459 3.578368 -76.388078 0.000010 -21.084659 0.000028 18.465334 -6.956328 -4.966179 2.466106 -1.576202 2.681701 -2.626998 13.474788 14.439361 5.382805 10.199926 0.840625 2.647876 -1.528755 1.528742 -9.074210 10.374703 2.747804 1.998921 -1.154089 1.154078 0.000001 0.000002 0.000001 9.109313 -0.518014 2.259899 -0.172625 0.453863 -16.940385 0.446204 2.442822 -20.701501 0.800860 3.228021 -27.861602 -0.000000 0.000002 0.000003 9.533410 0.000005 -0.000001 -0.107511 0.115468 -11.080652 0.482837 2.537508 -21.544303 0.758368 3.146489 -27.097672 -0.000001 -0.000004 -0.000003 9.104506 -0.042999 -1.865098 0.175200 1.629116 -17.858899 0.437955 2.420864 -20.506794 1.012351 3.599134 -31.412771 0.000003 -0.000000 -0.000001 8.077819 -0.486887 -3.806304 1.418656 5.347634 -18.389255 0.536733 -1.401382 -23.091968 0.642474 2.909162 -24.903549 0.000000 -0.000000 0.000000 -8.207798 -6.751709 -1.599543 -4.184582 -8.996116 9.979794 19.341337 -5.111507 1.032249 -10.501502 3.136968 -1.319383 -0.574233 0.000001 -0.000001 -0.000000 -0.000001 -0.000000 8.207798 -6.751691 -1.599548 -15.699058 4.703814 12.996058 33.935054 7.860454 -0.816786 -16.279105 1.715764 -2.330620 1.210531 -0.000017 0.000421 0.000000 0.000000 0.000000 
0.300068 100.947998 1.377570 -3.167664 -2.945657 -10.043863 0.000001 10.181544 0.131523 -2.581867 -1.181089 10.309664 1.068711 -0.346399 2.533183 1.106212 -0.513004 2.480165 0.000000 16.740385 -2.049019 4.531522 -0.406954 -5.969318 0.000000 9.617831 1.684982 -9.818705 -1.348099 0.817676 0.000000 22.037369 7.501071 -0.000000 0.000000 -0.000000 -4.570000 11.014855 -2.160838 0.563448 4.485953 12.341588 8.660859 2.676570 61.543904 -0.000041 28.083518 0.000083 15.896038 1.369735 0.416588 -2.464795 -1.573997 2.681907 -2.396035 -8.643763 -14.684657 5.028565 -24.626239 -3.903751 -2.646268 -1.527806 1.527819 -0.480443 2.907545 1.945611 -1.994595 -1.151585 1.151585 -0.000002 -0.000003 0.000002 -9.108293 -0.517878 2.259800 0.990191 -3.674104 24.795492 0.174262 -1.549888 12.827691 0.532044 -2.672163 22.518043 -0.000000 -0.000000 -0.000001 -9.532491 -0.000001 -0.000002 -0.156431 -0.550605 17.292775 0.395215 -2.314991 19.373464 -0.894700 -5.195296 33.319818 0.000002 0.000001 0.000000 -9.103598 -0.043101 -1.865105 0.257912 -2.084146 24.625545 0.238573 -1.809245 15.022477 -10.312299 -7.453903 22.661710 -0.000002 -0.000001 0.000005 -8.076702 -0.486716 -3.806300 0.307828 -2.067970 19.477637 0.374906 -2.256483 18.864419 0.734753 -3.115844 26.530739 0.000001 0.000000 0.000001 4.570403 11.014689 -2.160814 0.575608 -5.914500 -11.222931 4.482211 3.864178 -76.861792 0.000003 -20.995950 -0.000014 18.460371 -7.021806 -4.766057 2.466092 -1.576212 2.681704 -2.614864 13.518448 14.440161 5.399761 10.229783 0.840572 2.647900 -1.528742 1.528754 -9.074368 10.447212 2.814896 1.998916 -1.154094 1.154070 0.000001 -0.000001 0.000003 9.109294 -0.518010 2.259904 -0.172693 0.460453 -17.011076 0.450005 2.452834 -20.790416 0.808708 3.242824 -28.000842 -0.000001 -0.000002 -0.000002 9.533402 0.000004 0.000002 -0.108975 0.116370 -11.156647 0.486512 2.546816 -21.627504 0.764693 3.158784 -27.212524 0.000002 -0.000001 -0.000002 9.104505 -0.042994 -1.865099 0.180660 1.648438 -17.941715 0.439960 2.426244 -20.554539 1.016957 3.606640 -31.485953 -0.000001 0.000001 -0.000002 8.077806 -0.486897 -3.806299 1.421110 5.342989 -18.455921 0.541650 -1.389928 -23.195193 0.650839 2.927087 -25.067795 -0.000002 -0.000002 0.000001 -8.207800 -6.751698 -1.599543 -4.221356 -9.030587 9.878143 19.254406 -4.951259 1.050396 -10.458650 3.134822 -1.312275 -0.577710 0.000000 0.000000 0.000000 0.000000 0.000000 8.207801 -6.751700 -1.599545 -15.683236 4.690901 12.911684 33.831119 7.976099 -0.863665 -16.266978 1.728082 -2.297297 1.222304 0.000016 0.000418 -0.000000 -0.000001 0.000000 
0.360714 100.975258 1.423262 -3.083208 -3.084219 -9.994217 -0.000002 10.181563 0.131524 -2.470294 -1.162450 10.311382 0.906438 -0.378394 2.528054 0.943134 -0.538867 2.478391 -0.000001 16.740364 -2.049021 4.468596 -0.376616 -6.000546 -0.000000 9.617856 1.684974 -9.709385 -1.267815 0.833122 0.000000 22.037369 7.501074 -0.000001 0.000001 -0.000000 -4.569999 11.014888 -2.160843 0.563319 4.251742 12.053210 8.775988 2.524931 61.930493 0.000001 27.977140 0.000017 15.909800 1.405387 0.377685 -2.464801 -1.573991 2.681913 -2.394941 -8.652926 -14.684348 5.039626 -24.651502 -3.900913 -2.646270 -1.527796 1.527821 -0.456510 2.857961 1.941735 -1.994590 -1.151585 1.151579 -0.000001 -0.000002 0.000003 -9.108317 -0.517869 2.259809 0.990836 -3.674172 24.834098 0.175177 -1.553896 12.861601 0.536593 -2.683087 22.615269 -0.000003 0.000002 -0.000003 -9.532498 0.000001 0.000005 -0.161753 -0.538143 17.344266 0.398464 -2.324229 19.453917 -0.864927 -5.196634 33.428001 0.000001 -0.000003 0.000000 -9.103602 -0.043097 -1.865098 0.253818 -2.077601 24.690032 0.240241 -1.815407 15.074946 -10.303101 -7.469978 22.716931 -0.000001 -0.000000 0.000007 -8.076699 -0.486729 -3.806299 0.306628 -2.065398 19.538832 0.377310 -2.263469 18.925133 0.737928 -3.122209 26.589296 -0.000001 -0.000001 0.000004 4.570401 11.014688 -2.160819 0.581793 -5.670982 -11.003390 4.792426 4.184944 -77.289492 -0.000008 -20.943190 -0.000013 18.353762 -7.116209 -4.578673 2.466083 -1.576199 2.681706 -2.603023 13.561131 14.440956 5.416359 10.258999 0.840515 2.647879 -1.528761 1.528745 -9.074543 10.518073 2.880520 1.998917 -1.154074 1.154071 -0.000002 -0.000002 0.000003 9.109288 -0.518009 2.259904 -0.172796 0.466877 -17.080169 0.453746 2.462624 -20.877322 0.816414 3.257264 -28.136937 -0.000003 -0.000004 -0.000002 9.533403 0.000004 0.000002 -0.110436 0.117275 -11.230905 0.490147 2.555944 -21.708860 0.770905 3.170798 -27.324795 -0.000002 0.000000 -0.000001 9.104502 -0.042998 -1.865100 0.186035 1.667281 -18.022660 0.441931 2.431523 -20.601220 1.021465 3.613976 -31.557544 -0.000002 0.000001 0.000001 8.077792 -0.486897 -3.806298 1.423506 5.338434 -18.521036 0.546457 -1.378728 -23.296092 0.659054 2.944583 -25.228393 -0.000002 -0.000002 0.000000 -8.207805 -6.751695 -1.599543 -4.248668 -9.037355 9.790521 19.133938 -4.798464 1.036178 -10.399314 3.131918 -1.289333 -0.581161 -0.000009 0.000001 -0.000000 -0.000001 0.000000 8.207799 -6.751689 -1.599545 -15.646085 4.676066 12.815266 33.700939 8.154352 -0.913519 -16.247663 1.743721 -2.276766 1.242613 -0.000001 0.000442 0.000000 -0.000000 0.000000 
0.414274 101.001747 1.473483 -2.983795 -3.277519 -9.992039 0.000002 10.181549 0.131525 -2.357723 -1.142418 10.317740 0.731286 -0.387454 2.539001 0.767374 -0.542235 2.493654 -0.000002 16.740370 -2.049019 4.411714 -0.346899 -6.032496 -0.000000 9.617836 1.684981 -9.600083 -1.184294 0.839750 -0.000000 22.037384 7.501076 0.000002 -0.000000 -0.000000 -4.570001 11.014874 -2.160840 0.562060 4.036716 11.787630 8.836836 2.344721 62.339300 -0.000018 27.758606 0.000031 16.065119 1.518088 0.230955 -2.464807 -1.574004 2.681908 -2.393874 -8.662004 -14.684073 5.050562 -24.676476 -3.898068 -2.646271 -1.527807 1.527814 -0.432871 2.808923 1.937939 -1.994587 -1.151582 1.151573 0.000001 -0.000005 0.000001 -9.108305 -0.517874 2.259799 0.991463 -3.674228 24.872282 0.176053 -1.557883 12.895132 0.541123 -2.693879 22.711378 -0.000003 0.000001 0.000001 -9.532504 0.000014 -0.000003 -0.167049 -0.525846 17.395157 0.401694 -2.333353 19.533446 -0.835502 -5.197855 33.534965 0.000001 -0.000002 -0.000001 -9.103621 -0.043106 -1.865103 0.249733 -2.071141 24.753859 0.241870 -1.821501 15.126798 -10.294009 -7.485865 22.771518 0.000001 0.000001 0.000003 -8.076690 -0.486714 -3.806299 0.305403 -2.062862 19.599320 0.379668 -2.270379 18.985146 0.741093 -3.128512 26.647169 -0.000000 0.000003 0.000001 4.570400 11.014672 -2.160815 0.587021 -5.457692 -10.892461 5.131793 4.529121 -77.580321 -0.000020 -20.920332 -0.000047 18.275595 -7.217299 -4.431242 2.466103 -1.576196 2.681695 -2.591453 13.602822 14.441713 5.432560 10.287507 0.840441 2.647897 -1.528765 1.528743 -9.074737 10.587262 2.944587 1.998917 -1.154073 1.154075 -0.000000 0.000003 -0.000000 9.109294 -0.518014 2.259899 -0.172877 0.473135 -17.147632 0.457389 2.472177 -20.962201 0.824001 3.271360 -28.269866 0.000001 -0.000002 0.000001 9.533399 0.000005 -0.000003 -0.111866 0.118172 -11.303440 0.493693 2.564825 -21.788295 0.776962 3.182490 -27.434452 -0.000004 -0.000003 0.000001 9.104507 -0.042997 -1.865103 0.191321 1.685700 -18.101699 0.443881 2.436636 -20.646822 1.025897 3.621138 -31.627427 0.000002 0.000001 -0.000000 8.077798 -0.486903 -3.806301 1.425816 5.333977 -18.584670 0.551167 -1.367783 -23.394591 0.667145 2.961652 -25.385165 0.000000 -0.000002 0.000002 -8.207797 -6.751708 -1.599543 -4.274455 -8.983364 9.782724 18.966440 -4.665285 0.991220 -10.314335 3.130080 -1.256755 -0.584615 -0.000002 -0.000002 -0.000000 0.000001 0.000000 8.207800 -6.751694 -1.599544 -15.646017 4.704871 12.803774 33.596734 8.326454 -0.988366 -16.248294 1.763708 -2.252257 1.270934 0.000006 0.000456 -0.000000 0.000001 0.000000 
0.472828 101.010544 1.536346 -2.910049 -3.429293 -9.965202 0.000001 10.181556 0.131523 -2.233867 -1.123884 10.320123 0.561348 -0.412392 2.539488 0.596613 -0.560800 2.497920 0.000001 16.740376 -2.049024 4.356491 -0.322668 -6.056077 0.000000 9.617830 1.684978 -9.517472 -1.121423 0.830446 -0.000000 22.037384 7.501069 0.000001 -0.000000 -0.000000 -4.569998 11.014897 -2.160844 0.560412 3.805749 11.519835 9.020378 2.227064 62.696649 -0.000029 27.662193 0.000066 16.114409 1.529962 0.132423 -2.464808 -1.573988 2.681909 -2.392837 -8.670938 -14.683778 5.061356 -24.701162 -3.895286 -2.646275 -1.527805 1.527818 -0.409518 2.760473 1.934174 -1.994591 -1.151579 1.151583 0.000000 -0.000001 0.000003 -9.108299 -0.517876 2.259805 0.992067 -3.674303 24.909990 0.176958 -1.561810 12.928298 0.545582 -2.704521 22.806323 -0.000002 0.000001 0.000002 -9.532495 0.000010 -0.000003 -0.172328 -0.513705 17.445483 0.404904 -2.342368 19.612058 -0.806435 -5.198994 33.640635 0.000001 0.000000 -0.000000 -9.103597 -0.043116 -1.865101 0.245647 -2.064782 24.816879 0.243516 -1.827531 15.178017 -10.285012 -7.501545 22.825483 -0.000001 0.000000 -0.000001 -8.076688 -0.486727 -3.806298 0.304163 -2.060384 19.659105 0.382026 -2.277198 19.044456 0.744208 -3.134705 26.704371 0.000002 -0.000001 0.000001 4.570405 11.014694 -2.160819 0.591645 -5.220594 -10.697643 5.473860 4.838420 -77.938271 -0.000008 -20.883711 -0.000000 18.218847 -7.272633 -4.358984 2.466073 -1.576212 2.681703 -2.580191 13.643452 14.442420 5.448369 10.315323 0.840365 2.647887 -1.528750 1.528752 -9.074930 10.654692 3.007043 1.998921 -1.154072 1.154080 0.000000 0.000000 -0.000002 9.109269 -0.518016 2.259904 -0.172936 0.479200 -17.213443 0.460937 2.481470 -21.044928 0.831408 3.285076 -28.399462 -0.000001 0.000003 0.000004 9.533376 0.000004 0.000003 -0.113275 0.119019 -11.374133 0.497180 2.573486 -21.865751 0.782925 3.193912 -27.541339 -0.000007 -0.000003 -0.000002 9.104483 -0.042998 -1.865100 0.196511 1.703632 -18.178789 0.445780 2.441662 -20.691256 1.030176 3.628095 -31.695534 0.000001 0.000002 -0.000001 8.077799 -0.486904 -3.806301 1.428048 5.329628 -18.646664 0.555786 -1.357145 -23.490650 0.675054 2.978255 -25.538041 0.000000 -0.000001 -0.000000 -8.207798 -6.751704 -1.599543 -4.341905 -8.900119 9.773373 18.935574 -4.622144 0.882630 -10.312757 3.127556 -1.164878 -0.588076 0.000004 0.000003 -0.000000 0.000000 0.000000 8.207800 -6.751702 -1.599544 -15.637015 4.727337 12.764443 33.550644 8.470287 -1.064781 -16.283753 1.780280 -2.220356 1.289083 -0.000006 0.000452 -0.000000 0.000001 0.000000 
0.542860 101.011147 1.594767 -2.810997 -3.504191 -9.924084 0.000003 10.181558 0.131524 -2.108461 -1.115526 10.318523 0.374372 -0.464329 2.529271 0.408673 -0.605792 2.490764 0.000000 16.740377 -2.049022 4.298473 -0.305291 -6.072520 0.000000 9.617834 1.684977 -9.404869 -1.099141 0.843440 -0.000001 22.037369 7.501077 -0.000000 0.000000 -0.000000 -4.569997 11.014893 -2.160842 0.559340 3.559507 11.273682 9.248484 2.118331 63.037114 -0.000010 27.588280 0.000046 16.200560 1.602723 0.079174 -2.464805 -1.574013 2.681904 -2.391771 -8.679781 -14.683513 5.072044 -24.725520 -3.892468 -2.646268 -1.527817 1.527814 -0.386483 2.712618 1.930497 -1.994594 -1.151587 1.151574 -0.000000 -0.000004 -0.000002 -9.108301 -0.517891 2.259799 0.992665 -3.674366 24.947264 0.177869 -1.565702 12.961002 0.550011 -2.715032 22.900106 0.000001 -0.000000 0.000003 -9.532501 -0.000001 -0.000007 -0.177527 -0.501711 17.495104 0.408079 -2.351254 19.689692 -0.777778 -5.200015 33.745007 -0.000002 0.000002 0.000000 -9.103607 -0.043104 -1.865107 0.241626 -2.058498 24.879121 0.245113 -1.833472 15.228609 -10.276073 -7.517032 22.878765 0.000001 0.000000 0.000004 -8.076697 -0.486729 -3.806303 0.302968 -2.057930 19.718097 0.384372 -2.283922 19.103033 0.747285 -3.140831 26.760837 0.000001 -0.000001 0.000004 4.570405 11.014727 -2.160817 0.595085 -5.008180 -10.519296 5.823084 5.159250 -78.268743 -0.000001 -20.838414 -0.000004 18.146611 -7.337355 -4.235180 2.466097 -1.576200 2.681698 -2.569230 13.683030 14.443120 5.463722 10.342382 0.840274 2.647877 -1.528758 1.528749 -9.075136 10.720333 3.067873 1.998917 -1.154093 1.154076 0.000001 0.000004 0.000003 9.109294 -0.518012 2.259894 -0.173011 0.485178 -17.277435 0.464462 2.490522 -21.125516 0.838650 3.298424 -28.525641 -0.000002 -0.000003 -0.000001 9.533401 -0.000001 -0.000004 -0.114637 0.119871 -11.443008 0.500535 2.581908 -21.941149 0.788735 3.205015 -27.645449 0.000000 0.000003 0.000003 9.104479 -0.042999 -1.865102 0.201603 1.721090 -18.253814 0.447620 2.446537 -20.734547 1.034396 3.634893 -31.761858 0.000001 -0.000001 -0.000003 8.077793 -0.486883 -3.806306 1.430219 5.325391 -18.707055 0.560296 -1.346786 -23.584165 0.682810 2.994414 -25.686888 0.000002 0.000003 0.000003 -8.207797 -6.751709 -1.599543 -4.465765 -8.816613 9.758558 18.962608 -4.675370 0.748842 -10.342782 3.124435 -1.035191 -0.591505 0.000004 0.000000 0.000000 0.000000 0.000000 8.207802 -6.751710 -1.599544 -15.666043 4.701011 12.681798 33.525161 8.584928 -1.115823 -16.312642 1.788860 -2.184474 1.283937 -0.000028 0.000422 -0.000000 -0.000000 0.000000 
0.608757 101.012642 1.655496 -2.717910 -3.537642 -9.865963 0.000001 10.181553 0.131524 -1.976537 -1.110751 10.306267 0.185783 -0.527569 2.511061 0.218984 -0.661657 2.475407 0.000001 16.740389 -2.049022 4.233027 -0.293985 -6.079322 0.000000 9.617863 1.684975 -9.285542 -1.102541 0.835021 0.000000 22.037369 7.501075 0.000001 0.000000 -0.000000 -4.569996 11.014894 -2.160841 0.557075 3.320545 11.031413 9.498808 2.004340 63.391293 -0.000014 27.528920 0.000010 16.182258 1.601424 0.021091 -2.464808 -1.573987 2.681908 -2.390763 -8.688505 -14.683233 5.082573 -24.749564 -3.889725 -2.646255 -1.527812 1.527819 -0.363753 2.665396 1.926897 -1.994590 -1.151580 1.151583 -0.000000 0.000000 0.000003 -9.108320 -0.517891 2.259802 0.993252 -3.674416 24.984014 0.178744 -1.569532 12.993310 0.554412 -2.725388 22.992604 0.000000 0.000001 0.000004 -9.532502 -0.000004 0.000000 -0.182717 -0.489884 17.544128 0.411244 -2.360025 19.766246 -0.749521 -5.200947 33.847972 -0.000002 0.000000 -0.000002 -9.103613 -0.043109 -1.865100 0.237614 -2.052315 24.940530 0.246736 -1.839336 15.278575 -10.267282 -7.532280 22.931339 -0.000000 0.000002 0.000006 -8.076700 -0.486713 -3.806297 0.301769 -2.055509 19.776340 0.386651 -2.290580 19.160807 0.750353 -3.146882 26.816591 0.000001 0.000000 0.000003 4.570405 11.014697 -2.160817 0.598016 -4.808373 -10.373683 6.174297 5.521600 -78.592671 -0.000014 -20.807176 -0.000001 18.077182 -7.477966 -4.080024 2.466085 -1.576201 2.681695 -2.558585 13.721501 14.443806 5.478691 10.368704 0.840139 2.647894 -1.528748 1.528755 -9.075359 10.784133 3.126974 1.998922 -1.154091 1.154083 -0.000001 -0.000001 -0.000002 9.109279 -0.518007 2.259900 -0.173084 0.490957 -17.339718 0.467863 2.499334 -21.203831 0.845720 3.311371 -28.648289 -0.000001 0.000000 0.000002 9.533392 -0.000001 -0.000000 -0.116002 0.120687 -11.509944 0.503867 2.590097 -22.014442 0.794375 3.215772 -27.746612 0.000003 0.000000 0.000001 9.104486 -0.042996 -1.865100 0.206549 1.738040 -18.326793 0.449420 2.451268 -20.776602 1.038467 3.641470 -31.826373 0.000000 0.000001 0.000003 8.077791 -0.486898 -3.806300 1.432277 5.321278 -18.765745 0.564708 -1.336715 -23.675089 0.690392 3.010091 -25.831596 -0.000001 -0.000001 0.000001 -8.207796 -6.751715 -1.599543 -4.578050 -8.756489 9.720789 18.996131 -4.740677 0.627681 -10.382542 3.122317 -0.910036 -0.594933 -0.000006 -0.000003 0.000000 -0.000001 -0.000000 8.207801 -6.751694 -1.599546 -15.683803 4.679017 12.586656 33.489138 8.634956 -1.167512 -16.345730 1.798677 -2.131652 1.296489 -0.000003 0.000394 0.000000 -0.000001 0.000000 
0.665035 101.024750 1.719495 -2.610498 -3.541264 -9.790601 -0.000000 10.181526 0.131523 -1.845354 -1.102012 10.244880 -0.009512 -0.590497 2.488000 0.022371 -0.716590 2.455432 -0.000000 16.740347 -2.049019 4.168230 -0.288982 -6.037877 0.000000 9.617820 1.684978 -9.189353 -1.137631 0.832547 -0.000000 22.037369 7.501085 0.000001 0.000000 -0.000000 -4.570000 11.014876 -2.160838 0.555303 3.073829 10.812147 9.772472 1.885989 63.748532 -0.000010 27.490364 0.000015 16.227527 1.562221 -0.043133 -2.464803 -1.574000 2.681904 -2.389764 -8.697115 -14.682946 5.092968 -24.773277 -3.886984 -2.646285 -1.527812 1.527820 -0.341357 2.618827 1.923382 -1.994606 -1.151586 1.151577 0.000001 -0.000004 0.000003 -9.108310 -0.517888 2.259800 0.993830 -3.674494 25.020253 0.179620 -1.573305 13.025129 0.558756 -2.735605 23.083862 -0.000003 0.000001 0.000004 -9.532504 0.000015 -0.000005 -0.187838 -0.478241 17.592465 0.414336 -2.368669 19.841773 -0.721664 -5.201779 33.949544 0.000001 0.000002 0.000002 -9.103610 -0.043091 -1.865104 0.233656 -2.046215 25.001086 0.248299 -1.845125 15.327778 -10.258578 -7.547312 22.983175 -0.000004 0.000002 0.000004 -8.076696 -0.486728 -3.806301 0.300526 -2.053124 19.833758 0.388963 -2.297133 19.217798 0.753367 -3.152838 26.871537 -0.000000 0.000002 0.000001 4.570402 11.014675 -2.160815 0.600556 -4.621879 -10.256686 6.525861 5.916073 -78.875407 0.000009 -20.813832 -0.000030 17.900217 -7.553677 -3.946850 2.466098 -1.576201 2.681701 -2.548268 13.758836 14.444487 5.493195 10.394227 0.840027 2.647882 -1.528734 1.528743 -9.075575 10.846034 3.184414 1.998917 -1.154074 1.154074 0.000003 0.000005 0.000003 9.109294 -0.518016 2.259901 -0.173171 0.496554 -17.400129 0.471174 2.507863 -21.279816 0.852640 3.323943 -28.767322 -0.000003 -0.000001 -0.000001 9.533420 0.000002 -0.000003 -0.117303 0.121493 -11.574866 0.507075 2.598029 -22.085584 0.799908 3.226237 -27.844810 0.000000 -0.000001 0.000002 9.104506 -0.042999 -1.865099 0.211406 1.754477 -18.397564 0.451154 2.455875 -20.817418 1.042463 3.647866 -31.888948 0.000001 -0.000002 0.000002 8.077802 -0.486903 -3.806301 1.434281 5.317279 -18.822700 0.568982 -1.326967 -23.763314 0.697772 3.025294 -25.971987 0.000001 0.000001 -0.000001 -8.207802 -6.751719 -1.599544 -4.663653 -8.730554 9.639514 18.972529 -4.770566 0.570654 -10.397624 3.123019 -0.827701 -0.598348 -0.000006 -0.000001 0.000000 -0.000001 0.000000 8.207801 -6.751721 -1.599544 -15.692095 4.666118 12.476426 33.400052 8.609780 -1.206381 -16.357572 1.812608 -2.066855 1.318362 0.000005 0.000390 -0.000000 0.000000 0.000000 
0.715206 101.040192 1.786096 -2.504109 -3.552594 -9.693795 -0.000003 10.181537 0.131526 -1.720283 -1.084742 10.129066 -0.217337 -0.641338 2.451288 -0.187054 -0.758552 2.422349 0.000000 16.740376 -2.049023 4.135407 -0.289064 -5.936316 0.000000 9.617805 1.684984 -9.096123 -1.175613 0.827637 0.000000 22.037354 7.501072 0.000001 -0.000000 -0.000000 -4.570001 11.014872 -2.160842 0.554859 2.857419 10.653882 10.077100 1.722839 64.085664 0.000008 27.422912 0.000030 16.201204 1.713266 -0.105372 -2.464794 -1.573986 2.681910 -2.388750 -8.705588 -14.682661 5.103176 -24.796650 -3.884333 -2.646256 -1.527816 1.527820 -0.319299 2.572942 1.919919 -1.994593 -1.151585 1.151580 -0.000001 -0.000003 -0.000002 -9.108317 -0.517887 2.259800 0.994422 -3.674538 25.055975 0.180462 -1.577016 13.056506 0.563065 -2.745660 23.173768 -0.000005 -0.000000 -0.000001 -9.532499 0.000008 -0.000000 -0.192910 -0.466772 17.640085 0.417428 -2.377183 19.916143 -0.694243 -5.202522 34.049603 -0.000001 0.000000 -0.000000 -9.103603 -0.043108 -1.865107 0.229742 -2.040230 25.060750 0.249860 -1.850812 15.376286 -10.250013 -7.562134 23.034270 0.000002 -0.000002 0.000002 -8.076697 -0.486732 -3.806301 0.299354 -2.050771 19.890348 0.391208 -2.303568 19.273943 0.756343 -3.158711 26.925671 -0.000003 0.000001 -0.000001 4.570404 11.014688 -2.160816 0.601849 -4.421919 -10.071749 6.886651 6.335990 -79.220605 0.000019 -20.800964 0.000038 17.722372 -7.651861 -3.758463 2.466096 -1.576197 2.681696 -2.538267 13.795003 14.445073 5.507231 10.418974 0.839949 2.647885 -1.528749 1.528745 -9.075793 10.905989 3.239997 1.998932 -1.154105 1.154077 0.000000 -0.000001 -0.000000 9.109294 -0.518010 2.259893 -0.173210 0.501975 -17.458658 0.474386 2.516118 -21.353412 0.859326 3.336091 -28.882647 -0.000001 -0.000002 0.000000 9.533404 0.000002 -0.000007 -0.118568 0.122253 -11.637794 0.510181 2.605723 -22.154487 0.805282 3.236357 -27.939905 0.000001 -0.000000 0.000001 9.104496 -0.042996 -1.865106 0.216172 1.770386 -18.466151 0.452846 2.460340 -20.856959 1.046313 3.654035 -31.949542 0.000001 -0.000001 -0.000000 8.077797 -0.486877 -3.806305 1.436230 5.313400 -18.877873 0.573156 -1.317528 -23.848791 0.704980 3.040004 -26.108014 0.000001 -0.000001 -0.000000 -8.207803 -6.751719 -1.599543 -4.742769 -8.732947 9.501246 18.950913 -4.739258 0.577210 -10.413855 3.128929 -0.787449 -0.601746 -0.000005 0.000000 0.000000 0.000000 0.000000 8.207798 -6.751711 -1.599543 -15.683694 4.663339 12.339592 33.283905 8.592544 -1.232632 -16.354815 1.833389 -2.009934 1.334861 -0.000005 0.000398 -0.000000 0.000000 0.000000 
0.756876 101.056465 1.853534 -2.408780 -3.605445 -9.576452 -0.000001 10.181565 0.131524 -1.596101 -1.054902 9.960077 -0.424062 -0.664360 2.414927 -0.395532 -0.772296 2.390275 -0.000002 16.740370 -2.049019 4.120602 -0.290180 -5.808221 -0.000000 9.617839 1.684981 -8.994834 -1.230875 0.837029 -0.000000 22.037369 7.501074 -0.000000 -0.000000 -0.000000 -4.570003 11.014894 -2.160840 0.553530 2.638123 10.489022 10.399160 1.542202 64.443443 0.000000 27.412816 0.000063 16.140620 1.665764 -0.227569 -2.464790 -1.574010 2.681907 -2.387769 -8.713939 -14.682431 5.113246 -24.819640 -3.881699 -2.646264 -1.527825 1.527820 -0.297585 2.527748 1.916554 -1.994594 -1.151587 1.151576 -0.000001 -0.000002 0.000001 -9.108303 -0.517879 2.259804 0.994974 -3.674615 25.091120 0.181324 -1.580701 13.087377 0.567288 -2.755544 23.262284 -0.000001 -0.000000 -0.000000 -9.532490 0.000009 0.000001 -0.197948 -0.455491 17.686934 0.420487 -2.385561 19.989438 -0.667273 -5.203192 34.148122 0.000001 0.000000 0.000001 -9.103592 -0.043107 -1.865099 0.225847 -2.034353 25.119494 0.251427 -1.856420 15.424046 -10.241587 -7.576708 23.084588 0.000001 0.000001 0.000003 -8.076697 -0.486727 -3.806298 0.298146 -2.048487 19.946027 0.393444 -2.309923 19.329203 0.759285 -3.164480 26.979010 -0.000000 0.000000 0.000002 4.570401 11.014682 -2.160815 0.602798 -4.233805 -9.914820 7.260407 6.674542 -79.469811 0.000002 -20.845399 0.000005 17.426802 -7.675047 -3.585202 2.466089 -1.576203 2.681696 -2.528610 13.829968 14.445667 5.520818 10.442885 0.839854 2.647878 -1.528745 1.528751 -9.076036 10.963937 3.293745 1.998928 -1.154091 1.154079 0.000003 0.000001 0.000001 9.109285 -0.518012 2.259898 -0.173250 0.507218 -17.515226 0.477542 2.524101 -21.424577 0.865800 3.347820 -28.994102 0.000001 0.000001 0.000004 9.533396 0.000008 -0.000003 -0.119808 0.123024 -11.698601 0.513238 2.613165 -22.221083 0.810466 3.246117 -28.031846 -0.000000 -0.000000 0.000002 9.104506 -0.042998 -1.865107 0.220755 1.785782 -18.532460 0.454503 2.464632 -20.895171 1.050074 3.660022 -32.008162 0.000000 -0.000001 0.000001 8.077811 -0.486879 -3.806307 1.438064 5.309643 -18.931206 0.577224 -1.308383 -23.931383 0.711973 3.054208 -26.239507 0.000002 -0.000002 -0.000000 -8.207797 -6.751715 -1.599543 -4.825435 -8.728255 9.331217 18.948289 -4.674094 0.606918 -10.437139 3.137420 -0.767656 -0.605117 -0.000004 -0.000001 0.000000 -0.000001 0.000000 8.207799 -6.751695 -1.599541 -15.652447 4.679545 12.185010 33.152300 8.605184 -1.255257 -16.342894 1.860404 -1.966101 1.342433 -0.000001 0.000391 -0.000000 0.000002 0.000000 
0.790085 101.073624 1.931379 -2.330913 -3.651794 -9.419842 -0.000000 10.181549 0.131522 -1.469241 -1.018934 9.730550 -0.626111 -0.688544 2.346375 -0.599709 -0.786212 2.325844 0.000000 16.740347 -2.049017 4.109832 -0.293210 -5.585277 -0.000000 9.617862 1.684976 -8.895119 -1.252023 0.858273 0.000000 22.037384 7.501080 0.000001 -0.000000 -0.000000 -4.569999 11.014874 -2.160838 0.561056 2.399679 10.471895 10.698636 1.333352 64.717019 -0.000013 27.379122 0.000064 16.128329 1.713540 -0.254793 -2.464798 -1.573991 2.681906 -2.386778 -8.722139 -14.682175 5.123153 -24.842294 -3.879115 -2.646275 -1.527799 1.527817 -0.276251 2.483301 1.913266 -1.994602 -1.151582 1.151580 0.000002 -0.000005 0.000001 -9.108287 -0.517874 2.259798 0.995537 -3.674677 25.125710 0.182167 -1.584284 13.117767 0.571500 -2.765277 23.349360 -0.000004 0.000001 0.000003 -9.532496 0.000008 -0.000007 -0.202897 -0.444392 17.733077 0.423479 -2.393805 20.061486 -0.640717 -5.203768 34.245076 -0.000001 0.000002 0.000001 -9.103598 -0.043112 -1.865107 0.222035 -2.028563 25.177300 0.252927 -1.861919 15.471005 -10.233244 -7.591045 23.134086 -0.000002 0.000002 0.000000 -8.076692 -0.486724 -3.806304 0.296986 -2.046209 20.000831 0.395626 -2.316166 19.383618 0.762183 -3.170160 27.031433 -0.000002 0.000001 -0.000000 4.570402 11.014693 -2.160812 0.601813 -4.000772 -9.650539 7.637116 7.069177 -79.833293 -0.000002 -20.859476 0.000001 17.150028 -7.735983 -3.417217 2.466103 -1.576202 2.681699 -2.519313 13.863700 14.446263 5.533944 10.465956 0.839722 2.647873 -1.528750 1.528751 -9.076246 11.019813 3.345578 1.998901 -1.154095 1.154081 -0.000002 -0.000001 0.000003 9.109303 -0.518010 2.259901 -0.173319 0.512245 -17.569786 0.480576 2.531785 -21.493272 0.872079 3.359120 -29.101626 -0.000002 0.000002 0.000001 9.533400 0.000003 0.000001 -0.121005 0.123764 -11.757237 0.516151 2.620307 -22.285357 0.815508 3.255532 -28.120572 -0.000002 0.000000 0.000004 9.104508 -0.042997 -1.865099 0.225229 1.800613 -18.596380 0.456089 2.468776 -20.932073 1.053667 3.665792 -32.064692 0.000000 -0.000002 0.000002 8.077802 -0.486879 -3.806299 1.439837 5.306028 -18.982643 0.581121 -1.299592 -24.011089 0.718732 3.067890 -26.366364 -0.000002 -0.000000 0.000002 -8.207799 -6.751701 -1.599545 -4.901829 -8.729619 9.113684 18.978738 -4.607946 0.650018 -10.486226 3.147838 -0.754169 -0.608479 0.000007 -0.000002 -0.000000 -0.000000 0.000000 8.207802 -6.751711 -1.599544 -15.579738 4.703350 11.985490 32.995551 8.641746 -1.271983 -16.321171 1.892621 -1.931376 1.342619 0.000014 0.000378 -0.000000 -0.000002 0.000000 
0.816625 101.097816 2.018703 -2.246827 -3.688572 -9.235643 0.000001 10.181551 0.131524 -1.350353 -0.980842 9.459070 -0.845463 -0.714930 2.279528 -0.821204 -0.802224 2.262983 -0.000000 16.740345 -2.049020 4.139281 -0.287889 -5.367116 0.000000 9.617842 1.684972 -8.778614 -1.257108 0.880332 -0.000000 22.037354 7.501081 -0.000000 -0.000000 -0.000000 -4.569999 11.014874 -2.160839 0.560309 2.201150 10.344180 10.941026 1.095967 65.160107 -0.000017 27.261863 0.000054 16.220364 1.781243 -0.297513 -2.464789 -1.573997 2.681909 -2.385848 -8.730210 -14.681884 5.132902 -24.864535 -3.876593 -2.646261 -1.527809 1.527811 -0.255261 2.439586 1.910022 -1.994582 -1.151587 1.151571 0.000004 -0.000005 -0.000000 -9.108302 -0.517884 2.259801 0.996088 -3.674721 25.159724 0.182987 -1.587831 13.147651 0.575631 -2.774817 23.434972 -0.000001 0.000001 0.000001 -9.532497 0.000012 -0.000002 -0.207770 -0.433489 17.778402 0.426444 -2.401899 20.132368 -0.614673 -5.204250 34.340354 -0.000000 0.000001 0.000004 -9.103597 -0.043097 -1.865101 0.218253 -2.022888 25.234101 0.254462 -1.867350 15.517228 -10.225052 -7.605102 23.182767 0.000000 -0.000002 0.000000 -8.076695 -0.486732 -3.806299 0.295833 -2.043987 20.054702 0.397794 -2.322295 19.437069 0.765050 -3.175737 27.083000 -0.000001 -0.000003 0.000003 4.570406 11.014673 -2.160814 0.601241 -3.860492 -9.516356 8.047146 7.510848 -80.019013 0.000012 -20.894682 0.000011 16.926255 -7.813184 -3.307125 2.466093 -1.576206 2.681699 -2.510333 13.896170 14.446811 5.546543 10.488163 0.839609 2.647884 -1.528752 1.528743 -9.076495 11.073606 3.395495 1.998932 -1.154082 1.154071 -0.000001 0.000000 0.000003 9.109297 -0.518010 2.259899 -0.173394 0.516966 -17.622335 0.483482 2.539200 -21.559316 0.878184 3.370008 -29.205127 0.000001 -0.000002 -0.000001 9.533409 0.000007 -0.000001 -0.122170 0.124473 -11.813709 0.518990 2.627192 -22.347211 0.820346 3.264589 -28.205951 -0.000001 -0.000001 -0.000000 9.104498 -0.042998 -1.865097 0.229554 1.814871 -18.657942 0.457639 2.472777 -20.967579 1.057125 3.671311 -32.119074 0.000000 0.000002 0.000001 8.077813 -0.486897 -3.806300 1.441558 5.302549 -19.032165 0.584885 -1.291135 -24.087793 0.725291 3.081052 -26.488467 -0.000001 -0.000000 0.000001 -8.207801 -6.751718 -1.599542 -4.968652 -8.730921 8.867675 18.986092 -4.546792 0.703523 -10.530906 3.159797 -0.746624 -0.611813 0.000000 0.000000 0.000000 -0.000001 -0.000000 8.207800 -6.751710 -1.599543 -15.485543 4.741886 11.758288 32.794170 8.669574 -1.284915 -16.282850 1.927920 -1.894477 1.344273 -0.000008 0.000369 0.000000 -0.000001 0.000000 
0.839103 101.118179 2.108882 -2.149435 -3.712395 -9.010804 -0.000002 10.181543 0.131524 -1.233995 -0.943156 9.143881 -1.071913 -0.751067 2.199940 -1.049894 -0.827740 2.187090 -0.000000 16.740370 -2.049018 4.174763 -0.276946 -5.112276 0.000000 9.617831 1.684979 -8.679039 -1.199806 0.823475 0.000000 22.037384 7.501069 0.000001 0.000000 -0.000000 -4.570003 11.014863 -2.160841 0.557959 1.925799 10.159150 11.198019 0.956949 65.645378 -0.000007 27.218311 0.000062 16.241497 1.809882 -0.299398 -2.464806 -1.573990 2.681906 -2.384937 -8.738146 -14.681657 5.142463 -24.886383 -3.874044 -2.646270 -1.527823 1.527820 -0.234687 2.396651 1.906880 -1.994607 -1.151586 1.151578 0.000001 -0.000007 0.000003 -9.108322 -0.517875 2.259796 0.996606 -3.674800 25.193113 0.183806 -1.591312 13.176985 0.579704 -2.784190 23.519048 -0.000002 -0.000001 -0.000002 -9.532524 -0.000002 -0.000006 -0.212614 -0.422807 17.822926 0.429369 -2.409848 20.201966 -0.589128 -5.204657 34.433968 -0.000000 0.000000 0.000001 -9.103619 -0.043114 -1.865106 0.214485 -2.017332 25.289899 0.255935 -1.872663 15.562608 -10.216945 -7.618921 23.230535 0.000001 -0.000001 0.000000 -8.076705 -0.486724 -3.806300 0.294659 -2.041829 20.107624 0.399918 -2.328317 19.489554 0.767850 -3.181218 27.133640 -0.000000 0.000000 -0.000001 4.570401 11.014677 -2.160815 0.601313 -3.735354 -9.432442 8.452698 7.901589 -80.076031 -0.000006 -20.929358 -0.000000 16.859950 -7.789505 -3.221694 2.466097 -1.576207 2.681704 -2.501737 13.927332 14.447332 5.558626 10.509484 0.839523 2.647873 -1.528749 1.528751 -9.076718 11.125215 3.443441 1.998924 -1.154094 1.154077 -0.000000 0.000000 0.000003 9.109293 -0.518013 2.259903 -0.173467 0.521530 -17.672775 0.486306 2.546298 -21.622750 0.884021 3.380417 -29.304490 -0.000000 -0.000002 -0.000002 9.533398 0.000010 0.000002 -0.123288 0.125168 -11.867912 0.521711 2.633807 -22.406569 0.825033 3.273267 -28.287917 -0.000001 -0.000000 -0.000003 9.104489 -0.042992 -1.865099 0.233737 1.828558 -18.717044 0.459088 2.476597 -21.001628 1.060478 3.676637 -32.171308 -0.000002 -0.000002 -0.000000 8.077804 -0.486896 -3.806302 1.443165 5.299198 -19.079696 0.588552 -1.283017 -24.161405 0.731602 3.093678 -26.605682 0.000000 0.000001 0.000003 -8.207800 -6.751707 -1.599543 -5.082259 -8.733629 8.578599 19.053701 -4.499909 0.755592 -10.608708 3.172946 -0.733109 -0.615106 0.000007 -0.000002 0.000000 -0.000000 0.000000 8.207798 -6.751702 -1.599544 -15.395393 4.777875 11.487698 32.583656 8.701447 -1.298300 -16.234502 1.964151 -1.856435 1.334336 -0.000000 0.000342 -0.000000 0.000000 0.000000 
0.856714 101.136627 2.204427 -2.059990 -3.772153 -8.757365 -0.000001 10.181561 0.131524 -1.118533 -0.909365 8.793910 -1.300892 -0.780150 2.123989 -1.281087 -0.846293 2.114785 -0.000001 16.740372 -2.049021 4.217132 -0.263241 -4.869279 0.000000 9.617837 1.684978 -8.560887 -1.176479 0.805084 -0.000001 22.037338 7.501072 0.000000 -0.000000 -0.000000 -4.570003 11.014877 -2.160838 0.552884 1.713828 9.975817 11.504236 0.801427 66.096854 -0.000009 27.244375 0.000039 16.319287 1.754540 -0.368871 -2.464789 -1.573995 2.681912 -2.384022 -8.745917 -14.681394 5.151852 -24.907823 -3.871587 -2.646263 -1.527790 1.527809 -0.214474 2.354521 1.903818 -1.994593 -1.151572 1.151575 -0.000000 -0.000004 -0.000006 -9.108306 -0.517878 2.259806 0.997119 -3.674851 25.225876 0.184591 -1.594725 13.205790 0.583715 -2.793385 23.601551 -0.000003 0.000001 -0.000002 -9.532489 0.000009 0.000003 -0.217384 -0.412325 17.866627 0.432245 -2.417636 20.270238 -0.564020 -5.204991 34.525828 -0.000001 0.000002 0.000002 -9.103586 -0.043104 -1.865098 0.210814 -2.011885 25.344667 0.257371 -1.877888 15.607098 -10.209033 -7.632460 23.277450 -0.000000 -0.000000 0.000002 -8.076698 -0.486729 -3.806296 0.293512 -2.039702 20.159520 0.401999 -2.334223 19.541088 0.770632 -3.186592 27.183345 0.000001 0.000000 -0.000000 4.570404 11.014702 -2.160813 0.601960 -3.647170 -9.398865 8.803082 8.212777 -80.038076 -0.000001 -20.860919 0.000009 16.847278 -7.792822 -3.091110 2.466090 -1.576196 2.681700 -2.493503 13.957171 14.447848 5.570214 10.529889 0.839377 2.647888 -1.528741 1.528746 -9.076936 11.174608 3.489310 1.998890 -1.154094 1.154066 0.000001 -0.000000 0.000002 9.109286 -0.518010 2.259899 -0.173483 0.526028 -17.721047 0.488987 2.553097 -21.683460 0.889640 3.390389 -29.399590 0.000002 0.000001 0.000001 9.533394 0.000003 -0.000001 -0.124358 0.125812 -11.919795 0.524349 2.640137 -22.463394 0.829499 3.281576 -28.366365 -0.000000 -0.000004 -0.000002 9.104494 -0.042993 -1.865103 0.237767 1.841646 -18.773603 0.460489 2.480266 -21.034239 1.063713 3.681728 -32.221322 0.000000 -0.000002 -0.000000 8.077797 -0.486899 -3.806302 1.444701 5.295995 -19.125192 0.592022 -1.275239 -24.231904 0.737666 3.105735 -26.717863 0.000001 0.000001 -0.000001 -8.207798 -6.751705 -1.599543 -5.219161 -8.695696 8.273978 19.162646 -4.463889 0.782671 -10.708531 3.186930 -0.704335 -0.618395 0.000005 0.000002 -0.000000 -0.000000 0.000000 8.207799 -6.751684 -1.599543 -15.286353 4.845884 11.203241 32.366217 8.723139 -1.326712 -16.196747 2.003224 -1.810814 1.338438 -0.000002 0.000322 -0.000000 -0.000001 0.000000 
0.874593 101.152367 2.299287 -1.980502 -3.804901 -8.476480 -0.000002 10.181562 0.131522 -0.996610 -0.883152 8.411333 -1.519676 -0.827201 2.042432 -1.502154 -0.882894 2.036530 -0.000001 16.740337 -2.049018 4.230731 -0.246135 -4.622072 -0.000000 9.617821 1.684982 -8.371099 -1.178810 0.872367 0.000000 22.037369 7.501070 0.000001 0.000000 -0.000000 -4.569999 11.014865 -2.160837 0.551026 1.508852 9.853498 11.780174 0.676979 66.491236 -0.000022 27.273237 0.000015 16.288015 1.788190 -0.455990 -2.464795 -1.573987 2.681911 -2.383119 -8.753549 -14.681167 5.161055 -24.928852 -3.869172 -2.646266 -1.527809 1.527818 -0.194682 2.313217 1.900818 -1.994605 -1.151583 1.151577 -0.000000 -0.000001 -0.000000 -9.108296 -0.517874 2.259806 0.997613 -3.674919 25.258007 0.185403 -1.598068 13.233985 0.587673 -2.802400 23.682475 -0.000000 -0.000001 0.000000 -9.532500 -0.000007 0.000001 -0.222068 -0.402046 17.909448 0.435051 -2.425274 20.337180 -0.539469 -5.205259 34.615843 0.000002 -0.000000 0.000002 -9.103604 -0.043109 -1.865098 0.207176 -2.006548 25.398316 0.258813 -1.883007 15.650724 -10.201252 -7.645745 23.323453 0.000001 -0.000001 -0.000001 -8.076697 -0.486719 -3.806298 0.292392 -2.037603 20.210419 0.404071 -2.340015 19.591593 0.773316 -3.191848 27.232058 0.000001 0.000001 0.000005 4.570399 11.014661 -2.160812 0.601500 -3.573531 -9.338267 9.174438 8.447347 -79.962835 0.000000 -20.815316 0.000031 16.898245 -7.880505 -3.010599 2.466075 -1.576196 2.681703 -2.485649 13.985647 14.448236 5.581272 10.549365 0.839237 2.647883 -1.528758 1.528743 -9.077146 11.221733 3.533059 1.998901 -1.154082 1.154075 -0.000000 -0.000002 -0.000000 9.109282 -0.518008 2.259903 -0.173412 0.530583 -17.767067 0.491592 2.559588 -21.741416 0.895007 3.399886 -29.490359 -0.000003 0.000002 -0.000001 9.533391 0.000007 0.000001 -0.125384 0.126453 -11.969323 0.526824 2.646168 -22.517621 0.833800 3.289506 -28.441237 -0.000001 -0.000002 -0.000001 9.104476 -0.043001 -1.865098 0.241611 1.854153 -18.827601 0.461843 2.483763 -21.065372 1.066767 3.686572 -32.269017 -0.000001 -0.000002 0.000001 8.077785 -0.486879 -3.806299 1.446190 5.292941 -19.168596 0.595352 -1.267846 -24.299161 0.743478 3.117234 -26.824950 0.000000 -0.000001 -0.000002 -8.207799 -6.751701 -1.599543 -5.367567 -8.665865 7.934322 19.315203 -4.452242 0.815603 -10.832951 3.200335 -0.671043 -0.621625 0.000006 0.000000 -0.000000 -0.000001 -0.000000 8.207799 -6.751694 -1.599543 -15.160298 4.900704 10.876112 32.140118 8.733932 -1.338685 -16.147377 2.044338 -1.767347 1.327259 0.000006 0.000310 -0.000000 0.000000 0.000000 
0.888906 101.162788 2.399306 -1.906430 -3.840558 -8.179272 -0.000000 10.181540 0.131523 -0.880154 -0.860202 7.999010 -1.748560 -0.877354 1.954626 -1.733326 -0.922723 1.951999 -0.000000 16.740356 -2.049021 4.280494 -0.229743 -4.343378 -0.000000 9.617846 1.684982 -8.191471 -1.166434 0.916591 -0.000001 22.037369 7.501071 0.000002 0.000000 0.000000 -4.570001 11.014866 -2.160839 0.547273 1.323438 9.718538 12.059008 0.578696 66.895098 -0.000014 27.291942 0.000032 16.261523 1.798093 -0.521565 -2.464793 -1.573999 2.681907 -2.382221 -8.761024 -14.680923 5.170078 -24.949452 -3.866783 -2.646262 -1.527821 1.527821 -0.175313 2.272752 1.897890 -1.994574 -1.151585 1.151572 -0.000001 -0.000008 -0.000004 -9.108302 -0.517884 2.259805 0.998124 -3.674992 25.289506 0.186164 -1.601351 13.261651 0.591544 -2.811214 23.761673 -0.000000 -0.000000 0.000002 -9.532493 0.000012 -0.000000 -0.226682 -0.392013 17.951412 0.437844 -2.432751 20.402753 -0.515431 -5.205452 34.704027 -0.000001 0.000001 0.000003 -9.103601 -0.043114 -1.865100 0.203632 -2.001331 25.450890 0.260200 -1.888001 15.693493 -10.193613 -7.658730 23.368475 -0.000001 -0.000000 0.000002 -8.076677 -0.486729 -3.806297 0.291265 -2.035580 20.260284 0.406088 -2.345676 19.641049 0.775990 -3.197009 27.279758 -0.000001 0.000000 0.000004 4.570401 11.014682 -2.160815 0.602968 -3.516908 -9.281969 9.597215 8.670381 -79.873571 -0.000008 -20.838583 0.000005 16.720206 -7.854271 -3.089853 2.466104 -1.576217 2.681694 -2.478221 14.012722 14.448736 5.591793 10.567893 0.839090 2.647892 -1.528742 1.528749 -9.077382 11.266558 3.574699 1.998913 -1.154093 1.154071 0.000001 0.000003 0.000001 9.109290 -0.518014 2.259895 -0.173299 0.535096 -17.810774 0.494059 2.565741 -21.796491 0.900139 3.408928 -29.576662 -0.000002 0.000001 -0.000003 9.533410 0.000004 -0.000006 -0.126395 0.127036 -12.016381 0.529220 2.651911 -22.569189 0.837891 3.297038 -28.512413 0.000000 -0.000000 -0.000002 9.104506 -0.042995 -1.865105 0.245279 1.866011 -18.878896 0.463119 2.487105 -21.094973 1.069693 3.691178 -32.314390 0.000000 -0.000002 -0.000000 8.077796 -0.486899 -3.806305 1.447535 5.290023 -19.209851 0.598547 -1.260806 -24.363128 0.749029 3.128161 -26.926759 0.000000 -0.000000 -0.000000 -8.207802 -6.751714 -1.599544 -5.535958 -8.609948 7.589120 19.513270 -4.448843 0.826217 -10.984583 3.211589 -0.622826 -0.624831 0.000009 -0.000000 0.000000 0.000001 0.000000 8.207796 -6.751696 -1.599544 -15.028721 4.967326 10.540963 31.923457 8.730077 -1.358797 -16.103349 2.088347 -1.718937 1.305975 0.000001 0.000295 0.000000 0.000001 0.000000 
0.907104 101.184074 2.502320 -1.827191 -3.915935 -7.859568 0.000000 10.181549 0.131525 -0.768001 -0.828711 7.562009 -1.980094 -0.911276 1.862055 -1.967081 -0.946568 1.862734 -0.000001 16.740366 -2.049019 4.338466 -0.213463 -4.053724 0.000000 9.617851 1.684980 -8.017522 -1.161978 0.971766 -0.000000 22.037369 7.501079 0.000002 0.000000 -0.000000 -4.569999 11.014879 -2.160839 0.543896 1.166874 9.606079 12.327727 0.444352 67.286755 -0.000013 27.287374 0.000082 16.368856 1.816181 -0.666543 -2.464798 -1.574009 2.681908 -2.381366 -8.768312 -14.680711 5.178865 -24.969602 -3.864462 -2.646266 -1.527801 1.527813 -0.156359 2.233174 1.895049 -1.994594 -1.151577 1.151578 0.000001 -0.000004 -0.000002 -9.108299 -0.517890 2.259803 0.998598 -3.675022 25.320254 0.186912 -1.604555 13.288653 0.595367 -2.819837 23.839172 -0.000000 0.000002 0.000001 -9.532498 0.000009 -0.000002 -0.231187 -0.382179 17.992428 0.440578 -2.440059 20.466886 -0.491924 -5.205593 34.790310 -0.000001 0.000000 -0.000003 -9.103604 -0.043118 -1.865103 0.200119 -1.996232 25.502308 0.261590 -1.892920 15.735263 -10.186127 -7.671434 23.412567 0.000000 -0.000000 -0.000001 -8.076689 -0.486733 -3.806303 0.290172 -2.033577 20.309030 0.408074 -2.351236 19.689458 0.778583 -3.202037 27.326433 -0.000000 0.000000 0.000003 4.570399 11.014685 -2.160814 0.601944 -3.469111 -9.229081 10.004564 8.883871 -79.793760 0.000010 -20.838176 0.000015 16.772154 -7.890224 -3.045187 2.466081 -1.576217 2.681698 -2.471151 14.038358 14.449142 5.601783 10.585437 0.838856 2.647889 -1.528750 1.528745 -9.077586 11.309003 3.614108 1.998921 -1.154093 1.154073 0.000001 0.000001 0.000001 9.109288 -0.518013 2.259901 -0.173158 0.539409 -17.852233 0.496380 2.571575 -21.848706 0.904998 3.417466 -29.658392 -0.000000 -0.000001 -0.000002 9.533395 0.000004 0.000001 -0.127317 0.127616 -12.061004 0.531480 2.657343 -22.618025 0.841772 3.304149 -28.579834 0.000000 0.000003 0.000001 9.104501 -0.042997 -1.865100 0.248772 1.877231 -18.927538 0.464336 2.490250 -21.123000 1.072444 3.695534 -32.357359 0.000001 0.000002 0.000005 8.077793 -0.486882 -3.806299 1.448847 5.287260 -19.248977 0.601573 -1.254132 -24.423713 0.754289 3.138505 -27.023199 -0.000001 -0.000002 -0.000001 -8.207800 -6.751697 -1.599544 -5.686411 -8.583439 7.194388 19.664948 -4.376355 0.876056 -11.108704 3.225112 -0.603978 -0.628020 0.000012 0.000001 -0.000000 0.000001 0.000000 8.207796 -6.751689 -1.599542 -14.864643 5.039735 10.177957 31.647999 8.781353 -1.389581 -16.034923 2.134771 -1.670843 1.289684 -0.000010 0.000283 0.000000 0.000001 0.000000 
0.933331 101.212120 2.607266 -1.736109 -4.031006 -7.508675 -0.000000 10.181555 0.131522 -0.657171 -0.792783 7.103305 -2.208656 -0.923654 1.764837 -2.197730 -0.949249 1.768693 -0.000000 16.740379 -2.049019 4.383390 -0.196442 -3.719254 0.000001 9.617868 1.684976 -7.891744 -1.080199 0.913720 0.000000 22.037369 7.501073 -0.000001 -0.000001 -0.000000 -4.569999 11.014882 -2.160840 0.542040 0.996453 9.513753 12.604946 0.332644 67.639275 -0.000022 27.319126 0.000070 16.325286 1.789291 -0.727264 -2.464787 -1.574003 2.681917 -2.380541 -8.775458 -14.680479 5.187496 -24.989273 -3.862166 -2.646260 -1.527807 1.527817 -0.137847 2.194487 1.892288 -1.994586 -1.151586 1.151577 0.000001 0.000004 0.000001 -9.108293 -0.517886 2.259808 0.999060 -3.675104 25.350367 0.187671 -1.607694 13.315094 0.599073 -2.828245 23.914878 -0.000000 0.000000 0.000002 -9.532480 0.000011 0.000004 -0.235630 -0.372577 18.032589 0.443254 -2.447207 20.529551 -0.468979 -5.205654 34.874618 0.000001 0.000000 -0.000002 -9.103592 -0.043112 -1.865094 0.196689 -1.991262 25.552569 0.262939 -1.897700 15.776134 -10.178809 -7.683848 23.455628 0.000000 0.000002 0.000006 -8.076687 -0.486733 -3.806294 0.289076 -2.031642 20.356699 0.410014 -2.356644 19.736706 0.781143 -3.206959 27.372051 -0.000005 0.000000 0.000001 4.570401 11.014685 -2.160815 0.605609 -3.399160 -9.200654 10.384187 9.137901 -79.701150 0.000016 -20.871950 -0.000001 16.641884 -7.852863 -3.077413 2.466100 -1.576200 2.681695 -2.464482 14.062564 14.449497 5.611186 10.601978 0.838686 2.647884 -1.528754 1.528744 -9.077800 11.349009 3.651304 1.998924 -1.154094 1.154076 -0.000001 0.000000 0.000003 9.109291 -0.518013 2.259898 -0.173025 0.543485 -17.891290 0.498596 2.577081 -21.897938 0.909608 3.425522 -29.735495 0.000001 -0.000001 0.000001 9.533404 0.000003 -0.000005 -0.128207 0.128146 -12.103040 0.533632 2.662467 -22.664089 0.845439 3.310862 -28.643460 -0.000000 -0.000002 -0.000000 9.104506 -0.042993 -1.865106 0.252089 1.887854 -18.973401 0.465497 2.493219 -21.149421 1.075077 3.699659 -32.397886 -0.000001 -0.000001 -0.000000 8.077799 -0.486902 -3.806303 1.450084 5.284676 -19.285838 0.604418 -1.247839 -24.480814 0.759285 3.148250 -27.114128 -0.000003 0.000001 0.000000 -8.207800 -6.751711 -1.599542 -5.845588 -8.592480 6.732471 19.804074 -4.224066 0.969356 -11.220443 3.242258 -0.613931 -0.631152 0.000007 0.000001 -0.000000 -0.000002 -0.000000 8.207800 -6.751709 -1.599545 -14.677148 5.113930 9.776715 31.321424 8.833789 -1.426030 -15.947054 2.181444 -1.612496 1.272480 0.000013 0.000282 0.000000 0.000000 0.000000 
0.969161 101.247841 2.717164 -1.606387 -4.165580 -7.094008 -0.000001 10.181545 0.131524 -0.560231 -0.751806 6.618076 -2.459247 -0.922268 1.649936 -2.450255 -0.938601 1.656786 -0.000000 16.740360 -2.049024 4.437147 -0.179579 -3.414957 -0.000000 9.617844 1.684977 -7.735058 -1.046224 0.926855 0.000001 22.037369 7.501076 0.000002 0.000000 -0.000000 -4.569999 11.014855 -2.160842 0.538146 0.848968 9.406035 12.883227 0.176554 68.044585 -0.000009 27.327764 0.000004 16.305116 1.776694 -0.777758 -2.464786 -1.574004 2.681911 -2.379715 -8.782420 -14.680255 5.195932 -25.008487 -3.859901 -2.646274 -1.527820 1.527821 -0.119806 2.156721 1.889594 -1.994606 -1.151587 1.151575 -0.000001 -0.000000 -0.000000 -9.108303 -0.517888 2.259805 0.999531 -3.675157 25.379713 0.188375 -1.610740 13.340886 0.602748 -2.836466 23.988806 -0.000003 0.000001 0.000002 -9.532496 0.000005 -0.000000 -0.239974 -0.363211 18.071716 0.445872 -2.454173 20.590748 -0.446597 -5.205681 34.956922 0.000001 0.000000 -0.000000 -9.103591 -0.043112 -1.865099 0.193299 -1.986419 25.601636 0.264274 -1.902358 15.816034 -10.171679 -7.695951 23.497659 0.000000 0.000002 0.000006 -8.076690 -0.486735 -3.806299 0.288005 -2.029741 20.403211 0.411921 -2.361937 19.782900 0.783639 -3.211775 27.416567 0.000001 -0.000001 0.000000 4.570402 11.014670 -2.160819 0.607517 -3.341803 -9.214671 10.763901 9.390225 -79.570468 -0.000006 -20.905751 -0.000018 16.521850 -7.850694 -3.075079 2.466089 -1.576198 2.681704 -2.458240 14.085232 14.449882 5.619927 10.617512 0.838724 2.647874 -1.528747 1.528750 -9.077978 11.386537 3.686215 1.998925 -1.154109 1.154078 -0.000000 -0.000001 -0.000000 9.109284 -0.518011 2.259902 -0.172925 0.547306 -17.927949 0.500674 2.582235 -21.944092 0.913919 3.433074 -29.807813 -0.000001 0.000001 -0.000002 9.533400 0.000004 0.000003 -0.129039 0.128658 -12.142505 0.535628 2.667269 -22.707311 0.848896 3.317155 -28.703102 -0.000001 -0.000003 -0.000001 9.104495 -0.042999 -1.865097 0.255209 1.897774 -19.016409 0.466566 2.496003 -21.174225 1.077517 3.703513 -32.435909 0.000000 -0.000002 0.000000 8.077801 -0.486884 -3.806300 1.451217 5.282212 -19.320435 0.607110 -1.241962 -24.534419 0.763974 3.157390 -27.199464 -0.000001 -0.000001 -0.000001 -8.207800 -6.751714 -1.599544 -6.053975 -8.634893 6.183738 19.947707 -4.016885 1.076740 -11.330774 3.261819 -0.630156 -0.634232 0.000007 0.000001 -0.000000 -0.000000 -0.000000 8.207799 -6.751707 -1.599543 -14.478130 5.171591 9.298396 30.925625 8.952790 -1.483976 -15.836680 2.227482 -1.542510 1.278751 -0.000002 0.000277 -0.000000 0.000001 0.000000 
1.014214 101.307983 2.837782 -1.490192 -4.298904 -6.622802 -0.000001 10.181547 0.131524 -0.464584 -0.712793 6.110617 -2.708240 -0.919243 1.516335 -2.701079 -0.927042 1.525948 -0.000001 16.740391 -2.049015 4.514913 -0.158684 -3.113877 -0.000000 9.617850 1.684974 -7.607384 -1.002223 0.955691 -0.000000 22.037369 7.501067 0.000000 -0.000001 -0.000000 -4.570004 11.014875 -2.160837 0.531790 0.759421 9.289137 13.177049 0.051451 68.437293 -0.000016 27.305805 0.000058 16.304198 1.855686 -0.730022 -2.464806 -1.574003 2.681910 -2.378896 -8.789218 -14.680015 5.204110 -25.027224 -3.857740 -2.646263 -1.527807 1.527817 -0.102200 2.119914 1.887019 -1.994591 -1.151584 1.151579 0.000003 -0.000003 0.000006 -9.108331 -0.517882 2.259803 0.999958 -3.675192 25.408317 0.189093 -1.613725 13.366034 0.606301 -2.844463 24.060849 -0.000004 0.000001 0.000001 -9.532509 0.000012 -0.000000 -0.244222 -0.354095 18.109871 0.448421 -2.460961 20.650394 -0.424783 -5.205645 35.037139 0.000001 0.000001 -0.000000 -9.103604 -0.043113 -1.865102 0.189999 -1.981697 25.649466 0.265574 -1.906929 15.854901 -10.164692 -7.707742 23.538645 -0.000000 0.000001 0.000005 -8.076704 -0.486731 -3.806297 0.286972 -2.027902 20.448543 0.413776 -2.367077 19.827887 0.786064 -3.216438 27.459966 -0.000000 0.000000 -0.000002 4.570403 11.014706 -2.160810 0.609283 -3.301524 -9.257767 11.126844 9.640220 -79.410580 0.000004 -20.936306 0.000017 16.449928 -7.872520 -2.994998 2.466099 -1.576207 2.681701 -2.452443 14.106419 14.450209 5.628036 10.631943 0.839067 2.647876 -1.528754 1.528751 -9.078191 11.421564 3.718747 1.998921 -1.154080 1.154080 0.000001 0.000001 0.000001 9.109305 -0.518009 2.259899 -0.172817 0.550853 -17.962148 0.502612 2.587052 -21.987152 0.917984 3.440112 -29.875302 -0.000000 0.000001 -0.000003 9.533408 0.000004 0.000001 -0.129842 0.129115 -12.179271 0.537531 2.671747 -22.747626 0.852109 3.323029 -28.758751 0.000002 0.000002 0.000002 9.104498 -0.043002 -1.865098 0.258130 1.907048 -19.056544 0.467580 2.498603 -21.197352 1.079802 3.707115 -32.471365 0.000000 -0.000002 -0.000002 8.077806 -0.486882 -3.806302 1.452279 5.279973 -19.352682 0.609611 -1.236466 -24.584405 0.768370 3.165904 -27.279062 0.000000 -0.000001 0.000001 -8.207798 -6.751719 -1.599543 -6.201822 -8.682602 5.578650 19.991819 -3.770216 1.164580 -11.397373 3.282568 -0.634241 -0.637309 0.000001 -0.000001 -0.000000 -0.000001 0.000000 8.207799 -6.751711 -1.599545 -14.176846 5.224214 8.741425 30.388581 9.133758 -1.554059 -15.668838 2.271903 -1.458981 1.295537 -0.000004 0.000290 0.000000 0.000001 0.000000 
1.070812 101.391243 2.958079 -1.377308 -4.465844 -6.144725 0.000000 10.181540 0.131523 -0.368608 -0.672586 5.597571 -2.950430 -0.907698 1.384783 -2.944888 -0.907722 1.396867 -0.000001 16.740355 -2.049020 4.588554 -0.132069 -2.828946 0.000000 9.617847 1.684972 -7.444344 -0.945264 0.987918 0.000000 22.037384 7.501072 -0.000002 0.000001 -0.000000 -4.570000 11.014872 -2.160839 0.524019 0.725762 9.174399 13.474024 -0.031696 68.804177 -0.000014 27.291278 0.000055 16.230527 1.868209 -0.680607 -2.464796 -1.574004 2.681905 -2.378123 -8.795847 -14.679774 5.212114 -25.045453 -3.855610 -2.646271 -1.527811 1.527820 -0.085088 2.084072 1.884489 -1.994606 -1.151582 1.151577 0.000001 -0.000004 0.000003 -9.108297 -0.517882 2.259801 1.000372 -3.675268 25.436196 0.189786 -1.616622 13.390477 0.609800 -2.852258 24.131009 -0.000001 0.000003 0.000001 -9.532495 -0.000005 -0.000004 -0.248375 -0.345218 18.147034 0.450906 -2.467566 20.708432 -0.403563 -5.205569 35.115249 0.000003 0.000002 0.000002 -9.103580 -0.043109 -1.865105 0.186782 -1.977117 25.695996 0.266823 -1.911344 15.892737 -10.157895 -7.719218 23.578542 -0.000001 0.000001 0.000006 -8.076694 -0.486728 -3.806303 0.285937 -2.026110 20.492692 0.415587 -2.372102 19.871689 0.788425 -3.220991 27.502194 -0.000000 0.000002 -0.000000 4.570400 11.014680 -2.160815 0.608503 -3.256893 -9.306843 11.442585 9.856888 -79.231731 0.000011 -20.936944 -0.000010 16.399166 -7.929733 -2.936703 2.466096 -1.576210 2.681700 -2.447024 14.126028 14.450447 5.635492 10.645344 0.839496 2.647881 -1.528737 1.528748 -9.078368 11.453997 3.748907 1.998917 -1.154089 1.154078 -0.000002 -0.000003 -0.000000 9.109311 -0.518009 2.259899 -0.172701 0.554166 -17.993768 0.504416 2.591508 -22.027037 0.921735 3.446623 -29.937778 -0.000000 -0.000002 -0.000002 9.533395 0.000002 0.000000 -0.130538 0.129573 -12.213350 0.539255 2.675891 -22.784971 0.855110 3.328472 -28.810295 0.000001 0.000001 0.000001 9.104504 -0.042995 -1.865100 0.260845 1.915620 -19.093708 0.468502 2.501002 -21.218799 1.081937 3.710435 -32.504211 0.000001 0.000001 0.000001 8.077803 -0.486897 -3.806300 1.453245 5.277837 -19.382537 0.611974 -1.231382 -24.630758 0.772431 3.173766 -27.352758 0.000001 0.000001 -0.000000 -8.207797 -6.751719 -1.599543 -6.290620 -8.699632 4.988574 19.900567 -3.528351 1.216949 -11.390893 3.297380 -0.617950 -0.640284 0.000009 -0.000002 0.000000 0.000000 0.000000 8.207800 -6.751723 -1.599543 -13.810698 5.285985 8.169448 29.736226 9.360256 -1.637325 -15.451440 2.308505 -1.361302 1.322210 0.000011 0.000302 -0.000000 0.000000 0.000000 
1.136602 101.487968 3.084230 -1.301940 -4.652186 -5.621807 -0.000002 10.181561 0.131524 -0.261433 -0.633451 5.069717 -3.164143 -0.892204 1.234893 -3.160093 -0.885684 1.249198 0.000001 16.740345 -2.049019 4.648526 -0.105568 -2.547834 0.000000 9.617845 1.684979 -7.305440 -0.881569 1.004510 0.000000 22.037369 7.501071 0.000001 -0.000000 -0.000000 -4.569997 11.014875 -2.160838 0.516992 0.735083 9.079761 13.743822 -0.081283 69.138720 -0.000010 27.259963 0.000032 16.190694 1.896081 -0.586896 -2.464802 -1.573997 2.681909 -2.377331 -8.802278 -14.679518 5.219844 -25.063188 -3.853559 -2.646270 -1.527784 1.527820 -0.068440 2.049217 1.882070 -1.994606 -1.151588 1.151577 0.000002 -0.000004 0.000006 -9.108293 -0.517883 2.259803 1.000812 -3.675327 25.463270 0.190448 -1.619436 13.414286 0.613206 -2.859816 24.199225 0.000000 0.000001 0.000003 -9.532493 0.000015 0.000001 -0.252412 -0.336595 18.183118 0.453333 -2.473992 20.764871 -0.382940 -5.205446 35.191194 0.000004 -0.000002 0.000000 -9.103594 -0.043111 -1.865101 0.183646 -1.972666 25.741229 0.268055 -1.915664 15.929512 -10.151280 -7.730355 23.617331 0.000000 0.000000 0.000005 -8.076692 -0.486730 -3.806300 0.284944 -2.024379 20.535561 0.417354 -2.376966 19.914263 0.790751 -3.225423 27.543298 0.000002 0.000000 0.000003 4.570404 11.014683 -2.160814 0.608041 -3.200778 -9.361457 11.757110 9.959241 -78.953462 0.000004 -21.017021 -0.000000 16.313553 -7.916199 -2.935578 2.466095 -1.576211 2.681701 -2.441976 14.144089 14.450457 5.642359 10.657650 0.839917 2.647889 -1.528746 1.528750 -9.078559 11.483795 3.776583 1.998909 -1.154081 1.154073 -0.000000 -0.000001 -0.000000 9.109294 -0.518015 2.259899 -0.172594 0.557174 -18.022894 0.506072 2.595599 -22.063715 0.925194 3.452607 -29.995182 -0.000000 0.000001 -0.000000 9.533402 0.000007 0.000001 -0.131189 0.129946 -12.244706 0.540833 2.679693 -22.819293 0.857857 3.333454 -28.857659 -0.000001 0.000002 0.000002 9.104501 -0.042996 -1.865102 0.263365 1.923513 -19.127870 0.469360 2.503214 -21.238473 1.083894 3.713492 -32.534401 0.000002 -0.000001 0.000000 8.077805 -0.486902 -3.806303 1.454168 5.275915 -19.410042 0.614095 -1.226704 -24.673275 0.776190 3.181016 -27.420495 -0.000001 0.000001 -0.000000 -8.207799 -6.751694 -1.599543 -6.333220 -8.692122 4.374611 19.773123 -3.284152 1.209652 -11.370024 3.305151 -0.563222 -0.643245 0.000009 0.000001 0.000000 -0.000001 -0.000000 8.207799 -6.751706 -1.599545 -13.343248 5.384057 7.563214 28.984089 9.584232 -1.766212 -15.200740 2.341645 -1.222015 1.357317 0.000002 0.000326 0.000000 0.000000 0.000000 
1.213970 101.591309 3.203580 -1.241349 -4.877157 -5.093833 0.000001 10.181562 0.131524 -0.142273 -0.600111 4.542379 -3.365772 -0.880837 1.084569 -3.363101 -0.868820 1.101024 0.000000 16.740358 -2.049020 4.699176 -0.071006 -2.256532 -0.000000 9.617866 1.684974 -7.189253 -0.749661 0.993371 -0.000001 22.037369 7.501073 0.000003 0.000000 -0.000000 -4.570001 11.014870 -2.160840 0.513133 0.819123 9.059639 13.999793 -0.118489 69.364799 -0.000003 27.237080 0.000023 16.208500 1.998819 -0.500460 -2.464812 -1.573989 2.681907 -2.376510 -8.808543 -14.679226 5.227373 -25.080386 -3.851566 -2.646268 -1.527789 1.527815 -0.052288 2.015398 1.879729 -1.994586 -1.151587 1.151575 -0.000000 -0.000001 -0.000002 -9.108312 -0.517881 2.259803 1.001198 -3.675370 25.489528 0.191106 -1.622171 13.437390 0.616495 -2.867158 24.265403 0.000001 0.000003 0.000005 -9.532522 -0.000005 -0.000001 -0.256372 -0.328231 18.218167 0.455709 -2.480227 20.819675 -0.362944 -5.205281 35.264888 -0.000000 -0.000000 0.000001 -9.103607 -0.043115 -1.865101 0.180572 -1.968362 25.785112 0.269247 -1.919839 15.965238 -10.144829 -7.741182 23.655004 -0.000001 0.000001 0.000003 -8.076698 -0.486720 -3.806299 0.283965 -2.022698 20.577210 0.419069 -2.381699 19.955605 0.792983 -3.229712 27.583162 0.000002 0.000002 0.000004 4.570404 11.014675 -2.160815 0.609262 -3.034370 -9.324733 12.044827 10.033295 -78.797236 -0.000002 -21.069030 -0.000006 16.370983 -7.921416 -2.978164 2.466097 -1.576225 2.681697 -2.437499 14.160478 14.450723 5.648546 10.668847 0.840391 2.647889 -1.528755 1.528755 -9.078684 11.510885 3.801776 1.998928 -1.154076 1.154071 -0.000000 -0.000003 0.000002 9.109285 -0.518012 2.259902 -0.172512 0.559931 -18.049359 0.507601 2.599330 -22.097071 0.928324 3.458024 -30.047433 -0.000003 0.000002 0.000001 9.533393 0.000003 -0.000001 -0.131836 0.130174 -12.273165 0.542307 2.683163 -22.850500 0.860366 3.337997 -28.900747 0.000003 0.000001 -0.000001 9.104496 -0.042996 -1.865100 0.265695 1.930888 -19.158921 0.470165 2.505234 -21.256367 1.085666 3.716277 -32.561858 -0.000000 -0.000001 0.000001 8.077801 -0.486899 -3.806302 1.454964 5.274123 -19.435022 0.616033 -1.222460 -24.711981 0.779612 3.187602 -27.482134 0.000000 0.000001 0.000000 -8.207799 -6.751698 -1.599542 -6.358317 -8.663876 3.762711 19.613095 -3.023636 1.175784 -11.324052 3.309673 -0.491978 -0.646179 0.000011 -0.000001 -0.000000 0.000000 0.000000 8.207801 -6.751688 -1.599544 -12.832203 5.480112 6.935062 28.177025 9.848457 -1.889236 -14.927602 2.373269 -1.079400 1.401152 -0.000001 0.000350 0.000000 -0.000001 0.000000 
1.299274 101.694824 3.317456 -1.218310 -5.116198 -4.589142 -0.000001 10.181546 0.131525 -0.022160 -0.578628 4.014180 -3.523691 -0.882077 0.918608 -3.522356 -0.866146 0.937403 0.000001 16.740368 -2.049022 4.713117 -0.042830 -1.913502 0.000000 9.617879 1.684971 -7.078969 -0.588203 0.962785 0.000000 22.037354 7.501069 0.000000 0.000001 0.000000 -4.569999 11.014873 -2.160843 0.527192 0.885892 9.269124 14.193511 -0.147563 69.374245 -0.000010 27.266283 0.000034 16.195861 1.970805 -0.468900 -2.464797 -1.573988 2.681912 -2.375642 -8.814645 -14.678906 5.234684 -25.097062 -3.849600 -2.646274 -1.527837 1.527816 -0.036647 1.982613 1.877452 -1.994591 -1.151584 1.151578 0.000003 -0.000003 0.000006 -9.108315 -0.517885 2.259803 1.001594 -3.675436 25.515031 0.191743 -1.624828 13.459791 0.619697 -2.874259 24.329540 -0.000002 0.000001 0.000002 -9.532507 -0.000004 -0.000001 -0.260211 -0.320139 18.252181 0.458006 -2.486255 20.872747 -0.343586 -5.205087 35.336294 -0.000000 -0.000001 -0.000002 -9.103603 -0.043115 -1.865100 0.177600 -1.964193 25.827710 0.270436 -1.923891 15.999850 -10.138529 -7.751614 23.691464 0.000000 0.000001 0.000006 -8.076688 -0.486732 -3.806298 0.283016 -2.021070 20.617573 0.420735 -2.386275 19.995638 0.795182 -3.233876 27.621787 0.000001 0.000000 0.000001 4.570402 11.014692 -2.160819 0.608107 -2.780751 -9.175934 12.263199 10.013889 -78.662401 -0.000001 -21.118079 -0.000002 16.478381 -7.922889 -2.976110 2.466093 -1.576214 2.681702 -2.433604 14.175120 14.451494 5.654251 10.678889 0.840810 2.647891 -1.528737 1.528746 -9.078818 11.535233 3.824433 1.998924 -1.154093 1.154079 0.000000 0.000000 0.000003 9.109287 -0.518007 2.259901 -0.172432 0.562399 -18.073142 0.508956 2.602668 -22.127045 0.931163 3.462929 -30.094374 -0.000002 0.000002 0.000001 9.533390 0.000001 0.000002 -0.132421 0.130400 -12.298815 0.543624 2.686279 -22.878538 0.862625 3.342073 -28.939484 0.000003 -0.000000 0.000000 9.104508 -0.042996 -1.865101 0.267697 1.937196 -19.186869 0.470872 2.507040 -21.272464 1.087268 3.718781 -32.586559 -0.000001 0.000001 0.000001 8.077806 -0.486899 -3.806301 1.455613 5.272325 -19.457503 0.617813 -1.218634 -24.746776 0.782698 3.193503 -27.537509 -0.000002 -0.000002 -0.000002 -8.207801 -6.751708 -1.599544 -6.339166 -8.629951 3.172857 19.435800 -2.756301 1.133706 -11.266014 3.312448 -0.414254 -0.649021 0.000018 -0.000000 0.000000 -0.000001 -0.000000 8.207798 -6.751703 -1.599544 -12.282174 5.632170 6.360602 27.357080 10.051685 -2.055475 -14.646021 2.395924 -0.895318 1.425803 0.000006 0.000363 0.000000 0.000001 0.000000 
1.400414 101.818619 3.431906 -1.158889 -5.355551 -4.050685 -0.000001 10.181558 0.131523 0.092568 -0.554951 3.494472 -3.700403 -0.873639 0.755614 -3.700206 -0.854764 0.776660 -0.000000 16.740366 -2.049020 4.750517 -0.008456 -1.635683 0.000000 9.617855 1.684978 -6.957753 -0.446668 0.963961 -0.000000 22.037369 7.501077 -0.000000 0.000001 0.000000 -4.570003 11.014874 -2.160839 0.527579 0.925494 9.287552 14.343723 -0.131315 69.567929 -0.000024 27.260747 0.000072 16.195171 1.910992 -0.559044 -2.464805 -1.573992 2.681908 -2.374870 -8.820496 -14.678678 5.241751 -25.113188 -3.847729 -2.646273 -1.527803 1.527822 -0.021517 1.950904 1.875304 -1.994590 -1.151573 1.151576 -0.000001 -0.000006 -0.000000 -9.108324 -0.517880 2.259800 1.001970 -3.675501 25.539670 0.192355 -1.627390 13.481415 0.622827 -2.881140 24.391616 0.000002 0.000001 0.000000 -9.532513 0.000010 -0.000003 -0.263916 -0.312304 18.284997 0.460230 -2.492093 20.924092 -0.324877 -5.204852 35.405385 0.000001 0.000000 0.000005 -9.103607 -0.043112 -1.865102 0.174713 -1.960143 25.868862 0.271498 -1.927810 16.033306 -10.132356 -7.761701 23.726817 -0.000001 0.000002 0.000005 -8.076697 -0.486730 -3.806300 0.282074 -2.019499 20.656606 0.422324 -2.390701 20.034403 0.797303 -3.237902 27.659174 -0.000002 0.000001 0.000003 4.570399 11.014662 -2.160815 0.608665 -2.652322 -9.140740 12.428450 10.063687 -78.449353 0.000003 -21.116563 0.000024 16.541202 -7.944440 -2.947174 2.466101 -1.576220 2.681699 -2.430217 14.188069 14.452400 5.659195 10.687796 0.841237 2.647904 -1.528749 1.528749 -9.078853 11.556804 3.844527 1.998925 -1.154091 1.154081 -0.000000 0.000002 -0.000000 9.109310 -0.518015 2.259898 -0.172365 0.564557 -18.094209 0.510154 2.605634 -22.153572 0.933698 3.467274 -30.135976 -0.000001 0.000002 -0.000000 9.533403 0.000003 0.000001 -0.132792 0.131256 -12.321408 0.544791 2.689026 -22.903390 0.864627 3.345687 -28.973775 -0.000000 -0.000001 0.000001 9.104496 -0.042997 -1.865100 0.269176 1.941884 -19.211678 0.471481 2.508636 -21.286744 1.088685 3.720996 -32.608395 -0.000003 -0.000001 0.000002 8.077809 -0.486883 -3.806304 1.456287 5.271061 -19.477360 0.619373 -1.215264 -24.777587 0.785440 3.198745 -27.586571 0.000000 -0.000001 0.000001 -8.207799 -6.751701 -1.599543 -6.306141 -8.675273 2.506415 19.147795 -2.403140 1.148784 -11.145244 3.315075 -0.369144 -0.651793 0.000009 -0.000001 0.000000 0.000001 0.000000 8.207798 -6.751689 -1.599546 -11.688955 5.719582 5.681060 26.375614 10.134538 -2.169109 -14.295315 2.637555 -0.663160 1.468757 -0.000004 0.000388 0.000000 0.000000 0.000000 
1.522517 101.947609 3.555316 -1.107482 -5.573089 -3.514393 -0.000000 10.181537 0.131525 0.198039 -0.525687 3.000118 -3.885954 -0.857115 0.619434 -3.886704 -0.835733 0.642482 0.000000 16.740332 -2.049024 4.829185 0.024219 -1.444678 -0.000001 9.617850 1.684975 -6.826282 -0.378670 0.976728 -0.000000 22.037369 7.501065 0.000001 -0.000000 -0.000000 -4.570001 11.014874 -2.160841 0.511793 0.970519 9.090687 14.494327 -0.147995 69.961402 -0.000009 27.241631 0.000009 16.240605 1.909417 -0.541063 -2.464795 -1.574008 2.681911 -2.374197 -8.826138 -14.678596 5.248565 -25.128763 -3.845899 -2.646271 -1.527803 1.527815 -0.006926 1.920297 1.873172 -1.994586 -1.151585 1.151579 0.000001 -0.000005 -0.000002 -9.108306 -0.517870 2.259802 1.002315 -3.675528 25.563453 0.192949 -1.629858 13.502321 0.625854 -2.887765 24.451509 -0.000002 -0.000000 -0.000001 -9.532495 0.000013 -0.000003 -0.267554 -0.304749 18.316739 0.462423 -2.497717 20.973653 -0.306812 -5.204599 35.472099 0.000001 -0.000000 0.000002 -9.103609 -0.043119 -1.865103 0.171915 -1.956253 25.908589 0.272607 -1.931590 16.065648 -10.126446 -7.771420 23.760884 -0.000001 0.000001 0.000004 -8.076705 -0.486729 -3.806302 0.281169 -2.017973 20.694285 0.423903 -2.394979 20.071819 0.799318 -3.241785 27.695222 0.000001 0.000003 0.000005 4.570401 11.014668 -2.160817 0.613087 -2.677751 -9.281194 12.585562 10.167783 -78.072423 -0.000009 -21.134531 0.000008 16.528066 -7.930309 -2.964360 2.466093 -1.576205 2.681701 -2.427212 14.199286 14.453259 5.662216 10.695637 0.841493 2.647892 -1.528747 1.528748 -9.078876 11.575506 3.861938 1.998913 -1.154093 1.154076 0.000001 0.000003 0.000001 9.109293 -0.518012 2.259902 -0.172304 0.566439 -18.112501 0.511186 2.608196 -22.176603 0.935865 3.471007 -30.172064 -0.000001 0.000001 -0.000001 9.533394 0.000004 0.000002 -0.133058 0.132197 -12.341021 0.545806 2.691420 -22.924929 0.866365 3.348816 -29.003545 -0.000002 0.000001 0.000000 9.104512 -0.042998 -1.865100 0.270438 1.945879 -19.233261 0.472010 2.510024 -21.299127 1.089922 3.722916 -32.627363 -0.000001 -0.000001 0.000002 8.077806 -0.486898 -3.806298 1.457218 5.270831 -19.494509 0.620713 -1.212326 -24.804334 0.787823 3.203293 -27.629157 0.000000 -0.000002 -0.000000 -8.207802 -6.751708 -1.599543 -6.239499 -8.731751 1.833967 18.814649 -2.064344 1.156452 -11.006952 3.315789 -0.302021 -0.654546 0.000014 -0.000001 0.000000 -0.000001 0.000000 8.207799 -6.751712 -1.599544 -11.050321 5.725549 4.915139 25.313852 10.133516 -2.188612 -13.912443 3.054398 -0.424376 1.508366 0.000004 0.000409 0.000000 -0.000001 0.000000 
1.652512 102.081268 3.689171 -1.016969 -5.822868 -2.986318 -0.000000 10.181540 0.131524 0.293266 -0.492266 2.517059 -4.080057 -0.816226 0.476168 -4.081459 -0.793546 0.500650 -0.000001 16.740353 -2.049019 4.902274 0.039229 -1.222751 0.000001 9.617834 1.684975 -6.673327 -0.347559 0.973601 0.000000 22.037384 7.501073 -0.000002 0.000000 0.000000 -4.570002 11.014883 -2.160836 0.505376 0.973455 9.005449 14.627678 -0.153702 70.267525 -0.000000 27.233404 0.000010 16.287650 1.869517 -0.539583 -2.464797 -1.573993 2.681909 -2.373733 -8.831507 -14.678638 5.255148 -25.143772 -3.844112 -2.646268 -1.527803 1.527816 0.007131 1.890811 1.871171 -1.994590 -1.151587 1.151580 0.000002 -0.000005 -0.000000 -9.108315 -0.517888 2.259804 1.002654 -3.675554 25.586380 0.193529 -1.632242 13.522467 0.628752 -2.894155 24.509193 0.000002 -0.000000 0.000005 -9.532494 0.000004 0.000001 -0.271026 -0.297475 18.347270 0.464490 -2.503153 21.021413 -0.289413 -5.204322 35.536340 0.000001 -0.000000 -0.000000 -9.103604 -0.043113 -1.865099 0.169197 -1.952509 25.946886 0.273676 -1.935232 16.096750 -10.120788 -7.780829 23.793708 0.000000 0.000001 0.000005 -8.076693 -0.486732 -3.806296 0.280299 -2.016516 20.730589 0.425407 -2.399099 20.107845 0.801270 -3.245507 27.729977 0.000001 -0.000001 0.000003 4.570400 11.014691 -2.160812 0.615009 -2.667039 -9.327011 12.735730 10.178739 -77.729930 0.000010 -21.180855 0.000002 16.498445 -7.910356 -2.968107 2.466105 -1.576218 2.681698 -2.426155 14.208760 14.454019 5.664655 10.702243 0.841654 2.647880 -1.528737 1.528749 -9.080258 11.591475 3.876382 1.998913 -1.154094 1.154074 0.000001 -0.000001 0.000001 9.109282 -0.518017 2.259902 -0.172277 0.568004 -18.127976 0.512085 2.610360 -22.196071 0.937706 3.474169 -30.202584 -0.000001 0.000001 -0.000002 9.533401 0.000010 0.000002 -0.133287 0.133001 -12.357577 0.546646 2.693437 -22.943179 0.867828 3.351457 -29.028704 -0.000001 0.000001 -0.000001 9.104496 -0.042998 -1.865098 0.271502 1.949274 -19.251520 0.472470 2.511198 -21.309565 1.090961 3.724525 -32.643390 -0.000001 -0.000002 -0.000001 8.077805 -0.486880 -3.806301 1.457983 5.270682 -19.509025 0.621873 -1.209831 -24.826918 0.789821 3.207108 -27.665130 -0.000001 0.000002 0.000000 -8.207801 -6.751715 -1.599544 -6.187004 -8.737768 1.209232 18.423324 -1.744057 1.103469 -10.840488 3.308491 -0.195285 -0.657261 0.000003 -0.000001 -0.000000 0.000001 0.000000 8.207798 -6.751704 -1.599544 -10.412868 5.785324 4.201427 24.187604 10.132753 -2.274433 -13.516488 3.417469 -0.146140 1.562779 0.000005 0.000415 0.000000 0.000000 0.000000 
1.809403 102.199890 3.823137 -0.938501 -6.038361 -2.427599 0.000001 10.181550 0.131525 0.385152 -0.471624 2.050665 -4.271857 -0.794069 0.328299 -4.273959 -0.771292 0.354761 -0.000001 16.740366 -2.049019 4.975457 0.053403 -1.043870 0.000000 9.617850 1.684977 -6.542168 -0.327201 0.949833 -0.000001 22.037369 7.501077 0.000001 0.000001 -0.000000 -4.570004 11.014868 -2.160838 0.494815 0.990528 8.860257 14.757713 -0.104409 70.600933 -0.000002 27.223184 0.000008 16.285539 1.779436 -0.601287 -2.464809 -1.573994 2.681910 -2.373533 -8.836649 -14.678819 5.261437 -25.158191 -3.842436 -2.646258 -1.527818 1.527817 0.020633 1.862437 1.869269 -1.994583 -1.151581 1.151577 -0.000001 -0.000005 -0.000000 -9.108320 -0.517870 2.259804 1.003003 -3.675630 25.608406 0.194087 -1.634538 13.541793 0.631534 -2.900271 24.564673 0.000000 0.000000 0.000002 -9.532510 -0.000005 -0.000000 -0.274375 -0.290484 18.376648 0.466496 -2.508357 21.067321 -0.272710 -5.204016 35.598106 0.000001 0.000001 0.000000 -9.103608 -0.043110 -1.865099 0.166604 -1.948921 25.983686 0.274673 -1.938737 16.126693 -10.115522 -7.789933 23.825274 -0.000000 0.000001 0.000004 -8.076698 -0.486733 -3.806297 0.279462 -2.015104 20.765496 0.426850 -2.403053 20.142472 0.803155 -3.249098 27.763367 0.000002 -0.000001 0.000001 4.570404 11.014695 -2.160812 0.617475 -2.686843 -9.410928 12.874296 10.230332 -77.380101 -0.000009 -21.207835 -0.000011 16.491326 -7.927828 -2.937492 2.466099 -1.576207 2.681699 -2.425425 14.215976 14.454550 5.666654 10.707738 0.841730 2.647896 -1.528736 1.528746 -9.081536 11.604480 3.888129 1.998932 -1.154083 1.154071 -0.000001 0.000001 -0.000000 9.109296 -0.518009 2.259900 -0.172246 0.569248 -18.140557 0.512805 2.612129 -22.211925 0.939204 3.476752 -30.227361 -0.000002 0.000001 -0.000000 9.533392 0.000001 -0.000001 -0.133495 0.133615 -12.371063 0.547361 2.695086 -22.958002 0.869035 3.353614 -29.049180 -0.000002 0.000001 0.000003 9.104495 -0.042993 -1.865100 0.272373 1.952084 -19.266326 0.472849 2.512155 -21.318081 1.091807 3.725844 -32.656412 0.000001 0.000002 0.000002 8.077809 -0.486893 -3.806304 1.458633 5.270556 -19.520817 0.622818 -1.207841 -24.845344 0.791455 3.210219 -27.694397 0.000003 0.000001 0.000001 -8.207801 -6.751703 -1.599544 -6.190402 -8.733147 0.557445 18.152845 -1.478776 0.988218 -10.737047 3.304267 -0.024946 -0.383150 0.000006 -0.000001 0.000000 0.000001 0.000000 8.207799 -6.751698 -1.599541 -9.763400 5.728397 3.372110 23.054805 10.129335 -2.277944 -13.115937 3.877034 0.120364 1.609567 -0.000008 0.000444 0.000000 0.000001 0.000000 
1.971659 102.311745 3.978599 -0.869258 -6.310489 -1.943205 -0.000000 10.181549 0.131523 0.475188 -0.445719 1.625404 -4.454450 -0.758218 0.209098 -4.457045 -0.735646 0.236899 -0.000001 16.740368 -2.049023 5.030979 0.067975 -0.890453 -0.000000 9.617825 1.684981 -6.418699 -0.315776 0.964520 0.000000 22.037369 7.501076 -0.000000 -0.000001 -0.000000 -4.569999 11.014876 -2.160842 0.487904 1.019449 8.744524 14.872949 -0.065733 70.900376 -0.000015 27.216400 0.000030 16.364143 1.763028 -0.549980 -2.464798 -1.574002 2.681909 -2.373386 -8.841553 -14.678993 5.267481 -25.172013 -3.840857 -2.646261 -1.527798 1.527814 0.033585 1.835269 1.867398 -1.994594 -1.151580 1.151574 -0.000000 -0.000000 0.000005 -9.108311 -0.517882 2.259803 1.003307 -3.675660 25.629510 0.194607 -1.636730 13.560357 0.634255 -2.906159 24.617839 0.000001 -0.000000 0.000003 -9.532504 0.000009 0.000001 -0.277603 -0.283784 18.404817 0.468425 -2.513355 21.111321 -0.256708 -5.203694 35.657313 0.000002 0.000000 0.000004 -9.103599 -0.043119 -1.865102 0.164085 -1.945471 26.018998 0.275656 -1.942088 16.155373 -10.110637 -7.798747 23.855470 -0.000001 0.000002 0.000006 -8.076693 -0.486726 -3.806298 0.278635 -2.013786 20.798937 0.428270 -2.406845 20.175686 0.805003 -3.252550 27.795407 0.000002 0.000000 0.000003 4.570403 11.014678 -2.160817 0.620091 -2.678925 -9.483565 13.006942 10.250971 -77.024952 0.000015 -21.249986 0.000021 16.465856 -7.902340 -2.931656 2.466090 -1.576198 2.681700 -2.424631 14.220078 14.454600 5.668073 10.710223 0.841549 2.647891 -1.528753 1.528747 -9.082523 11.614428 3.897145 1.998932 -1.154080 1.154076 0.000001 0.000001 -0.000000 9.109282 -0.518016 2.259899 -0.172239 0.570165 -18.150178 0.513363 2.613486 -22.224061 0.940360 3.478735 -30.246386 -0.000000 0.000002 0.000002 9.533400 0.000001 0.000000 -0.133648 0.134041 -12.381408 0.547881 2.696344 -22.969376 0.869954 3.355265 -29.064849 -0.000002 0.000001 0.000003 9.104500 -0.042998 -1.865103 0.273074 1.954269 -19.277703 0.473133 2.512883 -21.324658 1.092451 3.726859 -32.666401 -0.000001 -0.000001 0.000001 8.077812 -0.486894 -3.806304 1.459097 5.270417 -19.530050 0.623519 -1.206290 -24.859402 0.792727 3.212633 -27.716841 0.000003 0.000000 -0.000001 -8.207799 -6.751700 -1.599543 -6.147306 -8.669206 0.012955 17.842095 -1.251547 0.829966 -10.623009 3.298673 0.174765 -0.057895 0.000005 -0.000000 -0.000000 0.000000 0.000000 8.207799 -6.751688 -1.599544 -9.114526 5.660397 2.612165 21.949732 10.122147 -2.261937 -12.739482 4.373203 0.372135 1.635111 -0.000003 0.000450 0.000000 -0.000000 0.000000 
2.164254 102.425270 4.118148 -0.828093 -6.612432 -1.471731 -0.000000 10.181546 0.131525 0.572807 -0.421188 1.229671 -4.608329 -0.721133 0.094042 -4.611330 -0.699827 0.123047 -0.000001 16.740389 -2.049021 5.082507 0.078618 -0.728392 -0.000000 9.617883 1.684976 -6.410705 -0.258453 0.891657 0.000000 22.037384 7.501076 -0.000000 -0.000001 -0.000000 -4.570002 11.014873 -2.160842 0.477696 1.070487 8.662271 14.959742 0.006048 71.133797 -0.000015 27.222031 0.000034 16.418685 1.747376 -0.528788 -2.464794 -1.574005 2.681907 -2.373264 -8.846260 -14.679173 5.273251 -25.185216 -3.839290 -2.646266 -1.527798 1.527816 0.045949 1.809285 1.865667 -1.994590 -1.151581 1.151571 -0.000002 0.000001 -0.000000 -9.108296 -0.517880 2.259804 1.003599 -3.675689 25.649698 0.195130 -1.638832 13.578091 0.636822 -2.911766 24.668688 0.000000 0.000000 0.000001 -9.532492 -0.000005 -0.000002 -0.280698 -0.277391 18.431766 0.470265 -2.518131 21.153412 -0.241396 -5.203380 35.713922 0.000001 -0.000002 0.000006 -9.103599 -0.043095 -1.865100 0.161679 -1.942201 26.052701 0.276600 -1.945293 16.182827 -10.106044 -7.807181 23.884335 0.000000 0.000000 0.000002 -8.076690 -0.486735 -3.806297 0.277857 -2.012481 20.830914 0.429597 -2.410475 20.207449 0.806716 -3.255834 27.826020 0.000003 0.000002 0.000008 4.570399 11.014710 -2.160814 0.620940 -2.531720 -9.438375 13.125464 10.111408 -76.700511 -0.000025 -21.337858 -0.000027 16.441133 -7.803016 -3.002464 2.466109 -1.576205 2.681701 -2.423876 14.221974 14.454145 5.669120 10.711288 0.841280 2.647901 -1.528739 1.528749 -9.082272 11.622069 3.901390 1.998925 -1.154093 1.154080 0.000001 0.000002 -0.000000 9.109301 -0.518011 2.259903 -0.172279 0.570681 -18.156149 0.513760 2.614467 -22.232892 0.941199 3.480153 -30.260023 -0.000001 0.000001 -0.000000 9.533410 0.000002 0.000002 -0.133799 0.134299 -12.388954 0.548286 2.697263 -22.977661 0.870600 3.356442 -29.076112 0.000001 0.000001 0.000000 9.104505 -0.043013 -1.865095 0.273575 1.955898 -19.285830 0.473258 2.513232 -21.327780 1.092934 3.727602 -32.673658 -0.000000 -0.000000 0.000005 8.077807 -0.486883 -3.806300 1.459297 5.270146 -19.535470 0.624042 -1.205189 -24.869513 0.793617 3.214329 -27.732931 0.000000 0.000001 0.000000 -8.207800 -6.751700 -1.599543 -6.082118 -8.617759 -0.534818 17.511707 -1.019787 0.664243 -10.482888 3.287853 0.392276 -0.075209 0.000011 0.000000 0.000000 0.000000 0.000000 8.207798 -6.751697 -1.599544 -8.423673 5.517232 1.800398 20.781989 10.114397 -2.191796 -12.332564 4.981612 0.633253 1.664504 -0.000008 0.000455 0.000000 0.000000 0.000000 
2.371266 102.536919 4.254489 -0.773884 -7.022876 -1.109798 0.000000 10.181554 0.131525 0.672639 -0.381893 0.891217 -4.756021 -0.655736 0.026174 -4.759097 -0.635128 0.054778 -0.000001 16.740366 -2.049016 5.106964 0.087702 -0.618143 0.000000 9.617843 1.684982 -6.413735 -0.246252 0.872840 0.000001 22.037369 7.501070 0.000001 -0.000000 -0.000000 -4.570002 11.014878 -2.160838 0.467493 1.084992 8.530520 14.981690 0.126039 71.418166 -0.000012 27.205335 0.000046 16.592345 1.650758 -0.597916 -2.464779 -1.574004 2.681914 -2.373119 -8.850703 -14.679306 5.278821 -25.197828 -3.837735 -2.646272 -1.527807 1.527815 0.057751 1.784505 1.864020 -1.994590 -1.151586 1.151576 0.000001 -0.000001 -0.000000 -9.108288 -0.517879 2.259809 1.003885 -3.675706 25.668952 0.195591 -1.640839 13.594998 0.639301 -2.917125 24.717131 0.000002 0.000000 0.000004 -9.532478 -0.000003 0.000005 -0.283641 -0.271285 18.457406 0.472028 -2.522671 21.193491 -0.226823 -5.203044 35.767877 -0.000000 -0.000002 -0.000000 -9.103592 -0.043114 -1.865100 0.159387 -1.939073 26.084851 0.277478 -1.948343 16.208934 -10.101619 -7.815234 23.911883 0.000001 0.000002 0.000002 -8.076681 -0.486728 -3.806295 0.277111 -2.011284 20.861425 0.430895 -2.413924 20.237680 0.808372 -3.258964 27.855207 -0.000001 -0.000001 0.000005 4.570402 11.014676 -2.160813 0.619260 -2.144529 -9.236312 13.232952 9.725439 -76.373167 0.000009 -21.482868 0.000030 16.386896 -7.762114 -3.175051 2.466116 -1.576209 2.681699 -2.423278 14.222892 14.453717 5.669799 10.711454 0.840976 2.647878 -1.528748 1.528748 -9.082119 11.625081 3.903649 1.998921 -1.154089 1.154073 -0.000002 0.000000 0.000001 9.109284 -0.518017 2.259899 -0.172306 0.570828 -18.158936 0.514014 2.615069 -22.238232 0.941773 3.481135 -30.269431 0.000002 0.000001 -0.000000 9.533411 0.000001 -0.000004 -0.133882 0.134352 -12.393397 0.548522 2.697801 -22.982511 0.870979 3.357131 -29.082734 -0.000001 -0.000001 -0.000001 9.104506 -0.042992 -1.865102 0.273893 1.956817 -19.289465 0.473358 2.513471 -21.329779 1.093132 3.727908 -32.676783 0.000000 -0.000002 0.000002 8.077806 -0.486902 -3.806305 1.459356 5.269826 -19.538045 0.624220 -1.204713 -24.873756 0.794254 3.215514 -27.744024 0.000000 0.000001 -0.000002 -8.207801 -6.751709 -1.599544 -5.977076 -8.482852 -0.936278 17.077693 -0.772406 0.460285 -10.277123 3.279251 0.626519 -0.085271 0.000004 -0.000000 0.000000 -0.000000 0.000000 8.207802 -6.751699 -1.599544 -7.783579 5.322203 1.053413 19.646392 10.102480 -2.043175 -11.942974 5.732175 0.866009 1.686816 0.000001 0.000441 -0.000000 0.000000 0.000000 
2.590534 102.621696 4.391008 -0.763723 -7.460886 -0.802564 0.000000 10.181561 0.131523 0.772410 -0.348446 0.599506 -4.871601 -0.602158 -0.020983 -4.874746 -0.582415 0.007136 -0.000000 16.740393 -2.049016 5.077586 0.109716 -0.584732 0.000000 9.617871 1.684974 -6.251797 -0.251414 1.009756 -0.000001 22.037415 7.501072 0.000001 -0.000000 -0.000000 -4.570002 11.014912 -2.160832 0.456492 1.122224 8.392800 14.950581 0.250514 71.693798 -0.000017 27.179954 0.000056 16.722753 1.612861 -0.644579 -2.464795 -1.573976 2.681909 -2.372983 -8.854947 -14.679461 5.284058 -25.209801 -3.836296 -2.646275 -1.527815 1.527814 0.068927 1.760970 1.862434 -1.994593 -1.151590 1.151574 0.000000 0.000000 0.000001 -9.108311 -0.517869 2.259801 1.004097 -3.675613 25.687238 0.196060 -1.642738 13.611042 0.641646 -2.922210 24.763186 0.000000 0.000000 0.000001 -9.532505 0.000013 -0.000002 -0.286461 -0.265502 18.481763 0.473718 -2.527001 21.231621 -0.213005 -5.202702 35.819124 0.000002 0.000000 0.000002 -9.103598 -0.043115 -1.865101 0.157211 -1.936087 26.115373 0.278325 -1.951244 16.233778 -10.097461 -7.822865 23.938018 0.000000 0.000000 0.000006 -8.076701 -0.486731 -3.806298 0.276404 -2.010114 20.890330 0.432067 -2.417197 20.266418 0.809971 -3.261952 27.882922 -0.000000 0.000000 0.000005 4.570403 11.014689 -2.160809 0.620992 -2.060659 -9.197614 13.319426 9.661426 -76.126413 0.000002 -21.550756 0.000002 16.367648 -7.742197 -3.129169 2.466084 -1.576208 2.681699 -2.422858 14.223166 14.453198 5.670225 10.711031 0.840484 2.647890 -1.528763 1.528746 -9.081982 11.626461 3.904705 1.998921 -1.154094 1.154074 -0.000000 0.000002 0.000001 9.109281 -0.518011 2.259902 -0.172320 0.570874 -18.160626 0.514114 2.615332 -22.240747 0.941963 3.481468 -30.272809 0.000002 0.000003 -0.000002 9.533381 0.000004 0.000004 -0.133921 0.134243 -12.395312 0.548591 2.698037 -22.984608 0.871148 3.357391 -29.085121 -0.000001 -0.000002 -0.000001 9.104495 -0.042998 -1.865098 0.274063 1.957375 -19.291451 0.473428 2.513591 -21.330918 1.093226 3.728068 -32.678326 0.000002 -0.000001 0.000000 8.077802 -0.486894 -3.806300 1.459356 5.269611 -19.539435 0.624347 -1.204492 -24.875892 0.794467 3.215939 -27.747992 0.000000 -0.000000 -0.000001 -8.207800 -6.751705 -1.599543 -5.885323 -8.261754 -1.250078 16.774221 -0.574514 0.172692 -10.140132 3.267231 0.917463 -0.078307 0.000002 0.000002 0.000000 0.000000 -0.000000 8.207799 -6.751698 -1.599543 -7.181508 5.137735 0.373564 18.661607 10.081122 -1.901467 -11.615612 6.458286 1.089770 1.663160 0.000001 0.000415 0.000000 -0.000000 0.000000 
2.819284 102.707306 4.532936 -0.741005 -7.844609 -0.523742 -0.000000 10.181553 0.131526 0.872693 -0.334956 0.356593 -4.979719 -0.587007 -0.060246 -4.983051 -0.568430 -0.031435 0.000000 16.740383 -2.049017 5.060503 0.132722 -0.558434 0.000001 9.617845 1.684981 -6.244554 -0.192434 1.056863 0.000000 22.037369 7.501074 -0.000000 -0.000001 -0.000000 -4.570001 11.014860 -2.160838 0.447848 1.151883 8.293183 14.894051 0.395960 71.894107 0.000005 27.197663 0.000021 16.781741 1.545989 -0.663448 -2.464791 -1.573998 2.681910 -2.372876 -8.859002 -14.679622 5.289120 -25.221126 -3.834725 -2.646266 -1.527819 1.527821 0.079542 1.738714 1.860963 -1.994594 -1.151585 1.151579 -0.000001 0.000000 0.000001 -9.108293 -0.517876 2.259802 1.004289 -3.675514 25.704538 0.196501 -1.644540 13.626227 0.643852 -2.927008 24.806719 0.000001 0.000001 0.000003 -9.532493 0.000011 -0.000001 -0.289108 -0.260033 18.504823 0.475309 -2.531081 21.267655 -0.199922 -5.202360 35.867591 -0.000002 -0.000000 -0.000000 -9.103593 -0.043113 -1.865102 0.155148 -1.933288 26.144258 0.279110 -1.953992 16.257257 -10.093490 -7.830087 23.962766 0.000001 0.000000 0.000004 -8.076687 -0.486726 -3.806299 0.275739 -2.009028 20.917750 0.433235 -2.420295 20.293610 0.811456 -3.264761 27.909160 0.000001 0.000001 0.000003 4.570401 11.014691 -2.160810 0.620971 -2.065988 -9.201578 13.473504 9.647924 -75.858280 0.000004 -21.728620 -0.000006 16.316171 -7.675802 -3.058624 2.466095 -1.576207 2.681696 -2.422587 14.222969 14.452793 5.670400 10.710345 0.839915 2.647878 -1.528753 1.528754 -9.081930 11.626655 3.904868 1.998921 -1.154075 1.154072 0.000001 0.000001 0.000001 9.109292 -0.518015 2.259898 -0.172369 0.570829 -18.161219 0.514181 2.615445 -22.241640 0.942011 3.481538 -30.273465 -0.000001 -0.000002 -0.000002 9.533401 0.000009 -0.000003 -0.133987 0.134100 -12.395895 0.548655 2.698099 -22.985200 0.871148 3.357449 -29.085660 0.000001 -0.000003 0.000001 9.104508 -0.043004 -1.865106 0.274138 1.957609 -19.292091 0.473436 2.513637 -21.331212 1.093246 3.728086 -32.678630 0.000000 -0.000002 0.000003 8.077801 -0.486886 -3.806303 1.459320 5.269472 -19.539720 0.624374 -1.204430 -24.876350 0.794517 3.216020 -27.748810 -0.000001 -0.000003 -0.000002 -8.207799 -6.751707 -1.599544 -5.770903 -8.104581 -1.569386 16.425232 -0.351178 -0.060146 -9.985484 3.256786 1.184217 -0.062902 0.000002 0.000000 0.000000 0.000000 0.000000 8.207799 -6.751686 -1.599543 -6.590571 4.911744 -0.296075 17.646837 10.062989 -1.728767 -11.279516 7.171540 1.308012 1.657948 0.000001 0.000390 0.000000 -0.000000 0.000000 
3.061646 102.787025 4.652168 -0.748513 -8.237027 -0.350908 -0.000000 10.181549 0.131522 0.977086 -0.330969 0.181692 -5.066006 -0.593649 -0.076334 -5.069471 -0.575990 -0.046412 -0.000000 16.740358 -2.049016 5.048034 0.150085 -0.552498 -0.000000 9.617846 1.684971 -6.253962 -0.136731 1.080871 -0.000000 22.037369 7.501072 -0.000000 0.000001 -0.000000 -4.570000 11.014873 -2.160836 0.434755 1.202097 8.248434 14.787221 0.592440 72.038415 -0.000031 27.186757 0.000086 16.789529 1.537246 -0.738964 -2.464785 -1.573990 2.681909 -2.372788 -8.862746 -14.679721 5.293861 -25.231781 -3.833392 -2.646286 -1.527805 1.527817 0.089507 1.717743 1.859585 -1.994590 -1.151581 1.151577 0.000003 -0.000005 -0.000000 -9.108287 -0.517864 2.259804 1.004562 -3.675624 25.720817 0.196912 -1.646228 13.640549 0.645951 -2.931537 24.847733 -0.000002 0.000002 0.000004 -9.532493 0.000013 0.000000 -0.291648 -0.254895 18.526533 0.476807 -2.534921 21.301593 -0.187607 -5.202020 35.913299 0.000001 0.000003 0.000001 -9.103588 -0.043112 -1.865099 0.153176 -1.930661 26.171470 0.279864 -1.956584 16.279384 -10.089754 -7.836903 23.986096 0.000000 0.000001 0.000002 -8.076688 -0.486713 -3.806296 0.275073 -2.007999 20.943551 0.434316 -2.423212 20.319231 0.812866 -3.267415 27.933840 0.000002 -0.000001 0.000002 4.570403 11.014668 -2.160810 0.619962 -2.096583 -9.175278 13.576369 9.620166 -75.615406 -0.000014 -21.785204 -0.000013 16.343357 -7.655639 -3.082845 2.466089 -1.576199 2.681696 -2.422497 14.222548 14.452388 5.670444 10.709679 0.839319 2.647885 -1.528747 1.528750 -9.082024 11.625697 3.904432 1.998925 -1.154094 1.154080 -0.000000 0.000001 -0.000000 9.109282 -0.518012 2.259895 -0.172404 0.570671 -18.160674 0.514137 2.615383 -22.241090 0.941916 3.481372 -30.271866 -0.000003 -0.000001 0.000000 9.533385 0.000007 -0.000003 -0.134005 0.133959 -12.395210 0.548587 2.698013 -22.984432 0.871093 3.357319 -29.084376 0.000001 0.000001 0.000000 9.104493 -0.043002 -1.865107 0.274121 1.957536 -19.291420 0.473406 2.513573 -21.330741 1.093198 3.728009 -32.677753 0.000001 -0.000002 0.000000 8.077788 -0.486894 -3.806306 1.459237 5.269421 -19.538888 0.624339 -1.204549 -24.875223 0.794402 3.215817 -27.746899 0.000000 0.000003 -0.000001 -8.207800 -6.751712 -1.599544 -5.591447 -7.906234 -1.766871 16.009677 -0.179034 -0.305987 -9.783393 3.243484 1.462386 -0.063934 0.000006 0.000000 0.000000 0.000001 0.000000 8.207799 -6.751705 -1.599543 -6.045307 4.742420 -0.828647 16.736113 10.042635 -1.583739 -10.982175 7.813543 1.530000 1.646583 -0.000015 0.000347 -0.000000 -0.000000 0.000000 
3.323321 102.845062 4.802592 -0.738016 -8.538527 -0.165041 0.000000 10.181557 0.131526 1.076926 -0.346172 0.053648 -5.147414 -0.635232 -0.104334 -5.150965 -0.619492 -0.071700 -0.000001 16.740383 -2.049022 5.020296 0.154765 -0.586202 0.000000 9.617850 1.684968 -6.263596 -0.132675 1.090109 0.000000 22.037369 7.501081 -0.000001 -0.000001 -0.000000 -4.570000 11.014884 -2.160843 0.435337 1.203506 8.162682 14.633945 0.843552 72.190223 0.000010 27.170569 0.000002 16.880193 1.442035 -0.655117 -2.464785 -1.573991 2.681917 -2.372677 -8.866338 -14.679876 5.298287 -25.241746 -3.832505 -2.646266 -1.527807 1.527817 0.098873 1.698078 1.858365 -1.994590 -1.151596 1.151574 -0.000001 -0.000001 -0.000000 -9.108289 -0.517891 2.259809 1.004967 -3.676054 25.736044 0.197287 -1.647819 13.653952 0.647930 -2.935779 24.886177 0.000002 0.000001 0.000003 -9.532485 -0.000008 0.000003 -0.293986 -0.250059 18.546887 0.478184 -2.538532 21.333403 -0.176039 -5.201701 35.956131 -0.000001 0.000001 -0.000000 -9.103577 -0.043097 -1.865096 0.151348 -1.928177 26.196957 0.280560 -1.958991 16.300130 -10.086250 -7.843276 24.007922 0.000001 0.000001 0.000007 -8.076674 -0.486712 -3.806295 0.274500 -2.007069 20.967718 0.435329 -2.425969 20.343215 0.814189 -3.269902 27.956992 0.000002 -0.000000 0.000005 4.570400 11.014708 -2.160818 0.611849 -2.170890 -9.214897 13.595149 9.587239 -75.321728 -0.000008 -21.733548 0.000012 16.465868 -7.632692 -3.087040 2.466090 -1.576203 2.681702 -2.422446 14.222126 14.451874 5.670322 10.709359 0.838733 2.647894 -1.528761 1.528748 -9.082085 11.623722 3.903147 1.998925 -1.154088 1.154075 0.000003 -0.000001 -0.000000 9.109295 -0.518009 2.259901 -0.172430 0.570426 -18.159072 0.513958 2.614925 -22.236912 0.941594 3.480837 -30.266768 -0.000003 -0.000003 -0.000001 9.533402 0.000010 0.000002 -0.133979 0.133709 -12.392565 0.548460 2.697690 -22.981531 0.870904 3.356982 -29.081286 -0.000001 -0.000002 0.000001 9.104495 -0.042999 -1.865097 0.273999 1.957155 -19.289520 0.473355 2.513444 -21.329552 1.093066 3.727806 -32.675748 -0.000001 0.000001 0.000002 8.077803 -0.486900 -3.806303 1.459156 5.269444 -19.537061 0.624194 -1.204843 -24.872516 0.794069 3.215176 -27.740858 -0.000002 -0.000002 0.000001 -8.207800 -6.751719 -1.599543 -5.468362 -7.687618 -1.964097 15.721694 -0.115789 -0.613589 -9.672557 3.221786 1.807352 -0.193717 -0.000000 0.000001 0.000000 0.000001 0.000000 8.207800 -6.751698 -1.599543 -5.544456 4.606677 -1.328178 15.919761 10.024516 -1.513524 -10.758538 8.276541 1.780246 1.655115 -0.000009 0.000338 0.000000 -0.000001 0.000000 
3.605035 102.882057 4.922259 -0.767997 -8.830349 -0.049438 0.000000 10.181535 0.131523 1.182833 -0.357603 -0.015259 -5.200319 -0.668068 -0.128912 -5.203668 -0.654910 -0.093979 -0.000001 16.740364 -2.049030 4.996834 0.149719 -0.629440 0.000001 9.617854 1.684970 -6.298435 -0.141936 1.131168 -0.000000 22.037369 7.501071 -0.000000 -0.000000 -0.000000 -4.570001 11.014869 -2.160847 0.440590 1.286269 8.224416 14.488138 1.036260 72.224237 0.000002 27.150108 -0.000005 16.927104 1.441276 -0.667756 -2.464781 -1.574001 2.681914 -2.372575 -8.869650 -14.679986 5.302149 -25.251035 -3.832146 -2.646274 -1.527798 1.527818 0.107583 1.679741 1.857341 -1.994587 -1.151585 1.151582 0.000001 -0.000001 0.000001 -9.108293 -0.517871 2.259804 1.005426 -3.676548 25.750218 0.197638 -1.649287 13.666456 0.649762 -2.939729 24.922001 0.000000 0.000001 0.000004 -9.532479 0.000006 0.000001 -0.296182 -0.245550 18.565871 0.479512 -2.541885 21.363059 -0.165292 -5.201379 35.996009 0.000001 -0.000000 0.000001 -9.103586 -0.043110 -1.865098 0.149655 -1.925896 26.220739 0.281231 -1.961253 16.319448 -10.082985 -7.849209 24.028266 0.000000 0.000000 0.000007 -8.076681 -0.486732 -3.806297 0.273932 -2.006130 20.990281 0.436277 -2.428516 20.365592 0.815420 -3.272210 27.978570 -0.000001 0.000001 0.000002 4.570404 11.014681 -2.160821 0.611738 -2.260419 -9.127115 13.568496 9.483018 -75.126665 0.000002 -21.616914 0.000013 16.634330 -7.702299 -3.080615 2.466085 -1.576204 2.681697 -2.422436 14.221925 14.451113 5.670168 10.709692 0.838120 2.647894 -1.528749 1.528744 -9.081534 11.620065 3.899414 1.998924 -1.154092 1.154076 0.000002 -0.000001 0.000003 9.109286 -0.518008 2.259899 -0.172493 0.569941 -18.155290 0.513660 2.614185 -22.230323 0.940961 3.479754 -30.256290 -0.000000 0.000000 -0.000001 9.533407 0.000003 -0.000003 -0.133959 0.133163 -12.386725 0.548168 2.696977 -22.975095 0.870414 3.356113 -29.073018 -0.000002 0.000001 -0.000002 9.104493 -0.042999 -1.865103 0.273690 1.956169 -19.283473 0.473293 2.513237 -21.327746 1.092792 3.727397 -32.671619 -0.000001 -0.000002 0.000001 8.077800 -0.486882 -3.806304 1.459010 5.269538 -19.534319 0.623908 -1.205484 -24.866752 0.793378 3.213862 -27.728526 -0.000003 -0.000002 -0.000001 -8.207800 -6.751718 -1.599544 -5.356677 -7.434436 -2.087946 15.519510 -0.141708 -0.946930 -9.586274 3.195692 2.179312 -0.356474 0.000018 0.000000 -0.000000 -0.000001 0.000000 8.207799 -6.751716 -1.599543 -5.131913 4.506312 -1.733152 15.316272 9.996271 -1.475776 -10.615314 8.667106 2.032952 1.652950 -0.000004 0.000294 0.000000 0.000002 0.000000 
3.903663 102.906052 5.019246 -0.783516 -9.095585 -0.004019 0.000000 10.181552 0.131524 1.288515 -0.366917 0.002579 -5.236919 -0.703327 -0.112874 -5.239773 -0.691520 -0.076308 0.000000 16.740364 -2.049022 4.946856 0.146058 -0.771452 -0.000000 9.617862 1.684973 -6.338074 -0.183652 1.139248 0.000000 22.037354 7.501069 -0.000000 -0.000001 -0.000000 -4.570000 11.014880 -2.160842 0.437430 1.320590 8.179873 14.330377 1.292158 72.297136 -0.000011 27.163922 0.000023 16.937348 1.336857 -0.619141 -2.464782 -1.573988 2.681905 -2.372512 -8.872930 -14.680126 5.304908 -25.259686 -3.831723 -2.646275 -1.527797 1.527820 0.115672 1.662808 1.856181 -1.994602 -1.151581 1.151577 0.000003 -0.000005 0.000001 -9.108295 -0.517869 2.259801 1.005813 -3.677011 25.763335 0.198000 -1.650659 13.678023 0.651452 -2.943373 24.955143 0.000001 -0.000000 0.000003 -9.532502 0.000010 -0.000005 -0.298240 -0.241399 18.583434 0.480748 -2.545000 21.390477 -0.155367 -5.201074 36.032929 0.000001 0.000001 0.000004 -9.103588 -0.043094 -1.865106 0.148050 -1.923739 26.242746 0.281849 -1.963345 16.337312 -10.079964 -7.854697 24.047098 0.000002 0.000001 0.000004 -8.076697 -0.486734 -3.806304 0.273390 -2.005281 21.011146 0.437139 -2.430872 20.386269 0.816572 -3.274357 27.998547 0.000001 0.000000 0.000002 4.570402 11.014689 -2.160816 0.613753 -2.353596 -9.141821 13.481788 9.374806 -74.876372 -0.000011 -21.527225 -0.000004 16.727746 -7.776707 -3.009461 2.466085 -1.576216 2.681697 -2.422387 14.222186 14.450030 5.669997 10.710998 0.837561 2.647890 -1.528754 1.528745 -9.080852 11.612878 3.893996 1.998921 -1.154094 1.154067 0.000001 -0.000004 -0.000002 9.109281 -0.518011 2.259898 -0.172566 0.569059 -18.148065 0.513246 2.613178 -22.221245 0.940095 3.478267 -30.242008 -0.000000 0.000001 0.000000 9.533394 0.000010 -0.000004 -0.133935 0.132492 -12.379189 0.547774 2.696055 -22.966752 0.869733 3.354873 -29.061246 -0.000001 0.000000 0.000002 9.104490 -0.042994 -1.865103 0.273247 1.954773 -19.274951 0.473063 2.512700 -21.323010 1.092323 3.726641 -32.664102 -0.000001 -0.000004 0.000002 8.077796 -0.486877 -3.806305 1.458602 5.269418 -19.527834 0.623356 -1.206641 -24.856161 0.792439 3.212071 -27.711674 -0.000002 -0.000002 0.000001 -8.207801 -6.751692 -1.599542 -5.266910 -7.103602 -2.094960 15.323118 -0.403094 -1.332766 -9.485063 3.163772 2.603484 -0.367604 -0.000001 -0.000001 0.000000 -0.000000 0.000000 8.207799 -6.751689 -1.599544 -4.840371 4.395436 -2.062883 14.869066 9.957430 -1.433649 -10.516317 9.050136 2.276809 1.613520 0.000005 0.000243 -0.000000 0.000000 0.000000 
4.218546 102.933281 5.095095 -0.792587 -9.354022 0.005115 0.000000 10.181556 0.131525 1.383236 -0.374459 0.043146 -5.261711 -0.737797 -0.081944 -5.263932 -0.726727 -0.044123 0.000001 16.740376 -2.049027 4.899620 0.146783 -0.927506 -0.000000 9.617877 1.684978 -6.374144 -0.191982 1.138475 0.000001 22.037354 7.501073 0.000001 -0.000001 -0.000000 -4.569999 11.014874 -2.160846 0.432195 1.391900 8.139096 14.157924 1.607650 72.317326 -0.000014 27.150997 0.000027 16.864169 1.281087 -0.733652 -2.464788 -1.574008 2.681910 -2.372441 -8.875806 -14.680219 5.307130 -25.267615 -3.831325 -2.646269 -1.527819 1.527815 0.122946 1.647258 1.854734 -1.994609 -1.151589 1.151576 0.000001 0.000000 0.000001 -9.108306 -0.517872 2.259802 1.006184 -3.677435 25.775370 0.198298 -1.651917 13.688643 0.653004 -2.946724 24.985592 0.000001 0.000000 0.000002 -9.532492 -0.000001 -0.000000 -0.300130 -0.237574 18.599537 0.481866 -2.547849 21.415679 -0.146244 -5.200794 36.066810 -0.000001 0.000001 0.000003 -9.103583 -0.043111 -1.865100 0.146602 -1.921817 26.262926 0.282398 -1.965271 16.353732 -10.077163 -7.859741 24.064406 0.000001 0.000000 -0.000000 -8.076677 -0.486734 -3.806298 0.272808 -2.004285 21.030282 0.437971 -2.433029 20.405289 0.817598 -3.276313 28.016864 0.000001 0.000000 0.000001 4.570400 11.014710 -2.160819 0.613546 -2.442682 -9.148868 13.389880 9.237681 -74.667888 0.000007 -21.504306 0.000021 16.766269 -7.701212 -2.924859 2.466083 -1.576226 2.681699 -2.422207 14.223130 14.448516 5.669874 10.713597 0.836952 2.647880 -1.528750 1.528749 -9.078717 11.611262 3.886291 1.998932 -1.154097 1.154082 -0.000000 0.000000 0.000003 9.109282 -0.518017 2.259899 -0.172617 0.567967 -18.138952 0.512724 2.611890 -22.209730 0.938991 3.476386 -30.223956 0.000001 0.000003 0.000000 9.533399 0.000008 0.000001 -0.133856 0.131663 -12.369433 0.547248 2.694845 -22.955941 0.868849 3.353320 -29.046383 -0.000000 -0.000000 -0.000002 9.104495 -0.043014 -1.865101 0.272707 1.952959 -19.264159 0.472811 2.512012 -21.316884 1.091687 3.725664 -32.654649 0.000000 0.000001 -0.000000 8.077798 -0.486895 -3.806304 1.458056 5.269230 -19.519313 0.622686 -1.208106 -24.842798 0.791245 3.209797 -27.690386 0.000000 0.000004 -0.000000 -8.207801 -6.751721 -1.599543 -5.152977 -6.764338 -2.076756 15.045529 -0.613370 -1.704147 -9.328344 3.132159 3.019581 -0.407876 0.000012 -0.000000 -0.000000 0.000000 0.000000 8.207798 -6.751699 -1.599542 -4.585295 4.232946 -2.395146 14.422416 9.906238 -1.334687 -10.402820 9.497003 2.510470 1.578119 0.000001 0.000202 -0.000000 -0.000001 0.000000 
4.514463 102.941589 5.145853 -0.772479 -9.644418 0.021842 -0.000000 10.181536 0.131523 1.455055 -0.372843 0.027135 -5.276361 -0.753330 -0.055577 -5.278068 -0.742735 -0.017306 0.000001 16.740368 -2.049019 4.864853 0.150737 -1.010371 0.000000 9.617873 1.684978 -6.432873 -0.170866 1.140797 0.000000 22.037415 7.501076 -0.000001 0.000000 -0.000000 -4.570000 11.014874 -2.160839 0.434640 1.487308 8.198730 13.934569 1.892731 72.225692 -0.000021 27.114536 0.000035 16.982038 1.275259 -0.644615 -2.464788 -1.573988 2.681909 -2.372243 -8.877803 -14.680208 5.309162 -25.274845 -3.830968 -2.646274 -1.527803 1.527822 0.129589 1.633141 1.853310 -1.994597 -1.151573 1.151580 0.000002 -0.000003 -0.000000 -9.108305 -0.517878 2.259804 1.006523 -3.677802 25.786322 0.198570 -1.653056 13.698302 0.654446 -2.949785 25.013264 0.000000 0.000001 0.000002 -9.532490 -0.000009 0.000000 -0.301843 -0.234112 18.614175 0.482885 -2.550439 21.438593 -0.137918 -5.200508 36.097632 -0.000000 0.000001 -0.000001 -9.103595 -0.043109 -1.865100 0.145248 -1.920015 26.281284 0.282922 -1.967006 16.368646 -10.074626 -7.864324 24.080148 0.000001 0.000001 0.000004 -8.076694 -0.486733 -3.806297 0.272436 -2.003777 21.047680 0.438701 -2.435009 20.422578 0.818554 -3.278109 28.033550 -0.000000 -0.000001 0.000002 4.570403 11.014697 -2.160813 0.612710 -2.528983 -9.174927 13.246197 9.042120 -74.404850 0.000008 -21.500034 0.000034 16.721089 -7.817292 -2.933422 2.466084 -1.576206 2.681697 -2.421905 14.225010 14.446422 5.669968 10.718916 0.836437 2.647896 -1.528729 1.528747 -9.075245 11.613469 3.874953 1.998943 -1.154095 1.154074 -0.000002 0.000000 0.000005 9.109277 -0.518010 2.259901 -0.172717 0.566670 -18.127952 0.512106 2.610341 -22.195847 0.937689 3.474133 -30.202188 -0.000000 0.000000 0.000001 9.533392 0.000010 -0.000001 -0.133611 0.131504 -12.357561 0.546650 2.693396 -22.942981 0.867819 3.351444 -29.028406 0.000002 0.000000 -0.000003 9.104488 -0.042999 -1.865101 0.272021 1.950811 -19.251098 0.472486 2.511181 -21.309439 1.090946 3.724523 -32.643205 0.000000 0.000002 -0.000000 8.077789 -0.486883 -3.806300 1.457393 5.269032 -19.508979 0.621852 -1.209891 -24.826693 0.789807 3.207071 -27.664720 0.000001 -0.000003 -0.000000 -8.207800 -6.751709 -1.599543 -5.150041 -6.360048 -2.042312 14.902966 -0.775586 -2.102214 -9.225781 3.101708 3.430571 -0.420124 -0.000003 0.000001 -0.000000 -0.000000 0.000000 8.207799 -6.751701 -1.599545 -4.438680 4.145740 -2.665422 14.114582 9.848257 -1.307114 -10.324419 9.899372 2.751252 1.496742 -0.000002 0.000151 -0.000000 0.000000 0.000000 
4.789022 102.925911 5.175949 -0.689706 -9.922573 0.067551 0.000001 10.181561 0.131525 1.487142 -0.376745 -0.045635 -5.314068 -0.777455 -0.038302 -5.315352 -0.767270 0.000931 0.000000 16.740385 -2.049023 4.857882 0.156544 -1.026952 0.000001 9.617829 1.684979 -6.466314 -0.136469 1.125921 0.000001 22.037338 7.501072 0.000001 -0.000000 -0.000000 -4.570000 11.014871 -2.160844 0.436405 1.603620 8.255377 13.702299 2.157892 72.161290 -0.000010 27.065306 0.000038 17.061372 1.206202 -0.571430 -2.464790 -1.574003 2.681906 -2.372037 -8.879337 -14.680117 5.310992 -25.281341 -3.830607 -2.646275 -1.527809 1.527818 0.135765 1.620497 1.851976 -1.994594 -1.151587 1.151583 -0.000001 0.000000 0.000001 -9.108300 -0.517876 2.259799 1.006822 -3.678139 25.796161 0.198809 -1.654081 13.706964 0.655739 -2.952531 25.038107 0.000002 0.000002 0.000002 -9.532495 0.000007 -0.000007 -0.303360 -0.231029 18.627326 0.483793 -2.552776 21.459175 -0.130478 -5.200265 36.125318 0.000003 -0.000002 0.000001 -9.103606 -0.043110 -1.865110 0.143973 -1.918258 26.297769 0.283386 -1.968580 16.382074 -10.072349 -7.868427 24.094268 0.000001 0.000001 0.000006 -8.076683 -0.486730 -3.806304 0.272370 -2.003975 21.063212 0.439352 -2.436775 20.438093 0.819411 -3.279709 28.048520 0.000001 0.000000 -0.000000 4.570399 11.014687 -2.160819 0.609718 -2.588333 -9.136420 13.106363 8.831279 -74.247332 -0.000004 -21.464402 0.000004 16.766351 -7.844062 -2.861476 2.466090 -1.576233 2.681695 -2.421375 14.228038 14.443675 5.670184 10.730104 0.836211 2.647888 -1.528771 1.528749 -9.071230 11.618814 3.860855 1.998929 -1.154104 1.154088 0.000001 0.000002 0.000001 9.109278 -0.518013 2.259900 -0.172801 0.565176 -18.115106 0.511352 2.608537 -22.179644 0.936144 3.471493 -30.176793 -0.000001 0.000000 -0.000004 9.533390 0.000008 0.000000 -0.133272 0.131475 -12.343690 0.545939 2.691730 -22.927782 0.866585 3.349234 -29.007458 0.000000 0.000004 0.000000 9.104485 -0.042994 -1.865101 0.271247 1.948295 -19.235882 0.472108 2.510203 -21.300736 1.090096 3.723175 -32.629856 0.000000 -0.000002 0.000000 8.077791 -0.486897 -3.806302 1.456966 5.269825 -19.496852 0.620913 -1.211934 -24.807855 0.788133 3.203870 -27.634749 -0.000002 -0.000001 0.000002 -8.207799 -6.751705 -1.599543 -5.324734 -5.982720 -2.052793 14.959967 -0.944972 -2.442773 -9.206992 3.077485 3.797671 -0.415644 -0.000008 0.000001 0.000000 0.000000 0.000000 8.207801 -6.751690 -1.599544 -4.450132 4.063019 -2.922668 13.962379 9.776214 -1.290120 -10.263017 10.277747 2.964847 1.334281 -0.000003 0.000110 -0.000000 0.000001 0.000000 
5.057856 102.896370 5.185622 -0.610635 -10.183081 0.127631 -0.000000 10.181526 0.131524 1.505792 -0.383113 -0.172998 -5.323417 -0.803641 -0.035114 -5.324358 -0.794062 0.005453 0.000001 16.740374 -2.049028 4.837453 0.162711 -0.930620 0.000002 9.617857 1.684977 -6.477522 0.026498 0.976520 -0.000000 22.037369 7.501075 -0.000000 0.000001 0.000000 -4.569999 11.014859 -2.160850 0.442435 1.702312 8.370503 13.429258 2.431482 72.039685 -0.000014 27.037184 0.000054 17.116621 1.122626 -0.515639 -2.464807 -1.574006 2.681906 -2.371839 -8.880714 -14.680042 5.312609 -25.287078 -3.830307 -2.646269 -1.527803 1.527820 0.140884 1.609252 1.850850 -1.994605 -1.151587 1.151576 -0.000000 -0.000002 0.000003 -9.108295 -0.517881 2.259802 1.007080 -3.678421 25.804873 0.199053 -1.654997 13.714637 0.656853 -2.954944 25.060107 0.000002 -0.000000 -0.000002 -9.532506 0.000008 -0.000003 -0.304733 -0.228229 18.639004 0.484601 -2.554834 21.477357 -0.123808 -5.199969 36.149821 -0.000000 0.000000 -0.000002 -9.103618 -0.043111 -1.865101 0.142964 -1.916938 26.312358 0.283788 -1.969975 16.393919 -10.070320 -7.872059 24.106755 0.000002 0.000002 0.000004 -8.076695 -0.486728 -3.806301 0.272311 -2.004189 21.076972 0.439953 -2.438349 20.451840 0.820172 -3.281129 28.061764 0.000001 0.000001 0.000001 4.570403 11.014674 -2.160822 0.608870 -2.647044 -9.097446 12.902100 8.578835 -74.065390 -0.000005 -21.409983 0.000009 16.783204 -7.856461 -2.792702 2.466101 -1.576222 2.681697 -2.420055 14.232781 14.437852 5.670094 10.746159 0.836111 2.647903 -1.528781 1.528751 -9.065911 11.628422 3.844432 1.998932 -1.154073 1.154080 -0.000000 0.000001 -0.000000 9.109305 -0.518012 2.259899 -0.172914 0.563494 -18.100411 0.510515 2.606467 -22.161109 0.934376 3.468471 -30.147779 -0.000000 -0.000003 0.000000 9.533399 0.000005 0.000001 -0.132944 0.131312 -12.327901 0.545129 2.689803 -22.910435 0.865188 3.346716 -28.983529 0.000000 0.000004 0.000002 9.104512 -0.042996 -1.865103 0.269990 1.944388 -19.218631 0.471673 2.509083 -21.290798 1.089082 3.721614 -32.614601 0.000000 0.000000 0.000001 8.077816 -0.486883 -3.806304 1.456558 5.270903 -19.482985 0.619813 -1.214302 -24.786354 0.786208 3.200223 -27.600526 -0.000001 -0.000005 -0.000001 -8.207800 -6.751716 -1.599544 -5.573114 -5.696803 -2.139079 15.149013 -0.989495 -2.691945 -9.243879 3.058306 4.100387 -0.481418 0.000003 -0.000000 -0.000000 0.000000 0.000000 8.207799 -6.751707 -1.599545 -4.522996 3.934319 -3.216277 13.892107 9.696696 -1.215999 -10.185159 10.687826 3.136320 1.092654 -0.000006 0.000069 0.000000 -0.000001 0.000000 
5.312276 102.856659 5.167026 -0.546145 -10.438786 0.201912 0.000000 10.181556 0.131524 1.506342 -0.393241 -0.348314 -5.314423 -0.836204 -0.032327 -5.315116 -0.826811 0.009866 -0.000001 16.740337 -2.049020 4.845692 0.176427 -0.913913 0.000001 9.617865 1.684973 -6.549228 -0.036253 1.150571 0.000001 22.037369 7.501068 0.000000 -0.000000 -0.000000 -4.570001 11.014861 -2.160842 0.445669 1.894119 8.474830 13.123094 2.653366 71.943059 -0.000010 26.981838 0.000046 17.334409 1.086996 -0.221800 -2.464796 -1.574010 2.681911 -2.371658 -8.881915 -14.679991 5.314035 -25.292141 -3.830062 -2.646260 -1.527822 1.527817 0.144565 1.599343 1.850086 -1.994597 -1.151587 1.151572 -0.000000 -0.000000 -0.000004 -9.108317 -0.517870 2.259803 1.007295 -3.678659 25.812400 0.199230 -1.655807 13.721509 0.657853 -2.957048 25.079222 0.000001 -0.000001 -0.000001 -9.532484 -0.000005 0.000000 -0.305933 -0.225755 18.649130 0.485293 -2.556618 21.493162 -0.118078 -5.199776 36.171070 0.000002 0.000000 0.000005 -9.103610 -0.043094 -1.865102 0.142467 -1.916599 26.324930 0.284157 -1.971159 16.404243 -10.068529 -7.875202 24.117623 -0.000001 0.000001 0.000004 -8.076684 -0.486719 -3.806295 0.272286 -2.004373 21.088890 0.440427 -2.439702 20.463766 0.820836 -3.282370 28.073240 0.000002 0.000000 0.000006 4.570402 11.014671 -2.160815 0.609896 -2.788661 -9.179703 12.676227 8.348177 -73.764438 -0.000012 -21.347404 -0.000017 16.724295 -7.967713 -2.775689 2.466099 -1.576200 2.681701 -2.418663 14.242407 14.430757 5.670400 10.766982 0.836233 2.647882 -1.528734 1.528746 -9.059080 11.644253 3.825863 1.998936 -1.154093 1.154072 0.000002 0.000003 0.000001 9.109297 -0.518014 2.259902 -0.173009 0.561606 -18.083938 0.509562 2.604147 -22.140330 0.932417 3.465095 -30.115267 -0.000003 -0.000003 -0.000002 9.533404 0.000003 -0.000001 -0.132546 0.131051 -12.310140 0.544199 2.687648 -22.890997 0.863621 3.343877 -28.956666 -0.000001 -0.000001 -0.000001 9.104507 -0.042992 -1.865100 0.268538 1.939837 -19.199288 0.471170 2.507830 -21.279639 1.087999 3.719891 -32.597501 -0.000001 0.000001 -0.000000 8.077803 -0.486899 -3.806302 1.456055 5.271977 -19.467405 0.618589 -1.216950 -24.762222 0.784070 3.196120 -27.562120 -0.000001 0.000001 0.000002 -8.207801 -6.751714 -1.599542 -5.885823 -5.526011 -2.313774 15.461509 -0.870495 -2.820828 -9.326389 3.046231 4.311820 -0.568200 -0.000010 0.000001 -0.000000 0.000000 0.000000 8.207799 -6.751704 -1.599544 -4.636113 3.801077 -3.520038 13.887676 9.609011 -1.124274 -10.088889 11.111604 3.280915 0.787605 0.000003 0.000022 0.000000 -0.000000 0.000000 
5.547725 102.801620 5.126315 -0.465707 -10.744656 0.333034 -0.000000 10.181548 0.131523 1.493087 -0.388311 -0.574151 -5.281502 -0.839632 -0.069568 -5.282090 -0.832234 -0.026273 0.000001 16.740370 -2.049025 4.838324 0.162551 -0.753463 -0.000001 9.617827 1.684982 -6.601172 -0.045968 1.137954 -0.000001 22.037354 7.501063 -0.000000 -0.000000 0.000000 -4.569998 11.014892 -2.160846 0.460478 2.054129 8.746925 12.767789 2.874402 71.699583 -0.000020 26.942344 0.000045 17.186064 1.098684 0.280609 -2.464782 -1.573993 2.681913 -2.371489 -8.882939 -14.679914 5.315239 -25.296350 -3.829807 -2.646265 -1.527798 1.527820 0.147633 1.590958 1.849472 -1.994606 -1.151585 1.151576 0.000002 -0.000006 -0.000000 -9.108295 -0.517886 2.259808 1.007470 -3.678866 25.819029 0.199360 -1.656349 13.726126 0.658677 -2.958818 25.095332 -0.000000 -0.000000 0.000000 -9.532489 0.000004 0.000004 -0.306939 -0.223778 18.657676 0.485897 -2.558122 21.506509 -0.114394 -5.200445 36.188945 0.000003 -0.000001 0.000001 -9.103575 -0.043115 -1.865096 0.142085 -1.916359 26.335528 0.284443 -1.972176 16.412950 -10.067013 -7.877863 24.126791 -0.000000 0.000000 0.000004 -8.076681 -0.486725 -3.806295 0.272215 -2.004527 21.098960 0.440869 -2.440852 20.473823 0.821371 -3.283403 28.082982 -0.000003 -0.000000 0.000001 4.570401 11.014659 -2.160822 0.600550 -2.873845 -9.184590 12.395020 8.031867 -73.483724 -0.000008 -21.271222 -0.000034 16.837092 -7.992797 -2.748478 2.466103 -1.576215 2.681692 -2.416808 14.255258 14.422230 5.671035 10.792470 0.836483 2.647894 -1.528734 1.528752 -9.050911 11.664624 3.805087 1.998921 -1.154081 1.154078 -0.000000 0.000004 0.000001 9.109294 -0.518016 2.259897 -0.173146 0.559518 -18.065698 0.508516 2.601580 -22.117322 0.930243 3.461356 -30.079193 -0.000000 -0.000001 -0.000002 9.533400 0.000007 -0.000003 -0.132160 0.130660 -12.290470 0.543208 2.685272 -22.869452 0.861873 3.340737 -28.926927 0.000001 0.000001 0.000003 9.104505 -0.042995 -1.865104 0.266972 1.934903 -19.177831 0.470632 2.506439 -21.267276 1.086746 3.717963 -32.578524 0.000000 0.000001 0.000000 8.077801 -0.486904 -3.806307 1.455439 5.273055 -19.450210 0.617259 -1.219873 -24.735525 0.781699 3.191582 -27.519583 -0.000001 0.000003 0.000000 -8.207799 -6.751710 -1.599542 -6.318860 -5.308838 -2.513378 15.938725 -0.768129 -2.988362 -9.474045 3.028441 4.531722 -0.668769 0.000006 -0.000001 0.000000 -0.000000 0.000000 8.207798 -6.751704 -1.599542 -4.805473 3.681442 -3.853448 13.943155 9.503091 -1.059927 -9.995050 11.594869 3.428725 0.411769 -0.000013 0.000003 0.000000 -0.000000 0.000000 
5.767768 102.731354 5.057419 -0.396659 -11.090242 0.513450 0.000000 10.181546 0.131523 1.460396 -0.379275 -0.844535 -5.236515 -0.830507 -0.120560 -5.237164 -0.825608 -0.076507 0.000001 16.740381 -2.049019 4.875891 0.160300 -0.583358 -0.000000 9.617846 1.684970 -6.668967 -0.028897 1.104451 -0.000000 22.037384 7.501073 -0.000001 -0.000001 -0.000000 -4.569996 11.014868 -2.160840 0.467257 2.336224 8.953268 12.421987 3.152681 71.519594 -0.000023 26.875404 0.000048 17.108500 1.102124 0.452552 -2.464789 -1.573999 2.681910 -2.371315 -8.883799 -14.679825 5.316212 -25.298744 -3.829539 -2.646266 -1.527811 1.527817 0.150176 1.584063 1.848979 -1.994591 -1.151581 1.151580 -0.000001 -0.000003 0.000003 -9.108289 -0.517889 2.259802 1.007569 -3.678898 25.823326 0.199453 -1.656661 13.728723 0.659360 -2.960274 25.108487 -0.000000 0.000003 0.000004 -9.532495 -0.000010 -0.000004 -0.307554 -0.222630 18.664537 0.486392 -2.559366 21.517387 -0.111496 -5.201040 36.203476 -0.000000 0.000002 0.000001 -9.103578 -0.043111 -1.865103 0.141773 -1.916149 26.344171 0.284712 -1.973026 16.420121 -10.065756 -7.880069 24.134432 -0.000001 0.000001 0.000004 -8.076675 -0.486726 -3.806298 0.272201 -2.004657 21.107385 0.441224 -2.441812 20.482218 0.821851 -3.284278 28.091089 0.000002 -0.000001 0.000000 4.570400 11.014688 -2.160815 0.606947 -2.907655 -9.131315 12.179580 7.570752 -73.070976 0.000013 -21.323907 0.000027 16.688230 -7.991289 -2.936561 2.466086 -1.576214 2.681699 -2.413907 14.270992 14.412287 5.672280 10.822570 0.836072 2.647885 -1.528743 1.528745 -9.041548 11.689495 3.781962 1.998924 -1.154093 1.154067 0.000001 0.000003 0.000003 9.109295 -0.518010 2.259900 -0.173281 0.557250 -18.045700 0.507345 2.598776 -22.092127 0.927875 3.457231 -30.039691 -0.000001 -0.000002 0.000001 9.533398 0.000001 -0.000003 -0.131727 0.130272 -12.268940 0.542083 2.682642 -22.845861 0.859996 3.337325 -28.894354 0.000005 0.000003 0.000003 9.104485 -0.043007 -1.865102 0.265269 1.929595 -19.154352 0.470046 2.504929 -21.253715 1.085416 3.715876 -32.557791 -0.000003 -0.000002 -0.000002 8.077797 -0.486898 -3.806303 1.454837 5.274425 -19.431292 0.615764 -1.223090 -24.706287 0.779112 3.186620 -27.472985 0.000001 0.000001 0.000000 -8.207800 -6.751717 -1.599544 -6.843016 -5.069448 -2.749640 16.574905 -0.656153 -3.171746 -9.682363 3.008425 4.746278 -0.733093 -0.000004 -0.000001 0.000000 -0.000001 0.000000 8.207800 -6.751713 -1.599545 -5.008793 3.616241 -4.185472 14.079563 9.394125 -1.064311 -9.925410 12.047155 3.592278 0.013968 -0.000003 -0.000001 -0.000000 -0.000001 0.000000 
5.976988 102.626122 4.971759 -0.382063 -11.470446 0.733361 -0.000000 10.181547 0.131523 1.420305 -0.376706 -1.155646 -5.150051 -0.813684 -0.178493 -5.150916 -0.811289 -0.134003 0.000001 16.740387 -2.049017 4.934614 0.161885 -0.397778 0.000001 9.617860 1.684975 -6.917627 0.041256 0.987814 -0.000001 22.037384 7.501077 0.000002 -0.000001 -0.000000 -4.569999 11.014874 -2.160838 0.463454 2.571568 8.988121 12.016009 3.488974 71.508495 -0.000024 26.798254 0.000048 17.450013 1.172471 1.018013 -2.464791 -1.573986 2.681904 -2.371176 -8.884480 -14.679741 5.316997 -25.300515 -3.829304 -2.646278 -1.527817 1.527823 0.151795 1.580846 1.848882 -1.994583 -1.151582 1.151577 0.000002 -0.000005 -0.000000 -9.108294 -0.517872 2.259802 1.007550 -3.678789 25.825739 0.199497 -1.656906 13.730752 0.659880 -2.961368 25.118582 -0.000000 -0.000000 -0.000000 -9.532489 -0.000004 -0.000004 -0.308067 -0.221755 18.669885 0.486712 -2.560165 21.524503 -0.109250 -5.201493 36.214633 0.000001 -0.000001 -0.000003 -9.103581 -0.043115 -1.865103 0.141503 -1.915974 26.350844 0.284815 -1.973408 16.423531 -10.064894 -7.881429 24.139236 -0.000001 0.000001 0.000006 -8.076697 -0.486712 -3.806302 0.272114 -2.004583 21.112661 0.441454 -2.442415 20.487473 0.822135 -3.284812 28.096139 0.000002 0.000000 0.000002 4.570400 11.014709 -2.160811 0.612579 -3.084074 -9.387829 11.853786 7.382751 -72.617704 -0.000009 -21.258576 -0.000035 16.727459 -8.039840 -3.020257 2.466097 -1.576211 2.681696 -2.410613 14.289416 14.400996 5.673902 10.857171 0.835452 2.647883 -1.528750 1.528744 -9.030847 11.718779 3.756726 1.998913 -1.154095 1.154076 -0.000002 0.000001 0.000001 9.109308 -0.518015 2.259895 -0.173406 0.554793 -18.024017 0.506126 2.595701 -22.064737 0.925296 3.452784 -29.996835 0.000003 -0.000001 0.000001 9.533401 0.000005 -0.000005 -0.131201 0.130040 -12.245551 0.540893 2.679801 -22.820243 0.857931 3.333597 -28.859001 -0.000002 -0.000004 0.000001 9.104505 -0.042997 -1.865109 0.263394 1.923709 -19.128843 0.469413 2.503275 -21.239025 1.083941 3.713574 -32.535261 -0.000001 -0.000005 0.000001 8.077817 -0.486880 -3.806309 1.454202 5.275907 -19.410786 0.614165 -1.226578 -24.674490 0.776300 3.181215 -27.422419 0.000000 -0.000000 -0.000004 -8.207800 -6.751717 -1.599545 -7.480364 -4.929645 -3.099543 17.507658 -0.407326 -3.271533 -10.026199 2.990867 4.891795 -0.800822 0.000014 -0.000001 0.000000 -0.000001 -0.000000 8.207798 -6.751704 -1.599545 -5.318109 3.516691 -4.593173 14.537074 9.267132 -1.019534 -10.159972 12.602787 3.744629 -0.000101 0.000003 0.000003 -0.000000 -0.000000 0.000000 
6.181111 102.502739 4.863565 -0.410909 -11.819122 0.984116 -0.000001 10.181536 0.131523 1.361850 -0.383623 -1.505288 -5.023453 -0.812707 -0.277628 -5.024542 -0.814432 -0.231446 -0.000001 16.740377 -2.049021 4.975252 0.167516 -0.200557 0.000002 9.617875 1.684983 -7.047995 0.049495 1.070118 0.000001 22.037354 7.501064 0.000000 -0.000001 -0.000000 -4.570000 11.014873 -2.160839 0.466474 2.895118 9.175857 11.644667 3.842925 71.385237 -0.000009 26.775530 0.000054 17.484489 0.961620 1.157031 -2.464795 -1.573982 2.681906 -2.371058 -8.885029 -14.679702 5.317586 -25.301799 -3.829075 -2.646266 -1.527784 1.527814 0.152935 1.578878 1.848833 -1.994574 -1.151582 1.151576 0.000000 -0.000003 -0.000000 -9.108310 -0.517887 2.259800 1.007508 -3.678703 25.827389 0.199542 -1.657063 13.732179 0.660115 -2.961860 25.122993 -0.000000 0.000003 0.000004 -9.532492 0.000010 -0.000002 -0.308439 -0.220987 18.672679 0.486846 -2.560512 21.527696 -0.107794 -5.201655 36.221227 0.000002 -0.000001 0.000004 -9.103599 -0.043093 -1.865103 0.141252 -1.915648 26.354087 0.284889 -1.973659 16.425620 -10.064414 -7.882040 24.141526 -0.000001 0.000001 0.000002 -8.076694 -0.486732 -3.806300 0.272000 -2.004378 21.115197 0.441559 -2.442699 20.489995 0.822282 -3.285082 28.098567 0.000002 -0.000001 -0.000000 4.570404 11.014676 -2.160816 0.615740 -3.215842 -9.559329 11.559816 7.102333 -72.111580 -0.000016 -21.267394 -0.000034 16.604916 -8.075472 -3.269359 2.466080 -1.576201 2.681705 -2.407059 14.310501 14.388586 5.675851 10.896199 0.834858 2.647878 -1.528762 1.528753 -9.018828 11.752344 3.729302 1.998917 -1.154096 1.154074 -0.000001 0.000003 0.000003 9.109278 -0.518009 2.259904 -0.173498 0.552309 -18.000615 0.504783 2.592427 -22.035228 0.922502 3.447956 -29.950629 -0.000003 -0.000002 -0.000003 9.533386 0.000002 0.000003 -0.130676 0.129734 -12.220358 0.539619 2.676728 -22.792635 0.855711 3.329579 -28.820898 -0.000002 -0.000002 0.000003 9.104484 -0.042997 -1.865095 0.261384 1.917331 -19.101351 0.468703 2.501493 -21.223208 1.082375 3.711124 -32.510980 0.000000 0.000002 0.000001 8.077805 -0.486902 -3.806299 1.453435 5.277402 -19.388721 0.612450 -1.230332 -24.640244 0.773289 3.175394 -27.367926 0.000000 0.000001 0.000000 -8.207802 -6.751725 -1.599542 -8.157710 -4.902993 -3.551200 18.576171 0.011490 -3.296699 -10.430726 2.977086 4.969223 -0.874584 -0.000006 0.000001 0.000000 -0.000002 -0.000000 8.207799 -6.751706 -1.599545 -5.717793 3.356065 -5.097113 15.198387 9.147116 -0.894960 -10.474326 13.217207 4.030308 0.085201 0.010024 -0.186740 0.000000 -0.000000 0.000000 
6.373951 102.363762 4.749446 -0.422253 -12.217053 1.201593 -0.000000 10.181556 0.131523 1.273481 -0.371523 -1.864305 -4.885266 -0.783629 -0.362748 -4.886851 -0.788649 -0.316991 -0.000000 16.740379 -2.049020 5.004220 0.178973 0.017474 0.000000 9.617820 1.684982 -7.135033 0.093398 1.132839 0.000002 22.037399 7.501073 -0.000003 0.000001 0.000000 -4.569998 11.014869 -2.160841 0.472304 3.140894 9.392627 11.258667 4.183945 71.244146 -0.000029 26.741840 0.000078 17.455884 1.038194 1.316598 -2.464797 -1.574000 2.681914 -2.370945 -8.885403 -14.679630 5.318012 -25.302595 -3.828894 -2.646258 -1.527810 1.527823 0.153631 1.577833 1.848877 -1.994587 -1.151578 1.151571 -0.000002 0.000002 0.000005 -9.108308 -0.517872 2.259808 1.007459 -3.678586 25.828369 0.199571 -1.657166 13.733012 0.660206 -2.962102 25.125148 0.000000 0.000002 0.000005 -9.532502 0.000011 0.000003 -0.308695 -0.220412 18.674273 0.486926 -2.560727 21.529438 -0.107047 -5.201510 36.223300 0.000001 0.000001 0.000003 -9.103585 -0.043117 -1.865096 0.141078 -1.915392 26.355856 0.284930 -1.973795 16.426728 -10.064117 -7.882351 24.142752 -0.000000 0.000002 0.000006 -8.076693 -0.486708 -3.806294 0.271903 -2.004204 21.116554 0.441631 -2.442844 20.491341 0.822339 -3.285213 28.099839 0.000001 0.000001 0.000005 4.570403 11.014695 -2.160817 0.620877 -3.479427 -9.907041 11.264923 6.889694 -71.401568 -0.000022 -21.290231 -0.000037 16.302005 -8.257242 -3.297338 2.466098 -1.576210 2.681700 -2.403167 14.334199 14.374785 5.678187 10.939580 0.834234 2.647890 -1.528738 1.528749 -9.005447 11.790109 3.699729 1.998921 -1.154081 1.154073 -0.000000 0.000003 0.000001 9.109318 -0.518012 2.259899 -0.173488 0.550070 -17.975484 0.503374 2.588891 -22.003661 0.919532 3.442800 -29.901130 0.000001 -0.000001 -0.000001 9.533397 0.000003 0.000001 -0.130125 0.129311 -12.193376 0.538219 2.673457 -22.763072 0.853355 3.325284 -28.780068 0.000003 0.000003 -0.000005 9.104495 -0.043001 -1.865103 0.259234 1.910603 -19.071893 0.467956 2.499589 -21.206207 1.080696 3.708483 -32.484947 -0.000001 -0.000004 -0.000004 8.077810 -0.486904 -3.806300 1.452656 5.279101 -19.365060 0.610608 -1.234358 -24.603583 0.770058 3.169167 -27.309530 0.000001 -0.000004 -0.000003 -8.207802 -6.751703 -1.599542 -8.875493 -4.904442 -3.982103 19.669922 0.495224 -3.280474 -10.835496 2.968464 4.995723 -1.016177 0.000003 0.000000 -0.000000 -0.000001 0.000000 8.207800 -6.751680 -1.599543 -6.355589 3.243087 -5.587018 16.259928 9.086791 -0.768166 -10.972983 13.792485 4.762509 0.414025 0.031189 -0.857296 -0.000000 0.000001 0.000000 
6.557486 102.223488 4.643477 -0.473849 -12.597837 1.386304 0.000001 10.181546 0.131522 1.168031 -0.361813 -2.229712 -4.712571 -0.763880 -0.440773 -4.714709 -0.771357 -0.395623 0.000000 16.740355 -2.049027 5.079722 0.179919 0.277340 0.000002 9.617851 1.684975 -7.267179 0.136176 1.106774 0.000001 22.037369 7.501074 -0.000000 0.000001 -0.000000 -4.569999 11.014863 -2.160847 0.477338 3.341110 9.586392 10.800712 4.569032 71.119235 -0.000024 26.633334 0.000003 17.474115 1.239583 1.517122 -2.464793 -1.574011 2.681910 -2.370831 -8.885600 -14.679526 5.318231 -25.302938 -3.828787 -2.646249 -1.527819 1.527817 0.153918 1.577681 1.849006 -1.994614 -1.151579 1.151583 0.000000 -0.000001 0.000003 -9.108297 -0.517878 2.259804 1.007427 -3.678443 25.828673 0.199559 -1.657193 13.733221 0.660237 -2.962148 25.125577 -0.000000 0.000001 0.000003 -9.532503 -0.000001 0.000001 -0.308826 -0.220038 18.674857 0.486933 -2.560763 21.529771 -0.106870 -5.201391 36.223399 0.000001 0.000002 -0.000002 -9.103602 -0.043093 -1.865100 0.140986 -1.915209 26.356312 0.284945 -1.973808 16.426909 -10.064000 -7.882369 24.142972 -0.000000 -0.000000 0.000002 -8.076692 -0.486732 -3.806298 0.271850 -2.004032 21.116814 0.441646 -2.442877 20.491510 0.822365 -3.285233 28.100068 0.000001 0.000002 0.000004 4.570399 11.014668 -2.160823 0.630720 -3.916041 -10.688988 10.876154 6.923664 -70.383727 0.000007 -21.241241 0.000003 16.229001 -8.319898 -3.245192 2.466102 -1.576212 2.681706 -2.398422 14.360519 14.359679 5.681068 10.987214 0.833251 2.647905 -1.528749 1.528753 -8.990906 11.832034 3.668035 1.998909 -1.154094 1.154075 0.000001 -0.000002 -0.000000 9.109305 -0.518013 2.259905 -0.173431 0.547653 -17.948726 0.501837 2.585132 -21.970009 0.916360 3.437300 -29.848425 -0.000000 0.000000 0.000002 9.533396 0.000002 0.000007 -0.129491 0.128950 -12.164633 0.536753 2.669946 -22.731568 0.850841 3.320701 -28.736600 0.000002 0.000000 -0.000001 9.104497 -0.042999 -1.865094 0.256963 1.903346 -19.040547 0.467176 2.497563 -21.188148 1.078887 3.705673 -32.457240 -0.000002 -0.000002 -0.000001 8.077809 -0.486896 -3.806295 1.451894 5.280877 -19.339843 0.608606 -1.238653 -24.564511 0.766623 3.162514 -27.247371 0.000001 0.000001 -0.000000 -8.207800 -6.751709 -1.599542 -9.527351 -4.979668 -4.423971 20.717038 0.989966 -3.194335 -11.220016 2.967158 4.967788 -1.159431 -0.000002 -0.000001 0.000000 -0.000001 -0.000000 8.207801 -6.751703 -1.599543 -7.028022 3.156367 -6.087143 17.450252 9.080622 -0.626728 -11.537630 14.372750 5.804047 0.874190 0.045400 -1.804965 0.000000 0.000000 0.000000 
6.716520 102.096069 4.544253 -0.535355 -12.956939 1.596027 0.000001 10.181547 0.131523 1.041063 -0.344186 -2.605536 -4.521317 -0.732555 -0.523591 -4.524150 -0.742396 -0.479960 0.000001 16.740362 -2.049022 5.198783 0.177796 0.558432 0.000001 9.617832 1.684978 -7.440467 0.139715 1.048704 0.000002 22.037369 7.501067 0.000001 0.000001 -0.000000 -4.569997 11.014867 -2.160840 0.484466 3.628976 9.883008 10.428545 4.856266 70.897637 -0.000002 26.609329 0.000024 17.353487 1.185417 1.604830 -2.464784 -1.574000 2.681910 -2.370740 -8.885672 -14.679465 5.318273 -25.302830 -3.828724 -2.646266 -1.527811 1.527817 0.153799 1.578440 1.849207 -1.994601 -1.151582 1.151582 -0.000003 -0.000002 0.000001 -9.108288 -0.517888 2.259801 1.007360 -3.678322 25.828261 0.199563 -1.657156 13.732887 0.660173 -2.962002 25.124233 -0.000000 -0.000000 0.000001 -9.532486 0.000012 -0.000002 -0.308860 -0.219868 18.674466 0.486889 -2.560637 21.528686 -0.107196 -5.201265 36.221484 0.000003 -0.000001 0.000003 -9.103575 -0.043095 -1.865102 0.140998 -1.915141 26.355576 0.284903 -1.973711 16.426151 -10.064040 -7.882088 24.142156 -0.000002 0.000002 0.000005 -8.076671 -0.486712 -3.806299 0.271834 -2.003918 21.115905 0.441577 -2.442764 20.490619 0.822301 -3.285153 28.099192 -0.000000 0.000002 0.000005 4.570402 11.014682 -2.160818 0.631469 -4.255788 -11.159443 10.478869 6.726304 -69.636381 0.000007 -21.186735 0.000006 16.178580 -8.223953 -3.437783 2.466092 -1.576215 2.681695 -2.393176 14.389390 14.343295 5.684319 11.039000 0.832268 2.647883 -1.528762 1.528748 -8.975017 11.877982 3.634263 1.998925 -1.154093 1.154075 0.000001 0.000001 -0.000000 9.109299 -0.518012 2.259900 -0.173389 0.545068 -17.920369 0.500231 2.581141 -21.934328 0.913018 3.431492 -29.792544 0.000002 0.000003 -0.000001 9.533394 0.000008 -0.000002 -0.128841 0.128593 -12.134137 0.535208 2.666253 -22.698185 0.848168 3.315828 -28.690500 0.000003 -0.000001 -0.000005 9.104499 -0.042999 -1.865108 0.254539 1.895656 -19.007332 0.466347 2.495412 -21.169000 1.077005 3.702695 -32.427887 -0.000001 0.000003 0.000001 8.077798 -0.486881 -3.806303 1.450971 5.282730 -19.313118 0.606553 -1.243201 -24.523094 0.762987 3.155453 -27.181455 0.000002 0.000003 0.000000 -8.207800 -6.751704 -1.599541 -10.126249 -5.101987 -4.900960 21.677989 1.492201 -3.077464 -11.567079 2.972298 4.902094 -1.330898 0.000000 -0.000003 0.000000 0.000001 0.000000 8.207800 -6.751693 -1.599544 -7.633924 3.021814 -6.572143 18.510257 9.073931 -0.436336 -11.714155 15.017086 6.070906 0.630942 0.041180 -2.027202 0.000000 0.000001 0.000000 
6.862064 101.987785 4.441178 -0.647553 -13.245763 1.717365 -0.000000 10.181541 0.131523 0.900728 -0.326391 -2.978416 -4.298594 -0.725101 -0.579550 -4.302060 -0.735520 -0.537316 -0.000000 16.740339 -2.049019 5.341507 0.179313 0.851503 0.000001 9.617861 1.684974 -7.636469 0.153074 1.017739 -0.000000 22.037354 7.501077 0.000001 -0.000002 -0.000001 -4.570000 11.014859 -2.160837 0.488596 3.898282 10.137243 10.061977 5.145103 70.725297 -0.000001 26.596265 0.000045 17.159203 1.248824 1.943938 -2.464794 -1.573999 2.681909 -2.370675 -8.885589 -14.679408 5.318147 -25.302284 -3.828695 -2.646273 -1.527812 1.527820 0.153280 1.580070 1.849438 -1.994594 -1.151578 1.151577 -0.000002 0.000000 0.000001 -9.108296 -0.517883 2.259808 1.007278 -3.678182 25.827196 0.199541 -1.657045 13.731948 0.659993 -2.961660 25.121140 -0.000003 0.000001 0.000000 -9.532482 0.000009 0.000003 -0.308481 -0.220664 18.671391 0.486789 -2.560353 21.526169 -0.108032 -5.201138 36.217611 0.000001 -0.000001 -0.000000 -9.103601 -0.043108 -1.865099 0.141008 -1.915077 26.352893 0.284863 -1.973519 16.424464 -10.064253 -7.881531 24.140385 -0.000000 0.000001 0.000005 -8.076684 -0.486733 -3.806299 0.271814 -2.003828 21.113933 0.441504 -2.442541 20.488693 0.822196 -3.284939 28.097300 0.000001 -0.000001 -0.000002 4.570401 11.014686 -2.160813 0.627650 -4.549285 -11.442004 10.063556 6.470247 -69.137326 0.000007 -21.055443 -0.000019 16.070988 -8.439938 -3.382470 2.466099 -1.576199 2.681697 -2.387495 14.420683 14.325786 5.687872 11.094896 0.831133 2.647893 -1.528748 1.528753 -8.957875 11.927897 3.598436 1.998921 -1.154080 1.154079 0.000001 0.000001 0.000001 9.109292 -0.518012 2.259896 -0.173397 0.542301 -17.890432 0.498542 2.576941 -21.896690 0.909483 3.425321 -29.733524 -0.000001 0.000002 -0.000002 9.533401 0.000001 -0.000002 -0.128205 0.128126 -12.101978 0.533565 2.662336 -22.662926 0.845348 3.310697 -28.641835 -0.000003 -0.000002 -0.000002 9.104502 -0.042994 -1.865104 0.251983 1.887588 -18.972225 0.465482 2.493138 -21.148750 1.075009 3.699553 -32.396858 0.000003 0.000002 -0.000001 8.077796 -0.486898 -3.806303 1.450045 5.284752 -19.284906 0.604362 -1.248006 -24.479393 0.759154 3.147992 -27.111835 0.000000 0.000002 -0.000002 -8.207800 -6.751703 -1.599542 -10.552153 -5.175362 -5.266929 22.440313 1.898742 -2.960195 -11.828042 2.978817 4.838057 -1.507958 -0.000001 -0.000000 -0.000000 -0.000000 0.000000 8.207799 -6.751687 -1.599542 -8.201785 2.966644 -6.896065 19.603872 9.038170 -0.296129 -11.718878 15.500935 6.078815 0.155371 0.035350 -1.967335 -0.000000 0.000001 0.000000 
6.984526 101.880852 4.318525 -0.753955 -13.541630 1.889120 0.000001 10.181557 0.131523 0.737785 -0.318496 -3.370935 -4.069139 -0.699574 -0.665536 -4.073359 -0.711630 -0.625415 -0.000002 16.740364 -2.049019 5.477790 0.181000 1.182328 0.000000 9.617846 1.684982 -7.755290 0.162667 0.986798 -0.000002 22.037354 7.501073 -0.000000 0.000001 0.000001 -4.570004 11.014883 -2.160837 0.496386 4.101827 10.438336 9.734077 5.440950 70.547248 -0.000015 26.617869 0.000025 17.020338 1.258530 2.228205 -2.464804 -1.573999 2.681912 -2.370622 -8.885362 -14.679340 5.317805 -25.300776 -3.828706 -2.646248 -1.527821 1.527816 0.152345 1.582536 1.849752 -1.994610 -1.151587 1.151582 -0.000000 -0.000004 0.000005 -9.108323 -0.517888 2.259801 1.007179 -3.678044 25.825456 0.199486 -1.656864 13.730437 0.659565 -2.960713 25.112545 0.000002 -0.000001 -0.000003 -9.532505 -0.000006 -0.000004 -0.307852 -0.222083 18.666475 0.486541 -2.559743 21.520763 -0.109685 -5.200575 36.208076 -0.000003 0.000001 0.000003 -9.103618 -0.043094 -1.865104 0.141052 -1.914820 26.346833 0.284733 -1.973216 16.421831 -10.064730 -7.880401 24.136692 -0.000001 0.000002 0.000006 -8.076700 -0.486728 -3.806299 0.271769 -2.003645 21.109880 0.441325 -2.442081 20.484571 0.821971 -3.284521 28.093342 -0.000000 0.000000 0.000004 4.570402 11.014686 -2.160813 0.621933 -4.823395 -11.650754 9.680450 6.174777 -68.738354 -0.000005 -20.990233 0.000027 16.130938 -8.408049 -3.354043 2.466100 -1.576199 2.681695 -2.381190 14.454412 14.307009 5.691781 11.154796 0.829986 2.647887 -1.528756 1.528750 -8.939466 11.981667 3.560574 1.998917 -1.154080 1.154072 0.000001 0.000003 -0.000000 9.109278 -0.518015 2.259900 -0.173382 0.539394 -17.858923 0.496761 2.572515 -21.857048 0.905770 3.418826 -29.671469 0.000002 -0.000001 0.000004 9.533381 0.000003 0.000001 -0.127468 0.127711 -12.068117 0.531840 2.658212 -22.625857 0.842395 3.305288 -28.590632 0.000000 0.000001 0.000000 9.104499 -0.042998 -1.865102 0.249323 1.879023 -18.935315 0.464535 2.490742 -21.127455 1.072902 3.696246 -32.364226 0.000002 0.000005 0.000003 8.077796 -0.486882 -3.806304 1.449056 5.286824 -19.255224 0.602052 -1.253060 -24.433371 0.755135 3.140158 -27.038596 -0.000002 0.000001 -0.000002 -8.207797 -6.751693 -1.599543 -11.000050 -5.189449 -5.626383 23.212791 2.233706 -2.905251 -12.084403 2.982027 4.797279 -1.642231 0.000002 0.000002 -0.000000 -0.000001 -0.000000 8.207800 -6.751693 -1.599545 -8.727306 2.952540 -7.212349 20.603418 8.986578 -0.236148 -11.684932 15.955257 6.123623 -0.361770 0.029691 -1.802420 0.000000 0.000001 0.000000 
7.087125 101.770790 4.199227 -0.838055 -13.801964 2.107857 0.000000 10.181559 0.131524 0.551076 -0.296181 -3.782067 -3.842205 -0.681602 -0.787864 -3.847236 -0.696324 -0.749500 0.000001 16.740362 -2.049019 5.619523 0.174717 1.542673 -0.000001 9.617862 1.684975 -7.870988 0.197428 0.968603 -0.000002 22.037384 7.501072 0.000001 0.000002 0.000000 -4.570001 11.014853 -2.160838 0.504307 4.358625 10.808320 9.469492 5.717400 70.325486 0.000001 26.684128 0.000032 16.940391 1.230419 2.397216 -2.464798 -1.573992 2.681912 -2.370579 -8.884981 -14.679301 5.317256 -25.297354 -3.828617 -2.646272 -1.527804 1.527815 0.150583 1.588594 1.850434 -1.994594 -1.151570 1.151577 0.000001 -0.000002 0.000005 -9.108297 -0.517884 2.259805 1.006947 -3.677670 25.820852 0.199430 -1.656615 13.728349 0.658946 -2.959375 25.100383 -0.000002 0.000002 0.000005 -9.532497 0.000014 0.000002 -0.307055 -0.223682 18.660246 0.486082 -2.558601 21.510682 -0.112020 -5.199757 36.194648 -0.000000 -0.000001 -0.000001 -9.103598 -0.043112 -1.865100 0.141156 -1.914583 26.339028 0.284510 -1.972495 16.415639 -10.065692 -7.878320 24.129757 0.000000 0.000002 0.000007 -8.076702 -0.486729 -3.806299 0.271681 -2.003214 21.102235 0.441028 -2.441213 20.476982 0.821555 -3.283738 28.085985 0.000001 -0.000002 -0.000000 4.570401 11.014687 -2.160812 0.615653 -4.980819 -11.591818 9.333453 5.808779 -68.624318 -0.000013 -21.001804 0.000028 16.281303 -8.151816 -3.631241 2.466092 -1.576220 2.681702 -2.374473 14.490520 14.287033 5.696099 11.218594 0.828773 2.647888 -1.528762 1.528745 -8.919770 12.039206 3.520727 1.998917 -1.154090 1.154074 0.000000 0.000000 0.000003 9.109293 -0.518009 2.259898 -0.173384 0.536284 -17.825928 0.494894 2.567871 -21.815500 0.901920 3.412030 -29.606398 0.000002 -0.000002 -0.000002 9.533391 0.000006 -0.000001 -0.126699 0.127248 -12.032597 0.530038 2.653892 -22.586947 0.839301 3.299621 -28.536962 0.000000 0.000000 0.000000 9.104503 -0.042999 -1.865102 0.246546 1.870098 -18.896617 0.463572 2.488242 -21.105146 1.070676 3.692763 -32.330021 -0.000002 0.000005 0.000000 8.077798 -0.486896 -3.806302 1.448033 5.289028 -19.224081 0.599632 -1.258361 -24.385164 0.750940 3.131924 -26.961837 0.000002 0.000001 -0.000001 -8.207799 -6.751712 -1.599543 -11.480725 -5.216088 -6.019601 24.009257 2.553888 -2.858817 -12.358358 2.984943 4.749394 -1.706666 -0.000002 0.000005 0.000000 0.000000 0.000000 8.207799 -6.751707 -1.599545 -9.196691 2.973377 -7.517357 21.484258 8.936268 -0.249032 -11.658102 16.320185 6.180809 -0.812116 0.025326 -1.664687 -0.000000 -0.000000 0.000000 
7.195310 101.669525 4.081730 -0.950483 -14.127311 2.342028 0.000000 10.181546 0.131524 0.363324 -0.241785 -4.205847 -3.584679 -0.596839 -0.906991 -3.590750 -0.613524 -0.873400 0.000001 16.740355 -2.049021 5.739256 0.187518 1.863640 -0.000001 9.617857 1.684979 -8.108306 0.209387 1.021728 -0.000001 22.037354 7.501077 0.000000 0.000000 -0.000000 -4.569997 11.014869 -2.160840 0.517315 4.458471 11.170721 9.209736 6.044761 70.113463 -0.000013 26.772284 0.000058 16.919825 1.283725 2.466237 -2.464793 -1.574019 2.681908 -2.370555 -8.884451 -14.679227 5.316506 -25.293403 -3.828576 -2.646269 -1.527796 1.527811 0.147112 1.596353 1.851553 -1.994620 -1.151588 1.151581 0.000002 -0.000000 0.000003 -9.108290 -0.517866 2.259804 1.006623 -3.677218 25.814925 0.199296 -1.656017 13.723306 0.658160 -2.957694 25.085140 -0.000002 -0.000001 0.000005 -9.532476 0.000010 -0.000000 -0.306193 -0.225360 18.652198 0.485535 -2.557173 21.498056 -0.116453 -5.199813 36.177647 -0.000002 -0.000000 -0.000002 -9.103574 -0.043112 -1.865101 0.141838 -1.915486 26.328945 0.284263 -1.971539 16.407417 -10.066965 -7.875725 24.121129 -0.000000 0.000001 0.000003 -8.076679 -0.486741 -3.806300 0.271601 -2.002690 21.092801 0.440587 -2.440120 20.467440 0.821021 -3.282749 28.076813 -0.000000 0.000003 0.000003 4.570398 11.014683 -2.160815 0.610102 -5.304570 -12.069323 8.903201 5.661667 -68.032147 0.000010 -21.000050 0.000021 16.368926 -8.101876 -3.907785 2.466094 -1.576200 2.681707 -2.367180 14.528950 14.265922 5.700748 11.286228 0.827451 2.647895 -1.528752 1.528754 -8.898839 12.100441 3.478906 1.998929 -1.154080 1.154079 0.000001 0.000004 0.000001 9.109291 -0.518011 2.259902 -0.173381 0.533055 -17.791388 0.492951 2.563009 -21.772082 0.897894 3.404935 -29.538393 0.000002 0.000004 -0.000001 9.533394 0.000001 0.000003 -0.125942 0.126763 -11.995484 0.528159 2.649366 -22.546313 0.836077 3.293684 -28.480842 0.000005 -0.000000 0.000001 9.104495 -0.042993 -1.865099 0.243638 1.860737 -18.856146 0.462558 2.485621 -21.081813 1.068381 3.689133 -32.294248 0.000003 0.000005 -0.000000 8.077805 -0.486898 -3.806298 1.446931 5.291327 -19.191544 0.597142 -1.263936 -24.334733 0.746557 3.123317 -26.881576 0.000000 -0.000002 -0.000000 -8.207802 -6.751716 -1.599543 -11.934391 -5.307242 -6.471928 24.764613 3.021423 -2.785387 -12.602274 2.995082 4.660098 -1.706041 -0.000000 0.000001 -0.000000 -0.000001 -0.000000 8.207801 -6.751713 -1.599545 -9.360866 2.962027 -7.861070 21.872550 8.936924 -0.268775 -11.761627 16.646353 6.257419 -0.867198 0.025536 -1.671098 0.000000 -0.000000 -0.000000 
7.297787 101.567070 3.975470 -1.080656 -14.544951 2.560113 0.000001 10.181529 0.131524 0.148516 -0.192452 -4.594396 -3.345666 -0.540056 -0.984472 -3.352489 -0.556443 -0.955239 -0.000001 16.740366 -2.049020 5.881066 0.234090 2.114208 0.000001 9.617863 1.684971 -8.279595 0.380598 0.993876 -0.000002 22.037399 7.501069 -0.000000 0.000000 -0.000000 -4.569998 11.014855 -2.160841 0.505429 4.839781 11.289676 8.974711 6.322491 70.098088 -0.000011 26.779577 -0.000001 16.881784 1.277602 2.476333 -2.464786 -1.573982 2.681911 -2.370488 -8.883438 -14.679139 5.315588 -25.288815 -3.828569 -2.646280 -1.527791 1.527815 0.142563 1.605701 1.852205 -1.994594 -1.151583 1.151578 -0.000000 -0.000003 0.000001 -9.108296 -0.517887 2.259801 1.006278 -3.676682 25.807689 0.199092 -1.655262 13.716931 0.657224 -2.955687 25.066793 -0.000003 0.000000 0.000005 -9.532494 0.000009 -0.000000 -0.305159 -0.227405 18.642568 0.484869 -2.555454 21.482909 -0.121960 -5.200030 36.157263 0.000001 -0.000000 -0.000002 -9.103587 -0.043115 -1.865099 0.142770 -1.916795 26.316782 0.283920 -1.970370 16.397570 -10.068448 -7.872625 24.110752 -0.000001 0.000002 0.000005 -8.076682 -0.486731 -3.806298 0.271635 -2.002517 21.081324 0.440107 -2.438812 20.456043 0.820403 -3.281568 28.065799 -0.000001 0.000000 0.000001 4.570403 11.014700 -2.160817 0.607623 -5.468466 -12.433022 8.685339 5.472660 -67.527348 -0.000001 -21.172688 -0.000003 16.218580 -8.043399 -4.034942 2.466090 -1.576204 2.681699 -2.359416 14.569599 14.243577 5.705751 11.357598 0.825963 2.647872 -1.528720 1.528745 -8.876651 12.165281 3.435142 1.998916 -1.154078 1.154072 0.000002 0.000001 0.000003 9.109291 -0.518013 2.259900 -0.173384 0.529632 -17.755406 0.490939 2.557964 -21.726767 0.893654 3.397491 -29.467430 -0.000000 0.000003 0.000000 9.533382 0.000004 -0.000003 -0.125136 0.126304 -11.956821 0.526203 2.644638 -22.503904 0.832702 3.287493 -28.422314 0.000003 0.000004 0.000000 9.104496 -0.042994 -1.865104 0.240628 1.850997 -18.813917 0.461503 2.482878 -21.057514 1.065989 3.685333 -32.256975 -0.000001 0.000001 0.000000 8.077791 -0.486897 -3.806305 1.445791 5.293730 -19.157615 0.594533 -1.269696 -24.282166 0.742002 3.114334 -26.797887 -0.000001 -0.000000 -0.000000 -8.207800 -6.751711 -1.599545 -12.359494 -5.336258 -6.865425 25.499104 3.454423 -2.769603 -12.832808 3.003435 4.594735 -1.612164 0.000008 -0.000000 0.000000 -0.000000 0.000000 8.207800 -6.751724 -1.599542 -9.471908 2.956076 -8.194397 22.217461 8.943687 -0.283713 -11.902766 16.993244 6.325632 -0.875540 0.026005 -1.686144 -0.000000 0.000000 0.000000 
7.391471 101.450935 3.883820 -1.227088 -15.032522 2.818549 -0.000000 10.181545 0.131525 -0.071254 -0.121108 -4.987745 -3.093491 -0.443046 -1.086825 -3.101130 -0.459403 -1.063023 -0.000002 16.740351 -2.049019 5.997823 0.287057 2.392170 0.000000 9.617860 1.684980 -8.426333 0.651183 0.879446 0.000001 22.037354 7.501073 0.000001 0.000000 0.000000 -4.570004 11.014868 -2.160840 0.498057 5.153124 11.460286 8.700295 6.656646 70.051329 -0.000004 26.731400 0.000006 16.922827 1.241668 2.592052 -2.464795 -1.573993 2.681910 -2.370329 -8.881374 -14.678850 5.314493 -25.283168 -3.828520 -2.646275 -1.527809 1.527817 0.137413 1.616597 1.852753 -1.994593 -1.151581 1.151580 -0.000001 -0.000003 -0.000002 -9.108312 -0.517869 2.259802 1.005862 -3.676097 25.799339 0.198888 -1.654389 13.709499 0.656111 -2.953332 25.045515 -0.000002 0.000001 -0.000000 -9.532503 0.000008 -0.000003 -0.303799 -0.230157 18.631257 0.484067 -2.553473 21.465261 -0.128260 -5.200176 36.133548 -0.000001 0.000001 -0.000003 -9.103582 -0.043108 -1.865101 0.143764 -1.918070 26.302666 0.283520 -1.969041 16.386059 -10.070228 -7.869011 24.098653 -0.000002 0.000003 0.000006 -8.076694 -0.486732 -3.806298 0.272008 -2.003180 21.067934 0.439564 -2.437307 20.442719 0.819669 -3.280188 28.052975 -0.000002 -0.000001 -0.000001 4.570400 11.014672 -2.160815 0.605768 -5.556091 -12.606915 8.469782 5.218700 -67.167131 -0.000017 -21.310977 -0.000025 16.122836 -8.016597 -4.210769 2.466095 -1.576209 2.681698 -2.351120 14.612498 14.220125 5.711140 11.432656 0.824362 2.647894 -1.528727 1.528751 -8.853213 12.233606 3.389428 1.998924 -1.154096 1.154075 -0.000001 0.000004 0.000003 9.109304 -0.518012 2.259897 -0.173388 0.526080 -17.717961 0.488838 2.552676 -21.679680 0.889284 3.389749 -29.393634 -0.000004 -0.000001 -0.000002 9.533401 0.000008 -0.000003 -0.124303 0.125769 -11.916560 0.524170 2.639741 -22.459815 0.829234 3.281060 -28.361462 -0.000002 -0.000002 -0.000002 9.104501 -0.042995 -1.865100 0.237489 1.840826 -18.770063 0.460409 2.480035 -21.032207 1.063498 3.681401 -32.218180 -0.000000 0.000001 0.000000 8.077806 -0.486885 -3.806301 1.444593 5.296190 -19.122339 0.591813 -1.275731 -24.227504 0.737297 3.104982 -26.710852 0.000000 -0.000003 -0.000000 -8.207802 -6.751716 -1.599543 -12.795016 -5.260052 -7.230507 26.307064 3.845610 -2.869333 -13.108899 3.003436 4.588509 -1.499551 -0.000009 -0.000002 -0.000000 -0.000000 -0.000000 8.207800 -6.751703 -1.599544 -9.565974 2.959347 -8.575781 22.578022 8.936331 -0.316448 -12.082690 17.485930 6.410932 -0.880518 0.026275 -1.694822 -0.000000 0.000000 0.000000 
7.484191 101.328835 3.814732 -1.347422 -15.434100 3.140745 -0.000001 10.181556 0.131523 -0.315149 -0.059085 -5.371817 -2.863852 -0.373442 -1.212788 -2.872111 -0.389594 -1.193210 -0.000000 16.740376 -2.049018 6.129531 0.365590 2.666779 0.000001 9.617867 1.684977 -8.611520 1.073586 0.702045 0.000000 22.037399 7.501073 0.000003 -0.000001 -0.000000 -4.569998 11.014894 -2.160837 0.489663 5.442461 11.599056 8.520442 6.984569 70.006714 -0.000019 26.769055 0.000054 16.964865 1.187616 2.643735 -2.464795 -1.574000 2.681907 -2.370129 -8.879121 -14.678582 5.313197 -25.276905 -3.828513 -2.646268 -1.527801 1.527813 0.131649 1.629036 1.853466 -1.994594 -1.151584 1.151577 -0.000001 -0.000000 0.000004 -9.108306 -0.517887 2.259801 1.005697 -3.676031 25.789715 0.198649 -1.653390 13.701085 0.654865 -2.950666 25.021280 -0.000001 -0.000000 0.000000 -9.532499 0.000006 -0.000004 -0.302319 -0.233115 18.618445 0.483176 -2.551190 21.445203 -0.135586 -5.200454 36.106545 0.000001 0.000000 0.000000 -9.103611 -0.043114 -1.865104 0.144874 -1.919496 26.286594 0.283066 -1.967519 16.372978 -10.072254 -7.864924 24.084917 0.000000 0.000001 0.000002 -8.076680 -0.486728 -3.806302 0.272419 -2.003828 21.052684 0.438887 -2.435575 20.427586 0.818831 -3.278631 28.038372 0.000001 -0.000002 -0.000003 4.570399 11.014683 -2.160811 0.603624 -5.648265 -12.799711 8.336762 4.940758 -66.757593 0.000006 -21.543709 0.000010 15.914838 -7.877520 -4.469850 2.466088 -1.576203 2.681702 -2.342313 14.657509 14.195583 5.716881 11.511284 0.822653 2.647891 -1.528747 1.528747 -8.828507 12.305381 3.341829 1.998924 -1.154082 1.154070 0.000003 -0.000002 0.000003 9.109287 -0.518014 2.259903 -0.173366 0.522454 -17.679130 0.486677 2.547199 -21.630774 0.884747 3.381733 -29.317043 0.000002 -0.000002 -0.000003 9.533381 0.000003 0.000000 -0.123419 0.125235 -11.874782 0.522061 2.634661 -22.414051 0.825603 3.274352 -28.298271 0.000001 0.000000 -0.000003 9.104482 -0.042995 -1.865097 0.234255 1.830288 -18.724521 0.459260 2.477071 -21.005946 1.060929 3.677316 -32.177923 0.000001 0.000007 0.000001 8.077791 -0.486884 -3.806300 1.443368 5.298758 -19.085702 0.588994 -1.281988 -24.170731 0.732412 3.095266 -26.620493 -0.000000 0.000001 0.000000 -8.207800 -6.751699 -1.599541 -13.255848 -5.209701 -7.657243 27.145451 4.241005 -2.998680 -13.423352 2.994947 4.599124 -1.278017 0.000001 0.000003 0.000000 -0.000000 0.000000 8.207798 -6.751698 -1.599543 -9.656993 2.938374 -9.031919 22.894944 8.921460 -0.343211 -12.260162 17.980577 6.506189 -0.881625 0.026300 -1.696162 -0.000000 0.000000 0.000000 
7.589838 101.210091 3.750568 -1.472370 -15.752066 3.477717 0.000001 10.181545 0.131524 -0.576665 -0.004005 -5.733473 -2.649828 -0.327689 -1.347747 -2.658494 -0.342852 -1.331586 0.000001 16.740364 -2.049018 6.266363 0.420994 2.765718 0.000002 9.617842 1.684979 -8.697624 1.133293 0.883499 -0.000003 22.037399 7.501071 0.000001 -0.000001 -0.000000 -4.569993 11.014890 -2.160842 0.483461 5.690030 11.759292 8.369257 7.223249 69.988347 -0.000023 26.796871 0.000033 17.015866 1.208670 2.632994 -2.464797 -1.573997 2.681911 -2.369972 -8.876695 -14.678256 5.310254 -25.269839 -3.829334 -2.646258 -1.527800 1.527817 0.124981 1.642896 1.854386 -1.994594 -1.151586 1.151579 0.000001 -0.000004 -0.000002 -9.108294 -0.517886 2.259806 1.005613 -3.676118 25.778932 0.198371 -1.652274 13.691623 0.653452 -2.947669 24.994157 -0.000000 0.000001 0.000004 -9.532504 0.000006 0.000000 -0.300631 -0.236525 18.604091 0.482169 -2.548648 21.422752 -0.143672 -5.200693 36.076325 -0.000000 0.000000 0.000003 -9.103593 -0.043093 -1.865099 0.146201 -1.921315 26.268592 0.282592 -1.965802 16.358358 -10.074539 -7.860328 24.069505 0.000001 0.000001 0.000005 -8.076688 -0.486729 -3.806299 0.272816 -2.004431 21.035646 0.438193 -2.433655 20.410629 0.817889 -3.276867 28.022019 0.000001 -0.000001 0.000001 4.570404 11.014715 -2.160816 0.599895 -5.769420 -13.002084 8.206381 4.720663 -66.375007 0.000028 -21.699006 0.000018 15.867021 -7.770490 -4.724523 2.466088 -1.576207 2.681701 -2.333052 14.704627 14.169952 5.722933 11.593382 0.820848 2.647896 -1.528762 1.528754 -8.802558 12.380477 3.292379 1.998921 -1.154089 1.154079 0.000002 -0.000000 -0.000002 9.109293 -0.518012 2.259899 -0.173322 0.518775 -17.638842 0.484406 2.541531 -21.580141 0.880079 3.373410 -29.237707 -0.000001 -0.000002 -0.000002 9.533399 0.000002 -0.000001 -0.122552 0.124694 -11.831494 0.519902 2.629372 -22.366657 0.821864 3.267424 -28.232840 0.000000 -0.000002 0.000001 9.104495 -0.043003 -1.865101 0.230925 1.819352 -18.677342 0.458107 2.474031 -20.978735 1.058235 3.673062 -32.136224 -0.000001 0.000001 -0.000000 8.077803 -0.486880 -3.806301 1.442066 5.301457 -19.047750 0.586100 -1.288460 -24.111927 0.727363 3.085204 -26.526909 -0.000001 -0.000003 -0.000002 -8.207800 -6.751718 -1.599542 -13.697961 -5.236783 -8.146694 27.951813 4.693285 -3.099664 -13.730147 2.986966 4.591601 -1.114056 -0.000001 -0.000000 -0.000000 0.000001 0.000000 8.207800 -6.751691 -1.599544 -9.719562 2.921335 -9.502377 23.166265 8.897649 -0.389429 -12.425143 18.421604 6.628457 -0.880826 0.026239 -1.693910 0.000000 -0.000000 0.000000 
7.717560 101.091545 3.708375 -1.541122 -15.982501 3.866068 -0.000000 10.181557 0.131526 -0.860993 0.046036 -6.073505 -2.468185 -0.301662 -1.497658 -2.477041 -0.315024 -1.484335 -0.000002 16.740393 -2.049020 6.415755 0.489639 2.901741 0.000001 9.617851 1.684982 -8.752082 1.373699 0.876350 0.000002 22.037354 7.501073 0.000001 0.000000 -0.000000 -4.570000 11.014902 -2.160838 0.478777 5.844344 11.847317 8.238459 7.407824 70.081450 -0.000014 26.833669 0.000033 17.126168 1.262566 2.555070 -2.464770 -1.573995 2.681917 -2.369802 -8.874144 -14.678018 5.306713 -25.262044 -3.830327 -2.646270 -1.527784 1.527812 0.117749 1.658208 1.855479 -1.994605 -1.151581 1.151578 0.000003 -0.000003 -0.000000 -9.108270 -0.517876 2.259809 1.005466 -3.676145 25.767015 0.198073 -1.651030 13.681163 0.651903 -2.944369 24.964148 -0.000003 -0.000001 0.000003 -9.532486 0.000006 0.000003 -0.298781 -0.240271 18.588186 0.481065 -2.545835 21.397968 -0.152656 -5.200988 36.042939 0.000002 0.000001 0.000001 -9.103592 -0.043112 -1.865099 0.147621 -1.923178 26.248711 0.282016 -1.963913 16.342165 -10.077059 -7.855276 24.052498 -0.000002 0.000001 0.000004 -8.076678 -0.486717 -3.806294 0.273270 -2.005061 21.016781 0.437361 -2.431513 20.391914 0.816861 -3.274937 28.003979 -0.000001 0.000000 0.000002 4.570399 11.014686 -2.160814 0.594634 -5.919228 -13.250960 8.099306 4.536484 -65.962538 0.000030 -21.841745 0.000026 16.063688 -7.700880 -4.935009 2.466079 -1.576209 2.681705 -2.323228 14.753764 14.143210 5.729338 11.678922 0.818970 2.647892 -1.528751 1.528751 -8.775384 12.458834 3.241044 1.998921 -1.154089 1.154082 -0.000001 0.000002 0.000001 9.109285 -0.518007 2.259902 -0.173269 0.514936 -17.597214 0.482090 2.535656 -21.527761 0.875279 3.364810 -29.155694 -0.000001 0.000001 0.000000 9.533409 0.000008 0.000001 -0.121609 0.124146 -11.786742 0.517647 2.623918 -22.317667 0.818040 3.260255 -28.165163 0.000003 0.000001 -0.000001 9.104501 -0.042995 -1.865098 0.227496 1.808050 -18.628557 0.456904 2.470871 -20.950613 1.055487 3.668679 -32.093092 -0.000000 0.000001 0.000002 8.077797 -0.486879 -3.806303 1.440761 5.304201 -19.008500 0.583080 -1.295183 -24.051167 0.722153 3.074768 -26.430153 0.000001 0.000006 -0.000004 -8.207802 -6.751715 -1.599541 -14.194955 -5.359824 -8.742756 28.743280 5.193301 -3.158065 -14.038458 2.977688 4.566183 -0.999311 -0.000016 -0.000002 0.000000 0.000000 0.000000 8.207800 -6.751698 -1.599543 -9.813495 2.855034 -10.050586 23.380462 8.866061 -0.413126 -12.568948 18.855985 6.782125 -0.879939 0.026165 -1.691461 0.000000 0.000000 0.000000 
7.846504 100.974976 3.655914 -1.556034 -16.162552 4.261028 -0.000000 10.181555 0.131524 -1.152607 0.090516 -6.380034 -2.293993 -0.294117 -1.650903 -2.302768 -0.304414 -1.640040 -0.000001 16.740400 -2.049021 6.567533 0.559333 3.037939 -0.000001 9.617841 1.684979 -8.887502 1.633020 0.841735 0.000002 22.037384 7.501076 -0.000003 -0.000002 -0.000001 -4.569996 11.014894 -2.160843 0.472593 5.992309 11.890044 8.146358 7.605995 70.183158 -0.000010 26.938427 0.000036 17.190116 1.253947 2.530956 -2.464782 -1.574014 2.681909 -2.369626 -8.871177 -14.677697 5.302948 -25.253532 -3.831374 -2.646265 -1.527815 1.527815 0.109823 1.674965 1.856738 -1.994617 -1.151585 1.151579 -0.000001 -0.000004 0.000005 -9.108290 -0.517882 2.259803 1.005254 -3.676130 25.754003 0.197740 -1.649672 13.669720 0.650244 -2.940762 24.931372 -0.000001 -0.000000 0.000002 -9.532487 -0.000005 -0.000000 -0.296779 -0.244381 18.570828 0.479872 -2.542772 21.370806 -0.162498 -5.201302 36.006476 -0.000002 0.000001 0.000001 -9.103577 -0.043109 -1.865103 0.149175 -1.925295 26.226945 0.281424 -1.961842 16.324518 -10.079814 -7.849760 24.033909 -0.000002 0.000002 0.000004 -8.076673 -0.486730 -3.806299 0.273802 -2.005956 20.996153 0.436512 -2.429191 20.371451 0.815737 -3.272813 27.984214 -0.000001 0.000001 0.000001 4.570398 11.014707 -2.160816 0.589634 -6.049351 -13.476909 7.994203 4.362042 -65.572384 0.000002 -22.007973 0.000003 16.162143 -7.550136 -5.128972 2.466105 -1.576212 2.681703 -2.312957 14.804911 14.115425 5.736097 11.767789 0.816917 2.647888 -1.528755 1.528742 -8.746928 12.540331 3.187893 1.998921 -1.154093 1.154074 -0.000003 -0.000001 0.000001 9.109321 -0.518014 2.259898 -0.173255 0.510951 -17.554264 0.479699 2.529612 -21.473719 0.870309 3.355912 -29.071047 0.000000 0.000002 0.000001 9.533404 0.000010 0.000000 -0.120688 0.123555 -11.740586 0.515336 2.618273 -22.267048 0.814067 3.252869 -28.095362 0.000001 0.000006 0.000002 9.104505 -0.042993 -1.865103 0.223935 1.796393 -18.578226 0.455638 2.467599 -20.921561 1.052651 3.664145 -32.048607 -0.000001 0.000001 0.000003 8.077807 -0.486902 -3.806300 1.439318 5.307066 -18.968035 0.580015 -1.302103 -23.988413 0.716811 3.064004 -26.330304 0.000006 0.000007 -0.000003 -8.207804 -6.751705 -1.599542 -14.750200 -5.553165 -9.383193 29.501356 5.734803 -3.149324 -14.317012 2.974510 4.490194 -0.865450 -0.000006 0.000002 -0.000000 0.000001 0.000000 8.207800 -6.751688 -1.599542 -9.958279 2.831363 -10.539177 23.591914 8.833173 -0.507550 -12.707779 19.194479 6.958190 -0.879848 0.026130 -1.690567 0.000000 -0.000000 0.000000 
7.985645 100.869232 3.596182 -1.601550 -16.314294 4.630502 0.000000 10.181544 0.131524 -1.433988 0.130187 -6.648321 -2.098000 -0.308895 -1.806371 -2.106452 -0.314769 -1.797636 -0.000001 16.740408 -2.049023 6.744157 0.615068 3.144120 -0.000001 9.617846 1.684978 -9.119146 1.777727 0.860460 0.000001 22.037354 7.501063 -0.000001 0.000000 -0.000000 -4.569998 11.014864 -2.160844 0.465329 6.187324 11.977374 8.089142 7.802869 70.196258 0.000001 27.078099 0.000031 17.256422 1.279336 2.563583 -2.464808 -1.574008 2.681913 -2.369660 -8.867890 -14.677518 5.299041 -25.244285 -3.832479 -2.646265 -1.527805 1.527818 0.101207 1.693131 1.857915 -1.994614 -1.151569 1.151580 0.000002 -0.000006 0.000003 -9.108319 -0.517874 2.259805 1.005034 -3.676058 25.739909 0.197389 -1.648218 13.657332 0.648419 -2.936844 24.895845 -0.000003 0.000001 0.000006 -9.532502 -0.000009 0.000003 -0.294597 -0.248845 18.552030 0.478585 -2.539431 21.341426 -0.173146 -5.201611 35.966922 0.000001 -0.000001 0.000003 -9.103608 -0.043109 -1.865097 0.150885 -1.927561 26.203397 0.280768 -1.959611 16.305350 -10.083305 -7.843959 24.013705 -0.000001 0.000002 0.000005 -8.076700 -0.486731 -3.806296 0.274362 -2.006833 20.973810 0.435575 -2.426651 20.349258 0.814522 -3.270532 27.962846 0.000003 0.000000 0.000003 4.570402 11.014678 -2.160817 0.582390 -6.208643 -13.665761 7.862868 4.281972 -65.253626 0.000017 -22.128549 0.000031 16.279630 -7.504445 -5.376549 2.466088 -1.576210 2.681701 -2.302185 14.857963 14.086540 5.743142 11.859879 0.814731 2.647877 -1.528746 1.528740 -8.717240 12.624886 3.132991 1.998924 -1.154080 1.154080 0.000001 0.000000 0.000003 9.109281 -0.518010 2.259900 -0.173233 0.506821 -17.510011 0.477253 2.523368 -21.418044 0.865209 3.346736 -28.983798 -0.000003 0.000003 0.000001 9.533396 0.000008 0.000000 -0.119686 0.122953 -11.692981 0.512958 2.612463 -22.214944 0.809972 3.245201 -28.023409 -0.000001 -0.000001 0.000000 9.104504 -0.042994 -1.865102 0.220333 1.784355 -18.526340 0.454374 2.464245 -20.891648 1.049714 3.659457 -32.002742 -0.000003 -0.000000 0.000003 8.077789 -0.486887 -3.806302 1.437911 5.309997 -18.926287 0.576825 -1.309239 -23.923772 0.711321 3.052899 -26.227378 0.000002 -0.000001 -0.000002 -8.207801 -6.751721 -1.599543 -15.257983 -5.805244 -10.050610 30.187117 6.306279 -3.092957 -14.551827 2.976882 4.383950 -0.809717 0.000013 0.000002 0.000000 0.000000 -0.000000 8.207797 -6.751715 -1.599542 -10.043808 2.864540 -10.960782 23.765464 8.790063 -0.676486 -12.837558 19.436615 7.175390 -0.880053 0.026130 -1.690257 0.000000 0.000001 0.000000 
8.130561 100.769257 3.516896 -1.702372 -16.434630 4.889772 0.000001 10.181540 0.131522 -1.684291 0.166307 -6.851875 -1.845728 -0.329630 -1.924047 -1.853575 -0.329320 -1.917418 0.000001 16.740343 -2.049021 6.837274 0.685154 3.230767 -0.000001 9.617842 1.684979 -9.296389 2.021402 0.894551 -0.000003 22.037384 7.501076 -0.000000 -0.000001 0.000000 -4.570002 11.014880 -2.160838 0.461706 6.358100 12.147604 8.079724 8.099977 69.988545 -0.000008 27.341223 0.000033 17.515863 1.351591 2.489069 -2.464809 -1.573992 2.681910 -2.370199 -8.864319 -14.677716 5.294725 -25.234337 -3.833538 -2.646252 -1.527816 1.527813 0.091893 1.712675 1.859176 -1.994586 -1.151588 1.151575 -0.000001 -0.000002 0.000001 -9.108307 -0.517862 2.259803 1.004763 -3.675934 25.724736 0.196994 -1.646643 13.644002 0.646465 -2.932620 24.857662 -0.000003 -0.000003 0.000001 -9.532515 0.000008 -0.000002 -0.292230 -0.253640 18.531784 0.477158 -2.535849 21.309811 -0.184618 -5.201937 35.924340 0.000001 0.000000 -0.000001 -9.103608 -0.043109 -1.865103 0.152713 -1.930022 26.178035 0.280061 -1.957205 16.284715 -10.087120 -7.837774 23.991927 -0.000001 -0.000001 0.000001 -8.076694 -0.486728 -3.806297 0.274917 -2.007747 20.949771 0.434573 -2.423932 20.325410 0.813188 -3.268070 27.939816 -0.000001 0.000003 0.000007 4.570402 11.014678 -2.160812 0.563129 -6.567451 -13.465132 7.912304 4.194174 -65.169963 -0.000020 -22.484291 -0.000012 16.003331 -7.444696 -5.531053 2.466101 -1.576211 2.681696 -2.290882 14.912934 14.056705 5.750542 11.955129 0.812423 2.647889 -1.528739 1.528750 -8.686325 12.712419 3.076270 1.998928 -1.154092 1.154075 0.000002 0.000001 0.000001 9.109282 -0.518007 2.259896 -0.173196 0.502556 -17.464450 0.474741 2.516942 -21.360688 0.859958 3.337281 -28.894070 -0.000003 -0.000001 0.000001 9.533392 0.000009 -0.000005 -0.118704 0.122347 -11.644000 0.510527 2.606491 -22.161317 0.805812 3.237345 -27.949354 -0.000000 0.000006 0.000001 9.104503 -0.043003 -1.865104 0.216637 1.771974 -18.472955 0.453024 2.460766 -20.860900 1.046697 3.654648 -31.955552 0.000001 0.000001 -0.000001 8.077795 -0.486900 -3.806305 1.436420 5.313007 -18.883328 0.573574 -1.316582 -23.857234 0.705687 3.041459 -26.121498 0.000000 -0.000000 0.000001 -8.207801 -6.751722 -1.599543 -15.657295 -6.019435 -10.600021 30.782795 6.768998 -3.031915 -14.737451 2.980908 4.294936 -0.769745 0.000008 -0.000001 -0.000000 -0.000001 -0.000000 8.207802 -6.751704 -1.599547 -10.101898 2.960010 -11.238027 23.997972 8.759077 -0.891306 -12.980854 19.578911 7.366991 -0.883770 0.026327 -1.696677 0.000000 0.000001 0.000000 
8.282702 100.674713 3.455851 -1.873969 -16.567157 5.074002 0.000000 10.181557 0.131526 -1.894642 0.196529 -6.994548 -1.525504 -0.340426 -2.012741 -1.532546 -0.332706 -2.008094 0.000001 16.740349 -2.049021 6.824509 0.761925 3.280286 0.000002 9.617833 1.684976 -9.377512 2.328347 0.945046 0.000001 22.037369 7.501072 0.000000 -0.000001 -0.000000 -4.569998 11.014863 -2.160841 0.460471 6.429336 12.233878 8.056763 8.544875 69.721854 -0.000002 27.708899 0.000017 17.816743 1.448710 2.389509 -2.464800 -1.573984 2.681914 -2.370720 -8.860437 -14.677931 5.290083 -25.223742 -3.834709 -2.646273 -1.527799 1.527819 0.081973 1.733578 1.860549 -1.994591 -1.151584 1.151584 0.000003 -0.000003 0.000003 -9.108305 -0.517871 2.259809 1.004477 -3.675817 25.708513 0.196601 -1.644958 13.629732 0.644358 -2.928120 24.816763 0.000001 -0.000002 -0.000000 -9.532497 -0.000007 0.000006 -0.289729 -0.258789 18.510146 0.475669 -2.532021 21.275962 -0.196892 -5.202279 35.878844 -0.000000 0.000001 0.000003 -9.103592 -0.043099 -1.865094 0.154655 -1.932641 26.150960 0.279304 -1.954630 16.262686 -10.091180 -7.831160 23.968677 0.000001 0.000000 0.000001 -8.076694 -0.486714 -3.806293 0.275572 -2.008805 20.924090 0.433505 -2.421021 20.299910 0.811797 -3.265411 27.915200 0.000001 0.000002 0.000003 4.570403 11.014676 -2.160816 0.557023 -6.689017 -13.550359 7.675545 3.972842 -64.863773 0.000000 -22.674681 0.000003 15.927555 -7.391598 -5.670229 2.466108 -1.576212 2.681696 -2.279133 14.969688 14.025828 5.758262 12.053470 0.810044 2.647888 -1.528751 1.528745 -8.654153 12.802857 3.017809 1.998925 -1.154084 1.154079 0.000001 0.000003 -0.000000 9.109303 -0.518011 2.259895 -0.173176 0.498161 -17.417630 0.472134 2.510333 -21.301828 0.854601 3.327575 -28.801815 0.000000 -0.000001 -0.000001 9.533407 0.000004 -0.000001 -0.117683 0.121733 -11.593663 0.508003 2.600325 -22.106187 0.801518 3.229278 -27.873252 -0.000000 0.000002 0.000003 9.104493 -0.043002 -1.865103 0.212817 1.759233 -18.418066 0.451674 2.457200 -20.829260 1.043613 3.649709 -31.907058 0.000002 0.000006 -0.000000 8.077800 -0.486897 -3.806301 1.434865 5.316121 -18.839204 0.570251 -1.324127 -23.788837 0.699937 3.029702 -26.012682 0.000002 -0.000001 -0.000004 -8.207805 -6.751699 -1.599541 -15.910968 -6.133722 -11.024626 31.309871 7.126098 -3.052536 -14.913327 2.976396 4.279609 -0.747060 -0.000001 0.000004 0.000000 -0.000000 -0.000000 8.207798 -6.751692 -1.599541 -10.095230 3.012396 -11.514293 24.236312 8.734332 -1.028149 -13.128284 19.775544 7.522896 -0.888266 0.026580 -1.704617 0.000000 0.000000 0.000000 
8.442273 100.592758 3.410381 -2.101499 -16.611575 5.207940 -0.000000 10.181566 0.131522 -2.085292 0.213420 -7.083896 -1.180194 -0.386043 -2.097967 -1.186223 -0.370092 -2.094803 0.000000 16.740383 -2.049020 6.826116 0.809928 3.274128 -0.000000 9.617847 1.684978 -9.483769 2.461721 1.019704 0.000000 22.037369 7.501079 -0.000001 -0.000001 -0.000000 -4.569999 11.014891 -2.160840 0.460645 6.440428 12.261008 8.009636 9.037939 69.498377 -0.000026 28.079956 0.000058 18.081208 1.534390 2.263326 -2.464802 -1.573990 2.681911 -2.371254 -8.856313 -14.678082 5.285164 -25.212422 -3.836101 -2.646276 -1.527836 1.527821 0.071400 1.755779 1.862077 -1.994602 -1.151582 1.151579 0.000002 -0.000002 0.000005 -9.108331 -0.517886 2.259802 1.004253 -3.675829 25.691256 0.196151 -1.643159 13.614581 0.642160 -2.923330 24.773310 -0.000001 0.000002 -0.000003 -9.532516 0.000014 -0.000002 -0.287070 -0.264238 18.487147 0.474060 -2.527938 21.240027 -0.209945 -5.202623 35.830438 -0.000000 -0.000002 -0.000002 -9.103606 -0.043113 -1.865102 0.156734 -1.935448 26.122098 0.278507 -1.951898 16.239219 -10.095501 -7.824100 23.943933 -0.000001 -0.000001 0.000003 -8.076698 -0.486729 -3.806300 0.276243 -2.009869 20.896735 0.432342 -2.417926 20.272748 0.810313 -3.262601 27.889047 0.000001 0.000000 0.000002 4.570398 11.014695 -2.160813 0.552457 -6.778299 -13.663396 7.387089 3.717070 -64.511710 -0.000023 -22.809225 -0.000024 15.848457 -7.298821 -5.904920 2.466094 -1.576226 2.681702 -2.266830 15.028213 13.993994 5.766245 12.154786 0.807458 2.647896 -1.528747 1.528748 -8.620727 12.896068 2.957660 1.998912 -1.154075 1.154073 0.000000 -0.000003 0.000002 9.109291 -0.518016 2.259903 -0.173104 0.493706 -17.369571 0.469507 2.503552 -21.241402 0.849124 3.317576 -28.707152 -0.000001 0.000002 -0.000001 9.533389 0.000002 0.000001 -0.116625 0.121083 -11.542035 0.505442 2.594030 -22.049618 0.797122 3.220953 -27.795176 -0.000002 -0.000000 0.000000 9.104487 -0.042996 -1.865099 0.208963 1.746176 -18.361765 0.450289 2.453561 -20.796775 1.040441 3.644625 -31.857307 0.000001 0.000001 -0.000000 8.077809 -0.486903 -3.806300 1.433271 5.319289 -18.793918 0.566852 -1.331876 -23.718694 0.694035 3.017607 -25.901001 -0.000003 0.000002 -0.000000 -8.207802 -6.751697 -1.599542 -16.020794 -6.196765 -11.364780 31.747816 7.314427 -3.132620 -15.077123 2.962238 4.346122 -0.781255 -0.000008 -0.000001 -0.000000 0.000001 0.000000 8.207798 -6.751684 -1.599545 -10.014697 3.009951 -11.806168 24.430509 8.711525 -1.088007 -13.248128 19.933591 7.649538 -0.891619 0.026766 -1.710356 0.000000 0.000001 0.000000 
8.597583 100.530479 3.365851 -2.270900 -16.536854 5.292979 -0.000002 10.181532 0.131524 -2.283255 0.215073 -7.121230 -0.857058 -0.463253 -2.149648 -0.861902 -0.438368 -2.147856 0.000001 16.740387 -2.049020 6.830481 0.839449 3.225660 0.000000 9.617886 1.684978 -9.537225 2.528114 1.008940 -0.000000 22.037384 7.501081 -0.000000 0.000001 0.000000 -4.569997 11.014881 -2.160841 0.464598 6.343423 12.219446 7.897554 9.502023 69.341549 -0.000008 28.387513 0.000038 18.363855 1.661766 2.102844 -2.464788 -1.573989 2.681911 -2.371786 -8.851995 -14.678285 5.279902 -25.200459 -3.837542 -2.646275 -1.527807 1.527818 0.060231 1.779322 1.863642 -1.994601 -1.151587 1.151572 -0.000001 0.000000 0.000001 -9.108309 -0.517881 2.259802 1.003997 -3.675814 25.672970 0.195703 -1.641259 13.598530 0.639832 -2.918239 24.727301 0.000001 0.000001 0.000003 -9.532491 0.000004 -0.000001 -0.284256 -0.270016 18.462775 0.472399 -2.523628 21.201937 -0.223782 -5.202971 35.779191 -0.000002 0.000000 0.000004 -9.103586 -0.043114 -1.865100 0.158925 -1.938407 26.091572 0.277657 -1.948991 16.214417 -10.100006 -7.816612 23.917741 -0.000001 0.000001 0.000003 -8.076688 -0.486727 -3.806301 0.276979 -2.011028 20.867753 0.431134 -2.414649 20.244039 0.808724 -3.259627 27.861325 0.000002 0.000001 0.000002 4.570405 11.014709 -2.160815 0.546788 -6.880487 -13.931667 7.096640 3.424961 -63.974209 -0.000013 -22.967821 -0.000010 15.952515 -7.169360 -6.185300 2.466075 -1.576210 2.681698 -2.254066 15.088472 13.961141 5.774590 12.258993 0.804702 2.647900 -1.528741 1.528746 -8.586064 12.991989 2.895765 1.998921 -1.154094 1.154075 -0.000004 0.000002 0.000001 9.109291 -0.518011 2.259897 -0.173067 0.489183 -17.320333 0.466803 2.496588 -21.179452 0.843515 3.307350 -28.610115 0.000001 0.000000 -0.000001 9.533380 0.000003 -0.000003 -0.115573 0.120431 -11.489105 0.502822 2.587554 -21.991618 0.792611 3.212418 -27.715128 0.000002 0.000001 0.000002 9.104491 -0.042992 -1.865103 0.205013 1.732769 -18.304067 0.448846 2.449797 -20.763512 1.037202 3.639430 -31.806275 0.000001 -0.000004 0.000002 8.077790 -0.486878 -3.806303 1.431649 5.322547 -18.747496 0.563319 -1.339839 -23.646793 0.688037 3.005227 -25.786551 -0.000001 0.000001 -0.000004 -8.207803 -6.751732 -1.599541 -16.090239 -6.257027 -11.626234 32.049047 7.385887 -3.191401 -15.188679 2.949643 4.436398 -0.828802 0.000003 -0.000004 0.000000 0.000000 0.000000 8.207801 -6.751712 -1.599543 -9.957486 3.037460 -11.983476 24.582488 8.695444 -1.187700 -13.334677 19.897354 7.768364 -0.895474 0.026960 -1.717119 -0.000000 0.000000 0.000000 
8.735379 100.479942 3.305788 -2.407379 -16.432670 5.349440 0.000002 10.181529 0.131524 -2.504547 0.226779 -7.165799 -0.581229 -0.525393 -2.221792 -0.584653 -0.490915 -2.221357 -0.000001 16.740366 -2.049024 6.891448 0.830729 3.264093 0.000002 9.617848 1.684983 -9.490733 2.467905 0.970494 -0.000002 22.037369 7.501077 0.000002 0.000001 -0.000000 -4.569997 11.014876 -2.160841 0.468471 6.317776 12.296950 7.817046 9.774235 69.191367 -0.000017 28.622258 0.000040 18.472079 1.743464 1.902095 -2.464799 -1.573980 2.681910 -2.372306 -8.847388 -14.678454 5.274392 -25.187859 -3.838983 -2.646262 -1.527810 1.527820 0.048405 1.804109 1.865280 -1.994594 -1.151579 1.151573 0.000000 -0.000002 0.000005 -9.108287 -0.517863 2.259805 1.003711 -3.675764 25.653706 0.195218 -1.639251 13.581628 0.637338 -2.912884 24.678768 -0.000003 0.000002 0.000002 -9.532490 -0.000004 0.000000 -0.281290 -0.276116 18.437064 0.470628 -2.519082 21.161789 -0.238370 -5.203297 35.725168 0.000003 0.000001 -0.000002 -9.103587 -0.043107 -1.865100 0.161210 -1.941543 26.059409 0.276776 -1.945930 16.188238 -10.104751 -7.808702 23.890151 -0.000002 0.000002 0.000004 -8.076686 -0.486725 -3.806296 0.277722 -2.012239 20.837253 0.429862 -2.411180 20.213733 0.807063 -3.256477 27.832102 -0.000001 0.000000 0.000000 4.570398 11.014697 -2.160815 0.541439 -6.980832 -13.894799 6.791380 3.121057 -63.767937 -0.000001 -22.965232 -0.000036 16.470354 -7.091459 -6.470865 2.466093 -1.576200 2.681702 -2.240808 15.150355 13.927388 5.783233 12.366051 0.801906 2.647883 -1.528740 1.528747 -8.550182 13.090546 2.832269 1.998920 -1.154083 1.154075 -0.000001 -0.000001 0.000005 9.109291 -0.518014 2.259903 -0.173003 0.484496 -17.269920 0.464049 2.489478 -21.116010 0.837795 3.296848 -28.510767 -0.000001 0.000004 -0.000002 9.533392 0.000005 0.000001 -0.114475 0.119766 -11.434889 0.500153 2.580923 -21.932267 0.788037 3.203683 -27.633176 -0.000000 0.000002 0.000001 9.104500 -0.043009 -1.865101 0.200992 1.719033 -18.245001 0.447402 2.445968 -20.729440 1.033889 3.634088 -31.754079 -0.000002 0.000001 0.000003 8.077799 -0.486897 -3.806298 1.429957 5.325887 -18.699963 0.559771 -1.348023 -23.573163 0.681908 2.992520 -25.669352 -0.000004 0.000002 -0.000003 -8.207801 -6.751738 -1.599544 -16.138163 -6.263223 -11.802489 32.278412 7.370216 -3.259914 -15.265060 2.940298 4.544397 -0.845998 0.000006 -0.000001 -0.000000 0.000000 0.000000 8.207801 -6.751719 -1.599545 -9.923029 3.091748 -12.079361 24.718366 8.682636 -1.315685 -13.398360 19.777928 7.875218 -0.898519 0.027131 -1.722344 -0.000000 0.000001 0.000000 
8.858835 100.444008 3.245602 -2.542823 -16.333224 5.361102 -0.000000 10.181526 0.131524 -2.726426 0.248260 -7.189191 -0.309646 -0.569384 -2.254893 -0.311635 -0.525088 -2.255473 0.000001 16.740370 -2.049025 6.941460 0.825060 3.253533 0.000001 9.617855 1.684975 -9.501426 2.366297 0.972510 0.000001 22.037354 7.501075 0.000002 -0.000000 -0.000000 -4.570003 11.014898 -2.160842 0.468411 6.326628 12.301228 7.666776 9.928020 69.113366 -0.000010 28.720525 0.000028 18.437028 1.784137 1.783868 -2.464790 -1.574009 2.681906 -2.372841 -8.842605 -14.678553 5.268638 -25.174607 -3.840504 -2.646275 -1.527802 1.527815 0.035995 1.830155 1.867056 -1.994598 -1.151582 1.151573 0.000000 -0.000006 -0.000000 -9.108295 -0.517872 2.259801 1.003384 -3.675656 25.633483 0.194707 -1.637145 13.563819 0.634765 -2.907259 24.627835 -0.000006 0.000002 0.000001 -9.532496 -0.000004 -0.000005 -0.278201 -0.282529 18.410111 0.468784 -2.514299 21.119623 -0.253699 -5.203624 35.668436 -0.000000 0.000001 0.000001 -9.103594 -0.043096 -1.865106 0.163624 -1.944820 26.025608 0.275824 -1.942714 16.160754 -10.109668 -7.800394 23.861143 0.000001 0.000001 0.000004 -8.076704 -0.486724 -3.806304 0.278508 -2.013526 20.805224 0.428517 -2.407550 20.181916 0.805327 -3.253196 27.801421 -0.000002 0.000002 -0.000000 4.570401 11.014706 -2.160817 0.535278 -7.091677 -13.946084 6.495776 2.788547 -63.511224 -0.000002 -22.977880 0.000001 17.003274 -6.986665 -6.769950 2.466094 -1.576202 2.681698 -2.227076 15.213867 13.892671 5.792163 12.475789 0.798882 2.647888 -1.528744 1.528755 -8.513058 13.191604 2.767070 1.998928 -1.154075 1.154072 0.000001 0.000003 0.000001 9.109295 -0.518010 2.259903 -0.172936 0.479708 -17.218347 0.461223 2.482173 -21.051128 0.831962 3.286108 -28.409188 -0.000001 0.000000 0.000001 9.533391 0.000006 0.000003 -0.113376 0.119083 -11.379460 0.497408 2.574137 -21.871548 0.783362 3.194766 -27.549367 -0.000002 0.000001 -0.000001 9.104506 -0.043001 -1.865100 0.196883 1.704975 -18.184551 0.445926 2.442023 -20.694590 1.030497 3.628623 -31.700656 -0.000002 0.000001 0.000002 8.077807 -0.486883 -3.806302 1.428205 5.329301 -18.651329 0.556140 -1.356372 -23.497859 0.675647 2.979504 -25.549513 -0.000001 0.000004 -0.000002 -8.207802 -6.751723 -1.599542 -16.121828 -6.226060 -11.891541 32.422023 7.281765 -3.336343 -15.305021 2.930961 4.668810 -0.844642 0.000021 -0.000001 0.000000 0.000001 -0.000000 8.207796 -6.751717 -1.599544 -9.875678 3.135236 -12.133052 24.824005 8.673484 -1.414078 -13.439161 19.652785 7.960315 -0.900730 0.027241 -1.726039 -0.000000 0.000001 0.000000 
8.966774 100.415970 3.202740 -2.694750 -16.254187 5.367966 -0.000001 10.181553 0.131524 -2.937563 0.282805 -7.214280 -0.024568 -0.585893 -2.292119 -0.025051 -0.531408 -2.292905 0.000000 16.740383 -2.049023 6.945862 0.816574 3.253239 0.000001 9.617854 1.684983 -9.540014 2.264660 0.965500 -0.000001 22.037369 7.501075 0.000000 0.000001 0.000000 -4.570000 11.014873 -2.160840 0.470835 6.278398 12.355689 7.439492 10.095340 69.012416 0.000002 28.737522 0.000055 18.386669 1.777752 1.767607 -2.464780 -1.574001 2.681907 -2.373375 -8.837586 -14.678690 5.262538 -25.160726 -3.842163 -2.646266 -1.527813 1.527816 0.023024 1.857430 1.868916 -1.994594 -1.151581 1.151576 -0.000001 -0.000007 0.000001 -9.108295 -0.517872 2.259799 1.003068 -3.675610 25.612269 0.194161 -1.634938 13.545224 0.632056 -2.901369 24.574466 -0.000001 0.000003 0.000004 -9.532491 -0.000008 -0.000003 -0.274956 -0.289246 18.381829 0.466859 -2.509273 21.075431 -0.269761 -5.203952 35.609020 0.000002 -0.000001 0.000002 -9.103585 -0.043112 -1.865105 0.166130 -1.948288 25.990195 0.274881 -1.939349 16.131966 -10.114832 -7.791665 23.830802 0.000000 0.000000 0.000002 -8.076693 -0.486724 -3.806302 0.279302 -2.014871 20.771652 0.427134 -2.403752 20.148577 0.803503 -3.249733 27.769273 -0.000000 0.000001 0.000003 4.570400 11.014672 -2.160817 0.530172 -7.180323 -14.023277 6.233946 2.419856 -63.193996 0.000012 -23.073467 0.000005 17.475947 -6.882872 -7.077810 2.466077 -1.576213 2.681700 -2.212829 15.278906 13.857074 5.801392 12.588215 0.795721 2.647899 -1.528751 1.528756 -8.474683 13.295117 2.700272 1.998929 -1.154091 1.154077 -0.000003 0.000000 0.000001 9.109282 -0.518015 2.259901 -0.172911 0.474805 -17.165659 0.458359 2.474716 -20.984836 0.826025 3.275131 -28.305361 -0.000000 -0.000002 0.000001 9.533392 0.000003 0.000001 -0.112254 0.118393 -11.322814 0.494642 2.567195 -21.809501 0.778599 3.185622 -27.463719 0.000000 -0.000001 0.000001 9.104492 -0.042996 -1.865099 0.192720 1.690604 -18.122830 0.444387 2.438025 -20.659000 1.027059 3.623034 -31.646063 -0.000001 0.000003 0.000003 8.077800 -0.486885 -3.806298 1.426422 5.332780 -18.601658 0.552431 -1.364878 -23.420901 0.669294 2.966198 -25.427037 0.000000 -0.000000 -0.000000 -8.207803 -6.751703 -1.599544 -16.058205 -6.179719 -11.961901 32.536767 7.184886 -3.423577 -15.344841 2.922840 4.795884 -0.834035 -0.000009 -0.000000 -0.000000 -0.000002 -0.000000 8.207799 -6.751697 -1.599543 -9.793113 3.138718 -12.218316 24.895737 8.664326 -1.458304 -13.465839 19.579560 8.032052 -0.903376 0.027377 -1.730483 -0.000000 -0.000001 0.000000 
9.064001 100.393364 3.173903 -2.826419 -16.172329 5.348896 -0.000000 10.181541 0.131523 -3.145559 0.326437 -7.236848 0.256407 -0.584532 -2.329785 0.257507 -0.519600 -2.329861 -0.000001 16.740355 -2.049021 6.902207 0.810159 3.276067 0.000000 9.617833 1.684979 -9.615593 2.197347 0.950576 0.000001 22.037338 7.501078 0.000002 0.000000 0.000000 -4.570000 11.014870 -2.160839 0.486013 6.132789 12.466564 7.203596 10.317442 68.865355 -0.000002 28.765731 0.000018 18.501401 1.781781 1.748182 -2.464788 -1.574001 2.681911 -2.373923 -8.832370 -14.678783 5.256206 -25.146224 -3.843865 -2.646264 -1.527808 1.527819 0.009457 1.885923 1.870823 -1.994598 -1.151582 1.151585 0.000000 -0.000005 -0.000000 -9.108308 -0.517883 2.259802 1.002749 -3.675604 25.590166 0.193624 -1.632645 13.525779 0.629223 -2.895204 24.518747 0.000001 0.000001 0.000001 -9.532501 -0.000005 0.000001 -0.271606 -0.296273 18.352326 0.464849 -2.504058 21.029343 -0.286558 -5.204258 35.546982 0.000002 0.000000 0.000002 -9.103606 -0.043110 -1.865103 0.168752 -1.951883 25.953230 0.273849 -1.935844 16.101896 -10.120197 -7.782535 23.799128 0.000001 -0.000001 0.000002 -8.076688 -0.486727 -3.806299 0.280166 -2.016278 20.736605 0.425658 -2.399771 20.113830 0.801612 -3.246136 27.735727 -0.000000 0.000001 -0.000000 4.570400 11.014681 -2.160815 0.526002 -7.254237 -14.063138 5.985995 2.019474 -62.886604 0.000007 -23.217532 0.000020 17.853134 -6.803204 -7.457145 2.466095 -1.576217 2.681702 -2.198115 15.345447 13.820569 5.810943 12.703202 0.792399 2.647897 -1.528732 1.528744 -8.435117 13.400976 2.631895 1.998917 -1.154095 1.154077 -0.000002 0.000000 0.000003 9.109296 -0.518013 2.259904 -0.172842 0.469775 -17.111876 0.455436 2.467099 -20.917202 0.819980 3.263896 -28.199401 0.000004 0.000003 0.000004 9.533401 0.000006 0.000001 -0.111115 0.117683 -11.264989 0.491800 2.560119 -21.746206 0.773746 3.176290 -27.376325 0.000001 0.000003 0.000002 9.104503 -0.042998 -1.865101 0.188498 1.675928 -18.059811 0.442840 2.433947 -20.622648 1.023550 3.617336 -31.590366 -0.000001 0.000001 0.000001 8.077797 -0.486882 -3.806299 1.424587 5.336336 -18.550946 0.548664 -1.373584 -23.342341 0.662853 2.952624 -25.302035 0.000004 0.000002 -0.000000 -8.207801 -6.751713 -1.599541 -15.983500 -6.153414 -12.009483 32.611469 7.094717 -3.480182 -15.372642 2.917223 4.902277 -0.826602 0.000005 0.000001 -0.000000 0.000002 0.000000 8.207799 -6.751707 -1.599545 -9.719343 3.150605 -12.272054 24.965680 8.660426 -1.483457 -13.493203 19.493655 8.082953 -0.906019 0.027530 -1.734951 -0.000000 0.000001 0.000000 
9.157393 100.373169 3.155005 -2.885106 -16.091840 5.309157 -0.000001 10.181558 0.131524 -3.386008 0.354181 -7.229534 0.467110 -0.621274 -2.307590 0.469509 -0.547051 -2.307556 -0.000001 16.740353 -2.049021 6.904802 0.824099 3.209248 0.000000 9.617850 1.684981 -9.698373 2.188784 0.892307 -0.000001 22.037384 7.501068 0.000001 -0.000001 0.000000 -4.570006 11.014867 -2.160838 0.478408 6.167892 12.348912 7.003741 10.485259 68.883810 -0.000040 28.793585 0.000061 18.648341 1.754253 1.672767 -2.464793 -1.573993 2.681908 -2.374475 -8.826909 -14.678886 5.249621 -25.131153 -3.845583 -2.646261 -1.527795 1.527821 -0.004694 1.915570 1.872829 -1.994583 -1.151584 1.151575 0.000003 -0.000005 -0.000000 -9.108300 -0.517867 2.259801 1.002402 -3.675552 25.567104 0.193051 -1.630236 13.505525 0.626297 -2.888777 24.460741 -0.000000 -0.000000 0.000001 -9.532500 -0.000004 -0.000003 -0.268094 -0.303572 18.321624 0.462753 -2.498582 20.981301 -0.304041 -5.204550 35.482358 0.000001 -0.000002 0.000002 -9.103585 -0.043110 -1.865101 0.171483 -1.955653 25.914749 0.272809 -1.932164 16.070614 -10.125857 -7.773087 23.766094 0.000000 0.000002 0.000004 -8.076685 -0.486732 -3.806300 0.281034 -2.017739 20.700075 0.424151 -2.395638 20.077578 0.799628 -3.242382 27.700776 -0.000002 0.000000 -0.000000 4.570399 11.014681 -2.160813 0.519902 -7.348428 -14.230722 5.834144 1.821889 -62.691943 -0.000008 -23.381928 0.000014 18.150504 -6.756181 -7.668120 2.466106 -1.576215 2.681700 -2.182925 15.413451 13.783209 5.820738 12.820636 0.788944 2.647889 -1.528750 1.528744 -8.394293 13.509099 2.561933 1.998913 -1.154108 1.154081 0.000001 -0.000004 -0.000002 9.109298 -0.518011 2.259900 -0.172790 0.464697 -17.057008 0.452478 2.459338 -20.848201 0.813840 3.252439 -28.091339 -0.000002 0.000002 -0.000000 9.533394 0.000004 0.000001 -0.109959 0.116965 -11.206016 0.488921 2.552879 -21.681604 0.768816 3.166756 -27.287157 -0.000005 0.000002 0.000003 9.104506 -0.042998 -1.865099 0.184206 1.660963 -17.995534 0.441274 2.429741 -20.585587 1.019963 3.611540 -31.533556 0.000001 0.000003 0.000001 8.077811 -0.486879 -3.806297 1.422704 5.339947 -18.499236 0.544827 -1.382456 -23.262236 0.656282 2.938714 -25.174554 -0.000001 -0.000001 -0.000001 -8.207802 -6.751704 -1.599542 -15.970748 -6.181674 -12.059719 32.653068 7.076376 -3.468811 -15.378842 2.915398 4.955116 -0.815777 0.000000 0.000002 -0.000000 -0.000001 -0.000000 8.207799 -6.751699 -1.599546 -9.720065 3.167602 -12.277878 25.048664 8.665052 -1.509756 -13.524673 19.395893 8.118089 -0.909416 0.027705 -1.740900 -0.000000 0.000000 0.000000 
9.241367 100.353462 3.133312 -2.927919 -16.012894 5.313959 0.000001 10.181554 0.131525 -3.624127 0.379212 -7.231117 0.668239 -0.652197 -2.302814 0.672012 -0.568517 -2.302238 0.000001 16.740356 -2.049021 6.885795 0.841047 3.149375 -0.000000 9.617859 1.684981 -9.780927 2.209824 0.795398 -0.000002 22.037384 7.501070 0.000002 -0.000001 0.000000 -4.569998 11.014871 -2.160839 0.474118 6.169440 12.230277 6.775250 10.623764 68.939032 -0.000012 28.807358 0.000010 18.857169 1.710376 1.608941 -2.464787 -1.574004 2.681913 -2.375183 -8.821228 -14.679009 5.242762 -25.115504 -3.847443 -2.646262 -1.527801 1.527817 -0.019354 1.946372 1.874981 -1.994590 -1.151577 1.151580 0.000003 -0.000003 -0.000000 -9.108292 -0.517878 2.259804 1.002003 -3.675475 25.543188 0.192448 -1.627748 13.484503 0.623283 -2.882124 24.400465 0.000000 0.000002 0.000002 -9.532495 0.000010 -0.000001 -0.264474 -0.311182 18.289698 0.460551 -2.492931 20.931424 -0.322165 -5.204821 35.415272 0.000001 0.000000 0.000002 -9.103606 -0.043102 -1.865101 0.174294 -1.959565 25.874751 0.271700 -1.928368 16.038102 -10.131761 -7.763269 23.731805 0.000001 0.000000 0.000001 -8.076690 -0.486730 -3.806299 0.281937 -2.019275 20.662173 0.422581 -2.391333 20.039968 0.797587 -3.238474 27.664500 -0.000002 0.000001 0.000002 4.570401 11.014661 -2.160815 0.515342 -7.410961 -14.419480 5.675156 1.655636 -62.491668 -0.000002 -23.524276 0.000020 18.346588 -6.824469 -7.922791 2.466097 -1.576209 2.681702 -2.167226 15.482815 13.744973 5.830855 12.940494 0.785294 2.647888 -1.528745 1.528742 -8.352233 13.619375 2.490458 1.998909 -1.154090 1.154072 0.000004 -0.000001 -0.000000 9.109287 -0.518012 2.259903 -0.172694 0.459536 -17.001133 0.449463 2.451410 -20.777895 0.807601 3.240743 -27.981239 -0.000001 -0.000002 0.000003 9.533399 0.000001 0.000003 -0.108786 0.116250 -11.145921 0.485987 2.545522 -21.615807 0.763834 3.157041 -27.196336 0.000002 0.000004 -0.000001 9.104487 -0.042998 -1.865100 0.179887 1.645694 -17.930083 0.439665 2.425487 -20.547808 1.016313 3.605598 -31.475663 0.000001 0.000003 0.000001 8.077806 -0.486884 -3.806297 1.420766 5.343653 -18.446526 0.540927 -1.391539 -23.180626 0.649665 2.924577 -25.044668 0.000001 0.000001 -0.000000 -8.207800 -6.751711 -1.599541 -16.010358 -6.273683 -12.188225 32.719953 7.141006 -3.424736 -15.389400 2.917732 4.963600 -0.787883 0.000001 -0.000002 -0.000000 0.000000 0.000000 8.207795 -6.751696 -1.599544 -9.726365 3.158469 -12.339104 25.093719 8.666069 -1.518179 -13.540279 19.356505 8.158444 -0.909866 0.027718 -1.741222 -0.000000 0.000000 0.000000 
9.310926 100.339783 3.113606 -2.980564 -15.920727 5.309256 0.000003 10.181570 0.131526 -3.854389 0.403184 -7.244043 0.866929 -0.681534 -2.319570 0.872237 -0.587981 -2.318025 0.000002 16.740377 -2.049027 6.891842 0.865703 3.176632 -0.000000 9.617842 1.684983 -10.018985 2.323759 0.570482 0.000001 22.037354 7.501070 0.000001 0.000001 0.000001 -4.569996 11.014875 -2.160844 0.471978 6.149344 12.225563 6.535031 10.751970 68.922619 -0.000023 28.786194 0.000033 19.024659 1.657791 1.558847 -2.464806 -1.574010 2.681907 -2.375906 -8.815332 -14.679233 5.235629 -25.099260 -3.849361 -2.646271 -1.527801 1.527818 -0.034583 1.978310 1.877143 -1.994601 -1.151578 1.151579 -0.000002 -0.000002 0.000001 -9.108317 -0.517863 2.259802 1.001637 -3.675439 25.518365 0.191838 -1.625171 13.462725 0.620120 -2.875199 24.337991 0.000000 0.000002 0.000005 -9.532498 0.000010 -0.000001 -0.260716 -0.319071 18.256594 0.458315 -2.487032 20.879770 -0.341034 -5.205059 35.345713 -0.000003 0.000003 0.000002 -9.103604 -0.043097 -1.865102 0.177201 -1.963624 25.833300 0.270580 -1.924421 16.004393 -10.137880 -7.753072 23.696279 -0.000002 0.000003 0.000003 -8.076700 -0.486725 -3.806301 0.282893 -2.020845 20.622855 0.420949 -2.386872 20.000959 0.795446 -3.234424 27.626876 -0.000003 0.000003 0.000004 4.570409 11.014693 -2.160819 0.511587 -7.473518 -14.445630 5.533532 1.490917 -62.413736 -0.000008 -23.665026 0.000017 18.515600 -6.858764 -8.179451 2.466088 -1.576202 2.681697 -2.151053 15.553536 13.705914 5.841201 13.062679 0.781543 2.647897 -1.528743 1.528751 -8.308974 13.731741 2.417451 1.998909 -1.154095 1.154075 -0.000002 0.000003 0.000003 9.109268 -0.517999 2.259901 -0.172622 0.454260 -16.944219 0.446405 2.443365 -20.706331 0.801283 3.228835 -27.869101 0.000002 0.000007 0.000001 9.533392 0.000002 -0.000002 -0.107581 0.115501 -11.084771 0.483009 2.538023 -21.548784 0.758744 3.147134 -27.103874 -0.000002 -0.000004 0.000001 9.104485 -0.042993 -1.865106 0.175507 1.630160 -17.863371 0.438058 2.421152 -20.509380 1.012616 3.599566 -31.416715 -0.000001 0.000003 -0.000003 8.077786 -0.486899 -3.806304 1.418795 5.347400 -18.392859 0.537003 -1.400782 -23.097511 0.642925 2.910148 -24.912435 -0.000005 -0.000000 0.000003 -8.207800 -6.751706 -1.599543 -16.018563 -6.366978 -12.299683 32.761743 7.173712 -3.374669 -15.394142 2.924618 4.969572 -0.782437 0.000012 0.000002 -0.000000 -0.000000 -0.000000 8.207800 -6.751698 -1.599542 -9.707738 3.156322 -12.377625 25.125023 8.667742 -1.530192 -13.549089 19.274565 8.192367 -0.909834 0.027712 -1.740690 -0.000000 0.000001 0.000000 
9.370481 100.330757 3.097791 -3.036635 -15.821717 5.297542 -0.000001 10.181555 0.131527 -4.070641 0.425906 -7.253943 1.071946 -0.713463 -2.330475 1.078704 -0.610308 -2.327728 -0.000001 16.740372 -2.049024 6.819260 0.881473 3.099167 -0.000000 9.617856 1.684979 -10.056249 2.277560 0.662061 0.000000 22.037399 7.501077 0.000000 0.000000 0.000000 -4.569998 11.014887 -2.160843 0.481172 6.041118 12.231513 6.278999 10.902444 68.854932 -0.000021 28.766052 0.000031 19.205874 1.667703 1.744460 -2.464793 -1.573997 2.681910 -2.376649 -8.809247 -14.679458 5.228315 -25.082437 -3.851293 -2.646282 -1.527814 1.527815 -0.050351 2.011329 1.879451 -1.994601 -1.151580 1.151580 0.000003 -0.000001 -0.000002 -9.108294 -0.517887 2.259801 1.001253 -3.675402 25.492699 0.191208 -1.622499 13.440164 0.616884 -2.868025 24.273360 0.000001 0.000002 0.000004 -9.532485 0.000004 -0.000001 -0.256854 -0.327235 18.222395 0.455992 -2.480965 20.826251 -0.360559 -5.205263 35.273744 -0.000000 0.000001 0.000001 -9.103599 -0.043114 -1.865105 0.180190 -1.967830 25.790425 0.269394 -1.920334 15.969561 -10.144159 -7.742521 23.659490 0.000002 -0.000001 0.000001 -8.076685 -0.486730 -3.806302 0.283832 -2.022492 20.582215 0.419281 -2.382260 19.960588 0.793251 -3.230236 27.587933 0.000001 0.000001 0.000003 4.570403 11.014668 -2.160819 0.506704 -7.548407 -14.525277 5.388577 1.352754 -62.275534 0.000006 -23.827692 0.000033 18.645525 -6.846109 -8.320432 2.466088 -1.576213 2.681700 -2.134390 15.625492 13.666046 5.851873 13.187051 0.777580 2.647881 -1.528741 1.528752 -8.264480 13.846074 2.342952 1.998921 -1.154080 1.154076 0.000001 0.000003 0.000001 9.109288 -0.518016 2.259899 -0.172530 0.448872 -16.886336 0.443315 2.435162 -20.633489 0.794860 3.216688 -27.755080 0.000006 0.000003 -0.000002 9.533397 0.000002 -0.000005 -0.106384 0.114759 -11.022527 0.479994 2.530384 -21.480650 0.753548 3.137069 -27.009780 0.000001 0.000003 0.000001 9.104486 -0.042996 -1.865103 0.171061 1.614320 -17.795568 0.436414 2.416761 -20.470246 1.008841 3.593384 -31.356760 -0.000001 -0.000002 -0.000000 8.077808 -0.486888 -3.806304 1.416770 5.351207 -18.338286 0.532983 -1.410175 -23.012996 0.636109 2.895442 -24.777891 -0.000001 0.000001 -0.000000 -8.207804 -6.751707 -1.599541 -16.005210 -6.460778 -12.397135 32.783340 7.195041 -3.322184 -15.394719 2.929950 4.972597 -0.781391 0.000004 -0.000000 0.000000 0.000001 0.000000 8.207799 -6.751689 -1.599542 -9.676063 3.155313 -12.403850 25.147385 8.668475 -1.538789 -13.551065 19.175418 8.221670 -0.910406 0.027720 -1.741274 -0.000000 0.000000 0.000000 
9.419125 100.324364 3.086166 -3.086484 -15.738580 5.316318 -0.000002 10.181544 0.131524 -4.286242 0.449239 -7.266027 1.254196 -0.752270 -2.341251 1.262414 -0.639719 -2.337457 -0.000001 16.740391 -2.049023 6.787331 0.898992 3.032159 0.000001 9.617843 1.684978 -10.091703 2.309254 0.638162 -0.000003 22.037384 7.501072 0.000001 -0.000000 0.000000 -4.570002 11.014884 -2.160843 0.482376 6.002434 12.185712 6.029221 11.010770 68.849550 -0.000016 28.723425 0.000078 19.390750 1.671956 1.990997 -2.464786 -1.574005 2.681910 -2.377387 -8.802937 -14.679680 5.220691 -25.065102 -3.853337 -2.646261 -1.527802 1.527813 -0.066614 2.045428 1.881800 -1.994582 -1.151557 1.151577 0.000003 0.000002 -0.000001 -9.108274 -0.517875 2.259804 1.000861 -3.675335 25.466210 0.190518 -1.619751 13.416880 0.613570 -2.860635 24.206631 0.000002 0.000002 0.000002 -9.532483 0.000010 -0.000003 -0.252886 -0.335658 18.187037 0.453637 -2.474680 20.771008 -0.380722 -5.205420 35.199465 -0.000003 0.000003 0.000002 -9.103579 -0.043104 -1.865103 0.183276 -1.972181 25.746142 0.268207 -1.916138 15.933522 -10.150617 -7.731610 23.621555 0.000000 0.000001 0.000002 -8.076681 -0.486730 -3.806300 0.284832 -2.024193 20.540237 0.417561 -2.377488 19.918917 0.790987 -3.225906 27.547760 0.000001 -0.000001 0.000003 4.570401 11.014670 -2.160817 0.501531 -7.622068 -14.636785 5.269669 1.308882 -62.164823 -0.000000 -23.979051 0.000016 18.707683 -6.812516 -8.428707 2.466094 -1.576199 2.681705 -2.117268 15.698672 13.625383 5.862785 13.313598 0.773438 2.647889 -1.528754 1.528751 -8.218771 13.962311 2.266989 1.998908 -1.154081 1.154069 -0.000000 0.000002 0.000007 9.109285 -0.518014 2.259899 -0.172467 0.443402 -16.827488 0.440176 2.426807 -20.559470 0.788379 3.204337 -27.639153 0.000001 0.000004 -0.000000 9.533388 0.000006 -0.000002 -0.105170 0.113995 -10.959267 0.476951 2.522622 -21.411361 0.748331 3.126795 -26.914147 -0.000000 0.000000 0.000000 9.104487 -0.042995 -1.865103 0.166566 1.598248 -17.726629 0.434735 2.412258 -20.430486 1.005045 3.587147 -31.295800 -0.000001 0.000005 0.000001 8.077798 -0.486881 -3.806304 1.414668 5.355089 -18.282770 0.528939 -1.419728 -22.927026 0.629224 2.880507 -24.641140 -0.000000 0.000001 -0.000003 -8.207805 -6.751702 -1.599542 -15.998282 -6.537502 -12.503066 32.811211 7.217019 -3.295808 -15.402201 2.933400 4.983721 -0.783623 -0.000003 -0.000002 -0.000000 -0.000002 0.000000 8.207801 -6.751690 -1.599543 -9.633358 3.141725 -12.458979 25.139259 8.663823 -1.548036 -13.543503 19.098283 8.263416 -0.910420 0.027706 -1.740805 -0.000000 -0.000001 0.000000 
9.450573 100.320152 3.075625 -3.113805 -15.657625 5.348840 -0.000002 10.181547 0.131522 -4.497488 0.473295 -7.280263 1.416056 -0.787983 -2.356561 1.425769 -0.666094 -2.351535 -0.000001 16.740366 -2.049023 6.778541 0.918524 2.980604 0.000000 9.617822 1.684977 -10.166712 2.348522 0.573161 0.000001 22.037354 7.501074 -0.000000 0.000001 0.000000 -4.569997 11.014857 -2.160840 0.483309 5.985828 12.140544 5.811877 11.117635 68.867322 -0.000012 28.683509 0.000030 19.484254 1.659820 2.134437 -2.464796 -1.573987 2.681914 -2.378106 -8.796455 -14.679856 5.212860 -25.047234 -3.855449 -2.646265 -1.527807 1.527820 -0.083407 2.080576 1.884254 -1.994601 -1.151580 1.151578 -0.000000 -0.000003 0.000001 -9.108296 -0.517885 2.259807 1.000420 -3.675242 25.438905 0.189858 -1.616912 13.392868 0.610122 -2.853013 24.137851 0.000002 0.000002 0.000005 -9.532490 0.000010 0.000002 -0.248777 -0.344342 18.150623 0.451142 -2.468207 20.714099 -0.401498 -5.205564 35.122865 0.000003 0.000001 0.000001 -9.103589 -0.043104 -1.865098 0.186450 -1.976673 25.700509 0.266956 -1.911789 15.896417 -10.157249 -7.720352 23.582411 0.000000 -0.000001 0.000003 -8.076685 -0.486729 -3.806295 0.285840 -2.025938 20.496973 0.415759 -2.372578 19.875946 0.788660 -3.221442 27.506328 -0.000001 0.000001 0.000002 4.570403 11.014693 -2.160816 0.498099 -7.670985 -14.713411 5.156961 1.283523 -62.099793 0.000014 -24.109967 0.000036 18.719257 -6.768796 -8.501617 2.466094 -1.576224 2.681697 -2.099639 15.773048 13.583936 5.873931 13.442180 0.769139 2.647897 -1.528733 1.528747 -8.171869 14.080392 2.189646 1.998924 -1.154092 1.154078 0.000002 -0.000004 -0.000000 9.109283 -0.518011 2.259904 -0.172360 0.437866 -16.767694 0.436997 2.418346 -20.484272 0.781797 3.191784 -27.521385 -0.000001 0.000002 0.000001 9.533398 0.000007 0.000003 -0.103939 0.113255 -10.894991 0.473848 2.514721 -21.340957 0.743050 3.116402 -26.817011 -0.000002 0.000000 0.000004 9.104502 -0.042995 -1.865101 0.162057 1.581893 -17.656589 0.433032 2.407703 -20.390089 1.001162 3.580755 -31.233895 0.000001 0.000001 -0.000002 8.077790 -0.486886 -3.806297 1.412581 5.359033 -18.226392 0.524820 -1.429468 -22.839780 0.622253 2.865285 -24.502226 -0.000000 0.000001 -0.000002 -8.207802 -6.751719 -1.599541 -16.006704 -6.599090 -12.597092 32.837528 7.221439 -3.277531 -15.411738 2.938190 4.993452 -0.790479 -0.000005 -0.000003 -0.000000 -0.000000 -0.000000 8.207801 -6.751696 -1.599542 -9.602206 3.140676 -12.497841 25.124636 8.658594 -1.576138 -13.531987 18.997930 8.303423 -0.910577 0.027695 -1.740591 -0.000000 0.000000 0.000000 
9.478035 100.315445 3.068138 -3.141762 -15.610621 5.385091 -0.000002 10.181540 0.131525 -4.690746 0.501547 -7.298908 1.580409 -0.807923 -2.383818 1.591715 -0.676484 -2.376570 -0.000000 16.740374 -2.049021 6.760370 0.938915 2.956144 -0.000001 9.617833 1.684976 -10.269140 2.382611 0.481993 0.000001 22.037384 7.501070 0.000000 0.000000 0.000000 -4.569997 11.014868 -2.160841 0.487894 5.919052 12.153559 5.625419 11.229369 68.847719 -0.000021 28.682136 0.000048 19.566270 1.626430 2.188438 -2.464789 -1.573995 2.681905 -2.378844 -8.789793 -14.680054 5.204818 -25.028825 -3.857549 -2.646262 -1.527790 1.527808 -0.100679 2.116763 1.886818 -1.994590 -1.151572 1.151578 0.000003 -0.000004 -0.000004 -9.108307 -0.517882 2.259799 1.000012 -3.675201 25.410785 0.189135 -1.613977 13.368208 0.606613 -2.845163 24.067051 0.000002 0.000002 0.000002 -9.532490 0.000010 -0.000006 -0.244591 -0.353293 18.113139 0.448639 -2.461549 20.655506 -0.422905 -5.205634 35.044055 -0.000002 0.000002 0.000003 -9.103600 -0.043109 -1.865104 0.189709 -1.981288 25.653542 0.265688 -1.907319 15.858244 -10.164091 -7.708750 23.542147 -0.000001 -0.000000 0.000002 -8.076682 -0.486733 -3.806301 0.286884 -2.027738 20.452428 0.413922 -2.367523 19.831748 0.786271 -3.216837 27.463697 -0.000002 0.000004 0.000003 4.570399 11.014695 -2.160815 0.496200 -7.695985 -14.781356 5.036497 1.245832 -61.988802 0.000011 -24.236387 0.000006 18.721171 -6.684403 -8.667145 2.466096 -1.576207 2.681698 -2.081607 15.848506 13.541727 5.885406 13.572733 0.764655 2.647892 -1.528740 1.528748 -8.123783 14.200164 2.110857 1.998917 -1.154100 1.154068 -0.000004 0.000000 0.000003 9.109297 -0.518015 2.259902 -0.172252 0.432257 -16.707001 0.433770 2.409684 -20.407956 0.775159 3.179030 -27.401850 -0.000001 0.000004 0.000001 9.533397 0.000004 0.000004 -0.102696 0.112479 -10.829766 0.470739 2.506699 -21.269522 0.737691 3.105789 -26.718406 0.000000 0.000001 0.000001 9.104501 -0.042999 -1.865098 0.157496 1.565272 -17.585504 0.431311 2.403064 -20.349097 0.997251 3.574323 -31.171044 0.000000 -0.000000 0.000001 8.077805 -0.486899 -3.806300 1.410399 5.363021 -18.169176 0.520700 -1.439326 -22.751136 0.615235 2.849837 -24.361229 0.000003 -0.000000 0.000000 -8.207806 -6.751727 -1.599545 -16.019833 -6.652219 -12.688863 32.871040 7.245648 -3.267400 -15.423496 2.946634 4.999573 -0.803254 0.000007 -0.000003 -0.000000 -0.000000 0.000000 8.207796 -6.751704 -1.599544 -9.572796 3.131100 -12.549236 25.112213 8.652218 -1.592871 -13.521511 18.932084 8.342690 -0.912054 0.027780 -1.742924 -0.000000 -0.000000 -0.000000 
9.498870 100.307465 3.062920 -3.164719 -15.592524 5.407764 -0.000000 10.181555 0.131521 -4.871105 0.533233 -7.313529 1.734290 -0.815448 -2.408143 1.747102 -0.674924 -2.398005 -0.000002 16.740355 -2.049020 6.730938 0.957816 2.931767 -0.000000 9.617864 1.684976 -10.377985 2.390174 0.463621 0.000001 22.037369 7.501073 -0.000000 -0.000000 0.000000 -4.569998 11.014875 -2.160839 0.493576 5.854159 12.157722 5.461807 11.313916 68.853197 0.000002 28.692368 0.000016 19.661844 1.583672 2.174756 -2.464784 -1.573990 2.681910 -2.379644 -8.782945 -14.680257 5.196532 -25.009919 -3.859758 -2.646273 -1.527819 1.527818 -0.118460 2.153919 1.889403 -1.994591 -1.151585 1.151576 -0.000002 -0.000005 0.000003 -9.108303 -0.517867 2.259802 0.999555 -3.675160 25.381874 0.188438 -1.610958 13.342809 0.603005 -2.837089 23.994320 0.000000 0.000003 0.000003 -9.532491 0.000015 -0.000001 -0.240305 -0.362518 18.074603 0.446058 -2.454690 20.595273 -0.444951 -5.205671 34.963025 -0.000000 0.000000 0.000001 -9.103584 -0.043096 -1.865103 0.193035 -1.986070 25.605283 0.264372 -1.902710 15.818990 -10.171167 -7.696853 23.500791 -0.000001 0.000000 0.000003 -8.076688 -0.486734 -3.806301 0.287931 -2.029609 20.406664 0.412046 -2.362323 19.786315 0.783825 -3.212125 27.419868 -0.000004 0.000000 0.000002 4.570399 11.014688 -2.160813 0.494935 -7.716750 -14.798252 4.922458 1.245335 -61.957889 0.000012 -24.347189 0.000021 18.768393 -6.654996 -8.764500 2.466093 -1.576203 2.681701 -2.063071 15.925032 13.498791 5.897094 13.705205 0.759993 2.647884 -1.528757 1.528749 -8.074439 14.321536 2.030729 1.998917 -1.154091 1.154073 0.000004 -0.000002 -0.000000 9.109291 -0.518009 2.259904 -0.172155 0.426539 -16.645461 0.430524 2.400967 -20.330500 0.768438 3.166064 -27.280595 -0.000001 0.000004 0.000001 9.533397 0.000006 -0.000001 -0.101451 0.111682 -10.763588 0.467576 2.498560 -21.197021 0.732284 3.095039 -26.618354 -0.000000 0.000004 0.000000 9.104488 -0.042994 -1.865098 0.152901 1.548404 -17.513411 0.429558 2.398361 -20.307471 0.993261 3.567737 -31.107297 -0.000001 -0.000002 -0.000003 8.077801 -0.486899 -3.806300 1.408163 5.367065 -18.111124 0.516505 -1.449344 -22.661256 0.608144 2.834133 -24.218160 -0.000001 0.000002 0.000001 -8.207802 -6.751698 -1.599542 -16.037685 -6.686476 -12.752687 32.913100 7.264304 -3.261828 -15.438514 2.956381 5.003367 -0.813691 0.000005 0.000003 -0.000000 0.000001 0.000000 8.207800 -6.751689 -1.599543 -9.560303 3.129991 -12.579580 25.128744 8.648418 -1.612277 -13.525491 18.890319 8.365768 -0.914439 0.027903 -1.746974 0.000000 -0.000001 0.000000 
9.514674 100.301277 3.062873 -3.205749 -15.561497 5.420362 -0.000000 10.181566 0.131523 -5.039296 0.557484 -7.323211 1.876648 -0.832206 -2.420809 1.890756 -0.683546 -2.408304 0.000002 16.740368 -2.049021 6.697825 0.971992 2.876385 0.000001 9.617851 1.684981 -10.402272 2.354813 0.538266 0.000003 22.037323 7.501076 0.000001 -0.000001 -0.000000 -4.570002 11.014866 -2.160839 0.490480 5.863907 12.140014 5.336873 11.304422 68.875600 -0.000026 28.699847 0.000054 19.654624 1.548054 2.131031 -2.464810 -1.573998 2.681904 -2.380501 -8.775907 -14.680433 5.188063 -24.990501 -3.862005 -2.646268 -1.527810 1.527816 -0.136684 2.192063 1.892121 -1.994601 -1.151584 1.151577 -0.000001 -0.000003 0.000001 -9.108298 -0.517864 2.259801 0.999086 -3.675080 25.352245 0.187709 -1.607882 13.316756 0.599338 -2.828794 23.919637 -0.000002 0.000001 0.000001 -9.532502 -0.000007 -0.000003 -0.235912 -0.371968 18.035072 0.443429 -2.447648 20.533512 -0.467529 -5.205671 34.879929 -0.000003 0.000003 0.000001 -9.103595 -0.043114 -1.865104 0.196462 -1.990952 25.555723 0.263028 -1.897999 15.778707 -10.178411 -7.684648 23.458329 -0.000003 0.000002 0.000002 -8.076692 -0.486711 -3.806301 0.289006 -2.031516 20.359674 0.410168 -2.356976 19.739720 0.781283 -3.207274 27.374922 -0.000001 0.000003 0.000003 4.570401 11.014688 -2.160813 0.491461 -7.768991 -14.839332 4.825510 1.313728 -61.942180 0.000011 -24.437597 0.000017 18.739575 -6.635790 -8.787374 2.466088 -1.576193 2.681696 -2.044059 16.002559 13.455165 5.909027 13.839451 0.755155 2.647883 -1.528746 1.528741 -8.023951 14.444484 1.949242 1.998917 -1.154090 1.154082 0.000003 -0.000003 -0.000000 9.109288 -0.518009 2.259900 -0.172065 0.420753 -16.583038 0.427235 2.392080 -20.252003 0.761684 3.152927 -27.157681 -0.000001 0.000001 -0.000001 9.533393 0.000002 -0.000002 -0.100187 0.110894 -10.696480 0.464350 2.490316 -21.123607 0.726814 3.084111 -26.516929 -0.000001 0.000001 -0.000002 9.104489 -0.043000 -1.865102 0.148266 1.531310 -17.440284 0.427801 2.393611 -20.265328 0.989250 3.561095 -31.042636 0.000001 0.000004 -0.000001 8.077791 -0.486885 -3.806303 1.405938 5.371162 -18.052253 0.512243 -1.459518 -22.570090 0.600989 2.818212 -24.073137 -0.000000 0.000002 -0.000002 -8.207803 -6.751697 -1.599540 -16.022534 -6.720855 -12.807236 32.945899 7.287855 -3.258341 -15.458385 2.963772 5.006941 -0.833710 0.000001 -0.000002 -0.000000 0.000001 0.000000 8.207798 -6.751697 -1.599542 -9.522704 3.129676 -12.605868 25.140709 8.646788 -1.622163 -13.530213 18.843336 8.375195 -0.916439 0.028009 -1.750357 -0.000000 -0.000000 0.000000 
9.527832 100.298347 3.065725 -3.249241 -15.525684 5.422206 -0.000000 10.181558 0.131525 -5.192593 0.576053 -7.328675 2.010797 -0.854452 -2.422389 2.025949 -0.698744 -2.408029 0.000000 16.740389 -2.049023 6.674050 0.985015 2.838208 0.000001 9.617829 1.684978 -10.477687 2.397257 0.502969 0.000003 22.037338 7.501071 0.000000 0.000000 -0.000000 -4.569997 11.014874 -2.160840 0.486994 5.897797 12.094674 5.190429 11.221896 68.950609 -0.000011 28.673841 0.000034 19.630937 1.545475 2.084513 -2.464793 -1.573987 2.681910 -2.381367 -8.768675 -14.680679 5.179358 -24.970632 -3.864315 -2.646263 -1.527804 1.527819 -0.155402 2.231133 1.894909 -1.994604 -1.151580 1.151578 0.000003 -0.000000 -0.000004 -9.108294 -0.517870 2.259804 0.998610 -3.675041 25.321856 0.186960 -1.604714 13.290063 0.595552 -2.820284 23.843142 0.000000 0.000002 0.000002 -9.532492 0.000000 -0.000001 -0.231411 -0.381655 17.994565 0.440684 -2.440443 20.470186 -0.490705 -5.205598 34.794729 -0.000000 0.000002 -0.000003 -9.103601 -0.043118 -1.865099 0.199924 -1.995957 25.504963 0.261663 -1.893165 15.737432 -10.185793 -7.672097 23.414836 -0.000001 0.000001 -0.000000 -8.076697 -0.486725 -3.806299 0.290103 -2.033471 20.311536 0.408165 -2.351516 19.691919 0.778726 -3.202314 27.328816 -0.000000 0.000001 0.000001 4.570402 11.014674 -2.160815 0.488643 -7.808449 -14.894230 4.739078 1.389693 -61.920070 -0.000009 -24.526938 0.000013 18.636839 -6.588711 -8.827729 2.466086 -1.576215 2.681701 -2.024614 16.081038 13.410815 5.921214 13.975415 0.750157 2.647896 -1.528763 1.528743 -7.972286 14.568867 1.866417 1.998921 -1.154094 1.154086 0.000001 0.000001 0.000001 9.109282 -0.518013 2.259903 -0.171938 0.414879 -16.519782 0.423929 2.383099 -20.172475 0.754840 3.139581 -27.033112 -0.000001 0.000004 0.000001 9.533396 0.000005 0.000000 -0.098922 0.110103 -10.628486 0.461131 2.481954 -21.049144 0.721313 3.073050 -26.414186 0.000002 0.000003 0.000003 9.104503 -0.042996 -1.865099 0.143623 1.513962 -17.366229 0.426016 2.388761 -20.222577 0.985190 3.554371 -30.977179 0.000001 -0.000000 -0.000001 8.077801 -0.486887 -3.806302 1.403614 5.375317 -17.992610 0.507991 -1.469823 -22.477758 0.593782 2.802050 -23.926228 -0.000002 0.000001 -0.000000 -8.207802 -6.751713 -1.599539 -15.989819 -6.751685 -12.844930 32.960779 7.280446 -3.253219 -15.472081 2.969384 5.015756 -0.845733 0.000013 -0.000001 -0.000000 0.000000 0.000000 8.207795 -6.751702 -1.599543 -9.479061 3.124900 -12.627415 25.145748 8.647019 -1.619910 -13.530410 18.803386 8.377412 -0.918419 0.028120 -1.753729 -0.000000 0.000000 0.000000 
9.538280 100.299988 3.075351 -3.290290 -15.485707 5.421762 0.000001 10.181546 0.131522 -5.330950 0.591215 -7.332712 2.127911 -0.877979 -2.421014 2.143972 -0.716022 -2.405170 -0.000002 16.740362 -2.049020 6.673576 0.996481 2.820781 0.000001 9.617846 1.684980 -10.541305 2.465287 0.414224 -0.000000 22.037369 7.501075 0.000000 0.000000 -0.000000 -4.570003 11.014876 -2.160839 0.483772 5.929978 12.061230 5.087979 11.128536 69.009732 -0.000030 28.668732 0.000066 19.484170 1.519916 1.990084 -2.464780 -1.574000 2.681908 -2.382235 -8.761289 -14.680947 5.170432 -24.950258 -3.866677 -2.646281 -1.527792 1.527816 -0.174534 2.271156 1.897760 -1.994613 -1.151582 1.151570 0.000005 -0.000004 0.000003 -9.108280 -0.517868 2.259801 0.998139 -3.674975 25.290742 0.186207 -1.601481 13.262703 0.591702 -2.811563 23.764800 -0.000002 0.000001 0.000002 -9.532491 0.000011 -0.000004 -0.226846 -0.391602 17.953065 0.437958 -2.433055 20.405322 -0.514462 -5.205457 34.707528 -0.000000 0.000000 -0.000000 -9.103589 -0.043094 -1.865104 0.203466 -2.001110 25.452997 0.260277 -1.888218 15.695162 -10.193344 -7.659256 23.370271 -0.000001 -0.000000 0.000003 -8.076679 -0.486727 -3.806302 0.291214 -2.035491 20.262262 0.406174 -2.345903 19.643028 0.776090 -3.197207 27.281652 -0.000002 0.000000 0.000001 4.570403 11.014684 -2.160814 0.485652 -7.851976 -14.933780 4.651945 1.517106 -61.939359 0.000019 -24.577022 0.000037 18.585230 -6.589736 -8.851286 2.466107 -1.576192 2.681699 -2.004700 16.160414 13.365773 5.933618 14.113018 0.744931 2.647894 -1.528766 1.528750 -7.919416 14.694609 1.782321 1.998924 -1.154082 1.154076 -0.000001 0.000003 0.000003 9.109299 -0.518013 2.259901 -0.171823 0.408947 -16.455761 0.420591 2.373996 -20.091947 0.747938 3.126036 -26.906974 -0.000000 0.000007 0.000002 9.533406 0.000009 0.000001 -0.097648 0.109281 -10.559671 0.457878 2.473472 -20.973768 0.715718 3.061825 -26.310140 -0.000001 0.000001 0.000000 9.104500 -0.042994 -1.865101 0.138939 1.496401 -17.291211 0.424237 2.383878 -20.179341 0.981075 3.547521 -30.910841 -0.000001 0.000001 -0.000004 8.077814 -0.486899 -3.806299 1.401264 5.379516 -17.932211 0.503669 -1.480249 -22.384256 0.586528 2.785651 -23.777449 -0.000003 -0.000001 -0.000002 -8.207801 -6.751730 -1.599542 -15.941323 -6.778865 -12.873785 32.954167 7.255339 -3.250169 -15.480911 2.975784 5.030950 -0.858075 -0.000004 0.000005 -0.000000 -0.000001 -0.000000 8.207801 -6.751699 -1.599545 -9.421282 3.109363 -12.654800 25.120884 8.648576 -1.604622 -13.525672 18.778956 8.373976 -0.917564 0.028045 -1.751692 -0.000000 -0.000001 0.000000 
9.547591 100.303650 3.090859 -3.329353 -15.448501 5.415231 0.000003 10.181543 0.131524 -5.456919 0.604747 -7.334229 2.223551 -0.898001 -2.417820 2.240359 -0.730630 -2.400696 0.000001 16.740376 -2.049024 6.696887 1.004686 2.797633 -0.000001 9.617876 1.684976 -10.543773 2.481376 0.397230 0.000002 22.037369 7.501070 -0.000001 -0.000000 0.000000 -4.569996 11.014855 -2.160845 0.477683 5.960723 12.060912 5.005906 11.020976 69.064701 -0.000008 28.647091 0.000022 19.336411 1.476232 1.891915 -2.464791 -1.573977 2.681907 -2.383093 -8.753740 -14.681193 5.161319 -24.929449 -3.869072 -2.646271 -1.527811 1.527823 -0.194128 2.312048 1.900717 -1.994610 -1.151584 1.151581 -0.000001 -0.000004 0.000005 -9.108305 -0.517868 2.259800 0.997635 -3.674907 25.258914 0.185400 -1.598168 13.234783 0.587788 -2.802660 23.684731 -0.000000 -0.000000 0.000002 -9.532494 -0.000006 -0.000006 -0.222183 -0.401760 17.910645 0.435143 -2.425491 20.339064 -0.538788 -5.205256 34.618363 -0.000001 0.000001 -0.000002 -9.103583 -0.043097 -1.865108 0.207103 -2.006389 25.399827 0.258834 -1.883154 15.651945 -10.201024 -7.646110 23.324749 -0.000001 0.000001 0.000006 -8.076692 -0.486702 -3.806304 0.292350 -2.037550 20.211875 0.404127 -2.340178 19.593006 0.773406 -3.191995 27.233436 0.000004 0.000000 -0.000004 4.570398 11.014692 -2.160817 0.483818 -7.865229 -14.978740 4.579560 1.670031 -61.955177 -0.000015 -24.612484 -0.000001 18.526630 -6.554631 -8.888287 2.466086 -1.576221 2.681704 -1.984359 16.240617 13.320121 5.946289 14.252186 0.739551 2.647878 -1.528739 1.528744 -7.865380 14.821618 1.697001 1.998924 -1.154095 1.154076 -0.000001 -0.000001 0.000003 9.109289 -0.518007 2.259902 -0.171686 0.402962 -16.390951 0.417202 2.364763 -20.010451 0.741005 3.112357 -26.779348 0.000003 0.000001 0.000001 9.533389 0.000009 0.000004 -0.096359 0.108482 -10.490005 0.454604 2.464882 -20.897479 0.710113 3.050470 -26.204852 -0.000002 -0.000000 0.000001 9.104494 -0.043001 -1.865099 0.134238 1.478615 -17.215333 0.422410 2.378931 -20.135558 0.976949 3.540589 -30.843748 -0.000001 0.000001 -0.000003 8.077790 -0.486885 -3.806302 1.398871 5.383763 -17.871096 0.499334 -1.490819 -22.289619 0.579229 2.769045 -23.626910 -0.000002 -0.000002 0.000001 -8.207798 -6.751706 -1.599541 -15.881599 -6.799118 -12.890869 32.935271 7.233514 -3.250856 -15.488560 2.980952 5.048798 -0.863898 -0.000007 0.000000 -0.000000 0.000000 -0.000000 8.207800 -6.751704 -1.599544 -9.362541 3.082081 -12.687828 25.089027 8.650230 -1.571858 -13.519921 18.773943 8.366810 -0.916010 0.027946 -1.748339 -0.000000 0.000000 0.000000 
9.556170 100.315735 3.111307 -3.374660 -15.410818 5.381906 0.000002 10.181554 0.131524 -5.564927 0.617864 -7.330303 2.307089 -0.907856 -2.408243 2.324387 -0.736287 -2.389735 -0.000002 16.740364 -2.049024 6.720244 1.008994 2.784877 -0.000000 9.617828 1.684979 -10.531978 2.486727 0.391121 -0.000001 22.037384 7.501081 0.000001 0.000000 0.000000 -4.570002 11.014874 -2.160841 0.473543 5.972361 12.074097 4.941043 10.918422 69.116303 -0.000014 28.629187 0.000050 19.252905 1.362579 1.802162 -2.464799 -1.573972 2.681906 -2.383972 -8.746032 -14.681408 5.152022 -24.908180 -3.871540 -2.646258 -1.527814 1.527815 -0.214138 2.353822 1.903744 -1.994586 -1.151586 1.151577 0.000001 -0.000004 -0.000002 -9.108301 -0.517869 2.259803 0.997133 -3.674865 25.226445 0.184609 -1.594783 13.206229 0.583801 -2.793545 23.602929 0.000004 0.000002 -0.000000 -9.532508 0.000031 -0.000003 -0.217455 -0.412140 17.867360 0.432279 -2.417768 20.271370 -0.563617 -5.204986 34.527306 -0.000000 0.000001 0.000001 -9.103611 -0.043095 -1.865102 0.210751 -2.011774 25.345575 0.257411 -1.877974 15.607827 -10.208896 -7.632683 23.278248 -0.000001 -0.000001 0.000004 -8.076708 -0.486731 -3.806302 0.293493 -2.039648 20.160410 0.402038 -2.334333 19.541946 0.770657 -3.186671 27.184138 0.000006 0.000002 0.000003 4.570403 11.014710 -2.160816 0.482549 -7.872661 -15.035647 4.496835 1.817311 -61.953142 0.000000 -24.608705 0.000013 18.529634 -6.570493 -8.868212 2.466099 -1.576213 2.681697 -1.963584 16.321620 13.273851 5.959161 14.392783 0.733973 2.647880 -1.528754 1.528748 -7.810212 14.949805 1.610421 1.998940 -1.154091 1.154075 0.000003 -0.000005 -0.000000 9.109288 -0.518014 2.259903 -0.171562 0.396882 -16.325412 0.413819 2.355435 -19.928002 0.734009 3.098463 -26.650275 -0.000000 0.000008 0.000004 9.533389 0.000009 0.000004 -0.095088 0.107678 -10.419510 0.451273 2.456189 -20.820322 0.704476 3.038977 -26.098354 0.000000 0.000002 0.000003 9.104500 -0.043001 -1.865098 0.129508 1.460613 -17.138560 0.420556 2.373926 -20.091254 0.972748 3.533587 -30.775890 0.000004 0.000003 -0.000003 8.077810 -0.486902 -3.806302 1.396418 5.388043 -17.809274 0.494947 -1.501527 -22.193901 0.571914 2.752267 -23.474628 0.000000 0.000004 0.000001 -8.207801 -6.751693 -1.599541 -15.781804 -6.818033 -12.874541 32.868861 7.201611 -3.251284 -15.477991 2.986178 5.071190 -0.865660 -0.000004 0.000002 0.000000 0.000000 0.000000 8.207805 -6.751683 -1.599543 -9.282316 3.058563 -12.696556 25.033878 8.651258 -1.532941 -13.506714 18.768578 8.358469 -0.914241 0.027809 -1.744610 -0.000000 0.000000 0.000000 
9.567386 100.336739 3.128613 -3.404488 -15.384402 5.319793 0.000002 10.181558 0.131523 -5.653393 0.632518 -7.315285 2.373145 -0.902484 -2.384277 2.390517 -0.728536 -2.364230 0.000000 16.740368 -2.049022 6.743602 1.006111 2.784465 0.000001 9.617842 1.684974 -10.560673 2.448527 0.397887 -0.000000 22.037384 7.501072 0.000001 -0.000001 -0.000000 -4.570000 11.014875 -2.160841 0.476932 5.963137 12.043851 4.883620 10.826240 69.186702 -0.000019 28.601813 0.000042 19.198921 1.275071 1.742410 -2.464804 -1.573997 2.681908 -2.384924 -8.738173 -14.681657 5.142508 -24.886496 -3.874044 -2.646260 -1.527797 1.527820 -0.234566 2.396444 1.906868 -1.994590 -1.151582 1.151581 0.000001 0.000001 -0.000000 -9.108315 -0.517884 2.259799 0.996590 -3.674783 25.193310 0.183808 -1.591340 13.177107 0.579722 -2.784239 23.519488 0.000001 0.000004 0.000005 -9.532500 -0.000001 -0.000004 -0.212647 -0.422753 17.823136 0.429363 -2.409886 20.202289 -0.588984 -5.204658 34.434429 -0.000001 0.000001 -0.000000 -9.103607 -0.043095 -1.865106 0.214458 -2.017306 25.290177 0.255930 -1.872700 15.562796 -10.216931 -7.618997 23.230793 -0.000001 0.000001 0.000001 -8.076689 -0.486728 -3.806299 0.294639 -2.041817 20.107862 0.399918 -2.328350 19.489813 0.767877 -3.181245 27.133907 -0.000002 -0.000001 0.000002 4.570401 11.014694 -2.160817 0.475322 -7.876327 -15.110141 4.402267 1.949611 -61.945322 -0.000009 -24.566877 0.000011 18.503297 -6.583690 -8.802040 2.466094 -1.576211 2.681693 -1.942313 16.403343 13.226934 5.972260 14.534791 0.728186 2.647887 -1.528759 1.528744 -7.753932 15.079089 1.522638 1.998916 -1.154073 1.154074 0.000002 -0.000001 0.000003 9.109294 -0.518010 2.259893 -0.171429 0.390722 -16.259185 0.410391 2.345987 -19.844688 0.726998 3.084431 -26.519782 -0.000000 0.000005 -0.000001 9.533387 0.000006 -0.000004 -0.093772 0.106834 -10.348302 0.447939 2.447417 -20.742335 0.698785 3.027337 -25.990716 0.000002 -0.000001 -0.000001 9.104487 -0.042999 -1.865106 0.124805 1.442404 -17.060967 0.418681 2.368850 -20.046508 0.968537 3.526482 -30.707257 0.000000 0.000001 -0.000004 8.077801 -0.486884 -3.806304 1.393937 5.392381 -17.746793 0.490547 -1.512353 -22.097158 0.564532 2.735235 -23.320706 0.000000 0.000001 0.000000 -8.207800 -6.751700 -1.599542 -15.666579 -6.824492 -12.813296 32.748001 7.146024 -3.248140 -15.435582 2.990650 5.098865 -0.867013 0.000001 -0.000005 0.000000 -0.000000 -0.000000 8.207801 -6.751699 -1.599545 -9.210271 3.040735 -12.672089 24.957318 8.658169 -1.491631 -13.481645 18.770050 8.350979 -0.912055 0.027682 -1.740079 -0.000000 -0.000001 0.000000 
9.583286 100.360825 3.143949 -3.426426 -15.376784 5.253446 0.000003 10.181557 0.131521 -5.716461 0.649885 -7.299427 2.431350 -0.885789 -2.363772 2.448679 -0.710224 -2.341809 -0.000001 16.740379 -2.049019 6.750363 0.994014 2.798067 -0.000001 9.617842 1.684978 -10.599831 2.383421 0.407300 0.000001 22.037369 7.501070 0.000001 -0.000001 -0.000000 -4.569996 11.014871 -2.160839 0.476633 5.961438 12.031108 4.842923 10.713040 69.225702 -0.000022 28.597179 0.000047 19.100465 1.213885 1.707204 -2.464793 -1.574008 2.681917 -2.385873 -8.730158 -14.681900 5.132844 -24.864390 -3.876593 -2.646268 -1.527803 1.527823 -0.255409 2.439880 1.910047 -1.994585 -1.151584 1.151577 -0.000001 0.000001 -0.000002 -9.108317 -0.517889 2.259809 0.996083 -3.674724 25.159499 0.182992 -1.587806 13.147442 0.575592 -2.774762 23.434381 -0.000000 -0.000000 -0.000002 -9.532506 -0.000004 0.000006 -0.207750 -0.433573 17.778093 0.426424 -2.401846 20.131884 -0.614860 -5.204240 34.339698 -0.000000 -0.000001 -0.000000 -9.103609 -0.043107 -1.865096 0.218285 -2.022931 25.233697 0.254431 -1.867316 15.516882 -10.225077 -7.605014 23.182449 -0.000001 -0.000001 0.000001 -8.076692 -0.486732 -3.806292 0.295841 -2.044008 20.054352 0.397773 -2.322256 19.436690 0.765032 -3.175696 27.082649 -0.000003 0.000004 0.000005 4.570401 11.014701 -2.160814 0.473360 -7.873716 -15.147442 4.329311 2.110583 -61.975265 0.000006 -24.556022 0.000015 18.434062 -6.505519 -8.661333 2.466106 -1.576221 2.681693 -1.920649 16.485734 13.179426 5.985556 14.678095 0.722244 2.647883 -1.528764 1.528746 -7.696512 15.209368 1.433720 1.998913 -1.154090 1.154073 -0.000000 0.000004 0.000001 9.109299 -0.518018 2.259896 -0.171292 0.384523 -16.192220 0.406965 2.336447 -19.760489 0.719899 3.070234 -26.387965 -0.000001 0.000002 0.000001 9.533390 0.000008 -0.000002 -0.092506 0.106012 -10.276341 0.444603 2.438545 -20.663516 0.693041 3.015551 -25.881972 -0.000000 -0.000001 -0.000002 9.104487 -0.043000 -1.865101 0.120051 1.423999 -16.982562 0.416850 2.363732 -20.001287 0.964253 3.519306 -30.637941 0.000002 -0.000001 -0.000002 8.077820 -0.486879 -3.806306 1.391416 5.396766 -17.683640 0.486089 -1.523318 -21.999421 0.557162 2.718056 -23.165184 0.000000 0.000001 0.000001 -8.207802 -6.751702 -1.599542 -15.556184 -6.828667 -12.747487 32.610953 7.102571 -3.241729 -15.379428 2.995331 5.124066 -0.870602 0.000002 0.000001 0.000000 0.000000 0.000000 8.207800 -6.751701 -1.599544 -9.141343 3.023246 -12.644561 24.865835 8.661418 -1.450786 -13.451677 18.782727 8.354745 -0.909006 0.027486 -1.733923 -0.000000 0.000001 0.000000 
9.602139 100.381210 3.151239 -3.436739 -15.382696 5.188576 -0.000003 10.181547 0.131526 -5.745571 0.665717 -7.289145 2.498745 -0.864192 -2.352478 2.516010 -0.687398 -2.328334 0.000001 16.740358 -2.049022 6.712143 0.974225 2.832310 0.000001 9.617826 1.684982 -10.691433 2.278256 0.465991 -0.000002 22.037369 7.501076 -0.000000 -0.000001 0.000000 -4.570000 11.014855 -2.160841 0.480147 5.921101 12.050196 4.785871 10.658215 69.188594 -0.000016 28.585211 0.000031 18.982380 1.256278 1.569040 -2.464783 -1.573990 2.681908 -2.386840 -8.721983 -14.682161 5.122969 -24.841871 -3.879173 -2.646270 -1.527809 1.527815 -0.276625 2.484114 1.913310 -1.994587 -1.151555 1.151576 -0.000002 -0.000005 0.000001 -9.108307 -0.517883 2.259801 0.995517 -3.674667 25.125080 0.182159 -1.584238 13.117200 0.571409 -2.765090 23.347760 0.000000 0.000001 0.000003 -9.532492 0.000014 -0.000003 -0.202808 -0.444617 17.732230 0.423429 -2.393643 20.060155 -0.641226 -5.203741 34.243287 0.000002 0.000003 0.000003 -9.103592 -0.043110 -1.865103 0.222097 -2.028671 25.176236 0.252906 -1.861831 15.470155 -10.233409 -7.590766 23.133175 -0.000003 0.000001 0.000002 -8.076685 -0.486729 -3.806302 0.296994 -2.046267 19.999822 0.395577 -2.316044 19.382584 0.762131 -3.170056 27.030496 -0.000002 0.000001 -0.000001 4.570405 11.014686 -2.160816 0.483033 -7.840732 -15.145157 4.255143 2.238411 -61.983851 0.000007 -24.561101 0.000011 18.283768 -6.530211 -8.553939 2.466092 -1.576210 2.681704 -1.898536 16.568775 13.131378 5.999061 14.822626 0.716104 2.647907 -1.528747 1.528753 -7.638086 15.340588 1.343671 1.998923 -1.154083 1.154070 0.000001 -0.000002 0.000007 9.109279 -0.518014 2.259903 -0.171135 0.378265 -16.124617 0.403521 2.326807 -19.675454 0.712775 3.055878 -26.254831 -0.000003 0.000001 0.000004 9.533391 0.000001 0.000004 -0.091189 0.105175 -10.203680 0.441223 2.429565 -20.583933 0.687269 3.003673 -25.772127 -0.000001 -0.000004 0.000000 9.104487 -0.042996 -1.865098 0.115310 1.405400 -16.903400 0.414970 2.358556 -19.955600 0.959976 3.512072 -30.567928 -0.000001 0.000003 -0.000002 8.077787 -0.486900 -3.806295 1.388838 5.401183 -17.619848 0.481648 -1.534378 -21.900713 0.549724 2.700647 -23.008136 -0.000000 0.000003 0.000002 -8.207801 -6.751706 -1.599541 -15.473553 -6.832032 -12.688619 32.488365 7.101293 -3.227606 -15.322626 3.002729 5.135651 -0.875184 -0.000006 0.000000 -0.000000 0.000001 0.000000 8.207798 -6.751694 -1.599542 -9.098907 3.009190 -12.612728 24.793115 8.662790 -1.415136 -13.425685 18.801412 8.356561 -0.906008 0.027298 -1.727910 0.000000 0.000000 0.000000 
9.626952 100.387802 3.148621 -3.428589 -15.413440 5.136867 -0.000002 10.181562 0.131524 -5.752420 0.680257 -7.280638 2.547203 -0.838823 -2.353162 2.564453 -0.661056 -2.326882 -0.000001 16.740377 -2.049024 6.687745 0.955346 2.876981 -0.000002 9.617855 1.684982 -10.860086 2.162051 0.556544 0.000001 22.037384 7.501073 0.000001 -0.000000 0.000000 -4.569999 11.014895 -2.160841 0.480210 5.898473 12.028048 4.709352 10.576572 69.184332 -0.000014 28.537259 0.000015 18.857707 1.321516 1.419996 -2.464784 -1.573996 2.681906 -2.387790 -8.713673 -14.682475 5.112935 -24.818956 -3.881798 -2.646280 -1.527811 1.527820 -0.298228 2.529113 1.916656 -1.994590 -1.151583 1.151578 0.000001 -0.000005 -0.000000 -9.108298 -0.517883 2.259800 0.994975 -3.674588 25.090049 0.181304 -1.580585 13.086457 0.567167 -2.755239 23.259608 -0.000001 0.000002 0.000001 -9.532492 0.000010 -0.000004 -0.197772 -0.455817 17.685511 0.420378 -2.385309 19.987236 -0.668075 -5.203163 34.145174 0.000002 0.000000 0.000003 -9.103580 -0.043105 -1.865103 0.225985 -2.034507 25.117713 0.251371 -1.856250 15.422593 -10.241800 -7.576267 23.083096 -0.000001 0.000002 0.000003 -8.076676 -0.486731 -3.806298 0.298213 -2.048538 19.944337 0.393357 -2.309725 19.327550 0.759205 -3.164309 26.977379 -0.000003 0.000005 0.000002 4.570401 11.014701 -2.160816 0.487103 -7.817519 -15.144532 4.225056 2.305474 -61.898671 0.000007 -24.599152 0.000043 18.187877 -6.572735 -8.412578 2.466084 -1.576197 2.681696 -1.876030 16.652361 13.082775 6.012777 14.968247 0.709778 2.647905 -1.528767 1.528759 -7.578600 15.472624 1.252505 1.998925 -1.154088 1.154074 0.000003 0.000001 -0.000000 9.109290 -0.518015 2.259899 -0.170964 0.371940 -16.056393 0.400043 2.317097 -19.589647 0.705631 3.041356 -26.120445 -0.000002 -0.000001 0.000001 9.533383 0.000001 -0.000004 -0.089849 0.104338 -10.130299 0.437820 2.420516 -20.503620 0.681462 2.991629 -25.661265 0.000004 0.000000 0.000002 9.104483 -0.042998 -1.865101 0.110559 1.386605 -16.823507 0.413083 2.353339 -19.909476 0.955650 3.504777 -30.497303 0.000001 0.000003 -0.000003 8.077807 -0.486881 -3.806306 1.386264 5.405631 -17.555507 0.477165 -1.545542 -21.801069 0.542274 2.683064 -22.849636 0.000002 -0.000000 0.000000 -8.207802 -6.751711 -1.599542 -15.456785 -6.833818 -12.650411 32.427433 7.135344 -3.210275 -15.282518 3.011578 5.134765 -0.881912 -0.000001 -0.000001 -0.000000 -0.000001 -0.000000 8.207796 -6.751707 -1.599542 -9.118218 2.985415 -12.600733 24.780048 8.673715 -1.372961 -13.417352 18.861950 8.348850 -0.904682 0.027214 -1.725082 0.000000 -0.000000 0.000000 
9.656683 100.387848 3.128112 -3.444702 -15.455620 5.078063 -0.000000 10.181544 0.131524 -5.734460 0.688680 -7.274086 2.580599 -0.817896 -2.356501 2.597730 -0.640004 -2.328862 0.000001 16.740351 -2.049019 6.692175 0.937549 2.920564 0.000002 9.617811 1.684981 -11.040775 2.055597 0.625935 0.000002 22.037354 7.501070 -0.000001 0.000000 0.000000 -4.570001 11.014865 -2.160840 0.478552 5.876437 11.958546 4.650572 10.437542 69.242866 -0.000007 28.481189 0.000025 18.641613 1.408010 1.350413 -2.464794 -1.574003 2.681906 -2.388775 -8.705237 -14.682745 5.102755 -24.795666 -3.884461 -2.646266 -1.527818 1.527822 -0.320224 2.574858 1.920073 -1.994598 -1.151587 1.151578 -0.000001 -0.000005 -0.000000 -9.108291 -0.517870 2.259802 0.994409 -3.674541 25.054481 0.180420 -1.576880 13.055191 0.562887 -2.745240 23.170015 -0.000000 0.000000 0.000002 -9.532491 -0.000006 -0.000003 -0.192685 -0.467235 17.638076 0.417300 -2.376829 19.913060 -0.695377 -5.202494 34.045419 -0.000004 0.000002 0.000005 -9.103596 -0.043111 -1.865104 0.229922 -2.040473 25.058260 0.249780 -1.850569 15.374273 -10.250355 -7.561511 23.032151 0.000002 -0.000000 0.000003 -8.076683 -0.486722 -3.806302 0.299394 -2.050869 19.887984 0.391116 -2.303307 19.271570 0.756246 -3.158466 26.923416 -0.000000 0.000004 0.000006 4.570398 11.014664 -2.160814 0.491361 -7.764999 -15.136333 4.218807 2.383418 -61.808540 -0.000027 -24.599466 -0.000008 18.125174 -6.607146 -8.359240 2.466101 -1.576201 2.681693 -1.853141 16.736462 13.033640 6.026688 15.114949 0.703251 2.647881 -1.528742 1.528746 -7.517807 15.605341 1.160277 1.998922 -1.154073 1.154078 -0.000000 0.000003 -0.000002 9.109298 -0.518013 2.259895 -0.170804 0.365577 -15.987547 0.396524 2.307227 -19.503078 0.698463 3.026693 -25.984879 -0.000002 -0.000002 0.000001 9.533400 0.000008 -0.000002 -0.088563 0.103498 -10.056299 0.434378 2.411369 -20.422599 0.675658 2.979494 -25.549422 -0.000000 0.000001 0.000000 9.104507 -0.042995 -1.865107 0.105796 1.367652 -16.742894 0.411144 2.348061 -19.862988 0.951281 3.497377 -30.426000 0.000002 0.000004 -0.000000 8.077808 -0.486896 -3.806304 1.383574 5.410114 -17.490544 0.472667 -1.556827 -21.700530 0.534822 2.665309 -22.689701 -0.000000 0.000001 -0.000000 -8.207805 -6.751714 -1.599545 -15.441603 -6.824066 -12.603466 32.396089 7.148180 -3.204739 -15.244687 3.020001 5.141084 -0.893339 0.000001 0.000001 0.000000 -0.000000 -0.000000 8.207797 -6.751710 -1.599547 -9.140408 2.971604 -12.580339 24.806538 8.688061 -1.337675 -13.416695 18.893222 8.334453 -0.903437 0.027116 -1.722406 0.000000 0.000001 0.000000 
9.690119 100.389893 3.095508 -3.470676 -15.502723 5.019940 0.000002 10.181545 0.131523 -5.694722 0.689197 -7.269966 2.587273 -0.800433 -2.361117 2.604147 -0.623433 -2.333041 0.000000 16.740379 -2.049019 6.685833 0.919675 2.955059 -0.000002 9.617881 1.684974 -11.007526 1.967763 0.719702 0.000001 22.037399 7.501070 0.000002 0.000001 0.000000 -4.570002 11.014883 -2.160839 0.479733 5.820988 11.915589 4.701944 10.282868 69.282181 -0.000014 28.509454 0.000049 18.172145 1.443743 1.305966 -2.464798 -1.573999 2.681915 -2.389791 -8.696630 -14.682998 5.092384 -24.772032 -3.887174 -2.646248 -1.527811 1.527814 -0.342559 2.621316 1.923573 -1.994601 -1.151588 1.151577 0.000004 -0.000003 0.000001 -9.108293 -0.517881 2.259808 0.993823 -3.674468 25.018300 0.179585 -1.573095 13.023429 0.558524 -2.735056 23.078975 0.000002 -0.000001 0.000003 -9.532494 0.000009 0.000004 -0.187552 -0.478847 17.589875 0.414166 -2.368204 19.837709 -0.723136 -5.201748 33.944090 -0.000000 0.000002 0.000002 -9.103612 -0.043104 -1.865102 0.233893 -2.046540 24.997838 0.248226 -1.844810 15.325131 -10.259083 -7.546521 22.980421 0.000002 -0.000000 0.000000 -8.076696 -0.486732 -3.806295 0.300623 -2.053245 19.830682 0.388829 -2.296770 19.214724 0.753212 -3.152524 26.868584 -0.000002 -0.000001 0.000002 4.570400 11.014667 -2.160812 0.499647 -7.656598 -15.032574 4.219777 2.481504 -61.852677 -0.000008 -24.517024 -0.000026 18.120396 -6.572087 -8.349124 2.466090 -1.576213 2.681698 -1.829810 16.821052 12.984044 6.040803 15.262565 0.696514 2.647886 -1.528754 1.528751 -7.455564 15.738663 1.067140 1.998921 -1.154093 1.154079 0.000002 -0.000000 -0.000002 9.109290 -0.518011 2.259896 -0.170620 0.359131 -15.918102 0.393023 2.297323 -19.415767 0.691277 3.011900 -25.848183 0.000001 0.000004 0.000004 9.533383 0.000007 -0.000003 -0.087249 0.102651 -9.981668 0.430960 2.402138 -20.340887 0.669793 2.967242 -25.436644 0.000002 0.000003 0.000004 9.104492 -0.042998 -1.865102 0.101048 1.348518 -16.661592 0.409249 2.342760 -19.816054 0.946923 3.489936 -30.354119 -0.000000 0.000002 -0.000001 8.077802 -0.486885 -3.806306 1.380886 5.414653 -17.425054 0.468145 -1.568202 -21.599174 0.527334 2.647373 -22.528436 -0.000002 0.000001 0.000004 -8.207800 -6.751716 -1.599542 -15.415648 -6.786216 -12.539932 32.359107 7.130897 -3.220528 -15.198187 3.026408 5.166283 -0.908194 -0.000002 -0.000003 -0.000000 0.000001 0.000000 8.207802 -6.751710 -1.599544 -9.153264 2.963548 -12.557918 24.823056 8.697056 -1.310270 -13.407010 18.913926 8.330760 -0.901494 0.027005 -1.718431 -0.000000 -0.000001 0.000000 
9.731134 100.389893 3.048026 -3.458161 -15.568501 4.990948 -0.000001 10.181522 0.131522 -5.641223 0.683416 -7.269701 2.528526 -0.793812 -2.365855 2.544967 -0.619155 -2.339283 -0.000001 16.740391 -2.049020 6.710558 0.911476 2.966022 0.000000 9.617850 1.684977 -10.857028 1.955918 0.745320 0.000000 22.037384 7.501072 0.000001 0.000001 0.000000 -4.569999 11.014891 -2.160840 0.478716 5.746790 11.795715 4.824895 10.154058 69.406408 -0.000022 28.546666 0.000047 17.726424 1.438321 1.357280 -2.464801 -1.573985 2.681909 -2.390837 -8.687943 -14.683250 5.081875 -24.748007 -3.889878 -2.646275 -1.527808 1.527819 -0.365225 2.668480 1.927139 -1.994621 -1.151572 1.151583 -0.000000 -0.000004 0.000003 -9.108301 -0.517870 2.259802 0.993226 -3.674415 24.981630 0.178675 -1.569276 12.991180 0.554122 -2.724717 22.986619 -0.000003 0.000001 0.000004 -9.532503 -0.000007 -0.000002 -0.182387 -0.490652 17.540949 0.411036 -2.359461 19.761252 -0.751359 -5.200888 33.841279 -0.000004 0.000002 0.000000 -9.103601 -0.043113 -1.865103 0.237885 -2.052708 24.936534 0.246610 -1.838946 15.275278 -10.267872 -7.531297 22.927910 0.000000 -0.000001 -0.000001 -8.076697 -0.486728 -3.806299 0.301831 -2.055665 19.772532 0.386532 -2.290140 19.157048 0.750141 -3.146492 26.812956 -0.000004 0.000004 0.000009 4.570400 11.014682 -2.160814 0.505449 -7.580021 -14.961456 4.329803 2.683572 -61.906990 0.000003 -24.412466 0.000015 18.180942 -6.611791 -8.224479 2.466090 -1.576223 2.681695 -1.806104 16.906040 12.933960 6.055077 15.411084 0.689585 2.647886 -1.528741 1.528754 -7.392130 15.872511 0.973049 1.998905 -1.154081 1.154075 -0.000000 0.000003 0.000001 9.109295 -0.518008 2.259897 -0.170447 0.352664 -15.848125 0.389517 2.287317 -19.327779 0.684039 2.996978 -25.710396 -0.000001 0.000002 -0.000001 9.533390 0.000007 -0.000002 -0.085935 0.101810 -9.906437 0.427517 2.392825 -20.258522 0.663923 2.954883 -25.322972 0.000001 0.000002 0.000003 9.104479 -0.042999 -1.865105 0.096309 1.329216 -16.579668 0.407298 2.337391 -19.768820 0.942504 3.482404 -30.281657 0.000003 -0.000001 0.000001 8.077787 -0.486897 -3.806303 1.378149 5.419200 -17.359047 0.463614 -1.579682 -21.496979 0.519870 2.629294 -22.365931 0.000003 -0.000001 0.000001 -8.207805 -6.751728 -1.599542 -15.449958 -6.722658 -12.484222 32.336619 7.107161 -3.255368 -15.143115 3.032184 5.204065 -0.929405 0.000005 0.000002 -0.000000 0.000001 0.000000 8.207799 -6.751719 -1.599545 -9.214768 2.947858 -12.559164 24.829295 8.705606 -1.290017 -13.385526 18.967451 8.346351 -0.899098 0.026852 -1.713567 -0.000000 0.000001 0.000000 
9.775409 100.386200 2.997839 -3.408761 -15.625755 4.958573 -0.000000 10.181545 0.131523 -5.567984 0.666715 -7.271851 2.412784 -0.798038 -2.375452 2.428671 -0.626909 -2.352039 0.000001 16.740368 -2.049024 6.745253 0.911153 2.969033 -0.000001 9.617854 1.684977 -10.691230 1.998339 0.748508 -0.000000 22.037338 7.501075 0.000002 0.000001 0.000001 -4.570001 11.014896 -2.160841 0.476198 5.681649 11.655206 5.006439 9.935236 69.619790 -0.000013 28.580679 0.000001 17.453688 1.524123 1.345219 -2.464780 -1.573985 2.681915 -2.391879 -8.679108 -14.683522 5.071219 -24.723654 -3.892698 -2.646267 -1.527784 1.527821 -0.388261 2.716289 1.930771 -1.994601 -1.151584 1.151574 0.000003 0.000000 0.000001 -9.108291 -0.517889 2.259807 0.992636 -3.674357 24.944394 0.177775 -1.565395 12.958488 0.549691 -2.714223 22.892904 0.000000 -0.000001 -0.000000 -9.532479 -0.000004 0.000004 -0.177136 -0.502626 17.491320 0.407834 -2.350576 19.683685 -0.779981 -5.199937 33.736992 -0.000001 0.000002 -0.000000 -9.103586 -0.043112 -1.865098 0.241939 -2.058972 24.874345 0.245001 -1.833016 15.224729 -10.276789 -7.515836 22.874662 0.000000 0.000001 0.000003 -8.076672 -0.486734 -3.806294 0.303050 -2.058122 19.713557 0.384185 -2.283419 19.098513 0.747052 -3.140374 26.756505 -0.000003 0.000001 0.000001 4.570399 11.014690 -2.160816 0.513530 -7.471620 -14.823722 4.464446 2.940349 -62.103393 0.000019 -24.253279 0.000010 18.078133 -6.471279 -8.226091 2.466088 -1.576190 2.681697 -1.782003 16.991361 12.883408 6.069541 15.560368 0.682449 2.647876 -1.528751 1.528747 -7.327680 16.006820 0.877984 1.998902 -1.154095 1.154073 0.000001 -0.000001 -0.000000 9.109285 -0.518012 2.259898 -0.170254 0.346135 -15.777646 0.385968 2.277238 -19.239133 0.676802 2.981898 -25.571579 -0.000002 0.000000 0.000004 9.533401 0.000003 -0.000004 -0.084631 0.100973 -9.830646 0.424075 2.383436 -20.175523 0.658018 2.942417 -25.208452 0.000004 0.000004 0.000003 9.104491 -0.043000 -1.865106 0.091536 1.309762 -16.497139 0.405384 2.332001 -19.721181 0.938064 3.474793 -30.208670 -0.000001 0.000001 0.000000 8.077802 -0.486881 -3.806305 1.375371 5.423793 -17.292523 0.459083 -1.591270 -21.394046 0.512362 2.611053 -22.202165 0.000001 0.000005 0.000002 -8.207800 -6.751698 -1.599541 -15.517085 -6.626609 -12.397306 32.317320 7.002269 -3.297975 -15.085111 3.034229 5.264230 -0.976067 0.000009 0.000001 0.000000 0.000002 0.000000 8.207799 -6.751683 -1.599543 -9.328100 2.938093 -12.542225 24.860333 8.720488 -1.276294 -13.370522 19.011405 8.355164 -0.897336 0.026729 -1.709976 -0.000000 0.000001 0.000000 
9.818615 100.381615 2.943214 -3.370756 -15.658422 4.905503 -0.000001 10.181561 0.131522 -5.464629 0.638384 -7.277628 2.269153 -0.812638 -2.380946 2.284188 -0.646702 -2.362065 0.000001 16.740379 -2.049020 6.774811 0.908635 2.977504 -0.000000 9.617857 1.684973 -10.571241 2.032280 0.755486 -0.000002 22.037384 7.501074 0.000000 0.000002 0.000000 -4.569996 11.014882 -2.160841 0.472937 5.626064 11.513217 5.257743 9.637109 69.855507 -0.000005 28.663452 0.000014 17.156416 1.571325 1.471046 -2.464789 -1.573999 2.681911 -2.392906 -8.670147 -14.683824 5.060408 -24.698978 -3.895500 -2.646273 -1.527826 1.527814 -0.411591 2.764754 1.934510 -1.994594 -1.151583 1.151580 0.000001 -0.000003 0.000001 -9.108292 -0.517874 2.259802 0.992004 -3.674300 24.906652 0.176892 -1.561468 12.925335 0.545193 -2.703585 22.797928 -0.000001 0.000002 0.000008 -9.532495 0.000011 -0.000001 -0.171840 -0.514776 17.441014 0.404601 -2.341565 19.605097 -0.809014 -5.198892 33.631295 0.000001 -0.000001 -0.000000 -9.103601 -0.043114 -1.865101 0.246027 -2.065344 24.811268 0.243355 -1.826993 15.173489 -10.285764 -7.500156 22.820721 0.000001 0.000000 0.000004 -8.076690 -0.486727 -3.806301 0.304300 -2.060595 19.653796 0.381810 -2.276591 19.039222 0.743926 -3.134171 26.699310 -0.000000 0.000002 0.000005 4.570407 11.014689 -2.160814 0.525357 -7.302738 -14.649132 4.578756 3.222289 -62.440094 0.000018 -24.020017 0.000008 18.145463 -6.361131 -8.177692 2.466092 -1.576207 2.681705 -1.757536 17.077011 12.832445 6.084162 15.710379 0.675135 2.647889 -1.528740 1.528749 -7.262271 16.141511 0.781989 1.998913 -1.154079 1.154073 0.000003 -0.000000 0.000002 9.109305 -0.518013 2.259900 -0.170065 0.339588 -15.706638 0.382455 2.267062 -19.149820 0.669537 2.966724 -25.431823 -0.000004 -0.000001 0.000001 9.533407 0.000011 0.000000 -0.083295 0.100102 -9.754336 0.420598 2.374008 -20.091990 0.652122 2.929842 -25.093125 -0.000000 -0.000000 0.000000 9.104505 -0.043004 -1.865097 0.086807 1.290173 -16.414031 0.403410 2.326558 -19.673207 0.933628 3.467165 -30.135157 0.000001 0.000004 -0.000003 8.077806 -0.486879 -3.806298 1.372557 5.428402 -17.225558 0.454502 -1.602937 -21.290395 0.504887 2.592649 -22.037284 0.000000 -0.000003 0.000002 -8.207802 -6.751702 -1.599544 -15.561425 -6.522496 -12.284776 32.290703 6.860481 -3.339380 -15.025900 3.033213 5.331355 -0.993400 0.000006 0.000002 0.000000 0.000001 0.000000 8.207796 -6.751694 -1.599545 -9.444569 2.938059 -12.500226 24.918528 8.739040 -1.265371 -13.358399 19.043283 8.353706 -0.898579 0.026800 -1.712111 -0.000000 -0.000000 0.000000 
9.863885 100.369743 2.879808 -3.333426 -15.658750 4.884379 0.000001 10.181553 0.131523 -5.330850 0.606177 -7.288059 2.099991 -0.826676 -2.400993 2.114189 -0.666419 -2.386752 -0.000001 16.740398 -2.049026 6.791859 0.893880 2.992056 -0.000000 9.617819 1.684975 -10.512464 2.010137 0.743377 0.000001 22.037354 7.501070 -0.000000 0.000000 -0.000000 -4.570004 11.014873 -2.160842 0.469575 5.522707 11.318102 5.541391 9.332369 70.166513 -0.000002 28.733622 0.000036 16.901293 1.587982 1.432259 -2.464797 -1.573983 2.681909 -2.393989 -8.661082 -14.684131 5.049462 -24.673976 -3.898351 -2.646269 -1.527817 1.527813 -0.435240 2.813841 1.938301 -1.994597 -1.151579 1.151578 0.000003 -0.000003 -0.000000 -9.108294 -0.517868 2.259804 0.991396 -3.674233 24.868439 0.175988 -1.557481 12.891769 0.540636 -2.692788 22.701732 -0.000002 0.000002 0.000001 -9.532497 -0.000003 -0.000004 -0.166525 -0.527071 17.390059 0.401369 -2.332438 19.525487 -0.838455 -5.197742 33.524225 -0.000004 0.000003 0.000007 -9.103603 -0.043099 -1.865103 0.250123 -2.071792 24.747447 0.241714 -1.820905 15.121588 -10.294921 -7.484267 22.766035 -0.000001 0.000002 0.000004 -8.076696 -0.486730 -3.806301 0.305509 -2.063124 19.593251 0.379452 -2.269682 18.979146 0.740761 -3.127872 26.641370 -0.000004 0.000000 0.000001 4.570401 11.014702 -2.160819 0.535211 -7.156387 -14.496947 4.733031 3.551991 -62.775538 0.000013 -23.791653 0.000002 18.174162 -6.386369 -7.857440 2.466080 -1.576223 2.681697 -1.732725 17.162869 12.781048 6.098949 15.861029 0.667682 2.647877 -1.528756 1.528747 -7.195912 16.276506 0.685104 1.998925 -1.154092 1.154083 0.000001 -0.000001 -0.000000 9.109280 -0.518015 2.259900 -0.169880 0.332940 -15.635205 0.378890 2.256846 -19.059962 0.662284 2.951429 -25.291108 -0.000000 -0.000003 0.000001 9.533384 0.000007 -0.000002 -0.082019 0.099252 -9.677504 0.417130 2.364456 -20.007847 0.646218 2.917193 -24.977047 0.000002 0.000001 0.000001 9.104495 -0.042999 -1.865101 0.082081 1.270439 -16.330342 0.401451 2.321065 -19.624950 0.929158 3.459479 -30.061169 -0.000000 0.000001 -0.000002 8.077799 -0.486881 -3.806303 1.369727 5.433044 -17.158130 0.449912 -1.614698 -21.186017 0.497414 2.574116 -21.871302 0.000001 0.000005 0.000001 -8.207800 -6.751700 -1.599542 -15.645585 -6.460226 -12.235546 32.310627 6.758429 -3.362543 -14.984585 3.034663 5.379126 -1.001429 0.000005 0.000003 0.000000 -0.000001 0.000000 8.207796 -6.751690 -1.599543 -9.576972 2.927395 -12.494059 24.992955 8.748443 -1.255528 -13.342952 19.085312 8.358377 -0.902451 0.027027 -1.719228 -0.000000 0.000000 0.000000 
9.909442 100.369736 2.799780 -3.257301 -15.643394 4.862887 -0.000000 10.181556 0.131524 -5.178243 0.576623 -7.289927 1.892123 -0.823440 -2.412104 1.905114 -0.670695 -2.402099 0.000000 16.740376 -2.049022 6.762650 0.868510 2.991919 -0.000000 9.617883 1.684975 -10.355851 1.961519 0.772471 -0.000000 22.037384 7.501077 0.000000 0.000000 0.000000 -4.569998 11.014879 -2.160841 0.469111 5.352008 11.124797 5.853987 8.953070 70.513220 -0.000013 28.769645 0.000036 16.649290 1.641906 1.283430 -2.464788 -1.573974 2.681906 -2.395093 -8.651895 -14.684394 5.038389 -24.648671 -3.901184 -2.646263 -1.527797 1.527821 -0.459190 2.863515 1.942160 -1.994607 -1.151583 1.151579 -0.000000 -0.000004 0.000007 -9.108304 -0.517867 2.259798 0.990733 -3.674157 24.829776 0.175078 -1.553461 12.857818 0.536078 -2.681863 22.604371 -0.000002 -0.000001 -0.000000 -9.532501 0.000015 -0.000005 -0.161159 -0.539532 17.338478 0.398100 -2.323200 19.444907 -0.868260 -5.196487 33.415874 0.000001 0.000002 0.000004 -9.103601 -0.043104 -1.865104 0.254261 -2.078343 24.682832 0.240050 -1.814713 15.069016 -10.304110 -7.468189 22.710741 -0.000001 -0.000001 -0.000000 -8.076700 -0.486729 -3.806301 0.306748 -2.065675 19.531983 0.377035 -2.262686 18.918326 0.737570 -3.121498 26.582741 -0.000000 0.000000 0.000001 4.570396 11.014694 -2.160816 0.542636 -7.044395 -14.273112 4.961155 3.907044 -63.155665 -0.000010 -23.604673 0.000010 17.885192 -6.489525 -7.414901 2.466091 -1.576205 2.681705 -1.707537 17.248963 12.729319 6.113896 16.012166 0.659937 2.647885 -1.528765 1.528756 -7.128658 16.411698 0.587385 1.998909 -1.154090 1.154073 -0.000000 0.000000 0.000003 9.109287 -0.518011 2.259906 -0.169654 0.326308 -15.563272 0.375342 2.246532 -18.969548 0.655014 2.936011 -25.149527 0.000003 -0.000002 -0.000001 9.533392 0.000011 0.000006 -0.080679 0.098395 -9.600203 0.413631 2.354895 -19.923237 0.640279 2.904453 -24.860229 0.000003 0.000003 0.000000 9.104490 -0.042996 -1.865096 0.077369 1.250576 -16.246153 0.399495 2.315560 -19.576374 0.924685 3.451724 -29.986699 -0.000001 -0.000000 -0.000003 8.077794 -0.486882 -3.806296 1.366844 5.437717 -17.090245 0.445352 -1.626533 -21.081049 0.489929 2.555419 -21.704289 0.000000 -0.000000 0.000000 -8.207802 -6.751719 -1.599542 -15.763272 -6.449007 -12.207976 32.277241 6.711156 -3.338469 -14.901533 3.050938 5.390053 -0.970147 -0.000003 0.000002 0.000000 0.000001 -0.000000 8.207800 -6.751698 -1.599542 -9.734462 2.914777 -12.468400 25.017803 8.772616 -1.251128 -13.289899 19.091893 8.367724 -0.905029 0.027172 -1.723892 -0.000000 0.000000 0.000000 
9.953576 100.377625 2.713379 -3.145250 -15.615170 4.819331 0.000001 10.181559 0.131526 -5.012820 0.536265 -7.289933 1.638879 -0.832673 -2.419733 1.650452 -0.688712 -2.414851 0.000001 16.740356 -2.049019 6.739455 0.845103 2.993657 -0.000000 9.617849 1.684979 -10.174281 1.917199 0.768179 -0.000001 22.037369 7.501079 0.000001 -0.000000 0.000000 -4.569998 11.014890 -2.160839 0.467256 5.179567 10.913065 6.183216 8.541282 70.885889 -0.000023 28.737816 0.000034 16.487879 1.696910 1.186515 -2.464783 -1.573989 2.681913 -2.396174 -8.642618 -14.684683 5.027175 -24.623088 -3.904111 -2.646266 -1.527802 1.527811 -0.483425 2.913753 1.946086 -1.994582 -1.151560 1.151576 -0.000000 -0.000001 -0.000000 -9.108294 -0.517880 2.259807 0.990119 -3.674100 24.790636 0.174131 -1.549362 12.823449 0.531483 -2.670805 22.505898 -0.000001 0.000001 0.000003 -9.532488 -0.000003 0.000004 -0.155767 -0.552165 17.286341 0.394800 -2.313840 19.363388 -0.898423 -5.195108 33.306294 -0.000003 0.000000 -0.000001 -9.103587 -0.043115 -1.865096 0.258438 -2.084967 24.617445 0.238362 -1.808469 15.015928 -10.313435 -7.451893 22.654791 -0.000002 -0.000000 0.000001 -8.076682 -0.486723 -3.806291 0.307982 -2.068272 19.469992 0.374612 -2.255614 18.856858 0.734341 -3.115048 26.523423 0.000001 0.000000 0.000001 4.570402 11.014664 -2.160815 0.546210 -6.990496 -13.998333 5.311238 4.339335 -63.585824 0.000027 -23.475502 0.000011 17.389708 -6.531674 -7.080983 2.466100 -1.576217 2.681692 -1.682010 17.335181 12.677218 6.128956 16.163796 0.652091 2.647880 -1.528746 1.528745 -7.060456 16.547026 0.488803 1.998917 -1.154094 1.154076 -0.000000 -0.000001 -0.000000 9.109291 -0.518008 2.259899 -0.169458 0.319622 -15.490944 0.371793 2.236175 -18.878590 0.647737 2.920465 -25.007121 0.000002 0.000004 0.000003 9.533396 0.000008 -0.000001 -0.079365 0.097535 -9.522419 0.410130 2.345236 -19.838110 0.634310 2.891595 -24.742755 0.000000 -0.000001 -0.000002 9.104493 -0.042998 -1.865099 0.072679 1.230569 -16.161500 0.397510 2.309991 -19.527504 0.920176 3.443939 -29.911844 -0.000001 0.000001 0.000002 8.077798 -0.486894 -3.806306 1.363880 5.442387 -17.022035 0.440770 -1.638427 -20.975426 0.482470 2.536618 -21.536329 -0.000001 0.000001 -0.000003 -8.207802 -6.751711 -1.599542 -15.887165 -6.437672 -12.147103 32.191395 6.680319 -3.298965 -14.789484 3.066833 5.390507 -0.916214 -0.000012 0.000003 -0.000000 0.000000 0.000000 8.207802 -6.751699 -1.599544 -9.925049 2.899713 -12.403197 25.028123 8.793774 -1.248503 -13.222728 19.075013 8.373089 -0.906892 0.027270 -1.727223 0.000000 0.000001 0.000000 
9.987971 100.392395 2.631810 -3.046701 -15.601602 4.768084 -0.000001 10.181570 0.131524 -4.820815 0.493643 -7.282302 1.373750 -0.835569 -2.415342 1.383546 -0.701955 -2.415058 -0.000000 16.740353 -2.049022 6.720501 0.829642 3.004475 0.000001 9.617813 1.684984 -10.000567 1.945866 0.751157 0.000004 22.037369 7.501070 0.000001 -0.000001 0.000000 -4.570004 11.014865 -2.160842 0.467275 4.969912 10.720279 6.501623 8.017598 71.304518 -0.000016 28.639152 0.000049 16.489475 1.807400 1.094932 -2.464797 -1.574000 2.681907 -2.397283 -8.633228 -14.684975 5.015843 -24.597227 -3.907047 -2.646282 -1.527815 1.527824 -0.507949 2.964520 1.950085 -1.994591 -1.151580 1.151577 0.000003 -0.000003 0.000003 -9.108303 -0.517871 2.259800 0.989464 -3.674031 24.751093 0.173198 -1.545248 12.788674 0.526856 -2.659623 22.406366 -0.000002 0.000001 0.000001 -9.532490 0.000009 -0.000003 -0.150344 -0.564922 17.233611 0.391469 -2.304391 19.281006 -0.928934 -5.193640 33.195525 0.000001 0.000000 0.000002 -9.103602 -0.043111 -1.865105 0.262609 -2.091670 24.551376 0.236664 -1.802154 14.962200 -10.322788 -7.435416 22.598277 0.000000 -0.000001 0.000000 -8.076685 -0.486726 -3.806300 0.309210 -2.070907 19.407322 0.372195 -2.248447 18.794679 0.731075 -3.108533 26.463491 -0.000001 -0.000001 0.000001 4.570400 11.014673 -2.160818 0.552407 -6.884233 -13.738907 5.672552 4.773253 -64.064019 0.000002 -23.332415 0.000014 16.899285 -6.583702 -6.699243 2.466104 -1.576224 2.681693 -1.656182 17.421487 12.624795 6.144171 16.315778 0.644042 2.647888 -1.528747 1.528743 -6.991433 16.682385 0.389482 1.998925 -1.154092 1.154077 -0.000002 -0.000001 -0.000000 9.109283 -0.518014 2.259900 -0.169238 0.312896 -15.418223 0.368234 2.225751 -18.787166 0.640467 2.904844 -24.863972 0.000002 0.000003 0.000002 9.533401 -0.000001 -0.000005 -0.078067 0.096680 -9.444249 0.406631 2.335538 -19.752528 0.628424 2.878694 -24.624656 -0.000001 0.000003 -0.000002 9.104495 -0.043001 -1.865105 0.068006 1.210441 -16.076341 0.395549 2.304431 -19.478395 0.915660 3.436076 -29.836561 0.000002 0.000001 -0.000001 8.077805 -0.486900 -3.806306 1.360949 5.447103 -16.953412 0.436185 -1.650423 -20.869237 0.475029 2.517697 -21.367465 -0.000001 -0.000000 -0.000003 -8.207803 -6.751693 -1.599541 -15.981019 -6.434051 -12.077449 32.079233 6.664974 -3.257923 -14.668477 3.084861 5.382071 -0.874287 0.000010 -0.000000 -0.000000 0.000002 0.000000 8.207800 -6.751697 -1.599544 -10.080509 2.897733 -12.326980 25.009648 8.810495 -1.246866 -13.149329 19.071685 8.380578 -0.907861 0.027345 -1.728877 -0.000000 -0.000001 0.000000 
10.013163 100.410568 2.548372 -2.955597 -15.575210 4.709664 0.000001 10.181556 0.131525 -4.614357 0.444352 -7.267110 1.080742 -0.843673 -2.397172 1.088497 -0.721739 -2.401347 -0.000002 16.740360 -2.049023 6.719641 0.813477 2.989682 -0.000001 9.617826 1.684980 -9.797853 1.952212 0.756650 -0.000002 22.037384 7.501069 -0.000000 0.000000 0.000000 -4.570002 11.014880 -2.160841 0.462340 4.757652 10.441602 6.902474 7.467172 71.767632 -0.000010 28.541650 0.000021 16.325388 1.862891 1.120710 -2.464792 -1.574000 2.681908 -2.398377 -8.623747 -14.685289 5.004399 -24.571088 -3.909985 -2.646265 -1.527800 1.527814 -0.532729 3.015819 1.954176 -1.994591 -1.151584 1.151576 -0.000000 -0.000003 0.000003 -9.108294 -0.517883 2.259799 0.988817 -3.673958 24.711128 0.172246 -1.541071 12.753601 0.522188 -2.648307 22.305808 0.000001 0.000002 0.000001 -9.532498 0.000001 -0.000005 -0.144893 -0.577834 17.180332 0.388158 -2.294827 19.197761 -0.959827 -5.192029 33.083616 -0.000002 -0.000001 -0.000001 -9.103590 -0.043108 -1.865104 0.266825 -2.098482 24.484613 0.234957 -1.795773 14.907929 -10.332282 -7.418756 22.541153 -0.000001 0.000001 0.000003 -8.076692 -0.486729 -3.806304 0.310460 -2.073558 19.344072 0.369699 -2.241220 18.731859 0.727797 -3.101948 26.402887 0.000001 -0.000003 -0.000001 4.570402 11.014686 -2.160816 0.562447 -6.697675 -13.503854 6.075059 5.119056 -64.544543 0.000023 -23.176925 0.000009 16.681885 -6.675676 -6.384111 2.466079 -1.576210 2.681698 -1.630029 17.507832 12.572040 6.159501 16.468040 0.635778 2.647886 -1.528742 1.528748 -6.921557 16.817696 0.289387 1.998910 -1.154090 1.154072 -0.000003 0.000001 -0.000000 9.109271 -0.518009 2.259899 -0.169024 0.306136 -15.345169 0.364679 2.215248 -18.695274 0.633186 2.889124 -24.720092 -0.000002 0.000003 -0.000002 9.533393 -0.000001 -0.000002 -0.076801 0.095819 -9.365714 0.403157 2.325788 -19.666503 0.622438 2.865703 -24.505959 0.000002 0.000002 0.000003 9.104497 -0.042998 -1.865103 0.063339 1.190220 -15.990834 0.393571 2.298819 -19.429013 0.911127 3.428185 -29.760924 0.000000 0.000003 -0.000002 8.077789 -0.486897 -3.806302 1.357918 5.451835 -16.884458 0.431598 -1.662468 -20.762564 0.467603 2.498636 -21.197757 0.000002 0.000001 -0.000003 -8.207801 -6.751709 -1.599540 -16.057172 -6.437148 -12.001728 31.953664 6.643607 -3.205409 -14.543331 3.102751 5.363981 -0.829252 -0.000010 0.000005 -0.000000 -0.000001 -0.000000 8.207798 -6.751709 -1.599542 -10.220548 2.898538 -12.235603 24.981820 8.830396 -1.245402 -13.071076 19.038258 8.375245 -0.907052 0.027281 -1.727124 -0.000000 0.000000 0.000000 
10.036278 100.428940 2.467729 -2.826911 -15.528478 4.653585 0.000000 10.181561 0.131525 -4.400432 0.387619 -7.250810 0.752779 -0.861806 -2.379009 0.758432 -0.752067 -2.387197 -0.000000 16.740396 -2.049024 6.733201 0.799703 2.998083 0.000000 9.617846 1.684981 -9.571930 1.987964 0.773249 0.000002 22.037369 7.501081 0.000001 0.000000 0.000000 -4.569999 11.014904 -2.160843 0.457548 4.608761 10.234179 7.400083 6.839587 72.163715 -0.000017 28.500672 0.000025 16.008888 2.018336 1.004027 -2.464809 -1.573995 2.681908 -2.399530 -8.614165 -14.685590 4.992853 -24.544710 -3.912967 -2.646260 -1.527808 1.527814 -0.557767 3.067600 1.958307 -1.994583 -1.151584 1.151583 0.000000 -0.000003 0.000003 -9.108321 -0.517880 2.259806 0.988129 -3.673906 24.670811 0.171297 -1.536865 12.718158 0.517516 -2.636880 22.204252 -0.000001 0.000002 0.000002 -9.532505 0.000015 0.000002 -0.139421 -0.590893 17.126578 0.384783 -2.285160 19.113712 -0.991003 -5.190317 32.970631 -0.000000 0.000001 0.000002 -9.103607 -0.043113 -1.865100 0.271014 -2.105347 24.417235 0.233268 -1.789335 14.853136 -10.341848 -7.401933 22.483473 -0.000000 -0.000000 0.000000 -8.076709 -0.486726 -3.806296 0.311687 -2.076251 19.280091 0.367240 -2.233899 18.668480 0.724494 -3.095282 26.341728 -0.000003 0.000002 0.000005 4.570401 11.014691 -2.160818 0.574288 -6.458714 -13.239106 6.490453 5.399527 -65.038325 -0.000001 -23.009015 0.000010 16.445910 -6.779997 -6.136795 2.466099 -1.576200 2.681704 -1.603545 17.594147 12.519025 6.174945 16.620504 0.627322 2.647879 -1.528747 1.528748 -6.850856 16.952866 0.188634 1.998910 -1.154101 1.154075 -0.000005 0.000003 -0.000000 9.109284 -0.518014 2.259902 -0.168808 0.299346 -15.271779 0.361125 2.204728 -18.602980 0.625923 2.873302 -24.575579 0.000002 -0.000001 -0.000001 9.533401 -0.000000 0.000004 -0.075494 0.094957 -9.286785 0.399657 2.315972 -19.580136 0.616510 2.852620 -24.386705 0.000002 0.000003 0.000001 9.104502 -0.042998 -1.865100 0.058733 1.169884 -15.904891 0.391568 2.293177 -19.379424 0.906577 3.420236 -29.684893 -0.000002 0.000002 -0.000003 8.077800 -0.486884 -3.806298 1.354898 5.456569 -16.815183 0.427021 -1.674575 -20.655380 0.460200 2.479491 -21.027279 -0.000001 -0.000004 -0.000001 -8.207801 -6.751706 -1.599541 -16.165977 -6.456470 -11.930550 31.819017 6.613020 -3.131320 -14.413130 3.121584 5.335953 -0.800035 -0.000009 -0.000003 -0.000000 0.000002 0.000000 8.207800 -6.751701 -1.599544 -10.401671 2.885873 -12.141457 24.957532 8.853821 -1.232933 -12.988731 18.985791 8.364098 -0.905841 0.027194 -1.724670 -0.000000 0.000000 0.000000 
10.052907 100.449036 2.380349 -2.689166 -15.481612 4.584053 -0.000001 10.181548 0.131524 -4.174504 0.328124 -7.227579 0.404686 -0.879969 -2.352470 0.408143 -0.783071 -2.363548 0.000003 16.740362 -2.049024 6.734222 0.780356 2.998155 0.000002 9.617850 1.684976 -9.280497 1.992704 0.822187 -0.000001 22.037399 7.501070 0.000001 -0.000001 0.000000 -4.569999 11.014865 -2.160842 0.451553 4.376007 9.956059 7.848244 6.207449 72.692085 -0.000005 28.357822 0.000012 15.929195 2.267131 0.844658 -2.464787 -1.573985 2.681910 -2.400681 -8.604507 -14.685928 4.981211 -24.518091 -3.915918 -2.646280 -1.527793 1.527817 -0.583045 3.119843 1.962516 -1.994599 -1.151583 1.151585 -0.000000 -0.000001 0.000003 -9.108293 -0.517885 2.259806 0.987442 -3.673840 24.630070 0.170323 -1.532623 12.682417 0.512828 -2.625347 22.101799 -0.000001 0.000000 0.000001 -9.532485 0.000012 0.000000 -0.133938 -0.604069 17.072314 0.381428 -2.275407 19.028893 -1.022497 -5.188487 32.856632 -0.000004 -0.000000 0.000003 -9.103590 -0.043116 -1.865099 0.275234 -2.112309 24.349168 0.231549 -1.782816 14.797881 -10.351454 -7.384949 22.425283 -0.000000 -0.000001 0.000001 -8.076683 -0.486722 -3.806298 0.312921 -2.078977 19.215622 0.364727 -2.226521 18.604469 0.721166 -3.088556 26.279986 -0.000000 0.000001 0.000003 4.570403 11.014673 -2.160818 0.587182 -6.176617 -12.983647 6.949594 5.773296 -65.584310 0.000014 -22.881234 0.000017 16.116822 -6.856207 -5.820840 2.466090 -1.576200 2.681695 -1.576791 17.680411 12.465744 6.190533 16.773097 0.618724 2.647904 -1.528748 1.528756 -6.779380 17.087801 0.087173 1.998924 -1.154091 1.154080 -0.000001 0.000002 0.000003 9.109300 -0.518014 2.259897 -0.168533 0.292534 -15.198038 0.357548 2.194121 -18.510270 0.618674 2.857424 -24.430463 -0.000001 -0.000002 0.000003 9.533400 0.000009 -0.000004 -0.074204 0.094098 -9.207538 0.396163 2.306137 -19.493351 0.610546 2.839490 -24.266986 -0.000001 0.000003 0.000002 9.104489 -0.042996 -1.865100 0.054113 1.149441 -15.818619 0.389599 2.287535 -19.329627 0.902033 3.412270 -29.608583 0.000002 0.000001 0.000000 8.077812 -0.486882 -3.806308 1.351818 5.461310 -16.745616 0.422450 -1.686754 -20.547729 0.452818 2.460233 -20.856106 -0.000001 -0.000001 -0.000003 -8.207803 -6.751698 -1.599542 -16.275596 -6.470075 -11.835283 31.670344 6.570594 -3.052090 -14.272334 3.140015 5.302346 -0.781793 -0.000012 -0.000003 -0.000000 0.000000 -0.000000 8.207802 -6.751708 -1.599546 -10.602327 2.864687 -12.035558 24.940478 8.883295 -1.202227 -12.898388 18.937055 8.331950 -0.905020 0.027137 -1.722944 -0.000000 -0.000001 0.000000 
10.061674 100.470940 2.283621 -2.558568 -15.455629 4.496708 0.000002 10.181551 0.131524 -3.952323 0.263989 -7.184526 0.013340 -0.903237 -2.291956 0.014378 -0.820287 -2.304861 -0.000000 16.740387 -2.049018 6.784275 0.760863 2.936754 0.000000 9.617823 1.684977 -8.976153 1.959174 0.847631 -0.000001 22.037369 7.501079 -0.000000 -0.000000 0.000001 -4.569998 11.014848 -2.160838 0.430404 4.172775 9.446015 8.368501 5.540816 73.430264 -0.000009 28.229715 0.000036 16.091292 2.423192 0.715961 -2.464801 -1.573981 2.681914 -2.401827 -8.594782 -14.686211 4.969434 -24.491238 -3.918960 -2.646269 -1.527799 1.527817 -0.608542 3.172547 1.966801 -1.994594 -1.151583 1.151573 0.000001 -0.000003 0.000001 -9.108315 -0.517877 2.259804 0.986763 -3.673792 24.589024 0.169352 -1.528329 12.646357 0.508125 -2.613701 21.998465 -0.000001 0.000000 0.000002 -9.532494 0.000016 0.000001 -0.128399 -0.617361 17.017572 0.378013 -2.265568 18.943379 -1.054272 -5.186535 32.741666 -0.000002 0.000003 0.000004 -9.103598 -0.043115 -1.865100 0.279491 -2.119336 24.280576 0.229818 -1.776252 14.742086 -10.361135 -7.367790 22.366626 -0.000002 0.000002 0.000003 -8.076696 -0.486710 -3.806297 0.314148 -2.081731 19.150577 0.362233 -2.219076 18.539906 0.717823 -3.081775 26.217753 -0.000001 0.000001 0.000003 4.570400 11.014676 -2.160813 0.596878 -5.954636 -12.832569 7.506632 6.416437 -66.214313 0.000027 -22.761467 0.000033 15.537500 -6.954335 -5.259257 2.466096 -1.576212 2.681703 -1.549780 17.766517 12.412248 6.206199 16.925712 0.609942 2.647890 -1.528752 1.528751 -6.707160 17.222453 -0.014881 1.998905 -1.154095 1.154082 -0.000002 -0.000000 0.000005 9.109282 -0.518012 2.259902 -0.168304 0.285691 -15.124050 0.354000 2.183491 -18.417226 0.611441 2.841437 -24.284797 -0.000001 0.000001 0.000002 9.533408 0.000010 0.000002 -0.072921 0.093232 -9.128022 0.392655 2.296240 -19.406287 0.604614 2.826289 -24.146805 0.000001 -0.000001 -0.000003 9.104497 -0.043000 -1.865102 0.049556 1.128938 -15.731982 0.387615 2.281839 -19.279645 0.897481 3.404258 -29.531976 -0.000002 0.000003 0.000002 8.077807 -0.486893 -3.806300 1.348728 5.466089 -16.675784 0.417855 -1.698990 -20.439703 0.445476 2.440877 -20.684272 0.000002 0.000002 -0.000001 -8.207802 -6.751709 -1.599540 -16.370956 -6.461032 -11.703713 31.509165 6.500315 -2.977273 -14.119160 3.156888 5.268968 -0.776660 0.000006 0.000003 -0.000000 0.000001 -0.000000 8.207802 -6.751707 -1.599544 -10.799473 2.870508 -11.885315 24.936527 8.913259 -1.199553 -12.811524 18.868024 8.299948 -0.904687 0.027116 -1.722180 -0.000000 0.000000 0.000000 
10.063633 100.492371 2.191603 -2.402874 -15.444267 4.427665 0.000001 10.181551 0.131522 -3.736020 0.184481 -7.139262 -0.415237 -0.958567 -2.227489 -0.416469 -0.889342 -2.241289 0.000001 16.740383 -2.049021 6.851929 0.753488 2.864085 0.000001 9.617888 1.684978 -8.662918 1.993329 0.832368 -0.000001 22.037384 7.501078 0.000000 -0.000001 0.000000 -4.569999 11.014898 -2.160840 0.402956 4.066218 8.906924 8.996214 4.885540 74.150562 -0.000013 28.173982 0.000014 15.986676 2.488647 0.468492 -2.464788 -1.574000 2.681904 -2.402964 -8.584943 -14.686525 4.957585 -24.464175 -3.921989 -2.646274 -1.527795 1.527812 -0.634275 3.225641 1.971129 -1.994597 -1.151582 1.151575 0.000000 -0.000001 -0.000000 -9.108288 -0.517883 2.259802 0.986062 -3.673715 24.547642 0.168392 -1.524010 12.609999 0.503375 -2.601947 21.894305 -0.000001 0.000002 -0.000000 -9.532491 -0.000003 -0.000006 -0.122870 -0.630769 16.962394 0.374611 -2.255644 18.857141 -1.086339 -5.184463 32.625802 0.000001 0.000001 0.000002 -9.103589 -0.043106 -1.865104 0.283743 -2.126414 24.211439 0.228070 -1.769633 14.685907 -10.370860 -7.350489 22.307463 0.000000 0.000000 0.000002 -8.076684 -0.486728 -3.806304 0.315350 -2.084501 19.085002 0.359725 -2.211587 18.474857 0.714456 -3.074938 26.155038 -0.000000 0.000001 0.000003 4.570401 11.014704 -2.160816 0.609084 -5.655279 -12.637846 8.221157 7.192398 -66.968208 0.000008 -22.764145 0.000010 14.907248 -7.045875 -4.647433 2.466103 -1.576211 2.681694 -1.522500 17.852458 12.358555 6.221928 17.078260 0.600963 2.647893 -1.528745 1.528750 -6.634233 17.356708 -0.117519 1.998921 -1.154076 1.154073 -0.000000 0.000004 0.000001 9.109294 -0.518010 2.259894 -0.168059 0.278833 -15.049781 0.350453 2.172820 -18.323866 0.604207 2.825385 -24.138633 -0.000002 -0.000004 -0.000002 9.533402 0.000005 -0.000002 -0.071660 0.092382 -9.048147 0.389145 2.286311 -19.318907 0.598683 2.813040 -24.026212 -0.000002 -0.000001 -0.000004 9.104494 -0.042993 -1.865100 0.045002 1.108333 -15.645090 0.385591 2.276131 -19.229494 0.892922 3.396208 -29.455088 0.000003 0.000003 0.000001 8.077806 -0.486900 -3.806304 1.345595 5.470890 -16.605686 0.413314 -1.711286 -20.331291 0.438152 2.421421 -20.511862 0.000001 -0.000001 0.000001 -8.207800 -6.751707 -1.599540 -16.493647 -6.440814 -11.574236 31.355332 6.428912 -2.911893 -13.970343 3.174082 5.236728 -0.790483 -0.000006 -0.000000 -0.000000 0.000000 0.000000 8.207799 -6.751697 -1.599545 -11.008485 2.899623 -11.720673 24.927207 8.939669 -1.233636 -12.730726 18.785134 8.284545 -0.904703 0.027116 -1.722071 -0.000000 -0.000001 0.000000 
10.064541 100.515038 2.111911 -2.253393 -15.435002 4.346987 -0.000000 10.181564 0.131525 -3.498541 0.105072 -7.099698 -0.824657 -1.012858 -2.182579 -0.827957 -0.956548 -2.195001 -0.000002 16.740393 -2.049021 6.889032 0.739126 2.845611 0.000002 9.617836 1.684977 -8.374030 2.030545 0.815816 0.000000 22.037354 7.501068 0.000000 0.000000 0.000000 -4.570002 11.014893 -2.160843 0.385281 3.947185 8.550177 9.586918 4.182489 74.733970 0.000001 28.121871 0.000040 15.897730 2.612644 0.350795 -2.464787 -1.574012 2.681909 -2.404157 -8.575056 -14.686826 4.945641 -24.436911 -3.925027 -2.646261 -1.527810 1.527818 -0.660199 3.279127 1.975524 -1.994583 -1.151585 1.151577 -0.000002 0.000000 0.000003 -9.108297 -0.517882 2.259804 0.985352 -3.673649 24.505955 0.167426 -1.519664 12.573352 0.498618 -2.590105 21.789407 0.000004 -0.000001 0.000004 -9.532492 0.000016 0.000000 -0.117364 -0.644301 16.906839 0.371219 -2.245639 18.770308 -1.118677 -5.182262 32.509047 0.000001 -0.000001 -0.000001 -9.103594 -0.043113 -1.865099 0.287989 -2.133576 24.141768 0.226315 -1.762962 14.629244 -10.380672 -7.333051 22.247892 0.000000 0.000000 -0.000000 -8.076696 -0.486714 -3.806300 0.316553 -2.087304 19.018969 0.357198 -2.204005 18.409344 0.711076 -3.068048 26.091838 0.000001 0.000000 0.000004 4.570399 11.014687 -2.160816 0.621840 -5.285647 -12.340366 8.886142 7.845415 -67.722903 -0.000028 -22.711827 -0.000024 14.566796 -7.190187 -4.132822 2.466090 -1.576206 2.681702 -1.494966 17.938199 12.304680 6.237797 17.230675 0.591792 2.647894 -1.528733 1.528746 -6.560644 17.490479 -0.220672 1.998920 -1.154095 1.154071 -0.000001 0.000003 0.000005 9.109293 -0.518008 2.259900 -0.167805 0.271945 -14.975328 0.346918 2.162093 -18.230236 0.596991 2.809283 -23.992045 -0.000002 0.000001 0.000002 9.533405 0.000000 -0.000000 -0.070397 0.091517 -8.968104 0.385667 2.276329 -19.231258 0.592748 2.799725 -23.905259 0.000000 -0.000003 -0.000002 9.104499 -0.042994 -1.865100 0.040489 1.087658 -15.557936 0.383608 2.270412 -19.179176 0.888361 3.388112 -29.378003 0.000002 0.000001 -0.000002 8.077807 -0.486898 -3.806296 1.342422 5.475668 -16.535389 0.408769 -1.723592 -20.222532 0.430879 2.401898 -20.338941 0.000007 0.000003 0.000004 -8.207799 -6.751707 -1.599545 -16.598762 -6.439179 -11.447480 31.189693 6.379060 -2.832882 -13.823372 3.194835 5.194244 -0.796071 0.000002 -0.000001 0.000000 -0.000000 -0.000000 8.207799 -6.751685 -1.599543 -11.204720 2.925172 -11.554336 24.917017 8.953257 -1.256184 -12.656848 18.722949 8.267476 -0.905061 0.027134 -1.722643 -0.000000 0.000000 0.000000 
10.065685 100.541199 2.033509 -2.140706 -15.425914 4.223306 0.000002 10.181563 0.131523 -3.228651 0.047843 -7.061076 -1.191667 -1.019324 -2.151656 -1.196963 -0.975361 -2.160023 0.000002 16.740389 -2.049022 6.878015 0.707522 2.875912 0.000000 9.617877 1.684979 -8.109982 2.001180 0.845275 0.000001 22.037384 7.501075 0.000002 -0.000001 0.000000 -4.569998 11.014878 -2.160841 0.382007 3.649085 8.378388 10.152622 3.499924 75.186804 -0.000022 28.118284 0.000046 15.686250 2.671947 0.217234 -2.464799 -1.574003 2.681905 -2.405346 -8.565097 -14.687156 4.933626 -24.409457 -3.928088 -2.646281 -1.527811 1.527821 -0.686326 3.332982 1.979969 -1.994587 -1.151567 1.151572 0.000001 -0.000005 0.000001 -9.108314 -0.517866 2.259800 0.984639 -3.673592 24.463970 0.166454 -1.515270 12.536507 0.493850 -2.578160 21.683747 -0.000001 0.000001 0.000000 -9.532495 -0.000005 -0.000001 -0.111829 -0.657935 16.850866 0.367815 -2.235555 18.682873 -1.151244 -5.179947 32.391523 -0.000000 -0.000000 0.000002 -9.103613 -0.043108 -1.865103 0.292244 -2.140797 24.071627 0.224557 -1.756241 14.572258 -10.390510 -7.315479 22.187909 -0.000001 0.000001 0.000001 -8.076696 -0.486722 -3.806298 0.317768 -2.090132 18.952429 0.354664 -2.196394 18.343376 0.707649 -3.061094 26.028183 -0.000003 0.000001 0.000001 4.570404 11.014687 -2.160817 0.630328 -4.969306 -12.035316 9.449110 8.367803 -68.322533 0.000008 -22.621926 0.000014 14.352179 -7.265817 -3.675076 2.466097 -1.576217 2.681705 -1.467214 18.023648 12.250683 6.253696 17.382871 0.582477 2.647888 -1.528745 1.528747 -6.486373 17.623671 -0.324363 1.998920 -1.154093 1.154077 -0.000002 0.000000 0.000005 9.109303 -0.518026 2.259898 -0.167530 0.265063 -14.900621 0.343379 2.151360 -18.136340 0.589813 2.793093 -23.845068 -0.000002 -0.000005 0.000000 9.533397 -0.000015 -0.000000 -0.069142 0.090681 -8.887815 0.382195 2.266332 -19.143384 0.586847 2.786386 -23.783984 0.000001 -0.000004 -0.000002 9.104500 -0.043012 -1.865100 0.036017 1.066926 -15.470505 0.381604 2.264660 -19.128727 0.883796 3.380030 -29.300706 -0.000001 -0.000004 -0.000001 8.077810 -0.486902 -3.806299 1.339233 5.480480 -16.464905 0.404204 -1.735970 -20.113500 0.423638 2.382321 -20.165546 0.000003 0.000001 -0.000000 -8.207800 -6.751710 -1.599540 -16.641653 -6.435003 -11.283488 30.992417 6.315780 -2.747320 -13.665620 3.215279 5.151964 -0.797932 -0.000005 -0.000001 0.000000 0.000001 0.000000 8.207797 -6.751693 -1.599545 -11.367198 2.955744 -11.354887 24.921263 8.965661 -1.265085 -12.587832 18.623038 8.234687 -0.905194 0.027140 -1.722781 -0.000000 0.000001 0.000000 
10.070728 100.561913 1.967436 -1.989342 -15.435229 4.138194 0.000001 10.181544 0.131525 -2.950389 0.007349 -7.030952 -1.554936 -0.992416 -2.137891 -1.562100 -0.960307 -2.140554 0.000002 16.740360 -2.049019 6.873735 0.676431 2.936483 -0.000001 9.617855 1.684976 -7.952818 1.984244 0.829615 -0.000002 22.037338 7.501072 0.000001 -0.000000 0.000000 -4.569999 11.014853 -2.160841 0.386357 3.315893 8.328256 10.708202 2.782746 75.556673 -0.000004 28.154858 0.000026 15.449261 2.624347 -0.029792 -2.464790 -1.573989 2.681905 -2.406528 -8.555075 -14.687471 4.921538 -24.381849 -3.931158 -2.646255 -1.527784 1.527816 -0.712635 3.387169 1.984487 -1.994598 -1.151584 1.151577 -0.000001 -0.000005 -0.000000 -9.108303 -0.517869 2.259797 0.983922 -3.673537 24.421726 0.165474 -1.510854 12.499380 0.489070 -2.566141 21.577432 0.000000 0.000003 0.000004 -9.532501 -0.000005 -0.000007 -0.106288 -0.671672 16.794561 0.364354 -2.225414 18.594857 -1.184021 -5.177500 32.273241 -0.000000 0.000000 0.000000 -9.103599 -0.043103 -1.865109 0.296498 -2.148081 24.001041 0.222818 -1.749483 14.514867 -10.400405 -7.297771 22.127556 0.000000 0.000000 0.000002 -8.076696 -0.486729 -3.806304 0.318973 -2.092980 18.885516 0.352111 -2.188712 18.276956 0.704238 -3.054095 25.964127 -0.000000 0.000001 -0.000001 4.570406 11.014666 -2.160815 0.634969 -4.742491 -11.794424 9.959554 8.845003 -68.765634 -0.000005 -22.520985 0.000001 14.127496 -7.454532 -3.267440 2.466084 -1.576204 2.681694 -1.439240 18.108758 12.196553 6.269673 17.534774 0.573027 2.647890 -1.528750 1.528755 -6.411536 17.756234 -0.428480 1.998933 -1.154095 1.154081 0.000002 0.000001 -0.000000 9.109285 -0.518018 2.259895 -0.167249 0.258136 -14.825788 0.339861 2.140570 -18.042237 0.582674 2.776866 -23.697714 0.000003 0.000003 0.000001 9.533396 -0.000003 -0.000002 -0.067875 0.089810 -8.807341 0.378709 2.256309 -19.055284 0.580955 2.772980 -23.662441 0.000003 -0.000005 0.000000 9.104488 -0.042999 -1.865101 0.031592 1.046112 -15.382916 0.379613 2.258913 -19.078161 0.879236 3.371896 -29.223214 0.000002 -0.000004 0.000000 8.077784 -0.486886 -3.806304 1.336006 5.485270 -16.394255 0.399658 -1.748367 -20.004224 0.416461 2.362647 -19.991764 0.000001 -0.000001 0.000001 -8.207802 -6.751714 -1.599540 -16.737840 -6.412338 -11.142986 30.826215 6.272134 -2.685018 -13.526563 3.232567 5.122047 -0.797742 -0.000008 -0.000002 0.000000 0.000001 0.000000 8.207802 -6.751697 -1.599545 -11.566753 2.952542 -11.214150 24.913970 8.978331 -1.249295 -12.522939 18.586237 8.209721 -0.902990 0.026999 -1.718496 -0.000000 -0.000001 0.000000 
10.075706 100.578308 1.916757 -1.857271 -15.455823 4.076465 0.000000 10.181552 0.131523 -2.664566 -0.032750 -7.005523 -1.902971 -0.965325 -2.133103 -1.911965 -0.944813 -2.129065 0.000001 16.740364 -2.049021 6.888737 0.644949 3.007002 0.000001 9.617859 1.684976 -7.793292 1.983227 0.808380 -0.000002 22.037384 7.501071 0.000001 -0.000002 -0.000000 -4.570002 11.014891 -2.160838 0.391784 3.006382 8.306365 11.248143 2.148745 75.862918 0.000005 28.191100 0.000022 15.241620 2.587594 -0.447718 -2.464796 -1.574000 2.681910 -2.407710 -8.544997 -14.687784 4.909357 -24.354052 -3.934264 -2.646259 -1.527820 1.527815 -0.739123 3.441673 1.989048 -1.994594 -1.151581 1.151578 0.000002 -0.000005 0.000001 -9.108297 -0.517869 2.259801 0.983198 -3.673467 24.379213 0.164487 -1.506428 12.462068 0.484294 -2.554032 21.470442 -0.000000 0.000002 0.000003 -9.532494 -0.000003 -0.000003 -0.100748 -0.685494 16.737913 0.360951 -2.215195 18.506300 -1.217053 -5.174915 32.154301 -0.000001 0.000001 0.000000 -9.103582 -0.043111 -1.865102 0.300741 -2.155410 23.929991 0.221069 -1.742691 14.457144 -10.410340 -7.279958 22.066849 -0.000000 0.000000 -0.000001 -8.076686 -0.486712 -3.806301 0.320157 -2.095861 18.818180 0.349594 -2.180992 18.210145 0.700805 -3.047055 25.899674 -0.000000 -0.000001 -0.000001 4.570399 11.014701 -2.160811 0.638366 -4.520623 -11.550183 10.451953 9.278251 -69.178594 -0.000010 -22.463854 -0.000001 13.918892 -7.454599 -3.164013 2.466107 -1.576209 2.681701 -1.411092 18.193495 12.142326 6.285684 17.686285 0.563389 2.647882 -1.528750 1.528746 -6.336109 17.888054 -0.532970 1.998929 -1.154075 1.154079 -0.000002 -0.000000 -0.000002 9.109298 -0.518014 2.259905 -0.166981 0.251213 -14.750779 0.336364 2.129761 -17.947941 0.575526 2.760577 -23.550149 0.000001 -0.000002 -0.000002 9.533398 -0.000001 0.000002 -0.066638 0.088964 -8.726707 0.375250 2.246259 -18.967044 0.575072 2.759536 -23.540655 0.000000 -0.000000 -0.000004 9.104515 -0.042993 -1.865101 0.027183 1.025272 -15.295160 0.377628 2.253122 -19.027509 0.874681 3.363753 -29.145595 0.000000 -0.000003 -0.000005 8.077799 -0.486895 -3.806300 1.332746 5.490084 -16.323469 0.395157 -1.760811 -19.894712 0.409304 2.342922 -19.817664 -0.000002 -0.000000 0.000002 -8.207802 -6.751697 -1.599540 -16.825307 -6.384883 -11.028274 30.692797 6.250561 -2.645694 -13.415256 3.246185 5.102078 -0.779535 -0.000002 -0.000002 -0.000000 -0.000001 0.000000 8.207802 -6.751698 -1.599544 -11.736852 2.939403 -11.113671 24.902460 8.981992 -1.228551 -12.469905 18.583362 8.193594 -0.900925 0.026864 -1.714432 -0.000000 0.000000 0.000000 
10.077415 100.596519 1.875023 -1.797430 -15.462978 4.007747 -0.000002 10.181543 0.131523 -2.371349 -0.077454 -6.984344 -2.222201 -0.948791 -2.131216 -2.232999 -0.939669 -2.119565 0.000000 16.740364 -2.049023 6.911825 0.610603 3.053587 0.000001 9.617834 1.684978 -7.541336 1.919097 0.890994 0.000002 22.037384 7.501071 -0.000001 -0.000000 -0.000001 -4.569997 11.014891 -2.160842 0.398922 2.758531 8.331341 11.787436 1.555937 76.100458 -0.000009 28.232358 0.000052 14.988476 2.670123 -0.577777 -2.464804 -1.574003 2.681906 -2.408933 -8.534840 -14.688127 4.897109 -24.326118 -3.937338 -2.646280 -1.527800 1.527813 -0.765744 3.496475 1.993682 -1.994610 -1.151583 1.151578 0.000001 -0.000005 0.000001 -9.108313 -0.517875 2.259802 0.982448 -3.673418 24.336495 0.163492 -1.501964 12.424536 0.479522 -2.541872 21.362921 -0.000001 0.000000 0.000002 -9.532505 -0.000005 -0.000004 -0.095211 -0.699402 16.680924 0.357503 -2.204924 18.417308 -1.250272 -5.172208 32.034683 -0.000000 -0.000000 0.000003 -9.103607 -0.043108 -1.865105 0.304982 -2.162806 23.858587 0.219301 -1.735844 14.399097 -10.420302 -7.262039 22.005818 -0.000000 0.000000 0.000002 -8.076710 -0.486731 -3.806305 0.321322 -2.098761 18.750449 0.347016 -2.173228 18.142973 0.697394 -3.039973 25.834934 0.000001 0.000000 -0.000000 4.570401 11.014689 -2.160817 0.640334 -4.298872 -11.286397 10.985679 9.630406 -69.563407 -0.000036 -22.465080 0.000005 13.755177 -7.395333 -3.012824 2.466083 -1.576208 2.681699 -1.382756 18.277795 12.088051 6.301737 17.837321 0.553605 2.647897 -1.528741 1.528743 -6.260180 18.019089 -0.637789 1.998921 -1.154091 1.154073 -0.000000 -0.000000 -0.000002 9.109282 -0.518011 2.259896 -0.166700 0.244280 -14.675669 0.332825 2.118941 -17.853520 0.568441 2.744260 -23.402296 -0.000000 -0.000001 -0.000003 9.533386 0.000010 -0.000004 -0.065420 0.088113 -8.645966 0.371788 2.236185 -18.878645 0.569231 2.746079 -23.418690 -0.000002 0.000000 -0.000002 9.104502 -0.042995 -1.865104 0.022819 1.004390 -15.207259 0.375625 2.247354 -18.976784 0.870115 3.355572 -29.067841 -0.000001 -0.000002 -0.000004 8.077795 -0.486885 -3.806303 1.329457 5.494891 -16.252584 0.390656 -1.773273 -19.785069 0.402192 2.323140 -19.643276 -0.000002 0.000002 0.000001 -8.207805 -6.751719 -1.599546 -16.829615 -6.351249 -10.913488 30.564215 6.202042 -2.628579 -13.321891 3.253822 5.099974 -0.746679 -0.000007 0.000001 0.000000 -0.000001 -0.000000 8.207797 -6.751698 -1.599546 -11.810643 2.953932 -11.002892 24.880651 8.980349 -1.238266 -12.430146 18.533549 8.189721 -0.897934 0.026694 -1.708680 0.000000 0.000001 0.000000 
10.087088 100.606003 1.837693 -1.760463 -15.498024 3.971990 -0.000002 10.181557 0.131526 -2.080838 -0.113424 -6.967882 -2.536004 -0.916956 -2.135255 -2.548575 -0.919017 -2.115341 0.000002 16.740374 -2.049022 6.965195 0.576570 3.080091 0.000001 9.617857 1.684980 -7.289138 1.830466 0.957035 0.000000 22.037384 7.501067 0.000002 0.000000 -0.000000 -4.570000 11.014896 -2.160840 0.403027 2.516267 8.313302 12.303612 1.046226 76.354862 -0.000013 28.250342 0.000047 14.660730 2.630766 -0.868401 -2.464803 -1.573992 2.681908 -2.410131 -8.524650 -14.688453 4.884816 -24.298045 -3.940440 -2.646249 -1.527798 1.527820 -0.792528 3.551527 1.998364 -1.994591 -1.151580 1.151580 -0.000001 -0.000003 0.000003 -9.108318 -0.517879 2.259800 0.981717 -3.673354 24.293533 0.162506 -1.497472 12.386779 0.474742 -2.529630 21.254854 0.000001 -0.000001 0.000001 -9.532501 0.000014 -0.000002 -0.089672 -0.713376 16.623687 0.354091 -2.194592 18.327865 -1.283689 -5.169369 31.914496 -0.000002 0.000000 0.000003 -9.103603 -0.043114 -1.865106 0.309235 -2.170250 23.786827 0.217521 -1.728959 14.340786 -10.430290 -7.244011 21.944506 0.000000 0.000000 0.000001 -8.076690 -0.486729 -3.806302 0.322507 -2.101675 18.682406 0.344461 -2.165423 18.075472 0.693930 -3.032849 25.769858 -0.000002 -0.000001 -0.000001 4.570405 11.014706 -2.160815 0.641486 -4.118460 -11.082977 11.526382 9.977787 -69.880116 -0.000007 -22.477908 0.000027 13.547136 -7.415387 -2.883476 2.466084 -1.576216 2.681701 -1.354266 18.361592 12.033745 6.317858 17.987792 0.543650 2.647882 -1.528755 1.528754 -6.183728 18.149199 -0.742997 1.998921 -1.154095 1.154079 -0.000001 -0.000001 0.000001 9.109284 -0.518012 2.259900 -0.166414 0.237335 -14.600484 0.329356 2.108087 -17.758994 0.561390 2.727910 -23.254294 0.000001 -0.000001 0.000000 9.533392 -0.000002 0.000003 -0.064190 0.087270 -8.565111 0.368346 2.226081 -18.790168 0.563383 2.732570 -23.296566 0.000001 -0.000005 -0.000002 9.104493 -0.043000 -1.865098 0.018533 0.983435 -15.119264 0.373625 2.241573 -18.925978 0.865581 3.347391 -28.990000 -0.000005 -0.000005 0.000001 8.077800 -0.486883 -3.806300 1.326137 5.499718 -16.181589 0.386196 -1.785753 -19.675244 0.395148 2.303329 -19.468691 0.000000 -0.000003 -0.000000 -8.207801 -6.751700 -1.599541 -16.850920 -6.319841 -10.843555 30.494507 6.189312 -2.633696 -13.256604 3.260712 5.104644 -0.718115 0.000007 0.000001 -0.000000 -0.000001 -0.000000 8.207799 -6.751690 -1.599545 -11.867243 2.956892 -10.952702 24.861501 8.972098 -1.242148 -12.403087 18.579004 8.200374 -0.895572 0.026541 -1.704103 -0.000000 0.000000 0.000000 
10.096373 100.613815 1.813956 -1.711800 -15.523888 3.954823 0.000001 10.181554 0.131522 -1.800457 -0.152071 -6.952145 -2.854081 -0.893967 -2.140669 -2.868352 -0.906919 -2.111799 -0.000000 16.740362 -2.049029 7.037964 0.543437 3.109263 0.000003 9.617844 1.684977 -7.041895 1.756461 0.983286 -0.000002 22.037384 7.501079 -0.000000 -0.000001 0.000000 -4.570000 11.014872 -2.160851 0.406582 2.273853 8.288739 12.826793 0.516661 76.636546 -0.000028 28.294803 0.000041 14.367960 2.681902 -1.028510 -2.464782 -1.573997 2.681907 -2.411356 -8.514428 -14.688785 4.872476 -24.269841 -3.943572 -2.646271 -1.527799 1.527818 -0.819454 3.606820 2.003098 -1.994598 -1.151574 1.151577 0.000001 -0.000003 -0.000000 -9.108304 -0.517870 2.259800 0.980964 -3.673296 24.250411 0.161518 -1.492973 12.348899 0.469958 -2.517314 21.146290 0.000003 0.000002 0.000006 -9.532488 0.000013 -0.000006 -0.084154 -0.727454 16.566207 0.350641 -2.184217 18.238009 -1.317252 -5.166403 31.793766 -0.000001 0.000001 0.000001 -9.103588 -0.043114 -1.865106 0.313460 -2.177736 23.714774 0.215757 -1.722059 14.282236 -10.440315 -7.225884 21.882883 0.000000 0.000001 0.000004 -8.076685 -0.486728 -3.806305 0.323655 -2.104605 18.614070 0.341927 -2.157577 18.007703 0.690453 -3.025689 25.704468 -0.000002 0.000002 0.000004 4.570400 11.014684 -2.160824 0.642792 -3.934755 -10.906714 12.087274 10.322424 -70.185501 -0.000000 -22.526894 0.000034 13.302504 -7.444618 -2.675108 2.466100 -1.576203 2.681694 -1.325636 18.444868 11.979436 6.333951 18.137617 0.533552 2.647900 -1.528757 1.528746 -6.106870 18.278360 -0.848396 1.998920 -1.154092 1.154074 0.000002 -0.000000 0.000002 9.109292 -0.518016 2.259897 -0.166096 0.230391 -14.525208 0.325884 2.097223 -17.664370 0.554355 2.711510 -23.106168 -0.000000 -0.000002 0.000002 9.533389 0.000007 -0.000002 -0.062983 0.086431 -8.484194 0.364924 2.215984 -18.701598 0.557566 2.719057 -23.174359 0.000004 0.000003 -0.000001 9.104497 -0.042999 -1.865103 0.014262 0.962495 -15.031170 0.371660 2.235773 -18.875137 0.861007 3.339182 -28.912075 0.000000 -0.000002 -0.000004 8.077793 -0.486883 -3.806304 1.322836 5.504506 -16.110531 0.381708 -1.798263 -19.565338 0.388163 2.283461 -19.293980 -0.000001 -0.000002 0.000000 -8.207801 -6.751726 -1.599541 -16.890887 -6.318248 -10.813095 30.438455 6.207507 -2.621593 -13.205097 3.273682 5.096579 -0.696925 0.000005 0.000002 0.000000 0.000000 0.000000 8.207797 -6.751706 -1.599543 -11.922263 2.956133 -10.922996 24.830214 8.962813 -1.247990 -12.382682 18.642076 8.216781 -0.892613 0.026377 -1.698395 -0.000000 0.000000 0.000000 
10.113913 100.618973 1.808654 -1.673709 -15.535755 3.918368 0.000001 10.181561 0.131522 -1.537163 -0.187845 -6.930896 -3.169671 -0.871725 -2.133601 -3.185507 -0.894953 -2.095350 -0.000002 16.740372 -2.049024 7.103193 0.509752 3.128737 0.000002 9.617843 1.684977 -6.741926 1.706775 1.003661 0.000001 22.037369 7.501070 0.000003 -0.000000 0.000000 -4.569998 11.014879 -2.160843 0.407992 2.041297 8.239428 13.381211 -0.096179 76.969388 -0.000024 28.401185 0.000059 14.219139 2.752605 -1.205950 -2.464785 -1.573987 2.681911 -2.412560 -8.504146 -14.689078 4.860073 -24.241540 -3.946672 -2.646257 -1.527797 1.527815 -0.846501 3.662327 2.007870 -1.994590 -1.151561 1.151574 0.000002 -0.000006 -0.000000 -9.108281 -0.517872 2.259803 0.980217 -3.673247 24.207107 0.160548 -1.488429 12.310895 0.465170 -2.504944 21.037329 0.000001 -0.000000 0.000004 -9.532484 0.000015 0.000002 -0.078632 -0.741575 16.508470 0.347216 -2.173794 18.147799 -1.350997 -5.163305 31.672595 0.000001 0.000000 0.000003 -9.103580 -0.043103 -1.865098 0.317697 -2.185270 23.642403 0.214001 -1.715110 14.223410 -10.450365 -7.207677 21.821056 -0.000000 0.000000 0.000001 -8.076686 -0.486722 -3.806299 0.324817 -2.107549 18.545463 0.339349 -2.149703 17.939664 0.687011 -3.018502 25.638812 -0.000003 -0.000000 0.000001 4.570400 11.014675 -2.160816 0.643899 -3.790651 -10.784416 12.656341 10.666648 -70.451434 -0.000001 -22.604009 0.000001 13.115487 -7.392529 -2.407397 2.466093 -1.576214 2.681703 -1.296876 18.527557 11.925155 6.350067 18.286725 0.523281 2.647899 -1.528743 1.528753 -6.029616 18.406429 -0.954026 1.998917 -1.154090 1.154081 0.000001 0.000002 0.000003 9.109291 -0.518010 2.259902 -0.165801 0.223442 -14.449923 0.322432 2.086357 -17.569693 0.547354 2.695078 -22.957985 -0.000001 -0.000001 0.000004 9.533403 0.000003 0.000002 -0.061770 0.085580 -8.403242 0.361505 2.205870 -18.612995 0.551783 2.705513 -23.052100 -0.000001 -0.000003 -0.000003 9.104502 -0.042998 -1.865098 0.010024 0.941504 -14.943067 0.369677 2.229992 -18.824280 0.856475 3.330970 -28.834176 -0.000002 -0.000001 0.000000 8.077800 -0.486886 -3.806297 1.319459 5.509303 -16.039463 0.377287 -1.810779 -19.455403 0.381228 2.263570 -19.119173 0.000000 -0.000000 0.000001 -8.207802 -6.751703 -1.599540 -16.909269 -6.337348 -10.789226 30.380538 6.233036 -2.590174 -13.164530 3.288254 5.085445 -0.684197 -0.000019 -0.000001 0.000000 0.000002 0.000000 8.207803 -6.751695 -1.599545 -11.962533 2.966038 -10.880236 24.814786 8.956836 -1.258489 -12.382213 18.705882 8.226346 -0.891258 0.026286 -1.695792 -0.000000 -0.000001 0.000000 
10.128194 100.617912 1.802651 -1.621513 -15.562788 3.889533 -0.000001 10.181543 0.131525 -1.290316 -0.217566 -6.908059 -3.481737 -0.842492 -2.121285 -3.498989 -0.875335 -2.073617 0.000001 16.740360 -2.049021 7.181893 0.479215 3.147756 -0.000000 9.617873 1.684974 -6.495652 1.645446 1.004437 0.000003 22.037369 7.501068 0.000001 -0.000002 -0.000000 -4.570000 11.014868 -2.160841 0.410178 1.842105 8.212402 13.945630 -0.673207 77.212570 -0.000001 28.595386 0.000026 13.855705 2.817961 -1.517171 -2.464789 -1.573980 2.681912 -2.413785 -8.493838 -14.689452 4.847626 -24.213142 -3.949799 -2.646271 -1.527815 1.527815 -0.873645 3.718022 2.012730 -1.994583 -1.151583 1.151582 0.000001 -0.000006 -0.000000 -9.108302 -0.517886 2.259805 0.979464 -3.673178 24.163604 0.159543 -1.483910 12.272730 0.460405 -2.492524 20.927985 0.000001 0.000002 0.000004 -9.532498 0.000012 0.000001 -0.073146 -0.755775 16.450546 0.343806 -2.163312 18.057284 -1.384888 -5.160094 31.550987 -0.000000 0.000000 0.000003 -9.103587 -0.043109 -1.865099 0.321907 -2.192836 23.569760 0.212239 -1.708140 14.164395 -10.460426 -7.189391 21.759026 0.000001 0.000000 0.000003 -8.076691 -0.486707 -3.806298 0.325957 -2.110531 18.476589 0.336796 -2.141790 17.871335 0.683548 -3.011281 25.572942 0.000000 -0.000001 0.000002 4.570404 11.014691 -2.160815 0.644468 -3.671378 -10.678726 13.185215 11.002261 -70.725011 -0.000021 -22.639294 -0.000030 12.938748 -7.381019 -2.332998 2.466094 -1.576200 2.681698 -1.268021 18.609585 11.870905 6.366170 18.435024 0.512968 2.647883 -1.528740 1.528748 -5.951946 18.533367 -1.059879 1.998924 -1.154079 1.154076 0.000003 0.000000 0.000003 9.109292 -0.518015 2.259902 -0.165474 0.216491 -14.374639 0.318992 2.075473 -17.475013 0.540395 2.678632 -22.809765 0.000003 -0.000002 0.000001 9.533381 -0.000009 0.000002 -0.060555 0.084754 -8.322288 0.358087 2.195731 -18.524375 0.546029 2.691950 -22.929826 -0.000001 -0.000000 0.000000 9.104486 -0.042998 -1.865098 0.005884 0.920515 -14.854973 0.367689 2.224165 -18.773407 0.851972 3.322782 -28.756189 -0.000001 -0.000002 -0.000004 8.077795 -0.486879 -3.806301 1.316117 5.514114 -15.968378 0.372846 -1.823311 -19.345432 0.374364 2.243668 -18.944365 -0.000001 0.000002 0.000000 -8.207802 -6.751726 -1.599542 -16.951295 -6.320476 -10.744389 30.351213 6.241422 -2.587309 -13.137717 3.295220 5.089350 -0.681469 0.000003 0.000001 0.000000 -0.000002 -0.000000 8.207799 -6.751708 -1.599545 -12.032869 2.974712 -10.839980 24.828600 8.955335 -1.268111 -12.391499 18.781504 8.222533 -0.891098 0.026273 -1.695473 -0.000000 0.000000 0.000000 
10.144232 100.620934 1.802831 -1.588814 -15.596650 3.868330 -0.000002 10.181545 0.131524 -1.055176 -0.242700 -6.891031 -3.772978 -0.809415 -2.115554 -3.791576 -0.851421 -2.058606 0.000000 16.740372 -2.049016 7.263124 0.449667 3.177545 0.000002 9.617861 1.684976 -6.248611 1.584152 1.014106 -0.000003 22.037384 7.501073 0.000001 -0.000000 0.000000 -4.569999 11.014869 -2.160839 0.412636 1.635085 8.187694 14.480039 -1.128514 77.390005 -0.000006 28.805913 0.000038 13.629040 2.864551 -1.784948 -2.464792 -1.574000 2.681911 -2.415023 -8.483500 -14.689753 4.835162 -24.184658 -3.952903 -2.646269 -1.527810 1.527818 -0.900906 3.773874 2.017604 -1.994599 -1.151582 1.151577 0.000002 -0.000003 0.000003 -9.108303 -0.517891 2.259806 0.978684 -3.673127 24.120055 0.158549 -1.479350 12.234441 0.455663 -2.480065 20.818297 -0.000000 -0.000001 0.000000 -9.532499 -0.000001 -0.000000 -0.067665 -0.770016 16.392435 0.340362 -2.152812 17.966490 -1.418866 -5.156729 31.429040 -0.000001 -0.000000 0.000000 -9.103601 -0.043090 -1.865103 0.326078 -2.200455 23.496937 0.210468 -1.701155 14.105230 -10.470482 -7.171038 21.696779 -0.000000 0.000001 0.000002 -8.076694 -0.486729 -3.806297 0.327060 -2.113518 18.407527 0.334255 -2.133856 17.802810 0.680083 -3.004039 25.506892 0.000001 -0.000001 0.000001 4.570400 11.014688 -2.160814 0.644229 -3.581023 -10.580733 13.661050 11.316708 -71.003074 -0.000010 -22.620458 -0.000030 12.874435 -7.456908 -2.346256 2.466091 -1.576216 2.681700 -1.239100 18.690942 11.816781 6.382256 18.582421 0.502427 2.647900 -1.528737 1.528754 -5.874053 18.659064 -1.165761 1.998917 -1.154093 1.154078 0.000000 0.000001 -0.000000 9.109287 -0.518009 2.259899 -0.165181 0.209547 -14.299338 0.315565 2.064580 -17.380362 0.533513 2.662184 -22.661625 -0.000002 0.000002 0.000004 9.533385 0.000002 0.000000 -0.059404 0.083910 -8.241368 0.354705 2.185617 -18.435780 0.540303 2.678399 -22.807581 -0.000001 0.000000 -0.000005 9.104486 -0.043000 -1.865099 0.001736 0.899505 -14.766878 0.365728 2.218372 -18.722558 0.847451 3.314541 -28.678264 0.000001 -0.000000 -0.000006 8.077810 -0.486897 -3.806300 1.312697 5.518908 -15.897279 0.368474 -1.835860 -19.235532 0.367539 2.223732 -18.769577 -0.000002 0.000001 -0.000001 -8.207802 -6.751729 -1.599541 -16.970665 -6.312059 -10.715860 30.313281 6.239513 -2.584468 -13.108735 3.301712 5.096608 -0.680010 0.000001 0.000001 -0.000000 -0.000002 0.000000 8.207798 -6.751719 -1.599543 -12.065230 2.971482 -10.823349 24.810466 8.950102 -1.268068 -12.393342 18.864231 8.227903 -0.889294 0.026174 -1.692012 0.000000 0.000000 0.000000 
10.162489 100.630562 1.820325 -1.584521 -15.605452 3.840014 -0.000001 10.181567 0.131523 -0.835564 -0.263615 -6.877273 -4.043388 -0.783172 -2.116462 -4.063272 -0.833869 -2.050232 0.000002 16.740341 -2.049021 7.361260 0.409018 3.223413 0.000001 9.617848 1.684981 -5.965848 1.481536 1.017570 -0.000001 22.037369 7.501068 0.000002 -0.000002 -0.000000 -4.570001 11.014872 -2.160840 0.415288 1.396485 8.157426 14.980345 -1.460529 77.522237 -0.000016 28.991909 0.000052 13.540715 2.880149 -1.965494 -2.464783 -1.573995 2.681908 -2.416253 -8.473127 -14.690108 4.822638 -24.156093 -3.956078 -2.646279 -1.527819 1.527813 -0.928253 3.829861 2.022536 -1.994606 -1.151582 1.151581 0.000001 -0.000001 0.000003 -9.108312 -0.517868 2.259799 0.977919 -3.673069 24.076333 0.157561 -1.474773 12.196048 0.450916 -2.467555 20.708365 -0.000000 0.000000 0.000003 -9.532486 0.000011 -0.000003 -0.062229 -0.784309 16.334208 0.336951 -2.142271 17.875491 -1.452981 -5.153248 31.306742 -0.000000 0.000000 0.000003 -9.103596 -0.043103 -1.865105 0.330240 -2.208099 23.423917 0.208728 -1.694140 14.045878 -10.480568 -7.152629 21.634402 -0.000000 0.000001 0.000002 -8.076689 -0.486725 -3.806303 0.328173 -2.116516 18.338298 0.331690 -2.125889 17.734142 0.676612 -2.996782 25.440629 -0.000002 0.000000 0.000001 4.570403 11.014675 -2.160814 0.643823 -3.511529 -10.501124 14.121058 11.587845 -71.250409 0.000017 -22.636755 -0.000007 12.803559 -7.400115 -2.243078 2.466098 -1.576216 2.681698 -1.210141 18.771556 11.762768 6.398312 18.728841 0.491823 2.647907 -1.528759 1.528756 -5.795848 18.783473 -1.271742 1.998913 -1.154092 1.154075 0.000002 0.000003 0.000005 9.109302 -0.518012 2.259897 -0.164850 0.202612 -14.224082 0.312156 2.053705 -17.285768 0.526653 2.645728 -22.513535 -0.000004 0.000001 0.000000 9.533413 0.000009 -0.000002 -0.058234 0.083085 -8.160443 0.351342 2.175483 -18.347254 0.534604 2.664830 -22.685399 0.000002 -0.000001 -0.000002 9.104502 -0.042994 -1.865102 -0.002334 0.878515 -14.678816 0.363744 2.212570 -18.671726 0.842965 3.306319 -28.600391 -0.000004 -0.000005 -0.000001 8.077809 -0.486882 -3.806302 1.309275 5.523702 -15.826204 0.364116 -1.848401 -19.125706 0.360794 2.203792 -18.594920 -0.000004 -0.000001 -0.000001 -8.207802 -6.751693 -1.599542 -16.937150 -6.332188 -10.703425 30.247059 6.232224 -2.570930 -13.080441 3.308391 5.105543 -0.686834 0.000011 0.000002 -0.000000 0.000001 0.000000 8.207797 -6.751685 -1.599544 -12.041067 2.963423 -10.816593 24.762016 8.934697 -1.255572 -12.389201 18.907924 8.240738 -0.887621 0.026062 -1.688796 -0.000000 0.000001 0.000000 
10.184585 100.643944 1.849682 -1.570454 -15.610438 3.798553 0.000000 10.181556 0.131525 -0.644363 -0.281221 -6.861500 -4.311800 -0.762472 -2.111841 -4.332798 -0.820927 -2.036589 -0.000001 16.740395 -2.049027 7.472840 0.368894 3.267287 0.000001 9.617851 1.684977 -5.684357 1.362819 1.043191 -0.000000 22.037369 7.501071 0.000001 -0.000001 0.000000 -4.570001 11.014879 -2.160846 0.416037 1.151349 8.103903 15.436658 -1.723446 77.659558 -0.000027 29.138301 0.000066 13.525013 2.900446 -2.100319 -2.464779 -1.573988 2.681911 -2.417496 -8.462737 -14.690410 4.810114 -24.127462 -3.959193 -2.646266 -1.527805 1.527821 -0.955667 3.885965 2.027506 -1.994606 -1.151583 1.151578 0.000001 -0.000002 0.000003 -9.108289 -0.517872 2.259804 0.977146 -3.673022 24.032565 0.156571 -1.470182 12.157552 0.446176 -2.455015 20.598158 -0.000001 0.000002 0.000003 -9.532478 -0.000002 0.000000 -0.056795 -0.798651 16.275811 0.333556 -2.131698 17.784267 -1.487197 -5.149632 31.184253 0.000001 0.000002 0.000001 -9.103582 -0.043111 -1.865099 0.334396 -2.215750 23.350692 0.206938 -1.687135 13.986414 -10.490628 -7.134160 21.571911 -0.000001 0.000000 0.000001 -8.076687 -0.486731 -3.806299 0.329263 -2.119515 18.268920 0.329135 -2.117913 17.665306 0.673151 -2.989489 25.374257 -0.000001 0.000000 0.000003 4.570400 11.014696 -2.160820 0.644308 -3.424588 -10.437988 14.563859 11.831056 -71.499759 -0.000006 -22.664326 -0.000004 12.703308 -7.381231 -2.104993 2.466092 -1.576192 2.681699 -1.181114 18.851361 11.708874 6.414312 18.874212 0.481092 2.647876 -1.528742 1.528740 -5.717205 18.906443 -1.377681 1.998917 -1.154092 1.154076 0.000002 -0.000004 -0.000000 9.109274 -0.518012 2.259901 -0.164516 0.195672 -14.148891 0.308783 2.042818 -17.191279 0.519842 2.629259 -22.365615 0.000001 -0.000001 0.000001 9.533393 -0.000000 0.000001 -0.057084 0.082262 -8.079619 0.348005 2.165367 -18.258793 0.528929 2.651254 -22.563359 0.000004 -0.000002 -0.000001 9.104487 -0.042994 -1.865102 -0.006338 0.857527 -14.590869 0.361794 2.206772 -18.620947 0.838469 3.298090 -28.522581 0.000000 -0.000003 -0.000003 8.077795 -0.486898 -3.806301 1.305838 5.528466 -15.755232 0.359780 -1.860918 -19.015930 0.354133 2.183866 -18.420419 0.000001 -0.000001 -0.000001 -8.207800 -6.751703 -1.599539 -16.889968 -6.355648 -10.680462 30.151740 6.229363 -2.550316 -13.044802 3.312409 5.115866 -0.705825 -0.000001 0.000002 0.000000 0.000002 0.000000 8.207798 -6.751702 -1.599543 -12.016528 2.946224 -10.804152 24.702643 8.920852 -1.232143 -12.385306 18.944016 8.255759 -0.885467 0.025942 -1.684687 0.000000 0.000000 0.000000 
10.206331 100.659470 1.889347 -1.566208 -15.618573 3.747498 0.000000 10.181561 0.131522 -0.477171 -0.296147 -6.844311 -4.563103 -0.734135 -2.102832 -4.585009 -0.799376 -2.019554 0.000000 16.740356 -2.049026 7.587416 0.328710 3.309432 0.000001 9.617829 1.684984 -5.405503 1.224782 1.097473 -0.000001 22.037369 7.501070 -0.000000 0.000001 0.000000 -4.570000 11.014882 -2.160847 0.418556 0.953490 8.085579 15.880904 -2.007120 77.762489 -0.000021 29.292397 0.000076 13.489545 2.892129 -2.255174 -2.464787 -1.573985 2.681907 -2.418735 -8.452337 -14.690764 4.797540 -24.098801 -3.962328 -2.646274 -1.527815 1.527815 -0.983137 3.942151 2.032548 -1.994583 -1.151584 1.151573 -0.000001 -0.000003 0.000003 -9.108296 -0.517882 2.259801 0.976351 -3.672974 23.988697 0.155595 -1.465612 12.119053 0.441455 -2.442446 20.487781 0.000000 0.000000 0.000005 -9.532490 0.000015 -0.000002 -0.051383 -0.813019 16.217359 0.330157 -2.121120 17.692896 -1.521462 -5.145901 31.061539 -0.000001 0.000001 -0.000001 -9.103590 -0.043106 -1.865105 0.338506 -2.223477 23.277423 0.205223 -1.680077 13.926833 -10.500735 -7.115665 21.509318 0.000000 0.000002 0.000003 -8.076689 -0.486729 -3.806301 0.330347 -2.122549 18.199384 0.326611 -2.109913 17.596347 0.669682 -2.982186 25.307767 0.000002 0.000002 0.000001 4.570405 11.014709 -2.160820 0.645023 -3.334954 -10.382829 15.003356 12.069035 -71.769066 0.000006 -22.730122 -0.000002 12.648448 -7.341717 -1.970985 2.466090 -1.576200 2.681700 -1.152109 18.930337 11.655185 6.430256 19.018419 0.470246 2.647895 -1.528740 1.528748 -5.637726 19.027806 -1.483456 1.998921 -1.154108 1.154078 -0.000002 0.000001 0.000001 9.109298 -0.518013 2.259901 -0.164173 0.188752 -14.073826 0.305425 2.031951 -17.096901 0.513084 2.612796 -22.217893 -0.000000 -0.000002 -0.000003 9.533382 0.000002 0.000002 -0.055935 0.081436 -7.998914 0.344649 2.155258 -18.170426 0.523330 2.637710 -22.441447 0.000004 -0.000001 -0.000005 9.104488 -0.042998 -1.865098 -0.010304 0.836556 -14.503044 0.359847 2.200968 -18.570256 0.834012 3.289893 -28.444883 0.000001 -0.000002 -0.000002 8.077789 -0.486900 -3.806299 1.302384 5.533228 -15.684394 0.355456 -1.873449 -18.906290 0.347515 2.163929 -18.246181 0.000000 -0.000000 -0.000000 -8.207803 -6.751715 -1.599541 -16.819664 -6.384969 -10.654435 30.043291 6.237970 -2.526334 -13.010225 3.319456 5.124702 -0.720671 0.000001 0.000004 -0.000000 0.000001 0.000000 8.207799 -6.751699 -1.599543 -11.968868 2.945988 -10.774669 24.640476 8.897195 -1.221852 -12.389517 18.960776 8.280905 -0.883747 0.025838 -1.681401 -0.000000 0.000000 0.000000 
10.225947 100.671761 1.932660 -1.563680 -15.657007 3.686377 -0.000000 10.181549 0.131523 -0.338868 -0.308743 -6.829869 -4.800416 -0.698496 -2.090211 -4.823032 -0.769478 -2.000173 0.000000 16.740362 -2.049026 7.696845 0.297349 3.359248 0.000001 9.617854 1.684974 -5.131434 1.117386 1.191143 0.000000 22.037384 7.501080 0.000001 0.000001 0.000001 -4.569999 11.014899 -2.160845 0.422963 0.765365 8.091835 16.279749 -2.248276 77.830948 -0.000008 29.412400 -0.000000 13.475855 2.907783 -2.397811 -2.464788 -1.573991 2.681911 -2.419983 -8.441920 -14.691081 4.784972 -24.070087 -3.965435 -2.646266 -1.527796 1.527815 -1.010681 3.998406 2.037576 -1.994590 -1.151584 1.151576 -0.000001 -0.000005 -0.000000 -9.108309 -0.517869 2.259801 0.975558 -3.672921 23.944753 0.154604 -1.461018 12.080483 0.436762 -2.429839 20.377263 0.000001 0.000002 0.000004 -9.532504 0.000000 -0.000004 -0.046024 -0.827430 16.158815 0.326773 -2.110503 17.601418 -1.555816 -5.142035 30.938691 0.000001 0.000001 -0.000001 -9.103604 -0.043110 -1.865102 0.342607 -2.231191 23.204005 0.203455 -1.673028 13.867167 -10.510789 -7.097108 21.446630 -0.000001 0.000001 0.000002 -8.076689 -0.486729 -3.806302 0.331392 -2.125577 18.129798 0.324066 -2.101909 17.527339 0.666235 -2.974872 25.241186 -0.000000 0.000002 0.000002 4.570400 11.014705 -2.160820 0.645558 -3.248266 -10.344207 15.413198 12.311152 -72.042547 0.000014 -22.793919 0.000005 12.572195 -7.346958 -1.816451 2.466090 -1.576210 2.681701 -1.123086 19.008434 11.601700 6.446156 19.161425 0.459251 2.647884 -1.528748 1.528753 -5.558113 19.147611 -1.589088 1.998936 -1.154097 1.154077 -0.000000 0.000001 0.000001 9.109294 -0.518015 2.259900 -0.163858 0.181850 -13.998886 0.302122 2.021098 -17.002680 0.506384 2.596332 -22.070416 -0.000001 -0.000001 -0.000003 9.533389 0.000009 0.000002 -0.054795 0.080629 -7.918319 0.341355 2.145149 -18.082287 0.517724 2.624156 -22.319796 0.000003 0.000000 0.000002 9.104492 -0.042998 -1.865097 -0.014224 0.815620 -14.415362 0.357914 2.195206 -18.519623 0.829554 3.281677 -28.367316 -0.000003 -0.000002 -0.000002 8.077801 -0.486902 -3.806301 1.298922 5.537998 -15.613585 0.351181 -1.885967 -18.796882 0.340982 2.144011 -18.072223 0.000000 -0.000000 0.000000 -8.207803 -6.751722 -1.599543 -16.747533 -6.390693 -10.603801 29.943727 6.251526 -2.516296 -12.980956 3.325365 5.137872 -0.725237 -0.000002 -0.000002 -0.000000 0.000000 0.000000 8.207800 -6.751706 -1.599545 -11.928003 2.957952 -10.724485 24.605755 8.891251 -1.224916 -12.409719 18.969315 8.301676 -0.882939 0.025792 -1.679827 -0.000000 -0.000001 -0.000000 
10.240091 100.682068 1.980766 -1.569405 -15.706643 3.632752 0.000002 10.181564 0.131523 -0.229514 -0.319046 -6.821431 -5.016796 -0.664570 -2.088287 -5.040095 -0.740819 -1.992384 -0.000000 16.740362 -2.049022 7.817337 0.263165 3.429375 0.000003 9.617817 1.684978 -4.865516 1.001518 1.286276 -0.000001 22.037384 7.501072 0.000002 0.000000 0.000001 -4.570003 11.014879 -2.160843 0.430839 0.611063 8.148609 16.602405 -2.447482 77.849772 -0.000024 29.473793 0.000035 13.705382 2.885587 -2.683291 -2.464776 -1.573984 2.681911 -2.421222 -8.431483 -14.691407 4.772387 -24.041375 -3.968554 -2.646269 -1.527819 1.527812 -1.038242 4.054692 2.042669 -1.994602 -1.151580 1.151579 -0.000000 -0.000000 0.000005 -9.108286 -0.517898 2.259802 0.974759 -3.672878 23.900773 0.153632 -1.456415 12.041887 0.432083 -2.417223 20.266659 0.000001 0.000002 0.000004 -9.532476 0.000000 -0.000000 -0.040684 -0.841846 16.100190 0.323436 -2.099876 17.509863 -1.590222 -5.138042 30.815751 0.000001 0.000000 0.000002 -9.103595 -0.043109 -1.865099 0.346674 -2.238936 23.130521 0.201726 -1.665970 13.807489 -10.520835 -7.078541 21.383932 -0.000001 0.000001 0.000003 -8.076683 -0.486732 -3.806297 0.332431 -2.128615 18.060135 0.321544 -2.093892 17.458267 0.662770 -2.967540 25.174592 -0.000001 0.000000 0.000003 4.570404 11.014676 -2.160817 0.647159 -3.163264 -10.288113 15.801865 12.518237 -72.323596 0.000005 -22.876368 0.000031 12.449258 -7.314895 -1.632738 2.466084 -1.576231 2.681704 -1.094112 19.085560 11.548439 6.461940 19.303076 0.448261 2.647891 -1.528756 1.528747 -5.478434 19.265781 -1.694603 1.998921 -1.154106 1.154079 -0.000004 -0.000001 0.000001 9.109262 -0.518012 2.259907 -0.163499 0.174949 -13.924083 0.298793 2.010257 -16.908647 0.499754 2.579925 -21.923277 -0.000002 0.000002 0.000000 9.533384 0.000003 0.000004 -0.053675 0.079810 -7.837920 0.338056 2.135068 -17.994270 0.512187 2.610615 -22.198368 0.000002 -0.000000 0.000004 9.104473 -0.043001 -1.865098 -0.018063 0.794705 -14.327852 0.355970 2.189421 -18.469112 0.825159 3.273496 -28.289914 -0.000001 -0.000002 -0.000003 8.077784 -0.486897 -3.806297 1.295444 5.542701 -15.542982 0.346947 -1.898466 -18.687671 0.334511 2.124104 -17.898630 0.000000 -0.000000 0.000000 -8.207800 -6.751689 -1.599540 -16.671008 -6.383688 -10.552376 29.860897 6.272803 -2.520793 -12.964860 3.329293 5.154596 -0.724704 0.000005 0.000004 -0.000000 -0.000001 0.000000 8.207803 -6.751686 -1.599543 -11.877219 2.970883 -10.680981 24.576527 8.876434 -1.231475 -12.437996 18.994539 8.323835 -0.882041 0.025737 -1.678108 0.000000 -0.000000 0.000000 
10.250025 100.689674 2.030766 -1.602704 -15.771347 3.590887 0.000000 10.181552 0.131525 -0.144186 -0.326534 -6.815977 -5.195809 -0.633906 -2.083883 -5.219609 -0.714265 -1.983385 -0.000003 16.740372 -2.049018 7.934091 0.232065 3.479242 -0.000002 9.617846 1.684973 -4.618184 0.882280 1.368568 -0.000002 22.037384 7.501066 0.000001 0.000001 0.000000 -4.570003 11.014876 -2.160839 0.434456 0.482171 8.151368 16.849284 -2.589143 77.899387 -0.000027 29.491814 0.000052 13.808400 2.872125 -2.794879 -2.464791 -1.573999 2.681909 -2.422452 -8.421049 -14.691774 4.759791 -24.012633 -3.971673 -2.646280 -1.527798 1.527817 -1.065829 4.110994 2.047801 -1.994579 -1.151567 1.151574 -0.000000 -0.000007 0.000001 -9.108307 -0.517870 2.259805 0.973999 -3.672806 23.856804 0.152625 -1.451820 12.003264 0.427439 -2.404599 20.156037 0.000000 0.000003 0.000004 -9.532487 0.000014 0.000000 -0.035353 -0.856282 16.041615 0.320072 -2.089249 17.418325 -1.624659 -5.133922 30.692777 -0.000001 0.000001 0.000007 -9.103584 -0.043105 -1.865099 0.350726 -2.246689 23.057074 0.199991 -1.658908 13.747756 -10.530872 -7.059952 21.321202 -0.000001 0.000000 0.000002 -8.076694 -0.486723 -3.806300 0.333481 -2.131643 17.990472 0.319033 -2.085868 17.389144 0.659330 -2.960207 25.107948 0.000001 0.000002 0.000005 4.570397 11.014676 -2.160814 0.649466 -3.127912 -10.279641 16.175742 12.720210 -72.568212 0.000002 -22.972127 -0.000021 12.225414 -7.309927 -1.563752 2.466107 -1.576227 2.681705 -1.065203 19.161713 11.495476 6.477626 19.443358 0.437112 2.647883 -1.528750 1.528749 -5.398729 19.382233 -1.799913 1.998924 -1.154095 1.154081 -0.000001 0.000003 0.000003 9.109291 -0.518010 2.259905 -0.163166 0.168069 -13.849499 0.295527 1.999449 -16.814855 0.493156 2.563497 -21.776463 0.000002 0.000000 -0.000003 9.533405 -0.000002 0.000003 -0.052582 0.079004 -7.757702 0.334793 2.125002 -17.906494 0.506693 2.597100 -22.077215 -0.000002 -0.000002 0.000001 9.104511 -0.043012 -1.865098 -0.021875 0.773842 -14.240559 0.354062 2.183671 -18.418713 0.820736 3.265302 -28.212706 0.000000 0.000001 -0.000001 8.077815 -0.486885 -3.806296 1.291923 5.547423 -15.472496 0.342756 -1.910934 -18.578745 0.328124 2.104232 -17.725461 0.000000 -0.000002 0.000000 -8.207803 -6.751711 -1.599544 -16.577299 -6.356397 -10.502466 29.804801 6.293075 -2.554019 -12.966515 3.331076 5.184087 -0.714433 0.000001 -0.000003 -0.000000 0.000001 0.000000 8.207798 -6.751714 -1.599546 -11.796876 2.985524 -10.659028 24.548555 8.859099 -1.233887 -12.472048 19.037573 8.345814 -0.880636 0.025660 -1.675469 0.000000 0.000001 0.000000 
10.256026 100.691437 2.085385 -1.648726 -15.831573 3.560550 0.000000 10.181549 0.131524 -0.086501 -0.330675 -6.811014 -5.337889 -0.617986 -2.082342 -5.362074 -0.701430 -1.978029 0.000000 16.740360 -2.049025 8.043763 0.215939 3.493458 0.000004 9.617840 1.684978 -4.480945 0.782333 1.482137 0.000002 22.037369 7.501077 0.000001 -0.000002 0.000000 -4.569999 11.014886 -2.160841 0.434798 0.408707 8.143290 17.032035 -2.691184 77.942123 0.000006 29.505587 0.000005 13.872460 2.862058 -2.822440 -2.464788 -1.573988 2.681908 -2.423694 -8.410629 -14.692068 4.747211 -23.983926 -3.974763 -2.646268 -1.527809 1.527819 -1.093452 4.167279 2.052956 -1.994599 -1.151578 1.151582 0.000002 -0.000002 0.000007 -9.108304 -0.517870 2.259799 0.973189 -3.672752 23.812845 0.151667 -1.447216 11.964638 0.422810 -2.391965 20.045430 0.000000 0.000002 -0.000001 -9.532489 -0.000005 -0.000004 -0.030091 -0.870733 15.983005 0.316754 -2.078615 17.326728 -1.659094 -5.129680 30.569840 -0.000000 0.000002 0.000004 -9.103588 -0.043102 -1.865104 0.354736 -2.254466 22.983576 0.198278 -1.651852 13.688084 -10.540897 -7.041335 21.258458 -0.000000 -0.000001 -0.000002 -8.076687 -0.486732 -3.806303 0.334504 -2.134689 17.920818 0.316507 -2.077839 17.320055 0.655879 -2.952872 25.041273 -0.000000 0.000002 0.000002 4.570402 11.014694 -2.160816 0.648650 -3.131373 -10.322468 16.506139 12.895436 -72.753249 0.000010 -23.039350 0.000009 12.041040 -7.292829 -1.538262 2.466079 -1.576202 2.681700 -1.036403 19.236825 11.442803 6.493228 19.582135 0.425925 2.647881 -1.528746 1.528751 -5.319078 19.496924 -1.904950 1.998917 -1.154072 1.154065 -0.000000 -0.000002 -0.000000 9.109285 -0.518013 2.259903 -0.162817 0.161230 -13.775072 0.292269 1.988647 -16.721362 0.486618 2.547119 -21.630080 -0.000001 0.000000 -0.000001 9.533395 0.000004 0.000002 -0.051490 0.078216 -7.677716 0.331549 2.114963 -17.818956 0.501240 2.583618 -21.956441 -0.000003 -0.000003 -0.000002 9.104493 -0.042997 -1.865100 -0.025612 0.753017 -14.153542 0.352143 2.177913 -18.368441 0.816372 3.257144 -28.135687 -0.000001 -0.000000 -0.000003 8.077790 -0.486896 -3.806297 1.288432 5.552125 -15.402242 0.338573 -1.923385 -18.470109 0.321811 2.084394 -17.552778 0.000001 0.000001 -0.000005 -8.207801 -6.751710 -1.599544 -16.483072 -6.317528 -10.458913 29.784181 6.300546 -2.604349 -12.992121 3.330566 5.223019 -0.703398 0.000003 -0.000003 0.000000 -0.000000 -0.000000 8.207801 -6.751692 -1.599543 -11.714298 2.989162 -10.661547 24.543819 8.843126 -1.221719 -12.514209 19.086528 8.357854 -0.880717 0.025657 -1.675633 0.000000 0.000000 0.000000 
10.262686 100.691246 2.137362 -1.693200 -15.869289 3.529675 0.000002 10.181547 0.131523 -0.059057 -0.331989 -6.805552 -5.441933 -0.610403 -2.080389 -5.466319 -0.695656 -1.973524 0.000002 16.740376 -2.049019 8.125228 0.208386 3.506443 -0.000001 9.617869 1.684975 -4.402152 0.713867 1.601273 -0.000000 22.037369 7.501078 0.000003 -0.000002 0.000001 -4.569997 11.014891 -2.160841 0.432639 0.337179 8.117880 17.147996 -2.736505 78.002147 -0.000017 29.512216 0.000046 13.940541 2.823399 -2.883268 -2.464799 -1.574002 2.681904 -2.424944 -8.400194 -14.692389 4.734627 -23.955212 -3.977888 -2.646265 -1.527804 1.527814 -1.121058 4.223531 2.058158 -1.994599 -1.151577 1.151581 -0.000004 -0.000003 0.000003 -9.108304 -0.517876 2.259801 0.972392 -3.672707 23.768913 0.150688 -1.442610 11.926016 0.418208 -2.379322 19.934867 -0.000000 0.000001 -0.000000 -9.532501 -0.000001 -0.000003 -0.024860 -0.885189 15.924424 0.313443 -2.067975 17.235221 -1.693553 -5.125318 30.446931 -0.000000 0.000000 0.000003 -9.103605 -0.043109 -1.865104 0.358707 -2.262237 22.910143 0.196565 -1.644792 13.628399 -10.550895 -7.022734 21.195800 -0.000000 0.000002 0.000001 -8.076694 -0.486729 -3.806302 0.335495 -2.137736 17.851172 0.313995 -2.069824 17.250988 0.652462 -2.945528 24.974677 -0.000001 0.000001 0.000001 4.570408 11.014673 -2.160818 0.650011 -3.174240 -10.390914 16.773577 13.017451 -72.861521 0.000015 -23.061823 0.000011 12.036040 -7.236039 -1.533170 2.466091 -1.576214 2.681702 -1.007681 19.310827 11.390479 6.508658 19.719379 0.414658 2.647892 -1.528742 1.528747 -5.239353 19.609693 -2.009688 1.998921 -1.154090 1.154082 0.000001 0.000001 0.000001 9.109295 -0.518013 2.259901 -0.162431 0.154393 -13.700904 0.289022 1.977870 -16.628128 0.480180 2.530774 -21.484143 -0.000000 0.000001 0.000002 9.533401 0.000006 0.000001 -0.050435 0.077408 -7.598006 0.328371 2.104953 -17.731685 0.495806 2.570159 -21.836016 -0.000003 -0.000001 0.000002 9.104498 -0.042995 -1.865100 -0.029281 0.732244 -14.066767 0.350224 2.172186 -18.318373 0.812000 3.248999 -28.058926 0.000001 -0.000000 -0.000001 8.077800 -0.486880 -3.806299 1.284913 5.556807 -15.332202 0.334431 -1.935801 -18.361820 0.315577 2.064605 -17.380658 0.000000 -0.000001 -0.000001 -8.207800 -6.751713 -1.599542 -16.393350 -6.284691 -10.421145 29.770489 6.296853 -2.646447 -13.021698 3.329400 5.260463 -0.690401 0.000003 0.000002 -0.000000 -0.000002 0.000000 8.207797 -6.751702 -1.599542 -11.642853 2.983498 -10.667748 24.551603 8.829134 -1.201386 -12.553901 19.119892 8.360784 -0.881692 0.025723 -1.677504 -0.000000 -0.000001 0.000000 
10.264837 100.694702 2.182984 -1.752020 -15.907494 3.490939 0.000000 10.181546 0.131521 -0.061703 -0.330931 -6.797899 -5.501518 -0.612109 -2.068115 -5.525792 -0.697333 -1.960306 -0.000001 16.740370 -2.049020 8.187130 0.197121 3.513466 0.000000 9.617866 1.684980 -4.338254 0.644214 1.632923 0.000000 22.037369 7.501075 -0.000000 -0.000000 -0.000001 -4.569998 11.014888 -2.160839 0.431662 0.248161 8.074444 17.183038 -2.719903 78.055750 -0.000023 29.484998 0.000047 14.042455 2.787122 -2.912280 -2.464789 -1.574003 2.681912 -2.426181 -8.389780 -14.692741 4.722049 -23.926537 -3.980980 -2.646269 -1.527798 1.527814 -1.148661 4.279718 2.063382 -1.994590 -1.151585 1.151576 0.000002 0.000000 0.000003 -9.108304 -0.517888 2.259804 0.971577 -3.672667 23.724992 0.149727 -1.438025 11.887506 0.413628 -2.366688 19.824411 0.000000 0.000002 0.000002 -9.532495 -0.000000 0.000001 -0.019683 -0.899646 15.865935 0.310156 -2.057348 17.143792 -1.727989 -5.120840 30.324233 -0.000002 0.000000 0.000001 -9.103599 -0.043104 -1.865103 0.362656 -2.270036 22.836767 0.194853 -1.637736 13.568770 -10.560866 -7.004124 21.133160 0.000001 0.000001 -0.000002 -8.076688 -0.486729 -3.806300 0.336464 -2.140799 17.781633 0.311508 -2.061793 17.181983 0.649053 -2.938195 24.908160 0.000001 0.000002 -0.000000 4.570400 11.014681 -2.160813 0.651893 -3.246222 -10.501613 16.977864 13.077469 -72.881643 0.000001 -23.056272 0.000002 12.067006 -7.211007 -1.590287 2.466101 -1.576212 2.681699 -0.979135 19.383696 11.338523 6.523966 19.854964 0.403333 2.647883 -1.528747 1.528747 -5.159701 19.720491 -2.113989 1.998924 -1.154096 1.154074 -0.000003 -0.000004 -0.000000 9.109288 -0.518013 2.259898 -0.162088 0.147566 -13.627000 0.285836 1.967148 -16.535200 0.473757 2.514466 -21.338756 -0.000001 -0.000002 -0.000004 9.533394 0.000006 0.000000 -0.049383 0.076621 -7.518507 0.325181 2.094962 -17.644757 0.490452 2.556748 -21.716047 -0.000001 -0.000002 -0.000001 9.104490 -0.042997 -1.865100 -0.032928 0.711550 -13.980321 0.348358 2.166483 -18.268451 0.807689 3.240875 -27.982443 -0.000002 -0.000004 -0.000003 8.077782 -0.486882 -3.806300 1.281382 5.561449 -15.262375 0.330332 -1.948179 -18.253945 0.309431 2.044869 -17.209147 -0.000001 0.000001 0.000001 -8.207800 -6.751689 -1.599540 -16.284822 -6.257028 -10.378455 29.742349 6.287440 -2.680800 -13.041112 3.330420 5.291040 -0.688165 0.000009 0.000003 0.000000 0.000002 0.000000 8.207800 -6.751678 -1.599544 -11.551989 2.997002 -10.652109 24.553640 8.808456 -1.198850 -12.589386 19.134435 8.372361 -0.883369 0.025818 -1.680716 -0.000000 -0.000001 0.000000 
10.260693 100.698692 2.224907 -1.789381 -15.964111 3.440159 0.000001 10.181537 0.131524 -0.087824 -0.328691 -6.788182 -5.527556 -0.620047 -2.053322 -5.551560 -0.704097 -1.945729 -0.000001 16.740351 -2.049022 8.203800 0.191669 3.530860 0.000001 9.617846 1.684971 -4.300943 0.616631 1.652613 -0.000001 22.037384 7.501067 -0.000001 0.000003 0.000000 -4.570002 11.014863 -2.160842 0.431425 0.178672 8.045482 17.161537 -2.685806 78.086138 -0.000021 29.461987 0.000032 14.145449 2.760404 -2.932796 -2.464786 -1.573998 2.681908 -2.427427 -8.379384 -14.693094 4.709496 -23.897879 -3.984057 -2.646266 -1.527806 1.527821 -1.176248 4.335808 2.068606 -1.994582 -1.151559 1.151573 0.000001 -0.000001 -0.000000 -9.108296 -0.517886 2.259803 0.970782 -3.672614 23.681157 0.148754 -1.433427 11.848980 0.409070 -2.354061 19.714130 0.000001 -0.000000 -0.000000 -9.532495 -0.000000 -0.000002 -0.014512 -0.914083 15.807477 0.306873 -2.046725 17.052474 -1.762374 -5.116248 30.201662 -0.000002 0.000000 -0.000000 -9.103597 -0.043108 -1.865103 0.366567 -2.277829 22.763489 0.193150 -1.630684 13.509260 -10.570792 -6.985538 21.070673 -0.000002 0.000002 -0.000003 -8.076691 -0.486726 -3.806298 0.337425 -2.143854 17.712139 0.309063 -2.053776 17.113109 0.645637 -2.930879 24.841700 0.000001 0.000001 0.000002 4.570398 11.014677 -2.160816 0.655646 -3.265681 -10.537593 17.113731 13.027718 -72.922767 0.000006 -23.051982 0.000027 12.213551 -7.071815 -1.753211 2.466087 -1.576204 2.681697 -0.950728 19.455387 11.287022 6.539136 19.988810 0.391944 2.647872 -1.528749 1.528749 -5.080279 19.829289 -2.217850 1.998939 -1.154091 1.154086 -0.000001 -0.000003 0.000003 9.109296 -0.518016 2.259897 -0.161721 0.140797 -13.553385 0.282684 1.956457 -16.442678 0.467420 2.498210 -21.193906 -0.000002 0.000001 -0.000002 9.533386 0.000007 -0.000001 -0.048321 0.075837 -7.439375 0.322004 2.085016 -17.558123 0.485132 2.543367 -21.596565 0.000002 -0.000002 -0.000002 9.104481 -0.043000 -1.865100 -0.036453 0.690918 -13.894198 0.346457 2.160790 -18.218703 0.803367 3.232773 -27.906285 0.000000 -0.000005 -0.000000 8.077795 -0.486882 -3.806303 1.277846 5.566071 -15.192878 0.326258 -1.960510 -18.146428 0.303361 2.025203 -17.038296 -0.000001 -0.000002 -0.000002 -8.207802 -6.751709 -1.599540 -16.193515 -6.225293 -10.314820 29.703024 6.301932 -2.705605 -13.050326 3.333154 5.307058 -0.683676 -0.000012 0.000003 -0.000000 0.000000 0.000000 8.207798 -6.751710 -1.599544 -11.490423 3.023264 -10.601068 24.573419 8.797285 -1.210817 -12.628413 19.129229 8.378661 -0.885711 0.025962 -1.685207 0.000000 -0.000001 0.000000 
10.258722 100.704056 2.258049 -1.825858 -16.007727 3.386723 0.000001 10.181546 0.131522 -0.128376 -0.326300 -6.775543 -5.529808 -0.632641 -2.034454 -5.553425 -0.714685 -1.927840 0.000000 16.740372 -2.049021 8.208872 0.194778 3.541634 -0.000000 9.617861 1.684972 -4.302658 0.598319 1.658721 -0.000001 22.037384 7.501072 0.000001 0.000000 -0.000001 -4.570001 11.014890 -2.160840 0.434523 0.096475 8.025331 17.119990 -2.634284 78.077620 0.000004 29.456598 0.000002 14.294211 2.733131 -2.963193 -2.464796 -1.574009 2.681910 -2.428666 -8.369009 -14.693395 4.696977 -23.869305 -3.987099 -2.646261 -1.527799 1.527815 -1.203784 4.391786 2.073880 -1.994597 -1.151584 1.151574 -0.000001 0.000001 -0.000000 -9.108303 -0.517879 2.259799 0.969956 -3.672580 23.637432 0.147804 -1.428852 11.810539 0.404578 -2.341448 19.604069 0.000000 0.000001 0.000004 -9.532495 0.000012 -0.000001 -0.009430 -0.928516 15.749199 0.303637 -2.036120 16.961339 -1.796738 -5.111536 30.079364 0.000001 0.000000 0.000001 -9.103580 -0.043113 -1.865103 0.370427 -2.285621 22.690404 0.191466 -1.623652 13.449841 -10.580684 -6.966967 21.008282 -0.000001 0.000000 0.000001 -8.076685 -0.486730 -3.806300 0.338360 -2.146910 17.642831 0.306585 -2.045782 17.044334 0.642264 -2.923560 24.775437 -0.000003 -0.000001 0.000003 4.570406 11.014696 -2.160816 0.653473 -3.275621 -10.563211 17.208035 12.945056 -72.942575 0.000015 -23.053838 -0.000001 12.351896 -7.049713 -1.872237 2.466102 -1.576208 2.681698 -0.922507 19.525824 11.235900 6.554092 20.120853 0.380540 2.647880 -1.528751 1.528752 -5.001096 19.935963 -2.321259 1.998910 -1.154090 1.154076 -0.000000 0.000001 -0.000000 9.109289 -0.518011 2.259900 -0.161347 0.134060 -13.480079 0.279549 1.945790 -16.350549 0.461171 2.482014 -21.049700 0.000003 0.000001 -0.000001 9.533402 0.000008 -0.000001 -0.047305 0.075063 -7.360580 0.318872 2.075109 -17.471894 0.479871 2.530037 -21.477564 0.000005 -0.000001 -0.000002 9.104496 -0.043000 -1.865100 -0.039967 0.670371 -13.808478 0.344628 2.155114 -18.169210 0.799086 3.224704 -27.830407 -0.000005 -0.000000 0.000000 8.077801 -0.486900 -3.806302 1.274306 5.570687 -15.123641 0.322253 -1.972808 -18.039421 0.297381 2.005584 -16.868192 0.000005 0.000001 -0.000000 -8.207804 -6.751711 -1.599542 -16.108702 -6.215943 -10.263125 29.657204 6.321512 -2.710238 -13.049334 3.337335 5.310481 -0.685735 0.000002 -0.000003 0.000000 -0.000000 0.000000 8.207795 -6.751705 -1.599545 -11.436705 3.044968 -10.548595 24.593367 8.782461 -1.219236 -12.656240 19.114518 8.386424 -0.889628 0.026189 -1.692674 -0.000000 0.000001 0.000000 
10.264898 100.710823 2.288313 -1.853243 -16.029686 3.345039 0.000001 10.181531 0.131524 -0.184921 -0.324161 -6.764949 -5.514322 -0.653215 -2.018757 -5.537521 -0.732818 -1.913481 0.000000 16.740370 -2.049020 8.207358 0.199041 3.555973 0.000000 9.617856 1.684976 -4.364908 0.574917 1.666080 -0.000001 22.037354 7.501069 0.000000 0.000001 -0.000000 -4.569997 11.014866 -2.160842 0.437394 0.026557 8.034463 17.075562 -2.603802 78.026626 -0.000031 29.465354 0.000070 14.373344 2.691203 -2.964677 -2.464797 -1.574006 2.681912 -2.429878 -8.358643 -14.693728 4.684468 -23.840789 -3.990169 -2.646241 -1.527813 1.527811 -1.231287 4.447629 2.079165 -1.994601 -1.151572 1.151575 0.000002 -0.000005 -0.000005 -9.108304 -0.517886 2.259807 0.969154 -3.672527 23.593739 0.146861 -1.424285 11.772202 0.400102 -2.328851 19.494255 0.000001 0.000001 0.000005 -9.532497 0.000014 0.000001 -0.004352 -0.942898 15.690988 0.300394 -2.025545 16.870444 -1.831025 -5.106728 29.957374 -0.000001 -0.000000 0.000004 -9.103603 -0.043094 -1.865098 0.374276 -2.293398 22.617434 0.189786 -1.616638 13.390588 -10.590538 -6.948436 20.946042 -0.000000 -0.000001 0.000001 -8.076686 -0.486727 -3.806294 0.339308 -2.149953 17.573626 0.304135 -2.037794 16.975756 0.638891 -2.916262 24.709261 -0.000002 0.000001 -0.000001 4.570402 11.014668 -2.160816 0.651433 -3.285962 -10.568558 17.269529 12.876161 -72.968140 0.000017 -23.077585 -0.000016 12.414149 -7.067890 -2.020284 2.466103 -1.576211 2.681703 -0.894523 19.594990 11.185270 6.568886 20.250997 0.369122 2.647880 -1.528745 1.528749 -4.922132 20.040467 -2.424129 1.998917 -1.154083 1.154082 0.000002 0.000004 0.000003 9.109286 -0.518013 2.259904 -0.160961 0.127327 -13.407119 0.276426 1.935187 -16.258825 0.454976 2.465868 -20.906181 -0.000000 0.000001 0.000002 9.533388 0.000004 0.000001 -0.046288 0.074296 -7.282139 0.315791 2.065232 -17.386055 0.474629 2.516762 -21.359135 0.000003 -0.000002 0.000002 9.104495 -0.042999 -1.865098 -0.043396 0.649904 -13.723109 0.342745 2.149483 -18.119954 0.794872 3.216677 -27.754928 -0.000001 -0.000001 0.000001 8.077805 -0.486896 -3.806297 1.270764 5.575262 -15.054729 0.318272 -1.985044 -17.932920 0.291487 1.986054 -16.698906 -0.000003 -0.000004 -0.000002 -8.207799 -6.751722 -1.599541 -16.039480 -6.239853 -10.246836 29.605667 6.372018 -2.694825 -13.042190 3.342990 5.302841 -0.676616 -0.000002 -0.000002 -0.000000 -0.000001 -0.000000 8.207800 -6.751723 -1.599547 -11.388701 3.041720 -10.529463 24.587308 8.769007 -1.203152 -12.669203 19.118104 8.394290 -0.891561 0.026299 -1.696407 -0.000000 -0.000000 0.000000 
10.276091 100.717812 2.310464 -1.870269 -16.032261 3.323158 0.000001 10.181547 0.131525 -0.258487 -0.325184 -6.759640 -5.484834 -0.680229 -2.013243 -5.507666 -0.757336 -1.909539 0.000001 16.740360 -2.049021 8.165499 0.200244 3.559766 0.000003 9.617831 1.684978 -4.360280 0.611375 1.686753 -0.000001 22.037369 7.501077 0.000001 0.000002 -0.000001 -4.569997 11.014859 -2.160840 0.438600 -0.018154 8.032516 17.017049 -2.562568 77.966118 -0.000033 29.451793 0.000064 14.376811 2.647958 -2.960702 -2.464799 -1.573986 2.681911 -2.431132 -8.348329 -14.694073 4.672018 -23.812362 -3.993197 -2.646272 -1.527799 1.527822 -1.258721 4.503302 2.084479 -1.994593 -1.151585 1.151574 0.000003 -0.000001 -0.000002 -9.108296 -0.517889 2.259807 0.968351 -3.672483 23.550214 0.145892 -1.419727 11.734000 0.395664 -2.316287 19.384738 -0.000000 -0.000002 -0.000002 -9.532502 0.000001 -0.000001 0.000638 -0.957291 15.632968 0.297204 -2.014978 16.779799 -1.865219 -5.101800 29.835718 -0.000001 -0.000001 0.000001 -9.103581 -0.043106 -1.865099 0.378066 -2.301170 22.544668 0.188129 -1.609637 13.331471 -10.600340 -6.929922 20.883973 0.000001 0.000001 0.000000 -8.076689 -0.486708 -3.806298 0.340197 -2.153006 17.504643 0.301714 -2.029830 16.907339 0.635527 -2.908980 24.643276 0.000000 0.000002 0.000006 4.570399 11.014682 -2.160815 0.652103 -3.280227 -10.572448 17.284043 12.829087 -72.992831 0.000015 -23.096520 0.000007 12.453933 -7.115123 -1.980959 2.466078 -1.576206 2.681702 -0.866771 19.662808 11.135152 6.583452 20.379155 0.357634 2.647865 -1.528746 1.528753 -4.843496 20.142670 -2.526347 1.998921 -1.154094 1.154078 -0.000000 -0.000002 0.000001 9.109279 -0.518016 2.259899 -0.160592 0.120648 -13.334548 0.273350 1.924626 -16.167599 0.448854 2.449792 -20.763405 0.000001 -0.000003 -0.000005 9.533384 0.000011 0.000001 -0.045302 0.073529 -7.204094 0.312707 2.055402 -17.300663 0.469503 2.503540 -21.241325 -0.000001 -0.000002 -0.000002 9.104480 -0.042997 -1.865098 -0.046782 0.629526 -13.638244 0.340913 2.143859 -18.070918 0.790639 3.208667 -27.679799 -0.000002 -0.000002 -0.000001 8.077786 -0.486880 -3.806301 1.267214 5.579803 -14.986156 0.314350 -1.997233 -17.826917 0.285678 1.966592 -16.530472 -0.000001 0.000001 0.000001 -8.207802 -6.751695 -1.599540 -15.994964 -6.282983 -10.261420 29.561247 6.423269 -2.670408 -13.031932 3.350046 5.292049 -0.673435 -0.000003 0.000001 0.000000 -0.000000 -0.000000 8.207802 -6.751701 -1.599545 -11.349821 3.023717 -10.535994 24.561147 8.753650 -1.182988 -12.669047 19.128114 8.410451 -0.892167 0.026339 -1.697618 -0.000000 0.000000 0.000000 
10.284704 100.722641 2.328563 -1.874676 -16.043081 3.314949 -0.000001 10.181553 0.131523 -0.343977 -0.324488 -6.757752 -5.434855 -0.705482 -2.010841 -5.457295 -0.779775 -1.909487 0.000001 16.740374 -2.049022 8.099769 0.202039 3.561663 -0.000001 9.617854 1.684973 -4.367572 0.645569 1.699721 0.000003 22.037369 7.501071 0.000000 -0.000002 -0.000001 -4.569999 11.014884 -2.160837 0.441545 -0.062368 8.047698 16.920008 -2.531271 77.890412 -0.000013 29.404596 0.000057 14.416502 2.617767 -2.875694 -2.464787 -1.573992 2.681912 -2.432355 -8.338035 -14.694416 4.659595 -23.784013 -3.996199 -2.646257 -1.527796 1.527809 -1.286099 4.558792 2.089804 -1.994587 -1.151584 1.151580 -0.000001 -0.000005 0.000001 -9.108290 -0.517891 2.259801 0.967558 -3.672430 23.506798 0.144947 -1.415184 11.695884 0.391262 -2.303755 19.275595 0.000001 0.000000 0.000001 -9.532489 0.000014 -0.000001 0.005608 -0.971619 15.575155 0.294034 -2.004446 16.689468 -1.899355 -5.096772 29.714468 -0.000001 -0.000000 0.000003 -9.103607 -0.043105 -1.865103 0.381820 -2.308934 22.472162 0.186468 -1.602642 13.272542 -10.610081 -6.911476 20.822139 -0.000001 0.000000 0.000003 -8.076685 -0.486725 -3.806297 0.341075 -2.156054 17.435905 0.299305 -2.021881 16.839169 0.632210 -2.901703 24.577543 0.000000 -0.000001 0.000006 4.570401 11.014679 -2.160816 0.656691 -3.258372 -10.563830 17.220077 12.807074 -73.002346 0.000023 -23.089905 0.000033 12.452907 -7.109996 -2.018065 2.466084 -1.576209 2.681701 -0.839302 19.729232 11.085581 6.597812 20.505247 0.346148 2.647899 -1.528755 1.528752 -4.765324 20.242587 -2.627916 1.998921 -1.154091 1.154073 -0.000001 0.000000 0.000001 9.109286 -0.518009 2.259898 -0.160188 0.114010 -13.262382 0.270308 1.914115 -16.076870 0.442797 2.433784 -20.621381 0.000002 0.000001 -0.000003 9.533392 0.000012 -0.000001 -0.044317 0.072776 -7.126494 0.309656 2.045637 -17.215762 0.464399 2.490384 -21.124139 -0.000000 -0.000002 -0.000000 9.104486 -0.042996 -1.865102 -0.050076 0.609276 -13.553818 0.339089 2.138274 -18.022170 0.786479 3.200715 -27.605115 -0.000001 -0.000003 -0.000005 8.077782 -0.486885 -3.806304 1.263656 5.584319 -14.917978 0.310468 -2.009361 -17.721544 0.279955 1.947244 -16.362970 0.000000 -0.000000 -0.000001 -8.207804 -6.751714 -1.599541 -15.976089 -6.321970 -10.281695 29.532403 6.466430 -2.650184 -13.023977 3.356005 5.280995 -0.673424 -0.000000 0.000001 -0.000000 -0.000000 -0.000000 8.207800 -6.751705 -1.599545 -11.325842 3.017577 -10.540600 24.540719 8.739230 -1.178796 -12.670599 19.130525 8.433752 -0.893000 0.026397 -1.699233 0.000000 -0.000000 0.000000 
10.290054 100.726051 2.339812 -1.880104 -16.064152 3.305694 -0.000001 10.181551 0.131523 -0.436392 -0.321035 -6.757840 -5.362796 -0.727956 -2.010294 -5.384829 -0.799087 -1.912111 0.000004 16.740379 -2.049022 8.032297 0.207736 3.564865 -0.000000 9.617856 1.684979 -4.455717 0.667510 1.708783 -0.000000 22.037384 7.501080 -0.000002 -0.000001 -0.000000 -4.569999 11.014893 -2.160836 0.443087 -0.087997 8.079784 16.788779 -2.491035 77.803122 -0.000007 29.330950 0.000004 14.469677 2.597723 -2.827740 -2.464789 -1.573981 2.681914 -2.433586 -8.327774 -14.694740 4.647226 -23.755782 -3.999199 -2.646260 -1.527805 1.527821 -1.313383 4.614065 2.095155 -1.994603 -1.151576 1.151578 0.000000 -0.000002 0.000005 -9.108304 -0.517883 2.259803 0.966726 -3.672391 23.463590 0.144023 -1.410655 11.657921 0.386910 -2.291265 19.166848 -0.000000 0.000001 0.000000 -9.532506 0.000003 -0.000002 0.010502 -0.985911 15.517546 0.290902 -1.993954 16.599419 -1.933374 -5.091639 29.593693 0.000000 0.000000 0.000003 -9.103624 -0.043103 -1.865102 0.385517 -2.316679 22.399884 0.184834 -1.595689 13.213875 -10.619772 -6.893082 20.760519 -0.000000 0.000001 -0.000003 -8.076694 -0.486729 -3.806297 0.341936 -2.159094 17.367376 0.296918 -2.013974 16.771232 0.628890 -2.894461 24.512036 -0.000001 0.000000 0.000002 4.570401 11.014706 -2.160812 0.660153 -3.243098 -10.568020 17.086939 12.794691 -72.975210 0.000005 -23.049870 0.000005 12.477496 -7.116949 -2.039123 2.466081 -1.576216 2.681695 -0.812155 19.794230 11.036585 6.611916 20.629174 0.334705 2.647875 -1.528739 1.528752 -4.687643 20.340071 -2.728811 1.998924 -1.154082 1.154079 -0.000001 0.000000 0.000003 9.109292 -0.518014 2.259895 -0.159818 0.107404 -13.190612 0.267305 1.903677 -15.986686 0.436818 2.417863 -20.480237 0.000002 -0.000003 -0.000005 9.533399 0.000012 -0.000004 -0.043362 0.072018 -7.049336 0.306660 2.035924 -17.131320 0.459340 2.477274 -21.007671 0.000004 -0.000000 -0.000001 9.104487 -0.042999 -1.865104 -0.053329 0.589115 -13.469857 0.337309 2.132713 -17.973694 0.782326 3.192790 -27.530848 -0.000003 -0.000005 -0.000004 8.077790 -0.486902 -3.806307 1.260120 5.588801 -14.850192 0.306618 -2.021436 -17.616769 0.274329 1.927953 -16.196433 0.000003 -0.000001 0.000003 -8.207803 -6.751701 -1.599541 -15.961860 -6.343174 -10.287947 29.511994 6.493540 -2.639524 -13.015918 3.361602 5.274091 -0.675305 0.000006 -0.000003 0.000000 0.000002 0.000000 8.207800 -6.751692 -1.599544 -11.307083 3.014296 -10.538136 24.526922 8.728083 -1.178916 -12.674949 19.136134 8.448961 -0.892252 0.026349 -1.697883 0.000000 0.000001 0.000000 
10.293232 100.728462 2.344048 -1.893595 -16.074493 3.294606 0.000001 10.181540 0.131522 -0.537760 -0.317038 -6.758861 -5.263048 -0.753804 -2.011015 -5.284625 -0.821377 -1.916528 -0.000001 16.740408 -2.049025 7.961229 0.217149 3.566989 0.000000 9.617819 1.684978 -4.578548 0.692054 1.699383 0.000003 22.037354 7.501075 -0.000001 -0.000001 -0.000000 -4.569999 11.014888 -2.160842 0.441760 -0.078863 8.109649 16.617065 -2.433209 77.709685 -0.000015 29.224621 0.000038 14.489961 2.602815 -2.800340 -2.464786 -1.573992 2.681909 -2.434802 -8.317566 -14.695077 4.634888 -23.727669 -4.002221 -2.646268 -1.527798 1.527820 -1.340575 4.669101 2.100472 -1.994599 -1.151583 1.151580 -0.000000 -0.000001 0.000003 -9.108295 -0.517868 2.259801 0.965924 -3.672352 23.420541 0.143089 -1.406146 11.620102 0.382599 -2.278818 19.058557 -0.000002 -0.000002 0.000001 -9.532484 0.000018 -0.000003 0.015362 -1.000153 15.460138 0.287786 -1.983484 16.509809 -1.967243 -5.086400 29.473359 0.000002 0.000002 0.000007 -9.103616 -0.043111 -1.865106 0.389188 -2.324418 22.327941 0.183207 -1.588753 13.155372 -10.629385 -6.874744 20.699189 0.000000 0.000000 0.000001 -8.076682 -0.486723 -3.806302 0.342788 -2.162124 17.299170 0.294523 -2.006093 16.703591 0.625609 -2.887241 24.446827 -0.000000 0.000001 0.000003 4.570402 11.014713 -2.160820 0.658937 -3.252042 -10.600032 16.882233 12.769401 -72.879648 0.000001 -22.986682 0.000006 12.494769 -7.123804 -2.061615 2.466078 -1.576209 2.681703 -0.785343 19.857749 10.988187 6.625797 20.750875 0.323247 2.647893 -1.528744 1.528749 -4.610463 20.435055 -2.828875 1.998917 -1.154093 1.154072 0.000000 0.000000 0.000003 9.109284 -0.518013 2.259899 -0.159451 0.100853 -13.119300 0.264352 1.893282 -15.897077 0.430925 2.402021 -20.339940 0.000002 -0.000003 -0.000002 9.533395 0.000009 -0.000001 -0.042400 0.071276 -6.972666 0.303679 2.026259 -17.047444 0.454364 2.464263 -20.891916 -0.000000 -0.000003 -0.000004 9.104479 -0.043000 -1.865100 -0.056515 0.569086 -13.386463 0.335512 2.127203 -17.925543 0.778228 3.184914 -27.457065 0.000002 -0.000000 -0.000001 8.077785 -0.486883 -3.806297 1.256575 5.593255 -14.782840 0.302804 -2.033424 -17.512653 0.268795 1.908802 -16.030987 -0.000001 -0.000002 0.000000 -8.207801 -6.751717 -1.599540 -15.942457 -6.356576 -10.285666 29.498088 6.497547 -2.636924 -13.009593 3.365942 5.273443 -0.688706 0.000015 0.000002 -0.000000 -0.000000 0.000000 8.207799 -6.751715 -1.599542 -11.287349 3.012241 -10.532135 24.520256 8.717671 -1.180360 -12.677198 19.138007 8.456312 -0.891995 0.026348 -1.697482 0.000000 0.000001 0.000000 
10.296523 100.729134 2.342864 -1.910571 -16.079100 3.286822 -0.000001 10.181559 0.131522 -0.649050 -0.313393 -6.760977 -5.140198 -0.781961 -2.011692 -5.161278 -0.845559 -1.921432 -0.000001 16.740377 -2.049024 7.884630 0.231800 3.565922 0.000002 9.617861 1.684973 -4.706248 0.747737 1.669628 0.000002 22.037384 7.501075 -0.000000 -0.000000 -0.000001 -4.570004 11.014887 -2.160846 0.444530 -0.046537 8.157044 16.409717 -2.349051 77.585321 -0.000014 29.115727 0.000033 14.525712 2.618778 -2.771744 -2.464783 -1.573998 2.681906 -2.436035 -8.307406 -14.695386 4.622628 -23.699691 -4.005150 -2.646267 -1.527811 1.527820 -1.367641 4.723878 2.105836 -1.994597 -1.151581 1.151579 -0.000002 -0.000000 0.000003 -9.108283 -0.517864 2.259801 0.965101 -3.672322 23.377656 0.142170 -1.401657 11.582451 0.378318 -2.266421 18.950795 -0.000000 0.000001 0.000003 -9.532479 0.000003 -0.000003 0.020133 -1.014354 15.403036 0.284709 -1.973079 16.420577 -2.000990 -5.081091 29.353694 -0.000001 -0.000000 0.000005 -9.103586 -0.043108 -1.865102 0.392782 -2.332120 22.256327 0.181603 -1.581863 13.097251 -10.638967 -6.856491 20.638122 0.000000 0.000001 -0.000001 -8.076677 -0.486727 -3.806301 0.343593 -2.165154 17.231270 0.292180 -1.998232 16.636273 0.622353 -2.880055 24.381863 -0.000001 -0.000001 -0.000002 4.570398 11.014693 -2.160820 0.655205 -3.287463 -10.637678 16.626227 12.717930 -72.738113 -0.000013 -22.911936 0.000000 12.485580 -7.145647 -2.085282 2.466098 -1.576209 2.681696 -0.758862 19.919745 10.940445 6.639350 20.870294 0.311825 2.647900 -1.528738 1.528753 -4.533894 20.527500 -2.928118 1.998921 -1.154093 1.154079 0.000001 -0.000001 0.000001 9.109293 -0.518014 2.259898 -0.159032 0.094345 -13.048431 0.261403 1.882955 -15.808027 0.425112 2.386284 -20.200631 0.000001 0.000000 -0.000000 9.533407 0.000006 -0.000003 -0.041482 0.070548 -6.896527 0.300752 2.016647 -16.964105 0.449426 2.451313 -20.776956 -0.000002 0.000002 -0.000000 9.104501 -0.042997 -1.865104 -0.059627 0.549183 -13.303629 0.333737 2.121720 -17.877685 0.774152 3.177084 -27.383781 0.000002 -0.000000 -0.000001 8.077803 -0.486898 -3.806302 1.253034 5.597674 -14.715906 0.299070 -2.045343 -17.409256 0.263344 1.889742 -15.866639 0.000003 -0.000003 0.000001 -8.207803 -6.751717 -1.599541 -15.926859 -6.363466 -10.284176 29.495076 6.482166 -2.637057 -13.005993 3.369420 5.276780 -0.723100 0.000004 -0.000002 -0.000000 -0.000001 -0.000000 8.207802 -6.751698 -1.599545 -11.271598 3.010751 -10.529255 24.522374 8.704110 -1.181108 -12.676427 19.137217 8.456995 -0.892750 0.026388 -1.699034 -0.000000 0.000001 0.000000 
10.295836 100.728096 2.334226 -1.943576 -16.068981 3.286226 0.000001 10.181543 0.131523 -0.765085 -0.307545 -6.764474 -4.992508 -0.813478 -2.011224 -5.013034 -0.872664 -1.925665 0.000001 16.740368 -2.049025 7.813679 0.250702 3.556530 0.000001 9.617830 1.684978 -4.839919 0.826772 1.639262 0.000001 22.037354 7.501075 -0.000001 0.000001 -0.000000 -4.569998 11.014871 -2.160842 0.450827 0.014439 8.239907 16.178160 -2.240207 77.411629 -0.000005 29.021569 0.000026 14.543049 2.648899 -2.747103 -2.464797 -1.574004 2.681911 -2.437231 -8.297290 -14.695712 4.610439 -23.671846 -4.008085 -2.646270 -1.527811 1.527818 -1.394607 4.778359 2.111203 -1.994586 -1.151578 1.151581 0.000002 -0.000002 0.000001 -9.108294 -0.517887 2.259802 0.964304 -3.672274 23.335053 0.141253 -1.397175 11.545012 0.374085 -2.254077 18.843553 0.000001 0.000000 0.000006 -9.532492 -0.000002 0.000001 0.024868 -1.028473 15.346247 0.281671 -1.962703 16.331787 -2.034575 -5.075688 29.234623 0.000000 -0.000000 0.000003 -9.103588 -0.043107 -1.865101 0.396372 -2.339787 22.185088 0.180000 -1.574998 13.039340 -10.648457 -6.838306 20.577405 -0.000000 0.000001 -0.000002 -8.076692 -0.486730 -3.806300 0.344409 -2.168147 17.163722 0.289852 -1.990425 16.569265 0.619099 -2.872900 24.317270 -0.000001 -0.000001 0.000001 4.570406 11.014691 -2.160820 0.655703 -3.339440 -10.673983 16.325639 12.627175 -72.574831 -0.000016 -22.824778 -0.000013 12.508107 -7.160501 -2.107018 2.466085 -1.576220 2.681699 -0.732797 19.980147 10.893417 6.652641 20.987267 0.300422 2.647885 -1.528751 1.528746 -4.458036 20.617315 -3.026439 1.998909 -1.154089 1.154068 -0.000002 -0.000001 -0.000000 9.109283 -0.518014 2.259898 -0.158650 0.087867 -12.978127 0.258511 1.872699 -15.719641 0.419359 2.370630 -20.062303 -0.000003 -0.000004 -0.000006 9.533401 -0.000003 -0.000001 -0.040578 0.069819 -6.820913 0.297846 2.007103 -16.881369 0.444563 2.438467 -20.662820 0.000005 -0.000002 -0.000004 9.104486 -0.042995 -1.865103 -0.062696 0.529408 -13.221373 0.331988 2.116266 -17.830217 0.770129 3.169301 -27.311012 -0.000001 0.000001 0.000000 8.077803 -0.486899 -3.806300 1.249486 5.602046 -14.649485 0.295360 -2.057191 -17.306566 0.258003 1.870827 -15.703493 0.000001 -0.000001 -0.000002 -8.207800 -6.751712 -1.599542 -15.905624 -6.367644 -10.292327 29.509040 6.447961 -2.636642 -13.009669 3.373115 5.280143 -0.746647 0.000005 0.000003 -0.000000 -0.000000 -0.000000 8.207799 -6.751697 -1.599543 -11.244614 3.008861 -10.536825 24.527131 8.692777 -1.179009 -12.673235 19.132243 8.453972 -0.893221 0.026423 -1.700018 -0.000000 0.000001 0.000000 
10.293052 100.725929 2.319573 -1.965133 -16.035643 3.297169 0.000001 10.181536 0.131525 -0.891751 -0.298585 -6.769408 -4.833805 -0.847360 -2.008380 -4.853696 -0.901660 -1.927945 -0.000003 16.740387 -2.049025 7.750883 0.269582 3.545110 0.000000 9.617832 1.684974 -4.960430 0.888596 1.618164 -0.000003 22.037369 7.501077 -0.000001 0.000000 0.000000 -4.570003 11.014909 -2.160845 0.458070 0.117358 8.345011 15.937488 -2.094652 77.166890 -0.000003 28.929041 0.000041 14.509263 2.652596 -2.700732 -2.464793 -1.573995 2.681911 -2.438454 -8.287243 -14.696018 4.598273 -23.644184 -4.011040 -2.646254 -1.527808 1.527816 -1.421418 4.832531 2.116566 -1.994593 -1.151587 1.151580 0.000000 -0.000001 -0.000002 -9.108313 -0.517881 2.259803 0.963474 -3.672247 23.292644 0.140350 -1.392741 11.507815 0.369900 -2.241794 18.736937 -0.000000 0.000001 0.000004 -9.532510 0.000011 0.000000 0.029523 -1.042542 15.289730 0.278639 -1.952391 16.243570 -2.067985 -5.070175 29.116205 0.000001 0.000000 0.000005 -9.103592 -0.043104 -1.865099 0.399858 -2.347449 22.114226 0.178441 -1.568163 12.981774 -10.657892 -6.820219 20.517012 -0.000000 0.000000 0.000002 -8.076706 -0.486726 -3.806299 0.345172 -2.171160 17.096578 0.287548 -1.982655 16.502669 0.615877 -2.865778 24.253030 0.000002 0.000002 0.000004 4.570400 11.014666 -2.160818 0.655736 -3.424244 -10.749853 16.010401 12.514268 -72.361626 -0.000002 -22.779019 -0.000002 12.487648 -7.158667 -2.128351 2.466098 -1.576222 2.681695 -0.707157 20.038914 10.847079 6.665606 21.101786 0.289126 2.647869 -1.528738 1.528746 -4.382865 20.704431 -3.123821 1.998921 -1.154093 1.154077 0.000002 0.000001 0.000001 9.109289 -0.518017 2.259895 -0.158258 0.081442 -12.908363 0.255656 1.862521 -15.631931 0.413713 2.355098 -19.925045 -0.000001 -0.000003 -0.000004 9.533399 0.000010 -0.000005 -0.039657 0.069104 -6.745882 0.294967 1.997635 -16.799267 0.439749 2.425686 -20.549553 0.000000 0.000002 0.000001 9.104488 -0.042997 -1.865106 -0.065658 0.509776 -13.139750 0.330218 2.110850 -17.783063 0.766151 3.161593 -27.238805 0.000000 -0.000002 -0.000003 8.077797 -0.486878 -3.806304 1.245958 5.606364 -14.583547 0.291711 -2.068948 -17.204680 0.252732 1.852030 -15.541549 0.000002 -0.000002 0.000003 -8.207798 -6.751707 -1.599545 -15.901831 -6.374949 -10.310415 29.532065 6.406779 -2.634650 -13.016829 3.377630 5.283058 -0.756463 -0.000014 0.000002 -0.000000 0.000002 0.000000 8.207804 -6.751703 -1.599543 -11.226706 3.000719 -10.551658 24.520736 8.683179 -1.176261 -12.668978 19.115311 8.443485 -0.888430 0.026134 -1.691034 -0.000000 -0.000000 0.000000 
10.291519 100.721870 2.302336 -1.975433 -15.998357 3.306080 -0.000001 10.181544 0.131522 -1.028359 -0.287637 -6.775273 -4.668228 -0.874441 -2.000824 -4.687391 -0.923396 -1.926221 0.000000 16.740362 -2.049025 7.697938 0.292102 3.529381 0.000001 9.617848 1.684983 -5.080175 0.963626 1.593545 0.000001 22.037384 7.501071 -0.000000 0.000001 -0.000001 -4.570000 11.014868 -2.160842 0.462459 0.310822 8.446343 15.669627 -1.909138 76.877099 -0.000027 28.804004 0.000056 14.488918 2.616176 -2.577428 -2.464777 -1.573978 2.681912 -2.439636 -8.277265 -14.696361 4.586225 -23.616670 -4.013913 -2.646252 -1.527803 1.527815 -1.448103 4.886368 2.121921 -1.994599 -1.151583 1.151576 0.000004 -0.000007 0.000003 -9.108300 -0.517884 2.259804 0.962681 -3.672214 23.250529 0.139438 -1.388324 11.470792 0.365790 -2.229581 18.630970 0.000001 0.000001 0.000001 -9.532489 0.000016 0.000003 0.034135 -1.056531 15.233574 0.275671 -1.942142 16.155856 -2.101212 -5.064600 28.998565 -0.000000 -0.000000 0.000002 -9.103584 -0.043105 -1.865099 0.403344 -2.355062 22.043805 0.176873 -1.561376 12.924582 -10.667259 -6.802226 20.456956 -0.000000 0.000001 0.000001 -8.076673 -0.486725 -3.806297 0.345930 -2.174161 17.029798 0.285259 -1.974921 16.436459 0.612706 -2.858718 24.189200 0.000002 0.000000 0.000002 4.570397 11.014688 -2.160815 0.654513 -3.579305 -10.858986 15.650011 12.380276 -72.109975 0.000014 -22.690445 -0.000011 12.495443 -7.182137 -2.228034 2.466088 -1.576218 2.681698 -0.681988 20.096032 10.801501 6.678273 21.213726 0.277838 2.647887 -1.528732 1.528750 -4.308547 20.788767 -3.220181 1.998925 -1.154089 1.154078 -0.000002 0.000001 -0.000000 9.109291 -0.518010 2.259897 -0.157862 0.075077 -12.839104 0.252834 1.852405 -15.544930 0.408128 2.339665 -19.788866 -0.000000 -0.000002 -0.000001 9.533399 0.000007 -0.000004 -0.038773 0.068399 -6.671430 0.292143 1.988231 -16.717848 0.435013 2.412998 -20.437173 0.000000 -0.000001 -0.000002 9.104510 -0.042999 -1.865104 -0.068571 0.490308 -13.058775 0.328508 2.105481 -17.736321 0.762190 3.153921 -27.167188 0.000002 -0.000004 0.000000 8.077805 -0.486898 -3.806304 1.242451 5.610669 -14.518129 0.288122 -2.080612 -17.103583 0.247555 1.833350 -15.380932 0.000002 -0.000002 -0.000001 -8.207802 -6.751699 -1.599542 -15.911897 -6.383225 -10.323967 29.558313 6.371305 -2.633548 -13.024006 3.383578 5.285757 -0.757057 0.000003 -0.000002 -0.000000 0.000001 0.000000 8.207801 -6.751690 -1.599545 -11.230349 2.992117 -10.562876 24.528437 8.675181 -1.170614 -12.665099 19.100629 8.428736 -0.885232 0.025967 -1.685115 -0.000000 -0.000000 0.000000 
10.295923 100.718071 2.282563 -2.001133 -15.970154 3.304529 0.000001 10.181563 0.131523 -1.166419 -0.274411 -6.781834 -4.475342 -0.892843 -1.981911 -4.493662 -0.935843 -1.913912 0.000003 16.740396 -2.049016 7.636654 0.314495 3.506976 0.000001 9.617823 1.684978 -5.243585 1.042124 1.537640 -0.000000 22.037384 7.501072 -0.000000 0.000000 -0.000001 -4.569995 11.014884 -2.160841 0.460755 0.504939 8.484716 15.350625 -1.642899 76.579637 -0.000006 28.666164 0.000041 14.544816 2.570292 -2.505513 -2.464784 -1.573988 2.681908 -2.440828 -8.267328 -14.696653 4.574254 -23.589346 -4.016771 -2.646264 -1.527817 1.527818 -1.474605 4.939840 2.127272 -1.994613 -1.151583 1.151580 -0.000000 -0.000002 0.000003 -9.108296 -0.517885 2.259801 0.961882 -3.672164 23.208679 0.138550 -1.383934 11.434025 0.361693 -2.217444 18.525695 -0.000002 0.000000 0.000001 -9.532480 0.000017 -0.000002 0.038687 -1.070420 15.177818 0.272723 -1.931949 16.068674 -2.134218 -5.058952 28.881708 -0.000002 0.000001 0.000003 -9.103575 -0.043104 -1.865100 0.406770 -2.362635 21.973863 0.175320 -1.554632 12.867771 -10.676534 -6.784359 20.397376 -0.000001 0.000000 -0.000002 -8.076683 -0.486728 -3.806300 0.346697 -2.177113 16.963465 0.282983 -1.967251 16.370703 0.609539 -2.851679 24.125791 0.000002 0.000002 0.000002 4.570409 11.014683 -2.160814 0.653747 -3.770575 -11.032121 15.173960 12.126773 -71.748371 -0.000026 -22.497209 -0.000020 12.688578 -7.213269 -2.507951 2.466091 -1.576196 2.681704 -0.657257 20.151414 10.756722 6.690571 21.323031 0.266606 2.647889 -1.528771 1.528747 -4.235131 20.870251 -3.315434 1.998909 -1.154074 1.154066 0.000002 -0.000002 -0.000000 9.109281 -0.518012 2.259903 -0.157455 0.068770 -12.770468 0.250065 1.842394 -15.458666 0.402629 2.324350 -19.653876 -0.000002 -0.000004 -0.000002 9.533385 0.000003 0.000003 -0.037925 0.067694 -6.597654 0.289357 1.978912 -16.637117 0.430329 2.400419 -20.325777 -0.000005 0.000000 0.000000 9.104486 -0.043002 -1.865097 -0.071433 0.470986 -12.978501 0.326815 2.100166 -17.689977 0.758299 3.146322 -27.096149 0.000002 0.000001 0.000000 8.077798 -0.486901 -3.806299 1.238960 5.614932 -14.453276 0.284551 -2.092202 -17.003389 0.242501 1.814836 -15.221672 0.000000 -0.000002 -0.000000 -8.207800 -6.751693 -1.599542 -15.907529 -6.393921 -10.333451 29.580149 6.354910 -2.635488 -13.026889 3.388240 5.289078 -0.755797 -0.000001 0.000003 -0.000000 0.000000 0.000000 8.207799 -6.751686 -1.599542 -11.230387 2.979704 -10.578999 24.547001 8.669177 -1.155164 -12.656718 19.117594 8.417418 -0.886470 0.026034 -1.687602 -0.000000 0.000000 0.000000 
10.303729 100.714020 2.255481 -2.036619 -15.945229 3.309317 0.000002 10.181560 0.131523 -1.300718 -0.257362 -6.789658 -4.249300 -0.905499 -1.963418 -4.266800 -0.942422 -1.902421 0.000001 16.740395 -2.049028 7.550661 0.342335 3.484017 0.000000 9.617832 1.684979 -5.460141 1.135971 1.499289 0.000002 22.037384 7.501077 -0.000001 -0.000002 -0.000000 -4.570000 11.014880 -2.160851 0.468583 0.684023 8.626496 14.930054 -1.373828 76.153624 -0.000012 28.494275 0.000015 14.655552 2.535462 -2.350849 -2.464789 -1.573995 2.681913 -2.442018 -8.257478 -14.696965 4.562355 -23.562191 -4.019623 -2.646265 -1.527801 1.527818 -1.500953 4.992914 2.132614 -1.994593 -1.151585 1.151572 -0.000001 -0.000001 -0.000002 -9.108303 -0.517890 2.259801 0.961081 -3.672132 23.167107 0.137674 -1.379582 11.397565 0.357649 -2.205373 18.421184 0.000001 0.000001 0.000001 -9.532495 0.000018 -0.000002 0.043169 -1.084237 15.122423 0.269820 -1.921825 15.982151 -2.167017 -5.053233 28.765656 0.000000 0.000002 0.000004 -9.103595 -0.043102 -1.865100 0.410128 -2.370163 21.904412 0.173801 -1.547926 12.811320 -10.685718 -6.766586 20.338184 0.000001 0.000001 0.000003 -8.076693 -0.486728 -3.806299 0.347409 -2.180070 16.897630 0.280755 -1.959619 16.305417 0.606401 -2.844682 24.062813 -0.000001 0.000001 0.000003 4.570407 11.014703 -2.160824 0.651567 -3.975324 -11.194050 14.640540 11.801281 -71.367772 -0.000012 -22.309151 0.000002 12.894633 -7.239097 -2.785260 2.466092 -1.576199 2.681696 -0.633108 20.205045 10.712754 6.702490 21.429568 0.255493 2.647890 -1.528746 1.528755 -4.162635 20.948813 -3.409577 1.998917 -1.154080 1.154081 0.000001 0.000003 -0.000000 9.109285 -0.518014 2.259897 -0.157069 0.062533 -12.702432 0.247332 1.832461 -15.373175 0.397222 2.309165 -19.520083 0.000001 0.000001 -0.000002 9.533400 -0.000001 -0.000003 -0.037096 0.067009 -6.524499 0.286593 1.969671 -16.557094 0.425711 2.387953 -20.215388 -0.000001 -0.000001 -0.000002 9.104495 -0.042995 -1.865104 -0.074240 0.451820 -12.898970 0.325136 2.094877 -17.644062 0.754426 3.138786 -27.025768 -0.000002 -0.000001 -0.000000 8.077799 -0.486896 -3.806304 1.235440 5.619135 -14.389011 0.281054 -2.103665 -16.904061 0.237513 1.796479 -15.063856 -0.000001 -0.000001 -0.000002 -8.207801 -6.751700 -1.599543 -15.904570 -6.407482 -10.354767 29.609249 6.351903 -2.639238 -13.028337 3.392497 5.291203 -0.754464 -0.000007 0.000004 -0.000000 0.000000 0.000000 8.207799 -6.751689 -1.599544 -11.220496 2.959192 -10.608742 24.555882 8.660489 -1.134344 -12.644327 19.123015 8.410003 -0.884476 0.025930 -1.683962 0.000000 -0.000000 0.000000 
10.313435 100.709846 2.222506 -2.095184 -15.917443 3.308678 -0.000001 10.181552 0.131523 -1.427201 -0.239794 -6.797278 -3.983270 -0.921729 -1.951016 -3.999987 -0.952559 -1.897003 -0.000002 16.740364 -2.049013 7.447649 0.377191 3.472551 0.000001 9.617863 1.684971 -5.753116 1.267211 1.459422 0.000001 22.037384 7.501076 0.000001 0.000001 0.000000 -4.570002 11.014888 -2.160833 0.482225 0.876514 8.843916 14.449578 -1.071083 75.630698 -0.000040 28.349002 0.000043 14.763700 2.509134 -2.195204 -2.464800 -1.574002 2.681909 -2.443192 -8.247691 -14.697285 4.550565 -23.535290 -4.022420 -2.646273 -1.527813 1.527811 -1.527117 5.045591 2.137950 -1.994590 -1.151577 1.151572 -0.000004 0.000000 0.000003 -9.108298 -0.517883 2.259799 0.960278 -3.672092 23.125892 0.136819 -1.375258 11.361345 0.353658 -2.193396 18.317457 -0.000001 0.000002 0.000002 -9.532497 0.000018 -0.000002 0.047572 -1.097947 15.067471 0.266952 -1.911771 15.896297 -2.199570 -5.047434 28.650523 -0.000000 0.000002 0.000002 -9.103604 -0.043103 -1.865104 0.413440 -2.377640 21.835486 0.172284 -1.541283 12.755321 -10.694808 -6.748938 20.279470 -0.000000 0.000002 0.000002 -8.076694 -0.486730 -3.806302 0.348091 -2.183011 16.832276 0.278575 -1.952049 16.240593 0.603295 -2.837743 24.000332 0.000001 0.000002 0.000004 4.570398 11.014675 -2.160810 0.649677 -4.087340 -11.263294 14.075422 11.319915 -70.994106 0.000010 -22.197613 0.000004 13.026241 -7.231551 -3.009119 2.466103 -1.576210 2.681698 -0.609501 20.256840 10.669661 6.714066 21.533327 0.244514 2.647892 -1.528739 1.528745 -4.091198 21.024379 -3.502546 1.998909 -1.154081 1.154076 0.000001 -0.000001 -0.000000 9.109306 -0.518014 2.259899 -0.156667 0.056343 -12.635075 0.244615 1.822600 -15.288465 0.391923 2.294115 -19.387571 -0.000004 -0.000001 0.000001 9.533409 0.000012 0.000000 -0.036272 0.066325 -6.452044 0.283877 1.960506 -16.477833 0.421180 2.375578 -20.106024 -0.000000 -0.000002 -0.000005 9.104506 -0.042993 -1.865102 -0.076978 0.432856 -12.820163 0.323481 2.089661 -17.598539 0.750627 3.131304 -26.956055 0.000003 -0.000000 -0.000001 8.077813 -0.486901 -3.806303 1.231957 5.623306 -14.325330 0.277598 -2.115045 -16.805732 0.232647 1.778260 -14.907538 -0.000003 -0.000000 -0.000000 -8.207801 -6.751712 -1.599544 -15.883386 -6.424828 -10.377824 29.641068 6.345047 -2.643504 -13.028702 3.395751 5.293907 -0.750686 -0.000019 -0.000001 0.000000 -0.000000 -0.000000 8.207796 -6.751708 -1.599546 -11.190677 2.948429 -10.632168 24.569980 8.649742 -1.122453 -12.631061 19.114783 8.403268 -0.883897 0.025900 -1.682985 -0.000000 -0.000000 0.000000 
10.326419 100.704475 2.187716 -2.164511 -15.892887 3.315752 -0.000001 10.181541 0.131523 -1.552403 -0.224620 -6.804963 -3.691751 -0.943979 -1.943398 -3.707719 -0.968649 -1.896239 0.000001 16.740372 -2.049023 7.351620 0.408798 3.461174 0.000002 9.617850 1.684975 -6.041378 1.388613 1.396343 0.000000 22.037369 7.501068 0.000000 -0.000001 -0.000000 -4.570002 11.014883 -2.160841 0.499218 1.077769 9.111700 13.928451 -0.766110 75.062713 -0.000027 28.237926 0.000049 15.043039 2.489861 -2.057597 -2.464796 -1.573986 2.681911 -2.444346 -8.237997 -14.697601 4.538833 -23.508582 -4.025223 -2.646267 -1.527811 1.527813 -1.553056 5.097830 2.143260 -1.994594 -1.151580 1.151582 -0.000000 -0.000003 0.000001 -9.108285 -0.517870 2.259807 0.959477 -3.672077 23.084976 0.135963 -1.370969 11.325407 0.349740 -2.181505 18.214607 0.000001 0.000001 0.000002 -9.532489 0.000011 0.000002 0.051934 -1.111564 15.012968 0.264118 -1.901802 15.811131 -2.231878 -5.041573 28.536331 0.000000 0.000002 0.000004 -9.103590 -0.043102 -1.865101 0.416713 -2.385077 21.767114 0.170791 -1.534685 12.699806 -10.703825 -6.731421 20.221214 -0.000000 0.000001 -0.000003 -8.076681 -0.486726 -3.806295 0.348803 -2.185925 16.767452 0.276360 -1.944527 16.176345 0.600248 -2.830866 23.938351 0.000000 0.000001 0.000003 4.570402 11.014673 -2.160816 0.648146 -4.112128 -11.276489 13.478339 10.767116 -70.627066 -0.000005 -22.127024 0.000001 13.114999 -7.272812 -3.120825 2.466102 -1.576207 2.681695 -0.586440 20.306789 10.627471 6.725216 21.634160 0.233587 2.647880 -1.528740 1.528754 -4.020846 21.096906 -3.594237 1.998928 -1.154091 1.154065 0.000000 -0.000003 0.000002 9.109298 -0.518016 2.259895 -0.156263 0.050199 -12.568363 0.241961 1.812862 -15.204626 0.386661 2.279191 -19.256357 -0.000001 -0.000001 -0.000002 9.533408 -0.000001 -0.000005 -0.035444 0.065646 -6.380339 0.281173 1.951444 -16.399334 0.416714 2.363338 -19.997781 -0.000000 0.000002 0.000000 9.104506 -0.042993 -1.865107 -0.079623 0.414046 -12.742161 0.321826 2.084481 -17.553467 0.746868 3.123906 -26.887017 0.000002 -0.000003 0.000000 8.077806 -0.486885 -3.806304 1.228521 5.627413 -14.262316 0.274192 -2.126323 -16.708285 0.227870 1.760238 -14.752758 0.000005 0.000004 0.000002 -8.207801 -6.751714 -1.599541 -15.862508 -6.445685 -10.415555 29.684969 6.337546 -2.649058 -13.032742 3.400396 5.298313 -0.745504 0.000003 0.000001 -0.000000 0.000001 0.000000 8.207799 -6.751719 -1.599544 -11.150901 2.932204 -10.672985 24.579809 8.639902 -1.106407 -12.615621 19.119680 8.398950 -0.883156 0.025856 -1.681735 -0.000000 0.000000 0.000000 
10.339144 100.698021 2.146396 -2.215935 -15.875687 3.316545 -0.000001 10.181545 0.131522 -1.690305 -0.210108 -6.811356 -3.405568 -0.970500 -1.937586 -3.420762 -0.988871 -1.897136 0.000002 16.740356 -2.049024 7.262018 0.444356 3.441111 0.000002 9.617844 1.684978 -6.225864 1.524218 1.369328 0.000001 22.037384 7.501070 0.000003 0.000000 0.000000 -4.570000 11.014871 -2.160843 0.516076 1.285689 9.390889 13.397866 -0.443884 74.505643 0.000006 28.126398 0.000005 15.258854 2.417263 -1.811699 -2.464790 -1.574009 2.681911 -2.445516 -8.228381 -14.697917 4.527234 -23.482110 -4.027958 -2.646264 -1.527801 1.527814 -1.578818 5.149585 2.148586 -1.994598 -1.151583 1.151576 0.000000 -0.000005 -0.000000 -9.108303 -0.517883 2.259805 0.958695 -3.672037 23.044406 0.135092 -1.366716 11.289802 0.345860 -2.169712 18.112641 0.000000 0.000001 0.000001 -9.532510 -0.000001 -0.000000 0.056205 -1.125059 14.958958 0.261308 -1.891905 15.726692 -2.263894 -5.035682 28.423166 0.000002 0.000000 0.000002 -9.103618 -0.043100 -1.865103 0.419911 -2.392462 21.699364 0.169314 -1.528144 12.644792 -10.712744 -6.714061 20.163490 -0.000000 0.000001 0.000002 -8.076691 -0.486727 -3.806297 0.349430 -2.188822 16.703222 0.274217 -1.937090 16.112635 0.597213 -2.824031 23.876904 -0.000002 -0.000001 0.000001 4.570402 11.014708 -2.160815 0.647095 -4.197447 -11.306722 12.890457 10.283758 -70.278965 0.000008 -22.069468 0.000012 13.022662 -7.290943 -3.247825 2.466089 -1.576213 2.681697 -0.564036 20.354795 10.586231 6.735945 21.732036 0.222805 2.647903 -1.528737 1.528753 -3.951687 21.166300 -3.684555 1.998913 -1.154084 1.154076 -0.000002 0.000006 0.000005 9.109283 -0.518016 2.259898 -0.155873 0.044133 -12.502332 0.239327 1.803198 -15.121665 0.381540 2.264421 -19.126514 -0.000000 -0.000000 -0.000001 9.533399 0.000011 -0.000004 -0.034659 0.064976 -6.309333 0.278553 1.942452 -16.321681 0.412307 2.351197 -19.890636 0.000001 0.000000 -0.000001 9.104496 -0.042993 -1.865103 -0.082228 0.395445 -12.664948 0.320205 2.079360 -17.508886 0.743137 3.116573 -26.818710 0.000002 -0.000001 -0.000003 8.077789 -0.486900 -3.806305 1.225072 5.631487 -14.199919 0.270846 -2.137472 -16.611917 0.223198 1.742374 -14.599623 0.000004 -0.000002 -0.000003 -8.207802 -6.751705 -1.599542 -15.858046 -6.449506 -10.432697 29.725058 6.333663 -2.659869 -13.030458 3.404048 5.303998 -0.755124 -0.000005 0.000002 -0.000000 0.000001 0.000000 8.207799 -6.751704 -1.599546 -11.140912 2.922512 -10.695380 24.604951 8.630361 -1.098343 -12.601846 19.131022 8.393379 -0.883349 0.025866 -1.682277 -0.000000 -0.000000 0.000000 
10.356093 100.689308 2.106177 -2.260382 -15.853586 3.340356 -0.000002 10.181562 0.131524 -1.840918 -0.195344 -6.818441 -3.127223 -0.999832 -1.930905 -3.141602 -1.011689 -1.897047 0.000002 16.740362 -2.049021 7.205639 0.483393 3.431356 -0.000002 9.617857 1.684982 -6.411602 1.684055 1.325852 0.000000 22.037399 7.501073 0.000002 0.000000 0.000000 -4.569997 11.014863 -2.160840 0.529350 1.551771 9.664621 12.880024 -0.040797 73.946722 -0.000019 28.004097 0.000028 15.230591 2.346578 -1.625761 -2.464793 -1.574000 2.681909 -2.446666 -8.218859 -14.698219 4.515730 -23.455875 -4.030720 -2.646266 -1.527825 1.527825 -1.604334 5.200867 2.153873 -1.994587 -1.151581 1.151586 0.000001 -0.000004 0.000005 -9.108309 -0.517885 2.259799 0.957903 -3.672013 23.004277 0.134261 -1.362498 11.254530 0.342062 -2.158035 18.011612 0.000001 0.000002 0.000004 -9.532497 0.000003 -0.000004 0.060407 -1.138450 14.905411 0.258571 -1.882106 15.643073 -2.295636 -5.029724 28.311050 -0.000001 -0.000000 0.000004 -9.103613 -0.043106 -1.865106 0.423058 -2.399782 21.632213 0.167874 -1.521654 12.590241 -10.721574 -6.696842 20.106294 -0.000000 0.000001 -0.000002 -8.076698 -0.486730 -3.806303 0.350076 -2.191692 16.639565 0.272068 -1.929706 16.049543 0.594229 -2.817272 23.816055 -0.000001 0.000001 0.000003 4.570402 11.014677 -2.160814 0.642736 -4.341056 -11.333738 12.366269 9.909470 -69.995260 0.000006 -22.051208 0.000000 12.963177 -7.261420 -3.407445 2.466102 -1.576205 2.681699 -0.542228 20.400860 10.545923 6.746220 21.826812 0.212165 2.647886 -1.528736 1.528744 -3.883769 21.232492 -3.773584 1.998905 -1.154094 1.154072 -0.000000 0.000003 0.000001 9.109291 -0.518013 2.259901 -0.155460 0.038135 -12.437050 0.236769 1.793661 -15.039607 0.376470 2.249792 -18.998103 0.000002 -0.000000 -0.000006 9.533396 0.000011 -0.000001 -0.033880 0.064320 -6.239164 0.275963 1.933572 -16.244884 0.407947 2.339179 -19.784686 -0.000001 -0.000001 0.000001 9.104498 -0.043001 -1.865100 -0.084757 0.377028 -12.588606 0.318617 2.074296 -17.464806 0.739478 3.109310 -26.751165 0.000003 0.000001 -0.000003 8.077797 -0.486903 -3.806300 1.221656 5.635512 -14.138247 0.267569 -2.148512 -16.516570 0.218609 1.724699 -14.448135 0.000001 -0.000005 -0.000004 -8.207802 -6.751699 -1.599544 -15.875019 -6.458348 -10.476589 29.784809 6.332602 -2.676010 -13.037060 3.406197 5.314311 -0.763485 -0.000004 0.000002 0.000000 0.000001 0.000000 8.207797 -6.751684 -1.599543 -11.134824 2.898778 -10.753292 24.614687 8.619275 -1.083118 -12.586440 19.181324 8.397469 -0.882321 0.025814 -1.680494 -0.000000 0.000000 0.000000 
10.377503 100.679024 2.066376 -2.296437 -15.814683 3.380578 0.000001 10.181556 0.131527 -1.994044 -0.180348 -6.825850 -2.839264 -1.029747 -1.920757 -2.852800 -1.034942 -1.893425 0.000003 16.740376 -2.049018 7.138608 0.517743 3.426909 -0.000001 9.617871 1.684974 -6.612617 1.832387 1.254173 -0.000000 22.037354 7.501074 0.000000 0.000002 -0.000000 -4.570001 11.014870 -2.160837 0.539283 1.781760 9.894688 12.355134 0.385888 73.443043 -0.000005 27.925326 0.000020 15.246611 2.318393 -1.393884 -2.464789 -1.573994 2.681910 -2.447782 -8.209422 -14.698543 4.504355 -23.429936 -4.033377 -2.646245 -1.527780 1.527819 -1.629628 5.251638 2.159121 -1.994598 -1.151579 1.151581 0.000001 -0.000005 -0.000000 -9.108301 -0.517884 2.259799 0.957125 -3.671976 22.964484 0.133427 -1.358326 11.219609 0.338316 -2.146455 17.911591 0.000001 0.000002 0.000004 -9.532493 0.000016 -0.000002 0.064563 -1.151698 14.852393 0.255849 -1.872395 15.560260 -2.327085 -5.023721 28.200044 0.000001 0.000000 0.000004 -9.103592 -0.043110 -1.865104 0.426163 -2.407043 21.565716 0.166440 -1.515245 12.536235 -10.730266 -6.679780 20.049679 -0.000000 0.000001 0.000005 -8.076679 -0.486726 -3.806303 0.350699 -2.194537 16.576517 0.269983 -1.922398 15.987038 0.591238 -2.810563 23.755775 -0.000002 0.000001 0.000002 4.570402 11.014696 -2.160812 0.639226 -4.510515 -11.439941 11.794607 9.564963 -69.697122 0.000012 -21.995960 0.000015 13.006079 -7.221803 -3.527577 2.466099 -1.576195 2.681694 -0.521119 20.444923 10.506675 6.756054 21.918483 0.201675 2.647884 -1.528742 1.528752 -3.817175 21.295405 -3.861128 1.998932 -1.154091 1.154082 -0.000001 0.000000 0.000003 9.109290 -0.518011 2.259897 -0.155046 0.032230 -12.372489 0.234234 1.784204 -14.958502 0.371487 2.235318 -18.871172 -0.000002 -0.000002 -0.000000 9.533397 -0.000003 -0.000003 -0.033123 0.063671 -6.169753 0.273417 1.924790 -16.168972 0.403704 2.327306 -19.679930 -0.000002 -0.000002 0.000003 9.104495 -0.043018 -1.865105 -0.087179 0.358816 -12.513155 0.317025 2.069286 -17.421193 0.735860 3.102122 -26.684403 -0.000002 0.000001 -0.000001 8.077806 -0.486883 -3.806308 1.218277 5.639473 -14.077254 0.264355 -2.159442 -16.422336 0.214129 1.707194 -14.298398 0.000001 -0.000004 -0.000001 -8.207800 -6.751723 -1.599544 -15.909790 -6.480765 -10.546498 29.855734 6.334548 -2.687738 -13.049118 3.409038 5.324924 -0.772267 0.000004 0.000002 -0.000000 -0.000001 -0.000000 8.207800 -6.751705 -1.599544 -11.132105 2.873679 -10.828392 24.611601 8.607007 -1.074149 -12.570666 19.248566 8.410064 -0.880212 0.025712 -1.676640 0.000000 0.000001 0.000000 
10.397192 100.668564 2.021931 -2.314406 -15.795600 3.390080 0.000002 10.181545 0.131522 -2.152522 -0.164612 -6.829811 -2.550159 -1.058788 -1.903074 -2.562810 -1.057134 -1.882141 0.000002 16.740381 -2.049030 7.058176 0.538781 3.424336 -0.000002 9.617868 1.684976 -6.828177 1.909800 1.200168 0.000005 22.037369 7.501075 -0.000002 -0.000002 -0.000001 -4.569999 11.014868 -2.160849 0.555981 1.937529 10.183712 11.838360 0.836786 72.898145 -0.000011 27.898748 0.000007 15.336958 2.215354 -1.291894 -2.464799 -1.573985 2.681908 -2.448908 -8.200093 -14.698827 4.493092 -23.404237 -4.036046 -2.646262 -1.527818 1.527822 -1.654686 5.301866 2.164367 -1.994610 -1.151582 1.151579 0.000001 -0.000005 0.000001 -9.108308 -0.517884 2.259804 0.956353 -3.671940 22.925125 0.132597 -1.354200 11.185061 0.334626 -2.134983 17.812590 0.000001 0.000002 0.000006 -9.532497 0.000001 0.000003 0.068629 -1.164830 14.799937 0.253165 -1.862788 15.478332 -2.358196 -5.017683 28.090225 0.000000 0.000001 0.000005 -9.103607 -0.043107 -1.865099 0.429196 -2.414235 21.499929 0.165033 -1.508888 12.482791 -10.738861 -6.662888 19.993668 -0.000000 -0.000000 0.000001 -8.076693 -0.486728 -3.806295 0.351290 -2.197358 16.514178 0.267904 -1.915160 15.925230 0.588345 -2.803922 23.696148 0.000001 0.000002 0.000004 4.570406 11.014717 -2.160824 0.634700 -4.674219 -11.504596 11.213758 9.182872 -69.420458 -0.000014 -21.917353 -0.000005 13.106831 -7.298711 -3.588293 2.466091 -1.576215 2.681697 -0.500749 20.486929 10.468467 6.765411 22.006895 0.191362 2.647875 -1.528758 1.528744 -3.751957 21.354977 -3.947170 1.998928 -1.154094 1.154081 0.000001 0.000000 0.000005 9.109286 -0.518008 2.259899 -0.154649 0.026370 -12.308737 0.231742 1.774867 -14.878360 0.366622 2.221022 -18.745789 0.000002 -0.000002 -0.000002 9.533388 0.000001 0.000002 -0.032379 0.063024 -6.101193 0.270899 1.916103 -16.093966 0.399497 2.315559 -19.576466 -0.000004 -0.000001 -0.000001 9.104482 -0.042996 -1.865104 -0.089600 0.340841 -12.438588 0.315479 2.064328 -17.378137 0.732278 3.095036 -26.618434 0.000002 0.000001 -0.000001 8.077786 -0.486896 -3.806301 1.214923 5.643379 -14.016990 0.261148 -2.170226 -16.329241 0.209739 1.689922 -14.150490 0.000001 -0.000001 -0.000002 -8.207798 -6.751703 -1.599542 -15.949929 -6.481211 -10.569258 29.907664 6.327484 -2.693955 -13.046229 3.411832 5.331712 -0.765160 -0.000001 -0.000000 -0.000000 0.000002 0.000000 8.207802 -6.751704 -1.599543 -11.162319 2.861379 -10.859522 24.633029 8.602895 -1.067671 -12.564235 19.323995 8.405262 -0.877530 0.025558 -1.671765 -0.000000 0.000002 0.000000 
10.417906 100.660355 1.975798 -2.297835 -15.770931 3.346478 -0.000001 10.181530 0.131527 -2.322244 -0.147526 -6.822317 -2.274094 -1.085726 -1.867220 -2.285798 -1.077093 -1.852508 -0.000000 16.740366 -2.049019 6.964160 0.564750 3.424894 0.000002 9.617839 1.684973 -7.058411 1.992358 1.202347 0.000001 22.037338 7.501077 0.000001 0.000001 -0.000000 -4.570003 11.014874 -2.160838 0.564299 2.164830 10.414276 11.335346 1.183753 72.452564 -0.000001 27.892964 0.000031 15.349455 2.160799 -1.062526 -2.464795 -1.573978 2.681912 -2.450008 -8.190861 -14.699139 4.481944 -23.378833 -4.038673 -2.646277 -1.527800 1.527818 -1.679448 5.351538 2.169561 -1.994594 -1.151584 1.151575 -0.000001 -0.000000 0.000005 -9.108292 -0.517882 2.259806 0.955582 -3.671910 22.886176 0.131814 -1.350123 11.150864 0.330958 -2.123641 17.714702 0.000002 0.000001 0.000004 -9.532495 0.000004 0.000000 0.072612 -1.177833 14.748054 0.250560 -1.853272 15.397299 -2.388999 -5.011624 27.981613 0.000001 0.000002 0.000001 -9.103608 -0.043106 -1.865101 0.432181 -2.421352 21.434894 0.163638 -1.502610 12.429942 -10.747372 -6.646178 19.938277 0.000000 0.000000 -0.000000 -8.076687 -0.486731 -3.806296 0.351866 -2.200153 16.452483 0.265884 -1.907999 15.864050 0.585443 -2.797351 23.637207 0.000001 -0.000000 -0.000000 4.570403 11.014697 -2.160812 0.630154 -4.840706 -11.581872 10.665220 8.766660 -69.095594 -0.000015 -21.909200 -0.000031 13.202366 -7.196940 -3.713325 2.466092 -1.576211 2.681691 -0.481074 20.526827 10.431315 6.774238 22.092013 0.181262 2.647895 -1.528737 1.528749 -3.688210 21.411159 -4.031655 1.998917 -1.154093 1.154078 0.000000 -0.000001 -0.000000 9.109284 -0.518015 2.259898 -0.154259 0.020570 -12.245779 0.229316 1.765649 -14.799256 0.361854 2.206891 -18.621964 0.000003 -0.000002 -0.000002 9.533392 -0.000003 -0.000003 -0.031651 0.062407 -6.033506 0.268427 1.907514 -16.019918 0.395388 2.303965 -19.474310 0.000003 0.000003 -0.000002 9.104484 -0.042999 -1.865104 -0.091935 0.323060 -12.364976 0.313955 2.059448 -17.335637 0.728783 3.088028 -26.553301 -0.000004 -0.000000 -0.000004 8.077787 -0.486887 -3.806308 1.211564 5.647241 -13.957502 0.258047 -2.180889 -16.237315 0.205464 1.672837 -14.004446 0.000002 -0.000002 -0.000002 -8.207799 -6.751730 -1.599542 -15.989292 -6.469939 -10.526380 29.909678 6.292924 -2.676034 -13.015982 3.414090 5.332255 -0.751605 0.000004 0.000002 0.000000 -0.000001 0.000000 8.207797 -6.751711 -1.599542 -11.246840 2.862269 -10.819615 24.693497 8.611805 -1.057521 -12.565907 19.354680 8.383609 -0.875193 0.025408 -1.667538 -0.000000 0.000000 0.000000 
10.437702 100.652031 1.936644 -2.282594 -15.761222 3.345631 0.000001 10.181553 0.131523 -2.491792 -0.127503 -6.824305 -1.991516 -1.103947 -1.846992 -2.002339 -1.088500 -1.838253 0.000002 16.740374 -2.049026 6.859561 0.605184 3.431703 -0.000001 9.617862 1.684971 -7.355405 2.106262 1.283244 0.000001 22.037354 7.501074 -0.000000 0.000000 -0.000000 -4.570003 11.014875 -2.160841 0.576911 2.330036 10.676001 10.821691 1.600998 71.961794 -0.000000 27.883486 0.000035 15.274376 2.107255 -0.757361 -2.464779 -1.573993 2.681911 -2.451115 -8.181728 -14.699433 4.470935 -23.353745 -4.041267 -2.646261 -1.527812 1.527816 -1.703944 5.400621 2.174746 -1.994602 -1.151580 1.151583 -0.000001 -0.000005 0.000001 -9.108293 -0.517864 2.259803 0.954827 -3.671890 22.847717 0.131001 -1.346080 11.117075 0.327403 -2.112426 17.617974 0.000000 0.000001 0.000001 -9.532482 0.000000 0.000002 0.076532 -1.190681 14.696810 0.247948 -1.843881 15.317203 -2.419424 -5.005524 27.874308 -0.000000 0.000000 0.000002 -9.103591 -0.043107 -1.865101 0.435089 -2.428414 21.370588 0.162269 -1.496393 12.377729 -10.755746 -6.629647 19.883509 0.000000 0.000000 0.000005 -8.076691 -0.486731 -3.806301 0.352422 -2.202918 16.391481 0.263861 -1.900923 15.803630 0.582629 -2.790873 23.578897 -0.000000 0.000002 0.000001 4.570401 11.014685 -2.160818 0.626641 -4.975500 -11.662473 10.095984 8.355698 -68.787737 -0.000000 -21.887235 -0.000006 13.377077 -7.058539 -3.915394 2.466115 -1.576220 2.681699 -0.462180 20.564591 10.395295 6.782549 22.173695 0.171305 2.647886 -1.528744 1.528747 -3.626047 21.463859 -4.114500 1.998921 -1.154080 1.154078 0.000001 0.000003 0.000001 9.109289 -0.518016 2.259900 -0.153848 0.014868 -12.183662 0.226903 1.756555 -14.721194 0.357148 2.192930 -18.499806 0.000005 -0.000004 -0.000001 9.533409 -0.000002 -0.000000 -0.030939 0.061783 -5.966733 0.265989 1.899047 -15.946829 0.391341 2.292510 -19.373476 -0.000002 -0.000003 -0.000006 9.104496 -0.042997 -1.865100 -0.094201 0.305520 -12.292340 0.312473 2.054608 -17.293680 0.725311 3.081113 -26.489010 0.000002 -0.000005 -0.000003 8.077805 -0.486900 -3.806301 1.208263 5.651056 -13.898779 0.254991 -2.191412 -16.146579 0.201273 1.655974 -13.860327 0.000000 -0.000006 -0.000002 -8.207800 -6.751710 -1.599541 -16.046910 -6.467328 -10.533371 29.936740 6.292955 -2.667371 -13.000183 3.418049 5.331457 -0.745887 0.000011 0.000001 0.000000 -0.000001 -0.000000 8.207798 -6.751706 -1.599546 -11.308792 2.840810 -10.837330 24.714193 8.612109 -1.037319 -12.558844 19.411029 8.370609 -0.870161 0.025136 -1.658182 -0.000000 0.000000 0.000000 
10.452755 100.645409 1.906503 -2.339342 -15.795755 3.344733 -0.000001 10.181557 0.131523 -2.646605 -0.095032 -6.831772 -1.678387 -1.099568 -1.831345 -1.688379 -1.077381 -1.828215 0.000002 16.740339 -2.049025 6.796457 0.638711 3.441959 0.000001 9.617843 1.684978 -7.715082 2.196630 1.268561 0.000002 22.037354 7.501069 -0.000000 -0.000001 0.000000 -4.570000 11.014883 -2.160841 0.577520 2.565522 10.831024 10.321733 2.037300 71.581182 -0.000021 27.851372 0.000049 15.277456 1.993144 -0.658803 -2.464791 -1.574006 2.681914 -2.452206 -8.172723 -14.699735 4.460061 -23.328928 -4.043761 -2.646261 -1.527811 1.527819 -1.728168 5.449101 2.179870 -1.994594 -1.151582 1.151579 0.000001 -0.000003 0.000001 -9.108292 -0.517884 2.259809 0.954042 -3.671857 22.809731 0.130238 -1.342086 11.083726 0.323873 -2.101341 17.522415 0.000001 0.000001 -0.000000 -9.532499 0.000018 0.000006 0.080370 -1.203377 14.646169 0.245422 -1.834591 15.238109 -2.449507 -4.999412 27.768313 -0.000002 0.000002 0.000004 -9.103596 -0.043101 -1.865097 0.437939 -2.435390 21.307079 0.160937 -1.490255 12.326151 -10.763986 -6.613297 19.829451 -0.000000 0.000001 -0.000001 -8.076698 -0.486723 -3.806297 0.352964 -2.205648 16.331290 0.261882 -1.893932 15.743928 0.579812 -2.784439 23.521319 0.000003 0.000002 -0.000000 4.570402 11.014704 -2.160816 0.622554 -5.128865 -11.760661 9.535044 7.958269 -68.453590 0.000000 -21.890014 -0.000007 13.558858 -6.934365 -4.040851 2.466085 -1.576226 2.681700 -0.444142 20.600148 10.360446 6.790353 22.251932 0.161600 2.647897 -1.528751 1.528749 -3.565478 21.513008 -4.195698 1.998917 -1.154095 1.154076 0.000002 -0.000001 -0.000000 9.109279 -0.518012 2.259902 -0.153437 0.009242 -12.122365 0.224550 1.747572 -14.644180 0.352582 2.179168 -18.379329 -0.000000 -0.000004 0.000000 9.533390 -0.000001 0.000002 -0.030254 0.061169 -5.900852 0.263613 1.890697 -15.874763 0.387370 2.281201 -19.274073 -0.000005 -0.000004 -0.000002 9.104478 -0.042994 -1.865100 -0.096410 0.288211 -12.220679 0.310993 2.049846 -17.252272 0.721921 3.074286 -26.425640 -0.000001 -0.000003 -0.000002 8.077796 -0.486881 -3.806303 1.204965 5.654804 -13.840857 0.251988 -2.201805 -16.057155 0.197193 1.639332 -13.718216 -0.000001 -0.000001 -0.000002 -8.207805 -6.751721 -1.599542 -16.039350 -6.464210 -10.547964 29.978465 6.323977 -2.685912 -12.998866 3.421504 5.334838 -0.743886 0.000009 0.000005 -0.000000 0.000001 0.000000 8.207798 -6.751711 -1.599546 -11.285703 2.833069 -10.868893 24.732195 8.602773 -1.025329 -12.557223 19.477529 8.374851 -0.869416 0.025087 -1.656930 0.000000 -0.000000 0.000000 
10.466069 100.639023 1.881737 -2.419031 -15.847559 3.344577 0.000000 10.181539 0.131522 -2.798308 -0.049329 -6.841410 -1.360902 -1.068696 -1.816286 -1.370081 -1.039795 -1.818099 -0.000002 16.740385 -2.049018 6.766521 0.662724 3.430897 0.000000 9.617870 1.684974 -8.091640 2.208240 1.265977 -0.000002 22.037399 7.501076 0.000003 -0.000000 0.000000 -4.570002 11.014896 -2.160838 0.574816 2.785227 10.938143 9.854471 2.443513 71.263298 0.000017 27.812532 0.000009 15.329335 1.956302 -0.661786 -2.464781 -1.573998 2.681910 -2.453245 -8.163822 -14.700001 4.449317 -23.304481 -4.046322 -2.646276 -1.527819 1.527822 -1.752080 5.496949 2.184944 -1.994606 -1.151573 1.151578 0.000002 -0.000005 -0.000000 -9.108301 -0.517869 2.259804 0.953320 -3.671839 22.772218 0.129463 -1.338149 11.050784 0.320421 -2.090389 17.428122 -0.000002 0.000001 0.000001 -9.532485 0.000015 -0.000000 0.084129 -1.215927 14.596193 0.242934 -1.825416 15.160040 -2.479187 -4.993292 27.663695 -0.000002 0.000001 0.000003 -9.103582 -0.043105 -1.865103 0.440753 -2.442280 21.244373 0.159624 -1.484195 12.275225 -10.772143 -6.597172 19.776106 -0.000001 0.000000 0.000004 -8.076677 -0.486726 -3.806304 0.353483 -2.208362 16.271877 0.259940 -1.887022 15.685005 0.577061 -2.778111 23.464519 -0.000002 0.000000 0.000001 4.570403 11.014702 -2.160813 0.615932 -5.373680 -11.950027 8.994909 7.606686 -68.008276 -0.000014 -21.940798 -0.000000 13.692222 -6.816233 -4.153990 2.466082 -1.576212 2.681696 -0.426918 20.633498 10.326804 6.797584 22.326555 0.152052 2.647880 -1.528743 1.528753 -3.506638 21.558546 -4.275130 1.998932 -1.154077 1.154076 -0.000000 0.000001 -0.000000 9.109283 -0.518013 2.259899 -0.153062 0.003726 -12.061987 0.222261 1.738712 -14.568302 0.348048 2.165579 -18.260591 0.000001 -0.000004 0.000000 9.533392 0.000000 -0.000001 -0.029577 0.060580 -5.835931 0.261251 1.882449 -15.803748 0.383495 2.270052 -19.176086 -0.000001 -0.000002 -0.000002 9.104494 -0.042996 -1.865101 -0.098542 0.271157 -12.150087 0.309518 2.045147 -17.211535 0.718567 3.067543 -26.363157 -0.000001 -0.000002 -0.000000 8.077795 -0.486885 -3.806303 1.201722 5.658496 -13.783783 0.249042 -2.212046 -15.968993 0.193211 1.622908 -13.578157 0.000003 0.000001 0.000000 -8.207797 -6.751719 -1.599543 -16.010704 -6.461285 -10.565232 30.026078 6.368235 -2.715729 -13.004139 3.424985 5.340348 -0.743126 -0.000004 0.000002 -0.000000 -0.000001 0.000000 8.207802 -6.751709 -1.599545 -11.236279 2.827449 -10.907394 24.753034 8.588361 -1.013753 -12.557870 19.546463 8.385915 -0.870882 0.025172 -1.659918 0.000000 0.000000 0.000000 
10.476187 100.634827 1.857527 -2.486692 -15.879664 3.337052 -0.000001 10.181550 0.131525 -2.952883 -0.001973 -6.851173 -1.050287 -1.034665 -1.808372 -1.058664 -0.999015 -1.814333 -0.000001 16.740381 -2.049020 6.750790 0.683839 3.427298 0.000001 9.617879 1.684978 -8.497413 2.219190 1.354723 0.000000 22.037384 7.501072 0.000000 0.000000 0.000000 -4.569998 11.014879 -2.160839 0.573140 2.995670 11.059354 9.408919 2.817226 70.970733 -0.000014 27.766980 0.000023 15.373767 1.957299 -0.646947 -2.464785 -1.574000 2.681910 -2.454300 -8.155073 -14.700263 4.438724 -23.280328 -4.048794 -2.646269 -1.527796 1.527821 -1.775680 5.544116 2.189990 -1.994590 -1.151573 1.151576 0.000001 -0.000003 -0.000000 -9.108279 -0.517870 2.259803 0.952564 -3.671820 22.735226 0.128722 -1.334263 11.018338 0.317031 -2.079591 17.335097 -0.000000 0.000001 0.000003 -9.532489 0.000001 -0.000001 0.087822 -1.228299 14.546922 0.240491 -1.816358 15.083026 -2.508494 -4.987157 27.560524 -0.000002 0.000003 0.000007 -9.103594 -0.043105 -1.865104 0.443492 -2.449084 21.182549 0.158311 -1.478225 12.225020 -10.780133 -6.581247 19.723472 0.000001 0.000000 -0.000002 -8.076680 -0.486729 -3.806301 0.353979 -2.211034 16.213261 0.258036 -1.880218 15.626901 0.574338 -2.771855 23.408498 0.000001 -0.000000 -0.000001 4.570403 11.014688 -2.160814 0.609257 -5.602418 -12.144186 8.442233 7.286516 -67.564716 -0.000006 -21.962052 0.000008 13.868825 -6.738396 -4.302747 2.466090 -1.576200 2.681703 -0.410619 20.664512 10.294376 6.804229 22.397575 0.142804 2.647880 -1.528758 1.528757 -3.449557 21.600417 -4.352797 1.998905 -1.154095 1.154070 -0.000001 -0.000000 0.000002 9.109288 -0.518010 2.259902 -0.152665 -0.001727 -12.002543 0.219970 1.729989 -14.493578 0.343648 2.152195 -18.143651 0.000002 -0.000000 -0.000001 9.533392 0.000002 0.000003 -0.028921 0.060000 -5.771981 0.258962 1.874339 -15.733812 0.379669 2.259078 -19.079616 0.000002 -0.000002 -0.000000 9.104485 -0.042997 -1.865098 -0.100632 0.254362 -12.080580 0.308093 2.040525 -17.171347 0.715273 3.060926 -26.301634 -0.000001 -0.000001 0.000003 8.077795 -0.486899 -3.806299 1.198503 5.662119 -13.727589 0.246200 -2.222132 -15.882169 0.189326 1.606726 -13.440215 0.000002 0.000000 -0.000002 -8.207805 -6.751717 -1.599542 -15.980283 -6.460657 -10.570910 30.057282 6.392763 -2.738580 -13.003798 3.427910 5.345513 -0.743125 -0.000009 0.000002 0.000000 -0.000001 -0.000000 8.207797 -6.751714 -1.599544 -11.195708 2.827016 -10.923387 24.775273 8.576859 -1.012392 -12.556586 19.573669 8.395167 -0.872293 0.025279 -1.662795 -0.000000 0.000001 0.000000 
10.489646 100.629295 1.835577 -2.541358 -15.905909 3.337097 -0.000000 10.181545 0.131526 -3.107383 0.043616 -6.861221 -0.742274 -1.003855 -1.808150 -0.749843 -0.961423 -1.817486 -0.000001 16.740358 -2.049021 6.727409 0.703481 3.439987 0.000001 9.617834 1.684976 -8.848842 2.250317 1.379761 -0.000001 22.037369 7.501077 0.000002 -0.000002 -0.000000 -4.570001 11.014877 -2.160840 0.570712 3.198772 11.170945 8.980915 3.172930 70.706255 -0.000017 27.741368 0.000051 15.483668 1.975417 -0.601496 -2.464797 -1.573990 2.681907 -2.455356 -8.146422 -14.700536 4.428294 -23.256545 -4.051227 -2.646269 -1.527798 1.527816 -1.798949 5.590614 2.194995 -1.994590 -1.151586 1.151578 0.000001 -0.000003 -0.000000 -9.108313 -0.517889 2.259803 0.951819 -3.671787 22.698768 0.127966 -1.330444 10.986306 0.313734 -2.068932 17.243412 0.000002 0.000000 0.000005 -9.532490 -0.000002 -0.000002 0.091432 -1.240512 14.498345 0.238092 -1.807436 15.007128 -2.537379 -4.981043 27.458872 0.000001 0.000000 0.000003 -9.103591 -0.043101 -1.865102 0.446164 -2.455813 21.121602 0.157049 -1.472328 12.175517 -10.788051 -6.565554 19.671578 -0.000000 0.000000 0.000004 -8.076683 -0.486728 -3.806299 0.354453 -2.213664 16.155482 0.256145 -1.873488 15.569625 0.571692 -2.765711 23.353248 0.000002 -0.000000 0.000000 4.570400 11.014661 -2.160814 0.604068 -5.766175 -12.287055 7.905844 6.942659 -67.170368 -0.000006 -21.991706 0.000012 14.024056 -6.718796 -4.385467 2.466098 -1.576225 2.681695 -0.395128 20.693221 10.263198 6.810265 22.464852 0.133835 2.647906 -1.528748 1.528754 -3.394309 21.638529 -4.428611 1.998925 -1.154090 1.154082 0.000000 0.000003 -0.000000 9.109300 -0.518010 2.259897 -0.152264 -0.007122 -11.943989 0.217764 1.721396 -14.420035 0.339352 2.139015 -18.028580 0.000003 -0.000002 -0.000004 9.533401 -0.000002 -0.000001 -0.028301 0.059412 -5.709060 0.256740 1.866352 -15.664959 0.375922 2.248256 -18.984629 0.000001 -0.000001 -0.000001 9.104493 -0.043003 -1.865105 -0.102631 0.237818 -12.012107 0.306702 2.035966 -17.131872 0.712031 3.054361 -26.241093 -0.000003 -0.000001 0.000005 8.077812 -0.486886 -3.806305 1.195345 5.665672 -13.672282 0.243334 -2.232045 -15.796739 0.185523 1.590801 -13.304456 0.000001 -0.000000 -0.000001 -8.207799 -6.751713 -1.599542 -15.965222 -6.460463 -10.585280 30.093195 6.418596 -2.760061 -13.006327 3.430127 5.352610 -0.743440 -0.000007 0.000001 0.000000 -0.000001 -0.000000 8.207801 -6.751710 -1.599544 -11.169676 2.822026 -10.946307 24.801067 8.562241 -1.011304 -12.555300 19.592304 8.410398 -0.874689 0.025420 -1.667499 0.000000 0.000001 0.000000 
10.502130 100.622841 1.815884 -2.590916 -15.917882 3.349866 -0.000001 10.181546 0.131523 -3.261145 0.084247 -6.872431 -0.436944 -0.983122 -1.809691 -0.443708 -0.933857 -1.821774 -0.000000 16.740337 -2.049019 6.684634 0.724897 3.427144 0.000000 9.617844 1.684978 -9.167084 2.245172 1.393422 0.000001 22.037354 7.501069 -0.000000 -0.000000 -0.000000 -4.569999 11.014846 -2.160836 0.569435 3.363874 11.276349 8.576096 3.508633 70.425445 -0.000024 27.721813 0.000048 15.705180 2.168389 -0.330430 -2.464787 -1.573987 2.681911 -2.456396 -8.137915 -14.700835 4.418014 -23.233104 -4.053630 -2.646266 -1.527800 1.527820 -1.821889 5.636395 2.199947 -1.994590 -1.151572 1.151579 0.000003 0.000001 -0.000000 -9.108294 -0.517872 2.259803 0.951111 -3.671778 22.662851 0.127217 -1.326674 10.954783 0.310494 -2.058441 17.153148 -0.000001 0.000001 -0.000001 -9.532479 0.000013 -0.000001 0.094952 -1.252539 14.450474 0.235748 -1.798652 14.932388 -2.565827 -4.974914 27.358734 0.000001 -0.000001 -0.000000 -9.103598 -0.043105 -1.865103 0.448789 -2.462430 21.061568 0.155792 -1.466527 12.126787 -10.795762 -6.550070 19.620514 0.000000 0.000000 -0.000001 -8.076676 -0.486727 -3.806299 0.354921 -2.216267 16.098568 0.254313 -1.866871 15.513207 0.569066 -2.759633 23.298866 0.000001 -0.000000 -0.000001 4.570403 11.014654 -2.160813 0.599957 -5.907120 -12.468934 7.416715 6.662149 -66.787673 0.000007 -22.085299 -0.000000 14.114131 -6.681576 -4.503265 2.466097 -1.576211 2.681703 -0.380481 20.719553 10.233361 6.815700 22.528319 0.125076 2.647885 -1.528738 1.528750 -3.341011 21.672817 -4.502465 1.998909 -1.154083 1.154074 -0.000002 -0.000002 -0.000000 9.109295 -0.518008 2.259901 -0.151881 -0.012408 -11.886457 0.215607 1.712962 -14.347711 0.335134 2.126036 -17.915397 0.000002 -0.000002 0.000000 9.533403 -0.000003 0.000000 -0.027672 0.058848 -5.647201 0.254540 1.858496 -15.597249 0.372279 2.237609 -18.891255 -0.000002 0.000000 -0.000001 9.104510 -0.042999 -1.865100 -0.104578 0.221536 -11.944845 0.305302 2.031499 -17.092977 0.708896 3.047964 -26.181556 -0.000001 -0.000003 -0.000000 8.077806 -0.486880 -3.806300 1.192213 5.669172 -13.617884 0.240590 -2.241847 -15.712686 0.181832 1.575149 -13.170946 -0.000007 0.000001 -0.000003 -8.207802 -6.751707 -1.599544 -15.958124 -6.463132 -10.612687 30.138234 6.440838 -2.784344 -13.016725 3.432514 5.362693 -0.743592 0.000003 0.000000 0.000000 0.000001 0.000000 8.207798 -6.751707 -1.599545 -11.144791 2.816112 -10.980024 24.823902 8.548427 -1.010599 -12.551615 19.591028 8.427556 -0.877047 0.025564 -1.672186 -0.000000 0.000001 0.000000 
10.514977 100.619194 1.799550 -2.642498 -15.898095 3.357255 -0.000001 10.181564 0.131525 -3.422091 0.120654 -6.889643 -0.152911 -0.972701 -1.824086 -0.158828 -0.916405 -1.838402 0.000000 16.740372 -2.049019 6.676915 0.736616 3.447288 0.000001 9.617847 1.684979 -9.474142 2.233815 1.392196 -0.000000 22.037384 7.501068 0.000001 -0.000000 0.000001 -4.569999 11.014862 -2.160837 0.572566 3.525599 11.450752 8.201720 3.790451 70.127649 -0.000017 27.684051 0.000053 16.069876 2.318114 -0.270770 -2.464813 -1.573998 2.681907 -2.457390 -8.129533 -14.701101 4.407921 -23.210064 -4.055938 -2.646256 -1.527816 1.527819 -1.844481 5.681444 2.204842 -1.994591 -1.151582 1.151577 0.000000 -0.000003 0.000003 -9.108305 -0.517882 2.259802 0.950404 -3.671743 22.627490 0.126496 -1.322957 10.923748 0.307289 -2.048094 17.064290 0.000001 -0.000000 -0.000000 -9.532508 0.000015 -0.000002 0.098414 -1.264380 14.403383 0.233433 -1.789998 14.858807 -2.593814 -4.968820 27.260207 -0.000001 0.000001 0.000005 -9.103596 -0.043100 -1.865102 0.451344 -2.468955 21.002533 0.154572 -1.460821 12.078799 -10.803390 -6.534833 19.570270 -0.000001 0.000001 0.000004 -8.076712 -0.486710 -3.806303 0.355353 -2.218829 16.042590 0.252501 -1.860363 15.457715 0.566491 -2.753653 23.245338 0.000001 0.000001 -0.000000 4.570400 11.014684 -2.160812 0.593572 -6.069743 -12.573477 6.967246 6.421384 -66.502656 0.000011 -22.131640 0.000014 14.102970 -6.611122 -4.747341 2.466091 -1.576215 2.681697 -0.366953 20.743425 10.204845 6.820494 22.587885 0.116602 2.647896 -1.528754 1.528749 -3.289696 21.703242 -4.574383 1.998917 -1.154094 1.154077 -0.000000 -0.000002 -0.000000 9.109283 -0.518009 2.259901 -0.151488 -0.017597 -11.829891 0.213476 1.704661 -14.276627 0.331020 2.113271 -17.804172 -0.000000 0.000001 -0.000002 9.533399 0.000010 -0.000002 -0.027072 0.058294 -5.586378 0.252387 1.850784 -15.530716 0.368707 2.227140 -18.799472 -0.000003 -0.000003 -0.000000 9.104483 -0.042995 -1.865103 -0.106468 0.205529 -11.878713 0.303945 2.027109 -17.054771 0.705785 3.041638 -26.123054 0.000000 -0.000003 -0.000000 8.077805 -0.486886 -3.806305 1.189117 5.672621 -13.564410 0.237907 -2.251447 -15.630101 0.178256 1.559736 -13.039767 0.000000 -0.000002 -0.000004 -8.207801 -6.751710 -1.599542 -15.932427 -6.470089 -10.639194 30.166022 6.437395 -2.800025 -13.025091 3.433525 5.376825 -0.743187 -0.000012 -0.000001 -0.000000 -0.000001 -0.000000 8.207801 -6.751688 -1.599543 -11.107533 2.811815 -11.006869 24.834056 8.539024 -1.010661 -12.543846 19.560130 8.440797 -0.878626 0.025658 -1.675377 0.000000 0.000001 0.000000 
10.528624 100.615166 1.787576 -2.693816 -15.853516 3.360030 0.000001 10.181561 0.131523 -3.583468 0.150852 -6.904714 0.121344 -0.974489 -1.835211 0.116293 -0.911171 -1.851420 -0.000000 16.740376 -2.049020 6.672732 0.750463 3.456775 -0.000000 9.617860 1.684977 -9.770014 2.221215 1.407485 0.000002 22.037369 7.501070 -0.000001 -0.000002 -0.000000 -4.569999 11.014864 -2.160841 0.568953 3.719859 11.555292 7.857659 4.053875 69.891010 -0.000000 27.661419 0.000002 16.329010 2.236171 -0.303316 -2.464789 -1.573983 2.681902 -2.458365 -8.121307 -14.701347 4.397964 -23.187387 -4.058280 -2.646259 -1.527807 1.527814 -1.866692 5.725734 2.209670 -1.994598 -1.151569 1.151578 0.000003 -0.000005 -0.000000 -9.108299 -0.517884 2.259799 0.949701 -3.671727 22.592772 0.125802 -1.319312 10.893218 0.304195 -2.037942 16.976930 0.000001 0.000001 -0.000001 -9.532501 0.000014 -0.000006 0.101780 -1.276030 14.357105 0.231189 -1.781488 14.786496 -2.621343 -4.962732 27.163357 -0.000001 -0.000000 0.000001 -9.103602 -0.043106 -1.865107 0.453849 -2.475375 20.944449 0.153358 -1.455197 12.031685 -10.810859 -6.519842 19.520858 0.000001 -0.000000 -0.000004 -8.076695 -0.486728 -3.806301 0.355790 -2.221341 15.987523 0.250743 -1.853958 15.403099 0.563961 -2.747771 23.192715 0.000002 0.000000 0.000001 4.570402 11.014699 -2.160815 0.585760 -6.262048 -12.710296 6.580992 6.223747 -66.210911 0.000002 -22.197797 -0.000004 14.186241 -6.564827 -4.908502 2.466091 -1.576197 2.681695 -0.355385 20.764837 10.177733 6.824614 22.643467 0.108462 2.647886 -1.528753 1.528750 -3.240491 21.729723 -4.644241 1.998913 -1.154092 1.154072 0.000002 0.000004 0.000001 9.109278 -0.518010 2.259900 -0.151086 -0.022654 -11.774339 0.211405 1.696499 -14.206832 0.326997 2.100735 -17.694963 0.000001 0.000001 -0.000000 9.533394 0.000004 -0.000002 -0.026479 0.057752 -5.526651 0.250275 1.843182 -15.465406 0.365204 2.216856 -18.709353 0.000001 -0.000004 -0.000002 9.104486 -0.042998 -1.865104 -0.108292 0.189825 -11.813764 0.302625 2.022787 -17.017258 0.702727 3.035410 -26.065605 0.000003 -0.000003 -0.000001 8.077808 -0.486880 -3.806306 1.186065 5.675982 -13.511903 0.235277 -2.260888 -15.549023 0.174765 1.544583 -12.910949 -0.000002 -0.000004 -0.000006 -8.207800 -6.751705 -1.599542 -15.899335 -6.484023 -10.668640 30.190823 6.420655 -2.805472 -13.037574 3.434114 5.390994 -0.734153 0.000013 -0.000001 0.000000 0.000002 0.000000 8.207800 -6.751703 -1.599544 -11.068703 2.806350 -11.026701 24.849333 8.526637 -1.012477 -12.538702 19.501988 8.447497 -0.880587 0.025776 -1.679307 -0.000000 0.000001 0.000000 
10.539964 100.610168 1.775424 -2.739418 -15.801603 3.362825 -0.000000 10.181554 0.131525 -3.740492 0.174405 -6.920109 0.392744 -0.987219 -1.846690 0.388568 -0.916905 -1.864540 0.000002 16.740355 -2.049019 6.639752 0.759098 3.484674 0.000000 9.617877 1.684979 -10.034328 2.216782 1.396360 -0.000000 22.037384 7.501072 -0.000001 0.000000 0.000000 -4.570001 11.014859 -2.160838 0.564942 3.892524 11.640243 7.532232 4.273115 69.674821 -0.000023 27.657002 0.000048 16.560451 2.133981 -0.309603 -2.464793 -1.573994 2.681914 -2.459340 -8.113221 -14.701617 4.388198 -23.165121 -4.060539 -2.646266 -1.527797 1.527812 -1.888523 5.769237 2.214425 -1.994601 -1.151579 1.151583 -0.000003 0.000003 -0.000002 -9.108300 -0.517868 2.259806 0.948985 -3.671717 22.558643 0.125116 -1.315731 10.863265 0.301151 -2.027941 16.891121 -0.000000 0.000001 -0.000000 -9.532508 0.000014 0.000001 0.105073 -1.287491 14.311595 0.228969 -1.773109 14.715451 -2.648414 -4.956685 27.068183 -0.000000 0.000001 0.000001 -9.103595 -0.043101 -1.865100 0.456286 -2.481697 20.887383 0.152177 -1.449690 11.985334 -10.818196 -6.505110 19.472311 0.000001 0.000001 -0.000003 -8.076698 -0.486726 -3.806296 0.356179 -2.223811 15.933429 0.249017 -1.847665 15.349522 0.561472 -2.741991 23.140999 0.000001 0.000002 0.000002 4.570401 11.014692 -2.160813 0.580690 -6.386100 -12.829201 6.230400 6.001659 -65.963255 0.000005 -22.287208 0.000024 14.275481 -6.492636 -5.039740 2.466074 -1.576202 2.681699 -0.344783 20.783714 10.152029 6.828065 22.694977 0.100627 2.647890 -1.528749 1.528749 -3.193401 21.752180 -4.712047 1.998925 -1.154098 1.154073 -0.000004 -0.000001 -0.000000 9.109282 -0.518008 2.259900 -0.150745 -0.027653 -11.719846 0.209396 1.688493 -14.138364 0.323087 2.088428 -17.587833 -0.000001 0.000001 -0.000002 9.533396 0.000001 -0.000002 -0.025938 0.057221 -5.468087 0.248219 1.835730 -15.401327 0.361802 2.206772 -18.620926 -0.000001 -0.000003 0.000002 9.104491 -0.042997 -1.865101 -0.110087 0.174416 -11.750056 0.301329 2.018542 -16.980484 0.699747 3.029331 -26.009220 -0.000001 -0.000002 0.000002 8.077789 -0.486885 -3.806301 1.183055 5.679302 -13.460407 0.232696 -2.270135 -15.469455 0.171384 1.529725 -12.784538 -0.000002 -0.000003 -0.000005 -8.207802 -6.751706 -1.599542 -15.872029 -6.498445 -10.696659 30.218949 6.397482 -2.807940 -13.052480 3.435562 5.403675 -0.727023 -0.000000 0.000000 -0.000000 -0.000000 -0.000000 8.207798 -6.751702 -1.599544 -11.036275 2.805080 -11.040438 24.868992 8.516500 -1.017409 -12.537344 19.432950 8.452975 -0.881165 0.025813 -1.680624 0.000000 0.000001 0.000000 
10.550491 100.606224 1.762969 -2.772832 -15.752996 3.363404 0.000002 10.181550 0.131524 -3.901893 0.199342 -6.932203 0.639271 -0.999491 -1.852127 0.635946 -0.922404 -1.871237 0.000001 16.740366 -2.049021 6.597721 0.763930 3.495915 -0.000001 9.617843 1.684978 -10.245795 2.179333 1.419250 0.000002 22.037399 7.501065 -0.000000 -0.000002 0.000000 -4.569998 11.014872 -2.160842 0.563951 3.981061 11.703209 7.203163 4.510534 69.471719 -0.000002 27.605036 0.000066 16.727278 2.071892 -0.293027 -2.464786 -1.573987 2.681908 -2.460326 -8.105269 -14.701876 4.378596 -23.143263 -4.062764 -2.646263 -1.527815 1.527815 -1.909961 5.811932 2.219103 -1.994613 -1.151582 1.151578 0.000001 -0.000004 0.000003 -9.108307 -0.517871 2.259803 0.948321 -3.671676 22.525125 0.124433 -1.312204 10.833846 0.298172 -2.018123 16.806872 0.000001 0.000001 0.000001 -9.532493 0.000020 -0.000001 0.108290 -1.298729 14.266956 0.226820 -1.764899 14.645684 -2.674973 -4.950679 26.974852 0.000001 0.000001 0.000001 -9.103581 -0.043104 -1.865103 0.458645 -2.487903 20.831372 0.151040 -1.444262 11.939849 -10.825391 -6.490650 19.424648 0.000002 0.000002 0.000000 -8.076678 -0.486726 -3.806300 0.356583 -2.226243 15.880318 0.247298 -1.841489 15.296893 0.559060 -2.736318 23.090259 0.000000 -0.000001 -0.000001 4.570401 11.014675 -2.160818 0.575789 -6.502328 -12.950512 5.948023 5.794370 -65.764825 0.000008 -22.367987 0.000006 14.443540 -6.426570 -5.191735 2.466089 -1.576215 2.681702 -0.335033 20.800025 10.127791 6.830816 22.742337 0.093104 2.647888 -1.528746 1.528748 -3.148513 21.770552 -4.777674 1.998921 -1.154095 1.154078 -0.000001 0.000001 0.000001 9.109288 -0.518015 2.259901 -0.150362 -0.032575 -11.666435 0.207405 1.680651 -14.071249 0.319281 2.076373 -17.482807 0.000006 0.000001 -0.000000 9.533392 0.000003 0.000004 -0.025378 0.056711 -5.410649 0.246209 1.828436 -15.338486 0.358482 2.196870 -18.534260 -0.000002 0.000001 -0.000003 9.104486 -0.042994 -1.865096 -0.111774 0.159300 -11.687612 0.300051 2.014377 -16.944400 0.696819 3.023338 -25.953947 0.000003 0.000001 0.000004 8.077800 -0.486884 -3.806301 1.180098 5.682548 -13.409899 0.230197 -2.279231 -15.391456 0.168085 1.515156 -12.660681 -0.000002 -0.000003 -0.000001 -8.207802 -6.751721 -1.599542 -15.852111 -6.510099 -10.717129 30.238371 6.376557 -2.809099 -13.061945 3.437023 5.414980 -0.716903 0.000019 0.000001 -0.000000 -0.000000 -0.000000 8.207800 -6.751710 -1.599546 -11.016694 2.802864 -11.044089 24.889493 8.512822 -1.028536 -12.534356 19.355701 8.458975 -0.882267 0.025897 -1.682931 -0.000000 -0.000000 0.000000 
10.560541 100.602654 1.753349 -2.794428 -15.724636 3.360174 -0.000001 10.181539 0.131522 -4.060294 0.229795 -6.944567 0.871551 -0.998428 -1.864487 0.869117 -0.914454 -1.883999 -0.000000 16.740372 -2.049020 6.532157 0.765433 3.514270 0.000001 9.617838 1.684979 -10.456477 2.129800 1.455632 0.000002 22.037384 7.501072 -0.000001 0.000000 -0.000000 -4.570001 11.014879 -2.160838 0.561672 4.035790 11.715844 6.869424 4.691975 69.385938 -0.000012 27.536777 0.000021 16.884994 2.041316 -0.304531 -2.464798 -1.573989 2.681911 -2.461267 -8.097471 -14.702115 4.369189 -23.121831 -4.064923 -2.646262 -1.527804 1.527816 -1.931008 5.853791 2.223732 -1.994603 -1.151584 1.151576 -0.000000 -0.000001 0.000008 -9.108292 -0.517888 2.259806 0.947643 -3.671678 22.492283 0.123776 -1.308759 10.804999 0.295269 -2.008504 16.724282 0.000001 0.000001 0.000003 -9.532498 0.000001 0.000001 0.111404 -1.309764 14.223177 0.224714 -1.756847 14.577323 -2.701012 -4.944714 26.883281 0.000001 0.000001 0.000001 -9.103601 -0.043101 -1.865102 0.460958 -2.493997 20.776481 0.149913 -1.438940 11.895269 -10.832396 -6.476449 19.377966 0.000000 0.000000 -0.000000 -8.076694 -0.486730 -3.806298 0.356943 -2.228631 15.828277 0.245653 -1.835433 15.245257 0.556699 -2.730747 23.040473 0.000002 0.000001 0.000002 4.570402 11.014689 -2.160811 0.572084 -6.586034 -13.034345 5.706556 5.537632 -65.578108 0.000011 -22.475924 0.000004 14.624448 -6.365568 -5.353048 2.466083 -1.576212 2.681692 -0.326104 20.813707 10.105016 6.832858 22.785487 0.085908 2.647892 -1.528742 1.528749 -3.106114 21.784099 -4.841159 1.998921 -1.154096 1.154072 0.000001 0.000002 0.000001 9.109291 -0.518011 2.259894 -0.149999 -0.037386 -11.614127 0.205486 1.672955 -14.005497 0.315553 2.064523 -17.379958 -0.000002 -0.000001 0.000000 9.533393 -0.000002 -0.000003 -0.024838 0.056185 -5.354409 0.244243 1.821271 -15.276971 0.355232 2.187176 -18.449388 -0.000001 0.000000 -0.000002 9.104484 -0.042994 -1.865101 -0.113419 0.144487 -11.626477 0.298808 2.010309 -16.909079 0.693982 3.017490 -25.899850 -0.000002 -0.000001 0.000001 8.077783 -0.486885 -3.806303 1.177189 5.685701 -13.360457 0.227732 -2.288147 -15.315104 0.164886 1.500875 -12.539346 -0.000001 -0.000003 0.000000 -8.207805 -6.751715 -1.599543 -15.841092 -6.513957 -10.727345 30.252192 6.361717 -2.809728 -13.066883 3.438504 5.423989 -0.706076 0.000003 -0.000000 -0.000000 -0.000000 -0.000000 8.207800 -6.751716 -1.599545 -11.006005 2.798771 -11.045548 24.903249 8.510132 -1.034735 -12.538153 19.309466 8.463697 -0.879936 0.025765 -1.678732 0.000000 0.000000 0.000000 
10.571226 100.600212 1.751745 -2.808845 -15.715362 3.355276 0.000000 10.181555 0.131522 -4.220674 0.260565 -6.952681 1.079112 -0.995104 -1.869495 1.077524 -0.904636 -1.888974 0.000002 16.740358 -2.049022 6.477055 0.765145 3.510473 0.000001 9.617867 1.684978 -10.658499 2.074761 1.454764 0.000001 22.037384 7.501073 -0.000000 -0.000002 -0.000000 -4.569996 11.014883 -2.160839 0.559680 4.104633 11.746666 6.596969 4.832017 69.273172 -0.000017 27.491935 0.000052 17.032634 1.986092 -0.296621 -2.464793 -1.573986 2.681908 -2.462185 -8.089849 -14.702406 4.359987 -23.100839 -4.067052 -2.646290 -1.527821 1.527823 -1.951626 5.894806 2.228302 -1.994605 -1.151580 1.151580 -0.000000 -0.000001 -0.000000 -9.108303 -0.517861 2.259803 0.946973 -3.671628 22.460080 0.123135 -1.305385 10.776719 0.292417 -1.999066 16.643368 0.000003 -0.000000 0.000000 -9.532501 0.000019 -0.000001 0.114423 -1.320574 14.180297 0.222687 -1.748947 14.510324 -2.726554 -4.938805 26.793594 -0.000001 0.000001 0.000006 -9.103593 -0.043087 -1.865100 0.463177 -2.499979 20.722661 0.148843 -1.433738 11.851545 -10.839273 -6.462533 19.332222 -0.000000 0.000001 -0.000001 -8.076684 -0.486710 -3.806299 0.357300 -2.230962 15.777252 0.244019 -1.829492 15.194726 0.554383 -2.725293 22.991752 0.000000 -0.000000 0.000002 4.570403 11.014692 -2.160814 0.569091 -6.655844 -13.136888 5.539240 5.293490 -65.379773 0.000002 -22.620449 -0.000009 14.792148 -6.295390 -5.565150 2.466095 -1.576207 2.681694 -0.318008 20.823903 10.083635 6.834162 22.824307 0.079050 2.647880 -1.528749 1.528746 -3.066331 21.792405 -4.902385 1.998937 -1.154074 1.154078 0.000002 0.000000 -0.000002 9.109300 -0.518017 2.259894 -0.149639 -0.042071 -11.562950 0.203621 1.665446 -13.941184 0.311938 2.052960 -17.279327 -0.000003 -0.000002 -0.000002 9.533387 0.000000 -0.000005 -0.024341 0.055697 -5.299370 0.242335 1.814272 -15.216774 0.352060 2.177673 -18.366375 -0.000001 -0.000003 0.000000 9.104488 -0.043003 -1.865104 -0.115034 0.129998 -11.566627 0.297594 2.006314 -16.874542 0.691197 3.011758 -25.846906 0.000004 0.000002 0.000004 8.077803 -0.486882 -3.806309 1.174352 5.688795 -13.312075 0.225367 -2.296846 -15.240345 0.161797 1.486901 -12.420641 0.000001 -0.000003 -0.000002 -8.207803 -6.751716 -1.599544 -15.832281 -6.517669 -10.734015 30.259220 6.360784 -2.811841 -13.070107 3.440035 5.431811 -0.691981 0.000005 -0.000000 0.000000 -0.000002 -0.000000 8.207801 -6.751712 -1.599546 -10.999673 2.793525 -11.055560 24.912335 8.501035 -1.027767 -12.540939 19.313559 8.469003 -0.880471 0.025798 -1.679969 -0.000000 0.000000 0.000000 
10.580805 100.598663 1.754107 -2.811378 -15.708679 3.349318 0.000001 10.181545 0.131524 -4.383185 0.285613 -6.961150 1.260652 -0.998698 -1.874297 1.259910 -0.901952 -1.893686 0.000001 16.740355 -2.049019 6.433583 0.769152 3.505735 0.000000 9.617826 1.684974 -10.827296 2.035855 1.454040 0.000000 22.037369 7.501069 0.000001 -0.000000 -0.000000 -4.570000 11.014888 -2.160839 0.558866 4.155094 11.759905 6.376673 5.005864 69.163056 -0.000010 27.470725 0.000028 17.163707 1.918589 -0.266584 -2.464790 -1.573985 2.681911 -2.463058 -8.082392 -14.702605 4.350966 -23.080297 -4.069139 -2.646255 -1.527789 1.527821 -1.971812 5.934935 2.232763 -1.994578 -1.151571 1.151576 0.000001 -0.000003 -0.000002 -9.108295 -0.517884 2.259804 0.946333 -3.671628 22.428584 0.122489 -1.302058 10.749115 0.289687 -1.989834 16.564170 0.000002 -0.000000 -0.000000 -9.532500 0.000004 0.000002 0.117399 -1.331169 14.138308 0.220680 -1.741222 14.444774 -2.751527 -4.932950 26.705833 0.000001 0.000001 0.000005 -9.103604 -0.043106 -1.865101 0.465371 -2.505833 20.670012 0.147753 -1.428641 11.808817 -10.845980 -6.448905 19.287433 0.000002 -0.000001 0.000002 -8.076684 -0.486729 -3.806295 0.357634 -2.233271 15.727361 0.242474 -1.823689 15.145251 0.552086 -2.719943 22.944014 0.000001 0.000002 0.000004 4.570403 11.014677 -2.160815 0.566167 -6.721613 -13.231587 5.415155 5.129588 -65.254910 0.000011 -22.744342 -0.000003 15.030233 -6.250843 -5.741806 2.466084 -1.576204 2.681698 -0.310592 20.829604 10.063491 6.834712 22.858732 0.072589 2.647880 -1.528770 1.528753 -3.028579 21.798127 -4.961331 1.998932 -1.154084 1.154084 0.000001 0.000002 0.000003 9.109291 -0.518009 2.259898 -0.149270 -0.046624 -11.512897 0.201795 1.658071 -13.878338 0.308420 2.041621 -17.180965 -0.000001 0.000001 -0.000002 9.533390 0.000006 -0.000001 -0.023840 0.055216 -5.245581 0.240479 1.807428 -15.157966 0.348987 2.168397 -18.285214 -0.000003 0.000001 0.000002 9.104487 -0.042999 -1.865101 -0.116568 0.115836 -11.508155 0.296429 2.002419 -16.840753 0.688465 3.006151 -25.795157 -0.000001 0.000003 -0.000000 8.077799 -0.486895 -3.806302 1.171569 5.691817 -13.264751 0.223033 -2.305362 -15.167347 0.158796 1.473224 -12.304614 0.000002 0.000001 -0.000003 -8.207799 -6.751717 -1.599542 -15.829568 -6.526594 -10.736870 30.258175 6.372250 -2.814635 -13.071123 3.442252 5.437670 -0.673169 -0.000008 0.000002 0.000000 0.000000 0.000000 8.207801 -6.751706 -1.599543 -11.004998 2.788277 -11.064712 24.921115 8.489532 -1.017268 -12.542182 19.343804 8.473417 -0.883325 0.025965 -1.685613 -0.000000 0.000001 0.000000 
10.589060 100.597824 1.758032 -2.808981 -15.697926 3.345806 -0.000001 10.181549 0.131524 -4.541345 0.302951 -6.970902 1.426753 -1.012470 -1.880162 1.426834 -0.909592 -1.899605 0.000003 16.740345 -2.049024 6.383376 0.783821 3.491420 0.000000 9.617846 1.684975 -10.934954 2.068540 1.443417 0.000001 22.037384 7.501072 -0.000000 -0.000001 -0.000000 -4.569994 11.014877 -2.160842 0.560607 4.174601 11.755151 6.191888 5.190129 69.081052 -0.000013 27.468463 0.000048 17.336589 1.884171 -0.241445 -2.464791 -1.573996 2.681910 -2.463929 -8.075089 -14.702839 4.342159 -23.060211 -4.071118 -2.646267 -1.527807 1.527814 -1.991566 5.974145 2.237139 -1.994606 -1.151581 1.151578 -0.000001 -0.000002 0.000003 -9.108293 -0.517881 2.259805 0.945695 -3.671619 22.397799 0.121892 -1.298836 10.722045 0.287009 -1.980793 16.486786 -0.000001 0.000002 -0.000002 -9.532489 0.000005 0.000001 0.120270 -1.341508 14.097300 0.218721 -1.733667 14.380702 -2.775958 -4.927173 26.620053 0.000002 -0.000000 0.000004 -9.103590 -0.043105 -1.865101 0.467480 -2.511561 20.618550 0.146713 -1.423662 11.767012 -10.852564 -6.435604 19.243675 0.000002 0.000001 0.000000 -8.076690 -0.486728 -3.806298 0.357948 -2.235508 15.678551 0.240948 -1.817995 15.096905 0.549873 -2.714729 22.897400 0.000001 -0.000000 -0.000000 4.570403 11.014683 -2.160816 0.563355 -6.780856 -13.300075 5.327129 5.012348 -65.173194 0.000008 -22.845188 -0.000008 15.221019 -6.234657 -5.858118 2.466096 -1.576192 2.681697 -0.304154 20.833704 10.045178 6.834434 22.888664 0.066533 2.647899 -1.528743 1.528748 -2.992898 21.801276 -5.017795 1.998924 -1.154096 1.154072 0.000001 0.000002 0.000003 9.109292 -0.518011 2.259893 -0.148910 -0.051079 -11.464040 0.200035 1.650888 -13.816967 0.305017 2.030578 -17.084946 -0.000001 -0.000002 -0.000003 9.533388 -0.000001 -0.000003 -0.023344 0.054752 -5.193067 0.238670 1.800754 -15.100522 0.345999 2.159320 -18.205958 0.000001 -0.000003 -0.000002 9.104486 -0.043001 -1.865104 -0.118042 0.102007 -11.451049 0.295254 1.998614 -16.807779 0.685845 3.000681 -25.744648 0.000000 -0.000000 0.000001 8.077791 -0.486898 -3.806304 1.168828 5.694756 -13.218615 0.220777 -2.313690 -15.096035 0.155921 1.459890 -12.191346 0.000001 0.000002 -0.000000 -8.207803 -6.751722 -1.599543 -15.829518 -6.537694 -10.741080 30.254975 6.379303 -2.816221 -13.072189 3.444683 5.443327 -0.656921 -0.000009 -0.000003 0.000000 -0.000000 -0.000000 8.207800 -6.751706 -1.599544 -11.009235 2.778505 -11.074959 24.919911 8.482698 -1.007051 -12.544206 19.368936 8.476247 -0.883532 0.025989 -1.686267 0.000000 -0.000000 0.000000 
10.596951 100.597717 1.763153 -2.810613 -15.686701 3.344275 -0.000000 10.181547 0.131523 -4.690703 0.318149 -6.981189 1.582856 -1.035597 -1.886261 1.583739 -0.926856 -1.905989 0.000004 16.740387 -2.049024 6.323845 0.807196 3.469598 0.000000 9.617865 1.684977 -11.048765 2.138520 1.433070 0.000001 22.037354 7.501075 -0.000000 -0.000001 -0.000000 -4.569996 11.014880 -2.160843 0.557560 4.220809 11.743910 6.043332 5.344228 69.013126 -0.000008 27.508088 0.000031 17.456983 1.830244 -0.276670 -2.464809 -1.573994 2.681907 -2.464802 -8.067960 -14.703048 4.333553 -23.040615 -4.073105 -2.646252 -1.527825 1.527817 -2.010856 6.012435 2.241444 -1.994594 -1.151582 1.151577 0.000001 -0.000002 -0.000002 -9.108304 -0.517873 2.259803 0.945066 -3.671580 22.367777 0.121291 -1.295675 10.695643 0.284391 -1.971973 16.411206 0.000002 -0.000001 -0.000001 -9.532509 0.000015 -0.000004 0.123046 -1.351626 14.057286 0.216846 -1.726285 14.318117 -2.799809 -4.921475 26.536291 0.000002 0.000002 0.000004 -9.103591 -0.043085 -1.865101 0.469514 -2.517164 20.568326 0.145702 -1.418792 11.726208 -10.858953 -6.422594 19.200963 0.000001 -0.000001 -0.000000 -8.076702 -0.486727 -3.806300 0.358256 -2.237707 15.630932 0.239422 -1.812458 15.049656 0.547741 -2.709626 22.851853 -0.000000 -0.000001 0.000000 4.570397 11.014677 -2.160818 0.561460 -6.820146 -13.345461 5.252640 4.934872 -65.116995 -0.000016 -22.944277 -0.000004 15.326606 -6.183753 -5.991622 2.466098 -1.576197 2.681697 -0.298690 20.836160 10.028674 6.833417 22.914084 0.060862 2.647896 -1.528754 1.528758 -2.960069 21.798839 -5.071947 1.998925 -1.154079 1.154077 0.000002 0.000002 -0.000000 9.109291 -0.518014 2.259901 -0.148584 -0.055420 -11.416447 0.198296 1.643882 -13.757147 0.301710 2.019786 -16.991323 -0.000002 -0.000002 -0.000001 9.533390 -0.000002 0.000000 -0.022903 0.054288 -5.141866 0.236947 1.794225 -15.044520 0.343083 2.150474 -18.128690 -0.000004 -0.000004 -0.000003 9.104486 -0.042998 -1.865105 -0.119447 0.088499 -11.395377 0.294153 1.994899 -16.775593 0.683275 2.995339 -25.695397 0.000000 0.000006 0.000000 8.077803 -0.486896 -3.806304 1.166156 5.697617 -13.173584 0.218597 -2.321797 -15.026514 0.153110 1.446866 -12.080893 -0.000001 -0.000000 -0.000002 -8.207803 -6.751724 -1.599542 -15.824778 -6.550478 -10.749676 30.251017 6.389201 -2.816944 -13.073968 3.446536 5.448235 -0.644043 -0.000010 0.000003 -0.000000 0.000001 0.000000 8.207800 -6.751717 -1.599543 -11.003511 2.768516 -11.088571 24.908710 8.476722 -0.997799 -12.545985 19.400150 8.478438 -0.882233 0.025914 -1.684027 -0.000000 0.000001 0.000000 
10.605492 100.598686 1.767868 -2.830688 -15.675417 3.339452 0.000001 10.181539 0.131523 -4.830375 0.331550 -6.989506 1.728417 -1.060736 -1.890344 1.730063 -0.946470 -1.910362 0.000000 16.740364 -2.049018 6.253365 0.834674 3.439747 0.000001 9.617852 1.684978 -11.190887 2.222090 1.436676 -0.000002 22.037384 7.501077 0.000001 0.000000 0.000000 -4.570000 11.014871 -2.160836 0.566009 4.196323 11.741922 5.883986 5.484062 68.957658 -0.000010 27.543503 0.000042 17.581677 1.798042 -0.226834 -2.464807 -1.573987 2.681910 -2.465675 -8.061007 -14.703294 4.325152 -23.021494 -4.075030 -2.646270 -1.527814 1.527820 -2.029664 6.049764 2.245652 -1.994597 -1.151581 1.151576 -0.000002 -0.000001 -0.000000 -9.108312 -0.517890 2.259802 0.944457 -3.671577 22.338451 0.120720 -1.292586 10.669936 0.281842 -1.963376 16.337500 -0.000002 -0.000000 -0.000002 -9.532516 0.000012 -0.000002 0.125757 -1.361488 14.018203 0.215009 -1.719087 14.257146 -2.823088 -4.915854 26.454660 -0.000001 0.000001 -0.000001 -9.103614 -0.043102 -1.865103 0.471519 -2.522627 20.519307 0.144711 -1.414041 11.686426 -10.865146 -6.409884 19.159278 0.000002 -0.000000 0.000004 -8.076709 -0.486731 -3.806301 0.358544 -2.239859 15.584472 0.237981 -1.807038 15.003629 0.545639 -2.704650 22.807467 -0.000001 -0.000000 0.000002 4.570403 11.014667 -2.160811 0.559015 -6.869655 -13.399129 5.182893 4.894948 -65.042922 0.000011 -23.039333 0.000016 15.419154 -6.127964 -6.128112 2.466083 -1.576213 2.681699 -0.294251 20.836955 10.014048 6.831638 22.934831 0.055469 2.647878 -1.528732 1.528742 -2.930135 21.791345 -5.123603 1.998921 -1.154094 1.154082 0.000000 -0.000005 -0.000002 9.109285 -0.518009 2.259899 -0.148209 -0.059557 -11.370037 0.196636 1.637057 -13.698847 0.298500 2.009276 -16.900120 -0.000001 -0.000002 -0.000002 9.533381 -0.000002 0.000000 -0.022438 0.053832 -5.092020 0.235203 1.787855 -14.989941 0.340260 2.141860 -18.053462 0.000003 -0.000003 -0.000002 9.104494 -0.043001 -1.865102 -0.120819 0.075362 -11.341160 0.293059 1.991286 -16.744298 0.680744 2.990129 -25.647418 0.000002 -0.000001 -0.000002 8.077793 -0.486895 -3.806302 1.163539 5.700422 -13.129722 0.216483 -2.329693 -14.958749 0.150384 1.434169 -11.973323 -0.000003 -0.000000 0.000001 -8.207801 -6.751714 -1.599547 -15.800591 -6.565037 -10.761521 30.244901 6.401859 -2.816309 -13.075700 3.447050 5.452429 -0.637334 0.000005 0.000005 -0.000000 0.000000 0.000000 8.207801 -6.751709 -1.599545 -10.971836 2.761763 -11.102695 24.885808 8.470695 -0.990924 -12.550489 19.430732 8.481825 -0.878786 0.025729 -1.677715 0.000000 -0.000001 0.000000 
10.616002 100.598801 1.771250 -2.854763 -15.670783 3.334252 -0.000002 10.181537 0.131523 -4.959616 0.342919 -6.997120 1.862942 -1.086897 -1.892296 1.865286 -0.967557 -1.912643 -0.000000 16.740353 -2.049021 6.184687 0.857185 3.411360 -0.000001 9.617840 1.684973 -11.368180 2.296420 1.391974 -0.000001 22.037369 7.501074 -0.000000 -0.000000 0.000000 -4.570002 11.014850 -2.160839 0.574268 4.170569 11.729739 5.729517 5.593341 68.924784 0.000007 27.579356 0.000003 17.747990 1.735217 -0.139402 -2.464798 -1.573990 2.681908 -2.466490 -8.054225 -14.703536 4.316983 -23.002894 -4.076915 -2.646260 -1.527812 1.527814 -2.047997 6.086106 2.249787 -1.994621 -1.151594 1.151574 0.000001 -0.000004 0.000003 -9.108297 -0.517870 2.259800 0.943880 -3.671571 22.309898 0.120136 -1.289586 10.644881 0.279403 -1.954989 16.265754 -0.000001 0.000001 0.000000 -9.532495 0.000002 -0.000005 0.128371 -1.371102 13.980183 0.213239 -1.712077 14.197710 -2.845713 -4.910330 26.375155 0.000001 0.000001 0.000001 -9.103597 -0.043102 -1.865103 0.473421 -2.527963 20.471598 0.143768 -1.409426 11.647674 -10.871160 -6.397514 19.118750 0.000001 -0.000001 -0.000002 -8.076684 -0.486725 -3.806302 0.358829 -2.241930 15.539271 0.236586 -1.801750 14.958784 0.543589 -2.699808 22.764225 0.000001 0.000001 0.000004 4.570404 11.014678 -2.160814 0.555977 -6.929370 -13.454594 5.109376 4.887731 -64.970617 0.000008 -23.116977 0.000031 15.508450 -6.079806 -6.229604 2.466090 -1.576205 2.681699 -0.292056 20.836033 10.001372 6.828985 22.950834 0.050518 2.647890 -1.528754 1.528748 -2.902811 21.779240 -5.172789 1.998928 -1.154093 1.154081 0.000003 0.000001 0.000001 9.109279 -0.518013 2.259901 -0.147837 -0.063557 -11.324890 0.195003 1.630399 -13.642162 0.295404 1.999043 -16.811420 0.000001 -0.000000 -0.000004 9.533382 0.000011 -0.000001 -0.021997 0.053395 -5.043479 0.233575 1.781693 -14.936881 0.337524 2.133457 -17.980256 0.000002 0.000002 0.000001 9.104483 -0.042995 -1.865100 -0.122111 0.062565 -11.288400 0.291998 1.987782 -16.713808 0.678316 2.985065 -25.600756 -0.000001 -0.000001 0.000002 8.077783 -0.486887 -3.806301 1.160992 5.703118 -13.087067 0.214434 -2.337392 -14.892901 0.147785 1.421822 -11.868669 -0.000002 0.000002 0.000000 -8.207801 -6.751708 -1.599541 -15.776938 -6.578925 -10.774295 30.242899 6.418106 -2.817559 -13.077460 3.446939 5.457077 -0.635655 0.000012 -0.000002 0.000000 -0.000001 0.000000 8.207798 -6.751710 -1.599545 -10.938730 2.757372 -11.119095 24.866434 8.461422 -0.982375 -12.556375 19.464369 8.486975 -0.875077 0.025534 -1.670909 -0.000000 0.000000 0.000000 
10.628455 100.597198 1.774131 -2.882012 -15.666620 3.328558 -0.000000 10.181547 0.131523 -5.077788 0.351691 -7.004302 1.985938 -1.115512 -1.890213 1.988891 -0.991674 -1.911087 0.000001 16.740383 -2.049026 6.113769 0.877369 3.378178 0.000000 9.617841 1.684981 -11.537755 2.365983 1.334009 -0.000003 22.037384 7.501073 0.000000 0.000001 0.000000 -4.569995 11.014861 -2.160843 0.579317 4.145351 11.750629 5.587752 5.655969 68.867370 -0.000008 27.601008 0.000064 17.960858 1.712937 -0.027749 -2.464801 -1.574003 2.681911 -2.467367 -8.047655 -14.703772 4.309046 -22.984782 -4.078712 -2.646257 -1.527818 1.527817 -2.065820 6.121449 2.253781 -1.994601 -1.151579 1.151577 0.000000 0.000000 0.000001 -9.108315 -0.517867 2.259803 0.943280 -3.671546 22.282135 0.119585 -1.286668 10.620492 0.277059 -1.946839 16.195994 -0.000000 0.000001 0.000000 -9.532510 0.000014 0.000001 0.130885 -1.380461 13.943176 0.211506 -1.705261 14.139926 -2.867758 -4.904910 26.297835 0.000001 -0.000001 0.000000 -9.103607 -0.043105 -1.865102 0.475270 -2.533141 20.425216 0.142827 -1.404935 11.609985 -10.877051 -6.385479 19.079300 0.000001 -0.000000 -0.000000 -8.076701 -0.486696 -3.806299 0.359080 -2.243968 15.495249 0.235198 -1.796641 14.915198 0.541612 -2.695079 22.722187 -0.000002 0.000001 0.000001 4.570407 11.014694 -2.160819 0.553420 -6.978471 -13.501551 5.043450 4.886551 -64.906687 -0.000003 -23.185893 0.000009 15.604161 -6.053346 -6.214372 2.466084 -1.576218 2.681707 -0.291602 20.832391 9.990445 6.824790 22.961972 0.047600 2.647897 -1.528758 1.528747 -2.878327 21.762547 -5.219424 1.998920 -1.154079 1.154070 0.000002 -0.000003 0.000002 9.109280 -0.518010 2.259901 -0.147516 -0.067450 -11.281079 0.193471 1.623960 -13.587086 0.292401 1.989098 -16.725274 -0.000001 0.000001 0.000001 9.533393 0.000012 0.000001 -0.021598 0.052984 -4.996381 0.231975 1.775670 -14.885366 0.334892 2.125315 -17.909152 0.000001 -0.000001 -0.000002 9.104479 -0.043000 -1.865098 -0.123378 0.050155 -11.237177 0.290982 1.984360 -16.684228 0.675962 2.980149 -25.555417 0.000003 -0.000001 -0.000001 8.077784 -0.486886 -3.806298 1.158494 5.705753 -13.045651 0.212444 -2.344863 -14.828901 0.145268 1.409824 -11.767040 -0.000002 -0.000003 -0.000004 -8.207801 -6.751724 -1.599543 -15.753488 -6.589885 -10.786733 30.247329 6.432584 -2.822101 -13.082183 3.445981 5.464623 -0.635416 0.000001 -0.000003 0.000000 -0.000001 0.000000 8.207801 -6.751704 -1.599546 -10.910782 2.755438 -11.133021 24.863594 8.451066 -0.979428 -12.561918 19.490396 8.494686 -0.875293 0.025535 -1.671583 0.000000 0.000001 0.000000 
10.642086 100.594765 1.776112 -2.902832 -15.665961 3.326439 -0.000000 10.181555 0.131522 -5.184596 0.354584 -7.011846 2.099176 -1.148234 -1.887317 2.102679 -1.020363 -1.908987 0.000002 16.740362 -2.049016 6.052737 0.891820 3.350184 -0.000000 9.617833 1.684976 -11.674680 2.420719 1.259530 0.000000 22.037369 7.501075 -0.000000 -0.000001 -0.000000 -4.569993 11.014883 -2.160837 0.581805 4.131361 11.765729 5.479046 5.697427 68.812284 -0.000013 27.636445 0.000044 18.068384 1.685637 0.052436 -2.464806 -1.573994 2.681909 -2.468295 -8.041237 -14.703966 4.301368 -22.967199 -4.080424 -2.646267 -1.527814 1.527820 -2.083154 6.155768 2.257703 -1.994603 -1.151584 1.151580 0.000002 -0.000005 0.000002 -9.108311 -0.517867 2.259803 0.942693 -3.671540 22.255169 0.119081 -1.283848 10.596852 0.274729 -1.938908 16.128223 -0.000000 0.000001 0.000001 -9.532495 0.000004 -0.000001 0.133332 -1.389542 13.907257 0.209834 -1.698635 14.083850 -2.889153 -4.899607 26.222782 -0.000000 0.000001 0.000002 -9.103601 -0.043099 -1.865101 0.477043 -2.538183 20.380164 0.141935 -1.400578 11.573409 -10.882762 -6.373798 19.040979 -0.000000 -0.000001 0.000001 -8.076689 -0.486728 -3.806300 0.359302 -2.245955 15.452560 0.233876 -1.791650 14.872874 0.539704 -2.690508 22.681373 -0.000001 -0.000001 -0.000002 4.570408 11.014661 -2.160812 0.552454 -7.001242 -13.550386 4.969181 4.881707 -64.848821 -0.000009 -23.241295 -0.000004 15.719576 -6.034868 -6.199107 2.466091 -1.576216 2.681700 -0.291964 20.823409 9.980841 6.819514 22.966538 0.045018 2.647893 -1.528757 1.528746 -2.856512 21.741103 -5.263370 1.998912 -1.154094 1.154074 0.000000 -0.000003 0.000002 9.109277 -0.518012 2.259903 -0.147184 -0.071389 -11.238559 0.191949 1.617691 -13.533676 0.289498 1.979448 -16.641700 -0.000002 0.000002 -0.000002 9.533393 0.000011 0.000001 -0.021195 0.052578 -4.950655 0.230427 1.769853 -14.835376 0.332342 2.117400 -17.840193 -0.000000 0.000000 -0.000004 9.104496 -0.042995 -1.865099 -0.124567 0.038092 -11.187467 0.289987 1.981048 -16.655531 0.673699 2.975387 -25.511431 0.000006 0.000001 0.000001 8.077801 -0.486898 -3.806301 1.156078 5.708296 -13.005444 0.210547 -2.352096 -14.766843 0.142865 1.398175 -11.668459 -0.000002 -0.000001 -0.000001 -8.207798 -6.751702 -1.599544 -15.737907 -6.587040 -10.793616 30.255949 6.429841 -2.834615 -13.087720 3.444281 5.480211 -0.633063 0.000007 0.000002 -0.000000 -0.000000 -0.000000 8.207803 -6.751685 -1.599543 -10.887650 2.754094 -11.143396 24.859607 8.450951 -0.985939 -12.571596 19.494796 8.505046 -0.872730 0.025393 -1.666946 0.000000 -0.000001 0.000000 
10.659417 100.589622 1.776151 -2.927774 -15.677483 3.332678 -0.000002 10.181555 0.131523 -5.278093 0.359790 -7.018063 2.206097 -1.170247 -1.885207 2.210069 -1.038785 -1.907153 -0.000000 16.740362 -2.049022 5.993076 0.903016 3.332805 0.000000 9.617838 1.684979 -11.807462 2.453705 1.228395 0.000002 22.037354 7.501075 -0.000000 -0.000001 -0.000000 -4.570000 11.014874 -2.160840 0.582579 4.130760 11.757255 5.412398 5.712996 68.772403 0.000006 27.701488 0.000005 18.040797 1.660877 0.026221 -2.464805 -1.573992 2.681911 -2.469179 -8.035017 -14.704212 4.293865 -22.950175 -4.082185 -2.646280 -1.527802 1.527816 -2.099949 6.189018 2.261526 -1.994591 -1.151582 1.151579 0.000001 -0.000003 0.000003 -9.108323 -0.517883 2.259803 0.942184 -3.671531 22.229062 0.118537 -1.281105 10.573891 0.272524 -1.931237 16.062544 0.000001 -0.000001 -0.000001 -9.532514 0.000006 -0.000001 0.135699 -1.398347 13.872453 0.208231 -1.692217 14.029485 -2.909906 -4.894405 26.150040 -0.000002 0.000002 0.000002 -9.103614 -0.043106 -1.865101 0.478778 -2.543073 20.336475 0.141083 -1.396343 11.537959 -10.888326 -6.362475 19.003874 0.000000 -0.000001 -0.000004 -8.076694 -0.486729 -3.806298 0.359551 -2.247859 15.411150 0.232585 -1.786822 14.831855 0.537854 -2.686062 22.641816 -0.000001 0.000003 0.000003 4.570398 11.014708 -2.160814 0.551061 -7.025844 -13.578282 4.896998 4.888448 -64.805757 0.000007 -23.287163 0.000018 15.771880 -6.031179 -6.183780 2.466095 -1.576216 2.681701 -0.293911 20.811373 9.973385 6.813638 22.967329 0.042655 2.647896 -1.528739 1.528744 -2.837693 21.714905 -5.304734 1.998928 -1.154092 1.154082 0.000002 -0.000003 0.000002 9.109284 -0.518009 2.259903 -0.146949 -0.075399 -11.197417 0.190504 1.611631 -13.481978 0.286726 1.970102 -16.560799 0.000005 -0.000001 -0.000002 9.533390 0.000013 0.000004 -0.020812 0.052174 -4.906426 0.228921 1.764216 -14.786957 0.329878 2.109746 -17.773419 -0.000001 -0.000000 -0.000002 9.104492 -0.042997 -1.865097 -0.125738 0.026433 -11.139368 0.289042 1.977834 -16.627744 0.671481 2.970755 -25.468862 0.000001 0.000001 0.000002 8.077791 -0.486881 -3.806298 1.153727 5.710765 -12.966512 0.208673 -2.359127 -14.706760 0.140550 1.386902 -11.573013 -0.000002 -0.000002 0.000000 -8.207802 -6.751698 -1.599541 -15.731478 -6.580955 -10.807454 30.281118 6.436907 -2.859957 -13.098516 3.442108 5.501132 -0.628861 0.000005 0.000001 0.000000 0.000000 0.000000 8.207799 -6.751697 -1.599542 -10.867091 2.756108 -11.164889 24.865580 8.440201 -0.994531 -12.581864 19.511752 8.522804 -0.872884 0.025412 -1.667503 -0.000000 -0.000000 0.000000 
10.679983 100.584000 1.778620 -2.943017 -15.690247 3.342294 0.000003 10.181571 0.131523 -5.358283 0.363152 -7.023798 2.294453 -1.191656 -1.882866 2.298828 -1.057139 -1.905194 0.000001 16.740351 -2.049015 5.950095 0.912836 3.313780 0.000000 9.617828 1.684977 -11.939044 2.475769 1.249431 0.000002 22.037354 7.501080 0.000001 0.000000 -0.000000 -4.569998 11.014890 -2.160835 0.585037 4.125439 11.731670 5.354248 5.733890 68.739113 -0.000014 27.749061 0.000012 17.916136 1.644514 -0.011141 -2.464797 -1.573988 2.681910 -2.469964 -8.029026 -14.704501 4.286616 -22.933692 -4.083802 -2.646290 -1.527823 1.527822 -2.116199 6.221205 2.265213 -1.994597 -1.151585 1.151572 -0.000002 -0.000000 0.000003 -9.108300 -0.517887 2.259807 0.941640 -3.671491 22.203809 0.118048 -1.278444 10.551695 0.270391 -1.923805 15.999011 -0.000001 -0.000001 0.000000 -9.532506 0.000004 0.000000 0.137944 -1.406877 13.838779 0.206681 -1.685991 13.976851 -2.929972 -4.889341 26.079633 -0.000001 0.000001 0.000000 -9.103613 -0.043108 -1.865098 0.480439 -2.547791 20.294237 0.140245 -1.392242 11.503652 -10.893668 -6.351510 18.967942 -0.000001 -0.000001 -0.000001 -8.076691 -0.486727 -3.806295 0.359769 -2.249716 15.371100 0.231359 -1.782150 14.792122 0.536051 -2.681763 22.603493 0.000002 -0.000000 0.000002 4.570402 11.014668 -2.160810 0.549694 -7.063904 -13.638880 4.844061 4.918693 -64.724430 -0.000000 -23.355957 0.000001 15.740118 -5.995853 -6.173575 2.466101 -1.576212 2.681696 -0.297451 20.796186 9.968172 6.807268 22.965133 0.040522 2.647897 -1.528759 1.528756 -2.822404 21.684068 -5.343544 1.998909 -1.154098 1.154065 -0.000001 0.000002 -0.000000 9.109297 -0.518010 2.259899 -0.146744 -0.079473 -11.157713 0.189088 1.605780 -13.431961 0.284040 1.961059 -16.482599 -0.000003 -0.000001 -0.000002 9.533402 0.000013 -0.000003 -0.020454 0.051811 -4.863653 0.227494 1.758763 -14.740170 0.327504 2.102326 -17.708879 -0.000000 -0.000005 -0.000001 9.104500 -0.042996 -1.865101 -0.126825 0.015161 -11.092866 0.288090 1.974728 -16.600874 0.669345 2.966274 -25.427712 -0.000001 0.000001 0.000001 8.077797 -0.486894 -3.806299 1.151430 5.713159 -12.928894 0.206899 -2.365927 -14.648683 0.138314 1.376005 -11.480747 -0.000004 -0.000000 -0.000000 -8.207797 -6.751690 -1.599543 -15.735130 -6.576218 -10.825808 30.306208 6.452771 -2.884966 -13.109518 3.439870 5.522769 -0.626511 -0.000001 0.000004 0.000000 0.000000 0.000000 8.207804 -6.751688 -1.599544 -10.852827 2.758941 -11.190970 24.866468 8.425255 -1.000985 -12.594742 19.532249 8.545860 -0.871596 0.025330 -1.665308 -0.000000 0.000000 0.000000 
10.702771 100.579948 1.783351 -2.951171 -15.699748 3.342284 0.000002 10.181570 0.131524 -5.424737 0.362623 -7.028728 2.363501 -1.215081 -1.880037 2.368214 -1.078078 -1.903045 0.000003 16.740372 -2.049023 5.926904 0.920331 3.317588 -0.000000 9.617835 1.684980 -12.000897 2.475018 1.246649 0.000001 22.037384 7.501074 0.000002 0.000001 -0.000000 -4.569994 11.014858 -2.160841 0.591324 4.072788 11.770901 5.296273 5.769057 68.665565 -0.000022 27.763068 0.000057 17.831976 1.644695 -0.090221 -2.464809 -1.573987 2.681909 -2.470543 -8.023229 -14.704772 4.279651 -22.917766 -4.085353 -2.646276 -1.527798 1.527821 -2.131927 6.252273 2.268743 -1.994605 -1.151587 1.151572 -0.000000 -0.000003 -0.000000 -9.108312 -0.517873 2.259803 0.941100 -3.671490 22.179381 0.117603 -1.275871 10.530256 0.268323 -1.916612 15.937630 0.000001 0.000001 0.000001 -9.532518 0.000000 0.000002 0.140118 -1.415117 13.806238 0.205208 -1.679983 13.926040 -2.949365 -4.884410 26.011669 -0.000000 0.000001 -0.000001 -9.103597 -0.043087 -1.865097 0.482016 -2.552381 20.253425 0.139453 -1.388293 11.470504 -10.898806 -6.340905 18.933249 0.000002 -0.000000 0.000001 -8.076703 -0.486729 -3.806298 0.359970 -2.251516 15.332397 0.230167 -1.777637 14.753794 0.534323 -2.677619 22.566537 -0.000001 0.000000 -0.000000 4.570403 11.014681 -2.160815 0.548299 -7.081847 -13.648397 4.795760 4.968945 -64.705988 -0.000018 -23.393990 0.000011 15.715789 -5.991931 -6.155461 2.466099 -1.576209 2.681701 -0.302050 20.777941 9.963977 6.799996 22.956863 0.038467 2.647895 -1.528760 1.528749 -2.810397 21.648399 -5.379607 1.998932 -1.154090 1.154080 0.000001 -0.000001 -0.000000 9.109296 -0.518015 2.259904 -0.146537 -0.083419 -11.119374 0.187750 1.600123 -13.383739 0.281459 1.952344 -16.407130 -0.000003 0.000001 -0.000001 9.533397 0.000008 0.000004 -0.020082 0.051439 -4.822375 0.226099 1.753486 -14.695041 0.325236 2.095185 -17.646615 0.000002 -0.000002 -0.000001 9.104497 -0.042998 -1.865095 -0.127867 0.004274 -11.047973 0.287213 1.971748 -16.574941 0.667283 2.961956 -25.388037 0.000001 0.000001 -0.000002 8.077811 -0.486882 -3.806300 1.149240 5.715451 -12.892609 0.205194 -2.372466 -14.592653 0.136190 1.365463 -11.391765 -0.000001 -0.000001 -0.000002 -8.207801 -6.751702 -1.599542 -15.735885 -6.572546 -10.836360 30.316064 6.461870 -2.900737 -13.113372 3.437580 5.543097 -0.619228 -0.000007 0.000003 0.000000 0.000000 0.000000 8.207799 -6.751688 -1.599544 -10.845380 2.759224 -11.208366 24.867143 8.420710 -1.003327 -12.605773 19.540702 8.565062 -0.870310 0.025276 -1.663089 -0.000000 0.000001 0.000000 
10.724767 100.575554 1.787432 -2.968156 -15.708878 3.346691 -0.000001 10.181551 0.131523 -5.476620 0.360013 -7.033662 2.415594 -1.239247 -1.876900 2.420567 -1.100338 -1.900796 0.000000 16.740349 -2.049019 5.907794 0.926115 3.327120 -0.000002 9.617842 1.684978 -12.061925 2.478101 1.257523 -0.000002 22.037369 7.501078 0.000000 0.000000 0.000000 -4.569996 11.014857 -2.160838 0.591068 4.055703 11.797428 5.250749 5.790600 68.613184 -0.000010 27.777705 0.000032 17.744649 1.634778 -0.161487 -2.464804 -1.574007 2.681909 -2.470849 -8.017705 -14.704979 4.272914 -22.902430 -4.086884 -2.646253 -1.527813 1.527810 -2.147073 6.282208 2.272236 -1.994590 -1.151585 1.151575 -0.000001 -0.000005 -0.000000 -9.108315 -0.517874 2.259805 0.940646 -3.671488 22.155846 0.117123 -1.273388 10.509597 0.266350 -1.909691 15.878487 -0.000001 0.000001 0.000002 -9.532505 -0.000002 0.000003 0.142222 -1.423044 13.774897 0.203763 -1.674199 13.877071 -2.968054 -4.879613 25.946159 0.000000 0.000001 0.000000 -9.103596 -0.043108 -1.865098 0.483546 -2.556780 20.214100 0.138680 -1.384479 11.438556 -10.903791 -6.330708 18.899834 0.000000 0.000001 0.000000 -8.076701 -0.486726 -3.806298 0.360178 -2.253231 15.295135 0.229018 -1.773287 14.716816 0.532653 -2.673620 22.530907 -0.000001 0.000001 0.000003 4.570405 11.014668 -2.160813 0.553882 -7.074757 -13.617414 4.740289 5.033054 -64.739723 0.000011 -23.388868 0.000003 15.695278 -5.996053 -6.111626 2.466091 -1.576207 2.681699 -0.307870 20.756568 9.961068 6.791885 22.942728 0.036613 2.647903 -1.528747 1.528749 -2.801406 21.607729 -5.412915 1.998917 -1.154081 1.154073 0.000000 -0.000001 -0.000000 9.109303 -0.518017 2.259897 -0.146309 -0.087232 -11.082463 0.186421 1.594670 -13.337329 0.278995 1.943943 -16.334495 0.000001 0.000002 -0.000001 9.533397 0.000007 -0.000003 -0.019743 0.051074 -4.782641 0.224768 1.748429 -14.651598 0.323031 2.088299 -17.586666 -0.000003 -0.000003 -0.000004 9.104493 -0.042997 -1.865102 -0.128844 -0.006208 -11.004779 0.286343 1.968845 -16.550026 0.665318 2.957806 -25.349803 0.000003 -0.000002 -0.000001 8.077801 -0.486901 -3.806304 1.147128 5.717662 -12.857669 0.203537 -2.378784 -14.538679 0.134142 1.355342 -11.306072 0.000001 -0.000004 -0.000001 -8.207800 -6.751699 -1.599543 -15.730479 -6.564141 -10.850720 30.331931 6.466106 -2.921125 -13.121149 3.435374 5.566521 -0.611947 -0.000001 0.000002 0.000000 -0.000001 -0.000000 8.207798 -6.751690 -1.599545 -10.827535 2.758309 -11.233387 24.864899 8.416660 -1.004242 -12.616348 19.547595 8.584108 -0.868543 0.025188 -1.659999 -0.000000 -0.000000 0.000000 
