HIERARCHY
ROOT hips
{
	OFFSET 0.000000 104.274902 0.000000
	CHANNELS 6 Xposition Yposition Zposition Xrotation Yrotation Zrotation
	JOINT spine
	{
		OFFSET 0.000000 10.181549 0.131524
		CHANNELS 6 Xposition Yposition Zposition Xrotation Yrotation Zrotation
		JOINT chest
		{
			OFFSET 0.000000 9.893990 -1.470706
			CHANNELS 3 Xrotation Yrotation Zrotation
			JOINT upperChest
			{
				OFFSET 0.000000 9.220787 -1.370637
				CHANNELS 3 Xrotation Yrotation Zrotation
				JOINT neck
				{
					OFFSET 0.000000 16.740372 -2.049022
					CHANNELS 6 Xposition Yposition Zposition Xrotation Yrotation Zrotation
					JOINT head
					{
						OFFSET 0.000000 9.617859 1.684976
						CHANNELS 6 Xposition Yposition Zposition Xrotation Yrotation Zrotation
						JOINT headEnd
						{
							OFFSET 0.000000 22.037384 7.501072
							CHANNELS 6 Xposition Yposition Zposition Xrotation Yrotation Zrotation
							End Site
							{
								OFFSET 0.000000 23.106567 -2.828246
							}
						}
					}
				}
				JOINT rightShoulder
				{
					OFFSET -4.570000 11.014877 -2.160840
					CHANNELS 6 Xposition Yposition Zposition Xrotation Yrotation Zrotation
					JOINT rightUpperArm
					{
						OFFSET -10.592867 -0.524796 -2.232105
						CHANNELS 3 Xrotation Yrotation Zrotation
						JOINT rightLowerArm
						{
							OFFSET -27.841497 0.000000 -0.000002
							CHANNELS 3 Xrotation Yrotation Zrotation
							JOINT rightHand
							{
								OFFSET -28.328812 0.000000 -0.000001
								CHANNELS 3 Xrotation Yrotation Zrotation
								JOINT rightThumbProximal
								{
									OFFSET -2.464798 -1.573990 2.681911
									CHANNELS 6 Xposition Yposition Zposition Xrotation Yrotation Zrotation
									JOINT rightThumbIntermediate
									{
										OFFSET -3.244781 -1.873383 1.873376
										CHANNELS 3 Xrotation Yrotation Zrotation
										JOINT rightThumbDistal
										{
											OFFSET -2.646263 -1.527817 1.527818
											CHANNELS 6 Xposition Yposition Zposition Xrotation Yrotation Zrotation
											JOINT rightHandThumb4
											{
												OFFSET -1.994591 -1.151581 1.151575
												CHANNELS 6 Xposition Yposition Zposition Xrotation Yrotation Zrotation
												End Site
												{
													OFFSET -1.860176 -1.142715 1.365483
												}
											}
										}
									}
								}
								JOINT rightIndexProximal
								{
									OFFSET -9.108299 -0.517883 2.259803
									CHANNELS 6 Xposition Yposition Zposition Xrotation Yrotation Zrotation
									JOINT rightIndexIntermediate
									{
										OFFSET -3.699997 0.000000 0.000000
										CHANNELS 3 Xrotation Yrotation Zrotation
										JOINT rightIndexDistal
										{
											OFFSET -2.850006 0.000000 0.000000
											CHANNELS 3 Xrotation Yrotation Zrotation
											JOINT rightHandIndex4
											{
												OFFSET -2.772194 0.000000 0.000000
												CHANNELS 3 Xrotation Yrotation Zrotation
												End Site
												{
													OFFSET -2.772202 0.000000 -0.000484
												}
											}
										}
									}
								}
								JOINT rightMiddleProximal
								{
									OFFSET -9.532501 0.000000 -0.000000
									CHANNELS 6 Xposition Yposition Zposition Xrotation Yrotation Zrotation
									JOINT rightMiddleIntermediate
									{
										OFFSET -3.699997 0.000000 0.000000
										CHANNELS 3 Xrotation Yrotation Zrotation
										JOINT rightMiddleDistal
										{
											OFFSET -2.949997 0.000000 0.000000
											CHANNELS 3 Xrotation Yrotation Zrotation
											JOINT rightHandMiddle4
											{
												OFFSET -2.946594 0.000000 0.000000
												CHANNELS 3 Xrotation Yrotation Zrotation
												End Site
												{
													OFFSET -2.946602 0.000000 -0.000982
												}
											}
										}
									}
								}
								JOINT rightRingProximal
								{
									OFFSET -9.103600 -0.043106 -1.865100
									CHANNELS 6 Xposition Yposition Zposition Xrotation Yrotation Zrotation
									JOINT rightRingIntermediate
									{
										OFFSET -3.379303 0.000000 0.000000
										CHANNELS 3 Xrotation Yrotation Zrotation
										JOINT rightRingDistal
										{
											OFFSET -2.889694 0.000000 0.000000
											CHANNELS 3 Xrotation Yrotation Zrotation
											JOINT rightHandRing4
											{
												OFFSET -2.638802 0.000000 0.000000
												CHANNELS 3 Xrotation Yrotation Zrotation
												End Site
												{
													OFFSET -2.638802 0.000000 0.004218
												}
											}
										}
									}
								}
								JOINT rightLittleProximal
								{
									OFFSET -8.076698 -0.486725 -3.806299
									CHANNELS 6 Xposition Yposition Zposition Xrotation Yrotation Zrotation
									JOINT rightLittleIntermediate
									{
										OFFSET -3.600006 0.000000 0.000000
										CHANNELS 3 Xrotation Yrotation Zrotation
										JOINT rightLittleDistal
										{
											OFFSET -2.099998 0.000000 0.000000
											CHANNELS 3 Xrotation Yrotation Zrotation
											JOINT rightHandPinky4
											{
												OFFSET -2.115791 0.000000 0.000000
												CHANNELS 3 Xrotation Yrotation Zrotation
												End Site
												{
													OFFSET -2.115799 0.000000 0.000174
												}
											}
										}
									}
								}
							}
						}
					}
				}
				JOINT leftShoulder
				{
					OFFSET 4.570400 11.014679 -2.160816
					CHANNELS 6 Xposition Yposition Zposition Xrotation Yrotation Zrotation
					JOINT leftUpperArm
					{
						OFFSET 10.592373 -0.524597 -2.232116
						CHANNELS 3 Xrotation Yrotation Zrotation
						JOINT leftLowerArm
						{
							OFFSET 27.841488 0.000000 0.000001
							CHANNELS 3 Xrotation Yrotation Zrotation
							JOINT leftHand
							{
								OFFSET 28.328808 0.000000 -0.000000
								CHANNELS 3 Xrotation Yrotation Zrotation
								JOINT leftThumbProximal
								{
									OFFSET 2.466103 -1.576202 2.681698
									CHANNELS 6 Xposition Yposition Zposition Xrotation Yrotation Zrotation
									JOINT leftThumbIntermediate
									{
										OFFSET 3.243317 -1.872528 1.872530
										CHANNELS 3 Xrotation Yrotation Zrotation
										JOINT leftThumbDistal
										{
											OFFSET 2.647881 -1.528763 1.528754
											CHANNELS 6 Xposition Yposition Zposition Xrotation Yrotation Zrotation
											JOINT leftHandThumb4
											{
												OFFSET 1.998924 -1.154083 1.154080
												CHANNELS 6 Xposition Yposition Zposition Xrotation Yrotation Zrotation
												End Site
												{
													OFFSET 1.884041 -1.149155 1.337651
												}
											}
										}
									}
								}
								JOINT leftIndexProximal
								{
									OFFSET 9.109299 -0.518005 2.259900
									CHANNELS 6 Xposition Yposition Zposition Xrotation Yrotation Zrotation
									JOINT leftIndexIntermediate
									{
										OFFSET 3.699997 0.000000 0.000000
										CHANNELS 3 Xrotation Yrotation Zrotation
										JOINT leftIndexDistal
										{
											OFFSET 2.850006 0.000000 0.000000
											CHANNELS 3 Xrotation Yrotation Zrotation
											JOINT leftHandIndex4
											{
												OFFSET 2.774895 0.000000 0.000000
												CHANNELS 3 Xrotation Yrotation Zrotation
												End Site
												{
													OFFSET 2.774902 0.000000 -0.000072
												}
											}
										}
									}
								}
								JOINT leftMiddleProximal
								{
									OFFSET 9.533401 0.000000 0.000000
									CHANNELS 6 Xposition Yposition Zposition Xrotation Yrotation Zrotation
									JOINT leftMiddleIntermediate
									{
										OFFSET 3.699997 0.000000 0.000000
										CHANNELS 3 Xrotation Yrotation Zrotation
										JOINT leftMiddleDistal
										{
											OFFSET 2.949997 0.000000 0.000000
											CHANNELS 3 Xrotation Yrotation Zrotation
											JOINT leftHandMiddle4
											{
												OFFSET 2.952896 0.000000 0.000000
												CHANNELS 3 Xrotation Yrotation Zrotation
												End Site
												{
													OFFSET 2.952904 0.000000 0.000165
												}
											}
										}
									}
								}
								JOINT leftRingProximal
								{
									OFFSET 9.104500 -0.042999 -1.865101
									CHANNELS 6 Xposition Yposition Zposition Xrotation Yrotation Zrotation
									JOINT leftRingIntermediate
									{
										OFFSET 3.149994 0.000000 0.000000
										CHANNELS 3 Xrotation Yrotation Zrotation
										JOINT leftRingDistal
										{
											OFFSET 2.950005 0.000000 0.000000
											CHANNELS 3 Xrotation Yrotation Zrotation
											JOINT leftHandRing4
											{
												OFFSET 2.644302 0.000000 0.000000
												CHANNELS 3 Xrotation Yrotation Zrotation
												End Site
												{
													OFFSET 2.644302 0.000000 0.000083
												}
											}
										}
									}
								}
								JOINT leftLittleProximal
								{
									OFFSET 8.077805 -0.486893 -3.806302
									CHANNELS 6 Xposition Yposition Zposition Xrotation Yrotation Zrotation
									JOINT leftLittleIntermediate
									{
										OFFSET 3.600006 0.000000 0.000000
										CHANNELS 3 Xrotation Yrotation Zrotation
										JOINT leftLittleDistal
										{
											OFFSET 2.099998 0.000000 0.000000
											CHANNELS 3 Xrotation Yrotation Zrotation
											JOINT leftHandPinky4
											{
												OFFSET 2.125496 0.000000 0.000000
												CHANNELS 3 Xrotation Yrotation Zrotation
												End Site
												{
													OFFSET 2.125504 0.000000 -0.001254
												}
											}
										}
									}
								}
							}
						}
					}
				}
			}
		}
	}
	JOINT rightUpperLeg
	{
		OFFSET -8.207800 -6.751701 -1.599544
		CHANNELS 6 Xposition Yposition Zposition Xrotation Yrotation Zrotation
		JOINT rightLowerLeg
		{
			OFFSET 0.000004 -44.370152 0.345934
			CHANNELS 3 Xrotation Yrotation Zrotation
			JOINT rightFoot
			{
				OFFSET 0.000004 -44.423664 -3.043535
				CHANNELS 3 Xrotation Yrotation Zrotation
				JOINT rightToes
				{
					OFFSET 0.000001 -8.728691 10.710592
					CHANNELS 3 Xrotation Yrotation Zrotation
					JOINT rightToesEnd
					{
						OFFSET 0.000000 -0.000665 9.278101
						CHANNELS 3 Xrotation Yrotation Zrotation
						End Site
						{
							OFFSET 0.000000 -0.000665 9.278103
						}
					}
				}
			}
		}
	}
	JOINT leftUpperLeg
	{
		OFFSET 8.207800 -6.751701 -1.599544
		CHANNELS 6 Xposition Yposition Zposition Xrotation Yrotation Zrotation
		JOINT leftLowerLeg
		{
			OFFSET 0.000004 -44.370037 0.346940
			CHANNELS 3 Xrotation Yrotation Zrotation
			JOINT leftFoot
			{
				OFFSET 0.000004 -44.423611 -3.044388
				CHANNELS 3 Xrotation Yrotation Zrotation
				JOINT leftToes
				{
					OFFSET 0.000001 -8.728690 10.710592
					CHANNELS 3 Xrotation Yrotation Zrotation
					JOINT leftToesEnd
					{
						OFFSET 0.000000 -0.000680 9.278101
						CHANNELS 3 Xrotation Yrotation Zrotation
						End Site
						{
							OFFSET 0.000000 -0.000680 9.278101
						}
					}
				}
			}
		}
	}
}
MOTION
Frames: 250
Frame Time: 0.033333
0.478560 101.630875 1.555263 -0.893322 1.577732 -5.359103 0.000001 10.181546 0.131523 1.298039 -1.197538 3.016787 0.728742 0.264195 5.944685 0.710788 0.781492 5.851999 0.000002 16.740379 -2.049020 1.045307 -0.304693 -2.163988 -0.000002 9.617852 1.684973 1.584930 0.544179 -8.140495 0.000000 22.037338 7.501075 -0.000000 0.000000 -0.000000 -4.569998 11.014875 -2.160840 4.508129 3.324374 5.471592 -1.219694 0.655844 67.345412 -0.000009 17.736780 0.000010 -11.193113 -9.123280 10.139272 -2.464768 -1.573988 2.681908 18.491294 0.461458 -10.916087 1.284022 -32.757621 3.089008 -2.646268 -1.527798 1.527814 2.008720 -8.430478 1.114705 -1.994590 -1.151583 1.151577 -0.000000 -0.000006 -0.000000 -9.108287 -0.517870 2.259803 0.339561 -4.671352 7.844284 0.387039 -2.823579 20.566253 -0.193133 -0.216342 13.843930 -0.000000 -0.000000 0.000000 -9.532480 0.000012 -0.000001 0.912575 -8.769263 15.831743 0.919085 -3.991130 33.400424 0.216462 -1.688816 15.898035 0.000000 0.000000 0.000000 -9.103571 -0.043104 -1.865102 2.555821 -11.673029 26.909210 1.710649 -3.886775 40.215474 -0.157962 0.035285 17.815326 -0.000001 -0.000000 -0.000000 -8.076668 -0.486727 -3.806298 5.576074 -16.029165 36.940648 1.378683 -4.077641 45.645615 -0.727744 -0.247556 22.122737 -0.000001 -0.000001 0.000001 4.570406 11.014692 -2.160814 3.582357 -13.764044 -5.044480 4.032787 3.514253 -83.678348 -0.000010 -14.506750 0.000014 -27.592615 3.698772 -9.416207 2.466094 -1.576198 2.681695 18.491375 -0.461338 10.916059 1.284021 32.757604 -3.089003 2.647881 -1.528747 1.528744 2.117139 9.311169 -0.358620 1.998921 -1.154091 1.154073 -0.000001 -0.000003 0.000001 9.109299 -0.518012 2.259900 0.339561 4.671360 -7.844256 0.387003 2.823618 -20.566232 0.034612 0.816852 -10.169823 -0.000001 0.000000 -0.000005 9.533411 0.000004 0.000001 0.912556 8.769286 -15.831718 0.919048 3.991191 -33.400390 0.170547 1.488896 -12.264417 -0.000000 -0.000001 -0.000002 9.104502 -0.042995 -1.865101 2.555785 11.673074 -26.909180 1.710621 3.886854 -40.215461 0.544828 1.835097 -19.344144 0.000001 0.000000 0.000000 8.077798 -0.486891 -3.806304 5.576041 16.029240 -36.940614 1.378637 4.077721 -45.645601 0.486564 2.853425 -20.524724 0.000001 0.000001 0.000001 -8.207798 -6.751710 -1.599545 -1.603456 -4.966748 10.554079 12.445175 -5.083587 3.268284 -9.845040 1.009957 -7.756598 -0.548654 0.000004 -0.000000 0.000000 0.000002 0.000000 8.207797 -6.751708 -1.599545 -19.556138 10.813017 15.936467 22.044828 9.498142 2.339179 -1.490670 3.351053 -8.781917 -0.441962 -0.000009 0.000004 -0.000000 -0.000000 0.000000 
0.302135 101.723778 1.584636 -0.872195 1.362758 -5.252347 -0.000001 10.181543 0.131523 1.282335 -1.164409 2.891567 0.726216 0.276976 5.913107 0.708586 0.794175 5.820313 -0.000001 16.740376 -2.049021 0.993824 -0.344099 -2.134534 -0.000001 9.617855 1.684974 1.295141 1.488483 -7.088122 0.000000 22.037354 7.501073 0.000000 -0.000000 0.000000 -4.570000 11.014866 -2.160841 4.509219 3.311301 5.456563 -0.431235 -0.034681 67.449361 -0.000012 18.824561 -0.000002 -11.223977 -7.600171 10.841784 -2.464783 -1.573989 2.681909 18.491287 0.461458 -10.916097 1.284029 -32.757615 3.089023 -2.646256 -1.527811 1.527820 2.008718 -8.430470 1.114700 -1.994598 -1.151584 1.151579 -0.000001 -0.000005 -0.000000 -9.108287 -0.517874 2.259802 0.342175 -4.689983 8.030027 0.394667 -2.843786 20.780398 -0.192931 -0.221726 13.895449 0.000000 -0.000000 -0.000001 -9.532490 0.000011 -0.000002 0.923354 -8.785683 16.018733 0.930576 -4.009209 33.615339 0.217887 -1.693775 15.949605 -0.000000 -0.000000 -0.000001 -9.103598 -0.043107 -1.865103 2.576302 -11.684153 27.097987 1.726133 -3.901713 40.431209 -0.157489 0.030015 17.866827 -0.000000 0.000000 -0.000000 -8.076681 -0.486725 -3.806299 5.587753 -16.044039 37.129407 1.392810 -4.093923 45.860441 -0.727966 -0.253394 22.174195 0.000000 -0.000000 0.000001 4.570403 11.014688 -2.160813 3.585404 -13.746362 -5.014253 4.374468 2.942225 -83.589788 0.000021 -14.991857 0.000019 -28.600987 4.088634 -8.391318 2.466099 -1.576199 2.681698 18.491383 -0.461337 10.916072 1.284012 32.757608 -3.088993 2.647885 -1.528743 1.528754 2.117139 9.311159 -0.358622 1.998917 -1.154091 1.154070 -0.000000 0.000004 0.000003 9.109289 -0.518013 2.259902 0.345973 4.716482 -8.294641 0.405641 2.872580 -21.085567 0.036413 0.829393 -10.294742 -0.000000 0.000000 -0.000000 9.533411 0.000016 0.000001 0.938759 8.809049 -16.285160 0.947054 4.034953 -33.921492 0.173573 1.501019 -12.389419 -0.000001 -0.000001 0.000002 9.104497 -0.042991 -1.865100 2.605541 11.699963 -27.366953 1.748217 3.922977 -40.738564 0.550075 1.846354 -19.469207 0.000001 0.000000 -0.000000 8.077810 -0.486884 -3.806301 5.604538 16.065407 -37.398322 1.413041 4.117138 -46.166485 0.491733 2.864893 -20.649895 -0.000000 -0.000000 0.000002 -8.207797 -6.751719 -1.599545 -1.164404 -4.937838 10.585396 11.539744 -4.677861 3.241868 -9.405070 0.855119 -7.943546 -0.596470 -0.000003 0.000000 -0.000000 0.000000 0.000000 8.207800 -6.751701 -1.599543 -19.150641 10.861445 15.912404 21.358862 9.722510 2.250780 -1.138021 3.358010 -8.831424 -0.393467 0.000008 0.000002 0.000000 -0.000000 0.000000 
0.216170 101.812134 1.634720 -0.871865 1.077135 -5.108269 0.000001 10.181559 0.131524 1.265952 -1.141763 2.807338 0.722290 0.285702 5.894946 0.704851 0.802883 5.802080 -0.000000 16.740347 -2.049021 0.936888 -0.380529 -2.097030 0.000004 9.617858 1.684978 0.878302 2.531039 -6.083216 -0.000000 22.037369 7.501072 0.000000 -0.000000 -0.000000 -4.570000 11.014887 -2.160840 4.509676 3.296127 5.426592 0.434139 -0.868913 67.565310 -0.000006 20.111565 0.000042 -11.219879 -5.944194 11.670326 -2.464798 -1.573987 2.681901 18.491282 0.461458 -10.916111 1.284036 -32.757611 3.089024 -2.646262 -1.527818 1.527814 2.008720 -8.430473 1.114706 -1.994601 -1.151595 1.151571 -0.000000 -0.000002 0.000001 -9.108297 -0.517863 2.259804 0.349893 -4.742778 8.556955 0.416726 -2.900971 21.388048 -0.192333 -0.236988 14.041537 -0.000000 -0.000000 0.000003 -9.532500 0.000027 0.000003 0.954154 -8.831968 16.549332 0.963585 -4.060263 34.225002 0.221945 -1.707840 16.095913 0.000000 0.000000 -0.000000 -9.103600 -0.043088 -1.865101 2.634547 -11.715153 27.633632 1.770318 -3.943777 41.043273 -0.156110 0.015071 18.012903 -0.000000 0.000000 0.000000 -8.076693 -0.486707 -3.806295 5.621150 -16.086028 37.665003 1.433268 -4.139860 46.469902 -0.728550 -0.269908 22.320138 0.000001 0.000001 0.000001 4.570400 11.014717 -2.160817 3.587098 -13.733100 -5.010108 4.856247 2.108586 -83.466203 0.000007 -15.657558 -0.000002 -30.194125 4.566362 -6.926443 2.466071 -1.576199 2.681695 18.491368 -0.461338 10.916054 1.284006 32.757604 -3.088977 2.647872 -1.528743 1.528751 2.117141 9.311165 -0.358616 1.998924 -1.154091 1.154081 -0.000001 0.000002 0.000003 9.109280 -0.518008 2.259901 0.362299 4.821626 -9.345172 0.450882 2.986110 -22.297018 0.040696 0.858635 -10.586124 0.000002 0.000001 -0.000001 9.533396 0.000001 -0.000002 1.000943 8.900455 -17.343107 1.013918 4.136031 -35.137031 0.180728 1.529256 -12.680983 -0.000000 -0.000002 0.000001 9.104463 -0.042997 -1.865098 2.721909 11.760031 -28.434981 1.837208 4.005869 -41.958819 0.562397 1.872530 -19.760922 -0.000000 0.000001 0.000000 8.077798 -0.486891 -3.806298 5.671830 16.148350 -38.466300 1.494634 4.207839 -47.381579 0.503909 2.891642 -20.941859 0.000000 0.000000 0.000002 -8.207796 -6.751708 -1.599544 -0.764119 -4.967730 10.487323 10.805669 -4.335423 3.234212 -9.046732 0.891431 -8.039156 -0.640651 0.000003 -0.000002 -0.000000 -0.000001 -0.000000 8.207800 -6.751701 -1.599543 -18.744997 11.040992 15.877186 20.775690 9.721279 2.061925 -0.887700 3.544949 -8.771326 -0.356673 -0.000003 0.000003 -0.000000 -0.000000 0.000000 
0.262016 101.878242 1.701229 -0.886034 0.730716 -4.931086 0.000000 10.181563 0.131524 1.253656 -1.139305 2.769780 0.718222 0.286419 5.892749 0.700810 0.803648 5.799877 0.000004 16.740376 -2.049019 0.875494 -0.405181 -2.037373 -0.000002 9.617848 1.684975 0.347814 3.701236 -5.119907 0.000002 22.037384 7.501071 -0.000000 -0.000000 -0.000000 -4.569997 11.014863 -2.160840 4.509705 3.278836 5.385363 1.370247 -1.812505 67.672647 -0.000005 21.576120 0.000031 -11.206804 -4.188125 12.567397 -2.464798 -1.573998 2.681905 18.491274 0.461449 -10.916101 1.284035 -32.757615 3.089031 -2.646274 -1.527801 1.527819 2.008716 -8.430474 1.114692 -1.994594 -1.151586 1.151578 0.000001 -0.000003 0.000001 -9.108302 -0.517883 2.259803 0.362897 -4.825056 9.379655 0.452421 -2.989773 22.336790 -0.191347 -0.260804 14.269615 -0.000000 0.000000 0.000002 -9.532495 -0.000004 -0.000000 1.003025 -8.903397 17.377835 1.016184 -4.139250 35.176960 0.228358 -1.729771 16.324277 0.000000 -0.000000 0.000001 -9.103609 -0.043109 -1.865106 2.725774 -11.761892 28.470052 1.840200 -4.008483 41.998898 -0.153886 -0.008275 18.240956 0.000000 -0.000001 0.000000 -8.076679 -0.486724 -3.806298 5.674111 -16.150985 38.501411 1.497384 -4.210698 47.421454 -0.729378 -0.295739 22.547988 0.000000 -0.000000 -0.000001 4.570403 11.014656 -2.160814 3.586356 -13.731924 -5.038310 5.486320 0.998251 -83.309955 -0.000004 -16.505152 -0.000008 -32.463554 5.055511 -4.997865 2.466099 -1.576218 2.681695 18.491369 -0.461338 10.916044 1.284012 32.757615 -3.088984 2.647887 -1.528742 1.528759 2.117150 9.311160 -0.358638 1.998897 -1.154077 1.154065 -0.000000 -0.000000 0.000002 9.109299 -0.518016 2.259902 0.391485 4.983948 -10.973857 0.525669 3.160116 -24.175103 0.047650 0.903922 -11.037785 -0.000001 0.000000 0.000000 9.533417 0.000021 0.000003 1.100303 9.038754 -18.983614 1.121809 4.289833 -37.021592 0.192091 1.572958 -13.132924 0.000002 -0.000000 0.000001 9.104486 -0.043001 -1.865099 2.903277 11.846616 -30.091047 1.978627 4.130588 -43.850672 0.581751 1.912981 -20.213077 -0.000001 0.000000 -0.000000 8.077808 -0.486888 -3.806297 5.779406 16.274522 -40.122731 1.624900 4.344971 -49.265444 0.523024 2.932926 -21.394405 -0.000002 -0.000000 0.000000 -8.207795 -6.751712 -1.599544 -0.553434 -5.042617 10.243795 10.511154 -4.179353 3.213251 -8.897062 1.189832 -7.976381 -0.685165 0.000003 0.000000 -0.000000 -0.000001 0.000000 8.207800 -6.751686 -1.599543 -18.402357 11.297010 15.792128 20.420753 9.655756 1.816816 -0.808071 3.794055 -8.624571 -0.359881 -0.000017 -0.000005 -0.000000 -0.000002 0.000000 
0.424143 101.919998 1.774646 -0.901445 0.350973 -4.749288 0.000001 10.181542 0.131523 1.252813 -1.160731 2.783463 0.716326 0.277717 5.907365 0.698750 0.795057 5.814554 0.000003 16.740364 -2.049021 0.818403 -0.416358 -1.934017 0.000001 9.617867 1.684975 -0.282783 4.997069 -4.111299 0.000001 22.037384 7.501073 0.000000 -0.000000 -0.000000 -4.569994 11.014900 -2.160841 4.509718 3.259756 5.339648 2.360443 -2.785029 67.742007 0.000009 23.147515 -0.000005 -11.238053 -2.411261 13.420967 -2.464792 -1.573995 2.681910 18.491299 0.461454 -10.916077 1.284016 -32.757632 3.089003 -2.646263 -1.527812 1.527817 2.008721 -8.430476 1.114690 -1.994599 -1.151583 1.151580 -0.000000 -0.000001 0.000003 -9.108306 -0.517880 2.259803 0.381669 -4.932060 10.452793 0.501152 -3.104671 23.574224 -0.189920 -0.291856 14.567054 0.000000 0.000000 -0.000001 -9.532500 -0.000000 -0.000001 1.068167 -8.994964 18.458725 1.086771 -4.240951 36.418661 0.236857 -1.758321 16.622131 0.000000 -0.000000 0.000000 -9.103596 -0.043119 -1.865105 2.845202 -11.819791 29.561192 1.932988 -4.091114 43.245394 -0.150848 -0.038686 18.538368 -0.000000 0.000000 -0.000001 -8.076689 -0.486730 -3.806301 5.744709 -16.234549 39.592742 1.582768 -4.301470 48.662704 -0.730308 -0.329396 22.845156 0.000000 0.000000 -0.000004 4.570403 11.014721 -2.160817 3.582271 -13.750153 -5.100409 6.247209 -0.364388 -83.133156 -0.000004 -17.496686 -0.000005 -35.402277 5.416238 -2.677877 2.466085 -1.576199 2.681698 18.491371 -0.461332 10.916049 1.284001 32.757604 -3.088977 2.647895 -1.528770 1.528758 2.117145 9.311161 -0.358620 1.998932 -1.154084 1.154076 0.000001 0.000001 -0.000000 9.109284 -0.518018 2.259901 0.435287 5.189151 -13.047519 0.629113 3.377891 -26.566326 0.057001 0.961468 -11.612641 0.000001 -0.000001 0.000001 9.533387 0.000015 0.000002 1.231754 9.208795 -21.072918 1.266391 4.480332 -39.421239 0.207049 1.628438 -13.708150 0.000001 -0.000000 -0.000001 9.104482 -0.042994 -1.865101 3.135408 11.945581 -32.199930 2.164481 4.282465 -46.259406 0.606846 1.964223 -20.788598 -0.000001 0.000001 -0.000000 8.077795 -0.486886 -3.806299 5.922083 16.431072 -42.232876 1.797138 4.513199 -51.664114 0.547846 2.985270 -21.970430 0.000000 0.000001 -0.000002 -8.207796 -6.751719 -1.599544 -0.553483 -5.118389 9.918705 10.633513 -4.165137 3.148959 -8.945726 1.628033 -7.773274 -0.736334 -0.000002 0.000002 -0.000000 0.000001 0.000000 8.207802 -6.751718 -1.599545 -18.142425 11.539684 15.643642 20.293009 9.638378 1.586683 -0.879834 4.049059 -8.446662 -0.399560 0.000015 0.000004 0.000000 -0.000003 0.000000 
0.655210 101.947868 1.846483 -0.908697 -0.034266 -4.605953 0.000001 10.181545 0.131525 1.271752 -1.195640 2.853174 0.719570 0.263947 5.938067 0.701652 0.781466 5.845343 -0.000003 16.740360 -2.049017 0.780510 -0.424233 -1.777655 0.000003 9.617849 1.684977 -1.004404 6.346243 -2.936496 -0.000001 22.037354 7.501076 -0.000001 -0.000001 -0.000000 -4.570005 11.014857 -2.160836 4.510088 3.239690 5.297318 3.398944 -3.673361 67.748455 -0.000002 24.726536 0.000024 -11.404074 -0.707743 14.092080 -2.464794 -1.573988 2.681904 18.491277 0.461449 -10.916093 1.284028 -32.757608 3.089019 -2.646254 -1.527817 1.527814 2.008727 -8.430479 1.114684 -1.994605 -1.151581 1.151582 -0.000002 -0.000001 -0.000000 -9.108291 -0.517897 2.259802 0.406627 -5.059003 11.730948 0.562420 -3.240079 25.048117 -0.187999 -0.328830 14.921274 0.000001 0.000001 0.000002 -9.532491 -0.000004 -0.000003 1.147705 -9.101639 19.746345 1.173708 -4.360019 37.897673 0.247155 -1.792258 16.976809 -0.000000 -0.000000 -0.000000 -9.103586 -0.043106 -1.865104 2.988002 -11.884253 30.860984 2.045780 -4.186850 44.730082 -0.147041 -0.074879 18.892527 -0.000000 -0.000000 0.000001 -8.076677 -0.486733 -3.806301 5.830943 -16.332355 40.893005 1.686999 -4.407127 50.141187 -0.731183 -0.369502 23.198987 -0.000001 0.000000 -0.000000 4.570398 11.014668 -2.160812 3.574756 -13.789933 -5.188878 7.091015 -1.906496 -82.955564 0.000012 -18.552884 0.000006 -38.831534 5.487449 -0.172877 2.466084 -1.576190 2.681696 18.491371 -0.461333 10.916053 1.284030 32.757625 -3.089004 2.647877 -1.528749 1.528754 2.117131 9.311166 -0.358622 1.998921 -1.154076 1.154071 -0.000001 0.000007 0.000001 9.109298 -0.518014 2.259900 0.493304 5.417339 -15.375355 0.755924 3.616871 -29.250531 0.068195 1.025938 -12.257720 -0.000001 -0.000000 0.000001 9.533385 0.000015 0.000000 1.385441 9.391411 -23.419020 1.438045 4.686682 -42.115056 0.224497 1.690507 -14.353653 0.000001 -0.000000 0.000001 9.104494 -0.042994 -1.865100 3.396597 12.041679 -34.567505 2.380491 4.443435 -48.963283 0.635611 2.021434 -21.434425 0.000001 -0.000000 -0.000001 8.077811 -0.486887 -3.806301 6.089421 16.600689 -44.603072 1.998673 4.693216 -54.356855 0.576317 3.043699 -22.616845 -0.000001 -0.000003 0.000000 -8.207798 -6.751719 -1.599544 -0.656026 -5.161777 9.605065 10.917440 -4.166023 3.046043 -9.070221 2.035067 -7.504848 -0.784549 -0.000003 -0.000001 -0.000000 -0.000000 -0.000000 8.207798 -6.751708 -1.599546 -17.948122 11.699461 15.451486 20.303962 9.675544 1.432775 -1.031492 4.337772 -8.292421 -0.450940 0.000012 -0.000000 0.000000 0.000002 0.000000 
0.932781 101.969017 1.914890 -0.913873 -0.415431 -4.530325 0.000001 10.181546 0.131523 1.314653 -1.222272 2.983635 0.729897 0.253949 5.984240 0.711516 0.771701 5.891565 -0.000003 16.740355 -2.049019 0.772915 -0.445183 -1.581874 -0.000002 9.617872 1.684975 -1.789817 7.633517 -1.544698 0.000002 22.037399 7.501075 -0.000001 -0.000000 -0.000001 -4.570000 11.014851 -2.160837 4.510806 3.219944 5.261426 4.501653 -4.360483 67.680338 -0.000002 26.222141 0.000027 -11.820100 0.836612 14.460877 -2.464802 -1.573988 2.681909 18.491293 0.461453 -10.916112 1.284029 -32.757632 3.089038 -2.646257 -1.527817 1.527816 2.008718 -8.430460 1.114681 -1.994583 -1.151580 1.151577 -0.000000 -0.000005 -0.000000 -9.108310 -0.517877 2.259805 0.438093 -5.201058 13.168792 0.635461 -3.390428 26.706128 -0.185558 -0.370406 15.319617 -0.000000 0.000001 -0.000001 -9.532507 0.000024 0.000001 1.239637 -9.218517 21.195134 1.275122 -4.491200 39.561576 0.259003 -1.830346 17.375692 0.000000 -0.000000 -0.000000 -9.103601 -0.043104 -1.865101 3.149064 -11.950964 32.323269 2.175584 -4.291009 46.400241 -0.142467 -0.115547 19.290831 -0.000000 -0.000000 -0.000001 -8.076673 -0.486732 -3.806296 5.930717 -16.440079 42.356329 1.807461 -4.522708 51.804386 -0.731859 -0.414588 23.596934 -0.000000 -0.000000 0.000001 4.570401 11.014658 -2.160812 3.564578 -13.847374 -5.291839 7.964118 -3.541781 -82.795574 0.000022 -19.585967 0.000011 -42.471469 5.159875 2.236703 2.466094 -1.576192 2.681688 18.491371 -0.461327 10.916058 1.284013 32.757625 -3.088973 2.647878 -1.528744 1.528756 2.117152 9.311166 -0.358641 1.998925 -1.154075 1.154077 0.000001 0.000001 -0.000000 9.109288 -0.518018 2.259898 0.563612 5.652374 -17.801336 0.899827 3.859211 -32.047910 0.080603 1.092946 -12.929685 -0.000000 -0.000001 0.000003 9.533398 0.000009 -0.000002 1.551856 9.572194 -25.864724 1.627012 4.892817 -44.922574 0.243423 1.754955 -15.026081 -0.000001 -0.000001 0.000001 9.104506 -0.042991 -1.865105 3.668192 12.125098 -37.034689 2.613343 4.600086 -51.780986 0.666261 2.080684 -22.107212 0.000000 -0.000002 -0.000001 8.077798 -0.486889 -3.806303 6.271358 16.769994 -47.074753 2.217452 4.870471 -57.163147 0.606673 3.104232 -23.290262 -0.000002 0.000001 0.000001 -8.207799 -6.751708 -1.599544 -0.769366 -5.177621 9.341132 11.202657 -4.143429 2.934747 -9.192454 2.384073 -7.215100 -0.806857 0.000001 -0.000001 -0.000000 -0.000000 -0.000000 8.207798 -6.751700 -1.599544 -17.809822 11.774273 15.251951 20.413832 9.736455 1.366531 -1.233620 4.675174 -8.175130 -0.517721 -0.000000 -0.000000 0.000000 -0.000000 0.000000 
1.260512 101.984467 1.982565 -0.933980 -0.790933 -4.530674 0.000000 10.181527 0.131523 1.376096 -1.219269 3.176375 0.746277 0.256219 6.044822 0.727401 0.774237 5.952090 -0.000000 16.740370 -2.049021 0.795705 -0.491053 -1.369265 -0.000001 9.617800 1.684977 -2.573910 8.771544 0.014476 -0.000000 22.037384 7.501075 -0.000000 0.000000 0.000001 -4.569998 11.014900 -2.160840 4.511246 3.202803 5.227399 5.695276 -4.732984 67.540899 -0.000002 27.554023 0.000019 -12.602477 2.149709 14.446356 -2.464796 -1.573984 2.681906 18.491289 0.461453 -10.916093 1.284038 -32.757621 3.089041 -2.646261 -1.527814 1.527816 2.008715 -8.430470 1.114693 -1.994590 -1.151572 1.151574 0.000002 -0.000005 -0.000000 -9.108303 -0.517860 2.259801 0.476071 -5.353418 14.720919 0.719171 -3.550235 28.495879 -0.182628 -0.415225 15.749498 0.000001 0.000000 0.000001 -9.532510 0.000022 -0.000002 1.341638 -9.340908 22.759386 1.388835 -4.629406 41.357687 0.272068 -1.871358 17.806189 -0.000000 0.000000 0.000000 -9.103590 -0.043089 -1.865102 3.323188 -12.016160 33.901900 2.319032 -4.399115 48.203107 -0.137221 -0.159413 19.720660 -0.000000 0.000000 0.000002 -8.076692 -0.486723 -3.806304 6.041631 -16.553537 43.936595 1.941199 -4.643455 53.599769 -0.732270 -0.463278 24.026401 0.000000 0.000000 0.000001 4.570402 11.014699 -2.160816 3.552757 -13.916461 -5.398717 8.822566 -5.181797 -82.668238 -0.000011 -20.513095 -0.000007 -46.029755 4.400073 4.245930 2.466078 -1.576196 2.681693 18.491376 -0.461333 10.916060 1.284028 32.757611 -3.088999 2.647898 -1.528767 1.528751 2.117129 9.311180 -0.358621 1.998921 -1.154080 1.154073 0.000002 0.000001 0.000001 9.109288 -0.518002 2.259900 0.642799 5.881311 -20.197349 1.053387 4.091280 -34.810653 0.093657 1.158950 -13.593043 -0.000001 0.000003 -0.000001 9.533401 0.000007 -0.000001 1.721847 9.741099 -28.280707 1.823354 5.087019 -47.695464 0.262835 1.818352 -15.689892 0.000000 -0.000000 0.000000 9.104493 -0.043000 -1.865103 3.934680 12.191199 -39.470922 2.850575 4.743353 -54.563567 0.697207 2.138804 -22.771386 -0.000000 0.000002 0.000002 8.077805 -0.486899 -3.806302 6.458314 16.929351 -49.517249 2.441734 5.034766 -59.934705 0.637340 3.163631 -23.955090 0.000001 0.000001 -0.000001 -8.207801 -6.751717 -1.599544 -0.854990 -5.185052 9.119068 11.465319 -4.139511 2.838235 -9.301391 2.742410 -6.903536 -0.788289 0.000007 -0.000001 0.000000 0.000000 0.000000 8.207798 -6.751704 -1.599545 -17.724867 11.808367 15.079191 20.630436 9.820097 1.360063 -1.496345 5.009762 -8.074834 -0.644992 0.000005 -0.000000 0.000000 -0.000002 0.000000 
1.642099 101.994247 2.053160 -0.980522 -1.153673 -4.601820 0.000001 10.181540 0.131524 1.443685 -1.178832 3.423526 0.765220 0.273817 6.116890 0.745854 0.792120 6.023984 -0.000000 16.740353 -2.049021 0.840695 -0.560611 -1.155640 0.000002 9.617839 1.684973 -3.296355 9.744465 1.642242 0.000007 22.037384 7.501074 -0.000000 0.000000 -0.000000 -4.570000 11.014871 -2.160841 4.510067 3.191686 5.183545 7.003375 -4.685853 67.343896 0.000004 28.639782 0.000025 -13.839836 3.183225 14.006205 -2.464798 -1.573980 2.681913 18.491281 0.461448 -10.916089 1.284045 -32.757601 3.089023 -2.646265 -1.527816 1.527815 2.008727 -8.430478 1.114694 -1.994597 -1.151583 1.151574 -0.000000 0.000001 -0.000000 -9.108294 -0.517860 2.259802 0.520134 -5.511344 16.341827 0.811879 -3.714204 30.365006 -0.179197 -0.461995 16.198287 -0.000000 -0.000000 -0.000003 -9.532494 0.000019 -0.000001 1.451016 -9.464526 24.393300 1.512160 -4.769842 43.233520 0.286053 -1.914070 18.255651 -0.000000 0.000000 0.000001 -9.103590 -0.043096 -1.865101 3.504933 -12.076795 35.550479 2.472359 -4.507112 50.085856 -0.131403 -0.205174 20.169421 0.000000 -0.000000 -0.000000 -8.076693 -0.486712 -3.806301 6.160931 -16.668821 45.587606 2.084826 -4.765008 55.474851 -0.732286 -0.514092 24.474767 -0.000000 0.000000 -0.000000 4.570402 11.014675 -2.160817 3.539968 -13.993094 -5.501648 9.632081 -6.734803 -82.586529 0.000000 -21.248020 0.000004 -49.266394 3.219508 5.546895 2.466093 -1.576213 2.681700 18.491376 -0.461328 10.916053 1.284021 32.757615 -3.089011 2.647891 -1.528740 1.528753 2.117152 9.311173 -0.358630 1.998909 -1.154073 1.154071 -0.000000 0.000006 0.000003 9.109294 -0.518017 2.259899 0.724949 6.090894 -22.424583 1.205991 4.300046 -37.378740 0.106442 1.220126 -14.209370 0.000000 0.000002 -0.000001 9.533386 0.000008 -0.000000 1.884354 9.889495 -30.526803 2.014068 5.258767 -50.272972 0.281535 1.877043 -16.306662 -0.000000 -0.000001 0.000000 9.104500 -0.043005 -1.865103 4.179847 12.238684 -41.734645 3.077016 4.866018 -57.149665 0.726561 2.192490 -23.388516 -0.000000 0.000001 0.000001 8.077803 -0.486891 -3.806303 6.638390 17.070461 -51.788837 2.657100 5.177564 -62.510827 0.666455 3.218473 -24.572792 -0.000000 0.000001 0.000001 -8.207798 -6.751728 -1.599544 -0.899281 -5.197130 8.923649 11.712326 -4.185364 2.765807 -9.403064 3.150236 -6.564113 -0.736808 -0.000001 0.000001 -0.000000 -0.000000 -0.000000 8.207799 -6.751717 -1.599546 -17.685518 11.831858 14.942731 20.955365 9.930476 1.392989 -1.826451 5.300914 -7.976220 -0.869744 0.000007 0.000000 0.000000 -0.000000 0.000000 
2.074774 101.999405 2.129771 -1.051770 -1.496166 -4.729774 -0.000001 10.181560 0.131524 1.511279 -1.114442 3.704266 0.784717 0.301372 6.195170 0.764880 0.819990 6.102000 -0.000005 16.740360 -2.049020 0.899599 -0.638569 -0.947060 -0.000000 9.617846 1.684973 -3.963460 10.593681 3.251077 -0.000005 22.037399 7.501073 -0.000002 0.000001 -0.000000 -4.570002 11.014895 -2.160841 4.505582 3.189922 5.111719 8.438979 -4.137351 67.108869 -0.000006 29.389771 0.000025 -15.577669 3.913838 13.127270 -2.464792 -1.573994 2.681908 18.491289 0.461446 -10.916094 1.284032 -32.757621 3.089012 -2.646256 -1.527819 1.527817 2.008724 -8.430465 1.114706 -1.994609 -1.151569 1.151575 0.000003 -0.000006 0.000001 -9.108296 -0.517874 2.259804 0.569403 -5.670152 17.986122 0.911297 -3.877303 32.260947 -0.175313 -0.509422 16.653439 0.000001 0.000000 0.000000 -9.532489 0.000000 0.000001 1.564792 -9.585475 26.051033 1.641858 -4.908054 45.136431 0.300579 -1.957278 18.711450 -0.000001 0.000000 -0.000001 -9.103602 -0.043104 -1.865101 3.688825 -12.130628 37.222653 2.631426 -4.611430 51.995577 -0.125137 -0.251507 20.624496 -0.000000 -0.000000 -0.000003 -8.076698 -0.486724 -3.806296 6.285485 -16.782321 47.263120 2.234491 -4.883409 57.376874 -0.731890 -0.565615 24.929432 0.000000 -0.000000 0.000001 4.570397 11.014709 -2.160814 3.526543 -14.076384 -5.594783 10.362416 -8.117536 -82.554434 0.000003 -21.691586 -0.000009 -52.014998 1.632385 5.835487 2.466088 -1.576215 2.681694 18.491357 -0.461342 10.916066 1.284017 32.757621 -3.089010 2.647884 -1.528751 1.528756 2.117156 9.311161 -0.358637 1.998917 -1.154095 1.154075 -0.000001 0.000005 -0.000000 9.109289 -0.518015 2.259901 0.800960 6.265859 -24.313030 1.342591 4.471478 -39.556040 0.117800 1.271862 -14.731690 -0.000001 -0.000002 0.000001 9.533383 0.000004 0.000001 2.025176 10.008864 -32.431347 2.181667 5.397503 -52.458230 0.297873 1.926623 -16.829378 -0.000001 -0.000003 -0.000000 9.104478 -0.042996 -1.865102 4.385256 12.268855 -43.653170 3.273120 4.961905 -59.341954 0.751881 2.237736 -23.911548 -0.000000 0.000000 -0.000002 8.077785 -0.486893 -3.806295 6.795723 17.184826 -53.715575 2.844521 5.290921 -64.694855 0.691593 3.264724 -25.096347 -0.000000 -0.000001 0.000003 -8.207800 -6.751709 -1.599544 -0.904012 -5.224019 8.740979 11.946698 -4.263176 2.717960 -9.501895 3.593161 -6.200425 -0.678523 -0.000004 0.000000 0.000000 -0.000001 -0.000000 8.207801 -6.751703 -1.599543 -17.673509 11.839365 14.819673 21.361400 10.033996 1.467637 -2.210661 5.590607 -7.878008 -1.165900 0.000012 0.000002 -0.000000 -0.000000 0.000000 
2.556466 102.001640 2.214717 -1.145488 -1.812932 -4.891375 0.000001 10.181527 0.131523 1.588636 -1.058668 3.988087 0.807613 0.325761 6.273390 0.787270 0.844736 6.179973 0.000002 16.740377 -2.049022 0.968168 -0.703660 -0.744818 0.000004 9.617878 1.684973 -4.628805 11.371986 4.781913 -0.000003 22.037369 7.501075 -0.000002 0.000000 0.000000 -4.569999 11.014875 -2.160842 4.496189 3.198662 4.990658 10.007799 -3.047558 66.854445 -0.000017 29.726722 0.000030 -17.835448 4.329734 11.810341 -2.464791 -1.573975 2.681906 18.491282 0.461458 -10.916086 1.284039 -32.757621 3.089044 -2.646260 -1.527799 1.527816 2.008708 -8.430478 1.114693 -1.994606 -1.151594 1.151583 0.000000 0.000000 0.000003 -9.108291 -0.517867 2.259805 0.622458 -5.825304 19.608180 1.014616 -4.034848 34.131343 -0.171155 -0.556146 17.102259 0.000001 0.000001 -0.000001 -9.532504 0.000013 0.000000 1.679583 -9.700395 27.686614 1.774235 -5.040055 47.013616 0.315226 -1.999765 19.160958 -0.000001 0.000000 0.000000 -9.103593 -0.043107 -1.865101 3.869377 -12.176315 38.871945 2.791635 -4.709089 53.879353 -0.118599 -0.297170 21.073273 -0.000001 0.000000 -0.000001 -8.076708 -0.486728 -3.806293 6.411693 -16.890766 48.916565 2.385898 -4.995263 59.253182 -0.731115 -0.616431 25.377786 -0.000000 -0.000000 0.000002 4.570400 11.014690 -2.160816 3.512416 -14.167679 -5.675329 10.991953 -9.283749 -82.551913 -0.000003 -21.748238 0.000009 -54.171210 -0.348951 4.852320 2.466097 -1.576203 2.681702 18.491373 -0.461332 10.916056 1.284028 32.757608 -3.089010 2.647883 -1.528759 1.528756 2.117144 9.311177 -0.358631 1.998929 -1.154094 1.154076 -0.000000 0.000004 0.000001 9.109299 -0.518011 2.259901 0.860202 6.392080 -25.693835 1.446513 4.593442 -41.148055 0.126404 1.309617 -15.113505 0.000000 -0.000002 -0.000000 9.533395 0.000007 -0.000000 2.129744 10.092398 -33.823951 2.307488 5.494821 -54.056057 0.310110 1.962771 -17.211464 0.000000 -0.000002 -0.000001 9.104498 -0.042991 -1.865102 4.533725 12.285259 -45.055387 3.418740 5.027227 -60.944712 0.770654 2.270649 -24.293851 0.000000 0.000002 0.000002 8.077797 -0.486893 -3.806302 6.913342 17.265344 -55.124807 2.984244 5.369246 -66.291665 0.710233 3.298363 -25.479030 -0.000000 0.000000 -0.000002 -8.207799 -6.751725 -1.599544 -0.876055 -5.272637 8.555731 12.174299 -4.332531 2.679102 -9.603481 4.029630 -5.812048 -0.635296 -0.000001 0.000002 -0.000000 -0.000001 -0.000000 8.207801 -6.751728 -1.599545 -17.666356 11.830384 14.683821 21.818505 10.081577 1.571091 -2.635622 5.934343 -7.767269 -1.461415 -0.000005 -0.000002 -0.000000 -0.000000 0.000000 
3.089376 102.002625 2.310685 -1.271688 -2.076149 -5.058464 -0.000001 10.181551 0.131523 1.694772 -1.046426 4.247323 0.840048 0.332546 6.347327 0.819094 0.851899 6.253790 0.000002 16.740395 -2.049022 1.041524 -0.742225 -0.551628 0.000002 9.617831 1.684979 -5.303273 12.098976 6.193835 0.000003 22.037369 7.501076 -0.000001 -0.000000 -0.000002 -4.570000 11.014888 -2.160841 4.481171 3.215408 4.802906 11.721594 -1.424754 66.585021 -0.000003 29.625659 0.000023 -20.647295 4.435953 10.053214 -2.464802 -1.573979 2.681911 18.491293 0.461454 -10.916087 1.284011 -32.757604 3.089015 -2.646284 -1.527808 1.527818 2.008724 -8.430474 1.114699 -1.994590 -1.151572 1.151573 0.000003 -0.000005 -0.000000 -9.108293 -0.517871 2.259808 0.677411 -5.972468 21.162428 1.118410 -4.182518 35.923441 -0.166819 -0.600864 17.532158 -0.000001 0.000000 0.000001 -9.532511 -0.000002 0.000003 1.791810 -9.806379 29.253963 1.905074 -5.162399 48.812333 0.329584 -2.040354 19.591525 -0.000000 0.000000 0.000000 -9.103596 -0.043111 -1.865101 4.041316 -12.213349 40.451939 2.948050 -4.797639 55.684176 -0.112003 -0.340843 21.503119 0.000001 0.000000 0.000001 -8.076706 -0.486726 -3.806299 6.535711 -16.991330 50.501462 2.534300 -5.097695 61.050970 -0.729994 -0.665103 25.807257 -0.000000 -0.000000 0.000003 4.570403 11.014700 -2.160816 3.497323 -14.269363 -5.743214 11.519257 -10.236385 -82.531402 0.000003 -21.372376 -0.000003 -55.659932 -2.674928 2.489534 2.466094 -1.576197 2.681690 18.491354 -0.461327 10.916066 1.284020 32.757625 -3.088999 2.647891 -1.528743 1.528748 2.117164 9.311157 -0.358630 1.998928 -1.154072 1.154081 0.000001 -0.000004 -0.000002 9.109303 -0.517999 2.259897 0.895937 6.464640 -26.494743 1.508372 4.662832 -42.071469 0.131497 1.331475 -15.334886 0.000000 -0.000001 0.000000 9.533407 0.000005 -0.000006 2.190946 10.139377 -34.631726 2.381679 5.549638 -54.982787 0.317312 1.983703 -17.433044 -0.000000 0.000004 -0.000000 9.104504 -0.043006 -1.865108 4.619008 12.292583 -45.868487 3.504013 5.063252 -61.874199 0.781645 2.289683 -24.515562 -0.000001 0.000002 0.000002 8.077810 -0.486904 -3.806302 6.982428 17.310641 -55.942302 3.066251 5.412869 -67.217811 0.721138 3.317826 -25.700959 -0.000000 0.000001 0.000003 -8.207798 -6.751713 -1.599544 -0.819047 -5.338100 8.356075 12.415516 -4.360621 2.616335 -9.724529 4.388911 -5.388221 -0.610272 -0.000001 0.000000 0.000000 -0.000000 -0.000000 8.207801 -6.751709 -1.599544 -17.639189 11.835243 14.527216 22.303086 10.074561 1.658625 -3.097554 6.277664 -7.609765 -1.700791 0.000018 0.000002 0.000000 -0.000000 0.000000 
3.681630 102.003983 2.421066 -1.442041 -2.218106 -5.202632 -0.000000 10.181556 0.131522 1.845571 -1.088696 4.469519 0.887955 0.316481 6.416540 0.866245 0.836147 6.323082 -0.000001 16.740347 -2.049021 1.104547 -0.757630 -0.376213 0.000001 9.617836 1.684976 -5.918126 12.739446 7.458346 0.000002 22.037369 7.501076 -0.000000 0.000000 0.000000 -4.569999 11.014879 -2.160842 4.461233 3.235427 4.546855 13.609248 0.679970 66.274172 -0.000001 29.142255 0.000037 -24.071166 4.309976 7.850871 -2.464800 -1.573999 2.681911 18.491284 0.461449 -10.916100 1.284039 -32.757611 3.089026 -2.646250 -1.527814 1.527812 2.008715 -8.430467 1.114707 -1.994581 -1.151570 1.151571 0.000001 -0.000004 -0.000004 -9.108310 -0.517885 2.259802 0.731909 -6.107460 22.603176 1.218659 -4.316403 37.584656 -0.162496 -0.642275 17.930548 -0.000000 -0.000001 -0.000001 -9.532503 -0.000004 -0.000003 1.897597 -9.901010 30.706902 2.029727 -5.272049 50.479620 0.343142 -2.077872 19.990555 0.000000 0.000000 0.000001 -9.103609 -0.043105 -1.865104 4.199466 -12.241913 41.916144 3.095437 -4.875294 57.357005 -0.105577 -0.381261 21.901440 -0.000000 0.000000 -0.000003 -8.076714 -0.486729 -3.806301 6.653220 -17.081557 51.971022 2.674668 -5.188454 62.717392 -0.728632 -0.710194 26.205247 -0.000000 0.000000 -0.000001 4.570399 11.014680 -2.160815 3.481258 -14.382568 -5.795040 11.951823 -10.979350 -82.447767 -0.000000 -20.607789 -0.000010 -56.373212 -5.217880 -1.066469 2.466095 -1.576191 2.681691 18.491371 -0.461333 10.916056 1.284023 32.757615 -3.089007 2.647881 -1.528756 1.528749 2.117162 9.311159 -0.358652 1.998924 -1.154094 1.154074 -0.000000 0.000000 0.000003 9.109293 -0.518036 2.259900 0.909858 6.492244 -26.800575 1.532260 4.689052 -42.424012 0.133474 1.339827 -15.419417 -0.000001 -0.000003 0.000001 9.533378 -0.000022 -0.000003 2.214407 10.156993 -34.940126 2.410245 5.570252 -55.336642 0.320079 1.991668 -17.517618 0.000001 -0.000005 -0.000001 9.104479 -0.043013 -1.865102 4.651390 12.294914 -46.178888 3.536711 5.076619 -62.229102 0.785851 2.296947 -24.600190 0.000000 -0.000001 0.000004 8.077787 -0.486914 -3.806301 7.008922 17.327529 -56.254504 3.097735 5.429170 -67.571403 0.725322 3.325252 -25.785699 0.000001 0.000000 -0.000002 -8.207796 -6.751711 -1.599544 -0.729165 -5.414068 8.125891 12.684712 -4.332033 2.507247 -9.882698 4.580231 -4.919953 -0.597925 -0.000003 0.000000 0.000000 0.000000 0.000000 8.207797 -6.751697 -1.599546 -17.570260 11.874097 14.333418 22.793327 10.067063 1.693752 -3.595089 6.484170 -7.374169 -1.874134 0.000017 0.000005 -0.000000 -0.000000 0.000000 
4.348993 102.006920 2.546177 -1.655796 -2.176369 -5.292618 -0.000000 10.181537 0.131525 2.053543 -1.160888 4.653131 0.956932 0.286491 6.481617 0.934417 0.806252 6.388389 -0.000003 16.740366 -2.049019 1.129946 -0.764702 -0.231054 0.000006 9.617887 1.684976 -6.392850 13.228064 8.558394 -0.000002 22.037369 7.501076 -0.000000 -0.000001 0.000001 -4.570006 11.014886 -2.160838 4.438517 3.255195 4.246365 15.706124 3.165716 65.859655 0.000014 28.394505 0.000034 -28.109092 4.162320 5.240255 -2.464779 -1.573985 2.681908 18.491286 0.461458 -10.916101 1.284019 -32.757621 3.088990 -2.646274 -1.527809 1.527818 2.008727 -8.430462 1.114704 -1.994595 -1.151583 1.151580 0.000000 -0.000004 0.000005 -9.108311 -0.517886 2.259807 0.783255 -6.226327 23.884700 1.311059 -4.432978 39.062214 -0.158400 -0.679068 18.284787 0.000000 0.000000 -0.000000 -9.532499 0.000003 0.000002 1.993071 -9.982270 31.999375 2.143212 -5.366485 51.962573 0.355433 -2.111144 20.345368 0.000000 0.000000 0.000002 -9.103595 -0.043099 -1.865098 4.338972 -12.262762 43.218101 3.228370 -4.940698 58.844743 -0.099650 -0.417171 22.255627 0.000000 0.000001 0.000006 -8.076677 -0.486719 -3.806294 6.759777 -17.159344 53.278522 2.801686 -5.265709 64.199502 -0.727154 -0.750263 26.559122 0.000000 0.000000 0.000004 4.570397 11.014697 -2.160812 3.465518 -14.501699 -5.815226 12.250369 -11.411889 -82.306949 -0.000016 -19.573543 -0.000002 -56.072687 -7.776214 -5.243688 2.466091 -1.576209 2.681698 18.491368 -0.461327 10.916030 1.284024 32.757621 -3.089006 2.647887 -1.528747 1.528755 2.117133 9.311173 -0.358632 1.998921 -1.154093 1.154076 0.000001 0.000001 0.000001 9.109294 -0.517995 2.259905 0.908386 6.489324 -26.768054 1.529705 4.686262 -42.386528 0.133264 1.338933 -15.410437 0.000000 -0.000001 -0.000001 9.533401 0.000006 0.000001 2.211898 10.155124 -34.907355 2.407216 5.568070 -55.298998 0.319783 1.990818 -17.508633 0.000001 -0.000000 -0.000001 9.104490 -0.042994 -1.865098 4.647933 12.294664 -46.145878 3.533247 5.075212 -62.191359 0.785407 2.296164 -24.591200 -0.000000 0.000000 0.000000 8.077793 -0.486897 -3.806298 7.006069 17.325692 -56.221309 3.094385 5.427447 -67.533823 0.724876 3.324467 -25.776671 -0.000000 0.000000 0.000004 -8.207797 -6.751726 -1.599545 -0.609969 -5.522996 7.819099 12.996557 -4.252600 2.367622 -10.089582 4.574140 -4.405178 -0.599897 -0.000001 -0.000000 -0.000000 0.000001 0.000000 8.207801 -6.751714 -1.599544 -17.438151 11.921134 14.044692 23.265132 10.055945 1.677495 -4.120280 6.536871 -7.044704 -1.999701 0.000007 -0.000000 -0.000000 0.000001 0.000000 
5.108645 102.013107 2.681090 -1.913374 -1.971061 -5.293894 -0.000003 10.181546 0.131524 2.329039 -1.225603 4.789136 1.051788 0.257097 6.538753 1.028565 0.776558 6.445787 -0.000002 16.740353 -2.049020 1.095419 -0.771887 -0.122167 -0.000005 9.617852 1.684976 -6.709006 13.530392 9.481570 0.000004 22.037369 7.501076 -0.000000 -0.000000 -0.000002 -4.569998 11.014886 -2.160840 4.416114 3.274065 3.945929 18.012701 5.841370 65.266467 0.000010 27.497394 0.000031 -32.557295 4.282466 2.380924 -2.464798 -1.573999 2.681906 18.491294 0.461456 -10.916074 1.284022 -32.757611 3.089009 -2.646283 -1.527799 1.527819 2.008714 -8.430467 1.114701 -1.994601 -1.151585 1.151579 0.000003 -0.000006 0.000001 -9.108297 -0.517888 2.259804 0.828422 -6.325237 24.961169 1.390978 -4.528999 40.303317 -0.154804 -0.709942 18.582283 0.000000 -0.000000 -0.000000 -9.532505 0.000009 0.000001 2.074144 -10.048404 33.085033 2.240420 -5.443501 53.208225 0.365904 -2.139038 20.643338 -0.000000 0.000001 -0.000000 -9.103601 -0.043110 -1.865100 4.455183 -12.277055 44.311440 3.341292 -4.992957 60.094306 -0.094488 -0.447289 22.553080 -0.000001 -0.000001 -0.000003 -8.076693 -0.486721 -3.806294 6.850717 -17.222853 54.377038 2.909855 -5.328018 65.444380 -0.725725 -0.783925 26.856282 0.000001 0.000000 0.000000 4.570403 11.014689 -2.160814 3.453703 -14.607422 -5.775073 12.260529 -11.245011 -82.172640 0.000030 -18.389917 -0.000008 -54.306178 -10.118499 -9.133001 2.466100 -1.576203 2.681692 18.491387 -0.461330 10.916042 1.284022 32.757615 -3.089007 2.647878 -1.528745 1.528748 2.117155 9.311160 -0.358632 1.998925 -1.154084 1.154075 0.000001 0.000003 -0.000000 9.109315 -0.518016 2.259899 0.896012 6.464775 -26.496034 1.508446 4.662932 -42.072907 0.131514 1.331526 -15.335252 -0.000000 -0.000001 -0.000001 9.533401 0.000003 -0.000005 2.191054 10.139421 -34.632990 2.381790 5.549718 -54.984262 0.317319 1.983730 -17.433394 -0.000000 0.000000 0.000001 9.104492 -0.042995 -1.865104 4.619134 12.292554 -45.869771 3.504149 5.063288 -61.875667 0.781646 2.289718 -24.515929 -0.000000 0.000000 -0.000001 8.077800 -0.486904 -3.806305 6.982489 17.310590 -55.943610 3.066381 5.412936 -67.219307 0.721155 3.317864 -25.701310 -0.000001 0.000000 0.000002 -8.207800 -6.751709 -1.599544 -0.472434 -5.711524 7.366865 13.379931 -4.156664 2.220947 -10.351092 4.471984 -3.828788 -0.619995 0.000001 0.000000 0.000000 -0.000000 0.000000 8.207797 -6.751689 -1.599544 -17.200862 11.944366 13.590430 23.685318 10.048382 1.623311 -4.658461 6.503233 -6.620721 -2.103425 0.000005 0.000001 -0.000000 -0.000002 -0.000000 
5.966730 102.024658 2.822791 -2.226090 -1.703391 -5.174296 0.000001 10.181541 0.131525 2.657166 -1.267830 4.849750 1.167472 0.234813 6.578618 1.143785 0.753564 6.485903 -0.000000 16.740374 -2.049019 1.001580 -0.773467 -0.038117 -0.000003 9.617871 1.684978 -6.888213 13.666758 10.230217 0.000000 22.037384 7.501074 -0.000000 -0.000000 -0.000001 -4.570003 11.014873 -2.160839 4.396904 3.291731 3.690670 20.433011 8.370185 64.459910 0.000006 26.494237 0.000027 -36.917760 4.806893 -0.416187 -2.464816 -1.573996 2.681911 18.491276 0.461456 -10.916050 1.284042 -32.757632 3.089039 -2.646263 -1.527805 1.527815 2.008726 -8.430469 1.114712 -1.994594 -1.151580 1.151575 0.000000 -0.000003 0.000001 -9.108312 -0.517870 2.259802 0.864323 -6.400498 25.786780 1.453689 -4.601455 41.255190 -0.151931 -0.733612 18.810372 -0.000000 0.000001 0.000000 -9.532511 0.000009 0.000000 2.136866 -10.097806 33.917688 2.316079 -5.501131 54.163608 0.374036 -2.160369 20.871812 -0.000000 0.000000 0.000000 -9.103614 -0.043111 -1.865101 4.543655 -12.286054 45.149746 3.428635 -5.031343 61.052561 -0.090439 -0.470391 22.781159 0.000000 -0.000000 -0.000001 -8.076710 -0.486738 -3.806299 6.921292 -17.270417 55.219648 2.993749 -5.374234 66.399131 -0.724508 -0.809716 27.084159 -0.000001 0.000002 0.000002 4.570404 11.014684 -2.160813 3.451079 -14.667418 -5.648799 11.712742 -10.043261 -82.074620 0.000008 -17.099247 0.000001 -50.428492 -11.987333 -11.722209 2.466105 -1.576198 2.681694 18.491376 -0.461335 10.916060 1.284007 32.757618 -3.088979 2.647886 -1.528758 1.528755 2.117167 9.311165 -0.358641 1.998921 -1.154096 1.154077 0.000001 -0.000003 0.000001 9.109289 -0.518015 2.259899 0.874138 6.420710 -26.008997 1.470732 4.620865 -41.511404 0.128395 1.318214 -15.200598 0.000000 -0.000001 -0.000001 9.533392 0.000008 0.000004 2.153775 10.110989 -34.141807 2.336571 5.516530 -54.420707 0.312929 1.971004 -17.298648 -0.000000 -0.000000 -0.000003 9.104491 -0.043001 -1.865104 4.567318 12.288300 -45.375351 3.452234 5.041567 -61.310449 0.774965 2.278141 -24.381106 0.000000 0.000000 0.000002 8.077799 -0.486902 -3.806297 6.940406 17.283191 -55.446485 3.016416 5.386554 -66.656076 0.714505 3.306049 -25.566375 0.000001 -0.000000 0.000001 -8.207799 -6.751703 -1.599544 -0.324200 -5.999266 6.723848 13.858686 -4.080699 2.043322 -10.667222 4.420044 -3.153091 -0.646545 0.000003 -0.000002 0.000000 -0.000000 -0.000000 8.207801 -6.751699 -1.599544 -16.806480 11.975447 12.946479 24.022049 10.039345 1.508526 -5.201663 6.466184 -6.091866 -2.218366 -0.000007 0.000002 -0.000000 -0.000003 -0.000000 
6.917287 102.042107 2.977725 -2.573185 -1.451078 -4.909006 -0.000001 10.181568 0.131524 2.968402 -1.296566 4.803721 1.278542 0.217430 6.592821 1.254640 0.735345 6.500310 0.000006 16.740376 -2.049021 0.844313 -0.769916 0.061373 0.000001 9.617846 1.684980 -6.926867 13.661818 10.895190 -0.000002 22.037354 7.501073 -0.000000 0.000000 0.000001 -4.569997 11.014894 -2.160841 4.382603 3.303924 3.498955 22.722993 10.261001 63.498561 -0.000004 25.340185 0.000013 -40.514527 5.453507 -2.806306 -2.464794 -1.573994 2.681909 18.491296 0.461453 -10.916097 1.284031 -32.757625 3.089040 -2.646266 -1.527825 1.527822 2.008720 -8.430464 1.114679 -1.994598 -1.151580 1.151579 -0.000001 -0.000006 -0.000000 -9.108291 -0.517881 2.259805 0.887896 -6.448435 26.315679 1.494477 -4.647314 41.865023 -0.150035 -0.748773 18.956497 -0.000000 -0.000000 -0.000000 -9.532495 0.000008 0.000001 2.177254 -10.128873 34.451170 2.365057 -5.537377 54.775583 0.379294 -2.174018 21.018172 0.000001 -0.000000 0.000002 -9.103605 -0.043100 -1.865099 4.600013 -12.290948 45.686726 3.484926 -5.055189 61.666411 -0.087776 -0.485153 22.927268 0.000000 -0.000002 0.000000 -8.076691 -0.486737 -3.806298 6.966904 -17.300365 55.759564 3.047876 -5.403090 67.010740 -0.723670 -0.826240 27.230123 -0.000000 0.000001 -0.000001 4.570404 11.014706 -2.160817 3.461407 -14.650968 -5.438100 10.342715 -7.424680 -81.882746 -0.000020 -15.651713 -0.000007 -43.795750 -13.003881 -12.292106 2.466094 -1.576206 2.681690 18.491375 -0.461337 10.916072 1.284009 32.757598 -3.089006 2.647879 -1.528747 1.528755 2.117152 9.311166 -0.358609 1.998929 -1.154093 1.154076 0.000000 0.000004 0.000001 9.109289 -0.517999 2.259899 0.843656 6.357634 -25.315318 1.417714 4.560296 -40.711664 0.124010 1.299268 -15.008832 0.000000 -0.000001 0.000000 9.533414 -0.000003 0.000000 2.100962 10.069801 -33.442191 2.272722 5.468491 -53.618057 0.306731 1.952865 -17.106738 -0.000000 -0.000001 -0.000000 9.104500 -0.042996 -1.865098 4.493167 12.281206 -44.671070 3.378649 5.009738 -60.505354 0.765492 2.261644 -24.189071 -0.000000 0.000000 0.000002 8.077793 -0.486897 -3.806302 6.880863 17.243489 -54.738461 2.945723 5.348161 -65.853938 0.705099 3.289164 -25.374136 -0.000000 0.000000 0.000002 -8.207800 -6.751707 -1.599544 -0.195397 -6.353177 5.882242 14.424791 -4.030405 1.787912 -11.031723 4.464903 -2.350239 -0.653573 -0.000005 0.000000 -0.000000 0.000000 0.000000 8.207799 -6.751704 -1.599544 -16.251274 12.081888 12.139747 24.250086 10.030777 1.266842 -5.748761 6.415605 -5.428966 -2.364490 -0.000004 0.000003 0.000000 -0.000002 0.000000 
7.954278 102.063904 3.152467 -2.862700 -1.190108 -4.483927 0.000000 10.181552 0.131523 3.162091 -1.310339 4.644929 1.348053 0.207036 6.582009 1.324179 0.724451 6.489588 0.000008 16.740396 -2.049023 0.662656 -0.772536 0.176392 -0.000002 9.617865 1.684971 -6.804164 13.467015 11.493953 -0.000009 22.037369 7.501078 0.000001 -0.000000 -0.000002 -4.569994 11.014894 -2.160843 4.373009 3.303115 3.351262 24.492075 10.955866 62.535443 0.000003 23.952153 0.000013 -42.789110 5.490130 -4.581303 -2.464803 -1.573995 2.681903 18.491286 0.461446 -10.916080 1.284029 -32.757615 3.089026 -2.646276 -1.527833 1.527820 2.008721 -8.430474 1.114702 -1.994605 -1.151586 1.151572 0.000001 -0.000003 -0.000000 -9.108295 -0.517866 2.259804 0.896322 -6.465276 26.502169 1.508977 -4.663382 42.080003 -0.149364 -0.754095 19.007996 -0.000001 0.000004 0.000000 -9.532493 0.000009 0.000004 2.191537 -10.139712 34.639219 2.382408 -5.550017 54.991352 0.381154 -2.178860 21.069785 -0.000000 -0.000001 0.000000 -9.103588 -0.043103 -1.865103 4.619818 -12.292508 45.876041 3.504828 -5.063433 61.882825 -0.086838 -0.490361 22.978778 -0.000001 0.000000 0.000003 -8.076694 -0.486736 -3.806294 6.983061 -17.310819 55.949918 3.067024 -5.413122 67.226369 -0.723374 -0.832065 27.281582 -0.000000 0.000001 0.000006 4.570407 11.014694 -2.160817 3.483325 -14.551875 -5.184695 8.049526 -3.329058 -81.350968 0.000000 -13.971553 0.000023 -34.139929 -12.607301 -10.854380 2.466092 -1.576189 2.681695 18.491375 -0.461345 10.916059 1.284031 32.757615 -3.089024 2.647890 -1.528761 1.528749 2.117145 9.311162 -0.358624 1.998924 -1.154093 1.154078 0.000002 0.000003 0.000003 9.109288 -0.517999 2.259899 0.806244 6.277406 -24.438886 1.351928 4.482709 -39.701158 0.118567 1.275311 -14.766514 -0.000000 -0.000001 -0.000000 9.533404 -0.000006 0.000003 2.034677 10.016628 -32.558293 2.193022 5.406514 -52.603887 0.298979 1.929925 -16.864213 -0.000000 -0.000000 0.000000 9.104490 -0.042998 -1.865102 4.398880 12.270569 -43.781014 3.286327 4.968031 -59.488045 0.753584 2.240740 -23.946409 -0.000000 0.000000 0.000002 8.077792 -0.486893 -3.806298 6.806390 17.192351 -53.844038 2.857182 5.298223 -64.840372 0.693275 3.267798 -25.131229 0.000000 0.000000 0.000003 -8.207799 -6.751710 -1.599545 -0.167617 -6.723541 4.843702 15.036600 -3.993425 1.455434 -11.427693 4.545630 -1.433950 -0.625565 0.000001 0.000001 -0.000000 0.000001 0.000000 8.207797 -6.751706 -1.599545 -15.610394 12.243509 11.171340 24.341807 10.023766 0.860360 -6.282249 6.321426 -4.611793 -2.517552 -0.000004 0.000002 0.000000 -0.000000 0.000000 
9.075093 102.086601 3.334889 -2.996687 -0.852480 -3.900304 -0.000001 10.181543 0.131524 3.188968 -1.278130 4.396729 1.357692 0.216484 6.556617 1.334107 0.733990 6.463985 0.000000 16.740360 -2.049023 0.466187 -0.803007 0.282003 0.000008 9.617869 1.684973 -6.499552 12.992578 12.004308 0.000008 22.037384 7.501075 0.000000 0.000000 0.000000 -4.570000 11.014926 -2.160842 4.365950 3.286308 3.206286 25.289192 9.997348 61.725779 0.000015 22.281356 0.000023 -43.554757 4.020628 -5.677668 -2.464802 -1.573996 2.681904 18.491291 0.461454 -10.916089 1.284023 -32.757604 3.089011 -2.646260 -1.527810 1.527812 2.008721 -8.430467 1.114714 -1.994590 -1.151586 1.151577 0.000000 -0.000005 -0.000000 -9.108302 -0.517886 2.259799 0.896318 -6.465279 26.502179 1.508966 -4.663372 42.080007 -0.149363 -0.754109 19.008005 0.000001 0.000000 -0.000001 -9.532501 0.000009 -0.000001 2.191543 -10.139704 34.639212 2.382390 -5.550021 54.991376 0.381157 -2.178865 21.069791 0.000001 0.000003 0.000003 -9.103607 -0.043107 -1.865104 4.619815 -12.292507 45.876041 3.504838 -5.063438 61.882791 -0.086839 -0.490355 22.978758 -0.000000 0.000001 -0.000001 -8.076694 -0.486724 -3.806302 6.983043 -17.310821 55.949928 3.067040 -5.413126 67.226369 -0.723373 -0.832062 27.281577 0.000003 -0.000002 -0.000001 4.570395 11.014692 -2.160817 3.509907 -14.402062 -4.955096 4.920794 1.849239 -80.276538 0.000009 -12.045177 0.000007 -21.970589 -10.301786 -8.341521 2.466098 -1.576196 2.681693 18.491383 -0.461323 10.916063 1.284027 32.757649 -3.089016 2.647899 -1.528759 1.528749 2.117156 9.311172 -0.358618 1.998917 -1.154078 1.154073 0.000002 0.000005 0.000003 9.109292 -0.518016 2.259901 0.763952 6.182613 -23.411413 1.276543 4.390279 -38.516543 0.112319 1.247190 -14.482364 -0.000001 0.000000 0.000000 9.533404 -0.000003 -0.000002 1.957620 9.952641 -31.522044 2.100991 5.332056 -51.414959 0.290013 1.902975 -16.579862 -0.000000 0.000000 -0.000000 9.104497 -0.042993 -1.865104 4.287532 12.255636 -42.737303 3.179064 4.917070 -58.295412 0.739739 2.216157 -23.661865 -0.000000 0.000000 0.000000 8.077802 -0.486896 -3.806303 6.720151 17.130987 -52.795610 2.754526 5.237697 -63.652227 0.679536 3.242673 -24.846422 -0.000001 -0.000001 0.000005 -8.207798 -6.751714 -1.599545 -0.523388 -7.105330 3.642005 16.051208 -4.034302 1.088154 -12.032264 4.669686 -1.055152 -0.579536 0.000000 0.000000 0.000000 0.000000 0.000000 8.207799 -6.751700 -1.599544 -14.973349 12.337672 9.980634 24.261305 10.016369 0.346735 -6.753837 6.237742 -3.663606 -2.638526 -0.000012 0.000003 0.000000 -0.000004 0.000000 
10.269442 102.116417 3.497024 -2.988912 -0.441011 -3.195096 0.000000 10.181544 0.131524 3.101690 -1.167829 4.100875 1.326291 0.257729 6.528398 1.303279 0.775732 6.435149 -0.000001 16.740368 -2.049022 0.233476 -0.867217 0.357411 -0.000003 9.617827 1.684978 -6.024923 12.234147 12.394240 -0.000002 22.037384 7.501070 -0.000000 -0.000001 -0.000002 -4.569997 11.014893 -2.160843 4.358311 3.262810 3.036154 24.735074 7.199853 61.076439 -0.000009 20.341982 0.000031 -42.978416 0.412770 -6.046035 -2.464816 -1.573997 2.681907 18.491291 0.461456 -10.916095 1.284036 -32.757618 3.089057 -2.646270 -1.527807 1.527812 2.008718 -8.430485 1.114681 -1.994590 -1.151586 1.151578 -0.000000 -0.000005 -0.000000 -9.108317 -0.517878 2.259800 0.896317 -6.465280 26.502188 1.508967 -4.663376 42.080003 -0.149363 -0.754105 19.007998 0.000002 -0.000001 -0.000001 -9.532510 0.000006 0.000001 2.191544 -10.139696 34.639212 2.382406 -5.550030 54.991376 0.381154 -2.178839 21.069768 -0.000002 0.000001 -0.000001 -9.103617 -0.043111 -1.865105 4.619815 -12.292495 45.876011 3.504833 -5.063444 61.882805 -0.086839 -0.490354 22.978761 0.000000 0.000002 -0.000001 -8.076721 -0.486732 -3.806302 6.983062 -17.310812 55.949918 3.067019 -5.413126 67.226369 -0.723374 -0.832062 27.281584 -0.000000 -0.000002 0.000001 4.570405 11.014694 -2.160816 3.531906 -14.261964 -4.806023 1.001625 7.389062 -78.475452 -0.000009 -9.953309 -0.000001 -8.615333 -6.153835 -6.164901 2.466085 -1.576211 2.681692 18.491393 -0.461325 10.916039 1.284032 32.757673 -3.089007 2.647884 -1.528765 1.528759 2.117144 9.311167 -0.358618 1.998928 -1.154081 1.154082 0.000001 0.000001 0.000001 9.109289 -0.518016 2.259900 0.718639 6.075619 -22.261472 1.194517 4.284992 -37.190681 0.105476 1.215648 -14.164228 -0.000000 -0.000000 -0.000002 9.533402 0.000002 -0.000000 1.872338 9.878932 -30.362284 1.999833 5.246484 -50.084244 0.280150 1.872753 -16.261511 -0.000000 0.000001 0.000000 9.104505 -0.042994 -1.865103 4.162021 12.235708 -41.568883 3.060261 4.857386 -56.960359 0.724385 2.188574 -23.343338 -0.000001 -0.000002 0.000000 8.077802 -0.486902 -3.806305 6.625083 17.060513 -51.622471 2.641125 5.167444 -62.322266 0.664307 3.214474 -24.527585 0.000002 -0.000000 0.000004 -8.207799 -6.751718 -1.599544 -1.236110 -7.478188 2.325038 17.416328 -4.213323 0.706080 -12.802812 4.879971 -1.381591 -0.545653 -0.000003 0.000001 0.000000 0.000000 0.000000 8.207799 -6.751712 -1.599544 -14.330353 12.311262 8.553742 23.951670 10.006059 -0.185114 -7.108694 6.229375 -2.627117 -2.735568 -0.000004 0.000002 -0.000000 -0.000000 0.000000 
11.510832 102.159325 3.615551 -2.964765 -0.042469 -2.426015 0.000000 10.181552 0.131521 2.998240 -0.984916 3.777167 1.290040 0.327194 6.500537 1.267823 0.845678 6.406363 0.000000 16.740334 -2.049018 -0.044740 -0.944177 0.412366 -0.000000 9.617842 1.684975 -5.400999 11.312222 12.674550 -0.000017 22.037369 7.501075 -0.000000 -0.000000 0.000002 -4.569999 11.014862 -2.160838 4.348185 3.251299 2.854473 22.593310 2.757745 60.360875 0.000022 18.169077 0.000007 -41.245887 -5.331065 -5.638990 -2.464785 -1.574002 2.681910 18.491267 0.461454 -10.916080 1.284037 -32.757628 3.089019 -2.646253 -1.527828 1.527814 2.008714 -8.430470 1.114692 -1.994590 -1.151584 1.151581 0.000003 -0.000009 -0.000000 -9.108286 -0.517871 2.259804 0.896304 -6.465289 26.502182 1.508970 -4.663376 42.080000 -0.149376 -0.754111 19.008000 -0.000001 0.000002 0.000001 -9.532478 0.000004 -0.000001 2.191534 -10.139710 34.639212 2.382420 -5.550026 54.991369 0.381152 -2.178844 21.069786 -0.000003 -0.000001 0.000001 -9.103584 -0.043108 -1.865101 4.619809 -12.292509 45.876014 3.504822 -5.063446 61.882805 -0.086850 -0.490355 22.978782 0.000002 0.000001 -0.000001 -8.076702 -0.486725 -3.806302 6.983039 -17.310834 55.949928 3.067034 -5.413127 67.226369 -0.723369 -0.832060 27.281582 0.000002 0.000003 -0.000000 4.570403 11.014666 -2.160813 3.541962 -14.191762 -4.755628 -3.890593 12.498094 -75.820468 -0.000009 -7.827049 -0.000026 4.200199 -0.946941 -5.279687 2.466086 -1.576201 2.681694 18.491340 -0.461359 10.916073 1.283996 32.757557 -3.089013 2.647886 -1.528744 1.528748 2.117151 9.311162 -0.358628 1.998921 -1.154090 1.154076 -0.000000 0.000002 0.000001 9.109285 -0.518014 2.259902 0.671967 5.958531 -21.014107 1.108263 4.168642 -35.752400 0.098258 1.181399 -13.819047 -0.000001 -0.000002 0.000000 9.533391 0.000006 0.000003 1.780980 9.796510 -29.104334 1.892380 5.150997 -48.640595 0.269631 1.839898 -15.916089 -0.000000 0.000000 -0.000000 9.104479 -0.042991 -1.865100 4.024940 12.210194 -40.301115 2.932959 4.789524 -55.511837 0.707908 2.158537 -22.997708 0.000001 0.000000 -0.000000 8.077795 -0.486885 -3.806304 6.523737 16.981998 -50.350109 2.519947 5.088252 -60.879245 0.647951 3.183784 -24.181614 -0.000000 -0.000001 -0.000004 -8.207802 -6.751715 -1.599546 -1.973167 -7.805585 0.909900 18.664030 -4.424945 0.298584 -13.369465 5.121833 -1.576517 -0.517622 -0.000003 -0.000000 0.000000 0.000000 0.000000 8.207800 -6.751706 -1.599545 -13.584784 12.276785 7.000975 23.396687 9.997299 -0.726128 -7.341031 6.244486 -1.522028 -2.847312 -0.000002 0.000000 0.000000 -0.000000 -0.000000 
12.762632 102.211334 3.680194 -3.019359 0.269680 -1.654112 -0.000000 10.181540 0.131525 2.923627 -0.771914 3.415825 1.266515 0.407353 6.466010 1.245234 0.926052 6.370838 -0.000001 16.740351 -2.049020 -0.348082 -1.009178 0.483795 0.000013 9.617893 1.684972 -4.614010 10.362783 12.928340 0.000001 22.037399 7.501070 -0.000000 -0.000000 -0.000001 -4.569994 11.014875 -2.160839 4.337057 3.265238 2.717620 18.738366 -2.736656 59.192325 0.000009 15.750758 0.000031 -38.188476 -12.354475 -4.545263 -2.464802 -1.573991 2.681908 18.491294 0.461454 -10.916079 1.284042 -32.757625 3.089027 -2.646274 -1.527824 1.527815 2.008721 -8.430464 1.114714 -1.994590 -1.151583 1.151571 0.000001 0.000001 0.000003 -9.108311 -0.517878 2.259805 0.896321 -6.465276 26.502177 1.508967 -4.663383 42.080003 -0.149366 -0.754104 19.007996 0.000002 -0.000000 -0.000001 -9.532516 0.000009 0.000002 2.191538 -10.139706 34.639212 2.382415 -5.550024 54.991373 0.381148 -2.178835 21.069761 0.000000 0.000002 0.000002 -9.103589 -0.043115 -1.865101 4.619813 -12.292504 45.876017 3.504831 -5.063454 61.882805 -0.086829 -0.490364 22.978763 0.000000 0.000002 0.000001 -8.076704 -0.486725 -3.806298 6.983057 -17.310822 55.949932 3.067024 -5.413124 67.226369 -0.723374 -0.832067 27.281580 0.000004 -0.000001 0.000003 4.570405 11.014675 -2.160815 3.536869 -14.224344 -4.783038 -9.764022 16.561972 -72.423057 -0.000013 -5.778300 -0.000042 14.772391 4.332134 -5.577247 2.466085 -1.576228 2.681697 18.491269 -0.461403 10.916099 1.283959 32.757410 -3.088996 2.647888 -1.528755 1.528758 2.117157 9.311157 -0.358645 1.998917 -1.154092 1.154071 -0.000001 -0.000001 -0.000000 9.109304 -0.518016 2.259898 0.625397 5.833574 -19.694741 1.020234 4.043231 -34.231129 0.090847 1.145113 -13.453863 0.000001 0.000001 0.000001 9.533412 -0.000001 -0.000003 1.685774 9.706482 -27.773865 1.781376 5.047070 -47.113607 0.258698 1.805056 -15.550601 0.000001 -0.000002 -0.000001 9.104505 -0.042991 -1.865105 3.878997 12.178683 -38.959925 2.800206 4.714242 -53.979531 0.690652 2.126641 -22.632038 0.000001 0.000000 0.000000 8.077818 -0.486890 -3.806302 6.418549 16.896609 -49.004685 2.393986 5.001184 -59.352923 0.630857 3.151218 -23.815608 0.000001 0.000001 0.000000 -8.207800 -6.751719 -1.599543 -2.506380 -8.077914 -0.486808 19.560325 -4.667463 -0.163189 -13.818978 5.429517 -1.643997 -0.548021 -0.000000 -0.000004 0.000000 0.000000 -0.000000 8.207799 -6.751715 -1.599542 -12.688136 12.335101 5.474344 22.648578 9.986705 -1.323392 -7.470950 6.213692 -0.356375 -2.971929 -0.000007 -0.000001 0.000000 -0.000000 0.000000 
13.988527 102.259766 3.684464 -3.121254 0.493660 -0.932350 -0.000001 10.181535 0.131523 2.852512 -0.575913 3.007274 1.246694 0.480155 6.416345 1.226383 0.998854 6.320352 0.000005 16.740341 -2.049019 -0.661310 -1.060343 0.599981 -0.000002 9.617839 1.684977 -3.615514 9.417824 13.255315 0.000005 22.037354 7.501078 -0.000000 -0.000000 -0.000001 -4.569999 11.014864 -2.160839 4.330911 3.299083 2.698827 13.131962 -8.372536 57.227040 0.000014 13.019416 0.000027 -33.331794 -18.975521 -3.081421 -2.464806 -1.573989 2.681910 18.491282 0.461458 -10.916102 1.284040 -32.757615 3.089037 -2.646260 -1.527791 1.527815 2.008727 -8.430467 1.114683 -1.994597 -1.151582 1.151577 0.000001 -0.000000 0.000003 -9.108321 -0.517883 2.259807 0.896300 -6.465283 26.502165 1.508965 -4.663379 42.080000 -0.149356 -0.754110 19.008013 -0.000002 0.000001 0.000000 -9.532509 0.000009 0.000006 2.191544 -10.139709 34.639202 2.382396 -5.550033 54.991373 0.381156 -2.178842 21.069768 -0.000002 -0.000001 -0.000002 -9.103611 -0.043114 -1.865100 4.619817 -12.292512 45.876024 3.504844 -5.063447 61.882825 -0.086835 -0.490362 22.978768 -0.000002 0.000001 0.000000 -8.076711 -0.486727 -3.806292 6.983047 -17.310833 55.949915 3.067025 -5.413131 67.226369 -0.723375 -0.832071 27.281577 -0.000001 -0.000001 -0.000000 4.570405 11.014655 -2.160815 3.518502 -14.357971 -4.852103 -16.201096 19.261340 -68.598363 -0.000001 -3.872222 -0.000018 21.675896 9.127343 -6.058757 2.466091 -1.576210 2.681692 18.491412 -0.461308 10.916042 1.284043 32.757693 -3.088986 2.647872 -1.528738 1.528754 2.117137 9.311173 -0.358620 1.998925 -1.154080 1.154085 0.000002 0.000005 -0.000000 9.109293 -0.518012 2.259898 0.580265 5.703211 -18.330136 0.932742 3.911078 -32.657638 0.083422 1.107533 -13.076135 0.000000 0.000001 -0.000004 9.533400 -0.000002 0.000001 1.588903 9.610252 -26.397914 1.669546 4.936509 -45.534638 0.247648 1.768968 -15.172623 0.000000 0.000001 0.000002 9.104490 -0.042994 -1.865100 3.727148 12.140982 -37.572440 2.665116 4.632704 -52.395242 0.673035 2.093550 -22.253839 0.000002 0.000000 -0.000000 8.077777 -0.486891 -3.806302 6.311923 16.805667 -47.613744 2.266265 4.907674 -57.774972 0.613393 3.117382 -23.437034 0.000001 0.000002 -0.000001 -8.207800 -6.751725 -1.599545 -2.878898 -8.289614 -1.775773 20.140153 -4.860724 -0.682818 -14.174533 5.701949 -1.579049 -0.494618 0.000000 -0.000003 0.000000 -0.000000 -0.000000 8.207800 -6.751705 -1.599544 -11.733110 12.403662 4.045250 21.795323 9.975934 -1.971280 -7.516324 6.195452 0.833419 -3.071854 0.000003 -0.000002 0.000000 -0.000000 -0.000000 
15.158519 102.293022 3.624561 -3.185278 0.656966 -0.291182 -0.000000 10.181532 0.131522 2.757370 -0.428856 2.572699 1.218797 0.533792 6.352612 1.199430 1.052367 6.256066 -0.000001 16.740366 -2.049019 -1.004489 -1.112469 0.746890 0.000003 9.617846 1.684978 -2.367476 8.417904 13.666064 0.000011 22.037369 7.501073 0.000000 -0.000000 -0.000001 -4.570000 11.014890 -2.160841 4.339484 3.329550 2.858423 5.938734 -13.105408 54.408126 -0.000013 9.946736 0.000020 -26.546562 -23.206119 -1.960977 -2.464799 -1.573992 2.681904 18.339135 0.569892 -10.971369 1.173696 -32.475777 3.088711 -2.646271 -1.527822 1.527815 2.004408 -8.412899 1.117717 -1.994598 -1.151573 1.151574 -0.000004 -0.000002 0.000003 -9.108294 -0.517869 2.259800 0.874775 -6.421904 26.022556 1.472940 -4.623238 41.544055 -0.152133 -0.732036 18.795192 -0.000003 -0.000002 -0.000001 -9.532513 0.000008 -0.000001 2.191308 -10.165998 34.156226 2.312637 -5.498528 54.120025 0.373495 -2.158949 20.856608 -0.000002 0.000001 -0.000001 -9.103592 -0.043108 -1.865107 4.635706 -12.359467 45.397269 3.408199 -5.022519 60.828804 -0.090705 -0.468835 22.765961 -0.000001 -0.000000 0.000000 -8.076702 -0.486729 -3.806304 7.038398 -17.383940 55.303379 2.964396 -5.358284 66.066193 -0.724585 -0.808003 27.069013 -0.000001 0.000003 0.000002 4.570399 11.014673 -2.160815 3.493568 -14.568939 -4.937855 -22.651067 20.510981 -64.848084 0.000004 -2.161136 -0.000026 24.071969 13.378422 -5.447812 2.466100 -1.576200 2.681696 18.491702 -0.461100 10.915928 1.284267 32.758243 -3.088997 2.647888 -1.528751 1.528746 2.117142 9.311206 -0.358598 1.998929 -1.154085 1.154076 -0.000000 0.000006 0.000001 9.109283 -0.518014 2.259898 0.537702 5.569984 -16.946930 0.847809 3.774673 -31.062676 0.076159 1.069396 -12.693245 0.000001 -0.000001 -0.000000 9.533401 -0.000001 -0.000001 1.492492 9.509473 -25.003344 1.559356 4.821334 -43.934495 0.236674 1.732314 -14.789470 0.000002 0.000002 -0.000002 9.104512 -0.042996 -1.865105 3.572519 12.097383 -36.165848 2.530568 4.546281 -50.789751 0.655390 2.059873 -21.870472 0.000000 -0.000002 -0.000000 8.077798 -0.486902 -3.806307 6.206156 16.710848 -46.204450 2.139520 4.809356 -56.176158 0.595912 3.082973 -23.053314 0.000001 0.000001 0.000001 -8.207800 -6.751724 -1.599546 -3.261114 -8.447092 -2.929108 20.573032 -4.906773 -1.230839 -14.401811 5.840316 -1.378473 -0.368105 -0.000005 -0.000002 0.000000 -0.000000 -0.000001 8.207800 -6.751717 -1.599544 -10.871667 12.342307 2.710888 20.914743 9.964071 -2.599527 -7.488696 6.314092 1.989728 -3.148183 -0.000028 -0.000002 -0.000000 -0.000002 0.000000 
16.253429 102.303185 3.506123 -3.193634 0.761216 0.275809 0.000001 10.181543 0.131523 2.652347 -0.352569 2.154428 1.186290 0.559229 6.287667 1.167728 1.077543 6.190922 -0.000000 16.740372 -2.049021 -1.403452 -1.168448 0.875540 0.000003 9.617869 1.684976 -0.883333 7.319439 14.044906 0.000010 22.037384 7.501073 -0.000000 -0.000001 -0.000001 -4.570000 11.014883 -2.160841 4.374826 3.330769 3.228172 -2.274214 -16.039970 51.136445 -0.000004 6.687930 0.000001 -18.660915 -23.828869 -2.561863 -2.464793 -1.573995 2.681903 17.280329 1.328161 -11.338885 0.416874 -30.519444 3.103779 -2.646265 -1.527806 1.527820 1.974641 -8.290856 1.138739 -1.994594 -1.151582 1.151577 0.000000 -0.000002 0.000001 -9.108294 -0.517888 2.259804 0.735490 -6.116004 22.694804 1.233540 -4.335580 37.825519 -0.169017 -0.578589 17.318081 0.000000 0.000001 -0.000000 -9.532489 0.000012 0.000000 2.167976 -10.353827 30.799898 1.851006 -5.112804 48.075642 0.322404 -2.020169 19.377149 -0.000002 0.000000 -0.000000 -9.103603 -0.043109 -1.865101 4.706356 -12.837858 42.065451 2.760558 -4.690702 53.516793 -0.115343 -0.319065 21.288824 -0.000003 0.000002 0.000000 -8.076678 -0.486727 -3.806298 7.360668 -17.939065 50.797958 2.285898 -4.922251 58.019138 -0.730603 -0.640908 25.593706 -0.000000 0.000001 0.000001 4.570403 11.014682 -2.160815 3.472478 -14.828429 -5.035810 -28.582721 20.377236 -61.762416 0.000000 -0.740984 0.000021 21.997685 17.034500 -2.732075 2.466090 -1.576209 2.681701 18.491525 -0.461241 10.916018 1.284115 32.757867 -3.088990 2.647865 -1.528745 1.528748 2.117160 9.311179 -0.358636 1.998921 -1.154091 1.154078 -0.000001 -0.000001 0.000001 9.109291 -0.518014 2.259900 0.498597 5.436410 -15.570782 0.767083 3.636658 -29.475859 0.069159 1.031340 -12.311932 0.000001 -0.000001 -0.000001 9.533404 0.000013 0.000001 1.398585 9.406255 -23.616014 1.452903 4.703652 -42.341504 0.225993 1.695721 -14.407884 0.000000 0.000002 0.000000 9.104504 -0.042989 -1.865100 3.418439 12.048889 -34.766240 2.398982 4.456495 -49.190701 0.638059 2.026232 -21.488723 -0.000001 0.000001 -0.000002 8.077801 -0.486899 -3.806302 6.103647 16.614403 -44.802264 2.016014 4.707924 -54.583426 0.578747 3.048612 -22.671189 0.000000 -0.000000 0.000000 -8.207799 -6.751714 -1.599544 -3.752833 -8.577276 -3.981320 21.025412 -4.774053 -1.763825 -14.525292 5.873346 -1.114253 -0.210816 0.000002 0.000002 0.000000 0.000001 0.000000 8.207804 -6.751707 -1.599545 -10.168508 12.143713 1.458454 20.070801 9.953673 -3.153386 -7.414943 6.593340 3.070814 -3.257206 0.000003 -0.000001 0.000000 -0.000000 0.000000 
17.271700 102.297707 3.342041 -3.200312 0.783330 0.763345 -0.000001 10.181531 0.131524 2.561392 -0.360522 1.808661 1.158712 0.550747 6.237189 1.140670 1.068649 6.140658 0.000001 16.740370 -2.049020 -1.842302 -1.211128 0.949687 0.000008 9.617887 1.684973 0.767759 6.149982 14.250207 0.000013 22.037384 7.501073 -0.000000 0.000000 -0.000003 -4.570000 11.014887 -2.160840 4.449171 3.287502 3.812136 -10.513560 -16.721457 48.191571 0.000006 3.646654 0.000010 -10.919050 -21.283004 -6.382152 -2.464800 -1.573979 2.681908 15.564891 2.568387 -11.870827 -0.773557 -27.370277 3.188602 -2.646270 -1.527809 1.527819 1.926578 -8.094384 1.172755 -1.994594 -1.151586 1.151572 0.000001 -0.000005 0.000001 -9.108303 -0.517871 2.259804 0.549543 -5.608122 17.342054 0.888957 -3.841687 31.843510 -0.187883 -0.330769 14.939849 -0.000004 -0.000003 0.000006 -9.532515 0.000017 -0.000000 2.048395 -10.668341 25.380582 1.201361 -4.396582 38.357779 0.247714 -1.794049 16.995495 -0.000005 0.000003 -0.000000 -9.103615 -0.043106 -1.865099 4.669689 -13.644658 36.665408 1.822629 -3.992408 41.759927 -0.146836 -0.076731 18.910569 0.000002 -0.000003 -0.000001 -8.076687 -0.486729 -3.806300 7.630056 -18.981304 43.470944 1.342139 -4.034928 45.085853 -0.731225 -0.371690 23.218340 0.000000 0.000001 0.000002 4.570409 11.014706 -2.160814 3.468032 -15.108276 -5.153687 -33.486795 19.014910 -59.724888 0.000000 -0.000002 0.000002 16.459976 19.633495 2.475740 2.466095 -1.576197 2.681694 18.490461 -0.462002 10.916406 1.283351 32.755921 -3.089001 2.647898 -1.528748 1.528758 2.117118 9.311052 -0.358655 1.998929 -1.154093 1.154075 0.000000 -0.000000 -0.000002 9.109285 -0.518012 2.259899 0.463524 5.305117 -14.227294 0.691991 3.499761 -27.926789 0.062577 0.994118 -11.939131 0.000000 -0.000000 -0.000002 9.533391 0.000013 -0.000001 1.309014 9.302823 -22.261847 1.352064 4.585779 -40.784549 0.215785 1.659871 -14.034821 0.000000 0.000000 -0.000001 9.104505 -0.042994 -1.865100 3.268067 11.996754 -33.399844 2.272775 4.365142 -47.626731 0.621316 1.993224 -21.115453 -0.000000 -0.000001 0.000002 8.077808 -0.486887 -3.806301 6.006395 16.518560 -43.432941 1.897967 4.605376 -53.025129 0.562158 3.014875 -22.297586 0.000004 -0.000000 -0.000000 -8.207801 -6.751716 -1.599544 -4.282746 -8.714087 -4.940023 21.478811 -4.501583 -2.252682 -14.609466 5.901298 -0.945162 -0.072206 0.000002 0.000004 0.000000 -0.000000 0.000001 8.207799 -6.751698 -1.599542 -9.564275 11.897344 0.314256 19.265199 9.942600 -3.632233 -7.311663 6.975073 4.072293 -3.446274 0.000005 -0.000002 0.000000 -0.000000 0.000000 
18.218189 102.280090 3.144305 -3.245037 0.712427 1.146682 -0.000001 10.181574 0.131524 2.479483 -0.432205 1.555340 1.136482 0.516297 6.208349 1.118613 1.033757 6.112380 0.000003 16.740379 -2.049018 -2.277788 -1.232440 0.985268 0.000001 9.617823 1.684973 2.495500 4.946473 14.265890 -0.000001 22.037369 7.501075 0.000000 0.000000 -0.000000 -4.569998 11.014852 -2.160840 4.572584 3.195191 4.594804 -17.684787 -15.242498 46.325731 -0.000011 1.366572 0.000013 -4.132258 -17.404314 -13.619559 -2.464809 -1.574014 2.681906 13.615052 3.990389 -12.380331 -2.083583 -23.826031 3.367094 -2.646278 -1.527797 1.527818 1.872351 -7.873099 1.211194 -1.994590 -1.151581 1.151574 -0.000001 -0.000005 -0.000000 -9.108316 -0.517878 2.259801 0.398317 -5.018302 11.320553 0.565213 -3.246048 25.113557 -0.196822 -0.050981 12.261334 0.000000 0.000002 -0.000000 -9.532510 -0.000005 -0.000002 1.790759 -11.021764 19.253989 0.627331 -3.472615 27.433412 0.174927 -1.535894 14.313660 -0.000000 -0.000001 0.000004 -9.103604 -0.043119 -1.865100 4.399087 -14.574912 30.526311 0.962974 -2.997196 28.544762 -0.170238 0.197531 16.232018 0.000000 -0.000002 0.000001 -8.076704 -0.486743 -3.806300 7.518243 -20.306101 35.091579 0.548979 -2.813210 30.554370 -0.718566 -0.068744 20.542955 0.000003 -0.000000 0.000002 4.570402 11.014680 -2.160815 3.493572 -15.374361 -5.301655 -36.982852 16.604572 -58.758082 -0.000001 0.000001 0.000002 9.308703 20.476282 9.647179 2.466097 -1.576196 2.681694 18.490260 -0.462094 10.916441 1.283233 32.755572 -3.088999 2.647886 -1.528750 1.528756 2.117110 9.311032 -0.358650 1.998925 -1.154076 1.154077 0.000001 0.000002 -0.000004 9.109285 -0.518013 2.259898 0.432918 5.178985 -12.944424 0.623782 3.367169 -26.447575 0.056515 0.958557 -11.583495 -0.000000 -0.000000 -0.000001 9.533386 0.000014 -0.000002 1.225266 9.200974 -20.969033 1.258875 4.470834 -39.299659 0.206284 1.625633 -13.678996 -0.000001 0.000000 -0.000000 9.104485 -0.042980 -1.865104 3.124226 11.941623 -32.095100 2.154818 4.274878 -46.136094 0.605555 1.961632 -20.759404 -0.000001 -0.000000 0.000003 8.077788 -0.486887 -3.806303 5.915405 16.424342 -42.126752 1.788103 4.504705 -51.540536 0.546562 2.982619 -21.941214 -0.000003 -0.000000 0.000002 -8.207803 -6.751699 -1.599544 -4.793528 -8.846484 -5.779088 21.914759 -4.129927 -2.701876 -14.649294 5.936514 -0.870916 0.001711 -0.000004 0.015950 0.000000 -0.000000 -0.000001 8.207801 -6.751705 -1.599544 -9.026391 11.697008 -0.654865 18.539387 9.930567 -4.081440 -7.213655 7.365720 5.010359 -3.722461 0.000004 0.000002 -0.000000 -0.000002 0.000000 
19.092588 102.256493 2.928870 -3.309835 0.616692 1.406274 -0.000001 10.181558 0.131523 2.390162 -0.503921 1.375084 1.113274 0.481894 6.196931 1.095442 0.999009 6.101563 0.000004 16.740332 -2.049020 -2.703462 -1.263403 1.037303 0.000008 9.617850 1.684978 4.240535 3.665446 14.237151 0.000013 22.037369 7.501073 -0.000000 -0.000000 -0.000002 -4.569992 11.014858 -2.160838 4.751193 3.053734 5.549281 -23.039558 -12.055344 45.835275 0.000007 0.288152 -0.000001 0.841599 -13.984894 -22.410196 -2.464798 -1.573997 2.681905 11.865895 5.271701 -12.751834 -3.228991 -20.683012 3.594303 -2.646274 -1.527803 1.527817 1.824084 -7.676688 1.245502 -1.994591 -1.151585 1.151578 -0.000001 -0.000007 0.000003 -9.108307 -0.517871 2.259800 0.316797 -4.483918 5.980035 0.338255 -2.688662 19.144368 -0.193783 0.197547 9.883256 -0.000003 0.000001 -0.000000 -9.532503 0.000007 -0.000003 1.453674 -11.316096 13.794326 0.273165 -2.574222 17.750362 0.120513 -1.304081 11.933152 0.000001 0.000000 -0.000000 -9.103606 -0.043096 -1.865101 3.952514 -15.386794 25.020871 0.408987 -1.969454 16.833597 -0.180277 0.441695 13.853938 0.000002 0.000002 -0.000004 -8.076694 -0.486726 -3.806301 7.013004 -21.539601 27.518474 0.122402 -1.592173 17.678350 -0.695492 0.199491 18.167576 -0.000006 -0.000001 -0.000000 4.570408 11.014657 -2.160811 3.561003 -15.578347 -5.491537 -38.953528 13.317008 -58.638192 -0.000000 0.000003 0.000000 2.698487 19.285702 17.430621 2.466105 -1.576194 2.681695 18.493352 -0.459873 10.915242 1.285497 32.761364 -3.089014 2.647878 -1.528749 1.528752 2.117208 9.311401 -0.358592 1.998940 -1.154073 1.154072 -0.000001 -0.000004 -0.000000 9.109308 -0.518018 2.259897 0.407022 5.061037 -11.751311 0.563375 3.242255 -25.071364 0.051110 0.925622 -11.254419 -0.000000 -0.000000 -0.000000 9.533410 0.000035 -0.000001 1.148682 9.102537 -19.766871 1.175332 4.362314 -37.925465 0.197658 1.593880 -13.349680 -0.000000 -0.000000 -0.000001 9.104502 -0.043000 -1.865108 2.989627 11.884177 -30.881659 2.048074 4.188864 -44.760316 0.591142 1.932317 -20.429929 -0.000001 0.000000 0.000001 8.077806 -0.486890 -3.806309 5.831407 16.332400 -40.915917 1.689220 4.409456 -50.172773 0.532323 2.952687 -21.611460 0.000001 -0.000000 -0.000000 -8.207802 -6.751698 -1.599543 -5.248413 -8.968051 -6.457377 22.289732 -3.719202 -3.111700 -14.637034 5.903153 -0.917176 0.015180 -0.000018 0.043561 0.000000 -0.000000 -0.000000 8.207797 -6.751701 -1.599543 -8.559083 11.620343 -1.388994 17.902397 9.918253 -4.554797 -7.127947 7.608732 5.905976 -4.080768 -0.000007 -0.000000 -0.000000 -0.000002 0.000000 
19.892784 102.231773 2.719417 -3.359661 0.664637 1.563140 -0.000002 10.181549 0.131523 2.300658 -0.509041 1.243241 1.088022 0.474643 6.195163 1.070374 0.991529 6.100102 0.000005 16.740360 -2.049018 -3.165266 -1.356575 1.144920 -0.000001 9.617856 1.684973 6.003492 2.200675 14.339075 0.000006 22.037369 7.501075 -0.000000 0.000000 0.000001 -4.569995 11.014874 -2.160839 4.986673 2.870226 6.644978 -26.374697 -7.656777 46.501963 -0.000012 0.531464 -0.000006 2.846887 -11.476366 -29.730471 -2.464800 -1.573995 2.681910 10.770049 6.074865 -12.943731 -3.935611 -18.733382 3.766540 -2.646266 -1.527815 1.527812 1.794068 -7.554728 1.266899 -1.994590 -1.151586 1.151578 0.000001 0.000001 -0.000000 -9.108315 -0.517877 2.259803 0.291457 -4.149099 2.665575 0.227043 -2.331779 15.439665 -0.186694 0.351758 8.406305 0.000000 0.000001 0.000000 -9.532495 0.000020 0.000003 1.194434 -11.482026 10.394307 0.131513 -1.991099 11.742687 0.091596 -1.159028 10.454919 -0.000000 0.000000 -0.000000 -9.103602 -0.043090 -1.865099 3.578254 -15.870629 21.574442 0.174817 -1.282492 9.568522 -0.181396 0.593478 12.376980 -0.000001 0.000002 0.000001 -8.076700 -0.486735 -3.806298 6.496392 -22.298210 22.743910 -0.000793 -0.797421 9.689552 -0.675571 0.365506 16.692200 -0.000002 0.000000 0.000000 4.570407 11.014697 -2.160813 3.678216 -15.660422 -5.742563 -39.556491 9.307296 -59.093246 0.000008 -1.283446 0.000022 -1.885262 16.544569 24.370219 2.466104 -1.576210 2.681706 18.496321 -0.457833 10.914265 1.287606 32.766757 -3.089018 2.647878 -1.528739 1.528761 2.117292 9.311731 -0.358541 1.998924 -1.154083 1.154073 0.000002 -0.000003 0.000003 9.109297 -0.518018 2.259902 0.385714 4.953757 -10.670753 0.511304 3.127859 -23.825003 0.046373 0.895766 -10.956338 -0.000001 -0.000001 0.000001 9.533401 0.000000 0.000006 1.080905 9.011376 -18.678361 1.101948 4.262309 -36.681084 0.190020 1.565084 -13.051423 -0.000000 0.000001 0.000001 9.104490 -0.043000 -1.865099 2.868062 11.828416 -29.782780 1.953217 4.108787 -43.514633 0.578241 1.905691 -20.131542 -0.000002 -0.000000 -0.000001 8.077809 -0.486887 -3.806293 5.757159 16.247577 -39.819829 1.601683 4.321186 -48.934378 0.519560 2.925495 -21.312784 0.000001 -0.000001 0.000003 -8.207802 -6.751719 -1.599543 -5.630911 -9.149452 -7.001133 22.597310 -3.319141 -3.435864 -14.597871 5.709295 -1.156401 0.012630 -0.000018 0.043919 0.000000 -0.000000 0.000002 8.207799 -6.751718 -1.599545 -8.159606 11.680227 -1.904030 17.330483 9.906645 -5.066865 -7.034593 7.528417 6.763960 -4.490622 0.000000 0.000000 0.000000 0.000000 0.000000 
20.622482 102.208588 2.536175 -3.405984 1.013664 1.652793 -0.000000 10.181546 0.131524 2.231877 -0.439587 1.162047 1.065851 0.497375 6.202275 1.048552 1.014159 6.107149 -0.000004 16.740347 -2.049017 -3.690564 -1.528136 1.290255 -0.000001 9.617840 1.684976 7.824431 0.515536 14.620515 0.000005 22.037384 7.501070 -0.000000 -0.000000 -0.000002 -4.570002 11.014848 -2.160838 5.276196 2.671176 7.853134 -27.926296 -2.398061 47.843969 0.000001 1.859312 0.000002 1.465793 -9.653190 -33.366977 -2.464806 -1.573994 2.681904 10.611543 6.190977 -12.968907 -4.037257 -18.452675 3.793265 -2.646271 -1.527790 1.527814 1.789741 -7.537152 1.269980 -1.994598 -1.151581 1.151572 -0.000001 0.000000 0.000003 -9.108295 -0.517874 2.259802 0.289415 -4.100770 2.188202 0.212948 -2.279784 14.906036 -0.185361 0.373957 8.193526 0.000002 0.000001 0.000001 -9.532500 0.000008 -0.000000 1.154024 -11.504572 9.903879 0.116187 -1.905978 10.877460 0.087722 -1.138078 10.241946 -0.000000 -0.000000 0.000000 -9.103608 -0.043103 -1.865102 3.518305 -15.938509 21.076162 0.148329 -1.181276 8.522252 -0.181229 0.615355 12.164202 0.000001 0.000000 0.000001 -8.076689 -0.486716 -3.806298 6.408921 -22.405606 22.051290 -0.009360 -0.681789 8.538902 -0.672359 0.389380 16.479664 -0.000002 0.000001 0.000000 4.570399 11.014661 -2.160814 3.847505 -15.567256 -6.078538 -39.113211 4.708481 -59.911134 -0.000005 -3.366612 0.000002 -4.200148 13.057869 29.539311 2.466095 -1.576226 2.681690 18.489310 -0.462961 10.917103 1.282408 32.753513 -3.088980 2.647877 -1.528747 1.528745 2.117091 9.310909 -0.358664 1.998921 -1.154094 1.154073 -0.000001 0.000002 0.000001 9.109291 -0.518000 2.259898 0.368580 4.858852 -9.717965 0.467501 3.026171 -22.727094 0.042245 0.868897 -10.688373 -0.000001 -0.000001 0.000001 9.533398 0.000030 0.000002 1.023651 8.933393 -17.718496 1.037916 4.171179 -35.563770 0.183271 1.539159 -12.783256 0.000000 -0.000003 -0.000001 9.104492 -0.043002 -1.865101 2.763963 11.781843 -28.814010 1.868698 4.034357 -42.384630 0.566744 1.881689 -19.863261 -0.000000 0.000001 0.000001 8.077804 -0.486871 -3.806302 5.697104 16.179379 -38.843002 1.523459 4.238959 -47.803971 0.508203 2.900989 -21.044279 -0.000000 -0.000000 0.000002 -8.207802 -6.751712 -1.599543 -5.903572 -9.477139 -7.459039 22.863722 -2.989099 -3.632154 -14.575946 5.321278 -1.655962 -0.030984 -0.000003 0.000002 0.000000 0.000000 -0.000001 8.207800 -6.751717 -1.599545 -7.789580 11.790265 -2.290495 16.802632 9.896160 -5.549296 -6.912713 7.078858 7.551800 -4.848378 -0.000001 0.000002 0.000001 -0.000002 -0.000000 
21.283211 102.189400 2.381529 -3.519409 1.656937 1.670495 0.000000 10.181558 0.131524 2.180292 -0.352158 1.152761 1.048182 0.526610 6.225977 1.031059 1.043543 6.130663 -0.000006 16.740353 -2.049017 -4.225705 -1.730068 1.415037 0.000009 9.617853 1.684974 9.728305 -1.276527 14.998597 0.000011 22.037399 7.501072 -0.000001 -0.000000 -0.000002 -4.570010 11.014852 -2.160837 5.612013 2.505455 9.143024 -28.138959 3.525647 49.368177 -0.000012 3.836843 0.000040 -2.255097 -8.811124 -33.096774 -2.464790 -1.573987 2.681901 10.611536 6.190990 -12.968917 -4.037249 -18.452678 3.793268 -2.646268 -1.527787 1.527812 1.789742 -7.537156 1.269979 -1.994590 -1.151586 1.151580 0.000000 -0.000004 -0.000004 -9.108284 -0.517876 2.259800 0.289411 -4.100768 2.188189 0.212928 -2.279787 14.906061 -0.185337 0.373954 8.193515 0.000000 0.000000 0.000003 -9.532490 0.000017 -0.000002 1.154024 -11.504573 9.903896 0.116186 -1.905977 10.877463 0.087731 -1.138078 10.241974 -0.000002 0.000000 0.000001 -9.103588 -0.043091 -1.865104 3.518295 -15.938516 21.076179 0.148341 -1.181278 8.522255 -0.181240 0.615351 12.164204 -0.000004 -0.000001 0.000000 -8.076679 -0.486739 -3.806302 6.408921 -22.405623 22.051322 -0.009359 -0.681764 8.538858 -0.672328 0.389381 16.479687 0.000000 -0.000000 -0.000000 4.570389 11.014650 -2.160813 4.065651 -15.277637 -6.510576 -37.964384 -0.374645 -60.943360 0.000001 -6.001963 -0.000010 -4.885192 9.369106 32.587420 2.466100 -1.576196 2.681694 18.475754 -0.472540 10.921992 1.272596 32.728477 -3.088917 2.647886 -1.528757 1.528750 2.116713 9.309357 -0.358942 1.998921 -1.154064 1.154083 0.000002 -0.000001 0.000001 9.109304 -0.518012 2.259899 0.355482 4.779281 -8.921443 0.432402 2.940599 -21.810136 0.038831 0.846015 -10.460317 -0.000001 -0.000002 0.000001 9.533409 0.000002 -0.000005 0.977565 8.870226 -16.916017 0.984893 4.092739 -34.614217 0.177634 1.517072 -12.555095 -0.000000 0.000001 0.000000 9.104504 -0.042984 -1.865101 2.679207 11.745173 -28.004206 1.797375 3.969193 -41.415381 0.557043 1.861226 -19.634992 0.000001 -0.000002 -0.000001 8.077798 -0.486885 -3.806309 5.650750 16.127661 -38.018127 1.457297 4.166824 -46.829116 0.498631 2.880096 -20.815792 0.000000 -0.000000 0.000001 -8.207801 -6.751710 -1.599544 -5.992050 -9.921576 -7.788555 23.099527 -2.791414 -3.737825 -14.582802 4.755127 -2.436936 -0.271472 -0.000002 -0.000003 -0.000000 -0.000000 -0.000000 8.207799 -6.751703 -1.599545 -7.411457 11.844024 -2.612637 16.365468 9.887834 -5.883016 -6.783092 6.396508 8.203524 -5.019201 0.000006 0.000002 0.000000 -0.000002 0.000000 
21.864668 102.174812 2.241666 -3.761780 2.444857 1.571376 -0.000000 10.181544 0.131526 2.116368 -0.299669 1.232092 1.028991 0.541013 6.271942 1.011566 1.058493 6.176653 0.000005 16.740379 -2.049016 -4.682105 -1.899489 1.480921 0.000009 9.617849 1.684972 11.695765 -3.009628 15.396469 0.000012 22.037369 7.501075 -0.000001 -0.000000 -0.000001 -4.570000 11.014857 -2.160836 5.981419 2.422219 10.467346 -27.470550 9.988989 50.696905 0.000001 6.058967 0.000004 -6.109276 -9.214434 -30.296178 -2.464787 -1.573995 2.681901 10.611533 6.190980 -12.968903 -4.037252 -18.452692 3.793274 -2.646268 -1.527807 1.527821 1.789747 -7.537142 1.269960 -1.994586 -1.151583 1.151577 -0.000000 -0.000001 -0.000002 -9.108285 -0.517879 2.259799 0.289412 -4.100782 2.188214 0.212935 -2.279792 14.906048 -0.185343 0.373956 8.193513 -0.000001 0.000002 -0.000001 -9.532495 0.000001 -0.000003 1.154019 -11.504589 9.903906 0.116189 -1.905980 10.877483 0.087730 -1.138077 10.241964 0.000002 0.000001 0.000000 -9.103607 -0.043094 -1.865104 3.518312 -15.938515 21.076191 0.148334 -1.181278 8.522238 -0.181245 0.615348 12.164204 -0.000001 -0.000001 0.000000 -8.076687 -0.486716 -3.806302 6.408929 -22.405623 22.051317 -0.009375 -0.681777 8.538877 -0.672338 0.389385 16.479653 -0.000002 0.000000 -0.000000 4.570408 11.014686 -2.160812 4.324328 -14.819559 -7.017782 -36.372397 -5.853760 -62.067753 -0.000000 -8.974526 0.000016 -4.726284 5.663649 33.586308 2.466104 -1.576205 2.681690 18.487831 -0.463479 10.916701 1.281677 32.751665 -3.088970 2.647879 -1.528753 1.528751 2.117064 9.310801 -0.358699 1.998925 -1.154094 1.154081 -0.000001 -0.000004 -0.000004 9.109308 -0.518010 2.259895 0.346669 4.721282 -8.342254 0.407654 2.877779 -21.140817 0.036579 0.830553 -10.306265 0.000000 0.000004 0.000000 9.533406 0.000031 -0.000003 0.941904 8.814502 -16.333045 0.949675 4.039017 -33.969929 0.173855 1.502145 -12.400938 0.000000 -0.000000 -0.000000 9.104503 -0.042972 -1.865099 2.611614 11.704508 -27.415321 1.751473 3.926048 -40.783384 0.550556 1.847374 -19.480729 0.000000 0.000001 -0.000000 8.077799 -0.486886 -3.806302 5.608618 16.071476 -37.443001 1.415851 4.120325 -46.208829 0.492217 2.865957 -20.661423 -0.000001 -0.000001 0.000002 -8.207802 -6.751711 -1.599543 -5.865051 -10.345710 -7.874867 23.311786 -2.719483 -3.849029 -14.555430 4.009024 -3.427931 -0.777124 0.000001 0.000002 0.000000 0.000000 0.000001 8.207799 -6.751695 -1.599544 -7.044595 11.808965 -2.838368 16.128469 9.882805 -5.999047 -6.705687 5.666701 8.666043 -4.970656 0.000009 0.000001 0.000000 0.000000 0.000000 
22.353020 102.164322 2.102445 -4.104283 3.269441 1.341827 -0.000002 10.181559 0.131525 2.023653 -0.272926 1.387505 1.002241 0.545421 6.333346 0.984174 1.063780 6.238235 0.000005 16.740377 -2.049021 -5.042811 -2.030416 1.510184 0.000002 9.617843 1.684975 13.695661 -4.620597 15.848020 -0.000009 22.037369 7.501075 0.000001 0.000000 0.000001 -4.569992 11.014887 -2.160840 6.369012 2.435026 11.748408 -26.304203 16.829765 51.612714 -0.000013 8.292043 0.000016 -7.886450 -10.035282 -26.611957 -2.464801 -1.573988 2.681907 10.611533 6.190990 -12.968934 -4.037254 -18.452685 3.793293 -2.646260 -1.527805 1.527812 1.789746 -7.537153 1.269969 -1.994591 -1.151580 1.151588 0.000003 -0.000006 0.000003 -9.108294 -0.517881 2.259804 0.289402 -4.100775 2.188220 0.212937 -2.279779 14.906061 -0.185354 0.373947 8.193527 -0.000000 -0.000001 0.000000 -9.532497 -0.000005 0.000002 1.154013 -11.504573 9.903896 0.116193 -1.905978 10.877462 0.087733 -1.138083 10.241967 0.000000 -0.000001 -0.000000 -9.103604 -0.043091 -1.865098 3.518292 -15.938508 21.076174 0.148332 -1.181280 8.522269 -0.181234 0.615355 12.164176 -0.000001 0.000000 -0.000000 -8.076689 -0.486723 -3.806298 6.408913 -22.405611 22.051317 -0.009366 -0.681780 8.538898 -0.672350 0.389375 16.479667 0.000000 -0.000001 -0.000000 4.570408 11.014708 -2.160816 4.610043 -14.264029 -7.543530 -34.500833 -11.628551 -63.160439 0.000008 -12.119966 0.000010 -4.178553 2.003978 32.914122 2.466106 -1.576217 2.681694 18.532605 -0.431495 10.899925 1.314330 32.834850 -3.089205 2.647891 -1.528757 1.528751 2.118309 9.315993 -0.357814 1.998921 -1.154093 1.154075 0.000000 0.000001 0.000001 9.109305 -0.518011 2.259906 0.341983 4.688834 -8.018324 0.393982 2.842097 -20.762255 0.035605 0.823925 -10.240129 0.000003 0.000004 -0.000001 9.533409 -0.000015 0.000001 0.917864 8.767494 -16.007955 0.934464 4.015396 -33.688173 0.172260 1.495727 -12.334730 -0.000001 -0.000001 -0.000000 9.104491 -0.043005 -1.865103 2.563914 11.659386 -27.086015 1.734886 3.910233 -40.553500 0.547768 1.841426 -19.414531 -0.000000 -0.000002 -0.000002 8.077805 -0.486889 -3.806299 5.570672 16.009007 -37.163715 1.402827 4.105497 -46.012283 0.489472 2.859886 -20.595143 -0.000001 -0.000000 -0.000000 -8.207803 -6.751712 -1.599542 -5.789982 -10.607644 -7.778536 23.802723 -2.391605 -4.036017 -13.926989 2.868886 -3.701739 -1.564302 -0.000002 0.000009 0.000000 0.000000 0.000001 8.207798 -6.751711 -1.599543 -6.748723 11.728685 -2.909531 16.131804 9.866273 -5.943236 -6.705353 4.959542 8.954771 -4.823506 -0.000012 -0.000003 -0.000000 -0.000004 -0.000000 
22.747644 102.158730 1.962557 -4.439605 4.149981 1.031021 -0.000002 10.181555 0.131525 1.915694 -0.227464 1.576323 0.967649 0.559085 6.393747 0.949004 1.078430 6.298706 0.000002 16.740376 -2.049020 -5.388701 -2.173974 1.559671 0.000009 9.617858 1.684975 15.723010 -6.158795 16.443879 0.000002 22.037399 7.501072 -0.000000 0.000000 0.000001 -4.569999 11.014871 -2.160839 6.760634 2.505532 12.883743 -24.956152 23.774879 52.067639 -0.000004 10.475827 0.000010 -6.488046 -9.732793 -23.065284 -2.464795 -1.573978 2.681905 10.611531 6.190982 -12.968908 -4.037248 -18.452676 3.793266 -2.646262 -1.527789 1.527824 1.789728 -7.537153 1.269983 -1.994610 -1.151588 1.151573 -0.000001 -0.000005 0.000001 -9.108289 -0.517863 2.259799 0.289408 -4.100775 2.188202 0.212934 -2.279784 14.906072 -0.185352 0.373954 8.193515 -0.000001 0.000001 -0.000001 -9.532492 0.000016 -0.000004 1.154024 -11.504565 9.903896 0.116184 -1.905980 10.877484 0.087735 -1.138074 10.241969 0.000000 0.000003 -0.000000 -9.103598 -0.043087 -1.865104 3.518303 -15.938506 21.076171 0.148321 -1.181279 8.522276 -0.181220 0.615352 12.164181 0.000000 0.000000 -0.000000 -8.076685 -0.486703 -3.806299 6.408918 -22.405614 22.051302 -0.009367 -0.681773 8.538865 -0.672345 0.389375 16.479679 0.000001 -0.000000 0.000001 4.570403 11.014656 -2.160815 4.904881 -13.695091 -8.015431 -32.450772 -17.552345 -64.093566 -0.000011 -15.334555 0.000003 -3.308022 -1.516864 31.111204 2.466099 -1.576213 2.681689 18.480820 -0.469495 10.920765 1.275989 32.737158 -3.088956 2.647893 -1.528738 1.528755 2.116838 9.309881 -0.358847 1.998917 -1.154099 1.154087 -0.000002 0.000001 -0.000000 9.109305 -0.518024 2.259891 0.339455 4.670666 -7.837325 0.386771 2.822967 -20.559421 0.034502 0.816069 -10.162048 0.000002 -0.000001 0.000001 9.533420 0.000000 -0.000004 0.913410 8.773235 -15.824466 0.917399 3.988571 -33.369490 0.170368 1.488149 -12.256644 -0.000001 0.000001 -0.000001 9.104511 -0.042990 -1.865110 2.557945 11.679064 -26.902126 1.707452 3.883805 -40.171355 0.544519 1.834408 -19.336377 -0.000000 0.000003 0.000002 8.077814 -0.486886 -3.806303 5.579913 16.037872 -36.921376 1.375255 4.073798 -45.593736 0.486262 2.852708 -20.516946 -0.000003 -0.000001 -0.000002 -8.207803 -6.751707 -1.599543 -5.735717 -10.795280 -7.510739 24.337769 -1.981695 -4.255783 -13.110721 1.493549 -3.868256 -2.559100 -0.000004 0.000003 0.000000 -0.000000 0.000000 8.207800 -6.751694 -1.599543 -6.565372 11.659337 -2.831120 16.284518 9.883358 -5.823453 -6.733231 4.146881 9.131597 -4.728097 -0.000001 0.000002 0.000000 0.000001 0.000000 
23.061569 102.158745 1.830907 -4.682564 5.118180 0.703268 -0.000003 10.181544 0.131522 1.807250 -0.147786 1.750167 0.927105 0.588314 6.439994 0.908190 1.108530 6.344768 -0.000002 16.740360 -2.049022 -5.806417 -2.369571 1.657584 0.000012 9.617836 1.684975 17.775670 -7.668546 17.198906 -0.000008 22.037369 7.501079 -0.000002 0.000001 0.000001 -4.570003 11.014879 -2.160838 7.144704 2.566942 13.775157 -23.709333 30.438625 52.163463 -0.000011 12.642696 0.000006 -2.086974 -7.214624 -20.198039 -2.464778 -1.574004 2.681901 10.611527 6.190983 -12.968912 -4.037247 -18.452680 3.793263 -2.646259 -1.527812 1.527822 1.789744 -7.537148 1.269985 -1.994597 -1.151587 1.151567 0.000003 0.000000 -0.000001 -9.108285 -0.517895 2.259796 0.289415 -4.100768 2.188219 0.212911 -2.279791 14.906063 -0.185346 0.373960 8.193510 0.000003 0.000002 -0.000002 -9.532499 0.000002 -0.000008 1.154026 -11.504577 9.903909 0.116178 -1.905978 10.877484 0.087732 -1.138078 10.241963 -0.000002 0.000003 -0.000001 -9.103594 -0.043103 -1.865104 3.518317 -15.938503 21.076173 0.148305 -1.181286 8.522246 -0.181231 0.615357 12.164204 -0.000001 -0.000002 0.000000 -8.076689 -0.486737 -3.806302 6.408921 -22.405613 22.051315 -0.009363 -0.681783 8.538858 -0.672345 0.389383 16.479664 -0.000001 0.000001 0.000000 4.570403 11.014682 -2.160815 5.189291 -13.173825 -8.376715 -30.314753 -23.398582 -64.756812 -0.000011 -18.522419 -0.000008 -2.023796 -4.802350 28.712770 2.466108 -1.576227 2.681689 18.075513 -0.759029 11.067530 0.982786 31.986063 -3.089625 2.647887 -1.528733 1.528754 2.105519 9.263018 -0.366831 1.998933 -1.154088 1.154080 -0.000001 0.000005 -0.000000 9.109300 -0.518014 2.259907 0.335239 4.639403 -7.526057 0.375712 2.793328 -20.245745 0.030328 0.785885 -9.861565 -0.000001 0.000001 -0.000000 9.533411 -0.000001 0.000001 0.940348 8.913132 -15.501237 0.854458 3.886819 -32.169754 0.163225 1.458976 -11.956004 -0.000000 0.000000 -0.000000 9.104521 -0.042989 -1.865098 2.629134 11.895634 -26.585458 1.588836 3.765214 -38.488867 0.532019 1.807315 -19.035543 0.000002 0.000001 -0.000001 8.077826 -0.486886 -3.806295 5.711534 16.346135 -36.152106 1.248762 3.921977 -43.626201 0.473897 2.825058 -20.216030 -0.000002 -0.000001 0.000001 -8.207803 -6.751698 -1.599543 -5.752030 -11.013592 -7.218015 24.856843 -1.519052 -4.403194 -12.222959 0.044393 -3.967525 -3.611845 -0.000004 -0.000002 0.000000 -0.000000 0.000000 8.207798 -6.751696 -1.599543 -6.495999 11.622314 -2.665971 16.463490 9.883986 -5.706694 -6.738367 3.224945 9.261860 -4.715454 0.000001 0.000002 0.000000 0.000001 0.000000 
23.306601 102.160217 1.711905 -4.836474 6.104001 0.397880 -0.000000 10.181566 0.131524 1.690977 -0.051048 1.876778 0.880766 0.624708 6.468876 0.861885 1.145603 6.373358 0.000007 16.740379 -2.049024 -6.297285 -2.602980 1.777211 0.000001 9.617844 1.684973 19.800498 -9.132415 18.015572 0.000004 22.037354 7.501074 -0.000001 0.000000 -0.000003 -4.569996 11.014881 -2.160843 7.508508 2.570602 14.364521 -22.801615 36.398382 52.091770 -0.000007 14.836602 0.000018 4.360428 -2.394488 -18.356915 -2.464787 -1.573991 2.681899 10.611545 6.190996 -12.968921 -4.037259 -18.452682 3.793291 -2.646249 -1.527791 1.527817 1.789750 -7.537143 1.269971 -1.994594 -1.151584 1.151569 0.000002 0.000000 0.000001 -9.108286 -0.517885 2.259794 0.289412 -4.100751 2.188210 0.212949 -2.279799 14.906043 -0.185354 0.373945 8.193508 -0.000006 -0.000004 0.000005 -9.532493 -0.000003 -0.000009 1.154034 -11.504567 9.903901 0.116189 -1.905979 10.877466 0.087723 -1.138087 10.241962 0.000007 0.000002 -0.000000 -9.103595 -0.043100 -1.865107 3.518308 -15.938499 21.076169 0.148347 -1.181274 8.522265 -0.181241 0.615352 12.164185 0.000002 -0.000002 0.000001 -8.076689 -0.486730 -3.806304 6.408927 -22.405609 22.051303 -0.009355 -0.681769 8.538869 -0.672339 0.389377 16.479682 0.000001 -0.000001 -0.000001 4.570407 11.014700 -2.160817 5.446354 -12.719831 -8.605848 -28.217352 -28.848216 -65.094606 -0.000012 -21.524173 -0.000004 -0.336337 -7.833213 26.138832 2.466095 -1.576210 2.681695 17.148952 -1.422120 11.382176 0.324339 30.277706 -3.107677 2.647886 -1.528766 1.528740 2.079746 9.156418 -0.385046 1.998912 -1.154074 1.154081 -0.000001 -0.000003 0.000002 9.109292 -0.517994 2.259893 0.326867 4.573186 -6.866907 0.353088 2.730972 -19.588578 0.021507 0.718496 -9.191701 -0.000000 0.000003 -0.000002 9.533402 0.000001 -0.000005 0.998386 9.236789 -14.814327 0.722098 3.655559 -29.498129 0.147840 1.393794 -11.285762 0.000004 0.000001 -0.000002 9.104490 -0.043010 -1.865107 2.787563 12.393987 -25.913299 1.336063 3.487182 -34.720290 0.504646 1.746678 -18.364770 0.000001 -0.000002 0.000001 8.077810 -0.486873 -3.806304 5.979139 17.064007 -34.442226 0.984234 3.565853 -39.209787 0.446955 2.763206 -19.545155 0.000000 -0.000000 0.000001 -8.207802 -6.751710 -1.599542 -5.801718 -11.278861 -6.977186 25.305598 -1.136874 -4.434949 -11.396837 -1.222555 -3.994005 -4.556134 -0.000006 -0.000003 -0.000000 -0.000000 0.000000 8.207799 -6.751696 -1.599544 -6.512644 11.612801 -2.470777 16.643100 9.877341 -5.601965 -6.724136 2.261944 9.360085 -4.718148 0.000026 -0.000001 -0.000000 -0.000004 -0.000000 
23.488684 102.154671 1.596677 -4.958333 6.978706 0.140764 -0.000002 10.181561 0.131522 1.556675 0.062721 1.941299 0.830422 0.666641 6.482032 0.811840 1.187975 6.386291 0.000000 16.740355 -2.049018 -6.791857 -2.836756 1.872732 0.000009 9.617838 1.684969 21.694638 -10.524942 18.774923 0.000013 22.037369 7.501073 -0.000000 -0.000001 -0.000002 -4.570006 11.014844 -2.160839 7.834858 2.516025 14.651615 -22.352733 41.306645 52.033091 0.000001 17.065018 0.000020 11.618513 3.992257 -17.598715 -2.464796 -1.573990 2.681907 10.611524 6.190973 -12.968910 -4.037251 -18.452692 3.793283 -2.646267 -1.527779 1.527827 1.789741 -7.537156 1.269973 -1.994613 -1.151587 1.151582 0.000003 -0.000004 0.000003 -9.108294 -0.517877 2.259803 0.289417 -4.100765 2.188226 0.212931 -2.279790 14.906055 -0.185339 0.373959 8.193509 -0.000001 -0.000001 -0.000000 -9.532497 0.000023 -0.000004 1.154023 -11.504577 9.903901 0.116190 -1.905983 10.877484 0.087745 -1.138070 10.241960 0.000002 0.000002 -0.000001 -9.103598 -0.043099 -1.865108 3.518305 -15.938506 21.076186 0.148327 -1.181277 8.522269 -0.181222 0.615355 12.164193 -0.000005 -0.000000 -0.000001 -8.076691 -0.486735 -3.806301 6.408930 -22.405601 22.051322 -0.009371 -0.681794 8.538865 -0.672353 0.389368 16.479667 -0.000003 0.000000 0.000001 4.570403 11.014646 -2.160813 5.663510 -12.321073 -8.715618 -26.321357 -33.526687 -65.137554 -0.000004 -24.087712 0.000002 1.594909 -10.718542 23.686304 2.466108 -1.576223 2.681697 15.776362 -2.413582 11.807975 -0.628384 27.758527 -3.174262 2.647890 -1.528749 1.528748 2.041679 8.999197 -0.411994 1.998921 -1.154075 1.154068 0.000001 0.000000 -0.000002 9.109302 -0.518037 2.259895 0.315685 4.473342 -5.874817 0.320327 2.636367 -18.596226 0.009914 0.618402 -8.198157 -0.000003 -0.000001 -0.000002 9.533413 -0.000014 -0.000003 1.067036 9.715150 -13.778862 0.546043 3.301691 -25.536694 0.126403 1.296819 -10.291697 0.000003 0.000004 0.000001 9.104495 -0.043009 -1.865097 2.995950 13.134957 -24.897863 0.996751 3.046448 -29.142897 0.465393 1.656153 -17.370004 -0.000002 -0.000000 -0.000001 8.077802 -0.486907 -3.806304 6.282917 18.153634 -31.875977 0.645175 3.004015 -32.678743 0.408262 2.670892 -18.550198 -0.000000 0.000003 0.000002 -8.207805 -6.751703 -1.599544 -5.821683 -11.514735 -6.772998 25.659484 -1.008440 -4.426765 -10.732049 -2.090858 -3.897909 -5.282616 0.000001 0.000005 -0.000000 0.000000 0.000000 8.207796 -6.751690 -1.599544 -6.578618 11.623823 -2.287661 16.822599 9.505866 -5.512820 -6.724838 1.752327 9.488121 -4.698942 -0.000003 -0.000002 -0.000000 -0.000004 -0.000000 
23.619774 102.137032 1.472140 -5.090755 7.655801 -0.041291 -0.000001 10.181544 0.131523 1.418212 0.222977 1.939725 0.782972 0.725789 6.480239 0.764994 1.247336 6.384269 0.000007 16.740391 -2.049020 -7.225936 -3.053109 1.925313 0.000002 9.617843 1.684976 23.376464 -11.841953 19.422562 0.000015 22.037369 7.501070 -0.000003 0.000000 0.000001 -4.570000 11.014888 -2.160843 8.106045 2.440884 14.684432 -22.288589 44.984558 52.054648 -0.000000 19.273255 0.000024 18.485202 10.851486 -17.570786 -2.464789 -1.574013 2.681909 10.611529 6.190985 -12.968917 -4.037268 -18.452654 3.793296 -2.646271 -1.527797 1.527817 1.789759 -7.537167 1.269965 -1.994597 -1.151590 1.151577 -0.000000 -0.000003 -0.000000 -9.108299 -0.517882 2.259808 0.289398 -4.100786 2.188219 0.212934 -2.279774 14.906053 -0.185344 0.373950 8.193508 0.000000 -0.000003 0.000002 -9.532503 -0.000009 0.000005 1.154023 -11.504562 9.903902 0.116187 -1.905994 10.877463 0.087737 -1.138074 10.241989 -0.000003 0.000000 0.000006 -9.103607 -0.043103 -1.865099 3.518302 -15.938515 21.076174 0.148316 -1.181276 8.522268 -0.181226 0.615332 12.164203 -0.000001 -0.000001 -0.000001 -8.076701 -0.486720 -3.806293 6.408917 -22.405604 22.051302 -0.009378 -0.681764 8.538892 -0.672341 0.389380 16.479672 -0.000003 0.000001 0.000003 4.570400 11.014684 -2.160814 5.832340 -11.960452 -8.738254 -24.779061 -37.099545 -64.990377 0.000003 -25.910475 0.000008 3.642694 -13.704881 21.592846 2.466102 -1.576216 2.681689 14.189800 -3.569764 12.239373 -1.701233 24.867284 -3.305868 2.647897 -1.528739 1.528760 1.997895 8.818657 -0.443078 1.998925 -1.154094 1.154074 0.000003 -0.000003 -0.000000 9.109295 -0.518013 2.259894 0.304925 4.357561 -4.727230 0.284406 2.526113 -17.447068 -0.001251 0.502958 -7.054880 -0.000006 0.000001 -0.000000 9.533396 0.000011 -0.000004 1.121873 10.267235 -12.577682 0.374330 2.880615 -20.980784 0.103850 1.184780 -9.147878 0.000003 0.000002 -0.000003 9.104497 -0.043004 -1.865108 3.199597 13.995030 -23.717050 0.661822 2.501684 -22.734182 0.422196 1.551186 -16.225408 0.000003 -0.000001 0.000001 8.077808 -0.486908 -3.806302 6.493983 19.443716 -28.880628 0.337497 2.315416 -25.176996 0.365788 2.563847 -17.405434 0.000007 0.000001 -0.000000 -8.207802 -6.751720 -1.599542 -5.783998 -11.663018 -6.586285 25.910060 -1.199147 -4.477651 -10.278133 -2.507180 -3.666424 -5.750952 0.000003 -0.000009 0.000000 0.000001 0.000001 8.207797 -6.751707 -1.599544 -6.649224 11.637910 -2.146568 17.012632 8.934589 -5.457771 -6.745059 1.635839 9.639682 -4.677253 0.000008 0.000002 0.000000 -0.000000 0.000000 
23.722643 102.110741 1.337515 -5.239058 8.115264 -0.133488 -0.000001 10.181531 0.131524 1.304157 0.444077 1.880960 0.745938 0.809036 6.465469 0.728840 1.330661 6.369139 -0.000005 16.740376 -2.049023 -7.578395 -3.251942 1.947069 0.000006 9.617832 1.684970 24.842395 -13.054078 19.952378 -0.000006 22.037369 7.501071 -0.000000 0.000000 0.000001 -4.570005 11.014863 -2.160842 8.313293 2.384547 14.533439 -22.350358 47.458777 52.082522 -0.000025 21.334292 0.000037 23.978007 17.171514 -17.601777 -2.464797 -1.573980 2.681897 10.611535 6.190979 -12.968911 -4.037256 -18.452693 3.793264 -2.646264 -1.527793 1.527822 1.789734 -7.537155 1.269980 -1.994597 -1.151573 1.151578 0.000002 0.000001 0.000003 -9.108302 -0.517884 2.259803 0.289406 -4.100792 2.188200 0.212932 -2.279773 14.906070 -0.185348 0.373954 8.193503 0.000000 0.000002 -0.000000 -9.532499 -0.000005 -0.000003 1.154017 -11.504573 9.903891 0.116183 -1.905992 10.877476 0.087739 -1.138080 10.241961 0.000002 -0.000003 0.000002 -9.103591 -0.043105 -1.865100 3.518303 -15.938521 21.076183 0.148332 -1.181285 8.522245 -0.181235 0.615364 12.164213 -0.000001 -0.000001 0.000002 -8.076689 -0.486733 -3.806303 6.408909 -22.405607 22.051293 -0.009365 -0.681798 8.538879 -0.672350 0.389370 16.479686 0.000000 -0.000002 0.000003 4.570400 11.014683 -2.160814 5.949226 -11.635512 -8.712009 -23.631978 -39.386252 -64.756928 -0.000001 -26.737807 -0.000000 5.918534 -17.114963 20.087969 2.466092 -1.576227 2.681701 12.659087 -4.690502 12.592662 -2.712591 22.103612 -3.483788 2.647887 -1.528744 1.528750 1.955944 8.645985 -0.472873 1.998916 -1.154089 1.154076 0.000002 -0.000006 0.000000 9.109295 -0.518025 2.259897 0.296832 4.246919 -3.632143 0.252236 2.420236 -16.350853 -0.009810 0.392406 -5.961866 0.000004 -0.000000 0.000002 9.533398 0.000002 -0.000003 1.150931 10.798469 -11.427342 0.242037 2.466487 -16.627747 0.084350 1.077277 -8.054399 -0.000001 -0.000000 -0.000003 9.104507 -0.042998 -1.865098 3.359619 14.826741 -22.583194 0.400504 1.948923 -16.611097 0.382803 1.449995 -15.131239 0.000000 -0.000000 0.000002 8.077803 -0.486898 -3.806299 6.553415 20.707440 -25.972349 0.129875 1.624695 -18.009423 0.327181 2.460721 -16.311093 0.000001 -0.000000 0.000000 -8.207802 -6.751730 -1.599544 -5.696750 -11.737450 -6.446756 26.049698 -1.548958 -4.603950 -10.024291 -2.631175 -3.350025 -5.971985 0.000002 -0.000006 -0.000000 0.000000 -0.000000 8.207796 -6.751719 -1.599545 -6.678868 11.630120 -2.076055 17.181397 8.528417 -5.447437 -6.760620 1.595562 9.780683 -4.662695 0.000000 0.000001 0.000000 -0.000001 0.000000 
23.815996 102.083870 1.207301 -5.390411 8.370030 -0.146848 -0.000002 10.181531 0.131524 1.227962 0.696405 1.792218 0.720685 0.905587 6.444885 0.704520 1.427304 6.348064 -0.000006 16.740364 -2.049018 -7.853477 -3.426759 1.951882 -0.000003 9.617834 1.684976 26.146359 -14.085886 20.350204 0.000007 22.037369 7.501076 0.000000 -0.000000 -0.000001 -4.570007 11.014892 -2.160841 8.462766 2.359127 14.268944 -22.208049 48.928945 51.974345 0.000001 23.066527 0.000034 27.457956 22.339715 -16.966345 -2.464790 -1.573988 2.681900 10.611529 6.190989 -12.968911 -4.037262 -18.452671 3.793267 -2.646279 -1.527802 1.527816 1.789746 -7.537145 1.269980 -1.994597 -1.151602 1.151561 -0.000000 0.000002 -0.000001 -9.108311 -0.517861 2.259794 0.289417 -4.100758 2.188232 0.212933 -2.279794 14.906048 -0.185352 0.373958 8.193516 -0.000002 0.000001 0.000001 -9.532504 0.000015 -0.000008 1.154021 -11.504568 9.903899 0.116192 -1.905967 10.877470 0.087739 -1.138073 10.241976 0.000001 0.000003 0.000004 -9.103607 -0.043090 -1.865108 3.518310 -15.938520 21.076174 0.148324 -1.181274 8.522258 -0.181234 0.615349 12.164206 0.000002 -0.000001 0.000001 -8.076691 -0.486716 -3.806310 6.408933 -22.405601 22.051307 -0.009372 -0.681767 8.538876 -0.672330 0.389376 16.479665 -0.000000 -0.000000 0.000004 4.570398 11.014688 -2.160812 6.017022 -11.356857 -8.677100 -22.719632 -40.423102 -64.445615 -0.000004 -26.474153 -0.000008 8.775670 -21.184108 19.382349 2.466107 -1.576222 2.681695 11.456678 -5.572291 12.828186 -3.494168 19.951949 -3.656095 2.647887 -1.528738 1.528754 1.923199 8.511404 -0.496216 1.998925 -1.154078 1.154078 -0.000002 0.000002 -0.000000 9.109309 -0.518036 2.259894 0.292015 4.160864 -2.781603 0.228643 2.337642 -15.499840 -0.014979 0.306209 -5.110777 -0.000006 -0.000001 -0.000000 9.533397 -0.000000 -0.000003 1.157713 11.214158 -10.530915 0.161071 2.137815 -13.239911 0.070624 0.993287 -7.202986 -0.000000 0.000001 0.000001 9.104507 -0.043015 -1.865104 3.460613 15.480342 -21.697301 0.238805 1.500961 -11.845240 0.353515 1.370718 -14.279298 0.000001 0.000001 -0.000000 8.077810 -0.486917 -3.806302 6.500037 21.706032 -23.674400 0.028947 1.071922 -12.429690 0.298486 2.379934 -15.459092 0.000002 -0.000001 0.000003 -8.207802 -6.751709 -1.599542 -5.575021 -11.778598 -6.393020 26.082442 -1.797214 -4.750589 -9.908943 -2.693249 -2.993832 -6.004104 -0.000001 -0.000001 -0.000000 -0.000000 0.000000 8.207799 -6.751703 -1.599543 -6.641170 11.601079 -2.081160 17.289985 8.476364 -5.473641 -6.754570 1.430431 9.886239 -4.635509 0.000008 0.000001 -0.000000 -0.000004 -0.000000 
23.899277 102.061562 1.097236 -5.536029 8.439125 -0.110695 -0.000001 10.181555 0.131525 1.180980 0.933109 1.710390 0.702981 0.996798 6.428278 0.687617 1.518679 6.330905 -0.000003 16.740385 -2.049024 -8.058238 -3.561151 1.936598 0.000002 9.617838 1.684975 27.330951 -14.865128 20.589178 0.000003 22.037369 7.501076 -0.000000 -0.000001 0.000003 -4.570001 11.014890 -2.160841 8.572891 2.348513 13.950275 -21.593196 49.678350 51.619325 -0.000008 24.285419 0.000018 28.703293 26.229841 -15.201926 -2.464801 -1.573989 2.681905 10.611531 6.190990 -12.968916 -4.037255 -18.452697 3.793252 -2.646266 -1.527794 1.527820 1.789755 -7.537144 1.269978 -1.994583 -1.151596 1.151580 -0.000000 0.000000 0.000003 -9.108299 -0.517871 2.259800 0.289407 -4.100777 2.188210 0.212927 -2.279771 14.906067 -0.185344 0.373967 8.193516 0.000002 -0.000000 -0.000004 -9.532501 0.000016 -0.000002 1.154030 -11.504581 9.903888 0.116183 -1.905971 10.877480 0.087732 -1.138075 10.241969 -0.000001 -0.000002 0.000003 -9.103603 -0.043102 -1.865105 3.518308 -15.938521 21.076173 0.148329 -1.181272 8.522266 -0.181229 0.615365 12.164196 0.000001 -0.000001 0.000002 -8.076700 -0.486716 -3.806300 6.408918 -22.405613 22.051296 -0.009374 -0.681774 8.538878 -0.672341 0.389381 16.479677 -0.000001 0.000002 0.000004 4.570398 11.014681 -2.160819 6.046044 -11.130897 -8.673712 -21.695235 -40.432886 -63.950679 0.000004 -25.260126 0.000006 12.544010 -25.843783 19.634822 2.466099 -1.576215 2.681695 10.772926 -6.073157 12.944686 -3.934179 18.737330 -3.766145 2.647897 -1.528737 1.528755 1.904670 8.435365 -0.509424 1.998917 -1.154098 1.154073 0.000003 0.000003 -0.000000 9.109298 -0.518010 2.259904 0.289858 4.112255 -2.301455 0.215883 2.290861 -15.019444 -0.017359 0.257497 -4.630045 0.000001 -0.000001 0.000001 9.533409 0.000003 -0.000002 1.155320 11.449467 -10.023636 0.123963 1.950233 -11.326738 0.063404 0.945770 -6.722057 0.000001 0.000003 -0.000004 9.104501 -0.042995 -1.865097 3.508267 15.851445 -21.194929 0.164077 1.242447 -9.153940 0.337482 1.325741 -13.798095 -0.000001 0.000002 -0.000006 8.077803 -0.486900 -3.806301 6.429965 22.273037 -22.361711 -0.004133 0.756118 -9.278402 0.282799 2.334129 -14.977852 -0.000001 -0.000003 0.000001 -8.207802 -6.751711 -1.599542 -5.429011 -11.808354 -6.422217 26.035429 -1.799707 -4.869011 -9.868683 -2.813904 -2.612806 -5.925367 0.000005 0.000007 -0.000000 0.000000 -0.000001 8.207801 -6.751709 -1.599541 -6.543678 11.587535 -2.134897 17.328473 8.602509 -5.519599 -6.735392 1.258055 9.968296 -4.581534 0.000002 -0.000002 -0.000000 0.000000 0.000000 
23.955568 102.042870 1.012964 -5.676103 8.326880 -0.054981 -0.000000 10.181569 0.131524 1.151569 1.126525 1.660320 0.689390 1.071119 6.421008 0.674644 1.593195 6.323135 -0.000002 16.740368 -2.049019 -8.200860 -3.642287 1.889898 0.000010 9.617857 1.684974 28.377737 -15.362817 20.663726 0.000007 22.037369 7.501073 -0.000000 -0.000001 -0.000001 -4.570002 11.014896 -2.160841 8.665697 2.327177 13.623357 -20.363422 49.964121 50.982325 0.000012 24.864716 0.000012 27.885624 29.041500 -12.238276 -2.464795 -1.574007 2.681900 11.002711 5.904386 -12.905587 -3.786184 -19.146023 3.728114 -2.646270 -1.527770 1.527823 1.800428 -7.580538 1.262351 -1.994594 -1.151569 1.151567 0.000002 -0.000007 0.000001 -9.108298 -0.517886 2.259789 0.290534 -4.128596 2.462943 0.220146 -2.306565 15.181026 -0.187072 0.345316 8.468089 -0.000002 0.000002 0.000001 -9.532498 0.000011 -0.000006 1.156625 -11.370212 10.194355 0.135743 -2.013458 11.970453 0.092729 -1.165124 10.516756 0.000000 -0.000003 0.000001 -9.103604 -0.043105 -1.865109 3.492991 -15.726347 21.364051 0.187873 -1.329802 10.059486 -0.181428 0.587122 12.438802 0.000001 0.000000 0.000000 -8.076693 -0.486728 -3.806309 6.456585 -22.081631 22.804342 0.005079 -0.862559 10.338757 -0.676471 0.358583 16.753899 0.000000 -0.000001 0.000001 4.570399 11.014681 -2.160814 6.051309 -10.945512 -8.736920 -20.160724 -39.714733 -63.135052 0.000022 -23.477336 0.000023 17.126964 -30.617539 20.886942 2.466098 -1.576208 2.681701 10.567146 -6.223089 12.975453 -4.065583 18.374421 -3.800792 2.647878 -1.528764 1.528752 1.899120 8.412665 -0.513376 1.998917 -1.154088 1.154075 0.000000 -0.000003 -0.000000 9.109304 -0.518011 2.259905 0.289282 4.097675 -2.157487 0.212128 2.276815 -14.875353 -0.017988 0.242922 -4.486240 0.000001 0.000002 0.000002 9.533405 -0.000007 0.000001 1.153648 11.519787 -9.871371 0.114096 1.893875 -10.754435 0.061324 0.931543 -6.578197 -0.000002 0.000001 -0.000001 9.104507 -0.042995 -1.865096 3.521037 15.962528 -21.043905 0.144108 1.164489 -8.349105 0.332761 1.312272 -13.654134 -0.000001 0.000002 -0.000003 8.077799 -0.486904 -3.806300 6.398605 22.443764 -21.965856 -0.010655 0.661390 -8.336051 0.278188 2.320374 -14.833899 0.000002 -0.000001 0.000002 -8.207800 -6.751703 -1.599543 -5.271699 -11.827719 -6.494851 25.950204 -1.563106 -4.954831 -9.885029 -2.982380 -2.240021 -5.780501 -0.000006 0.000002 -0.000000 0.000000 -0.000000 8.207800 -6.751687 -1.599544 -6.424631 11.620415 -2.195535 17.339029 8.681971 -5.569398 -6.730881 1.263866 10.036297 -4.507410 -0.000012 -0.000000 0.000000 -0.000000 0.000000 
23.964558 102.024345 0.954458 -5.810027 8.005655 -0.000941 -0.000001 10.181547 0.131524 1.137755 1.271613 1.640391 0.680111 1.126136 6.420812 0.665874 1.648345 6.322505 0.000007 16.740360 -2.049020 -8.295853 -3.666811 1.808744 0.000010 9.617836 1.684975 29.222872 -15.575061 20.593179 -0.000005 22.037354 7.501078 -0.000001 -0.000000 0.000002 -4.569995 11.014884 -2.160840 8.758537 2.277048 13.321469 -18.505593 49.930684 50.098222 -0.000011 24.772007 0.000026 25.425239 31.037732 -8.227297 -2.464798 -1.574006 2.681905 12.019004 5.159454 -12.722519 -3.129664 -20.956663 3.572013 -2.646264 -1.527804 1.527818 1.828313 -7.693802 1.242511 -1.994594 -1.151586 1.151569 0.000001 -0.000003 0.000001 -9.108303 -0.517878 2.259807 0.294135 -4.201172 3.179982 0.239550 -2.376372 15.898613 -0.190925 0.270501 9.184654 -0.000002 0.000003 -0.000001 -9.532497 0.000021 -0.000004 1.156447 -11.019944 10.951075 0.196503 -2.292029 14.823379 0.106374 -1.235555 11.233911 -0.000001 0.000002 -0.000002 -9.103588 -0.043092 -1.865101 3.416332 -15.174539 22.112848 0.309747 -1.711961 14.072209 -0.181293 0.513470 13.155458 -0.000001 0.000004 0.000002 -8.076690 -0.486721 -3.806298 6.536331 -21.238528 24.752834 0.069435 -1.331399 15.036772 -0.686606 0.278089 17.469556 0.000001 0.000001 -0.000001 4.570409 11.014693 -2.160815 6.047389 -10.771190 -8.889192 -17.827603 -38.516157 -61.941421 0.000000 -21.660844 -0.000005 21.721385 -34.771957 22.889863 2.466098 -1.576204 2.681699 10.591327 -6.205352 12.971178 -4.050008 18.417433 -3.796643 2.647880 -1.528740 1.528754 1.899778 8.415340 -0.512917 1.998909 -1.154093 1.154076 0.000000 0.000003 0.000003 9.109295 -0.518009 2.259896 0.289347 4.099363 -2.174177 0.212547 2.278447 -14.892012 -0.017904 0.244626 -4.503174 0.000001 -0.000001 0.000004 9.533399 -0.000007 -0.000002 1.153833 11.511401 -9.889034 0.115214 1.900533 -10.821848 0.061585 0.933204 -6.595137 0.000002 0.000001 -0.000005 9.104505 -0.042994 -1.865103 3.519468 15.949313 -21.061392 0.146409 1.173708 -8.444064 0.333322 1.313849 -13.671113 0.000001 -0.000000 0.000003 8.077792 -0.486883 -3.806305 6.404069 22.422586 -22.012422 -0.009956 0.672594 -8.447324 0.278728 2.321999 -14.850851 -0.000000 -0.000001 -0.000003 -8.207801 -6.751705 -1.599544 -5.119924 -11.825366 -6.569534 25.848813 -1.199646 -5.027301 -9.982959 -3.089773 -1.930232 -5.558944 0.000004 0.000001 -0.000000 -0.000000 0.000001 8.207800 -6.751699 -1.599543 -6.327527 11.696908 -2.224666 17.389513 8.745391 -5.617852 -6.768907 1.443241 10.064075 -4.430560 0.000031 0.000002 0.000000 -0.000000 0.000000 
23.912565 102.004295 0.922577 -5.928709 7.433590 0.037120 0.000002 10.181569 0.131528 1.138411 1.371921 1.628521 0.675453 1.163292 6.421065 0.661687 1.685513 6.322386 0.000007 16.740356 -2.049017 -8.370610 -3.636737 1.695262 0.000001 9.617842 1.684969 29.863219 -15.507740 20.382710 -0.000002 22.037384 7.501074 -0.000000 0.000001 0.000001 -4.569987 11.014863 -2.160840 8.860920 2.189742 13.065629 -16.125465 49.576904 49.063561 0.000016 24.059164 0.000013 21.821170 32.334904 -3.316717 -2.464788 -1.574001 2.681902 13.423765 4.130328 -12.424892 -2.210049 -23.480556 3.388956 -2.646267 -1.527794 1.527823 1.867046 -7.851541 1.214964 -1.994594 -1.151585 1.151588 -0.000001 -0.000002 0.000001 -9.108314 -0.517904 2.259800 0.300623 -4.302157 4.178591 0.268073 -2.473117 16.897985 -0.194726 0.166295 10.182492 0.000000 -0.000004 0.000002 -9.532500 0.000006 -0.000005 1.139440 -10.533479 12.001879 0.304077 -2.674167 18.797645 0.126824 -1.333371 12.232625 0.000001 0.000001 0.000003 -9.103598 -0.043129 -1.865102 3.284381 -14.411279 23.149980 0.523405 -2.227926 19.662822 -0.179566 0.410933 14.153416 0.000000 -0.000002 0.000000 -8.076710 -0.486735 -3.806306 6.541985 -20.075050 27.428660 0.222577 -1.972193 21.581576 -0.699009 0.165837 18.466127 0.000003 0.000002 0.000001 4.570408 11.014659 -2.160814 6.044347 -10.574033 -9.136558 -14.615939 -36.954568 -60.453888 0.000009 -20.333449 0.000012 24.949252 -37.663224 24.979952 2.466097 -1.576220 2.681705 10.627324 -6.179428 12.966385 -4.027207 18.480427 -3.790587 2.647893 -1.528749 1.528758 1.900738 8.419300 -0.512229 1.998905 -1.154092 1.154079 -0.000001 -0.000000 0.000002 9.109302 -0.518018 2.259905 0.289449 4.101874 -2.199096 0.213206 2.280871 -14.916915 -0.017799 0.247155 -4.528118 0.000001 0.000000 0.000000 9.533401 0.000022 0.000011 1.154132 11.499207 -9.915392 0.116893 1.910298 -10.921098 0.061938 0.935677 -6.620082 0.000000 0.000001 0.000003 9.104508 -0.043009 -1.865089 3.517275 15.930048 -21.087550 0.149814 1.187272 -8.583653 0.334141 1.316168 -13.696077 -0.000001 0.000001 -0.000001 8.077809 -0.486886 -3.806291 6.410943 22.392647 -22.081349 -0.008917 0.689039 -8.610775 0.279531 2.324352 -14.875829 -0.000001 0.000001 -0.000002 -8.207800 -6.751698 -1.599541 -4.987967 -11.785976 -6.621246 25.715372 -0.885388 -5.101157 -10.191601 -2.978627 -1.704225 -5.224693 0.000004 -0.000008 -0.000000 0.000001 0.000001 8.207801 -6.751688 -1.599540 -6.282323 11.799169 -2.186808 17.530949 8.987692 -5.685391 -6.864467 1.653614 10.017668 -4.374270 -0.000006 0.000002 0.000000 -0.000000 0.000000 
23.795033 101.983337 0.918091 -6.015920 6.596890 0.046132 -0.000003 10.181553 0.131524 1.141947 1.436393 1.601867 0.672050 1.186475 6.416224 0.658729 1.708646 6.317244 0.000002 16.740395 -2.049021 -8.434612 -3.567140 1.574695 0.000000 9.617824 1.684972 30.302250 -15.177993 20.064970 -0.000003 22.037384 7.501067 0.000003 0.000000 0.000001 -4.569997 11.014882 -2.160843 8.976081 2.059705 12.865734 -13.435840 48.785804 48.035870 -0.000020 22.813402 0.000046 17.570484 32.838136 2.342696 -2.464793 -1.574008 2.681904 14.985073 2.990150 -12.032901 -1.167397 -26.312230 3.232971 -2.646267 -1.527808 1.527814 1.910415 -8.028338 1.184202 -1.994602 -1.151581 1.151579 -0.000002 -0.000005 0.000001 -9.108299 -0.517874 2.259802 0.310004 -4.415182 5.298030 0.302007 -2.580964 18.018222 -0.196826 0.049416 11.300843 -0.000001 -0.000002 -0.000000 -9.532502 0.000014 0.000004 1.097411 -9.990621 13.175770 0.455860 -3.092463 23.254431 0.151796 -1.442534 13.352080 0.000003 0.000001 0.000001 -9.103593 -0.043108 -1.865105 3.102107 -13.563760 24.305363 0.821464 -2.778332 25.933547 -0.175494 0.296058 15.271905 -0.000003 -0.000004 -0.000001 -8.076688 -0.486720 -3.806294 6.407117 -18.794468 30.380972 0.479856 -2.664303 28.922518 -0.710583 0.039769 19.583027 0.000001 -0.000004 0.000001 4.570406 11.014688 -2.160817 6.046939 -10.328163 -9.470828 -10.672943 -35.018093 -58.895683 -0.000001 -19.823019 -0.000011 25.517339 -39.012791 26.387912 2.466109 -1.576231 2.681694 10.621870 -6.183542 12.967609 -4.030797 18.470510 -3.791533 2.647876 -1.528741 1.528757 1.900596 8.418667 -0.512331 1.998927 -1.154094 1.154073 0.000000 0.000001 0.000005 9.109293 -0.518006 2.259899 0.289438 4.101486 -2.195278 0.213104 2.280483 -14.913129 -0.017835 0.246772 -4.524221 0.000000 -0.000000 0.000002 9.533411 0.000016 -0.000000 1.154091 11.501135 -9.911356 0.116652 1.908754 -10.905584 0.061873 0.935311 -6.616200 -0.000001 -0.000002 0.000002 9.104520 -0.042999 -1.865094 3.517649 15.933095 -21.083588 0.149296 1.185132 -8.561789 0.334004 1.315824 -13.692171 -0.000001 0.000001 -0.000002 8.077814 -0.486899 -3.806299 6.410295 22.397404 -22.070769 -0.009083 0.686459 -8.585188 0.279405 2.324007 -14.871921 0.000003 -0.000001 0.000001 -8.207800 -6.751711 -1.599543 -4.883322 -11.705417 -6.638537 25.516289 -0.712590 -5.169978 -10.511303 -2.588739 -1.542454 -4.761730 0.000004 0.000001 -0.000000 0.000001 0.000001 8.207800 -6.751707 -1.599543 -6.307818 11.912730 -2.055589 17.768860 9.429938 -5.800650 -7.017902 1.894264 9.901942 -4.354845 0.000009 0.000002 -0.000000 -0.000002 0.000000 
23.613014 101.962883 0.940427 -6.056445 5.524148 0.012489 -0.000001 10.181555 0.131525 1.131485 1.481529 1.553379 0.664418 1.202850 6.404769 0.651529 1.724946 6.305566 0.000005 16.740364 -2.049015 -8.486830 -3.477090 1.463180 0.000007 9.617835 1.684982 30.596423 -14.621268 19.666341 -0.000005 22.037384 7.501074 -0.000000 0.000000 0.000001 -4.569996 11.014874 -2.160839 9.103811 1.880718 12.721285 -10.721026 47.393013 47.212610 -0.000000 21.092690 0.000030 13.177341 32.354189 8.387716 -2.464803 -1.573998 2.681906 16.478508 1.906293 -11.597298 -0.144630 -29.044123 3.134519 -2.646260 -1.527808 1.527816 1.952138 -8.198824 1.154649 -1.994605 -1.151586 1.151582 -0.000002 -0.000000 0.000003 -9.108298 -0.517872 2.259806 0.321142 -4.523932 6.377423 0.336726 -2.684281 19.098377 -0.196689 -0.063284 12.379014 0.000002 -0.000004 -0.000000 -9.532495 0.000005 0.000001 1.034107 -9.470287 14.303938 0.632680 -3.483376 27.553868 0.177870 -1.547297 14.431404 -0.000003 -0.000003 -0.000000 -9.103590 -0.043097 -1.865104 2.892593 -12.755546 25.412943 1.164314 -3.275104 31.984451 -0.169469 0.185407 16.350221 0.000000 0.000001 0.000005 -8.076677 -0.486704 -3.806297 6.141195 -17.592986 33.185857 0.809996 -3.295145 36.006831 -0.719430 -0.081948 20.659785 -0.000002 0.000002 0.000001 4.570408 11.014703 -2.160813 6.056549 -10.019563 -9.873445 -6.316579 -32.626724 -57.573755 -0.000006 -20.153382 0.000014 23.037402 -38.893768 26.828853 2.466092 -1.576211 2.681697 10.608494 -6.193169 12.969519 -4.039280 18.447050 -3.793791 2.647887 -1.528745 1.528759 1.900231 8.417207 -0.512593 1.998917 -1.154093 1.154075 0.000002 -0.000002 -0.000000 9.109292 -0.518013 2.259898 0.289396 4.100562 -2.186014 0.212850 2.279606 -14.903871 -0.017855 0.245812 -4.514933 0.000005 0.000003 -0.000002 9.533411 0.000021 -0.000001 1.153977 11.505694 -9.901558 0.116010 1.905109 -10.868670 0.061748 0.934390 -6.606895 0.000001 0.000001 -0.000001 9.104502 -0.042994 -1.865098 3.518467 15.940289 -21.073861 0.148006 1.180093 -8.509839 0.333704 1.314955 -13.682874 0.000002 -0.000000 0.000002 8.077805 -0.486866 -3.806304 6.408170 22.408425 -22.045189 -0.009482 0.680336 -8.524339 0.279112 2.323119 -14.862625 0.000004 0.000001 0.000001 -8.207803 -6.751698 -1.599544 -4.814129 -11.598000 -6.619152 25.246298 -0.595476 -5.206570 -10.908804 -2.016506 -1.422747 -4.196202 -0.000004 0.000005 -0.000000 0.000001 -0.000001 8.207798 -6.751705 -1.599544 -6.423128 12.029150 -1.824597 18.078654 9.811499 -5.962404 -7.226092 2.404129 9.758139 -4.369646 -0.000002 -0.000001 0.000000 -0.000000 0.000001 
23.369444 101.944733 0.990478 -6.051597 4.258649 -0.072276 0.000001 10.181540 0.131525 1.100799 1.522990 1.494052 0.650172 1.219279 6.388475 0.637677 1.741364 6.289088 0.000002 16.740353 -2.049021 -8.521790 -3.375538 1.352706 -0.000002 9.617847 1.684973 30.822315 -13.879183 19.191824 0.000011 22.037399 7.501062 -0.000000 -0.000000 0.000001 -4.570003 11.014877 -2.160846 9.241319 1.650171 12.619497 -8.267713 45.254579 46.770209 -0.000009 18.886173 0.000020 9.142047 30.784110 14.115512 -2.464797 -1.574005 2.681906 17.685979 1.036919 -11.201619 0.704628 -31.267868 3.094467 -2.646259 -1.527810 1.527824 1.986046 -8.337542 1.130697 -1.994602 -1.151583 1.151583 0.000001 -0.000005 0.000001 -9.108297 -0.517876 2.259808 0.331726 -4.612281 7.255806 0.366421 -2.767845 19.977369 -0.195016 -0.154955 13.256298 0.000000 0.000003 -0.000001 -9.532502 0.000013 0.000001 0.966214 -9.049566 15.219541 0.797944 -3.790962 31.054404 0.200552 -1.632181 15.309690 -0.000000 0.000000 0.000001 -9.103602 -0.043100 -1.865102 2.698044 -12.104974 26.310083 1.480909 -3.650871 36.912296 -0.163032 0.095469 17.227612 -0.000000 0.000001 0.000001 -8.076694 -0.486726 -3.806296 5.830228 -16.645811 35.441609 1.134700 -3.775303 41.777153 -0.724921 -0.181098 21.535877 -0.000001 -0.000000 0.000000 4.570398 11.014682 -2.160818 6.073338 -9.643316 -10.315361 -1.910345 -29.713669 -56.783546 -0.000011 -21.069185 -0.000014 18.320676 -37.495993 26.603387 2.466108 -1.576204 2.681702 10.607343 -6.193969 12.969491 -4.039971 18.445155 -3.793972 2.647888 -1.528744 1.528749 1.900198 8.417090 -0.512592 1.998928 -1.154077 1.154070 -0.000004 0.000001 0.000001 9.109304 -0.518009 2.259898 0.289400 4.100481 -2.185227 0.212841 2.279528 -14.903068 -0.017863 0.245756 -4.514174 -0.000000 0.000001 0.000001 9.533418 0.000022 0.000000 1.153974 11.506048 -9.900728 0.115962 1.904834 -10.865585 0.061735 0.934292 -6.606158 -0.000004 0.000000 -0.000003 9.104507 -0.042990 -1.865099 3.518543 15.940850 -21.073020 0.147911 1.179674 -8.505571 0.333674 1.314885 -13.682123 -0.000003 -0.000000 0.000000 8.077808 -0.486884 -3.806295 6.407900 22.409318 -22.043013 -0.009510 0.679828 -8.519338 0.279087 2.323044 -14.861862 -0.000002 -0.000001 -0.000001 -8.207802 -6.751728 -1.599542 -4.785969 -11.489754 -6.570762 24.934770 -0.450218 -5.185315 -11.331629 -1.308505 -1.323681 -3.590252 -0.000000 0.000005 -0.000000 0.000000 0.000000 8.207799 -6.751706 -1.599542 -6.627535 12.148136 -1.499394 18.431025 9.880053 -6.145712 -7.486617 3.395028 9.619674 -4.413351 0.000005 -0.000001 0.000000 -0.000002 0.000000 
23.068731 101.931442 1.073027 -6.030420 2.831339 -0.204724 -0.000002 10.181551 0.131522 1.059934 1.563869 1.442270 0.632196 1.237411 6.370075 0.620013 1.759561 6.270480 0.000004 16.740379 -2.049020 -8.531372 -3.252597 1.215712 0.000004 9.617856 1.684984 31.023607 -12.975732 18.623269 -0.000002 22.037354 7.501071 0.000000 -0.000001 0.000000 -4.569996 11.014876 -2.160839 9.382803 1.375287 12.534264 -6.285741 42.282399 46.781598 0.000003 16.143625 0.000006 5.882105 28.230137 18.615576 -2.464796 -1.574004 2.681915 18.392782 0.531629 -10.951945 1.212542 -32.575115 3.088742 -2.646251 -1.527822 1.527818 2.005939 -8.419094 1.116644 -1.994589 -1.151584 1.151566 -0.000001 0.000002 -0.000001 -9.108309 -0.517880 2.259813 0.338563 -4.664118 7.772182 0.384480 -2.816767 20.494085 -0.193397 -0.208827 13.771950 0.000001 0.000001 0.000001 -9.532508 0.000011 0.000005 0.919501 -8.803539 15.756787 0.903779 -3.966871 33.112965 0.214489 -1.681884 15.825975 0.000000 -0.000002 -0.000000 -9.103601 -0.043102 -1.865098 2.573761 -11.725776 26.835871 1.681770 -3.858579 39.810700 -0.158615 0.042667 17.743325 -0.000001 0.000000 0.000003 -8.076714 -0.486724 -3.806290 5.609141 -16.103885 36.757472 1.347691 -4.041484 45.171552 -0.727443 -0.239410 22.050844 0.000002 0.000002 0.000002 4.570401 11.014686 -2.160816 6.096724 -9.200611 -10.755698 2.286878 -26.299567 -56.717956 -0.000016 -22.176207 -0.000002 12.970228 -34.832332 26.102133 2.466111 -1.576217 2.681692 10.611556 -6.190908 12.968858 -4.037286 18.452591 -3.793257 2.647900 -1.528726 1.528757 1.900320 8.417566 -0.512531 1.998919 -1.154088 1.154074 -0.000000 -0.000003 0.000005 9.109305 -0.518015 2.259898 0.289412 4.100753 -2.188165 0.212913 2.279826 -14.906012 -0.017839 0.246035 -4.517112 0.000002 -0.000001 -0.000002 9.533412 0.000023 -0.000000 1.154014 11.504618 -9.903823 0.116167 1.905973 -10.877311 0.061752 0.934598 -6.609082 0.000001 0.000001 -0.000002 9.104504 -0.042994 -1.865104 3.518283 15.938571 -21.076089 0.148301 1.181304 -8.522026 0.333765 1.315145 -13.685079 -0.000001 0.000002 -0.000001 8.077812 -0.486881 -3.806304 6.408880 22.405671 -22.051144 -0.009389 0.681763 -8.538610 0.279175 2.323324 -14.864824 0.000002 -0.000002 0.000000 -8.207803 -6.751719 -1.599547 -4.788365 -11.412712 -6.511817 24.624910 -0.327543 -5.101616 -11.737459 -0.345007 -1.234055 -3.017770 0.000001 -0.000003 -0.000000 0.000000 0.000000 8.207797 -6.751698 -1.599544 -6.873791 12.271489 -1.083525 18.833239 9.884383 -6.333513 -7.792255 4.587046 9.440319 -4.494774 -0.000019 -0.000004 0.000000 -0.000004 -0.000000 
22.715651 101.925606 1.194580 -6.034056 1.268416 -0.372652 -0.000000 10.181548 0.131524 1.021094 1.596064 1.410407 0.614308 1.253752 6.351669 0.602283 1.776043 6.251816 0.000004 16.740345 -2.049017 -8.507378 -3.089491 1.024519 -0.000001 9.617832 1.684976 31.203204 -11.919713 17.938309 -0.000018 22.037354 7.501089 0.000001 -0.000000 0.000001 -4.569998 11.014882 -2.160839 9.519604 1.073198 12.430672 -4.855714 38.446165 47.160984 -0.000011 12.883524 0.000028 3.679367 24.961249 21.053783 -2.464803 -1.574015 2.681897 18.410910 0.417808 -10.976336 1.256693 -32.687865 3.088874 -2.646261 -1.527802 1.527817 2.032692 -8.528807 1.097803 -1.994604 -1.151584 1.151584 -0.000000 0.000002 -0.000001 -9.108300 -0.517883 2.259796 0.337586 -4.608844 7.885184 0.388187 -2.826652 20.598935 -0.192966 -0.220697 13.885553 -0.000001 0.000004 0.000002 -9.532497 -0.000004 -0.000009 0.908723 -8.762523 15.770961 0.909683 -3.976275 33.224287 0.217617 -1.692830 15.939741 0.000004 0.000002 0.000003 -9.103602 -0.043101 -1.865106 2.577347 -11.730543 26.853039 1.689999 -3.866656 39.926366 -0.157573 0.031010 17.857004 -0.000003 -0.000001 0.000004 -8.076699 -0.486722 -3.806303 5.627116 -16.183476 36.844305 1.363869 -4.060436 45.419682 -0.727056 -0.229894 21.966759 -0.000001 -0.000002 0.000001 4.570406 11.014692 -2.160813 6.124238 -8.698254 -11.144078 6.216752 -22.550665 -57.432670 0.000006 -23.103701 0.000005 8.707350 -30.598561 25.424303 2.466098 -1.576201 2.681695 10.612972 -6.189896 12.968714 -4.036408 18.455021 -3.793040 2.647890 -1.528738 1.528752 1.900356 8.417691 -0.512500 1.998910 -1.154072 1.154075 -0.000001 0.000003 -0.000000 9.109304 -0.518007 2.259900 0.289402 4.100878 -2.189134 0.212944 2.279889 -14.906977 -0.017846 0.246160 -4.518063 0.000004 0.000000 -0.000003 9.533411 0.000015 -0.000001 1.154029 11.504122 -9.904851 0.116228 1.906365 -10.881170 0.061792 0.934683 -6.610032 0.000003 -0.000002 -0.000001 9.104501 -0.042976 -1.865094 3.518199 15.937831 -21.077113 0.148441 1.181807 -8.527436 0.333810 1.315259 -13.686021 -0.000004 -0.000000 -0.000002 8.077809 -0.486900 -3.806295 6.409070 22.404544 -22.053819 -0.009351 0.682408 -8.544947 0.279219 2.323419 -14.865785 -0.000001 -0.000001 0.000001 -8.207801 -6.751714 -1.599543 -4.798163 -11.397795 -6.464705 24.363606 -0.286124 -4.960483 -12.116458 0.978457 -1.189242 -2.534964 -0.000002 -0.000008 -0.000000 0.000000 -0.000001 8.207798 -6.751698 -1.599542 -7.092836 12.396001 -0.596535 19.262757 9.879855 -6.518020 -8.133981 5.904250 9.210916 -4.628429 -0.000014 0.000003 -0.000000 -0.000002 0.000000 
22.309906 101.927887 1.357813 -6.078760 -0.382461 -0.570360 -0.000000 10.181531 0.131523 0.978679 1.611497 1.401048 0.594630 1.264042 6.334729 0.582611 1.786533 6.234624 0.000004 16.740362 -2.049016 -8.445821 -2.879059 0.771214 0.000003 9.617835 1.684972 31.354557 -10.730656 17.136023 -0.000010 22.037338 7.501077 0.000001 -0.000001 0.000003 -4.570002 11.014879 -2.160838 9.642375 0.763055 12.276594 -3.925721 33.765617 47.677507 -0.000001 9.313449 0.000008 2.699972 21.310742 20.904892 -2.464811 -1.573997 2.681914 17.852284 0.120033 -11.397264 1.067533 -32.203724 3.088984 -2.646268 -1.527798 1.527817 2.198468 -9.211446 0.981560 -1.994590 -1.151573 1.151572 0.000001 -0.000003 -0.000000 -9.108301 -0.517877 2.259811 0.321487 -4.175863 8.176363 0.396620 -2.848910 20.834812 -0.191764 -0.251076 14.176495 -0.000000 0.000001 0.000002 -9.532497 0.000003 0.000006 0.882509 -8.716257 15.356953 0.846324 -3.873155 32.010662 0.225734 -1.720832 16.231139 -0.000001 0.000000 0.000004 -9.103613 -0.043100 -1.865102 2.724391 -12.131333 26.470828 1.550181 -3.724895 37.928956 -0.154806 0.001230 18.148205 0.000004 0.000002 0.000001 -8.076704 -0.486727 -3.806296 5.967488 -17.259413 36.179246 1.263582 -3.940198 43.860490 -0.720967 -0.107577 20.886302 0.000003 0.000001 0.000000 4.570402 11.014692 -2.160813 6.150812 -8.148945 -11.429329 9.999349 -18.807749 -58.879591 -0.000011 -23.590724 -0.000000 6.788395 -24.452586 24.339613 2.466100 -1.576211 2.681695 10.611956 -6.190620 12.968866 -4.037052 18.453236 -3.793207 2.647880 -1.528745 1.528752 1.900323 8.417576 -0.512523 1.998929 -1.154076 1.154077 -0.000001 0.000000 -0.000002 9.109293 -0.518025 2.259902 0.289409 4.100809 -2.188430 0.212908 2.279851 -14.906292 -0.017837 0.246063 -4.517355 -0.000000 0.000003 -0.000001 9.533401 0.000024 0.000002 1.154011 11.504484 -9.904112 0.116179 1.906080 -10.878372 0.061761 0.934618 -6.609367 -0.000002 -0.000003 -0.000001 9.104509 -0.042994 -1.865098 3.518256 15.938381 -21.076383 0.148340 1.181411 -8.523531 0.333771 1.315186 -13.685330 -0.000003 -0.000001 0.000001 8.077803 -0.486902 -3.806299 6.408942 22.405399 -22.051891 -0.009383 0.681936 -8.540350 0.279184 2.323355 -14.865096 -0.000002 0.000000 -0.000000 -8.207801 -6.751708 -1.599542 -4.797739 -11.444765 -6.425869 24.184564 -0.287111 -4.763606 -12.474774 2.569179 -1.255138 -2.160792 0.000005 0.000005 -0.000000 0.000000 0.000001 8.207802 -6.751694 -1.599544 -7.253897 12.514407 -0.054021 19.709008 9.895089 -6.687521 -8.500999 7.281731 8.922333 -4.814962 0.000003 0.000002 0.000000 -0.000000 -0.000000 
21.841362 101.936150 1.557811 -6.141199 -2.041785 -0.810653 -0.000001 10.181548 0.131526 0.908101 1.606348 1.415183 0.564967 1.265398 6.320798 0.552901 1.788144 6.220550 0.000004 16.740372 -2.049019 -8.348595 -2.634352 0.471838 0.000004 9.617848 1.684975 31.480902 -9.454969 16.245477 -0.000011 22.037399 7.501077 0.000001 -0.000001 0.000002 -4.569995 11.014894 -2.160844 9.744301 0.456965 12.053055 -3.350134 28.315652 48.041785 0.000020 5.850190 -0.000011 2.996999 17.569022 18.051854 -2.464802 -1.574001 2.681907 16.950766 -0.340315 -12.085096 0.765028 -31.424300 3.093057 -2.646269 -1.527810 1.527817 2.463124 -10.311163 0.798138 -1.994606 -1.151584 1.151575 -0.000001 -0.000000 -0.000000 -9.108305 -0.517876 2.259796 0.286611 -3.481327 8.666426 0.411325 -2.887097 21.240360 -0.189481 -0.300631 14.651084 -0.000001 0.000002 0.000002 -9.532507 -0.000006 -0.000006 0.842376 -8.643148 14.713122 0.750217 -3.706676 30.083278 0.239298 -1.766390 16.706496 0.000001 0.000000 -0.000002 -9.103597 -0.043113 -1.865108 2.952651 -12.781917 25.877314 1.337423 -3.488665 34.740699 -0.149961 -0.047354 18.623245 0.000001 -0.000004 -0.000001 -8.076707 -0.486730 -3.806304 6.465141 -19.008102 35.114320 1.110636 -3.743101 41.377047 -0.706399 0.088330 19.153006 0.000001 0.000005 0.000000 4.570402 11.014688 -2.160817 6.169481 -7.570696 -11.572888 13.805372 -15.547623 -60.958216 -0.000004 -23.471916 0.000005 7.675433 -16.523561 22.324856 2.466109 -1.576209 2.681699 10.611390 -6.191031 12.968931 -4.037387 18.452255 -3.793287 2.647888 -1.528742 1.528753 1.900307 8.417533 -0.512532 1.998917 -1.154091 1.154069 -0.000005 0.000002 0.000003 9.109300 -0.518021 2.259910 0.289394 4.100759 -2.188059 0.212913 2.279791 -14.905909 -0.017847 0.246031 -4.516985 -0.000004 0.000001 -0.000001 9.533416 0.000013 0.000000 1.154000 11.504661 -9.903709 0.116162 1.905926 -10.876828 0.061754 0.934584 -6.608967 -0.000005 0.000001 -0.000001 9.104503 -0.042995 -1.865092 3.518280 15.938658 -21.075983 0.148302 1.181216 -8.521356 0.333755 1.315139 -13.684934 0.000003 0.000000 0.000000 8.077808 -0.486899 -3.806298 6.408840 22.405831 -22.050825 -0.009390 0.681694 -8.537825 0.279159 2.323312 -14.864688 -0.000002 0.000000 0.000000 -8.207801 -6.751719 -1.599542 -4.774098 -11.493048 -6.329909 24.079492 -0.256461 -4.526849 -12.805612 4.171261 -1.453430 -1.882166 0.000002 -0.000001 -0.000000 -0.000001 0.000001 8.207800 -6.751709 -1.599542 -7.398470 12.625571 0.557679 20.192945 9.901071 -6.823940 -8.886686 8.671906 8.565027 -5.021544 -0.000001 -0.000001 -0.000001 -0.000001 0.000000 
21.295383 101.949585 1.783878 -6.190790 -3.612302 -1.112460 0.000002 10.181538 0.131523 0.789561 1.575964 1.456877 0.518761 1.255033 6.311735 0.506669 1.778085 6.211541 0.000005 16.740387 -2.049021 -8.220975 -2.378332 0.152303 0.000003 9.617834 1.684973 31.578816 -8.157986 15.313655 0.000002 22.037354 7.501077 -0.000000 -0.000001 -0.000001 -4.569996 11.014888 -2.160839 9.822218 0.156385 11.755233 -2.943162 22.245474 48.028473 -0.000015 2.981085 -0.000003 4.443451 13.901116 12.796122 -2.464797 -1.573999 2.681907 15.932591 -0.830230 -12.874131 0.427311 -30.546645 3.103365 -2.646278 -1.527798 1.527820 2.757997 -11.550452 0.596965 -1.994590 -1.151587 1.151576 -0.000001 -0.000005 -0.000000 -9.108296 -0.517876 2.259800 0.232868 -2.704250 9.259615 0.430063 -2.934609 21.746568 -0.186354 -0.357649 15.197408 0.000002 0.000004 0.000004 -9.532490 -0.000002 0.000000 0.800734 -8.563929 14.031561 0.651020 -3.519871 27.963303 0.255355 -1.818712 17.253737 -0.000002 0.000000 0.000004 -9.103605 -0.043096 -1.865103 3.199456 -13.522365 25.251476 1.117078 -3.212993 31.202316 -0.143885 -0.103240 19.170072 0.000002 0.000004 -0.000001 -8.076679 -0.486719 -3.806296 6.953457 -20.999514 33.931523 0.951674 -3.517654 38.631502 -0.683075 0.306968 17.213004 -0.000001 0.000003 -0.000000 4.570406 11.014697 -2.160813 6.173852 -6.986800 -11.560937 17.701485 -13.250162 -63.528382 -0.000000 -22.624426 0.000021 11.098289 -7.650769 18.718017 2.466086 -1.576189 2.681695 10.611618 -6.190880 12.968897 -4.037245 18.452653 -3.793268 2.647889 -1.528734 1.528754 1.900315 8.417546 -0.512539 1.998924 -1.154080 1.154078 0.000001 0.000000 0.000003 9.109292 -0.518017 2.259902 0.289402 4.100785 -2.188206 0.212927 2.279797 -14.906043 -0.017855 0.246054 -4.517143 -0.000001 0.000002 0.000002 9.533391 0.000022 0.000000 1.154008 11.504600 -9.903872 0.116173 1.906006 -10.877434 0.061775 0.934580 -6.609119 0.000004 -0.000000 0.000000 9.104504 -0.042991 -1.865099 3.518284 15.938552 -21.076140 0.148315 1.181286 -8.522222 0.333781 1.315151 -13.685128 -0.000004 0.000000 0.000001 8.077806 -0.486883 -3.806298 6.408902 22.405650 -22.051254 -0.009390 0.681801 -8.538840 0.279186 2.323321 -14.864853 0.000003 -0.000002 -0.000000 -8.207800 -6.751711 -1.599542 -4.698505 -11.463501 -6.082569 23.992962 -0.167746 -4.283926 -13.076439 5.548525 -1.718660 -1.684185 -0.000005 -0.000005 0.000000 -0.000000 0.000001 8.207804 -6.751693 -1.599544 -7.583518 12.736098 1.266660 20.736444 9.909060 -6.900760 -9.269963 9.961171 8.115259 -5.182751 -0.000022 0.000004 -0.000000 -0.000001 0.000000 
20.666939 101.967812 2.024778 -6.230210 -5.002684 -1.483458 0.000001 10.181561 0.131522 0.633482 1.513410 1.535710 0.459640 1.230261 6.309049 0.447560 1.753652 6.209100 0.000000 16.740395 -2.049024 -8.069774 -2.129668 -0.169840 0.000002 9.617853 1.684970 31.620883 -6.905854 14.389617 0.000007 22.037354 7.501072 0.000001 -0.000001 -0.000001 -4.569996 11.014899 -2.160840 9.874761 -0.144034 11.382678 -2.518612 15.791949 47.575659 -0.000007 1.044353 0.000002 6.688333 10.334194 5.830536 -2.464811 -1.573990 2.681911 15.026747 -1.239386 -13.586627 0.129941 -29.767867 3.117416 -2.646282 -1.527797 1.527822 3.017087 -12.651080 0.423144 -1.994594 -1.151573 1.151582 0.000001 -0.000005 0.000001 -9.108303 -0.517880 2.259805 0.169671 -2.023397 9.861455 0.450410 -2.984886 22.284385 -0.182959 -0.410427 15.703537 -0.000000 -0.000000 0.000003 -9.532507 -0.000002 0.000002 0.768780 -8.500069 13.504141 0.572622 -3.359150 26.171308 0.270673 -1.867036 17.760698 -0.000002 -0.000000 0.000001 -9.103607 -0.043104 -1.865098 3.416856 -14.187743 24.773882 0.941131 -2.964780 28.152944 -0.137779 -0.154924 19.676657 -0.000000 -0.000003 0.000001 -8.076701 -0.486733 -3.806299 7.332009 -22.785738 32.935155 0.824494 -3.319021 36.284717 -0.656556 0.497840 15.512562 0.000001 0.000002 0.000001 4.570409 11.014700 -2.160816 6.160749 -6.427776 -11.413050 21.559357 -12.206985 -66.389336 0.000006 -20.959448 -0.000000 16.363549 0.830555 13.062736 2.466105 -1.576206 2.681690 10.611442 -6.190999 12.968925 -4.037385 18.452335 -3.793285 2.647887 -1.528737 1.528753 1.900310 8.417525 -0.512519 1.998921 -1.154091 1.154074 -0.000001 0.000002 0.000001 9.109284 -0.518017 2.259898 0.289398 4.100768 -2.188062 0.212923 2.279803 -14.905928 -0.017856 0.246036 -4.517013 0.000004 -0.000001 0.000000 9.533405 0.000009 -0.000006 1.154008 11.504652 -9.903722 0.116172 1.905945 -10.876947 0.061747 0.934587 -6.608986 -0.000003 0.000002 -0.000002 9.104505 -0.042997 -1.865106 3.518293 15.938644 -21.076004 0.148300 1.181220 -8.521506 0.333766 1.315151 -13.684971 0.000004 0.000003 -0.000000 8.077801 -0.486877 -3.806308 6.408855 22.405800 -22.050897 -0.009402 0.681711 -8.538024 0.279184 2.323313 -14.864711 0.000002 0.000000 -0.000001 -8.207801 -6.751701 -1.599545 -4.527494 -11.357206 -5.653158 23.863573 -0.046332 -4.043904 -13.249702 6.646070 -1.930439 -1.570032 0.000002 0.000001 0.000000 0.000000 0.000001 8.207800 -6.751700 -1.599546 -7.820521 12.846441 2.079066 21.343914 9.919795 -6.886907 -9.628344 11.062360 7.554353 -5.248034 0.000013 -0.000000 0.000000 -0.000002 -0.000000 
19.966137 101.990555 2.270255 -6.291622 -6.150698 -1.907178 -0.000001 10.181542 0.131523 0.478393 1.415722 1.654304 0.400769 1.190706 6.312613 0.388641 1.714409 6.213009 0.000004 16.740377 -2.049024 -7.903630 -1.897373 -0.492610 0.000003 9.617861 1.684970 31.572717 -5.748981 13.515647 0.000002 22.037369 7.501071 0.000001 -0.000001 -0.000001 -4.569998 11.014886 -2.160843 9.899520 -0.449336 10.928921 -1.909661 9.266389 46.819389 -0.000008 0.089936 0.000022 9.250101 6.821693 -1.825756 -2.464815 -1.573989 2.681904 14.464068 -1.480856 -14.034026 -0.053445 -29.284931 3.128383 -2.646266 -1.527813 1.527820 3.176636 -13.334029 0.317525 -1.994594 -1.151582 1.151580 0.000002 -0.000000 0.000005 -9.108320 -0.517879 2.259799 0.117654 -1.616754 10.378394 0.469771 -3.031493 22.784686 -0.180287 -0.447340 16.057490 -0.000003 0.000001 0.000001 -9.532515 -0.000001 -0.000002 0.756945 -8.473621 13.322590 0.533355 -3.273506 25.227326 0.281655 -1.900751 18.115262 0.000004 -0.000002 0.000001 -9.103604 -0.043107 -1.865104 3.570109 -14.608806 24.626735 0.847613 -2.820450 26.430141 -0.133237 -0.191042 20.030909 0.000000 0.000003 0.000005 -8.076708 -0.486729 -3.806298 7.566756 -23.906137 32.458186 0.758208 -3.207820 34.996749 -0.638040 0.611313 14.498017 -0.000002 -0.000001 -0.000000 4.570405 11.014702 -2.160815 6.132033 -5.932908 -11.184375 25.081889 -12.374263 -69.277407 -0.000010 -18.480042 0.000013 22.589092 7.619046 5.470847 2.466091 -1.576214 2.681689 10.610922 -6.191391 12.968998 -4.037705 18.451420 -3.793385 2.647893 -1.528736 1.528752 1.900291 8.417482 -0.512556 1.998925 -1.154094 1.154065 0.000001 0.000001 -0.000000 9.109289 -0.518007 2.259894 0.289392 4.100731 -2.187708 0.212923 2.279762 -14.905553 -0.017844 0.245984 -4.516645 0.000003 -0.000002 0.000002 9.533386 0.000012 -0.000003 1.153997 11.504828 -9.903353 0.116117 1.905807 -10.875487 0.061756 0.934551 -6.608617 -0.000000 0.000008 -0.000003 9.104498 -0.042984 -1.865105 3.518311 15.938938 -21.075626 0.148232 1.181016 -8.519451 0.333761 1.315113 -13.684623 0.000001 0.000000 -0.000000 8.077803 -0.486902 -3.806306 6.408723 22.406268 -22.049895 -0.009405 0.681453 -8.535591 0.279173 2.323297 -14.864358 -0.000002 -0.000002 0.000002 -8.207804 -6.751703 -1.599545 -4.228028 -11.262406 -5.110601 23.659263 0.084651 -3.771032 -13.302181 7.552500 -1.988725 -1.547027 0.000001 -0.000004 -0.000000 -0.000001 -0.000000 8.207797 -6.751698 -1.599545 -8.065192 12.940758 2.955527 21.983394 9.932754 -6.758923 -9.935653 11.942080 6.881623 -5.231389 -0.000000 0.000002 0.000000 0.000000 0.000000 
19.207445 102.016594 2.507916 -6.398360 -7.040790 -2.352204 -0.000000 10.181553 0.131523 0.360623 1.283301 1.799788 0.354801 1.137282 6.319572 0.342467 1.661206 6.220340 -0.000004 16.740364 -2.049025 -7.730695 -1.680354 -0.824218 -0.000003 9.617852 1.684966 31.429146 -4.703102 12.724153 -0.000005 22.037384 7.501075 0.000003 -0.000001 0.000001 -4.570002 11.014859 -2.160844 9.892466 -0.759248 10.381544 -0.987393 3.007493 46.051225 0.000000 -0.000000 0.000002 11.728170 3.306874 -8.951018 -2.464811 -1.574009 2.681906 14.174999 -1.601147 -14.265305 -0.147286 -29.037033 3.134718 -2.646274 -1.527806 1.527822 3.258192 -13.684711 0.263954 -1.994590 -1.151584 1.151584 -0.000001 -0.000004 -0.000004 -9.108309 -0.517866 2.259802 0.079945 -1.428101 10.831859 0.488518 -3.075554 23.259530 -0.178433 -0.471728 16.291574 0.000001 -0.000000 0.000002 -9.532508 0.000015 -0.000000 0.760859 -8.477527 13.419387 0.522536 -3.249232 24.961046 0.289020 -1.923009 18.349742 0.000001 0.000003 0.000001 -9.103613 -0.043104 -1.865098 3.680145 -14.833499 24.746916 0.812652 -2.763978 25.764867 -0.130117 -0.214920 20.265110 0.000002 0.000001 0.000001 -8.076704 -0.486719 -3.806301 7.723405 -24.490820 32.413172 0.735960 -3.169211 34.553790 -0.628810 0.663589 14.029521 0.000003 0.000001 0.000006 4.570401 11.014657 -2.160818 6.095110 -5.545290 -10.955340 27.930904 -13.371729 -71.912535 0.000007 -15.345441 -0.000011 28.825041 12.019368 -3.225276 2.466089 -1.576210 2.681700 10.611773 -6.190761 12.968864 -4.037159 18.452919 -3.793235 2.647905 -1.528727 1.528747 1.900315 8.417572 -0.512511 1.998917 -1.154091 1.154083 0.000004 0.000001 -0.000003 9.109298 -0.518014 2.259905 0.289394 4.100803 -2.188301 0.212915 2.279815 -14.906147 -0.017857 0.246063 -4.517260 0.000006 0.000003 -0.000001 9.533412 0.000005 0.000007 1.154007 11.504549 -9.903980 0.116179 1.906040 -10.877900 0.061764 0.934604 -6.609225 0.000004 0.000002 -0.000002 9.104498 -0.042996 -1.865094 3.518261 15.938460 -21.076265 0.148336 1.181353 -8.522834 0.333781 1.315183 -13.685215 0.000002 0.000002 0.000000 8.077808 -0.486888 -3.806293 6.408922 22.405525 -22.051573 -0.009387 0.681880 -8.539523 0.279192 2.323328 -14.864966 0.000002 -0.000003 0.000002 -8.207801 -6.751712 -1.599544 -3.795850 -11.230971 -4.529988 23.378711 0.243339 -3.445958 -13.232842 8.302893 -1.864110 -1.605227 0.000001 -0.000001 -0.000000 -0.000000 0.000000 8.207800 -6.751704 -1.599544 -8.269973 13.007325 3.846848 22.607188 9.947044 -6.524821 -10.168751 12.607258 6.118732 -5.183504 -0.000002 0.000002 -0.000000 -0.000000 0.000000 
18.395332 102.042107 2.721666 -6.544048 -7.705779 -2.785529 -0.000001 10.181549 0.131524 0.285967 1.108113 1.940681 0.324585 1.066772 6.324362 0.311763 1.590815 6.225572 0.000003 16.740374 -2.049020 -7.553452 -1.466863 -1.171502 0.000002 9.617861 1.684980 31.226529 -3.733327 12.034479 0.000014 22.037384 7.501068 -0.000001 -0.000001 -0.000001 -4.569998 11.014837 -2.160843 9.850559 -1.066692 9.738364 0.300923 -2.684441 45.614923 0.000002 0.263814 0.000003 13.998812 -0.267861 -14.315370 -2.464787 -1.574008 2.681910 13.934327 -1.699340 -14.458607 -0.225246 -28.830761 3.140290 -2.646260 -1.527790 1.527815 3.325909 -13.976623 0.219697 -1.994597 -1.151583 1.151579 0.000001 0.000002 -0.000001 -9.108294 -0.517867 2.259802 0.041733 -1.281543 11.304593 0.508887 -3.122310 23.765210 -0.176552 -0.494794 16.512978 -0.000001 -0.000001 -0.000002 -9.532497 -0.000004 -0.000004 0.769228 -8.489595 13.596303 0.518066 -3.239106 24.850219 0.296079 -1.944032 18.571500 0.000001 -0.000000 0.000000 -9.103597 -0.043104 -1.865104 3.789168 -15.024101 24.946706 0.789800 -2.726183 25.322363 -0.127075 -0.237467 20.486587 -0.000000 -0.000000 0.000002 -8.076702 -0.486724 -3.806302 7.876448 -24.981231 32.478857 0.723155 -3.146663 34.295807 -0.621365 0.704082 13.666192 -0.000001 -0.000001 0.000005 4.570405 11.014693 -2.160814 6.060908 -5.298490 -10.806416 29.863803 -14.648932 -74.070581 -0.000008 -11.861741 -0.000002 34.270604 14.194588 -11.718463 2.466093 -1.576225 2.681709 10.613960 -6.189157 12.968545 -4.035723 18.456826 -3.792865 2.647884 -1.528756 1.528747 1.900359 8.417812 -0.512476 1.998922 -1.154093 1.154077 -0.000003 0.000003 -0.000002 9.109292 -0.518020 2.259911 0.289412 4.100943 -2.189853 0.212954 2.279963 -14.907713 -0.017840 0.246222 -4.518784 -0.000001 0.000004 -0.000003 9.533399 0.000001 0.000012 1.154027 11.503767 -9.905618 0.116279 1.906640 -10.884009 0.061788 0.934771 -6.610762 0.000001 0.000002 -0.000001 9.104489 -0.042991 -1.865089 3.518133 15.937273 -21.077858 0.148545 1.182188 -8.531467 0.333831 1.315302 -13.686746 0.000000 -0.000001 0.000000 8.077810 -0.486887 -3.806292 6.409195 22.403714 -22.055770 -0.009307 0.682871 -8.549667 0.279223 2.323483 -14.866503 -0.000003 0.000001 0.000001 -8.207803 -6.751706 -1.599542 -3.262881 -11.206359 -3.913000 23.047131 0.463099 -3.119252 -13.069290 8.804916 -1.586870 -1.715582 0.000001 -0.000001 -0.000000 0.000001 -0.000000 8.207800 -6.751715 -1.599543 -8.428225 13.062121 4.737578 23.187606 9.961677 -6.233854 -10.317271 13.070457 5.300846 -5.118433 0.000000 0.000001 0.000000 0.000000 0.000000 
17.526222 102.064758 2.896980 -6.704766 -8.203416 -3.190073 0.000001 10.181549 0.131526 0.229479 0.867529 2.040114 0.302716 0.969843 6.319917 0.289130 1.494020 6.221754 0.000003 16.740376 -2.049016 -7.370158 -1.240506 -1.527360 0.000004 9.617860 1.684967 31.018621 -2.765195 11.445741 0.000006 22.037369 7.501071 -0.000001 0.000001 0.000000 -4.569993 11.014885 -2.160839 9.776260 -1.358549 9.029582 1.881571 -7.604606 45.775938 0.000003 0.893916 0.000010 16.294627 -3.934893 -16.944415 -2.464795 -1.573986 2.681907 13.739878 -1.777381 -14.615246 -0.288088 -28.664149 3.145061 -2.646269 -1.527808 1.527809 3.380499 -14.212417 0.184175 -1.994606 -1.151582 1.151580 0.000001 -0.000002 0.000003 -9.108303 -0.517868 2.259808 0.003681 -1.175077 11.794898 0.530861 -3.171486 24.299395 -0.174711 -0.516561 16.721994 -0.000000 -0.000001 0.000000 -9.532499 -0.000004 0.000003 0.781801 -8.509336 13.848777 0.519519 -3.242433 24.886505 0.302823 -1.963844 18.780865 0.000000 0.000002 0.000001 -9.103594 -0.043114 -1.865095 3.897496 -15.181820 25.221587 0.777951 -2.706369 25.091195 -0.124112 -0.258755 20.695714 -0.000002 0.000002 0.000001 -8.076689 -0.486742 -3.806292 8.028245 -25.381207 32.650374 0.719094 -3.139415 34.213155 -0.615830 0.733401 13.402894 -0.000003 0.000001 -0.000003 4.570406 11.014687 -2.160814 6.039701 -5.201894 -10.784912 30.785725 -15.720468 -75.627987 -0.000007 -8.382277 0.000001 38.537949 14.895408 -18.742201 2.466081 -1.576213 2.681687 10.612606 -6.190137 12.968730 -4.036609 18.454399 -3.793105 2.647891 -1.528732 1.528760 1.900357 8.417659 -0.512516 1.998921 -1.154084 1.154081 0.000002 -0.000000 -0.000002 9.109296 -0.518009 2.259896 0.289418 4.100845 -2.188919 0.212920 2.279893 -14.906726 -0.017832 0.246126 -4.517859 -0.000004 -0.000001 -0.000001 9.533392 0.000018 -0.000011 1.154011 11.504249 -9.904616 0.116216 1.906280 -10.880224 0.061786 0.934661 -6.609821 0.000001 -0.000001 0.000001 9.104499 -0.042994 -1.865105 3.518223 15.938023 -21.076881 0.148418 1.181678 -8.526131 0.333800 1.315225 -13.685794 0.000002 -0.000001 0.000000 8.077789 -0.486902 -3.806305 6.409041 22.404830 -22.053182 -0.009362 0.682250 -8.543401 0.279193 2.323396 -14.865548 0.000002 -0.000000 -0.000000 -8.207798 -6.751720 -1.599543 -2.675729 -11.112395 -3.221721 22.685650 0.763045 -2.855865 -12.844309 8.971814 -1.215047 -1.843250 0.000006 -0.000002 -0.000000 0.000001 0.000000 8.207800 -6.751710 -1.599544 -8.561604 13.125885 5.643339 23.709496 9.976833 -5.941620 -10.377142 13.353953 4.458558 -5.008285 -0.000008 -0.000002 0.000000 -0.000000 0.000000 
16.600313 102.083084 3.027592 -6.855456 -8.588588 -3.568230 0.000002 10.181556 0.131524 0.160014 0.542648 2.066028 0.279063 0.838712 6.298903 0.264414 1.363073 6.201674 0.000000 16.740368 -2.049017 -7.185335 -0.995563 -1.864365 0.000001 9.617824 1.684972 30.840561 -1.732956 10.928590 0.000005 22.037384 7.501073 -0.000001 0.000000 0.000000 -4.570003 11.014860 -2.160842 9.679993 -1.617232 8.328345 3.535319 -11.669822 46.618824 -0.000006 1.658527 0.000004 19.113823 -7.567537 -16.379251 -2.464777 -1.573991 2.681904 13.589401 -1.836972 -14.736744 -0.336652 -28.535253 3.148823 -2.646264 -1.527812 1.527811 3.422659 -14.394844 0.156831 -1.994594 -1.151580 1.151570 -0.000000 -0.000002 0.000005 -9.108291 -0.517884 2.259800 -0.033433 -1.106620 12.300974 0.554382 -3.222845 24.859618 -0.172905 -0.537066 16.919021 -0.000000 -0.000002 0.000003 -9.532491 -0.000007 -0.000003 0.798434 -8.536198 14.172195 0.526608 -3.258406 25.061776 0.309225 -1.982513 18.978167 -0.000002 -0.000002 0.000002 -9.103597 -0.043095 -1.865103 4.005128 -15.307929 25.566882 0.776369 -2.703685 25.059957 -0.121274 -0.278802 20.892767 -0.000001 -0.000003 -0.000003 -8.076674 -0.486724 -3.806308 8.180032 -25.694608 32.922273 0.723182 -3.146698 34.296214 -0.612178 0.752124 13.234526 0.000003 0.000004 -0.000001 4.570400 11.014688 -2.160813 6.036943 -5.236580 -10.883635 30.714336 -16.324502 -76.559925 0.000011 -5.182770 -0.000010 41.654790 14.924706 -23.464275 2.466098 -1.576202 2.681691 10.605586 -6.195285 12.969824 -4.041115 18.442008 -3.794274 2.647892 -1.528734 1.528737 1.900150 8.416887 -0.512640 1.998924 -1.154078 1.154068 -0.000003 -0.000004 -0.000000 9.109296 -0.517993 2.259901 0.289382 4.100357 -2.183982 0.212807 2.279394 -14.901828 -0.017870 0.245625 -4.512911 -0.000001 0.000001 -0.000002 9.533399 0.000019 -0.000006 1.153952 11.506659 -9.899404 0.115868 1.904353 -10.860645 0.061723 0.934196 -6.604900 -0.000004 -0.000000 -0.000002 9.104495 -0.042977 -1.865104 3.518633 15.941822 -21.071707 0.147747 1.179012 -8.498588 0.333636 1.314747 -13.680889 -0.000000 0.000001 0.000000 8.077801 -0.486870 -3.806305 6.407476 22.410853 -22.039584 -0.009560 0.679021 -8.511163 0.279043 2.322907 -14.860625 -0.000002 0.000001 0.000001 -8.207797 -6.751709 -1.599544 -2.083340 -10.937324 -2.447589 22.311557 1.143179 -2.661716 -12.576707 8.832925 -0.811517 -1.962901 -0.000001 -0.000002 -0.000000 0.000000 0.000000 8.207802 -6.751682 -1.599544 -8.703229 13.191659 6.579650 24.175649 9.992742 -5.672087 -10.354362 13.508148 3.605259 -4.845026 -0.000005 -0.000001 0.000000 0.000000 0.000000 
15.628532 102.094734 3.116881 -6.977425 -8.904016 -3.930638 0.000000 10.181565 0.131524 0.065863 0.146646 1.998882 0.248845 0.678316 6.254416 0.232938 1.202616 6.158435 -0.000002 16.740360 -2.049021 -7.015912 -0.747061 -2.146065 0.000005 9.617868 1.684978 30.689290 -0.633539 10.430284 -0.000006 22.037384 7.501070 -0.000000 0.000001 0.000001 -4.570003 11.014895 -2.160838 9.578507 -1.823709 7.736073 4.954637 -14.902923 48.025628 0.000004 2.410601 0.000028 22.885741 -10.729055 -12.844166 -2.464786 -1.574017 2.681911 13.480685 -1.879601 -14.824692 -0.371748 -28.442156 3.151647 -2.646268 -1.527811 1.527814 3.453086 -14.526658 0.137153 -1.994607 -1.151580 1.151580 -0.000000 0.000001 0.000010 -9.108286 -0.517899 2.259803 -0.068914 -1.074122 12.821144 0.579445 -3.276117 25.443472 -0.171134 -0.556356 17.104382 -0.000000 0.000001 -0.000002 -9.532495 -0.000004 0.000005 0.818930 -8.569639 14.562028 0.539102 -3.286281 25.367700 0.315329 -2.000036 19.163851 -0.000002 0.000001 -0.000000 -9.103589 -0.043112 -1.865100 4.111833 -15.403770 25.977986 0.784390 -2.717183 25.217286 -0.118516 -0.297652 21.078167 0.000002 0.000001 -0.000004 -8.076697 -0.486747 -3.806293 8.331909 -25.925504 33.288648 0.735055 -3.167601 34.535427 -0.610471 0.760880 13.155898 -0.000002 -0.000001 -0.000001 4.570399 11.014689 -2.160812 6.052124 -5.367475 -11.047863 29.720749 -16.429064 -76.914255 0.000003 -2.401302 -0.000007 43.826814 14.768078 -25.622558 2.466108 -1.576215 2.681704 10.612166 -6.190495 12.968816 -4.036899 18.453597 -3.793178 2.647902 -1.528720 1.528750 1.900327 8.417610 -0.512507 1.998925 -1.154067 1.154084 0.000003 0.000004 -0.000000 9.109298 -0.518015 2.259903 0.289414 4.100797 -2.188585 0.212928 2.279853 -14.906429 -0.017853 0.246102 -4.517507 -0.000001 0.000001 0.000004 9.533408 0.000016 0.000002 1.154024 11.504411 -9.904267 0.116194 1.906163 -10.878937 0.061793 0.934625 -6.609502 0.000005 -0.000001 0.000000 9.104515 -0.042992 -1.865091 3.518252 15.938248 -21.076552 0.148362 1.181499 -8.524315 0.333789 1.315203 -13.685476 0.000001 -0.000001 0.000000 8.077810 -0.486897 -3.806293 6.408978 22.405211 -22.052282 -0.009368 0.682033 -8.541292 0.279203 2.323354 -14.865244 -0.000001 -0.000000 0.000000 -8.207798 -6.751700 -1.599544 -1.527663 -10.703128 -1.614387 21.944298 1.574366 -2.499031 -12.277281 8.496498 -0.425337 -2.069374 0.000002 -0.000001 0.000000 0.000000 0.000000 8.207800 -6.751685 -1.599543 -8.880412 13.232260 7.542265 24.599676 10.009147 -5.416153 -10.263822 13.601211 2.741780 -4.656094 -0.000008 -0.000000 0.000000 -0.000002 0.000000 
14.629539 102.099052 3.174225 -7.070327 -9.181243 -4.282766 -0.000000 10.181550 0.131521 -0.037001 -0.268261 1.845014 0.215787 0.509038 6.181235 0.198666 1.032303 6.086719 -0.000000 16.740370 -2.049026 -6.880921 -0.521491 -2.353805 0.000002 9.617845 1.684970 30.527848 0.459701 9.904782 0.000004 22.037415 7.501068 -0.000002 0.000000 0.000000 -4.570000 11.014897 -2.160843 9.489133 -1.962289 7.345887 5.870347 -17.376601 49.751436 0.000001 2.986161 -0.000010 27.465511 -12.800038 -7.296992 -2.464789 -1.573987 2.681909 13.411499 -1.906566 -14.880747 -0.394024 -28.382882 3.153494 -2.646274 -1.527799 1.527815 3.472431 -14.610552 0.124649 -1.994605 -1.151582 1.151582 -0.000002 -0.000001 -0.000000 -9.108304 -0.517881 2.259810 -0.101969 -1.075470 13.353635 0.605974 -3.331058 26.048520 -0.169420 -0.574463 17.278439 -0.000003 -0.000001 -0.000000 -9.532504 0.000000 0.000008 0.843224 -8.609063 15.013661 0.556840 -3.325191 25.796146 0.321103 -2.016482 19.338188 -0.000002 -0.000001 -0.000003 -9.103604 -0.043094 -1.865097 4.217162 -15.470698 26.450111 0.801612 -2.745800 25.551811 -0.115901 -0.315343 21.252246 -0.000002 0.000000 -0.000001 -8.076694 -0.486724 -3.806292 8.483216 -26.078019 33.743170 0.754394 -3.201240 34.921142 -0.610598 0.760198 13.161896 -0.000003 0.000000 0.000002 4.570402 11.014700 -2.160817 6.080611 -5.565635 -11.210422 27.892232 -16.124624 -76.790458 0.000002 -0.073439 0.000003 45.226333 14.533437 -25.476384 2.466091 -1.576208 2.681698 10.676003 -6.143725 12.958806 -3.996005 18.566578 -3.782358 2.647876 -1.528736 1.528749 1.902066 8.424705 -0.511280 1.998921 -1.154086 1.154067 -0.000000 0.000002 0.000001 9.109295 -0.518021 2.259897 0.289593 4.105357 -2.233359 0.214101 2.284220 -14.951243 -0.017662 0.250648 -4.562284 0.000001 -0.000000 0.000002 9.533399 0.000004 -0.000004 1.154528 11.482520 -9.951616 0.119256 1.923669 -11.057099 0.062422 0.939069 -6.654269 -0.000002 0.000000 -0.000001 9.104504 -0.042995 -1.865101 3.514279 15.903675 -21.123492 0.154550 1.205772 -8.774876 0.335252 1.319376 -13.730288 -0.000000 -0.000000 -0.000001 8.077801 -0.486887 -3.806298 6.417396 22.352416 -22.175281 -0.007391 0.711520 -8.834658 0.280618 2.327652 -14.910037 -0.000002 0.000001 -0.000000 -8.207800 -6.751717 -1.599545 -1.021603 -10.432156 -0.754811 21.591121 1.986778 -2.337554 -11.959086 8.099498 -0.081824 -2.192317 0.000003 0.000001 0.000000 -0.000001 -0.000000 8.207799 -6.751711 -1.599545 -9.085956 13.226837 8.507650 24.981683 10.025708 -5.157878 -10.118924 13.691637 1.870168 -4.453120 -0.000010 0.000001 -0.000000 -0.000002 -0.000000 
13.621655 102.098564 3.210773 -7.161873 -9.431973 -4.619611 -0.000000 10.181549 0.131524 -0.116283 -0.635944 1.641203 0.189000 0.356755 6.078406 0.170981 0.877112 5.985500 0.000003 16.740368 -2.049022 -6.784746 -0.336686 -2.503730 0.000002 9.617846 1.684966 30.306823 1.437630 9.348659 -0.000002 22.037354 7.501073 -0.000000 -0.000000 -0.000000 -4.569997 11.014851 -2.160841 9.423238 -2.026274 7.203786 6.172730 -19.139971 51.550235 -0.000001 3.262823 0.000001 31.895607 -13.483060 -1.242634 -2.464793 -1.574004 2.681908 13.379557 -1.918935 -14.906625 -0.404339 -28.355546 3.154335 -2.646272 -1.527812 1.527820 3.481365 -14.649263 0.118889 -1.994590 -1.151580 1.151584 -0.000000 0.000001 -0.000000 -9.108296 -0.517867 2.259800 -0.131924 -1.108555 13.896743 0.633932 -3.387397 26.672351 -0.167754 -0.591434 17.441568 0.000001 -0.000000 0.000006 -9.532499 0.000014 0.000001 0.871109 -8.653926 15.522568 0.579740 -3.374299 26.338890 0.326549 -2.031881 19.501575 -0.000002 -0.000002 0.000003 -9.103601 -0.043115 -1.865098 4.320425 -15.510197 26.978498 0.827675 -2.788422 26.052187 -0.113352 -0.331911 21.415375 -0.000002 -0.000002 0.000003 -8.076696 -0.486721 -3.806296 8.632476 -26.156529 34.279149 0.780932 -3.246587 35.443839 -0.612440 0.750690 13.247364 -0.000001 -0.000000 0.000002 4.570403 11.014670 -2.160818 6.116462 -5.824743 -11.329682 25.324180 -15.497885 -76.326845 0.000003 -0.000000 0.000000 45.892215 14.088056 -23.602721 2.466114 -1.576198 2.681696 10.835629 -6.026766 12.933144 -3.893571 18.849435 -3.755638 2.647894 -1.528742 1.528744 1.906360 8.442405 -0.508210 1.998921 -1.154087 1.154077 -0.000001 0.000001 0.000001 9.109304 -0.518017 2.259896 0.290031 4.116704 -2.345436 0.217021 2.295163 -15.063405 -0.017155 0.261958 -4.674356 -0.000003 0.000001 0.000003 9.533407 0.000013 -0.000006 1.155681 11.427681 -10.070145 0.127129 1.967553 -11.502986 0.064054 0.950136 -6.766363 0.000003 -0.000001 -0.000003 9.104506 -0.042996 -1.865104 3.504058 15.817060 -21.240956 0.170454 1.266435 -9.402011 0.338959 1.329890 -13.842444 -0.000004 0.000001 -0.000001 8.077826 -0.486865 -3.806309 6.437345 22.220169 -22.482674 -0.001824 0.785334 -9.568959 0.284226 2.338352 -15.022202 -0.000001 0.000002 -0.000000 -8.207800 -6.751719 -1.599544 -0.536575 -10.167964 0.088633 21.243770 2.291407 -2.162218 -11.635588 7.793978 0.220935 -2.379871 -0.000004 -0.000002 0.000000 0.000000 0.000000 8.207798 -6.751705 -1.599543 -9.267827 13.185912 9.448307 25.301544 10.041976 -4.895742 -9.926350 13.790104 1.001027 -4.203560 0.000010 0.000000 0.000000 -0.000002 0.000000 
12.614899 102.097305 3.236932 -7.288538 -9.636073 -4.938025 0.000000 10.181556 0.131521 -0.145994 -0.915576 1.442730 0.175965 0.237311 5.951119 0.157541 0.752378 5.859939 -0.000002 16.740356 -2.049022 -6.715429 -0.191481 -2.631405 0.000004 9.617869 1.684978 29.995052 2.221571 8.803236 -0.000005 22.037354 7.501075 -0.000001 0.000000 0.000000 -4.570001 11.014867 -2.160838 9.382863 -2.021923 7.291495 5.941747 -20.175166 53.274024 -0.000011 3.235624 -0.000007 34.816268 -13.198388 3.824598 -2.464807 -1.574003 2.681904 13.382609 -1.917761 -14.904161 -0.403337 -28.358141 3.154265 -2.646267 -1.527801 1.527819 3.480486 -14.645580 0.119436 -1.994594 -1.151586 1.151568 0.000000 -0.000003 0.000001 -9.108314 -0.517884 2.259799 -0.158042 -1.171318 14.448691 0.663266 -3.444870 27.312576 -0.166157 -0.607313 17.594103 -0.000000 -0.000002 -0.000000 -9.532516 0.000013 0.000002 0.902479 -8.703655 16.084136 0.607720 -3.432679 26.987669 0.331696 -2.046273 19.654363 -0.000002 -0.000004 0.000006 -9.103609 -0.043109 -1.865102 4.420910 -15.523777 27.558302 0.862362 -2.843834 26.707076 -0.110977 -0.347409 21.567902 0.000002 0.000002 -0.000001 -8.076700 -0.486730 -3.806300 8.777746 -26.165382 34.889614 0.814542 -3.302654 36.093892 -0.615898 0.732925 13.407185 -0.000001 0.000000 0.000003 4.570399 11.014662 -2.160815 6.154298 -6.159736 -11.403978 22.129506 -14.567378 -75.689267 -0.000006 -0.000003 0.000003 45.711488 13.243642 -20.611839 2.466097 -1.576212 2.681695 11.098094 -5.834446 12.889520 -3.724926 19.315220 -3.712639 2.647905 -1.528755 1.528750 1.913476 8.471547 -0.503143 1.998925 -1.154089 1.154081 0.000002 -0.000001 -0.000000 9.109296 -0.518017 2.259897 0.290811 4.135402 -2.529954 0.221917 2.313159 -15.248104 -0.016281 0.280672 -4.858818 0.000002 -0.000000 -0.000004 9.533397 0.000015 0.000004 1.156999 11.337461 -10.265151 0.140842 2.039661 -12.237127 0.066795 0.968377 -6.950928 -0.000001 0.000002 0.000000 9.104502 -0.042989 -1.865100 3.486443 15.674671 -21.434179 0.198119 1.365922 -10.434568 0.345062 1.347164 -14.027095 -0.000002 -0.000001 0.000000 8.077810 -0.486900 -3.806304 6.466736 22.002664 -22.987454 0.009433 0.906646 -10.777939 0.290208 2.355919 -15.206854 0.000003 0.000001 0.000002 -8.207799 -6.751703 -1.599544 -0.013293 -9.959973 0.886576 20.873106 2.466382 -1.960442 -11.304487 7.640486 0.494725 -2.641016 -0.000001 0.000002 0.000000 -0.000001 0.000000 8.207799 -6.751693 -1.599544 -9.372853 13.163122 10.365018 25.538827 10.058073 -4.641962 -9.689461 13.827107 0.147951 -3.871265 -0.000003 0.000001 -0.000000 0.000000 0.000000 
11.607079 102.097832 3.258818 -7.458013 -9.756657 -5.248611 -0.000001 10.181547 0.131525 -0.125476 -1.115569 1.298025 0.176645 0.147086 5.808824 0.158180 0.654438 5.719562 0.000002 16.740362 -2.049024 -6.660591 -0.071241 -2.758375 0.000001 9.617845 1.684973 29.604441 2.808280 8.314154 0.000006 22.037354 7.501083 -0.000001 -0.000001 -0.000002 -4.569998 11.014879 -2.160843 9.362560 -1.967957 7.541578 5.363293 -20.420138 54.891901 -0.000002 3.019554 0.000022 35.137037 -12.847539 6.975553 -2.464798 -1.574012 2.681903 13.418380 -1.903876 -14.875155 -0.391803 -28.388785 3.153298 -2.646271 -1.527813 1.527822 3.470510 -14.602193 0.125904 -1.994597 -1.151583 1.151591 0.000001 -0.000003 -0.000000 -9.108289 -0.517888 2.259798 -0.179698 -1.261533 15.007783 0.693913 -3.503274 27.966730 -0.164649 -0.622089 17.736396 0.000001 -0.000000 -0.000002 -9.532496 -0.000003 -0.000006 0.937211 -8.757638 16.693865 0.640735 -3.499478 27.734316 0.336526 -2.059676 19.796882 0.000002 0.000001 -0.000002 -9.103590 -0.043107 -1.865099 4.517806 -15.512977 28.184765 0.905436 -2.910843 27.505122 -0.108698 -0.361852 21.710156 -0.000001 -0.000000 0.000002 -8.076692 -0.486728 -3.806300 8.916704 -26.109131 35.567493 0.855021 -3.368329 36.861718 -0.620749 0.707432 13.636206 0.000001 0.000000 0.000001 4.570402 11.014685 -2.160819 6.189607 -6.589078 -11.454589 18.456512 -13.302345 -75.052714 0.000004 0.000002 0.000002 44.492464 11.888636 -16.939511 2.466092 -1.576204 2.681687 11.447692 -5.578228 12.828743 -3.499604 19.936991 -3.657388 2.647892 -1.528756 1.528747 1.922962 8.510461 -0.496378 1.998921 -1.154094 1.154078 -0.000001 0.000004 0.000001 9.109300 -0.518015 2.259898 0.291976 4.160315 -2.776247 0.228502 2.337130 -15.494578 -0.015034 0.305640 -5.105003 -0.000002 0.000000 -0.000001 9.533390 0.000017 -0.000009 1.157754 11.217086 -10.525223 0.160589 2.135574 -13.216974 0.070533 0.992716 -7.197206 -0.000001 0.000001 0.000000 9.104502 -0.042992 -1.865104 3.461345 15.484906 -21.691653 0.237816 1.497857 -11.812702 0.353305 1.370175 -14.273506 -0.000003 0.000000 -0.000000 8.077801 -0.486880 -3.806311 6.499302 21.712712 -23.658618 0.028443 1.068125 -12.391440 0.298293 2.379395 -15.453308 -0.000001 -0.000000 -0.000001 -8.207800 -6.751712 -1.599544 0.588356 -9.801850 1.666755 20.451005 2.607067 -1.731184 -10.961990 7.503313 0.696602 -2.922533 -0.000002 -0.000000 0.000000 0.000000 0.000000 8.207798 -6.751710 -1.599543 -9.406583 13.221773 11.296405 25.693766 10.074497 -4.404376 -9.411354 13.696435 -0.684261 -3.475621 0.000003 0.000003 0.000000 -0.000002 -0.000000 
10.588789 102.099792 3.274689 -7.639246 -9.783413 -5.569020 -0.000001 10.181573 0.131523 -0.080004 -1.284609 1.228203 0.183229 0.066592 5.660148 0.164836 0.564136 5.573112 0.000000 16.740370 -2.049018 -6.621845 0.040749 -2.877117 0.000002 9.617868 1.684962 29.185586 3.259023 7.892590 0.000002 22.037384 7.501075 0.000000 -0.000000 -0.000000 -4.569999 11.014849 -2.160842 9.354485 -1.890646 7.872881 4.590194 -19.837026 56.436648 0.000017 2.766184 0.000021 32.327279 -13.183872 7.902946 -2.464804 -1.573996 2.681907 13.484644 -1.878078 -14.821490 -0.370476 -28.445513 3.151549 -2.646272 -1.527794 1.527815 3.451977 -14.521906 0.137847 -1.994599 -1.151582 1.151575 0.000000 -0.000001 0.000003 -9.108292 -0.517888 2.259799 -0.196300 -1.377113 15.572295 0.725763 -3.562319 28.632414 -0.163180 -0.635858 17.868813 0.000003 -0.000001 0.000001 -9.532492 0.000016 -0.000004 0.975169 -8.815318 17.347106 0.678715 -3.573766 28.570651 0.341051 -2.072140 19.929503 0.000002 0.000001 -0.000002 -9.103596 -0.043107 -1.865098 4.610183 -15.479454 28.852997 0.956845 -2.988126 28.435068 -0.106558 -0.375290 21.842530 -0.000002 -0.000001 -0.000000 -8.076694 -0.486727 -3.806298 9.046705 -25.992413 36.305481 0.902300 -3.442624 37.737796 -0.626777 0.674760 13.929281 0.000000 -0.000000 -0.000000 4.570399 11.014667 -2.160815 6.218439 -7.114431 -11.492165 14.510202 -11.691008 -74.569130 0.000007 -0.000012 0.000000 42.078176 10.719173 -13.522424 2.466090 -1.576223 2.681691 11.866876 -5.270959 12.751650 -3.228434 20.684543 -3.594167 2.647884 -1.528743 1.528742 1.934335 8.557245 -0.488251 1.998924 -1.154082 1.154073 -0.000001 -0.000004 -0.000000 9.109303 -0.518009 2.259899 0.293510 4.190285 -3.072261 0.236570 2.365923 -15.790820 -0.013373 0.335602 -5.400918 -0.000000 -0.000001 0.000000 9.533391 0.000003 -0.000007 1.157082 11.072538 -10.837512 0.186470 2.250408 -14.394774 0.075172 1.021937 -7.493247 -0.000002 0.000002 -0.000001 9.104494 -0.042999 -1.865100 3.428791 15.257273 -22.000582 0.289713 1.655133 -13.469337 0.363364 1.397798 -14.569728 -0.000004 0.000001 0.000000 8.077793 -0.486883 -3.806304 6.528402 21.364915 -24.461599 0.057297 1.261376 -14.330971 0.308119 2.407513 -15.749537 -0.000001 0.000001 -0.000000 -8.207801 -6.751703 -1.599544 1.247092 -9.628516 2.504492 19.984818 2.801284 -1.491915 -10.644891 7.204693 0.672753 -3.144635 -0.000000 0.000001 -0.000000 -0.000000 0.000000 8.207800 -6.751698 -1.599545 -9.431334 13.373661 12.278681 25.782888 10.091372 -4.168921 -9.092238 13.367835 -1.506131 -3.086899 -0.000025 -0.000003 -0.000000 0.000002 0.000000 
9.556131 102.101852 3.278407 -7.791690 -9.760564 -5.908526 -0.000000 10.181552 0.131525 -0.041340 -1.475667 1.226865 0.185931 -0.024929 5.508934 0.167448 0.461078 5.424572 0.000002 16.740395 -2.049020 -6.613236 0.155002 -2.967600 0.000003 9.617862 1.684968 28.786645 3.637042 7.521952 -0.000005 22.037369 7.501072 0.000001 0.000001 0.000001 -4.570000 11.014883 -2.160839 9.352997 -1.816459 8.222533 3.651183 -18.466060 57.934389 0.000002 2.570432 0.000015 26.338890 -14.378870 6.645193 -2.464798 -1.573996 2.681905 13.579069 -1.841053 -14.745123 -0.340015 -28.526396 3.149122 -2.646250 -1.527810 1.527814 3.425552 -14.407425 0.154944 -1.994591 -1.151582 1.151571 0.000001 -0.000001 0.000003 -9.108307 -0.517875 2.259800 -0.207346 -1.515886 16.140468 0.758743 -3.621781 29.307157 -0.161811 -0.648624 17.991724 0.000002 0.000000 0.000004 -9.532517 0.000017 0.000006 1.016142 -8.876142 18.039320 0.721681 -3.654642 29.488454 0.345265 -2.083691 20.052585 -0.000008 -0.000001 -0.000005 -9.103622 -0.043114 -1.865099 4.697142 -15.424866 29.558200 1.016392 -3.074402 29.485513 -0.104519 -0.387743 21.965362 0.000003 0.000000 0.000001 -8.076699 -0.486717 -3.806301 9.165061 -25.820075 37.096311 0.956230 -3.524415 38.712505 -0.633814 0.635504 14.281260 0.000004 0.000000 0.000000 4.570405 11.014681 -2.160812 6.237324 -7.713031 -11.498065 10.561732 -9.802977 -74.326706 -0.000007 -0.000002 0.000002 38.431538 10.293532 -10.968334 2.466122 -1.576215 2.681689 12.343259 -4.921751 12.658439 -2.918796 21.536939 -3.526321 2.647869 -1.528760 1.528746 1.947319 8.610553 -0.479027 1.998928 -1.154091 1.154088 -0.000001 -0.000001 0.000001 9.109312 -0.518018 2.259894 0.295437 4.224409 -3.409650 0.245948 2.398695 -16.128447 -0.011302 0.369758 -5.738186 0.000001 -0.000001 -0.000001 9.533417 0.000016 -0.000007 1.154211 10.907909 -11.193072 0.218865 2.380615 -15.737336 0.080644 1.055210 -7.830627 -0.000004 0.000000 0.000001 9.104515 -0.042995 -1.865108 3.388533 14.998452 -22.351941 0.354392 1.832468 -15.357808 0.374992 1.429199 -14.907334 0.000000 -0.000001 0.000002 8.077825 -0.486875 -3.806306 6.548348 20.969630 -25.372017 0.098130 1.480299 -16.541835 0.319507 2.439521 -16.087175 -0.000006 -0.000000 0.000001 -8.207800 -6.751716 -1.599544 1.901485 -9.392933 3.443781 19.505813 2.999418 -1.252956 -10.414109 6.774645 0.261565 -3.252104 0.000003 0.000000 0.000000 0.000001 0.000000 8.207800 -6.751697 -1.599543 -9.499392 13.565200 13.303144 25.813385 10.108151 -3.909814 -8.728241 12.939899 -2.332561 -2.755239 0.000008 -0.000001 0.000000 -0.000000 0.000000 
8.518713 102.104446 3.269931 -7.895614 -9.764295 -6.264139 0.000000 10.181555 0.131524 -0.025691 -1.708288 1.275870 0.179526 -0.134466 5.354377 0.160686 0.338510 5.273137 -0.000000 16.740366 -2.049020 -6.649890 0.270334 -3.020259 -0.000001 9.617839 1.684976 28.412791 3.942318 7.195192 0.000002 22.037384 7.501072 -0.000000 -0.000000 0.000000 -4.570000 11.014885 -2.160839 9.355928 -1.765332 8.559029 2.481244 -16.417832 59.372942 -0.000008 2.450528 0.000016 17.489201 -15.993458 3.405114 -2.464797 -1.574000 2.681907 13.699406 -1.793479 -14.647879 -0.301173 -28.629464 3.146050 -2.646263 -1.527807 1.527813 3.391845 -14.261473 0.176800 -1.994621 -1.151582 1.151590 0.000001 -0.000004 0.000003 -9.108301 -0.517884 2.259803 -0.212419 -1.675691 16.710582 0.792773 -3.681444 29.988588 -0.160507 -0.660434 18.105462 -0.000000 -0.000002 0.000000 -9.532501 0.000018 -0.000001 1.059989 -8.939535 18.765946 0.769514 -3.741165 30.479531 0.349207 -2.094380 20.166496 -0.000002 0.000000 0.000000 -9.103603 -0.043108 -1.865100 4.777833 -15.350968 30.295581 1.083954 -3.168361 30.645160 -0.102634 -0.399258 22.079019 -0.000002 0.000000 0.000000 -8.076690 -0.486731 -3.806294 9.269193 -25.596945 37.932808 1.016673 -3.612611 39.776341 -0.641653 0.590206 14.687005 0.000002 0.000000 -0.000000 4.570400 11.014681 -2.160812 6.244126 -8.345970 -11.433200 6.921323 -7.810751 -74.321658 0.000002 -0.000013 0.000012 33.882922 10.431021 -9.096257 2.466116 -1.576206 2.681695 12.866178 -4.538547 12.549232 -2.576966 22.475794 -3.456946 2.647887 -1.528740 1.528756 1.961582 8.669241 -0.468861 1.998921 -1.154079 1.154084 0.000002 -0.000001 0.000001 9.109312 -0.518014 2.259904 0.297801 4.261986 -3.781165 0.256497 2.434715 -16.500253 -0.008748 0.407345 -6.109530 -0.000001 -0.000000 -0.000001 9.533405 -0.000002 0.000005 1.148505 10.726897 -11.584097 0.258064 2.523017 -17.215797 0.086871 1.091807 -8.202121 -0.000000 0.000005 -0.000004 9.104515 -0.042993 -1.865091 3.340344 14.714302 -22.737959 0.432326 2.025134 -17.437521 0.387991 1.463714 -15.279046 -0.000001 0.000001 -0.000000 8.077814 -0.486902 -3.806303 6.554168 20.536231 -26.368736 0.152854 1.719367 -18.976504 0.332273 2.474676 -16.458939 -0.000002 -0.000001 0.000001 -8.207800 -6.751689 -1.599542 2.516410 -9.121915 4.437862 19.003046 3.116054 -0.987559 -10.252356 6.412159 -0.495642 -3.265730 -0.000005 0.000000 0.000000 -0.000000 -0.000000 8.207799 -6.751689 -1.599542 -9.606440 13.726351 14.324245 25.777033 10.124369 -3.615865 -8.323195 12.569200 -3.166855 -2.476706 0.000005 -0.000000 -0.000000 -0.000000 0.000000 
7.493462 102.108284 3.259557 -7.954023 -9.850302 -6.624589 -0.000002 10.181567 0.131522 -0.031084 -1.956949 1.355469 0.164381 -0.251166 5.193155 0.144995 0.207402 5.115348 -0.000000 16.740376 -2.049017 -6.705150 0.396946 -3.061984 0.000002 9.617841 1.684975 27.983355 4.159967 6.886704 0.000001 22.037369 7.501076 -0.000000 -0.000000 0.000001 -4.570000 11.014883 -2.160839 9.363202 -1.745686 8.876002 1.045703 -13.809858 60.712308 -0.000003 2.410261 0.000027 6.445894 -17.236290 -1.407136 -2.464787 -1.574009 2.681910 13.843409 -1.735989 -14.531788 -0.254639 -28.752846 3.142483 -2.646270 -1.527799 1.527812 3.351431 -14.086881 0.203076 -1.994587 -1.151596 1.151577 -0.000001 -0.000005 0.000001 -9.108296 -0.517882 2.259805 -0.211104 -1.854371 17.280985 0.827716 -3.741035 30.674274 -0.159288 -0.671345 18.210382 -0.000001 -0.000001 -0.000000 -9.532496 0.000013 0.000000 1.106524 -9.004938 19.522376 0.822126 -3.832445 31.535670 0.352858 -2.104228 20.271552 0.000003 0.000002 0.000001 -9.103601 -0.043115 -1.865094 4.851446 -15.259519 31.060343 1.159346 -3.268632 31.902663 -0.100867 -0.409889 22.183857 0.000003 0.000002 0.000000 -8.076677 -0.486725 -3.806292 9.356581 -25.328071 38.807765 1.083416 -3.706079 40.919650 -0.650021 0.539392 15.141392 0.000000 0.000002 -0.000000 4.570401 11.014688 -2.160813 6.238975 -8.972501 -11.265693 3.866623 -5.963132 -74.463576 0.000006 -0.715854 0.000006 29.028406 11.035230 -7.764694 2.466096 -1.576202 2.681696 13.423733 -4.130298 12.424869 -2.210121 23.480365 -3.388958 2.647885 -1.528747 1.528743 1.976853 8.732029 -0.457996 1.998921 -1.154092 1.154079 -0.000002 0.000001 0.000001 9.109305 -0.518021 2.259902 0.300601 4.302148 -4.178530 0.268034 2.473163 -16.897908 -0.005806 0.447528 -6.506697 -0.000005 -0.000000 0.000000 9.533402 0.000002 -0.000002 1.139394 10.533552 -12.001783 0.304046 2.674160 -18.797365 0.093796 1.130911 -8.599449 -0.000000 -0.000000 -0.000002 9.104506 -0.042994 -1.865099 3.284336 14.411387 -23.149898 0.523367 2.227927 -19.662383 0.402181 1.500528 -15.676631 -0.000002 -0.000005 0.000002 8.077812 -0.486890 -3.806298 6.541924 20.075186 -27.428440 0.222541 1.972197 -21.581099 0.346178 2.512230 -16.856572 -0.000002 -0.000001 0.000001 -8.207799 -6.751701 -1.599545 3.103028 -8.876456 5.392862 18.429068 3.172048 -0.656199 -10.073986 6.241705 -1.384352 -3.244268 0.000004 -0.000000 0.000000 -0.000001 -0.000000 8.207796 -6.751700 -1.599544 -9.710943 13.827594 15.297983 25.661810 10.139937 -3.296628 -7.884046 12.352352 -4.001398 -2.237312 -0.000014 -0.000001 -0.000000 -0.000002 0.000000 
6.492913 102.112114 3.258267 -7.975096 -10.020980 -6.971249 0.000001 10.181536 0.131525 -0.054037 -2.171265 1.441386 0.142004 -0.355005 5.020364 0.122093 0.087902 4.946102 0.000000 16.740385 -2.049011 -6.744031 0.533798 -3.114907 0.000003 9.617857 1.684963 27.447341 4.268560 6.579225 0.000003 22.037369 7.501074 -0.000001 -0.000000 0.000000 -4.569999 11.014867 -2.160830 9.374525 -1.751176 9.179272 -0.563198 -10.705913 61.896356 -0.000004 2.516487 0.000025 -5.744982 -17.346493 -7.053088 -2.464787 -1.573996 2.681913 14.008754 -1.669163 -14.398754 -0.201153 -28.894535 3.138530 -2.646271 -1.527798 1.527816 3.304994 -13.886376 0.233381 -1.994601 -1.151587 1.151574 0.000000 0.000002 0.000001 -9.108295 -0.517869 2.259809 -0.203224 -2.049731 17.849875 0.863467 -3.800389 31.361756 -0.158143 -0.681366 18.306864 -0.000000 -0.000000 0.000003 -9.532499 -0.000004 0.000003 1.155542 -9.071838 20.304093 0.879362 -3.927536 32.648642 0.356218 -2.113280 20.368159 0.000001 -0.000001 -0.000000 -9.103601 -0.043096 -1.865096 4.917244 -15.152327 31.847775 1.242316 -3.373958 33.246735 -0.099233 -0.419663 22.280222 -0.000001 -0.000000 0.000000 -8.076687 -0.486716 -3.806295 9.424949 -25.018481 39.714190 1.156285 -3.803804 42.132941 -0.658736 0.483653 15.639245 0.000001 0.000000 0.000000 4.570399 11.014676 -2.160807 6.223930 -9.559206 -10.994658 1.547929 -4.524351 -74.613465 0.000020 -3.559818 0.000009 24.493149 12.064596 -6.818583 2.466091 -1.576196 2.681704 14.003264 -3.706493 12.286926 -1.825921 24.528295 -3.325014 2.647883 -1.528741 1.528754 1.992772 8.797504 -0.446696 1.998905 -1.154090 1.154070 0.000001 0.000000 0.000002 9.109293 -0.518017 2.259903 0.303809 4.344002 -4.592902 0.280362 2.513152 -17.312588 -0.002430 0.489393 -6.920851 -0.000001 0.000000 -0.000001 9.533389 0.000002 0.000004 1.126674 10.332252 -12.436795 0.356419 2.830377 -20.446868 0.101336 1.171615 -9.013783 0.000000 0.000001 -0.000000 9.104494 -0.043008 -1.865100 3.221068 14.096598 -23.578395 0.626620 2.435445 -21.983083 0.417240 1.538803 -16.091244 0.000002 0.000001 -0.000001 8.077808 -0.486888 -3.806301 6.509112 19.597700 -28.526801 0.307372 2.232180 -24.297807 0.360956 2.551247 -17.271230 0.000000 -0.000001 0.000000 -8.207798 -6.751714 -1.599542 3.677104 -8.668337 6.263169 17.767431 3.239785 -0.269762 -9.835112 6.212585 -2.245509 -3.235496 -0.000003 0.000001 0.000000 0.000002 0.000000 8.207798 -6.751705 -1.599542 -9.786300 13.889760 16.204472 25.470508 10.154940 -2.972022 -7.425447 12.275911 -4.821997 -2.038719 0.000007 0.000002 -0.000000 -0.000000 0.000000 
5.523156 102.113457 3.266483 -7.957619 -10.236340 -7.280327 0.000000 10.181534 0.131522 -0.099776 -2.306382 1.501253 0.112234 -0.428616 4.829742 0.092056 -0.002531 4.758935 -0.000001 16.740376 -2.049024 -6.762792 0.653352 -3.157394 0.000002 9.617850 1.684965 26.858553 4.239424 6.295109 0.000000 22.037354 7.501075 -0.000001 0.000000 -0.000000 -4.570001 11.014862 -2.160845 9.387953 -1.761141 9.477335 -2.154651 -7.127031 62.842050 0.000007 2.917151 -0.000007 -17.756195 -15.953937 -12.509284 -2.464808 -1.573997 2.681904 14.193195 -1.593663 -14.250747 -0.141420 -29.052626 3.134287 -2.646256 -1.527811 1.527816 3.253077 -13.662664 0.267298 -1.994613 -1.151579 1.151582 0.000005 -0.000004 0.000003 -9.108326 -0.517882 2.259801 -0.188556 -2.259645 18.415633 0.899885 -3.859218 32.048617 -0.157098 -0.690536 18.395217 0.000001 -0.000002 0.000003 -9.532521 0.000006 -0.000003 1.206782 -9.139723 21.106401 0.941051 -4.025590 33.810307 0.359334 -2.121563 20.456627 -0.000004 -0.000001 0.000001 -9.103609 -0.043109 -1.865104 4.974587 -15.031260 32.653068 1.332587 -3.482994 34.666024 -0.097712 -0.428601 22.368472 -0.000002 0.000003 0.000001 -8.076712 -0.486723 -3.806304 9.472443 -24.673357 40.645308 1.234986 -3.904677 43.406597 -0.667571 0.423518 16.175466 -0.000001 -0.000001 0.000001 4.570401 11.014672 -2.160819 6.202162 -10.080667 -10.653351 -0.075951 -3.709460 -74.639433 0.000013 -6.763892 -0.000007 20.726954 13.427436 -6.070493 2.466103 -1.576201 2.681702 14.592573 -3.276218 12.137517 -1.431919 25.597698 -3.267231 2.647891 -1.528744 1.528749 2.008989 8.864284 -0.435194 1.998925 -1.154093 1.154083 0.000001 0.000003 -0.000000 9.109300 -0.518016 2.259903 0.307409 4.386680 -5.015595 0.293230 2.553862 -17.735565 0.001335 0.532090 -7.343345 0.000002 -0.000002 0.000003 9.533399 0.000010 0.000004 1.110267 10.127298 -12.879963 0.414483 2.988116 -22.129881 0.109318 1.213090 -9.436479 0.000005 0.000006 -0.000002 9.104494 -0.042994 -1.865095 3.151433 13.776731 -24.014528 0.740575 2.642681 -24.351178 0.432874 1.577736 -16.514192 0.000001 0.000004 -0.000001 8.077794 -0.486895 -3.806299 6.454867 19.114624 -29.640552 0.406583 2.492967 -27.070102 0.376301 2.590921 -17.694232 -0.000000 -0.000000 -0.000000 -8.207798 -6.751723 -1.599545 4.220249 -8.448909 7.069670 17.053929 3.328358 0.103576 -9.559787 6.204905 -3.040024 -3.235726 -0.000005 -0.000001 -0.000000 -0.000000 0.000000 8.207798 -6.751711 -1.599543 -9.838720 13.937382 17.037053 25.215055 10.169108 -2.662770 -6.953472 12.273125 -5.611931 -1.875039 0.000002 -0.000003 -0.000000 0.000002 0.000000 
4.590883 102.111252 3.276770 -7.894495 -10.451525 -7.536955 0.000001 10.181529 0.131523 -0.167476 -2.337736 1.504882 0.077038 -0.462364 4.615913 0.057072 -0.054130 4.548375 -0.000003 16.740353 -2.049019 -6.760961 0.737922 -3.157910 0.000002 9.617847 1.684981 26.250056 4.094921 6.068727 0.000001 22.037384 7.501074 0.000001 -0.000000 0.000001 -4.570005 11.014888 -2.160838 9.399889 -1.748467 9.774094 -3.557436 -3.138858 63.435751 0.000000 3.785473 0.000032 -28.273855 -13.237033 -16.775083 -2.464796 -1.573991 2.681909 14.394419 -1.510086 -14.089699 -0.076086 -29.225177 3.129865 -2.646262 -1.527796 1.527820 3.196299 -13.418568 0.304577 -1.994601 -1.151583 1.151583 -0.000003 -0.000001 -0.000002 -9.108299 -0.517883 2.259804 -0.167114 -2.481972 18.976521 0.936854 -3.917329 32.732404 -0.156118 -0.698894 18.475841 0.000003 -0.000003 0.000001 -9.532504 0.000020 0.000000 1.259994 -9.208101 21.924783 1.007007 -4.125662 35.012362 0.362163 -2.129123 20.537371 -0.000003 -0.000003 -0.000001 -9.103617 -0.043101 -1.865099 5.022932 -14.898161 33.471639 1.429790 -3.594507 36.149224 -0.096308 -0.436753 22.448969 -0.000000 0.000003 0.000001 -8.076713 -0.486719 -3.806296 9.497525 -24.297834 41.594527 1.319166 -4.007669 44.731032 -0.676360 0.359607 16.744832 -0.000005 0.000001 -0.000002 4.570398 11.014688 -2.160813 6.177029 -10.518009 -10.294762 -1.218905 -3.648775 -74.462784 0.000006 -10.080648 0.000002 17.924728 14.882296 -5.329531 2.466105 -1.576203 2.681700 15.180031 -2.848163 11.979389 -1.035470 26.667446 -3.217182 2.647880 -1.528756 1.528754 2.025168 8.931085 -0.423707 1.998909 -1.154095 1.154073 -0.000000 0.000005 0.000003 9.109288 -0.518010 2.259902 0.311304 4.429341 -5.438375 0.306398 2.594474 -18.158685 0.005427 0.574765 -7.765841 -0.000001 -0.000000 0.000001 9.533391 -0.000003 0.000001 1.090407 9.922789 -13.322658 0.477185 3.144069 -23.813437 0.117608 1.254511 -9.859177 -0.000003 0.000002 0.000004 9.104496 -0.042997 -1.865099 3.076673 13.458160 -24.449719 0.863006 2.845002 -26.720171 0.448803 1.616561 -16.937180 0.000002 0.000005 0.000001 8.077804 -0.486900 -3.806302 6.379894 18.636210 -30.747937 0.518312 2.748630 -29.843487 0.391968 2.630522 -18.117290 -0.000000 -0.000000 0.000000 -8.207798 -6.751728 -1.599544 4.704642 -8.186667 7.837862 16.323683 3.380939 0.414013 -9.278637 6.179108 -3.772650 -3.237935 -0.000003 0.000003 0.000000 0.000000 0.000000 8.207798 -6.751713 -1.599545 -9.884432 13.964328 17.791695 24.905605 10.182446 -2.387019 -6.469822 12.300816 -6.353319 -1.737737 -0.000009 0.000001 -0.000000 -0.000002 -0.000000 
3.706029 102.107040 3.286276 -7.789791 -10.643882 -7.746430 -0.000000 10.181567 0.131522 -0.230652 -2.257740 1.442288 0.045400 -0.452565 4.378214 0.026202 -0.063211 4.313775 0.000000 16.740366 -2.049013 -6.739786 0.785397 -3.101665 -0.000000 9.617887 1.684964 25.550088 3.858993 5.965377 -0.000001 22.037354 7.501079 -0.000000 0.000000 -0.000001 -4.570000 11.014904 -2.160832 9.405930 -1.694502 10.062043 -4.706262 1.075409 63.568243 0.000009 5.242312 -0.000009 -36.290892 -9.756681 -19.229653 -2.464803 -1.574005 2.681905 14.610132 -1.419094 -13.917549 -0.005938 -29.410241 3.125375 -2.646262 -1.527805 1.527820 3.135303 -13.156767 0.344768 -1.994594 -1.151582 1.151572 -0.000003 0.000000 0.000001 -9.108307 -0.517869 2.259802 -0.138918 -2.714536 19.530779 0.974223 -3.974573 33.410775 -0.155210 -0.706499 18.549067 0.000002 0.000002 0.000005 -9.532509 0.000004 -0.000003 1.314933 -9.276493 22.754651 1.076877 -4.226960 36.246643 0.364751 -2.135971 20.610675 -0.000002 0.000000 -0.000002 -9.103611 -0.043111 -1.865100 5.061965 -14.754891 34.298850 1.533426 -3.707234 37.684893 -0.095042 -0.444149 22.522048 -0.000004 0.000002 0.000000 -8.076717 -0.486723 -3.806296 9.499138 -23.897100 42.555449 1.408438 -4.111787 46.096667 -0.684864 0.292414 17.342306 0.000001 -0.000000 -0.000000 4.570401 11.014677 -2.160809 6.151640 -10.860732 -9.972671 -2.170500 -4.393813 -74.074617 -0.000006 -13.306032 -0.000003 16.062361 16.030367 -4.406872 2.466092 -1.576199 2.681695 15.754204 -2.430869 11.815954 -0.644184 27.716332 -3.175752 2.647895 -1.528767 1.528759 2.041048 8.996569 -0.412452 1.998924 -1.154088 1.154077 -0.000003 -0.000004 -0.000000 9.109301 -0.518018 2.259899 0.315454 4.471136 -5.852987 0.319586 2.634229 -18.573571 0.009734 0.616567 -8.180057 0.000001 0.000002 0.000001 9.533405 0.000017 -0.000004 1.067644 9.722772 -13.756226 0.543052 3.295121 -25.464342 0.126029 1.295049 -10.273588 0.000002 0.000002 -0.000002 9.104492 -0.042995 -1.865104 2.998500 13.147213 -24.875559 0.991101 3.038279 -29.043443 0.464689 1.654513 -17.351880 0.000000 -0.000002 0.000001 8.077805 -0.486889 -3.806308 6.286720 18.172258 -31.827677 0.639755 2.993759 -32.563364 0.407582 2.669208 -18.532060 0.000001 -0.000001 -0.000002 -8.207799 -6.751709 -1.599547 5.139645 -7.914229 8.558504 15.573164 3.355628 0.679441 -8.991673 6.191399 -4.448739 -3.236968 0.000000 -0.000001 0.000000 0.000000 0.000000 8.207797 -6.751698 -1.599545 -9.927691 13.963763 18.474999 24.553313 10.195194 -2.154306 -5.982946 12.340970 -7.034310 -1.632001 -0.000002 0.000004 0.000000 -0.000002 0.000000 
2.876567 102.103043 3.301769 -7.663646 -10.806338 -7.920232 0.000001 10.181552 0.131526 -0.247519 -2.073648 1.331431 0.029809 -0.401215 4.122070 0.011896 -0.031714 4.060632 -0.000001 16.740366 -2.049018 -6.693384 0.809646 -3.009046 -0.000000 9.617878 1.684972 24.611236 3.516771 6.050929 -0.000000 22.037399 7.501067 -0.000000 0.000001 -0.000000 -4.569999 11.014876 -2.160841 9.402430 -1.602278 10.319223 -5.626003 5.264304 63.186531 0.000001 7.318917 0.000015 -41.202351 -6.071937 -19.775508 -2.464793 -1.574003 2.681909 14.838106 -1.321405 -13.736206 0.068343 -29.605899 3.120895 -2.646280 -1.527819 1.527824 3.070697 -12.880080 0.387526 -1.994583 -1.151594 1.151583 0.000001 -0.000005 -0.000000 -9.108304 -0.517871 2.259804 -0.104150 -2.955281 20.076745 1.011796 -4.030667 34.081196 -0.154393 -0.713375 18.615242 0.000002 0.000000 0.000002 -9.532501 0.000011 -0.000000 1.371237 -9.344466 23.591323 1.150323 -4.328624 37.504958 0.367102 -2.142183 20.676941 -0.000000 -0.000000 0.000003 -9.103597 -0.043099 -1.865099 5.091426 -14.603318 35.130105 1.642938 -3.820050 39.261782 -0.093874 -0.450830 22.588108 -0.000002 -0.000001 0.000001 -8.076685 -0.486720 -3.806293 9.476728 -23.476257 43.521972 1.502313 -4.216051 47.493884 -0.692974 0.222589 17.962679 -0.000000 0.000001 -0.000000 4.570401 11.014683 -2.160812 6.128897 -11.109619 -9.728711 -3.177218 -5.936615 -73.532171 -0.000002 -16.323362 -0.000004 14.975620 16.391817 -3.067291 2.466087 -1.576182 2.681693 16.303325 -2.032899 11.651456 -0.266118 28.722445 -3.143329 2.647888 -1.528738 1.528749 2.056256 9.059360 -0.401669 1.998917 -1.154087 1.154077 0.000000 -0.000006 -0.000000 9.109291 -0.518015 2.259901 0.319700 4.511188 -6.250532 0.332524 2.672204 -18.971446 0.014136 0.656608 -8.577267 0.000002 0.000002 -0.000002 9.533386 0.000014 0.000001 1.042692 9.531408 -14.171489 0.610313 3.438146 -27.047792 0.134391 1.333875 -10.671034 -0.000002 -0.000000 0.000004 9.104489 -0.043006 -1.865098 2.918944 12.850276 -25.283052 1.121216 3.218619 -31.272083 0.480185 1.690778 -17.749597 0.000000 0.000001 0.000005 8.077789 -0.486894 -3.806294 6.179206 17.732512 -32.857796 0.767094 3.223159 -35.172691 0.422830 2.706180 -18.929818 0.000001 0.000003 0.000001 -8.207797 -6.751706 -1.599542 5.568488 -7.675128 9.213885 14.779256 3.286408 0.932055 -8.688599 6.258258 -5.072192 -3.235372 0.000001 0.000000 -0.000000 -0.000000 0.000000 8.207802 -6.751703 -1.599542 -9.955283 13.956353 19.094217 24.164883 10.207339 -1.956391 -5.503267 12.371055 -7.655150 -1.530793 0.000002 -0.000002 0.000000 -0.000000 0.000000 
2.106313 102.100830 3.331952 -7.534493 -10.924258 -8.052495 0.000001 10.181563 0.131523 -0.195855 -1.816611 1.207217 0.036168 -0.320275 3.856296 0.019821 0.028468 3.797878 0.000000 16.740404 -2.049013 -6.605672 0.835925 -2.925606 0.000001 9.617856 1.684975 23.351653 3.036789 6.322100 0.000001 22.037384 7.501075 -0.000000 0.000000 -0.000000 -4.570002 11.014873 -2.160834 9.388155 -1.497578 10.516482 -6.336895 9.255721 62.318065 -0.000005 9.974094 0.000021 -42.791979 -2.416188 -18.779513 -2.464793 -1.573996 2.681909 15.076036 -1.217757 -13.547599 0.146036 -29.810210 3.116546 -2.646267 -1.527803 1.527818 3.003060 -12.591241 0.432480 -1.994581 -1.151588 1.151580 -0.000001 -0.000002 -0.000004 -9.108314 -0.517881 2.259805 -0.063079 -3.202071 20.612652 1.049435 -4.085475 34.741279 -0.153654 -0.719545 18.674757 0.000001 -0.000001 -0.000000 -9.532497 0.000003 0.000005 1.428631 -9.411589 24.430241 1.226957 -4.429864 38.778990 0.369219 -2.147748 20.736492 0.000001 -0.000003 -0.000000 -9.103611 -0.043110 -1.865098 5.111253 -14.445317 35.960861 1.757651 -3.931818 40.868495 -0.092815 -0.456853 22.647471 0.000000 0.000001 0.000001 -8.076711 -0.486723 -3.806299 9.430218 -23.040397 44.488106 1.600214 -4.319548 48.913088 -0.700521 0.150627 18.600839 -0.000001 -0.000001 -0.000000 4.570400 11.014673 -2.160812 6.111520 -11.274772 -9.588452 -4.359397 -8.198893 -72.938026 -0.000010 -19.088436 0.000001 14.461764 15.520316 -1.031896 2.466089 -1.576198 2.681702 16.815485 -1.662909 11.490794 0.090149 29.663293 -3.119628 2.647897 -1.528735 1.528752 2.070466 9.118074 -0.391610 1.998925 -1.154089 1.154080 0.000002 0.000001 -0.000000 9.109292 -0.518021 2.259902 0.323930 4.548532 -6.621751 0.344852 2.707617 -19.342819 0.018510 0.694022 -8.948521 -0.000001 -0.000001 -0.000001 9.533402 0.000019 0.000001 1.016630 9.352875 -14.558847 0.676752 3.570068 -28.528112 0.142438 1.370096 -11.042456 -0.000000 -0.000000 -0.000002 9.104509 -0.042990 -1.865100 2.840509 12.573763 -25.662858 1.249131 3.382494 -33.355949 0.494914 1.724588 -18.121294 0.000000 0.000003 0.000000 8.077798 -0.486889 -3.806299 6.062921 17.326298 -33.815966 0.895468 3.432161 -37.612732 0.437329 2.740676 -19.301582 0.000001 0.000001 -0.000001 -8.207800 -6.751704 -1.599546 6.015239 -7.469170 9.805113 13.943353 3.257467 1.155676 -8.376943 6.280571 -5.641802 -3.235326 -0.000003 0.000001 -0.000000 -0.000001 0.000000 8.207800 -6.751689 -1.599543 -9.945726 13.950829 19.626841 23.738684 10.218111 -1.768382 -5.035300 12.381839 -8.225204 -1.358390 -0.000008 -0.000001 -0.000000 0.000000 0.000000 
1.399234 102.101181 3.379277 -7.405463 -10.973822 -8.127626 0.000000 10.181556 0.131524 -0.089234 -1.547144 1.102548 0.059460 -0.234093 3.589563 0.044642 0.093196 3.534290 -0.000002 16.740368 -2.049020 -6.462124 0.891211 -2.888454 -0.000002 9.617851 1.684976 21.849756 2.431662 6.674590 0.000003 22.037354 7.501074 -0.000001 0.000001 -0.000000 -4.570004 11.014874 -2.160846 9.365220 -1.413814 10.636948 -6.761352 13.036724 61.055942 -0.000003 13.123139 -0.000001 -41.253820 1.330397 -16.941477 -2.464792 -1.573990 2.681897 15.321637 -1.108931 -13.353609 0.226441 -30.021202 3.112341 -2.646272 -1.527805 1.527824 2.933054 -12.292974 0.479216 -1.994609 -1.151579 1.151572 -0.000002 -0.000002 -0.000002 -9.108284 -0.517887 2.259798 -0.016069 -3.452820 21.136804 1.086934 -4.138792 35.388583 -0.152977 -0.725073 18.727938 0.000001 0.000001 -0.000000 -9.532498 0.000003 -0.000003 1.486795 -9.477465 25.266780 1.306280 -4.529957 40.060548 0.371107 -2.152710 20.789728 0.000000 0.000002 0.000001 -9.103593 -0.043103 -1.865104 5.121593 -14.282656 36.786610 1.876810 -4.041522 42.493581 -0.091872 -0.462216 22.700514 -0.000001 -0.000002 0.000000 -8.076689 -0.486725 -3.806300 9.360055 -22.594430 45.448181 1.701565 -4.421457 50.344635 -0.707396 0.077190 19.251646 -0.000000 0.000001 0.000001 4.570398 11.014688 -2.160818 6.101963 -11.368102 -9.559423 -5.696257 -10.982945 -72.397048 -0.000008 -21.569333 -0.000009 14.422072 13.397380 1.643937 2.466096 -1.576216 2.681693 17.279610 -1.328648 11.339157 0.416270 30.517900 -3.103792 2.647885 -1.528747 1.528751 2.083363 9.171416 -0.382488 1.998932 -1.154083 1.154075 0.000002 0.000002 0.000003 9.109296 -0.518019 2.259899 0.327980 4.582440 -6.958764 0.356228 2.739669 -19.680005 0.022700 0.727955 -9.285684 0.000002 0.000000 0.000001 9.533401 0.000016 -0.000003 0.990675 9.191102 -14.910180 0.740027 3.688345 -29.872775 0.149929 1.402958 -11.379765 -0.000007 -0.000002 0.000001 9.104500 -0.042997 -1.865103 2.765919 12.323641 -26.007088 1.370445 3.527213 -35.249107 0.508439 1.755195 -18.458861 0.000002 -0.000000 -0.000001 8.077804 -0.486887 -3.806307 5.944285 16.961861 -34.682557 1.019686 3.617065 -39.829633 0.450689 2.771923 -19.639232 0.000001 -0.000002 -0.000000 -8.207798 -6.751698 -1.599545 6.469726 -7.282494 10.335020 13.088083 3.314194 1.323878 -8.073491 6.167187 -6.153568 -3.235846 -0.000004 0.000000 0.000000 0.000000 0.000000 8.207803 -6.751692 -1.599544 -9.885385 13.916685 20.030208 23.271498 10.226421 -1.562216 -4.576024 12.394796 -8.755138 -1.101044 0.000002 -0.000003 -0.000000 -0.000000 0.000000 
0.761120 102.105103 3.441646 -7.273874 -10.947627 -8.153089 -0.000001 10.181545 0.131524 0.044827 -1.335836 1.035526 0.090375 -0.171364 3.328595 0.076799 0.134041 3.276706 -0.000000 16.740395 -2.049022 -6.263260 0.992271 -2.898592 0.000003 9.617885 1.684961 20.277706 1.776681 6.963016 -0.000000 22.037369 7.501074 -0.000000 0.000001 0.000000 -4.570004 11.014875 -2.160836 9.338346 -1.371056 10.692925 -6.732792 16.656477 59.530324 -0.000002 16.632598 0.000021 -37.174049 5.359832 -15.107024 -2.464797 -1.574008 2.681919 15.572623 -0.995829 -13.156101 0.308791 -30.236978 3.108407 -2.646256 -1.527799 1.527819 2.861302 -11.988016 0.527296 -1.994598 -1.151577 1.151583 0.000003 0.000000 0.000003 -9.108318 -0.517880 2.259806 0.036327 -3.705546 21.647477 1.124163 -4.190450 36.020673 -0.152384 -0.729948 18.775140 0.000002 -0.000004 0.000000 -9.532512 -0.000008 0.000006 1.545268 -9.541752 26.096324 1.387769 -4.628179 41.341380 0.372804 -2.157129 20.836984 -0.000001 0.000000 -0.000000 -9.103598 -0.043108 -1.865095 5.122627 -14.117182 37.602923 1.999584 -4.148239 44.125758 -0.091039 -0.466982 22.747576 -0.000001 -0.000001 -0.000000 -8.076702 -0.486745 -3.806292 9.267155 -22.143188 46.396683 1.805601 -4.520959 51.778940 -0.713497 0.002828 19.909940 -0.000000 0.000001 -0.000001 4.570403 11.014675 -2.160813 6.101711 -11.396989 -9.629297 -7.074088 -13.930389 -71.971329 -0.000012 -23.690861 -0.000011 14.891450 10.258609 4.787144 2.466094 -1.576211 2.681697 17.686010 -1.036823 11.201590 0.704576 31.267783 -3.094456 2.647891 -1.528747 1.528755 2.094688 9.218199 -0.374504 1.998937 -1.154095 1.154083 -0.000001 -0.000000 -0.000002 9.109304 -0.518021 2.259901 0.331698 4.612299 -7.255901 0.366400 2.767896 -19.977465 0.026543 0.757773 -9.581877 -0.000001 -0.000003 -0.000002 9.533412 0.000015 0.000000 0.966202 9.049610 -15.219606 0.797900 3.791043 -31.054398 0.156692 1.431777 -11.676161 0.000000 0.000000 0.000004 9.104500 -0.043009 -1.865098 2.698050 12.105073 -26.310164 1.480872 3.650950 -36.912241 0.520505 1.782044 -18.755448 0.000003 0.000001 0.000000 8.077810 -0.486891 -3.806300 5.830213 16.645904 -35.441626 1.134658 3.775390 -41.777060 0.462565 2.799287 -19.935900 0.000000 -0.000001 0.000001 -8.207802 -6.751715 -1.599543 6.932444 -7.119811 10.796212 12.205106 3.409915 1.463298 -7.774327 5.967011 -6.610882 -3.236037 -0.000004 0.000001 0.000000 -0.000001 0.000000 8.207796 -6.751707 -1.599542 -9.784862 13.840449 20.304044 22.773466 10.232066 -1.327902 -4.128386 12.415389 -9.247613 -0.859986 -0.000002 0.000001 0.000000 -0.000002 0.000000 
0.194522 102.112877 3.518602 -7.142090 -10.869082 -8.163428 -0.000000 10.181559 0.131522 0.191963 -1.222086 1.005775 0.123328 -0.148444 3.076828 0.110638 0.134873 3.028623 0.000001 16.740381 -2.049014 -6.020682 1.137163 -2.925758 0.000000 9.617862 1.684965 18.761608 1.149582 7.107430 -0.000000 22.037384 7.501073 -0.000000 0.000001 -0.000000 -4.569998 11.014874 -2.160836 9.312754 -1.364727 10.724881 -6.138427 20.060766 57.895497 -0.000011 20.284967 0.000025 -31.312630 9.612541 -14.000383 -2.464793 -1.573988 2.681915 15.826738 -0.879332 -12.956900 0.392405 -30.455564 3.104793 -2.646259 -1.527812 1.527824 2.788416 -11.679157 0.576400 -1.994594 -1.151585 1.151578 -0.000002 -0.000003 0.000001 -9.108292 -0.517872 2.259806 0.093578 -3.958169 22.142838 1.160870 -4.240239 36.635096 -0.151847 -0.734268 18.816725 -0.000001 0.000002 -0.000000 -9.532488 0.000008 -0.000002 1.603747 -9.604081 26.914226 1.470868 -4.723854 42.613192 0.374271 -2.161011 20.878585 0.000002 -0.000001 0.000004 -9.103597 -0.043103 -1.865096 5.114889 -13.950575 38.405423 2.124972 -4.251129 45.753549 -0.090296 -0.471176 22.789015 0.000002 -0.000002 0.000001 -8.076686 -0.486734 -3.806301 9.153048 -21.691294 47.328266 1.911563 -4.617350 53.206340 -0.718768 -0.071866 20.570617 0.000003 -0.000001 -0.000000 4.570403 11.014688 -2.160810 6.110640 -11.365516 -9.765840 -8.356107 -16.549089 -71.671060 0.000003 -25.319677 0.000030 15.928600 6.393651 8.224382 2.466094 -1.576200 2.681691 18.023601 -0.795112 11.083957 0.946139 31.891704 -3.090021 2.647880 -1.528754 1.528749 2.104082 9.257147 -0.367849 1.998920 -1.154079 1.154081 0.000007 0.000003 0.000005 9.109291 -0.518007 2.259897 0.334968 4.637269 -7.504575 0.375064 2.791515 -20.226685 0.029854 0.782587 -9.828751 -0.000002 -0.000002 -0.000002 9.533403 0.000002 -0.000003 0.944679 8.932258 -15.478366 0.847762 3.875691 -32.039461 0.162463 1.455796 -11.923141 -0.000004 -0.000000 -0.000003 9.104508 -0.042991 -1.865108 2.639890 11.923909 -26.563507 1.575601 3.751537 -38.298063 0.530650 1.804346 -19.002633 -0.000000 0.000003 0.000001 8.077812 -0.486888 -3.806306 5.728325 16.385967 -36.072818 1.234517 3.904200 -43.399527 0.472565 2.822042 -20.183127 -0.000001 0.000001 -0.000001 -8.207801 -6.751699 -1.599546 7.430140 -6.972945 11.192345 11.247792 3.458518 1.624234 -7.456405 5.796274 -7.020658 -3.235963 -0.000006 -0.000001 0.000000 -0.000000 0.000000 8.207803 -6.751690 -1.599545 -9.677959 13.767915 20.513770 22.274261 10.236114 -1.086263 -3.710811 12.401020 -9.693730 -0.711825 -0.000000 -0.000001 0.000000 -0.000000 0.000000 
-0.304278 102.123474 3.611501 -7.011352 -10.769825 -8.181212 -0.000002 10.181549 0.131522 0.349175 -1.183193 0.996278 0.156485 -0.156831 2.832627 0.144437 0.104295 2.788324 -0.000000 16.740376 -2.049021 -5.739784 1.305413 -2.939907 0.000000 9.617825 1.684976 17.332688 0.554867 7.146350 -0.000001 22.037338 7.501077 -0.000001 0.000000 -0.000000 -4.570000 11.014862 -2.160840 9.291702 -1.371575 10.778470 -5.071055 23.062940 56.326999 -0.000007 23.765141 0.000016 -24.249922 13.717633 -14.004061 -2.464797 -1.573985 2.681909 16.081701 -0.760467 -12.757783 0.476514 -30.675039 3.101496 -2.646264 -1.527806 1.527826 2.715054 -11.369105 0.626031 -1.994601 -1.151584 1.151581 -0.000001 0.000000 0.000001 -9.108310 -0.517881 2.259802 0.154945 -4.208754 22.621146 1.196911 -4.288021 37.229432 -0.151383 -0.738033 18.853069 -0.000002 0.000001 -0.000001 -9.532506 0.000011 -0.000001 1.661833 -9.664170 27.715876 1.554880 -4.816371 43.867723 0.375575 -2.164400 20.914946 -0.000002 0.000001 0.000003 -9.103595 -0.043099 -1.865102 5.098903 -13.784549 39.189730 2.251959 -4.349451 47.365552 -0.089643 -0.474825 22.825203 0.000001 0.000001 0.000002 -8.076693 -0.486729 -3.806301 9.019586 -21.243198 48.237770 2.018637 -4.709987 54.617184 -0.723151 -0.146303 21.228518 -0.000002 -0.000000 0.000000 4.570400 11.014679 -2.160819 6.126673 -11.280269 -9.921622 -9.425929 -18.327909 -71.482089 -0.000000 -26.300511 -0.000006 17.527006 2.159378 11.790372 2.466107 -1.576193 2.681694 18.276304 -0.614650 10.993999 1.128168 32.359244 -3.088727 2.647893 -1.528746 1.528744 2.111151 9.286309 -0.362863 1.998905 -1.154091 1.154082 -0.000001 0.000000 0.000002 9.109309 -0.518007 2.259903 0.337431 4.655683 -7.687968 0.381481 2.808856 -20.410007 0.032406 0.801090 -10.012897 0.000002 -0.000001 -0.000002 9.533422 -0.000002 -0.000002 0.927615 8.844213 -15.669181 0.885896 3.938268 -32.774226 0.166797 1.473675 -12.107396 0.000001 -0.000000 -0.000002 9.104491 -0.043005 -1.865098 2.594872 11.788351 -26.750199 1.647946 3.825162 -39.333219 0.538295 1.820965 -19.187026 0.000000 -0.000001 0.000002 8.077817 -0.486888 -3.806302 5.647608 16.192719 -36.541744 1.311487 3.998598 -44.612135 0.480096 2.838996 -20.367563 0.000001 0.000005 -0.000000 -8.207800 -6.751709 -1.599545 7.979479 -6.808607 11.547674 10.180451 3.444125 1.803684 -7.107061 5.672933 -7.380538 -3.235907 0.000001 -0.000001 -0.000000 0.000000 0.000000 8.207797 -6.751700 -1.599545 -9.590001 13.745112 20.718329 21.799324 10.239990 -0.870005 -3.340893 12.318028 -10.082240 -0.613141 0.000020 0.000000 -0.000000 -0.000000 0.000000 
-0.740844 102.135475 3.717891 -6.877582 -10.659695 -8.190104 -0.000001 10.181561 0.131525 0.506882 -1.145614 0.980975 0.187443 -0.167536 2.589615 0.176045 0.071415 2.549227 0.000001 16.740387 -2.049020 -5.411725 1.468878 -2.936062 -0.000001 9.617879 1.684977 15.990106 -0.079341 7.189592 -0.000001 22.037323 7.501077 -0.000001 0.000001 -0.000000 -4.569998 11.014843 -2.160840 9.275254 -1.366403 10.877484 -3.807442 25.487080 54.984283 -0.000019 26.710431 0.000040 -16.228994 17.194909 -15.118431 -2.464800 -1.573994 2.681907 16.335277 -0.640275 -12.560553 0.560409 -30.893448 3.098587 -2.646281 -1.527800 1.527818 2.641856 -11.060615 0.675773 -1.994593 -1.151573 1.151578 0.000002 -0.000003 -0.000002 -9.108292 -0.517877 2.259811 0.219691 -4.455317 23.080640 1.232028 -4.333651 37.801228 -0.150984 -0.741295 18.884478 0.000005 0.000002 0.000003 -9.532511 0.000009 0.000008 1.719100 -9.721699 28.496616 1.639121 -4.905203 45.096734 0.376708 -2.167330 20.946373 0.000000 0.000000 0.000001 -9.103605 -0.043097 -1.865093 5.075443 -13.620699 39.951474 2.379457 -4.442586 48.950320 -0.089068 -0.477991 22.856477 0.000003 -0.000000 0.000001 -8.076703 -0.486710 -3.806290 8.869178 -20.803086 49.120111 2.125899 -4.798304 56.001769 -0.726648 -0.219899 21.878525 -0.000001 -0.000001 0.000001 4.570398 11.014686 -2.160816 6.146416 -11.152517 -10.045315 -10.183165 -18.894974 -71.389369 -0.000010 -26.519495 -0.000015 19.552905 -2.025924 15.340619 2.466107 -1.576222 2.681695 18.429659 -0.505337 10.938587 1.239190 32.643226 -3.088768 2.647890 -1.528769 1.528748 2.115430 9.304029 -0.359844 1.998917 -1.154090 1.154072 0.000000 0.000003 0.000003 9.109300 -0.518036 2.259899 0.338830 4.666236 -7.793095 0.385175 2.818706 -20.514096 0.033955 0.812143 -10.123007 -0.000001 -0.000001 0.000000 9.533403 -0.000015 0.000001 0.916553 8.790243 -15.778719 0.909101 3.975427 -33.213311 0.169407 1.484348 -12.217591 0.000000 0.000005 0.000000 9.104511 -0.043029 -1.865098 2.566385 11.705773 -26.857132 1.692006 3.868737 -39.954793 0.542873 1.830898 -19.297284 -0.000001 0.000001 -0.000001 8.077806 -0.486901 -3.806297 5.596457 16.075586 -36.819747 1.358746 4.054574 -45.341565 0.484631 2.849112 -20.477857 0.000000 -0.000000 0.000002 -8.207800 -6.751699 -1.599542 8.557120 -6.615267 11.877236 9.030804 3.452166 1.947693 -6.743775 5.496259 -7.682699 -3.241802 -0.000004 -0.000000 0.000000 -0.000000 0.000000 8.207798 -6.751703 -1.599542 -9.512900 13.751292 20.900978 21.350075 10.243934 -0.690507 -3.016966 12.198344 -10.412360 -0.494534 0.000002 0.000002 0.000000 -0.000000 0.000000 
-1.117577 102.149071 3.829692 -6.743422 -10.528560 -8.158881 -0.000000 10.181549 0.131523 0.648309 -1.034069 0.937698 0.213200 -0.150400 2.341124 0.202711 0.066492 2.304440 -0.000001 16.740368 -2.049018 -5.025865 1.607435 -2.930005 0.000001 9.617865 1.684964 14.756320 -0.827661 7.319584 -0.000000 22.037384 7.501070 -0.000000 0.000001 -0.000000 -4.570000 11.014830 -2.160840 9.260863 -1.336244 11.015489 -2.610727 27.312468 53.938755 0.000014 28.807658 0.000020 -7.484181 19.722520 -16.978698 -2.464793 -1.573980 2.681895 16.585190 -0.519879 -12.366950 0.643306 -31.108875 3.096084 -2.646262 -1.527799 1.527811 2.569466 -10.756424 0.725189 -1.994594 -1.151584 1.151581 0.000002 -0.000001 0.000001 -9.108294 -0.517883 2.259793 0.286917 -4.695971 23.519463 1.266035 -4.376943 38.348049 -0.150625 -0.744081 18.911346 -0.000003 0.000001 0.000003 -9.532510 0.000008 -0.000002 1.775143 -9.776407 29.251791 1.722835 -4.989816 46.291938 0.377676 -2.169853 20.973257 0.000001 0.000001 -0.000000 -9.103600 -0.043102 -1.865110 5.045390 -13.460573 40.686347 2.506284 -4.529991 50.496429 -0.088579 -0.480691 22.883202 -0.000005 -0.000003 -0.000001 -8.076687 -0.486733 -3.806301 8.704631 -20.374958 49.970323 2.232381 -4.881791 57.350510 -0.729259 -0.292060 22.515473 -0.000000 -0.000003 0.000002 4.570400 11.014672 -2.160815 6.166712 -10.991808 -10.095080 -10.504874 -18.140197 -71.369214 -0.000008 -25.962874 -0.000020 21.737029 -5.727120 18.705998 2.466106 -1.576227 2.681697 18.490869 -0.461678 10.916240 1.283665 32.756665 -3.088999 2.647893 -1.528763 1.528754 2.117132 9.311117 -0.358631 1.998921 -1.154108 1.154077 0.000004 -0.000004 -0.000002 9.109294 -0.518007 2.259903 0.339559 4.671355 -7.844244 0.387015 2.823630 -20.566243 0.034608 0.816818 -10.169538 -0.000001 -0.000002 -0.000000 9.533400 0.000004 0.000005 0.912623 8.769501 -15.831672 0.918974 3.991114 -33.399355 0.170545 1.488866 -12.264166 0.000001 0.000003 -0.000001 9.104500 -0.042988 -1.865093 2.555912 11.673335 -26.909146 1.710480 3.886754 -40.213791 0.544837 1.835089 -19.343868 -0.000003 0.000002 -0.000002 8.077808 -0.486892 -3.806300 5.576237 16.029643 -36.940013 1.378517 4.077569 -45.643600 0.486560 2.853415 -20.524467 0.000001 0.000004 0.000000 -8.207800 -6.751703 -1.599546 9.133141 -6.418097 12.170298 7.856287 3.566939 2.017543 -6.393843 5.182855 -7.923312 -3.427883 0.000005 0.000002 0.000000 0.000000 0.000000 8.207794 -6.751697 -1.599545 -9.415330 13.735889 21.002941 20.909330 10.246977 -0.533916 -2.722399 12.097955 -10.691626 -0.358694 -0.000017 0.000002 -0.000000 -0.000000 0.000000 
-1.434217 102.166756 3.939227 -6.625575 -10.370197 -8.082912 0.000001 10.181544 0.131525 0.766704 -0.818413 0.861592 0.233981 -0.092547 2.085819 0.224738 0.102517 2.052482 -0.000000 16.740356 -2.049023 -4.586953 1.718884 -2.937373 0.000001 9.617856 1.684976 13.649051 -1.699000 7.528616 0.000000 22.037384 7.501073 -0.000000 -0.000000 -0.000000 -4.570001 11.014867 -2.160841 9.245372 -1.283348 11.173492 -1.565937 28.675333 53.147833 -0.000001 29.880049 0.000041 1.159567 21.369557 -18.852131 -2.464803 -1.573978 2.681917 16.829193 -0.400498 -12.178656 0.724498 -31.319347 3.093995 -2.646272 -1.527793 1.527813 2.498537 -10.459280 0.773784 -1.994598 -1.151588 1.151582 -0.000002 -0.000005 -0.000000 -9.108296 -0.517880 2.259807 0.355672 -4.928830 23.935807 1.298724 -4.417746 38.867472 -0.150343 -0.746431 18.934014 -0.000000 0.000005 -0.000000 -9.532501 0.000005 -0.000003 1.829506 -9.828066 29.976771 1.805274 -5.069760 47.445004 0.378487 -2.171956 20.995930 0.000003 -0.000000 0.000001 -9.103583 -0.043084 -1.865091 5.009772 -13.305600 41.390106 2.631144 -4.611279 51.992404 -0.088172 -0.482982 22.905736 0.000004 0.000004 0.000002 -8.076684 -0.486716 -3.806286 8.529035 -19.962498 50.783624 2.337119 -4.960066 58.653587 -0.731035 -0.362159 23.134254 -0.000001 -0.000001 0.000000 4.570402 11.014676 -2.160818 6.186365 -10.797289 -10.049258 -10.215149 -16.236263 -71.365648 -0.000005 -24.744698 -0.000004 23.700671 -8.577423 21.616114 2.466092 -1.576218 2.681697 18.497156 -0.457192 10.913915 1.288218 32.768331 -3.089021 2.647880 -1.528760 1.528753 2.117305 9.311839 -0.358520 1.998921 -1.154088 1.154078 -0.000005 0.000002 0.000001 9.109290 -0.518014 2.259896 0.340511 4.678278 -7.913171 0.389815 2.831042 -20.645012 0.034932 0.819086 -10.191984 0.000001 -0.000002 0.000001 9.533406 0.000002 -0.000006 0.915897 8.773001 -15.901232 0.923955 3.998910 -33.492154 0.171091 1.491051 -12.286590 -0.000000 -0.000001 -0.000001 9.104488 -0.042979 -1.865101 2.561855 11.673863 -26.979201 1.717709 3.893724 -40.314341 0.545774 1.837100 -19.366349 -0.000001 -0.000003 0.000002 8.077808 -0.486874 -3.806305 5.578128 16.030039 -37.017078 1.385402 4.085512 -45.748283 0.487470 2.855462 -20.546925 -0.000000 0.000001 -0.000003 -8.207800 -6.751708 -1.599544 9.743752 -6.231253 12.418165 6.619767 3.767635 2.018820 -6.047747 4.768153 -8.098367 -3.647838 -0.000003 0.000001 -0.000000 0.000001 0.000000 8.207799 -6.751699 -1.599542 -9.274208 13.693711 21.006643 20.462040 10.248951 -0.387847 -2.445146 12.023905 -10.923547 -0.259734 -0.000014 0.000001 -0.000000 0.000000 0.000000 
-1.689843 102.184158 4.044370 -6.539578 -10.192393 -7.980215 -0.000000 10.181567 0.131524 0.872843 -0.519950 0.759555 0.253859 -0.001878 1.829790 0.246102 0.171757 1.799483 -0.000000 16.740351 -2.049017 -4.116454 1.816693 -2.963671 0.000004 9.617808 1.684970 12.624978 -2.639765 7.733868 0.000001 22.037369 7.501071 -0.000001 -0.000001 0.000000 -4.570002 11.014860 -2.160837 9.227139 -1.219371 11.344676 -0.587070 29.774215 52.505051 -0.000016 29.920989 0.000023 8.204738 22.594057 -19.879974 -2.464800 -1.574008 2.681908 17.065040 -0.283333 -11.997373 0.803209 -31.522990 3.092292 -2.646286 -1.527792 1.527818 2.429761 -10.171881 0.821104 -1.994601 -1.151580 1.151575 0.000003 -0.000002 -0.000002 -9.108300 -0.517878 2.259807 0.424930 -5.152003 24.327858 1.329861 -4.455949 39.357001 -0.150089 -0.748391 18.952856 0.000001 0.000003 -0.000001 -9.532508 0.000004 0.000003 1.881775 -9.876425 30.666918 1.885574 -5.144648 48.547660 0.379168 -2.173719 21.014762 -0.000005 0.000000 -0.000001 -9.103581 -0.043102 -1.865098 4.969714 -13.157193 42.058454 2.752876 -4.686114 53.426805 -0.087830 -0.484846 22.924425 0.000002 -0.000000 -0.000000 -8.076694 -0.486725 -3.806291 8.345932 -19.569204 51.555173 2.439035 -5.032743 59.901442 -0.732040 -0.429636 23.729718 0.000001 -0.000004 0.000001 4.570400 11.014668 -2.160811 6.206370 -10.557008 -9.910515 -9.110714 -13.550969 -71.290994 -0.000007 -23.092965 -0.000001 24.999324 -10.355047 23.677033 2.466104 -1.576208 2.681685 18.490410 -0.461997 10.916398 1.283318 32.755863 -3.088998 2.647887 -1.528757 1.528748 2.117128 9.311059 -0.358650 1.998929 -1.154095 1.154076 -0.000001 0.000004 0.000001 9.109308 -0.518021 2.259895 0.342749 4.694188 -8.071879 0.396374 2.848408 -20.828802 0.035504 0.823149 -10.232457 0.000004 -0.000002 -0.000000 9.533412 -0.000001 -0.000005 0.925865 8.789794 -16.060874 0.933048 4.013184 -33.661809 0.172060 1.494974 -12.327097 0.000002 -0.000001 0.000001 9.104514 -0.043005 -1.865108 2.581140 11.687258 -27.140532 1.729374 3.904939 -40.476749 0.547444 1.840733 -19.406859 0.000000 0.000002 0.000002 8.077818 -0.486895 -3.806308 5.590714 16.048231 -37.170856 1.395728 4.097392 -45.905104 0.489171 2.859189 -20.587488 -0.000001 0.000001 0.000002 -8.207800 -6.751715 -1.599545 10.222894 -6.101554 12.597249 5.678062 3.949781 1.980785 -5.754969 4.369975 -8.226892 -3.812994 -0.000003 -0.000000 0.000000 -0.000002 -0.000000 8.207795 -6.751698 -1.599544 -9.110754 13.658408 20.949573 20.047857 10.249289 -0.258427 -2.205877 11.938388 -11.106696 -0.237061 -0.000012 0.000003 -0.000000 -0.000000 0.000000 
-1.882150 102.191719 4.148230 -6.481793 -10.001362 -7.872522 0.000000 10.181565 0.131525 0.983539 -0.186706 0.651949 0.277050 0.102873 1.584034 0.270843 0.255638 1.556539 0.000000 16.740351 -2.049021 -3.637849 1.919608 -3.011521 0.000003 9.617841 1.684970 11.582909 -3.586747 7.841264 0.000000 22.037369 7.501076 -0.000000 -0.000001 0.000000 -4.570000 11.014874 -2.160843 9.206193 -1.157466 11.543201 0.499923 30.811909 51.892803 -0.000024 29.076884 0.000034 12.277834 23.775921 -19.536585 -2.464800 -1.574003 2.681903 17.290539 -0.169751 -11.824694 0.878635 -31.717756 3.090982 -2.646274 -1.527794 1.527817 2.363780 -9.897001 0.866660 -1.994583 -1.151575 1.151579 -0.000004 -0.000005 -0.000000 -9.108301 -0.517869 2.259798 0.493627 -5.363732 24.693719 1.359243 -4.491387 39.814272 -0.149881 -0.749969 18.968192 -0.000002 -0.000002 0.000000 -9.532501 0.000004 -0.000004 1.931480 -9.921330 31.317561 1.962949 -5.214103 49.591599 0.379715 -2.175135 21.030086 0.000003 0.000001 0.000001 -9.103592 -0.043100 -1.865104 4.926460 -13.016677 42.687190 2.870057 -4.754310 54.788216 -0.087545 -0.486403 22.939650 0.000004 -0.000003 0.000000 -8.076689 -0.486733 -3.806303 8.159024 -19.198309 52.280276 2.537076 -5.099554 61.084342 -0.732329 -0.493912 24.296723 -0.000000 0.000003 -0.000000 4.570403 11.014684 -2.160816 6.228527 -10.258494 -9.701573 -7.053822 -10.501686 -71.073610 0.000010 -21.297168 0.000023 25.196706 -10.980034 24.448980 2.466106 -1.576211 2.681703 18.489114 -0.462961 10.916885 1.282355 32.753411 -3.088978 2.647886 -1.528746 1.528744 2.117091 9.310881 -0.358671 1.998925 -1.154076 1.154076 -0.000000 0.000005 -0.000000 9.109300 -0.518011 2.259898 0.346723 4.721592 -8.345309 0.407789 2.878115 -21.144237 0.036608 0.830677 -10.307579 -0.000001 -0.000004 -0.000002 9.533405 0.000031 -0.000002 0.941990 8.814386 -16.336158 0.949982 4.039477 -33.975413 0.173886 1.502273 -12.402292 0.000001 -0.000000 -0.000001 9.104517 -0.043005 -1.865104 2.611718 11.704162 -27.418468 1.751950 3.926523 -40.789985 0.550613 1.847509 -19.482088 -0.000003 0.000002 -0.000001 8.077813 -0.486890 -3.806306 5.608545 16.071106 -37.447311 1.416318 4.120887 -46.216058 0.492268 2.866080 -20.662774 -0.000001 0.000001 0.000003 -8.207798 -6.751718 -1.599546 10.332767 -6.088079 12.687374 5.498880 4.047118 1.934084 -5.644686 4.066640 -8.335653 -3.934718 -0.000003 -0.000003 0.000000 0.000000 0.000000 8.207804 -6.751701 -1.599543 -8.979039 13.644368 20.877184 19.742942 10.246597 -0.152565 -2.043599 11.813507 -11.243915 -0.282722 -0.000024 -0.000005 -0.000000 0.000002 0.000000 
-2.007341 102.195816 4.256556 -6.435577 -9.783729 -7.794757 -0.000000 10.181543 0.131525 1.109375 0.131539 0.590220 0.305491 0.203575 1.359312 0.300749 0.336219 1.334522 -0.000002 16.740389 -2.049016 -3.162350 2.041763 -3.087117 -0.000002 9.617833 1.684983 10.426498 -4.505921 7.804450 0.000000 22.037369 7.501076 -0.000000 0.000001 -0.000000 -4.570002 11.014881 -2.160839 9.183251 -1.107507 11.789829 1.927314 31.997452 51.189467 -0.000008 27.601372 0.000032 13.053297 24.782930 -17.879577 -2.464802 -1.573983 2.681915 17.503396 -0.061081 -11.662253 0.950061 -31.901812 3.089981 -2.646295 -1.527796 1.527817 2.301311 -9.637330 0.909975 -1.994590 -1.151555 1.151575 -0.000003 -0.000003 -0.000000 -9.108277 -0.517890 2.259815 0.560610 -5.562226 25.031562 1.386651 -4.523887 40.236733 -0.149736 -0.751246 18.980420 0.000002 0.000001 -0.000002 -9.532496 -0.000000 0.000009 1.978200 -9.962551 31.924072 2.036459 -5.277794 50.568504 0.380154 -2.176276 21.042281 0.000001 0.000004 0.000004 -9.103591 -0.043124 -1.865094 4.881341 -12.885263 43.272086 2.981416 -4.815697 56.065034 -0.087334 -0.487624 22.951739 0.000001 -0.000000 0.000002 -8.076696 -0.486741 -3.806294 7.972315 -18.852825 52.954211 2.630162 -5.160313 62.192581 -0.732018 -0.554375 24.830130 -0.000002 0.000002 -0.000000 4.570400 11.014700 -2.160815 6.253492 -9.903509 -9.454409 -4.068496 -7.428468 -70.722319 -0.000001 -19.634034 0.000015 24.223664 -10.658857 23.951617 2.466109 -1.576229 2.681687 18.491246 -0.461437 10.916124 1.283905 32.757365 -3.088993 2.647881 -1.528760 1.528745 2.117153 9.311147 -0.358645 1.998917 -1.154093 1.154076 0.000001 0.000003 -0.000000 9.109300 -0.518019 2.259897 0.352375 4.759230 -8.721174 0.423726 2.918790 -21.577415 0.038123 0.841263 -10.412990 -0.000006 -0.000001 -0.000000 9.533419 0.000018 -0.000006 0.963835 8.846417 -16.714670 0.973924 4.076146 -34.414707 0.176464 1.512479 -12.507722 0.000002 0.000001 -0.000000 9.104501 -0.043000 -1.865107 2.652739 11.724777 -27.800548 1.784115 3.956829 -41.233531 0.555045 1.856986 -19.587587 0.000003 0.000006 -0.000000 8.077818 -0.486888 -3.806306 5.631665 16.099231 -37.831731 1.445907 4.154157 -46.659235 0.496673 2.875747 -20.768387 0.000000 -0.000000 0.000003 -8.207801 -6.751705 -1.599544 10.439072 -6.103171 12.758723 5.355713 4.111000 1.900602 -5.571815 3.805405 -8.404421 -4.038021 0.000002 0.000001 -0.000000 -0.000001 -0.000000 8.207801 -6.751697 -1.599543 -8.905263 13.638509 20.820040 19.546717 10.243421 -0.053452 -1.957242 11.641164 -11.343937 -0.350563 0.000002 -0.000001 0.000000 -0.000002 0.000000 
-2.063531 102.193512 4.368885 -6.393165 -9.517069 -7.748154 0.000001 10.181560 0.131524 1.255037 0.406108 0.594711 0.340268 0.288699 1.161186 0.336847 0.402099 1.139050 -0.000001 16.740351 -2.049015 -2.687077 2.186782 -3.193239 -0.000002 9.617870 1.684974 9.119126 -5.394183 7.646871 0.000001 22.037384 7.501072 -0.000000 -0.000000 -0.000000 -4.569999 11.014875 -2.160836 9.158160 -1.074531 12.090967 3.964489 33.497481 50.284959 -0.000011 25.795507 0.000028 11.414335 25.189471 -15.486008 -2.464802 -1.574026 2.681910 17.701448 0.041282 -11.511646 1.016668 -32.073141 3.089323 -2.646262 -1.527829 1.527821 2.242994 -9.395645 0.950507 -1.994586 -1.151587 1.151580 -0.000001 -0.000004 -0.000002 -9.108293 -0.517876 2.259805 0.624726 -5.745623 25.339440 1.411836 -4.553390 40.622072 -0.149592 -0.752230 18.989849 -0.000003 0.000002 0.000005 -9.532497 0.000003 0.000003 2.021445 -9.999914 32.481771 2.105270 -5.335452 51.470103 0.380487 -2.177147 21.051710 0.000000 -0.000002 0.000003 -9.103601 -0.043111 -1.865098 4.835686 -12.764144 43.808888 3.085573 -4.870264 57.245847 -0.087153 -0.488563 22.961067 0.000000 0.000002 -0.000000 -8.076700 -0.486732 -3.806291 7.789885 -18.535554 53.572292 2.717205 -5.214830 63.216413 -0.731228 -0.610438 25.324820 0.000000 -0.000001 -0.000000 4.570399 11.014664 -2.160814 6.279711 -9.515090 -9.198283 -0.328383 -4.533826 -70.319250 0.000003 -18.295420 0.000003 22.331966 -9.727958 22.577269 2.466106 -1.576191 2.681690 18.492134 -0.460785 10.915780 1.284573 32.759039 -3.088995 2.647894 -1.528749 1.528758 2.117175 9.311249 -0.358604 1.998916 -1.154082 1.154072 0.000003 -0.000001 0.000007 9.109303 -0.518009 2.259894 0.359673 4.805445 -9.183202 0.443734 2.968653 -22.110144 0.040040 0.854172 -10.541636 -0.000005 0.000001 -0.000002 9.533411 -0.000000 -0.000007 0.991155 8.886155 -17.179995 1.003584 4.120676 -34.951198 0.179628 1.524945 -12.636454 -0.000000 -0.000002 -0.000001 9.104514 -0.042995 -1.865108 2.703711 11.750531 -28.270307 1.823578 3.993397 -41.773157 0.560508 1.868520 -19.716355 -0.000005 -0.000001 0.000001 8.077818 -0.486885 -3.806313 5.661038 16.134992 -38.302485 1.482124 4.194201 -47.197270 0.502041 2.887547 -20.897257 0.000002 -0.000001 -0.000004 -8.207801 -6.751701 -1.599544 10.525991 -6.145246 12.815201 5.263224 4.193291 1.890350 -5.552918 3.510717 -8.447340 -4.123189 -0.000009 -0.000001 -0.000000 -0.000000 0.000000 8.207802 -6.751697 -1.599543 -8.913892 13.625247 20.770412 19.480809 10.239534 0.064790 -1.952781 11.412805 -11.419255 -0.397031 0.000005 -0.000001 0.000000 0.000000 0.000000 
-2.050620 102.185669 4.481396 -6.360113 -9.177416 -7.720241 -0.000000 10.181540 0.131522 1.423618 0.630471 0.657077 0.382789 0.354980 0.987676 0.380557 0.450095 0.968133 -0.000000 16.740358 -2.049023 -2.203066 2.346681 -3.318731 0.000004 9.617837 1.684971 7.692017 -6.264103 7.443570 -0.000000 22.037369 7.501076 -0.000000 -0.000000 -0.000000 -4.570000 11.014901 -2.160842 9.129414 -1.059517 12.429930 6.779808 35.279409 49.166058 -0.000019 23.937983 0.000035 8.701277 24.812590 -13.049169 -2.464787 -1.573990 2.681909 17.882461 0.135850 -11.374451 1.077701 -32.229815 3.088934 -2.646259 -1.527814 1.527818 2.189553 -9.174617 0.987778 -1.994590 -1.151580 1.151578 0.000004 -0.000003 -0.000000 -9.108289 -0.517888 2.259803 0.684803 -5.912257 25.615489 1.434623 -4.579703 40.967741 -0.149511 -0.752934 18.996880 0.000001 0.000003 -0.000000 -9.532498 -0.000010 -0.000001 2.060820 -10.033278 32.986002 2.168443 -5.386806 52.288038 0.380754 -2.177817 21.058718 -0.000001 0.000003 -0.000001 -9.103589 -0.043100 -1.865103 4.790977 -12.654415 44.293398 3.181217 -4.917970 58.319188 -0.087038 -0.489272 22.967983 0.000001 -0.000002 0.000002 -8.076679 -0.486721 -3.806294 7.616035 -18.249116 54.129806 2.797070 -5.262986 64.146179 -0.730085 -0.661530 25.775640 0.000001 -0.000000 0.000000 4.570400 11.014688 -2.160818 6.304169 -9.131603 -8.951807 3.961029 -1.883519 -69.956491 0.000024 -17.343542 0.000019 19.703395 -8.291899 20.544333 2.466093 -1.576216 2.681701 18.491610 -0.461154 10.915972 1.284202 32.758072 -3.088984 2.647892 -1.528744 1.528749 2.117165 9.311202 -0.358618 1.998917 -1.154092 1.154080 -0.000002 -0.000003 -0.000000 9.109289 -0.518016 2.259903 0.368676 4.859394 -9.723531 0.467735 3.026756 -22.733248 0.042282 0.869169 -10.691216 0.000002 -0.000000 -0.000001 9.533397 -0.000001 -0.000001 1.023676 8.932871 -17.724162 1.038571 4.172125 -35.575337 0.183342 1.539437 -12.786120 -0.000004 -0.000001 -0.000002 9.104480 -0.042996 -1.865104 2.763892 11.780727 -28.819652 1.869768 4.035330 -42.399123 0.566866 1.881945 -19.866088 -0.000001 -0.000001 -0.000000 8.077792 -0.486892 -3.806301 5.696423 16.177773 -38.851322 1.524552 4.240153 -47.820176 0.508327 2.901246 -21.047141 -0.000001 0.000005 0.000001 -8.207800 -6.751714 -1.599545 10.597899 -6.218222 12.845811 5.221564 4.250457 1.907026 -5.592463 3.205332 -8.463114 -4.178819 -0.000002 -0.000003 -0.000000 -0.000001 -0.000000 8.207802 -6.751708 -1.599544 -9.000014 13.608748 20.715165 19.535202 10.234443 0.204084 -2.024062 11.103812 -11.465036 -0.418544 -0.000027 0.000000 -0.000000 0.000000 0.000000 
-1.966063 102.176483 4.588448 -6.339634 -8.751135 -7.689690 0.000000 10.181548 0.131526 1.612620 0.815977 0.744179 0.432909 0.406287 0.831363 0.431784 0.484133 0.814305 0.000000 16.740379 -2.049017 -1.704639 2.507262 -3.441407 0.000002 9.617844 1.684974 6.218372 -7.126406 7.276365 0.000000 22.037354 7.501075 -0.000000 0.000000 0.000000 -4.570000 11.014859 -2.160836 9.094519 -1.061780 12.774769 10.203165 36.986974 48.043575 -0.000007 22.221677 0.000026 5.767171 23.812602 -10.905904 -2.464800 -1.574000 2.681907 18.044246 0.221265 -11.252195 1.132362 -32.369940 3.088739 -2.646258 -1.527791 1.527812 2.141675 -8.977017 1.021269 -1.994590 -1.151591 1.151582 -0.000000 -0.000004 -0.000004 -9.108305 -0.517889 2.259799 0.739630 -6.060353 25.857804 1.454772 -4.602679 41.271353 -0.149452 -0.753454 19.001830 -0.000001 0.000003 -0.000001 -9.532494 0.000005 0.000000 2.095844 -10.062436 33.432130 2.225175 -5.431628 53.013954 0.380918 -2.178271 21.063661 -0.000001 -0.000001 -0.000003 -9.103586 -0.043113 -1.865104 4.748628 -12.557160 44.721371 3.266978 -4.958901 59.273522 -0.086949 -0.489774 22.972849 -0.000000 0.000002 0.000001 -8.076695 -0.486705 -3.806305 7.455035 -17.996027 54.622092 2.868672 -5.304668 64.972161 -0.728735 -0.707034 26.177438 0.000001 0.000005 0.000001 4.570400 11.014679 -2.160809 6.323787 -8.792497 -8.724614 8.585677 0.548296 -69.725235 0.000005 -16.707732 -0.000005 16.580674 -6.387327 18.084459 2.466085 -1.576204 2.681701 18.491199 -0.461478 10.916110 1.283890 32.757259 -3.088990 2.647881 -1.528757 1.528751 2.117150 9.311158 -0.358633 1.998922 -1.154084 1.154068 0.000000 0.000003 -0.000002 9.109285 -0.518018 2.259898 0.379535 4.920546 -10.337054 0.495758 3.092374 -23.440816 0.044866 0.886219 -10.861103 0.000003 0.000000 -0.000000 9.533410 0.000012 -0.000003 1.061059 8.985281 -18.342111 1.079009 4.230101 -36.284332 0.187607 1.555880 -12.956129 0.000000 -0.000002 -0.000001 9.104483 -0.042997 -1.865102 2.832325 11.813873 -29.443494 1.922817 4.082341 -43.110358 0.574140 1.897168 -20.036179 -0.000000 -0.000001 -0.000001 8.077812 -0.486887 -3.806301 5.737056 16.225816 -39.474788 1.573384 4.291822 -48.528112 0.515513 2.916789 -21.217370 -0.000001 0.000002 -0.000000 -8.207800 -6.751708 -1.599544 10.659424 -6.339485 12.825265 5.227134 4.175321 1.951632 -5.686818 2.996535 -8.435497 -4.201835 0.000004 -0.000001 0.000000 -0.000001 -0.000000 8.207800 -6.751698 -1.599544 -9.142258 13.597506 20.640999 19.677223 10.228540 0.333718 -2.157851 10.696495 -11.456384 -0.433930 -0.000015 -0.000000 -0.000000 -0.000002 0.000000 
-1.801833 102.171021 4.682256 -6.320762 -8.246530 -7.632280 0.000002 10.181539 0.131524 1.809678 0.977748 0.818763 0.487258 0.448432 0.685217 0.487201 0.510159 0.670474 0.000001 16.740355 -2.049020 -1.195169 2.659135 -3.544385 -0.000000 9.617839 1.684975 4.773701 -7.971377 7.187221 0.000000 22.037384 7.501076 -0.000001 0.000000 0.000000 -4.569997 11.014888 -2.160838 9.051189 -1.081930 13.092893 13.627865 38.034410 47.379462 -0.000001 20.720292 0.000016 2.839863 22.361732 -9.083863 -2.464794 -1.574016 2.681917 18.184549 0.295992 -11.146403 1.179881 -32.491558 3.088696 -2.646278 -1.527825 1.527824 2.100034 -8.805552 1.050460 -1.994606 -1.151587 1.151585 -0.000001 -0.000000 -0.000000 -9.108309 -0.517869 2.259805 0.788034 -6.188170 26.064475 1.472040 -4.622192 41.530450 -0.149397 -0.753805 19.005059 0.000001 0.000002 0.000005 -9.532513 0.000002 -0.000000 2.126099 -10.087229 33.815505 2.274463 -5.469675 53.639634 0.381045 -2.178562 21.066877 0.000001 0.000003 -0.000002 -9.103581 -0.043119 -1.865097 4.710079 -12.473460 45.088654 3.341589 -4.993083 60.097414 -0.086883 -0.490082 22.975993 0.000001 -0.000001 0.000000 -8.076684 -0.486725 -3.806295 7.311160 -17.778743 55.044406 2.930913 -5.339789 65.684666 -0.727313 -0.746403 26.525096 0.000001 0.000001 -0.000001 4.570401 11.014685 -2.160814 6.336909 -8.524844 -8.524775 13.212681 2.818302 -69.689718 0.000009 -16.223712 0.000038 13.215692 -4.016100 15.392711 2.466095 -1.576213 2.681695 18.491250 -0.461431 10.916087 1.283939 32.757379 -3.089003 2.647877 -1.528757 1.528757 2.117143 9.311156 -0.358612 1.998913 -1.154095 1.154067 -0.000001 0.000003 0.000005 9.109285 -0.518014 2.259901 0.392317 4.988138 -11.016558 0.527715 3.164644 -24.224345 0.047828 0.905093 -11.049585 -0.000001 -0.000001 -0.000001 9.533392 0.000016 0.000000 1.102974 9.042417 -19.026600 1.124701 4.293804 -37.070753 0.192390 1.574095 -13.144687 -0.000001 -0.000002 -0.000000 9.104505 -0.042999 -1.865101 2.908157 11.848940 -30.134457 1.982338 4.133768 -43.899846 0.582261 1.914037 -20.224854 -0.000001 -0.000001 0.000000 8.077803 -0.486889 -3.806299 5.782485 16.278084 -40.166037 1.628322 4.348473 -49.314304 0.523531 2.933994 -21.406192 -0.000002 -0.000001 0.000001 -8.207795 -6.751719 -1.599544 10.692128 -6.516815 12.727846 5.281012 3.934244 2.013219 -5.833656 2.925791 -8.345871 -4.191410 -0.000000 -0.000001 0.000000 -0.000001 0.000000 8.207797 -6.751721 -1.599542 -9.320544 13.582781 20.523159 19.872169 10.222317 0.418296 -2.338901 10.213793 -11.366237 -0.449700 0.000005 -0.000003 0.000000 -0.000002 0.000000 
-1.547759 102.172234 4.753613 -6.288209 -7.693659 -7.528598 -0.000001 10.181554 0.131525 1.999644 1.116457 0.861258 0.541532 0.481842 0.547845 0.542466 0.528798 0.535260 0.000000 16.740356 -2.049020 -0.688481 2.805333 -3.628882 0.000000 9.617835 1.684976 3.394139 -8.761959 7.157925 -0.000000 22.037369 7.501074 -0.000001 -0.000001 0.000000 -4.570002 11.014839 -2.160841 8.998717 -1.123224 13.361885 16.307826 37.870141 47.642274 -0.000020 19.395774 0.000003 -0.031343 20.503318 -7.602491 -2.464796 -1.573998 2.681907 18.301207 0.358586 -11.058673 1.219411 -32.592717 3.088747 -2.646275 -1.527816 1.527819 2.065382 -8.662939 1.074819 -1.994605 -1.151571 1.151582 -0.000003 -0.000001 -0.000000 -9.108294 -0.517868 2.259805 0.828841 -6.293943 26.233563 1.486250 -4.638148 41.742575 -0.149382 -0.753984 19.006950 0.000000 -0.000001 0.000003 -9.532496 -0.000011 0.000002 2.151116 -10.107486 34.131439 2.315540 -5.500713 54.156713 0.381113 -2.178749 21.068755 -0.000000 -0.000001 0.000001 -9.103593 -0.043099 -1.865097 4.676753 -12.404298 45.390972 3.403663 -5.020557 60.779333 -0.086847 -0.490274 22.977834 -0.000001 -0.000002 0.000001 -8.076689 -0.486728 -3.806295 7.188573 -17.599651 55.391997 2.982691 -5.368249 66.273947 -0.725940 -0.779067 26.813465 -0.000002 -0.000001 0.000001 4.570401 11.014654 -2.160814 6.344127 -8.337258 -8.364175 17.412372 4.993462 -69.853820 -0.000001 -15.701536 0.000005 9.805677 -1.195069 12.620696 2.466099 -1.576202 2.681697 18.491409 -0.461306 10.916047 1.284064 32.757666 -3.089004 2.647887 -1.528762 1.528754 2.117141 9.311181 -0.358648 1.998917 -1.154090 1.154077 0.000004 0.000000 0.000003 9.109299 -0.518015 2.259902 0.407080 5.061243 -11.753427 0.563501 3.242488 -25.074050 0.051088 0.925571 -11.253929 0.000002 -0.000002 0.000000 9.533404 -0.000014 0.000004 1.149107 9.103520 -19.768990 1.175236 4.362165 -37.923724 0.197632 1.593837 -13.349209 -0.000001 -0.000000 -0.000005 9.104523 -0.043014 -1.865103 2.990469 11.885385 -30.883827 2.047763 4.188614 -44.756290 0.591119 1.932275 -20.429458 -0.000001 -0.000002 -0.000002 8.077808 -0.486885 -3.806301 5.832430 16.334119 -40.915900 1.688848 4.409075 -50.167272 0.532300 2.952638 -21.611002 0.000003 0.000000 0.000001 -8.207801 -6.751711 -1.599546 10.662797 -6.728665 12.541845 5.388311 3.610924 2.061140 -6.042410 2.908395 -8.182337 -4.124198 0.000007 0.000001 -0.000000 -0.000000 0.000000 8.207797 -6.751698 -1.599545 -9.518871 13.541807 20.325550 20.098057 10.215854 0.443162 -2.554354 9.717375 -11.181984 -0.467165 -0.000002 -0.000001 -0.000000 -0.000000 0.000000 
-1.197706 102.180038 4.795284 -6.238834 -7.125281 -7.371850 0.000001 10.181575 0.131524 2.176768 1.211985 0.875695 0.594281 0.498813 0.423988 0.596013 0.532538 0.413456 0.000000 16.740356 -2.049021 -0.204737 2.957033 -3.709944 0.000005 9.617812 1.684978 2.056236 -9.452803 7.128666 0.000001 22.037354 7.501078 -0.000002 -0.000001 0.000000 -4.570000 11.014871 -2.160842 8.938611 -1.188845 13.574938 17.892155 36.185803 48.917388 -0.000003 18.133307 0.000037 -2.710739 18.249852 -6.544294 -2.464801 -1.574007 2.681902 18.391988 0.407579 -10.990512 1.250271 -32.671455 3.088875 -2.646268 -1.527804 1.527819 2.038315 -8.551930 1.093847 -1.994594 -1.151556 1.151576 -0.000000 -0.000006 -0.000002 -9.108285 -0.517867 2.259805 0.860915 -6.375977 26.363174 1.497194 -4.650339 41.905314 -0.149367 -0.754083 19.007838 0.000002 -0.000004 0.000003 -9.532501 0.000006 0.000003 2.170507 -10.123013 34.375314 2.347500 -5.524468 54.556870 0.381147 -2.178837 21.069645 0.000000 -0.000002 0.000000 -9.103586 -0.043105 -1.865099 4.649995 -12.350770 45.624062 3.452011 -5.041337 61.307887 -0.086842 -0.490353 22.978660 0.000000 0.000001 0.000001 -8.076683 -0.486728 -3.806300 7.091327 -17.461257 55.660048 3.023008 -5.389927 66.730368 -0.724762 -0.804427 27.037379 0.000001 0.000001 0.000006 4.570400 11.014704 -2.160817 6.347717 -8.221564 -8.256903 20.838835 7.134715 -70.227465 -0.000004 -14.994178 0.000015 6.439267 1.987380 9.888100 2.466097 -1.576215 2.681701 18.491412 -0.461308 10.916038 1.284082 32.757693 -3.089009 2.647900 -1.528744 1.528755 2.117136 9.311188 -0.358628 1.998928 -1.154095 1.154070 -0.000004 -0.000004 -0.000002 9.109282 -0.518020 2.259896 0.423853 5.139004 -12.539406 0.602934 3.324934 -25.980342 0.054659 0.947386 -11.471847 -0.000001 -0.000002 0.000003 9.533401 -0.000004 0.000001 1.199049 9.167780 -20.560920 1.230244 4.434234 -38.833317 0.203324 1.614862 -13.567241 -0.000002 0.000003 0.000001 9.104506 -0.042998 -1.865104 3.078466 11.922552 -31.683164 2.118370 4.245996 -45.669329 0.600655 1.951709 -20.647612 0.000001 -0.000002 -0.000001 8.077800 -0.486890 -3.806300 5.886622 16.393282 -41.715759 1.754308 4.472666 -51.076530 0.541718 2.972489 -21.829343 -0.000003 -0.000002 -0.000000 -8.207798 -6.751692 -1.599545 10.547817 -6.940280 12.275292 5.561428 3.323178 2.052489 -6.332195 2.818178 -7.941590 -3.950180 0.000003 -0.000001 0.000000 -0.000001 0.000000 8.207804 -6.751690 -1.599545 -9.723099 13.462398 20.019576 20.345651 10.208856 0.419550 -2.795722 9.261755 -10.908633 -0.486059 0.000002 -0.000005 0.000000 0.000000 0.000000 
-0.751647 102.187675 4.804076 -6.180172 -6.559947 -7.163641 -0.000001 10.181543 0.131523 2.346897 1.240093 0.871014 0.647129 0.489700 0.319953 0.649374 0.511883 0.311448 -0.000002 16.740396 -2.049025 0.237830 3.120950 -3.800164 0.000002 9.617847 1.684979 0.704815 -10.020594 7.040801 -0.000001 22.037384 7.501069 0.000000 0.000001 0.000000 -4.570000 11.014880 -2.160842 8.874227 -1.276497 13.741419 18.625299 32.972557 50.823226 0.000002 16.784741 -0.000004 -5.011690 15.647130 -5.964969 -2.464794 -1.573987 2.681904 18.454720 0.441568 -10.943491 1.271587 -32.725861 3.088962 -2.646264 -1.527801 1.527823 2.019635 -8.475223 1.106996 -1.994589 -1.151587 1.151574 -0.000001 0.000002 -0.000001 -9.108303 -0.517871 2.259800 0.883257 -6.432433 26.451451 1.504668 -4.658612 42.016175 -0.149350 -0.754117 19.008092 -0.000001 0.000003 -0.000001 -9.532497 0.000005 -0.000003 2.183835 -10.133608 34.542483 2.369563 -5.540667 54.831847 0.381154 -2.178853 21.069860 -0.000000 0.000001 0.000000 -9.103596 -0.043105 -1.865106 4.631068 -12.313937 45.783683 3.485390 -5.055387 61.671540 -0.086826 -0.490374 22.978867 -0.000001 0.000000 0.000001 -8.076719 -0.486738 -3.806304 7.023191 -17.366133 55.843678 3.050839 -5.404649 67.044187 -0.723896 -0.821889 27.191745 0.000001 -0.000001 0.000002 4.570401 11.014687 -2.160820 6.350379 -8.159276 -8.211038 23.345448 9.246643 -70.857824 0.000005 -14.036694 -0.000011 3.093104 5.339097 7.287230 2.466096 -1.576211 2.681697 18.491373 -0.461342 10.916037 1.284034 32.757615 -3.088981 2.647882 -1.528767 1.528753 2.117144 9.311157 -0.358649 1.998917 -1.154095 1.154067 -0.000001 -0.000002 -0.000000 9.109294 -0.518014 2.259902 0.442702 5.220576 -13.366796 0.645846 3.411015 -26.934467 0.058491 0.970337 -11.701127 -0.000001 0.000001 0.000002 9.533401 0.000022 -0.000004 1.252479 9.234391 -21.394685 1.289367 4.509106 -39.790705 0.209402 1.636976 -13.796693 0.000004 -0.000000 -0.000002 9.104511 -0.042994 -1.865103 3.171252 11.959740 -32.524654 2.193660 4.305141 -46.630275 0.610751 1.972107 -20.877195 0.000003 0.000000 0.000001 8.077801 -0.486892 -3.806305 5.944666 16.454791 -42.557888 1.824280 4.538446 -52.033433 0.551705 2.993299 -22.059109 0.000000 0.000002 0.000000 -8.207799 -6.751707 -1.599546 10.187870 -7.166429 11.923894 6.110704 3.144984 1.953554 -6.776478 2.574370 -7.633641 -3.651898 -0.000002 -0.000002 0.000000 0.000000 -0.000000 8.207794 -6.751699 -1.599545 -9.936270 13.342991 19.591402 20.638781 10.199621 0.377084 -3.070396 8.872762 -10.565632 -0.480893 0.000017 0.000003 0.000000 -0.000002 0.000000 
-0.212991 102.177032 4.779840 -6.118753 -6.010977 -6.893849 0.000001 10.181554 0.131524 2.518362 1.199181 0.832863 0.701751 0.453335 0.238930 0.704189 0.465781 0.232411 0.000002 16.740334 -2.049017 0.629454 3.291141 -3.898607 0.000000 9.617859 1.684979 -0.686962 -10.473427 6.870749 -0.000000 22.037369 7.501072 -0.000000 -0.000001 0.000000 -4.570004 11.014850 -2.160835 8.809428 -1.374796 13.882487 19.018723 28.469834 52.847906 -0.000001 15.210792 0.000004 -6.803405 12.760022 -5.835870 -2.464796 -1.573997 2.681914 18.487130 0.459203 -10.919201 1.282648 -32.754008 3.089028 -2.646275 -1.527817 1.527815 2.009955 -8.435571 1.113826 -1.994601 -1.151569 1.151573 0.000003 -0.000002 0.000001 -9.108298 -0.517869 2.259803 0.894830 -6.461555 26.496474 1.508497 -4.662833 42.072801 -0.149370 -0.754103 19.008015 0.000000 -0.000000 -0.000000 -9.532493 0.000005 -0.000000 2.190662 -10.139024 34.628267 2.380961 -5.548967 54.973297 0.381152 -2.178852 21.069798 -0.000000 -0.000001 -0.000000 -9.103604 -0.043108 -1.865104 4.621104 -12.294944 45.865581 3.502621 -5.062527 61.858872 -0.086830 -0.490378 22.978792 -0.000001 -0.000001 -0.000001 -8.076694 -0.486735 -3.806298 6.987621 -17.317110 55.937894 3.065197 -5.412171 67.205735 -0.723423 -0.830917 27.271385 -0.000004 -0.000003 0.000003 4.570402 11.014655 -2.160813 6.354138 -8.129012 -8.223521 24.967285 11.240546 -71.758165 -0.000010 -12.845510 -0.000002 -0.301915 8.585077 4.877274 2.466089 -1.576211 2.681688 18.491359 -0.461347 10.916057 1.284011 32.757577 -3.089003 2.647882 -1.528748 1.528760 2.117152 9.311167 -0.358623 1.998917 -1.154094 1.154060 0.000001 -0.000002 -0.000000 9.109296 -0.518020 2.259901 0.463537 5.305169 -14.227899 0.692025 3.499823 -27.927407 0.062578 0.994185 -11.939750 0.000000 0.000001 0.000002 9.533392 -0.000004 -0.000001 1.308920 9.302510 -22.262483 1.352221 4.585978 -40.787141 0.215809 1.659940 -14.035497 -0.000000 -0.000000 -0.000002 9.104501 -0.042991 -1.865103 3.267832 11.996282 -33.400469 2.273082 4.365358 -47.630430 0.621340 1.993270 -21.116093 -0.000002 -0.000000 0.000001 8.077803 -0.486887 -3.806301 6.006020 16.517926 -43.434556 1.898275 4.605672 -53.029452 0.562209 3.014936 -22.298235 -0.000003 -0.000002 0.000000 -8.207798 -6.751712 -1.599545 8.985320 -7.544544 11.391783 8.185210 3.073005 1.763728 -7.518237 2.185701 -7.285952 -3.328510 -0.000000 0.000002 0.000000 -0.000000 -0.000000 8.207801 -6.751705 -1.599543 -10.185638 13.183270 19.030580 21.049168 10.185707 0.336605 -3.410732 8.562882 -10.173067 -0.424968 -0.000024 0.000004 0.000000 0.000002 0.000000 
0.416614 102.175163 4.735335 -6.061097 -5.492605 -6.609524 0.000000 10.181554 0.131525 2.691389 1.110168 0.801712 0.757545 0.401200 0.180834 0.759942 0.405921 0.176110 -0.000002 16.740341 -2.049022 0.968515 3.452734 -3.995067 0.000000 9.617845 1.684973 -2.083082 -10.832185 6.633319 0.000002 22.037354 7.501074 -0.000000 0.000001 -0.000000 -4.570004 11.014839 -2.160843 8.747237 -1.466558 14.018337 19.452428 23.073506 54.672557 0.000006 13.321574 0.000010 -8.055923 9.654349 -6.057549 -2.464794 -1.574000 2.681905 18.491282 0.461449 -10.916102 1.284039 -32.757628 3.089020 -2.646253 -1.527808 1.527814 2.008714 -8.430473 1.114696 -1.994587 -1.151574 1.151582 -0.000000 -0.000004 -0.000002 -9.108314 -0.517893 2.259803 0.896323 -6.465281 26.502182 1.508971 -4.663370 42.080013 -0.149366 -0.754107 19.008007 0.000000 -0.000002 0.000001 -9.532486 0.000013 0.000000 2.191542 -10.139707 34.639205 2.382406 -5.550033 54.991380 0.381147 -2.178841 21.069768 -0.000000 0.000001 -0.000000 -9.103592 -0.043099 -1.865102 4.619816 -12.292507 45.876000 3.504832 -5.063442 61.882825 -0.086841 -0.490355 22.978768 0.000000 -0.000001 -0.000002 -8.076705 -0.486733 -3.806296 6.983058 -17.310821 55.949915 3.067033 -5.413128 67.226369 -0.723370 -0.832048 27.281565 -0.000002 -0.000003 -0.000000 4.570399 11.014649 -2.160818 6.359866 -8.113500 -8.283420 25.841684 12.946473 -72.855784 0.000011 -11.494190 -0.000004 -3.759100 11.434460 2.683211 2.466095 -1.576195 2.681698 18.491390 -0.461337 10.916050 1.284014 32.757601 -3.088995 2.647882 -1.528752 1.528753 2.117144 9.311164 -0.358617 1.998928 -1.154093 1.154082 0.000000 -0.000001 0.000001 9.109298 -0.518019 2.259901 0.486373 5.391948 -15.114848 0.741174 3.590431 -28.950150 0.066890 1.018732 -12.185526 -0.000001 0.000003 0.000003 9.533395 0.000016 0.000003 1.367958 9.371399 -23.156455 1.418337 4.663994 -41.813561 0.222512 1.683571 -14.281411 -0.000003 0.000001 0.000002 9.104507 -0.042994 -1.865102 3.367365 12.031672 -34.302556 2.355915 4.425919 -48.660665 0.632363 2.015070 -21.362168 0.000004 -0.000001 0.000000 8.077788 -0.486896 -3.806299 6.070298 16.581963 -44.337767 1.975689 4.673540 -54.055463 0.573097 3.037190 -22.544516 -0.000004 -0.000001 -0.000001 -8.207799 -6.751716 -1.599545 8.006320 -7.885733 10.823983 9.780915 3.103474 1.520931 -8.112824 1.738564 -6.820652 -3.251376 0.000000 0.000000 -0.000000 0.000000 0.000000 8.207799 -6.751701 -1.599544 -10.406821 13.018636 18.386062 21.450100 10.171903 0.277351 -3.765975 8.317715 -9.715013 -0.373416 0.000022 0.000004 0.000000 0.000002 0.000000 
1.135018 102.178200 4.680735 -6.024480 -5.039661 -6.298156 0.000000 10.181561 0.131524 2.858398 1.015877 0.765316 0.811398 0.350663 0.145729 0.813639 0.349935 0.142394 0.000001 16.740351 -2.049021 1.257079 3.592111 -4.082160 0.000007 9.617843 1.684978 -3.410966 -11.110324 6.363094 0.000001 22.037384 7.501070 -0.000001 -0.000000 -0.000000 -4.569995 11.014853 -2.160840 8.688924 -1.537386 14.155483 20.068341 17.278036 56.192748 -0.000001 11.112696 0.000007 -8.739100 6.367404 -6.527227 -2.464802 -1.574016 2.681910 18.491291 0.461453 -10.916089 1.284018 -32.757615 3.089026 -2.646264 -1.527809 1.527812 2.008721 -8.430466 1.114697 -1.994601 -1.151581 1.151578 0.000002 -0.000003 0.000001 -9.108287 -0.517882 2.259806 0.896319 -6.465282 26.502181 1.508978 -4.663374 42.080024 -0.149366 -0.754104 19.008010 -0.000000 0.000000 0.000001 -9.532494 0.000005 0.000004 2.191543 -10.139704 34.639229 2.382409 -5.550027 54.991380 0.381148 -2.178841 21.069785 -0.000001 -0.000001 -0.000001 -9.103597 -0.043100 -1.865100 4.619811 -12.292500 45.876038 3.504833 -5.063439 61.882798 -0.086831 -0.490364 22.978768 -0.000000 0.000001 0.000000 -8.076686 -0.486737 -3.806295 6.983052 -17.310817 55.949935 3.067030 -5.413125 67.226369 -0.723385 -0.832061 27.281582 -0.000002 -0.000001 0.000003 4.570400 11.014659 -2.160817 6.367639 -8.105383 -8.382121 26.125455 14.171549 -74.010400 0.000003 -10.093042 -0.000009 -7.169291 13.649940 0.713249 2.466093 -1.576215 2.681695 18.491349 -0.461333 10.916064 1.284047 32.757611 -3.089004 2.647889 -1.528744 1.528751 2.117149 9.311155 -0.358636 1.998913 -1.154089 1.154077 0.000001 0.000002 0.000001 9.109289 -0.518012 2.259898 0.510983 5.480093 -16.019654 0.793003 3.681930 -29.993526 0.071422 1.043747 -12.436225 0.000002 0.000000 0.000002 9.533409 0.000012 -0.000001 1.429013 9.440341 -24.068531 1.487237 4.742343 -42.860721 0.229462 1.707659 -14.532269 -0.000000 0.000001 0.000000 9.104502 -0.042993 -1.865106 3.468785 12.065405 -35.222801 2.441579 4.486151 -49.711701 0.643687 2.037213 -21.613140 0.000000 -0.000001 0.000000 8.077796 -0.486885 -3.806306 6.136903 16.646272 -45.259398 2.055923 4.741316 -55.102199 0.584302 3.059826 -22.795738 -0.000003 -0.000002 -0.000002 -8.207800 -6.751713 -1.599545 7.135704 -8.278532 10.146555 11.192453 3.156471 1.277751 -8.655052 1.424887 -6.287807 -3.251452 -0.000002 -0.000001 -0.000000 -0.000001 0.000000 8.207803 -6.751691 -1.599543 -10.576430 12.903795 17.683631 21.847385 10.159618 0.142431 -4.153806 8.108717 -9.166321 -0.449270 -0.000002 -0.000002 0.000000 0.000000 0.000000 
1.939526 102.185562 4.625696 -6.022533 -4.671642 -5.958698 0.000000 10.181546 0.131523 3.004190 0.946571 0.726754 0.857971 0.313718 0.135038 0.860045 0.309914 0.132560 0.000001 16.740379 -2.049022 1.499004 3.702303 -4.160844 0.000002 9.617845 1.684977 -4.615755 -11.317923 6.100022 0.000002 22.037354 7.501071 -0.000000 0.000000 -0.000000 -4.570002 11.014861 -2.160840 8.634446 -1.583872 14.282115 20.866059 11.648380 57.383909 -0.000002 8.685594 0.000015 -8.600631 2.836443 -7.173438 -2.464796 -1.573987 2.681908 18.491296 0.461449 -10.916092 1.284021 -32.757628 3.089037 -2.646282 -1.527804 1.527820 2.008731 -8.430477 1.114701 -1.994602 -1.151582 1.151575 0.000001 -0.000000 0.000004 -9.108313 -0.517867 2.259802 0.896314 -6.465291 26.502177 1.508970 -4.663372 42.079990 -0.149358 -0.754107 19.008008 0.000001 -0.000001 0.000001 -9.532499 0.000004 0.000001 2.191530 -10.139717 34.639212 2.382415 -5.550026 54.991352 0.381139 -2.178847 21.069771 0.000002 0.000000 -0.000000 -9.103599 -0.043102 -1.865104 4.619820 -12.292514 45.876007 3.504819 -5.063439 61.882832 -0.086827 -0.490366 22.978768 -0.000000 0.000001 0.000001 -8.076693 -0.486723 -3.806304 6.983049 -17.310822 55.949935 3.067032 -5.413135 67.226362 -0.723372 -0.832048 27.281574 -0.000003 -0.000002 0.000002 4.570402 11.014713 -2.160816 6.376771 -8.111914 -8.520688 25.932975 14.784458 -75.049067 0.000007 -8.777471 -0.000010 -10.370240 15.315360 -1.114163 2.466094 -1.576208 2.681688 18.491371 -0.461338 10.916052 1.284043 32.757598 -3.088997 2.647887 -1.528756 1.528746 2.117143 9.311179 -0.358635 1.998917 -1.154077 1.154080 -0.000001 -0.000002 -0.000000 9.109293 -0.518015 2.259895 0.537349 5.568784 -16.934529 0.847067 3.773449 -31.048421 0.076082 1.069020 -12.689620 0.000000 0.000001 0.000004 9.533406 -0.000002 0.000000 1.491702 9.508689 -24.990820 1.558336 4.820242 -43.919462 0.236582 1.731953 -14.785836 -0.000003 0.000000 0.000002 9.104507 -0.042994 -1.865108 3.571255 12.097143 -36.153236 2.529275 4.545435 -50.774257 0.655232 2.059562 -21.866856 -0.000001 -0.000000 -0.000000 8.077816 -0.486900 -3.806302 6.205390 16.710225 -46.191466 2.138299 4.808379 -56.160472 0.595761 3.082649 -23.049689 -0.000002 0.000002 0.000002 -8.207800 -6.751698 -1.599546 6.387282 -8.735359 9.343105 12.448444 3.183082 1.064891 -9.211267 1.351081 -5.815899 -3.150891 0.000001 -0.000000 -0.000000 0.000000 0.000000 8.207798 -6.751691 -1.599544 -10.671961 12.878196 16.945802 22.232225 10.149145 -0.097250 -4.580213 7.910109 -8.515297 -0.692815 0.000014 -0.000000 0.000000 -0.000000 0.000000 
2.824147 102.194847 4.570885 -6.044771 -4.374190 -5.604633 0.000001 10.181561 0.131525 3.111260 0.909402 0.697438 0.891193 0.292215 0.147595 0.893136 0.287366 0.145497 -0.000001 16.740377 -2.049019 1.701345 3.779345 -4.234585 0.000001 9.617853 1.684979 -5.683668 -11.483335 5.887913 -0.000001 22.037369 7.501072 -0.000000 0.000000 0.000000 -4.570004 11.014876 -2.160840 8.583774 -1.614052 14.379510 21.790031 6.736005 58.226208 0.000025 6.236989 -0.000008 -7.182577 -1.098355 -7.802506 -2.464797 -1.574003 2.681901 18.491282 0.461446 -10.916104 1.284037 -32.757628 3.089001 -2.646262 -1.527802 1.527820 2.008717 -8.430454 1.114706 -1.994600 -1.151588 1.151581 -0.000001 0.000003 -0.000002 -9.108302 -0.517867 2.259805 0.896314 -6.465283 26.502177 1.508983 -4.663368 42.080000 -0.149374 -0.754101 19.007995 0.000004 -0.000002 0.000002 -9.532501 0.000021 0.000003 2.191544 -10.139705 34.639205 2.382406 -5.550036 54.991376 0.381158 -2.178848 21.069778 -0.000002 -0.000001 -0.000000 -9.103610 -0.043107 -1.865104 4.619816 -12.292513 45.876017 3.504833 -5.063443 61.882825 -0.086847 -0.490374 22.978771 0.000001 -0.000000 -0.000000 -8.076708 -0.486730 -3.806302 6.983052 -17.310826 55.949915 3.067030 -5.413128 67.226369 -0.723376 -0.832061 27.281574 -0.000003 -0.000001 -0.000002 4.570403 11.014686 -2.160815 6.385457 -8.156648 -8.706759 25.308533 14.784346 -75.770847 0.000017 -7.675964 -0.000000 -13.453539 16.675330 -2.689478 2.466091 -1.576203 2.681700 18.491344 -0.461328 10.916055 1.284017 32.757611 -3.088983 2.647871 -1.528759 1.528759 2.117153 9.311161 -0.358622 1.998917 -1.154092 1.154058 0.000001 0.000000 0.000003 9.109296 -0.518021 2.259902 0.565170 5.657227 -17.851534 0.902932 3.864158 -32.105769 0.080880 1.094332 -12.943590 -0.000001 0.000000 0.000004 9.533410 0.000010 0.000005 1.555346 9.575805 -25.915333 1.631043 4.896984 -44.980689 0.243813 1.756280 -15.039979 -0.000000 0.000000 0.000000 9.104515 -0.043007 -1.865093 3.673750 12.126579 -37.085762 2.618256 4.603200 -51.839281 0.666912 2.081910 -22.121128 -0.000000 -0.000002 -0.000001 8.077815 -0.486893 -3.806298 6.275104 16.773249 -47.125891 2.222054 4.874026 -57.221218 0.607313 3.105483 -23.304206 -0.000000 -0.000003 -0.000003 -8.207799 -6.751709 -1.599544 5.717111 -9.200909 8.458164 13.602733 3.183165 0.865582 -9.826167 1.434566 -5.520723 -2.950749 0.000002 0.000000 0.000000 0.000000 0.000000 8.207803 -6.751703 -1.599544 -10.708590 12.921996 16.174564 22.603229 10.138750 -0.408316 -5.037767 7.726335 -7.783062 -1.020613 0.000002 0.000001 0.000000 -0.000002 0.000000 
3.777274 102.203590 4.506742 -6.068206 -4.110794 -5.251306 0.000000 10.181553 0.131526 3.171168 0.899666 0.682521 0.908396 0.282677 0.175369 0.910269 0.277988 0.173352 0.000000 16.740362 -2.049019 1.873478 3.816713 -4.302005 0.000002 9.617852 1.684979 -6.622265 -11.658756 5.771533 0.000001 22.037369 7.501082 -0.000000 -0.000000 0.000000 -4.569997 11.014881 -2.160840 8.538372 -1.638856 14.440876 22.732343 2.926612 58.723555 0.000004 4.009274 0.000027 -4.407971 -5.413733 -7.883130 -2.464788 -1.573980 2.681912 18.491308 0.461451 -10.916090 1.284031 -32.757632 3.089012 -2.646255 -1.527814 1.527808 2.008722 -8.430463 1.114697 -1.994594 -1.151578 1.151578 0.000002 -0.000003 0.000001 -9.108297 -0.517863 2.259809 0.896313 -6.465288 26.502188 1.508973 -4.663388 42.080003 -0.149360 -0.754099 19.008002 0.000000 -0.000001 -0.000003 -9.532494 0.000005 0.000010 2.191541 -10.139710 34.639216 2.382399 -5.550036 54.991376 0.381160 -2.178845 21.069769 0.000000 -0.000000 -0.000000 -9.103589 -0.043104 -1.865096 4.619811 -12.292526 45.876004 3.504845 -5.063430 61.882805 -0.086842 -0.490370 22.978780 0.000000 -0.000001 0.000002 -8.076696 -0.486722 -3.806296 6.983056 -17.310841 55.949908 3.067039 -5.413125 67.226369 -0.723374 -0.832060 27.281575 -0.000004 -0.000002 0.000002 4.570399 11.014680 -2.160816 6.390102 -8.274295 -8.941571 24.238624 14.313922 -76.049676 -0.000002 -6.892054 -0.000003 -16.159427 17.753144 -3.934088 2.466089 -1.576195 2.681705 18.491371 -0.461330 10.916048 1.284020 32.757615 -3.088985 2.647891 -1.528752 1.528750 2.117165 9.311173 -0.358630 1.998925 -1.154090 1.154060 0.000000 0.000001 -0.000000 9.109295 -0.518013 2.259909 0.594223 5.744687 -18.762815 0.960107 3.953251 -33.156559 0.085753 1.119447 -13.195917 0.000002 -0.000001 -0.000001 9.533398 -0.000008 0.000006 1.619409 9.641111 -26.834165 1.704680 4.971915 -46.035284 0.251122 1.780420 -15.292479 -0.000001 -0.000001 0.000000 9.104493 -0.043001 -1.865088 3.775370 12.153499 -38.012410 2.707702 4.658968 -52.897626 0.678603 2.104060 -22.373770 -0.000003 -0.000001 0.000001 8.077809 -0.486895 -3.806297 6.345455 16.834791 -48.054721 2.306500 4.937708 -58.275331 0.618909 3.128118 -23.557071 -0.000003 -0.000004 -0.000006 -8.207798 -6.751707 -1.599544 5.044010 -9.606110 7.552174 14.725290 3.173559 0.636629 -10.476140 1.499535 -5.385494 -2.689095 0.000001 0.000002 -0.000000 -0.000001 0.000000 8.207802 -6.751692 -1.599543 -10.714464 12.962184 15.351159 22.952897 10.126839 -0.729858 -5.502696 7.597669 -7.005761 -1.341814 -0.000005 -0.000004 0.000000 -0.000002 0.000000 
4.782682 102.212051 4.423447 -6.093887 -3.854574 -4.901586 -0.000000 10.181561 0.131524 3.194168 0.914995 0.668393 0.914050 0.282676 0.205117 0.915938 0.278423 0.203047 -0.000001 16.740358 -2.049019 2.021169 3.807647 -4.357947 0.000002 9.617849 1.684979 -7.439362 -11.886984 5.781888 -0.000002 22.037369 7.501071 0.000001 -0.000000 0.000000 -4.570001 11.014873 -2.160838 8.501227 -1.660378 14.484584 23.500234 0.330571 58.941684 0.000008 2.213734 0.000004 -1.192482 -9.522091 -6.812330 -2.464794 -1.573999 2.681902 18.491282 0.461453 -10.916101 1.284030 -32.757618 3.089031 -2.646251 -1.527820 1.527803 2.008722 -8.430452 1.114701 -1.994595 -1.151583 1.151580 -0.000000 -0.000006 0.000005 -9.108313 -0.517871 2.259797 0.896312 -6.465288 26.502177 1.508969 -4.663365 42.079976 -0.149370 -0.754103 19.008005 0.000002 0.000001 0.000002 -9.532494 0.000008 -0.000003 2.191534 -10.139705 34.639209 2.382396 -5.550020 54.991356 0.381168 -2.178853 21.069776 0.000004 -0.000000 -0.000000 -9.103598 -0.043111 -1.865112 4.619812 -12.292522 45.876014 3.504840 -5.063448 61.882825 -0.086829 -0.490355 22.978768 0.000000 0.000002 -0.000000 -8.076699 -0.486727 -3.806309 6.983049 -17.310829 55.949915 3.067035 -5.413120 67.226369 -0.723374 -0.832069 27.281574 0.000000 -0.000002 -0.000000 4.570404 11.014677 -2.160814 6.385772 -8.495078 -9.205979 22.689789 13.608216 -75.832189 -0.000010 -6.446533 -0.000008 -18.225544 18.500221 -4.772721 2.466093 -1.576209 2.681699 18.491387 -0.461325 10.916050 1.284000 32.757621 -3.088981 2.647888 -1.528735 1.528737 2.117152 9.311173 -0.358620 1.998913 -1.154092 1.154073 -0.000001 0.000007 0.000001 9.109299 -0.518018 2.259907 0.624214 5.830330 -19.660464 1.017995 4.039941 -34.191599 0.090669 1.144173 -13.444428 -0.000002 -0.000001 0.000000 9.533414 0.000012 0.000005 1.683310 9.704090 -27.739316 1.778530 5.044326 -47.074111 0.258413 1.804175 -15.541175 0.000001 -0.000001 -0.000000 9.104497 -0.042991 -1.865092 3.875165 12.177761 -38.925074 2.796812 4.712257 -53.940084 0.690212 2.125835 -22.622608 -0.000003 0.000001 -0.000000 8.077791 -0.486890 -3.806298 6.415794 16.894306 -48.969847 2.390796 4.998905 -59.313677 0.630410 3.150361 -23.806143 -0.000000 -0.000001 -0.000001 -8.207799 -6.751705 -1.599545 4.351881 -9.939165 6.650911 15.824187 3.156770 0.354493 -11.107155 1.469165 -5.326353 -2.444407 -0.000005 -0.000001 -0.000000 0.000001 0.000000 8.207801 -6.751698 -1.599546 -10.680468 12.933454 14.453391 23.258049 10.113646 -1.025445 -5.947443 7.568683 -6.208104 -1.607792 -0.000010 0.000001 0.000000 -0.000002 0.000000 
5.824203 102.222458 4.320238 -6.152786 -3.614425 -4.548110 -0.000001 10.181555 0.131523 3.203482 0.953260 0.624569 0.917354 0.290673 0.225045 0.919350 0.286579 0.222891 -0.000000 16.740347 -2.049021 2.141394 3.754500 -4.399888 -0.000001 9.617864 1.684974 -8.152472 -12.154188 5.922130 0.000000 22.037399 7.501069 -0.000003 -0.000000 -0.000000 -4.570000 11.014839 -2.160838 8.475558 -1.666285 14.550330 23.831609 -1.179279 59.007992 0.000000 0.959701 0.000012 0.700726 -12.472666 -4.614112 -2.464783 -1.573994 2.681889 18.491296 0.461451 -10.916087 1.284025 -32.757618 3.089026 -2.646270 -1.527814 1.527817 2.008715 -8.430466 1.114706 -1.994590 -1.151583 1.151578 0.000001 -0.000001 -0.000000 -9.108314 -0.517882 2.259789 0.896321 -6.465279 26.502205 1.508955 -4.663374 42.079979 -0.149354 -0.754109 19.007991 -0.000003 0.000000 0.000001 -9.532486 0.000009 -0.000021 2.191541 -10.139704 34.639212 2.382412 -5.550027 54.991390 0.381146 -2.178841 21.069766 -0.000002 -0.000000 -0.000000 -9.103598 -0.043100 -1.865115 4.619813 -12.292497 45.876045 3.504833 -5.063448 61.882784 -0.086841 -0.490352 22.978764 0.000002 -0.000000 -0.000001 -8.076688 -0.486722 -3.806307 6.983055 -17.310809 55.949932 3.067007 -5.413118 67.226383 -0.723365 -0.832063 27.281575 0.000002 0.000001 0.000005 4.570402 11.014678 -2.160812 6.368247 -8.822785 -9.457661 20.650549 12.906774 -75.156068 0.000009 -6.276369 0.000015 -19.458623 18.778101 -5.110412 2.466091 -1.576206 2.681704 18.491373 -0.461333 10.916077 1.284002 32.757628 -3.088994 2.647890 -1.528752 1.528754 2.117150 9.311150 -0.358627 1.998920 -1.154074 1.154070 -0.000002 -0.000003 0.000002 9.109304 -0.518017 2.259908 0.654766 5.913431 -20.536579 1.076031 4.123542 -35.201815 0.095553 1.168262 -13.686925 0.000002 -0.000002 0.000001 9.533396 -0.000000 0.000007 1.746336 9.764249 -28.622784 1.851888 5.113725 -48.088042 0.265640 1.827300 -15.783843 -0.000003 -0.000003 -0.000001 9.104493 -0.042996 -1.865099 3.972195 12.199301 -39.815758 2.884694 4.762697 -54.957451 0.701633 2.147007 -22.865399 -0.000000 -0.000000 -0.000003 8.077805 -0.486888 -3.806293 6.485379 16.951339 -49.863181 2.474114 5.057148 -60.327058 0.641735 3.171997 -24.049180 0.000003 -0.000001 -0.000002 -8.207800 -6.751705 -1.599546 3.693462 -10.240488 5.738898 16.864985 3.116343 0.032247 -11.695144 1.417902 -5.307121 -2.246533 0.000005 -0.000001 -0.000000 0.000000 -0.000000 8.207796 -6.751704 -1.599545 -10.560453 12.846035 13.484662 23.487204 10.100836 -1.305106 -6.356069 7.637843 -5.391277 -1.784301 0.000012 0.000002 -0.000000 -0.000003 0.000000 
6.889969 102.235466 4.201598 -6.263493 -3.439350 -4.186122 -0.000000 10.181557 0.131523 3.216271 1.002192 0.521366 0.924570 0.302087 0.229797 0.926716 0.297862 0.227572 -0.000003 16.740368 -2.049021 2.223974 3.671224 -4.428346 -0.000003 9.617860 1.684975 -8.807529 -12.386865 6.170492 -0.000000 22.037384 7.501069 -0.000002 0.000000 -0.000000 -4.569999 11.014867 -2.160840 8.463229 -1.636502 14.679227 23.492349 -1.809364 59.067824 0.000000 0.227230 -0.000004 -0.461326 -13.810037 -2.025426 -2.464793 -1.573994 2.681910 18.491293 0.461442 -10.916107 1.284029 -32.757604 3.089041 -2.646254 -1.527802 1.527798 2.008726 -8.430475 1.114699 -1.994604 -1.151571 1.151581 0.000001 0.000000 -0.000001 -9.108302 -0.517887 2.259809 0.896302 -6.465282 26.502179 1.508986 -4.663383 42.080007 -0.149357 -0.754093 19.007995 0.000004 0.000002 -0.000001 -9.532486 0.000009 -0.000001 2.191539 -10.139703 34.639212 2.382405 -5.550028 54.991362 0.381164 -2.178845 21.069774 -0.000001 -0.000000 -0.000000 -9.103580 -0.043111 -1.865102 4.619811 -12.292514 45.876014 3.504832 -5.063442 61.882818 -0.086826 -0.490354 22.978768 -0.000002 -0.000000 -0.000002 -8.076693 -0.486732 -3.806295 6.983061 -17.310824 55.949925 3.067018 -5.413131 67.226362 -0.723372 -0.832064 27.281577 0.000001 -0.000002 0.000004 4.570399 11.014681 -2.160815 6.337592 -9.220025 -9.644729 18.161669 12.366791 -74.145105 0.000004 -6.299139 0.000014 -19.733810 18.392047 -4.866925 2.466099 -1.576206 2.681700 18.491375 -0.461337 10.916057 1.284020 32.757635 -3.088995 2.647880 -1.528740 1.528757 2.117157 9.311152 -0.358626 1.998925 -1.154092 1.154067 0.000002 -0.000003 -0.000000 9.109304 -0.518010 2.259898 0.685513 5.993284 -21.383191 1.133482 4.203296 -36.177996 0.100369 1.191543 -13.921227 -0.000003 -0.000002 0.000000 9.533401 0.000006 -0.000002 1.807893 9.821160 -29.476573 1.923928 5.179525 -49.067816 0.272719 1.849634 -16.018320 0.000002 0.000001 0.000000 9.104494 -0.043000 -1.865101 4.065596 12.218150 -40.676314 2.970460 4.809952 -55.940537 0.712764 2.167426 -23.099999 0.000004 0.000001 -0.000000 8.077791 -0.486892 -3.806303 6.553516 17.005445 -50.726575 2.555618 5.112009 -61.306337 0.652773 3.192876 -24.284005 0.000000 -0.000002 0.000000 -8.207800 -6.751714 -1.599545 3.100428 -10.536643 4.796571 17.830489 3.037596 -0.313537 -12.242782 1.461717 -5.331485 -2.074865 -0.000001 -0.000000 0.000000 0.000000 0.000000 8.207799 -6.751696 -1.599544 -10.331598 12.765073 12.482394 23.630281 10.089360 -1.614000 -6.728386 7.774674 -4.540114 -1.863043 -0.000014 -0.000003 -0.000000 -0.000002 0.000000 
7.970686 102.247887 4.067494 -6.398133 -3.392865 -3.821758 -0.000000 10.181526 0.131525 3.232729 1.046070 0.351088 0.934894 0.311571 0.220660 0.937139 0.307158 0.218384 -0.000001 16.740370 -2.049020 2.256888 3.568782 -4.439927 0.000001 9.617847 1.684977 -9.466267 -12.520669 6.497328 0.000000 22.037354 7.501076 0.000001 0.000000 -0.000000 -4.569998 11.014856 -2.160838 8.463522 -1.559118 14.889367 22.402030 -1.695588 59.226954 -0.000000 -0.000000 -0.000001 -5.205031 -14.046184 0.286025 -2.464791 -1.573983 2.681913 18.491303 0.461453 -10.916083 1.284057 -32.757621 3.089045 -2.646274 -1.527818 1.527813 2.008709 -8.430449 1.114701 -1.994606 -1.151586 1.151575 -0.000000 0.000002 0.000003 -9.108294 -0.517870 2.259810 0.896319 -6.465282 26.502203 1.508987 -4.663379 42.080003 -0.149366 -0.754103 19.007996 -0.000002 0.000000 -0.000002 -9.532501 0.000007 0.000009 2.191559 -10.139705 34.639229 2.382408 -5.550018 54.991362 0.381148 -2.178832 21.069771 0.000006 0.000000 0.000001 -9.103597 -0.043103 -1.865091 4.619818 -12.292504 45.876014 3.504840 -5.063451 61.882832 -0.086846 -0.490356 22.978773 0.000002 -0.000001 0.000001 -8.076681 -0.486715 -3.806288 6.983072 -17.310824 55.949942 3.067021 -5.413131 67.226362 -0.723376 -0.832063 27.281574 -0.000001 -0.000000 0.000000 4.570401 11.014674 -2.160814 6.299669 -9.616619 -9.730455 15.329441 12.003592 -72.966043 0.000015 -6.489912 -0.000005 -19.015592 17.193082 -4.030487 2.466091 -1.576191 2.681687 18.491371 -0.461330 10.916059 1.284004 32.757621 -3.088999 2.647891 -1.528754 1.528750 2.117142 9.311178 -0.358611 1.998917 -1.154080 1.154064 0.000004 0.000005 0.000003 9.109308 -0.518016 2.259892 0.715999 6.069164 -22.192454 1.189655 4.278616 -37.111105 0.105077 1.213764 -14.145149 -0.000005 0.000000 0.000001 9.533408 0.000003 -0.000006 1.867255 9.874452 -30.292698 1.993835 5.241258 -50.004334 0.279547 1.870931 -16.242388 0.000001 0.000000 0.000001 9.104506 -0.042998 -1.865106 4.154498 12.234411 -41.498764 3.053144 4.853719 -56.880169 0.723484 2.186906 -23.324215 -0.000006 -0.000001 0.000003 8.077813 -0.486900 -3.806314 6.619436 17.056237 -51.552031 2.634373 5.163135 -62.242353 0.663400 3.212777 -24.508442 0.000001 0.000004 -0.000001 -8.207800 -6.751726 -1.599544 2.529482 -10.800337 3.835927 18.735933 2.924319 -0.692118 -12.750707 1.643174 -5.389769 -1.904115 -0.000005 -0.000000 -0.000000 0.000002 -0.000000 8.207800 -6.751723 -1.599545 -10.026523 12.725035 11.484795 23.694215 10.076663 -1.987982 -7.074722 7.992085 -3.643575 -1.884025 0.000007 0.000000 -0.000000 -0.000003 0.000000 
9.055127 102.254837 3.914987 -6.505691 -3.501405 -3.473148 -0.000001 10.181554 0.131525 3.247188 1.092051 0.138980 0.944887 0.322715 0.203786 0.947212 0.318200 0.201429 -0.000001 16.740355 -2.049022 2.232441 3.430737 -4.426223 -0.000002 9.617832 1.684978 -10.164620 -12.586501 6.891678 -0.000001 22.037369 7.501069 0.000001 0.000001 -0.000000 -4.569999 11.014855 -2.160842 8.473198 -1.444626 15.160616 20.685057 -0.858603 59.519204 0.000006 0.000008 -0.000006 -12.532065 -14.134948 2.154850 -2.464803 -1.574001 2.681901 18.491291 0.461446 -10.916080 1.284046 -32.757615 3.089042 -2.646261 -1.527821 1.527829 2.008721 -8.430469 1.114705 -1.994590 -1.151587 1.151571 0.000002 -0.000004 -0.000004 -9.108291 -0.517879 2.259799 0.896307 -6.465285 26.502184 1.508966 -4.663384 42.080010 -0.149356 -0.754111 19.008005 0.000003 0.000002 -0.000003 -9.532494 0.000003 0.000000 2.191526 -10.139711 34.639212 2.382433 -5.550027 54.991380 0.381149 -2.178844 21.069769 0.000001 0.000001 0.000001 -9.103607 -0.043112 -1.865107 4.619809 -12.292511 45.876017 3.504836 -5.063448 61.882825 -0.086850 -0.490353 22.978768 0.000001 -0.000000 0.000003 -8.076691 -0.486722 -3.806301 6.983052 -17.310833 55.949932 3.067042 -5.413108 67.226355 -0.723377 -0.832062 27.281574 -0.000000 0.000002 0.000004 4.570404 11.014680 -2.160819 6.263402 -9.941515 -9.713541 12.314377 11.670156 -71.772406 -0.000003 -6.896381 -0.000015 -17.387244 15.195141 -2.713233 2.466098 -1.576200 2.681689 18.491373 -0.461325 10.916041 1.284016 32.757618 -3.088998 2.647890 -1.528743 1.528750 2.117149 9.311155 -0.358627 1.998912 -1.154092 1.154072 -0.000001 0.000002 0.000005 9.109303 -0.518016 2.259894 0.745774 6.140411 -22.956609 1.243799 4.348878 -37.992114 0.109601 1.234724 -14.356533 -0.000002 0.000001 0.000000 9.533421 -0.000000 -0.000007 1.923771 9.923766 -31.063338 2.060748 5.298498 -50.888611 0.286097 1.891030 -16.453938 -0.000002 -0.000001 -0.000000 9.104498 -0.042994 -1.865108 4.238012 12.248175 -42.275217 3.131896 4.893791 -57.767315 0.733642 2.205265 -23.535901 0.000001 -0.000000 -0.000002 8.077817 -0.486895 -3.806311 6.682388 17.103357 -52.331584 2.709470 5.210216 -63.126131 0.673494 3.231542 -24.720324 -0.000000 0.000003 -0.000002 -8.207800 -6.751705 -1.599544 1.915915 -10.973168 2.906409 19.593374 2.787712 -1.125220 -13.211321 1.911564 -5.463043 -1.728959 -0.000005 0.000002 0.000000 0.000001 0.000000 8.207795 -6.751697 -1.599543 -9.718570 12.694671 10.508095 23.704146 10.063861 -2.409423 -7.399581 8.336542 -2.719938 -1.915468 -0.000014 -0.000000 -0.000000 0.000000 0.000000 
10.131813 102.253784 3.749688 -6.560837 -3.715836 -3.159825 0.000000 10.181560 0.131522 3.265037 1.181275 -0.067858 0.955080 0.351920 0.188568 0.957649 0.347324 0.185943 -0.000000 16.740364 -2.049020 2.167225 3.200638 -4.385880 0.000003 9.617875 1.684976 -10.894328 -12.714196 7.404161 -0.000000 22.037369 7.501075 0.000001 -0.000000 0.000000 -4.570004 11.014881 -2.160840 8.487868 -1.326132 15.440913 18.595678 0.740616 59.916441 0.000001 0.000001 -0.000001 -20.757379 -14.760491 3.609534 -2.464802 -1.573992 2.681911 18.491301 0.461458 -10.916091 1.284032 -32.757621 3.089027 -2.646270 -1.527799 1.527806 2.008719 -8.430460 1.114709 -1.994594 -1.151586 1.151585 0.000001 -0.000007 0.000001 -9.108287 -0.517888 2.259809 0.896328 -6.465278 26.502196 1.508972 -4.663383 42.079976 -0.149355 -0.754093 19.007993 0.000004 -0.000000 -0.000001 -9.532493 0.000010 0.000001 2.191547 -10.139711 34.639216 2.382404 -5.550028 54.991376 0.381152 -2.178843 21.069771 -0.000002 0.000000 -0.000001 -9.103584 -0.043111 -1.865093 4.619812 -12.292486 45.876011 3.504827 -5.063455 61.882832 -0.086827 -0.490369 22.978758 -0.000002 0.000003 0.000004 -8.076694 -0.486731 -3.806289 6.983069 -17.310819 55.949918 3.067041 -5.413124 67.226369 -0.723376 -0.832070 27.281579 -0.000002 0.000001 0.000004 4.570401 11.014694 -2.160814 6.235593 -10.158070 -9.629721 9.295868 11.084896 -70.673422 0.000007 -7.574515 0.000011 -15.059765 12.608033 -1.175400 2.466097 -1.576207 2.681695 18.491383 -0.461333 10.916059 1.284018 32.757615 -3.089003 2.647900 -1.528742 1.528757 2.117153 9.311175 -0.358618 1.998929 -1.154094 1.154081 -0.000000 0.000001 -0.000002 9.109291 -0.518021 2.259895 0.774329 6.206321 -23.667611 1.295186 4.413490 -38.811942 0.113859 1.254192 -14.553198 0.000007 -0.000001 0.000000 9.533388 0.000003 -0.000004 1.976774 9.968764 -31.780409 2.123787 5.350809 -51.711410 0.292242 1.909701 -16.650756 0.000000 0.000000 -0.000000 9.104494 -0.042993 -1.865103 4.315384 12.259618 -42.997567 3.205689 4.929996 -58.592757 0.743189 2.222296 -23.732810 -0.000002 -0.000001 0.000001 8.077794 -0.486903 -3.806304 6.741555 17.146440 -53.057009 2.779994 5.252988 -63.948459 0.682940 3.248957 -24.917449 0.000000 0.000001 0.000002 -8.207799 -6.751703 -1.599545 1.260610 -11.019909 2.064314 20.374347 2.618676 -1.612605 -13.623435 2.186575 -5.552846 -1.547528 -0.000003 -0.000001 0.000000 -0.000001 -0.000000 8.207798 -6.751703 -1.599544 -9.461752 12.631678 9.551373 23.681217 10.050935 -2.815563 -7.705097 8.806344 -1.807035 -2.018380 -0.000002 0.000001 -0.000000 -0.000002 0.000000 
11.197258 102.246208 3.587699 -6.575535 -3.934069 -2.884910 -0.000000 10.181552 0.131523 3.298653 1.355222 -0.229552 0.968925 0.415110 0.184072 0.972086 0.410344 0.180843 -0.000001 16.740332 -2.049016 2.056973 2.848677 -4.335210 -0.000000 9.617821 1.684985 -11.588111 -13.033454 8.014833 0.000002 22.037369 7.501074 -0.000000 -0.000000 -0.000001 -4.569999 11.014853 -2.160837 8.504081 -1.242927 15.672188 16.373565 3.112647 60.364392 0.000001 -0.000002 0.000000 -28.442424 -16.104316 4.577475 -2.464812 -1.574005 2.681903 18.491284 0.461463 -10.916109 1.284024 -32.757611 3.089026 -2.646268 -1.527830 1.527811 2.008725 -8.430469 1.114692 -1.994587 -1.151580 1.151583 0.000003 -0.000007 0.000001 -9.108317 -0.517879 2.259804 0.896300 -6.465285 26.502184 1.508994 -4.663380 42.080013 -0.149370 -0.754110 19.008003 0.000000 0.000002 0.000000 -9.532516 -0.000007 -0.000001 2.191533 -10.139707 34.639209 2.382403 -5.550022 54.991376 0.381140 -2.178841 21.069769 0.000004 -0.000001 0.000000 -9.103606 -0.043127 -1.865101 4.619808 -12.292511 45.876031 3.504830 -5.063437 61.882798 -0.086835 -0.490368 22.978780 -0.000001 0.000001 0.000001 -8.076713 -0.486751 -3.806298 6.983060 -17.310819 55.949925 3.067019 -5.413117 67.226369 -0.723364 -0.832069 27.281580 -0.000001 -0.000002 0.000003 4.570402 11.014669 -2.160812 6.218029 -10.274795 -9.531152 6.430387 9.909142 -69.736074 -0.000008 -8.508568 0.000008 -12.334736 9.746144 0.219574 2.466091 -1.576197 2.681693 18.491366 -0.461332 10.916054 1.284014 32.757611 -3.088988 2.647876 -1.528738 1.528748 2.117151 9.311170 -0.358615 1.998924 -1.154093 1.154067 -0.000002 -0.000004 -0.000000 9.109294 -0.518015 2.259898 0.801132 6.266219 -24.317178 1.342901 4.471859 -39.560838 0.117827 1.271973 -14.732844 0.000000 -0.000000 0.000001 9.533395 -0.000003 -0.000001 2.025495 10.009144 -32.435520 2.182049 5.397799 -52.463072 0.297914 1.926729 -16.830527 0.000003 0.000000 0.000000 9.104506 -0.042992 -1.865106 4.385736 12.268949 -43.657394 3.273561 4.962105 -59.346783 0.751943 2.237826 -23.912694 -0.000001 -0.000000 0.000000 8.077786 -0.486897 -3.806300 6.796095 17.185169 -53.719807 2.844962 5.291179 -64.699657 0.691638 3.264823 -25.097508 -0.000003 -0.000003 0.000000 -8.207800 -6.751705 -1.599545 0.625026 -10.967312 1.320511 21.033270 2.388036 -2.116285 -13.995670 2.436591 -5.673611 -1.351180 0.000002 -0.000004 -0.000000 0.000000 0.000000 8.207801 -6.751720 -1.599544 -9.259386 12.548026 8.616423 23.630030 10.037482 -3.166915 -7.990941 9.295487 -0.923362 -2.214043 0.000005 -0.000001 -0.000000 0.000002 0.000000 
12.256636 102.235023 3.441513 -6.569092 -4.069769 -2.629767 0.000000 10.181543 0.131523 3.346094 1.603976 -0.339325 0.985739 0.507903 0.193200 0.989836 0.502897 0.189084 -0.000000 16.740381 -2.049019 1.908519 2.382527 -4.295533 0.000000 9.617851 1.684976 -12.166594 -13.544602 8.685523 0.000001 22.037399 7.501076 -0.000000 -0.000001 -0.000000 -4.569997 11.014867 -2.160837 8.520455 -1.217861 15.823048 14.145323 6.180679 60.814386 -0.000007 0.188546 0.000002 -34.782257 -17.925883 4.852231 -2.464785 -1.573981 2.681898 18.491293 0.461449 -10.916101 1.284018 -32.757635 3.088996 -2.646270 -1.527812 1.527820 2.008736 -8.430459 1.114699 -1.994593 -1.151583 1.151576 -0.000000 0.000001 -0.000002 -9.108286 -0.517863 2.259798 0.896310 -6.465292 26.502182 1.508970 -4.663375 42.079976 -0.149372 -0.754106 19.008003 -0.000007 0.000001 -0.000003 -9.532492 0.000009 -0.000004 2.191539 -10.139721 34.639219 2.382414 -5.550038 54.991359 0.381152 -2.178843 21.069774 0.000001 0.000000 0.000003 -9.103576 -0.043103 -1.865106 4.619817 -12.292514 45.876014 3.504831 -5.063446 61.882818 -0.086845 -0.490364 22.978778 0.000002 0.000002 -0.000001 -8.076698 -0.486733 -3.806299 6.983058 -17.310816 55.949918 3.067047 -5.413119 67.226362 -0.723375 -0.832059 27.281574 -0.000002 -0.000001 0.000002 4.570398 11.014699 -2.160813 6.209038 -10.322361 -9.455251 3.824939 7.852417 -68.994282 -0.000010 -9.596932 0.000001 -9.509631 6.885339 1.129906 2.466094 -1.576203 2.681693 18.491357 -0.461327 10.916066 1.284027 32.757601 -3.089001 2.647876 -1.528742 1.528760 2.117139 9.311160 -0.358624 1.998909 -1.154093 1.154072 0.000001 -0.000002 -0.000000 9.109290 -0.518019 2.259898 0.825649 6.319430 -24.897158 1.386148 4.523427 -40.229514 0.121402 1.287835 -14.893210 -0.000002 0.000001 0.000000 9.533409 0.000010 -0.000000 2.069257 10.044590 -33.020451 2.234558 5.439100 -53.134138 0.303020 1.941924 -16.991026 -0.000003 0.000000 -0.000000 9.104498 -0.042992 -1.865105 4.448249 12.276381 -44.246392 3.334523 4.990045 -60.019980 0.759796 2.251665 -24.073285 0.000000 -0.000000 -0.000001 8.077793 -0.486892 -3.806301 6.845226 17.219238 -54.311684 2.903379 5.324528 -65.370361 0.699441 3.278961 -25.258227 -0.000003 0.000001 -0.000000 -8.207801 -6.751718 -1.599544 0.048776 -10.895601 0.620073 21.562272 2.089287 -2.575350 -14.334392 2.693910 -5.830249 -1.141154 -0.000006 -0.000006 0.000000 0.000001 -0.000001 8.207804 -6.751712 -1.599544 -9.081356 12.502116 7.713423 23.534527 10.024011 -3.492120 -8.256882 9.656389 -0.046391 -2.469622 0.000004 0.000001 -0.000000 -0.000001 0.000000 
13.311893 102.221588 3.308488 -6.546692 -4.091661 -2.373263 -0.000002 10.181567 0.131525 3.386122 1.859566 -0.422028 0.999074 0.603512 0.210011 1.004168 0.598307 0.204993 -0.000002 16.740324 -2.049021 1.749006 1.840917 -4.268099 0.000006 9.617854 1.684977 -12.584209 -14.120613 9.376843 -0.000003 22.037369 7.501075 0.000000 0.000001 0.000000 -4.569998 11.014842 -2.160840 8.537967 -1.245097 15.906727 11.941325 9.776001 61.221615 -0.000019 0.547862 0.000014 -39.596382 -19.734971 4.221980 -2.464798 -1.574002 2.681906 18.491284 0.461451 -10.916089 1.284022 -32.757604 3.089015 -2.646265 -1.527816 1.527820 2.008730 -8.430478 1.114695 -1.994588 -1.151582 1.151587 0.000001 -0.000007 0.000005 -9.108294 -0.517885 2.259800 0.896322 -6.465280 26.502193 1.508960 -4.663379 42.079986 -0.149372 -0.754099 19.008002 -0.000000 -0.000000 0.000000 -9.532501 0.000012 -0.000003 2.191532 -10.139708 34.639202 2.382420 -5.550033 54.991380 0.381150 -2.178841 21.069768 0.000001 0.000002 -0.000002 -9.103590 -0.043104 -1.865106 4.619813 -12.292495 45.876014 3.504826 -5.063453 61.882832 -0.086839 -0.490356 22.978780 0.000000 -0.000001 0.000000 -8.076691 -0.486734 -3.806301 6.983052 -17.310814 55.949918 3.067030 -5.413139 67.226369 -0.723371 -0.832050 27.281563 -0.000001 0.000001 0.000001 4.570398 11.014647 -2.160814 6.206799 -10.317761 -9.404377 1.530620 4.761476 -68.441036 -0.000006 -10.717913 -0.000003 -6.755856 4.170386 1.385632 2.466074 -1.576197 2.681693 18.491385 -0.461337 10.916046 1.284012 32.757635 -3.088980 2.647881 -1.528751 1.528754 2.117152 9.311162 -0.358626 1.998937 -1.154090 1.154084 0.000001 0.000003 -0.000002 9.109261 -0.518012 2.259900 0.847377 6.365420 -25.400695 1.424175 4.567787 -40.810042 0.124545 1.301596 -15.032437 0.000001 -0.000000 0.000001 9.533370 0.000001 -0.000001 2.107437 10.074910 -33.528299 2.280545 5.474446 -53.716822 0.307498 1.955106 -17.130353 -0.000000 -0.000001 -0.000000 9.104478 -0.042996 -1.865100 4.502313 12.282149 -44.757745 3.387683 5.013709 -60.604405 0.766649 2.263675 -24.212703 0.000002 -0.000001 0.000002 8.077778 -0.486897 -3.806299 6.888148 17.248412 -54.825580 2.954401 5.352938 -65.952648 0.706246 3.291254 -25.397794 -0.000001 0.000001 0.000003 -8.207801 -6.751696 -1.599544 -0.484566 -10.876859 -0.101235 21.999626 1.768197 -2.947438 -14.632767 2.977647 -6.013926 -0.940352 0.000005 0.000003 0.000000 0.000000 -0.000000 8.207797 -6.751695 -1.599543 -8.904018 12.519177 6.846612 23.377760 10.010803 -3.838966 -8.495308 9.824706 0.851775 -2.741127 0.000014 -0.000001 -0.000000 -0.000000 0.000000 
14.352974 102.205101 3.177634 -6.512122 -3.996608 -2.113885 0.000002 10.181538 0.131524 3.402422 2.052773 -0.506875 1.004477 0.675091 0.224796 1.010370 0.669796 0.219130 0.000001 16.740398 -2.049024 1.609525 1.258492 -4.226719 0.000005 9.617868 1.684969 -12.846855 -14.643434 10.059886 -0.000000 22.037354 7.501085 0.000002 0.000001 -0.000000 -4.569998 11.014900 -2.160842 8.559216 -1.296960 15.970212 9.794008 13.680790 61.497090 0.000004 1.151960 -0.000001 -43.177188 -21.029312 2.629429 -2.464779 -1.573987 2.681905 18.491284 0.461458 -10.916083 1.284024 -32.757625 3.089015 -2.646275 -1.527811 1.527809 2.008719 -8.430466 1.114702 -1.994594 -1.151583 1.151577 -0.000000 -0.000002 0.000001 -9.108294 -0.517880 2.259802 0.896294 -6.465286 26.502177 1.508976 -4.663366 42.080000 -0.149349 -0.754116 19.008010 0.000001 -0.000001 -0.000000 -9.532494 0.000004 -0.000000 2.191532 -10.139709 34.639229 2.382399 -5.550027 54.991366 0.381152 -2.178851 21.069780 0.000002 0.000000 0.000003 -9.103586 -0.043109 -1.865103 4.619800 -12.292500 45.876024 3.504828 -5.063459 61.882825 -0.086838 -0.490356 22.978783 -0.000001 0.000002 0.000000 -8.076703 -0.486731 -3.806299 6.983047 -17.310829 55.949918 3.067029 -5.413133 67.226369 -0.723373 -0.832061 27.281575 -0.000001 -0.000001 0.000002 4.570404 11.014704 -2.160816 6.211218 -10.248510 -9.349841 -0.452831 0.662037 -68.018767 -0.000003 -11.809477 -0.000020 -4.051904 1.605531 1.062181 2.466094 -1.576195 2.681692 18.491380 -0.461321 10.916044 1.284030 32.757615 -3.088975 2.647885 -1.528759 1.528751 2.117159 9.311185 -0.358644 1.998917 -1.154091 1.154085 -0.000004 0.000003 -0.000000 9.109295 -0.517998 2.259900 0.865819 6.403696 -25.821310 1.456303 4.604549 -41.294999 0.127203 1.313089 -15.148723 -0.000000 -0.000001 0.000002 9.533384 0.000006 -0.000000 2.139452 10.099922 -33.952488 2.319230 5.503627 -54.203551 0.311250 1.966102 -17.246731 0.000001 -0.000002 0.000000 9.104486 -0.042996 -1.865100 4.547300 12.286487 -45.184826 3.432278 5.033054 -61.092613 0.772398 2.273687 -24.329163 -0.000002 -0.000000 0.000002 8.077787 -0.486901 -3.806295 6.924216 17.272491 -55.254888 2.997250 5.376273 -66.439081 0.711945 3.301490 -25.514395 0.000002 -0.000000 0.000001 -8.207798 -6.751722 -1.599543 -0.993640 -10.914706 -0.841017 22.385160 1.491108 -3.247856 -14.870995 3.212716 -6.194686 -0.780897 0.000008 0.000002 -0.000000 -0.000000 -0.000001 8.207803 -6.751719 -1.599544 -8.722079 12.559711 6.006692 23.160405 9.997768 -4.200034 -8.693745 9.838873 1.760044 -3.030791 0.000002 -0.000000 -0.000000 0.000000 0.000000 
15.366188 102.184387 3.044242 -6.485615 -3.768693 -1.867925 -0.000001 10.181547 0.131525 3.405510 2.175557 -0.602592 1.006221 0.719875 0.232662 1.012651 0.714567 0.226623 -0.000002 16.740368 -2.049023 1.503002 0.636674 -4.139733 -0.000000 9.617883 1.684976 -12.997970 -15.125823 10.727724 -0.000002 22.037369 7.501070 0.000001 0.000001 -0.000001 -4.570000 11.014870 -2.160844 8.586722 -1.342787 16.062513 7.816579 17.697512 61.451294 -0.000016 2.094506 -0.000029 -46.068714 -21.495392 0.226275 -2.464809 -1.574001 2.681903 18.491284 0.461449 -10.916083 1.284035 -32.757594 3.089011 -2.646267 -1.527805 1.527818 2.008719 -8.430462 1.114698 -1.994594 -1.151571 1.151576 -0.000003 -0.000003 0.000001 -9.108322 -0.517889 2.259804 0.896316 -6.465275 26.502165 1.508969 -4.663380 42.080007 -0.149361 -0.754112 19.008002 0.000002 0.000001 -0.000000 -9.532516 0.000010 0.000001 2.191552 -10.139708 34.639219 2.382399 -5.550025 54.991366 0.381149 -2.178844 21.069768 -0.000000 0.000005 0.000002 -9.103606 -0.043112 -1.865102 4.619805 -12.292514 45.876017 3.504832 -5.063456 61.882818 -0.086824 -0.490363 22.978764 -0.000001 0.000002 -0.000002 -8.076718 -0.486733 -3.806300 6.983055 -17.310809 55.949918 3.067014 -5.413128 67.226355 -0.723372 -0.832068 27.281584 0.000000 0.000000 -0.000003 4.570402 11.014674 -2.160819 6.222835 -10.090912 -9.255213 -2.166773 -4.240396 -67.640777 0.000005 -12.889800 0.000017 -1.227657 -0.897016 0.424296 2.466094 -1.576198 2.681693 18.491388 -0.461337 10.916061 1.284042 32.757608 -3.089000 2.647890 -1.528752 1.528754 2.117137 9.311191 -0.358643 1.998921 -1.154078 1.154080 0.000002 0.000003 0.000001 9.109308 -0.518015 2.259897 0.880391 6.433381 -26.148712 1.481502 4.632971 -41.672456 0.129293 1.322036 -15.239248 0.000000 0.000001 0.000000 9.533392 0.000003 -0.000001 2.164453 10.119178 -34.282693 2.349511 5.526102 -54.582395 0.314186 1.974647 -17.337308 -0.000000 0.000000 0.000000 9.104497 -0.042997 -1.865105 4.582205 12.289561 -45.517204 3.467103 5.047860 -61.472618 0.776886 2.281459 -24.419764 0.000002 0.000000 -0.000001 8.077803 -0.486890 -3.806306 6.952436 17.291061 -55.589086 3.030733 5.394177 -66.817664 0.716407 3.309440 -25.605087 -0.000001 0.000001 -0.000000 -8.207800 -6.751721 -1.599545 -1.460259 -10.970702 -1.549542 22.742059 1.303587 -3.526693 -15.000929 3.274105 -6.267808 -0.681340 -0.000002 -0.000004 0.000000 0.000000 0.000000 8.207798 -6.751711 -1.599543 -8.533790 12.575479 5.184353 22.907722 9.984666 -4.519062 -8.849648 9.742216 2.637101 -3.353544 0.000027 0.000002 0.000000 0.000002 0.000000 
16.347540 102.159142 2.912847 -6.493864 -3.386399 -1.648582 -0.000001 10.181548 0.131525 3.422008 2.283517 -0.698961 1.013098 0.759841 0.236307 1.019955 0.754543 0.229929 0.000001 16.740368 -2.049025 1.421492 -0.047483 -3.998384 0.000000 9.617857 1.684977 -13.085517 -15.687705 11.398681 -0.000001 22.037354 7.501069 -0.000000 0.000001 -0.000001 -4.569999 11.014915 -2.160841 8.620839 -1.364524 16.205005 6.196632 21.707139 60.809536 -0.000001 3.439802 0.000032 -48.800834 -21.038086 -2.696956 -2.464804 -1.573988 2.681906 18.491298 0.461451 -10.916095 1.284028 -32.757611 3.089037 -2.646276 -1.527803 1.527816 2.008732 -8.430469 1.114702 -1.994587 -1.151582 1.151582 0.000000 -0.000005 0.000001 -9.108294 -0.517883 2.259802 0.896308 -6.465278 26.502189 1.508970 -4.663387 42.080003 -0.149356 -0.754113 19.008005 0.000003 0.000003 -0.000001 -9.532509 0.000005 0.000002 2.191541 -10.139709 34.639226 2.382411 -5.550019 54.991362 0.381134 -2.178846 21.069776 -0.000003 0.000000 -0.000000 -9.103615 -0.043109 -1.865100 4.619825 -12.292508 45.876024 3.504822 -5.063429 61.882825 -0.086841 -0.490358 22.978776 0.000001 0.000007 0.000001 -8.076713 -0.486731 -3.806300 6.983066 -17.310821 55.949918 3.067036 -5.413113 67.226390 -0.723370 -0.832054 27.281580 0.000003 -0.000004 0.000000 4.570402 11.014697 -2.160820 6.240146 -9.843424 -9.100085 -3.680173 -9.579917 -67.248690 -0.000001 -14.010688 0.000002 1.918847 -3.439337 -0.211548 2.466088 -1.576206 2.681691 18.491339 -0.461364 10.916057 1.284001 32.757570 -3.089004 2.647874 -1.528762 1.528751 2.117149 9.311144 -0.358607 1.998913 -1.154074 1.154074 0.000003 -0.000000 0.000002 9.109291 -0.518002 2.259899 0.890249 6.453299 -26.369001 1.498582 4.652000 -41.926457 0.130701 1.328043 -15.300100 -0.000002 -0.000001 0.000003 9.533401 0.000001 0.000002 2.181290 10.132049 -34.504845 2.369973 5.541108 -54.837226 0.316177 1.980403 -17.398227 -0.000000 -0.000001 -0.000001 9.104496 -0.043001 -1.865101 4.605635 12.291509 -45.740797 3.490585 5.057687 -61.728210 0.779914 2.286698 -24.480711 -0.000001 0.000000 -0.000002 8.077791 -0.486892 -3.806304 6.971485 17.303499 -55.813929 3.053326 5.406099 -67.072321 0.719413 3.314779 -25.666067 0.000003 -0.000002 0.000000 -8.207802 -6.751695 -1.599542 -1.835679 -11.056339 -2.212703 23.054745 1.186270 -3.789002 -15.012022 3.165874 -6.168091 -0.643721 -0.000002 -0.000001 0.000000 -0.000001 0.000001 8.207800 -6.751703 -1.599542 -8.325113 12.541965 4.370954 22.644659 9.971534 -4.749239 -8.970465 9.548283 3.451543 -3.649877 -0.000000 0.000001 0.000000 -0.000000 0.000000 
17.298553 102.130630 2.788968 -6.545806 -2.864144 -1.454153 0.000000 10.181547 0.131524 3.465819 2.441698 -0.786795 1.028926 0.820406 0.240315 1.036324 0.815123 0.233368 -0.000002 16.740370 -2.049023 1.354212 -0.806228 -3.822737 -0.000002 9.617877 1.684972 -13.130873 -16.420268 12.108496 -0.000000 22.037338 7.501074 -0.000001 0.000001 -0.000001 -4.570007 11.014910 -2.160842 8.658884 -1.359262 16.385818 5.134797 25.665481 59.333259 0.000007 5.201779 0.000024 -51.600652 -19.653321 -5.781717 -2.464807 -1.573984 2.681911 18.491291 0.461448 -10.916107 1.284036 -32.757604 3.089026 -2.646260 -1.527793 1.527807 2.008715 -8.430479 1.114702 -1.994594 -1.151584 1.151574 0.000000 -0.000005 0.000001 -9.108311 -0.517864 2.259804 0.896307 -6.465273 26.502157 1.508985 -4.663382 42.080013 -0.149364 -0.754099 19.008000 0.000002 0.000002 -0.000000 -9.532509 0.000005 0.000001 2.191543 -10.139710 34.639233 2.382408 -5.550015 54.991362 0.381144 -2.178841 21.069768 -0.000002 0.000000 0.000001 -9.103607 -0.043112 -1.865100 4.619807 -12.292511 45.876014 3.504848 -5.063448 61.882818 -0.086846 -0.490345 22.978775 0.000000 0.000002 -0.000003 -8.076729 -0.486735 -3.806298 6.983048 -17.310816 55.949915 3.067033 -5.413137 67.226369 -0.723376 -0.832060 27.281586 -0.000002 0.000002 0.000000 4.570399 11.014700 -2.160818 6.258811 -9.541853 -8.886932 -5.081507 -14.874026 -66.870045 -0.000021 -15.199838 -0.000005 5.547244 -6.064945 -0.612601 2.466096 -1.576216 2.681689 18.491352 -0.461366 10.916057 1.284008 32.757546 -3.089037 2.647887 -1.528739 1.528748 2.117133 9.311142 -0.358629 1.998932 -1.154091 1.154076 0.000003 0.000001 -0.000000 9.109297 -0.518013 2.259898 0.895271 6.463315 -26.479899 1.507205 4.661539 -42.054322 0.131402 1.331071 -15.330752 -0.000001 0.000003 -0.000002 9.533394 0.000007 0.000000 2.189800 10.138484 -34.616710 2.380295 5.548635 -54.965548 0.317177 1.983308 -17.428889 -0.000001 -0.000002 -0.000000 9.104498 -0.042997 -1.865103 4.617440 12.292420 -45.853369 3.502412 5.062588 -61.856898 0.781438 2.289335 -24.511418 -0.000001 -0.000002 0.000001 8.077799 -0.486890 -3.806302 6.981118 17.309711 -55.927133 3.064707 5.412063 -67.200544 0.720928 3.317480 -25.696789 0.000000 0.000003 0.000003 -8.207802 -6.751709 -1.599543 -2.076177 -11.242002 -2.867166 23.264012 1.038750 -3.975909 -14.999121 3.080741 -6.018741 -0.655345 -0.000009 -0.000003 -0.000000 0.000001 -0.000000 8.207797 -6.751709 -1.599544 -8.080001 12.451079 3.559475 22.374049 9.958567 -4.888659 -9.062502 9.281518 4.200019 -3.810971 0.000022 0.000005 -0.000000 0.000000 0.000000 
18.207756 102.101326 2.673896 -6.628407 -2.266685 -1.275251 -0.000001 10.181552 0.131524 3.527753 2.672791 -0.871018 1.049940 0.910073 0.244711 1.058125 0.904797 0.236890 -0.000000 16.740345 -2.049022 1.301561 -1.617855 -3.643351 0.000003 9.617844 1.684982 -13.119374 -17.280816 12.890777 0.000003 22.037369 7.501079 0.000002 -0.000002 -0.000000 -4.570000 11.014852 -2.160842 8.696461 -1.332288 16.578474 4.772258 29.533560 56.966821 0.000003 7.352366 0.000007 -54.136697 -17.292912 -8.577273 -2.464785 -1.573989 2.681900 18.491276 0.461454 -10.916086 1.284029 -32.757611 3.089020 -2.646264 -1.527810 1.527819 2.008716 -8.430468 1.114678 -1.994602 -1.151584 1.151577 -0.000001 -0.000003 0.000001 -9.108298 -0.517886 2.259804 0.896312 -6.465282 26.502186 1.508979 -4.663378 42.079979 -0.149364 -0.754096 19.007993 0.000002 -0.000000 -0.000001 -9.532494 0.000008 0.000000 2.191536 -10.139704 34.639205 2.382410 -5.550024 54.991393 0.381143 -2.178847 21.069771 0.000000 -0.000002 -0.000000 -9.103593 -0.043102 -1.865102 4.619820 -12.292503 45.876028 3.504831 -5.063440 61.882805 -0.086846 -0.490364 22.978761 0.000000 0.000001 -0.000001 -8.076704 -0.486728 -3.806298 6.983042 -17.310826 55.949918 3.067034 -5.413129 67.226369 -0.723372 -0.832065 27.281580 0.000002 0.000000 0.000003 4.570402 11.014682 -2.160815 6.273439 -9.242789 -8.633528 -6.478338 -19.613894 -66.610757 -0.000003 -16.434880 -0.000027 9.563361 -8.730558 -0.672200 2.466095 -1.576209 2.681698 18.491416 -0.461263 10.916045 1.284068 32.757720 -3.088990 2.647893 -1.528764 1.528758 2.117164 9.311215 -0.358610 1.998905 -1.154062 1.154069 -0.000002 -0.000000 0.000002 9.109292 -0.518020 2.259903 0.896606 6.466003 -26.509245 1.509495 4.664080 -42.088138 0.131608 1.331883 -15.338947 0.000001 0.000004 -0.000002 9.533401 0.000009 0.000005 2.192052 10.140170 -34.646377 2.383041 5.550624 -54.999586 0.317438 1.984068 -17.437085 -0.000000 -0.000001 0.000001 9.104498 -0.042995 -1.865097 4.620509 12.292618 -45.883210 3.505540 5.063881 -61.891069 0.781844 2.290040 -24.519630 0.000000 -0.000000 -0.000000 8.077806 -0.486899 -3.806291 6.983602 17.311289 -55.957165 3.067737 5.413643 -67.234647 0.721343 3.318218 -25.705110 -0.000000 -0.000002 -0.000000 -8.207802 -6.751719 -1.599545 -2.223465 -11.540440 -3.548439 23.392191 0.820186 -4.058479 -14.972014 3.146490 -5.836597 -0.694842 0.000004 -0.000000 -0.000000 0.000001 -0.000001 8.207797 -6.751695 -1.599543 -7.794282 12.334082 2.768400 22.080198 9.946514 -4.977702 -9.123479 8.964432 4.894598 -3.816615 0.000010 0.000000 -0.000000 -0.000002 -0.000000 
19.046169 102.073273 2.566977 -6.723322 -1.675479 -1.109020 -0.000002 10.181548 0.131524 3.590394 2.949983 -0.962581 1.070488 1.017682 0.245803 1.079668 1.012338 0.236948 0.000001 16.740372 -2.049017 1.269244 -2.435527 -3.481019 0.000004 9.617857 1.684977 -13.019197 -18.108486 13.749049 -0.000002 22.037384 7.501069 0.000000 -0.000001 0.000000 -4.569998 11.014874 -2.160835 8.729644 -1.290550 16.764286 5.099523 33.214230 53.909898 0.000002 9.853692 0.000027 -55.488873 -13.859073 -10.544263 -2.464809 -1.574000 2.681902 18.491287 0.461448 -10.916071 1.284036 -32.757615 3.089019 -2.646264 -1.527812 1.527815 2.008728 -8.430466 1.114700 -1.994575 -1.151584 1.151572 0.000003 -0.000009 -0.000000 -9.108325 -0.517885 2.259801 0.896323 -6.465279 26.502184 1.508967 -4.663373 42.080003 -0.149357 -0.754105 19.007991 -0.000001 0.000000 -0.000000 -9.532516 0.000002 -0.000000 2.191550 -10.139704 34.639216 2.382382 -5.550024 54.991366 0.381153 -2.178859 21.069785 -0.000001 0.000001 0.000001 -9.103615 -0.043108 -1.865105 4.619810 -12.292510 45.876011 3.504834 -5.063446 61.882825 -0.086837 -0.490365 22.978785 -0.000001 0.000000 -0.000001 -8.076708 -0.486727 -3.806300 6.983045 -17.310826 55.949928 3.067045 -5.413132 67.226362 -0.723371 -0.832053 27.281572 0.000001 0.000000 0.000007 4.570402 11.014692 -2.160810 6.280901 -8.990546 -8.359397 -7.979976 -23.392117 -66.603606 -0.000004 -17.666044 -0.000004 13.625253 -11.339055 -0.457413 2.466089 -1.576194 2.681696 18.491470 -0.461154 10.916053 1.284123 32.757833 -3.088992 2.647889 -1.528741 1.528748 2.117174 9.311287 -0.358605 1.998917 -1.154091 1.154076 -0.000002 -0.000002 0.000003 9.109284 -0.517999 2.259902 0.896438 6.465598 -26.504740 1.509139 4.663686 -42.082933 0.131568 1.331764 -15.337760 0.000002 0.000000 0.000002 9.533404 -0.000004 0.000005 2.191721 10.139899 -34.641842 2.382615 5.550319 -54.994450 0.317404 1.983972 -17.435911 0.000001 -0.000001 -0.000002 9.104488 -0.042997 -1.865099 4.620024 12.292556 -45.878661 3.505084 5.063679 -61.885947 0.781782 2.289941 -24.518453 0.000002 -0.000004 0.000002 8.077795 -0.486888 -3.806307 6.983184 17.310973 -55.952595 3.067281 5.413412 -67.229511 0.721287 3.318111 -25.704000 0.000001 -0.000002 -0.000003 -8.207804 -6.751707 -1.599543 -2.318817 -11.864015 -4.202475 23.476030 0.539284 -4.093737 -14.940716 3.297194 -5.683088 -0.746586 -0.000000 -0.000003 -0.000000 0.000001 0.000000 8.207797 -6.751700 -1.599541 -7.481820 12.253607 2.046511 21.763655 9.935922 -5.065309 -9.153351 8.597562 5.539370 -3.783205 -0.000002 0.000001 -0.000000 0.000002 0.000000 
19.788332 102.048676 2.468884 -6.817726 -1.147825 -0.967660 -0.000002 10.181547 0.131524 3.641923 3.225769 -1.059191 1.087481 1.124144 0.242386 1.097724 1.118614 0.232556 -0.000003 16.740362 -2.049019 1.254694 -3.214745 -3.342537 0.000005 9.617825 1.684980 -12.813545 -18.729639 14.641139 0.000001 22.037369 7.501073 0.000001 0.000001 -0.000000 -4.569998 11.014891 -2.160838 8.756241 -1.241364 16.940635 5.891715 36.562949 50.576499 -0.000014 12.680560 0.000032 -54.524908 -9.278020 -11.317748 -2.464791 -1.573979 2.681908 18.491279 0.461456 -10.916071 1.284019 -32.757611 3.089003 -2.646252 -1.527814 1.527816 2.008726 -8.430478 1.114692 -1.994582 -1.151596 1.151575 -0.000000 0.000001 0.000003 -9.108302 -0.517886 2.259797 0.896311 -6.465282 26.502196 1.508968 -4.663374 42.080013 -0.149357 -0.754109 19.008008 0.000000 -0.000000 -0.000004 -9.532501 0.000005 -0.000003 2.191542 -10.139710 34.639233 2.382403 -5.550023 54.991390 0.381147 -2.178845 21.069762 0.000000 -0.000000 -0.000000 -9.103592 -0.043111 -1.865106 4.619811 -12.292506 45.876014 3.504829 -5.063441 61.882832 -0.086839 -0.490367 22.978782 0.000000 0.000000 -0.000000 -8.076703 -0.486727 -3.806298 6.983045 -17.310829 55.949915 3.067031 -5.413125 67.226362 -0.723377 -0.832071 27.281579 0.000001 -0.000000 -0.000002 4.570398 11.014691 -2.160814 6.281458 -8.797325 -8.081248 -9.645634 -26.007293 -66.921982 0.000018 -18.846331 0.000012 17.228643 -13.810140 -0.200042 2.466099 -1.576206 2.681699 18.491323 -0.461458 10.916062 1.283960 32.757454 -3.088997 2.647870 -1.528767 1.528746 2.117135 9.311089 -0.358644 1.998921 -1.154091 1.154078 -0.000004 0.000001 0.000001 9.109295 -0.517997 2.259892 0.896152 6.465060 -26.499367 1.508708 4.663221 -42.076772 0.131522 1.331596 -15.336082 -0.000001 0.000002 -0.000003 9.533399 0.000002 0.000002 2.191303 10.139633 -34.636306 2.382117 5.549942 -54.988026 0.317348 1.983795 -17.434215 -0.000001 -0.000001 0.000003 9.104498 -0.042997 -1.865103 4.619521 12.292619 -45.873108 3.504496 5.063442 -61.879438 0.781707 2.289798 -24.516764 0.000002 0.000002 0.000000 8.077785 -0.486902 -3.806297 6.982848 17.310840 -55.947012 3.066699 5.413100 -67.223016 0.721194 3.317934 -25.702062 -0.000002 -0.000001 0.000002 -8.207802 -6.751705 -1.599544 -2.399332 -12.108758 -4.751724 23.572245 0.292595 -4.159512 -14.850984 3.323617 -5.546092 -0.815016 0.000003 0.000001 -0.000000 0.000002 0.000001 8.207800 -6.751699 -1.599544 -7.166917 12.233641 1.431511 21.441432 9.927167 -5.161173 -9.156786 8.206049 6.119750 -3.842657 -0.000009 -0.000001 -0.000000 -0.000000 0.000000 
20.431770 102.029037 2.382155 -6.900047 -0.712036 -0.868355 -0.000003 10.181550 0.131524 3.674624 3.464555 -1.144822 1.098944 1.215650 0.238186 1.110184 1.209879 0.227600 0.000000 16.740353 -2.049018 1.244701 -3.933555 -3.228941 -0.000000 9.617860 1.684981 -12.521223 -19.060220 15.503124 -0.000001 22.037384 7.501070 0.000002 -0.000001 0.000001 -4.569996 11.014867 -2.160841 8.775707 -1.193228 17.112434 6.777653 39.450930 47.448050 -0.000002 15.808717 0.000016 -50.483817 -3.521585 -11.140712 -2.464783 -1.573995 2.681909 18.491286 0.461458 -10.916087 1.284011 -32.757628 3.089023 -2.646258 -1.527826 1.527808 2.008734 -8.430469 1.114711 -1.994590 -1.151584 1.151579 -0.000001 0.000000 0.000003 -9.108302 -0.517871 2.259802 0.896310 -6.465285 26.502199 1.508973 -4.663379 42.079969 -0.149355 -0.754112 19.008013 -0.000001 -0.000000 -0.000000 -9.532501 0.000010 0.000001 2.191547 -10.139704 34.639216 2.382406 -5.550022 54.991359 0.381143 -2.178851 21.069786 0.000001 0.000000 0.000000 -9.103569 -0.043112 -1.865096 4.619809 -12.292506 45.876011 3.504838 -5.063453 61.882818 -0.086833 -0.490359 22.978771 0.000000 0.000000 -0.000001 -8.076696 -0.486724 -3.806295 6.983062 -17.310826 55.949915 3.067034 -5.413118 67.226369 -0.723377 -0.832061 27.281584 0.000001 -0.000000 0.000003 4.570402 11.014683 -2.160816 6.277867 -8.648054 -7.813985 -11.439284 -27.484302 -67.512281 0.000011 -19.937162 -0.000012 19.744895 -16.123630 -0.213780 2.466101 -1.576216 2.681705 18.491101 -0.461933 10.916075 1.283690 32.756751 -3.089005 2.647870 -1.528736 1.528755 2.117040 9.310741 -0.358704 1.998920 -1.154107 1.154084 0.000004 0.000002 0.000005 9.109300 -0.518001 2.259901 0.896099 6.464959 -26.499683 1.508764 4.663249 -42.077193 0.131516 1.331565 -15.335810 -0.000001 0.000002 -0.000002 9.533405 0.000009 0.000002 2.191362 10.139701 -34.636408 2.382097 5.549945 -54.988050 0.317342 1.983790 -17.433962 -0.000000 -0.000000 -0.000002 9.104494 -0.043001 -1.865094 4.619697 12.292792 -45.873238 3.504474 5.063449 -61.879239 0.781689 2.289762 -24.516493 0.000001 -0.000000 0.000001 8.077801 -0.486900 -3.806297 6.983100 17.311133 -55.947066 3.066689 5.413082 -67.222824 0.721146 3.317881 -25.701356 0.000000 -0.000000 0.000003 -8.207803 -6.751707 -1.599544 -2.459061 -12.252510 -5.159101 23.657369 0.129960 -4.270269 -14.721137 3.136273 -5.499106 -0.916075 -0.000008 0.000002 -0.000000 0.000001 -0.000000 8.207797 -6.751694 -1.599544 -6.879650 12.239054 0.922958 21.135465 9.920068 -5.238785 -9.145295 7.859437 6.618413 -4.016002 -0.000003 0.000001 0.000000 0.000000 0.000000 
20.990856 102.013199 2.310738 -6.956449 -0.390762 -0.815841 -0.000000 10.181551 0.131525 3.681691 3.657161 -1.209119 1.102211 1.289225 0.236958 1.114263 1.283299 0.225847 -0.000003 16.740412 -2.049023 1.225478 -4.593041 -3.140556 -0.000002 9.617856 1.684977 -12.194006 -19.136643 16.302943 0.000004 22.037369 7.501069 0.000002 0.000001 -0.000001 -4.570003 11.014896 -2.160843 8.788597 -1.153546 17.280621 7.431762 41.812420 44.886876 0.000019 19.182069 0.000001 -43.304745 3.298087 -11.009378 -2.464809 -1.573995 2.681909 18.491286 0.461448 -10.916102 1.284034 -32.757635 3.089018 -2.646259 -1.527821 1.527814 2.008721 -8.430466 1.114704 -1.994613 -1.151584 1.151583 -0.000000 -0.000004 0.000003 -9.108294 -0.517886 2.259800 0.896317 -6.465278 26.502191 1.508965 -4.663368 42.079986 -0.149361 -0.754107 19.008005 0.000002 0.000001 -0.000000 -9.532501 0.000009 -0.000003 2.191538 -10.139705 34.639216 2.382405 -5.550032 54.991376 0.381163 -2.178840 21.069773 0.000002 -0.000001 0.000001 -9.103600 -0.043107 -1.865100 4.619791 -12.292504 45.876024 3.504848 -5.063455 61.882825 -0.086837 -0.490348 22.978761 0.000002 0.000001 0.000002 -8.076676 -0.486732 -3.806304 6.983042 -17.310828 55.949939 3.067030 -5.413121 67.226369 -0.723368 -0.832070 27.281582 -0.000001 -0.000001 0.000003 4.570399 11.014731 -2.160818 6.273370 -8.519631 -7.572044 -13.249338 -28.001990 -68.221111 0.000015 -20.898304 0.000010 20.537363 -18.293125 -0.792756 2.466101 -1.576214 2.681691 18.491322 -0.461438 10.916043 1.283956 32.757478 -3.089001 2.647896 -1.528743 1.528748 2.117125 9.311094 -0.358642 1.998929 -1.154092 1.154080 0.000001 -0.000002 0.000001 9.109292 -0.518005 2.259907 0.896284 6.465325 -26.502579 1.508988 4.663504 -42.080464 0.131547 1.331677 -15.336970 0.000001 -0.000001 -0.000003 9.533399 0.000005 0.000001 2.191544 10.139820 -34.639567 2.382421 5.550166 -54.991765 0.317377 1.983887 -17.435113 -0.000000 0.000000 0.000003 9.104498 -0.042992 -1.865096 4.619833 12.292641 -45.876352 3.504845 5.063594 -61.883153 0.781739 2.289867 -24.517656 -0.000002 0.000003 -0.000000 8.077805 -0.486890 -3.806293 6.983109 17.311005 -55.950260 3.067033 5.413265 -67.226758 0.721237 3.318003 -25.702956 0.000002 -0.000000 -0.000001 -8.207804 -6.751702 -1.599545 -2.519307 -12.333366 -5.468364 23.711536 0.061288 -4.391027 -14.546744 2.829267 -5.470737 -1.050266 0.000006 0.000006 -0.000000 -0.000000 0.000001 8.207798 -6.751695 -1.599544 -6.645275 12.227046 0.501159 20.863026 9.914220 -5.287129 -9.136115 7.629776 7.037881 -4.220491 -0.000003 -0.000001 -0.000000 0.000000 0.000000 
21.476309 101.997978 2.258830 -6.977818 -0.216332 -0.800641 0.000003 10.181556 0.131524 3.663528 3.815764 -1.260895 1.096368 1.350335 0.236859 1.109073 1.344401 0.225358 -0.000002 16.740339 -2.049019 1.191948 -5.204830 -3.073222 0.000004 9.617849 1.684977 -11.896229 -19.070225 17.069795 -0.000001 22.037369 7.501078 0.000001 -0.000001 0.000000 -4.569998 11.014863 -2.160840 8.796832 -1.124381 17.438178 7.736612 43.652487 43.019571 -0.000010 22.697048 0.000026 -33.504936 10.644441 -12.221230 -2.464803 -1.573997 2.681903 18.491298 0.461441 -10.916100 1.284033 -32.757608 3.089034 -2.646258 -1.527801 1.527806 2.008726 -8.430466 1.114710 -1.994590 -1.151586 1.151572 0.000004 -0.000006 -0.000000 -9.108294 -0.517885 2.259798 0.896321 -6.465294 26.502179 1.508966 -4.663358 42.080003 -0.149348 -0.754115 19.008010 0.000003 -0.000001 -0.000001 -9.532499 0.000006 -0.000001 2.191550 -10.139718 34.639209 2.382408 -5.550030 54.991352 0.381161 -2.178839 21.069774 -0.000002 0.000001 -0.000000 -9.103601 -0.043103 -1.865102 4.619820 -12.292522 45.875994 3.504838 -5.063443 61.882832 -0.086827 -0.490363 22.978773 -0.000001 -0.000003 0.000000 -8.076710 -0.486726 -3.806295 6.983071 -17.310834 55.949921 3.067028 -5.413119 67.226396 -0.723372 -0.832064 27.281570 0.000004 -0.000002 0.000007 4.570401 11.014669 -2.160815 6.270293 -8.394759 -7.364803 -14.955345 -27.781678 -68.890299 0.000003 -21.680465 0.000023 19.143897 -20.288209 -2.134335 2.466097 -1.576209 2.681696 18.492215 -0.459556 10.916012 1.285034 32.760155 -3.089010 2.647903 -1.528752 1.528746 2.117460 9.312429 -0.358410 1.998924 -1.154094 1.154076 -0.000000 0.000002 0.000007 9.109293 -0.517998 2.259906 0.896681 6.466170 -26.506362 1.509250 4.663809 -42.084600 0.131608 1.331920 -15.339374 0.000000 -0.000002 -0.000002 9.533401 -0.000005 0.000000 2.191718 10.139806 -34.644208 2.382876 5.550505 -54.997465 0.317452 1.984105 -17.437543 -0.000001 0.000000 0.000000 9.104501 -0.042993 -1.865101 4.619664 12.291973 -45.880881 3.505421 5.063826 -61.889614 0.781873 2.290086 -24.520073 0.000001 -0.000002 -0.000000 8.077798 -0.486880 -3.806295 6.982522 17.310158 -55.954993 3.067608 5.413580 -67.233172 0.721426 3.318359 -25.707044 0.000003 -0.000001 -0.000000 -8.207799 -6.751718 -1.599545 -2.607354 -12.393638 -5.739459 23.724182 0.034560 -4.489786 -14.349270 2.615645 -5.360989 -1.190623 0.000000 -0.000002 -0.000000 0.000001 0.000001 8.207801 -6.751697 -1.599544 -6.473513 12.183909 0.155226 20.634138 9.909376 -5.331323 -9.145652 7.560912 7.397149 -4.364563 0.000005 -0.000000 -0.000000 0.000000 -0.000000 
21.886124 101.980743 2.228405 -6.967401 -0.223458 -0.813156 -0.000000 10.181564 0.131525 3.633869 3.960354 -1.321100 1.085395 1.407140 0.231712 1.098654 1.401258 0.219840 0.000000 16.740391 -2.049020 1.147550 -5.779275 -3.015290 0.000003 9.617863 1.684977 -11.675598 -18.971761 17.862394 -0.000007 22.037338 7.501068 0.000002 -0.000000 0.000001 -4.570003 11.014897 -2.160839 8.804342 -1.101133 17.574094 7.796948 45.033886 41.757383 0.000016 26.224600 0.000013 -21.918596 17.465379 -15.556478 -2.464807 -1.573996 2.681917 18.491287 0.461441 -10.916094 1.284032 -32.757611 3.089041 -2.646258 -1.527811 1.527824 2.008725 -8.430464 1.114691 -1.994594 -1.151585 1.151581 -0.000001 -0.000002 0.000001 -9.108315 -0.517884 2.259811 0.900581 -6.473757 26.596203 1.515329 -4.670387 42.174024 -0.148130 -0.763800 19.101500 -0.000002 -0.000004 -0.000001 -9.532498 0.000006 0.000010 2.199283 -10.145918 34.734036 2.390000 -5.555536 55.085763 0.384540 -2.187586 21.163435 -0.000000 -0.000003 -0.000001 -9.103602 -0.043115 -1.865089 4.631213 -12.294757 45.971551 3.513555 -5.067035 61.977499 -0.085117 -0.499809 23.072261 0.000005 -0.000003 0.000003 -8.076710 -0.486730 -3.806287 6.991222 -17.316078 56.045872 3.075410 -5.417487 67.320715 -0.722800 -0.842635 27.374976 0.000002 0.000003 -0.000000 4.570402 11.014705 -2.160817 6.269622 -8.263826 -7.191663 -16.473392 -27.008301 -69.433729 0.000004 -22.227312 -0.000029 15.459558 -21.974967 -4.300597 2.466105 -1.576210 2.681698 18.492208 -0.459634 10.916018 1.284980 32.760070 -3.088989 2.647881 -1.528749 1.528749 2.117443 9.312395 -0.358417 1.998920 -1.154078 1.154077 0.000001 0.000000 0.000005 9.109307 -0.518016 2.259904 0.896653 6.466089 -26.505592 1.509191 4.663736 -42.083712 0.131599 1.331898 -15.339126 0.000000 0.000000 -0.000004 9.533411 0.000009 0.000004 2.191669 10.139782 -34.643416 2.382800 5.550444 -54.996526 0.317439 1.984089 -17.437278 -0.000001 -0.000000 -0.000001 9.104492 -0.043004 -1.865094 4.619616 12.292005 -45.880095 3.505348 5.063804 -61.888624 0.781850 2.290066 -24.519811 -0.000003 0.000001 -0.000001 8.077799 -0.486900 -3.806298 6.982495 17.310174 -55.954201 3.067521 5.413538 -67.232202 0.721421 3.318335 -25.706745 -0.000002 -0.000002 -0.000000 -8.207801 -6.751698 -1.599543 -2.733816 -12.442534 -5.994342 23.704925 -0.010710 -4.560674 -14.166415 2.660335 -5.136121 -1.300259 -0.000001 -0.000002 -0.000000 0.000002 0.000001 8.207800 -6.751690 -1.599542 -6.363614 12.129134 -0.107077 20.463074 9.905400 -5.402993 -9.187790 7.661574 7.709924 -4.431105 0.000007 0.000003 -0.000000 -0.000001 -0.000000 
22.213892 101.962143 2.217634 -6.938114 -0.431577 -0.853713 -0.000000 10.181537 0.131524 3.613062 4.105521 -1.402397 1.076459 1.465245 0.217620 1.090288 1.459315 0.205332 -0.000001 16.740332 -2.049020 1.097876 -6.320483 -2.954500 0.000003 9.617876 1.684980 -11.539795 -18.899591 18.705211 -0.000011 22.037369 7.501074 0.000001 0.000000 0.000001 -4.570000 11.014841 -2.160841 8.817440 -1.077041 17.676415 7.819736 46.057731 40.920698 -0.000017 29.650497 0.000028 -9.716163 22.663150 -20.630706 -2.464799 -1.573999 2.681905 18.491281 0.461466 -10.916101 1.284023 -32.757611 3.089019 -2.646250 -1.527817 1.527814 2.008714 -8.430474 1.114688 -1.994591 -1.151577 1.151574 -0.000001 -0.000006 0.000003 -9.108311 -0.517890 2.259801 0.912811 -6.497887 26.864153 1.533535 -4.690306 42.442089 -0.144507 -0.791413 19.368048 0.000001 -0.000001 -0.000002 -9.532507 0.000017 0.000007 2.221331 -10.163481 35.004286 2.411754 -5.571204 55.354865 0.394281 -2.212417 21.430393 -0.000000 -0.000003 0.000001 -9.103621 -0.043103 -1.865101 4.663689 -12.301026 46.243850 3.538421 -5.077182 62.247421 -0.080114 -0.526747 23.338791 -0.000001 -0.000002 0.000002 -8.076700 -0.486726 -3.806298 7.014505 -17.330975 56.319414 3.099381 -5.429855 67.589530 -0.721097 -0.872777 27.641265 -0.000001 -0.000002 0.000001 4.570397 11.014675 -2.160814 6.271236 -8.121878 -7.043136 -17.747657 -25.815045 -69.845829 0.000000 -22.482140 0.000000 9.830681 -23.130678 -7.194828 2.466099 -1.576207 2.681695 18.489534 -0.465209 10.916171 1.281844 32.752058 -3.088988 2.647886 -1.528739 1.528757 2.116472 9.308404 -0.359093 1.998924 -1.154091 1.154067 0.000004 -0.000003 0.000003 9.109294 -0.518001 2.259900 0.895465 6.463575 -26.494152 1.508347 4.662808 -42.071216 0.131425 1.331186 -15.331890 0.000001 0.000003 -0.000004 9.533398 0.000002 0.000002 2.191150 10.139764 -34.629401 2.381402 5.549437 -54.979335 0.317208 1.983421 -17.430038 0.000004 0.000001 -0.000002 9.104488 -0.042999 -1.865102 4.620133 12.293952 -45.866489 3.503580 5.063068 -61.869302 0.781491 2.289421 -24.512559 0.000004 -0.000001 -0.000000 8.077797 -0.486917 -3.806299 6.984227 17.312684 -55.939915 3.065811 5.412638 -67.212845 0.720830 3.317280 -25.694559 -0.000001 -0.000000 0.000001 -8.207801 -6.751717 -1.599544 -2.887767 -12.462266 -6.215993 23.674153 -0.086474 -4.612200 -14.020366 2.976909 -4.845363 -1.364973 0.000003 -0.000005 -0.000000 0.000001 0.000001 8.207800 -6.751707 -1.599543 -6.306659 12.095985 -0.271640 20.356460 9.902310 -5.510827 -9.266191 7.915418 7.976457 -4.482969 -0.000025 -0.000004 0.000000 0.000000 0.000000 
22.459644 101.946190 2.222231 -6.903002 -0.833299 -0.924654 -0.000003 10.181537 0.131522 3.613770 4.250746 -1.497971 1.074701 1.524144 0.197297 1.089157 1.518007 0.184551 -0.000002 16.740387 -2.049019 1.046935 -6.825143 -2.889234 -0.000001 9.617841 1.684980 -11.459565 -18.851793 19.554292 0.000001 22.037399 7.501073 0.000002 -0.000002 -0.000000 -4.569997 11.014858 -2.160840 8.843841 -1.049462 17.730912 7.958302 46.841331 40.375123 -0.000021 32.893143 0.000035 1.524807 25.810107 -25.890867 -2.464792 -1.573987 2.681910 18.491298 0.461478 -10.916089 1.284034 -32.757635 3.089027 -2.646268 -1.527814 1.527822 2.008722 -8.430458 1.114718 -1.994590 -1.151583 1.151579 0.000000 -0.000005 -0.000000 -9.108309 -0.517896 2.259799 0.932255 -6.535704 27.285007 1.562282 -4.721425 42.863153 -0.138563 -0.834762 19.786657 -0.000001 -0.000002 -0.000001 -9.532504 -0.000001 -0.000003 2.256137 -10.190828 35.428775 2.446045 -5.595569 55.777483 0.409785 -2.251362 21.849707 0.000002 -0.000003 0.000002 -9.103596 -0.043121 -1.865099 4.714674 -12.310471 46.671550 3.577630 -5.092893 62.671398 -0.072012 -0.568972 23.757348 -0.000000 -0.000001 0.000002 -8.076700 -0.486729 -3.806298 7.051270 -17.354165 56.749101 3.137123 -5.449044 68.011814 -0.718151 -0.920070 28.059423 -0.000001 0.000000 -0.000001 4.570399 11.014660 -2.160812 6.274397 -7.969486 -6.908493 -18.712697 -24.303753 -70.159608 0.000002 -22.396622 0.000003 2.994006 -23.526706 -10.541479 2.466107 -1.576223 2.681688 18.487818 -0.468684 10.916209 1.279870 32.747069 -3.088962 2.647876 -1.528741 1.528753 2.115881 9.305914 -0.359533 1.998928 -1.154087 1.154074 0.000004 -0.000003 -0.000002 9.109292 -0.517997 2.259896 0.894738 6.462049 -26.487282 1.507844 4.662249 -42.063734 0.131312 1.330733 -15.327443 0.000000 0.000000 0.000003 9.533403 -0.000004 -0.000007 2.190849 10.139781 -34.620928 2.380552 5.548801 -54.968847 0.317060 1.982999 -17.425594 -0.000000 0.000004 -0.000003 9.104485 -0.042995 -1.865102 4.620480 12.295175 -45.858245 3.502478 5.062612 -61.857526 0.781266 2.289047 -24.508102 -0.000001 0.000001 0.000001 8.077807 -0.486893 -3.806310 6.985308 17.314220 -55.931244 3.064746 5.412085 -67.201050 0.720434 3.316608 -25.687003 0.000004 -0.000001 -0.000001 -8.207802 -6.751715 -1.599544 -3.059985 -12.445764 -6.392273 23.658249 -0.154559 -4.646754 -13.892977 3.472241 -4.548987 -1.415310 -0.000005 -0.000003 0.000000 0.000000 0.000001 8.207799 -6.751714 -1.599544 -6.286769 12.095523 -0.339652 20.300832 9.899979 -5.644053 -9.371844 8.307501 8.193936 -4.584852 -0.000007 0.000000 0.000000 -0.000002 0.000000 
22.631121 101.936859 2.238409 -6.868197 -1.395609 -1.022589 0.000001 10.181539 0.131526 3.633723 4.376521 -1.586363 1.080056 1.575886 0.178120 1.095103 1.569444 0.164952 -0.000002 16.740355 -2.049022 0.999025 -7.281594 -2.831345 0.000002 9.617831 1.684979 -11.399630 -18.788758 20.321268 -0.000007 22.037354 7.501083 0.000001 0.000000 -0.000000 -4.570008 11.014889 -2.160839 8.890664 -1.022475 17.718540 8.216150 47.496931 40.100205 -0.000003 35.886896 0.000024 10.243087 27.389955 -29.401229 -2.464800 -1.573997 2.681905 18.491291 0.461451 -10.916092 1.284025 -32.757608 3.089020 -2.646256 -1.527810 1.527813 2.008717 -8.430484 1.114697 -1.994594 -1.151599 1.151577 -0.000001 -0.000003 0.000001 -9.108311 -0.517881 2.259797 0.958196 -6.585099 27.837741 1.600415 -4.761957 43.416067 -0.130281 -0.891595 20.336359 -0.000000 -0.000002 -0.000001 -9.532501 0.000008 -0.000004 2.302057 -10.226248 35.986262 2.491357 -5.627192 56.332477 0.430600 -2.302303 22.400329 0.000004 -0.000000 -0.000002 -9.103611 -0.043106 -1.865106 4.781491 -12.322094 47.233149 3.629239 -5.113087 63.228099 -0.060915 -0.624351 24.306994 0.000001 -0.000001 -0.000003 -8.076684 -0.486734 -3.806299 7.099794 -17.384213 57.313401 3.186892 -5.473857 68.566343 -0.713739 -0.982137 28.608584 -0.000001 0.000000 0.000000 4.570400 11.014690 -2.160815 6.278031 -7.816864 -6.785018 -19.269907 -22.556257 -70.399115 0.000011 -21.942881 -0.000000 -4.135756 -23.039097 -13.901502 2.466099 -1.576217 2.681702 18.494674 -0.454392 10.915821 1.287932 32.767512 -3.089037 2.647890 -1.528741 1.528745 2.118336 9.316102 -0.357773 1.998913 -1.154090 1.154084 -0.000003 0.000001 0.000001 9.109298 -0.518004 2.259902 0.897756 6.468431 -26.516188 1.509975 4.664619 -42.095337 0.131755 1.332553 -15.345881 -0.000001 0.000002 -0.000001 9.533404 -0.000001 -0.000002 2.192153 10.139771 -34.656407 2.384083 5.551372 -55.012557 0.317677 1.984725 -17.444028 -0.000002 0.000001 0.000001 9.104497 -0.042996 -1.865107 4.619083 12.290159 -45.892714 3.506987 5.064480 -61.906615 0.782198 2.290626 -24.526555 0.000002 -0.000001 0.000001 8.077803 -0.486899 -3.806298 6.980826 17.307764 -55.967431 3.069109 5.414370 -67.250227 0.722005 3.319335 -25.718095 -0.000000 -0.000002 -0.000002 -8.207802 -6.751702 -1.599542 -3.256049 -12.417061 -6.540967 23.677816 -0.178240 -4.650021 -13.740313 4.061535 -4.260652 -1.507375 -0.000007 -0.000009 0.000000 0.000002 0.000001 8.207800 -6.751697 -1.599541 -6.286900 12.112305 -0.328422 20.269276 9.898275 -5.790974 -9.489411 8.826177 8.365858 -4.732874 -0.000004 -0.000000 0.000000 -0.000002 0.000000 
22.736464 101.935364 2.264301 -6.832009 -2.072215 -1.143896 0.000001 10.181544 0.131521 3.661741 4.449903 -1.645867 1.088964 1.607264 0.166479 1.104432 1.600537 0.153032 0.000000 16.740358 -2.049017 0.960674 -7.671202 -2.796681 0.000001 9.617863 1.684978 -11.346355 -18.663728 20.931649 0.000004 22.037399 7.501073 0.000003 0.000000 0.000002 -4.569999 11.014893 -2.160836 8.962185 -1.004282 17.617694 8.445780 48.110244 40.174917 -0.000021 38.559468 0.000050 15.483371 28.277227 -29.770670 -2.464806 -1.573989 2.681906 18.491281 0.461458 -10.916093 1.284031 -32.757628 3.089025 -2.646277 -1.527818 1.527815 2.008735 -8.430493 1.114687 -1.994606 -1.151585 1.151569 0.000002 0.000001 0.000006 -9.108309 -0.517878 2.259800 0.989980 -6.644094 28.501300 1.646679 -4.810118 44.079845 -0.119638 -0.959714 20.996230 -0.000001 0.000002 0.000002 -9.532487 0.000004 -0.000000 2.357538 -10.268012 36.655549 2.546119 -5.664576 56.998776 0.456242 -2.363188 23.061311 -0.000002 -0.000004 -0.000003 -9.103598 -0.043097 -1.865103 4.861504 -12.334877 47.907295 3.691465 -5.136655 63.896386 -0.046877 -0.690679 24.966790 0.000001 0.000000 -0.000001 -8.076692 -0.486733 -3.806297 7.158445 -17.419653 57.990861 3.246954 -5.502996 69.232034 -0.707659 -1.056600 29.267719 0.000001 0.000000 0.000001 4.570400 11.014681 -2.160810 6.281086 -7.683147 -6.679557 -19.302991 -20.626367 -70.557890 -0.000003 -21.128155 -0.000000 -10.743415 -21.740149 -16.755895 2.466094 -1.576178 2.681697 18.501007 -0.441401 10.915582 1.295247 32.786247 -3.089054 2.647878 -1.528748 1.528752 2.120594 9.325419 -0.356199 1.998921 -1.154073 1.154075 -0.000001 0.000004 0.000001 9.109306 -0.518017 2.259894 0.900516 6.474234 -26.542472 1.511898 4.666740 -42.124044 0.132140 1.334217 -15.362670 -0.000003 0.000000 -0.000000 9.533403 0.000017 -0.000007 2.193337 10.139783 -34.688711 2.387273 5.553692 -55.052274 0.318216 1.986313 -17.460834 -0.000000 0.000002 -0.000002 9.104487 -0.043006 -1.865096 4.617840 12.285629 -45.924085 3.511116 5.066175 -61.951271 0.783018 2.292063 -24.543373 -0.000001 0.000001 -0.000000 8.077801 -0.486875 -3.806301 6.976781 17.302001 -56.000417 3.073098 5.416419 -67.294937 0.723387 3.321824 -25.746431 -0.000005 -0.000001 -0.000000 -8.207801 -6.751703 -1.599545 -3.483736 -12.400882 -6.681607 23.734446 -0.148361 -4.604001 -13.534561 4.702914 -3.966524 -1.671018 -0.000000 0.000004 0.000000 0.000000 0.000002 8.207801 -6.751706 -1.599544 -6.303798 12.137349 -0.248720 20.251533 9.897141 -5.945575 -9.610787 9.437453 8.496474 -4.875752 0.000005 -0.000001 -0.000000 -0.000002 0.000000 
22.776842 101.939041 2.298580 -6.789632 -2.819437 -1.289817 -0.000001 10.181555 0.131521 3.690480 4.439824 -1.668500 1.098920 1.605831 0.163022 1.114479 1.598884 0.149530 -0.000003 16.740385 -2.049020 0.935910 -7.975593 -2.791928 0.000004 9.617838 1.684982 -11.303540 -18.447322 21.368073 -0.000003 22.037384 7.501076 -0.000001 0.000000 -0.000000 -4.569996 11.014876 -2.160842 9.059065 -1.003157 17.410782 8.422986 48.710269 40.711332 -0.000015 40.831984 0.000048 17.011085 28.996871 -26.481367 -2.464803 -1.573983 2.681896 18.491281 0.461442 -10.916097 1.284020 -32.757625 3.089020 -2.646272 -1.527797 1.527813 2.008723 -8.430485 1.114694 -1.994594 -1.151573 1.151568 -0.000003 -0.000003 0.000001 -9.108295 -0.517876 2.259799 1.026903 -6.710603 29.254626 1.699875 -4.864138 44.833399 -0.106571 -1.036893 21.745258 -0.000002 0.000001 -0.000001 -9.532484 0.000001 -0.000005 2.420944 -10.314425 37.415414 2.608840 -5.706236 57.755144 0.486195 -2.431947 23.811680 -0.000004 -0.000002 -0.000001 -9.103592 -0.043102 -1.865106 4.952087 -12.347864 48.672584 3.762434 -5.162517 64.655001 -0.030030 -0.765747 25.715751 0.000001 -0.000000 0.000000 -8.076687 -0.486723 -3.806305 7.225602 -17.459097 58.760111 3.315552 -5.535213 69.987719 -0.699730 -1.141010 30.015963 -0.000002 -0.000000 0.000000 4.570400 11.014685 -2.160817 6.282868 -7.587528 -6.600962 -18.724395 -18.536210 -70.617906 -0.000005 -20.002677 -0.000010 -16.282891 -19.940220 -18.683938 2.466106 -1.576205 2.681688 18.459770 -0.526617 10.917548 1.247169 32.663597 -3.088815 2.647893 -1.528747 1.528746 2.105845 9.264403 -0.366613 1.998924 -1.154095 1.154083 -0.000002 0.000002 0.000003 9.109297 -0.518018 2.259897 0.882542 6.436148 -26.369947 1.499173 4.652688 -41.935452 0.129592 1.323341 -15.252473 -0.000002 -0.000001 -0.000001 9.533416 0.000004 0.000000 2.185535 10.139806 -34.476729 2.366299 5.538433 -54.791463 0.314641 1.975915 -17.350554 -0.000001 0.000000 0.000003 9.104501 -0.042992 -1.865105 4.626041 12.315546 -45.718165 3.484145 5.054995 -61.658126 0.777543 2.282608 -24.433023 -0.000001 0.000003 0.000000 8.077801 -0.486892 -3.806302 7.003402 17.340385 -55.784084 3.047009 5.402790 -67.001301 0.714233 3.305529 -25.560506 0.000000 0.000002 -0.000000 -8.207802 -6.751700 -1.599547 -3.733346 -12.385821 -6.797697 23.807654 -0.063061 -4.513698 -13.284585 5.349811 -3.661296 -1.884777 0.000004 0.000000 -0.000000 0.000000 0.000000 8.207795 -6.751687 -1.599545 -6.353936 12.177650 -0.096229 20.269281 9.896679 -6.099418 -9.740053 10.091521 8.580423 -4.973710 -0.000005 -0.000004 0.000000 -0.000002 0.000000 
22.746029 101.944046 2.339313 -6.738895 -3.607087 -1.458659 -0.000000 10.181538 0.131523 3.724164 4.336528 -1.665458 1.111072 1.567661 0.162105 1.126341 1.560510 0.148823 -0.000000 16.740360 -2.049023 0.918096 -8.187082 -2.809107 0.000004 9.617839 1.684982 -11.268072 -18.141408 21.663331 -0.000004 22.037338 7.501071 0.000001 0.000001 -0.000001 -4.569998 11.014887 -2.160844 9.178517 -1.024980 17.092328 7.956614 49.245329 41.778037 -0.000014 42.626248 0.000045 15.165330 29.405464 -19.833560 -2.464791 -1.573999 2.681903 18.491286 0.461461 -10.916102 1.284037 -32.757632 3.089016 -2.646262 -1.527795 1.527812 2.008715 -8.430445 1.114718 -1.994590 -1.151560 1.151579 -0.000003 0.000000 0.000003 -9.108296 -0.517873 2.259802 1.068188 -6.782571 30.076697 1.758729 -4.922306 45.655686 -0.091186 -1.120877 22.562493 -0.000001 -0.000002 0.000002 -9.532492 0.000004 -0.000001 2.490612 -10.363872 38.244596 2.677897 -5.750742 58.580456 0.519886 -2.506481 24.630402 -0.000008 0.000000 -0.000003 -9.103591 -0.043101 -1.865107 5.050553 -12.360223 49.507547 3.840264 -5.189691 65.482690 -0.010530 -0.847387 26.532930 -0.000000 0.000001 0.000001 -8.076685 -0.486727 -3.806301 7.299472 -17.501135 59.599582 3.390885 -5.569355 70.812239 -0.689815 -1.232980 30.832348 0.000000 0.000001 -0.000000 4.570404 11.014673 -2.160817 6.282982 -7.538503 -6.550862 -17.520847 -16.292079 -70.617449 0.000014 -18.661747 0.000028 -20.315484 -18.212037 -19.663189 2.466104 -1.576191 2.681689 18.306147 -0.841889 10.923156 1.069676 32.209338 -3.088926 2.647888 -1.528740 1.528755 2.051201 9.038470 -0.405248 1.998925 -1.154091 1.154078 -0.000001 -0.000001 -0.000000 9.109301 -0.518014 2.259888 0.817629 6.294518 -25.731349 1.452450 4.600177 -41.237206 0.120310 1.283006 -14.844328 -0.000003 0.000000 0.000001 9.533418 0.000010 -0.000010 2.156108 10.139663 -33.691660 2.289185 5.481000 -53.825719 0.301467 1.937294 -16.942125 -0.000004 0.000000 0.000004 9.104495 -0.042994 -1.865118 4.653798 12.426998 -44.954932 3.384791 5.012440 -60.572645 0.757393 2.247460 -24.024349 0.000003 -0.000000 -0.000002 8.077802 -0.486894 -3.806313 7.098502 17.484026 -54.981711 2.950990 5.351063 -65.913948 0.680757 3.244952 -24.872011 -0.000002 -0.000002 0.000000 -8.207800 -6.751716 -1.599545 -3.983355 -12.340869 -6.849376 23.876504 0.084572 -4.412634 -13.025640 5.944972 -3.352619 -2.099956 0.000001 0.000002 0.000000 0.000001 0.000000 8.207799 -6.751714 -1.599543 -6.457118 12.231715 0.131398 20.353887 9.897088 -6.239678 -9.884003 10.760835 8.604658 -5.016647 0.000002 -0.000003 0.000000 -0.000002 -0.000000 
22.637455 101.948402 2.385828 -6.681048 -4.422350 -1.639568 0.000001 10.181561 0.131524 3.772812 4.163571 -1.658203 1.128191 1.502228 0.156157 1.142871 1.494799 0.143245 -0.000003 16.740383 -2.049021 0.890992 -8.313543 -2.832377 0.000008 9.617858 1.684976 -11.220995 -17.781339 21.851657 -0.000003 22.037384 7.501086 -0.000000 0.000000 -0.000002 -4.569999 11.014885 -2.160837 9.315616 -1.072677 16.670854 7.001714 49.598358 43.335935 -0.000023 43.851952 0.000048 10.793400 28.945054 -10.894363 -2.464802 -1.574001 2.681905 18.491274 0.461454 -10.916082 1.284026 -32.757625 3.089028 -2.646257 -1.527811 1.527814 2.008718 -8.430473 1.114701 -1.994593 -1.151581 1.151582 0.000003 0.000001 -0.000002 -9.108308 -0.517874 2.259804 1.112981 -6.858072 30.946436 1.821887 -4.982889 46.525544 -0.073614 -1.209477 23.427002 0.000004 0.000002 0.000001 -9.532508 0.000001 0.000008 2.564840 -10.414830 39.121923 2.751614 -5.796735 59.453559 0.556699 -2.584820 25.496526 -0.000004 0.000000 0.000002 -9.103596 -0.043117 -1.865098 5.154246 -12.371217 50.390776 3.922975 -5.217199 66.358307 0.011382 -0.933458 27.397316 -0.000004 0.000000 0.000000 -8.076711 -0.486726 -3.806295 7.378347 -17.544490 60.487855 3.471081 -5.604256 71.684522 -0.677908 -1.330100 31.695937 0.000001 0.000001 -0.000000 4.570401 11.014678 -2.160815 6.281305 -7.529917 -6.519633 -15.767761 -13.905859 -70.565976 -0.000013 -17.188801 -0.000013 -22.889036 -17.097055 -19.598350 2.466101 -1.576197 2.681685 18.006486 -1.452836 10.929920 0.727883 31.328196 -3.093897 2.647885 -1.528733 1.528749 1.944832 8.600304 -0.480774 1.998928 -1.154092 1.154073 -0.000002 0.000001 0.000001 9.109295 -0.518002 2.259890 0.699027 6.016677 -24.493898 1.363662 4.496761 -39.883022 0.103143 1.204586 -14.052716 0.000002 -0.000000 -0.000000 9.533398 0.000003 -0.000009 2.096460 10.138762 -32.168419 2.142436 5.365993 -51.952946 0.276743 1.862148 -16.149938 -0.000001 -0.000002 0.000000 9.104495 -0.042993 -1.865111 4.696831 12.647084 -43.472009 3.194487 4.924574 -58.467505 0.719045 2.178884 -23.231695 -0.000002 -0.000003 -0.000005 8.077804 -0.486897 -3.806312 7.268818 17.772296 -53.421293 2.767679 5.245623 -63.805271 0.617970 3.126302 -23.536704 0.000001 0.000003 0.000001 -8.207801 -6.751704 -1.599542 -4.216424 -12.260161 -6.819245 23.927684 0.288999 -4.330972 -12.795467 6.481975 -3.046472 -2.276362 -0.000000 -0.000005 0.000000 0.000001 -0.000001 8.207798 -6.751689 -1.599543 -6.614696 12.282677 0.423124 20.513512 9.898470 -6.360752 -10.042137 11.450814 8.561949 -5.022889 -0.000005 -0.000000 -0.000000 0.000000 0.000000 
22.450994 101.953102 2.440535 -6.616827 -5.268562 -1.822046 -0.000002 10.181565 0.131523 3.837045 3.968929 -1.661426 1.149763 1.428825 0.141687 1.163739 1.421021 0.129156 -0.000001 16.740330 -2.049017 0.845181 -8.375337 -2.853596 0.000005 9.617856 1.684973 -11.138435 -17.419569 21.925618 0.000003 22.037369 7.501076 -0.000000 0.000000 -0.000002 -4.569996 11.014828 -2.160839 9.464562 -1.145316 16.163851 5.728598 49.653522 45.211389 -0.000017 44.417219 0.000050 5.039427 27.203779 -1.262978 -2.464797 -1.573994 2.681902 18.491272 0.461461 -10.916083 1.284016 -32.757625 3.089025 -2.646263 -1.527796 1.527814 2.008730 -8.430467 1.114690 -1.994590 -1.151582 1.151564 -0.000003 -0.000005 -0.000000 -9.108303 -0.517873 2.259799 1.160339 -6.935137 31.842759 1.887941 -5.044289 47.421986 -0.054102 -1.300467 24.317784 -0.000001 0.000002 -0.000003 -9.532521 0.000002 -0.000006 2.641887 -10.465883 40.026042 2.828327 -5.842963 60.353259 0.595865 -2.664936 26.389042 0.000001 0.000000 -0.000001 -9.103615 -0.043094 -1.865105 5.260541 -12.380427 51.300793 4.008642 -5.244230 67.260472 0.035279 -1.021763 28.288007 0.000003 -0.000001 0.000000 -8.076691 -0.486737 -3.806296 7.460357 -17.587930 61.403332 3.554286 -5.638956 72.583375 -0.664096 -1.429980 32.585753 -0.000000 0.000001 0.000001 4.570399 11.014640 -2.160811 6.277947 -7.547563 -6.493599 -13.608676 -11.398346 -70.470313 -0.000006 -15.649857 -0.000005 -24.287077 -16.955501 -18.469977 2.466108 -1.576214 2.681692 17.570260 -2.333750 10.930824 0.239771 30.056165 -3.111634 2.647894 -1.528742 1.528756 1.790445 7.967993 -0.591166 1.998929 -1.154088 1.154082 0.000000 -0.000002 0.000001 9.109302 -0.518012 2.259896 0.544975 5.608681 -22.710123 1.239881 4.343855 -37.928642 0.080244 1.090964 -12.909936 -0.000002 -0.000000 0.000000 9.533424 -0.000006 -0.000007 2.004584 10.135795 -29.968421 1.937477 5.191658 -49.250360 0.242843 1.753077 -15.006399 -0.000000 0.000000 -0.000001 9.104485 -0.042996 -1.865099 4.733677 12.973050 -41.325383 2.925766 4.785568 -55.429338 0.665357 2.078943 -22.087474 0.000001 -0.000000 -0.000000 8.077814 -0.486892 -3.806314 7.481135 18.210457 -51.158858 2.510227 5.081698 -60.762271 0.532237 2.952508 -21.609443 -0.000000 -0.000001 0.000001 -8.207804 -6.751698 -1.599544 -4.426963 -12.163830 -6.723583 23.951153 0.518120 -4.268095 -12.609020 7.027018 -2.734703 -2.402091 -0.000004 -0.000001 -0.000000 -0.000000 -0.000001 8.207797 -6.751691 -1.599544 -6.809366 12.322041 0.766242 20.727678 9.900953 -6.468625 -10.207128 12.172965 8.456645 -5.033229 0.000002 0.000002 0.000000 -0.000000 0.000000 
22.191582 101.960075 2.505984 -6.545388 -6.158392 -2.009389 -0.000002 10.181543 0.131524 3.899128 3.792696 -1.673898 1.169614 1.363383 0.121392 1.182916 1.355201 0.109169 -0.000002 16.740355 -2.049021 0.796144 -8.410534 -2.888248 0.000005 9.617842 1.684978 -10.988005 -17.081412 21.848886 0.000009 22.037384 7.501067 0.000002 0.000003 -0.000000 -4.570003 11.014860 -2.160838 9.619663 -1.237706 15.586565 4.480190 49.367043 47.140063 -0.000026 44.330714 0.000067 -1.208740 24.265762 7.545943 -2.464797 -1.574003 2.681908 18.491270 0.461432 -10.916102 1.284008 -32.757635 3.089017 -2.646266 -1.527806 1.527810 2.008736 -8.430469 1.114704 -1.994590 -1.151584 1.151573 -0.000001 -0.000003 -0.000000 -9.108297 -0.517891 2.259802 1.209206 -7.011949 32.744562 1.955352 -5.105013 48.323855 -0.033034 -1.391692 25.213848 0.000000 0.000000 -0.000000 -9.532513 0.000009 -0.000004 2.719949 -10.515743 40.935684 2.906228 -5.888217 61.258416 0.636494 -2.744894 27.286884 0.000001 -0.000000 -0.000000 -9.103606 -0.043108 -1.865110 5.366902 -12.387495 52.216144 4.095240 -5.270046 68.168027 0.060720 -1.110203 29.184008 -0.000003 0.000000 0.000000 -8.076707 -0.486724 -3.806300 7.543575 -17.630366 62.324452 3.638515 -5.672536 73.487604 -0.648652 -1.530207 33.480901 0.000002 -0.000002 -0.000002 4.570400 11.014683 -2.160814 6.273406 -7.580107 -6.467422 -11.216696 -8.784577 -70.328306 0.000007 -14.100214 -0.000016 -24.859986 -17.892936 -16.315946 2.466100 -1.576216 2.681703 17.022273 -3.425142 10.916814 -0.358431 28.477512 -3.150561 2.647883 -1.528761 1.528749 1.597434 7.183541 -0.730283 1.998917 -1.154095 1.154079 0.000002 -0.000001 -0.000000 9.109299 -0.518016 2.259902 0.382341 5.092226 -20.500172 1.093654 4.148308 -35.503754 0.054991 0.949369 -11.491574 -0.000002 0.000000 0.000001 9.533408 0.000002 0.000007 1.881123 10.128487 -27.236124 1.694985 4.962189 -45.897645 0.203854 1.616788 -13.587142 0.000001 0.000000 -0.000000 9.104507 -0.042996 -1.865092 4.736787 13.388411 -38.650951 2.603193 4.593607 -51.659989 0.601522 1.953448 -20.667459 -0.000002 -0.000002 0.000000 8.077810 -0.486893 -3.806296 7.686491 18.786698 -48.333496 2.203498 4.859690 -56.987325 0.434059 2.732923 -19.217989 -0.000001 -0.000001 0.000000 -8.207804 -6.751726 -1.599545 -4.615911 -12.063272 -6.580809 23.940575 0.736872 -4.200687 -12.450947 7.650272 -2.400204 -2.493659 -0.000005 -0.000001 -0.000000 0.000001 -0.000000 8.207796 -6.751710 -1.599546 -7.028482 12.363585 1.165495 20.979928 9.904528 -6.572590 -10.375518 12.923338 8.295933 -5.077297 -0.000001 -0.000001 0.000001 -0.000003 -0.000000 
21.861425 101.970039 2.580208 -6.468963 -7.101285 -2.216590 0.000003 10.181549 0.131524 3.932634 3.633720 -1.685101 1.179622 1.304993 0.100475 1.192276 1.296542 0.088577 -0.000002 16.740398 -2.049020 0.773284 -8.419176 -2.948548 0.000000 9.617835 1.684978 -10.782825 -16.764848 21.581759 -0.000006 22.037369 7.501064 -0.000000 -0.000001 -0.000002 -4.570004 11.014873 -2.160840 9.775921 -1.342429 14.941169 3.602307 48.771652 48.877660 0.000001 43.787660 0.000031 -7.725341 20.575849 14.641709 -2.464791 -1.573983 2.681894 18.491277 0.461460 -10.916087 1.284026 -32.757611 3.089016 -2.646262 -1.527814 1.527823 2.008730 -8.430461 1.114696 -1.994590 -1.151572 1.151575 0.000002 0.000002 0.000003 -9.108306 -0.517878 2.259795 1.258403 -7.086605 33.630748 2.022485 -5.163629 49.210034 -0.010977 -1.480968 26.094263 -0.000004 0.000000 -0.000000 -9.532513 0.000010 -0.000006 2.797125 -10.563251 41.829547 2.983425 -5.931496 62.147789 0.677646 -2.822832 28.169121 -0.000004 0.000001 0.000001 -9.103592 -0.043108 -1.865108 5.470770 -12.392332 53.115431 4.180675 -5.294067 69.059701 0.087073 -1.196716 30.064321 -0.000002 -0.000000 -0.000001 -8.076698 -0.486733 -3.806312 7.626051 -17.670799 63.229698 3.721782 -5.704260 74.376034 -0.631948 -1.628432 34.360390 -0.000004 0.000002 0.000006 4.570403 11.014682 -2.160816 6.268611 -7.626791 -6.452817 -8.758189 -6.067739 -70.121488 -0.000006 -12.596608 -0.000004 -24.908643 -19.767684 -13.195645 2.466107 -1.576216 2.681698 16.381420 -4.678319 10.879042 -1.038023 26.660578 -3.217458 2.647884 -1.528734 1.528757 1.373240 6.281002 -0.893502 1.998912 -1.154089 1.154082 -0.000001 -0.000003 0.000002 9.109304 -0.518012 2.259904 0.234876 4.485998 -17.961121 0.935797 3.915804 -32.713389 0.030269 0.785601 -9.858771 -0.000003 0.000000 -0.000000 9.533403 0.000008 0.000005 1.726408 10.113615 -24.088551 1.433153 4.681080 -42.040361 0.163151 1.458713 -11.953401 0.000003 -0.000000 0.000000 9.104518 -0.043001 -1.865099 4.680553 13.876669 -35.557435 2.248535 4.346999 -47.322891 0.531906 1.807088 -19.032918 -0.000002 -0.000001 0.000001 8.077814 -0.486895 -3.806295 7.838602 19.488159 -45.054998 1.869531 4.579833 -52.644373 0.332512 2.475350 -16.465742 -0.000001 -0.000000 0.000003 -8.207801 -6.751707 -1.599544 -4.784730 -11.954009 -6.390822 23.901813 0.945349 -4.104882 -12.292621 8.356195 -2.043441 -2.578180 0.000000 0.000004 -0.000000 0.000001 0.000001 8.207799 -6.751712 -1.599542 -7.271011 12.425512 1.640918 21.270613 9.909563 -6.676489 -10.547069 13.688917 8.080685 -5.146159 -0.000017 -0.000003 0.000000 0.000000 0.000000 
21.455692 101.981979 2.657631 -6.396616 -8.091577 -2.455390 0.000002 10.181545 0.131524 3.923761 3.450042 -1.686296 1.176453 1.236248 0.081737 1.188346 1.227685 0.070404 0.000000 16.740393 -2.049023 0.796555 -8.383629 -3.044153 0.000005 9.617828 1.684985 -10.545302 -16.431576 21.106029 0.000000 22.037369 7.501077 0.000002 -0.000001 0.000001 -4.569993 11.014910 -2.160842 9.929154 -1.455161 14.212984 3.256680 47.913582 50.301618 -0.000023 43.012573 0.000064 -14.582012 16.722456 19.680108 -2.464795 -1.573994 2.681888 18.491291 0.461432 -10.916107 1.284034 -32.757611 3.089047 -2.646265 -1.527819 1.527807 2.008714 -8.430482 1.114694 -1.994586 -1.151583 1.151581 0.000004 0.000002 0.000001 -9.108315 -0.517882 2.259791 1.306682 -7.157459 34.480154 2.087709 -5.218830 50.059409 0.011459 -1.566190 26.938032 -0.000001 0.000001 -0.000001 -9.532510 -0.000000 -0.000011 2.871547 -10.607482 42.686336 3.058055 -5.971845 63.000149 0.718200 -2.896904 29.014647 0.000001 0.000002 0.000001 -9.103601 -0.043104 -1.865114 5.569658 -12.395063 53.977165 4.262927 -5.315853 69.914199 0.113550 -1.279189 30.907979 0.000001 0.000001 -0.000001 -8.076701 -0.486719 -3.806311 7.705740 -17.708386 64.097425 3.802006 -5.733429 75.227526 -0.614500 -1.722323 35.203277 0.000001 0.000001 0.000002 4.570402 11.014691 -2.160817 6.264713 -7.697905 -6.476235 -6.367613 -3.263321 -69.819812 0.000005 -11.198147 0.000034 -24.594260 -22.262004 -9.183720 2.466102 -1.576204 2.681702 15.661451 -6.055867 10.810181 -1.778329 24.657760 -3.317628 2.647876 -1.528743 1.528746 1.123381 5.286379 -1.077297 1.998921 -1.154094 1.154082 0.000001 0.000001 0.000001 9.109289 -0.517999 2.259909 0.122228 3.805979 -15.166575 0.775134 3.650820 -29.637666 0.008426 0.604273 -8.058199 0.000001 -0.000001 0.000001 9.533400 0.000014 0.000004 1.540915 10.087427 -20.615114 1.167227 4.351474 -37.789613 0.123519 1.283144 -10.151895 -0.000000 -0.000000 0.000001 9.104493 -0.043002 -1.865094 4.543143 14.421150 -32.126768 1.880452 4.044888 -42.543032 0.460017 1.643412 -17.230592 -0.000001 -0.000000 -0.000000 8.077801 -0.486891 -3.806291 7.896081 20.300330 -41.404320 1.527203 4.242987 -47.858746 0.235044 2.185974 -13.431535 0.000000 0.000001 0.000000 -8.207801 -6.751712 -1.599544 -4.928565 -11.836837 -6.143575 23.851736 1.179197 -3.968628 -12.123235 9.086001 -1.707375 -2.670315 0.000006 0.000004 0.000000 -0.000001 -0.000001 8.207800 -6.751692 -1.599543 -7.538569 12.511027 2.209000 21.612687 9.916392 -6.776196 -10.721047 14.458003 7.803028 -5.210475 -0.000006 0.000003 -0.000001 0.000001 0.000000 
20.966890 101.994675 2.734299 -6.339910 -9.106526 -2.723284 -0.000001 10.181551 0.131523 3.883398 3.198702 -1.672979 1.164574 1.139574 0.064794 1.175435 1.130970 0.054402 -0.000002 16.740377 -2.049022 0.856713 -8.290646 -3.181067 -0.000002 9.617833 1.684977 -10.294614 -16.049205 20.441298 0.000006 22.037369 7.501074 0.000001 0.000001 -0.000002 -4.570005 11.014907 -2.160840 10.075671 -1.579160 13.378404 3.367276 46.802727 51.428698 -0.000031 41.988069 0.000076 -21.105577 13.693380 22.336962 -2.464811 -1.574005 2.681915 18.491296 0.461451 -10.916095 1.284035 -32.757628 3.089047 -2.646248 -1.527796 1.527825 2.008720 -8.430476 1.114691 -1.994594 -1.151569 1.151570 -0.000005 0.000000 0.000001 -9.108297 -0.517878 2.259814 1.352558 -7.222803 35.271650 2.149194 -5.269369 50.850803 0.033488 -1.645288 27.724163 -0.000000 -0.000001 -0.000001 -9.532513 0.000005 0.000003 2.941189 -10.647465 43.484642 3.128121 -6.008452 63.794363 0.756992 -2.965350 29.802421 0.000004 -0.000001 0.000001 -9.103600 -0.043106 -1.865095 5.661211 -12.395946 54.779924 4.339829 -5.335041 70.710319 0.139306 -1.355724 31.694018 -0.000001 -0.000000 0.000000 -8.076695 -0.486733 -3.806299 7.780502 -17.742344 64.905997 3.877159 -5.759537 76.020832 -0.597058 -1.809532 35.988557 -0.000002 0.000000 0.000001 4.570396 11.014712 -2.160818 6.262428 -7.809620 -6.566182 -4.136781 -0.440639 -69.393363 0.000017 -9.951049 -0.000004 -23.917815 -24.968380 -4.372693 2.466089 -1.576203 2.681696 14.877294 -7.519287 10.704887 -2.559720 22.523182 -3.453583 2.647889 -1.528738 1.528739 0.853806 4.226504 -1.277807 1.998917 -1.154090 1.154067 -0.000000 0.000000 0.000003 9.109296 -0.518016 2.259899 0.060526 3.071292 -12.191601 0.619792 3.359199 -26.359201 -0.008566 0.410222 -6.138012 -0.000001 -0.000000 -0.000002 9.533400 0.000002 0.000000 1.327093 10.045922 -16.908521 0.911552 3.979346 -33.259859 0.087358 1.094625 -8.230818 -0.000004 0.000000 -0.000002 9.104495 -0.042995 -1.865101 4.308617 15.000451 -28.444869 1.517299 3.690203 -37.449244 0.389072 1.466464 -15.308802 -0.000000 -0.000000 -0.000001 8.077803 -0.486895 -3.806302 7.823331 21.199558 -37.466221 1.194682 3.853723 -42.759423 0.148169 1.872168 -10.196684 0.000000 0.000001 -0.000000 -8.207804 -6.751714 -1.599544 -5.033604 -11.718801 -5.830168 23.806541 1.464823 -3.796666 -11.966464 9.766073 -1.470478 -2.759024 0.000003 -0.000002 -0.000000 -0.000000 -0.000000 8.207795 -6.751706 -1.599542 -7.822584 12.608400 2.863141 22.009699 9.925068 -6.856619 -10.890014 15.222405 7.449638 -5.252169 0.000012 0.000001 -0.000000 -0.000001 -0.000000 
20.392870 102.008484 2.809099 -6.303147 -10.116826 -3.006766 0.000002 10.181561 0.131524 3.837911 2.874592 -1.641428 1.152517 1.012951 0.048885 1.162069 1.004277 0.039779 -0.000004 16.740376 -2.049022 0.923557 -8.142904 -3.362990 0.000006 9.617858 1.684976 -10.049420 -15.632351 19.641455 0.000006 22.037399 7.501058 0.000000 -0.000001 -0.000002 -4.570000 11.014879 -2.160841 10.211921 -1.723948 12.421563 3.734400 45.439865 52.350562 -0.000005 40.722800 0.000042 -27.294414 11.844385 23.189160 -2.464800 -1.573992 2.681898 18.491301 0.461453 -10.916083 1.284019 -32.757628 3.089013 -2.646276 -1.527808 1.527819 2.008720 -8.430460 1.114702 -1.994590 -1.151586 1.151575 0.000001 -0.000001 -0.000000 -9.108315 -0.517889 2.259797 1.394663 -7.281087 35.984046 2.205108 -5.314149 51.563086 0.054249 -1.716194 28.431600 0.000001 -0.000000 -0.000001 -9.532507 0.000007 -0.000009 3.004194 -10.682490 44.203164 3.191599 -6.040540 64.509094 0.792665 -3.026506 30.511432 0.000001 0.000001 0.000002 -9.103614 -0.043107 -1.865110 5.743096 -12.395378 55.502291 4.409257 -5.351419 71.426737 0.163401 -1.424238 32.401389 -0.000004 -0.000001 -0.000001 -8.076704 -0.486723 -3.806305 7.848247 -17.772060 65.633815 3.945092 -5.782137 76.734785 -0.580304 -1.887789 36.695294 -0.000001 0.000003 -0.000000 4.570397 11.014704 -2.160818 6.261478 -7.976478 -6.737836 -2.123676 2.255251 -68.824627 -0.000004 -8.874056 -0.000002 -22.794090 -27.466001 1.115536 2.466110 -1.576204 2.681707 14.046627 -9.026717 10.560413 -3.362051 20.316311 -3.624860 2.647877 -1.528758 1.528748 0.571251 3.130721 -1.490302 1.998933 -1.154093 1.154081 0.000001 0.000005 -0.000000 9.109310 -0.518017 2.259911 0.060608 2.305298 -9.117494 0.476959 3.048608 -22.968420 -0.019309 0.208926 -4.151047 0.000001 0.000003 -0.000003 9.533405 0.000018 0.000011 1.090034 9.985784 -13.070961 0.678949 3.574312 -28.576234 0.056641 0.898382 -6.243133 0.000000 -0.000001 0.000000 9.104504 -0.042994 -1.865092 3.970152 15.588635 -24.608485 1.176372 3.290782 -32.182359 0.321947 1.280971 -13.320489 0.000002 -0.000001 0.000003 8.077802 -0.486894 -3.806285 7.595390 22.151459 -33.337310 0.888654 3.421555 -37.487401 0.077076 1.542800 -6.850275 0.000001 -0.000000 0.000002 -8.207800 -6.751704 -1.599543 -5.084663 -11.593829 -5.440925 23.770621 1.780704 -3.611323 -11.862195 10.351476 -1.405628 -2.815796 0.000005 0.000002 -0.000000 0.000002 0.000000 8.207802 -6.751688 -1.599544 -8.105628 12.691923 3.569761 22.439236 9.935528 -6.891359 -11.035839 15.988834 7.008637 -5.269654 -0.000004 -0.000000 0.000000 -0.000000 0.000000 
19.739063 102.024902 2.879514 -6.280110 -11.101922 -3.296009 -0.000001 10.181543 0.131522 3.807859 2.505800 -1.590078 1.146317 0.867902 0.034688 1.154419 0.859076 0.027054 0.000001 16.740387 -2.049021 0.973737 -7.954286 -3.587373 0.000002 9.617838 1.684979 -9.821105 -15.226356 18.770265 -0.000005 22.037369 7.501069 0.000001 0.000002 0.000000 -4.569998 11.014890 -2.160840 10.334880 -1.898561 11.349548 4.202638 43.882548 53.151542 -0.000016 39.238125 0.000032 -32.920320 11.203848 22.868095 -2.464809 -1.573991 2.681915 18.491282 0.461448 -10.916089 1.284015 -32.757611 3.089008 -2.646270 -1.527821 1.527817 2.008742 -8.430469 1.114696 -1.994606 -1.151585 1.151579 0.000002 -0.000008 -0.000000 -9.108313 -0.517879 2.259807 1.431387 -7.330722 36.596171 2.253615 -5.352047 52.175047 0.072757 -1.776919 29.039444 -0.000000 0.000002 0.000001 -9.532503 0.000003 0.000008 3.058490 -10.711839 44.820528 3.246453 -6.067487 65.123197 0.823943 -3.078691 31.120596 0.000001 0.000002 0.000003 -9.103619 -0.043117 -1.865093 5.813022 -12.393896 56.122841 4.469070 -5.364773 72.042240 0.184747 -1.482880 33.009140 0.000002 0.000002 0.000001 -8.076706 -0.486731 -3.806288 7.906717 -17.796913 66.259187 4.003683 -5.800895 77.348190 -0.565150 -1.954864 37.302470 -0.000001 -0.000001 0.000002 4.570400 11.014715 -2.160817 6.260225 -8.205016 -6.985349 -0.375056 4.626472 -68.114164 0.000006 -7.963538 0.000030 -21.179887 -29.390977 7.093585 2.466109 -1.576199 2.681696 13.188992 -10.536250 10.377276 -4.165971 18.097107 -3.827811 2.647891 -1.528739 1.528744 0.282952 2.028685 -1.709510 1.998932 -1.154095 1.154074 0.000001 -0.000002 0.000003 9.109300 -0.518015 2.259896 0.126666 1.533089 -6.025824 0.352033 2.727963 -19.556677 -0.023033 0.006043 -2.150822 -0.000000 -0.000001 -0.000000 9.533400 0.000007 -0.000000 0.837185 9.905104 -9.206228 0.479149 3.148822 -23.864988 0.032584 0.699855 -4.242279 -0.000000 -0.000003 -0.000001 9.104494 -0.042991 -1.865099 3.531936 16.158740 -20.718438 0.871833 2.858851 -26.884548 0.260916 1.091979 -11.319200 0.000001 -0.000002 0.000000 8.077799 -0.486888 -3.806303 7.202912 23.115317 -29.120061 0.622167 2.959995 -32.184808 0.025057 1.207622 -3.482329 0.000000 -0.000000 0.000001 -8.207801 -6.751703 -1.599544 -5.075759 -11.436499 -4.956296 23.739402 2.077440 -3.444532 -11.836007 10.824229 -1.553307 -2.816604 -0.000005 -0.000002 0.000000 -0.000000 -0.000001 8.207798 -6.751706 -1.599545 -8.379394 12.729606 4.293608 22.872879 9.947257 -6.856043 -11.139499 16.780166 6.475344 -5.268713 0.000011 0.000002 -0.000000 0.000000 -0.000000 
19.013010 102.044151 2.939166 -6.262696 -12.058920 -3.595484 0.000001 10.181550 0.131523 3.793741 2.115388 -1.526207 1.145832 0.713805 0.023000 1.152424 0.704765 0.016939 0.000000 16.740353 -2.049018 1.008399 -7.737155 -3.837495 -0.000005 9.617843 1.684981 -9.592562 -14.852134 17.864493 0.000003 22.037369 7.501071 0.000001 0.000001 -0.000001 -4.570001 11.014859 -2.160837 10.443585 -2.104962 10.195594 4.736370 42.260170 53.869999 -0.000008 37.583348 0.000028 -37.716113 11.642302 21.897921 -2.464794 -1.573978 2.681917 18.491301 0.461444 -10.916098 1.284019 -32.757604 3.089028 -2.646250 -1.527812 1.527809 2.008726 -8.430478 1.114701 -1.994576 -1.151579 1.151574 0.000001 -0.000008 0.000007 -9.108308 -0.517881 2.259809 1.461225 -7.370223 37.086828 2.292772 -5.382035 52.665550 0.088073 -1.825426 29.526587 -0.000000 -0.000004 0.000003 -9.532508 0.000010 0.000007 3.102129 -10.734878 45.315372 3.290646 -6.088661 65.615387 0.849408 -3.120259 31.608866 0.000001 0.000002 0.000001 -9.103598 -0.043111 -1.865095 5.868803 -12.392041 56.620134 4.517097 -5.375020 72.535516 0.202323 -1.529682 33.496224 0.000003 -0.000000 -0.000000 -8.076680 -0.486721 -3.806290 7.953815 -17.816407 66.760455 4.050767 -5.815447 77.839848 -0.552498 -2.008515 37.789149 0.000000 -0.000001 -0.000001 4.570402 11.014702 -2.160812 6.256518 -8.490615 -7.284629 1.060937 6.480025 -67.277035 -0.000018 -7.214223 0.000002 -19.169964 -30.505524 13.274709 2.466095 -1.576221 2.681702 12.326021 -12.006962 10.160089 -4.952571 15.925074 -4.055774 2.647884 -1.528760 1.528748 -0.003523 0.949780 -1.929616 1.998925 -1.154090 1.154067 -0.000000 -0.000003 -0.000000 9.109298 -0.518009 2.259906 0.255557 0.779982 -2.997398 0.248373 2.407057 -16.214678 -0.019855 -0.192787 -0.190583 0.000000 0.000004 0.000000 9.533402 -0.000011 0.000001 0.577798 9.804414 -5.417954 0.317994 2.717303 -19.251132 0.015743 0.504612 -2.281606 0.000000 -0.000002 -0.000000 9.104496 -0.043011 -1.865097 3.009549 16.686120 -16.878494 0.613435 2.410070 -21.696740 0.207570 0.904821 -9.358214 0.000000 -0.000001 -0.000003 8.077804 -0.486916 -3.806302 6.654912 24.048835 -24.923015 0.403624 2.485715 -26.992404 -0.006717 0.876718 -0.182356 0.000000 -0.000000 -0.000001 -8.207801 -6.751697 -1.599544 -5.009910 -11.216051 -4.348471 23.712680 2.340989 -3.318344 -11.892952 11.156746 -1.939256 -2.757361 0.000002 0.000003 0.000000 0.000001 0.000000 8.207798 -6.751697 -1.599543 -8.648059 12.719656 5.033772 23.297389 9.959906 -6.750768 -11.190606 17.596304 5.855348 -5.260034 -0.000002 -0.000001 0.000000 -0.000002 0.000000 
18.219538 102.063698 2.980808 -6.248836 -12.993139 -3.916148 -0.000004 10.181568 0.131523 3.778402 1.700173 -1.464896 1.145784 0.549141 0.012850 1.150820 0.539915 0.008498 0.000002 16.740356 -2.049016 1.044775 -7.497104 -4.085730 0.000005 9.617873 1.684978 -9.313524 -14.488269 16.915995 -0.000001 22.037384 7.501068 -0.000000 0.000002 0.000000 -4.570001 11.014853 -2.160836 10.540792 -2.337394 9.006944 5.368556 40.708382 54.512952 0.000015 35.819161 0.000007 -41.648270 12.963692 20.681108 -2.464799 -1.573997 2.681916 18.491294 0.461436 -10.916108 1.284015 -32.757621 3.089022 -2.646269 -1.527787 1.527812 2.008718 -8.430468 1.114705 -1.994594 -1.151573 1.151579 0.000002 -0.000002 0.000001 -9.108315 -0.517879 2.259810 1.482598 -7.398088 37.434812 2.320699 -5.403125 53.013435 0.099189 -1.859741 29.872082 0.000001 -0.000002 0.000002 -9.532505 0.000002 0.000004 3.133153 -10.750942 45.666320 3.322075 -6.103463 65.964485 0.867685 -3.149626 31.955136 -0.000002 0.000005 0.000001 -9.103608 -0.043101 -1.865093 5.908222 -12.390376 56.972780 4.551220 -5.382047 72.885372 0.215023 -1.562800 33.841685 -0.000001 0.000001 0.000001 -8.076688 -0.486721 -3.806288 7.987342 -17.829994 67.116014 4.084255 -5.825562 78.188481 -0.543227 -2.046489 38.134251 0.000001 -0.000005 -0.000000 4.570404 11.014668 -2.160812 6.248810 -8.819186 -7.606504 2.145894 7.685845 -66.337031 -0.000010 -6.630819 -0.000026 -16.996723 -30.755205 19.299082 2.466087 -1.576214 2.681697 11.482121 -13.398715 9.917640 -5.702522 13.859769 -4.299261 2.647882 -1.528757 1.528749 -0.280126 -0.076550 -2.144150 1.998917 -1.154093 1.154081 0.000004 0.000003 -0.000000 9.109290 -0.518009 2.259900 0.437036 0.070467 -0.113598 0.167249 2.096380 -13.033552 -0.010495 -0.381928 1.676046 0.000001 0.000004 0.000001 9.533397 -0.000002 -0.000005 0.322264 9.686990 -1.810379 0.197379 2.295645 -14.860337 0.005926 0.318250 -0.414703 -0.000000 -0.000002 0.000001 9.104490 -0.043006 -1.865105 2.429287 17.150825 -13.196602 0.406182 1.962717 -16.760296 0.162731 0.724997 -7.491163 -0.000001 -0.000001 0.000000 8.077802 -0.486896 -3.806310 5.980060 24.912253 -20.863737 0.236318 2.017482 -22.051298 -0.019215 0.560420 2.959596 0.000000 -0.000001 0.000001 -8.207804 -6.751705 -1.599543 -4.890047 -10.915339 -3.601451 23.693404 2.605233 -3.231146 -12.029841 11.316974 -2.578591 -2.640963 -0.000006 0.000001 0.000000 0.000000 0.000000 8.207797 -6.751688 -1.599544 -8.918212 12.710030 5.828336 23.717164 9.973884 -6.610672 -11.190153 18.380403 5.165599 -5.249318 -0.000010 -0.000001 0.000000 0.000002 0.000000 
17.362566 102.081322 3.000803 -6.234729 -13.889648 -4.256693 -0.000001 10.181567 0.131524 3.741177 1.251546 -1.414561 1.139695 0.370241 0.001743 1.143077 0.360859 -0.000724 -0.000002 16.740356 -2.049020 1.094357 -7.239190 -4.311685 0.000002 9.617836 1.684979 -8.939181 -14.120571 15.896497 0.000003 22.037354 7.501072 -0.000001 -0.000001 -0.000001 -4.569999 11.014875 -2.160841 10.632707 -2.586307 7.826070 6.106689 39.284677 55.093026 -0.000012 34.001372 0.000033 -44.898231 15.010780 19.521929 -2.464802 -1.573990 2.681914 18.491282 0.461448 -10.916099 1.284032 -32.757604 3.089008 -2.646276 -1.527832 1.527811 2.008721 -8.430476 1.114683 -1.994586 -1.151582 1.151584 0.000002 -0.000002 0.000001 -9.108309 -0.517872 2.259813 1.493976 -7.412773 37.618957 2.335532 -5.414219 53.197536 0.105161 -1.877876 30.054898 0.000003 0.000002 0.000004 -9.532516 0.000008 0.000005 3.149607 -10.759365 45.852033 3.338736 -6.111196 66.149153 0.877440 -3.165093 32.138362 0.000002 -0.000001 0.000000 -9.103598 -0.043103 -1.865095 5.929007 -12.389395 57.159364 4.569282 -5.385677 73.070463 0.221839 -1.580303 34.024468 0.000001 0.000002 0.000000 -8.076707 -0.486718 -3.806292 8.005106 -17.837095 67.304131 4.101987 -5.830816 78.372944 -0.538253 -2.066552 38.316873 -0.000000 0.000004 0.000002 4.570405 11.014683 -2.160816 6.237085 -9.171746 -7.930229 2.871162 8.199211 -65.321641 -0.000000 -6.213916 -0.000005 -14.944889 -30.292989 24.825205 2.466098 -1.576207 2.681695 10.683068 -14.674448 9.662024 -6.396859 11.957271 -4.546568 2.647894 -1.528752 1.528750 -0.538771 -1.022469 -2.346548 1.998928 -1.154093 1.154074 0.000004 0.000001 0.000001 9.109295 -0.518021 2.259901 0.654896 -0.574026 2.547978 0.107821 1.806154 -10.099691 0.003615 -0.556061 3.398195 0.000002 0.000002 0.000001 9.533406 0.000008 0.000001 0.081131 9.558872 1.517507 0.115057 1.899503 -10.811553 0.002284 0.146121 1.307593 0.000001 0.000001 -0.000001 9.104503 -0.042987 -1.865102 1.825377 17.540151 -9.778448 0.249817 1.535621 -12.208916 0.126603 0.557887 -5.768894 0.000000 0.000001 -0.000000 8.077820 -0.486898 -3.806305 5.224107 25.673540 -17.062072 0.118311 1.574213 -17.495239 -0.015351 0.268411 5.858042 0.000000 -0.000000 -0.000000 -8.207803 -6.751710 -1.599542 -4.715811 -10.543182 -2.729873 23.664017 2.874085 -3.166664 -12.232690 11.329501 -3.426629 -2.465357 0.000001 0.000003 -0.000000 -0.000000 -0.000001 8.207799 -6.751697 -1.599544 -9.193185 12.746476 6.705957 24.130425 9.989749 -6.473511 -11.138490 19.057592 4.425692 -5.221548 -0.000005 -0.000003 0.000000 -0.000002 0.000000 
16.449541 102.095741 3.000805 -6.203070 -14.698958 -4.594856 0.000001 10.181549 0.131524 3.672266 0.787866 -1.370388 1.123741 0.184545 -0.012416 1.125406 0.175009 -0.012932 0.000001 16.740374 -2.049018 1.151515 -6.975173 -4.514597 -0.000000 9.617874 1.684968 -8.479691 -13.791274 14.801295 0.000002 22.037369 7.501073 -0.000002 0.000000 0.000001 -4.570001 11.014874 -2.160841 10.726033 -2.840792 6.677785 6.886727 37.939068 55.655752 -0.000013 32.178408 0.000034 -47.643179 17.711022 18.650776 -2.464795 -1.573975 2.681900 18.491286 0.461456 -10.916083 1.284030 -32.757621 3.089033 -2.646263 -1.527820 1.527824 2.008723 -8.430467 1.114712 -1.994598 -1.151581 1.151575 0.000002 -0.000002 0.000003 -9.108303 -0.517872 2.259788 1.478980 -7.393406 37.376301 2.313958 -5.398051 52.929482 0.101190 -1.865870 29.933881 -0.000001 -0.000002 -0.000000 -9.532490 0.000010 -0.000011 3.129096 -10.749402 45.607379 3.314481 -6.099903 65.880221 0.870959 -3.154847 32.017055 0.000001 -0.000003 0.000003 -9.103589 -0.043103 -1.865109 5.904596 -12.392819 56.913863 4.542970 -5.380368 72.800958 0.217321 -1.568727 33.903485 0.000001 0.000002 0.000001 -8.076686 -0.486718 -3.806310 7.981690 -17.827718 67.056222 4.076167 -5.823128 78.104326 -0.541558 -2.053271 38.195985 0.000000 0.000002 -0.000001 4.570403 11.014691 -2.160813 6.222768 -9.528058 -8.249693 3.268319 8.038174 -64.256808 0.000002 -5.933626 0.000003 -13.247340 -29.450488 29.619201 2.466110 -1.576204 2.681694 9.954790 -15.801759 9.407962 -7.017546 10.267914 -4.784809 2.647884 -1.528732 1.528758 -0.771683 -1.862938 -2.530177 1.998912 -1.154093 1.154071 -0.000003 -0.000003 0.000005 9.109308 -0.518018 2.259899 0.888846 -1.136440 4.916686 0.067525 1.545828 -7.491135 0.020552 -0.710520 4.929865 -0.000001 0.000004 -0.000000 9.533403 -0.000002 -0.000001 -0.136159 9.428192 4.476570 0.065523 1.543113 -7.212169 0.003368 -0.006984 2.839275 -0.000001 0.000001 0.000001 9.104517 -0.042990 -1.865104 1.235718 17.849615 -6.721986 0.139661 1.146447 -8.163288 0.098680 0.408424 -4.237333 0.000000 -0.000002 -0.000002 8.077815 -0.486891 -3.806305 4.444446 26.312009 -13.634249 0.043301 1.173199 -13.444850 0.000462 0.009170 8.435722 -0.000000 0.000000 -0.000001 -8.207801 -6.751702 -1.599541 -4.497736 -10.135798 -1.783425 23.589573 3.075830 -3.103692 -12.470886 11.292317 -4.352757 -2.238721 -0.000002 -0.000003 0.000000 0.000000 -0.000000 8.207798 -6.751695 -1.599543 -9.479199 12.815041 7.641940 24.517644 10.007441 -6.339864 -11.026169 19.594605 3.645596 -5.154656 0.000005 0.000001 0.000000 0.000000 0.000000 
15.493395 102.108315 2.986888 -6.134642 -15.371995 -4.911824 -0.000001 10.181576 0.131523 3.576801 0.353697 -1.318424 1.098381 0.010535 -0.029799 1.098436 0.000824 -0.028523 0.000000 16.740358 -2.049020 1.201967 -6.721039 -4.703042 0.000004 9.617867 1.684983 -7.999217 -13.573788 13.660050 0.000002 22.037384 7.501076 0.000001 0.000001 -0.000001 -4.569997 11.014855 -2.160840 10.824251 -3.086610 5.568715 7.591289 36.546317 56.280281 -0.000010 30.391176 0.000028 -49.845935 21.041009 18.191785 -2.464792 -1.573995 2.681906 18.491291 0.461448 -10.916079 1.284032 -32.757608 3.089015 -2.646250 -1.527819 1.527810 2.008717 -8.430475 1.114688 -1.994593 -1.151584 1.151580 -0.000000 0.000000 0.000001 -9.108310 -0.517878 2.259799 1.361747 -7.235659 35.428116 2.144899 -5.265888 50.795710 0.067696 -1.760534 28.875424 0.000000 0.000001 0.000000 -9.532487 -0.000003 -0.000002 2.964373 -10.665089 43.642945 3.123246 -6.005944 63.739346 0.815470 -3.064637 30.956217 0.000000 0.000001 0.000002 -9.103584 -0.043118 -1.865101 5.703618 -12.414491 54.941301 4.334516 -5.333755 70.655418 0.178926 -1.467080 32.845154 -0.000001 0.000003 0.000000 -8.076687 -0.486726 -3.806297 7.795351 -17.748948 65.065851 3.871918 -5.757762 75.965603 -0.569311 -1.936788 37.138652 0.000000 0.000003 -0.000000 4.570405 11.014670 -2.160813 6.208017 -9.867446 -8.567141 3.412442 7.235559 -63.166819 -0.000010 -5.723034 -0.000002 -12.010191 -28.645602 33.592943 2.466106 -1.576222 2.681694 9.328229 -16.745086 9.174206 -7.543176 8.847822 -4.998803 2.647882 -1.528758 1.528756 -0.969949 -2.569854 -2.687488 1.998921 -1.154111 1.154085 -0.000002 0.000004 0.000001 9.109298 -0.518024 2.259899 1.114770 -1.600410 6.912367 0.042838 1.325399 -5.295569 0.037980 -0.840120 6.219301 -0.000000 0.000000 0.000001 9.533403 -0.000000 -0.000004 -0.320151 9.305651 6.966895 0.041262 1.241179 -4.182946 0.007463 -0.135811 4.128659 0.000001 -0.000000 -0.000001 9.104498 -0.042995 -1.865101 0.703110 18.080271 -4.137604 0.068423 0.813532 -4.758948 0.078302 0.282065 -2.948115 -0.000001 -0.000000 -0.000000 8.077819 -0.486888 -3.806301 3.710948 26.814906 -10.714394 0.002227 0.832221 -10.036009 0.022822 -0.208327 10.605692 -0.000000 0.000000 0.000003 -8.207800 -6.751680 -1.599543 -4.247913 -9.750311 -0.826263 23.426451 3.157177 -3.006410 -12.685559 11.303163 -5.198978 -1.999845 0.000005 -0.000006 -0.000000 0.000001 -0.000001 8.207799 -6.751681 -1.599545 -9.782223 12.871598 8.592414 24.855842 10.026175 -6.187062 -10.844187 19.998282 2.829216 -5.050176 -0.000003 0.000001 0.000000 0.000000 0.000000 
14.509121 102.120972 2.965050 -6.035646 -15.915294 -5.215985 -0.000000 10.181544 0.131524 3.467538 -0.012050 -1.248697 1.066942 -0.135411 -0.048298 1.065650 -0.145284 -0.045589 -0.000005 16.740360 -2.049020 1.239144 -6.486783 -4.876714 0.000007 9.617859 1.684977 -7.560837 -13.500494 12.503702 -0.000001 22.037354 7.501071 0.000001 -0.000003 -0.000000 -4.569999 11.014870 -2.160840 10.926036 -3.303558 4.496682 8.092108 34.950529 57.056054 -0.000020 28.684196 0.000052 -51.190495 24.980753 18.058211 -2.464785 -1.573989 2.681917 18.491299 0.461458 -10.916095 1.284007 -32.757632 3.089033 -2.646266 -1.527806 1.527814 2.008733 -8.430468 1.114698 -1.994591 -1.151584 1.151571 -0.000001 -0.000001 0.000003 -9.108291 -0.517873 2.259818 1.169105 -6.949096 32.005884 1.860177 -5.018707 47.046879 0.013576 -1.573955 27.015078 0.000002 -0.000000 -0.000001 -9.532486 0.000004 0.000011 2.678173 -10.501469 40.191398 2.796197 -5.823806 59.977489 0.721961 -2.903639 29.091774 0.000003 -0.000002 0.000001 -9.103592 -0.043110 -1.865090 5.338849 -12.432755 51.472295 3.972888 -5.233122 66.884450 0.116040 -1.286718 30.985044 -0.000004 0.000005 0.000002 -8.076683 -0.486733 -3.806295 7.475370 -17.595708 61.569934 3.519396 -5.624597 72.207264 -0.612861 -1.730870 35.280229 -0.000002 0.000003 -0.000001 4.570395 11.014708 -2.160814 6.194889 -10.169186 -8.880505 3.426480 5.799018 -62.081078 -0.000009 -5.507123 -0.000004 -11.171519 -28.232763 36.802722 2.466101 -1.576197 2.681701 8.845666 -17.455378 8.985308 -7.943222 7.774482 -5.168958 2.647902 -1.528739 1.528751 -1.121343 -3.104448 -2.808237 1.998920 -1.154095 1.154077 -0.000001 0.000003 0.000005 9.109302 -0.517997 2.259897 1.303117 -1.944957 8.423801 0.029763 1.158082 -3.634276 0.053131 -0.937953 7.195139 -0.000001 0.000000 0.000003 9.533401 0.000001 0.000003 -0.459524 9.205220 8.850937 0.033538 1.012099 -1.890961 0.012494 -0.233226 5.104419 0.000002 0.000001 0.000002 9.104494 -0.043004 -1.865097 0.279261 18.235413 -2.175477 0.027731 0.559152 -2.183452 0.064778 0.186138 -1.972553 0.000001 -0.000001 0.000004 8.077802 -0.486884 -3.806305 3.110048 27.171577 -8.484356 -0.015339 0.572901 -7.456702 0.045215 -0.372263 12.247917 -0.000000 -0.000000 -0.000003 -8.207801 -6.751706 -1.599543 -3.965150 -9.438439 0.092567 23.150986 3.175462 -2.835270 -12.804276 11.392581 -5.850409 -1.804912 0.000003 -0.000003 -0.000000 -0.000001 -0.000000 8.207800 -6.751698 -1.599544 -10.090068 12.906145 9.546726 25.133047 10.045474 -6.008147 -10.597359 20.290016 1.985456 -4.931692 0.000002 0.000002 0.000000 -0.000002 0.000000 
13.507915 102.133842 2.935210 -5.936136 -16.386823 -5.531307 -0.000000 10.181551 0.131523 3.354624 -0.298705 -1.161661 1.032674 -0.248658 -0.064195 1.030364 -0.258576 -0.060465 0.000001 16.740364 -2.049016 1.270277 -6.270242 -5.026692 -0.000005 9.617869 1.684978 -7.182122 -13.535803 11.334736 0.000002 22.037399 7.501070 0.000002 0.000001 -0.000000 -4.569997 11.014873 -2.160837 11.027171 -3.468567 3.462526 8.282381 32.988540 58.052455 -0.000026 27.129160 0.000036 -51.165958 29.520170 17.849981 -2.464794 -1.573992 2.681921 18.491286 0.461448 -10.916101 1.284002 -32.757611 3.089039 -2.646255 -1.527828 1.527808 2.008738 -8.430465 1.114697 -1.994599 -1.151594 1.151577 0.000000 -0.000003 0.000003 -9.108295 -0.517872 2.259813 0.947179 -6.564293 27.604513 1.518771 -4.674137 42.224588 -0.047156 -1.331330 24.620498 0.000001 0.000000 0.000000 -9.532495 -0.000003 0.000004 2.318339 -10.261379 35.751464 2.394208 -5.558561 55.137795 0.609434 -2.692013 26.692219 -0.000000 -0.000000 0.000002 -9.103586 -0.043101 -1.865098 4.850764 -12.415676 47.004378 3.518515 -5.069063 62.031191 0.043738 -1.051692 28.590757 -0.000002 -0.000001 -0.000004 -8.076713 -0.486733 -3.806292 7.079251 -17.371584 57.075277 3.079936 -5.419832 67.371367 -0.659067 -1.463870 32.888180 0.000004 -0.000002 0.000003 4.570403 11.014669 -2.160812 6.184645 -10.416568 -9.174258 3.479810 3.708071 -61.038026 0.000011 -5.247102 -0.000011 -10.491461 -28.349749 39.448041 2.466105 -1.576221 2.681691 8.546535 -17.888670 8.864468 -8.189282 7.117911 -5.276671 2.647882 -1.528753 1.528753 -1.214645 -3.431605 -2.882889 1.998920 -1.154094 1.154074 -0.000000 0.000003 0.000005 9.109298 -0.518013 2.259898 1.425762 -2.152868 9.349847 0.024167 1.055464 -2.617195 0.063224 -0.997708 7.792637 -0.000000 -0.000002 0.000001 9.533397 -0.000000 -0.000001 -0.544746 9.140418 10.004214 0.033325 0.871755 -0.487779 0.016387 -0.292812 5.701851 0.000000 0.000003 -0.000001 9.104500 -0.042996 -1.865097 0.011308 18.321701 -0.971561 0.008490 0.402593 -0.606835 0.057295 0.127305 -1.375262 -0.000001 -0.000002 -0.000000 8.077801 -0.486884 -3.806309 2.722985 27.378747 -7.110407 -0.020305 0.413815 -5.877531 0.061229 -0.472297 13.253448 0.000000 -0.000000 0.000001 -8.207800 -6.751709 -1.599543 -3.641158 -9.206145 0.962534 22.773381 3.225214 -2.584763 -12.772172 11.536458 -6.253461 -1.686573 0.000005 0.000002 0.000000 -0.000000 0.000000 8.207800 -6.751699 -1.599545 -10.378245 12.944867 10.522934 25.353363 10.065294 -5.815057 -10.300871 20.498742 1.125927 -4.817665 0.000007 0.000000 -0.000000 0.000002 0.000000 
12.494714 102.144508 2.890596 -5.854544 -16.824322 -5.865485 0.000000 10.181556 0.131522 3.242772 -0.516535 -1.063062 0.997344 -0.333595 -0.074270 0.994279 -0.343366 -0.069861 0.000002 16.740362 -2.049018 1.308371 -6.061469 -5.151359 0.000003 9.617872 1.684973 -6.846188 -13.621579 10.140003 -0.000001 22.037384 7.501068 0.000000 -0.000002 -0.000001 -4.569999 11.014886 -2.160837 11.124508 -3.565313 2.477849 8.096474 30.501695 59.294682 0.000001 25.809070 0.000019 -49.221328 34.661277 16.877780 -2.464793 -1.573990 2.681912 18.491289 0.461460 -10.916094 1.284041 -32.757632 3.089039 -2.646274 -1.527803 1.527828 2.008718 -8.430479 1.114695 -1.994605 -1.151582 1.151569 0.000000 -0.000001 -0.000000 -9.108278 -0.517871 2.259810 0.736396 -6.118135 22.717576 1.175028 -4.259105 36.869187 -0.102660 -1.058895 21.959173 0.000002 0.000000 -0.000000 -9.532494 0.000007 0.000003 1.933670 -9.955136 30.821673 1.975711 -5.225322 49.762593 0.494894 -2.451507 24.025788 0.000003 -0.000000 0.000000 -9.103589 -0.043110 -1.865096 4.290129 -12.337980 42.037045 3.031883 -4.842491 56.638876 -0.025025 -0.787153 25.929695 0.000002 -0.000001 -0.000002 -8.076689 -0.486729 -3.806296 6.662674 -17.088592 52.087740 2.613891 -5.149874 61.999703 -0.697269 -1.165104 30.229656 0.000003 0.000001 0.000004 4.570400 11.014688 -2.160814 6.177245 -10.603591 -9.422502 3.762706 0.954705 -60.073870 0.000014 -4.962030 -0.000005 -9.587294 -28.851795 41.872061 2.466112 -1.576206 2.681693 8.425229 -18.062654 8.814455 -8.288531 6.853817 -5.320753 2.647886 -1.528749 1.528745 -1.252324 -3.563226 -2.913087 1.998921 -1.154094 1.154078 -0.000000 -0.000001 0.000001 9.109294 -0.518022 2.259901 1.476656 -2.235819 9.722613 0.022405 1.014147 -2.207912 0.067478 -1.021722 8.033102 -0.000002 0.000001 0.000000 9.533399 0.000015 0.000001 -0.578981 9.113567 10.468273 0.034218 0.815275 0.000081 0.018119 -0.316778 5.942264 -0.000000 0.000000 0.000001 9.104499 -0.042998 -1.865103 -0.098268 18.354364 -0.486496 0.001952 0.339462 -0.000013 0.054462 0.103608 -1.134886 -0.000001 -0.000003 0.000001 8.077805 -0.486905 -3.806296 2.563033 27.459285 -6.555590 -0.021061 0.349766 -5.242060 0.068164 -0.512465 13.658089 0.000001 -0.000000 0.000002 -8.207799 -6.751705 -1.599545 -3.282445 -9.011460 1.804959 22.328525 3.347959 -2.286647 -12.581973 11.671331 -6.422562 -1.640172 -0.000008 -0.000002 0.000000 -0.000000 -0.000001 8.207801 -6.751709 -1.599545 -10.640071 13.009133 11.530154 25.527786 10.085490 -5.617681 -9.964270 20.638277 0.258461 -4.708150 -0.000007 -0.000000 -0.000000 -0.000000 0.000000 
11.471898 102.149803 2.825336 -5.783042 -17.199113 -6.198209 -0.000001 10.181557 0.131524 3.136087 -0.679849 -0.962482 0.962533 -0.396482 -0.079015 0.958914 -0.405985 -0.074169 -0.000000 16.740366 -2.049019 1.362784 -5.851434 -5.259708 -0.000001 9.617867 1.684980 -6.536564 -13.725859 8.922021 -0.000000 22.037354 7.501075 0.000001 -0.000001 -0.000001 -4.570001 11.014874 -2.160839 11.218704 -3.592720 1.567196 7.525801 27.359033 60.749840 -0.000009 24.707338 0.000023 -44.864477 40.316267 14.341394 -2.464797 -1.573974 2.681912 18.491267 0.461460 -10.916071 1.284036 -32.757618 3.089021 -2.646256 -1.527815 1.527820 2.008720 -8.430467 1.114707 -1.994597 -1.151579 1.151584 0.000000 -0.000001 -0.000000 -9.108296 -0.517887 2.259808 0.564705 -5.655730 17.836288 0.871769 -3.813903 31.519274 -0.145468 -0.784197 19.298307 0.000001 -0.000000 -0.000000 -9.532495 0.000004 0.000003 1.570011 -9.607514 25.898899 1.590622 -4.854545 44.392760 0.391705 -2.205890 21.360283 -0.000002 0.000000 -0.000001 -9.103590 -0.043104 -1.865094 3.718738 -12.193433 37.071627 2.568929 -4.571339 51.250106 -0.081452 -0.519707 23.269131 -0.000001 0.000000 0.000000 -8.076704 -0.486724 -3.806303 6.273991 -16.772124 47.110410 2.175458 -4.837686 56.632804 -0.721551 -0.864883 27.571575 -0.000001 0.000000 0.000000 4.570403 11.014677 -2.160814 6.171346 -10.739069 -9.601761 4.431864 -2.393818 -59.202618 0.000005 -4.707506 0.000002 -8.244449 -29.453500 44.260712 2.466096 -1.576207 2.681694 8.412443 -18.080814 8.808997 -8.298938 6.826181 -5.325417 2.647890 -1.528743 1.528751 -1.256251 -3.576992 -2.916225 1.998925 -1.154094 1.154070 -0.000000 -0.000001 -0.000000 9.109293 -0.518008 2.259897 1.482827 -2.244300 9.761564 0.022244 1.009833 -2.165088 0.067922 -1.024232 8.058258 -0.000001 -0.000001 0.000000 9.533398 0.000012 -0.000002 -0.582571 9.110713 10.516830 0.034237 0.814734 -0.000012 0.018307 -0.319290 5.967432 -0.000000 0.000000 -0.000001 9.104501 -0.042992 -1.865105 -0.109802 18.357670 -0.435722 0.001901 0.338868 -0.000115 0.054167 0.101136 -1.109740 0.000001 0.000001 -0.000004 8.077808 -0.486907 -3.806301 2.542749 27.467872 -6.497082 -0.021122 0.343085 -5.175592 0.068935 -0.516686 13.700462 0.000001 -0.000003 -0.000003 -8.207801 -6.751695 -1.599543 -2.910494 -8.821947 2.631859 21.854988 3.549489 -1.965428 -12.269773 11.713914 -6.431865 -1.648223 -0.000002 -0.000000 0.000000 -0.000000 -0.000000 8.207797 -6.751699 -1.599543 -10.889134 13.093075 12.547870 25.658092 10.105688 -5.413184 -9.584633 20.688850 -0.611595 -4.589319 0.000009 -0.000001 0.000000 0.000000 0.000000 
10.445065 102.148186 2.742477 -5.716519 -17.451553 -6.504197 -0.000001 10.181559 0.131524 3.042127 -0.802372 -0.875305 0.931228 -0.443142 -0.083860 0.927222 -0.452361 -0.078722 -0.000003 16.740343 -2.049020 1.438254 -5.637012 -5.355119 -0.000002 9.617882 1.684976 -6.245433 -13.844077 7.701843 -0.000001 22.037384 7.501077 0.000001 -0.000002 -0.000000 -4.570003 11.014885 -2.160838 11.313950 -3.565331 0.763987 6.623505 23.490564 62.329964 -0.000001 23.575701 0.000015 -37.326151 46.145824 9.252258 -2.464806 -1.574003 2.681907 18.491296 0.461459 -10.916087 1.284039 -32.757604 3.089026 -2.646258 -1.527817 1.527812 2.008714 -8.430477 1.114707 -1.994621 -1.151582 1.151574 0.000001 -0.000004 0.000003 -9.108306 -0.517873 2.259812 0.444669 -5.228705 13.449630 0.635697 -3.390861 26.710940 -0.173038 -0.535600 16.904956 -0.000002 0.000002 0.000003 -9.532493 0.000002 0.000007 1.265227 -9.260006 21.477204 1.275447 -4.491614 39.566770 0.308744 -1.981100 18.963178 -0.000002 -0.000001 0.000002 -9.103607 -0.043101 -1.865100 3.203625 -12.002988 32.608716 2.176041 -4.291360 46.405982 -0.121519 -0.277089 20.876017 -0.000002 -0.000002 -0.000000 -8.076695 -0.486725 -3.806294 5.950552 -16.460822 42.642223 1.807826 -4.523023 51.809205 -0.731506 -0.594091 25.180669 0.000002 0.000000 0.000000 4.570399 11.014704 -2.160815 6.165036 -10.841805 -9.703595 5.549600 -6.152544 -58.410111 -0.000002 -4.534384 -0.000003 -6.399915 -29.867475 46.702781 2.466108 -1.576199 2.681695 8.425853 -18.061662 8.814610 -8.287957 6.855304 -5.320509 2.647898 -1.528749 1.528754 -1.252115 -3.562499 -2.912934 1.998921 -1.154100 1.154073 -0.000003 0.000002 0.000001 9.109303 -0.517995 2.259899 1.476367 -2.235342 9.720525 0.022427 1.014368 -2.210211 0.067442 -1.021592 8.031749 -0.000002 -0.000002 -0.000001 9.533403 0.000012 -0.000005 -0.578800 9.113674 10.465662 0.034214 0.815580 0.000048 0.018118 -0.316656 5.940923 0.000001 0.000001 -0.000002 9.104506 -0.042993 -1.865102 -0.097664 18.354148 -0.489220 0.001992 0.339806 0.000035 0.054474 0.103741 -1.136242 0.000001 -0.000002 0.000000 8.077812 -0.486880 -3.806306 2.563881 27.458750 -6.558698 -0.021066 0.350134 -5.245619 0.068138 -0.512251 13.655843 0.000000 -0.000002 0.000003 -8.207799 -6.751710 -1.599543 -2.526779 -8.654904 3.426514 21.367782 3.813170 -1.618964 -11.880889 11.635387 -6.355739 -1.701574 -0.000005 -0.000001 -0.000000 0.000001 0.000001 8.207800 -6.751701 -1.599544 -11.126571 13.165145 13.532168 25.740169 10.125025 -5.183092 -9.161103 20.634193 -1.482090 -4.435083 0.000005 0.000001 0.000000 -0.000002 0.000000 
9.423853 102.141235 2.652627 -5.672674 -17.547593 -6.776081 -0.000002 10.181558 0.131523 2.969170 -0.897767 -0.816435 0.906712 -0.478872 -0.095256 0.902470 -0.487876 -0.089917 -0.000001 16.740355 -2.049018 1.536271 -5.422217 -5.426219 0.000003 9.617857 1.684981 -5.956956 -13.982474 6.493551 0.000002 22.037369 7.501072 -0.000000 -0.000000 -0.000001 -4.569998 11.014863 -2.160840 11.415015 -3.503809 0.101753 5.484743 18.906583 63.916125 -0.000010 22.091543 0.000021 -25.728728 51.205440 0.520108 -2.464799 -1.574003 2.681908 18.491279 0.461444 -10.916095 1.284031 -32.757621 3.089037 -2.646262 -1.527810 1.527816 2.008725 -8.430473 1.114706 -1.994593 -1.151571 1.151575 0.000001 -0.000004 -0.000006 -9.108295 -0.517877 2.259799 0.374302 -4.891447 10.044988 0.477382 -3.049508 22.978732 -0.187271 -0.341848 15.046050 0.000000 0.000003 0.000001 -9.532495 -0.000001 -0.000001 1.045642 -8.968028 18.047438 1.052564 -4.192223 35.821279 0.250834 -1.804197 17.101697 0.000003 0.000001 0.000003 -9.103598 -0.043107 -1.865100 2.807823 -11.814299 29.146128 1.888136 -4.051631 42.645901 -0.145631 -0.087626 19.017323 -0.000000 -0.000001 -0.000001 -8.076698 -0.486723 -3.806302 5.717697 -16.202950 39.177958 1.541438 -4.258028 48.065407 -0.731434 -0.383616 23.323663 0.000002 -0.000001 -0.000000 4.570401 11.014672 -2.160813 6.157213 -10.928070 -9.737045 7.052175 -10.033193 -57.675989 0.000001 -4.458202 0.000010 -4.062845 -29.886876 49.293065 2.466099 -1.576220 2.681691 8.428625 -18.057816 8.815837 -8.285754 6.861198 -5.319527 2.647886 -1.528746 1.528757 -1.251264 -3.559535 -2.912242 1.998909 -1.154069 1.154072 -0.000000 0.000000 0.000003 9.109291 -0.518039 2.259898 1.475226 -2.233506 9.712215 0.022463 1.015303 -2.219339 0.067355 -1.021029 8.026388 0.000001 0.000000 0.000001 9.533399 -0.000014 -0.000003 -0.578031 9.114315 10.455315 0.034193 0.816855 -0.000002 0.018071 -0.316111 5.935559 0.000001 -0.000001 -0.000003 9.104494 -0.043010 -1.865104 -0.095195 18.353459 -0.500052 0.002133 0.341228 -0.000037 0.054537 0.104261 -1.141590 0.000002 0.000005 -0.000002 8.077803 -0.486907 -3.806299 2.567522 27.457034 -6.571098 -0.021061 0.351561 -5.259825 0.067977 -0.511342 13.646826 -0.000001 -0.000004 -0.000002 -8.207800 -6.751702 -1.599544 -2.100021 -8.542396 4.171452 20.855882 4.092174 -1.248706 -11.444434 11.476843 -6.223920 -1.797802 0.000001 0.000000 -0.000000 0.000000 0.000000 8.207801 -6.751693 -1.599545 -11.320472 13.187445 14.435202 25.762652 10.142466 -4.897623 -8.692600 20.497674 -2.358311 -4.217283 0.000002 -0.000001 -0.000000 -0.000002 0.000000 
8.417360 102.132774 2.565364 -5.664929 -17.483350 -7.019889 0.000000 10.181533 0.131525 2.920267 -0.973092 -0.783708 0.889797 -0.506067 -0.114159 0.885442 -0.514948 -0.108681 -0.000002 16.740379 -2.049018 1.650476 -5.217206 -5.461243 0.000000 9.617845 1.684980 -5.643152 -14.161442 5.292833 -0.000000 22.037354 7.501077 0.000002 -0.000001 0.000000 -4.570003 11.014885 -2.160837 11.523789 -3.423091 -0.395573 4.210447 13.688405 65.392586 -0.000024 20.125041 0.000031 -10.263236 54.055845 -11.817697 -2.464790 -1.573996 2.681910 18.491298 0.461449 -10.916101 1.284030 -32.757618 3.089037 -2.646259 -1.527810 1.527815 2.008727 -8.430467 1.114692 -1.994601 -1.151586 1.151578 -0.000002 0.000002 0.000001 -9.108293 -0.517875 2.259805 0.343297 -4.697911 8.109121 0.397399 -2.850966 20.856584 -0.192546 -0.231448 13.988636 -0.000000 -0.000002 -0.000001 -9.532495 -0.000005 -0.000003 0.928206 -8.793589 16.098336 0.934695 -4.015639 33.691759 0.220479 -1.702754 16.042943 -0.000001 0.000001 -0.000000 -9.103598 -0.043113 -1.865102 2.585946 -11.690825 27.178328 1.731631 -3.907004 40.507977 -0.156625 0.020472 17.960008 0.000000 0.000004 0.000006 -8.076699 -0.486745 -3.806303 5.592742 -16.050361 37.209795 1.397868 -4.099717 45.936820 -0.728346 -0.263932 22.267294 0.000001 0.000002 0.000002 4.570397 11.014686 -2.160816 6.148721 -10.999353 -9.719744 8.768307 -13.720720 -57.007020 -0.000006 -4.453125 0.000002 -1.500801 -29.523359 51.855681 2.466099 -1.576216 2.681697 8.424392 -18.063856 8.814074 -8.289222 6.852005 -5.321070 2.647881 -1.528763 1.528752 -1.252571 -3.564122 -2.913283 1.998917 -1.154090 1.154069 -0.000002 0.000002 -0.000000 9.109303 -0.518022 2.259902 1.477013 -2.236381 9.725178 0.022402 1.013851 -2.205118 0.067493 -1.021892 8.034732 0.000001 -0.000001 -0.000001 9.533408 0.000010 -0.000002 -0.579223 9.113366 10.471455 0.034227 0.814885 -0.000072 0.018138 -0.316957 5.943929 -0.000001 0.000003 0.000001 9.104505 -0.042979 -1.865097 -0.099024 18.354586 -0.483168 0.001909 0.339030 -0.000040 0.054437 0.103442 -1.133243 -0.000000 0.000001 -0.000000 8.077822 -0.486891 -3.806305 2.561914 27.459813 -6.551780 -0.021068 0.349341 -5.237715 0.068228 -0.512747 13.660891 0.000000 -0.000003 -0.000000 -8.207801 -6.751718 -1.599543 -1.601103 -8.483239 4.875574 20.294809 4.340217 -0.872278 -10.970501 11.267364 -6.045336 -1.928364 -0.000001 0.000002 0.000000 -0.000001 -0.000001 8.207802 -6.751712 -1.599545 -11.445513 13.146404 15.235965 25.712664 10.157414 -4.539943 -8.180953 20.301436 -3.241442 -3.936486 -0.000007 -0.000001 -0.000000 0.000000 0.000000 
7.430405 102.125809 2.483574 -5.672457 -17.252769 -7.237843 -0.000002 10.181553 0.131526 2.891423 -1.025994 -0.753066 0.878199 -0.523583 -0.134344 0.873848 -0.532357 -0.128769 -0.000002 16.740358 -2.049020 1.763404 -5.033484 -5.463607 0.000006 9.617846 1.684976 -5.284642 -14.417143 4.096529 0.000004 22.037384 7.501074 0.000000 0.000001 -0.000001 -4.570001 11.014864 -2.160839 11.637689 -3.326894 -0.720236 2.877727 7.960410 66.671587 -0.000014 17.834770 0.000034 6.322439 53.573583 -25.123685 -2.464797 -1.574003 2.681907 18.379320 0.691592 -10.920560 1.154267 -32.426057 3.088701 -2.646258 -1.527807 1.527815 1.968468 -8.265606 1.143116 -1.994598 -1.151573 1.151580 -0.000001 -0.000005 -0.000000 -9.108298 -0.517875 2.259800 0.330167 -4.582271 7.619668 0.378763 -2.801450 20.332051 -0.193959 -0.192118 13.612089 0.000001 0.000002 -0.000002 -9.532488 -0.000002 0.000000 0.903906 -8.778443 15.498155 0.896393 -3.955010 32.972820 0.210109 -1.666495 15.665928 0.000000 0.000001 -0.000000 -9.103596 -0.043106 -1.865109 2.568425 -11.760261 26.584961 1.674007 -3.850923 39.701181 -0.160043 0.059008 17.583525 -0.000002 -0.000004 0.000001 -8.076699 -0.486725 -3.806299 5.622600 -16.168332 36.584197 1.344941 -4.038267 45.129269 -0.725703 -0.198316 21.688009 -0.000001 0.000002 0.000003 4.570402 11.014675 -2.160814 6.142069 -11.040191 -9.666985 10.482056 -16.974866 -56.448471 -0.000007 -4.467838 0.000002 0.938271 -28.981295 54.072914 2.466093 -1.576189 2.681700 8.422544 -18.066422 8.813292 -8.290705 6.848044 -5.321741 2.647885 -1.528754 1.528755 -1.253142 -3.566091 -2.913753 1.998917 -1.154093 1.154081 -0.000003 0.000003 -0.000000 9.109297 -0.518021 2.259900 1.477888 -2.237587 9.730762 0.022379 1.013253 -2.198963 0.067562 -1.022246 8.038357 0.000000 0.000001 -0.000001 9.533398 0.000009 0.000007 -0.579738 9.112972 10.478420 0.034231 0.814743 0.000058 0.018160 -0.317308 5.947528 0.000004 0.000005 0.000001 9.104503 -0.043003 -1.865099 -0.100696 18.355075 -0.475881 0.001907 0.338869 0.000071 0.054391 0.103090 -1.129640 0.000001 -0.000002 -0.000003 8.077808 -0.486865 -3.806302 2.559045 27.461028 -6.543399 -0.021083 0.348397 -5.228185 0.068344 -0.513367 13.666972 -0.000001 -0.000001 -0.000002 -8.207800 -6.751709 -1.599543 -1.038266 -8.450788 5.559874 19.659945 4.539902 -0.493816 -10.459935 10.979589 -5.851647 -2.079298 -0.000002 0.000002 0.000000 -0.000000 -0.000000 8.207802 -6.751706 -1.599543 -11.525820 13.062628 15.952342 25.582006 10.170153 -4.123046 -7.629455 20.011636 -4.117024 -3.627218 -0.000009 -0.000000 -0.000000 -0.000000 0.000000 
6.464326 102.120537 2.404945 -5.661270 -16.834208 -7.425371 -0.000001 10.181558 0.131525 2.876020 -1.053711 -0.698396 0.869380 -0.530428 -0.148488 0.865108 -0.539106 -0.142862 -0.000001 16.740360 -2.049016 1.856347 -4.876734 -5.443268 0.000004 9.617849 1.684974 -4.891591 -14.775596 2.922122 -0.000004 22.037384 7.501076 -0.000000 -0.000004 0.000001 -4.570000 11.014859 -2.160834 11.750188 -3.212075 -0.880641 1.528949 1.860784 67.697632 0.000012 15.538322 -0.000013 20.089410 49.953688 -35.592495 -2.464792 -1.573992 2.681909 17.568563 2.337335 -10.930986 0.237892 -30.051241 3.111785 -2.646268 -1.527779 1.527815 1.678170 -7.085295 1.349763 -1.994601 -1.151569 1.151577 0.000002 -0.000003 0.000001 -9.108290 -0.517895 2.259805 0.280980 -3.942534 6.012623 0.322253 -2.641940 18.654918 -0.197006 -0.018581 11.951367 0.000003 -0.000001 0.000002 -9.532497 -0.000004 -0.000002 0.833218 -8.842487 13.107423 0.741895 -3.691646 29.911089 0.167300 -1.505797 14.003312 0.000001 -0.000001 0.000001 -9.103595 -0.043096 -1.865097 2.624630 -12.390616 24.254879 1.421139 -3.584815 36.018835 -0.172117 0.229222 15.923058 0.000001 -0.000001 -0.000000 -8.076696 -0.486727 -3.806295 5.897967 -17.183656 34.014670 1.113962 -3.747569 41.432313 -0.700229 0.153665 18.574013 -0.000000 0.000002 0.000003 4.570399 11.014681 -2.160810 6.139969 -11.029463 -9.588082 12.013655 -19.698855 -56.058296 -0.000007 -4.443286 0.000015 3.028242 -28.540820 55.693636 2.466087 -1.576204 2.681699 8.423560 -18.065010 8.813704 -8.289868 6.850263 -5.321364 2.647884 -1.528732 1.528748 -1.252838 -3.565011 -2.913489 1.998921 -1.154072 1.154072 0.000001 0.000003 0.000001 9.109288 -0.518006 2.259903 1.477392 -2.236941 9.727665 0.022394 1.013583 -2.202376 0.067535 -1.022069 8.036349 0.000001 -0.000003 -0.000001 9.533396 0.000001 0.000000 -0.579443 9.113171 10.474554 0.034230 0.814741 0.000001 0.018146 -0.317100 5.945535 0.000001 0.000004 0.000001 9.104487 -0.042990 -1.865094 -0.099765 18.354766 -0.479926 0.001901 0.338866 -0.000025 0.054423 0.103290 -1.131638 -0.000001 0.000007 0.000002 8.077800 -0.486908 -3.806298 2.560674 27.460325 -6.548038 -0.021077 0.348899 -5.233474 0.068270 -0.513020 13.663580 0.000000 0.000001 -0.000002 -8.207799 -6.751709 -1.599544 -0.441817 -8.429204 6.233763 18.940787 4.695881 -0.094588 -9.918680 10.565791 -5.691819 -2.249836 -0.000004 -0.000001 0.000000 -0.000000 0.000000 8.207797 -6.751693 -1.599543 -11.614647 12.966701 16.619085 25.375556 10.181218 -3.677430 -7.044495 19.556879 -4.960981 -3.323923 0.000007 0.000004 -0.000000 0.000000 0.000000 
5.521512 102.115334 2.325869 -5.628344 -16.207325 -7.579253 0.000001 10.181549 0.131523 2.870071 -1.054804 -0.615833 0.863505 -0.526457 -0.155377 0.859343 -0.535084 -0.149786 -0.000000 16.740364 -2.049023 1.924295 -4.746467 -5.397569 -0.000000 9.617868 1.684979 -4.500349 -15.233076 1.798676 0.000003 22.037338 7.501078 -0.000000 -0.000001 -0.000000 -4.570000 11.014888 -2.160842 11.852969 -3.079136 -0.896208 0.171160 -4.480447 68.435381 -0.000015 13.515418 0.000028 29.318058 44.421549 -41.719055 -2.464795 -1.573982 2.681912 16.149952 5.124521 -10.859856 -1.278411 -26.012649 3.246936 -2.646277 -1.527811 1.527816 1.175880 -5.079663 1.714056 -1.994594 -1.151583 1.151575 0.000001 -0.000002 0.000001 -9.108309 -0.517877 2.259800 0.270474 -2.850582 3.283908 0.236906 -2.367022 15.802435 -0.190653 0.276635 9.125969 0.000003 0.000001 0.000001 -9.532499 0.000015 -0.000000 0.678993 -8.942467 9.034653 0.512259 -3.225905 24.705709 0.105223 -1.229797 11.175219 0.000001 -0.000000 -0.000002 -9.103594 -0.043096 -1.865107 2.580566 -13.477443 20.257542 1.032151 -3.096692 29.759114 -0.181336 0.519373 13.098116 0.000002 0.000001 -0.000000 -8.076703 -0.486744 -3.806296 6.124678 -18.971110 29.569231 0.765867 -3.220961 35.148109 -0.613070 0.747577 13.275466 0.000002 0.000002 -0.000001 4.570401 11.014713 -2.160819 6.143627 -10.958827 -9.491336 13.281690 -21.936228 -55.863267 0.000001 -4.326582 0.000016 4.735590 -28.427246 56.664028 2.466094 -1.576225 2.681702 8.424436 -18.063738 8.814071 -8.289169 6.852118 -5.321060 2.647901 -1.528747 1.528751 -1.252558 -3.564065 -2.913282 1.998928 -1.154102 1.154072 -0.000002 0.000002 0.000005 9.109305 -0.518017 2.259898 1.476983 -2.236331 9.725014 0.022408 1.013876 -2.205296 0.067490 -1.021864 8.034625 0.000003 -0.000000 -0.000000 9.533400 0.000009 -0.000001 -0.579210 9.113387 10.471238 0.034226 0.814921 0.000048 0.018138 -0.316940 5.943805 0.000000 -0.000003 -0.000001 9.104486 -0.042990 -1.865097 -0.098982 18.354561 -0.483398 0.001924 0.339057 -0.000067 0.054444 0.103453 -1.133374 0.000001 0.000002 0.000002 8.077801 -0.486907 -3.806301 2.561973 27.459751 -6.552033 -0.021067 0.349364 -5.238000 0.068226 -0.512739 13.660686 0.000000 -0.000002 -0.000000 -8.207799 -6.751708 -1.599544 0.178306 -8.413545 6.902653 18.141455 4.823728 0.322460 -9.360545 9.980739 -5.581511 -2.460052 -0.000002 0.000001 0.000000 -0.000000 -0.000000 8.207802 -6.751710 -1.599545 -11.737360 12.877327 17.254537 25.107449 10.190337 -3.225365 -6.434407 18.886105 -5.754313 -3.043215 0.000001 0.000005 -0.000000 -0.000000 0.000000 
4.609674 102.109291 2.243695 -5.601050 -15.368861 -7.695992 -0.000001 10.181556 0.131527 2.873534 -1.012007 -0.523581 0.862942 -0.505102 -0.159934 0.858985 -0.513770 -0.154516 -0.000002 16.740362 -2.049020 1.975627 -4.645280 -5.312954 0.000003 9.617876 1.684975 -4.150294 -15.781779 0.744883 -0.000004 22.037369 7.501070 -0.000000 -0.000002 0.000001 -4.570000 11.014877 -2.160839 11.938159 -2.939488 -0.790968 -1.220506 -10.944022 68.851462 -0.000003 11.891079 0.000014 34.485260 38.193096 -44.276988 -2.464799 -1.574004 2.681904 14.327199 8.522532 -10.612983 -3.093716 -21.055609 3.564098 -2.646271 -1.527813 1.527815 0.542694 -2.619269 2.184719 -1.994590 -1.151580 1.151582 0.000002 -0.000005 -0.000000 -9.108286 -0.517883 2.259800 0.383528 -1.510587 -0.064220 0.150967 -2.023893 12.297993 -0.162904 0.638481 5.653322 -0.000002 0.000001 -0.000002 -9.532497 0.000010 -0.000004 0.433145 -9.042890 4.020573 0.289557 -2.628095 18.313907 0.047717 -0.886921 7.700252 -0.000000 0.000001 -0.000001 -9.103603 -0.043107 -1.865106 2.281310 -14.813680 15.281259 0.630888 -2.443449 22.074140 -0.173052 0.876031 9.626055 0.000000 0.000000 0.000003 -8.076686 -0.486720 -3.806302 5.963759 -21.226515 23.955470 0.420545 -2.526712 27.433453 -0.431414 1.462462 6.760785 0.000000 -0.000001 0.000000 4.570400 11.014688 -2.160814 6.151751 -10.844470 -9.391466 14.317817 -23.806793 -55.832524 0.000005 -4.087288 -0.000012 6.149264 -28.740961 57.111634 2.466103 -1.576210 2.681694 8.424319 -18.063936 8.814024 -8.289266 6.851873 -5.321088 2.647885 -1.528753 1.528748 -1.252588 -3.564199 -2.913300 1.998921 -1.154092 1.154081 -0.000002 0.000000 -0.000002 9.109294 -0.517995 2.259900 1.477032 -2.236423 9.725349 0.022400 1.013843 -2.204918 0.067503 -1.021897 8.034869 -0.000000 -0.000002 -0.000000 9.533397 -0.000000 -0.000002 -0.579235 9.113351 10.471673 0.034222 0.814868 -0.000004 0.018140 -0.316965 5.944046 0.000002 -0.000003 -0.000000 9.104503 -0.043000 -1.865101 -0.099073 18.354580 -0.482953 0.001909 0.338996 -0.000030 0.054438 0.103433 -1.133130 0.000000 0.000000 -0.000000 8.077801 -0.486888 -3.806299 2.561834 27.459836 -6.551519 -0.021071 0.349304 -5.237418 0.068219 -0.512777 13.661061 -0.000002 0.000009 0.000000 -8.207801 -6.751705 -1.599543 0.829866 -8.385373 7.578547 17.281007 4.932668 0.709168 -8.809290 9.182879 -5.500210 -2.714020 -0.000002 -0.000002 0.000000 -0.000000 -0.000000 8.207797 -6.751698 -1.599543 -11.873546 12.797276 17.842662 24.781444 10.197428 -2.769215 -5.810260 17.998561 -6.484881 -2.779737 -0.000016 0.000002 0.000000 -0.000002 0.000000 
3.741036 102.103279 2.158152 -5.591363 -14.324455 -7.761036 -0.000001 10.181555 0.131524 2.887298 -0.883948 -0.439675 0.869060 -0.449846 -0.166616 0.865547 -0.458716 -0.161673 0.000001 16.740353 -2.049018 2.015353 -4.584916 -5.186560 -0.000003 9.617812 1.684980 -3.863730 -16.444717 -0.234740 -0.000002 22.037369 7.501075 -0.000001 -0.000002 0.000001 -4.570000 11.014874 -2.160836 11.999655 -2.812478 -0.587983 -2.687312 -17.391449 68.909055 -0.000003 10.641332 0.000007 36.595040 32.083164 -44.586061 -2.464795 -1.573985 2.681906 12.326362 12.006353 -10.160263 -4.952174 -15.926154 4.055665 -2.646260 -1.527800 1.527822 -0.134744 -0.072914 2.701151 -1.994586 -1.151599 1.151573 -0.000001 -0.000005 -0.000005 -9.108294 -0.517880 2.259804 0.646775 -0.134753 -3.536127 0.084196 -1.663106 8.664224 -0.111018 1.011294 2.050741 0.000002 0.000001 0.000002 -9.532501 -0.000004 -0.000002 0.116958 -9.111280 -1.189338 0.130532 -1.985866 11.689430 0.010134 -0.528277 4.096434 -0.000000 -0.000000 0.000003 -9.103592 -0.043109 -1.865098 1.682613 -16.164481 10.037094 0.311073 -1.715638 14.111441 -0.141647 1.244746 6.024146 0.000000 -0.000001 0.000001 -8.076702 -0.486732 -3.806298 5.255594 -23.564568 17.922411 0.164400 -1.764508 19.439625 -0.158431 2.177219 -0.001709 0.000000 -0.000000 0.000006 4.570402 11.014673 -2.160815 6.161494 -10.721266 -9.308746 15.232580 -25.427307 -55.884639 0.000002 -3.737234 0.000001 7.366537 -29.457397 57.226597 2.466100 -1.576196 2.681698 8.424009 -18.064358 8.813899 -8.289515 6.851203 -5.321207 2.647890 -1.528759 1.528757 -1.252694 -3.564527 -2.913380 1.998924 -1.154092 1.154082 -0.000002 0.000002 0.000003 9.109296 -0.518014 2.259898 1.477165 -2.236627 9.726311 0.022400 1.013736 -2.203871 0.067503 -1.021946 8.035473 0.000000 0.000001 -0.000001 9.533398 0.000006 -0.000004 -0.579341 9.113299 10.472860 0.034230 0.814754 0.000043 0.018144 -0.317020 5.944646 -0.000000 -0.000003 -0.000000 9.104493 -0.042996 -1.865099 -0.099370 18.354684 -0.481708 0.001902 0.338842 -0.000053 0.054428 0.103379 -1.132532 0.000001 0.000000 -0.000001 8.077795 -0.486884 -3.806301 2.561399 27.460041 -6.550076 -0.021080 0.349144 -5.235801 0.068245 -0.512868 13.662100 0.000000 0.000000 0.000000 -8.207798 -6.751721 -1.599545 1.496813 -8.329122 8.260354 16.396841 4.996755 1.026318 -8.312169 8.171442 -5.485293 -2.957186 0.000001 0.000001 0.000000 0.000000 0.000000 8.207802 -6.751700 -1.599544 -12.003421 12.710815 18.345400 24.393049 10.201798 -2.306433 -5.176676 16.927446 -7.142850 -2.487819 -0.000017 0.000003 -0.000000 -0.000000 0.000000 
2.924554 102.097984 2.072164 -5.571189 -13.073505 -7.750732 0.000001 10.181544 0.131525 2.908428 -0.636244 -0.367066 0.879609 -0.346864 -0.174685 0.876940 -0.356012 -0.170617 0.000000 16.740395 -2.049022 2.035759 -4.575456 -5.034572 0.000002 9.617852 1.684976 -3.644283 -17.251431 -1.134641 -0.000002 22.037354 7.501074 0.000001 0.000000 -0.000001 -4.570000 11.014891 -2.160842 12.033316 -2.711864 -0.304855 -4.255283 -23.632134 68.586273 -0.000005 9.677775 0.000018 36.487875 26.620283 -43.729907 -2.464797 -1.573984 2.681908 10.429421 15.070749 -9.575701 -6.614167 -11.364440 4.628166 -2.646280 -1.527803 1.527812 -0.758987 2.193616 3.187623 -1.994614 -1.151584 1.151578 -0.000001 0.000001 0.000006 -9.108302 -0.517869 2.259804 1.005933 1.070212 -6.637719 0.044035 -1.338207 5.422976 -0.045023 1.340602 -1.164248 0.000001 -0.000001 0.000001 -9.532496 0.000008 0.000001 -0.212740 -9.133647 -5.844237 0.052104 -1.400776 5.782620 -0.004304 -0.206842 0.881333 -0.000000 -0.000001 0.000003 -9.103600 -0.043096 -1.865097 0.901778 -17.307170 5.281148 0.113396 -1.034435 7.013043 -0.094119 1.571482 2.809777 0.000000 0.000000 -0.000002 -8.076706 -0.486718 -3.806295 4.137566 -25.582832 12.328143 0.027413 -1.060204 12.312576 0.154918 2.783888 -6.041145 0.000001 0.000001 0.000001 4.570402 11.014695 -2.160819 6.170355 -10.620458 -9.258336 16.154980 -26.862019 -55.923461 -0.000007 -3.336849 -0.000022 8.423264 -30.464874 57.135219 2.466105 -1.576223 2.681693 8.423979 -18.064431 8.813886 -8.289548 6.851157 -5.321224 2.647896 -1.528767 1.528751 -1.252708 -3.564565 -2.913392 1.998917 -1.154077 1.154072 -0.000001 0.000003 0.000003 9.109295 -0.518013 2.259896 1.477186 -2.236643 9.726433 0.022406 1.013731 -2.203753 0.067506 -1.021958 8.035561 -0.000000 -0.000001 -0.000001 9.533401 0.000009 0.000001 -0.579330 9.113276 10.472999 0.034224 0.814755 -0.000120 0.018144 -0.317048 5.944728 -0.000003 -0.000001 -0.000001 9.104502 -0.042996 -1.865100 -0.099395 18.354691 -0.481546 0.001907 0.338849 -0.000057 0.054430 0.103363 -1.132442 0.000003 0.000001 -0.000002 8.077805 -0.486902 -3.806304 2.561338 27.460064 -6.549916 -0.021077 0.349132 -5.235605 0.068248 -0.512887 13.662229 0.000000 0.000001 0.000004 -8.207801 -6.751704 -1.599544 2.125224 -8.258395 8.928301 15.538615 4.973068 1.281850 -7.939224 6.984127 -5.671234 -3.108671 0.000008 0.000002 0.000000 -0.000000 -0.000000 8.207801 -6.751709 -1.599545 -12.144402 12.596572 18.732629 23.937612 10.202993 -1.847772 -4.536311 15.696388 -7.713851 -2.116740 0.000022 0.000001 0.000000 0.000002 0.000000 
2.159921 102.092567 1.990357 -5.500572 -11.617996 -7.653469 -0.000000 10.181555 0.131524 2.926804 -0.286356 -0.300748 0.888897 -0.203279 -0.179930 0.887389 -0.212713 -0.177075 -0.000004 16.740379 -2.049024 2.028848 -4.607028 -4.872095 0.000003 9.617843 1.684974 -3.488304 -18.167373 -1.937668 0.000000 22.037369 7.501073 -0.000001 -0.000005 -0.000001 -4.570003 11.014902 -2.160845 12.036667 -2.632074 0.049924 -5.925087 -29.473031 67.888016 0.000009 8.921044 0.000013 34.841089 22.173933 -42.470045 -2.464797 -1.573992 2.681903 8.992609 17.240649 -9.043817 -7.821796 -8.099555 5.116673 -2.646266 -1.527815 1.527821 -1.219914 3.817872 3.552829 -1.994593 -1.151583 1.151572 -0.000000 0.000007 -0.000002 -9.108303 -0.517881 2.259801 1.335267 1.917032 -8.869597 0.026572 -1.103754 3.095743 0.013724 1.574533 -3.473519 -0.000001 -0.000000 -0.000001 -9.532501 0.000006 -0.000000 -0.474198 -9.123512 -9.190058 0.033168 -0.977238 1.542370 -0.003532 0.024238 -1.427429 0.000001 -0.000000 0.000000 -9.103606 -0.043125 -1.865103 0.200105 -18.074784 1.819046 0.024213 -0.532836 1.918209 -0.048712 1.804210 0.500985 0.000001 -0.000001 -0.000003 -8.076692 -0.486726 -3.806297 3.044840 -26.956349 8.174044 -0.016447 -0.546668 7.196345 0.418633 3.197530 -10.382194 0.000000 0.000000 -0.000001 4.570399 11.014691 -2.160816 6.177854 -10.546780 -9.238195 17.173997 -28.118487 -55.880329 0.000003 -2.968155 -0.000012 9.296908 -31.619627 56.852886 2.466100 -1.576209 2.681694 8.424064 -18.064308 8.813911 -8.289478 6.851337 -5.321193 2.647893 -1.528742 1.528751 -1.252668 -3.564471 -2.913366 1.998926 -1.154088 1.154076 0.000003 0.000006 -0.000004 9.109299 -0.518018 2.259898 1.477137 -2.236592 9.726132 0.022400 1.013746 -2.204058 0.067511 -1.021937 8.035373 0.000001 -0.000000 0.000000 9.533402 -0.000000 -0.000002 -0.579315 9.113304 10.472650 0.034223 0.814741 -0.000010 0.018152 -0.317023 5.944538 -0.000003 -0.000001 -0.000001 9.104506 -0.042993 -1.865105 -0.099309 18.354644 -0.481916 0.001896 0.338866 0.000068 0.054441 0.103368 -1.132616 0.000002 -0.000004 0.000000 8.077801 -0.486907 -3.806303 2.561484 27.460014 -6.550344 -0.021075 0.349172 -5.236085 0.068240 -0.512860 13.661928 0.000002 0.000001 0.000000 -8.207798 -6.751708 -1.599544 2.667589 -8.173813 9.582605 14.718450 4.891753 1.484409 -7.742236 5.590105 -6.164441 -3.141107 -0.000007 -0.000002 -0.000000 -0.000001 -0.000000 8.207798 -6.751709 -1.599545 -12.339378 12.452836 19.005847 23.421210 10.201417 -1.412614 -3.893798 14.300469 -8.186363 -1.708189 -0.000009 0.000001 -0.000000 -0.000000 0.000000 
1.443145 102.084404 1.916114 -5.368223 -9.984377 -7.482071 0.000000 10.181559 0.131523 2.928500 0.096168 -0.243366 0.890933 -0.047381 -0.179401 0.890680 -0.056950 -0.177848 -0.000001 16.740408 -2.049023 2.002204 -4.649557 -4.690433 0.000002 9.617835 1.684976 -3.392291 -19.075796 -2.620779 0.000003 22.037354 7.501077 0.000000 0.000000 -0.000000 -4.569999 11.014894 -2.160842 12.008585 -2.547490 0.476989 -7.756032 -34.874779 66.781621 0.000006 8.301799 0.000002 32.312624 18.937558 -41.335584 -2.464789 -1.573987 2.681907 8.423954 18.064396 -8.813913 -8.289472 -6.851334 5.321193 -2.646256 -1.527812 1.527819 -1.399509 4.439475 3.696429 -1.994586 -1.151562 1.151580 0.000002 -0.000002 0.000001 -9.108307 -0.517876 2.259800 1.477131 2.236585 -9.726137 0.022405 -1.013762 2.204075 0.038731 1.663506 -4.358495 0.000000 0.000000 -0.000000 -9.532499 -0.000001 -0.000003 -0.579309 -9.113319 -10.472621 0.034216 -0.814744 0.000109 -0.000765 0.112728 -2.312080 -0.000000 0.000000 0.000000 -9.103600 -0.043106 -1.865103 -0.099301 -18.354660 0.481967 0.001907 -0.338854 -0.000051 -0.028818 1.892879 -0.383835 -0.000000 0.000003 -0.000003 -8.076690 -0.486714 -3.806301 2.561514 -27.459978 6.550402 -0.021074 -0.349167 5.236121 0.527912 3.350541 -12.046535 0.000000 0.000002 0.000001 4.570400 11.014704 -2.160818 6.185610 -10.474931 -9.227828 18.302935 -29.174508 -55.739121 -0.000010 -2.681085 -0.000020 9.955879 -32.802506 56.335667 2.466100 -1.576203 2.681694 8.424093 -18.064237 8.813925 -8.289442 6.851408 -5.321163 2.647879 -1.528736 1.528755 -1.252663 -3.564414 -2.913360 1.998913 -1.154090 1.154065 -0.000003 0.000001 0.000005 9.109298 -0.518011 2.259898 1.477136 -2.236580 9.726028 0.022402 1.013774 -2.204159 0.067501 -1.021935 8.035304 0.000003 -0.000001 0.000000 9.533398 0.000004 0.000001 -0.579299 9.113310 10.472506 0.034218 0.814761 0.000056 0.018144 -0.317008 5.944483 0.000001 -0.000002 -0.000001 9.104500 -0.042992 -1.865105 -0.099276 18.354646 -0.482060 0.001901 0.338889 0.000038 0.054428 0.103372 -1.132696 0.000000 0.000002 0.000002 8.077806 -0.486883 -3.806303 2.561529 27.459994 -6.550504 -0.021076 0.349180 -5.236268 0.068246 -0.512849 13.661804 0.000000 0.000003 0.000001 -8.207801 -6.751687 -1.599544 3.066421 -8.038292 10.225764 13.966207 4.895465 1.615500 -7.616993 3.836318 -6.744714 -3.131552 -0.000001 0.000000 -0.000000 0.000000 0.000000 8.207798 -6.751689 -1.599546 -12.613974 12.295006 19.187209 22.864236 10.195865 -1.012891 -3.258423 12.743541 -8.560760 -1.382539 -0.000002 0.000000 0.000000 -0.000000 0.000000 
0.778095 102.074043 1.850991 -5.200795 -8.211525 -7.264715 -0.000002 10.181558 0.131524 2.908997 0.444797 -0.199943 0.884881 0.094015 -0.173177 0.885772 0.084497 -0.172795 -0.000003 16.740379 -2.049022 1.972602 -4.677346 -4.461786 -0.000006 9.617862 1.684974 -3.350723 -19.862214 -3.168105 -0.000002 22.037354 7.501076 -0.000001 -0.000001 -0.000002 -4.570001 11.014866 -2.160842 11.949826 -2.429341 0.979963 -10.043214 -40.052171 65.050455 -0.000015 7.720017 -0.000000 29.611933 16.836474 -40.705875 -2.464794 -1.573997 2.681905 8.423954 18.064413 -8.813927 -8.289461 -6.851345 5.321197 -2.646260 -1.527809 1.527821 -1.399530 4.439471 3.696424 -1.994613 -1.151571 1.151572 0.000004 -0.000006 0.000003 -9.108297 -0.517871 2.259799 1.477126 2.236585 -9.726143 0.022407 -1.013756 2.204067 0.038728 1.663522 -4.358505 0.000001 0.000000 0.000000 -9.532495 0.000003 -0.000003 -0.579320 -9.113315 -10.472627 0.034216 -0.814745 0.000040 -0.000759 0.112747 -2.312102 0.000001 -0.000001 0.000001 -9.103603 -0.043115 -1.865104 -0.099301 -18.354643 0.481955 0.001901 -0.338870 0.000052 -0.028821 1.892887 -0.383838 -0.000000 0.000002 -0.000002 -8.076702 -0.486715 -3.806301 2.561512 -27.459976 6.550402 -0.021067 -0.349162 5.236093 0.527899 3.350538 -12.046521 0.000000 -0.000003 -0.000002 4.570402 11.014679 -2.160818 6.195808 -10.370484 -9.202042 19.478730 -30.007862 -55.527987 0.000002 -2.451005 -0.000010 10.402466 -33.955094 55.570477 2.466104 -1.576208 2.681694 8.424073 -18.064264 8.813925 -8.289451 6.851347 -5.321191 2.647892 -1.528735 1.528752 -1.252668 -3.564451 -2.913362 1.998925 -1.154092 1.154079 0.000001 0.000001 -0.000000 9.109301 -0.518004 2.259901 1.477147 -2.236595 9.726108 0.022394 1.013769 -2.204090 0.067512 -1.021949 8.035326 -0.000001 0.000000 0.000001 9.533400 0.000004 -0.000000 -0.579305 9.113309 10.472610 0.034225 0.814750 -0.000029 0.018143 -0.317017 5.944519 0.000000 -0.000000 -0.000000 9.104500 -0.042992 -1.865095 -0.099304 18.354643 -0.481970 0.001895 0.338874 0.000099 0.054446 0.103382 -1.132640 -0.000003 0.000001 0.000002 8.077803 -0.486888 -3.806305 2.561509 27.459988 -6.550395 -0.021078 0.349189 -5.236155 0.068252 -0.512870 13.661897 -0.000001 0.000002 -0.000002 -8.207801 -6.751718 -1.599545 3.364850 -7.831792 10.861453 13.222719 5.058228 1.677508 -7.526227 1.698844 -7.315939 -3.132638 -0.000004 0.000000 0.000000 0.000000 0.000000 8.207800 -6.751698 -1.599545 -12.947063 12.133764 19.293162 22.281865 10.189379 -0.650166 -2.638412 11.053225 -8.842885 -1.179299 0.000002 0.000003 -0.000000 0.000002 0.000000 
0.176085 102.064873 1.795381 -5.043839 -6.306138 -7.018877 -0.000001 10.181562 0.131525 2.886971 0.746197 -0.165154 0.879084 0.215986 -0.162521 0.880981 0.206628 -0.163125 0.000001 16.740345 -2.049019 1.941989 -4.692700 -4.166149 -0.000002 9.617844 1.684977 -3.353886 -20.514067 -3.575536 0.000003 22.037354 7.501073 0.000000 -0.000003 -0.000001 -4.570001 11.014866 -2.160839 11.863471 -2.268867 1.556783 -13.430195 -45.298832 62.199828 -0.000006 7.045658 0.000004 27.428658 15.467319 -40.841803 -2.464801 -1.573980 2.681910 8.423955 18.064404 -8.813919 -8.289465 -6.851340 5.321204 -2.646260 -1.527790 1.527818 -1.399516 4.439470 3.696436 -1.994599 -1.151563 1.151574 0.000002 -0.000007 0.000003 -9.108296 -0.517856 2.259804 1.477134 2.236576 -9.726122 0.022406 -1.013738 2.204045 0.038728 1.663504 -4.358487 0.000001 0.000001 -0.000000 -9.532496 0.000017 0.000001 -0.579309 -9.113308 -10.472633 0.034227 -0.814742 0.000038 -0.000773 0.112741 -2.312085 -0.000001 0.000002 0.000000 -9.103598 -0.043090 -1.865101 -0.099294 -18.354638 0.481959 0.001904 -0.338853 -0.000080 -0.028821 1.892884 -0.383818 -0.000001 -0.000001 -0.000001 -8.076694 -0.486714 -3.806300 2.561514 -27.459985 6.550402 -0.021071 -0.349172 5.236108 0.527912 3.350546 -12.046543 0.000001 0.000001 -0.000001 4.570401 11.014685 -2.160813 6.209213 -10.219303 -9.149797 20.593963 -30.606686 -55.285033 0.000003 -2.189625 0.000002 10.671371 -35.075634 54.615746 2.466095 -1.576228 2.681691 8.424060 -18.064317 8.813915 -8.289466 6.851320 -5.321178 2.647891 -1.528746 1.528753 -1.252669 -3.564458 -2.913362 1.998921 -1.154094 1.154075 0.000001 0.000001 0.000001 9.109289 -0.518004 2.259901 1.477142 -2.236615 9.726144 0.022413 1.013757 -2.204025 0.067504 -1.021967 8.035366 0.000001 0.000001 0.000001 9.533389 -0.000010 0.000001 -0.579307 9.113301 10.472654 0.034223 0.814735 0.000038 0.018147 -0.317023 5.944546 0.000003 0.000002 -0.000002 9.104496 -0.043016 -1.865103 -0.099314 18.354648 -0.481895 0.001899 0.338873 0.000018 0.054430 0.103385 -1.132629 -0.000003 0.000003 -0.000004 8.077798 -0.486889 -3.806302 2.561479 27.460002 -6.550325 -0.021077 0.349165 -5.236072 0.068255 -0.512867 13.661954 0.000001 -0.000001 0.000004 -8.207804 -6.751698 -1.599543 3.635453 -7.612163 11.442547 12.456648 5.073307 1.719205 -7.450027 -0.425656 -7.811202 -3.134194 0.000005 -0.000000 0.000000 -0.000001 -0.000000 8.207800 -6.751704 -1.599543 -13.293648 11.981120 19.322390 21.677996 10.184331 -0.320611 -2.038482 9.232510 -9.031836 -1.022147 0.000032 -0.000001 -0.000000 -0.000000 0.000000 
-0.355766 102.060547 1.748453 -4.934667 -4.227369 -6.740616 0.000001 10.181533 0.131524 2.900345 1.030723 -0.120059 0.888124 0.331467 -0.148077 0.890969 0.322190 -0.149587 -0.000002 16.740353 -2.049020 1.887739 -4.719921 -3.808749 -0.000005 9.617863 1.684973 -3.390767 -21.116404 -3.836499 0.000003 22.037369 7.501077 -0.000000 0.000000 0.000001 -4.570002 11.014873 -2.160840 11.755174 -2.087120 2.194548 -18.764536 -50.576157 57.586254 -0.000010 6.277713 0.000004 25.497043 14.479774 -41.290300 -2.464797 -1.574012 2.681905 8.423959 18.064399 -8.813915 -8.289468 -6.851332 5.321192 -2.646260 -1.527811 1.527818 -1.399540 4.439476 3.696427 -1.994599 -1.151581 1.151570 0.000002 -0.000000 0.000006 -9.108298 -0.517896 2.259803 1.477130 2.236582 -9.726137 0.022405 -1.013764 2.204070 0.038731 1.663516 -4.358500 0.000000 0.000001 0.000001 -9.532500 0.000005 -0.000001 -0.579316 -9.113314 -10.472615 0.034218 -0.814765 -0.000082 -0.000760 0.112731 -2.312082 -0.000002 -0.000001 0.000000 -9.103608 -0.043114 -1.865098 -0.099302 -18.354650 0.481977 0.001905 -0.338875 -0.000063 -0.028827 1.892876 -0.383836 -0.000001 0.000007 -0.000001 -8.076688 -0.486712 -3.806300 2.561518 -27.459997 6.550407 -0.021074 -0.349157 5.236105 0.527922 3.350544 -12.046538 -0.000001 -0.000001 -0.000000 4.570400 11.014672 -2.160814 6.224287 -10.040413 -9.082972 21.542251 -30.959147 -55.029130 -0.000001 -1.810498 -0.000000 10.795251 -36.178484 53.560390 2.466084 -1.576212 2.681697 8.424052 -18.064295 8.813909 -8.289468 6.851340 -5.321184 2.647883 -1.528744 1.528741 -1.252665 -3.564465 -2.913365 1.998925 -1.154089 1.154072 -0.000002 0.000003 -0.000000 9.109296 -0.517996 2.259899 1.477137 -2.236580 9.726137 0.022406 1.013750 -2.204036 0.067500 -1.021934 8.035362 -0.000000 -0.000001 0.000001 9.533390 0.000005 0.000003 -0.579301 9.113292 10.472660 0.034223 0.814761 -0.000066 0.018142 -0.317010 5.944532 -0.000004 0.000002 -0.000001 9.104500 -0.042994 -1.865102 -0.099313 18.354650 -0.481920 0.001902 0.338855 0.000019 0.054424 0.103382 -1.132642 -0.000003 0.000001 0.000001 8.077806 -0.486907 -3.806298 2.561478 27.459995 -6.550342 -0.021074 0.349167 -5.236079 0.068247 -0.512845 13.661942 0.000002 -0.000006 0.000003 -8.207798 -6.751714 -1.599545 3.938974 -7.461781 11.905481 11.672369 4.279446 1.791490 -7.374926 -1.826178 -8.152123 -3.139617 -0.000001 0.000001 0.000000 -0.000000 0.000000 8.207803 -6.751700 -1.599544 -13.620442 11.862405 19.258080 21.038031 10.174467 -0.008594 -1.450899 7.234922 -9.123284 -0.869207 -0.000012 0.000001 0.000000 -0.000002 0.000000 
-0.819877 102.062386 1.707735 -4.881572 -1.934752 -6.415862 -0.000000 10.181558 0.131523 2.979590 1.324134 -0.047614 0.922407 0.451354 -0.130397 0.926209 0.441941 -0.132822 0.000001 16.740372 -2.049021 1.781896 -4.779017 -3.404804 0.000002 9.617868 1.684978 -3.442843 -21.749790 -3.910744 0.000007 22.037369 7.501071 -0.000000 -0.000000 -0.000002 -4.569999 11.014874 -2.160839 11.632219 -1.921405 2.872705 -26.555086 -55.274074 50.897286 -0.000015 5.545766 0.000007 23.151102 13.450839 -41.438225 -2.464791 -1.574006 2.681909 8.423954 18.064392 -8.813913 -8.289473 -6.851322 5.321176 -2.646260 -1.527807 1.527816 -1.399519 4.439470 3.696431 -1.994593 -1.151571 1.151580 -0.000003 -0.000001 -0.000002 -9.108286 -0.517895 2.259805 1.477127 2.236584 -9.726137 0.022401 -1.013750 2.204066 0.038724 1.663509 -4.358499 -0.000001 0.000001 -0.000000 -9.532492 -0.000009 0.000002 -0.579326 -9.113317 -10.472628 0.034224 -0.814755 0.000074 -0.000768 0.112749 -2.312092 0.000001 -0.000001 0.000000 -9.103594 -0.043102 -1.865098 -0.099304 -18.354650 0.481955 0.001900 -0.338856 -0.000003 -0.028833 1.892887 -0.383828 -0.000002 0.000001 0.000001 -8.076689 -0.486744 -3.806300 2.561505 -27.459976 6.550414 -0.021070 -0.349184 5.236106 0.527921 3.350563 -12.046563 -0.000001 -0.000004 -0.000000 4.570405 11.014700 -2.160815 6.238591 -9.871333 -9.026457 22.248737 -31.040321 -54.762333 -0.000007 -1.300811 -0.000004 10.777799 -37.248191 52.450734 2.466107 -1.576202 2.681693 8.424062 -18.064276 8.813915 -8.289449 6.851340 -5.321186 2.647882 -1.528739 1.528758 -1.252667 -3.564459 -2.913364 1.998917 -1.154084 1.154077 0.000005 0.000003 -0.000000 9.109312 -0.518007 2.259897 1.477137 -2.236592 9.726125 0.022404 1.013764 -2.204066 0.067512 -1.021941 8.035366 -0.000000 -0.000001 0.000002 9.533409 0.000006 -0.000001 -0.579324 9.113309 10.472633 0.034234 0.814743 -0.000073 0.018155 -0.317023 5.944534 0.000001 0.000001 -0.000001 9.104505 -0.042984 -1.865099 -0.099308 18.354646 -0.481947 0.001907 0.338876 0.000006 0.054426 0.103392 -1.132650 -0.000003 0.000003 -0.000001 8.077820 -0.486893 -3.806305 2.561493 27.459987 -6.550371 -0.021069 0.349171 -5.236117 0.068228 -0.512837 13.661902 0.000003 -0.000000 -0.000000 -8.207798 -6.751691 -1.599544 4.290487 -7.408193 12.236868 10.882528 2.442188 1.900948 -7.302396 -2.284773 -8.332046 -3.139371 -0.000007 -0.000002 0.000000 0.000000 0.000000 8.207802 -6.751692 -1.599544 -13.922191 11.790137 19.075045 20.346650 9.980051 0.306421 -0.860806 5.196802 -9.114998 -0.768467 0.000002 -0.000003 0.000000 -0.000000 0.000000 
-1.220957 102.068726 1.670418 -4.864925 0.551394 -6.038085 -0.000002 10.181556 0.131526 3.120865 1.623477 0.049581 0.978994 0.574490 -0.110731 0.983735 0.564750 -0.114124 0.000000 16.740377 -2.049018 1.614894 -4.873208 -2.935903 -0.000001 9.617829 1.684973 -3.454962 -22.414172 -3.710206 0.000001 22.037384 7.501072 -0.000000 -0.000002 -0.000000 -4.569999 11.014886 -2.160838 11.501378 -1.798286 3.571402 -36.075389 -58.553600 42.950535 -0.000001 4.996674 0.000002 20.272328 11.709067 -41.259725 -2.464795 -1.573987 2.681902 8.423938 18.064402 -8.813912 -8.289461 -6.851340 5.321197 -2.646253 -1.527818 1.527828 -1.399527 4.439465 3.696434 -1.994586 -1.151574 1.151578 0.000001 -0.000004 -0.000002 -9.108299 -0.517879 2.259803 1.477109 2.236566 -9.726126 0.022413 -1.013744 2.204061 0.038725 1.663516 -4.358503 -0.000003 -0.000002 -0.000000 -9.532495 -0.000003 -0.000002 -0.579330 -9.113320 -10.472612 0.034228 -0.814757 0.000033 -0.000775 0.112743 -2.312094 -0.000003 -0.000001 -0.000000 -9.103600 -0.043110 -1.865100 -0.099302 -18.354653 0.481970 0.001893 -0.338877 -0.000061 -0.028826 1.892883 -0.383835 0.000001 0.000001 0.000000 -8.076689 -0.486733 -3.806298 2.561509 -27.459987 6.550423 -0.021078 -0.349166 5.236101 0.527919 3.350550 -12.046535 0.000000 0.000004 0.000001 4.570405 11.014674 -2.160811 6.250549 -9.738730 -8.997063 22.673363 -30.813073 -54.498049 -0.000010 -0.741397 -0.000008 10.600543 -38.223945 51.265668 2.466098 -1.576210 2.681698 8.424062 -18.064286 8.813908 -8.289465 6.851359 -5.321181 2.647884 -1.528746 1.528753 -1.252674 -3.564449 -2.913353 1.998921 -1.154086 1.154070 -0.000001 -0.000000 -0.000002 9.109311 -0.518004 2.259899 1.477125 -2.236579 9.726109 0.022395 1.013768 -2.204067 0.067523 -1.021956 8.035355 0.000000 0.000000 -0.000001 9.533415 0.000008 0.000002 -0.579314 9.113310 10.472621 0.034235 0.814732 0.000003 0.018139 -0.317003 5.944518 -0.000000 0.000005 0.000001 9.104506 -0.042995 -1.865100 -0.099314 18.354663 -0.481948 0.001906 0.338866 0.000042 0.054436 0.103387 -1.132632 0.000000 0.000001 0.000002 8.077803 -0.486895 -3.806298 2.561490 27.459994 -6.550377 -0.021073 0.349169 -5.236123 0.068252 -0.512866 13.661915 0.000000 -0.000005 -0.000003 -8.207803 -6.751706 -1.599544 4.634765 -7.413320 12.486850 10.117272 0.401344 2.008719 -7.249461 -2.672965 -8.465687 -3.138829 0.000002 0.000001 0.000000 -0.000000 -0.000000 8.207801 -6.751704 -1.599542 -14.202447 11.734939 18.758245 19.606606 9.457153 0.619704 -0.256544 3.313964 -9.016845 -0.755728 -0.000009 0.000001 -0.000000 0.000002 0.000000 
-1.558744 102.077225 1.636783 -4.863359 3.142152 -5.618122 -0.000000 10.181550 0.131523 3.286838 1.915813 0.154588 1.043203 0.695295 -0.089697 1.048788 0.685230 -0.094096 -0.000001 16.740355 -2.049021 1.416767 -4.985126 -2.405167 0.000001 9.617827 1.684975 -3.399845 -23.059955 -3.201630 -0.000004 22.037369 7.501072 -0.000000 -0.000000 0.000001 -4.570001 11.014866 -2.160840 11.366835 -1.715860 4.276573 -45.124519 -60.045962 35.880821 0.000001 4.761510 -0.000000 16.837552 8.904149 -40.905808 -2.464792 -1.573980 2.681908 8.423944 18.064387 -8.813904 -8.289465 -6.851324 5.321183 -2.646278 -1.527813 1.527821 -1.399527 4.439467 3.696428 -1.994597 -1.151581 1.151578 0.000001 -0.000001 -0.000000 -9.108295 -0.517898 2.259800 1.477119 2.236569 -9.726124 0.022409 -1.013765 2.204073 0.038737 1.663519 -4.358509 -0.000002 -0.000001 -0.000000 -9.532498 0.000012 0.000001 -0.579325 -9.113344 -10.472624 0.034229 -0.814730 0.000033 -0.000780 0.112750 -2.312089 -0.000001 0.000003 0.000000 -9.103600 -0.043113 -1.865104 -0.099294 -18.354660 0.481971 0.001895 -0.338863 0.000118 -0.028827 1.892881 -0.383837 0.000000 0.000005 0.000001 -8.076694 -0.486709 -3.806300 2.561516 -27.459985 6.550411 -0.021077 -0.349164 5.236119 0.527914 3.350554 -12.046557 -0.000001 -0.000001 -0.000003 4.570402 11.014668 -2.160817 6.260261 -9.639096 -8.988334 22.796781 -30.242978 -54.286098 -0.000006 -0.257067 -0.000012 10.247461 -39.024422 49.969903 2.466093 -1.576216 2.681704 8.424060 -18.064283 8.813901 -8.289465 6.851338 -5.321187 2.647886 -1.528749 1.528752 -1.252673 -3.564469 -2.913366 1.998929 -1.154096 1.154074 -0.000002 0.000003 -0.000002 9.109304 -0.518002 2.259908 1.477146 -2.236592 9.726119 0.022402 1.013758 -2.204071 0.067513 -1.021943 8.035382 -0.000001 0.000001 0.000000 9.533399 0.000003 0.000006 -0.579308 9.113305 10.472627 0.034233 0.814731 -0.000003 0.018145 -0.317001 5.944533 -0.000004 0.000003 0.000002 9.104492 -0.042993 -1.865094 -0.099303 18.354646 -0.481951 0.001903 0.338871 -0.000005 0.054425 0.103382 -1.132638 -0.000001 0.000001 0.000001 8.077804 -0.486921 -3.806301 2.561502 27.459995 -6.550375 -0.021059 0.349161 -5.236093 0.068237 -0.512857 13.661912 0.000002 -0.000001 0.000004 -8.207798 -6.751706 -1.599545 4.902278 -7.419664 12.717135 9.404839 -0.760490 2.064273 -7.244088 -4.054748 -8.700108 -3.138178 -0.000002 0.000000 0.000000 -0.000001 0.000000 8.207797 -6.751699 -1.599543 -14.450160 11.642194 18.308402 18.848978 8.192035 0.884354 0.356975 2.143253 -8.828172 -0.801611 0.000009 -0.000000 0.000000 0.000000 0.000000 
-1.831547 102.087837 1.612325 -4.877316 5.722374 -5.177435 -0.000000 10.181543 0.131524 3.433787 2.201306 0.256654 1.099150 0.813298 -0.065518 1.105482 0.803123 -0.070974 -0.000001 16.740372 -2.049023 1.224614 -5.103461 -1.812113 0.000002 9.617871 1.684976 -3.259213 -23.649267 -2.420467 -0.000003 22.037399 7.501072 -0.000000 -0.000001 0.000000 -4.570001 11.014879 -2.160842 11.229856 -1.648902 4.978902 -51.504244 -60.032739 31.723640 0.000002 4.842560 0.000008 13.068024 5.206363 -40.673585 -2.464813 -1.573980 2.681905 8.423940 18.064380 -8.813910 -8.289470 -6.851333 5.321187 -2.646274 -1.527809 1.527822 -1.399520 4.439478 3.696430 -1.994617 -1.151572 1.151580 0.000003 -0.000004 0.000005 -9.108301 -0.517883 2.259797 1.477109 2.236564 -9.726115 0.022415 -1.013746 2.204048 0.038726 1.663505 -4.358496 -0.000000 0.000003 -0.000001 -9.532507 0.000024 -0.000003 -0.579329 -9.113339 -10.472621 0.034222 -0.814738 -0.000028 -0.000765 0.112739 -2.312082 0.000001 0.000004 0.000002 -9.103601 -0.043095 -1.865100 -0.099303 -18.354651 0.481971 0.001900 -0.338859 0.000012 -0.028821 1.892869 -0.383821 -0.000002 0.000003 0.000002 -8.076711 -0.486718 -3.806301 2.561502 -27.459994 6.550407 -0.021060 -0.349149 5.236108 0.527898 3.350542 -12.046540 -0.000000 0.000002 0.000000 4.570403 11.014684 -2.160820 6.269027 -9.543347 -8.973295 22.607615 -29.309817 -54.209579 -0.000005 -0.000001 0.000004 9.718003 -39.586656 48.597486 2.466110 -1.576216 2.681691 8.424059 -18.064264 8.813916 -8.289468 6.851358 -5.321187 2.647886 -1.528745 1.528744 -1.252663 -3.564495 -2.913372 1.998912 -1.154088 1.154074 -0.000000 0.000002 0.000005 9.109305 -0.518006 2.259898 1.477140 -2.236584 9.726119 0.022405 1.013765 -2.204061 0.067502 -1.021939 8.035368 0.000000 -0.000002 0.000001 9.533397 0.000003 -0.000001 -0.579308 9.113320 10.472627 0.034221 0.814754 0.000045 0.018148 -0.317026 5.944548 -0.000001 0.000004 -0.000001 9.104504 -0.043003 -1.865103 -0.099308 18.354663 -0.481925 0.001905 0.338866 -0.000070 0.054426 0.103387 -1.132645 -0.000001 -0.000001 -0.000001 8.077803 -0.486899 -3.806309 2.561487 27.460002 -6.550362 -0.021070 0.349174 -5.236114 0.068240 -0.512858 13.661923 0.000000 0.000002 0.000002 -8.207798 -6.751719 -1.599546 5.083384 -7.407865 12.937428 8.767343 -0.959314 2.051015 -7.293029 -6.421889 -9.028989 -3.138386 -0.000004 0.000002 -0.000000 -0.000001 -0.000000 8.207798 -6.751712 -1.599546 -14.634329 11.485931 17.771466 18.109022 6.274823 1.047004 0.961753 1.728234 -8.573830 -0.870647 0.000010 -0.000004 0.000000 0.000002 0.000000 
-2.044112 102.103157 1.604240 -4.920911 8.193401 -4.733563 -0.000001 10.181561 0.131525 3.536522 2.488985 0.359271 1.138525 0.931702 -0.035817 1.145555 0.921670 -0.042368 -0.000000 16.740366 -2.049020 1.053742 -5.228258 -1.155729 0.000001 9.617846 1.684974 -3.023947 -24.178071 -1.456163 0.000001 22.037369 7.501076 -0.000000 0.000002 0.000000 -4.569999 11.014876 -2.160839 11.090562 -1.570972 5.668873 -54.409693 -58.930578 31.131101 -0.000003 5.094243 0.000005 9.364977 1.267735 -40.806460 -2.464800 -1.573998 2.681913 8.423956 18.064411 -8.813917 -8.289467 -6.851317 5.321181 -2.646269 -1.527822 1.527827 -1.399516 4.439467 3.696431 -1.994598 -1.151585 1.151575 0.000001 -0.000005 -0.000000 -9.108294 -0.517898 2.259808 1.477127 2.236591 -9.726137 0.022398 -1.013765 2.204064 0.038734 1.663513 -4.358512 0.000003 0.000001 0.000000 -9.532496 0.000018 0.000005 -0.579316 -9.113296 -10.472635 0.034225 -0.814760 0.000069 -0.000774 0.112739 -2.312087 0.000001 0.000001 0.000002 -9.103599 -0.043108 -1.865095 -0.099307 -18.354639 0.481953 0.001897 -0.338872 -0.000005 -0.028815 1.892895 -0.383841 -0.000002 0.000001 -0.000000 -8.076686 -0.486711 -3.806290 2.561509 -27.459968 6.550395 -0.021081 -0.349186 5.236114 0.527909 3.350550 -12.046529 0.000001 -0.000001 -0.000000 4.570402 11.014684 -2.160814 6.278211 -9.417930 -8.921246 22.097315 -28.001151 -54.355892 -0.000000 0.000003 -0.000001 9.014296 -39.882328 47.282944 2.466107 -1.576214 2.681698 8.424052 -18.064276 8.813902 -8.289462 6.851350 -5.321175 2.647879 -1.528744 1.528754 -1.252666 -3.564464 -2.913363 1.998921 -1.154086 1.154070 -0.000002 0.000001 0.000001 9.109295 -0.518008 2.259902 1.477128 -2.236598 9.726127 0.022409 1.013771 -2.204059 0.067511 -1.021952 8.035353 -0.000001 0.000004 0.000005 9.533396 0.000007 0.000001 -0.579320 9.113299 10.472629 0.034233 0.814721 -0.000095 0.018132 -0.317008 5.944539 -0.000001 -0.000000 -0.000000 9.104497 -0.042999 -1.865096 -0.099308 18.354644 -0.481934 0.001895 0.338875 -0.000074 0.054440 0.103375 -1.132611 -0.000002 -0.000002 0.000002 8.077802 -0.486879 -3.806302 2.561498 27.459982 -6.550370 -0.021091 0.349194 -5.236115 0.068253 -0.512854 13.661935 0.000003 -0.000001 -0.000001 -8.207801 -6.751697 -1.599543 5.240866 -7.399160 13.117747 8.184267 -0.858670 1.998973 -7.371303 -8.980562 -9.356208 -3.226840 -0.000003 0.000002 0.000000 0.000000 0.000000 8.207796 -6.751691 -1.599543 -14.730900 11.310027 17.205648 17.389484 4.100697 1.106910 1.543383 1.720701 -8.292479 -0.959990 0.000010 0.000000 0.000000 -0.000000 0.000000 
-2.207890 102.125755 1.613791 -4.994784 10.486029 -4.292437 0.000000 10.181550 0.131523 3.592286 2.780701 0.464267 1.161145 1.051092 -0.002131 1.168864 1.041392 -0.009776 0.000000 16.740347 -2.049021 0.893010 -5.362520 -0.437537 0.000001 9.617846 1.684977 -2.692653 -24.656718 -0.378823 -0.000001 22.037369 7.501076 -0.000000 -0.000000 0.000000 -4.570001 11.014855 -2.160841 10.949936 -1.473371 6.336136 -54.178222 -56.882194 33.664244 0.000001 5.309304 -0.000010 6.155869 -2.134272 -41.324868 -2.464799 -1.573977 2.681908 8.423940 18.064404 -8.813904 -8.289472 -6.851336 5.321190 -2.646261 -1.527802 1.527821 -1.399527 4.439459 3.696444 -1.994599 -1.151572 1.151570 -0.000003 -0.000003 0.000006 -9.108299 -0.517860 2.259796 1.477124 2.236592 -9.726133 0.022405 -1.013775 2.204072 0.038733 1.663506 -4.358516 0.000001 0.000003 0.000000 -9.532499 0.000008 -0.000006 -0.579320 -9.113318 -10.472617 0.034228 -0.814751 -0.000015 -0.000767 0.112749 -2.312089 0.000002 -0.000003 -0.000002 -9.103597 -0.043077 -1.865108 -0.099303 -18.354655 0.481979 0.001902 -0.338869 0.000046 -0.028817 1.892880 -0.383825 0.000003 0.000004 0.000004 -8.076694 -0.486720 -3.806312 2.561507 -27.459995 6.550412 -0.021059 -0.349151 5.236096 0.527898 3.350536 -12.046525 -0.000002 0.000000 -0.000002 4.570404 11.014687 -2.160815 6.288397 -9.243940 -8.814439 21.260028 -26.291090 -54.781638 0.000009 -0.000008 0.000003 8.124334 -39.899315 46.206489 2.466113 -1.576187 2.681698 8.424071 -18.064278 8.813923 -8.289444 6.851346 -5.321159 2.647880 -1.528748 1.528746 -1.252668 -3.564451 -2.913366 1.998929 -1.154075 1.154080 0.000000 0.000004 0.000001 9.109303 -0.517998 2.259896 1.477136 -2.236588 9.726130 0.022406 1.013770 -2.204062 0.067512 -1.021958 8.035368 0.000000 -0.000001 0.000000 9.533414 0.000011 -0.000004 -0.579298 9.113305 10.472641 0.034223 0.814728 -0.000042 0.018146 -0.317010 5.944531 0.000002 -0.000003 -0.000003 9.104503 -0.042989 -1.865100 -0.099304 18.354646 -0.481920 0.001901 0.338863 -0.000079 0.054437 0.103380 -1.132634 -0.000001 -0.000001 -0.000001 8.077806 -0.486888 -3.806308 2.561496 27.459994 -6.550354 -0.021084 0.349187 -5.236103 0.068241 -0.512849 13.661923 0.000001 0.000000 0.000002 -8.207798 -6.751709 -1.599543 5.425171 -7.410886 13.234130 7.613360 -0.880407 1.944690 -7.440947 -11.212475 -9.630167 -3.323140 0.000001 0.000003 -0.000000 -0.000001 -0.000000 8.207802 -6.751705 -1.599543 -14.737844 11.183157 16.639326 16.660853 2.131839 1.120686 2.104978 1.655906 -8.025757 -1.065032 -0.000004 0.000002 -0.000000 -0.000002 0.000000 
-2.333203 102.155045 1.633405 -5.077832 12.552817 -3.853919 0.000001 10.181540 0.131523 3.611350 3.070404 0.556520 1.171001 1.169306 0.029016 1.179412 1.159977 0.020339 0.000001 16.740358 -2.049019 0.720040 -5.507392 0.339569 -0.000000 9.617842 1.684978 -2.272620 -25.097001 0.814091 -0.000001 22.037384 7.501075 -0.000000 0.000000 0.000000 -4.570000 11.014874 -2.160839 10.809981 -1.366826 6.974580 -51.648159 -53.758223 38.409712 -0.000004 5.336789 0.000013 3.756252 -4.529524 -42.043311 -2.464790 -1.573995 2.681902 8.423948 18.064389 -8.813919 -8.289467 -6.851337 5.321201 -2.646265 -1.527820 1.527800 -1.399522 4.439470 3.696430 -1.994594 -1.151586 1.151586 0.000001 -0.000002 0.000001 -9.108293 -0.517892 2.259804 1.477124 2.236573 -9.726138 0.022408 -1.013760 2.204070 0.038728 1.663504 -4.358504 -0.000001 -0.000002 0.000000 -9.532498 0.000002 -0.000002 -0.579328 -9.113340 -10.472616 0.034223 -0.814742 -0.000007 -0.000770 0.112742 -2.312082 0.000000 0.000005 -0.000001 -9.103601 -0.043109 -1.865103 -0.099298 -18.354656 0.481965 0.001901 -0.338875 -0.000015 -0.028812 1.892888 -0.383839 -0.000004 -0.000002 0.000005 -8.076694 -0.486733 -3.806299 2.561506 -27.459992 6.550403 -0.021066 -0.349161 5.236111 0.527916 3.350552 -12.046550 -0.000001 0.000002 0.000004 4.570402 11.014668 -2.160812 6.299327 -9.022221 -8.654845 20.097666 -24.125348 -55.490731 0.000001 0.000007 0.000005 7.032197 -39.611518 45.497861 2.466099 -1.576213 2.681692 8.424062 -18.064291 8.813914 -8.289464 6.851335 -5.321199 2.647885 -1.528732 1.528748 -1.252688 -3.564454 -2.913380 1.998920 -1.154094 1.154076 -0.000000 -0.000003 0.000002 9.109304 -0.518001 2.259901 1.477139 -2.236599 9.726122 0.022406 1.013766 -2.204064 0.067507 -1.021949 8.035358 -0.000001 0.000002 -0.000001 9.533407 0.000013 -0.000000 -0.579309 9.113293 10.472625 0.034220 0.814732 0.000039 0.018151 -0.317019 5.944539 -0.000001 -0.000001 -0.000002 9.104495 -0.042994 -1.865098 -0.099316 18.354646 -0.481959 0.001908 0.338858 -0.000028 0.054431 0.103384 -1.132622 -0.000000 0.000000 -0.000000 8.077812 -0.486881 -3.806309 2.561493 27.459994 -6.550383 -0.021069 0.349172 -5.236098 0.068237 -0.512848 13.661919 -0.000001 0.000001 0.000001 -8.207796 -6.751711 -1.599544 5.605187 -7.441965 13.282137 7.079410 -0.980951 1.893971 -7.497719 -13.121585 -9.857987 -3.380250 -0.000009 -0.000000 -0.000000 -0.000001 0.000000 8.207799 -6.751699 -1.599541 -14.669991 11.120905 16.080864 15.903500 0.725125 1.121304 2.652977 1.204042 -7.787252 -1.166433 0.000015 -0.000000 0.000000 -0.000000 0.000000 
-2.423198 102.186424 1.652275 -5.147483 14.359870 -3.421691 0.000001 10.181539 0.131524 3.609133 3.354645 0.614313 1.173468 1.285422 0.051734 1.182517 1.276448 0.042096 -0.000001 16.740358 -2.049018 0.516945 -5.663209 1.169266 0.000001 9.617831 1.684973 -1.789020 -25.513361 2.161198 0.000000 22.037384 7.501072 -0.000000 0.000001 -0.000000 -4.570001 11.014863 -2.160834 10.672295 -1.268000 7.589062 -47.889011 -49.356938 44.225857 0.000009 5.143562 0.000001 2.269357 -5.919585 -42.733058 -2.464803 -1.573984 2.681909 8.423960 18.064404 -8.813917 -8.289468 -6.851337 5.321187 -2.646281 -1.527813 1.527822 -1.399523 4.439470 3.696436 -1.994597 -1.151581 1.151579 0.000006 0.000003 0.000003 -9.108297 -0.517900 2.259799 1.477122 2.236588 -9.726132 0.022410 -1.013762 2.204070 0.038738 1.663539 -4.358520 0.000000 -0.000002 -0.000001 -9.532497 0.000014 -0.000000 -0.579322 -9.113318 -10.472621 0.034220 -0.814731 -0.000100 -0.000758 0.112736 -2.312105 0.000000 -0.000001 -0.000000 -9.103601 -0.043087 -1.865103 -0.099306 -18.354639 0.481964 0.001899 -0.338868 0.000001 -0.028824 1.892878 -0.383816 -0.000001 0.000001 -0.000001 -8.076706 -0.486709 -3.806298 2.561497 -27.459983 6.550410 -0.021066 -0.349177 5.236096 0.527907 3.350548 -12.046534 0.000002 0.000000 -0.000001 4.570400 11.014655 -2.160813 6.310427 -8.766994 -8.460297 18.630190 -21.431284 -56.432006 -0.000012 0.000001 -0.000002 5.751597 -38.970597 45.172040 2.466107 -1.576192 2.681699 8.424063 -18.064276 8.813915 -8.289457 6.851336 -5.321193 2.647882 -1.528731 1.528757 -1.252680 -3.564478 -2.913364 1.998921 -1.154095 1.154081 -0.000002 0.000002 0.000001 9.109293 -0.517994 2.259903 1.477140 -2.236595 9.726136 0.022408 1.013763 -2.204072 0.067513 -1.021944 8.035365 -0.000001 0.000002 -0.000002 9.533416 0.000019 0.000002 -0.579310 9.113306 10.472633 0.034231 0.814730 0.000033 0.018141 -0.317009 5.944532 -0.000001 -0.000002 0.000002 9.104504 -0.042987 -1.865095 -0.099310 18.354653 -0.481925 0.001907 0.338858 0.000094 0.054419 0.103393 -1.132626 -0.000001 -0.000002 0.000001 8.077805 -0.486890 -3.806301 2.561504 27.459995 -6.550344 -0.021083 0.349176 -5.236122 0.068243 -0.512846 13.661911 -0.000001 0.000000 -0.000001 -8.207799 -6.751712 -1.599545 5.688333 -7.497274 13.261153 6.714800 -1.022578 1.831611 -7.579783 -14.829095 -10.043842 -3.398059 -0.000006 -0.000001 -0.000000 -0.000000 -0.000000 8.207803 -6.751711 -1.599542 -14.550748 11.091296 15.544472 15.138962 -0.111960 1.081059 3.178573 0.414779 -7.554659 -1.248244 0.000019 0.000001 0.000000 -0.000002 0.000000 
-2.475798 102.214111 1.662945 -5.199343 15.885739 -3.007617 -0.000000 10.181545 0.131524 3.600941 3.633535 0.635617 1.173796 1.399775 0.067451 1.183373 1.391209 0.056897 -0.000000 16.740355 -2.049020 0.276245 -5.826590 2.038130 0.000000 9.617870 1.684977 -1.289648 -25.907761 3.655442 0.000000 22.037369 7.501074 -0.000001 0.000001 -0.000000 -4.570004 11.014875 -2.160840 10.536520 -1.184751 8.196801 -43.948763 -43.636221 49.994451 -0.000009 4.784837 0.000005 1.589304 -6.604945 -43.265475 -2.464787 -1.573993 2.681910 8.423945 18.064397 -8.813912 -8.289461 -6.851330 5.321179 -2.646263 -1.527814 1.527811 -1.399528 4.439462 3.696447 -1.994597 -1.151579 1.151568 0.000000 -0.000002 -0.000004 -9.108289 -0.517873 2.259802 1.477126 2.236573 -9.726120 0.022418 -1.013740 2.204040 0.038721 1.663504 -4.358498 0.000003 -0.000001 0.000003 -9.532492 0.000009 0.000003 -0.579313 -9.113318 -10.472622 0.034219 -0.814737 -0.000003 -0.000763 0.112740 -2.312101 0.000001 -0.000002 -0.000000 -9.103594 -0.043111 -1.865098 -0.099307 -18.354648 0.481967 0.001907 -0.338871 0.000047 -0.028820 1.892889 -0.383846 -0.000001 -0.000004 0.000002 -8.076684 -0.486729 -3.806296 2.561515 -27.459987 6.550404 -0.021077 -0.349171 5.236111 0.527909 3.350539 -12.046521 0.000001 -0.000002 0.000003 4.570401 11.014697 -2.160812 6.321352 -8.497279 -8.254403 16.902210 -18.149763 -57.516319 -0.000002 -0.000004 -0.000000 4.346501 -37.925568 45.133053 2.466094 -1.576202 2.681693 8.424070 -18.064276 8.813928 -8.289470 6.851326 -5.321193 2.647901 -1.528733 1.528751 -1.252670 -3.564454 -2.913385 1.998924 -1.154092 1.154076 -0.000003 -0.000003 0.000003 9.109309 -0.518006 2.259901 1.477133 -2.236583 9.726117 0.022404 1.013752 -2.204061 0.067515 -1.021943 8.035362 -0.000000 0.000003 -0.000000 9.533398 0.000008 0.000002 -0.579304 9.113307 10.472630 0.034221 0.814751 -0.000030 0.018146 -0.317022 5.944548 -0.000001 -0.000002 -0.000003 9.104507 -0.042990 -1.865100 -0.099309 18.354653 -0.481939 0.001900 0.338868 0.000054 0.054431 0.103383 -1.132634 0.000000 0.000000 0.000005 8.077812 -0.486902 -3.806306 2.561488 27.459995 -6.550351 -0.021073 0.349173 -5.236099 0.068242 -0.512844 13.661925 -0.000000 0.000000 -0.000002 -8.207798 -6.751719 -1.599544 5.608265 -7.591551 13.170526 6.655171 -0.996701 1.751034 -7.727538 -16.324972 -10.170365 -3.372968 -0.000002 0.000003 0.000000 0.000000 0.000000 8.207799 -6.751710 -1.599543 -14.408004 11.075064 15.041581 14.426077 -0.724190 0.984403 3.656293 -0.333797 -7.317215 -1.296469 -0.000007 -0.000002 -0.000000 -0.000000 0.000000 
-2.489093 102.235039 1.661966 -5.242532 17.120952 -2.629537 0.000001 10.181568 0.131524 3.594979 3.901554 0.648110 1.175005 1.509989 0.084857 1.184981 1.501877 0.073438 0.000001 16.740366 -2.049018 0.001401 -5.983847 2.927031 -0.000001 9.617852 1.684975 -0.832259 -26.243745 5.219608 0.000001 22.037338 7.501073 0.000001 0.000001 -0.000000 -4.569997 11.014857 -2.160840 10.400561 -1.111501 8.821042 -40.521439 -36.826918 54.951676 0.000007 4.323462 0.000004 1.524681 -6.896752 -43.631347 -2.464793 -1.573996 2.681905 8.423944 18.064397 -8.813907 -8.289470 -6.851334 5.321195 -2.646276 -1.527815 1.527811 -1.399529 4.439455 3.696434 -1.994613 -1.151595 1.151577 0.000001 -0.000001 0.000006 -9.108296 -0.517877 2.259803 1.477132 2.236576 -9.726124 0.022400 -1.013752 2.204063 0.038732 1.663522 -4.358509 -0.000001 0.000002 0.000001 -9.532495 0.000009 -0.000003 -0.579326 -9.113322 -10.472609 0.034227 -0.814750 0.000048 -0.000766 0.112740 -2.312086 -0.000001 -0.000002 -0.000000 -9.103600 -0.043104 -1.865102 -0.099293 -18.354651 0.481986 0.001887 -0.338875 0.000020 -0.028814 1.892882 -0.383836 0.000002 0.000001 -0.000001 -8.076700 -0.486707 -3.806299 2.561521 -27.459975 6.550413 -0.021076 -0.349166 5.236117 0.527908 3.350547 -12.046539 -0.000001 -0.000000 0.000002 4.570402 11.014684 -2.160815 6.331716 -8.233311 -8.057625 14.974295 -14.265453 -58.647761 -0.000007 -0.000001 -0.000000 2.917191 -36.455875 45.231145 2.466104 -1.576215 2.681694 8.424071 -18.064283 8.813925 -8.289458 6.851348 -5.321187 2.647881 -1.528731 1.528748 -1.252680 -3.564467 -2.913376 1.998928 -1.154094 1.154079 0.000002 0.000001 0.000001 9.109302 -0.518015 2.259896 1.477146 -2.236583 9.726130 0.022405 1.013744 -2.204045 0.067501 -1.021935 8.035337 -0.000001 -0.000000 0.000001 9.533407 0.000005 0.000003 -0.579307 9.113293 10.472652 0.034234 0.814733 0.000041 0.018134 -0.317004 5.944529 -0.000002 -0.000000 0.000000 9.104507 -0.043000 -1.865102 -0.099312 18.354644 -0.481935 0.001902 0.338870 0.000075 0.054437 0.103376 -1.132631 -0.000000 -0.000001 0.000007 8.077816 -0.486881 -3.806297 2.561492 27.459988 -6.550358 -0.021083 0.349183 -5.236105 0.068244 -0.512856 13.661909 -0.000000 -0.000000 -0.000002 -8.207799 -6.751702 -1.599545 5.390655 -7.725829 13.021531 6.891086 -0.957728 1.662874 -7.939372 -17.537754 -10.228408 -3.297659 -0.000004 0.000000 0.000000 0.000000 0.000000 8.207802 -6.751693 -1.599543 -14.264758 11.073960 14.583279 13.820679 -1.250298 0.861149 4.057806 -0.902303 -7.087721 -1.301767 -0.000009 0.000000 0.000000 0.000000 0.000000 
-2.464038 102.249443 1.647710 -5.283023 18.062548 -2.304684 -0.000001 10.181540 0.131523 3.588676 4.145264 0.689574 1.176563 1.610215 0.113078 1.186852 1.602640 0.100916 0.000001 16.740360 -2.049016 -0.294477 -6.112151 3.817952 0.000001 9.617849 1.684974 -0.457665 -26.453263 6.766271 -0.000001 22.037369 7.501072 0.000001 0.000002 0.000000 -4.570001 11.014860 -2.160836 10.262121 -1.035561 9.480818 -37.826957 -29.347226 58.800313 -0.000008 3.770523 0.000044 1.928695 -6.946669 -43.875322 -2.464800 -1.574002 2.681904 8.423951 18.064387 -8.813902 -8.289470 -6.851332 5.321196 -2.646249 -1.527789 1.527825 -1.399529 4.439474 3.696419 -1.994590 -1.151585 1.151580 -0.000001 -0.000001 -0.000000 -9.108295 -0.517889 2.259803 1.477123 2.236569 -9.726113 0.022405 -1.013748 2.204057 0.038722 1.663518 -4.358501 0.000001 -0.000000 0.000002 -9.532495 0.000004 0.000001 -0.579322 -9.113325 -10.472613 0.034227 -0.814732 0.000045 -0.000764 0.112737 -2.312094 -0.000002 -0.000003 -0.000001 -9.103612 -0.043106 -1.865099 -0.099294 -18.354650 0.481975 0.001905 -0.338869 0.000010 -0.028817 1.892880 -0.383839 -0.000002 0.000001 0.000002 -8.076708 -0.486711 -3.806299 2.561512 -27.459978 6.550408 -0.021072 -0.349168 5.236096 0.527916 3.350549 -12.046551 -0.000001 -0.000001 0.000002 4.570401 11.014688 -2.160813 6.340590 -7.996518 -7.880221 12.901596 -9.811708 -59.752278 -0.000001 -0.000002 -0.000003 1.565096 -34.592596 45.333352 2.466108 -1.576210 2.681693 8.424060 -18.064288 8.813927 -8.289462 6.851346 -5.321190 2.647888 -1.528744 1.528751 -1.252662 -3.564466 -2.913357 1.998924 -1.154092 1.154075 0.000002 -0.000003 0.000003 9.109304 -0.518014 2.259897 1.477142 -2.236601 9.726136 0.022400 1.013775 -2.204073 0.067509 -1.021947 8.035368 0.000000 0.000001 0.000001 9.533406 -0.000000 -0.000004 -0.579315 9.113301 10.472629 0.034243 0.814727 -0.000090 0.018141 -0.317005 5.944528 -0.000002 0.000000 -0.000002 9.104502 -0.042989 -1.865102 -0.099307 18.354643 -0.481933 0.001899 0.338867 -0.000035 0.054432 0.103384 -1.132645 -0.000000 -0.000001 0.000003 8.077819 -0.486883 -3.806311 2.561496 27.459992 -6.550382 -0.021087 0.349192 -5.236108 0.068258 -0.512853 13.661921 0.000000 -0.000001 0.000001 -8.207800 -6.751724 -1.599546 5.107355 -7.884842 12.834978 7.307416 -0.924198 1.580559 -8.177152 -18.441991 -10.225889 -3.181187 0.000005 -0.000002 -0.000000 -0.000001 -0.000000 8.207802 -6.751703 -1.599544 -14.134948 11.079163 14.183182 13.355391 -1.457939 0.751556 4.362858 -1.518854 -6.874956 -1.271871 0.000003 0.000002 0.000000 0.000000 0.000000 
-2.403891 102.259148 1.620923 -5.319455 18.707309 -2.044775 -0.000000 10.181557 0.131522 3.575629 4.353724 0.781986 1.176515 1.695526 0.155508 1.187116 1.688495 0.142777 0.000000 16.740353 -2.049020 -0.595265 -6.191534 4.700572 0.000002 9.617840 1.684978 -0.165634 -26.480488 8.262139 0.000000 22.037369 7.501076 -0.000000 0.000001 0.000001 -4.570002 11.014881 -2.160836 10.120159 -0.946941 10.182966 -35.756300 -21.621479 61.569162 0.000000 3.094231 0.000019 2.736762 -6.757116 -44.035848 -2.464791 -1.573993 2.681907 8.423948 18.064390 -8.813908 -8.289463 -6.851323 5.321185 -2.646262 -1.527811 1.527810 -1.399531 4.439465 3.696431 -1.994591 -1.151569 1.151584 0.000001 -0.000006 -0.000000 -9.108298 -0.517870 2.259802 1.477114 2.236578 -9.726122 0.022418 -1.013759 2.204057 0.038724 1.663525 -4.358506 0.000001 0.000001 0.000002 -9.532500 0.000002 0.000002 -0.579324 -9.113324 -10.472613 0.034222 -0.814743 -0.000071 -0.000768 0.112735 -2.312085 -0.000000 -0.000000 -0.000001 -9.103596 -0.043081 -1.865099 -0.099298 -18.354656 0.481988 0.001898 -0.338871 -0.000000 -0.028814 1.892884 -0.383840 -0.000000 -0.000001 0.000001 -8.076693 -0.486729 -3.806302 2.561507 -27.460000 6.550402 -0.021065 -0.349170 5.236114 0.527911 3.350541 -12.046547 0.000001 0.000001 0.000000 4.570400 11.014690 -2.160814 6.346343 -7.808451 -7.720047 10.719527 -4.855829 -60.787290 -0.000011 0.000003 -0.000001 0.354748 -32.410822 45.362913 2.466083 -1.576218 2.681701 8.424072 -18.064286 8.813931 -8.289471 6.851341 -5.321198 2.647894 -1.528712 1.528751 -1.252662 -3.564455 -2.913353 1.998925 -1.154108 1.154080 -0.000003 0.000001 -0.000000 9.109299 -0.518033 2.259898 1.477136 -2.236599 9.726134 0.022413 1.013746 -2.204048 0.067503 -1.021935 8.035339 0.000000 -0.000000 0.000000 9.533388 0.000004 0.000002 -0.579307 9.113293 10.472644 0.034237 0.814740 -0.000016 0.018140 -0.317013 5.944525 0.000000 0.000000 0.000000 9.104492 -0.043002 -1.865101 -0.099307 18.354641 -0.481919 0.001901 0.338867 0.000082 0.054429 0.103386 -1.132634 0.000001 0.000000 -0.000002 8.077793 -0.486881 -3.806300 2.561491 27.459988 -6.550349 -0.021077 0.349172 -5.236104 0.068245 -0.512852 13.661924 0.000001 -0.000002 -0.000000 -8.207801 -6.751698 -1.599545 4.812749 -8.050607 12.630846 7.801691 -0.880686 1.508363 -8.408199 -19.052720 -10.175536 -3.138688 0.000002 0.000001 -0.000000 -0.000000 0.000000 8.207797 -6.751688 -1.599543 -14.023322 11.076079 13.846874 13.040685 -1.225944 0.681708 4.563828 -2.290458 -6.685791 -1.230306 -0.000003 -0.000001 0.000000 -0.000000 0.000000 
-2.313003 102.265892 1.586608 -5.352115 19.048339 -1.856390 0.000000 10.181554 0.131522 3.557568 4.526999 0.924005 1.175231 1.765605 0.209281 1.186272 1.759022 0.196146 -0.000000 16.740362 -2.049020 -0.893291 -6.214927 5.576547 0.000000 9.617863 1.684977 0.084787 -26.304633 9.717245 0.000001 22.037399 7.501073 -0.000000 0.000000 0.000001 -4.570003 11.014875 -2.160841 9.975161 -0.844518 10.920557 -34.081134 -13.950262 63.426817 0.000013 2.281927 -0.000006 3.924878 -6.282559 -44.134685 -2.464798 -1.573988 2.681908 8.423948 18.064384 -8.813926 -8.289465 -6.851341 5.321198 -2.646255 -1.527815 1.527816 -1.399521 4.439474 3.696419 -1.994610 -1.151585 1.151571 -0.000003 0.000002 0.000005 -9.108293 -0.517865 2.259804 1.477119 2.236573 -9.726138 0.022406 -1.013755 2.204070 0.038726 1.663508 -4.358502 0.000001 0.000003 0.000003 -9.532498 0.000005 -0.000000 -0.579337 -9.113328 -10.472625 0.034228 -0.814735 0.000091 -0.000765 0.112737 -2.312087 0.000001 -0.000000 0.000003 -9.103600 -0.043095 -1.865100 -0.099307 -18.354663 0.481984 0.001911 -0.338854 -0.000076 -0.028836 1.892879 -0.383832 -0.000000 -0.000001 0.000001 -8.076695 -0.486705 -3.806297 2.561509 -27.459994 6.550403 -0.021076 -0.349172 5.236130 0.527899 3.350542 -12.046534 -0.000000 -0.000001 0.000004 4.570400 11.014683 -2.160816 6.347088 -7.686664 -7.567769 8.449507 0.511042 -61.728340 -0.000000 0.000005 0.000013 -0.721190 -29.997440 45.298341 2.466100 -1.576222 2.681691 8.424072 -18.064276 8.813919 -8.289460 6.851333 -5.321184 2.647870 -1.528758 1.528751 -1.252664 -3.564452 -2.913378 1.998932 -1.154094 1.154071 0.000003 0.000001 -0.000000 9.109295 -0.518005 2.259898 1.477149 -2.236592 9.726128 0.022396 1.013767 -2.204070 0.067510 -1.021950 8.035358 0.000000 -0.000000 -0.000001 9.533400 0.000013 0.000001 -0.579298 9.113298 10.472631 0.034227 0.814734 0.000070 0.018143 -0.316997 5.944529 -0.000001 0.000000 0.000002 9.104508 -0.042991 -1.865100 -0.099307 18.354660 -0.481943 0.001897 0.338867 0.000088 0.054439 0.103374 -1.132630 0.000003 -0.000001 -0.000001 8.077810 -0.486909 -3.806298 2.561490 27.459997 -6.550358 -0.021074 0.349168 -5.236095 0.068243 -0.512843 13.661906 0.000001 -0.000000 -0.000001 -8.207800 -6.751710 -1.599545 4.545520 -8.204513 12.424250 8.304464 -0.824338 1.447069 -8.606831 -19.375496 -10.084560 -3.138878 0.000007 -0.000000 0.000000 -0.000000 0.000000 8.207798 -6.751708 -1.599547 -13.931853 11.071418 13.583237 12.882252 -0.698469 0.653142 4.655359 -3.075270 -6.529284 -1.205512 0.000005 -0.000002 -0.000000 -0.000002 0.000000 
-2.195664 102.270172 1.552115 -5.386328 19.071710 -1.741786 -0.000000 10.181559 0.131523 3.546334 4.672801 1.098687 1.176100 1.823552 0.268706 1.187744 1.817280 0.255234 -0.000001 16.740341 -2.049019 -1.195126 -6.183249 6.460562 0.000002 9.617858 1.684978 0.343994 -25.904408 11.120468 -0.000001 22.037354 7.501075 -0.000000 0.000000 0.000000 -4.570002 11.014843 -2.160839 9.828763 -0.736186 11.677032 -32.592351 -6.487574 64.562466 -0.000005 1.396290 0.000016 5.457980 -5.505595 -44.197714 -2.464806 -1.573986 2.681910 8.423961 18.064385 -8.813908 -8.289467 -6.851322 5.321185 -2.646267 -1.527799 1.527817 -1.399540 4.439460 3.696436 -1.994590 -1.151567 1.151582 0.000000 0.000000 0.000003 -9.108303 -0.517882 2.259806 1.477138 2.236585 -9.726132 0.022403 -1.013761 2.204061 0.038733 1.663522 -4.358504 0.000000 0.000005 0.000002 -9.532496 0.000004 0.000003 -0.579317 -9.113323 -10.472621 0.034229 -0.814736 0.000045 -0.000767 0.112726 -2.312097 0.000002 0.000000 0.000003 -9.103604 -0.043098 -1.865093 -0.099290 -18.354650 0.481975 0.001889 -0.338874 0.000007 -0.028820 1.892884 -0.383834 -0.000001 0.000000 0.000002 -8.076704 -0.486716 -3.806294 2.561518 -27.459992 6.550419 -0.021071 -0.349170 5.236109 0.527909 3.350554 -12.046553 0.000000 -0.000000 0.000002 4.570399 11.014655 -2.160813 6.341831 -7.639226 -7.415657 6.115994 6.162513 -62.550428 -0.000002 -0.137252 0.000002 -1.766931 -27.423379 45.154022 2.466100 -1.576188 2.681695 8.424069 -18.064279 8.813919 -8.289469 6.851329 -5.321190 2.647892 -1.528757 1.528757 -1.252674 -3.564455 -2.913378 1.998920 -1.154086 1.154076 0.000002 -0.000003 0.000002 9.109289 -0.518008 2.259902 1.477142 -2.236596 9.726128 0.022404 1.013758 -2.204060 0.067498 -1.021942 8.035344 0.000002 -0.000002 0.000000 9.533393 0.000024 0.000000 -0.579296 9.113292 10.472630 0.034225 0.814740 -0.000061 0.018142 -0.317006 5.944524 -0.000000 -0.000001 -0.000001 9.104496 -0.042990 -1.865100 -0.099293 18.354636 -0.481939 0.001895 0.338868 -0.000074 0.054436 0.103366 -1.132636 -0.000002 0.000005 0.000000 8.077812 -0.486889 -3.806301 2.561499 27.459990 -6.550376 -0.021070 0.349179 -5.236082 0.068238 -0.512841 13.661891 0.000001 0.000005 0.000001 -8.207798 -6.751699 -1.599547 4.328907 -8.332827 12.221918 8.788776 -0.769433 1.400437 -8.765000 -19.391342 -9.957012 -3.138847 0.000004 0.000003 0.000000 -0.000001 -0.000000 8.207802 -6.751701 -1.599545 -13.860722 11.088500 13.412939 12.889282 -0.018187 0.647338 4.628373 -3.743780 -6.408792 -1.209238 -0.000005 -0.000000 0.000000 0.000001 0.000000 
-2.054445 102.271339 1.521404 -5.424952 18.754076 -1.697269 0.000002 10.181545 0.131523 3.552515 4.796591 1.284485 1.181974 1.871828 0.328616 1.194341 1.865711 0.314793 0.000002 16.740364 -2.049021 -1.513784 -6.090553 7.372605 0.000002 9.617839 1.684977 0.630203 -25.207667 12.409466 0.000006 22.037369 7.501074 -0.000000 -0.000000 -0.000001 -4.569998 11.014863 -2.160841 9.683164 -0.634640 12.433511 -31.147719 0.704036 65.127794 -0.000013 0.572668 -0.000034 7.272984 -4.446933 -44.267358 -2.464795 -1.573992 2.681911 8.423958 18.064392 -8.813926 -8.289472 -6.851345 5.321197 -2.646279 -1.527804 1.527808 -1.399523 4.439468 3.696419 -1.994594 -1.151580 1.151579 -0.000000 0.000003 0.000001 -9.108302 -0.517888 2.259802 1.477124 2.236576 -9.726137 0.022413 -1.013750 2.204076 0.038731 1.663513 -4.358526 -0.000001 -0.000001 0.000001 -9.532498 -0.000002 0.000000 -0.579330 -9.113327 -10.472632 0.034228 -0.814740 -0.000056 -0.000764 0.112735 -2.312082 -0.000001 0.000003 -0.000001 -9.103609 -0.043096 -1.865103 -0.099305 -18.354641 0.481961 0.001907 -0.338868 0.000018 -0.028828 1.892874 -0.383833 -0.000001 0.000001 -0.000003 -8.076700 -0.486731 -3.806302 2.561511 -27.459988 6.550401 -0.021069 -0.349170 5.236102 0.527901 3.350548 -12.046536 0.000001 -0.000000 -0.000001 4.570401 11.014670 -2.160816 6.331275 -7.662038 -7.264541 3.751634 11.920360 -63.221037 0.000010 -0.356682 -0.000021 -2.966975 -24.747056 44.969112 2.466104 -1.576212 2.681705 8.424057 -18.064281 8.813917 -8.289462 6.851339 -5.321197 2.647893 -1.528733 1.528763 -1.252663 -3.564452 -2.913368 1.998920 -1.154094 1.154079 0.000001 0.000000 0.000005 9.109312 -0.517998 2.259900 1.477145 -2.236592 9.726132 0.022395 1.013771 -2.204070 0.067511 -1.021951 8.035362 -0.000000 -0.000001 0.000000 9.533413 0.000022 0.000005 -0.579311 9.113313 10.472640 0.034228 0.814752 0.000008 0.018149 -0.317020 5.944531 -0.000000 0.000004 0.000000 9.104502 -0.043003 -1.865095 -0.099308 18.354644 -0.481936 0.001901 0.338864 0.000009 0.054428 0.103390 -1.132638 -0.000002 0.000002 -0.000003 8.077818 -0.486887 -3.806297 2.561496 27.459992 -6.550360 -0.021079 0.349190 -5.236107 0.068249 -0.512873 13.661924 -0.000002 0.000001 0.000001 -8.207799 -6.751703 -1.599545 4.159032 -8.436769 12.019999 9.272832 -0.698935 1.365553 -8.888888 -19.095144 -9.794229 -3.138752 0.000006 0.000003 -0.000000 0.000001 0.000000 8.207802 -6.751709 -1.599544 -13.802919 11.131581 13.339422 13.066506 0.717201 0.654346 4.476474 -4.179345 -6.334635 -1.219485 -0.000009 0.000003 -0.000000 0.000002 0.000000 
-1.888661 102.268738 1.491656 -5.463812 18.082350 -1.711806 0.000000 10.181549 0.131525 3.575025 4.894360 1.463992 1.192022 1.909151 0.386215 1.205138 1.903120 0.372019 -0.000000 16.740368 -2.049018 -1.854176 -5.914272 8.320332 -0.000003 9.617827 1.684975 0.908210 -24.092878 13.512341 0.000000 22.037369 7.501074 -0.000000 0.000000 0.000001 -4.570002 11.014873 -2.160839 9.540996 -0.552101 13.174034 -29.658321 7.579307 65.211477 -0.000015 0.000004 0.000010 9.294666 -3.149480 -44.384178 -2.464795 -1.573973 2.681911 8.423945 18.064394 -8.813911 -8.289473 -6.851320 5.321183 -2.646261 -1.527818 1.527810 -1.399528 4.439462 3.696433 -1.994597 -1.151587 1.151573 -0.000000 0.000001 0.000003 -9.108295 -0.517878 2.259805 1.477124 2.236583 -9.726142 0.022406 -1.013755 2.204065 0.038728 1.663514 -4.358500 -0.000000 0.000002 -0.000000 -9.532499 0.000002 0.000000 -0.579326 -9.113321 -10.472627 0.034217 -0.814738 -0.000009 -0.000763 0.112741 -2.312096 -0.000001 0.000000 0.000002 -9.103605 -0.043092 -1.865103 -0.099312 -18.354646 0.481966 0.001914 -0.338851 0.000019 -0.028831 1.892867 -0.383824 -0.000000 -0.000001 -0.000000 -8.076700 -0.486705 -3.806298 2.561503 -27.459988 6.550408 -0.021065 -0.349164 5.236102 0.527906 3.350547 -12.046557 -0.000002 -0.000001 0.000001 4.570400 11.014696 -2.160814 6.317407 -7.741392 -7.122537 1.380573 17.560176 -63.703679 -0.000006 -0.616150 0.000004 -4.486881 -22.047110 44.806065 2.466106 -1.576224 2.681691 8.424057 -18.064279 8.813906 -8.289465 6.851331 -5.321175 2.647884 -1.528733 1.528755 -1.252675 -3.564456 -2.913377 1.998921 -1.154087 1.154073 -0.000002 0.000003 0.000001 9.109299 -0.517996 2.259899 1.477139 -2.236590 9.726121 0.022404 1.013759 -2.204065 0.067509 -1.021941 8.035359 0.000001 -0.000001 0.000001 9.533406 0.000001 0.000000 -0.579308 9.113303 10.472627 0.034237 0.814738 0.000019 0.018141 -0.316995 5.944533 0.000002 0.000007 -0.000001 9.104495 -0.042998 -1.865099 -0.099304 18.354648 -0.481949 0.001894 0.338859 -0.000008 0.054434 0.103389 -1.132643 0.000002 -0.000003 0.000001 8.077799 -0.486906 -3.806303 2.561495 27.459992 -6.550373 -0.021079 0.349172 -5.236107 0.068257 -0.512858 13.661921 -0.000000 -0.000003 -0.000000 -8.207798 -6.751705 -1.599545 4.000556 -8.523488 11.807871 9.806722 -0.552300 1.324565 -8.996583 -18.536360 -9.596501 -3.138682 -0.000003 -0.000005 0.000000 -0.000000 -0.000000 8.207800 -6.751699 -1.599545 -13.741355 11.170488 13.322999 13.395913 1.354628 0.693561 4.208877 -4.176171 -6.333157 -1.214192 -0.000007 -0.000000 0.000000 0.000002 0.000000 
-1.693920 102.262650 1.457151 -5.498007 17.101699 -1.772054 0.000000 10.181536 0.131523 3.604612 4.951644 1.631230 1.203042 1.929979 0.441564 1.216796 1.924041 0.427054 -0.000002 16.740395 -2.049023 -2.205701 -5.620076 9.285625 0.000004 9.617836 1.684973 1.104063 -22.446863 14.404934 0.000012 22.037384 7.501074 -0.000000 -0.000000 -0.000003 -4.570005 11.014896 -2.160841 9.404764 -0.495900 13.887071 -28.054949 14.059779 64.838112 -0.000001 0.000001 -0.000002 11.458538 -1.686268 -44.548382 -2.464791 -1.574002 2.681909 8.423951 18.064399 -8.813918 -8.289466 -6.851329 5.321199 -2.646267 -1.527810 1.527822 -1.399523 4.439485 3.696439 -1.994590 -1.151585 1.151577 -0.000002 -0.000004 -0.000004 -9.108297 -0.517873 2.259802 1.477124 2.236563 -9.726133 0.022405 -1.013754 2.204056 0.038734 1.663518 -4.358511 0.000001 0.000002 0.000001 -9.532499 0.000004 -0.000006 -0.579316 -9.113302 -10.472623 0.034227 -0.814730 -0.000050 -0.000772 0.112739 -2.312084 -0.000001 0.000005 0.000001 -9.103601 -0.043117 -1.865104 -0.099306 -18.354648 0.481981 0.001903 -0.338852 -0.000039 -0.028825 1.892862 -0.383841 -0.000001 0.000004 0.000002 -8.076693 -0.486726 -3.806303 2.561499 -27.459978 6.550392 -0.021066 -0.349173 5.236110 0.527914 3.350553 -12.046545 -0.000000 -0.000000 -0.000000 4.570401 11.014661 -2.160818 6.302230 -7.861375 -6.996800 -1.002453 22.843259 -63.959244 -0.000000 -0.866266 0.000003 -6.310486 -19.453854 44.729983 2.466090 -1.576194 2.681692 8.424058 -18.064279 8.813919 -8.289462 6.851347 -5.321187 2.647889 -1.528735 1.528745 -1.252672 -3.564461 -2.913367 1.998917 -1.154086 1.154079 -0.000002 -0.000004 -0.000000 9.109296 -0.518006 2.259898 1.477137 -2.236585 9.726118 0.022405 1.013765 -2.204069 0.067509 -1.021937 8.035357 0.000001 -0.000004 0.000001 9.533391 0.000021 -0.000000 -0.579304 9.113307 10.472621 0.034230 0.814740 -0.000097 0.018143 -0.317016 5.944541 0.000000 0.000003 0.000000 9.104486 -0.042991 -1.865104 -0.099306 18.354650 -0.481946 0.001902 0.338867 -0.000108 0.054434 0.103392 -1.132622 -0.000001 -0.000002 0.000001 8.077805 -0.486891 -3.806300 2.561499 27.459995 -6.550366 -0.021077 0.349169 -5.236107 0.068238 -0.512842 13.661918 0.000000 -0.000000 -0.000002 -8.207798 -6.751705 -1.599544 3.820887 -8.589240 11.580994 10.414139 -0.308269 1.257725 -9.098589 -17.792723 -9.361961 -3.138673 -0.000001 -0.000002 -0.000000 -0.000000 0.000000 8.207799 -6.751700 -1.599544 -13.663878 11.168228 13.308722 13.841277 1.822535 0.793624 3.851191 -3.657142 -6.415449 -1.219681 -0.000014 0.000003 -0.000000 0.000002 0.000000 
-1.464072 102.253723 1.416659 -5.529293 15.940704 -1.870025 -0.000001 10.181558 0.131523 3.634912 4.950004 1.793622 1.212898 1.927031 0.496648 1.227083 1.921227 0.481964 0.000002 16.740332 -2.049017 -2.547146 -5.178678 10.231332 0.000007 9.617835 1.684980 1.148389 -20.226919 15.113897 -0.000001 22.037369 7.501075 -0.000000 0.000000 0.000001 -4.570001 11.014854 -2.160839 9.276305 -0.467054 14.561448 -26.269831 20.022857 63.991148 -0.000001 0.000002 -0.000004 13.717305 -0.191590 -44.700047 -2.464794 -1.573984 2.681905 8.423944 18.064404 -8.813893 -8.289469 -6.851314 5.321181 -2.646263 -1.527796 1.527823 -1.399517 4.439472 3.696428 -1.994606 -1.151583 1.151576 0.000000 -0.000002 0.000003 -9.108296 -0.517870 2.259802 1.477131 2.236578 -9.726119 0.022403 -1.013758 2.204054 0.038728 1.663498 -4.358496 -0.000001 0.000001 0.000000 -9.532492 0.000016 -0.000002 -0.579327 -9.113319 -10.472615 0.034231 -0.814744 -0.000016 -0.000769 0.112742 -2.312089 -0.000001 0.000002 0.000002 -9.103587 -0.043080 -1.865097 -0.099293 -18.354653 0.481968 0.001896 -0.338870 -0.000001 -0.028827 1.892870 -0.383823 0.000001 -0.000000 -0.000001 -8.076689 -0.486708 -3.806298 2.561523 -27.459978 6.550411 -0.021074 -0.349177 5.236119 0.527908 3.350548 -12.046533 0.000000 -0.000000 0.000002 4.570402 11.014688 -2.160812 6.286411 -8.012521 -6.885645 -3.425336 27.547478 -63.942906 -0.000003 -1.030184 0.000003 -8.129450 -17.138118 44.750993 2.466096 -1.576205 2.681694 8.424072 -18.064278 8.813913 -8.289468 6.851329 -5.321179 2.647886 -1.528743 1.528753 -1.252676 -3.564445 -2.913375 1.998933 -1.154086 1.154073 0.000002 0.000005 -0.000000 9.109293 -0.517995 2.259897 1.477147 -2.236599 9.726130 0.022400 1.013774 -2.204073 0.067507 -1.021951 8.035371 -0.000001 0.000002 0.000001 9.533397 0.000005 0.000003 -0.579299 9.113287 10.472638 0.034223 0.814756 0.000073 0.018145 -0.317016 5.944528 0.000001 -0.000002 -0.000000 9.104488 -0.042989 -1.865101 -0.099305 18.354639 -0.481943 0.001900 0.338870 -0.000119 0.054428 0.103369 -1.132617 -0.000000 -0.000000 0.000002 8.077797 -0.486888 -3.806309 2.561497 27.459987 -6.550371 -0.021074 0.349191 -5.236100 0.068252 -0.512862 13.661899 -0.000001 0.000002 -0.000001 -8.207802 -6.751709 -1.599545 3.621485 -8.631523 11.346233 11.066015 -0.073289 1.166007 -9.193113 -16.887006 -9.082558 -3.138643 0.000008 -0.000000 -0.000000 -0.000001 0.000000 8.207801 -6.751695 -1.599545 -13.582752 11.122083 13.284348 14.369555 2.389834 0.948781 3.431919 -3.012179 -6.542851 -1.262344 0.000024 -0.000001 -0.000000 -0.000000 0.000000 
-1.195833 102.241898 1.375412 -5.563837 14.749498 -2.004637 0.000000 10.181540 0.131525 3.665304 4.878932 1.964602 1.221297 1.896304 0.553346 1.235613 1.890762 0.538658 -0.000001 16.740387 -2.049021 -2.858059 -4.583709 11.123136 -0.000003 9.617848 1.684976 1.023858 -17.484632 15.668720 0.000002 22.037384 7.501070 -0.000000 -0.000000 -0.000001 -4.570000 11.014890 -2.160837 9.155945 -0.461679 15.181808 -24.245864 25.322196 62.654603 -0.000001 -0.000002 0.000000 16.024010 1.134648 -44.743883 -2.464791 -1.573985 2.681909 8.423956 18.064402 -8.813919 -8.289465 -6.851327 5.321179 -2.646273 -1.527811 1.527815 -1.399537 4.439458 3.696445 -1.994613 -1.151586 1.151580 0.000004 -0.000004 0.000003 -9.108295 -0.517870 2.259806 1.477124 2.236593 -9.726135 0.022410 -1.013754 2.204061 0.038729 1.663522 -4.358508 -0.000000 -0.000001 0.000001 -9.532497 -0.000004 0.000001 -0.579325 -9.113318 -10.472634 0.034228 -0.814733 0.000022 -0.000774 0.112731 -2.312097 0.000001 0.000002 0.000000 -9.103586 -0.043102 -1.865099 -0.099302 -18.354631 0.481957 0.001899 -0.338874 -0.000063 -0.028821 1.892884 -0.383833 0.000002 0.000004 0.000002 -8.076689 -0.486729 -3.806300 2.561507 -27.459976 6.550390 -0.021070 -0.349162 5.236120 0.527921 3.350556 -12.046559 -0.000001 -0.000002 0.000000 4.570402 11.014677 -2.160814 6.268866 -8.197319 -6.777763 -5.892704 31.476459 -63.614770 0.000016 -1.034787 0.000004 -9.425974 -15.247313 44.776473 2.466101 -1.576212 2.681699 8.424062 -18.064290 8.813919 -8.289470 6.851326 -5.321186 2.647901 -1.528731 1.528759 -1.252669 -3.564459 -2.913375 1.998917 -1.154100 1.154074 0.000005 0.000000 0.000003 9.109293 -0.518002 2.259900 1.477151 -2.236620 9.726140 0.022398 1.013774 -2.204070 0.067504 -1.021943 8.035351 -0.000002 -0.000001 0.000001 9.533398 0.000000 -0.000002 -0.579312 9.113299 10.472645 0.034226 0.814737 0.000001 0.018150 -0.317024 5.944536 -0.000001 0.000003 0.000000 9.104515 -0.042997 -1.865099 -0.099308 18.354631 -0.481941 0.001908 0.338853 -0.000083 0.054429 0.103398 -1.132633 0.000000 0.000002 0.000002 8.077800 -0.486877 -3.806298 2.561494 27.459992 -6.550358 -0.021071 0.349171 -5.236103 0.068249 -0.512861 13.661919 0.000000 0.000000 -0.000004 -8.207801 -6.751714 -1.599545 3.429841 -8.664540 11.113704 11.710911 -0.024378 1.071505 -9.273319 -15.769650 -8.747460 -3.138574 0.000006 -0.000001 -0.000000 0.000001 0.000000 8.207801 -6.751708 -1.599545 -13.529907 11.065143 13.270868 14.969963 3.044143 1.116779 2.968023 -2.415880 -6.666219 -1.271429 0.000002 0.000000 0.000000 0.000002 0.000000 
-0.893042 102.226257 1.339435 -5.603742 13.587725 -2.176316 -0.000001 10.181552 0.131523 3.693194 4.744626 2.151625 1.227362 1.840494 0.611936 1.241512 1.835361 0.597400 0.000001 16.740370 -2.049021 -3.128865 -3.857082 11.945250 0.000008 9.617867 1.684970 0.780796 -14.345679 16.063650 -0.000006 22.037354 7.501077 -0.000000 -0.000000 -0.000004 -4.569999 11.014873 -2.160842 9.042809 -0.474028 15.726774 -21.957938 29.828450 60.853707 0.000002 0.000004 0.000004 18.306220 2.093413 -44.605196 -2.464802 -1.573997 2.681903 8.423951 18.064384 -8.813925 -8.289465 -6.851309 5.321214 -2.646266 -1.527807 1.527825 -1.399529 4.439468 3.696430 -1.994587 -1.151581 1.151581 -0.000002 -0.000003 0.000001 -9.108285 -0.517897 2.259807 1.477122 2.236574 -9.726138 0.022405 -1.013757 2.204071 0.038732 1.663534 -4.358500 0.000001 -0.000003 -0.000001 -9.532492 -0.000003 0.000000 -0.579332 -9.113333 -10.472625 0.034227 -0.814743 -0.000053 -0.000770 0.112736 -2.312080 0.000001 -0.000003 -0.000001 -9.103593 -0.043106 -1.865101 -0.099314 -18.354668 0.481965 0.001904 -0.338865 0.000028 -0.028812 1.892890 -0.383832 -0.000000 0.000001 0.000001 -8.076697 -0.486706 -3.806296 2.561502 -27.459992 6.550408 -0.021064 -0.349147 5.236101 0.527902 3.350538 -12.046536 -0.000000 -0.000001 0.000001 4.570400 11.014655 -2.160817 6.247398 -8.428524 -6.657903 -8.332334 34.463239 -62.973115 -0.000007 -0.856165 -0.000004 -9.763640 -13.848874 44.660674 2.466096 -1.576211 2.681693 8.424062 -18.064286 8.813916 -8.289467 6.851350 -5.321187 2.647889 -1.528739 1.528748 -1.252662 -3.564461 -2.913377 1.998925 -1.154096 1.154074 -0.000003 -0.000001 -0.000000 9.109296 -0.518016 2.259897 1.477137 -2.236588 9.726119 0.022399 1.013767 -2.204066 0.067511 -1.021957 8.035353 0.000002 0.000000 0.000001 9.533400 0.000010 -0.000005 -0.579310 9.113315 10.472624 0.034228 0.814731 -0.000058 0.018142 -0.317009 5.944524 -0.000000 0.000000 -0.000000 9.104499 -0.043002 -1.865105 -0.099310 18.354646 -0.481942 0.001901 0.338869 0.000013 0.054431 0.103377 -1.132627 -0.000001 0.000002 0.000003 8.077793 -0.486887 -3.806303 2.561494 27.459988 -6.550377 -0.021078 0.349195 -5.236103 0.068241 -0.512842 13.661915 0.000000 -0.000000 0.000001 -8.207801 -6.751719 -1.599544 3.260156 -8.702886 10.887008 12.328537 -0.230012 0.990871 -9.341593 -14.412102 -8.357775 -3.138443 -0.000006 -0.000003 0.000000 0.000000 0.000000 8.207798 -6.751703 -1.599545 -13.518780 11.018295 13.287281 15.635717 3.765459 1.273442 2.465836 -1.932562 -6.767776 -1.137285 -0.000024 0.000004 -0.000000 -0.000000 0.000000 
-0.566423 102.206841 1.310062 -5.643417 12.389984 -2.381382 -0.000000 10.181565 0.131524 3.709921 4.563783 2.348922 1.228475 1.766432 0.671062 1.242227 1.761793 0.656841 0.000001 16.740406 -2.049023 -3.363598 -3.035652 12.698251 0.000001 9.617831 1.684972 0.495740 -10.958081 16.268076 -0.000000 22.037384 7.501073 -0.000000 0.000000 0.000000 -4.569996 11.014894 -2.160841 8.936095 -0.499320 16.174511 -19.417292 33.475450 58.666612 0.000001 -0.000001 0.000004 20.452508 2.606068 -44.271452 -2.464796 -1.573979 2.681908 8.423960 18.064411 -8.813925 -8.289477 -6.851329 5.321200 -2.646260 -1.527800 1.527819 -1.399505 4.439446 3.696411 -1.994586 -1.151600 1.151575 -0.000002 -0.000004 -0.000002 -9.108294 -0.517865 2.259801 1.477128 2.236594 -9.726126 0.022405 -1.013764 2.204056 0.038729 1.663517 -4.358514 0.000000 -0.000003 -0.000000 -9.532498 0.000017 -0.000000 -0.579325 -9.113314 -10.472615 0.034228 -0.814746 -0.000012 -0.000768 0.112740 -2.312092 -0.000001 0.000004 0.000001 -9.103602 -0.043105 -1.865100 -0.099308 -18.354661 0.481966 0.001899 -0.338877 -0.000003 -0.028818 1.892898 -0.383826 -0.000000 0.000005 -0.000001 -8.076696 -0.486717 -3.806301 2.561503 -27.459975 6.550396 -0.021067 -0.349171 5.236108 0.527910 3.350534 -12.046547 0.000001 0.000002 -0.000001 4.570400 11.014711 -2.160819 6.219989 -8.720686 -6.513960 -10.588668 36.405069 -62.086823 0.000004 -0.545145 0.000001 -9.105670 -12.952549 44.351338 2.466091 -1.576209 2.681694 8.424062 -18.064293 8.813923 -8.289468 6.851348 -5.321179 2.647885 -1.528742 1.528746 -1.252669 -3.564456 -2.913365 1.998924 -1.154109 1.154076 -0.000000 -0.000000 0.000007 9.109305 -0.518007 2.259900 1.477140 -2.236605 9.726127 0.022401 1.013775 -2.204062 0.067509 -1.021941 8.035351 0.000001 -0.000002 0.000001 9.533410 0.000011 0.000000 -0.579311 9.113306 10.472634 0.034227 0.814743 0.000047 0.018145 -0.317007 5.944530 -0.000001 0.000001 0.000001 9.104509 -0.042994 -1.865101 -0.099317 18.354650 -0.481936 0.001908 0.338848 0.000071 0.054430 0.103392 -1.132631 -0.000001 0.000000 0.000001 8.077812 -0.486909 -3.806298 2.561487 27.459988 -6.550357 -0.021083 0.349193 -5.236102 0.068245 -0.512835 13.661913 -0.000001 0.000000 -0.000000 -8.207797 -6.751689 -1.599545 3.098918 -8.740042 10.660923 12.931632 -0.592327 0.919188 -9.402701 -12.855768 -7.931130 -3.138407 -0.000003 0.000001 -0.000000 -0.000000 -0.000000 8.207800 -6.751687 -1.599546 -13.526035 10.970120 13.319311 16.343073 4.530531 1.438751 1.935159 -1.456602 -6.878465 -0.885432 -0.000005 0.000002 -0.000000 -0.000000 0.000000 
-0.228263 102.185516 1.285325 -5.675798 11.054079 -2.611354 -0.000000 10.181557 0.131523 3.708895 4.347219 2.539766 1.222780 1.678265 0.728321 1.235983 1.674177 0.714613 -0.000004 16.740389 -2.049021 -3.572519 -2.149037 13.388263 0.000001 9.617841 1.684975 0.199017 -7.439029 16.267600 0.000004 22.037354 7.501074 -0.000001 -0.000000 0.000000 -4.569999 11.014882 -2.160839 8.836798 -0.536008 16.512443 -16.643834 36.293368 56.193407 0.000013 0.000022 0.000005 22.324036 2.807889 -43.788329 -2.464794 -1.573994 2.681905 8.423956 18.064406 -8.813907 -8.289466 -6.851351 5.321179 -2.646266 -1.527811 1.527820 -1.399528 4.439482 3.696433 -1.994583 -1.151584 1.151578 -0.000001 -0.000003 -0.000000 -9.108296 -0.517897 2.259801 1.477130 2.236575 -9.726136 0.022403 -1.013756 2.204057 0.038732 1.663522 -4.358497 -0.000000 -0.000002 -0.000000 -9.532498 0.000004 -0.000003 -0.579310 -9.113299 -10.472614 0.034219 -0.814745 0.000026 -0.000771 0.112741 -2.312098 -0.000000 0.000000 0.000000 -9.103601 -0.043103 -1.865095 -0.099295 -18.354631 0.481960 0.001896 -0.338874 -0.000056 -0.028822 1.892865 -0.383819 0.000001 0.000005 -0.000001 -8.076692 -0.486731 -3.806298 2.561510 -27.459980 6.550400 -0.021067 -0.349156 5.236106 0.527907 3.350553 -12.046543 -0.000001 -0.000003 0.000002 4.570401 11.014690 -2.160815 6.186114 -9.079432 -6.341221 -12.492880 37.330194 -61.086931 -0.000002 -0.206183 0.000001 -7.895757 -12.578312 44.003111 2.466109 -1.576214 2.681690 8.424072 -18.064274 8.813921 -8.289459 6.851341 -5.321190 2.647877 -1.528759 1.528736 -1.252681 -3.564460 -2.913363 1.998921 -1.154076 1.154078 -0.000000 0.000003 0.000001 9.109303 -0.518029 2.259898 1.477141 -2.236589 9.726133 0.022398 1.013768 -2.204073 0.067521 -1.021954 8.035375 -0.000001 0.000003 0.000002 9.533399 0.000003 -0.000001 -0.579312 9.113305 10.472640 0.034226 0.814742 -0.000045 0.018147 -0.317006 5.944531 -0.000000 -0.000003 -0.000001 9.104497 -0.042993 -1.865106 -0.099317 18.354663 -0.481932 0.001905 0.338879 0.000011 0.054427 0.103380 -1.132631 -0.000000 0.000003 0.000001 8.077812 -0.486888 -3.806307 2.561495 27.459992 -6.550354 -0.021080 0.349175 -5.236106 0.068249 -0.512858 13.661911 0.000001 -0.000000 -0.000001 -8.207798 -6.751715 -1.599544 2.925404 -8.759614 10.422590 13.534973 -1.021885 0.845017 -9.455424 -11.109002 -7.480067 -3.138585 0.000007 -0.000001 0.000000 -0.000000 -0.000000 8.207800 -6.751698 -1.599543 -13.512903 10.913077 13.347108 17.049120 5.319180 1.626860 1.397413 -0.848326 -7.028289 -0.691044 -0.000007 0.000001 0.000000 -0.000002 0.000000 
0.114611 102.165207 1.265079 -5.701779 9.543949 -2.855424 -0.000001 10.181567 0.131524 3.696778 4.092310 2.705350 1.212417 1.574500 0.780596 1.224955 1.570950 0.767616 -0.000001 16.740377 -2.049022 -3.760780 -1.209786 14.019624 0.000000 9.617845 1.684979 -0.158471 -3.864061 16.093027 0.000006 22.037384 7.501076 -0.000000 -0.000000 -0.000001 -4.570008 11.014872 -2.160840 8.748639 -0.587649 16.744070 -13.628387 38.407790 53.506237 -0.000006 -0.000001 0.000001 23.786926 3.033625 -43.223893 -2.464788 -1.573982 2.681902 8.423949 18.064409 -8.813919 -8.289468 -6.851326 5.321199 -2.646272 -1.527802 1.527825 -1.399522 4.439470 3.696423 -1.994593 -1.151585 1.151572 -0.000001 -0.000001 -0.000002 -9.108305 -0.517893 2.259801 1.477124 2.236583 -9.726124 0.022408 -1.013736 2.204056 0.038734 1.663536 -4.358502 -0.000000 -0.000002 0.000000 -9.532495 0.000022 -0.000001 -0.579323 -9.113306 -10.472614 0.034228 -0.814746 0.000053 -0.000770 0.112731 -2.312088 0.000000 0.000000 0.000001 -9.103605 -0.043090 -1.865100 -0.099308 -18.354670 0.481970 0.001906 -0.338839 0.000075 -0.028824 1.892870 -0.383829 0.000001 0.000001 -0.000002 -8.076694 -0.486729 -3.806298 2.561506 -27.459975 6.550395 -0.021072 -0.349175 5.236120 0.527907 3.350561 -12.046546 0.000002 0.000004 0.000001 4.570402 11.014687 -2.160815 6.147192 -9.494824 -6.143158 -13.976972 37.439638 -60.111484 -0.000012 -0.000004 -0.000007 -6.794842 -12.785236 43.943081 2.466102 -1.576200 2.681702 8.424056 -18.064281 8.813913 -8.289458 6.851326 -5.321181 2.647888 -1.528727 1.528748 -1.252668 -3.564464 -2.913367 1.998932 -1.154078 1.154073 -0.000003 0.000000 0.000003 9.109301 -0.518022 2.259904 1.477137 -2.236596 9.726130 0.022403 1.013772 -2.204074 0.067505 -1.021938 8.035358 -0.000002 0.000007 0.000002 9.533398 0.000014 0.000006 -0.579308 9.113299 10.472648 0.034222 0.814739 0.000066 0.018148 -0.317020 5.944536 -0.000000 0.000001 -0.000002 9.104495 -0.043000 -1.865096 -0.099311 18.354641 -0.481930 0.001899 0.338852 0.000121 0.054434 0.103376 -1.132612 -0.000000 0.000002 0.000004 8.077806 -0.486888 -3.806296 2.561496 27.459992 -6.550355 -0.021089 0.349199 -5.236125 0.068250 -0.512865 13.661931 -0.000000 0.000000 -0.000002 -8.207796 -6.751710 -1.599544 2.740121 -8.765551 10.155442 14.131486 -1.561803 0.770044 -9.492266 -9.088807 -6.999091 -3.138718 -0.000001 0.000001 0.000000 -0.000000 -0.000000 8.207800 -6.751705 -1.599541 -13.457582 10.870633 13.375424 17.721293 6.113562 1.809170 0.871440 -0.074552 -7.206119 -0.706400 -0.000002 -0.000003 0.000000 -0.000002 0.000000 
0.465327 102.148430 1.252390 -5.729019 7.902409 -3.101835 0.000001 10.181550 0.131524 3.692825 3.795245 2.832865 1.203135 1.453160 0.824754 1.214870 1.450073 0.812667 0.000002 16.740370 -2.049020 -3.926873 -0.223921 14.593690 0.000004 9.617864 1.684974 -0.662355 -0.302554 15.809516 0.000011 22.037384 7.501080 -0.000001 0.000000 -0.000002 -4.570005 11.014890 -2.160838 8.677303 -0.663825 16.885689 -10.324894 40.001420 50.627141 0.000001 0.000001 -0.000000 24.748726 3.683949 -42.639061 -2.464809 -1.573984 2.681910 8.423951 18.064385 -8.813922 -8.289470 -6.851325 5.321191 -2.646263 -1.527821 1.527821 -1.399526 4.439463 3.696435 -1.994601 -1.151595 1.151578 -0.000000 -0.000005 -0.000002 -9.108306 -0.517898 2.259804 1.477123 2.236577 -9.726143 0.022411 -1.013754 2.204066 0.038731 1.663520 -4.358507 0.000001 -0.000000 0.000000 -9.532501 0.000020 0.000001 -0.579324 -9.113305 -10.472637 0.034229 -0.814753 -0.000023 -0.000771 0.112739 -2.312094 -0.000000 0.000002 -0.000000 -9.103605 -0.043095 -1.865098 -0.099306 -18.354648 0.481950 0.001901 -0.338886 0.000041 -0.028826 1.892873 -0.383820 0.000000 0.000003 -0.000003 -8.076691 -0.486718 -3.806298 2.561505 -27.459987 6.550401 -0.021071 -0.349173 5.236090 0.527901 3.350558 -12.046535 0.000001 -0.000001 0.000000 4.570401 11.014685 -2.160815 6.106195 -9.943152 -5.927127 -15.146518 37.065032 -59.246898 0.000003 -0.000002 -0.000005 -6.250622 -13.653161 44.510471 2.466105 -1.576211 2.681698 8.424062 -18.064274 8.813925 -8.289453 6.851347 -5.321186 2.647876 -1.528727 1.528748 -1.252672 -3.564460 -2.913367 1.998920 -1.154080 1.154073 0.000002 0.000003 0.000005 9.109294 -0.517991 2.259902 1.477146 -2.236583 9.726130 0.022398 1.013774 -2.204061 0.067515 -1.021954 8.035360 -0.000003 0.000006 0.000001 9.533399 0.000002 0.000004 -0.579302 9.113302 10.472639 0.034225 0.814743 -0.000063 0.018148 -0.317008 5.944544 0.000001 0.000000 0.000001 9.104501 -0.042999 -1.865093 -0.099308 18.354648 -0.481933 0.001904 0.338871 -0.000030 0.054426 0.103384 -1.132634 0.000000 0.000002 -0.000003 8.077805 -0.486906 -3.806308 2.561500 27.459994 -6.550355 -0.021078 0.349178 -5.236098 0.068248 -0.512862 13.661913 0.000000 0.000001 0.000001 -8.207802 -6.751712 -1.599543 2.560247 -8.794297 9.843273 14.705587 -2.162516 0.711289 -9.519954 -6.844095 -6.507061 -3.138163 -0.000009 -0.000001 -0.000000 -0.000000 0.000000 8.207800 -6.751709 -1.599545 -13.358761 10.879957 13.414480 18.347211 6.890260 1.947242 0.363857 0.806521 -7.377073 -0.918742 -0.000004 -0.000003 -0.000000 -0.000000 0.000000 
0.835254 102.136047 1.250538 -5.757711 6.193792 -3.340134 -0.000000 10.181555 0.131525 3.715955 3.465156 2.919582 1.200461 1.317692 0.859316 1.211231 1.314998 0.848188 0.000003 16.740385 -2.049019 -4.074581 0.795424 15.109647 0.000005 9.617830 1.684974 -1.359117 3.162118 15.471507 -0.000002 22.037369 7.501072 0.000001 -0.000000 -0.000000 -4.570000 11.014893 -2.160838 8.627537 -0.776332 16.954560 -6.685309 41.256467 47.556101 0.000007 0.000007 -0.000013 25.169249 5.049550 -42.087387 -2.464798 -1.573998 2.681906 8.423955 18.064407 -8.813915 -8.289480 -6.851327 5.321194 -2.646286 -1.527818 1.527821 -1.399513 4.439474 3.696435 -1.994606 -1.151575 1.151578 0.000000 -0.000002 0.000003 -9.108303 -0.517873 2.259801 1.477129 2.236608 -9.726132 0.022404 -1.013749 2.204073 0.038728 1.663500 -4.358514 0.000000 0.000001 0.000001 -9.532500 -0.000001 -0.000001 -0.579320 -9.113311 -10.472631 0.034230 -0.814754 -0.000042 -0.000775 0.112744 -2.312081 0.000000 -0.000003 0.000001 -9.103614 -0.043093 -1.865101 -0.099309 -18.354648 0.481966 0.001905 -0.338873 -0.000132 -0.028826 1.892864 -0.383837 0.000002 0.000002 -0.000000 -8.076694 -0.486707 -3.806304 2.561499 -27.459990 6.550413 -0.021066 -0.349171 5.236110 0.527915 3.350559 -12.046561 -0.000000 -0.000001 -0.000000 4.570401 11.014719 -2.160815 6.066181 -10.396958 -5.696233 -16.236774 36.554278 -58.512974 -0.000001 0.000003 0.000002 -6.228973 -15.224538 45.882506 2.466110 -1.576224 2.681693 8.424077 -18.064291 8.813923 -8.289457 6.851336 -5.321186 2.647888 -1.528729 1.528752 -1.252668 -3.564456 -2.913367 1.998933 -1.154081 1.154070 0.000001 -0.000001 -0.000000 9.109294 -0.518019 2.259897 1.477151 -2.236604 9.726140 0.022396 1.013762 -2.204061 0.067506 -1.021937 8.035350 -0.000001 0.000003 0.000001 9.533404 0.000009 0.000001 -0.579302 9.113287 10.472644 0.034230 0.814738 -0.000082 0.018148 -0.317014 5.944524 -0.000002 0.000000 0.000001 9.104501 -0.043007 -1.865100 -0.099313 18.354653 -0.481936 0.001907 0.338863 -0.000093 0.054428 0.103374 -1.132639 0.000000 -0.000004 -0.000001 8.077806 -0.486906 -3.806301 2.561490 27.459990 -6.550350 -0.021073 0.349170 -5.236102 0.068243 -0.512851 13.661903 -0.000000 -0.000002 0.000000 -8.207799 -6.751703 -1.599544 2.386510 -8.884144 9.481416 15.253795 -2.392505 0.682069 -9.556323 -4.823466 -6.090873 -3.137256 0.000010 -0.000000 0.000000 -0.000001 0.000000 8.207798 -6.751696 -1.599544 -13.230286 10.958704 13.452790 18.929154 7.634965 2.033394 -0.128902 1.728510 -7.517389 -1.175666 -0.000007 0.000000 -0.000000 -0.000002 0.000000 
1.236779 102.127663 1.260274 -5.773605 4.455294 -3.565376 -0.000001 10.181546 0.131521 3.771910 3.116471 2.971674 1.206217 1.174170 0.885919 1.215846 1.171884 0.875767 0.000003 16.740376 -2.049019 -4.220875 1.832458 15.564821 0.000002 9.617812 1.684982 -2.218677 6.473789 15.080936 -0.000004 22.037384 7.501076 -0.000000 -0.000002 0.000000 -4.570006 11.014858 -2.160838 8.599755 -0.930002 16.957589 -2.706095 42.307626 44.320503 -0.000001 -0.000001 0.000001 25.037489 7.208641 -41.634801 -2.464793 -1.573982 2.681906 8.423953 18.064396 -8.813932 -8.289467 -6.851337 5.321203 -2.646259 -1.527792 1.527817 -1.399521 4.439472 3.696421 -1.994590 -1.151595 1.151581 -0.000000 0.000001 -0.000000 -9.108298 -0.517856 2.259801 1.477127 2.236581 -9.726141 0.022404 -1.013757 2.204063 0.038730 1.663528 -4.358502 -0.000000 -0.000000 -0.000000 -9.532499 0.000009 0.000000 -0.579325 -9.113317 -10.472627 0.034227 -0.814737 -0.000115 -0.000772 0.112739 -2.312084 0.000000 0.000002 0.000000 -9.103598 -0.043098 -1.865101 -0.099303 -18.354631 0.481955 0.001904 -0.338876 0.000092 -0.028828 1.892876 -0.383832 -0.000001 0.000003 -0.000001 -8.076703 -0.486717 -3.806298 2.561500 -27.459985 6.550394 -0.021058 -0.349162 5.236102 0.527905 3.350531 -12.046537 -0.000001 0.000001 0.000002 4.570401 11.014680 -2.160814 6.028923 -10.837906 -5.441777 -17.473350 36.161374 -57.890655 -0.000003 0.000002 0.000016 -6.309073 -17.392261 47.992765 2.466100 -1.576208 2.681689 8.424062 -18.064276 8.813913 -8.289464 6.851326 -5.321177 2.647891 -1.528749 1.528749 -1.252679 -3.564451 -2.913370 1.998913 -1.154093 1.154075 0.000002 0.000003 0.000005 9.109295 -0.517981 2.259901 1.477136 -2.236599 9.726127 0.022409 1.013768 -2.204061 0.067498 -1.021938 8.035356 -0.000001 0.000003 0.000002 9.533397 0.000019 0.000000 -0.579304 9.113287 10.472644 0.034232 0.814756 -0.000034 0.018147 -0.317026 5.944540 -0.000003 0.000001 -0.000000 9.104496 -0.042996 -1.865096 -0.099312 18.354656 -0.481950 0.001894 0.338862 0.000024 0.054432 0.103386 -1.132648 -0.000002 0.000002 -0.000004 8.077793 -0.486887 -3.806302 2.561491 27.460004 -6.550368 -0.021083 0.349183 -5.236085 0.068252 -0.512860 13.661910 -0.000001 -0.000000 -0.000001 -8.207800 -6.751715 -1.599544 2.189019 -9.025372 9.083411 15.783408 -1.813935 0.669085 -9.604061 -3.511666 -5.824467 -3.138163 0.000003 0.000001 0.000000 0.000000 0.000000 8.207798 -6.751699 -1.599546 -13.091286 11.084493 13.467033 19.474524 8.329375 2.073286 -0.611595 2.697615 -7.617800 -1.338142 0.000019 -0.000003 0.000000 0.000001 0.000000 
1.677211 102.121696 1.279624 -5.764210 2.691746 -3.779870 0.000001 10.181535 0.131522 3.849031 2.746332 3.001168 1.217681 1.022225 0.908869 1.225964 1.020477 0.899810 0.000003 16.740372 -2.049018 -4.382220 2.886499 15.951774 0.000010 9.617867 1.684976 -3.157383 9.654441 14.589335 -0.000003 22.037369 7.501071 -0.000001 0.000000 0.000002 -4.570002 11.014882 -2.160840 8.588537 -1.113231 16.890571 1.546942 43.222626 41.003494 -0.000012 -0.000001 -0.000010 24.348537 10.057497 -41.361976 -2.464797 -1.573991 2.681905 8.423944 18.064397 -8.813907 -8.289470 -6.851331 5.321196 -2.646271 -1.527798 1.527813 -1.399521 4.439480 3.696441 -1.994593 -1.151587 1.151576 -0.000000 -0.000002 -0.000006 -9.108297 -0.517885 2.259800 1.477125 2.236585 -9.726123 0.022407 -1.013757 2.204063 0.038730 1.663524 -4.358508 0.000000 -0.000000 0.000001 -9.532496 0.000013 -0.000002 -0.579323 -9.113311 -10.472610 0.034231 -0.814731 0.000032 -0.000768 0.112733 -2.312073 0.000000 0.000001 0.000002 -9.103600 -0.043104 -1.865100 -0.099301 -18.354672 0.481971 0.001908 -0.338865 -0.000031 -0.028826 1.892878 -0.383820 0.000001 -0.000000 0.000000 -8.076697 -0.486713 -3.806297 2.561510 -27.459980 6.550413 -0.021062 -0.349159 5.236117 0.527911 3.350540 -12.046546 0.000002 0.000002 0.000004 4.570401 11.014684 -2.160814 5.994387 -11.265323 -5.145290 -18.948966 36.002685 -57.355892 0.000000 0.000002 0.000003 -6.045021 -19.826263 50.581376 2.466112 -1.576218 2.681686 8.424046 -18.064283 8.813911 -8.289461 6.851333 -5.321184 2.647886 -1.528740 1.528750 -1.252658 -3.564448 -2.913375 1.998925 -1.154107 1.154076 -0.000001 0.000005 -0.000000 9.109295 -0.518015 2.259895 1.477143 -2.236595 9.726119 0.022399 1.013764 -2.204069 0.067505 -1.021950 8.035362 -0.000002 0.000003 0.000002 9.533398 -0.000007 -0.000006 -0.579304 9.113308 10.472627 0.034232 0.814750 -0.000046 0.018149 -0.317027 5.944548 0.000001 0.000005 0.000001 9.104503 -0.043016 -1.865105 -0.099296 18.354632 -0.481942 0.001902 0.338870 -0.000020 0.054429 0.103380 -1.132646 0.000004 0.000003 -0.000000 8.077799 -0.486895 -3.806307 2.561498 27.459990 -6.550373 -0.021073 0.349171 -5.236107 0.068246 -0.512855 13.661920 0.000000 -0.000004 -0.000001 -8.207798 -6.751718 -1.599545 1.934225 -9.160007 8.661895 16.309653 -0.813880 0.636592 -9.650464 -2.599434 -5.616964 -3.140609 -0.000002 0.000001 -0.000000 0.000000 0.000000 8.207800 -6.751710 -1.599546 -12.954600 11.200125 13.463600 20.009674 8.957108 2.024531 -1.096528 3.773751 -7.656947 -1.388911 0.000002 0.000001 0.000000 0.000000 0.000000 
2.157579 102.116478 1.304682 -5.738273 0.897232 -3.986072 -0.000001 10.181541 0.131522 3.921649 2.329356 3.023015 1.228514 0.852456 0.933021 1.235164 0.851477 0.925383 0.000005 16.740360 -2.049020 -4.551019 3.977048 16.252133 0.000009 9.617864 1.684973 -4.088097 12.777539 13.943599 0.000008 22.037354 7.501067 0.000000 0.000002 -0.000000 -4.569997 11.014862 -2.160839 8.584639 -1.298255 16.746912 5.940349 44.009183 37.736095 -0.000001 -0.000003 -0.000001 23.117889 13.429474 -41.322703 -2.464798 -1.573999 2.681909 8.423949 18.064411 -8.813902 -8.289472 -6.851328 5.321194 -2.646259 -1.527817 1.527819 -1.399523 4.439459 3.696421 -1.994597 -1.151581 1.151576 -0.000001 0.000001 -0.000000 -9.108298 -0.517869 2.259804 1.477127 2.236579 -9.726118 0.022407 -1.013763 2.204053 0.038732 1.663531 -4.358498 -0.000000 -0.000000 0.000001 -9.532495 0.000008 -0.000001 -0.579318 -9.113312 -10.472615 0.034228 -0.814753 -0.000017 -0.000770 0.112742 -2.312088 -0.000000 -0.000004 0.000001 -9.103605 -0.043092 -1.865101 -0.099291 -18.354648 0.481988 0.001905 -0.338868 -0.000077 -0.028827 1.892876 -0.383833 0.000000 -0.000002 -0.000001 -8.076702 -0.486710 -3.806296 2.561523 -27.459983 6.550418 -0.021077 -0.349193 5.236120 0.527913 3.350548 -12.046542 0.000001 0.000001 -0.000000 4.570403 11.014687 -2.160814 5.961441 -11.695109 -4.794687 -20.606083 36.077612 -56.890630 -0.000000 -0.000004 0.000002 -5.284239 -22.078711 53.312840 2.466105 -1.576211 2.681708 8.424061 -18.064295 8.813933 -8.289468 6.851340 -5.321184 2.647883 -1.528744 1.528752 -1.252674 -3.564449 -2.913380 1.998924 -1.154092 1.154075 0.000001 0.000000 0.000003 9.109304 -0.518016 2.259905 1.477136 -2.236597 9.726131 0.022405 1.013770 -2.204071 0.067497 -1.021952 8.035357 0.000001 -0.000002 -0.000003 9.533414 0.000012 0.000004 -0.579305 9.113291 10.472646 0.034218 0.814764 0.000014 0.018151 -0.317021 5.944551 0.000000 0.000001 0.000000 9.104497 -0.042990 -1.865096 -0.099319 18.354653 -0.481931 0.001900 0.338866 0.000081 0.054425 0.103387 -1.132632 0.000001 0.000001 -0.000004 8.077810 -0.486906 -3.806298 2.561482 27.459997 -6.550347 -0.021073 0.349179 -5.236111 0.068239 -0.512867 13.661911 0.000000 -0.000001 -0.000000 -8.207799 -6.751720 -1.599546 1.616919 -9.241003 8.211860 16.848755 -0.289333 0.556669 -9.686555 -1.248326 -5.278047 -3.151504 -0.000002 -0.000001 -0.000000 -0.000001 0.000000 8.207798 -6.751693 -1.599546 -12.817709 11.278181 13.489509 20.568911 9.496607 1.792239 -1.604033 4.989816 -7.588566 -1.395838 0.000015 0.000001 -0.000000 -0.000000 0.000000 
2.674336 102.111237 1.331020 -5.715400 -0.924572 -4.177977 -0.000000 10.181551 0.131522 3.959428 1.843910 3.052070 1.230690 0.656298 0.961497 1.235422 0.656225 0.955758 -0.000002 16.740356 -2.049023 -4.695113 5.124378 16.435932 0.000003 9.617847 1.684977 -4.958035 15.870966 13.127195 0.000000 22.037384 7.501075 0.000001 -0.000000 -0.000000 -4.570000 11.014880 -2.160841 8.579559 -1.454272 16.528969 10.280299 44.634825 34.674777 0.000001 -0.000001 0.000000 21.425026 17.191813 -41.486620 -2.464796 -1.574008 2.681912 8.423953 18.064407 -8.813924 -8.289469 -6.851334 5.321204 -2.646262 -1.527809 1.527824 -1.399533 4.439459 3.696428 -1.994594 -1.151582 1.151582 -0.000003 -0.000005 0.000001 -9.108290 -0.517890 2.259804 1.477124 2.236568 -9.726130 0.022404 -1.013762 2.204055 0.038733 1.663525 -4.358498 0.000001 -0.000001 0.000000 -9.532498 -0.000016 0.000001 -0.579323 -9.113314 -10.472612 0.034227 -0.814751 -0.000034 -0.000766 0.112736 -2.312098 -0.000000 0.000001 0.000001 -9.103607 -0.043123 -1.865095 -0.099301 -18.354650 0.481973 0.001901 -0.338858 0.000024 -0.028819 1.892883 -0.383833 -0.000001 0.000000 0.000001 -8.076698 -0.486732 -3.806298 2.561516 -27.459975 6.550405 -0.021070 -0.349165 5.236105 0.527911 3.350560 -12.046528 -0.000001 -0.000002 0.000000 4.570401 11.014687 -2.160815 5.928945 -12.147843 -4.405641 -22.316385 36.312772 -56.474890 -0.000004 0.000001 -0.000006 -4.199364 -23.811349 55.871016 2.466105 -1.576200 2.681695 8.424050 -18.064278 8.813916 -8.289467 6.851330 -5.321186 2.647883 -1.528753 1.528759 -1.252671 -3.564457 -2.913368 1.998913 -1.154093 1.154078 -0.000005 -0.000001 0.000001 9.109293 -0.518011 2.259902 1.477146 -2.236597 9.726125 0.022405 1.013763 -2.204057 0.067513 -1.021950 8.035350 -0.000000 0.000001 0.000001 9.533407 0.000013 0.000001 -0.579315 9.113299 10.472627 0.034235 0.814741 0.000038 0.018150 -0.317009 5.944535 -0.000001 0.000004 -0.000001 9.104491 -0.042998 -1.865099 -0.099304 18.354650 -0.481945 0.001900 0.338871 -0.000041 0.054421 0.103384 -1.132642 -0.000001 0.000001 -0.000000 8.077806 -0.486902 -3.806304 2.561483 27.460004 -6.550368 -0.021081 0.349183 -5.236096 0.068249 -0.512839 13.661910 -0.000003 -0.000002 -0.000002 -8.207798 -6.751710 -1.599546 1.254423 -9.269310 7.726432 17.400954 -0.441052 0.427214 -9.728935 0.738639 -4.778149 -3.146973 -0.000000 0.000000 -0.000000 -0.000000 0.000000 8.207800 -6.751703 -1.599544 -12.682350 11.402971 13.575529 21.152806 9.885425 1.350980 -2.144171 6.308146 -7.383755 -1.420622 0.000032 -0.000001 0.000000 -0.000002 0.000000 
3.222420 102.106644 1.356398 -5.693767 -2.758935 -4.340509 -0.000002 10.181547 0.131523 3.943262 1.304281 3.094196 1.218503 0.438650 0.994008 1.221146 0.439416 0.990566 0.000000 16.740356 -2.049022 -4.788472 6.325284 16.474649 0.000006 9.617861 1.684971 -5.762176 18.856810 12.157030 0.000006 22.037384 7.501070 -0.000001 0.000002 0.000001 -4.569999 11.014891 -2.160839 8.569769 -1.565431 16.251933 14.321510 45.052143 31.984628 -0.000002 -0.000005 -0.000014 19.437772 21.245203 -41.728505 -2.464805 -1.574011 2.681908 8.423945 18.064402 -8.813920 -8.289472 -6.851361 5.321190 -2.646266 -1.527808 1.527823 -1.399520 4.439461 3.696430 -1.994605 -1.151596 1.151578 0.000003 -0.000001 -0.000000 -9.108304 -0.517886 2.259805 1.477134 2.236594 -9.726135 0.022406 -1.013759 2.204069 0.038725 1.663509 -4.358500 0.000001 -0.000002 0.000000 -9.532498 -0.000013 0.000001 -0.579320 -9.113314 -10.472628 0.034226 -0.814742 0.000010 -0.000765 0.112737 -2.312084 -0.000000 0.000004 -0.000000 -9.103600 -0.043099 -1.865098 -0.099295 -18.354650 0.481966 0.001900 -0.338872 -0.000001 -0.028818 1.892881 -0.383830 0.000001 0.000001 -0.000001 -8.076702 -0.486724 -3.806293 2.561516 -27.459982 6.550406 -0.021073 -0.349182 5.236113 0.527914 3.350549 -12.046540 0.000001 -0.000003 0.000000 4.570400 11.014686 -2.160815 5.897042 -12.631328 -4.025994 -23.977727 36.599364 -56.083786 -0.000000 0.000000 0.000000 -3.073813 -24.933672 58.011781 2.466103 -1.576206 2.681689 8.424073 -18.064293 8.813926 -8.289458 6.851344 -5.321198 2.647890 -1.528723 1.528748 -1.252670 -3.564474 -2.913352 1.998917 -1.154077 1.154073 0.000001 0.000001 -0.000000 9.109303 -0.517984 2.259894 1.477151 -2.236605 9.726131 0.022409 1.013753 -2.204061 0.067500 -1.021941 8.035354 -0.000002 -0.000000 -0.000000 9.533405 0.000002 -0.000007 -0.579299 9.113297 10.472647 0.034227 0.814744 -0.000063 0.018128 -0.317020 5.944538 0.000005 0.000004 0.000001 9.104506 -0.042991 -1.865104 -0.099299 18.354646 -0.481932 0.001906 0.338849 0.000009 0.054428 0.103397 -1.132646 0.000000 0.000001 0.000002 8.077820 -0.486885 -3.806308 2.561498 27.459995 -6.550365 -0.021083 0.349169 -5.236107 0.068247 -0.512866 13.661934 -0.000001 0.000004 0.000000 -8.207800 -6.751710 -1.599544 0.839942 -9.265303 7.196082 17.964342 -0.795236 0.263157 -9.781463 2.902904 -4.194456 -3.151478 0.000005 -0.000001 0.000000 0.000001 0.000000 8.207799 -6.751703 -1.599543 -12.578680 11.735796 13.687619 21.711626 10.073676 0.822199 -2.700436 7.618863 -7.073035 -1.479531 -0.000005 -0.000002 -0.000000 0.000000 0.000000 
3.800252 102.104019 1.382792 -5.643725 -4.595417 -4.456846 -0.000000 10.181538 0.131525 3.880385 0.764017 3.135947 1.193663 0.219817 1.025915 1.194274 0.221143 1.024861 0.000002 16.740368 -2.049019 -4.837444 7.565961 16.345553 -0.000000 9.617846 1.684978 -6.546781 21.581690 11.044494 0.000015 22.037399 7.501086 -0.000002 -0.000001 -0.000001 -4.570001 11.014874 -2.160839 8.557133 -1.638094 15.940145 17.797619 45.224397 29.827156 -0.000001 -0.000003 0.000010 17.384418 25.456358 -41.897241 -2.464797 -1.573964 2.681907 8.423946 18.064380 -8.813908 -8.289469 -6.851326 5.321181 -2.646269 -1.527816 1.527820 -1.399528 4.439430 3.696425 -1.994601 -1.151583 1.151575 -0.000003 -0.000003 0.000001 -9.108301 -0.517858 2.259806 1.477128 2.236585 -9.726138 0.022409 -1.013739 2.204072 0.038728 1.663516 -4.358502 0.000001 0.000001 0.000001 -9.532500 0.000017 0.000000 -0.579322 -9.113330 -10.472623 0.034222 -0.814752 -0.000024 -0.000769 0.112741 -2.312085 -0.000000 -0.000000 0.000001 -9.103599 -0.043092 -1.865094 -0.099303 -18.354655 0.481963 0.001894 -0.338878 0.000015 -0.028810 1.892888 -0.383834 -0.000000 -0.000002 0.000001 -8.076710 -0.486711 -3.806295 2.561505 -27.459987 6.550394 -0.021059 -0.349176 5.236114 0.527901 3.350557 -12.046536 -0.000001 -0.000001 0.000001 4.570401 11.014676 -2.160813 5.867028 -13.128365 -3.714983 -25.560561 36.824985 -55.700466 -0.000008 -0.000004 0.000002 -2.086998 -25.552842 59.576141 2.466102 -1.576213 2.681696 8.424070 -18.064278 8.813919 -8.289467 6.851342 -5.321197 2.647875 -1.528735 1.528757 -1.252679 -3.564461 -2.913358 1.998925 -1.154094 1.154079 -0.000000 0.000006 0.000003 9.109303 -0.517999 2.259896 1.477142 -2.236587 9.726123 0.022406 1.013759 -2.204060 0.067507 -1.021940 8.035353 -0.000002 0.000001 0.000001 9.533417 -0.000004 0.000000 -0.579304 9.113312 10.472633 0.034232 0.814728 -0.000033 0.018144 -0.317017 5.944543 -0.000003 -0.000001 -0.000000 9.104507 -0.043018 -1.865103 -0.099309 18.354660 -0.481946 0.001911 0.338846 -0.000004 0.054432 0.103390 -1.132645 -0.000003 -0.000000 0.000002 8.077806 -0.486901 -3.806300 2.561511 27.459997 -6.550375 -0.021087 0.349185 -5.236092 0.068246 -0.512861 13.661920 0.000000 0.000003 -0.000002 -8.207798 -6.751727 -1.599543 0.341468 -9.234014 6.613828 18.530008 -1.029486 0.078817 -9.830542 4.924442 -3.585593 -3.211919 0.000001 0.000001 0.000000 -0.000001 -0.000000 8.207798 -6.751703 -1.599544 -12.543068 12.357920 13.757976 22.189693 10.091437 0.354165 -3.244270 8.828702 -6.713457 -1.556988 -0.000005 0.000000 0.000000 -0.000000 0.000000 
4.411837 102.103989 1.414282 -5.544783 -6.439744 -4.511698 0.000001 10.181554 0.131526 3.803044 0.285554 3.144135 1.166343 0.024154 1.049304 1.165157 0.025634 1.050383 0.000001 16.740366 -2.049020 -4.864968 8.894242 15.992698 -0.000001 9.617829 1.684978 -7.428744 23.865743 9.769640 -0.000007 22.037369 7.501069 0.000001 -0.000003 -0.000003 -4.569999 11.014883 -2.160840 8.545805 -1.690225 15.621843 20.486726 45.140649 28.336546 0.000003 -0.000005 0.000004 15.490171 29.622452 -41.923233 -2.464794 -1.573995 2.681917 8.423947 18.064409 -8.813911 -8.289463 -6.851348 5.321189 -2.646266 -1.527813 1.527817 -1.399529 4.439460 3.696430 -1.994606 -1.151581 1.151575 0.000003 -0.000006 0.000003 -9.108288 -0.517889 2.259809 1.477128 2.236593 -9.726134 0.022411 -1.013736 2.204073 0.038726 1.663497 -4.358510 -0.000001 -0.000002 0.000000 -9.532501 -0.000018 0.000005 -0.579320 -9.113305 -10.472603 0.034227 -0.814756 0.000013 -0.000774 0.112738 -2.312072 -0.000001 0.000000 0.000001 -9.103590 -0.043128 -1.865095 -0.099312 -18.354665 0.481980 0.001911 -0.338859 0.000049 -0.028815 1.892895 -0.383832 0.000001 -0.000003 0.000000 -8.076691 -0.486727 -3.806291 2.561510 -27.459983 6.550415 -0.021063 -0.349164 5.236117 0.527896 3.350532 -12.046542 -0.000001 -0.000001 -0.000001 4.570402 11.014691 -2.160813 5.841063 -13.598841 -3.507531 -27.091561 36.907982 -55.331868 0.000003 0.000009 0.000001 -1.278073 -25.824100 60.463246 2.466100 -1.576198 2.681689 8.424062 -18.064279 8.813931 -8.289450 6.851345 -5.321198 2.647875 -1.528735 1.528753 -1.252680 -3.564460 -2.913364 1.998909 -1.154075 1.154065 0.000000 0.000002 0.000003 9.109309 -0.518023 2.259887 1.477147 -2.236589 9.726127 0.022382 1.013761 -2.204058 0.067516 -1.021941 8.035349 0.000002 -0.000001 -0.000001 9.533403 0.000002 -0.000008 -0.579311 9.113299 10.472640 0.034226 0.814746 0.000035 0.018149 -0.317022 5.944547 -0.000005 -0.000001 -0.000002 9.104494 -0.043003 -1.865107 -0.099308 18.354644 -0.481939 0.001895 0.338870 -0.000055 0.054441 0.103372 -1.132625 0.000001 0.000002 0.000000 8.077803 -0.486905 -3.806308 2.561482 27.460000 -6.550361 -0.021080 0.349166 -5.236101 0.068244 -0.512843 13.661919 -0.000002 0.000007 -0.000002 -8.207798 -6.751716 -1.599544 -0.261819 -9.172038 5.987626 19.096801 -1.205879 -0.126713 -9.884598 6.860549 -2.995806 -3.268615 0.000002 -0.000001 0.000000 -0.000000 -0.000000 8.207801 -6.751701 -1.599544 -12.573674 13.213051 13.742133 22.575852 10.089130 -0.016934 -3.763374 9.862957 -6.336688 -1.635193 0.000007 -0.000001 -0.000000 -0.000000 0.000000 
5.060268 102.105644 1.452202 -5.416344 -8.303285 -4.494724 0.000000 10.181525 0.131523 3.745562 -0.098633 3.085203 1.148165 -0.135189 1.057257 1.145480 -0.133963 1.060033 -0.000003 16.740353 -2.049020 -4.881017 10.295547 15.444267 -0.000000 9.617867 1.684972 -8.448865 25.716977 8.408710 0.000008 22.037384 7.501070 0.000001 -0.000002 -0.000002 -4.570003 11.014885 -2.160841 8.538560 -1.732543 15.325734 22.275093 44.808483 27.593575 -0.000007 0.000010 0.000010 13.925293 33.516712 -41.879390 -2.464799 -1.573994 2.681912 8.423944 18.064404 -8.813916 -8.289465 -6.851332 5.321180 -2.646266 -1.527808 1.527820 -1.399534 4.439470 3.696452 -1.994587 -1.151582 1.151573 0.000000 -0.000007 0.000005 -9.108297 -0.517877 2.259802 1.477117 2.236586 -9.726129 0.022407 -1.013763 2.204056 0.038731 1.663527 -4.358503 -0.000003 -0.000000 -0.000001 -9.532496 0.000009 0.000001 -0.579320 -9.113313 -10.472640 0.034226 -0.814739 -0.000039 -0.000772 0.112717 -2.312089 -0.000002 -0.000002 0.000002 -9.103594 -0.043094 -1.865097 -0.099307 -18.354641 0.481957 0.001894 -0.338865 -0.000032 -0.028817 1.892875 -0.383825 0.000000 0.000002 -0.000001 -8.076694 -0.486720 -3.806301 2.561502 -27.459997 6.550396 -0.021067 -0.349182 5.236113 0.527899 3.350542 -12.046536 0.000000 0.000000 0.000002 4.570400 11.014673 -2.160813 5.821750 -13.997910 -3.392197 -28.603213 36.823315 -55.011324 0.000000 -0.000010 0.000001 -0.647994 -25.837873 60.601065 2.466104 -1.576236 2.681694 8.424055 -18.064278 8.813920 -8.289462 6.851340 -5.321180 2.647887 -1.528733 1.528749 -1.252668 -3.564459 -2.913372 1.998917 -1.154089 1.154076 -0.000001 -0.000001 -0.000000 9.109306 -0.518020 2.259899 1.477130 -2.236593 9.726129 0.022413 1.013759 -2.204063 0.067504 -1.021946 8.035360 0.000000 0.000000 -0.000001 9.533408 0.000003 -0.000000 -0.579309 9.113305 10.472639 0.034229 0.814748 0.000013 0.018146 -0.317026 5.944538 -0.000002 0.000001 -0.000001 9.104496 -0.043011 -1.865104 -0.099320 18.354644 -0.481937 0.001897 0.338859 -0.000010 0.054428 0.103383 -1.132627 -0.000001 -0.000004 0.000001 8.077801 -0.486889 -3.806302 2.561482 27.459985 -6.550347 -0.021074 0.349197 -5.236106 0.068234 -0.512859 13.661913 0.000001 0.000001 -0.000001 -8.207802 -6.751729 -1.599544 -0.940410 -9.081596 5.341506 19.668605 -1.500658 -0.376551 -10.011557 8.878429 -2.512968 -3.079394 -0.000003 0.000000 0.000000 0.000000 0.000000 8.207801 -6.751720 -1.599545 -12.619400 14.218384 13.628677 22.878412 10.085076 -0.338123 -4.265754 10.797988 -5.931199 -1.709533 0.000003 -0.000001 -0.000000 -0.000000 0.000000 
5.737462 102.108208 1.493297 -5.295175 -10.179212 -4.414615 -0.000000 10.181549 0.131525 3.718366 -0.402346 2.953487 1.142433 -0.263102 1.049292 1.138479 -0.262437 1.053392 0.000004 16.740383 -2.049020 -4.860886 11.762930 14.727249 0.000000 9.617879 1.684974 -9.596493 27.221434 7.042517 -0.000002 22.037399 7.501070 0.000002 -0.000003 -0.000000 -4.570004 11.014874 -2.160843 8.534834 -1.758737 15.076644 23.154044 44.225950 27.627716 0.000005 0.000014 -0.000002 12.784009 36.962180 -41.939172 -2.464789 -1.573985 2.681907 8.423958 18.064397 -8.813919 -8.289475 -6.851356 5.321179 -2.646278 -1.527793 1.527810 -1.399522 4.439491 3.696453 -1.994598 -1.151581 1.151563 0.000003 -0.000006 -0.000003 -9.108298 -0.517864 2.259804 1.477128 2.236581 -9.726111 0.022402 -1.013752 2.204066 0.038735 1.663503 -4.358519 -0.000006 -0.000007 -0.000001 -9.532495 0.000024 -0.000001 -0.579319 -9.113314 -10.472614 0.034231 -0.814717 -0.000009 -0.000767 0.112736 -2.312073 -0.000001 0.000002 -0.000001 -9.103607 -0.043090 -1.865102 -0.099309 -18.354651 0.481983 0.001906 -0.338861 0.000051 -0.028813 1.892897 -0.383842 0.000000 0.000002 0.000001 -8.076693 -0.486713 -3.806295 2.561507 -27.459990 6.550413 -0.021066 -0.349159 5.236116 0.527913 3.350551 -12.046548 -0.000000 0.000000 0.000001 4.570399 11.014679 -2.160819 5.811420 -14.300104 -3.319323 -30.085720 36.596922 -54.786679 -0.000010 -0.000000 -0.000004 -0.239308 -25.605952 59.969935 2.466107 -1.576199 2.681696 8.424062 -18.064276 8.813913 -8.289457 6.851339 -5.321194 2.647888 -1.528720 1.528751 -1.252673 -3.564464 -2.913358 1.998917 -1.154070 1.154081 -0.000001 0.000002 0.000003 9.109295 -0.518005 2.259904 1.477142 -2.236595 9.726130 0.022423 1.013760 -2.204063 0.067504 -1.021948 8.035356 -0.000003 0.000000 0.000001 9.533407 -0.000013 0.000003 -0.579305 9.113297 10.472637 0.034218 0.814739 -0.000047 0.018149 -0.317008 5.944533 -0.000001 -0.000002 -0.000002 9.104509 -0.043000 -1.865097 -0.099309 18.354658 -0.481943 0.001902 0.338849 -0.000049 0.054425 0.103385 -1.132640 0.000003 -0.000001 0.000000 8.077800 -0.486901 -3.806307 2.561493 27.459994 -6.550359 -0.021074 0.349177 -5.236102 0.068247 -0.512843 13.661911 0.000003 0.000002 0.000000 -8.207801 -6.751713 -1.599543 -1.578830 -8.950782 4.732625 20.165661 -1.987869 -0.706477 -10.435380 11.021519 -2.415087 -2.674251 -0.000000 0.000001 0.000000 -0.000000 0.000000 8.207800 -6.751706 -1.599542 -12.635626 15.335209 13.436737 23.108927 10.092180 -0.643418 -4.755134 11.645740 -5.492345 -1.782931 0.000019 -0.000001 0.000000 0.000002 0.000000 
6.423936 102.109581 1.534038 -5.193234 -12.033587 -4.305687 -0.000001 10.181544 0.131523 3.707206 -0.665860 2.775843 1.142916 -0.375005 1.032900 1.137744 -0.375039 1.038140 -0.000000 16.740379 -2.049019 -4.766573 13.291911 13.855256 0.000002 9.617850 1.684976 -10.827489 28.456323 5.703437 0.000001 22.037338 7.501076 0.000001 -0.000002 0.000001 -4.570000 11.014877 -2.160838 8.531027 -1.753202 14.886517 23.137764 43.349114 28.454358 0.000000 0.000000 0.000002 12.084716 39.854994 -42.266198 -2.464791 -1.574002 2.681904 8.423951 18.064401 -8.813931 -8.289472 -6.851326 5.321194 -2.646260 -1.527824 1.527818 -1.399521 4.439465 3.696443 -1.994595 -1.151587 1.151575 -0.000000 -0.000006 0.000005 -9.108296 -0.517871 2.259803 1.477122 2.236580 -9.726132 0.022413 -1.013747 2.204051 0.038733 1.663505 -4.358500 -0.000001 -0.000004 -0.000000 -9.532499 0.000018 -0.000002 -0.579314 -9.113292 -10.472612 0.034219 -0.814743 0.000011 -0.000773 0.112738 -2.312080 -0.000003 0.000003 -0.000001 -9.103596 -0.043080 -1.865100 -0.099298 -18.354619 0.481967 0.001890 -0.338876 0.000049 -0.028825 1.892869 -0.383850 0.000004 0.000002 0.000000 -8.076696 -0.486706 -3.806300 2.561509 -27.459971 6.550393 -0.021065 -0.349171 5.236105 0.527905 3.350552 -12.046535 0.000003 0.000001 -0.000001 4.570401 11.014696 -2.160815 5.810315 -14.514441 -3.232457 -31.463837 36.264807 -54.707107 -0.000000 -0.000001 0.000003 -0.098568 -25.122875 58.678790 2.466099 -1.576204 2.681695 8.424081 -18.064288 8.813914 -8.289450 6.851338 -5.321181 2.647883 -1.528746 1.528756 -1.252660 -3.564454 -2.913374 1.998932 -1.154093 1.154067 -0.000003 0.000004 0.000003 9.109297 -0.517992 2.259898 1.477151 -2.236596 9.726126 0.022406 1.013750 -2.204056 0.067506 -1.021947 8.035356 -0.000001 -0.000000 0.000000 9.533399 0.000008 -0.000004 -0.579301 9.113291 10.472640 0.034229 0.814752 -0.000039 0.018150 -0.317016 5.944536 0.000003 -0.000001 0.000000 9.104515 -0.042977 -1.865104 -0.099301 18.354636 -0.481941 0.001908 0.338863 0.000036 0.054426 0.103383 -1.132639 0.000006 0.000001 -0.000001 8.077811 -0.486870 -3.806302 2.561488 27.459982 -6.550359 -0.021071 0.349184 -5.236112 0.068244 -0.512841 13.661919 0.000000 0.000003 0.000001 -8.207800 -6.751711 -1.599544 -2.143377 -8.735820 4.195404 20.558328 -2.589927 -1.135086 -11.130220 13.127023 -2.588025 -1.996216 -0.000006 -0.000003 -0.000000 -0.000000 -0.000000 8.207801 -6.751700 -1.599544 -12.633742 16.540560 13.215511 23.291054 10.089937 -0.931316 -5.236449 12.401262 -5.033321 -1.857202 -0.000003 -0.000001 0.000000 -0.000002 -0.000000 
7.105930 102.108864 1.578701 -5.100407 -13.820248 -4.213773 0.000000 10.181560 0.131524 3.700761 -0.917916 2.592282 1.143989 -0.481759 1.018358 1.137575 -0.482388 1.024697 0.000001 16.740356 -2.049019 -4.577284 14.863605 12.839558 0.000001 9.617871 1.684974 -12.099221 29.451277 4.358749 -0.000001 22.037384 7.501075 -0.000001 -0.000002 0.000001 -4.569995 11.014846 -2.160839 8.522188 -1.707295 14.745429 22.177443 42.069843 30.105001 -0.000003 0.000017 -0.000013 11.782291 42.116521 -42.925686 -2.464805 -1.573997 2.681910 8.423953 18.064406 -8.813906 -8.289468 -6.851339 5.321181 -2.646259 -1.527809 1.527819 -1.399519 4.439474 3.696436 -1.994586 -1.151578 1.151577 0.000001 -0.000004 -0.000002 -9.108304 -0.517872 2.259803 1.477136 2.236581 -9.726131 0.022399 -1.013747 2.204058 0.038734 1.663515 -4.358501 -0.000001 -0.000002 -0.000001 -9.532496 0.000003 -0.000000 -0.579323 -9.113325 -10.472626 0.034224 -0.814742 0.000044 -0.000772 0.112726 -2.312083 -0.000002 0.000001 -0.000000 -9.103602 -0.043111 -1.865095 -0.099294 -18.354656 0.481968 0.001899 -0.338851 -0.000032 -0.028823 1.892876 -0.383837 0.000001 -0.000001 -0.000000 -8.076694 -0.486702 -3.806295 2.561515 -27.459985 6.550407 -0.021065 -0.349169 5.236101 0.527913 3.350560 -12.046525 -0.000001 0.000002 -0.000001 4.570401 11.014662 -2.160814 5.815624 -14.680216 -3.097761 -32.610485 35.828341 -54.815707 -0.000001 0.000004 0.000003 -0.172544 -24.442163 57.023716 2.466093 -1.576209 2.681690 8.424071 -18.064290 8.813925 -8.289451 6.851327 -5.321188 2.647892 -1.528736 1.528747 -1.252673 -3.564454 -2.913353 1.998924 -1.154081 1.154082 0.000002 0.000003 0.000003 9.109294 -0.518016 2.259901 1.477149 -2.236607 9.726131 0.022404 1.013766 -2.204062 0.067490 -1.021950 8.035356 -0.000005 -0.000000 0.000001 9.533397 0.000012 -0.000000 -0.579294 9.113291 10.472640 0.034227 0.814753 0.000002 0.018151 -0.317020 5.944532 0.000002 0.000001 -0.000000 9.104498 -0.042991 -1.865102 -0.099306 18.354639 -0.481931 0.001892 0.338856 -0.000051 0.054436 0.103381 -1.132637 0.000003 0.000001 -0.000001 8.077800 -0.486909 -3.806299 2.561498 27.459988 -6.550350 -0.021077 0.349191 -5.236117 0.068251 -0.512860 13.661925 0.000002 -0.000000 0.000000 -8.207802 -6.751690 -1.599542 -2.633909 -8.414968 3.757543 20.826515 -3.203265 -1.625856 -11.957521 15.039315 -2.871570 -1.247820 -0.000008 -0.000000 -0.000000 0.000000 -0.000000 8.207797 -6.751684 -1.599544 -12.655260 17.798416 13.024823 23.456379 10.087422 -1.192760 -5.710457 13.027672 -4.574780 -1.931706 -0.000005 -0.000002 0.000000 -0.000000 0.000000 
7.790109 102.105408 1.641884 -5.021418 -15.501908 -4.159867 -0.000000 10.181532 0.131521 3.713369 -1.158509 2.422946 1.150039 -0.582711 1.010614 1.142427 -0.583725 1.018034 0.000001 16.740358 -2.049021 -4.291909 16.448856 11.694757 0.000002 9.617839 1.684975 -13.404794 30.214120 2.958704 0.000001 22.037354 7.501072 0.000002 0.000001 0.000002 -4.569999 11.014882 -2.160841 8.504009 -1.627934 14.624157 20.175976 40.214665 32.593349 -0.000012 -0.000006 0.000000 11.785494 43.621229 -43.871371 -2.464795 -1.573995 2.681901 8.423968 18.064396 -8.813920 -8.289472 -6.851331 5.321202 -2.646255 -1.527812 1.527815 -1.399529 4.439465 3.696422 -1.994594 -1.151580 1.151573 0.000004 -0.000001 0.000001 -9.108294 -0.517873 2.259800 1.477132 2.236579 -9.726117 0.022413 -1.013750 2.204054 0.038737 1.663509 -4.358505 -0.000000 -0.000001 -0.000001 -9.532497 0.000002 -0.000004 -0.579316 -9.113319 -10.472622 0.034222 -0.814754 0.000002 -0.000770 0.112745 -2.312077 0.000001 -0.000002 -0.000000 -9.103596 -0.043110 -1.865100 -0.099297 -18.354644 0.481965 0.001898 -0.338880 -0.000019 -0.028819 1.892870 -0.383828 -0.000000 -0.000000 0.000002 -8.076691 -0.486706 -3.806307 2.561517 -27.459995 6.550402 -0.021080 -0.349168 5.236104 0.527916 3.350560 -12.046530 0.000003 0.000002 0.000000 4.570399 11.014677 -2.160816 5.822621 -14.846714 -2.915802 -33.396490 35.248007 -55.141849 -0.000000 -0.000002 0.000001 -0.264715 -23.712801 55.442657 2.466098 -1.576203 2.681693 8.424069 -18.064286 8.813932 -8.289464 6.851338 -5.321183 2.647893 -1.528730 1.528748 -1.252678 -3.564447 -2.913372 1.998921 -1.154096 1.154076 -0.000002 -0.000000 -0.000002 9.109308 -0.518017 2.259893 1.477138 -2.236597 9.726130 0.022397 1.013759 -2.204065 0.067505 -1.021946 8.035359 -0.000002 -0.000000 -0.000000 9.533398 -0.000016 -0.000005 -0.579302 9.113294 10.472636 0.034235 0.814742 -0.000006 0.018144 -0.317012 5.944542 -0.000006 -0.000000 -0.000000 9.104503 -0.042992 -1.865107 -0.099309 18.354644 -0.481927 0.001897 0.338871 -0.000017 0.054418 0.103384 -1.132634 0.000002 -0.000001 0.000000 8.077801 -0.486885 -3.806312 2.561486 27.459990 -6.550348 -0.021071 0.349181 -5.236105 0.068235 -0.512847 13.661913 -0.000004 -0.000000 -0.000000 -8.207800 -6.751723 -1.599543 -3.067125 -8.073144 3.368377 21.019921 -3.774397 -2.093741 -12.773340 16.787131 -3.137168 -0.614900 0.000008 -0.000004 0.000000 0.000000 -0.000000 8.207798 -6.751710 -1.599543 -12.704980 19.076744 12.880909 23.632373 10.084649 -1.428319 -6.196194 13.516074 -4.119518 -2.005717 -0.000003 -0.000003 0.000000 -0.000002 0.000000 
8.494267 102.097939 1.738904 -4.979278 -17.055010 -4.124965 -0.000001 10.181551 0.131525 3.771949 -1.382220 2.256691 1.171133 -0.675322 1.005947 1.162502 -0.676501 1.014434 -0.000002 16.740360 -2.049019 -3.910001 18.026648 10.439449 -0.000002 9.617853 1.684973 -14.772910 30.791159 1.509929 0.000001 22.037384 7.501082 0.000001 -0.000001 0.000001 -4.570002 11.014877 -2.160840 8.475063 -1.531876 14.491346 17.120342 37.573888 35.816931 -0.000001 0.000005 -0.000016 11.967607 44.167172 -44.983817 -2.464795 -1.574005 2.681911 8.423948 18.064368 -8.813917 -8.289471 -6.851330 5.321203 -2.646258 -1.527820 1.527823 -1.399529 4.439474 3.696433 -1.994586 -1.151578 1.151577 0.000002 -0.000006 -0.000002 -9.108298 -0.517883 2.259802 1.477131 2.236558 -9.726127 0.022398 -1.013759 2.204054 0.038728 1.663521 -4.358491 0.000001 0.000003 0.000001 -9.532501 0.000002 0.000000 -0.579325 -9.113334 -10.472618 0.034233 -0.814735 0.000063 -0.000777 0.112745 -2.312087 -0.000003 0.000000 -0.000001 -9.103601 -0.043102 -1.865097 -0.099309 -18.354670 0.481963 0.001900 -0.338861 -0.000048 -0.028813 1.892875 -0.383834 -0.000002 0.000002 0.000002 -8.076693 -0.486712 -3.806303 2.561510 -27.459995 6.550399 -0.021070 -0.349182 5.236117 0.527910 3.350553 -12.046539 -0.000000 -0.000001 -0.000003 4.570402 11.014666 -2.160816 5.826968 -15.049738 -2.714505 -33.754074 34.481466 -55.681577 0.000001 0.000002 0.000001 -0.110060 -23.138046 54.355018 2.466093 -1.576206 2.681705 8.424063 -18.064285 8.813918 -8.289475 6.851332 -5.321182 2.647882 -1.528740 1.528748 -1.252669 -3.564458 -2.913352 1.998924 -1.154095 1.154076 -0.000001 0.000004 0.000003 9.109297 -0.518016 2.259899 1.477144 -2.236601 9.726135 0.022408 1.013769 -2.204069 0.067514 -1.021953 8.035362 -0.000002 0.000000 -0.000000 9.533407 0.000008 -0.000005 -0.579304 9.113297 10.472642 0.034215 0.814735 -0.000048 0.018154 -0.317011 5.944536 -0.000002 0.000000 -0.000000 9.104487 -0.042997 -1.865102 -0.099299 18.354639 -0.481946 0.001904 0.338857 -0.000008 0.054421 0.103387 -1.132641 0.000001 0.000001 0.000000 8.077810 -0.486888 -3.806303 2.561497 27.459980 -6.550352 -0.021079 0.349173 -5.236094 0.068238 -0.512836 13.661901 0.000004 -0.000002 0.000001 -8.207798 -6.751709 -1.599543 -3.487884 -7.852169 2.914418 21.261289 -4.269871 -2.484744 -13.463750 18.488871 -3.230178 -0.172802 0.000005 -0.000000 0.000000 0.000001 0.000001 8.207800 -6.751706 -1.599544 -12.735946 20.364308 12.738691 23.818775 10.081119 -1.643698 -6.709149 13.868161 -3.655964 -2.079225 0.000001 -0.000001 0.000000 -0.000000 0.000000 
9.222120 102.084023 1.871130 -4.977671 -18.460333 -4.073970 -0.000000 10.181566 0.131525 3.882371 -1.612565 2.069932 1.210055 -0.769134 0.996608 1.200536 -0.770366 1.006279 0.000002 16.740372 -2.049019 -3.424222 19.594739 9.097161 0.000000 9.617853 1.684977 -16.229356 31.294014 0.092820 0.000000 22.037354 7.501073 0.000001 0.000002 0.000000 -4.570001 11.014851 -2.160840 8.437773 -1.433500 14.334991 13.213771 33.970813 39.484951 -0.000012 -0.000005 0.000003 12.178299 43.524557 -46.111854 -2.464799 -1.573994 2.681906 8.423946 18.064402 -8.813891 -8.289474 -6.851334 5.321190 -2.646268 -1.527816 1.527816 -1.399517 4.439472 3.696436 -1.994598 -1.151584 1.151578 -0.000001 -0.000002 0.000003 -9.108304 -0.517884 2.259801 1.477121 2.236574 -9.726124 0.022409 -1.013754 2.204053 0.038735 1.663528 -4.358497 0.000000 0.000001 -0.000000 -9.532505 -0.000003 0.000001 -0.579321 -9.113322 -10.472621 0.034233 -0.814718 -0.000075 -0.000779 0.112725 -2.312075 -0.000001 0.000002 -0.000000 -9.103598 -0.043112 -1.865099 -0.099302 -18.354650 0.481985 0.001902 -0.338848 0.000103 -0.028821 1.892869 -0.383815 -0.000002 0.000002 0.000004 -8.076698 -0.486730 -3.806296 2.561513 -27.459983 6.550409 -0.021072 -0.349168 5.236112 0.527909 3.350535 -12.046550 -0.000000 0.000001 0.000001 4.570400 11.014676 -2.160814 5.826085 -15.299573 -2.534111 -33.715023 33.530061 -56.376395 0.000005 -0.000008 0.000017 0.490603 -22.862368 53.971202 2.466096 -1.576202 2.681695 8.424072 -18.064283 8.813919 -8.289463 6.851335 -5.321189 2.647893 -1.528751 1.528754 -1.252682 -3.564444 -2.913353 1.998917 -1.154097 1.154076 -0.000004 0.000003 0.000003 9.109297 -0.518007 2.259894 1.477136 -2.236590 9.726130 0.022408 1.013766 -2.204072 0.067497 -1.021949 8.035359 0.000002 0.000000 -0.000000 9.533390 0.000000 -0.000005 -0.579301 9.113296 10.472649 0.034216 0.814739 0.000060 0.018139 -0.317017 5.944542 -0.000002 0.000000 0.000000 9.104498 -0.043008 -1.865105 -0.099301 18.354656 -0.481939 0.001895 0.338856 0.000020 0.054435 0.103392 -1.132638 -0.000004 -0.000002 0.000001 8.077795 -0.486916 -3.806300 2.561477 27.459995 -6.550361 -0.021070 0.349175 -5.236089 0.068253 -0.512862 13.661923 -0.000001 0.000001 0.000002 -8.207801 -6.751701 -1.599543 -4.026922 -7.776819 2.325759 21.735615 -4.596030 -2.841547 -13.796769 20.077776 -2.826067 0.039732 -0.000054 0.074222 -0.000000 -0.000001 -0.000001 8.207798 -6.751690 -1.599543 -12.716980 21.654543 12.546413 24.001522 10.076199 -1.843105 -7.245393 14.083844 -3.176708 -2.152441 -0.000009 0.000001 -0.000000 -0.000002 -0.000000 
9.954657 102.061371 2.024004 -4.985303 -19.699545 -3.987979 0.000000 10.181534 0.131523 4.017212 -1.898479 1.851920 1.257045 -0.884378 0.978048 1.246563 -0.885633 0.989253 0.000001 16.740358 -2.049021 -2.833497 21.157906 7.696723 0.000001 9.617847 1.684986 -17.755625 31.851330 -1.196921 -0.000001 22.037369 7.501078 0.000002 0.000002 0.000000 -4.570001 11.014883 -2.160839 8.397746 -1.339276 14.169122 8.861225 29.350771 43.173800 -0.000018 -0.000007 0.000002 12.281664 41.540302 -47.108836 -2.464797 -1.573993 2.681901 8.423938 18.064380 -8.813912 -8.289469 -6.851324 5.321194 -2.646256 -1.527817 1.527821 -1.399509 4.439454 3.696407 -1.994590 -1.151573 1.151576 0.000001 -0.000002 0.000003 -9.108304 -0.517896 2.259800 1.477121 2.236578 -9.726129 0.022406 -1.013753 2.204057 0.038736 1.663498 -4.358490 -0.000003 0.000003 0.000001 -9.532495 0.000006 0.000001 -0.579328 -9.113322 -10.472621 0.034219 -0.814742 -0.000019 -0.000775 0.112731 -2.312091 -0.000002 0.000000 0.000002 -9.103602 -0.043105 -1.865096 -0.099311 -18.354648 0.481971 0.001907 -0.338868 0.000057 -0.028824 1.892878 -0.383836 -0.000001 -0.000001 -0.000000 -8.076698 -0.486721 -3.806300 2.561502 -27.459988 6.550417 -0.021075 -0.349157 5.236093 0.527913 3.350542 -12.046535 -0.000000 0.000001 -0.000001 4.570400 11.014688 -2.160816 5.818874 -15.585411 -2.412626 -33.392638 32.450659 -57.120063 0.000003 -0.000000 0.000010 1.572087 -22.871530 54.193938 2.466100 -1.576198 2.681692 8.424071 -18.064278 8.813921 -8.289456 6.851343 -5.321193 2.647881 -1.528750 1.528755 -1.252684 -3.564468 -2.913361 1.998917 -1.154094 1.154065 -0.000001 -0.000002 0.000003 9.109309 -0.517996 2.259897 1.477142 -2.236587 9.726123 0.022406 1.013753 -2.204055 0.067510 -1.021948 8.035358 -0.000005 -0.000001 0.000001 9.533407 0.000027 -0.000002 -0.579297 9.113298 10.472641 0.034223 0.814754 -0.000050 0.018157 -0.317026 5.944543 0.000004 0.000000 -0.000001 9.104507 -0.042993 -1.865112 -0.099305 18.354650 -0.481939 0.001913 0.338870 -0.000047 0.054426 0.103375 -1.132633 -0.000005 -0.000001 0.000001 8.077810 -0.486869 -3.806298 2.561496 27.459997 -6.550361 -0.021077 0.349164 -5.236102 0.068241 -0.512844 13.661917 0.000002 0.000001 0.000000 -8.207800 -6.751710 -1.599542 -4.552990 -7.728822 1.746265 22.221133 -4.866331 -3.248722 -14.184215 21.475783 -2.463974 0.091270 -0.000283 0.165803 -0.000000 -0.000000 -0.000000 8.207798 -6.751704 -1.599544 -12.675644 22.924908 12.300118 24.173884 10.069940 -2.028342 -7.783638 14.162840 -2.689364 -2.225419 -0.000000 -0.000002 -0.000000 -0.000002 0.000000 
10.669071 102.030083 2.181564 -4.965635 -20.762078 -3.868579 -0.000001 10.181546 0.131524 4.136159 -2.268952 1.608933 1.297699 -1.033357 0.951074 1.285974 -1.034603 0.964294 0.000003 16.740372 -2.049019 -2.153447 22.702514 6.269055 -0.000001 9.617843 1.684978 -19.284788 32.517404 -2.316386 -0.000002 22.037399 7.501074 -0.000000 -0.000000 -0.000001 -4.570001 11.014876 -2.160836 8.361169 -1.252075 14.020340 4.506958 23.830177 46.488778 -0.000000 0.000000 0.000002 12.213550 38.235901 -47.874497 -2.464789 -1.573973 2.681909 8.423953 18.064396 -8.813925 -8.289468 -6.851334 5.321193 -2.646266 -1.527813 1.527819 -1.399523 4.439467 3.696439 -1.994597 -1.151579 1.151584 0.000005 -0.000003 -0.000000 -9.108294 -0.517878 2.259804 1.477123 2.236579 -9.726124 0.022418 -1.013745 2.204057 0.038720 1.663515 -4.358505 -0.000002 0.000002 0.000002 -9.532496 0.000010 0.000001 -0.579318 -9.113313 -10.472628 0.034237 -0.814747 0.000067 -0.000771 0.112733 -2.312091 0.000000 -0.000001 -0.000000 -9.103607 -0.043099 -1.865102 -0.099298 -18.354639 0.481963 0.001893 -0.338871 -0.000076 -0.028819 1.892885 -0.383835 -0.000001 0.000000 0.000001 -8.076701 -0.486710 -3.806296 2.561512 -27.459982 6.550407 -0.021068 -0.349161 5.236094 0.527911 3.350541 -12.046533 -0.000002 0.000000 0.000002 4.570400 11.014680 -2.160812 5.804993 -15.889172 -2.373060 -32.917940 31.321946 -57.803064 -0.000003 0.000001 0.000014 2.996267 -23.004122 54.675220 2.466118 -1.576206 2.681693 8.424067 -18.064273 8.813931 -8.289468 6.851341 -5.321201 2.647884 -1.528738 1.528748 -1.252679 -3.564474 -2.913362 1.998917 -1.154105 1.154079 0.000001 -0.000001 -0.000000 9.109303 -0.518018 2.259899 1.477145 -2.236581 9.726130 0.022390 1.013747 -2.204061 0.067498 -1.021952 8.035356 0.000001 0.000000 -0.000001 9.533405 0.000003 -0.000001 -0.579310 9.113299 10.472643 0.034230 0.814745 -0.000041 0.018138 -0.317016 5.944529 0.000003 -0.000000 -0.000000 9.104496 -0.043001 -1.865100 -0.099299 18.354655 -0.481938 0.001900 0.338869 0.000041 0.054439 0.103376 -1.132628 0.000001 0.000000 0.000002 8.077805 -0.486883 -3.806296 2.561483 27.460004 -6.550344 -0.021071 0.349170 -5.236107 0.068251 -0.512841 13.661900 -0.000001 0.000001 -0.000000 -8.207802 -6.751715 -1.599543 -5.086097 -7.599956 1.253985 22.693850 -5.070863 -3.741387 -14.594622 22.533808 -2.150461 0.097611 -0.000315 0.178670 -0.000000 -0.000001 -0.000000 8.207799 -6.751704 -1.599542 -12.658469 24.142342 12.027718 24.338037 10.063001 -2.200933 -8.303119 14.115391 -2.207221 -2.298044 0.000002 0.000003 -0.000000 0.000000 0.000000 
11.359049 101.993118 2.339033 -4.904341 -21.637278 -3.718334 -0.000001 10.181544 0.131524 4.211512 -2.694848 1.350051 1.322982 -1.204529 0.918223 1.309774 -1.205783 0.933757 0.000004 16.740406 -2.049022 -1.408777 24.181371 4.842309 0.000003 9.617845 1.684983 -20.734976 33.215903 -3.283950 0.000006 22.037384 7.501076 -0.000001 -0.000000 0.000000 -4.569998 11.014885 -2.160842 8.332059 -1.177629 13.905075 0.473597 17.666783 49.197183 0.000000 -0.000000 0.000002 12.000357 33.842696 -48.385135 -2.464791 -1.573979 2.681913 8.423951 18.064402 -8.813932 -8.289455 -6.851338 5.321204 -2.646254 -1.527815 1.527820 -1.399518 4.439475 3.696422 -1.994598 -1.151581 1.151575 0.000003 -0.000005 -0.000000 -9.108306 -0.517878 2.259801 1.477128 2.236594 -9.726122 0.022409 -1.013758 2.204060 0.038723 1.663512 -4.358501 -0.000000 -0.000001 -0.000001 -9.532495 -0.000003 -0.000000 -0.579323 -9.113309 -10.472614 0.034230 -0.814750 -0.000088 -0.000772 0.112744 -2.312091 0.000001 0.000000 -0.000000 -9.103596 -0.043116 -1.865103 -0.099300 -18.354643 0.481965 0.001900 -0.338869 0.000104 -0.028820 1.892880 -0.383828 -0.000000 0.000000 -0.000002 -8.076694 -0.486728 -3.806294 2.561502 -27.459973 6.550399 -0.021062 -0.349169 5.236115 0.527907 3.350555 -12.046525 -0.000001 0.000000 0.000002 4.570401 11.014697 -2.160819 5.784718 -16.196272 -2.414898 -32.379376 30.196328 -58.365742 -0.000001 -0.000008 -0.000004 4.543308 -23.067898 54.999299 2.466110 -1.576203 2.681699 8.424057 -18.064295 8.813917 -8.289465 6.851337 -5.321180 2.647894 -1.528744 1.528751 -1.252676 -3.564452 -2.913357 1.998932 -1.154096 1.154074 -0.000001 0.000001 -0.000000 9.109299 -0.518007 2.259898 1.477143 -2.236595 9.726129 0.022413 1.013769 -2.204058 0.067498 -1.021957 8.035363 0.000001 -0.000002 -0.000000 9.533406 -0.000003 -0.000001 -0.579310 9.113305 10.472633 0.034225 0.814733 -0.000048 0.018143 -0.317001 5.944528 -0.000003 -0.000001 -0.000000 9.104506 -0.042996 -1.865100 -0.099306 18.354653 -0.481945 0.001893 0.338865 -0.000062 0.054433 0.103395 -1.132649 -0.000001 -0.000003 0.000001 8.077810 -0.486895 -3.806306 2.561494 27.459997 -6.550361 -0.021080 0.349182 -5.236101 0.068233 -0.512849 13.661903 -0.000003 0.000000 -0.000001 -8.207802 -6.751706 -1.599544 -5.618290 -7.409458 0.843842 23.132869 -5.239432 -4.282526 -15.005398 23.296418 -1.894903 0.092482 -0.000300 0.171793 -0.000000 0.000001 0.000001 8.207798 -6.751694 -1.599543 -12.675124 25.282203 11.737579 24.486913 10.055705 -2.362967 -8.793026 13.952319 -1.733675 -2.370281 -0.000022 0.000000 0.000000 -0.000002 0.000000 
12.032024 101.954620 2.499708 -4.802529 -22.282801 -3.527872 0.000000 10.181558 0.131523 4.237259 -3.101266 1.077770 1.332287 -1.367611 0.880239 1.317663 -1.368918 0.897953 0.000001 16.740358 -2.049019 -0.621730 25.524962 3.438488 -0.000001 9.617846 1.684983 -22.049222 33.772642 -4.132387 -0.000008 22.037399 7.501069 -0.000001 -0.000000 0.000001 -4.570006 11.014895 -2.160840 8.310777 -1.124626 13.818319 -3.083034 11.187275 51.246889 -0.000007 -0.000002 -0.000005 11.699171 28.757617 -48.678789 -2.464797 -1.574008 2.681902 8.423950 18.064397 -8.813915 -8.289472 -6.851338 5.321199 -2.646261 -1.527804 1.527816 -1.399522 4.439468 3.696425 -1.994594 -1.151582 1.151588 -0.000003 -0.000003 0.000001 -9.108297 -0.517876 2.259801 1.477129 2.236568 -9.726124 0.022403 -1.013747 2.204059 0.038729 1.663512 -4.358502 -0.000000 0.000000 0.000000 -9.532501 0.000008 -0.000001 -0.579328 -9.113333 -10.472617 0.034224 -0.814740 0.000081 -0.000775 0.112746 -2.312091 0.000001 0.000001 0.000001 -9.103600 -0.043118 -1.865102 -0.099306 -18.354667 0.481971 0.001903 -0.338855 0.000037 -0.028819 1.892881 -0.383842 0.000000 0.000001 -0.000001 -8.076696 -0.486731 -3.806304 2.561502 -27.459994 6.550413 -0.021067 -0.349163 5.236105 0.527910 3.350543 -12.046533 -0.000000 -0.000002 0.000003 4.570402 11.014693 -2.160813 5.759380 -16.496886 -2.515479 -31.805343 29.077656 -58.820537 -0.000001 -0.000001 0.000003 6.048565 -22.957832 54.884105 2.466096 -1.576206 2.681702 8.424063 -18.064281 8.813913 -8.289469 6.851348 -5.321177 2.647876 -1.528739 1.528749 -1.252674 -3.564461 -2.913356 1.998924 -1.154086 1.154074 -0.000004 0.000000 0.000003 9.109293 -0.517998 2.259901 1.477144 -2.236595 9.726130 0.022410 1.013754 -2.204065 0.067499 -1.021941 8.035354 -0.000003 -0.000001 -0.000000 9.533399 0.000007 -0.000004 -0.579316 9.113303 10.472639 0.034228 0.814737 -0.000059 0.018151 -0.317017 5.944536 0.000001 0.000001 0.000002 9.104496 -0.042994 -1.865096 -0.099312 18.354651 -0.481940 0.001902 0.338865 0.000012 0.054430 0.103391 -1.132643 -0.000003 -0.000000 -0.000001 8.077803 -0.486908 -3.806301 2.561497 27.459992 -6.550360 -0.021080 0.349188 -5.236124 0.068253 -0.512856 13.661919 0.000002 -0.000003 0.000001 -8.207800 -6.751705 -1.599543 -6.129209 -7.236564 0.459638 23.522354 -5.421454 -4.820288 -15.409643 23.865601 -1.676458 0.095428 -0.000336 0.179387 -0.000000 0.000000 0.000000 8.207800 -6.751696 -1.599544 -12.701861 26.331433 11.406367 24.598996 10.048042 -2.516268 -9.245634 13.651155 -1.260190 -2.442096 -0.000002 0.000001 -0.000000 -0.000000 0.000000 
12.693411 101.917168 2.666098 -4.661522 -22.616276 -3.288600 -0.000002 10.181543 0.131526 4.228093 -3.418671 0.795312 1.331769 -1.494533 0.836614 1.316105 -1.496017 0.855986 0.000002 16.740341 -2.049021 0.185235 26.670275 2.076167 0.000001 9.617866 1.684987 -23.214998 34.021056 -4.870163 0.000006 22.037354 7.501076 -0.000000 0.000001 0.000001 -4.570004 11.014847 -2.160840 8.294818 -1.098244 13.741110 -6.124391 4.734069 52.707135 -0.000008 0.106961 -0.000001 11.305911 23.442910 -48.808354 -2.464799 -1.573987 2.681908 8.423948 18.064401 -8.813925 -8.289467 -6.851342 5.321205 -2.646259 -1.527818 1.527815 -1.399527 4.439488 3.696408 -1.994586 -1.151584 1.151576 0.000003 -0.000004 -0.000002 -9.108304 -0.517870 2.259802 1.477122 2.236572 -9.726128 0.022413 -1.013757 2.204069 0.038724 1.663522 -4.358509 -0.000000 -0.000000 0.000000 -9.532505 0.000007 -0.000001 -0.579324 -9.113317 -10.472621 0.034230 -0.814743 0.000033 -0.000768 0.112742 -2.312089 -0.000000 0.000001 -0.000000 -9.103604 -0.043100 -1.865096 -0.099304 -18.354644 0.481959 0.001901 -0.338868 0.000072 -0.028823 1.892871 -0.383830 -0.000001 0.000003 0.000001 -8.076699 -0.486720 -3.806298 2.561510 -27.459992 6.550406 -0.021083 -0.349172 5.236114 0.527923 3.350551 -12.046540 0.000000 -0.000004 -0.000001 4.570402 11.014680 -2.160815 5.731524 -16.780269 -2.642953 -31.188017 27.937132 -59.229065 0.000000 -0.000002 0.000002 7.476178 -22.696591 54.279851 2.466112 -1.576216 2.681693 8.424066 -18.064267 8.813936 -8.289475 6.851333 -5.321189 2.647885 -1.528753 1.528750 -1.252680 -3.564468 -2.913359 1.998913 -1.154113 1.154077 -0.000001 0.000003 0.000005 9.109310 -0.518009 2.259900 1.477145 -2.236598 9.726137 0.022384 1.013747 -2.204070 0.067522 -1.021945 8.035352 0.000002 -0.000004 -0.000002 9.533404 0.000000 0.000004 -0.579309 9.113287 10.472650 0.034227 0.814751 -0.000050 0.018131 -0.317020 5.944539 -0.000003 -0.000004 -0.000000 9.104506 -0.043004 -1.865098 -0.099304 18.354639 -0.481928 0.001907 0.338861 0.000054 0.054441 0.103374 -1.132617 -0.000002 -0.000001 -0.000002 8.077821 -0.486894 -3.806300 2.561481 27.459999 -6.550358 -0.021067 0.349159 -5.236099 0.068235 -0.512839 13.661880 0.000002 -0.000001 -0.000002 -8.207801 -6.751710 -1.599544 -6.593021 -7.124615 0.074263 23.842659 -5.637096 -5.334933 -15.796768 24.229381 -1.458156 0.107576 -0.000413 0.203130 0.000000 0.000000 0.000000 8.207800 -6.751699 -1.599545 -12.722778 27.272042 11.015439 24.662128 10.039869 -2.662574 -9.653982 13.151947 -0.778622 -2.513509 -0.000009 -0.000002 0.000000 -0.000002 0.000000 
13.340003 101.881042 2.838338 -4.486248 -22.573944 -3.014098 -0.000002 10.181554 0.131523 4.214659 -3.621312 0.515022 1.331770 -1.575354 0.787982 1.315511 -1.577176 0.808399 0.000002 16.740376 -2.049021 0.978013 27.582589 0.782651 0.000001 9.617860 1.684977 -24.255552 33.905069 -5.492366 -0.000001 22.037369 7.501081 0.000002 -0.000001 -0.000001 -4.570004 11.014862 -2.160839 8.280983 -1.094428 13.657025 -8.663189 -1.359580 53.701594 -0.000010 0.476051 0.000038 10.705329 18.317261 -48.803973 -2.464794 -1.574001 2.681907 8.423955 18.064392 -8.813914 -8.289463 -6.851327 5.321185 -2.646255 -1.527808 1.527812 -1.399517 4.439463 3.696435 -1.994593 -1.151581 1.151581 -0.000001 0.000003 -0.000002 -9.108289 -0.517879 2.259802 1.477124 2.236573 -9.726123 0.022409 -1.013757 2.204062 0.038729 1.663521 -4.358511 -0.000000 -0.000000 -0.000000 -9.532491 0.000009 -0.000002 -0.579322 -9.113313 -10.472618 0.034230 -0.814746 0.000055 -0.000768 0.112743 -2.312096 -0.000001 0.000003 0.000001 -9.103600 -0.043095 -1.865101 -0.099300 -18.354648 0.481963 0.001902 -0.338855 -0.000036 -0.028818 1.892883 -0.383841 0.000002 0.000002 -0.000004 -8.076696 -0.486721 -3.806297 2.561507 -27.459978 6.550391 -0.021069 -0.349180 5.236122 0.527906 3.350548 -12.046540 0.000001 0.000001 0.000003 4.570401 11.014671 -2.160813 5.704349 -17.030891 -2.773349 -30.513737 26.741509 -59.656402 -0.000004 -0.460070 -0.000014 8.876642 -22.395656 53.325852 2.466096 -1.576209 2.681697 8.424078 -18.064279 8.813927 -8.289457 6.851339 -5.321187 2.647885 -1.528728 1.528752 -1.252671 -3.564460 -2.913368 1.998918 -1.154098 1.154067 -0.000003 0.000002 -0.000004 9.109296 -0.518005 2.259897 1.477154 -2.236607 9.726126 0.022401 1.013754 -2.204059 0.067509 -1.021936 8.035356 0.000002 -0.000003 -0.000002 9.533404 0.000002 -0.000007 -0.579300 9.113302 10.472648 0.034219 0.814725 0.000011 0.018148 -0.317011 5.944541 -0.000000 0.000000 0.000001 9.104507 -0.042991 -1.865102 -0.099308 18.354646 -0.481939 0.001910 0.338867 0.000038 0.054428 0.103383 -1.132631 -0.000002 -0.000001 -0.000002 8.077814 -0.486899 -3.806304 2.561503 27.459994 -6.550359 -0.021087 0.349188 -5.236119 0.068241 -0.512848 13.661921 -0.000001 -0.000000 -0.000000 -8.207802 -6.751704 -1.599544 -6.979692 -7.079649 -0.294052 24.074629 -5.855503 -5.828637 -16.144136 24.299002 -1.219698 0.121502 -0.000536 0.229948 -0.000000 0.000001 -0.000001 8.207796 -6.751697 -1.599543 -12.739173 28.071111 10.576752 24.686317 10.031419 -2.804278 -10.016103 12.419850 -0.291693 -2.584476 -0.000002 0.000002 -0.000000 -0.000000 0.000000 
13.966386 101.846260 3.016360 -4.292691 -22.182438 -2.741283 0.000001 10.181547 0.131523 4.227669 -3.720661 0.256100 1.341500 -1.615444 0.736875 1.325009 -1.617783 0.757874 0.000001 16.740391 -2.049021 1.709270 28.254082 -0.394149 -0.000002 9.617826 1.684995 -25.203941 33.500005 -6.009779 0.000003 22.037369 7.501074 -0.000000 -0.000001 0.000001 -4.570001 11.014905 -2.160840 8.266797 -1.100278 13.562283 -10.730141 -6.801093 54.364512 -0.000015 1.072827 0.000015 9.690056 13.680421 -48.680476 -2.464799 -1.574006 2.681903 8.423951 18.064396 -8.813913 -8.289469 -6.851335 5.321194 -2.646260 -1.527811 1.527823 -1.399520 4.439474 3.696428 -1.994603 -1.151583 1.151577 0.000001 -0.000002 0.000005 -9.108294 -0.517896 2.259802 1.477117 2.236581 -9.726125 0.022408 -1.013768 2.204064 0.038738 1.663525 -4.358510 -0.000000 -0.000001 -0.000000 -9.532496 -0.000002 -0.000003 -0.579325 -9.113308 -10.472621 0.034224 -0.814753 -0.000004 -0.000766 0.112737 -2.312091 -0.000000 -0.000001 0.000002 -9.103599 -0.043102 -1.865102 -0.099308 -18.354648 0.481969 0.001899 -0.338855 0.000029 -0.028815 1.892878 -0.383838 -0.000001 0.000001 -0.000001 -8.076700 -0.486742 -3.806302 2.561502 -27.459982 6.550408 -0.021060 -0.349169 5.236112 0.527908 3.350547 -12.046546 -0.000000 -0.000001 0.000001 4.570401 11.014687 -2.160815 5.680362 -17.232161 -2.899931 -29.767573 25.459914 -60.138695 -0.000003 -1.065166 -0.000003 10.299842 -22.174233 52.232963 2.466083 -1.576205 2.681689 8.424073 -18.064288 8.813931 -8.289463 6.851346 -5.321181 2.647886 -1.528736 1.528756 -1.252667 -3.564461 -2.913369 1.998924 -1.154092 1.154065 0.000002 0.000006 0.000003 9.109290 -0.518011 2.259889 1.477152 -2.236603 9.726136 0.022396 1.013757 -2.204061 0.067505 -1.021948 8.035342 -0.000006 0.000001 -0.000003 9.533397 -0.000000 -0.000008 -0.579300 9.113288 10.472648 0.034229 0.814730 -0.000022 0.018140 -0.317007 5.944513 0.000004 -0.000001 -0.000003 9.104494 -0.042999 -1.865103 -0.099304 18.354639 -0.481926 0.001907 0.338872 -0.000013 0.054418 0.103373 -1.132637 -0.000001 -0.000001 0.000001 8.077806 -0.486899 -3.806310 2.561484 27.459997 -6.550344 -0.021059 0.349177 -5.236090 0.068235 -0.512849 13.661905 0.000000 -0.000001 -0.000000 -8.207799 -6.751708 -1.599544 -7.267022 -7.106412 -0.620755 24.212054 -6.012234 -6.294681 -16.426796 24.042934 -0.976514 0.132763 -0.000630 0.251885 0.000000 0.000001 -0.000000 8.207803 -6.751692 -1.599543 -12.754338 28.697378 10.124133 24.695683 10.023068 -2.944103 -10.340033 11.504644 0.188960 -2.654986 0.000005 0.000001 0.000000 -0.000002 0.000000 
14.569455 101.812523 3.197888 -4.098707 -21.545168 -2.498255 -0.000001 10.181534 0.131525 4.274021 -3.732554 0.030249 1.361795 -1.621862 0.686743 1.345290 -1.624887 0.707997 0.000000 16.740368 -2.049020 2.331389 28.685469 -1.391901 -0.000003 9.617833 1.684979 -26.071448 32.934704 -6.445085 -0.000000 22.037369 7.501079 0.000001 0.000000 0.000002 -4.570001 11.014886 -2.160839 8.250678 -1.099170 13.461192 -12.375544 -11.390525 54.812726 -0.000002 1.825421 0.000015 8.026385 9.690345 -48.485997 -2.464791 -1.573964 2.681905 8.423943 18.064397 -8.813915 -8.289467 -6.851335 5.321187 -2.646265 -1.527819 1.527814 -1.399509 4.439470 3.696433 -1.994602 -1.151572 1.151574 -0.000001 -0.000003 0.000001 -9.108295 -0.517868 2.259802 1.477118 2.236569 -9.726124 0.022405 -1.013740 2.204058 0.038732 1.663514 -4.358505 0.000000 0.000001 0.000002 -9.532499 0.000020 0.000000 -0.579328 -9.113321 -10.472630 0.034228 -0.814751 -0.000061 -0.000776 0.112737 -2.312088 0.000000 0.000001 0.000000 -9.103590 -0.043080 -1.865098 -0.099310 -18.354668 0.481970 0.001905 -0.338853 -0.000052 -0.028825 1.892879 -0.383815 0.000001 0.000004 0.000000 -8.076687 -0.486705 -3.806297 2.561505 -27.460004 6.550410 -0.021073 -0.349180 5.236105 0.527918 3.350549 -12.046536 0.000001 0.000006 -0.000000 4.570400 11.014675 -2.160813 5.660702 -17.373932 -3.027456 -28.913301 24.044561 -60.682262 0.000007 -1.713858 0.000003 11.763984 -22.085507 51.184796 2.466099 -1.576198 2.681693 8.424068 -18.064273 8.813935 -8.289467 6.851334 -5.321193 2.647888 -1.528738 1.528755 -1.252675 -3.564454 -2.913363 1.998932 -1.154094 1.154066 -0.000000 0.000002 -0.000000 9.109303 -0.518023 2.259904 1.477143 -2.236586 9.726140 0.022405 1.013772 -2.204072 0.067516 -1.021946 8.035345 -0.000000 -0.000002 0.000002 9.533406 0.000015 0.000005 -0.579303 9.113305 10.472651 0.034224 0.814751 -0.000082 0.018138 -0.317019 5.944540 0.000000 -0.000001 -0.000000 9.104486 -0.042998 -1.865097 -0.099310 18.354660 -0.481930 0.001913 0.338872 -0.000072 0.054428 0.103390 -1.132635 0.000001 0.000001 0.000002 8.077803 -0.486901 -3.806305 2.561497 27.459999 -6.550350 -0.021078 0.349181 -5.236099 0.068229 -0.512850 13.661891 0.000002 -0.000000 0.000001 -8.207802 -6.751726 -1.599542 -7.463272 -7.204055 -0.905726 24.281174 -6.034543 -6.716972 -16.634931 23.493455 -0.774886 0.140943 -0.000729 0.268396 0.000000 0.000000 -0.000000 8.207799 -6.751720 -1.599542 -12.763647 29.154430 9.681143 24.704999 10.015192 -3.082040 -10.634857 10.502326 0.651878 -2.725005 0.000008 -0.000001 0.000000 -0.000002 -0.000000 
15.146580 101.779968 3.377689 -3.910121 -20.750661 -2.281589 0.000000 10.181559 0.131525 4.329323 -3.659302 -0.161358 1.383314 -1.595984 0.640975 1.366969 -1.599763 0.662107 0.000000 16.740385 -2.049021 2.810334 28.869745 -2.157678 -0.000003 9.617854 1.684990 -26.814594 32.284002 -6.804023 -0.000003 22.037399 7.501081 -0.000003 -0.000000 0.000001 -4.569996 11.014872 -2.160843 8.230977 -1.075843 13.356812 -13.679916 -15.062780 55.122676 -0.000002 2.603869 0.000005 5.543663 6.390429 -48.342914 -2.464803 -1.573972 2.681910 8.423962 18.064401 -8.813927 -8.289461 -6.851334 5.321199 -2.646258 -1.527828 1.527814 -1.399523 4.439477 3.696439 -1.994586 -1.151593 1.151570 -0.000001 -0.000002 0.000001 -9.108307 -0.517865 2.259802 1.477136 2.236590 -9.726133 0.022402 -1.013760 2.204063 0.038726 1.663507 -4.358500 -0.000000 0.000002 0.000001 -9.532506 0.000014 -0.000004 -0.579316 -9.113310 -10.472621 0.034227 -0.814728 -0.000025 -0.000765 0.112738 -2.312097 -0.000000 -0.000001 -0.000000 -9.103609 -0.043099 -1.865103 -0.099299 -18.354648 0.481967 0.001906 -0.338863 0.000039 -0.028820 1.892892 -0.383832 -0.000000 0.000001 -0.000002 -8.076704 -0.486711 -3.806300 2.561515 -27.459980 6.550397 -0.021072 -0.349174 5.236084 0.527908 3.350553 -12.046519 -0.000000 -0.000000 0.000000 4.570400 11.014690 -2.160817 5.645113 -17.457649 -3.159440 -27.880786 22.414038 -61.278511 -0.000003 -2.305333 -0.000013 13.295726 -22.094096 50.296236 2.466099 -1.576221 2.681701 8.424073 -18.064269 8.813923 -8.289466 6.851336 -5.321168 2.647891 -1.528739 1.528738 -1.252668 -3.564459 -2.913380 1.998917 -1.154078 1.154071 -0.000003 -0.000002 0.000003 9.109299 -0.518000 2.259902 1.477145 -2.236594 9.726135 0.022403 1.013762 -2.204068 0.067517 -1.021953 8.035366 -0.000000 -0.000005 -0.000001 9.533398 0.000009 0.000002 -0.579295 9.113299 10.472642 0.034221 0.814733 0.000039 0.018144 -0.316997 5.944530 0.000001 -0.000001 0.000000 9.104494 -0.042993 -1.865097 -0.099299 18.354650 -0.481917 0.001901 0.338872 -0.000050 0.054426 0.103389 -1.132637 -0.000001 -0.000005 -0.000003 8.077812 -0.486885 -3.806289 2.561497 27.459994 -6.550361 -0.021080 0.349178 -5.236110 0.068245 -0.512848 13.661913 -0.000001 0.000001 0.000003 -8.207798 -6.751701 -1.599543 -7.598347 -7.351429 -1.168360 24.327624 -5.862780 -7.080359 -16.771504 22.659045 -0.678606 0.146398 -0.000789 0.280227 0.000000 -0.000000 -0.000001 8.207800 -6.751701 -1.599543 -12.758897 29.485462 9.245980 24.707357 10.007842 -3.214147 -10.899139 9.461386 1.091428 -2.794509 -0.000010 -0.000003 0.000000 -0.000004 0.000000 
15.694015 101.749969 3.554236 -3.722416 -19.815250 -2.069427 -0.000001 10.181551 0.131523 4.358692 -3.499191 -0.321417 1.394278 -1.537441 0.602229 1.378293 -1.541915 0.622733 0.000000 16.740351 -2.049019 3.185132 28.844165 -2.759022 -0.000001 9.617854 1.684979 -27.434075 31.496222 -7.084940 -0.000001 22.037384 7.501081 0.000000 -0.000003 0.000003 -4.570001 11.014862 -2.160839 8.205869 -1.020159 13.246235 -14.743757 -17.873090 55.319072 -0.000019 3.287585 -0.000015 2.238570 3.773246 -48.419570 -2.464790 -1.573972 2.681906 8.423943 18.064387 -8.813916 -8.289457 -6.851319 5.321193 -2.646263 -1.527808 1.527814 -1.399528 4.439458 3.696429 -1.994609 -1.151576 1.151575 0.000006 -0.000006 0.000001 -9.108296 -0.517879 2.259804 1.477125 2.236574 -9.726125 0.022413 -1.013738 2.204057 0.038728 1.663515 -4.358503 -0.000001 -0.000003 -0.000001 -9.532498 0.000004 -0.000001 -0.579323 -9.113323 -10.472620 0.034226 -0.814751 -0.000079 -0.000766 0.112754 -2.312092 -0.000001 -0.000001 0.000000 -9.103597 -0.043109 -1.865102 -0.099300 -18.354643 0.481962 0.001895 -0.338887 0.000031 -0.028814 1.892894 -0.383849 -0.000000 0.000001 -0.000003 -8.076698 -0.486727 -3.806298 2.561513 -27.460009 6.550399 -0.021070 -0.349171 5.236111 0.527911 3.350544 -12.046540 0.000000 0.000001 -0.000000 4.570400 11.014661 -2.160815 5.632881 -17.494225 -3.290196 -26.590065 20.472900 -61.908261 0.000000 -2.783313 0.000019 14.974797 -22.112507 49.616236 2.466096 -1.576218 2.681698 8.424062 -18.064274 8.813925 -8.289471 6.851336 -5.321194 2.647883 -1.528721 1.528756 -1.252677 -3.564452 -2.913358 1.998921 -1.154090 1.154075 0.000004 -0.000000 -0.000002 9.109290 -0.518026 2.259908 1.477135 -2.236587 9.726117 0.022412 1.013748 -2.204054 0.067511 -1.021945 8.035351 0.000002 -0.000006 -0.000003 9.533406 0.000013 0.000006 -0.579316 9.113300 10.472648 0.034230 0.814750 -0.000093 0.018142 -0.317013 5.944531 0.000000 0.000001 -0.000002 9.104490 -0.042993 -1.865098 -0.099310 18.354636 -0.481940 0.001903 0.338866 -0.000055 0.054419 0.103391 -1.132620 0.000002 -0.000000 -0.000000 8.077812 -0.486897 -3.806299 2.561495 27.459999 -6.550366 -0.021087 0.349182 -5.236114 0.068248 -0.512849 13.661919 -0.000002 -0.000000 0.000000 -8.207802 -6.751715 -1.599542 -7.694246 -7.531788 -1.435278 24.388507 -5.471174 -7.367179 -16.846966 21.513354 -0.739521 0.148133 -0.000820 0.285868 -0.000000 0.000001 0.000001 8.207800 -6.751701 -1.599542 -12.729210 29.735847 8.800799 24.682690 10.000852 -3.336021 -11.123162 8.359216 1.506330 -2.863474 -0.000010 0.000001 -0.000000 0.000002 0.000000 
16.210600 101.724556 3.736719 -3.533178 -18.712744 -1.851441 0.000000 10.181558 0.131522 4.344538 -3.256736 -0.451590 1.389956 -1.448295 0.571616 1.374612 -1.453282 0.590911 -0.000002 16.740381 -2.049022 3.517255 28.656373 -3.298445 -0.000005 9.617846 1.684995 -27.909150 30.460755 -7.297138 0.000004 22.037369 7.501075 0.000003 -0.000002 0.000000 -4.570006 11.014892 -2.160843 8.174580 -0.931474 13.124509 -15.647912 -19.919268 55.386567 -0.000010 3.816853 0.000004 -1.631190 1.839797 -48.818111 -2.464799 -1.573974 2.681904 8.423947 18.064377 -8.813902 -8.289470 -6.851317 5.321178 -2.646255 -1.527805 1.527815 -1.399527 4.439465 3.696438 -1.994599 -1.151580 1.151573 -0.000001 -0.000001 0.000003 -9.108297 -0.517895 2.259802 1.477128 2.236570 -9.726136 0.022400 -1.013770 2.204071 0.038739 1.663540 -4.358516 0.000001 0.000004 0.000001 -9.532497 0.000006 -0.000001 -0.579325 -9.113338 -10.472631 0.034230 -0.814737 -0.000046 -0.000768 0.112734 -2.312083 0.000000 0.000001 -0.000000 -9.103607 -0.043081 -1.865100 -0.099302 -18.354661 0.481961 0.001907 -0.338846 -0.000065 -0.028829 1.892881 -0.383829 -0.000000 -0.000000 -0.000002 -8.076696 -0.486720 -3.806304 2.561502 -27.460000 6.550400 -0.021068 -0.349154 5.236093 0.527908 3.350547 -12.046541 0.000001 0.000003 0.000000 4.570400 11.014704 -2.160818 5.623133 -17.497126 -3.410102 -25.004062 18.171507 -62.529398 -0.000015 -3.145036 -0.000004 16.923032 -22.067462 49.149713 2.466095 -1.576215 2.681699 8.424074 -18.064293 8.813927 -8.289464 6.851346 -5.321194 2.647888 -1.528725 1.528758 -1.252666 -3.564456 -2.913360 1.998913 -1.154095 1.154083 -0.000001 0.000003 0.000001 9.109308 -0.517998 2.259901 1.477142 -2.236599 9.726124 0.022397 1.013773 -2.204051 0.067510 -1.021949 8.035356 0.000002 -0.000004 -0.000001 9.533407 -0.000001 0.000003 -0.579301 9.113299 10.472633 0.034218 0.814746 -0.000044 0.018152 -0.317016 5.944551 0.000000 -0.000001 -0.000001 9.104496 -0.043004 -1.865097 -0.099309 18.354644 -0.481937 0.001899 0.338870 -0.000002 0.054429 0.103392 -1.132627 0.000002 0.000001 0.000001 8.077802 -0.486908 -3.806305 2.561492 27.459994 -6.550357 -0.021074 0.349187 -5.236118 0.068242 -0.512844 13.661918 -0.000000 -0.000000 0.000001 -8.207799 -6.751721 -1.599545 -7.745961 -7.767125 -1.730058 24.467884 -4.878374 -7.557638 -16.878279 20.073118 -0.970841 0.146374 -0.000821 0.285740 -0.000000 0.000001 -0.000001 8.207799 -6.751717 -1.599545 -12.660309 29.922878 8.333211 24.615761 9.994230 -3.445916 -11.303101 7.156081 1.895631 -2.931891 -0.000004 0.000003 -0.000000 0.000000 0.000000 
16.700371 101.705612 3.940425 -3.346547 -17.430171 -1.635938 0.000001 10.181543 0.131524 4.292796 -2.932176 -0.553442 1.373365 -1.328578 0.548235 1.359082 -1.333831 0.565754 -0.000000 16.740377 -2.049022 3.810976 28.305074 -3.782768 -0.000002 9.617846 1.684984 -28.144373 29.118654 -7.475682 0.000005 22.037354 7.501082 0.000002 -0.000002 0.000000 -4.570003 11.014872 -2.160842 8.139209 -0.823338 12.992203 -16.407369 -21.246862 55.301036 -0.000007 4.193930 -0.000024 -5.528898 0.601684 -49.457980 -2.464796 -1.573998 2.681914 8.423951 18.064390 -8.813916 -8.289470 -6.851321 5.321190 -2.646269 -1.527811 1.527819 -1.399522 4.439465 3.696431 -1.994594 -1.151566 1.151575 0.000001 -0.000003 0.000001 -9.108294 -0.517871 2.259807 1.477128 2.236576 -9.726144 0.022403 -1.013756 2.204080 0.038736 1.663531 -4.358510 0.000000 -0.000000 -0.000000 -9.532497 0.000002 0.000003 -0.579321 -9.113317 -10.472627 0.034228 -0.814730 -0.000052 -0.000766 0.112731 -2.312091 0.000000 0.000001 -0.000000 -9.103594 -0.043105 -1.865098 -0.099300 -18.354668 0.481972 0.001903 -0.338865 0.000015 -0.028825 1.892881 -0.383828 -0.000001 0.000000 0.000000 -8.076704 -0.486719 -3.806294 2.561511 -27.459975 6.550404 -0.021069 -0.349160 5.236100 0.527915 3.350562 -12.046529 -0.000001 0.000001 0.000002 4.570399 11.014682 -2.160815 5.615159 -17.474904 -3.515807 -23.167969 15.567403 -63.069072 0.000007 -3.415272 0.000007 19.241797 -21.953145 48.887383 2.466101 -1.576202 2.681698 8.424074 -18.064271 8.813931 -8.289458 6.851330 -5.321183 2.647884 -1.528743 1.528756 -1.252675 -3.564455 -2.913374 1.998921 -1.154076 1.154073 -0.000001 0.000000 -0.000002 9.109306 -0.518007 2.259906 1.477149 -2.236595 9.726134 0.022398 1.013779 -2.204069 0.067509 -1.021940 8.035362 -0.000002 -0.000003 -0.000001 9.533401 0.000012 0.000004 -0.579306 9.113297 10.472632 0.034225 0.814748 -0.000042 0.018140 -0.317016 5.944539 -0.000000 -0.000001 -0.000001 9.104508 -0.043000 -1.865093 -0.099313 18.354650 -0.481933 0.001905 0.338875 0.000016 0.054433 0.103396 -1.132645 -0.000002 -0.000002 -0.000005 8.077808 -0.486900 -3.806293 2.561488 27.459995 -6.550352 -0.021071 0.349168 -5.236096 0.068236 -0.512842 13.661901 -0.000000 -0.000002 -0.000001 -8.207798 -6.751709 -1.599544 -7.732643 -8.099904 -2.060834 24.538730 -4.139782 -7.650044 -16.885635 18.427017 -1.335371 0.142711 -0.000797 0.282895 0.000000 0.000000 -0.000000 8.207799 -6.751698 -1.599543 -12.539849 30.043253 7.845098 24.505201 9.988072 -3.544571 -11.446893 5.841761 2.257422 -2.999718 -0.000012 0.000002 -0.000000 -0.000000 0.000000 
17.169304 101.693626 4.172846 -3.166455 -15.984395 -1.428010 -0.000002 10.181557 0.131525 4.215627 -2.507664 -0.632255 1.347542 -1.170338 0.529851 1.334898 -1.175563 0.545045 -0.000000 16.740339 -2.049018 4.056358 27.789991 -4.203662 -0.000002 9.617850 1.684996 -28.135979 27.476801 -7.692501 -0.000009 22.037369 7.501066 -0.000003 -0.000002 0.000002 -4.570000 11.014853 -2.160840 8.104859 -0.722057 12.858838 -16.953361 -21.805230 55.060279 -0.000005 4.445702 0.000005 -8.762974 0.037328 -50.077321 -2.464794 -1.573976 2.681907 8.423942 18.064404 -8.813907 -8.289477 -6.851344 5.321183 -2.646266 -1.527823 1.527814 -1.399517 4.439472 3.696430 -1.994601 -1.151581 1.151576 0.000006 0.000000 0.000001 -9.108303 -0.517868 2.259802 1.477121 2.236568 -9.726124 0.022404 -1.013749 2.204057 0.038733 1.663512 -4.358503 0.000000 -0.000000 0.000001 -9.532496 0.000023 0.000001 -0.579328 -9.113324 -10.472621 0.034230 -0.814758 -0.000041 -0.000769 0.112745 -2.312090 -0.000000 0.000001 -0.000001 -9.103591 -0.043093 -1.865103 -0.099304 -18.354648 0.481970 0.001899 -0.338864 -0.000060 -0.028819 1.892865 -0.383836 -0.000001 0.000002 -0.000001 -8.076695 -0.486690 -3.806297 2.561509 -27.459980 6.550402 -0.021065 -0.349164 5.236113 0.527902 3.350535 -12.046541 0.000000 -0.000001 -0.000002 4.570401 11.014651 -2.160812 5.608888 -17.424876 -3.613994 -21.198894 12.837291 -63.441877 -0.000015 -3.615975 -0.000016 21.945896 -21.844268 48.827923 2.466108 -1.576215 2.681697 8.424059 -18.064261 8.813925 -8.289461 6.851323 -5.321200 2.647887 -1.528755 1.528750 -1.252679 -3.564473 -2.913369 1.998924 -1.154089 1.154067 -0.000002 0.000002 0.000003 9.109310 -0.518005 2.259897 1.477145 -2.236597 9.726115 0.022405 1.013774 -2.204063 0.067508 -1.021948 8.035371 -0.000000 -0.000000 -0.000001 9.533413 0.000011 0.000000 -0.579303 9.113299 10.472644 0.034217 0.814747 0.000014 0.018146 -0.317018 5.944530 0.000002 0.000002 0.000002 9.104503 -0.042995 -1.865103 -0.099305 18.354643 -0.481940 0.001903 0.338857 -0.000013 0.054422 0.103379 -1.132634 -0.000001 -0.000000 0.000001 8.077818 -0.486893 -3.806298 2.561493 27.460002 -6.550361 -0.021077 0.349185 -5.236106 0.068250 -0.512856 13.661917 -0.000002 0.000001 -0.000002 -8.207802 -6.751712 -1.599544 -7.644899 -8.538151 -2.420880 24.572341 -3.325335 -7.666246 -16.883917 16.669085 -1.773715 0.139334 -0.000787 0.280685 0.000000 -0.000000 -0.000001 8.207798 -6.751709 -1.599542 -12.359349 30.094920 7.336118 24.351848 9.982434 -3.633550 -11.561905 4.434423 2.591853 -3.066963 -0.000012 0.000001 -0.000000 -0.000000 0.000000 
17.622135 101.687248 4.427259 -2.992173 -14.403896 -1.214178 0.000000 10.181551 0.131523 4.113066 -1.959018 -0.699317 1.309417 -0.962326 0.514067 1.299072 -0.967159 0.526387 -0.000001 16.740368 -2.049019 4.238183 27.118114 -4.553268 -0.000003 9.617848 1.684995 -27.948909 25.607856 -8.020420 0.000002 22.037369 7.501071 0.000001 -0.000002 0.000002 -4.569998 11.014877 -2.160841 8.077611 -0.654950 12.740277 -17.164586 -21.488441 54.690366 -0.000015 4.587488 0.000021 -10.736561 0.085258 -50.382631 -2.464791 -1.573990 2.681908 8.423948 18.064392 -8.813907 -8.289474 -6.851317 5.321183 -2.646273 -1.527797 1.527819 -1.399517 4.439460 3.696427 -1.994599 -1.151580 1.151577 -0.000001 -0.000007 0.000003 -9.108293 -0.517898 2.259803 1.477127 2.236581 -9.726124 0.022403 -1.013762 2.204057 0.038729 1.663511 -4.358503 0.000000 -0.000000 -0.000000 -9.532501 0.000021 0.000000 -0.579323 -9.113318 -10.472617 0.034227 -0.814727 0.000035 -0.000769 0.112738 -2.312093 -0.000000 -0.000001 -0.000001 -9.103600 -0.043119 -1.865096 -0.099299 -18.354653 0.481970 0.001901 -0.338864 0.000026 -0.028827 1.892876 -0.383840 0.000001 0.000000 -0.000001 -8.076698 -0.486717 -3.806300 2.561513 -27.459980 6.550415 -0.021068 -0.349148 5.236105 0.527908 3.350544 -12.046539 0.000000 -0.000002 -0.000003 4.570398 11.014678 -2.160815 5.606322 -17.327937 -3.711352 -19.232780 10.219265 -63.587395 0.000003 -3.761332 0.000019 24.935578 -21.868290 48.966456 2.466098 -1.576217 2.681692 8.424075 -18.064286 8.813925 -8.289471 6.851326 -5.321185 2.647885 -1.528743 1.528754 -1.252668 -3.564459 -2.913375 1.998921 -1.154087 1.154079 0.000001 -0.000003 -0.000002 9.109303 -0.518024 2.259896 1.477148 -2.236586 9.726136 0.022398 1.013754 -2.204064 0.067513 -1.021937 8.035356 -0.000000 -0.000002 -0.000000 9.533401 0.000002 -0.000001 -0.579300 9.113306 10.472647 0.034227 0.814741 -0.000091 0.018146 -0.316993 5.944529 0.000001 0.000000 0.000000 9.104500 -0.042996 -1.865111 -0.099307 18.354646 -0.481923 0.001895 0.338863 0.000080 0.054431 0.103382 -1.132642 0.000000 0.000002 0.000000 8.077803 -0.486882 -3.806304 2.561490 27.460021 -6.550361 -0.021066 0.349153 -5.236089 0.068236 -0.512839 13.661924 0.000001 -0.000001 0.000001 -8.207803 -6.751705 -1.599543 -7.501749 -9.047548 -2.809564 24.571508 -2.494753 -7.626646 -16.882583 14.845192 -2.248923 0.137768 -0.000803 0.281886 -0.000000 0.000001 0.000001 8.207798 -6.751697 -1.599543 -12.112249 30.084548 6.789172 24.149867 9.977160 -3.714349 -11.645296 2.958556 2.903748 -3.133573 -0.000014 0.000002 0.000000 -0.000002 -0.000000 
18.062687 101.683220 4.691238 -2.822369 -12.712501 -0.973550 0.000002 10.181552 0.131523 3.971378 -1.286661 -0.772333 1.251957 -0.703186 0.498555 1.244462 -0.707171 0.507521 -0.000001 16.740387 -2.049024 4.356458 26.311887 -4.837252 0.000001 9.617839 1.684997 -27.631255 23.631297 -8.495631 0.000008 22.037354 7.501059 0.000000 -0.000001 -0.000001 -4.570003 11.014877 -2.160841 8.061287 -0.633264 12.652781 -16.941022 -20.236005 54.220620 0.000002 4.613938 0.000018 -11.190853 0.696839 -50.227497 -2.464793 -1.573989 2.681905 8.423944 18.064396 -8.813926 -8.289465 -6.851336 5.321196 -2.646264 -1.527798 1.527810 -1.399521 4.439472 3.696432 -1.994604 -1.151585 1.151577 -0.000002 -0.000006 -0.000004 -9.108296 -0.517883 2.259803 1.477126 2.236576 -9.726141 0.022404 -1.013781 2.204067 0.038730 1.663522 -4.358500 -0.000001 0.000003 0.000001 -9.532500 -0.000004 -0.000002 -0.579333 -9.113328 -10.472623 0.034235 -0.814722 -0.000021 -0.000773 0.112732 -2.312086 -0.000000 -0.000002 0.000000 -9.103594 -0.043107 -1.865102 -0.099299 -18.354636 0.481973 0.001901 -0.338877 0.000018 -0.028824 1.892881 -0.383828 0.000001 0.000001 0.000001 -8.076693 -0.486707 -3.806301 2.561506 -27.459990 6.550414 -0.021069 -0.349156 5.236102 0.527909 3.350540 -12.046542 -0.000001 0.000001 0.000001 4.570398 11.014693 -2.160815 5.612409 -17.148083 -3.801992 -17.370552 7.918957 -63.497441 0.000003 -3.877664 -0.000002 28.014560 -22.162999 49.243721 2.466104 -1.576206 2.681695 8.424068 -18.064278 8.813925 -8.289462 6.851344 -5.321195 2.647886 -1.528712 1.528757 -1.252676 -3.564483 -2.913372 1.998917 -1.154089 1.154069 -0.000001 -0.000003 -0.000000 9.109295 -0.517990 2.259901 1.477150 -2.236599 9.726126 0.022398 1.013768 -2.204059 0.067513 -1.021936 8.035353 0.000002 0.000000 -0.000001 9.533406 0.000019 0.000005 -0.579304 9.113306 10.472639 0.034226 0.814734 -0.000051 0.018147 -0.317009 5.944545 0.000001 -0.000001 0.000000 9.104495 -0.042979 -1.865096 -0.099300 18.354643 -0.481933 0.001900 0.338867 -0.000047 0.054436 0.103376 -1.132628 0.000002 0.000001 -0.000000 8.077799 -0.486873 -3.806295 2.561494 27.459999 -6.550351 -0.021075 0.349170 -5.236098 0.068238 -0.512858 13.661912 -0.000000 -0.000001 -0.000000 -8.207799 -6.751715 -1.599542 -7.336568 -9.596322 -3.238639 24.563510 -1.701691 -7.544538 -16.895064 12.985538 -2.746504 0.136857 -0.000813 0.284781 -0.000000 0.000001 -0.000000 8.207801 -6.751693 -1.599545 -11.796176 30.020631 6.182277 23.898359 9.972092 -3.788581 -11.693057 1.432778 3.199872 -3.199540 0.000015 0.000001 -0.000000 -0.000002 0.000000 
18.493155 101.677773 4.957463 -2.659905 -10.928858 -0.698142 0.000000 10.181561 0.131524 3.776796 -0.529080 -0.870564 1.171196 -0.407902 0.480356 1.166775 -0.410591 0.485709 0.000002 16.740383 -2.049021 4.437610 25.408597 -5.071030 -0.000001 9.617869 1.684982 -27.171584 21.683784 -9.101434 0.000002 22.037384 7.501076 0.000000 -0.000002 -0.000000 -4.569997 11.014890 -2.160843 8.055600 -0.643861 12.606875 -16.282722 -18.125452 53.651153 0.000011 4.509282 0.000000 -10.292078 1.853048 -49.677810 -2.464802 -1.573994 2.681905 8.423953 18.064396 -8.813916 -8.289480 -6.851330 5.321187 -2.646248 -1.527801 1.527822 -1.399509 4.439464 3.696438 -1.994594 -1.151594 1.151576 0.000001 0.000000 0.000001 -9.108298 -0.517880 2.259804 1.477127 2.236595 -9.726125 0.022411 -1.013774 2.204058 0.038727 1.663514 -4.358505 0.000000 0.000004 -0.000001 -9.532505 0.000011 -0.000000 -0.579322 -9.113334 -10.472621 0.034218 -0.814744 0.000057 -0.000767 0.112744 -2.312090 0.000001 0.000001 -0.000001 -9.103607 -0.043095 -1.865096 -0.099302 -18.354643 0.481976 0.001901 -0.338870 0.000066 -0.028822 1.892884 -0.383825 -0.000001 -0.000003 -0.000003 -8.076706 -0.486720 -3.806295 2.561510 -27.459997 6.550397 -0.021075 -0.349171 5.236105 0.527909 3.350549 -12.046531 -0.000001 -0.000002 -0.000002 4.570402 11.014693 -2.160816 5.633839 -16.841805 -3.866732 -15.658361 6.043865 -63.212813 0.000002 -4.019988 -0.000004 30.939855 -22.846500 49.505092 2.466099 -1.576237 2.681695 8.424063 -18.064290 8.813919 -8.289464 6.851321 -5.321182 2.647885 -1.528740 1.528753 -1.252676 -3.564464 -2.913375 1.998921 -1.154093 1.154075 0.000001 0.000002 -0.000002 9.109304 -0.518023 2.259905 1.477147 -2.236599 9.726128 0.022398 1.013779 -2.204057 0.067508 -1.021946 8.035364 -0.000002 -0.000001 -0.000001 9.533397 0.000001 0.000002 -0.579310 9.113293 10.472639 0.034229 0.814720 0.000034 0.018151 -0.317014 5.944556 0.000001 -0.000000 -0.000000 9.104494 -0.042991 -1.865099 -0.099306 18.354627 -0.481929 0.001903 0.338874 -0.000018 0.054426 0.103383 -1.132623 0.000002 0.000003 -0.000001 8.077814 -0.486905 -3.806298 2.561490 27.459982 -6.550350 -0.021072 0.349182 -5.236101 0.068245 -0.512855 13.661917 0.000001 0.000002 -0.000001 -8.207802 -6.751696 -1.599543 -7.165193 -10.170912 -3.701164 24.561244 -1.032586 -7.453485 -16.938604 11.152344 -3.241159 0.131693 -0.000794 0.280590 -0.000000 0.000001 0.000000 8.207798 -6.751698 -1.599545 -11.417093 29.905850 5.511918 23.611278 9.967062 -3.857720 -11.710192 -0.127668 3.482954 -3.264847 0.000003 0.000001 -0.000000 -0.000000 0.000000 
18.911104 101.668724 5.222343 -2.511037 -9.071910 -0.397568 -0.000001 10.181549 0.131522 3.531747 0.256519 -1.004337 1.071004 -0.100295 0.456198 1.069510 -0.101430 0.458001 0.000000 16.740347 -2.049021 4.517205 24.448413 -5.267487 -0.000001 9.617860 1.684988 -26.550127 19.883333 -9.785697 -0.000006 22.037354 7.501061 0.000002 -0.000001 0.000003 -4.569999 11.014865 -2.160838 8.056879 -0.658845 12.602829 -15.323977 -15.395245 52.951373 -0.000002 4.256912 -0.000003 -8.516160 3.490785 -48.940228 -2.464795 -1.573987 2.681910 8.423955 18.064397 -8.813920 -8.289459 -6.851339 5.321198 -2.646264 -1.527812 1.527812 -1.399536 4.439475 3.696422 -1.994593 -1.151573 1.151569 0.000001 -0.000003 -0.000005 -9.108297 -0.517881 2.259804 1.477129 2.236588 -9.726136 0.022403 -1.013756 2.204080 0.038742 1.663515 -4.358514 0.000001 0.000003 0.000000 -9.532497 0.000004 0.000000 -0.579315 -9.113316 -10.472626 0.034227 -0.814755 0.000001 -0.000769 0.112735 -2.312089 -0.000000 0.000002 0.000001 -9.103595 -0.043106 -1.865099 -0.099304 -18.354650 0.481958 0.001902 -0.338865 0.000055 -0.028818 1.892881 -0.383835 0.000000 0.000000 0.000000 -8.076694 -0.486732 -3.806295 2.561513 -27.459995 6.550404 -0.021068 -0.349159 5.236099 0.527912 3.350547 -12.046538 -0.000001 -0.000004 -0.000000 4.570403 11.014696 -2.160815 5.674828 -16.379675 -3.889947 -14.103966 4.605483 -62.795509 -0.000006 -4.258682 -0.000004 33.484620 -23.991895 49.535916 2.466107 -1.576202 2.681696 8.424071 -18.064276 8.813913 -8.289468 6.851331 -5.321192 2.647883 -1.528733 1.528749 -1.252679 -3.564466 -2.913374 1.998925 -1.154092 1.154077 -0.000001 0.000005 -0.000000 9.109298 -0.518017 2.259904 1.477144 -2.236589 9.726119 0.022403 1.013758 -2.204072 0.067509 -1.021951 8.035344 0.000000 -0.000001 -0.000000 9.533414 0.000028 0.000005 -0.579312 9.113322 10.472623 0.034227 0.814738 0.000011 0.018147 -0.317023 5.944548 0.000000 0.000002 0.000001 9.104506 -0.042976 -1.865094 -0.099304 18.354663 -0.481952 0.001896 0.338868 -0.000042 0.054432 0.103385 -1.132639 0.000000 0.000001 0.000000 8.077819 -0.486877 -3.806297 2.561496 27.459997 -6.550367 -0.021075 0.349192 -5.236117 0.068246 -0.512865 13.661926 -0.000002 0.000002 -0.000001 -8.207804 -6.751711 -1.599544 -6.976477 -10.750721 -4.154559 24.548209 -0.619862 -7.406791 -17.021707 9.439439 -3.685403 0.118294 -0.000690 0.262757 -0.000000 0.000001 0.000001 8.207799 -6.751703 -1.599545 -10.989654 29.736895 4.799102 23.307865 9.962335 -3.922246 -11.704589 -1.705804 3.750201 -3.329454 0.000006 -0.000001 -0.000000 -0.000002 0.000000 
19.310049 101.657608 5.477282 -2.381746 -7.162635 -0.089883 -0.000000 10.181560 0.131522 3.261305 1.019868 -1.163620 0.962527 0.198143 0.425160 0.963507 0.198465 0.423773 0.000002 16.740385 -2.049020 4.606938 23.461375 -5.431605 0.000000 9.617871 1.684978 -25.808251 18.308749 -10.509262 0.000001 22.037369 7.501091 -0.000000 -0.000002 0.000002 -4.569995 11.014893 -2.160839 8.060612 -0.655982 12.630050 -14.298714 -12.380326 52.095011 0.000007 3.843293 -0.000002 -6.417350 5.424949 -48.238013 -2.464786 -1.573981 2.681904 8.423951 18.064401 -8.813918 -8.289466 -6.851332 5.321190 -2.646263 -1.527814 1.527819 -1.399534 4.439472 3.696422 -1.994586 -1.151581 1.151572 -0.000001 -0.000001 -0.000002 -9.108294 -0.517896 2.259802 1.477128 2.236580 -9.726137 0.022399 -1.013760 2.204059 0.038730 1.663512 -4.358494 0.000001 0.000002 0.000000 -9.532489 -0.000003 0.000001 -0.579335 -9.113329 -10.472625 0.034224 -0.814728 -0.000039 -0.000764 0.112732 -2.312086 0.000002 0.000000 -0.000000 -9.103594 -0.043111 -1.865100 -0.099312 -18.354651 0.481967 0.001907 -0.338849 -0.000086 -0.028824 1.892887 -0.383836 0.000001 0.000004 -0.000001 -8.076685 -0.486729 -3.806296 2.561513 -27.459980 6.550399 -0.021075 -0.349161 5.236110 0.527910 3.350540 -12.046543 -0.000001 0.000000 0.000001 4.570402 11.014701 -2.160814 5.733064 -15.769269 -3.878727 -12.704315 3.571464 -62.300047 0.000004 -4.640618 0.000003 35.500298 -25.583158 49.171430 2.466100 -1.576191 2.681692 8.424066 -18.064279 8.813925 -8.289460 6.851349 -5.321190 2.647881 -1.528745 1.528746 -1.252670 -3.564471 -2.913374 1.998929 -1.154092 1.154078 0.000003 -0.000000 -0.000002 9.109297 -0.518013 2.259903 1.477141 -2.236601 9.726110 0.022397 1.013746 -2.204078 0.067513 -1.021942 8.035357 0.000001 0.000001 0.000000 9.533407 0.000000 0.000002 -0.579312 9.113311 10.472618 0.034232 0.814748 0.000046 0.018142 -0.317014 5.944536 0.000001 0.000001 0.000001 9.104508 -0.042991 -1.865105 -0.099307 18.354663 -0.481950 0.001905 0.338874 0.000114 0.054431 0.103393 -1.132652 -0.000001 0.000001 0.000001 8.077806 -0.486905 -3.806301 2.561494 27.459990 -6.550375 -0.021067 0.349168 -5.236116 0.068238 -0.512850 13.661879 -0.000001 0.000001 -0.000000 -8.207803 -6.751706 -1.599544 -6.750012 -11.301501 -4.544928 24.494342 -0.574858 -7.438214 -17.130593 7.920634 -4.049837 0.102396 -0.000584 0.241793 -0.000000 0.000001 0.000001 8.207798 -6.751695 -1.599544 -10.535055 29.508941 4.076992 22.999520 9.958061 -3.982048 -11.676077 -3.282118 3.998782 -3.393347 -0.000007 0.000003 0.000000 -0.000002 -0.000000 
19.684187 101.649170 5.707269 -2.275586 -5.222559 0.207268 0.000001 10.181550 0.131525 3.003607 1.722160 -1.316754 0.859438 0.471229 0.391528 0.862301 0.472685 0.387478 -0.000000 16.740360 -2.049019 4.682251 22.465447 -5.564221 -0.000002 9.617846 1.684986 -25.037812 17.012179 -11.290125 0.000000 22.037369 7.501079 -0.000003 0.000002 -0.000000 -4.570001 11.014857 -2.160837 8.063976 -0.632777 12.672655 -13.454621 -9.396605 51.097991 -0.000008 3.268511 0.000005 -4.427075 7.369053 -47.734877 -2.464794 -1.573972 2.681911 8.423956 18.064382 -8.813911 -8.289466 -6.851340 5.321200 -2.646262 -1.527806 1.527815 -1.399527 4.439480 3.696422 -1.994599 -1.151589 1.151579 0.000001 -0.000001 0.000003 -9.108287 -0.517897 2.259803 1.477130 2.236576 -9.726136 0.022410 -1.013750 2.204065 0.038722 1.663517 -4.358500 0.000000 -0.000001 0.000000 -9.532497 0.000009 0.000001 -0.579324 -9.113318 -10.472620 0.034224 -0.814737 0.000002 -0.000766 0.112735 -2.312080 0.000001 -0.000001 -0.000000 -9.103601 -0.043103 -1.865099 -0.099304 -18.354650 0.481977 0.001913 -0.338849 -0.000004 -0.028835 1.892870 -0.383818 -0.000003 -0.000003 -0.000001 -8.076694 -0.486720 -3.806300 2.561509 -27.459988 6.550414 -0.021066 -0.349167 5.236099 0.527899 3.350554 -12.046535 0.000001 0.000004 -0.000000 4.570404 11.014670 -2.160813 5.799638 -15.062794 -3.864495 -11.457775 2.916659 -61.765032 0.000000 -5.159268 0.000012 36.959113 -27.464278 48.392727 2.466096 -1.576221 2.681694 8.424067 -18.064274 8.813928 -8.289462 6.851353 -5.321179 2.647886 -1.528735 1.528746 -1.252667 -3.564452 -2.913369 1.998932 -1.154089 1.154076 0.000001 0.000004 0.000003 9.109305 -0.518012 2.259902 1.477138 -2.236583 9.726137 0.022405 1.013749 -2.204049 0.067501 -1.021927 8.035357 0.000001 -0.000002 0.000000 9.533407 -0.000000 -0.000003 -0.579301 9.113299 10.472648 0.034228 0.814746 0.000080 0.018144 -0.317018 5.944540 -0.000001 0.000003 0.000000 9.104497 -0.042995 -1.865098 -0.099308 18.354653 -0.481931 0.001905 0.338852 -0.000005 0.054423 0.103399 -1.132640 0.000001 -0.000002 -0.000003 8.077805 -0.486897 -3.806297 2.561488 27.459999 -6.550346 -0.021074 0.349157 -5.236104 0.068246 -0.512845 13.661928 -0.000000 -0.000001 -0.000000 -8.207801 -6.751699 -1.599543 -6.477270 -11.793688 -4.834346 24.387921 -0.869567 -7.541000 -17.232159 6.554934 -4.373523 0.096223 -0.000577 0.239825 -0.000000 0.000001 0.000001 8.207800 -6.751693 -1.599545 -10.074779 29.221718 3.364698 22.653840 9.593227 -4.036350 -11.604672 -4.482886 4.319147 -3.456512 -0.000023 -0.000001 -0.000000 -0.000002 -0.000000 
20.030617 101.647583 5.898545 -2.193382 -3.272722 0.482278 -0.000001 10.181547 0.131524 2.789192 2.328472 -1.427976 0.771892 0.705543 0.363443 0.776054 0.707789 0.357308 0.000003 16.740366 -2.049022 4.705505 21.473392 -5.664688 -0.000005 9.617843 1.684976 -24.306029 16.045603 -12.197138 0.000000 22.037384 7.501060 0.000001 -0.000003 -0.000000 -4.569999 11.014888 -2.160840 8.067021 -0.603073 12.718877 -12.960009 -6.641749 50.025818 0.000001 2.566898 -0.000009 -2.773929 9.044005 -47.528797 -2.464791 -1.573979 2.681910 8.423939 18.064401 -8.813913 -8.289452 -6.851340 5.321202 -2.646271 -1.527792 1.527819 -1.399525 4.439475 3.696416 -1.994586 -1.151582 1.151578 0.000001 0.000002 0.000001 -9.108295 -0.517875 2.259806 1.477122 2.236587 -9.726129 0.022408 -1.013755 2.204059 0.038732 1.663511 -4.358499 -0.000001 -0.000000 0.000000 -9.532498 0.000002 0.000003 -0.579321 -9.113309 -10.472623 0.034223 -0.814754 0.000016 -0.000763 0.112744 -2.312098 0.000002 -0.000000 -0.000000 -9.103602 -0.043110 -1.865095 -0.099303 -18.354655 0.481971 0.001898 -0.338854 -0.000118 -0.028821 1.892875 -0.383836 0.000001 0.000001 0.000000 -8.076685 -0.486733 -3.806293 2.561508 -27.459975 6.550402 -0.021063 -0.349186 5.236107 0.527903 3.350558 -12.046542 0.000002 0.000002 -0.000003 4.570402 11.014683 -2.160815 5.863864 -14.339753 -3.881815 -10.355362 2.637830 -61.224422 0.000003 -5.766553 -0.000004 37.944682 -29.337630 47.312375 2.466108 -1.576211 2.681690 8.424055 -18.064285 8.813913 -8.289480 6.851300 -5.321181 2.647892 -1.528736 1.528740 -1.252688 -3.564459 -2.913375 1.998929 -1.154079 1.154074 -0.000004 0.000001 -0.000002 9.109306 -0.518006 2.259896 1.477161 -2.236613 9.726176 0.022403 1.013764 -2.204017 0.067506 -1.021960 8.035370 -0.000001 -0.000003 -0.000001 9.533398 0.000001 0.000002 -0.579305 9.113299 10.472684 0.034235 0.814732 0.000007 0.018137 -0.317008 5.944561 -0.000000 -0.000001 -0.000000 9.104516 -0.043000 -1.865103 -0.099319 18.354639 -0.481884 0.001901 0.338866 0.000015 0.054433 0.103378 -1.132596 0.000002 -0.000001 -0.000002 8.077808 -0.486894 -3.806307 2.561476 27.459995 -6.550291 -0.021083 0.349172 -5.236035 0.068249 -0.512857 13.661966 0.000000 0.000001 0.000001 -8.207802 -6.751724 -1.599542 -6.170922 -12.216849 -5.013162 24.254676 -1.346366 -7.676293 -17.299242 5.198843 -4.772546 0.092232 -0.000600 0.243854 -0.000000 0.000000 0.000001 8.207799 -6.751700 -1.599542 -9.624291 28.877159 2.674233 22.246990 8.645975 -4.085782 -11.470720 -5.071461 4.767852 -3.518905 0.000001 0.000003 -0.000000 -0.000000 0.000000 
20.347895 101.653137 6.043237 -2.133764 -1.334072 0.734356 -0.000000 10.181550 0.131525 2.625866 2.813608 -1.483588 0.702790 0.892196 0.346678 0.707751 0.895000 0.339003 0.000001 16.740368 -2.049023 4.658061 20.496568 -5.727832 0.000001 9.617860 1.684980 -23.614874 15.459804 -13.289359 -0.000003 22.037369 7.501075 -0.000001 -0.000002 0.000002 -4.569997 11.014896 -2.160842 8.071799 -0.582442 12.768820 -12.850659 -4.165992 48.968864 -0.000005 1.819589 0.000017 -1.508658 10.286375 -47.663440 -2.464787 -1.573982 2.681911 8.423959 18.064402 -8.813920 -8.289477 -6.851338 5.321183 -2.646261 -1.527811 1.527820 -1.399529 4.439469 3.696425 -1.994593 -1.151561 1.151581 0.000003 0.000003 -0.000002 -9.108301 -0.517871 2.259805 1.477121 2.236590 -9.726145 0.022403 -1.013752 2.204063 0.038731 1.663501 -4.358494 0.000000 0.000000 0.000000 -9.532492 0.000004 0.000001 -0.579329 -9.113315 -10.472629 0.034224 -0.814748 -0.000080 -0.000766 0.112743 -2.312098 -0.000002 0.000000 0.000000 -9.103600 -0.043109 -1.865097 -0.099314 -18.354643 0.481957 0.001908 -0.338866 -0.000009 -0.028823 1.892872 -0.383819 -0.000001 -0.000000 -0.000002 -8.076685 -0.486724 -3.806295 2.561506 -27.459978 6.550394 -0.021077 -0.349170 5.236113 0.527917 3.350536 -12.046538 -0.000001 -0.000001 0.000002 4.570402 11.014714 -2.160817 5.917891 -13.673931 -3.945248 -9.368404 2.738564 -60.719828 -0.000006 -6.422045 0.000011 38.566445 -30.845216 46.045522 2.466097 -1.576195 2.681697 8.424057 -18.064273 8.813927 -8.289463 6.851325 -5.321192 2.647883 -1.528729 1.528757 -1.252679 -3.564466 -2.913367 1.998915 -1.154082 1.154078 0.000001 0.000000 0.000007 9.109295 -0.517982 2.259903 1.477137 -2.236572 9.726133 0.022408 1.013751 -2.204045 0.067508 -1.021964 8.035350 -0.000001 -0.000001 -0.000000 9.533417 0.000029 0.000002 -0.579309 9.113299 10.472638 0.034225 0.814731 -0.000036 0.018139 -0.317004 5.944546 -0.000001 0.000001 0.000001 9.104508 -0.042976 -1.865094 -0.099311 18.354648 -0.481916 0.001903 0.338866 -0.000056 0.054428 0.103375 -1.132620 0.000001 0.000001 -0.000001 8.077809 -0.486874 -3.806299 2.561476 27.459995 -6.550341 -0.021071 0.349169 -5.236084 0.068244 -0.512840 13.661924 -0.000001 -0.000003 -0.000000 -8.207802 -6.751711 -1.599543 -5.865166 -12.573739 -5.099396 24.147563 -1.891414 -7.798756 -17.335034 3.765431 -5.374720 0.039926 -0.000266 0.162073 0.000000 -0.000002 -0.000000 8.207802 -6.751706 -1.599542 -9.193057 28.477099 2.019555 21.805823 7.470632 -4.132911 -11.276216 -5.376071 5.260229 -3.580534 -0.000011 0.000002 0.000000 -0.000002 0.000000 
20.635170 101.661957 6.136360 -2.094323 0.572077 0.972757 -0.000002 10.181543 0.131522 2.503201 3.178862 -1.499964 0.649189 1.032788 0.339741 0.654574 1.035996 0.330970 0.000000 16.740353 -2.049018 4.548452 19.541561 -5.745468 -0.000002 9.617832 1.684990 -22.933468 15.266957 -14.557023 -0.000005 22.037399 7.501078 0.000002 -0.000001 0.000001 -4.569999 11.014877 -2.160838 8.081063 -0.577654 12.833987 -13.046964 -1.916271 48.010592 -0.000004 1.136892 -0.000001 -0.564659 11.080942 -48.117201 -2.464796 -1.573983 2.681909 8.423940 18.064384 -8.813916 -8.289466 -6.851333 5.321205 -2.646254 -1.527824 1.527824 -1.399522 4.439474 3.696428 -1.994598 -1.151563 1.151575 0.000001 -0.000003 -0.000000 -9.108299 -0.517898 2.259806 1.477124 2.236567 -9.726121 0.022397 -1.013756 2.204067 0.038732 1.663522 -4.358518 -0.000001 -0.000000 -0.000000 -9.532497 0.000010 0.000000 -0.579332 -9.113331 -10.472618 0.034227 -0.814735 0.000044 -0.000768 0.112735 -2.312082 -0.000000 0.000000 0.000000 -9.103608 -0.043105 -1.865099 -0.099313 -18.354668 0.481978 0.001904 -0.338851 -0.000010 -0.028825 1.892867 -0.383808 0.000002 0.000001 -0.000000 -8.076696 -0.486723 -3.806298 2.561506 -27.460009 6.550418 -0.021069 -0.349169 5.236108 0.527910 3.350552 -12.046543 -0.000001 0.000000 0.000001 4.570401 11.014670 -2.160814 5.958839 -13.106310 -4.044833 -8.454276 3.212205 -60.297374 0.000006 -7.138308 -0.000004 38.833744 -31.696053 44.575884 2.466101 -1.576191 2.681689 8.424116 -18.064221 8.813944 -8.289433 6.851403 -5.321185 2.647873 -1.528750 1.528757 -1.252673 -3.564430 -2.913358 1.998913 -1.154088 1.154074 0.000000 0.000002 0.000002 9.109293 -0.518002 2.259899 1.477131 -2.236576 9.726009 0.022400 1.013770 -2.204197 0.067506 -1.021942 8.035280 -0.000001 -0.000002 -0.000001 9.533407 0.000022 -0.000005 -0.579298 9.113299 10.472506 0.034224 0.814774 0.000038 0.018144 -0.317013 5.944464 -0.000000 0.000004 0.000001 9.104505 -0.042979 -1.865102 -0.099272 18.354634 -0.482084 0.001902 0.338891 0.000059 0.054431 0.103387 -1.132718 -0.000002 -0.000002 -0.000000 8.077814 -0.486887 -3.806309 2.561542 27.459980 -6.550532 -0.021080 0.349206 -5.236314 0.068243 -0.512846 13.661812 -0.000001 0.000002 -0.000001 -8.207803 -6.751708 -1.599546 -5.601772 -12.862340 -5.117081 24.116546 -2.520979 -7.891404 -17.365022 2.289100 -6.248473 -0.205480 -0.000004 0.000004 0.000000 -0.000001 0.000001 8.207797 -6.751712 -1.599547 -8.791122 28.026525 1.403332 21.366766 6.354010 -4.180141 -11.035685 -5.660626 5.729162 -3.641341 -0.000000 0.000001 -0.000000 -0.000000 0.000000 
20.892691 101.669434 6.174244 -2.073016 2.423847 1.211085 0.000001 10.181545 0.131524 2.409675 3.454180 -1.504561 0.607364 1.139790 0.336911 0.612928 1.143330 0.327311 0.000001 16.740353 -2.049019 4.397402 18.607117 -5.719291 -0.000001 9.617849 1.684982 -22.240781 15.408509 -15.922295 -0.000005 22.037384 7.501069 0.000000 -0.000001 0.000001 -4.570000 11.014877 -2.160839 8.096984 -0.587968 12.929608 -13.425284 0.188556 47.211094 -0.000001 0.614256 0.000003 0.198151 11.506196 -48.792242 -2.464789 -1.573982 2.681911 8.423951 18.064392 -8.813917 -8.289469 -6.851325 5.321187 -2.646253 -1.527821 1.527820 -1.399538 4.439462 3.696428 -1.994598 -1.151571 1.151573 0.000001 -0.000006 -0.000000 -9.108297 -0.517875 2.259805 1.477128 2.236585 -9.726128 0.022405 -1.013754 2.204054 0.038724 1.663513 -4.358498 -0.000001 -0.000001 0.000000 -9.532496 0.000014 0.000002 -0.579330 -9.113315 -10.472613 0.034232 -0.814745 -0.000001 -0.000771 0.112749 -2.312100 0.000001 0.000000 0.000000 -9.103602 -0.043075 -1.865094 -0.099301 -18.354643 0.481961 0.001903 -0.338876 0.000078 -0.028817 1.892890 -0.383840 -0.000002 -0.000000 -0.000000 -8.076696 -0.486700 -3.806293 2.561505 -27.459978 6.550410 -0.021064 -0.349164 5.236099 0.527914 3.350552 -12.046545 -0.000002 -0.000001 0.000000 4.570399 11.014686 -2.160817 5.987874 -12.640224 -4.164817 -7.581461 4.038995 -59.994264 -0.000003 -7.978657 -0.000001 38.595384 -31.762043 42.758763 2.466102 -1.576200 2.681700 8.424113 -18.064232 8.813941 -8.289446 6.851409 -5.321190 2.647888 -1.528751 1.528754 -1.252654 -3.564408 -2.913351 1.998914 -1.154065 1.154077 -0.000000 0.000003 -0.000002 9.109304 -0.517999 2.259899 1.477127 -2.236576 9.726001 0.022401 1.013768 -2.204190 0.067501 -1.021922 8.035273 -0.000005 0.000002 0.000001 9.533402 0.000009 0.000006 -0.579296 9.113308 10.472477 0.034231 0.814749 0.000095 0.018148 -0.317005 5.944454 -0.000000 0.000003 0.000001 9.104500 -0.042979 -1.865098 -0.099273 18.354646 -0.482089 0.001903 0.338884 0.000002 0.054437 0.103385 -1.132704 -0.000000 -0.000003 -0.000002 8.077803 -0.486904 -3.806297 2.561538 27.459964 -6.550543 -0.021074 0.349198 -5.236316 0.068235 -0.512837 13.661790 -0.000000 0.000006 0.000001 -8.207801 -6.751723 -1.599544 -5.410376 -13.075989 -5.086259 24.190286 -3.247667 -7.962326 -17.409223 0.801556 -7.413556 -0.853834 0.000001 -0.000001 0.000000 -0.000000 0.000002 8.207804 -6.751711 -1.599546 -8.424917 27.533000 0.815069 20.950473 5.375914 -4.228427 -10.760816 -5.986312 6.159754 -3.701330 -0.000011 0.000002 0.000000 0.000001 0.000000 
21.122101 101.671211 6.159509 -2.068890 4.199585 1.456414 0.000001 10.181542 0.131526 2.341475 3.679163 -1.506230 0.575784 1.228788 0.336622 0.581455 1.232864 0.326254 0.000001 16.740381 -2.049024 4.223614 17.687075 -5.670029 -0.000000 9.617841 1.684992 -21.519761 15.770806 -17.294498 -0.000000 22.037399 7.501066 0.000003 -0.000001 -0.000001 -4.569997 11.014907 -2.160843 8.120881 -0.612269 13.064677 -13.888311 2.200930 46.609986 0.000005 0.294671 0.000014 0.965670 11.642052 -49.538734 -2.464799 -1.573996 2.681907 8.423953 18.064378 -8.813902 -8.289473 -6.851327 5.321184 -2.646264 -1.527826 1.527821 -1.399525 4.439467 3.696430 -1.994597 -1.151584 1.151573 0.000000 -0.000001 -0.000000 -9.108295 -0.517887 2.259805 1.477126 2.236565 -9.726119 0.022405 -1.013749 2.204067 0.038734 1.663518 -4.358501 -0.000000 -0.000001 0.000000 -9.532495 0.000003 0.000002 -0.579326 -9.113322 -10.472615 0.034229 -0.814745 -0.000067 -0.000767 0.112735 -2.312085 0.000000 0.000001 0.000000 -9.103605 -0.043116 -1.865099 -0.099289 -18.354646 0.481975 0.001895 -0.338872 -0.000026 -0.028819 1.892877 -0.383841 0.000001 0.000000 -0.000001 -8.076691 -0.486710 -3.806296 2.561520 -27.460014 6.550428 -0.021074 -0.349169 5.236105 0.527912 3.350549 -12.046542 -0.000000 -0.000001 -0.000000 4.570402 11.014686 -2.160816 6.008307 -12.255303 -4.302288 -6.753357 5.189670 -59.833120 0.000005 -9.004775 -0.000005 37.602790 -31.079649 40.484573 2.466089 -1.576192 2.681694 8.423969 -18.064389 8.813881 -8.289528 6.851148 -5.321216 2.647881 -1.528725 1.528756 -1.252689 -3.564545 -2.913398 1.998920 -1.154092 1.154073 0.000001 0.000000 0.000005 9.109290 -0.518001 2.259901 1.477188 -2.236648 9.726399 0.022405 1.013738 -2.203753 0.067509 -1.021964 8.035522 -0.000001 0.000003 0.000002 9.533392 0.000003 -0.000002 -0.579334 9.113293 10.472967 0.034233 0.814749 -0.000014 0.018143 -0.317035 5.944717 0.000001 -0.000000 0.000000 9.104491 -0.042982 -1.865098 -0.099386 18.354682 -0.481592 0.001901 0.338860 -0.000042 0.054421 0.103365 -1.132463 -0.000000 0.000001 0.000002 8.077801 -0.486891 -3.806303 2.561351 27.460057 -6.549954 -0.021077 0.349127 -5.235621 0.068249 -0.512886 13.662205 -0.000000 0.000002 -0.000001 -8.207798 -6.751703 -1.599543 -5.577778 -13.160369 -5.146249 24.861083 -3.570607 -8.083334 -16.913471 -0.988534 -7.782168 -1.763528 -0.000002 -0.000012 -0.000000 0.000000 0.000001 8.207803 -6.751712 -1.599544 -8.100962 27.002975 0.248151 20.572760 4.502171 -4.279274 -10.466515 -6.302968 6.562819 -3.760472 -0.000026 -0.000000 -0.000000 -0.000002 0.000000 
21.326885 101.667931 6.103789 -2.081418 5.879488 1.706840 0.000001 10.181558 0.131524 2.295353 3.886439 -1.495964 0.553005 1.312143 0.345249 0.558853 1.317460 0.333980 -0.000002 16.740372 -2.049020 4.040854 16.774313 -5.623279 -0.000003 9.617852 1.684976 -20.728169 16.238133 -18.622659 -0.000006 22.037399 7.501068 0.000000 -0.000002 0.000001 -4.570001 11.014902 -2.160839 8.152861 -0.650798 13.239500 -14.387254 4.128457 46.235750 0.000000 0.166833 -0.000005 1.933102 11.512940 -50.213000 -2.464796 -1.574007 2.681909 8.423957 18.064406 -8.813919 -8.289463 -6.851346 5.321192 -2.646265 -1.527816 1.527819 -1.399519 4.439468 3.696436 -1.994594 -1.151580 1.151582 0.000003 -0.000007 0.000001 -9.108299 -0.517895 2.259804 1.477133 2.236583 -9.726136 0.022401 -1.013749 2.204058 0.038730 1.663516 -4.358496 0.000000 0.000000 -0.000000 -9.532500 0.000025 -0.000000 -0.579309 -9.113315 -10.472637 0.034222 -0.814741 0.000021 -0.000765 0.112740 -2.312084 -0.000001 0.000001 0.000000 -9.103601 -0.043112 -1.865100 -0.099299 -18.354644 0.481967 0.001906 -0.338858 0.000028 -0.028822 1.892877 -0.383825 -0.000002 0.000000 0.000000 -8.076705 -0.486707 -3.806297 2.561510 -27.460000 6.550408 -0.021066 -0.349153 5.236093 0.527904 3.350543 -12.046546 -0.000001 -0.000000 -0.000000 4.570398 11.014687 -2.160813 6.023436 -11.924087 -4.466643 -6.009449 6.623333 -59.833284 -0.000002 -10.215323 -0.000008 35.620785 -29.762276 37.855319 2.466105 -1.576208 2.681695 8.423870 -18.064525 8.813871 -8.289604 6.850939 -5.321273 2.647887 -1.528737 1.528751 -1.252735 -3.564649 -2.913423 1.998921 -1.154083 1.154074 0.000005 0.000004 0.000001 9.109296 -0.517996 2.259900 1.477222 -2.236716 9.726701 0.022402 1.013699 -2.203450 0.067521 -1.021983 8.035722 0.000002 0.000003 -0.000000 9.533400 0.000003 -0.000001 -0.579372 9.113262 10.473333 0.034231 0.814742 -0.000072 0.018151 -0.317050 5.944892 -0.000000 0.000002 -0.000000 9.104504 -0.042993 -1.865102 -0.099485 18.354704 -0.481205 0.001906 0.338855 -0.000024 0.054422 0.103354 -1.132301 -0.000002 -0.000000 -0.000002 8.077814 -0.486896 -3.806297 2.561181 27.460122 -6.549497 -0.021073 0.349074 -5.235070 0.068255 -0.512912 13.662497 0.000000 -0.000002 -0.000004 -8.207801 -6.751710 -1.599543 -5.891481 -13.161866 -5.243282 25.751266 -3.873648 -8.211119 -16.235862 -2.735403 -7.874099 -2.801607 -0.000001 0.000011 0.000000 -0.000000 0.000001 8.207801 -6.751692 -1.599544 -7.812314 26.440260 -0.300387 20.230404 3.720239 -4.331130 -10.163247 -6.581657 6.940241 -3.818754 0.000018 0.000000 -0.000000 -0.000000 0.000000 
21.513157 101.662613 6.020312 -2.108383 7.445814 1.950134 0.000000 10.181559 0.131525 2.259106 4.104781 -1.469610 0.534442 1.400735 0.371698 0.540622 1.408527 0.359250 0.000003 16.740368 -2.049020 3.856922 15.860633 -5.582322 -0.000001 9.617849 1.684979 -19.806220 16.735888 -19.901920 -0.000005 22.037384 7.501063 0.000000 0.000000 0.000002 -4.569996 11.014909 -2.160839 8.191899 -0.699768 13.449922 -14.898799 5.951434 46.108910 -0.000006 0.194426 -0.000004 3.256818 11.104592 -50.728775 -2.464803 -1.573988 2.681905 8.423949 18.064404 -8.813917 -8.289472 -6.851340 5.321192 -2.646257 -1.527814 1.527822 -1.399512 4.439471 3.696417 -1.994590 -1.151571 1.151572 -0.000007 -0.000005 -0.000000 -9.108297 -0.517885 2.259802 1.477131 2.236592 -9.726133 0.022406 -1.013771 2.204068 0.038727 1.663523 -4.358506 -0.000000 -0.000001 0.000000 -9.532499 0.000009 -0.000002 -0.579317 -9.113305 -10.472617 0.034222 -0.814755 0.000031 -0.000767 0.112741 -2.312084 0.000001 -0.000001 0.000000 -9.103597 -0.043095 -1.865102 -0.099303 -18.354648 0.481975 0.001910 -0.338849 0.000072 -0.028826 1.892876 -0.383828 -0.000000 -0.000001 0.000001 -8.076706 -0.486707 -3.806296 2.561510 -27.459990 6.550408 -0.021066 -0.349157 5.236117 0.527909 3.350542 -12.046547 -0.000001 -0.000000 -0.000001 4.570401 11.014678 -2.160816 6.035600 -11.618996 -4.660352 -5.402807 8.281341 -60.026783 -0.000006 -11.526439 -0.000001 32.491627 -27.906314 35.200842 2.466092 -1.576186 2.681701 8.424208 -18.064114 8.813983 -8.289367 6.851616 -5.321130 2.647900 -1.528750 1.528756 -1.252638 -3.564336 -2.913344 1.998905 -1.154092 1.154077 0.000005 0.000004 0.000005 9.109290 -0.518009 2.259899 1.477082 -2.236498 9.725730 0.022406 1.013808 -2.204521 0.067502 -1.021918 8.035106 -0.000003 -0.000002 -0.000002 9.533390 0.000001 -0.000002 -0.579262 9.113331 10.472143 0.034227 0.814808 0.000146 0.018139 -0.316986 5.944284 0.000000 0.000003 0.000001 9.104492 -0.042997 -1.865103 -0.099193 18.354617 -0.482455 0.001914 0.338936 0.000034 0.054436 0.103399 -1.132877 0.000000 0.000002 0.000003 8.077805 -0.486888 -3.806298 2.561680 27.459922 -6.550969 -0.021085 0.349250 -5.236854 0.068247 -0.512823 13.661522 -0.000001 0.000001 0.000002 -8.207800 -6.751712 -1.599543 -6.225316 -13.109217 -5.346306 26.583923 -4.637759 -8.343763 -15.526594 -3.956663 -7.796586 -3.831434 -0.000004 -0.000009 0.000000 0.000001 0.000001 8.207801 -6.751701 -1.599544 -7.552716 25.846846 -0.824173 19.915372 3.054299 -4.380223 -9.859830 -6.831374 7.284702 -3.876129 -0.000011 0.000002 -0.000000 -0.000001 0.000000 
21.688341 101.655060 5.914162 -2.145013 8.879254 2.165616 -0.000000 10.181561 0.131523 2.214948 4.366881 -1.433965 0.513748 1.507745 0.419869 0.520407 1.519514 0.405870 -0.000000 16.740368 -2.049021 3.671003 14.937144 -5.521571 -0.000006 9.617887 1.684975 -18.722790 17.238824 -21.142472 0.000001 22.037369 7.501071 0.000001 -0.000004 0.000002 -4.570000 11.014888 -2.160842 8.235889 -0.746513 13.693175 -15.399013 7.649120 46.238161 0.000009 0.343902 -0.000008 5.019552 10.426332 -51.064752 -2.464795 -1.573987 2.681904 8.423955 18.064396 -8.813918 -8.289475 -6.851328 5.321193 -2.646257 -1.527812 1.527822 -1.399519 4.439475 3.696442 -1.994602 -1.151580 1.151576 0.000003 -0.000005 0.000001 -9.108295 -0.517898 2.259802 1.477122 2.236584 -9.726130 0.022406 -1.013758 2.204058 0.038735 1.663508 -4.358500 -0.000001 0.000003 0.000000 -9.532497 0.000005 0.000001 -0.579325 -9.113322 -10.472626 0.034223 -0.814739 -0.000016 -0.000772 0.112737 -2.312088 -0.000001 0.000002 -0.000000 -9.103608 -0.043091 -1.865098 -0.099305 -18.354646 0.481970 0.001901 -0.338875 0.000009 -0.028819 1.892893 -0.383841 0.000000 0.000002 -0.000000 -8.076705 -0.486718 -3.806297 2.561503 -27.459999 6.550402 -0.021066 -0.349173 5.236115 0.527908 3.350552 -12.046542 0.000001 0.000000 0.000001 4.570399 11.014679 -2.160815 6.045817 -11.312619 -4.866218 -4.970942 10.089902 -60.460432 -0.000007 -12.809352 -0.000012 28.155199 -25.568473 32.900967 2.466092 -1.576215 2.681697 8.424753 -18.063391 8.814167 -8.288937 6.852755 -5.320953 2.647890 -1.528752 1.528750 -1.252485 -3.563807 -2.913219 1.998929 -1.154089 1.154084 0.000002 0.000000 -0.000002 9.109296 -0.518025 2.259901 1.476862 -2.236135 9.724079 0.022413 1.013998 -2.206327 0.067486 -1.021808 8.034089 -0.000001 0.000000 -0.000003 9.533401 0.000000 -0.000001 -0.579116 9.113427 10.470120 0.034221 0.815053 -0.000093 0.018137 -0.316895 5.943275 0.000002 -0.000000 -0.000002 9.104489 -0.042992 -1.865100 -0.098715 18.354475 -0.484555 0.001943 0.339222 0.000072 0.054441 0.103517 -1.133906 -0.000002 0.000001 0.000001 8.077803 -0.486881 -3.806299 2.562382 27.459570 -6.553438 -0.021063 0.349540 -5.239785 0.068209 -0.512651 13.659834 -0.000001 0.000000 0.000002 -8.207800 -6.751693 -1.599543 -6.535317 -13.036545 -5.438223 27.261440 -5.893229 -8.485008 -14.834959 -4.555945 -7.578191 -4.771268 -0.000000 0.000009 0.000001 -0.000001 0.000001 8.207799 -6.751682 -1.599543 -7.340660 25.224939 -1.301010 19.646237 2.530543 -4.425605 -9.573966 -7.063622 7.592620 -3.932569 -0.000024 -0.000002 0.000000 -0.000000 0.000000 
21.855080 101.644073 5.782615 -2.187941 10.152964 2.355877 0.000002 10.181538 0.131525 2.153021 4.701973 -1.401345 0.487718 1.645694 0.488093 0.494940 1.662915 0.472154 -0.000001 16.740370 -2.049019 3.478178 14.000553 -5.412708 -0.000006 9.617840 1.684983 -17.503613 17.760553 -22.340915 -0.000008 22.037384 7.501080 0.000003 -0.000001 0.000002 -4.570002 11.014874 -2.160841 8.282101 -0.773283 13.967836 -15.864969 9.216796 46.618049 -0.000003 0.588796 0.000005 7.229999 9.555179 -51.226521 -2.464796 -1.573987 2.681910 8.423940 18.064389 -8.813915 -8.289466 -6.851344 5.321194 -2.646265 -1.527813 1.527813 -1.399521 4.439475 3.696432 -1.994589 -1.151580 1.151571 0.000004 0.000002 -0.000001 -9.108304 -0.517891 2.259802 1.477121 2.236574 -9.726126 0.022405 -1.013749 2.204058 0.038729 1.663513 -4.358500 0.000001 0.000001 0.000000 -9.532500 0.000003 0.000002 -0.579329 -9.113314 -10.472616 0.034228 -0.814743 0.000023 -0.000771 0.112742 -2.312093 -0.000001 0.000001 -0.000000 -9.103616 -0.043105 -1.865099 -0.099311 -18.354660 0.481968 0.001908 -0.338857 -0.000010 -0.028820 1.892880 -0.383832 -0.000000 0.000001 -0.000000 -8.076695 -0.486711 -3.806299 2.561500 -27.459990 6.550403 -0.021069 -0.349169 5.236102 0.527913 3.350541 -12.046530 0.000001 -0.000000 0.000001 4.570400 11.014711 -2.160815 6.054079 -10.980472 -5.055488 -4.716517 11.976486 -61.179732 0.000010 -13.956137 -0.000001 22.650340 -22.796310 31.140301 2.466101 -1.576210 2.681695 8.424156 -18.064163 8.813950 -8.289410 6.851539 -5.321158 2.647891 -1.528752 1.528753 -1.252642 -3.564363 -2.913344 1.998922 -1.154083 1.154068 -0.000004 0.000003 -0.000002 9.109298 -0.518013 2.259896 1.477106 -2.236539 9.725872 0.022412 1.013787 -2.204366 0.067508 -1.021923 8.035179 -0.000002 -0.000001 0.000001 9.533400 0.000002 -0.000001 -0.579278 9.113310 10.472303 0.034229 0.814780 -0.000115 0.018141 -0.316988 5.944359 -0.000001 -0.000000 0.000003 9.104506 -0.042994 -1.865101 -0.099229 18.354614 -0.482272 0.001905 0.338916 0.000050 0.054438 0.103397 -1.132809 0.000002 -0.000001 0.000007 8.077795 -0.486881 -3.806306 2.561603 27.459910 -6.550752 -0.021077 0.349227 -5.236579 0.068234 -0.512816 13.661615 -0.000000 -0.000000 0.000005 -8.207799 -6.751722 -1.599544 -6.824432 -12.981533 -5.527969 27.853018 -6.980755 -8.610639 -14.207961 -5.088091 -7.405517 -5.580695 -0.000001 -0.000002 0.000001 -0.000001 -0.000002 8.207801 -6.751719 -1.599543 -7.178080 24.580271 -1.737239 19.425379 2.169867 -4.468478 -9.310477 -7.277130 7.865276 -3.988065 0.000005 -0.000000 0.000000 -0.000002 0.000000 
22.009445 101.630836 5.625054 -2.239872 11.234968 2.557220 -0.000002 10.181541 0.131522 2.076013 5.117469 -1.370147 0.458108 1.818523 0.575055 0.465900 1.842518 0.556850 -0.000002 16.740377 -2.049023 3.280565 13.061754 -5.254915 -0.000005 9.617878 1.684988 -16.204822 18.344466 -23.480054 -0.000001 22.037384 7.501068 0.000003 -0.000002 0.000001 -4.570003 11.014881 -2.160842 8.327839 -0.767712 14.269128 -16.292378 10.667964 47.232391 -0.000002 0.903444 0.000017 9.853548 8.624773 -51.194969 -2.464797 -1.574001 2.681908 8.423949 18.064402 -8.813919 -8.289466 -6.851333 5.321195 -2.646260 -1.527799 1.527818 -1.399522 4.439475 3.696427 -1.994593 -1.151586 1.151579 0.000004 -0.000003 -0.000002 -9.108296 -0.517870 2.259805 1.477130 2.236596 -9.726131 0.022403 -1.013756 2.204060 0.038732 1.663519 -4.358500 0.000000 -0.000000 -0.000001 -9.532498 0.000019 -0.000001 -0.579324 -9.113314 -10.472625 0.034223 -0.814746 -0.000064 -0.000764 0.112735 -2.312078 -0.000000 0.000005 0.000000 -9.103607 -0.043103 -1.865100 -0.099311 -18.354650 0.481967 0.001905 -0.338855 -0.000028 -0.028818 1.892888 -0.383832 0.000000 0.000002 0.000000 -8.076696 -0.486715 -3.806296 2.561511 -27.459971 6.550404 -0.021072 -0.349174 5.236106 0.527913 3.350552 -12.046553 -0.000000 0.000002 0.000002 4.570401 11.014694 -2.160815 6.059281 -10.609120 -5.210063 -4.602086 13.886890 -62.208769 0.000009 -14.927892 0.000008 16.104367 -19.632925 29.791086 2.466092 -1.576214 2.681692 8.422022 -18.066933 8.813161 -8.291073 6.847100 -5.321915 2.647881 -1.528723 1.528756 -1.253216 -3.566385 -2.913784 1.998925 -1.154088 1.154068 -0.000001 0.000001 -0.000000 9.109288 -0.518015 2.259901 1.478130 -2.237966 9.732240 0.022379 1.013080 -2.197306 0.067586 -1.022335 8.039157 0.000000 0.000001 -0.000002 9.533397 0.000008 -0.000000 -0.579859 9.112902 10.480108 0.034224 0.814740 0.000044 0.018178 -0.317396 5.948342 0.000002 -0.000000 -0.000000 9.104492 -0.043012 -1.865100 -0.101076 18.355150 -0.474111 0.001900 0.338858 0.000082 0.054393 0.103013 -1.128835 -0.000002 -0.000002 0.000006 8.077791 -0.486884 -3.806300 2.558236 27.461278 -6.541090 -0.021092 0.348074 -5.225097 0.068346 -0.513463 13.668095 -0.000000 -0.000000 0.000002 -8.207802 -6.751722 -1.599544 -7.104986 -12.946102 -5.647810 28.444237 -7.353704 -8.701029 -13.692648 -6.051595 -7.432846 -6.230798 -0.000006 0.000001 0.000000 -0.000001 -0.000001 8.207800 -6.751709 -1.599543 -7.023258 23.920065 -2.181840 19.212578 1.995619 -4.510732 -9.053263 -7.465461 8.102162 -4.042666 0.000008 0.000004 -0.000000 -0.000002 -0.000000 
22.148075 101.618629 5.449170 -2.304869 12.102797 2.800131 -0.000000 10.181543 0.131525 1.990089 5.591133 -1.319454 0.428099 2.018079 0.683893 0.436350 2.050033 0.663241 0.000000 16.740391 -2.049021 3.089267 12.145897 -5.076609 -0.000002 9.617861 1.684977 -14.858995 19.052297 -24.550461 -0.000002 22.037384 7.501075 -0.000000 -0.000003 -0.000001 -4.570001 11.014877 -2.160843 8.371158 -0.731141 14.584728 -16.694569 12.031065 48.059001 -0.000005 1.273811 -0.000008 12.848527 7.773828 -50.900209 -2.464797 -1.574005 2.681914 8.423951 18.064397 -8.813919 -8.289459 -6.851322 5.321200 -2.646258 -1.527822 1.527815 -1.399529 4.439472 3.696417 -1.994598 -1.151574 1.151573 0.000001 -0.000005 -0.000000 -9.108304 -0.517896 2.259804 1.477126 2.236580 -9.726135 0.022403 -1.013770 2.204066 0.038735 1.663504 -4.358499 -0.000000 -0.000000 0.000000 -9.532496 0.000007 0.000004 -0.579320 -9.113311 -10.472628 0.034224 -0.814734 -0.000054 -0.000773 0.112731 -2.312085 0.000001 -0.000000 0.000000 -9.103602 -0.043107 -1.865098 -0.099302 -18.354648 0.481965 0.001905 -0.338866 0.000093 -0.028820 1.892880 -0.383821 0.000001 0.000000 -0.000001 -8.076691 -0.486720 -3.806300 2.561510 -27.460002 6.550409 -0.021071 -0.349164 5.236100 0.527905 3.350542 -12.046534 -0.000000 0.000001 0.000002 4.570402 11.014729 -2.160816 6.059664 -10.201524 -5.334516 -4.553486 15.783896 -63.540396 0.000006 -15.759697 -0.000004 8.715477 -16.090146 28.492353 2.466104 -1.576219 2.681704 8.422207 -18.066755 8.813279 -8.290941 6.847411 -5.321853 2.647883 -1.528747 1.528755 -1.253193 -3.566249 -2.913789 1.998924 -1.154094 1.154080 -0.000008 0.000001 0.000007 9.109290 -0.517997 2.259902 1.478044 -2.237867 9.731754 0.022377 1.013144 -2.197864 0.067574 -1.022303 8.038874 -0.000002 -0.000000 -0.000001 9.533390 0.000000 0.000001 -0.579826 9.112955 10.479521 0.034220 0.814734 0.000016 0.018169 -0.317365 5.948047 0.000000 0.000001 -0.000001 9.104494 -0.042995 -1.865101 -0.100953 18.355136 -0.474731 0.001895 0.338868 0.000008 0.054402 0.103024 -1.129103 -0.000001 -0.000000 -0.000001 8.077808 -0.486891 -3.806299 2.558491 27.461257 -6.541866 -0.021080 0.348162 -5.226028 0.068351 -0.513429 13.667633 -0.000001 -0.000000 -0.000000 -8.207802 -6.751704 -1.599544 -7.372295 -12.899599 -5.821127 29.011946 -7.188912 -8.769326 -13.313079 -7.301466 -7.626316 -6.703912 0.000011 -0.000001 0.000001 -0.000001 0.000000 8.207799 -6.751699 -1.599544 -6.830310 23.248200 -2.675362 18.960813 2.026270 -4.553213 -8.786255 -7.626081 8.299615 -4.096344 -0.000003 -0.000000 0.000000 0.000001 0.000000 
22.275219 101.609741 5.265964 -2.378525 12.758165 3.066287 0.000003 10.181537 0.131524 1.897503 6.083985 -1.225639 0.399039 2.228792 0.819266 0.407579 2.269848 0.796132 -0.000002 16.740379 -2.049022 2.911384 11.282055 -4.911108 -0.000005 9.617865 1.684976 -13.453097 19.942361 -25.567662 -0.000011 22.037369 7.501065 0.000000 -0.000001 0.000001 -4.569999 11.014867 -2.160841 8.411147 -0.677455 14.896960 -17.071112 13.349773 49.070405 -0.000001 1.728443 0.000023 16.177569 7.103170 -50.239289 -2.464797 -1.573990 2.681910 8.423947 18.064380 -8.813917 -8.289472 -6.851332 5.321204 -2.646259 -1.527820 1.527830 -1.399522 4.439467 3.696427 -1.994591 -1.151587 1.151579 -0.000001 -0.000003 0.000003 -9.108297 -0.517870 2.259805 1.477123 2.236571 -9.726133 0.022404 -1.013762 2.204061 0.038735 1.663527 -4.358511 -0.000000 -0.000001 -0.000000 -9.532499 0.000024 0.000001 -0.579322 -9.113320 -10.472629 0.034227 -0.814748 0.000041 -0.000770 0.112734 -2.312094 -0.000001 0.000005 0.000000 -9.103616 -0.043090 -1.865098 -0.099298 -18.354644 0.481964 0.001902 -0.338877 -0.000029 -0.028824 1.892878 -0.383838 -0.000002 -0.000000 -0.000001 -8.076698 -0.486700 -3.806300 2.561512 -27.459973 6.550402 -0.021081 -0.349185 5.236107 0.527918 3.350561 -12.046540 0.000000 0.000000 -0.000001 4.570399 11.014679 -2.160817 6.053568 -9.772820 -5.447486 -4.466357 17.622865 -65.138852 0.000000 -16.530241 0.000009 0.829445 -12.143729 26.905541 2.466109 -1.576223 2.681689 8.428634 -18.058417 8.815680 -8.285919 6.860754 -5.319620 2.647904 -1.528729 1.528750 -1.251448 -3.560222 -2.912401 1.998928 -1.154103 1.154078 0.000000 0.000001 0.000001 9.109298 -0.518013 2.259894 1.475260 -2.233488 9.712567 0.022464 1.015266 -2.219017 0.067360 -1.021104 8.026945 0.000002 0.000001 0.000000 9.533400 -0.000027 -0.000002 -0.578072 9.114184 10.456092 0.034191 0.816843 -0.000012 0.018084 -0.316165 5.936120 -0.000003 0.000002 0.000000 9.104498 -0.043013 -1.865104 -0.095376 18.353569 -0.499252 0.002135 0.341270 0.000069 0.054536 0.104205 -1.141037 0.000002 -0.000000 0.000001 8.077808 -0.486906 -3.806304 2.567416 27.457331 -6.570760 -0.021069 0.351661 -5.260547 0.068009 -0.511515 13.648312 -0.000001 0.000001 -0.000003 -8.207799 -6.751719 -1.599543 -7.611330 -12.828587 -6.034681 29.482829 -6.924350 -8.829946 -13.056557 -8.437014 -7.873579 -7.008008 0.000005 -0.000004 0.000000 -0.000000 0.000001 8.207803 -6.751700 -1.599543 -6.606299 22.564787 -3.196890 18.669438 2.257422 -4.595345 -8.516341 -7.760907 8.456787 -4.148870 -0.000002 -0.000003 -0.000000 -0.000002 0.000000 
22.397314 101.602661 5.081524 -2.451020 13.228686 3.313729 -0.000001 10.181556 0.131523 1.804057 6.559661 -1.085572 0.372858 2.435397 0.980671 0.381561 2.486671 0.955114 0.000003 16.740368 -2.049021 2.739654 10.490983 -4.773959 -0.000010 9.617848 1.684976 -11.968387 21.047800 -26.567742 -0.000001 22.037369 7.501073 -0.000000 0.000001 0.000001 -4.569996 11.014895 -2.160841 8.447768 -0.624111 15.188662 -17.373804 14.686725 50.231902 0.000004 2.356697 0.000018 19.781941 6.678399 -49.127338 -2.464799 -1.573984 2.681904 8.423953 18.064384 -8.813904 -8.289468 -6.851320 5.321172 -2.646261 -1.527822 1.527820 -1.399523 4.439475 3.696440 -1.994602 -1.151569 1.151584 -0.000000 -0.000000 0.000005 -9.108303 -0.517862 2.259798 1.477127 2.236560 -9.726125 0.022407 -1.013764 2.204061 0.038729 1.663518 -4.358502 0.000000 -0.000003 -0.000001 -9.532504 0.000021 -0.000001 -0.579325 -9.113346 -10.472628 0.034223 -0.814725 -0.000014 -0.000772 0.112730 -2.312100 -0.000000 0.000005 0.000001 -9.103604 -0.043104 -1.865105 -0.099304 -18.354665 0.481967 0.001907 -0.338860 0.000042 -0.028814 1.892880 -0.383840 -0.000002 -0.000002 0.000000 -8.076714 -0.486711 -3.806300 2.561515 -27.459994 6.550412 -0.021073 -0.349175 5.236105 0.527914 3.350543 -12.046536 0.000001 -0.000002 -0.000001 4.570405 11.014675 -2.160817 6.040049 -9.339954 -5.562948 -4.217781 19.316697 -66.943094 -0.000001 -17.320096 0.000003 -6.986915 -7.782321 24.875633 2.466112 -1.576214 2.681694 8.432285 -18.053452 8.816920 -8.282983 6.868551 -5.318303 2.647889 -1.528723 1.528759 -1.250438 -3.556632 -2.911574 1.998916 -1.154097 1.154078 0.000003 0.000003 0.000007 9.109319 -0.518025 2.259897 1.473678 -2.230913 9.701321 0.022509 1.016514 -2.231398 0.067233 -1.020404 8.019923 -0.000002 -0.000002 0.000000 9.533412 0.000001 -0.000005 -0.577045 9.114881 10.442348 0.034160 0.818576 -0.000000 0.018016 -0.315467 5.929105 0.000000 0.000000 0.000001 9.104507 -0.042999 -1.865103 -0.092137 18.352583 -0.513631 0.002328 0.343223 -0.010202 0.054607 0.104910 -1.148078 0.000000 0.000004 -0.000000 8.077806 -0.486909 -3.806298 2.572163 27.454903 -6.587564 -0.021055 0.353672 -5.280569 0.067799 -0.510368 13.636836 0.000001 -0.000003 0.000000 -8.207801 -6.751710 -1.599543 -7.816183 -12.741387 -6.251493 29.832531 -6.737970 -8.886526 -12.890822 -9.300039 -8.104597 -7.175468 -0.000001 0.000004 0.000000 0.000001 -0.000002 8.207801 -6.751694 -1.599544 -6.399846 21.871082 -3.692532 18.383408 2.655079 -4.637094 -8.267224 -7.870972 8.579539 -4.200033 0.000013 0.000002 -0.000000 -0.000001 -0.000000 
22.512178 101.593666 4.896891 -2.522085 13.560650 3.543277 -0.000002 10.181530 0.131523 1.729662 6.993362 -0.925331 0.355956 2.626844 1.159306 0.364841 2.689288 1.131357 0.000001 16.740347 -2.049021 2.560901 9.780985 -4.660215 -0.000005 9.617847 1.684978 -10.444234 22.371583 -27.586965 0.000001 22.037384 7.501070 -0.000001 -0.000001 0.000001 -4.569997 11.014880 -2.160840 8.481071 -0.582789 15.447793 -17.506685 16.121628 51.503222 -0.000005 3.280622 0.000019 23.535082 6.572977 -47.544797 -2.464792 -1.573994 2.681910 8.423961 18.064407 -8.813922 -8.289468 -6.851313 5.321192 -2.646273 -1.527811 1.527814 -1.399534 4.439460 3.696427 -1.994597 -1.151581 1.151574 -0.000001 -0.000003 -0.000000 -9.108289 -0.517892 2.259805 1.477133 2.236602 -9.726130 0.022408 -1.013754 2.204052 0.038733 1.663524 -4.358495 -0.000000 -0.000001 -0.000000 -9.532492 -0.000003 -0.000003 -0.579316 -9.113317 -10.472633 0.034224 -0.814758 -0.000043 -0.000767 0.112742 -2.312094 0.000000 0.000001 0.000000 -9.103591 -0.043118 -1.865101 -0.099305 -18.354648 0.481966 0.001912 -0.338859 -0.000095 -0.028821 1.892874 -0.383829 -0.000000 -0.000003 -0.000001 -8.076687 -0.486711 -3.806297 2.561518 -27.459973 6.550401 -0.021070 -0.349165 5.236102 0.527911 3.350558 -12.046541 0.000001 0.000003 -0.000001 4.570405 11.014696 -2.160815 6.018730 -8.916569 -5.680873 -3.688983 20.712803 -68.869433 -0.000002 -18.178419 -0.000018 -13.969568 -3.072244 22.369354 2.466096 -1.576192 2.681705 8.415704 -18.074964 8.810661 -8.295927 6.834155 -5.324075 2.647892 -1.528746 1.528748 -1.254881 -3.572152 -2.915133 1.998909 -1.154082 1.154079 -0.000001 -0.000001 -0.000000 9.109295 -0.517997 2.259906 1.481159 -2.242152 9.750869 0.022293 1.011006 -2.176724 0.067785 -1.023492 8.050705 0.000002 -0.000001 0.000000 9.533398 0.000013 0.000001 -0.581561 9.111721 10.502804 0.034224 0.814748 0.000014 0.018263 -0.318551 5.959881 -0.000001 0.000005 0.000001 9.104510 -0.042999 -1.865098 -0.106477 18.356600 -0.450307 0.001908 0.338851 0.000018 0.054246 0.101882 -1.117290 0.000002 -0.000003 0.000001 8.077816 -0.486901 -3.806298 2.548222 27.465024 -6.512769 -0.021111 0.344654 -5.191345 0.068675 -0.515306 13.686704 -0.000002 -0.000002 0.000000 -8.207803 -6.751718 -1.599544 -7.988555 -12.627674 -6.450787 30.087243 -6.615218 -8.961821 -12.796476 -9.952326 -8.267270 -7.237326 -0.000001 0.000001 0.000000 -0.000000 -0.000001 8.207797 -6.751722 -1.599546 -6.226404 21.171975 -4.155237 18.127536 3.162900 -4.679372 -8.045782 -7.951555 8.677993 -4.250380 -0.000009 0.000000 0.000000 -0.000004 -0.000000 
22.610928 101.579849 4.714159 -2.605116 13.809475 3.809947 0.000000 10.181557 0.131524 1.699332 7.368374 -0.785517 0.356078 2.795583 1.341985 0.365167 2.870045 1.311575 0.000002 16.740372 -2.049021 2.373596 9.151078 -4.556894 -0.000008 9.617850 1.684970 -8.989273 23.889958 -28.641230 -0.000004 22.037354 7.501065 -0.000000 0.000002 0.000002 -4.569998 11.014883 -2.160841 8.510388 -0.556075 15.666803 -17.363873 17.736864 52.842452 -0.000002 4.590442 0.000009 27.459956 6.819049 -45.926520 -2.464795 -1.574020 2.681901 8.423950 18.064394 -8.813916 -8.289464 -6.851303 5.321191 -2.646257 -1.527804 1.527820 -1.399534 4.439454 3.696438 -1.994601 -1.151571 1.151580 0.000001 -0.000003 0.000001 -9.108294 -0.517870 2.259799 1.477128 2.236578 -9.726130 0.022409 -1.013741 2.204071 0.038729 1.663523 -4.358507 -0.000002 -0.000005 -0.000001 -9.532496 0.000003 -0.000003 -0.579322 -9.113328 -10.472616 0.034230 -0.814732 -0.000032 -0.000764 0.112739 -2.312097 0.000002 0.000005 0.000001 -9.103610 -0.043127 -1.865101 -0.099299 -18.354653 0.481978 0.001900 -0.338870 0.000063 -0.028820 1.892894 -0.383832 -0.000000 0.000003 -0.000003 -8.076702 -0.486731 -3.806303 2.561508 -27.459976 6.550411 -0.021054 -0.349140 5.236095 0.527898 3.350530 -12.046539 -0.000001 -0.000000 -0.000003 4.570405 11.014680 -2.160815 5.989008 -8.517920 -5.795413 -2.795633 21.600524 -70.820913 -0.000003 -19.103476 0.000010 -19.312814 1.804067 19.275251 2.466101 -1.576233 2.681693 8.401524 -18.093805 8.805560 -8.307168 6.804302 -5.329098 2.647892 -1.528738 1.528751 -1.258785 -3.585811 -2.918287 1.998921 -1.154082 1.154079 -0.000001 -0.000002 -0.000002 9.109302 -0.518002 2.259900 1.488094 -2.251800 9.793754 0.022124 1.006220 -2.129373 0.068264 -1.026149 8.077483 0.000002 -0.000003 -0.000002 9.533402 -0.000022 -0.000000 -0.585487 9.108984 10.555329 0.034214 0.814746 0.000002 0.018457 -0.321207 5.986658 -0.000001 -0.000002 -0.000001 9.104506 -0.042990 -1.865099 -0.118953 18.360232 -0.395385 0.001906 0.338854 0.000018 0.053946 0.099225 -1.090503 0.000000 0.000001 -0.000001 8.077809 -0.486921 -3.806300 2.525362 27.474494 -6.447895 -0.021147 0.336916 -5.114534 0.069456 -0.519653 13.730311 0.000002 -0.000001 0.000001 -8.207800 -6.751719 -1.599542 -8.119126 -12.462761 -6.653282 30.267054 -6.541816 -9.093709 -12.775065 -10.462828 -8.267717 -7.193741 -0.000007 0.000009 0.000000 -0.000001 0.000000 8.207801 -6.751712 -1.599542 -6.040861 20.472981 -4.641544 17.873516 3.720837 -4.723114 -7.831234 -7.999094 8.762546 -4.300861 -0.000014 0.000001 -0.000001 -0.000000 0.000000 
22.692320 101.560944 4.539226 -2.712894 14.019319 4.162042 -0.000001 10.181559 0.131522 1.716366 7.671666 -0.694991 0.372884 2.936762 1.518761 0.382000 3.023966 1.485733 0.000003 16.740360 -2.049018 2.191353 8.594851 -4.456416 -0.000009 9.617839 1.684984 -7.711095 25.547015 -29.716063 -0.000009 22.037399 7.501075 0.000000 0.000001 -0.000000 -4.570004 11.014870 -2.160838 8.534255 -0.540511 15.838997 -16.874660 19.597628 54.206816 -0.000008 6.284851 -0.000005 31.439801 7.535977 -44.636488 -2.464803 -1.573995 2.681903 8.423946 18.064382 -8.813918 -8.289479 -6.851319 5.321201 -2.646261 -1.527814 1.527820 -1.399517 4.439474 3.696428 -1.994602 -1.151595 1.151575 0.000003 -0.000002 0.000005 -9.108302 -0.517870 2.259803 1.477119 2.236579 -9.726120 0.022403 -1.013745 2.204069 0.038736 1.663522 -4.358499 0.000001 -0.000000 -0.000000 -9.532507 0.000007 0.000003 -0.579334 -9.113322 -10.472607 0.034231 -0.814728 -0.000007 -0.000771 0.112747 -2.312098 -0.000001 -0.000003 -0.000000 -9.103606 -0.043105 -1.865099 -0.099310 -18.354644 0.481979 0.001903 -0.338872 0.000028 -0.028832 1.892863 -0.383832 0.000002 0.000000 -0.000001 -8.076694 -0.486719 -3.806295 2.561503 -27.459985 6.550413 -0.021063 -0.349162 5.236100 0.527905 3.350538 -12.046538 -0.000001 -0.000001 -0.000001 4.570401 11.014674 -2.160816 5.949785 -8.167229 -5.908650 -1.510888 21.753929 -72.710854 0.000003 -20.035689 -0.000007 -22.401282 6.540730 15.289635 2.466097 -1.576206 2.681700 8.499247 -17.965984 8.841529 -8.230476 7.008210 -5.294942 2.647892 -1.528735 1.528756 -1.232366 -3.493571 -2.897094 1.998925 -1.154088 1.154079 -0.000004 0.000002 -0.000000 9.109288 -0.518007 2.259901 1.445809 -2.184781 9.500105 0.023423 1.038917 -2.453313 0.065024 -1.007909 7.894947 0.000002 0.000000 -0.000002 9.533398 0.000010 0.000002 -0.558645 9.127489 10.196967 0.033613 0.849889 -0.269421 0.017115 -0.303013 5.804159 -0.000001 -0.000001 0.000003 9.104489 -0.042992 -1.865098 -0.034026 18.335721 -0.770426 0.005912 0.378637 -0.365958 0.056086 0.117206 -1.272974 -0.000004 0.000001 0.000002 8.077798 -0.486876 -3.806293 2.658885 27.413806 -6.889555 -0.020682 0.390126 -5.642505 0.064328 -0.490273 13.434383 0.000002 -0.000001 -0.000002 -8.207800 -6.751694 -1.599542 -8.183791 -12.258604 -6.910969 30.357138 -6.490986 -9.285927 -12.848930 -10.827934 -7.980522 -7.010945 0.000001 -0.000010 0.000000 -0.000001 -0.000003 8.207798 -6.751678 -1.599544 -5.789460 19.776446 -5.206653 17.577198 4.295561 -4.768252 -7.600446 -8.024572 8.840955 -4.350309 0.000014 0.000003 0.000000 0.000000 0.000001 
22.768513 101.538742 4.378764 -2.842719 14.190625 4.589324 0.000003 10.181531 0.131523 1.749736 7.897646 -0.654861 0.394129 3.049409 1.687655 0.402729 3.150080 1.651852 0.000004 16.740328 -2.049020 2.027013 8.102332 -4.361234 -0.000001 9.617836 1.684974 -6.633278 27.250604 -30.774264 -0.000006 22.037369 7.501073 0.000000 -0.000000 -0.000000 -4.569993 11.014852 -2.160842 8.550941 -0.531720 15.957405 -16.021795 21.739259 55.544485 -0.000016 8.265677 0.000012 35.063288 8.929226 -43.564586 -2.464789 -1.573990 2.681913 8.423954 18.064375 -8.813913 -8.289460 -6.851347 5.321179 -2.646270 -1.527802 1.527814 -1.399520 4.439482 3.696435 -1.994593 -1.151579 1.151575 0.000008 -0.000001 -0.000002 -9.108294 -0.517860 2.259803 1.477124 2.236568 -9.726138 0.022401 -1.013769 2.204073 0.038731 1.663524 -4.358505 -0.000000 0.000000 -0.000000 -9.532496 0.000008 -0.000000 -0.579319 -9.113295 -10.472616 0.034222 -0.814752 -0.000010 -0.000768 0.112740 -2.312087 -0.000001 0.000002 0.000001 -9.103600 -0.043103 -1.865101 -0.099305 -18.354650 0.481970 0.001902 -0.338870 0.000070 -0.028824 1.892887 -0.383833 -0.000002 0.000001 -0.000001 -8.076693 -0.486727 -3.806296 2.561513 -27.459988 6.550411 -0.021073 -0.349169 5.236106 0.527918 3.350555 -12.046535 -0.000003 -0.000001 -0.000002 4.570403 11.014689 -2.160815 5.900054 -7.891968 -6.034264 0.130559 20.994941 -74.489046 -0.000006 -20.863556 -0.000012 -23.020900 10.714134 10.031267 2.466087 -1.576207 2.681694 8.850236 -17.499346 8.966625 -7.952755 7.749037 -5.173097 2.647886 -1.528750 1.528762 -1.136275 -3.156916 -2.820158 1.998929 -1.154092 1.154084 -0.000002 0.000003 -0.000002 9.109298 -0.518005 2.259896 1.302782 -1.938605 8.434668 0.029723 1.157475 -3.628383 0.053727 -0.941584 7.231522 0.000000 -0.000001 -0.000002 9.533392 0.000006 -0.000001 -0.461167 9.192560 8.895456 0.033586 1.015511 -1.925171 0.012704 -0.236845 5.140781 0.000001 -0.000001 0.000002 9.104493 -0.042996 -1.865100 0.269360 18.240036 -2.130541 0.028596 0.565339 -2.246166 0.064305 0.182580 -1.936233 -0.000003 0.000000 -0.000000 8.077784 -0.486897 -3.806297 3.105262 27.185731 -8.482577 -0.014891 0.582638 -7.553491 0.046871 -0.383111 12.356877 -0.000003 0.000001 0.000003 -8.207798 -6.751716 -1.599544 -8.164043 -12.072850 -7.271974 30.322266 -6.385824 -9.488978 -13.036256 -10.986064 -7.304222 -6.657069 -0.000003 -0.000002 0.000001 -0.000002 -0.000001 8.207802 -6.751712 -1.599544 -5.467088 19.082258 -5.846611 17.227643 4.895065 -4.813957 -7.354907 -8.039690 8.915674 -4.394982 0.000008 0.000001 0.000000 0.000001 0.000000 
22.852524 101.515533 4.236474 -2.976698 14.266004 5.037177 -0.000001 10.181538 0.131524 1.757432 8.054008 -0.642917 0.404795 3.137858 1.853585 0.412149 3.252714 1.814937 -0.000001 16.740355 -2.049017 1.876433 7.662502 -4.278996 -0.000012 9.617850 1.684979 -5.689633 28.899217 -31.788681 -0.000025 22.037384 7.501076 -0.000001 -0.000001 0.000002 -4.570003 11.014881 -2.160836 8.559573 -0.527342 16.018890 -14.827948 24.167282 56.782361 0.000002 10.387002 0.000008 37.998412 11.108440 -42.520523 -2.464790 -1.574004 2.681914 8.423950 18.064378 -8.813930 -8.289471 -6.851347 5.321198 -2.646270 -1.527801 1.527813 -1.399529 4.439483 3.696434 -1.994594 -1.151603 1.151565 -0.000001 -0.000005 0.000001 -9.108297 -0.517876 2.259801 1.477128 2.236585 -9.726136 0.022406 -1.013747 2.204060 0.038729 1.663533 -4.358497 -0.000003 0.000001 0.000001 -9.532501 -0.000018 -0.000000 -0.579319 -9.113322 -10.472630 0.034228 -0.814729 0.000017 -0.000765 0.112734 -2.312085 0.000001 0.000000 -0.000001 -9.103612 -0.043099 -1.865102 -0.099301 -18.354643 0.481959 0.001895 -0.338883 0.000064 -0.028810 1.892895 -0.383837 -0.000002 -0.000000 0.000002 -8.076704 -0.486734 -3.806299 2.561505 -27.459995 6.550390 -0.021072 -0.349182 5.236108 0.527913 3.350540 -12.046543 -0.000000 0.000000 0.000002 4.570397 11.014681 -2.160813 5.839822 -7.709042 -6.187119 2.040596 19.248130 -76.147839 -0.000009 -21.445138 -0.000003 -21.475916 13.828327 3.314776 2.466093 -1.576229 2.681697 9.507814 -16.604350 9.191080 -7.426670 9.161692 -4.950439 2.647886 -1.528749 1.528748 -0.953721 -2.512358 -2.674599 1.998928 -1.154087 1.154083 0.000000 0.000000 0.000005 9.109293 -0.518023 2.259902 1.051809 -1.462222 6.408926 0.048410 1.382584 -5.864250 0.034349 -0.814800 5.966927 -0.000005 0.000001 0.000001 9.533391 -0.000001 0.000003 -0.276404 9.308078 6.415994 0.046742 1.329996 -5.072679 0.006437 -0.110609 3.876319 0.000003 -0.000000 0.000003 9.104489 -0.042993 -1.865095 0.824636 18.034042 -4.714046 0.088485 0.917648 -5.819089 0.082067 0.306818 -3.200457 -0.000004 -0.000001 0.000001 8.077789 -0.486887 -3.806301 3.902035 26.719094 -11.489622 0.013773 0.947120 -11.181908 0.019173 -0.177681 10.299421 -0.000001 0.000001 -0.000001 -8.207801 -6.751710 -1.599541 -8.069962 -11.952554 -7.749011 30.136089 -6.193845 -9.646012 -13.319980 -10.831073 -6.202708 -6.148989 -0.000007 -0.000005 0.000000 0.000001 -0.000001 8.207798 -6.751701 -1.599544 -5.117702 18.392154 -6.509586 16.849197 5.525840 -4.859591 -7.118305 -8.000831 8.986775 -4.435670 0.000005 0.000000 0.000000 -0.000000 0.000000 
22.944420 101.493599 4.111587 -3.093366 14.159696 5.453647 0.000002 10.181553 0.131522 1.724417 8.158007 -0.628171 0.400844 3.209242 2.024510 0.406393 3.338993 1.983033 0.000001 16.740372 -2.049026 1.720959 7.268533 -4.215133 -0.000008 9.617834 1.684977 -4.794722 30.431368 -32.787083 -0.000002 22.037369 7.501077 0.000000 -0.000000 0.000001 -4.570003 11.014888 -2.160845 8.561047 -0.526674 16.029658 -13.333308 26.860258 57.821253 -0.000005 12.508252 0.000011 40.042698 14.039549 -41.243182 -2.464796 -1.573982 2.681917 8.992595 17.240658 -9.043797 -7.821805 -8.099556 5.116679 -2.646269 -1.527800 1.527822 -1.219913 3.817881 3.552824 -1.994617 -1.151584 1.151580 -0.000000 -0.000004 0.000005 -9.108305 -0.517873 2.259808 1.335274 1.917033 -8.869597 0.026574 -1.103763 3.095729 0.013721 1.574531 -3.473514 -0.000001 -0.000000 -0.000001 -9.532497 0.000000 0.000007 -0.474190 -9.123525 -9.190061 0.033164 -0.977236 1.542334 -0.003534 0.024255 -1.427421 0.000000 -0.000000 -0.000001 -9.103601 -0.043093 -1.865093 0.200106 -18.074812 1.819036 0.024200 -0.532835 1.918219 -0.048703 1.804210 0.500956 -0.000001 -0.000000 -0.000000 -8.076692 -0.486722 -3.806288 3.044840 -26.956352 8.174040 -0.016457 -0.546677 7.196326 0.418641 3.197540 -10.382187 -0.000002 -0.000001 -0.000000 4.570398 11.014660 -2.160821 5.770471 -7.612938 -6.369120 4.090399 16.564156 -77.700157 -0.000007 -21.644851 -0.000002 -18.565687 15.459073 -4.626664 2.466105 -1.576206 2.681699 10.413535 -15.329296 9.479774 -6.689839 11.158350 -4.657035 2.647896 -1.528747 1.528758 -0.697572 -1.596657 -2.471604 1.998931 -1.154079 1.154067 0.000000 -0.000003 0.000003 9.109303 -0.518018 2.259903 0.745679 -0.775292 3.556909 0.089635 1.698151 -9.015211 0.011752 -0.635046 4.180842 -0.000001 -0.000000 0.000000 9.533408 0.000004 0.000003 -0.018790 9.453002 2.916488 0.094452 1.770329 -9.503158 0.002326 0.067883 2.090251 0.000002 -0.000000 -0.000000 9.104503 -0.042986 -1.865097 1.554581 17.695077 -8.342849 0.209654 1.405404 -10.846001 0.111840 0.481610 -4.986326 0.000002 -0.000000 0.000001 8.077800 -0.486891 -3.806298 4.906055 26.000283 -15.673209 0.092862 1.454627 -16.281527 -0.007376 0.114572 7.386849 0.000005 0.000005 -0.000002 -8.207799 -6.751712 -1.599544 -7.942179 -11.896350 -8.323999 29.801888 -5.987362 -9.729913 -13.642266 -10.255468 -4.730890 -5.559748 -0.000000 0.000008 0.000001 -0.000001 0.000000 8.207801 -6.751687 -1.599545 -4.795163 17.712098 -7.143393 16.467467 6.140000 -4.905121 -6.912723 -7.782603 9.057563 -4.486102 0.000007 -0.000001 -0.000001 -0.000000 0.000000 
23.033211 101.475029 3.999704 -3.177168 13.807747 5.811026 0.000001 10.181568 0.131526 1.674063 8.221953 -0.581740 0.392523 3.267838 2.208720 0.396135 3.413092 2.164435 0.000004 16.740366 -2.049016 1.545018 6.922100 -4.170368 0.000000 9.617867 1.684977 -3.906169 31.845815 -33.859819 0.000012 22.037384 7.501082 -0.000001 0.000001 -0.000003 -4.569999 11.014874 -2.160838 8.558108 -0.529355 16.008111 -11.588260 29.761658 58.548689 0.000021 14.512110 -0.000012 41.092392 17.540378 -39.442912 -2.464797 -1.573994 2.681913 10.429404 15.070771 -9.575702 -6.614176 -11.364444 4.628168 -2.646280 -1.527808 1.527824 -0.758985 2.193676 3.187629 -1.994587 -1.151572 1.151571 -0.000004 0.000002 0.000005 -9.108287 -0.517871 2.259811 1.005940 1.070234 -6.637749 0.044034 -1.338222 5.422955 -0.045030 1.340607 -1.164245 -0.000002 -0.000001 0.000001 -9.532495 -0.000006 0.000002 -0.212742 -9.133647 -5.844283 0.052097 -1.400774 5.782600 -0.004310 -0.206856 0.881326 -0.000000 0.000000 0.000001 -9.103594 -0.043099 -1.865096 0.901782 -17.307158 5.281122 0.113397 -1.034426 7.012981 -0.094124 1.571484 2.809779 0.000001 -0.000000 0.000000 -8.076685 -0.486721 -3.806290 4.137564 -25.582844 12.328104 0.027418 -1.060201 12.312540 0.154920 2.783885 -6.041167 0.000002 0.000000 0.000001 4.570403 11.014678 -2.160812 5.693992 -7.580279 -6.563191 6.134314 13.108029 -79.151873 0.000005 -21.376264 -0.000003 -15.373509 15.455067 -13.153947 2.466099 -1.576205 2.681696 11.472264 -13.773310 9.783983 -5.807619 13.571094 -4.335334 2.647884 -1.528761 1.528753 -0.390700 -0.482565 -2.230495 1.998928 -1.154101 1.154078 0.000001 -0.000001 0.000001 9.109294 -0.518009 2.259898 0.451904 0.071218 0.126139 0.162183 2.074298 -12.809264 -0.008060 -0.417145 2.024078 0.000004 0.000000 -0.000001 9.533401 0.000006 -0.000002 0.284692 9.600573 -1.304671 0.196644 2.292674 -14.829770 0.004792 0.283481 -0.066637 -0.000004 0.000002 -0.000001 9.104497 -0.042993 -1.865100 2.345207 17.218652 -12.690852 0.410966 1.974300 -16.885744 0.155031 0.691336 -7.143182 0.000003 -0.000003 -0.000000 8.077803 -0.486901 -3.806304 5.924996 25.057008 -20.624675 0.246822 2.051059 -22.400741 -0.019586 0.469777 3.859278 0.000001 0.000001 -0.000004 -8.207800 -6.751699 -1.599541 -7.839264 -11.884790 -8.977777 29.372276 -5.810757 -9.721881 -13.948072 -9.266748 -3.054450 -4.975534 -0.000011 -0.000004 -0.000000 0.000001 -0.000001 8.207802 -6.751681 -1.599543 -4.535862 17.050413 -7.717529 16.091668 6.667700 -4.951024 -6.744962 -7.258385 9.132176 -4.562382 -0.000013 -0.000001 0.000000 -0.000001 0.000000 
23.108917 101.462532 3.896767 -3.219844 13.197087 6.092579 -0.000001 10.181540 0.131523 1.642808 8.241504 -0.481492 0.394306 3.310784 2.412980 0.396252 3.472075 2.365869 -0.000002 16.740379 -2.049017 1.349252 6.631370 -4.142758 -0.000006 9.617833 1.684979 -3.027381 33.163263 -35.091381 -0.000011 22.037384 7.501070 -0.000000 0.000002 0.000004 -4.570005 11.014868 -2.160837 8.554795 -0.535335 15.980503 -9.664584 32.761378 58.868793 -0.000018 16.287848 0.000024 41.062776 21.324699 -36.842204 -2.464799 -1.573991 2.681896 12.326368 12.006358 -10.160270 -4.952200 -15.926128 4.055681 -2.646267 -1.527802 1.527823 -0.134750 -0.072910 2.701132 -1.994603 -1.151557 1.151570 -0.000004 -0.000006 0.000005 -9.108300 -0.517872 2.259795 0.646774 -0.134744 -3.536158 0.084193 -1.663104 8.664197 -0.111026 1.011297 2.050713 0.000002 0.000001 -0.000000 -9.532501 0.000006 -0.000004 0.116948 -9.111291 -1.189380 0.130537 -1.985844 11.689379 0.010136 -0.528287 4.096394 0.000000 0.000000 0.000004 -9.103586 -0.043113 -1.865107 1.682609 -16.164496 10.037045 0.311063 -1.715636 14.111383 -0.141655 1.244744 6.024107 -0.000001 0.000003 0.000002 -8.076706 -0.486717 -3.806302 5.255585 -23.564591 17.922362 0.164383 -1.764524 19.439564 -0.158425 2.177218 -0.001751 -0.000000 -0.000000 -0.000000 4.570399 11.014695 -2.160811 5.611526 -7.590066 -6.740217 8.044386 9.127394 -80.492523 -0.000002 -20.634230 0.000008 -12.904106 14.038755 -21.478402 2.466089 -1.576217 2.681690 12.607766 -12.020732 10.066678 -4.831604 16.258826 -4.018886 2.647884 -1.528748 1.528761 -0.051859 0.769391 -1.966948 1.998920 -1.154091 1.154076 0.000003 0.000006 0.000005 9.109290 -0.518012 2.259899 0.222626 1.027231 -3.678627 0.271609 2.484859 -17.019196 -0.020454 -0.173834 -0.377537 -0.000001 -0.000001 -0.000002 9.533392 -0.000003 -0.000001 0.609181 9.731921 -5.997552 0.365847 2.856976 -20.729392 0.017071 0.523258 -2.468610 0.000004 0.000002 0.000000 9.104483 -0.043012 -1.865106 3.100579 16.615207 -17.485648 0.702025 2.574787 -23.569542 0.212384 0.922765 -9.545338 -0.000001 -0.000000 0.000003 8.077800 -0.486892 -3.806308 6.808864 23.938437 -26.009774 0.489707 2.686339 -29.162012 -0.007371 0.866791 -0.083523 -0.000001 -0.000003 -0.000002 -8.207802 -6.751712 -1.599542 -7.804928 -11.917047 -9.686234 28.922504 -5.547365 -9.596054 -14.216147 -8.062038 -1.414649 -4.445978 0.000003 0.000008 -0.000000 -0.000000 0.000000 8.207799 -6.751706 -1.599543 -4.359250 16.415154 -8.209256 15.726591 7.088457 -4.998639 -6.613582 -6.400911 9.209007 -4.661907 0.000001 -0.000001 -0.000000 -0.000002 0.000000 
23.168385 101.459480 3.804269 -3.219469 12.363220 6.279527 -0.000000 10.181540 0.131523 1.649412 8.195390 -0.317998 0.413225 3.328651 2.639472 0.413952 3.506520 2.589476 0.000001 16.740379 -2.049022 1.147266 6.402803 -4.127885 -0.000004 9.617845 1.684978 -2.185266 34.368057 -36.460649 0.000008 22.037384 7.501076 0.000000 0.000001 -0.000002 -4.570002 11.014885 -2.160841 8.555088 -0.546870 15.970657 -7.670623 35.684600 58.737318 -0.000009 17.715185 0.000043 39.823756 25.069753 -33.196208 -2.464793 -1.574019 2.681908 14.327188 8.522551 -10.612974 -3.093720 -21.055576 3.564094 -2.646272 -1.527803 1.527818 0.542701 -2.619228 2.184728 -1.994621 -1.151595 1.151572 0.000004 -0.000004 0.000003 -9.108286 -0.517877 2.259807 0.383521 -1.510563 -0.064224 0.150971 -2.023890 12.297970 -0.162898 0.638462 5.653287 0.000000 -0.000002 0.000005 -9.532496 0.000001 0.000002 0.433139 -9.042886 4.020560 0.289572 -2.628073 18.313858 0.047711 -0.886927 7.700244 -0.000001 0.000001 -0.000001 -9.103593 -0.043109 -1.865099 2.281312 -14.813671 15.281239 0.630885 -2.443443 22.074123 -0.173060 0.876024 9.626037 0.000001 0.000000 -0.000000 -8.076694 -0.486739 -3.806304 5.963769 -21.226534 23.955466 0.420528 -2.526716 27.433400 -0.431409 1.462465 6.760750 0.000000 -0.000001 -0.000000 4.570397 11.014686 -2.160818 5.522133 -7.643070 -6.872594 9.735394 4.917917 -81.705100 0.000004 -19.501727 0.000013 -11.765940 11.716610 -28.952130 2.466088 -1.576218 2.681698 13.763366 -10.142332 10.305763 -3.800713 19.105876 -3.731810 2.647898 -1.528744 1.528751 0.304413 2.110123 -1.693116 1.998910 -1.154081 1.154081 0.000000 0.000005 -0.000000 9.109291 -0.518012 2.259902 0.091456 2.043460 -7.692719 0.419353 2.907762 -21.459949 -0.022443 0.084277 -2.921859 0.000001 0.000001 0.000003 9.533400 0.000003 0.000002 0.933297 9.837414 -10.958296 0.605549 3.428310 -26.938435 0.041024 0.776481 -5.013547 0.000002 -0.000001 0.000001 9.104498 -0.042991 -1.865093 3.749469 15.911546 -22.508991 1.080997 3.164448 -30.595901 0.283663 1.165093 -12.090715 0.000001 0.000002 -0.000000 8.077795 -0.486895 -3.806296 7.461859 22.712959 -31.570948 0.823021 3.316726 -36.257096 0.035599 1.287262 -4.279870 -0.000001 -0.000003 -0.000002 -8.207802 -6.751728 -1.599544 -7.830976 -11.993103 -10.387237 28.470902 -5.068700 -9.362361 -14.439694 -6.871273 0.026867 -3.971130 -0.000000 0.000002 -0.000000 0.000001 -0.000001 8.207800 -6.751707 -1.599544 -4.272293 15.811707 -8.590640 15.381861 7.441378 -5.050095 -6.517915 -5.290481 9.279492 -4.773474 -0.000012 -0.000002 0.000000 0.000001 0.000000 
23.211149 101.468864 3.730521 -3.181849 11.373208 6.358949 0.000003 10.181570 0.131524 1.689584 8.054011 -0.100811 0.446887 3.309249 2.883012 0.446681 3.504104 2.830083 0.000007 16.740391 -2.049025 0.953141 6.233379 -4.115948 -0.000002 9.617831 1.684976 -1.431357 35.388709 -37.813041 -0.000005 22.037369 7.501077 0.000000 0.000000 0.000001 -4.569994 11.014889 -2.160845 8.561541 -0.570230 15.988421 -5.756039 38.309254 58.187147 0.000004 18.678141 0.000016 37.196179 28.465054 -28.304569 -2.464792 -1.573985 2.681908 16.149934 5.124562 -10.859859 -1.278431 -26.012594 3.246930 -2.646268 -1.527816 1.527810 1.175894 -5.079668 1.714049 -1.994603 -1.151580 1.151584 -0.000000 -0.000002 0.000005 -9.108303 -0.517875 2.259800 0.270472 -2.850576 3.283863 0.236915 -2.367039 15.802385 -0.190640 0.276649 9.125923 0.000002 0.000003 -0.000002 -9.532496 0.000003 0.000003 0.678990 -8.942473 9.034599 0.512255 -3.225912 24.705636 0.105231 -1.229794 11.175199 -0.000002 -0.000001 -0.000000 -9.103596 -0.043103 -1.865098 2.580558 -13.477458 20.257477 1.032143 -3.096706 29.759022 -0.181332 0.519385 13.098073 0.000001 0.000002 0.000000 -8.076688 -0.486720 -3.806296 6.124686 -18.971149 29.569142 0.765853 -3.220931 35.148037 -0.613076 0.747580 13.275390 0.000001 -0.000000 -0.000000 4.570407 11.014703 -2.160820 5.423044 -7.763825 -6.945911 11.167641 0.795116 -82.778020 -0.000003 -18.126922 0.000015 -12.067242 9.074349 -35.186423 2.466097 -1.576225 2.681703 14.887437 -8.213954 10.490213 -2.753448 21.991358 -3.492043 2.647906 -1.528744 1.528757 0.664020 3.488819 -1.420266 1.998928 -1.154081 1.154077 0.000001 -0.000001 0.000001 9.109300 -0.518027 2.259903 0.073665 3.064649 -11.746390 0.601125 3.321219 -25.939452 -0.012762 0.345954 -5.503170 0.000000 0.000003 -0.000001 9.533403 0.000003 0.000007 1.237714 9.914906 -15.975901 0.907454 3.972837 -33.182712 0.076808 1.032052 -7.595762 -0.000000 0.000002 0.000001 9.104517 -0.043014 -1.865095 4.243495 15.152756 -27.543817 1.531048 3.704842 -37.650728 0.366931 1.407462 -14.673635 -0.000000 0.000001 0.000003 8.077803 -0.486911 -3.806294 7.837961 21.467537 -37.065398 1.232326 3.901472 -43.364670 0.111053 1.711900 -8.562808 0.000000 -0.000002 0.000002 -8.207800 -6.751699 -1.599544 -7.859695 -12.091286 -10.997370 27.943185 -4.507393 -9.082247 -14.594437 -5.678902 1.320041 -3.528157 0.000001 0.000001 -0.000000 0.000001 -0.000000 8.207800 -6.751689 -1.599544 -4.268115 15.242477 -8.836834 15.071253 7.778591 -5.107595 -6.459722 -4.051073 9.332642 -4.893800 0.000006 0.000000 -0.000000 0.000001 0.000000 
23.234764 101.491714 3.685658 -3.120550 10.303925 6.340236 -0.000002 10.181539 0.131522 1.752645 7.793706 0.143916 0.489837 3.242829 3.132661 0.488726 3.455098 3.076777 0.000000 16.740376 -2.049020 0.773675 6.109335 -4.093200 0.000001 9.617834 1.684982 -0.845669 36.122709 -38.945974 -0.000008 22.037369 7.501077 -0.000000 -0.000001 0.000002 -4.570000 11.014906 -2.160837 8.574085 -0.614793 16.023487 -4.098554 40.413092 57.328974 -0.000006 19.101843 0.000008 33.017274 31.219244 -22.040635 -2.464795 -1.573990 2.681903 17.568548 2.337350 -10.930989 0.237867 -30.051217 3.111769 -2.646263 -1.527811 1.527809 1.678150 -7.085263 1.349757 -1.994581 -1.151607 1.151581 0.000002 -0.000000 -0.000004 -9.108299 -0.517873 2.259800 0.280991 -3.942545 6.012577 0.322240 -2.641933 18.654908 -0.197004 -0.018575 11.951335 0.000001 -0.000002 0.000001 -9.532504 -0.000004 -0.000005 0.833217 -8.842494 13.107352 0.741900 -3.691650 29.911034 0.167312 -1.505802 14.003291 0.000002 0.000000 -0.000000 -9.103607 -0.043103 -1.865098 2.624633 -12.390627 24.254844 1.421136 -3.584803 36.018770 -0.172119 0.229221 15.923044 -0.000002 0.000001 0.000003 -8.076696 -0.486726 -3.806301 5.897972 -17.183692 34.014619 1.113958 -3.747575 41.432255 -0.700208 0.153666 18.573979 -0.000002 0.000002 0.000002 4.570402 11.014692 -2.160813 5.311589 -7.983098 -6.963269 12.337588 -2.934924 -83.707281 0.000002 -16.681175 -0.000001 -13.508914 6.588249 -39.997851 2.466094 -1.576201 2.681695 15.930390 -6.318120 10.619500 -1.731338 24.785479 -3.310435 2.647898 -1.528746 1.528751 1.013239 4.851652 -1.158957 1.998929 -1.154086 1.154071 -0.000000 -0.000000 -0.000002 9.109294 -0.518011 2.259898 0.163759 4.033737 -15.656802 0.806050 3.704387 -30.251427 0.007914 0.599296 -8.008980 0.000000 0.000001 0.000001 9.533393 0.000002 0.000001 1.507391 9.968669 -20.825821 1.250666 4.460400 -39.166494 0.122516 1.278336 -10.102657 -0.000000 -0.000001 0.000001 9.104496 -0.042999 -1.865100 4.562652 14.395517 -32.368027 2.020046 4.165573 -44.394597 0.458122 1.638921 -17.181460 -0.000001 0.000002 -0.000002 8.077807 -0.486898 -3.806301 7.942362 20.292217 -42.253439 1.686658 4.406926 -50.136806 0.215423 2.120779 -12.755180 0.000001 -0.000001 -0.000002 -8.207800 -6.751722 -1.599543 -7.837059 -12.200489 -11.483647 27.260135 -4.167981 -8.798979 -14.665089 -4.266418 2.608269 -3.100601 -0.000005 -0.000005 0.000000 0.000000 0.000000 8.207800 -6.751703 -1.599543 -4.321682 14.707014 -8.947900 14.798353 8.103181 -5.172172 -6.436772 -2.764849 9.364555 -5.010588 0.000003 -0.000000 -0.000000 -0.000002 0.000000 
23.234556 101.524269 3.674206 -3.051364 9.214022 6.257952 -0.000002 10.181531 0.131524 1.834839 7.415874 0.386342 0.539243 3.129395 3.377857 0.537082 3.359339 3.319026 0.000001 16.740370 -2.049020 0.609968 6.011836 -4.053033 0.000000 9.617858 1.684986 -0.501721 36.468917 -39.718803 0.000008 22.037369 7.501077 -0.000001 0.000000 0.000000 -4.569997 11.014883 -2.160841 8.590152 -0.688847 16.050087 -2.870699 41.830015 56.316569 -0.000006 18.977571 0.000022 27.254980 33.041324 -14.403506 -2.464799 -1.573997 2.681913 18.379310 0.691612 -10.920551 1.154267 -32.426043 3.088704 -2.646259 -1.527804 1.527813 1.968461 -8.265597 1.143119 -1.994597 -1.151582 1.151569 0.000001 -0.000001 -0.000000 -9.108308 -0.517884 2.259804 0.330174 -4.582245 7.619676 0.378761 -2.801434 20.332025 -0.193964 -0.192121 13.612069 -0.000001 -0.000002 -0.000000 -9.532505 0.000015 0.000001 0.903916 -8.778431 15.498130 0.896358 -3.955018 32.972803 0.210121 -1.666481 15.665893 -0.000002 -0.000002 0.000001 -9.103601 -0.043106 -1.865099 2.568427 -11.760245 26.584944 1.673988 -3.850928 39.701147 -0.160027 0.059021 17.583490 -0.000005 -0.000000 -0.000001 -8.076706 -0.486727 -3.806289 5.622612 -16.168337 36.584187 1.344960 -4.038246 45.129242 -0.725723 -0.198318 21.687978 -0.000001 -0.000001 0.000002 4.570399 11.014684 -2.160817 5.187626 -8.314389 -6.940539 13.270362 -6.015643 -84.491366 -0.000001 -15.315861 -0.000003 -15.574225 4.527432 -43.306743 2.466095 -1.576211 2.681695 16.847978 -4.537479 10.702735 -0.777492 27.359868 -3.188963 2.647885 -1.528743 1.528754 1.339311 6.145233 -0.918331 1.998926 -1.154091 1.154078 -0.000001 -0.000000 -0.000004 9.109292 -0.517993 2.259899 0.336162 4.898632 -19.241618 1.018037 4.039983 -34.192142 0.036898 0.832754 -10.328293 0.000001 0.000001 -0.000000 9.533398 -0.000003 -0.000002 1.734068 10.006933 -25.287831 1.604598 4.869413 -44.597201 0.174398 1.504298 -12.423204 -0.000000 -0.000001 -0.000000 9.104500 -0.042984 -1.865099 4.718211 13.696052 -36.771228 2.505868 4.529854 -50.491917 0.551500 1.849383 -19.503038 0.000000 -0.000000 0.000000 8.077801 -0.486897 -3.806299 7.826420 19.260882 -46.913475 2.143665 4.812652 -56.229075 0.340035 2.495756 -16.681917 -0.000001 -0.000000 0.000001 -8.207805 -6.751731 -1.599544 -7.759193 -12.342603 -11.888117 26.440823 -4.155545 -8.497357 -14.676231 -2.547776 3.930710 -2.686258 0.000003 0.000005 0.000000 0.000000 -0.000000 8.207796 -6.751714 -1.599543 -4.403304 14.205685 -8.955244 14.561449 8.359698 -5.243236 -6.445721 -1.435431 9.381548 -5.106406 -0.000010 -0.000000 0.000000 -0.000000 0.000000 
23.205227 101.558968 3.691970 -2.984199 8.118373 6.153714 -0.000001 10.181546 0.131522 1.936981 6.959637 0.606556 0.594756 2.983470 3.613704 0.591489 3.231240 3.551969 0.000001 16.740364 -2.049021 0.462225 5.928259 -4.007054 0.000008 9.617835 1.684980 -0.415726 36.360772 -40.079297 0.000002 22.037354 7.501073 0.000001 0.000002 0.000003 -4.570002 11.014873 -2.160842 8.606019 -0.793959 16.042308 -2.192224 42.487441 55.283910 -0.000017 18.353167 0.000035 20.200565 33.644037 -5.710801 -2.464797 -1.573979 2.681910 18.491308 0.461441 -10.916090 1.284024 -32.757615 3.089027 -2.646281 -1.527807 1.527809 2.008722 -8.430450 1.114710 -1.994590 -1.151582 1.151584 0.000001 -0.000005 -0.000000 -9.108294 -0.517874 2.259810 0.340392 -4.677250 7.903019 0.389117 -2.829119 20.625008 -0.192901 -0.222479 13.902601 -0.000000 -0.000001 -0.000001 -9.532498 -0.000001 0.000015 0.915985 -8.774469 15.890886 0.922217 -3.996101 33.459423 0.218106 -1.694464 15.956787 -0.000002 0.000001 0.000003 -9.103601 -0.043105 -1.865100 2.562297 -11.676564 26.968882 1.714881 -3.890869 40.274689 -0.157429 0.029266 17.874011 0.000002 -0.000002 -0.000002 -8.076695 -0.486727 -3.806286 5.579769 -16.033890 37.000344 1.382579 -4.082106 45.704586 -0.728001 -0.254179 22.181345 -0.000004 -0.000000 0.000003 4.570395 11.014686 -2.160815 5.054034 -8.742312 -6.897346 14.013742 -8.286104 -85.126526 -0.000002 -14.132703 0.000011 -17.738937 2.960158 -45.081718 2.466104 -1.576205 2.681695 17.600829 -2.957452 10.756621 0.061006 29.586621 -3.121316 2.647887 -1.528746 1.528751 1.629452 7.313217 -0.707106 1.998917 -1.154091 1.154078 0.000000 0.000002 0.000003 9.109307 -0.518014 2.259896 0.547589 5.609927 -22.318519 1.217149 4.314554 -37.560419 0.069842 1.035101 -12.349507 -0.000001 -0.000000 -0.000005 9.533409 0.000005 -0.000003 1.915773 10.038594 -29.143639 1.932874 5.187544 -49.188488 0.227047 1.699342 -14.445635 -0.000000 -0.000000 -0.000003 9.104492 -0.042985 -1.865106 4.747049 13.102267 -40.549583 2.942092 4.794525 -55.616393 0.639768 2.029563 -21.526507 -0.000000 -0.000000 0.000001 8.077799 -0.486892 -3.806307 7.573387 18.423447 -50.835684 2.555791 5.112127 -61.308502 0.471756 2.820184 -20.162932 0.000000 -0.000000 -0.000000 -8.207799 -6.751716 -1.599542 -7.658866 -12.518648 -12.260771 25.578287 -4.335178 -8.162364 -14.668101 -0.658912 5.231869 -2.292793 0.000000 0.000003 -0.000000 -0.000000 -0.000001 8.207799 -6.751710 -1.599542 -4.499532 13.743810 -8.899842 14.374500 8.537760 -5.319952 -6.490000 -0.069377 9.384917 -5.188858 -0.000000 0.000002 0.000000 0.000000 0.000000 
23.141693 101.589478 3.730554 -2.919326 6.986576 6.049980 -0.000001 10.181543 0.131525 2.056819 6.486177 0.798113 0.655845 2.828694 3.840368 0.651586 3.094274 3.775786 0.000003 16.740343 -2.049021 0.330408 5.856460 -3.998972 -0.000010 9.617849 1.684970 -0.485888 35.796888 -40.045891 -0.000005 22.037369 7.501077 -0.000003 -0.000002 0.000001 -4.569996 11.014880 -2.160841 8.618871 -0.921456 15.992282 -2.088268 42.411988 54.286606 -0.000005 17.304832 0.000029 12.836557 32.916560 2.768596 -2.464797 -1.573986 2.681896 18.491303 0.461446 -10.916084 1.284018 -32.757625 3.089020 -2.646275 -1.527809 1.527812 2.008723 -8.430468 1.114699 -1.994594 -1.151582 1.151578 0.000000 -0.000003 0.000001 -9.108294 -0.517871 2.259801 0.346614 -4.720799 8.337538 0.404733 -2.870116 21.059806 -0.191057 -0.267772 14.336473 0.000001 0.000001 -0.000001 -9.532498 0.000016 -0.000006 0.941272 -8.812738 16.328378 0.945688 -4.032735 33.895760 0.230262 -1.736184 16.391196 0.000000 0.000000 0.000001 -9.103593 -0.043106 -1.865106 2.610268 -11.702353 27.410502 1.746403 -3.921135 40.712917 -0.153230 -0.015100 18.307897 -0.000001 -0.000000 0.000002 -8.076702 -0.486723 -3.806307 5.607181 -16.068585 37.441967 1.411350 -4.115085 46.140650 -0.729608 -0.303318 22.614792 0.000002 0.000001 0.000001 4.570399 11.014681 -2.160816 4.915579 -9.229249 -6.847737 14.626454 -9.708675 -85.606292 -0.000014 -13.169922 -0.000009 -19.635471 1.833369 -45.342194 2.466113 -1.576205 2.681697 18.148098 -1.671611 10.802973 0.727721 31.327752 -3.093866 2.647870 -1.528758 1.528753 1.869952 8.293035 -0.534229 1.998928 -1.154091 1.154078 -0.000001 -0.000003 0.000002 9.109322 -0.518010 2.259902 0.741640 6.119796 -24.688487 1.380293 4.516504 -40.139564 0.101006 1.194555 -13.951420 -0.000001 -0.000003 -0.000001 9.533425 0.000007 0.000002 2.054111 10.071339 -32.157934 2.195344 5.408353 -52.633694 0.273629 1.852512 -16.048597 -0.000000 0.000000 0.000002 9.104506 -0.042997 -1.865102 4.702436 12.651966 -43.484734 3.280150 4.965166 -59.419613 0.714206 2.170078 -23.130359 0.000000 0.000000 0.000000 8.077806 -0.486896 -3.806299 7.283307 17.808325 -53.794696 2.872847 5.307225 -65.020457 0.593534 3.078238 -23.000491 0.000000 -0.000001 -0.000000 -8.207802 -6.751721 -1.599544 -7.559592 -12.666115 -12.592196 24.743455 -4.553155 -7.829979 -14.656790 1.210608 6.471652 -1.924752 0.000001 0.000002 -0.000000 -0.000000 -0.000000 8.207797 -6.751705 -1.599545 -4.617366 13.331328 -8.799223 14.271648 8.775319 -5.404126 -6.578118 1.218968 9.353743 -5.278400 0.000029 0.000003 0.000000 -0.000000 0.000000 
23.039568 101.616165 3.785237 -2.851080 5.773816 5.936357 -0.000003 10.181550 0.131525 2.189184 6.038351 0.962913 0.721140 2.682638 4.058696 0.716037 2.965907 3.991353 0.000001 16.740362 -2.049015 0.207247 5.776346 -4.150569 -0.000015 9.617846 1.684983 -0.357504 34.821957 -39.765573 0.000002 22.037369 7.501070 -0.000000 -0.000000 -0.000001 -4.569997 11.014881 -2.160837 8.628572 -1.054879 15.917044 -2.472267 41.711074 53.285557 0.000011 15.919650 0.000015 5.839035 30.992895 10.419372 -2.464809 -1.573994 2.681912 18.491267 0.461448 -10.916087 1.284018 -32.757618 3.089015 -2.646264 -1.527811 1.527814 2.008721 -8.430479 1.114700 -1.994606 -1.151582 1.151583 0.000000 -0.000005 -0.000000 -9.108292 -0.517877 2.259815 0.358596 -4.798725 9.116055 0.433511 -2.943224 21.838821 -0.186878 -0.348922 15.113781 0.000000 -0.000003 0.000001 -9.532510 0.000017 0.000012 0.987260 -8.880626 17.112313 0.988423 -4.097910 34.677567 0.252838 -1.810679 17.169540 -0.000002 0.000003 -0.000000 -9.103602 -0.043102 -1.865087 2.696489 -11.747145 28.201817 1.803440 -3.974716 41.498092 -0.144873 -0.094559 19.085241 0.000000 -0.000003 0.000000 -8.076694 -0.486726 -3.806287 5.657034 -16.130252 38.233405 1.463604 -4.173651 46.922027 -0.731555 -0.391290 23.391323 -0.000001 0.000000 -0.000000 4.570397 11.014656 -2.160812 4.776823 -9.733733 -6.797675 15.161994 -10.355660 -85.924797 -0.000003 -12.397698 0.000019 -21.116957 1.063720 -44.181625 2.466092 -1.576203 2.681700 18.444820 -0.764888 10.868402 1.162899 32.448169 -3.088674 2.647890 -1.528769 1.528753 2.049835 9.032777 -0.406238 1.998939 -1.154088 1.154079 -0.000001 -0.000003 0.000003 9.109296 -0.518010 2.259901 0.866308 6.401874 -26.146898 1.483936 4.635678 -41.708526 0.124230 1.300181 -15.018017 -0.000001 0.000001 0.000001 9.533409 0.000022 0.000002 2.153624 10.113036 -34.100280 2.351705 5.527718 -54.609705 0.307027 1.953733 -17.115921 0.000001 0.000000 -0.000001 9.104500 -0.043000 -1.865101 4.641973 12.370116 -45.361800 3.472337 5.050060 -61.529595 0.765942 2.262428 -24.198295 -0.000000 0.000001 0.000003 8.077783 -0.486887 -3.806302 7.054128 17.423538 -55.555099 3.044986 5.401717 -66.978495 0.687737 3.257727 -25.016948 0.000000 -0.000001 0.000000 -8.207804 -6.751721 -1.599543 -7.456476 -12.720471 -12.828559 23.935544 -4.763033 -7.552699 -14.630885 2.985586 7.653162 -1.583751 0.000000 -0.000002 0.000000 0.000001 0.000000 8.207795 -6.751701 -1.599544 -4.768854 12.973887 -8.635619 14.273857 9.212516 -5.501325 -6.712776 2.327677 9.265335 -5.373895 -0.000010 -0.000001 -0.000000 -0.000002 -0.000000 
22.896080 101.645370 3.857606 -2.775891 4.463059 5.779099 0.000005 10.181549 0.131524 2.331614 5.616991 1.106913 0.789848 2.547093 4.268129 0.783839 2.847889 4.198106 -0.000001 16.740377 -2.049019 0.094773 5.699561 -4.446079 -0.000005 9.617867 1.684979 -0.004960 33.583538 -39.299563 0.000005 22.037384 7.501080 -0.000001 -0.000004 -0.000001 -4.570005 11.014887 -2.160836 8.637350 -1.178066 15.847837 -3.156225 40.545051 52.182628 -0.000003 14.323053 0.000001 -0.381316 28.160785 16.944835 -2.464800 -1.573984 2.681908 18.491287 0.461431 -10.916085 1.283994 -32.757628 3.089020 -2.646278 -1.527801 1.527812 2.008736 -8.430466 1.114703 -1.994602 -1.151584 1.151581 -0.000001 -0.000003 0.000001 -9.108314 -0.517866 2.259792 0.376064 -4.901326 10.144178 0.473019 -3.039198 22.867564 -0.179632 -0.455938 16.140142 0.000000 0.000002 0.000001 -9.532501 0.000019 -0.000008 1.049282 -8.968822 18.147749 1.046212 -4.183102 35.710029 0.284222 -1.908528 18.197316 -0.000001 0.000002 -0.000003 -9.103622 -0.043096 -1.865112 2.810805 -11.803534 29.246976 1.879879 -4.044248 42.534925 -0.132172 -0.199299 20.111649 0.000000 0.000000 0.000000 -8.076698 -0.486707 -3.806304 5.724239 -16.210667 39.278850 1.533775 -4.249853 47.953877 -0.732309 -0.507502 24.416670 0.000005 -0.000000 0.000001 4.570399 11.014718 -2.160815 4.641129 -10.225079 -6.747450 15.656148 -10.357368 -86.080177 -0.000004 -11.719558 -0.000010 -22.215197 0.590288 -41.769482 2.466107 -1.576203 2.681689 18.455656 -0.272362 10.980836 1.327560 32.868588 -3.089306 2.647882 -1.528759 1.528755 2.168419 9.523712 -0.322463 1.998909 -1.154084 1.154069 0.000003 0.000004 -0.000000 9.109310 -0.518005 2.259898 0.902977 6.479500 -26.556009 1.511565 4.666350 -42.118816 0.135084 1.346620 -15.488321 0.000002 0.000002 0.000002 9.533417 0.000002 -0.000002 2.221821 10.173311 -34.836301 2.373255 5.543512 -54.878074 0.322359 1.998159 -17.586569 0.000000 0.000000 0.000004 9.104502 -0.042996 -1.865099 4.609405 12.263386 -46.055440 3.484288 5.055060 -61.659772 0.789295 2.302846 -24.669182 0.000000 0.000000 0.000000 8.077795 -0.486904 -3.806306 6.952993 17.257004 -55.954515 3.035272 5.396602 -66.869027 0.743239 3.356676 -26.145563 -0.000000 -0.000000 -0.000000 -8.207797 -6.751731 -1.599545 -7.330034 -12.692673 -12.928568 23.108005 -5.016056 -7.340519 -14.573853 4.746758 8.784657 -1.267420 0.000002 -0.000001 0.000000 0.000000 0.000000 8.207807 -6.751702 -1.599544 -4.962487 12.663978 -8.373304 14.365385 9.706765 -5.617895 -6.893229 3.419011 9.139356 -5.456429 0.000020 0.000002 0.000000 -0.000000 0.000000 
22.710072 101.682732 3.950835 -2.697834 3.082427 5.546826 0.000000 10.181552 0.131523 2.485967 5.202933 1.240912 0.861950 2.415542 4.469135 0.854787 2.733721 4.396450 -0.000006 16.740341 -2.049021 -0.005533 5.633645 -4.839045 0.000004 9.617865 1.684977 0.513149 32.189900 -38.726128 -0.000000 22.037354 7.501083 0.000000 -0.000001 0.000004 -4.570004 11.014878 -2.160839 8.647708 -1.283998 15.806847 -3.880090 39.096676 50.884469 -0.000000 12.713108 -0.000006 -5.708117 24.818643 22.224025 -2.464791 -1.573987 2.681909 18.491277 0.461465 -10.916083 1.284042 -32.757598 3.089013 -2.646267 -1.527836 1.527804 2.008702 -8.430484 1.114689 -1.994595 -1.151581 1.151567 -0.000001 -0.000004 0.000005 -9.108300 -0.517878 2.259803 0.398417 -5.018977 11.327436 0.520614 -3.148695 24.051483 -0.168992 -0.578923 17.321182 -0.000000 -0.000000 -0.000001 -9.532499 -0.000002 0.000000 1.122347 -9.068224 19.339665 1.114631 -4.279813 36.898270 0.322497 -2.020437 19.380097 0.000003 0.000002 0.000000 -9.103603 -0.043107 -1.865104 2.942844 -11.864463 30.450001 1.969400 -4.122572 43.728261 -0.115265 -0.319453 21.292744 -0.000007 -0.000003 -0.000001 -8.076694 -0.486735 -3.806297 5.803469 -16.301676 40.482480 1.616236 -4.335987 49.141449 -0.730586 -0.641222 25.596496 0.000003 -0.000001 0.000001 4.570397 11.014677 -2.160815 4.510568 -10.685536 -6.696190 16.121507 -9.840786 -86.077848 -0.000003 -10.987620 0.000012 -23.045518 0.383987 -38.323129 2.466074 -1.576207 2.681693 18.178417 -0.159962 11.157447 1.227213 32.612644 -3.088739 2.647893 -1.528721 1.528755 2.236291 9.805742 -0.274788 1.998922 -1.154087 1.154072 0.000002 0.000002 -0.000002 9.109291 -0.518017 2.259895 0.871979 6.416648 -25.925921 1.462134 4.611151 -41.382607 0.132844 1.337184 -15.392789 0.000001 0.000000 0.000001 9.533391 0.000001 -0.000001 2.265206 10.261009 -34.407758 2.257514 5.456842 -53.425620 0.319214 1.989145 -17.490940 0.000001 0.000004 -0.000002 9.104481 -0.043007 -1.865103 4.618879 12.319396 -45.607717 3.312584 4.980082 -59.778164 0.784524 2.294636 -24.573373 -0.000001 -0.000001 0.000000 8.077777 -0.486908 -3.806306 6.992574 17.285662 -55.005392 2.839437 5.287959 -64.635999 0.759598 3.385037 -26.471271 -0.000000 -0.000002 -0.000000 -8.207798 -6.751711 -1.599544 -7.161899 -12.650179 -12.885447 22.223013 -5.393436 -7.160201 -14.481941 6.626294 9.855848 -0.974138 -0.000000 0.000001 0.000000 0.000000 -0.000001 8.207802 -6.751709 -1.599545 -5.198397 12.389850 -7.985521 14.506775 9.848527 -5.757351 -7.123928 4.879693 9.040133 -5.511156 0.000002 -0.000001 0.000000 -0.000000 0.000000 
22.480320 101.728073 4.064653 -2.626474 1.681048 5.234486 0.000002 10.181540 0.131525 2.652992 4.798134 1.379393 0.936242 2.288441 4.665411 0.927709 2.623885 4.590004 0.000002 16.740360 -2.049016 -0.099074 5.572739 -5.303587 -0.000008 9.617857 1.684980 1.137955 30.661713 -38.093550 0.000005 22.037384 7.501071 0.000004 0.000001 0.000000 -4.570003 11.014869 -2.160841 8.659917 -1.377721 15.789560 -4.358416 37.536821 49.358738 0.000001 11.348544 0.000019 -10.289517 21.415286 26.215231 -2.464805 -1.573995 2.681906 18.491286 0.461442 -10.916102 1.284021 -32.757632 3.089006 -2.646250 -1.527798 1.527814 2.008727 -8.430473 1.114688 -1.994590 -1.151575 1.151575 0.000001 -0.000003 -0.000000 -9.108307 -0.517877 2.259799 0.424593 -5.142134 12.571340 0.573066 -3.262705 25.296026 -0.155049 -0.707885 18.562530 -0.000002 0.000005 -0.000001 -9.532507 -0.000001 -0.000001 1.201136 -9.170361 20.592899 1.188682 -4.379884 38.147430 0.365211 -2.137180 20.623370 0.000001 -0.000004 -0.000001 -9.103585 -0.043107 -1.865103 3.082078 -11.924063 31.714802 2.065213 -4.202849 44.982690 -0.094810 -0.445395 22.534145 -0.000004 -0.000000 -0.000001 -8.076678 -0.486729 -3.806294 5.888915 -16.395620 41.748199 1.704804 -4.424638 50.389881 -0.725825 -0.781677 26.836565 -0.000001 -0.000001 -0.000001 4.570405 11.014688 -2.160811 4.386902 -11.103030 -6.640211 16.548307 -8.891565 -85.932037 0.000001 -10.045079 0.000012 -23.728357 0.437516 -34.068031 2.466100 -1.576203 2.681695 17.650027 -0.357054 11.393262 0.905379 31.786710 -3.090554 2.647897 -1.528749 1.528751 2.266399 9.931136 -0.253682 1.998928 -1.154095 1.154077 -0.000002 -0.000001 0.000001 9.109297 -0.518016 2.259903 0.803405 6.270901 -24.405610 1.349558 4.479872 -39.664442 0.119917 1.281275 -14.826860 -0.000000 -0.000000 -0.000001 9.533404 0.000003 0.000004 2.283479 10.379126 -32.997265 2.029791 5.272251 -50.481136 0.300896 1.935644 -16.924596 0.000000 0.000003 -0.000000 9.104499 -0.043000 -1.865097 4.656120 12.514985 -44.195794 2.988167 4.819462 -56.142383 0.756527 2.245919 -24.006529 -0.000001 0.000000 -0.000001 8.077782 -0.486894 -3.806299 7.136662 17.489179 -52.892657 2.491649 5.069113 -60.538617 0.743654 3.357442 -26.154265 0.000000 0.000002 0.000001 -8.207800 -6.751712 -1.599543 -6.944480 -12.638203 -12.722973 21.289621 -5.933687 -6.965235 -14.371519 8.677038 10.851965 -0.703333 0.000001 0.000000 0.000000 0.000001 0.000000 8.207802 -6.751699 -1.599543 -5.463716 12.169887 -7.457190 14.722451 9.848805 -5.919608 -7.398082 6.427469 8.933702 -5.524864 -0.000002 0.000001 -0.000000 0.000000 0.000000 
22.203218 101.777008 4.195393 -2.569766 0.288344 4.863283 -0.000001 10.181557 0.131525 2.824819 4.432237 1.533907 1.008353 2.176215 4.861283 0.998527 2.528783 4.783026 0.000001 16.740362 -2.049020 -0.193543 5.507118 -5.842700 -0.000002 9.617893 1.684969 1.820668 28.973263 -37.364256 -0.000002 22.037369 7.501073 -0.000000 -0.000001 0.000000 -4.569994 11.014874 -2.160840 8.671116 -1.470083 15.767290 -4.348939 35.988359 47.660186 0.000005 10.470482 0.000008 -14.404644 18.381714 28.864168 -2.464798 -1.573984 2.681911 18.491298 0.461454 -10.916087 1.284052 -32.757615 3.089019 -2.646273 -1.527828 1.527810 2.008710 -8.430479 1.114691 -1.994582 -1.151584 1.151578 -0.000001 0.000001 -0.000000 -9.108295 -0.517879 2.259806 0.452591 -5.261321 13.781349 0.626449 -3.372449 26.506627 -0.138813 -0.833006 19.769810 -0.000003 -0.000000 -0.000001 -9.532495 0.000008 0.000003 1.279553 -9.267283 21.812202 1.262819 -4.475658 39.362530 0.409158 -2.249786 21.832662 -0.000002 -0.000001 -0.000000 -9.103591 -0.043107 -1.865100 3.217758 -11.977633 32.945223 2.160098 -4.278897 46.202903 -0.072311 -0.567375 23.741507 -0.000002 0.000001 -0.000002 -8.076681 -0.486733 -3.806289 5.974113 -16.485217 42.979911 1.792800 -4.508972 51.604258 -0.718277 -0.918152 28.042595 0.000003 0.000002 -0.000003 4.570404 11.014676 -2.160815 4.272023 -11.467030 -6.567722 16.912698 -7.553410 -85.664014 0.000002 -8.794377 -0.000009 -24.360462 0.750574 -29.212521 2.466110 -1.576217 2.681688 16.926547 -0.797062 11.665212 0.417156 30.520209 -3.103741 2.647885 -1.528753 1.528753 2.267266 9.934707 -0.253084 1.998917 -1.154094 1.154074 -0.000001 -0.000001 -0.000000 9.109312 -0.518014 2.259896 0.715475 6.067714 -22.197691 1.194370 4.284829 -37.188471 0.099878 1.189151 -13.897090 0.000001 -0.000001 -0.000000 9.533401 0.000002 -0.000006 2.269343 10.523530 -30.825125 1.729520 4.996560 -46.386810 0.271987 1.847340 -15.994150 -0.000003 0.000000 -0.000001 9.104512 -0.042998 -1.865104 4.692596 12.825631 -42.033339 2.560932 4.566273 -51.154797 0.711592 2.165288 -23.075377 -0.000002 0.000000 0.000003 8.077802 -0.486889 -3.806309 7.325360 17.853751 -49.870698 2.048506 4.735175 -55.006020 0.703391 3.286090 -25.339191 0.000001 -0.000000 0.000000 -8.207805 -6.751700 -1.599544 -6.677453 -12.648774 -12.478074 20.340259 -6.602445 -6.723166 -14.258307 10.849777 11.780686 -0.453222 0.000002 -0.000001 -0.000000 -0.000000 -0.000000 8.207797 -6.751683 -1.599546 -5.734885 12.068259 -6.803831 15.032411 9.852061 -6.092792 -7.709159 7.824213 8.785743 -5.484885 -0.000024 0.000000 -0.000000 -0.000002 -0.000000 
21.872633 101.826019 4.337953 -2.530823 -1.095943 4.455763 -0.000002 10.181552 0.131526 2.982260 4.125689 1.705428 1.071268 2.085781 5.056921 1.060471 2.455179 4.975698 0.000001 16.740351 -2.049019 -0.283149 5.430007 -6.462436 -0.000003 9.617873 1.684977 2.495662 27.112361 -36.443690 0.000002 22.037354 7.501073 -0.000000 0.000000 -0.000000 -4.570001 11.014872 -2.160837 8.676774 -1.566789 15.707751 -3.730501 34.501218 45.922053 0.000001 10.200389 0.000012 -18.287213 16.070283 30.092827 -2.464795 -1.573997 2.681903 18.491293 0.461456 -10.916088 1.284014 -32.757645 3.089021 -2.646284 -1.527828 1.527812 2.008734 -8.430467 1.114696 -1.994586 -1.151598 1.151578 0.000005 -0.000003 -0.000002 -9.108310 -0.517874 2.259798 0.479743 -5.367296 14.862722 0.676125 -3.469538 27.588481 -0.122069 -0.944494 20.848604 0.000004 -0.000001 0.000001 -9.532500 0.000001 -0.000004 1.351087 -9.351903 22.902049 1.330736 -4.559895 40.448442 0.450457 -2.349575 22.913289 -0.000000 0.000003 -0.000000 -9.103584 -0.043105 -1.865106 3.339051 -12.021879 34.044866 2.246215 -4.345123 47.293333 -0.050048 -0.675973 24.820351 0.000001 0.000007 -0.000001 -8.076694 -0.486728 -3.806302 6.051932 -16.563767 44.080999 1.872919 -4.582752 52.689520 -0.709103 -1.039933 29.120249 -0.000002 0.000003 0.000003 4.570405 11.014673 -2.160813 4.167107 -11.775507 -6.459275 17.195543 -5.853006 -85.293818 -0.000008 -7.262766 -0.000010 -25.017943 1.312498 -23.949681 2.466112 -1.576221 2.681697 16.064371 -1.424541 11.945527 -0.186458 28.933439 -3.137431 2.647884 -1.528754 1.528747 2.244069 9.838134 -0.269316 1.998921 -1.154094 1.154063 -0.000001 -0.000000 -0.000002 9.109287 -0.518020 2.259897 0.618965 5.815722 -19.498561 1.016910 4.038313 -34.172082 0.076253 1.069952 -12.698963 0.000002 -0.000000 0.000000 9.533421 0.000003 0.000001 2.214054 10.685975 -28.095691 1.397008 4.639118 -41.484626 0.236835 1.732848 -14.795182 0.000003 -0.000001 0.000001 9.104505 -0.042995 -1.865104 4.697938 13.227290 -39.318284 2.083752 4.218098 -45.223273 0.655636 2.060335 -21.875590 0.000002 -0.000001 0.000001 8.077822 -0.486889 -3.806301 7.495401 18.364603 -46.186555 1.570042 4.288321 -48.479918 0.646097 3.180261 -24.141990 0.000000 -0.000000 -0.000001 -8.207801 -6.751705 -1.599543 -6.372785 -12.653201 -12.177683 19.419107 -7.316825 -6.421244 -14.147022 13.052014 12.632484 -0.232462 0.000005 -0.000002 0.000000 -0.000001 0.000000 8.207798 -6.751694 -1.599543 -6.000877 12.128772 -6.054351 15.431448 9.858587 -6.250823 -8.045612 9.031187 8.579135 -5.417323 -0.000011 0.000000 0.000000 -0.000002 0.000000 
21.482899 101.874596 4.484426 -2.512017 -2.467246 4.011699 0.000002 10.181551 0.131523 3.101914 3.854429 1.885285 1.118643 2.007318 5.247856 1.107121 2.393083 5.163806 0.000002 16.740377 -2.049020 -0.341835 5.333138 -7.144109 -0.000003 9.617842 1.684982 3.058351 25.088140 -35.261251 0.000004 22.037369 7.501072 0.000002 -0.000003 -0.000001 -4.570004 11.014877 -2.160840 8.672978 -1.661870 15.596397 -2.549536 33.053570 44.316829 -0.000011 10.487749 -0.000009 -21.986114 14.701106 29.862595 -2.464783 -1.574004 2.681900 18.491286 0.461475 -10.916083 1.284025 -32.757632 3.089025 -2.646264 -1.527827 1.527818 2.008702 -8.430468 1.114691 -1.994593 -1.151567 1.151578 0.000004 -0.000001 -0.000002 -9.108283 -0.517875 2.259800 0.502718 -5.450989 15.720785 0.716821 -3.545900 28.446905 -0.107309 -1.032690 21.704453 -0.000001 -0.000003 0.000001 -9.532487 -0.000000 -0.000002 1.408757 -9.417663 23.766920 1.385781 -4.625795 41.310108 0.484534 -2.428201 23.770732 -0.000001 -0.000000 0.000003 -9.103584 -0.043100 -1.865106 3.435284 -12.054573 34.917423 2.315442 -4.396492 48.158527 -0.030925 -0.761799 25.676254 -0.000001 0.000003 0.000001 -8.076682 -0.486730 -3.806299 6.114815 -16.625048 44.954946 1.937494 -4.640197 53.550650 -0.700182 -1.136412 29.975224 0.000001 0.000005 0.000001 4.570401 11.014694 -2.160815 4.071261 -12.047004 -6.300470 17.404697 -3.825233 -84.827480 0.000007 -5.619949 0.000006 -25.758558 2.087704 -18.472448 2.466105 -1.576210 2.681701 15.116431 -2.184112 12.211017 -0.858980 27.141440 -3.197523 2.647878 -1.528737 1.528752 2.202164 9.663865 -0.298761 1.998925 -1.154078 1.154071 0.000000 0.000005 -0.000000 9.109313 -0.518012 2.259904 0.524723 5.527063 -16.494263 0.835261 3.753813 -30.821205 0.052238 0.932613 -11.324233 0.000004 0.000001 0.000002 9.533417 0.000010 0.000006 2.112859 10.856256 -25.004819 1.068240 4.214799 -36.096621 0.199491 1.600627 -13.419590 0.000004 -0.000001 0.000000 9.104511 -0.042998 -1.865097 4.647472 13.692314 -36.240314 1.605704 3.782508 -38.731216 0.594154 1.938478 -20.499066 0.000000 -0.000000 -0.000000 8.077820 -0.486887 -3.806298 7.590977 18.995275 -42.074802 1.110439 3.742960 -41.374072 0.578964 3.049058 -22.676276 -0.000004 0.000000 -0.000004 -8.207799 -6.751721 -1.599544 -6.067232 -12.628756 -11.813545 18.624357 -7.988053 -6.062870 -14.049887 15.166216 13.280048 -0.070332 -0.000003 -0.000002 0.000000 0.000001 0.000000 8.207799 -6.751705 -1.599545 -6.275902 12.311991 -5.217604 15.918073 9.867937 -6.375197 -8.397397 10.088189 8.302308 -5.391732 -0.000004 -0.000001 -0.000000 -0.000001 -0.000000 
21.032555 101.923218 4.621655 -2.519159 -3.782688 3.513082 0.000002 10.181557 0.131526 3.171856 3.557815 2.064185 1.149047 1.917236 5.429485 1.136710 2.318769 5.343059 -0.000001 16.740374 -2.049020 -0.344752 5.202146 -7.846222 -0.000012 9.617855 1.684978 3.395805 22.903159 -33.828718 -0.000003 22.037354 7.501072 0.000002 -0.000003 0.000001 -4.570000 11.014899 -2.160839 8.658158 -1.741389 15.441753 -0.995790 31.583710 43.002956 0.000004 11.147794 0.000005 -25.338516 14.313399 28.230990 -2.464801 -1.573991 2.681910 18.491293 0.461446 -10.916099 1.284039 -32.757615 3.089013 -2.646268 -1.527821 1.527820 2.008707 -8.430472 1.114708 -1.994590 -1.151564 1.151577 0.000000 -0.000003 -0.000000 -9.108299 -0.517874 2.259802 0.517834 -5.503477 16.260683 0.743000 -3.593606 28.987033 -0.097345 -1.088087 22.242958 0.000000 -0.000000 -0.000000 -9.532510 0.000006 -0.000003 1.445486 -9.458434 24.311167 1.420888 -4.666822 41.852274 0.506588 -2.477410 24.310195 -0.000000 -0.000000 -0.000000 -9.103607 -0.043105 -1.865104 3.495800 -12.074065 35.466427 2.359386 -4.428273 48.702920 -0.018260 -0.815649 26.214758 -0.000001 0.000004 0.000003 -8.076698 -0.486727 -3.806301 6.154882 -16.663140 45.504923 1.978563 -4.675852 54.092486 -0.693840 -1.197033 30.513150 -0.000000 0.000006 -0.000000 4.570400 11.014700 -2.160813 3.980960 -12.321765 -6.102556 17.580451 -1.519453 -84.251073 -0.000004 -4.121546 -0.000018 -26.611114 3.012682 -12.984290 2.466093 -1.576187 2.681695 14.135269 -3.015945 12.444769 -1.556406 25.260377 -3.284639 2.647893 -1.528751 1.528753 2.147790 9.438143 -0.337005 1.998921 -1.154093 1.154072 0.000001 0.000003 0.000001 9.109290 -0.518017 2.259901 0.442750 5.220761 -13.369324 0.664515 3.447394 -27.340076 0.030365 0.786391 -9.866633 -0.000000 0.000000 0.000001 9.533399 -0.000007 0.000000 1.968084 11.023140 -21.751514 0.772357 3.746352 -30.538582 0.163341 1.459472 -11.961125 -0.000001 0.000001 -0.000001 9.104493 -0.042998 -1.865101 4.528301 14.187493 -32.993290 1.168467 3.280583 -32.053016 0.532179 1.807688 -19.039714 0.000002 0.000001 0.000000 8.077791 -0.486892 -3.806301 7.573709 19.702488 -37.772295 0.712962 3.128660 -34.089669 0.508991 2.902685 -21.062939 0.000002 -0.000001 -0.000001 -8.207799 -6.751714 -1.599544 -5.796350 -12.543231 -11.336405 18.082335 -8.535099 -5.672890 -13.988417 17.010432 13.521906 0.011507 -0.000012 0.019860 -0.000000 0.000001 0.000000 8.207799 -6.751713 -1.599543 -6.582739 12.552378 -4.281927 16.497721 9.879099 -6.457691 -8.752358 11.019849 7.950947 -5.435038 -0.000004 0.000000 0.000000 0.000002 0.000001 
20.525898 101.971764 4.734759 -2.558037 -4.981055 2.952717 0.000001 10.181549 0.131523 3.204000 3.179002 2.238641 1.168126 1.793391 5.600477 1.154625 2.210050 5.512367 0.000002 16.740377 -2.049023 -0.300538 5.025540 -8.529553 -0.000005 9.617842 1.684979 3.454904 20.557228 -32.241775 -0.000002 22.037369 7.501068 0.000000 -0.000001 0.000001 -4.570000 11.014887 -2.160842 8.633073 -1.794191 15.263238 0.693982 30.037902 42.073497 -0.000009 11.959883 -0.000010 -28.081016 14.742203 25.337961 -2.464779 -1.573982 2.681901 18.491270 0.461449 -10.916089 1.284048 -32.757628 3.089027 -2.646274 -1.527789 1.527813 2.008715 -8.430474 1.114701 -1.994594 -1.151560 1.151580 -0.000001 -0.000002 0.000001 -9.108281 -0.517876 2.259797 0.521444 -5.515797 16.387678 0.749252 -3.604807 29.114071 -0.094940 -1.101067 22.369602 -0.000001 -0.000000 0.000000 -9.532497 0.000010 -0.000009 1.454140 -9.467954 24.439192 1.429222 -4.676419 41.979801 0.511833 -2.488951 24.437102 0.000002 -0.000000 0.000001 -9.103604 -0.043112 -1.865107 3.510022 -12.078544 35.595592 2.369764 -4.435673 48.830959 -0.015207 -0.828302 26.341434 0.000005 -0.000000 0.000000 -8.076705 -0.486722 -3.806308 6.164349 -16.672038 45.634318 1.988264 -4.684182 54.219954 -0.692277 -1.211291 30.639651 0.000001 -0.000001 -0.000001 4.570403 11.014700 -2.160814 3.891869 -12.643280 -5.911079 17.766980 1.015999 -83.540775 0.000008 -2.995968 -0.000001 -27.566775 4.003587 -7.685417 2.466098 -1.576219 2.681698 13.171743 -3.861390 12.636146 -2.239003 23.401423 -3.394068 2.647884 -1.528753 1.528755 2.087036 9.186557 -0.379893 1.998913 -1.154091 1.154077 -0.000001 0.000001 0.000001 9.109311 -0.518011 2.259902 0.378786 4.916509 -10.299681 0.515340 3.136958 -23.923603 0.012323 0.640364 -8.416122 -0.000002 0.000003 -0.000005 9.533389 -0.000005 0.000001 1.789131 11.175626 -18.527768 0.528563 3.262913 -25.110607 0.130966 1.318152 -10.509828 -0.000005 0.000003 -0.000000 9.104507 -0.042992 -1.865097 4.342670 14.677487 -29.766104 0.801180 2.745194 -25.544052 0.473850 1.676020 -17.587619 0.000005 0.000002 -0.000002 8.077794 -0.486892 -3.806304 7.431140 20.431242 -33.511859 0.404171 2.487048 -27.006751 0.441931 2.751498 -19.418542 0.000004 -0.000003 0.000002 -8.207799 -6.751700 -1.599544 -5.559582 -12.348483 -10.691197 17.844832 -8.890586 -5.297618 -13.975323 18.386999 13.246156 0.000270 -0.000002 0.000004 -0.000000 -0.000000 -0.000000 8.207800 -6.751693 -1.599543 -6.932868 12.803979 -3.256588 17.162360 9.891584 -6.475774 -9.088865 11.816162 7.518450 -5.475157 -0.000007 0.000001 0.000000 0.000000 0.000001 
19.972492 102.022865 4.816721 -2.627691 -6.031871 2.348656 0.000001 10.181551 0.131523 3.228238 2.696414 2.412217 1.186085 1.626920 5.761599 1.171077 2.058016 5.672514 0.000009 16.740366 -2.049023 -0.252829 4.810733 -9.173724 -0.000008 9.617850 1.684981 3.281992 18.098091 -30.637199 -0.000003 22.037399 7.501070 0.000000 0.000001 0.000001 -4.569990 11.014900 -2.160843 8.599570 -1.820606 15.074803 2.353607 28.412585 41.526174 0.000006 12.759236 0.000007 -30.022732 15.669940 21.345702 -2.464782 -1.573990 2.681911 18.491301 0.461461 -10.916118 1.284037 -32.757621 3.089050 -2.646258 -1.527804 1.527811 2.008703 -8.430477 1.114710 -1.994609 -1.151584 1.151582 0.000003 -0.000006 0.000001 -9.108278 -0.517870 2.259807 0.510685 -5.478831 16.007045 0.730653 -3.571235 28.733298 -0.102096 -1.062069 21.989982 -0.000002 0.000000 -0.000001 -9.532488 0.000000 0.000004 1.428197 -9.439339 24.055470 1.404353 -4.647585 41.597604 0.496169 -2.454320 24.056789 0.000003 -0.000001 0.000001 -9.103580 -0.043108 -1.865097 3.467395 -12.065015 35.208536 2.338696 -4.413395 48.447191 -0.024278 -0.790369 25.961785 0.000002 -0.000000 -0.000000 -8.076675 -0.486727 -3.806297 6.136009 -16.645287 45.246554 1.959233 -4.659155 53.837983 -0.696899 -1.168575 30.260446 -0.000002 0.000001 0.000001 4.570413 11.014691 -2.160816 3.801447 -13.030066 -5.790803 17.961111 3.751399 -82.686919 -0.000004 -2.336695 -0.000018 -28.583232 4.963828 -2.736522 2.466109 -1.576205 2.681699 12.277642 -4.663386 12.780769 -2.869376 21.672839 -3.515952 2.647885 -1.528751 1.528741 2.025646 8.933067 -0.423360 1.998925 -1.154085 1.154079 -0.000001 0.000003 -0.000000 9.109316 -0.518009 2.259899 0.334328 4.632516 -7.457546 0.394002 2.842137 -20.762453 -0.001232 0.503486 -7.060120 -0.000003 0.000000 0.000002 9.533410 0.000013 -0.000003 1.592591 11.304556 -15.522397 0.345262 2.798303 -20.106849 0.103922 1.185299 -9.153144 -0.000003 0.000002 0.000000 9.104501 -0.042999 -1.865099 4.109134 15.128150 -26.747610 0.518694 2.218021 -19.552895 0.422341 1.551608 -16.230235 0.000001 0.000002 -0.000004 8.077815 -0.486898 -3.806304 7.181856 21.122316 -29.531802 0.192137 1.867499 -20.498518 0.382214 2.605982 -17.854900 0.000002 0.000001 -0.000003 -8.207799 -6.751715 -1.599544 -5.212696 -12.045103 -9.874802 17.605064 -8.993039 -4.970251 -13.893493 19.208321 12.790784 -0.074001 -0.000003 0.000001 0.000000 -0.000000 -0.000000 8.207798 -6.751691 -1.599546 -7.307133 13.019906 -2.190266 17.853573 9.906406 -6.405019 -9.372472 12.501895 7.006512 -5.418080 0.000015 0.000002 0.000000 -0.000002 0.000000 
19.382736 102.070648 4.870735 -2.720464 -6.945625 1.742498 0.000001 10.181540 0.131524 3.268566 2.124992 2.579979 1.210611 1.422557 5.913290 1.193919 1.867275 5.823910 0.000003 16.740381 -2.049024 -0.242059 4.586449 -9.770894 -0.000002 9.617878 1.684977 3.000322 15.649782 -29.133120 0.000004 22.037369 7.501077 0.000000 0.000000 0.000002 -4.570002 11.014891 -2.160844 8.559514 -1.832317 14.878206 3.957108 26.768179 41.267620 -0.000009 13.473410 0.000041 -31.159446 16.747923 16.400331 -2.464812 -1.573987 2.681911 18.491279 0.461460 -10.916097 1.284048 -32.757625 3.089048 -2.646271 -1.527804 1.527820 2.008711 -8.430475 1.114690 -1.994597 -1.151587 1.151576 -0.000001 -0.000001 -0.000000 -9.108324 -0.517880 2.259799 0.466768 -5.317722 14.356257 0.652632 -3.424195 27.081820 -0.130178 -0.892325 20.343389 -0.000002 -0.000000 0.000001 -9.532507 -0.000017 -0.000000 1.317407 -9.312496 22.391576 1.298720 -4.520611 39.939876 0.430871 -2.302947 22.407206 0.000002 0.000000 -0.000000 -9.103610 -0.043103 -1.865103 3.282232 -12.001579 33.529849 2.205724 -4.314312 46.782650 -0.060731 -0.625161 24.315089 -0.000001 0.000001 0.000001 -8.076708 -0.486719 -3.806300 6.015269 -16.527162 43.565262 1.835231 -4.548403 52.181276 -0.713673 -0.982918 28.615552 0.000002 0.000001 -0.000003 4.570405 11.014708 -2.160818 3.710417 -13.460657 -5.791315 18.079152 6.671825 -81.713719 0.000004 -2.064335 0.000002 -29.598031 5.791104 1.788382 2.466098 -1.576209 2.681695 11.517214 -5.355565 12.879829 -3.403264 20.202649 -3.634543 2.647898 -1.528753 1.528758 1.970225 8.704725 -0.462734 1.998909 -1.154087 1.154076 0.000000 -0.000001 -0.000000 9.109303 -0.518018 2.259902 0.307701 4.390078 -5.047790 0.304033 2.587263 -18.083529 -0.010213 0.386309 -5.901867 0.000002 0.000000 -0.000000 9.533415 -0.000020 0.000002 1.403670 11.403067 -12.960422 0.222449 2.394252 -15.878482 0.083362 1.071346 -7.994398 0.000000 0.000002 0.000000 9.104499 -0.043001 -1.865096 3.864391 15.504126 -24.166234 0.324156 1.751808 -14.496066 0.380705 1.444404 -15.070961 -0.000001 -0.000002 -0.000001 8.077808 -0.486904 -3.806295 6.879262 21.711974 -26.127859 0.068965 1.329012 -15.012191 0.333780 2.478796 -16.502326 -0.000004 0.000001 -0.000001 -8.207800 -6.751707 -1.599543 -4.804752 -11.653594 -8.965521 17.379879 -8.882900 -4.686865 -13.766484 19.581512 12.238593 -0.294844 0.000002 0.000003 0.000000 -0.000000 0.000000 8.207800 -6.751702 -1.599543 -7.688570 13.184983 -1.136185 18.545080 9.922052 -6.256553 -9.599569 13.108422 6.432644 -5.256797 0.000002 -0.000000 0.000000 -0.000002 -0.000000 
18.768078 102.110153 4.903788 -2.827789 -7.732171 1.159272 0.000000 10.181545 0.131523 3.318390 1.498863 2.746007 1.239594 1.192792 6.055501 1.221206 1.650161 5.966350 -0.000001 16.740349 -2.049020 -0.269461 4.382987 -10.308338 -0.000003 9.617856 1.684975 2.750952 13.359748 -27.788582 0.000002 22.037354 7.501072 -0.000001 -0.000002 0.000001 -4.570004 11.014851 -2.160838 8.514512 -1.844258 14.669276 5.599068 25.203593 41.154991 0.000008 14.105176 0.000013 -31.665133 17.708580 10.645120 -2.464800 -1.574019 2.681905 18.491284 0.461448 -10.916096 1.284013 -32.757625 3.089032 -2.646253 -1.527813 1.527816 2.008716 -8.430469 1.114705 -1.994586 -1.151586 1.151578 0.000001 -0.000002 0.000001 -9.108301 -0.517879 2.259798 0.403750 -5.045178 11.591389 0.531537 -3.172972 24.315596 -0.166267 -0.606315 17.584605 -0.000000 0.000001 -0.000002 -9.532497 0.000004 -0.000003 1.138923 -9.090116 19.605565 1.130153 -4.301172 37.163356 0.331346 -2.045284 19.643918 0.000000 0.000000 0.000002 -9.103604 -0.043123 -1.865104 2.972357 -11.877509 30.718380 1.989566 -4.139776 43.994430 -0.111149 -0.346231 21.556190 0.000002 -0.000000 -0.000001 -8.076695 -0.486750 -3.806300 5.821402 -16.321777 40.751023 1.634867 -4.354957 49.406354 -0.729831 -0.671022 25.859651 0.000000 -0.000001 0.000002 4.570403 11.014669 -2.160815 3.622603 -13.885164 -5.918867 17.976484 9.740677 -80.675080 0.000009 -1.982743 -0.000000 -30.539972 6.394097 5.932696 2.466109 -1.576240 2.681696 10.967742 -5.860787 12.938199 -3.788109 19.140676 -3.728575 2.647904 -1.528779 1.528756 1.928434 8.532909 -0.492477 1.998924 -1.154087 1.154078 0.000000 -0.000002 0.000003 9.109306 -0.518010 2.259903 0.294872 4.214457 -3.311092 0.246647 2.401121 -16.153479 -0.015235 0.301320 -5.062515 0.000001 -0.000001 -0.000001 9.533409 0.000002 0.000002 1.255327 11.467053 -11.106513 0.152781 2.098570 -12.838557 0.069880 0.988507 -7.154694 -0.000000 0.000002 -0.000000 9.104513 -0.042998 -1.865099 3.661479 15.769874 -22.293389 0.210133 1.407090 -10.863717 0.351881 1.366197 -14.230910 0.000003 0.000003 0.000000 8.077814 -0.486896 -3.806301 6.608461 22.135101 -23.656951 0.012604 0.936394 -11.074855 0.300250 2.385051 -15.513014 -0.000001 0.000003 -0.000001 -8.207801 -6.751718 -1.599544 -4.387788 -11.219866 -8.032287 17.204664 -8.634769 -4.430048 -13.633158 19.652672 11.626888 -0.579207 -0.000004 0.000001 0.000000 -0.000001 0.000000 8.207799 -6.751701 -1.599545 -8.063510 13.336142 -0.111520 19.225879 9.936384 -6.059064 -9.776785 13.607843 5.819027 -5.063584 -0.000015 -0.000002 -0.000000 -0.000001 0.000000 
