HIERARCHY
ROOT hips
{
	OFFSET 0.000000 104.274902 0.000000
	CHANNELS 6 Xposition Yposition Zposition Xrotation Yrotation Zrotation
	JOINT spine
	{
		OFFSET 0.000000 10.181549 0.131524
		CHANNELS 6 Xposition Yposition Zposition Xrotation Yrotation Zrotation
		JOINT chest
		{
			OFFSET 0.000000 9.893990 -1.470706
			CHANNELS 3 Xrotation Yrotation Zrotation
			JOINT upperChest
			{
				OFFSET 0.000000 9.220787 -1.370637
				CHANNELS 3 Xrotation Yrotation Zrotation
				JOINT neck
				{
					OFFSET 0.000000 16.740372 -2.049022
					CHANNELS 6 Xposition Yposition Zposition Xrotation Yrotation Zrotation
					JOINT head
					{
						OFFSET 0.000000 9.617859 1.684976
						CHANNELS 6 Xposition Yposition Zposition Xrotation Yrotation Zrotation
						JOINT headEnd
						{
							OFFSET 0.000000 22.037384 7.501072
							CHANNELS 6 Xposition Yposition Zposition Xrotation Yrotation Zrotation
							End Site
							{
								OFFSET 0.000000 23.106567 -2.828246
							}
						}
					}
				}
				JOINT rightShoulder
				{
					OFFSET -4.570000 11.014877 -2.160840
					CHANNELS 6 Xposition Yposition Zposition Xrotation Yrotation Zrotation
					JOINT rightUpperArm
					{
						OFFSET -10.592867 -0.524796 -2.232105
						CHANNELS 3 Xrotation Yrotation Zrotation
						JOINT rightLowerArm
						{
							OFFSET -27.841497 0.000000 -0.000002
							CHANNELS 3 Xrotation Yrotation Zrotation
							JOINT rightHand
							{
								OFFSET -28.328812 0.000000 -0.000001
								CHANNELS 3 Xrotation Yrotation Zrotation
								JOINT rightThumbProximal
								{
									OFFSET -2.464798 -1.573990 2.681911
									CHANNELS 6 Xposition Yposition Zposition Xrotation Yrotation Zrotation
									JOINT rightThumbIntermediate
									{
										OFFSET -3.244781 -1.873383 1.873376
										CHANNELS 3 Xrotation Yrotation Zrotation
										JOINT rightThumbDistal
										{
											OFFSET -2.646263 -1.527817 1.527818
											CHANNELS 6 Xposition Yposition Zposition Xrotation Yrotation Zrotation
											JOINT rightHandThumb4
											{
												OFFSET -1.994591 -1.151581 1.151575
												CHANNELS 6 Xposition Yposition Zposition Xrotation Yrotation Zrotation
												End Site
												{
													OFFSET -1.860176 -1.142715 1.365483
												}
											}
										}
									}
								}
								JOINT rightIndexProximal
								{
									OFFSET -9.108299 -0.517883 2.259803
									CHANNELS 6 Xposition Yposition Zposition Xrotation Yrotation Zrotation
									JOINT rightIndexIntermediate
									{
										OFFSET -3.699997 0.000000 0.000000
										CHANNELS 3 Xrotation Yrotation Zrotation
										JOINT rightIndexDistal
										{
											OFFSET -2.850006 0.000000 0.000000
											CHANNELS 3 Xrotation Yrotation Zrotation
											JOINT rightHandIndex4
											{
												OFFSET -2.772194 0.000000 0.000000
												CHANNELS 3 Xrotation Yrotation Zrotation
												End Site
												{
													OFFSET -2.772202 0.000000 -0.000484
												}
											}
										}
									}
								}
								JOINT rightMiddleProximal
								{
									OFFSET -9.532501 0.000000 -0.000000
									CHANNELS 6 Xposition Yposition Zposition Xrotation Yrotation Zrotation
									JOINT rightMiddleIntermediate
									{
										OFFSET -3.699997 0.000000 0.000000
										CHANNELS 3 Xrotation Yrotation Zrotation
										JOINT rightMiddleDistal
										{
											OFFSET -2.949997 0.000000 0.000000
											CHANNELS 3 Xrotation Yrotation Zrotation
											JOINT rightHandMiddle4
											{
												OFFSET -2.946594 0.000000 0.000000
												CHANNELS 3 Xrotation Yrotation Zrotation
												End Site
												{
													OFFSET -2.946602 0.000000 -0.000982
												}
											}
										}
									}
								}
								JOINT rightRingProximal
								{
									OFFSET -9.103600 -0.043106 -1.865100
									CHANNELS 6 Xposition Yposition Zposition Xrotation Yrotation Zrotation
									JOINT rightRingIntermediate
									{
										OFFSET -3.379303 0.000000 0.000000
										CHANNELS 3 Xrotation Yrotation Zrotation
										JOINT rightRingDistal
										{
											OFFSET -2.889694 0.000000 0.000000
											CHANNELS 3 Xrotation Yrotation Zrotation
											JOINT rightHandRing4
											{
												OFFSET -2.638802 0.000000 0.000000
												CHANNELS 3 Xrotation Yrotation Zrotation
												End Site
												{
													OFFSET -2.638802 0.000000 0.004218
												}
											}
										}
									}
								}
								JOINT rightLittleProximal
								{
									OFFSET -8.076698 -0.486725 -3.806299
									CHANNELS 6 Xposition Yposition Zposition Xrotation Yrotation Zrotation
									JOINT rightLittleIntermediate
									{
										OFFSET -3.600006 0.000000 0.000000
										CHANNELS 3 Xrotation Yrotation Zrotation
										JOINT rightLittleDistal
										{
											OFFSET -2.099998 0.000000 0.000000
											CHANNELS 3 Xrotation Yrotation Zrotation
											JOINT rightHandPinky4
											{
												OFFSET -2.115791 0.000000 0.000000
												CHANNELS 3 Xrotation Yrotation Zrotation
												End Site
												{
													OFFSET -2.115799 0.000000 0.000174
												}
											}
										}
									}
								}
							}
						}
					}
				}
				JOINT leftShoulder
				{
					OFFSET 4.570400 11.014679 -2.160816
					CHANNELS 6 Xposition Yposition Zposition Xrotation Yrotation Zrotation
					JOINT leftUpperArm
					{
						OFFSET 10.592373 -0.524597 -2.232116
						CHANNELS 3 Xrotation Yrotation Zrotation
						JOINT leftLowerArm
						{
							OFFSET 27.841488 0.000000 0.000001
							CHANNELS 3 Xrotation Yrotation Zrotation
							JOINT leftHand
							{
								OFFSET 28.328808 0.000000 -0.000000
								CHANNELS 3 Xrotation Yrotation Zrotation
								JOINT leftThumbProximal
								{
									OFFSET 2.466103 -1.576202 2.681698
									CHANNELS 6 Xposition Yposition Zposition Xrotation Yrotation Zrotation
									JOINT leftThumbIntermediate
									{
										OFFSET 3.243317 -1.872528 1.872530
										CHANNELS 3 Xrotation Yrotation Zrotation
										JOINT leftThumbDistal
										{
											OFFSET 2.647881 -1.528763 1.528754
											CHANNELS 6 Xposition Yposition Zposition Xrotation Yrotation Zrotation
											JOINT leftHandThumb4
											{
												OFFSET 1.998924 -1.154083 1.154080
												CHANNELS 6 Xposition Yposition Zposition Xrotation Yrotation Zrotation
												End Site
												{
													OFFSET 1.884041 -1.149155 1.337651
												}
											}
										}
									}
								}
								JOINT leftIndexProximal
								{
									OFFSET 9.109299 -0.518005 2.259900
									CHANNELS 6 Xposition Yposition Zposition Xrotation Yrotation Zrotation
									JOINT leftIndexIntermediate
									{
										OFFSET 3.699997 0.000000 0.000000
										CHANNELS 3 Xrotation Yrotation Zrotation
										JOINT leftIndexDistal
										{
											OFFSET 2.850006 0.000000 0.000000
											CHANNELS 3 Xrotation Yrotation Zrotation
											JOINT leftHandIndex4
											{
												OFFSET 2.774895 0.000000 0.000000
												CHANNELS 3 Xrotation Yrotation Zrotation
												End Site
												{
													OFFSET 2.774902 0.000000 -0.000072
												}
											}
										}
									}
								}
								JOINT leftMiddleProximal
								{
									OFFSET 9.533401 0.000000 0.000000
									CHANNELS 6 Xposition Yposition Zposition Xrotation Yrotation Zrotation
									JOINT leftMiddleIntermediate
									{
										OFFSET 3.699997 0.000000 0.000000
										CHANNELS 3 Xrotation Yrotation Zrotation
										JOINT leftMiddleDistal
										{
											OFFSET 2.949997 0.000000 0.000000
											CHANNELS 3 Xrotation Yrotation Zrotation
											JOINT leftHandMiddle4
											{
												OFFSET 2.952896 0.000000 0.000000
												CHANNELS 3 Xrotation Yrotation Zrotation
												End Site
												{
													OFFSET 2.952904 0.000000 0.000165
												}
											}
										}
									}
								}
								JOINT leftRingProximal
								{
									OFFSET 9.104500 -0.042999 -1.865101
									CHANNELS 6 Xposition Yposition Zposition Xrotation Yrotation Zrotation
									JOINT leftRingIntermediate
									{
										OFFSET 3.149994 0.000000 0.000000
										CHANNELS 3 Xrotation Yrotation Zrotation
										JOINT leftRingDistal
										{
											OFFSET 2.950005 0.000000 0.000000
											CHANNELS 3 Xrotation Yrotation Zrotation
											JOINT leftHandRing4
											{
												OFFSET 2.644302 0.000000 0.000000
												CHANNELS 3 Xrotation Yrotation Zrotation
												End Site
												{
													OFFSET 2.644302 0.000000 0.000083
												}
											}
										}
									}
								}
								JOINT leftLittleProximal
								{
									OFFSET 8.077805 -0.486893 -3.806302
									CHANNELS 6 Xposition Yposition Zposition Xrotation Yrotation Zrotation
									JOINT leftLittleIntermediate
									{
										OFFSET 3.600006 0.000000 0.000000
										CHANNELS 3 Xrotation Yrotation Zrotation
										JOINT leftLittleDistal
										{
											OFFSET 2.099998 0.000000 0.000000
											CHANNELS 3 Xrotation Yrotation Zrotation
											JOINT leftHandPinky4
											{
												OFFSET 2.125496 0.000000 0.000000
												CHANNELS 3 Xrotation Yrotation Zrotation
												End Site
												{
													OFFSET 2.125504 0.000000 -0.001254
												}
											}
										}
									}
								}
							}
						}
					}
				}
			}
		}
	}
	JOINT rightUpperLeg
	{
		OFFSET -8.207800 -6.751701 -1.599544
		CHANNELS 6 Xposition Yposition Zposition Xrotation Yrotation Zrotation
		JOINT rightLowerLeg
		{
			OFFSET 0.000004 -44.370152 0.345934
			CHANNELS 3 Xrotation Yrotation Zrotation
			JOINT rightFoot
			{
				OFFSET 0.000004 -44.423664 -3.043535
				CHANNELS 3 Xrotation Yrotation Zrotation
				JOINT rightToes
				{
					OFFSET 0.000001 -8.728691 10.710592
					CHANNELS 3 Xrotation Yrotation Zrotation
					JOINT rightToesEnd
					{
						OFFSET 0.000000 -0.000665 9.278101
						CHANNELS 3 Xrotation Yrotation Zrotation
						End Site
						{
							OFFSET 0.000000 -0.000665 9.278103
						}
					}
				}
			}
		}
	}
	JOINT leftUpperLeg
	{
		OFFSET 8.207800 -6.751701 -1.599544
		CHANNELS 6 Xposition Yposition Zposition Xrotation Yrotation Zrotation
		JOINT leftLowerLeg
		{
			OFFSET 0.000004 -44.370037 0.346940
			CHANNELS 3 Xrotation Yrotation Zrotation
			JOINT leftFoot
			{
				OFFSET 0.000004 -44.423611 -3.044388
				CHANNELS 3 Xrotation Yrotation Zrotation
				JOINT leftToes
				{
					OFFSET 0.000001 -8.728690 10.710592
					CHANNELS 3 Xrotation Yrotation Zrotation
					JOINT leftToesEnd
					{
						OFFSET 0.000000 -0.000680 9.278101
						CHANNELS 3 Xrotation Yrotation Zrotation
						End Site
						{
							OFFSET 0.000000 -0.000680 9.278101
						}
					}
				}
			}
		}
	}
}
MOTION
Frames: 250
Frame Time: 0.033333
0.431186 103.379860 1.363618 -3.761797 6.514389 -2.992276 -0.000000 10.181549 0.131525 3.296854 1.543021 2.734230 1.151890 0.339456 1.552799 1.126012 0.361545 1.555888 -0.000000 16.740376 -2.049018 5.626309 -0.078961 0.454684 -0.000000 9.617867 1.684975 -7.563343 1.375726 -0.080567 -0.000000 22.037384 7.501069 -0.000000 -0.000000 0.000000 -4.570001 11.014860 -2.160837 1.203170 15.343680 14.706041 13.158818 27.555102 58.785191 0.000004 6.693781 0.000014 -20.179060 -0.514153 6.782797 -2.464808 -1.573998 2.681909 -1.665238 -0.174483 -4.219040 12.710716 -29.825387 -16.131541 -2.646250 -1.527802 1.527818 -15.561922 -3.563507 -12.703156 -1.994594 -1.151575 1.151579 -0.000000 -0.000004 -0.000002 -9.108294 -0.517883 2.259803 0.030296 1.261343 6.823303 0.213723 -1.396032 17.407019 0.046032 -0.653842 8.053241 -0.000003 -0.000001 0.000003 -9.532514 -0.000004 -0.000002 -0.136219 -2.205102 14.998899 0.214452 -1.398348 17.436884 0.239766 -1.476524 18.446282 0.000003 0.000000 0.000002 -9.103616 -0.043092 -1.865102 0.028855 -3.071037 20.451359 0.308434 -1.668270 20.948527 0.225836 -1.434053 17.897097 0.000002 -0.000001 0.000001 -8.076706 -0.486727 -3.806300 0.736302 -4.891519 26.472985 0.214455 -1.398348 17.436921 0.193009 -1.328181 16.535821 0.000000 -0.000002 0.000001 4.570399 11.014676 -2.160813 1.044419 -17.441008 -12.319348 3.916203 -19.989281 -69.765376 0.000003 -1.459371 0.000003 -33.230506 -1.364892 -6.186625 2.466094 -1.576209 2.681697 -0.662910 2.160406 4.832487 11.853546 25.421653 17.058315 2.647876 -1.528742 1.528748 -13.814969 3.535318 9.041630 1.998913 -1.154081 1.154074 -0.000000 0.000001 0.000001 9.109289 -0.518021 2.259900 0.019848 -0.969568 -7.593538 0.267942 1.753203 -17.378576 0.057714 0.821257 -8.040846 0.000000 0.000000 -0.000000 9.533396 0.000007 0.000001 -0.076328 2.665807 -15.696833 0.268662 1.755503 -17.402164 0.300387 1.853685 -18.409986 0.000000 0.000000 0.000001 9.104484 -0.042997 -1.865100 0.136875 3.641809 -21.133512 0.386597 2.094826 -20.911898 0.283021 1.800669 -17.864988 -0.000000 0.000000 -0.000001 8.077779 -0.486893 -3.806300 0.927685 5.555970 -27.128038 0.268773 1.755873 -17.405863 0.241892 1.667728 -16.505891 0.000000 0.000000 0.000000 -8.207800 -6.751705 -1.599544 0.606394 -10.391090 3.498806 7.409791 -9.742765 -3.277083 -3.690913 -1.650753 3.208549 -7.293307 -0.000018 -0.000002 0.000000 0.000000 0.000000 8.207800 -6.751696 -1.599546 -10.788525 14.737419 10.339744 12.165831 2.032990 4.168951 1.273447 0.514415 -7.111801 -4.928528 0.000003 -0.000002 0.000000 -0.000001 0.000000 
0.990831 103.103149 0.988079 -3.553116 4.292447 -3.139418 -0.000000 10.181533 0.131524 3.416696 1.319762 2.518658 1.248270 0.185020 1.550223 1.218454 0.205207 1.594305 0.000001 16.740385 -2.049022 5.508174 -0.720056 0.788084 -0.000001 9.617856 1.684979 -7.921075 -0.730570 0.449663 0.000000 22.037384 7.501074 0.000000 0.000000 -0.000000 -4.570004 11.014847 -2.160841 1.174807 15.442583 14.847709 11.319258 25.711351 58.776394 -0.000004 7.611372 -0.000000 -18.835037 1.411494 4.947340 -2.464798 -1.573993 2.681913 -1.665241 -0.174483 -4.219040 12.521839 -29.836568 -16.168711 -2.646272 -1.527798 1.527815 -15.549674 -3.634100 -12.718704 -1.994590 -1.151586 1.151574 0.000000 -0.000001 -0.000000 -9.108312 -0.517884 2.259804 0.020486 1.269209 6.948172 0.214195 -1.397497 17.426014 0.046235 -0.655370 8.072213 0.000001 0.000000 0.000000 -9.532505 0.000001 0.000001 -0.153283 -2.153961 15.136302 0.214773 -1.399352 17.449829 0.240121 -1.477548 18.459587 -0.000002 0.000002 0.000003 -9.103601 -0.043096 -1.865101 0.031877 -3.083291 20.543998 0.309366 -1.670692 20.980391 0.226620 -1.436516 17.928941 0.000001 -0.000004 0.000000 -8.076710 -0.486726 -3.806294 0.718227 -4.854121 26.536996 0.214909 -1.399782 17.455298 0.193439 -1.329615 16.554078 0.000001 0.000003 0.000003 4.570399 11.014663 -2.160816 1.104475 -17.506261 -12.071437 4.627202 -20.040323 -69.281081 0.000005 -1.749960 0.000002 -33.575434 -1.272704 -6.084130 2.466090 -1.576209 2.681699 -0.662910 2.160406 4.832489 11.831231 25.315347 17.076337 2.647902 -1.528730 1.528752 -13.811712 3.548775 9.045016 1.998924 -1.154083 1.154081 0.000001 -0.000002 0.000003 9.109279 -0.518013 2.259900 -0.004196 -0.997047 -7.620200 0.267949 1.753205 -17.378600 0.057699 0.821253 -8.040850 -0.000000 -0.000000 0.000004 9.533399 0.000006 0.000000 -0.081247 2.658821 -15.819131 0.268651 1.755505 -17.402144 0.300403 1.853683 -18.409988 0.000000 0.000000 0.000005 9.104482 -0.042994 -1.865102 0.134599 3.639284 -21.210656 0.385458 2.091829 -20.880564 0.282037 1.797616 -17.833684 0.000001 -0.000000 -0.000001 8.077806 -0.486890 -3.806303 0.878544 5.492058 -27.202890 0.274267 1.773283 -17.584288 0.247042 1.685057 -16.682471 -0.000000 0.000000 -0.000004 -8.207800 -6.751716 -1.599544 -1.711667 -10.441110 2.687520 10.643643 -7.570655 -3.108703 -4.762177 -1.688930 3.458467 -7.293313 0.000001 0.000001 -0.000001 0.000001 0.000000 8.207799 -6.751720 -1.599546 -11.970600 14.338778 10.435379 14.610895 4.035265 4.120150 -0.004834 1.067723 -7.044124 -4.928519 0.000007 -0.000001 0.000000 0.000000 -0.000000 
2.402714 102.604309 0.203100 -3.298647 2.193777 -3.251713 -0.000000 10.181549 0.131525 3.549345 1.143000 2.209058 1.348177 0.068653 1.433333 1.314378 0.095191 1.599575 0.000000 16.740368 -2.049021 5.686850 -1.976230 1.355243 0.000002 9.617872 1.684976 -7.737406 -4.045423 1.283507 0.000002 22.037369 7.501077 0.000000 0.000000 -0.000000 -4.569999 11.014875 -2.160839 1.143546 15.558256 15.002353 8.687100 21.993187 59.103690 -0.000003 8.636643 0.000011 -14.763273 3.843993 3.452494 -2.464785 -1.573988 2.681909 -1.665240 -0.174478 -4.219036 12.600832 -29.815347 -16.146431 -2.646267 -1.527819 1.527814 -15.550894 -3.592111 -12.720759 -1.994596 -1.151579 1.151577 -0.000003 -0.000002 0.000008 -9.108294 -0.517880 2.259803 0.028957 1.244974 7.002544 0.213792 -1.396278 17.410270 0.046070 -0.654100 8.056451 -0.000000 0.000000 0.000001 -9.532494 0.000009 -0.000002 -0.161989 -2.126799 15.190622 0.215049 -1.400245 17.461365 0.240419 -1.478461 18.471297 0.000000 -0.000001 0.000001 -9.103600 -0.043093 -1.865101 0.042759 -3.115755 20.622967 0.309871 -1.671989 20.997521 0.227035 -1.437812 17.945907 0.000002 -0.000002 0.000002 -8.076701 -0.486725 -3.806299 0.736973 -4.890561 26.580550 0.214473 -1.398382 17.437304 0.193005 -1.328212 16.536171 -0.000000 0.000005 0.000005 4.570402 11.014695 -2.160815 1.166541 -17.531057 -11.830034 5.429767 -19.691330 -68.640150 -0.000008 -2.201959 -0.000004 -33.964864 -1.012180 -5.777854 2.466091 -1.576192 2.681699 -0.662910 2.160404 4.832491 11.880873 25.487174 17.001587 2.647872 -1.528730 1.528745 -13.815440 3.533461 9.041155 1.998917 -1.154091 1.154078 -0.000001 -0.000003 -0.000000 9.109291 -0.518018 2.259901 -0.013873 -0.986903 -7.704701 0.267962 1.753260 -17.379179 0.057722 0.821319 -8.041450 0.000000 0.000000 0.000005 9.533401 0.000004 0.000000 -0.069469 2.700818 -15.820689 0.268640 1.755435 -17.401384 0.300362 1.853599 -18.409088 -0.000001 0.000000 0.000008 9.104487 -0.042992 -1.865100 0.121000 3.606546 -21.263540 0.386797 2.095344 -20.917383 0.283183 1.801202 -17.870524 0.000000 0.000001 0.000004 8.077802 -0.486886 -3.806300 0.797783 5.387951 -27.333404 0.268990 1.756542 -17.412724 0.241942 1.667929 -16.507944 0.000000 0.000001 0.000000 -8.207800 -6.751707 -1.599543 -6.049045 -3.745661 -0.015830 17.250708 -9.962105 0.382762 -5.317712 -5.139736 3.760399 -7.564937 -0.000001 0.000001 -0.000000 0.000001 -0.000000 8.207800 -6.751694 -1.599540 -13.933267 13.087911 9.831839 18.515757 6.021714 4.180210 -1.905592 2.485381 -6.632628 -4.928519 0.000000 -0.000002 -0.000000 0.000000 0.000000 
4.288187 102.227158 -0.464882 -3.022196 0.161537 -3.308669 -0.000000 10.181548 0.131524 3.679301 0.976636 2.113256 1.455359 -0.072594 1.226836 1.418155 -0.030078 1.582648 0.000001 16.740362 -2.049020 6.160513 -3.580040 2.013637 0.000001 9.617846 1.684977 -7.044689 -8.035309 2.296687 0.000000 22.037354 7.501075 -0.000000 0.000002 -0.000000 -4.570003 11.014864 -2.160839 1.124592 15.615546 15.096002 5.785081 16.907006 59.504915 -0.000012 9.923218 0.000017 -8.727925 6.501394 1.989560 -2.464790 -1.574000 2.681907 -1.665241 -0.174483 -4.219040 13.118254 -30.028578 -16.056583 -2.646260 -1.527803 1.527813 -15.552423 -3.341752 -12.708860 -1.994594 -1.151575 1.151581 -0.000001 -0.000002 -0.000002 -9.108307 -0.517888 2.259800 0.043825 1.178036 7.234938 0.213637 -1.395765 17.403587 0.045999 -0.653571 8.049792 -0.000003 0.000001 0.000002 -9.532501 0.000011 -0.000003 -0.135458 -2.251236 15.489583 0.215422 -1.401451 17.476861 0.240806 -1.479608 18.486240 0.000002 0.000001 0.000001 -9.103602 -0.043092 -1.865105 0.062250 -3.174808 20.803890 0.310225 -1.672962 21.010174 0.227352 -1.438786 17.958410 -0.000000 -0.000001 0.000002 -8.076693 -0.486720 -3.806301 0.776415 -4.956967 26.686055 0.214660 -1.399066 17.446178 0.193230 -1.328934 16.545269 -0.000000 0.000002 -0.000003 4.570402 11.014650 -2.160814 1.212941 -17.493496 -11.641816 6.257656 -19.002208 -67.891350 0.000005 -2.747472 0.000008 -34.435338 -0.512720 -5.282533 2.466091 -1.576211 2.681694 -0.662910 2.160404 4.832492 11.930371 25.535622 16.961593 2.647891 -1.528756 1.528749 -13.815363 3.533720 9.041247 1.998929 -1.154088 1.154078 -0.000000 0.000004 0.000001 9.109280 -0.518008 2.259900 -0.016742 -0.968097 -7.814965 0.265310 1.744805 -17.292635 0.056494 0.812547 -7.954978 -0.000000 -0.000000 0.000000 9.533391 0.000004 -0.000000 -0.063719 2.730999 -15.939539 0.269582 1.758436 -17.432142 0.301356 1.856569 -18.439691 0.000000 0.000000 0.000007 9.104492 -0.042997 -1.865101 0.111565 3.588344 -21.393858 0.387055 2.096007 -20.924199 0.283402 1.801875 -17.877385 0.000000 -0.000001 0.000003 8.077790 -0.486894 -3.806301 0.753897 5.331988 -27.413094 0.267435 1.751582 -17.362030 0.240426 1.662791 -16.455597 -0.000000 0.000001 0.000002 -8.207800 -6.751708 -1.599542 -9.552212 -0.376249 -1.793797 24.153695 -9.972838 2.113344 -5.657474 -11.654079 3.976182 -7.078333 -0.000006 -0.000002 -0.000000 0.000001 0.000000 8.207799 -6.751702 -1.599545 -15.167898 11.350849 8.431904 21.259440 8.100946 4.389363 -3.336025 4.522113 -6.134516 -4.928521 0.000002 0.000001 0.000000 0.000000 0.000000 
6.143323 102.260513 -1.055530 -2.757002 -1.884738 -3.504605 0.000000 10.181526 0.131523 3.741984 0.795824 2.606079 1.528527 -0.285879 0.979833 1.488818 -0.215168 1.602886 -0.000001 16.740379 -2.049016 6.782683 -5.244384 2.564680 0.000001 9.617858 1.684978 -5.482624 -12.164254 3.253413 0.000003 22.037369 7.501078 -0.000000 0.000001 -0.000000 -4.569999 11.014882 -2.160837 1.145488 15.514037 14.996001 3.762905 11.402763 59.884865 -0.000012 11.888246 0.000010 -2.585361 8.860217 0.376351 -2.464787 -1.573989 2.681909 -1.665243 -0.174485 -4.219042 13.450276 -30.309494 -16.021582 -2.646268 -1.527796 1.527813 -15.096882 -2.778283 -12.832183 -1.994593 -1.151570 1.151575 0.000001 0.000001 -0.000002 -9.108293 -0.517866 2.259803 0.071337 1.054508 7.684772 0.213959 -1.396791 17.416861 0.046151 -0.654643 8.063062 0.000002 -0.000001 -0.000001 -9.532488 0.000012 -0.000000 -0.095717 -2.427235 15.937700 0.216657 -1.405380 17.527471 0.242100 -1.483472 18.536245 -0.000002 0.000002 0.000002 -9.103590 -0.043113 -1.865100 0.097753 -3.278467 21.109019 0.310503 -1.673672 21.019494 0.227585 -1.439486 17.967383 -0.000001 -0.000001 -0.000001 -8.076683 -0.486740 -3.806298 0.878042 -5.110035 26.892202 0.214756 -1.399322 17.449487 0.193311 -1.329215 16.548985 -0.000002 0.000001 -0.000001 4.570402 11.014685 -2.160811 1.226445 -17.414913 -11.586477 7.165223 -18.272621 -67.003555 0.000004 -3.319627 0.000005 -34.893558 0.339716 -4.509520 2.466092 -1.576204 2.681698 -0.662910 2.160404 4.832491 11.966570 25.627928 16.919142 2.647880 -1.528747 1.528748 -13.816542 3.528842 9.040026 1.998917 -1.154093 1.154073 0.000001 -0.000002 -0.000000 9.109299 -0.518004 2.259899 -0.015923 -0.963514 -7.858529 0.266709 1.749301 -17.338659 0.057149 0.817216 -8.000959 -0.000000 -0.000000 0.000002 9.533392 0.000002 -0.000000 -0.062537 2.734132 -15.926956 0.269729 1.758903 -17.436891 0.301514 1.857031 -18.444422 0.000000 0.000001 0.000001 9.104489 -0.042994 -1.865101 0.109499 3.584117 -21.416647 0.386286 2.094011 -20.903345 0.282752 1.799845 -17.856549 -0.000000 -0.000000 -0.000001 8.077798 -0.486900 -3.806301 0.719927 5.288241 -27.443767 0.270849 1.762471 -17.473490 0.243634 1.673609 -16.565785 -0.000001 0.000001 0.000003 -8.207799 -6.751726 -1.599543 -9.811972 -1.260503 -3.416961 24.710410 -9.985608 3.913333 -4.173128 -16.248240 2.503223 -7.415040 -0.000002 0.000002 0.000000 0.000000 -0.000000 8.207799 -6.751709 -1.599544 -15.447914 11.054941 7.195800 21.487428 8.247744 4.644886 -3.543515 7.108562 -5.274357 -4.928526 -0.000004 -0.000001 -0.000000 -0.000002 0.000000 
7.998460 102.293877 -1.646176 -2.498338 -3.931885 -3.691404 0.000001 10.181562 0.131523 3.806216 0.615558 3.099081 1.600775 -0.499478 0.733095 1.559546 -0.400231 1.623352 0.000000 16.740379 -2.049021 7.422864 -6.902577 3.135597 0.000003 9.617859 1.684977 -3.820347 -16.265091 4.344489 -0.000002 22.037369 7.501075 -0.000000 -0.000001 -0.000000 -4.570000 11.014877 -2.160840 1.166191 15.412489 14.896088 1.806776 5.889060 60.064103 -0.000014 13.853278 0.000000 3.664984 11.032732 -1.495774 -2.464792 -1.573994 2.681906 -1.665238 -0.174483 -4.219039 13.783459 -30.590232 -15.984603 -2.646253 -1.527799 1.527810 -14.640323 -2.215815 -12.959937 -1.994590 -1.151583 1.151573 -0.000000 -0.000005 -0.000000 -9.108284 -0.517869 2.259801 0.099815 0.931199 8.134650 0.214273 -1.397822 17.430134 0.046303 -0.655713 8.076329 0.000003 -0.000000 -0.000001 -9.532489 -0.000003 -0.000002 -0.054593 -2.602917 16.385996 0.217895 -1.409306 17.578083 0.243392 -1.487333 18.586265 -0.000005 0.000003 0.000001 -9.103598 -0.043114 -1.865105 0.133814 -3.381930 21.414240 0.310778 -1.674378 21.028810 0.227817 -1.440183 17.976354 0.000001 0.000002 0.000002 -8.076689 -0.486727 -3.806300 0.980248 -5.262735 27.098666 0.214846 -1.399580 17.452796 0.193394 -1.329503 16.552700 0.000001 -0.000001 0.000002 4.570398 11.014685 -2.160815 1.239867 -17.336314 -11.531174 8.057067 -17.529921 -66.131667 0.000003 -3.891780 0.000002 -35.363325 1.185862 -3.729561 2.466100 -1.576207 2.681696 -0.662910 2.160408 4.832491 12.002872 25.720209 16.876591 2.647877 -1.528745 1.528749 -13.817718 3.523957 9.038806 1.998929 -1.154072 1.154075 0.000000 -0.000000 -0.000002 9.109297 -0.518011 2.259899 -0.015099 -0.958932 -7.902093 0.268112 1.753794 -17.384674 0.057808 0.821884 -8.046937 -0.000001 -0.000000 -0.000000 9.533401 0.000005 -0.000001 -0.061356 2.737265 -15.914370 0.269876 1.759370 -17.441634 0.301673 1.857495 -18.449162 0.000000 0.000000 -0.000001 9.104493 -0.042998 -1.865101 0.107430 3.579890 -21.439436 0.385518 2.092017 -20.882487 0.282104 1.797818 -17.835721 -0.000001 0.000001 -0.000002 8.077804 -0.486899 -3.806302 0.685937 5.244510 -27.474450 0.274285 1.773353 -17.584954 0.246864 1.684420 -16.675973 0.000000 -0.000001 0.000003 -8.207800 -6.751709 -1.599542 -10.096810 -2.137034 -5.044859 25.267260 -9.981143 5.713385 -2.774842 -20.876881 1.117606 -7.751752 0.000008 0.000004 0.000000 -0.000000 0.000001 8.207799 -6.751697 -1.599543 -15.734089 10.765029 5.959455 21.714835 8.395550 4.899915 -3.791748 9.691583 -4.398947 -4.928534 -0.000001 -0.000001 -0.000000 -0.000001 0.000000 
8.709129 102.159729 -2.022480 -2.521916 -6.662059 -3.824092 0.000000 10.181554 0.131523 3.659971 0.451518 3.146890 1.471837 -0.667749 0.355118 1.427386 -0.529102 1.604667 -0.000001 16.740356 -2.049021 7.609161 -7.345152 3.241113 0.000000 9.617888 1.684976 -2.918716 -17.900319 5.066544 -0.000002 22.037354 7.501074 -0.000000 -0.000001 0.000000 -4.570000 11.014873 -2.160840 1.194252 15.287008 14.757059 1.636016 0.677888 60.523010 -0.000011 16.159749 0.000004 7.791457 12.687544 -1.698734 -2.464781 -1.573995 2.681910 -1.665240 -0.174481 -4.219041 13.811014 -30.353747 -15.958488 -2.646252 -1.527805 1.527815 -14.495357 -2.143762 -12.964239 -1.994597 -1.151587 1.151574 -0.000001 -0.000005 -0.000007 -9.108288 -0.517872 2.259802 0.109860 0.912919 8.151747 0.214169 -1.397491 17.425834 0.046253 -0.655368 8.072033 -0.000003 -0.000000 0.000003 -9.532478 0.000015 -0.000002 -0.036195 -2.666153 16.395049 0.217811 -1.409028 17.574478 0.243293 -1.487040 18.582510 -0.000004 0.000000 0.000002 -9.103584 -0.043105 -1.865102 0.132837 -3.380156 21.436866 0.310480 -1.673594 21.018471 0.227558 -1.439383 17.966031 -0.000001 0.000002 0.000005 -8.076679 -0.486725 -3.806300 1.003764 -5.303471 27.080214 0.214692 -1.399066 17.446222 0.193251 -1.329017 16.546470 -0.000001 0.000002 0.000002 4.570401 11.014668 -2.160815 1.221323 -17.188434 -11.609603 8.824824 -16.918457 -65.371884 -0.000000 -4.729382 0.000001 -34.674179 1.695403 -2.688516 2.466092 -1.576192 2.681695 -0.662911 2.160411 4.832492 11.994200 25.428823 16.905377 2.647888 -1.528730 1.528745 -13.818850 3.519264 9.037622 1.998921 -1.154071 1.154077 -0.000001 -0.000000 -0.000002 9.109287 -0.518013 2.259899 -0.028616 -0.964920 -7.969678 0.267614 1.752200 -17.368338 0.057571 0.820225 -8.030619 -0.000001 -0.000000 0.000000 9.533408 0.000005 -0.000000 -0.061478 2.738314 -15.932675 0.270133 1.760199 -17.450126 0.301945 1.858318 -18.457650 0.000001 -0.000000 -0.000002 9.104511 -0.042993 -1.865101 0.098183 3.558454 -21.481872 0.385460 2.091869 -20.880942 0.282056 1.797672 -17.834210 -0.000000 -0.000001 -0.000003 8.077801 -0.486891 -3.806303 0.659529 5.211490 -27.536765 0.273726 1.771593 -17.566922 0.246301 1.682544 -16.656854 0.000001 0.000001 0.000001 -8.207801 -6.751698 -1.599543 -9.884577 -4.909348 -5.361780 26.523168 -10.032518 6.581426 -3.618469 -22.655623 2.187848 -8.833216 0.000004 0.000003 0.000000 -0.000001 0.000001 8.207796 -6.751698 -1.599544 -16.129823 11.166799 5.834585 22.444712 8.375292 4.986278 -4.074422 12.138695 -4.275480 -4.928533 -0.000004 -0.000002 0.000000 -0.000000 0.000000 
9.419798 102.025589 -2.398784 -2.552118 -9.396852 -3.959050 -0.000001 10.181560 0.131524 3.513862 0.287356 3.194280 1.341778 -0.835173 -0.023267 1.295180 -0.657928 1.585684 0.000000 16.740345 -2.049021 7.796481 -7.787410 3.348196 0.000001 9.617858 1.684973 -1.985782 -19.525631 5.823438 -0.000001 22.037384 7.501072 -0.000001 -0.000003 0.000001 -4.569999 11.014871 -2.160839 1.221980 15.161470 14.618172 1.505852 -4.567549 60.970565 -0.000009 18.469036 0.000008 11.971304 14.330977 -2.027193 -2.464791 -1.573983 2.681910 -1.665241 -0.174486 -4.219039 13.838376 -30.117248 -15.932577 -2.646250 -1.527799 1.527815 -14.350395 -2.071723 -12.968724 -1.994583 -1.151572 1.151577 0.000003 -0.000005 -0.000000 -9.108301 -0.517883 2.259801 0.119913 0.894641 8.168847 0.214061 -1.397158 17.421530 0.046202 -0.655018 8.067732 0.000000 -0.000001 0.000002 -9.532494 -0.000001 -0.000001 -0.017786 -2.729393 16.404110 0.217728 -1.408746 17.570872 0.243198 -1.486751 18.578746 -0.000001 0.000001 -0.000000 -9.103595 -0.043101 -1.865104 0.131860 -3.378383 21.459490 0.310175 -1.672805 21.008134 0.227296 -1.438586 17.955693 0.000000 -0.000000 0.000001 -8.076706 -0.486723 -3.806297 1.027270 -5.344216 27.061776 0.214529 -1.398554 17.439652 0.193107 -1.328532 16.540237 -0.000002 0.000001 0.000002 4.570401 11.014663 -2.160812 1.203007 -17.040531 -11.687920 9.581814 -16.297209 -64.622933 -0.000003 -5.567116 -0.000001 -33.993933 2.217564 -1.652924 2.466084 -1.576209 2.681697 -0.662911 2.160408 4.832494 11.985712 25.137429 16.934038 2.647880 -1.528746 1.528745 -13.819983 3.514569 9.036439 1.998928 -1.154093 1.154073 0.000001 0.000001 0.000001 9.109280 -0.518011 2.259899 -0.042139 -0.970892 -8.037267 0.267118 1.750606 -17.352005 0.057335 0.818567 -8.014301 0.000002 -0.000001 0.000001 9.533393 0.000004 0.000000 -0.061598 2.739365 -15.950969 0.270391 1.761025 -17.458621 0.302218 1.859143 -18.466147 0.000001 0.000000 0.000004 9.104487 -0.042996 -1.865101 0.088920 3.537025 -21.524298 0.385404 2.091721 -20.879391 0.282011 1.797526 -17.832704 -0.000001 0.000001 0.000001 8.077801 -0.486893 -3.806301 0.633085 5.178498 -27.599090 0.273168 1.769834 -17.548884 0.245736 1.680667 -16.637745 0.000000 0.000001 0.000001 -8.207801 -6.751709 -1.599541 -9.686336 -7.687760 -5.670585 27.780445 -10.065149 7.450907 -4.438048 -24.450945 3.245222 -9.914972 -0.000003 0.000002 0.000000 -0.000003 -0.000000 8.207799 -6.751698 -1.599543 -16.525252 11.569438 5.712362 23.174688 8.356124 5.072904 -4.365833 14.588572 -4.138084 -4.928531 -0.000002 -0.000002 0.000000 -0.000003 0.000000 
10.130466 101.891457 -2.775087 -2.589203 -12.133126 -4.096788 -0.000001 10.181551 0.131524 3.367889 0.123071 3.241250 1.210608 -1.001735 -0.402054 1.162929 -0.786711 1.566403 -0.000002 16.740339 -2.049022 7.984843 -8.229325 3.456858 0.000003 9.617871 1.684979 -1.019821 -21.139304 6.616792 -0.000001 22.037369 7.501074 -0.000001 -0.000001 0.000000 -4.570001 11.014871 -2.160842 1.249379 15.035859 14.479431 1.415557 -9.824957 61.412177 -0.000008 20.779256 0.000012 16.199534 15.948994 -2.482643 -2.464791 -1.573996 2.681915 -1.665239 -0.174488 -4.219039 13.865549 -29.880756 -15.906857 -2.646261 -1.527803 1.527813 -14.205427 -1.999690 -12.973389 -1.994590 -1.151581 1.151580 -0.000001 -0.000003 -0.000000 -9.108302 -0.517864 2.259803 0.129975 0.876372 8.185955 0.213952 -1.396827 17.417225 0.046152 -0.654672 8.063435 0.000000 0.000002 -0.000001 -9.532503 0.000014 0.000001 0.000637 -2.792627 16.413206 0.217641 -1.408463 17.567272 0.243093 -1.486462 18.574993 -0.000001 0.000003 0.000005 -9.103597 -0.043114 -1.865101 0.130885 -3.376611 21.482120 0.309878 -1.672022 20.997794 0.227029 -1.437779 17.945359 -0.000001 0.000004 0.000002 -8.076694 -0.486726 -3.806298 1.050770 -5.384969 27.043360 0.214372 -1.398046 17.433073 0.192964 -1.328044 16.534013 -0.000002 0.000001 0.000003 4.570402 11.014688 -2.160816 1.184916 -16.892608 -11.766124 10.328000 -15.666545 -63.884849 -0.000009 -6.404896 -0.000001 -33.322864 2.751971 -0.623052 2.466088 -1.576206 2.681698 -0.662910 2.160406 4.832492 11.977394 24.846025 16.962587 2.647887 -1.528768 1.528747 -13.821118 3.509875 9.035260 1.998916 -1.154091 1.154079 -0.000001 0.000003 0.000007 9.109279 -0.518010 2.259900 -0.055668 -0.976848 -8.104857 0.266620 1.749012 -17.335669 0.057102 0.816908 -7.997976 -0.000002 0.000000 0.000002 9.533381 0.000001 -0.000000 -0.061716 2.740416 -15.969269 0.270650 1.761855 -17.467113 0.302492 1.859966 -18.474642 -0.000002 -0.000000 -0.000001 9.104465 -0.042995 -1.865100 0.079644 3.515603 -21.566732 0.385348 2.091571 -20.877848 0.281965 1.797377 -17.831191 0.000001 0.000001 0.000003 8.077803 -0.486902 -3.806300 0.606610 5.145538 -27.661436 0.272608 1.768073 -17.530855 0.245176 1.678793 -16.618619 0.000001 -0.000000 0.000001 -8.207800 -6.751710 -1.599542 -9.501671 -10.468853 -5.972201 29.038361 -10.078984 8.321091 -5.233188 -26.260532 4.290190 -10.996824 -0.000007 0.000001 -0.000000 0.000000 0.000000 8.207797 -6.751704 -1.599545 -16.920395 11.972904 5.592801 23.904685 8.338050 5.159767 -4.667081 17.038865 -3.985914 -4.928530 0.000003 -0.000001 -0.000001 0.000002 0.000000 
10.841135 101.757309 -3.151390 -2.633493 -14.867739 -4.237866 -0.000001 10.181549 0.131523 3.222052 -0.041333 3.287802 1.078336 -1.167424 -0.781237 1.030630 -0.915448 1.546823 -0.000001 16.740356 -2.049022 8.174266 -8.670879 3.567111 0.000002 9.617863 1.684975 -0.019038 -22.739529 7.448303 0.000000 22.037338 7.501078 -0.000000 0.000002 0.000000 -4.570003 11.014872 -2.160841 1.276447 14.910187 14.340831 1.365387 -15.071781 61.853326 -0.000006 23.088553 0.000016 20.470313 17.527623 -3.064800 -2.464796 -1.573993 2.681916 -1.665240 -0.174483 -4.219039 13.892542 -29.644237 -15.881327 -2.646262 -1.527801 1.527813 -14.060465 -1.927672 -12.978238 -1.994606 -1.151590 1.151578 0.000002 -0.000002 0.000003 -9.108293 -0.517875 2.259810 0.140041 0.858107 8.203064 0.213849 -1.396489 17.412929 0.046103 -0.654321 8.059139 0.000002 0.000001 0.000001 -9.532502 0.000013 0.000007 0.019072 -2.855854 16.422321 0.217557 -1.408184 17.563664 0.242996 -1.486169 18.571237 0.000003 0.000002 0.000001 -9.103596 -0.043093 -1.865094 0.129908 -3.374833 21.504741 0.309575 -1.671239 20.987459 0.226768 -1.436979 17.935028 -0.000005 -0.000001 -0.000001 -8.076706 -0.486717 -3.806291 1.074257 -5.425724 27.024953 0.214212 -1.397537 17.426499 0.192822 -1.327558 16.527784 0.000001 0.000000 0.000001 4.570401 11.014696 -2.160818 1.167050 -16.744660 -11.844217 11.063387 -15.026821 -63.157632 -0.000009 -7.242632 -0.000001 -32.661285 3.298231 0.400852 2.466096 -1.576191 2.681695 -0.662910 2.160408 4.832492 11.969275 24.554633 16.991023 2.647886 -1.528752 1.528751 -13.822256 3.505180 9.034073 1.998928 -1.154096 1.154077 -0.000002 0.000001 0.000001 9.109289 -0.518017 2.259897 -0.069207 -0.982788 -8.172447 0.266126 1.747417 -17.319335 0.056867 0.815249 -7.981658 0.000000 -0.000001 0.000002 9.533400 0.000005 -0.000002 -0.061837 2.741466 -15.987567 0.270908 1.762683 -17.475608 0.302763 1.860791 -18.483141 0.000001 0.000000 0.000002 9.104492 -0.042993 -1.865103 0.070349 3.494186 -21.609166 0.385291 2.091424 -20.876302 0.281919 1.797231 -17.829686 -0.000003 -0.000005 -0.000002 8.077791 -0.486897 -3.806303 0.580095 5.112604 -27.723786 0.272052 1.766312 -17.512813 0.244617 1.676919 -16.599504 0.000002 -0.000001 0.000003 -8.207801 -6.751700 -1.599543 -9.330253 -13.249194 -6.267526 30.296171 -10.074001 9.191263 -6.003520 -28.082051 5.323293 -12.078572 -0.000011 -0.000001 0.000000 -0.000002 -0.000000 8.207799 -6.751685 -1.599540 -17.315265 12.377154 5.475915 24.634646 8.321073 5.246851 -4.979353 19.487194 -3.818003 -4.928527 0.000000 -0.000002 -0.000001 -0.000002 0.000000 
11.551805 101.623177 -3.527694 -2.685368 -17.597564 -4.382885 0.000000 10.181548 0.131523 3.076350 -0.205850 3.333934 0.944969 -1.332230 -1.160810 0.898282 -1.044139 1.526947 -0.000001 16.740362 -2.049022 8.364765 -9.112040 3.678969 0.000003 9.617839 1.684978 1.018434 -24.324460 8.319743 0.000001 22.037384 7.501068 -0.000000 -0.000000 -0.000000 -4.570005 11.014873 -2.160842 1.303183 14.784457 14.202378 1.356662 -20.285732 62.299801 -0.000007 25.395028 0.000020 24.776878 19.053303 -3.771467 -2.464804 -1.573998 2.681908 -1.665239 -0.174485 -4.219037 13.919338 -29.407704 -15.855982 -2.646266 -1.527794 1.527818 -13.915506 -1.855672 -12.983265 -1.994602 -1.151572 1.151576 -0.000000 -0.000005 0.000001 -9.108307 -0.517859 2.259804 0.150109 0.839840 8.220175 0.213744 -1.396157 17.408624 0.046051 -0.653976 8.054840 0.000001 0.000001 -0.000000 -9.532502 0.000014 -0.000000 0.037515 -2.919081 16.431448 0.217472 -1.407903 17.560054 0.242894 -1.485879 18.567478 0.000001 -0.000001 0.000001 -9.103598 -0.043105 -1.865099 0.128929 -3.373062 21.527368 0.309274 -1.670456 20.977121 0.226504 -1.436178 17.924689 0.000004 0.000001 -0.000001 -8.076701 -0.486731 -3.806299 1.097728 -5.466483 27.006561 0.214056 -1.397023 17.419919 0.192676 -1.327073 16.521555 0.000004 -0.000001 0.000001 4.570399 11.014688 -2.160816 1.149409 -16.596683 -11.922204 11.787971 -14.378395 -62.441289 -0.000006 -8.080230 -0.000003 -32.009466 3.855934 1.418553 2.466110 -1.576211 2.681697 -0.662909 2.160404 4.832493 11.961308 24.263224 17.019353 2.647890 -1.528744 1.528747 -13.823383 3.500486 9.032893 1.998921 -1.154087 1.154073 -0.000003 -0.000001 0.000001 9.109303 -0.518013 2.259901 -0.082754 -0.988713 -8.240042 0.265634 1.745822 -17.303004 0.056633 0.813591 -7.965336 0.000004 0.000000 -0.000002 9.533410 0.000004 0.000000 -0.061955 2.742516 -16.005867 0.271164 1.763511 -17.484101 0.303039 1.861614 -18.491627 0.000003 0.000001 -0.000002 9.104491 -0.042992 -1.865099 0.061038 3.472777 -21.651609 0.385239 2.091277 -20.874761 0.281873 1.797081 -17.828173 -0.000000 -0.000001 0.000001 8.077814 -0.486894 -3.806300 0.553549 5.079700 -27.786156 0.271497 1.764549 -17.494785 0.244057 1.675041 -16.580385 -0.000001 -0.000000 0.000002 -8.207800 -6.751714 -1.599544 -9.171823 -16.025357 -6.557447 31.553145 -10.050235 10.060684 -6.748623 -29.913182 6.345156 -13.160040 -0.000014 -0.000003 0.000000 0.000001 0.000000 8.207799 -6.751714 -1.599543 -17.709875 12.782150 5.361709 25.364500 8.305195 5.334129 -5.303995 21.931210 -3.633247 -4.928524 0.000002 -0.000003 0.000000 -0.000001 0.000000 
11.381389 101.707199 -4.217175 -3.322237 -21.182848 -4.697197 -0.000001 10.181541 0.131525 2.926160 -0.507365 3.371182 0.796051 -1.600370 -1.582304 0.749112 -1.272842 1.453972 0.000001 16.740383 -2.049020 8.412067 -8.880487 3.650688 0.000005 9.617873 1.684977 1.178867 -24.213808 8.672491 0.000000 22.037399 7.501071 0.000001 -0.000002 0.000000 -4.569998 11.014885 -2.160841 1.267800 14.838369 14.173691 1.339368 -24.610828 63.144061 0.000000 25.903122 0.000017 28.094583 19.940645 -3.069244 -2.464799 -1.573998 2.681910 -1.665243 -0.174481 -4.219041 13.967289 -29.060413 -15.793779 -2.646255 -1.527804 1.527808 -14.113488 -2.023731 -12.922364 -1.994602 -1.151584 1.151573 -0.000001 -0.000002 0.000005 -9.108299 -0.517860 2.259806 0.148018 0.889241 7.943848 0.214102 -1.397248 17.422817 0.046212 -0.655130 8.069001 0.000000 -0.000002 0.000000 -9.532491 -0.000004 -0.000000 0.029651 -2.878535 16.128551 0.216186 -1.403848 17.507735 0.241546 -1.481840 18.515168 0.000001 -0.000001 -0.000001 -9.103605 -0.043092 -1.865099 0.103810 -3.302388 21.327173 0.309026 -1.669795 20.968479 0.226312 -1.435538 17.916332 0.000001 0.000002 -0.000001 -8.076692 -0.486717 -3.806297 1.102353 -5.476434 26.883599 0.213410 -1.395029 17.394156 0.192093 -1.325086 16.496080 0.000001 0.000001 0.000003 4.570403 11.014688 -2.160814 1.104322 -16.564172 -11.943601 12.474519 -13.530253 -61.796369 -0.000006 -8.798686 0.000011 -30.800117 4.120730 2.358261 2.466067 -1.576212 2.681695 -0.662915 2.160409 4.832496 12.219809 24.624912 16.844437 2.647900 -1.528756 1.528754 -13.823460 3.500142 9.032818 1.998921 -1.154082 1.154076 0.000003 -0.000000 -0.000002 9.109260 -0.518007 2.259901 -0.057867 -0.932426 -8.369740 0.265750 1.746242 -17.307315 0.056715 0.814035 -7.969664 -0.000002 -0.000002 -0.000001 9.533389 0.000003 0.000000 -0.039461 2.813304 -15.899156 0.271263 1.763823 -17.487195 0.303136 1.861872 -18.494240 -0.000002 -0.000002 -0.000002 9.104475 -0.043000 -1.865102 0.069439 3.496129 -21.692631 0.386867 2.095547 -20.919486 0.283266 1.801430 -17.872868 -0.000002 0.000000 0.000000 8.077785 -0.486907 -3.806300 0.570556 5.100607 -27.659693 0.272661 1.768221 -17.532366 0.245191 1.678820 -16.618863 0.000001 -0.000003 0.000003 -8.207801 -6.751713 -1.599543 -7.899460 -19.171518 -6.624188 28.942670 -9.991177 10.133664 -8.288639 -29.944301 4.092442 -10.904783 -0.000000 0.000001 -0.000000 -0.000000 -0.000000 8.207796 -6.751708 -1.599542 -17.279159 14.219711 6.404755 24.990253 9.268599 4.983237 -4.787462 22.826969 -3.973445 -4.928532 0.000013 -0.000002 -0.000000 -0.000001 -0.000000 
10.916064 101.779152 -5.083806 -3.891475 -24.455245 -5.201454 -0.000001 10.181554 0.131524 2.804431 -0.720633 3.232968 0.673193 -1.794707 -1.940642 0.625748 -1.429546 1.417779 -0.000001 16.740351 -2.049023 8.429304 -8.582216 3.613265 0.000002 9.617832 1.684970 1.283701 -24.050455 8.883588 -0.000001 22.037384 7.501077 0.000001 0.000000 0.000000 -4.569998 11.014865 -2.160841 1.168664 14.985022 14.134867 1.325118 -28.355337 64.245524 -0.000005 25.522052 0.000007 30.772724 20.119528 -2.524549 -2.464794 -1.573993 2.681901 -1.665239 -0.174481 -4.219043 14.077219 -28.199339 -15.661644 -2.646274 -1.527807 1.527819 -14.571715 -2.501785 -12.734396 -1.994594 -1.151602 1.151579 -0.000000 -0.000007 0.000001 -9.108304 -0.517863 2.259799 0.071416 1.043555 7.738692 0.214206 -1.397559 17.426744 0.046257 -0.655439 8.072964 -0.000000 -0.000001 0.000000 -9.532497 0.000016 -0.000003 0.049459 -2.936933 15.880244 0.216253 -1.404057 17.510392 0.241614 -1.482040 18.517727 0.000001 -0.000001 -0.000002 -9.103603 -0.043091 -1.865107 0.064612 -3.199332 21.263081 0.308316 -1.667953 20.944280 0.225708 -1.433701 17.892584 -0.000001 -0.000002 -0.000001 -8.076699 -0.486715 -3.806299 1.202007 -5.681363 26.630228 0.213618 -1.395725 17.403134 0.192346 -1.325904 16.506624 -0.000001 0.000000 -0.000002 4.570400 11.014668 -2.160814 1.004680 -16.886557 -11.938293 12.714075 -12.480554 -61.152050 -0.000007 -9.057207 -0.000015 -29.458801 4.851797 3.207253 2.466081 -1.576200 2.681699 -0.662908 2.160404 4.832486 12.311798 24.936493 16.814305 2.647882 -1.528735 1.528745 -13.819424 3.516889 9.037028 1.998924 -1.154091 1.154080 -0.000001 -0.000003 0.000003 9.109288 -0.518008 2.259900 0.010074 -0.876184 -8.183139 0.268501 1.755009 -17.397096 0.057986 0.823144 -8.059356 0.000002 0.000000 -0.000001 9.533383 0.000002 0.000000 -0.041698 2.785438 -15.640530 0.271221 1.763676 -17.485769 0.303077 1.861728 -18.492819 0.000000 0.000000 -0.000001 9.104474 -0.042982 -1.865103 0.088505 3.535499 -21.518622 0.384237 2.088668 -20.847501 0.281007 1.794407 -17.800783 0.000001 0.000000 0.000000 8.077778 -0.486899 -3.806299 0.755284 5.333424 -27.378439 0.272066 1.766331 -17.513017 0.244822 1.677611 -16.606618 0.000000 -0.000001 -0.000003 -8.207802 -6.751718 -1.599542 -7.819977 -21.733571 -5.820412 26.824875 -9.877400 10.199866 -11.605128 -30.043318 -1.761181 -9.408391 0.000050 0.000005 -0.000000 -0.000000 0.000000 8.207800 -6.751704 -1.599545 -17.626285 16.135895 8.169966 25.414246 8.903746 4.435900 -4.643843 22.997739 -4.016623 -5.188769 0.000004 0.000002 0.000000 -0.000001 0.000000 
10.435835 101.669304 -6.006370 -4.428421 -28.265503 -6.091523 0.000001 10.181564 0.131525 2.803173 -0.637856 3.301163 0.660869 -1.754391 -2.204501 0.612908 -1.355620 1.440169 0.000000 16.740355 -2.049017 8.302198 -8.223733 3.499667 0.000002 9.617827 1.684975 1.309882 -23.846731 8.986157 -0.000000 22.037384 7.501074 -0.000000 0.000002 -0.000000 -4.569996 11.014856 -2.160836 1.051531 15.124006 13.986698 1.314126 -31.131852 65.477042 -0.000005 24.597263 0.000019 32.484134 19.473479 -1.742256 -2.464803 -1.573995 2.681906 -1.665240 -0.174478 -4.219041 14.176178 -26.826287 -15.691827 -2.646264 -1.527807 1.527812 -14.724010 -2.776672 -12.585122 -1.994590 -1.151582 1.151580 0.000001 -0.000003 -0.000000 -9.108305 -0.517875 2.259802 0.007000 1.186948 7.495432 0.213722 -1.396044 17.407254 0.046034 -0.653865 8.053452 0.000000 0.000004 0.000002 -9.532508 0.000001 -0.000004 0.087168 -3.065158 15.740808 0.216309 -1.404250 17.512870 0.241680 -1.482232 18.520229 -0.000000 0.000000 0.000000 -9.103606 -0.043098 -1.865104 0.021397 -3.075122 20.977558 0.307437 -1.665634 20.913783 0.224958 -1.431383 17.862656 -0.000001 -0.000001 -0.000002 -8.076710 -0.486733 -3.806302 1.296288 -5.884598 26.316632 0.213622 -1.395711 17.402998 0.192370 -1.326024 16.508134 -0.000000 0.000001 0.000001 4.570401 11.014681 -2.160810 0.859929 -17.482631 -11.990282 12.443135 -11.308282 -60.491878 0.000004 -9.077995 0.000003 -28.200239 5.819052 3.811809 2.466079 -1.576199 2.681697 -0.662915 2.160402 4.832490 12.277431 24.437823 16.923619 2.647892 -1.528736 1.528754 -13.820839 3.511704 9.038241 1.998925 -1.154089 1.154075 -0.000000 0.000001 -0.000000 9.109288 -0.518016 2.259906 -0.009874 -0.921480 -8.078046 0.269267 1.757419 -17.421757 0.058319 0.825630 -8.083989 0.000000 0.000000 -0.000000 9.533392 -0.000001 0.000004 -0.044804 2.769716 -15.581588 0.269664 1.758671 -17.434519 0.301407 1.856756 -18.441610 0.000003 0.000003 -0.000001 9.104498 -0.043001 -1.865098 0.081304 3.515273 -21.479859 0.385279 2.091386 -20.875910 0.281901 1.797187 -17.829208 -0.000001 -0.000001 0.000001 8.077801 -0.486895 -3.806298 0.730498 5.303441 -27.471371 0.271762 1.765379 -17.503219 0.244517 1.676557 -16.595775 -0.000002 -0.000001 -0.000002 -8.207801 -6.751701 -1.599543 -7.657732 -23.085783 -5.062456 25.544976 -9.729343 10.449449 -12.796277 -30.081704 -4.743451 -9.125896 0.000002 -0.000004 -0.000000 -0.000000 0.000000 8.207799 -6.751684 -1.599544 -21.287403 20.100086 12.605059 30.541297 1.851430 2.312067 -6.290613 22.729866 0.485281 -6.448878 -0.000002 0.000000 0.000000 -0.000002 0.000000 
9.999489 101.533043 -6.886539 -5.214469 -33.010024 -6.890657 0.000000 10.181552 0.131523 2.941326 -0.342863 3.199392 0.776129 -1.538524 -2.546576 0.727286 -1.111174 1.335600 -0.000001 16.740349 -2.049022 8.055419 -7.785403 3.186920 0.000002 9.617860 1.684978 1.212538 -23.609353 9.076673 0.000001 22.037369 7.501075 -0.000001 -0.000001 -0.000000 -4.569998 11.014882 -2.160840 0.951552 15.238644 13.715191 1.305511 -32.515440 66.694810 0.000006 23.356807 0.000000 33.250276 18.316795 -0.832643 -2.464790 -1.573993 2.681906 -1.665239 -0.174478 -4.219042 14.279385 -25.951198 -15.582254 -2.646269 -1.527799 1.527822 -14.811337 -2.971149 -12.473606 -1.994610 -1.151584 1.151570 -0.000000 -0.000004 0.000005 -9.108299 -0.517867 2.259801 0.076265 1.117866 7.269576 0.214098 -1.397245 17.422791 0.046207 -0.655118 8.068988 -0.000001 0.000001 0.000000 -9.532494 -0.000002 0.000000 0.088011 -3.060958 15.515953 0.215312 -1.401063 17.471899 0.240616 -1.479068 18.479280 0.000000 0.000001 -0.000001 -9.103595 -0.043100 -1.865102 -0.008601 -2.984726 20.737062 0.305280 -1.659994 20.839735 0.223132 -1.425674 17.789055 -0.000001 -0.000002 0.000001 -8.076698 -0.486736 -3.806299 1.180002 -5.658134 26.136390 0.211864 -1.390078 17.330500 0.190661 -1.320269 16.434492 -0.000001 -0.000001 0.000004 4.570401 11.014694 -2.160816 0.689100 -18.170853 -12.142976 12.060071 -10.198227 -59.663430 -0.000003 -9.210451 0.000007 -27.532086 6.532148 4.282317 2.466082 -1.576191 2.681703 -0.662910 2.160406 4.832489 13.203030 23.802548 16.477321 2.647875 -1.528744 1.528743 -13.833028 3.426605 9.046462 1.998921 -1.154093 1.154078 -0.000003 0.000002 0.000001 9.109279 -0.518010 2.259902 -0.053299 -1.090275 -7.476963 0.263837 1.740079 -17.244255 0.055801 0.807630 -7.906630 0.000004 0.000001 0.000000 9.533381 0.000001 0.000002 0.003799 2.983267 -16.159934 0.273271 1.770112 -17.551737 0.305184 1.868071 -18.558155 -0.000001 -0.000000 0.000002 9.104467 -0.043003 -1.865101 0.032960 3.440946 -22.338497 0.386774 2.095308 -20.917022 0.283195 1.801211 -17.870630 -0.000000 0.000001 0.000002 8.077784 -0.486899 -3.806301 0.378245 4.879189 -28.298778 0.271878 1.765726 -17.506777 0.244194 1.675494 -16.584912 0.000002 0.000001 0.000001 -8.207801 -6.751704 -1.599544 -7.765827 -25.241802 -4.758014 24.329132 -7.796232 10.215457 -12.653182 -30.080539 -6.518120 -9.058793 0.000004 0.000002 0.000001 0.000001 0.000000 8.207799 -6.751680 -1.599541 -25.450434 23.266512 17.270601 36.340284 -4.839158 0.598226 -5.740400 20.444430 6.043352 -6.868693 -0.000007 -0.000004 -0.000000 0.000001 0.000001 
9.523896 101.667892 -7.556851 -6.348336 -39.446081 -7.436997 -0.000000 10.181544 0.131521 3.107755 0.021224 2.623967 0.927929 -1.244915 -2.953955 0.882191 -0.797365 1.067887 -0.000000 16.740370 -2.049022 7.870586 -7.182034 2.871894 0.000001 9.617878 1.684977 0.751262 -22.839603 9.216474 0.000000 22.037338 7.501078 0.000001 0.000001 -0.000000 -4.570005 11.014874 -2.160842 0.877654 15.407822 13.599883 1.084796 -31.533720 67.379154 -0.000010 21.578594 0.000021 32.413954 16.862241 -1.178237 -2.464803 -1.573997 2.681909 -1.665242 -0.174480 -4.219041 14.223766 -26.576503 -15.601544 -2.646279 -1.527802 1.527816 -14.674419 -2.813067 -12.540559 -1.994594 -1.151584 1.151572 -0.000000 -0.000001 0.000001 -9.108304 -0.517879 2.259806 0.117989 1.050372 7.285189 0.214321 -1.397946 17.431789 0.046304 -0.655842 8.077966 0.000000 0.000003 0.000002 -9.532506 0.000002 -0.000001 0.061227 -2.964193 15.511976 0.214932 -1.399870 17.456527 0.240220 -1.477885 18.463876 0.000000 0.000000 0.000002 -9.103598 -0.043115 -1.865099 0.021546 -3.065444 20.758777 0.305835 -1.661446 20.858735 0.223588 -1.427111 17.807586 -0.000001 -0.000001 -0.000004 -8.076707 -0.486720 -3.806297 1.159936 -5.610820 26.216703 0.212307 -1.391527 17.349094 0.191091 -1.321714 16.452894 -0.000001 0.000001 0.000002 4.570398 11.014684 -2.160817 0.597927 -18.428221 -12.277645 11.850045 -9.469460 -58.787295 -0.000000 -9.389349 0.000003 -27.904302 6.641684 4.858956 2.466100 -1.576191 2.681695 -0.662909 2.160402 4.832488 13.199513 24.081944 16.431861 2.647901 -1.528761 1.528751 -13.825657 3.441644 9.046311 1.998921 -1.154090 1.154076 0.000001 -0.000002 -0.000002 9.109287 -0.518009 2.259895 -0.049912 -0.959744 -8.165234 0.265278 1.744686 -17.291425 0.056462 0.812417 -7.953754 -0.000002 -0.000001 -0.000000 9.533396 0.000004 -0.000003 0.002113 2.974824 -16.121118 0.272716 1.768364 -17.533837 0.304615 1.866340 -18.540258 0.000002 0.000000 0.000000 9.104488 -0.042997 -1.865103 0.041217 3.460563 -22.328817 0.386929 2.095684 -20.920888 0.283306 1.801584 -17.874433 -0.000000 -0.000002 0.000000 8.077805 -0.486898 -3.806307 0.448928 4.965311 -28.198598 0.273964 1.772335 -17.574536 0.246258 1.682409 -16.655427 0.000004 -0.000001 0.000003 -8.207802 -6.751701 -1.599543 -7.728664 -26.156918 -4.258252 22.841078 -4.999322 8.894136 -12.125969 -30.035094 -7.547487 -9.178558 0.000009 0.000002 0.000000 -0.000001 -0.000000 8.207798 -6.751697 -1.599540 -27.069175 23.292224 18.827743 40.472074 -6.947945 0.048373 -0.433522 16.622527 6.427469 -7.359493 0.090070 -2.206982 -0.000000 0.000000 0.000001 
9.048304 101.802750 -8.227162 -7.693885 -45.871147 -8.225383 0.000001 10.181552 0.131524 3.277838 0.383618 2.047476 1.081797 -0.952389 -3.362072 1.038550 -0.484292 0.799345 -0.000001 16.740353 -2.049020 7.689325 -6.577671 2.559231 -0.000002 9.617852 1.684974 0.290513 -22.070904 9.362182 0.000000 22.037384 7.501073 0.000001 -0.000001 0.000000 -4.569998 11.014864 -2.160839 0.804047 15.577143 13.484706 0.852743 -30.554305 68.060868 -0.000020 19.800387 0.000039 31.574653 15.412658 -1.543295 -2.464805 -1.573976 2.681908 -1.665237 -0.174481 -4.219037 14.167608 -27.201802 -15.621631 -2.646258 -1.527813 1.527812 -14.537332 -2.655149 -12.607893 -1.994603 -1.151584 1.151583 -0.000001 -0.000002 0.000005 -9.108308 -0.517862 2.259803 0.159737 0.982893 7.300843 0.214547 -1.398646 17.440779 0.046401 -0.656566 8.086940 0.000001 -0.000001 0.000000 -9.532512 -0.000002 0.000003 0.034457 -2.867427 15.508044 0.214552 -1.398677 17.441151 0.239821 -1.476693 18.448478 -0.000001 -0.000003 -0.000000 -9.103611 -0.043092 -1.865102 0.051728 -3.146145 20.780531 0.306385 -1.662896 20.877730 0.224045 -1.428550 17.826109 0.000000 0.000001 0.000007 -8.076695 -0.486719 -3.806298 1.139811 -5.563531 26.297021 0.212750 -1.392973 17.367689 0.191522 -1.323155 16.471291 -0.000001 0.000000 0.000003 4.570405 11.014668 -2.160812 0.505977 -18.685378 -12.412955 11.629193 -8.743940 -57.910223 0.000002 -9.568241 0.000000 -28.277688 6.747491 5.436430 2.466079 -1.576201 2.681697 -0.662915 2.160404 4.832490 13.196222 24.361345 16.386317 2.647886 -1.528748 1.528746 -13.818278 3.456688 9.046162 1.998917 -1.154089 1.154075 0.000001 -0.000003 -0.000000 9.109288 -0.518028 2.259901 -0.044962 -0.829263 -8.853488 0.266718 1.749293 -17.338585 0.057123 0.817203 -8.000880 0.000003 0.000000 -0.000001 9.533392 0.000003 -0.000000 0.000429 2.966380 -16.082310 0.272162 1.766616 -17.515940 0.304050 1.864605 -18.522363 -0.000001 -0.000003 0.000001 9.104502 -0.043000 -1.865100 0.049465 3.480183 -22.319153 0.387077 2.096058 -20.924751 0.283426 1.801957 -17.878234 0.000005 0.000000 0.000002 8.077788 -0.486899 -3.806302 0.519463 5.051556 -28.098503 0.276073 1.778943 -17.642295 0.248336 1.689319 -16.725948 -0.000004 -0.000000 -0.000004 -8.207800 -6.751709 -1.599542 -7.682238 -27.071706 -3.753809 21.422501 -2.170018 7.649959 -11.598128 -29.997860 -8.576867 -9.298316 0.000020 0.000002 0.000000 -0.000000 -0.000000 8.207798 -6.751698 -1.599541 -28.688143 23.277517 20.385113 44.604868 -9.090657 -0.349089 4.807648 12.850248 7.165644 -7.846472 0.198978 -4.413115 0.000000 0.000000 -0.000001 
8.576357 102.146919 -8.447970 -9.431489 -53.741253 -9.582656 -0.000000 10.181553 0.131523 3.417403 0.653500 1.712291 1.205502 -0.710506 -3.524727 1.165456 -0.233509 0.654017 0.000001 16.740379 -2.049022 7.507471 -5.830146 2.354804 0.000002 9.617840 1.684976 -0.424531 -20.375057 9.019952 0.000001 22.037384 7.501073 -0.000000 0.000001 -0.000000 -4.569999 11.014870 -2.160840 0.796128 15.697317 13.649216 0.315401 -27.566355 68.104820 -0.000002 17.632637 0.000020 28.225591 13.406550 -3.454489 -2.464789 -1.573996 2.681906 -1.665247 -0.174476 -4.219044 14.101064 -28.003325 -15.634894 -2.646260 -1.527806 1.527814 -15.193838 -3.056792 -12.560271 -1.994602 -1.151577 1.151573 -0.000004 -0.000005 0.000001 -9.108287 -0.517873 2.259797 0.133820 1.057710 7.105705 0.213827 -1.396400 17.411935 0.046073 -0.654255 8.058121 -0.000002 -0.000000 0.000001 -9.532495 0.000016 -0.000003 -0.018768 -2.665456 15.340781 0.214396 -1.398195 17.434930 0.239670 -1.476224 18.442505 0.000001 -0.000001 -0.000000 -9.103597 -0.043093 -1.865106 0.053152 -3.150629 20.797468 0.306954 -1.664351 20.896923 0.224516 -1.430034 17.845280 0.000001 -0.000001 0.000001 -8.076691 -0.486719 -3.806302 1.098588 -5.472657 26.442811 0.212956 -1.393586 17.375626 0.191686 -1.323742 16.478803 -0.000002 0.000001 -0.000001 4.570402 11.014673 -2.160815 0.590052 -18.225135 -12.447262 10.997849 -8.558480 -57.616102 -0.000001 -9.098615 0.000013 -28.842912 6.837072 5.486959 2.466093 -1.576206 2.681700 -0.662910 2.160406 4.832491 12.892598 24.524725 16.601642 2.647879 -1.528752 1.528747 -13.823632 3.493333 9.041623 1.998933 -1.154107 1.154079 -0.000002 0.000005 -0.000000 9.109300 -0.518006 2.259900 0.022106 -0.866613 -8.146227 0.266576 1.748831 -17.333931 0.057071 0.816740 -7.996244 -0.000001 0.000000 -0.000000 9.533414 0.000005 0.000002 -0.015597 2.882642 -15.688548 0.269793 1.759105 -17.438938 0.301543 1.857139 -18.445505 0.000001 0.000002 -0.000002 9.104505 -0.042998 -1.865100 0.090469 3.555715 -21.825057 0.386956 2.095770 -20.921897 0.283333 1.801652 -17.875220 -0.000001 -0.000002 -0.000000 8.077799 -0.486883 -3.806300 0.807789 5.405998 -27.542379 0.277094 1.782182 -17.675457 0.249659 1.693693 -16.770496 0.000002 -0.000002 -0.000001 -8.207800 -6.751709 -1.599544 -6.845052 -27.165158 -2.804384 19.019941 1.417565 6.525094 -10.969093 -29.317839 -9.783645 -9.306258 0.000024 -0.000007 0.000000 0.000002 0.000000 8.207798 -6.751688 -1.599543 -26.891653 22.453280 19.330567 42.924720 -9.800579 -0.864777 7.932395 10.847138 3.664956 -9.237591 0.506900 -7.093587 -0.000000 0.000000 -0.000001 
8.030178 102.514221 -8.324972 -12.206421 -61.659219 -12.108194 0.000001 10.181543 0.131526 3.637979 0.862272 1.665305 1.389301 -0.607700 -3.526661 1.350122 -0.141476 0.560802 -0.000000 16.740362 -2.049020 7.210480 -5.060936 2.024307 0.000003 9.617826 1.684977 -1.109759 -18.350644 8.060576 -0.000002 22.037354 7.501073 -0.000000 0.000000 0.000000 -4.570004 11.014854 -2.160838 0.927939 15.447639 13.839903 -0.102421 -23.271206 68.010331 -0.000002 15.375618 0.000035 22.793847 11.210436 -5.346180 -2.464798 -1.573995 2.681910 -1.665241 -0.174480 -4.219037 13.430187 -27.353998 -15.673339 -2.646260 -1.527806 1.527809 -15.512531 -3.693974 -12.478654 -1.994583 -1.151577 1.151581 -0.000001 -0.000003 -0.000000 -9.108276 -0.517874 2.259803 0.054699 1.251388 6.718134 0.214115 -1.397242 17.422814 0.046201 -0.655114 8.068974 -0.000003 0.000000 0.000001 -9.532486 0.000000 0.000001 -0.040366 -2.561633 14.952969 0.213466 -1.395235 17.396801 0.238701 -1.473297 18.404529 0.000001 -0.000001 -0.000004 -9.103592 -0.043091 -1.865101 -0.015397 -2.955214 20.510327 0.306196 -1.662417 20.871561 0.223929 -1.428141 17.820959 0.000001 0.000001 -0.000002 -8.076695 -0.486723 -3.806298 1.045903 -5.376271 26.248152 0.212758 -1.392980 17.367964 0.191499 -1.323095 16.470513 -0.000003 -0.000001 -0.000001 4.570404 11.014657 -2.160815 0.714014 -17.633163 -12.520437 10.106298 -9.021003 -57.727857 -0.000016 -8.216975 -0.000002 -29.268238 6.984956 4.642556 2.466080 -1.576207 2.681695 -0.662908 2.160404 4.832493 12.754647 24.500853 16.733309 2.647892 -1.528765 1.528747 -13.821245 3.506391 9.041777 1.998924 -1.154092 1.154081 0.000001 0.000000 0.000003 9.109293 -0.518018 2.259898 0.049113 -0.885176 -7.839843 0.269674 1.758732 -17.435057 0.058518 0.826968 -8.097309 -0.000001 0.000000 -0.000000 9.533391 0.000003 -0.000005 -0.024534 2.833617 -15.457319 0.269115 1.757013 -17.417529 0.300852 1.855071 -18.424222 0.000002 0.000001 -0.000002 9.104485 -0.042991 -1.865100 0.102041 3.569933 -21.518002 0.386962 2.095793 -20.921885 0.283345 1.801650 -17.875110 0.000002 0.000002 -0.000002 8.077791 -0.486892 -3.806304 0.908223 5.532192 -27.302430 0.270381 1.760991 -17.458382 0.243392 1.672776 -16.557403 -0.000001 0.000000 -0.000003 -8.207800 -6.751721 -1.599541 -5.398839 -26.643269 -1.712091 16.291536 5.140413 5.517944 -9.753342 -27.172203 -10.122857 -9.067985 -0.000003 -0.000006 0.000000 0.000001 0.000000 8.207802 -6.751712 -1.599542 -23.644348 20.274973 17.430979 38.745539 -9.702453 -1.608302 9.008386 10.845057 0.921771 -11.258092 0.629087 -5.827689 0.000000 -0.000001 0.000000 
7.346289 102.884468 -7.959454 -15.737681 -68.434281 -15.517440 0.000000 10.181553 0.131524 3.830416 1.030941 1.586096 1.550928 -0.481438 -3.472299 1.513170 -0.052033 0.359195 0.000000 16.740353 -2.049019 6.852550 -4.295959 1.577159 0.000001 9.617858 1.684972 -1.784724 -16.226031 6.855215 -0.000000 22.037338 7.501075 -0.000000 -0.000000 -0.000000 -4.569996 11.014855 -2.160841 1.111770 15.042821 13.902551 0.026366 -17.653507 67.942392 -0.000001 13.127596 0.000015 15.711033 9.256737 -6.502949 -2.464818 -1.573986 2.681907 -1.665245 -0.174483 -4.219035 12.999139 -26.755319 -15.675798 -2.646269 -1.527807 1.527809 -15.506655 -3.970288 -12.461658 -1.994594 -1.151598 1.151582 0.000001 -0.000004 -0.000002 -9.108317 -0.517862 2.259803 0.023108 1.331822 6.553990 0.213742 -1.396117 17.408192 0.046049 -0.653949 8.054369 0.000003 0.000001 0.000001 -9.532510 0.000015 -0.000001 -0.051274 -2.504367 14.713462 0.213357 -1.394830 17.391627 0.238549 -1.472905 18.399497 -0.000003 0.000001 -0.000003 -9.103624 -0.043110 -1.865101 -0.041049 -2.880430 20.399982 0.305335 -1.660153 20.841757 0.223190 -1.425866 17.791591 0.000000 0.000001 0.000001 -8.076699 -0.486719 -3.806299 1.024087 -5.341116 26.079512 0.212630 -1.392556 17.362170 0.191360 -1.322608 16.464402 0.000003 -0.000002 0.000004 4.570403 11.014672 -2.160815 0.878950 -16.960058 -12.704452 9.257831 -10.329652 -57.966702 -0.000003 -7.363396 -0.000007 -29.590814 6.735890 3.161564 2.466097 -1.576211 2.681691 -0.662910 2.160406 4.832492 12.919994 24.364682 16.666642 2.647885 -1.528741 1.528741 -13.825041 3.494630 9.037817 1.998916 -1.154081 1.154072 0.000003 -0.000006 0.000000 9.109290 -0.518012 2.259896 0.022048 -0.870950 -8.122214 0.270295 1.760753 -17.455716 0.058823 0.829064 -8.117942 -0.000000 -0.000001 -0.000000 9.533396 0.000001 -0.000004 -0.029370 2.825784 -15.587067 0.268344 1.754471 -17.391794 0.300027 1.852586 -18.398590 0.000001 0.000000 0.000003 9.104507 -0.043001 -1.865104 0.093820 3.555476 -21.649398 0.385461 2.091815 -20.880354 0.282041 1.797609 -17.833643 0.000001 0.000001 -0.000001 8.077819 -0.486901 -3.806305 0.858039 5.468562 -27.391282 0.269572 1.758437 -17.432203 0.242574 1.670035 -16.529322 0.000000 0.000001 0.000000 -8.207802 -6.751710 -1.599545 -4.499274 -25.267154 -0.837208 14.622819 7.461702 4.421186 -8.141895 -25.446626 -9.543618 -9.444402 0.000006 0.000002 0.000001 0.000002 0.000001 8.207803 -6.751694 -1.599544 -20.111113 16.853955 15.114652 32.896817 -9.498376 -1.933939 9.384841 15.609807 -1.599579 -10.576995 0.546915 -5.750491 0.000000 -0.000001 0.000000 
6.535474 103.124741 -7.324857 -18.863461 -72.805179 -18.924636 -0.000001 10.181539 0.131524 3.970209 1.165899 1.681435 1.668977 -0.198497 -3.283607 1.632336 0.171306 0.154394 -0.000000 16.740391 -2.049022 6.469553 -3.549166 1.127321 0.000000 9.617852 1.684976 -2.723612 -14.065675 5.653564 0.000001 22.037399 7.501069 -0.000000 -0.000000 0.000000 -4.570002 11.014900 -2.160841 1.361073 14.407295 13.873536 0.726212 -11.033088 67.770305 -0.000012 11.203159 0.000013 7.960584 7.672311 -7.038529 -2.464786 -1.574007 2.681908 -1.665240 -0.174480 -4.219038 12.794515 -26.589669 -15.703520 -2.646259 -1.527807 1.527821 -15.504902 -4.082987 -12.458722 -1.994590 -1.151582 1.151576 -0.000003 -0.000005 -0.000000 -9.108301 -0.517894 2.259800 0.002603 1.380051 6.470949 0.213672 -1.395907 17.405335 0.046012 -0.653712 8.051532 0.000000 0.000001 0.000001 -9.532489 -0.000005 0.000000 -0.059073 -2.465359 14.583410 0.212431 -1.391893 17.353906 0.237597 -1.470006 18.361854 -0.000000 -0.000001 0.000002 -9.103587 -0.043112 -1.865102 -0.042288 -2.868559 20.245147 0.305961 -1.661791 20.863243 0.223714 -1.427528 17.813031 -0.000002 0.000002 -0.000001 -8.076686 -0.486719 -3.806301 0.999829 -5.299271 25.971350 0.213522 -1.395384 17.398707 0.192194 -1.325422 16.500622 -0.000001 0.000001 0.000005 4.570404 11.014695 -2.160817 0.901189 -16.768603 -12.960741 8.662159 -11.974983 -58.387715 0.000010 -6.797352 0.000004 -29.785864 5.785551 1.604725 2.466088 -1.576209 2.681696 -0.662911 2.160404 4.832493 12.981632 24.650916 16.578035 2.647890 -1.528748 1.528750 -13.827230 3.488659 9.036557 1.998910 -1.154083 1.154074 0.000003 0.000003 -0.000000 9.109276 -0.518008 2.259899 -0.003516 -0.863786 -8.352856 0.267292 1.751165 -17.357582 0.057404 0.819125 -8.019883 -0.000001 -0.000000 -0.000003 9.533395 0.000007 -0.000002 -0.027024 2.842867 -15.703114 0.268695 1.755579 -17.402912 0.300394 1.853660 -18.409672 -0.000000 -0.000002 0.000003 9.104481 -0.042996 -1.865102 0.083483 3.535866 -21.778125 0.386880 2.095553 -20.919664 0.283263 1.801434 -17.872954 -0.000001 -0.000002 0.000004 8.077787 -0.486887 -3.806299 0.814319 5.413625 -27.470176 0.269444 1.758002 -17.427526 0.242410 1.669490 -16.523858 -0.000001 0.000000 0.000004 -8.207800 -6.751736 -1.599544 -3.746802 -23.472575 0.166736 13.610913 6.871380 3.268657 -6.885079 -23.476894 -8.148567 -9.532093 0.000015 0.000003 -0.000000 -0.000002 -0.000000 8.207800 -6.751719 -1.599545 -17.682475 12.987097 13.417113 27.091819 -9.696591 -1.610382 7.761789 18.109034 -2.695477 -6.846670 0.024845 -1.566093 0.000000 0.000001 0.000000 
5.523232 103.213684 -6.514130 -22.461173 -76.194940 -22.875084 -0.000001 10.181549 0.131525 4.108969 1.181115 2.036439 1.759299 -0.056151 -2.925828 1.740810 0.247842 0.029728 -0.000001 16.740353 -2.049021 6.099504 -2.841801 0.714975 0.000002 9.617853 1.684978 -3.896048 -11.883832 4.459985 0.000000 22.037369 7.501074 -0.000000 -0.000000 -0.000000 -4.569998 11.014856 -2.160842 1.522820 14.042534 13.705236 2.131892 -3.876586 67.492309 -0.000001 10.055589 0.000023 0.449081 6.377420 -7.479983 -2.464790 -1.573995 2.681911 -1.665239 -0.174485 -4.219039 12.632298 -27.061295 -15.781874 -2.646266 -1.527809 1.527815 -15.511387 -4.079709 -12.497055 -1.994595 -1.151581 1.151579 -0.000002 -0.000003 0.000002 -9.108296 -0.517884 2.259803 -0.009458 1.405040 6.441029 0.214485 -1.398479 17.438622 0.046395 -0.656406 8.084802 0.000003 0.000002 0.000001 -9.532500 0.000003 0.000001 -0.079791 -2.382785 14.549910 0.213124 -1.394101 17.382321 0.238340 -1.472240 18.390573 -0.000005 0.000002 0.000002 -9.103601 -0.043112 -1.865102 -0.037800 -2.880651 20.242946 0.306132 -1.662284 20.869599 0.223885 -1.428021 17.819410 -0.000003 0.000001 0.000004 -8.076683 -0.486726 -3.806298 0.958751 -5.215686 26.075480 0.213542 -1.395437 17.399374 0.192186 -1.325451 16.500752 -0.000000 0.000001 0.000006 4.570402 11.014701 -2.160817 0.771956 -16.941229 -13.463676 8.038614 -12.888272 -59.070918 -0.000000 -6.367990 0.000003 -29.860706 4.359742 0.192829 2.466084 -1.576223 2.681699 -0.662910 2.160404 4.832492 12.980313 24.736688 16.579557 2.647879 -1.528735 1.528742 -13.826677 3.491961 9.039954 1.998917 -1.154086 1.154072 -0.000002 0.000005 -0.000000 9.109283 -0.518010 2.259900 -0.015861 -0.865572 -8.434501 0.267327 1.751259 -17.358634 0.057429 0.819250 -8.020924 0.000001 0.000000 -0.000004 9.533404 0.000007 -0.000000 -0.035715 2.820018 -15.812134 0.269603 1.758540 -17.433211 0.301368 1.856616 -18.440152 0.000000 -0.000001 0.000005 9.104486 -0.042998 -1.865103 0.075850 3.518692 -21.816526 0.387099 2.096139 -20.925775 0.283463 1.802052 -17.879132 -0.000000 -0.000000 0.000000 8.077783 -0.486887 -3.806302 0.835733 5.441986 -27.493625 0.269159 1.757087 -17.418222 0.242145 1.668556 -16.514340 -0.000001 0.000001 -0.000003 -8.207800 -6.751707 -1.599544 -2.944975 -21.397936 1.070507 12.802689 4.870554 2.154652 -6.549151 -21.084420 -6.755149 -8.966818 -0.000014 0.000000 0.000001 -0.000000 -0.000000 8.207800 -6.751698 -1.599544 -16.406842 9.267019 13.042440 22.443843 -2.150641 -3.284198 5.959729 11.035652 -4.756335 -8.887876 0.000017 -0.000001 0.000000 0.000002 0.000000 
4.302063 103.148827 -5.555355 -27.453923 -79.146723 -28.179544 -0.000000 10.181536 0.131522 4.204866 1.056057 2.569266 1.785228 -0.215080 -2.489214 1.799246 0.032824 -0.065006 -0.000000 16.740391 -2.049021 5.836283 -2.191398 0.362920 0.000001 9.617830 1.684983 -4.947233 -9.707499 3.372486 -0.000001 22.037384 7.501074 -0.000000 -0.000000 0.000000 -4.570004 11.014894 -2.160841 1.481272 14.340556 13.297297 4.149009 3.232788 67.210735 -0.000004 9.743705 0.000010 -6.352902 5.259283 -7.771422 -2.464796 -1.573998 2.681909 -1.665238 -0.174481 -4.219041 12.121548 -27.123818 -15.858461 -2.646269 -1.527801 1.527809 -15.515348 -4.279012 -12.535089 -1.994599 -1.151584 1.151577 -0.000001 -0.000003 0.000006 -9.108308 -0.517876 2.259801 -0.023301 1.457296 6.280056 0.213901 -1.396599 17.414496 0.046110 -0.654433 8.060668 -0.000003 0.000001 0.000001 -9.532508 -0.000002 0.000000 -0.093362 -2.321372 14.440627 0.212966 -1.393614 17.375971 0.238180 -1.471745 18.384458 -0.000004 0.000002 0.000007 -9.103598 -0.043097 -1.865103 -0.050855 -2.843117 20.206797 0.306339 -1.662791 20.876386 0.224055 -1.428564 17.826358 0.000000 0.000003 0.000001 -8.076689 -0.486720 -3.806300 0.957862 -5.220325 26.061200 0.213379 -1.394931 17.392923 0.192044 -1.324924 16.494004 -0.000002 0.000002 -0.000001 4.570400 11.014686 -2.160816 0.613424 -17.082305 -14.155839 7.060711 -12.821056 -60.078890 -0.000008 -5.765722 -0.000008 -29.908196 2.919729 -1.278611 2.466096 -1.576189 2.681698 -0.662911 2.160406 4.832492 13.007568 24.773410 16.557236 2.647890 -1.528745 1.528747 -13.827358 3.485777 9.041102 1.998929 -1.154091 1.154076 -0.000002 0.000001 -0.000002 9.109288 -0.518016 2.259900 -0.028917 -0.864813 -8.535671 0.267228 1.750934 -17.355357 0.057377 0.818902 -8.017643 0.000001 0.000000 -0.000000 9.533397 0.000008 -0.000001 -0.041097 2.805415 -15.871210 0.268408 1.754720 -17.394142 0.300112 1.852832 -18.401197 0.000000 -0.000000 0.000003 9.104492 -0.043002 -1.865100 0.073028 3.516261 -21.906153 0.387069 2.096089 -20.925160 0.283445 1.801990 -17.878587 -0.000001 0.000000 -0.000001 8.077809 -0.486887 -3.806302 0.788251 5.382317 -27.560568 0.269151 1.757070 -17.418214 0.241910 1.667798 -16.506510 -0.000001 -0.000000 0.000002 -8.207801 -6.751708 -1.599544 -2.694441 -19.142737 1.474024 13.062670 2.289151 1.122104 -6.731949 -18.515541 -4.591039 -8.006934 0.000015 0.000005 0.000000 0.000000 -0.000000 8.207797 -6.751713 -1.599545 -15.364193 6.778098 12.807166 18.715159 6.939426 -4.183143 5.176760 2.414491 -8.441569 -10.609230 0.000011 0.000001 0.000000 -0.000001 -0.000000 
2.972776 102.902122 -4.515163 -34.922337 -81.705236 -35.822935 -0.000000 10.181565 0.131523 4.181566 0.899225 3.207936 1.713701 -0.388575 -1.968700 1.748692 -0.189035 -0.097051 0.000000 16.740383 -2.049024 5.703441 -1.609776 0.111438 -0.000000 9.617839 1.684980 -5.703759 -7.531051 2.460121 -0.000000 22.037384 7.501072 -0.000000 0.000000 -0.000000 -4.570000 11.014894 -2.160844 1.331412 15.040199 12.804708 6.408650 9.803269 66.759901 0.000006 9.765786 0.000039 -12.160225 4.052574 -7.108240 -2.464775 -1.573984 2.681910 -1.665242 -0.174485 -4.219040 11.782445 -26.864536 -15.878933 -2.646266 -1.527819 1.527814 -15.513706 -4.463386 -12.538402 -1.994602 -1.151585 1.151576 -0.000001 -0.000007 0.000001 -9.108286 -0.517879 2.259804 -0.051658 1.535587 6.106604 0.213659 -1.395798 17.404073 0.045990 -0.653608 8.050268 0.000004 0.000001 0.000002 -9.532488 0.000014 0.000001 -0.096606 -2.294220 14.265474 0.212147 -1.390999 17.342410 0.237310 -1.469151 18.350953 -0.000000 0.000001 0.000002 -9.103588 -0.043097 -1.865102 -0.073573 -2.776583 20.129676 0.306055 -1.662036 20.866498 0.223830 -1.427839 17.816909 0.000000 -0.000000 0.000002 -8.076678 -0.486723 -3.806300 0.957780 -5.230382 25.995635 0.213806 -1.396294 17.410427 0.192446 -1.326277 16.511388 -0.000002 0.000001 0.000003 4.570400 11.014703 -2.160819 0.502212 -17.079761 -14.782129 5.875114 -12.639828 -61.358506 0.000010 -4.910582 -0.000013 -29.988929 1.646310 -2.918614 2.466097 -1.576189 2.681697 -0.662911 2.160406 4.832489 13.116385 24.957506 16.466544 2.647889 -1.528736 1.528750 -13.828299 3.473149 9.041723 1.998928 -1.154095 1.154080 -0.000000 -0.000003 0.000001 9.109299 -0.518014 2.259899 -0.051935 -0.862096 -8.720634 0.270300 1.760725 -17.455605 0.058812 0.829058 -8.117822 0.000000 0.000000 0.000001 9.533401 0.000008 -0.000001 -0.040880 2.817517 -16.018947 0.270238 1.760527 -17.453582 0.302034 1.858596 -18.460587 -0.000000 -0.000000 0.000002 9.104505 -0.043003 -1.865101 0.069627 3.514860 -22.041415 0.386970 2.095813 -20.922259 0.283354 1.801705 -17.875698 0.000000 0.000000 -0.000004 8.077793 -0.486893 -3.806301 0.689933 5.260016 -27.714843 0.269154 1.757068 -17.418212 0.241701 1.667114 -16.499620 -0.000001 0.000000 0.000002 -8.207800 -6.751700 -1.599544 -3.582735 -16.501343 1.293073 15.328879 -0.954942 0.319519 -7.818854 -15.848993 -2.811240 -7.307729 -0.000001 0.000002 -0.000000 -0.000001 0.000000 8.207798 -6.751695 -1.599542 -13.335885 5.273186 12.093874 13.631210 8.680370 -2.950511 2.567515 -5.898236 -10.380050 -10.948248 -0.000017 -0.000004 -0.000000 -0.000000 0.000001 
1.712901 102.700508 -3.453033 -47.195603 -83.853795 -48.523009 0.000001 10.181551 0.131523 4.061295 0.845068 3.666312 1.597405 -0.236698 -1.390913 1.631173 -0.090422 -0.061515 -0.000000 16.740368 -2.049024 5.637443 -1.108656 -0.043324 0.000001 9.617853 1.684978 -6.222122 -5.383333 1.716102 -0.000000 22.037369 7.501072 -0.000000 0.000000 0.000000 -4.569996 11.014875 -2.160841 1.132010 15.897757 12.407761 8.596828 15.602524 66.031182 -0.000002 9.591611 -0.000009 -16.604192 2.544488 -4.885957 -2.464788 -1.573979 2.681910 -1.665237 -0.174483 -4.219034 11.517216 -26.487494 -15.883905 -2.646260 -1.527790 1.527815 -15.509705 -4.635406 -12.528165 -1.994599 -1.151579 1.151586 0.000001 -0.000003 0.000003 -9.108288 -0.517867 2.259804 -0.065382 1.598503 5.893835 0.214035 -1.397058 17.420123 0.046184 -0.654903 8.066289 -0.000002 -0.000000 -0.000000 -9.532505 0.000002 -0.000000 -0.097916 -2.273691 14.082473 0.211342 -1.388410 17.309064 0.236455 -1.466572 18.317620 -0.000000 0.000002 0.000004 -9.103593 -0.043103 -1.865101 -0.096172 -2.707525 20.015321 0.305417 -1.660345 20.844344 0.223283 -1.426148 17.795180 -0.000001 0.000000 0.000002 -8.076694 -0.486728 -3.806297 0.943323 -5.214022 25.905992 0.213027 -1.393800 17.378516 0.191708 -1.323772 16.479189 0.000000 0.000000 0.000004 4.570401 11.014674 -2.160817 0.531626 -16.874252 -15.034220 4.850944 -13.209249 -62.822973 -0.000005 -4.001174 -0.000009 -30.133517 0.448410 -4.449906 2.466090 -1.576189 2.681696 -0.662911 2.160402 4.832492 13.153066 24.905648 16.426434 2.647872 -1.528758 1.528749 -13.823064 3.456571 9.045002 1.998924 -1.154094 1.154077 -0.000001 -0.000002 0.000003 9.109288 -0.518007 2.259900 -0.078732 -0.858128 -8.939270 0.268200 1.754040 -17.387124 0.057829 0.822123 -8.049397 -0.000000 0.000000 0.000003 9.533399 -0.000001 -0.000001 -0.039366 2.833618 -16.161775 0.270399 1.761051 -17.458858 0.302207 1.859121 -18.465896 0.000000 -0.000000 -0.000000 9.104497 -0.042996 -1.865101 0.050247 3.474087 -22.173309 0.386860 2.095546 -20.919292 0.283260 1.801416 -17.872855 -0.000000 0.000000 -0.000000 8.077803 -0.486896 -3.806301 0.555463 5.096814 -27.981398 0.269149 1.757070 -17.418225 0.241525 1.666537 -16.493758 -0.000000 0.000000 0.000005 -8.207800 -6.751703 -1.599545 -3.964022 -14.075002 1.535983 16.620575 -4.789155 -0.547843 -8.385367 -12.503609 -0.931725 -6.824430 0.000015 0.000004 -0.000001 -0.000000 0.000000 8.207799 -6.751699 -1.599542 -12.762146 8.227872 10.998860 12.641884 8.724932 0.248289 0.658604 -10.086695 -10.009430 -8.069217 -0.000004 0.000002 -0.000000 0.000001 0.000000 
0.621703 102.830795 -2.466050 -68.772512 -85.400553 -70.603993 0.000000 10.181540 0.131521 3.922539 0.969174 3.645225 1.520518 0.258721 -0.534050 1.534463 0.352531 0.295438 0.000000 16.740389 -2.049023 5.637619 -0.705328 -0.070044 -0.000000 9.617841 1.684979 -6.572473 -3.315453 1.189953 -0.000000 22.037354 7.501073 -0.000000 -0.000000 -0.000000 -4.569996 11.014891 -2.160842 1.272358 15.912126 11.678154 10.279111 20.877785 65.033223 -0.000012 9.037761 0.000007 -19.378855 1.001012 -1.430714 -2.464798 -1.573995 2.681910 -1.665240 -0.174481 -4.219037 11.391647 -26.224069 -15.889622 -2.646272 -1.527807 1.527816 -15.506117 -4.731977 -12.514567 -1.994613 -1.151585 1.151583 0.000002 -0.000000 0.000003 -9.108304 -0.517890 2.259803 -0.067402 1.620659 5.796316 0.214038 -1.397046 17.420116 0.046180 -0.654902 8.066296 0.000000 0.000000 -0.000001 -9.532504 0.000015 0.000000 -0.102535 -2.246903 13.987553 0.211496 -1.388878 17.315146 0.236619 -1.467061 18.323791 -0.000001 0.000001 -0.000001 -9.103613 -0.043097 -1.865101 -0.109342 -2.660576 19.853642 0.304612 -1.658277 20.816800 0.222608 -1.424038 17.767926 0.000001 0.000002 0.000003 -8.076703 -0.486738 -3.806296 0.884537 -5.114034 25.817961 0.212698 -1.392737 17.364656 0.191356 -1.322624 16.464690 0.000001 -0.000001 0.000003 4.570401 11.014706 -2.160817 0.253506 -17.563387 -15.346827 4.490419 -14.032874 -64.415439 0.000009 -3.215568 -0.000004 -30.507942 -0.617486 -5.531739 2.466093 -1.576211 2.681700 -0.662910 2.160408 4.832492 13.186643 24.424164 16.406500 2.647872 -1.528747 1.528747 -13.727198 3.412477 9.074561 1.998917 -1.154094 1.154074 -0.000000 -0.000002 -0.000000 9.109278 -0.518008 2.259901 -0.130177 -0.851799 -9.348421 0.267754 1.752600 -17.372432 0.057621 0.820637 -8.034706 0.000000 -0.000000 0.000002 9.533390 0.000003 0.000001 -0.035298 2.863575 -16.374335 0.270834 1.762438 -17.472922 0.302656 1.860467 -18.479936 0.000000 -0.000000 0.000001 9.104495 -0.042999 -1.865101 0.018339 3.413250 -22.475000 0.386844 2.095453 -20.918627 0.283251 1.801386 -17.872378 0.000000 -0.000000 0.000004 8.077778 -0.486898 -3.806301 0.339120 4.840895 -28.408345 0.269149 1.757067 -17.418222 0.241391 1.666080 -16.488995 -0.000000 -0.000000 0.000003 -8.207798 -6.751720 -1.599544 -3.051103 -12.615977 2.068517 15.134774 -9.022884 -1.537228 -7.620679 -7.738322 0.929705 -6.641045 0.000015 0.000004 -0.000000 0.000001 0.000000 8.207799 -6.751714 -1.599547 -12.162323 14.021525 11.621784 10.953061 -5.249651 -0.414434 4.298020 0.174855 -5.264366 -5.035682 0.000014 -0.000004 0.000000 -0.000001 -0.000000 
-0.287116 103.062347 -1.460238 -104.698713 -85.792094 -107.205830 -0.000000 10.181544 0.131523 3.731133 1.197697 3.439041 1.423486 0.543038 0.440960 1.418289 0.600791 0.876021 0.000000 16.740370 -2.049020 5.674961 -0.422040 0.070845 -0.000000 9.617871 1.684973 -6.891111 -1.402151 0.755070 -0.000000 22.037384 7.501073 -0.000001 0.000000 -0.000000 -4.569999 11.014861 -2.160839 1.907281 14.582140 10.549291 10.730321 25.779506 64.195186 0.000007 8.186141 0.000017 -20.382784 0.024807 2.114920 -2.464785 -1.573982 2.681911 -1.665243 -0.174483 -4.219041 11.601307 -26.965421 -15.968472 -2.646254 -1.527815 1.527812 -15.515338 -4.510401 -12.557430 -1.994594 -1.151573 1.151576 -0.000002 -0.000003 0.000001 -9.108271 -0.517879 2.259804 -0.034992 1.544123 5.922641 0.214050 -1.397054 17.420112 0.046176 -0.654901 8.066277 0.000000 -0.000001 0.000001 -9.532482 0.000012 -0.000001 -0.113320 -2.216904 14.138317 0.211835 -1.389983 17.329250 0.237000 -1.468182 18.338173 -0.000002 0.000003 0.000003 -9.103573 -0.043092 -1.865102 -0.082650 -2.737055 19.890389 0.305424 -1.660361 20.844382 0.223272 -1.426135 17.794997 0.000002 -0.000001 0.000004 -8.076690 -0.486728 -3.806298 0.815070 -4.991892 25.956671 0.212959 -1.393584 17.375583 0.191598 -1.323442 16.475086 0.000000 -0.000002 0.000000 4.570402 11.014677 -2.160814 -0.313959 -19.048481 -15.979805 4.896804 -14.662765 -65.510708 -0.000011 -2.519413 0.000003 -31.362634 -1.199712 -6.027040 2.466096 -1.576204 2.681697 -0.662910 2.160406 4.832492 12.965616 24.636265 16.498674 2.647870 -1.528748 1.528754 -13.780355 3.453282 9.049139 1.998913 -1.154063 1.154070 0.000002 0.000003 0.000001 9.109289 -0.518015 2.259900 -0.142231 -0.901656 -9.156630 0.267735 1.752609 -17.372450 0.057613 0.820629 -8.034716 -0.000000 -0.000000 0.000001 9.533400 0.000002 0.000000 -0.047354 2.824339 -16.401687 0.271167 1.763484 -17.483623 0.303010 1.861535 -18.490902 -0.000000 0.000000 -0.000001 9.104496 -0.042995 -1.865101 0.026114 3.425330 -22.358208 0.387549 2.097330 -20.938039 0.283862 1.803257 -17.891783 0.000000 0.000000 -0.000002 8.077806 -0.486894 -3.806300 0.401700 4.916516 -28.339222 0.269138 1.757064 -17.418212 0.240952 1.664561 -16.473636 -0.000000 0.000001 -0.000002 -8.207799 -6.751719 -1.599544 -1.604969 -11.625510 2.768056 12.355024 -9.958029 -2.385506 -6.277089 -5.290355 2.005581 -6.781225 0.000027 -0.000002 -0.000001 0.000002 0.000000 8.207801 -6.751710 -1.599543 -11.656647 14.232431 11.008019 11.748692 -2.539026 1.656794 2.858488 0.177176 -6.088173 -4.983700 0.000004 -0.000006 -0.000000 0.000001 0.000000 
-1.068718 103.265686 -0.396532 -138.963095 -84.143587 -142.202489 0.000000 10.181581 0.131526 3.445985 1.431449 2.970128 1.245819 0.442765 1.213270 1.226819 0.475291 1.346883 0.000000 16.740370 -2.049023 5.648622 -0.185301 0.320067 -0.000000 9.617836 1.684975 -7.338833 0.481747 0.200936 0.000001 22.037384 7.501072 -0.000000 0.000000 0.000000 -4.570003 11.014891 -2.160843 2.623623 12.889189 9.445235 10.116828 30.355085 63.898619 0.000002 7.190113 0.000013 -20.338101 -0.407680 5.306464 -2.464813 -1.573994 2.681910 -1.665240 -0.174483 -4.219036 12.298933 -28.794356 -16.086197 -2.646250 -1.527791 1.527806 -15.536715 -3.904092 -12.653401 -1.994606 -1.151581 1.151575 0.000002 -0.000002 0.000003 -9.108294 -0.517867 2.259803 0.012431 1.363201 6.489447 0.214044 -1.397029 17.420088 0.046176 -0.654914 8.066306 -0.000003 0.000001 -0.000000 -9.532501 -0.000004 -0.000000 -0.128289 -2.206895 14.682414 0.213475 -1.395249 17.396891 0.238738 -1.473409 18.406106 -0.000003 0.000002 -0.000000 -9.103595 -0.043117 -1.865101 -0.011125 -2.952950 20.239266 0.307352 -1.665428 20.911061 0.224906 -1.431202 17.860368 -0.000001 0.000003 0.000002 -8.076709 -0.486706 -3.806298 0.779009 -4.909863 26.288944 0.213916 -1.396603 17.414455 0.192479 -1.326430 16.513444 0.000000 -0.000002 0.000002 4.570404 11.014709 -2.160818 -0.612627 -19.921089 -16.603758 5.596627 -15.638900 -65.866615 -0.000010 -1.803839 -0.000008 -32.590818 -1.352990 -6.169318 2.466092 -1.576208 2.681696 -0.662912 2.160407 4.832491 12.261655 25.140863 16.848021 2.647876 -1.528749 1.528745 -13.768040 3.498587 9.039705 1.998921 -1.154095 1.154078 -0.000001 0.000001 0.000001 9.109301 -0.518015 2.259900 -0.043212 -0.948713 -8.175725 0.267760 1.752604 -17.372432 0.057607 0.820638 -8.034710 -0.000000 0.000000 0.000007 9.533400 0.000004 -0.000001 -0.066651 2.723167 -15.969435 0.269708 1.758841 -17.436404 0.301508 1.857012 -18.444045 -0.000000 0.000000 0.000002 9.104502 -0.042997 -1.865103 0.096432 3.559320 -21.592663 0.387016 2.095958 -20.923646 0.283392 1.801822 -17.876994 0.000001 -0.000001 0.000002 8.077799 -0.486898 -3.806302 0.734820 5.314960 -27.585551 0.269159 1.757079 -17.418225 0.241489 1.666388 -16.492151 0.000000 -0.000001 -0.000001 -8.207799 -6.751689 -1.599543 -0.261053 -10.748276 3.254803 9.409752 -9.022237 -2.954616 -4.722149 -3.773710 2.734532 -7.084370 0.000033 -0.000001 0.000000 -0.000000 0.000000 8.207798 -6.751675 -1.599542 -11.102357 14.435429 10.532969 12.193990 0.868834 3.399493 1.683672 0.158589 -6.810165 -4.983702 -0.000056 -0.000006 0.000000 -0.000000 0.000000 
-1.424596 103.377586 0.121838 -148.473231 -82.838795 -152.092112 0.000000 10.181548 0.131524 3.296973 1.543014 2.729724 1.151890 0.339449 1.552798 1.126012 0.361523 1.555887 -0.000000 16.740360 -2.049019 5.626314 -0.078941 0.454683 0.000000 9.617867 1.684975 -7.563343 1.375735 -0.080567 0.000000 22.037369 7.501073 -0.000000 -0.000000 0.000000 -4.570003 11.014878 -2.160838 2.959889 12.023758 8.926847 9.664250 32.496582 63.907580 -0.000013 6.693722 0.000009 -20.179051 -0.514125 6.782784 -2.464798 -1.573995 2.681911 -1.665237 -0.174481 -4.219036 12.710984 -29.825384 -16.130836 -2.646273 -1.527814 1.527820 -15.549438 -3.559426 -12.707138 -1.994610 -1.151581 1.151583 0.000003 -0.000005 0.000001 -9.108284 -0.517885 2.259804 0.038556 1.262297 6.823711 0.214029 -1.397034 17.420117 0.046167 -0.654904 8.066290 -0.000000 0.000002 0.000005 -9.532484 0.000016 0.000000 -0.136233 -2.205094 14.998860 0.214442 -1.398348 17.436874 0.239765 -1.476510 18.446270 -0.000000 0.000001 0.000005 -9.103603 -0.043111 -1.865098 0.030598 -3.075756 20.451022 0.308449 -1.668271 20.948528 0.225819 -1.434041 17.897076 -0.000000 -0.000000 0.000002 -8.076697 -0.486740 -3.806300 0.764894 -4.877287 26.475321 0.214455 -1.398361 17.437026 0.193010 -1.328205 16.535830 0.000001 0.000001 0.000000 4.570401 11.014686 -2.160813 -0.717792 -20.249878 -16.899510 5.973805 -16.155182 -65.928538 0.000005 -1.459346 0.000005 -33.230513 -1.364887 -6.186635 2.466089 -1.576209 2.681697 -0.662910 2.160404 4.832489 11.853555 25.421641 17.058264 2.647884 -1.528753 1.528744 -13.761931 3.522390 9.039605 1.998920 -1.154078 1.154077 0.000002 -0.000001 0.000005 9.109302 -0.518009 2.259899 0.019854 -0.969579 -7.593531 0.267745 1.752596 -17.372431 0.057624 0.820631 -8.034698 -0.000000 -0.000000 0.000002 9.533395 0.000007 -0.000000 -0.076325 2.665809 -15.696833 0.268764 1.755828 -17.405520 0.300508 1.854019 -18.413336 0.000001 0.000000 0.000001 9.104487 -0.042999 -1.865101 0.136881 3.641806 -21.133505 0.386598 2.094828 -20.911884 0.283021 1.800669 -17.865005 0.000001 0.000000 0.000002 8.077793 -0.486890 -3.806300 0.927702 5.555976 -27.128017 0.269155 1.757065 -17.418212 0.241887 1.667729 -16.505888 -0.000000 -0.000000 -0.000001 -8.207801 -6.751718 -1.599544 0.596210 -10.335849 3.512264 7.510633 -8.276069 -3.186727 -3.705637 -3.193839 3.026300 -7.252614 -0.000025 -0.000002 0.000000 -0.000001 -0.000000 8.207800 -6.751717 -1.599544 -10.752602 14.548996 10.332652 12.141612 2.595133 4.138074 1.273206 0.139760 -7.119436 -4.983706 0.000012 0.000003 -0.000000 0.000001 0.000000 
-1.424596 103.377586 0.121838 -148.473231 -82.838795 -152.092112 0.000000 10.181548 0.131524 3.296973 1.543014 2.729724 1.151890 0.339449 1.552798 1.126012 0.361523 1.555887 -0.000000 16.740360 -2.049019 5.626314 -0.078941 0.454683 0.000000 9.617867 1.684975 -7.563343 1.375735 -0.080567 0.000000 22.037369 7.501073 -0.000000 -0.000000 0.000000 -4.570003 11.014878 -2.160838 2.959889 12.023758 8.926847 9.664250 32.496582 63.907580 -0.000013 6.693722 0.000009 -20.179051 -0.514125 6.782784 -2.464798 -1.573995 2.681911 -1.665237 -0.174481 -4.219036 12.710984 -29.825384 -16.130836 -2.646273 -1.527814 1.527820 -15.549438 -3.559426 -12.707138 -1.994610 -1.151581 1.151583 0.000003 -0.000005 0.000001 -9.108284 -0.517885 2.259804 0.038556 1.262297 6.823711 0.214029 -1.397034 17.420117 0.046167 -0.654904 8.066290 -0.000000 0.000002 0.000005 -9.532484 0.000016 0.000000 -0.136233 -2.205094 14.998860 0.214442 -1.398348 17.436874 0.239765 -1.476510 18.446270 -0.000000 0.000001 0.000005 -9.103603 -0.043111 -1.865098 0.030598 -3.075756 20.451022 0.308449 -1.668271 20.948528 0.225819 -1.434041 17.897076 -0.000000 -0.000000 0.000002 -8.076697 -0.486740 -3.806300 0.764894 -4.877287 26.475321 0.214455 -1.398361 17.437026 0.193010 -1.328205 16.535830 0.000001 0.000001 0.000000 4.570401 11.014686 -2.160813 -0.717792 -20.249878 -16.899510 5.973805 -16.155182 -65.928538 0.000005 -1.459346 0.000005 -33.230513 -1.364887 -6.186635 2.466089 -1.576209 2.681697 -0.662910 2.160404 4.832489 11.853555 25.421641 17.058264 2.647884 -1.528753 1.528744 -13.761931 3.522390 9.039605 1.998920 -1.154078 1.154077 0.000002 -0.000001 0.000005 9.109302 -0.518009 2.259899 0.019854 -0.969579 -7.593531 0.267745 1.752596 -17.372431 0.057624 0.820631 -8.034698 -0.000000 -0.000000 0.000002 9.533395 0.000007 -0.000000 -0.076325 2.665809 -15.696833 0.268764 1.755828 -17.405520 0.300508 1.854019 -18.413336 0.000001 0.000000 0.000001 9.104487 -0.042999 -1.865101 0.136881 3.641806 -21.133505 0.386598 2.094828 -20.911884 0.283021 1.800669 -17.865005 0.000001 0.000000 0.000002 8.077793 -0.486890 -3.806300 0.927702 5.555976 -27.128017 0.269155 1.757065 -17.418212 0.241887 1.667729 -16.505888 -0.000000 -0.000000 -0.000001 -8.207801 -6.751718 -1.599544 0.596210 -10.335849 3.512264 7.510633 -8.276069 -3.186727 -3.705637 -3.193839 3.026300 -7.252614 -0.000025 -0.000002 0.000000 -0.000001 -0.000000 8.207800 -6.751717 -1.599544 -10.752602 14.548996 10.332652 12.141612 2.595133 4.138074 1.273206 0.139760 -7.119436 -4.983706 0.000012 0.000003 -0.000000 0.000001 0.000000 
-1.424596 103.377586 0.121838 -148.473231 -82.838795 -152.092112 0.000000 10.181548 0.131524 3.296973 1.543014 2.729724 1.151890 0.339449 1.552798 1.126012 0.361523 1.555887 -0.000000 16.740360 -2.049019 5.626314 -0.078941 0.454683 0.000000 9.617867 1.684975 -7.563343 1.375735 -0.080567 0.000000 22.037369 7.501073 -0.000000 -0.000000 0.000000 -4.570003 11.014878 -2.160838 2.959889 12.023758 8.926847 9.664250 32.496582 63.907580 -0.000013 6.693722 0.000009 -20.179051 -0.514125 6.782784 -2.464798 -1.573995 2.681911 -1.665237 -0.174481 -4.219036 12.710984 -29.825384 -16.130836 -2.646273 -1.527814 1.527820 -15.549438 -3.559426 -12.707138 -1.994610 -1.151581 1.151583 0.000003 -0.000005 0.000001 -9.108284 -0.517885 2.259804 0.038556 1.262297 6.823711 0.214029 -1.397034 17.420117 0.046167 -0.654904 8.066290 -0.000000 0.000002 0.000005 -9.532484 0.000016 0.000000 -0.136233 -2.205094 14.998860 0.214442 -1.398348 17.436874 0.239765 -1.476510 18.446270 -0.000000 0.000001 0.000005 -9.103603 -0.043111 -1.865098 0.030598 -3.075756 20.451022 0.308449 -1.668271 20.948528 0.225819 -1.434041 17.897076 -0.000000 -0.000000 0.000002 -8.076697 -0.486740 -3.806300 0.764894 -4.877287 26.475321 0.214455 -1.398361 17.437026 0.193010 -1.328205 16.535830 0.000001 0.000001 0.000000 4.570401 11.014686 -2.160813 -0.717792 -20.249878 -16.899510 5.973805 -16.155182 -65.928538 0.000005 -1.459346 0.000005 -33.230513 -1.364887 -6.186635 2.466089 -1.576209 2.681697 -0.662910 2.160404 4.832489 11.853555 25.421641 17.058264 2.647884 -1.528753 1.528744 -13.761931 3.522390 9.039605 1.998920 -1.154078 1.154077 0.000002 -0.000001 0.000005 9.109302 -0.518009 2.259899 0.019854 -0.969579 -7.593531 0.267745 1.752596 -17.372431 0.057624 0.820631 -8.034698 -0.000000 -0.000000 0.000002 9.533395 0.000007 -0.000000 -0.076325 2.665809 -15.696833 0.268764 1.755828 -17.405520 0.300508 1.854019 -18.413336 0.000001 0.000000 0.000001 9.104487 -0.042999 -1.865101 0.136881 3.641806 -21.133505 0.386598 2.094828 -20.911884 0.283021 1.800669 -17.865005 0.000001 0.000000 0.000002 8.077793 -0.486890 -3.806300 0.927702 5.555976 -27.128017 0.269155 1.757065 -17.418212 0.241887 1.667729 -16.505888 -0.000000 -0.000000 -0.000001 -8.207801 -6.751718 -1.599544 0.596210 -10.335849 3.512264 7.510633 -8.276069 -3.186727 -3.705637 -3.193839 3.026300 -7.252614 -0.000025 -0.000002 0.000000 -0.000001 -0.000000 8.207800 -6.751717 -1.599544 -10.752602 14.548996 10.332652 12.141612 2.595133 4.138074 1.273206 0.139760 -7.119436 -4.983706 0.000012 0.000003 -0.000000 0.000001 0.000000 
-1.424596 103.377586 0.121838 -148.473231 -82.838795 -152.092112 0.000000 10.181548 0.131524 3.296973 1.543014 2.729724 1.151890 0.339449 1.552798 1.126012 0.361523 1.555887 -0.000000 16.740360 -2.049019 5.626314 -0.078941 0.454683 0.000000 9.617867 1.684975 -7.563343 1.375735 -0.080567 0.000000 22.037369 7.501073 -0.000000 -0.000000 0.000000 -4.570003 11.014878 -2.160838 2.959889 12.023758 8.926847 9.664250 32.496582 63.907580 -0.000013 6.693722 0.000009 -20.179051 -0.514125 6.782784 -2.464798 -1.573995 2.681911 -1.665237 -0.174481 -4.219036 12.710984 -29.825384 -16.130836 -2.646273 -1.527814 1.527820 -15.549438 -3.559426 -12.707138 -1.994610 -1.151581 1.151583 0.000003 -0.000005 0.000001 -9.108284 -0.517885 2.259804 0.038556 1.262297 6.823711 0.214029 -1.397034 17.420117 0.046167 -0.654904 8.066290 -0.000000 0.000002 0.000005 -9.532484 0.000016 0.000000 -0.136233 -2.205094 14.998860 0.214442 -1.398348 17.436874 0.239765 -1.476510 18.446270 -0.000000 0.000001 0.000005 -9.103603 -0.043111 -1.865098 0.030598 -3.075756 20.451022 0.308449 -1.668271 20.948528 0.225819 -1.434041 17.897076 -0.000000 -0.000000 0.000002 -8.076697 -0.486740 -3.806300 0.764894 -4.877287 26.475321 0.214455 -1.398361 17.437026 0.193010 -1.328205 16.535830 0.000001 0.000001 0.000000 4.570401 11.014686 -2.160813 -0.717792 -20.249878 -16.899510 5.973805 -16.155182 -65.928538 0.000005 -1.459346 0.000005 -33.230513 -1.364887 -6.186635 2.466089 -1.576209 2.681697 -0.662910 2.160404 4.832489 11.853555 25.421641 17.058264 2.647884 -1.528753 1.528744 -13.761931 3.522390 9.039605 1.998920 -1.154078 1.154077 0.000002 -0.000001 0.000005 9.109302 -0.518009 2.259899 0.019854 -0.969579 -7.593531 0.267745 1.752596 -17.372431 0.057624 0.820631 -8.034698 -0.000000 -0.000000 0.000002 9.533395 0.000007 -0.000000 -0.076325 2.665809 -15.696833 0.268764 1.755828 -17.405520 0.300508 1.854019 -18.413336 0.000001 0.000000 0.000001 9.104487 -0.042999 -1.865101 0.136881 3.641806 -21.133505 0.386598 2.094828 -20.911884 0.283021 1.800669 -17.865005 0.000001 0.000000 0.000002 8.077793 -0.486890 -3.806300 0.927702 5.555976 -27.128017 0.269155 1.757065 -17.418212 0.241887 1.667729 -16.505888 -0.000000 -0.000000 -0.000001 -8.207801 -6.751718 -1.599544 0.596210 -10.335849 3.512264 7.510633 -8.276069 -3.186727 -3.705637 -3.193839 3.026300 -7.252614 -0.000025 -0.000002 0.000000 -0.000001 -0.000000 8.207800 -6.751717 -1.599544 -10.752602 14.548996 10.332652 12.141612 2.595133 4.138074 1.273206 0.139760 -7.119436 -4.983706 0.000012 0.000003 -0.000000 0.000001 0.000000 
-1.424596 103.377586 0.121838 -148.473231 -82.838795 -152.092112 0.000000 10.181548 0.131524 3.296973 1.543014 2.729724 1.151890 0.339449 1.552798 1.126012 0.361523 1.555887 -0.000000 16.740360 -2.049019 5.626314 -0.078941 0.454683 0.000000 9.617867 1.684975 -7.563343 1.375735 -0.080567 0.000000 22.037369 7.501073 -0.000000 -0.000000 0.000000 -4.570003 11.014878 -2.160838 2.959889 12.023758 8.926847 9.664250 32.496582 63.907580 -0.000013 6.693722 0.000009 -20.179051 -0.514125 6.782784 -2.464798 -1.573995 2.681911 -1.665237 -0.174481 -4.219036 12.710984 -29.825384 -16.130836 -2.646273 -1.527814 1.527820 -15.549438 -3.559426 -12.707138 -1.994610 -1.151581 1.151583 0.000003 -0.000005 0.000001 -9.108284 -0.517885 2.259804 0.038556 1.262297 6.823711 0.214029 -1.397034 17.420117 0.046167 -0.654904 8.066290 -0.000000 0.000002 0.000005 -9.532484 0.000016 0.000000 -0.136233 -2.205094 14.998860 0.214442 -1.398348 17.436874 0.239765 -1.476510 18.446270 -0.000000 0.000001 0.000005 -9.103603 -0.043111 -1.865098 0.030598 -3.075756 20.451022 0.308449 -1.668271 20.948528 0.225819 -1.434041 17.897076 -0.000000 -0.000000 0.000002 -8.076697 -0.486740 -3.806300 0.764894 -4.877287 26.475321 0.214455 -1.398361 17.437026 0.193010 -1.328205 16.535830 0.000001 0.000001 0.000000 4.570401 11.014686 -2.160813 -0.717792 -20.249878 -16.899510 5.973805 -16.155182 -65.928538 0.000005 -1.459346 0.000005 -33.230513 -1.364887 -6.186635 2.466089 -1.576209 2.681697 -0.662910 2.160404 4.832489 11.853555 25.421641 17.058264 2.647884 -1.528753 1.528744 -13.761931 3.522390 9.039605 1.998920 -1.154078 1.154077 0.000002 -0.000001 0.000005 9.109302 -0.518009 2.259899 0.019854 -0.969579 -7.593531 0.267745 1.752596 -17.372431 0.057624 0.820631 -8.034698 -0.000000 -0.000000 0.000002 9.533395 0.000007 -0.000000 -0.076325 2.665809 -15.696833 0.268764 1.755828 -17.405520 0.300508 1.854019 -18.413336 0.000001 0.000000 0.000001 9.104487 -0.042999 -1.865101 0.136881 3.641806 -21.133505 0.386598 2.094828 -20.911884 0.283021 1.800669 -17.865005 0.000001 0.000000 0.000002 8.077793 -0.486890 -3.806300 0.927702 5.555976 -27.128017 0.269155 1.757065 -17.418212 0.241887 1.667729 -16.505888 -0.000000 -0.000000 -0.000001 -8.207801 -6.751718 -1.599544 0.596210 -10.335849 3.512264 7.510633 -8.276069 -3.186727 -3.705637 -3.193839 3.026300 -7.252614 -0.000025 -0.000002 0.000000 -0.000001 -0.000000 8.207800 -6.751717 -1.599544 -10.752602 14.548996 10.332652 12.141612 2.595133 4.138074 1.273206 0.139760 -7.119436 -4.983706 0.000012 0.000003 -0.000000 0.000001 0.000000 
-1.424596 103.377586 0.121838 -148.473231 -82.838795 -152.092112 0.000000 10.181548 0.131524 3.296973 1.543014 2.729724 1.151890 0.339449 1.552798 1.126012 0.361523 1.555887 -0.000000 16.740360 -2.049019 5.626314 -0.078941 0.454683 0.000000 9.617867 1.684975 -7.563343 1.375735 -0.080567 0.000000 22.037369 7.501073 -0.000000 -0.000000 0.000000 -4.570003 11.014878 -2.160838 2.959889 12.023758 8.926847 9.664250 32.496582 63.907580 -0.000013 6.693722 0.000009 -20.179051 -0.514125 6.782784 -2.464798 -1.573995 2.681911 -1.665237 -0.174481 -4.219036 12.710984 -29.825384 -16.130836 -2.646273 -1.527814 1.527820 -15.549438 -3.559426 -12.707138 -1.994610 -1.151581 1.151583 0.000003 -0.000005 0.000001 -9.108284 -0.517885 2.259804 0.038556 1.262297 6.823711 0.214029 -1.397034 17.420117 0.046167 -0.654904 8.066290 -0.000000 0.000002 0.000005 -9.532484 0.000016 0.000000 -0.136233 -2.205094 14.998860 0.214442 -1.398348 17.436874 0.239765 -1.476510 18.446270 -0.000000 0.000001 0.000005 -9.103603 -0.043111 -1.865098 0.030598 -3.075756 20.451022 0.308449 -1.668271 20.948528 0.225819 -1.434041 17.897076 -0.000000 -0.000000 0.000002 -8.076697 -0.486740 -3.806300 0.764894 -4.877287 26.475321 0.214455 -1.398361 17.437026 0.193010 -1.328205 16.535830 0.000001 0.000001 0.000000 4.570401 11.014686 -2.160813 -0.717792 -20.249878 -16.899510 5.973805 -16.155182 -65.928538 0.000005 -1.459346 0.000005 -33.230513 -1.364887 -6.186635 2.466089 -1.576209 2.681697 -0.662910 2.160404 4.832489 11.853555 25.421641 17.058264 2.647884 -1.528753 1.528744 -13.761931 3.522390 9.039605 1.998920 -1.154078 1.154077 0.000002 -0.000001 0.000005 9.109302 -0.518009 2.259899 0.019854 -0.969579 -7.593531 0.267745 1.752596 -17.372431 0.057624 0.820631 -8.034698 -0.000000 -0.000000 0.000002 9.533395 0.000007 -0.000000 -0.076325 2.665809 -15.696833 0.268764 1.755828 -17.405520 0.300508 1.854019 -18.413336 0.000001 0.000000 0.000001 9.104487 -0.042999 -1.865101 0.136881 3.641806 -21.133505 0.386598 2.094828 -20.911884 0.283021 1.800669 -17.865005 0.000001 0.000000 0.000002 8.077793 -0.486890 -3.806300 0.927702 5.555976 -27.128017 0.269155 1.757065 -17.418212 0.241887 1.667729 -16.505888 -0.000000 -0.000000 -0.000001 -8.207801 -6.751718 -1.599544 0.596210 -10.335849 3.512264 7.510633 -8.276069 -3.186727 -3.705637 -3.193839 3.026300 -7.252614 -0.000025 -0.000002 0.000000 -0.000001 -0.000000 8.207800 -6.751717 -1.599544 -10.752602 14.548996 10.332652 12.141612 2.595133 4.138074 1.273206 0.139760 -7.119436 -4.983706 0.000012 0.000003 -0.000000 0.000001 0.000000 
-1.424596 103.377586 0.121838 -148.473231 -82.838795 -152.092112 0.000000 10.181548 0.131524 3.296973 1.543014 2.729724 1.151890 0.339449 1.552798 1.126012 0.361523 1.555887 -0.000000 16.740360 -2.049019 5.626314 -0.078941 0.454683 0.000000 9.617867 1.684975 -7.563343 1.375735 -0.080567 0.000000 22.037369 7.501073 -0.000000 -0.000000 0.000000 -4.570003 11.014878 -2.160838 2.959889 12.023758 8.926847 9.664250 32.496582 63.907580 -0.000013 6.693722 0.000009 -20.179051 -0.514125 6.782784 -2.464798 -1.573995 2.681911 -1.665237 -0.174481 -4.219036 12.710984 -29.825384 -16.130836 -2.646273 -1.527814 1.527820 -15.549438 -3.559426 -12.707138 -1.994610 -1.151581 1.151583 0.000003 -0.000005 0.000001 -9.108284 -0.517885 2.259804 0.038556 1.262297 6.823711 0.214029 -1.397034 17.420117 0.046167 -0.654904 8.066290 -0.000000 0.000002 0.000005 -9.532484 0.000016 0.000000 -0.136233 -2.205094 14.998860 0.214442 -1.398348 17.436874 0.239765 -1.476510 18.446270 -0.000000 0.000001 0.000005 -9.103603 -0.043111 -1.865098 0.030598 -3.075756 20.451022 0.308449 -1.668271 20.948528 0.225819 -1.434041 17.897076 -0.000000 -0.000000 0.000002 -8.076697 -0.486740 -3.806300 0.764894 -4.877287 26.475321 0.214455 -1.398361 17.437026 0.193010 -1.328205 16.535830 0.000001 0.000001 0.000000 4.570401 11.014686 -2.160813 -0.717792 -20.249878 -16.899510 5.973805 -16.155182 -65.928538 0.000005 -1.459346 0.000005 -33.230513 -1.364887 -6.186635 2.466089 -1.576209 2.681697 -0.662910 2.160404 4.832489 11.853555 25.421641 17.058264 2.647884 -1.528753 1.528744 -13.761931 3.522390 9.039605 1.998920 -1.154078 1.154077 0.000002 -0.000001 0.000005 9.109302 -0.518009 2.259899 0.019854 -0.969579 -7.593531 0.267745 1.752596 -17.372431 0.057624 0.820631 -8.034698 -0.000000 -0.000000 0.000002 9.533395 0.000007 -0.000000 -0.076325 2.665809 -15.696833 0.268764 1.755828 -17.405520 0.300508 1.854019 -18.413336 0.000001 0.000000 0.000001 9.104487 -0.042999 -1.865101 0.136881 3.641806 -21.133505 0.386598 2.094828 -20.911884 0.283021 1.800669 -17.865005 0.000001 0.000000 0.000002 8.077793 -0.486890 -3.806300 0.927702 5.555976 -27.128017 0.269155 1.757065 -17.418212 0.241887 1.667729 -16.505888 -0.000000 -0.000000 -0.000001 -8.207801 -6.751718 -1.599544 0.596210 -10.335849 3.512264 7.510633 -8.276069 -3.186727 -3.705637 -3.193839 3.026300 -7.252614 -0.000025 -0.000002 0.000000 -0.000001 -0.000000 8.207800 -6.751717 -1.599544 -10.752602 14.548996 10.332652 12.141612 2.595133 4.138074 1.273206 0.139760 -7.119436 -4.983706 0.000012 0.000003 -0.000000 0.000001 0.000000 
-1.424596 103.377586 0.121838 -148.473231 -82.838795 -152.092112 0.000000 10.181548 0.131524 3.296973 1.543014 2.729724 1.151890 0.339449 1.552798 1.126012 0.361523 1.555887 -0.000000 16.740360 -2.049019 5.626314 -0.078941 0.454683 0.000000 9.617867 1.684975 -7.563343 1.375735 -0.080567 0.000000 22.037369 7.501073 -0.000000 -0.000000 0.000000 -4.570003 11.014878 -2.160838 2.959889 12.023758 8.926847 9.664250 32.496582 63.907580 -0.000013 6.693722 0.000009 -20.179051 -0.514125 6.782784 -2.464798 -1.573995 2.681911 -1.665237 -0.174481 -4.219036 12.710984 -29.825384 -16.130836 -2.646273 -1.527814 1.527820 -15.549438 -3.559426 -12.707138 -1.994610 -1.151581 1.151583 0.000003 -0.000005 0.000001 -9.108284 -0.517885 2.259804 0.038556 1.262297 6.823711 0.214029 -1.397034 17.420117 0.046167 -0.654904 8.066290 -0.000000 0.000002 0.000005 -9.532484 0.000016 0.000000 -0.136233 -2.205094 14.998860 0.214442 -1.398348 17.436874 0.239765 -1.476510 18.446270 -0.000000 0.000001 0.000005 -9.103603 -0.043111 -1.865098 0.030598 -3.075756 20.451022 0.308449 -1.668271 20.948528 0.225819 -1.434041 17.897076 -0.000000 -0.000000 0.000002 -8.076697 -0.486740 -3.806300 0.764894 -4.877287 26.475321 0.214455 -1.398361 17.437026 0.193010 -1.328205 16.535830 0.000001 0.000001 0.000000 4.570401 11.014686 -2.160813 -0.717792 -20.249878 -16.899510 5.973805 -16.155182 -65.928538 0.000005 -1.459346 0.000005 -33.230513 -1.364887 -6.186635 2.466089 -1.576209 2.681697 -0.662910 2.160404 4.832489 11.853555 25.421641 17.058264 2.647884 -1.528753 1.528744 -13.761931 3.522390 9.039605 1.998920 -1.154078 1.154077 0.000002 -0.000001 0.000005 9.109302 -0.518009 2.259899 0.019854 -0.969579 -7.593531 0.267745 1.752596 -17.372431 0.057624 0.820631 -8.034698 -0.000000 -0.000000 0.000002 9.533395 0.000007 -0.000000 -0.076325 2.665809 -15.696833 0.268764 1.755828 -17.405520 0.300508 1.854019 -18.413336 0.000001 0.000000 0.000001 9.104487 -0.042999 -1.865101 0.136881 3.641806 -21.133505 0.386598 2.094828 -20.911884 0.283021 1.800669 -17.865005 0.000001 0.000000 0.000002 8.077793 -0.486890 -3.806300 0.927702 5.555976 -27.128017 0.269155 1.757065 -17.418212 0.241887 1.667729 -16.505888 -0.000000 -0.000000 -0.000001 -8.207801 -6.751718 -1.599544 0.596210 -10.335849 3.512264 7.510633 -8.276069 -3.186727 -3.705637 -3.193839 3.026300 -7.252614 -0.000025 -0.000002 0.000000 -0.000001 -0.000000 8.207800 -6.751717 -1.599544 -10.752602 14.548996 10.332652 12.141612 2.595133 4.138074 1.273206 0.139760 -7.119436 -4.983706 0.000012 0.000003 -0.000000 0.000001 0.000000 
-1.424596 103.377586 0.121838 -148.473231 -82.838795 -152.092112 0.000000 10.181548 0.131524 3.296973 1.543014 2.729724 1.151890 0.339449 1.552798 1.126012 0.361523 1.555887 -0.000000 16.740360 -2.049019 5.626314 -0.078941 0.454683 0.000000 9.617867 1.684975 -7.563343 1.375735 -0.080567 0.000000 22.037369 7.501073 -0.000000 -0.000000 0.000000 -4.570003 11.014878 -2.160838 2.959889 12.023758 8.926847 9.664250 32.496582 63.907580 -0.000013 6.693722 0.000009 -20.179051 -0.514125 6.782784 -2.464798 -1.573995 2.681911 -1.665237 -0.174481 -4.219036 12.710984 -29.825384 -16.130836 -2.646273 -1.527814 1.527820 -15.549438 -3.559426 -12.707138 -1.994610 -1.151581 1.151583 0.000003 -0.000005 0.000001 -9.108284 -0.517885 2.259804 0.038556 1.262297 6.823711 0.214029 -1.397034 17.420117 0.046167 -0.654904 8.066290 -0.000000 0.000002 0.000005 -9.532484 0.000016 0.000000 -0.136233 -2.205094 14.998860 0.214442 -1.398348 17.436874 0.239765 -1.476510 18.446270 -0.000000 0.000001 0.000005 -9.103603 -0.043111 -1.865098 0.030598 -3.075756 20.451022 0.308449 -1.668271 20.948528 0.225819 -1.434041 17.897076 -0.000000 -0.000000 0.000002 -8.076697 -0.486740 -3.806300 0.764894 -4.877287 26.475321 0.214455 -1.398361 17.437026 0.193010 -1.328205 16.535830 0.000001 0.000001 0.000000 4.570401 11.014686 -2.160813 -0.717792 -20.249878 -16.899510 5.973805 -16.155182 -65.928538 0.000005 -1.459346 0.000005 -33.230513 -1.364887 -6.186635 2.466089 -1.576209 2.681697 -0.662910 2.160404 4.832489 11.853555 25.421641 17.058264 2.647884 -1.528753 1.528744 -13.761931 3.522390 9.039605 1.998920 -1.154078 1.154077 0.000002 -0.000001 0.000005 9.109302 -0.518009 2.259899 0.019854 -0.969579 -7.593531 0.267745 1.752596 -17.372431 0.057624 0.820631 -8.034698 -0.000000 -0.000000 0.000002 9.533395 0.000007 -0.000000 -0.076325 2.665809 -15.696833 0.268764 1.755828 -17.405520 0.300508 1.854019 -18.413336 0.000001 0.000000 0.000001 9.104487 -0.042999 -1.865101 0.136881 3.641806 -21.133505 0.386598 2.094828 -20.911884 0.283021 1.800669 -17.865005 0.000001 0.000000 0.000002 8.077793 -0.486890 -3.806300 0.927702 5.555976 -27.128017 0.269155 1.757065 -17.418212 0.241887 1.667729 -16.505888 -0.000000 -0.000000 -0.000001 -8.207801 -6.751718 -1.599544 0.596210 -10.335849 3.512264 7.510633 -8.276069 -3.186727 -3.705637 -3.193839 3.026300 -7.252614 -0.000025 -0.000002 0.000000 -0.000001 -0.000000 8.207800 -6.751717 -1.599544 -10.752602 14.548996 10.332652 12.141612 2.595133 4.138074 1.273206 0.139760 -7.119436 -4.983706 0.000012 0.000003 -0.000000 0.000001 0.000000 
-1.424596 103.377586 0.121838 -148.473231 -82.838795 -152.092112 0.000000 10.181548 0.131524 3.296973 1.543014 2.729724 1.151890 0.339449 1.552798 1.126012 0.361523 1.555887 -0.000000 16.740360 -2.049019 5.626314 -0.078941 0.454683 0.000000 9.617867 1.684975 -7.563343 1.375735 -0.080567 0.000000 22.037369 7.501073 -0.000000 -0.000000 0.000000 -4.570003 11.014878 -2.160838 2.959889 12.023758 8.926847 9.664250 32.496582 63.907580 -0.000013 6.693722 0.000009 -20.179051 -0.514125 6.782784 -2.464798 -1.573995 2.681911 -1.665237 -0.174481 -4.219036 12.710984 -29.825384 -16.130836 -2.646273 -1.527814 1.527820 -15.549438 -3.559426 -12.707138 -1.994610 -1.151581 1.151583 0.000003 -0.000005 0.000001 -9.108284 -0.517885 2.259804 0.038556 1.262297 6.823711 0.214029 -1.397034 17.420117 0.046167 -0.654904 8.066290 -0.000000 0.000002 0.000005 -9.532484 0.000016 0.000000 -0.136233 -2.205094 14.998860 0.214442 -1.398348 17.436874 0.239765 -1.476510 18.446270 -0.000000 0.000001 0.000005 -9.103603 -0.043111 -1.865098 0.030598 -3.075756 20.451022 0.308449 -1.668271 20.948528 0.225819 -1.434041 17.897076 -0.000000 -0.000000 0.000002 -8.076697 -0.486740 -3.806300 0.764894 -4.877287 26.475321 0.214455 -1.398361 17.437026 0.193010 -1.328205 16.535830 0.000001 0.000001 0.000000 4.570401 11.014686 -2.160813 -0.717792 -20.249878 -16.899510 5.973805 -16.155182 -65.928538 0.000005 -1.459346 0.000005 -33.230513 -1.364887 -6.186635 2.466089 -1.576209 2.681697 -0.662910 2.160404 4.832489 11.853555 25.421641 17.058264 2.647884 -1.528753 1.528744 -13.761931 3.522390 9.039605 1.998920 -1.154078 1.154077 0.000002 -0.000001 0.000005 9.109302 -0.518009 2.259899 0.019854 -0.969579 -7.593531 0.267745 1.752596 -17.372431 0.057624 0.820631 -8.034698 -0.000000 -0.000000 0.000002 9.533395 0.000007 -0.000000 -0.076325 2.665809 -15.696833 0.268764 1.755828 -17.405520 0.300508 1.854019 -18.413336 0.000001 0.000000 0.000001 9.104487 -0.042999 -1.865101 0.136881 3.641806 -21.133505 0.386598 2.094828 -20.911884 0.283021 1.800669 -17.865005 0.000001 0.000000 0.000002 8.077793 -0.486890 -3.806300 0.927702 5.555976 -27.128017 0.269155 1.757065 -17.418212 0.241887 1.667729 -16.505888 -0.000000 -0.000000 -0.000001 -8.207801 -6.751718 -1.599544 0.596210 -10.335849 3.512264 7.510633 -8.276069 -3.186727 -3.705637 -3.193839 3.026300 -7.252614 -0.000025 -0.000002 0.000000 -0.000001 -0.000000 8.207800 -6.751717 -1.599544 -10.752602 14.548996 10.332652 12.141612 2.595133 4.138074 1.273206 0.139760 -7.119436 -4.983706 0.000012 0.000003 -0.000000 0.000001 0.000000 
-1.424596 103.377586 0.121838 -148.473231 -82.838795 -152.092112 0.000000 10.181548 0.131524 3.296973 1.543014 2.729724 1.151890 0.339449 1.552798 1.126012 0.361523 1.555887 -0.000000 16.740360 -2.049019 5.626314 -0.078941 0.454683 0.000000 9.617867 1.684975 -7.563343 1.375735 -0.080567 0.000000 22.037369 7.501073 -0.000000 -0.000000 0.000000 -4.570003 11.014878 -2.160838 2.959889 12.023758 8.926847 9.664250 32.496582 63.907580 -0.000013 6.693722 0.000009 -20.179051 -0.514125 6.782784 -2.464798 -1.573995 2.681911 -1.665237 -0.174481 -4.219036 12.710984 -29.825384 -16.130836 -2.646273 -1.527814 1.527820 -15.549438 -3.559426 -12.707138 -1.994610 -1.151581 1.151583 0.000003 -0.000005 0.000001 -9.108284 -0.517885 2.259804 0.038556 1.262297 6.823711 0.214029 -1.397034 17.420117 0.046167 -0.654904 8.066290 -0.000000 0.000002 0.000005 -9.532484 0.000016 0.000000 -0.136233 -2.205094 14.998860 0.214442 -1.398348 17.436874 0.239765 -1.476510 18.446270 -0.000000 0.000001 0.000005 -9.103603 -0.043111 -1.865098 0.030598 -3.075756 20.451022 0.308449 -1.668271 20.948528 0.225819 -1.434041 17.897076 -0.000000 -0.000000 0.000002 -8.076697 -0.486740 -3.806300 0.764894 -4.877287 26.475321 0.214455 -1.398361 17.437026 0.193010 -1.328205 16.535830 0.000001 0.000001 0.000000 4.570401 11.014686 -2.160813 -0.717792 -20.249878 -16.899510 5.973805 -16.155182 -65.928538 0.000005 -1.459346 0.000005 -33.230513 -1.364887 -6.186635 2.466089 -1.576209 2.681697 -0.662910 2.160404 4.832489 11.853555 25.421641 17.058264 2.647884 -1.528753 1.528744 -13.761931 3.522390 9.039605 1.998920 -1.154078 1.154077 0.000002 -0.000001 0.000005 9.109302 -0.518009 2.259899 0.019854 -0.969579 -7.593531 0.267745 1.752596 -17.372431 0.057624 0.820631 -8.034698 -0.000000 -0.000000 0.000002 9.533395 0.000007 -0.000000 -0.076325 2.665809 -15.696833 0.268764 1.755828 -17.405520 0.300508 1.854019 -18.413336 0.000001 0.000000 0.000001 9.104487 -0.042999 -1.865101 0.136881 3.641806 -21.133505 0.386598 2.094828 -20.911884 0.283021 1.800669 -17.865005 0.000001 0.000000 0.000002 8.077793 -0.486890 -3.806300 0.927702 5.555976 -27.128017 0.269155 1.757065 -17.418212 0.241887 1.667729 -16.505888 -0.000000 -0.000000 -0.000001 -8.207801 -6.751718 -1.599544 0.596210 -10.335849 3.512264 7.510633 -8.276069 -3.186727 -3.705637 -3.193839 3.026300 -7.252614 -0.000025 -0.000002 0.000000 -0.000001 -0.000000 8.207800 -6.751717 -1.599544 -10.752602 14.548996 10.332652 12.141612 2.595133 4.138074 1.273206 0.139760 -7.119436 -4.983706 0.000012 0.000003 -0.000000 0.000001 0.000000 
-1.424596 103.377586 0.121838 -148.473231 -82.838795 -152.092112 0.000000 10.181548 0.131524 3.296973 1.543014 2.729724 1.151890 0.339449 1.552798 1.126012 0.361523 1.555887 -0.000000 16.740360 -2.049019 5.626314 -0.078941 0.454683 0.000000 9.617867 1.684975 -7.563343 1.375735 -0.080567 0.000000 22.037369 7.501073 -0.000000 -0.000000 0.000000 -4.570003 11.014878 -2.160838 2.959889 12.023758 8.926847 9.664250 32.496582 63.907580 -0.000013 6.693722 0.000009 -20.179051 -0.514125 6.782784 -2.464798 -1.573995 2.681911 -1.665237 -0.174481 -4.219036 12.710984 -29.825384 -16.130836 -2.646273 -1.527814 1.527820 -15.549438 -3.559426 -12.707138 -1.994610 -1.151581 1.151583 0.000003 -0.000005 0.000001 -9.108284 -0.517885 2.259804 0.038556 1.262297 6.823711 0.214029 -1.397034 17.420117 0.046167 -0.654904 8.066290 -0.000000 0.000002 0.000005 -9.532484 0.000016 0.000000 -0.136233 -2.205094 14.998860 0.214442 -1.398348 17.436874 0.239765 -1.476510 18.446270 -0.000000 0.000001 0.000005 -9.103603 -0.043111 -1.865098 0.030598 -3.075756 20.451022 0.308449 -1.668271 20.948528 0.225819 -1.434041 17.897076 -0.000000 -0.000000 0.000002 -8.076697 -0.486740 -3.806300 0.764894 -4.877287 26.475321 0.214455 -1.398361 17.437026 0.193010 -1.328205 16.535830 0.000001 0.000001 0.000000 4.570401 11.014686 -2.160813 -0.717792 -20.249878 -16.899510 5.973805 -16.155182 -65.928538 0.000005 -1.459346 0.000005 -33.230513 -1.364887 -6.186635 2.466089 -1.576209 2.681697 -0.662910 2.160404 4.832489 11.853555 25.421641 17.058264 2.647884 -1.528753 1.528744 -13.761931 3.522390 9.039605 1.998920 -1.154078 1.154077 0.000002 -0.000001 0.000005 9.109302 -0.518009 2.259899 0.019854 -0.969579 -7.593531 0.267745 1.752596 -17.372431 0.057624 0.820631 -8.034698 -0.000000 -0.000000 0.000002 9.533395 0.000007 -0.000000 -0.076325 2.665809 -15.696833 0.268764 1.755828 -17.405520 0.300508 1.854019 -18.413336 0.000001 0.000000 0.000001 9.104487 -0.042999 -1.865101 0.136881 3.641806 -21.133505 0.386598 2.094828 -20.911884 0.283021 1.800669 -17.865005 0.000001 0.000000 0.000002 8.077793 -0.486890 -3.806300 0.927702 5.555976 -27.128017 0.269155 1.757065 -17.418212 0.241887 1.667729 -16.505888 -0.000000 -0.000000 -0.000001 -8.207801 -6.751718 -1.599544 0.596210 -10.335849 3.512264 7.510633 -8.276069 -3.186727 -3.705637 -3.193839 3.026300 -7.252614 -0.000025 -0.000002 0.000000 -0.000001 -0.000000 8.207800 -6.751717 -1.599544 -10.752602 14.548996 10.332652 12.141612 2.595133 4.138074 1.273206 0.139760 -7.119436 -4.983706 0.000012 0.000003 -0.000000 0.000001 0.000000 
-1.424596 103.377586 0.121838 -148.473231 -82.838795 -152.092112 0.000000 10.181548 0.131524 3.296973 1.543014 2.729724 1.151890 0.339449 1.552798 1.126012 0.361523 1.555887 -0.000000 16.740360 -2.049019 5.626314 -0.078941 0.454683 0.000000 9.617867 1.684975 -7.563343 1.375735 -0.080567 0.000000 22.037369 7.501073 -0.000000 -0.000000 0.000000 -4.570003 11.014878 -2.160838 2.959889 12.023758 8.926847 9.664250 32.496582 63.907580 -0.000013 6.693722 0.000009 -20.179051 -0.514125 6.782784 -2.464798 -1.573995 2.681911 -1.665237 -0.174481 -4.219036 12.710984 -29.825384 -16.130836 -2.646273 -1.527814 1.527820 -15.549438 -3.559426 -12.707138 -1.994610 -1.151581 1.151583 0.000003 -0.000005 0.000001 -9.108284 -0.517885 2.259804 0.038556 1.262297 6.823711 0.214029 -1.397034 17.420117 0.046167 -0.654904 8.066290 -0.000000 0.000002 0.000005 -9.532484 0.000016 0.000000 -0.136233 -2.205094 14.998860 0.214442 -1.398348 17.436874 0.239765 -1.476510 18.446270 -0.000000 0.000001 0.000005 -9.103603 -0.043111 -1.865098 0.030598 -3.075756 20.451022 0.308449 -1.668271 20.948528 0.225819 -1.434041 17.897076 -0.000000 -0.000000 0.000002 -8.076697 -0.486740 -3.806300 0.764894 -4.877287 26.475321 0.214455 -1.398361 17.437026 0.193010 -1.328205 16.535830 0.000001 0.000001 0.000000 4.570401 11.014686 -2.160813 -0.717792 -20.249878 -16.899510 5.973805 -16.155182 -65.928538 0.000005 -1.459346 0.000005 -33.230513 -1.364887 -6.186635 2.466089 -1.576209 2.681697 -0.662910 2.160404 4.832489 11.853555 25.421641 17.058264 2.647884 -1.528753 1.528744 -13.761931 3.522390 9.039605 1.998920 -1.154078 1.154077 0.000002 -0.000001 0.000005 9.109302 -0.518009 2.259899 0.019854 -0.969579 -7.593531 0.267745 1.752596 -17.372431 0.057624 0.820631 -8.034698 -0.000000 -0.000000 0.000002 9.533395 0.000007 -0.000000 -0.076325 2.665809 -15.696833 0.268764 1.755828 -17.405520 0.300508 1.854019 -18.413336 0.000001 0.000000 0.000001 9.104487 -0.042999 -1.865101 0.136881 3.641806 -21.133505 0.386598 2.094828 -20.911884 0.283021 1.800669 -17.865005 0.000001 0.000000 0.000002 8.077793 -0.486890 -3.806300 0.927702 5.555976 -27.128017 0.269155 1.757065 -17.418212 0.241887 1.667729 -16.505888 -0.000000 -0.000000 -0.000001 -8.207801 -6.751718 -1.599544 0.596210 -10.335849 3.512264 7.510633 -8.276069 -3.186727 -3.705637 -3.193839 3.026300 -7.252614 -0.000025 -0.000002 0.000000 -0.000001 -0.000000 8.207800 -6.751717 -1.599544 -10.752602 14.548996 10.332652 12.141612 2.595133 4.138074 1.273206 0.139760 -7.119436 -4.983706 0.000012 0.000003 -0.000000 0.000001 0.000000 
-1.424596 103.377586 0.121838 -148.473231 -82.838795 -152.092112 0.000000 10.181548 0.131524 3.296973 1.543014 2.729724 1.151890 0.339449 1.552798 1.126012 0.361523 1.555887 -0.000000 16.740360 -2.049019 5.626314 -0.078941 0.454683 0.000000 9.617867 1.684975 -7.563343 1.375735 -0.080567 0.000000 22.037369 7.501073 -0.000000 -0.000000 0.000000 -4.570003 11.014878 -2.160838 2.959889 12.023758 8.926847 9.664250 32.496582 63.907580 -0.000013 6.693722 0.000009 -20.179051 -0.514125 6.782784 -2.464798 -1.573995 2.681911 -1.665237 -0.174481 -4.219036 12.710984 -29.825384 -16.130836 -2.646273 -1.527814 1.527820 -15.549438 -3.559426 -12.707138 -1.994610 -1.151581 1.151583 0.000003 -0.000005 0.000001 -9.108284 -0.517885 2.259804 0.038556 1.262297 6.823711 0.214029 -1.397034 17.420117 0.046167 -0.654904 8.066290 -0.000000 0.000002 0.000005 -9.532484 0.000016 0.000000 -0.136233 -2.205094 14.998860 0.214442 -1.398348 17.436874 0.239765 -1.476510 18.446270 -0.000000 0.000001 0.000005 -9.103603 -0.043111 -1.865098 0.030598 -3.075756 20.451022 0.308449 -1.668271 20.948528 0.225819 -1.434041 17.897076 -0.000000 -0.000000 0.000002 -8.076697 -0.486740 -3.806300 0.764894 -4.877287 26.475321 0.214455 -1.398361 17.437026 0.193010 -1.328205 16.535830 0.000001 0.000001 0.000000 4.570401 11.014686 -2.160813 -0.717792 -20.249878 -16.899510 5.973805 -16.155182 -65.928538 0.000005 -1.459346 0.000005 -33.230513 -1.364887 -6.186635 2.466089 -1.576209 2.681697 -0.662910 2.160404 4.832489 11.853555 25.421641 17.058264 2.647884 -1.528753 1.528744 -13.761931 3.522390 9.039605 1.998920 -1.154078 1.154077 0.000002 -0.000001 0.000005 9.109302 -0.518009 2.259899 0.019854 -0.969579 -7.593531 0.267745 1.752596 -17.372431 0.057624 0.820631 -8.034698 -0.000000 -0.000000 0.000002 9.533395 0.000007 -0.000000 -0.076325 2.665809 -15.696833 0.268764 1.755828 -17.405520 0.300508 1.854019 -18.413336 0.000001 0.000000 0.000001 9.104487 -0.042999 -1.865101 0.136881 3.641806 -21.133505 0.386598 2.094828 -20.911884 0.283021 1.800669 -17.865005 0.000001 0.000000 0.000002 8.077793 -0.486890 -3.806300 0.927702 5.555976 -27.128017 0.269155 1.757065 -17.418212 0.241887 1.667729 -16.505888 -0.000000 -0.000000 -0.000001 -8.207801 -6.751718 -1.599544 0.596210 -10.335849 3.512264 7.510633 -8.276069 -3.186727 -3.705637 -3.193839 3.026300 -7.252614 -0.000025 -0.000002 0.000000 -0.000001 -0.000000 8.207800 -6.751717 -1.599544 -10.752602 14.548996 10.332652 12.141612 2.595133 4.138074 1.273206 0.139760 -7.119436 -4.983706 0.000012 0.000003 -0.000000 0.000001 0.000000 
-1.424596 103.377586 0.121838 -148.473231 -82.838795 -152.092112 0.000000 10.181548 0.131524 3.296973 1.543014 2.729724 1.151890 0.339449 1.552798 1.126012 0.361523 1.555887 -0.000000 16.740360 -2.049019 5.626314 -0.078941 0.454683 0.000000 9.617867 1.684975 -7.563343 1.375735 -0.080567 0.000000 22.037369 7.501073 -0.000000 -0.000000 0.000000 -4.570003 11.014878 -2.160838 2.959889 12.023758 8.926847 9.664250 32.496582 63.907580 -0.000013 6.693722 0.000009 -20.179051 -0.514125 6.782784 -2.464798 -1.573995 2.681911 -1.665237 -0.174481 -4.219036 12.710984 -29.825384 -16.130836 -2.646273 -1.527814 1.527820 -15.549438 -3.559426 -12.707138 -1.994610 -1.151581 1.151583 0.000003 -0.000005 0.000001 -9.108284 -0.517885 2.259804 0.038556 1.262297 6.823711 0.214029 -1.397034 17.420117 0.046167 -0.654904 8.066290 -0.000000 0.000002 0.000005 -9.532484 0.000016 0.000000 -0.136233 -2.205094 14.998860 0.214442 -1.398348 17.436874 0.239765 -1.476510 18.446270 -0.000000 0.000001 0.000005 -9.103603 -0.043111 -1.865098 0.030598 -3.075756 20.451022 0.308449 -1.668271 20.948528 0.225819 -1.434041 17.897076 -0.000000 -0.000000 0.000002 -8.076697 -0.486740 -3.806300 0.764894 -4.877287 26.475321 0.214455 -1.398361 17.437026 0.193010 -1.328205 16.535830 0.000001 0.000001 0.000000 4.570401 11.014686 -2.160813 -0.717792 -20.249878 -16.899510 5.973805 -16.155182 -65.928538 0.000005 -1.459346 0.000005 -33.230513 -1.364887 -6.186635 2.466089 -1.576209 2.681697 -0.662910 2.160404 4.832489 11.853555 25.421641 17.058264 2.647884 -1.528753 1.528744 -13.761931 3.522390 9.039605 1.998920 -1.154078 1.154077 0.000002 -0.000001 0.000005 9.109302 -0.518009 2.259899 0.019854 -0.969579 -7.593531 0.267745 1.752596 -17.372431 0.057624 0.820631 -8.034698 -0.000000 -0.000000 0.000002 9.533395 0.000007 -0.000000 -0.076325 2.665809 -15.696833 0.268764 1.755828 -17.405520 0.300508 1.854019 -18.413336 0.000001 0.000000 0.000001 9.104487 -0.042999 -1.865101 0.136881 3.641806 -21.133505 0.386598 2.094828 -20.911884 0.283021 1.800669 -17.865005 0.000001 0.000000 0.000002 8.077793 -0.486890 -3.806300 0.927702 5.555976 -27.128017 0.269155 1.757065 -17.418212 0.241887 1.667729 -16.505888 -0.000000 -0.000000 -0.000001 -8.207801 -6.751718 -1.599544 0.596210 -10.335849 3.512264 7.510633 -8.276069 -3.186727 -3.705637 -3.193839 3.026300 -7.252614 -0.000025 -0.000002 0.000000 -0.000001 -0.000000 8.207800 -6.751717 -1.599544 -10.752602 14.548996 10.332652 12.141612 2.595133 4.138074 1.273206 0.139760 -7.119436 -4.983706 0.000012 0.000003 -0.000000 0.000001 0.000000 
-1.424596 103.377586 0.121838 -148.473231 -82.838795 -152.092112 0.000000 10.181548 0.131524 3.296973 1.543014 2.729724 1.151890 0.339449 1.552798 1.126012 0.361523 1.555887 -0.000000 16.740360 -2.049019 5.626314 -0.078941 0.454683 0.000000 9.617867 1.684975 -7.563343 1.375735 -0.080567 0.000000 22.037369 7.501073 -0.000000 -0.000000 0.000000 -4.570003 11.014878 -2.160838 2.959889 12.023758 8.926847 9.664250 32.496582 63.907580 -0.000013 6.693722 0.000009 -20.179051 -0.514125 6.782784 -2.464798 -1.573995 2.681911 -1.665237 -0.174481 -4.219036 12.710984 -29.825384 -16.130836 -2.646273 -1.527814 1.527820 -15.549438 -3.559426 -12.707138 -1.994610 -1.151581 1.151583 0.000003 -0.000005 0.000001 -9.108284 -0.517885 2.259804 0.038556 1.262297 6.823711 0.214029 -1.397034 17.420117 0.046167 -0.654904 8.066290 -0.000000 0.000002 0.000005 -9.532484 0.000016 0.000000 -0.136233 -2.205094 14.998860 0.214442 -1.398348 17.436874 0.239765 -1.476510 18.446270 -0.000000 0.000001 0.000005 -9.103603 -0.043111 -1.865098 0.030598 -3.075756 20.451022 0.308449 -1.668271 20.948528 0.225819 -1.434041 17.897076 -0.000000 -0.000000 0.000002 -8.076697 -0.486740 -3.806300 0.764894 -4.877287 26.475321 0.214455 -1.398361 17.437026 0.193010 -1.328205 16.535830 0.000001 0.000001 0.000000 4.570401 11.014686 -2.160813 -0.717792 -20.249878 -16.899510 5.973805 -16.155182 -65.928538 0.000005 -1.459346 0.000005 -33.230513 -1.364887 -6.186635 2.466089 -1.576209 2.681697 -0.662910 2.160404 4.832489 11.853555 25.421641 17.058264 2.647884 -1.528753 1.528744 -13.761931 3.522390 9.039605 1.998920 -1.154078 1.154077 0.000002 -0.000001 0.000005 9.109302 -0.518009 2.259899 0.019854 -0.969579 -7.593531 0.267745 1.752596 -17.372431 0.057624 0.820631 -8.034698 -0.000000 -0.000000 0.000002 9.533395 0.000007 -0.000000 -0.076325 2.665809 -15.696833 0.268764 1.755828 -17.405520 0.300508 1.854019 -18.413336 0.000001 0.000000 0.000001 9.104487 -0.042999 -1.865101 0.136881 3.641806 -21.133505 0.386598 2.094828 -20.911884 0.283021 1.800669 -17.865005 0.000001 0.000000 0.000002 8.077793 -0.486890 -3.806300 0.927702 5.555976 -27.128017 0.269155 1.757065 -17.418212 0.241887 1.667729 -16.505888 -0.000000 -0.000000 -0.000001 -8.207801 -6.751718 -1.599544 0.596210 -10.335849 3.512264 7.510633 -8.276069 -3.186727 -3.705637 -3.193839 3.026300 -7.252614 -0.000025 -0.000002 0.000000 -0.000001 -0.000000 8.207800 -6.751717 -1.599544 -10.752602 14.548996 10.332652 12.141612 2.595133 4.138074 1.273206 0.139760 -7.119436 -4.983706 0.000012 0.000003 -0.000000 0.000001 0.000000 
-1.424596 103.377586 0.121838 -148.473231 -82.838795 -152.092112 0.000000 10.181548 0.131524 3.296973 1.543014 2.729724 1.151890 0.339449 1.552798 1.126012 0.361523 1.555887 -0.000000 16.740360 -2.049019 5.626314 -0.078941 0.454683 0.000000 9.617867 1.684975 -7.563343 1.375735 -0.080567 0.000000 22.037369 7.501073 -0.000000 -0.000000 0.000000 -4.570003 11.014878 -2.160838 2.959889 12.023758 8.926847 9.664250 32.496582 63.907580 -0.000013 6.693722 0.000009 -20.179051 -0.514125 6.782784 -2.464798 -1.573995 2.681911 -1.665237 -0.174481 -4.219036 12.710984 -29.825384 -16.130836 -2.646273 -1.527814 1.527820 -15.549438 -3.559426 -12.707138 -1.994610 -1.151581 1.151583 0.000003 -0.000005 0.000001 -9.108284 -0.517885 2.259804 0.038556 1.262297 6.823711 0.214029 -1.397034 17.420117 0.046167 -0.654904 8.066290 -0.000000 0.000002 0.000005 -9.532484 0.000016 0.000000 -0.136233 -2.205094 14.998860 0.214442 -1.398348 17.436874 0.239765 -1.476510 18.446270 -0.000000 0.000001 0.000005 -9.103603 -0.043111 -1.865098 0.030598 -3.075756 20.451022 0.308449 -1.668271 20.948528 0.225819 -1.434041 17.897076 -0.000000 -0.000000 0.000002 -8.076697 -0.486740 -3.806300 0.764894 -4.877287 26.475321 0.214455 -1.398361 17.437026 0.193010 -1.328205 16.535830 0.000001 0.000001 0.000000 4.570401 11.014686 -2.160813 -0.717792 -20.249878 -16.899510 5.973805 -16.155182 -65.928538 0.000005 -1.459346 0.000005 -33.230513 -1.364887 -6.186635 2.466089 -1.576209 2.681697 -0.662910 2.160404 4.832489 11.853555 25.421641 17.058264 2.647884 -1.528753 1.528744 -13.761931 3.522390 9.039605 1.998920 -1.154078 1.154077 0.000002 -0.000001 0.000005 9.109302 -0.518009 2.259899 0.019854 -0.969579 -7.593531 0.267745 1.752596 -17.372431 0.057624 0.820631 -8.034698 -0.000000 -0.000000 0.000002 9.533395 0.000007 -0.000000 -0.076325 2.665809 -15.696833 0.268764 1.755828 -17.405520 0.300508 1.854019 -18.413336 0.000001 0.000000 0.000001 9.104487 -0.042999 -1.865101 0.136881 3.641806 -21.133505 0.386598 2.094828 -20.911884 0.283021 1.800669 -17.865005 0.000001 0.000000 0.000002 8.077793 -0.486890 -3.806300 0.927702 5.555976 -27.128017 0.269155 1.757065 -17.418212 0.241887 1.667729 -16.505888 -0.000000 -0.000000 -0.000001 -8.207801 -6.751718 -1.599544 0.596210 -10.335849 3.512264 7.510633 -8.276069 -3.186727 -3.705637 -3.193839 3.026300 -7.252614 -0.000025 -0.000002 0.000000 -0.000001 -0.000000 8.207800 -6.751717 -1.599544 -10.752602 14.548996 10.332652 12.141612 2.595133 4.138074 1.273206 0.139760 -7.119436 -4.983706 0.000012 0.000003 -0.000000 0.000001 0.000000 
-1.424596 103.377586 0.121838 -148.473231 -82.838795 -152.092112 0.000000 10.181548 0.131524 3.296973 1.543014 2.729724 1.151890 0.339449 1.552798 1.126012 0.361523 1.555887 -0.000000 16.740360 -2.049019 5.626314 -0.078941 0.454683 0.000000 9.617867 1.684975 -7.563343 1.375735 -0.080567 0.000000 22.037369 7.501073 -0.000000 -0.000000 0.000000 -4.570003 11.014878 -2.160838 2.959889 12.023758 8.926847 9.664250 32.496582 63.907580 -0.000013 6.693722 0.000009 -20.179051 -0.514125 6.782784 -2.464798 -1.573995 2.681911 -1.665237 -0.174481 -4.219036 12.710984 -29.825384 -16.130836 -2.646273 -1.527814 1.527820 -15.549438 -3.559426 -12.707138 -1.994610 -1.151581 1.151583 0.000003 -0.000005 0.000001 -9.108284 -0.517885 2.259804 0.038556 1.262297 6.823711 0.214029 -1.397034 17.420117 0.046167 -0.654904 8.066290 -0.000000 0.000002 0.000005 -9.532484 0.000016 0.000000 -0.136233 -2.205094 14.998860 0.214442 -1.398348 17.436874 0.239765 -1.476510 18.446270 -0.000000 0.000001 0.000005 -9.103603 -0.043111 -1.865098 0.030598 -3.075756 20.451022 0.308449 -1.668271 20.948528 0.225819 -1.434041 17.897076 -0.000000 -0.000000 0.000002 -8.076697 -0.486740 -3.806300 0.764894 -4.877287 26.475321 0.214455 -1.398361 17.437026 0.193010 -1.328205 16.535830 0.000001 0.000001 0.000000 4.570401 11.014686 -2.160813 -0.717792 -20.249878 -16.899510 5.973805 -16.155182 -65.928538 0.000005 -1.459346 0.000005 -33.230513 -1.364887 -6.186635 2.466089 -1.576209 2.681697 -0.662910 2.160404 4.832489 11.853555 25.421641 17.058264 2.647884 -1.528753 1.528744 -13.761931 3.522390 9.039605 1.998920 -1.154078 1.154077 0.000002 -0.000001 0.000005 9.109302 -0.518009 2.259899 0.019854 -0.969579 -7.593531 0.267745 1.752596 -17.372431 0.057624 0.820631 -8.034698 -0.000000 -0.000000 0.000002 9.533395 0.000007 -0.000000 -0.076325 2.665809 -15.696833 0.268764 1.755828 -17.405520 0.300508 1.854019 -18.413336 0.000001 0.000000 0.000001 9.104487 -0.042999 -1.865101 0.136881 3.641806 -21.133505 0.386598 2.094828 -20.911884 0.283021 1.800669 -17.865005 0.000001 0.000000 0.000002 8.077793 -0.486890 -3.806300 0.927702 5.555976 -27.128017 0.269155 1.757065 -17.418212 0.241887 1.667729 -16.505888 -0.000000 -0.000000 -0.000001 -8.207801 -6.751718 -1.599544 0.596210 -10.335849 3.512264 7.510633 -8.276069 -3.186727 -3.705637 -3.193839 3.026300 -7.252614 -0.000025 -0.000002 0.000000 -0.000001 -0.000000 8.207800 -6.751717 -1.599544 -10.752602 14.548996 10.332652 12.141612 2.595133 4.138074 1.273206 0.139760 -7.119436 -4.983706 0.000012 0.000003 -0.000000 0.000001 0.000000 
-1.424596 103.377586 0.121838 -148.473231 -82.838795 -152.092112 0.000000 10.181548 0.131524 3.296973 1.543014 2.729724 1.151890 0.339449 1.552798 1.126012 0.361523 1.555887 -0.000000 16.740360 -2.049019 5.626314 -0.078941 0.454683 0.000000 9.617867 1.684975 -7.563343 1.375735 -0.080567 0.000000 22.037369 7.501073 -0.000000 -0.000000 0.000000 -4.570003 11.014878 -2.160838 2.959889 12.023758 8.926847 9.664250 32.496582 63.907580 -0.000013 6.693722 0.000009 -20.179051 -0.514125 6.782784 -2.464798 -1.573995 2.681911 -1.665237 -0.174481 -4.219036 12.710984 -29.825384 -16.130836 -2.646273 -1.527814 1.527820 -15.549438 -3.559426 -12.707138 -1.994610 -1.151581 1.151583 0.000003 -0.000005 0.000001 -9.108284 -0.517885 2.259804 0.038556 1.262297 6.823711 0.214029 -1.397034 17.420117 0.046167 -0.654904 8.066290 -0.000000 0.000002 0.000005 -9.532484 0.000016 0.000000 -0.136233 -2.205094 14.998860 0.214442 -1.398348 17.436874 0.239765 -1.476510 18.446270 -0.000000 0.000001 0.000005 -9.103603 -0.043111 -1.865098 0.030598 -3.075756 20.451022 0.308449 -1.668271 20.948528 0.225819 -1.434041 17.897076 -0.000000 -0.000000 0.000002 -8.076697 -0.486740 -3.806300 0.764894 -4.877287 26.475321 0.214455 -1.398361 17.437026 0.193010 -1.328205 16.535830 0.000001 0.000001 0.000000 4.570401 11.014686 -2.160813 -0.717792 -20.249878 -16.899510 5.973805 -16.155182 -65.928538 0.000005 -1.459346 0.000005 -33.230513 -1.364887 -6.186635 2.466089 -1.576209 2.681697 -0.662910 2.160404 4.832489 11.853555 25.421641 17.058264 2.647884 -1.528753 1.528744 -13.761931 3.522390 9.039605 1.998920 -1.154078 1.154077 0.000002 -0.000001 0.000005 9.109302 -0.518009 2.259899 0.019854 -0.969579 -7.593531 0.267745 1.752596 -17.372431 0.057624 0.820631 -8.034698 -0.000000 -0.000000 0.000002 9.533395 0.000007 -0.000000 -0.076325 2.665809 -15.696833 0.268764 1.755828 -17.405520 0.300508 1.854019 -18.413336 0.000001 0.000000 0.000001 9.104487 -0.042999 -1.865101 0.136881 3.641806 -21.133505 0.386598 2.094828 -20.911884 0.283021 1.800669 -17.865005 0.000001 0.000000 0.000002 8.077793 -0.486890 -3.806300 0.927702 5.555976 -27.128017 0.269155 1.757065 -17.418212 0.241887 1.667729 -16.505888 -0.000000 -0.000000 -0.000001 -8.207801 -6.751718 -1.599544 0.596210 -10.335849 3.512264 7.510633 -8.276069 -3.186727 -3.705637 -3.193839 3.026300 -7.252614 -0.000025 -0.000002 0.000000 -0.000001 -0.000000 8.207800 -6.751717 -1.599544 -10.752602 14.548996 10.332652 12.141612 2.595133 4.138074 1.273206 0.139760 -7.119436 -4.983706 0.000012 0.000003 -0.000000 0.000001 0.000000 
-1.424596 103.377586 0.121838 -148.473231 -82.838795 -152.092112 0.000000 10.181548 0.131524 3.296973 1.543014 2.729724 1.151890 0.339449 1.552798 1.126012 0.361523 1.555887 -0.000000 16.740360 -2.049019 5.626314 -0.078941 0.454683 0.000000 9.617867 1.684975 -7.563343 1.375735 -0.080567 0.000000 22.037369 7.501073 -0.000000 -0.000000 0.000000 -4.570003 11.014878 -2.160838 2.959889 12.023758 8.926847 9.664250 32.496582 63.907580 -0.000013 6.693722 0.000009 -20.179051 -0.514125 6.782784 -2.464798 -1.573995 2.681911 -1.665237 -0.174481 -4.219036 12.710984 -29.825384 -16.130836 -2.646273 -1.527814 1.527820 -15.549438 -3.559426 -12.707138 -1.994610 -1.151581 1.151583 0.000003 -0.000005 0.000001 -9.108284 -0.517885 2.259804 0.038556 1.262297 6.823711 0.214029 -1.397034 17.420117 0.046167 -0.654904 8.066290 -0.000000 0.000002 0.000005 -9.532484 0.000016 0.000000 -0.136233 -2.205094 14.998860 0.214442 -1.398348 17.436874 0.239765 -1.476510 18.446270 -0.000000 0.000001 0.000005 -9.103603 -0.043111 -1.865098 0.030598 -3.075756 20.451022 0.308449 -1.668271 20.948528 0.225819 -1.434041 17.897076 -0.000000 -0.000000 0.000002 -8.076697 -0.486740 -3.806300 0.764894 -4.877287 26.475321 0.214455 -1.398361 17.437026 0.193010 -1.328205 16.535830 0.000001 0.000001 0.000000 4.570401 11.014686 -2.160813 -0.717792 -20.249878 -16.899510 5.973805 -16.155182 -65.928538 0.000005 -1.459346 0.000005 -33.230513 -1.364887 -6.186635 2.466089 -1.576209 2.681697 -0.662910 2.160404 4.832489 11.853555 25.421641 17.058264 2.647884 -1.528753 1.528744 -13.761931 3.522390 9.039605 1.998920 -1.154078 1.154077 0.000002 -0.000001 0.000005 9.109302 -0.518009 2.259899 0.019854 -0.969579 -7.593531 0.267745 1.752596 -17.372431 0.057624 0.820631 -8.034698 -0.000000 -0.000000 0.000002 9.533395 0.000007 -0.000000 -0.076325 2.665809 -15.696833 0.268764 1.755828 -17.405520 0.300508 1.854019 -18.413336 0.000001 0.000000 0.000001 9.104487 -0.042999 -1.865101 0.136881 3.641806 -21.133505 0.386598 2.094828 -20.911884 0.283021 1.800669 -17.865005 0.000001 0.000000 0.000002 8.077793 -0.486890 -3.806300 0.927702 5.555976 -27.128017 0.269155 1.757065 -17.418212 0.241887 1.667729 -16.505888 -0.000000 -0.000000 -0.000001 -8.207801 -6.751718 -1.599544 0.596210 -10.335849 3.512264 7.510633 -8.276069 -3.186727 -3.705637 -3.193839 3.026300 -7.252614 -0.000025 -0.000002 0.000000 -0.000001 -0.000000 8.207800 -6.751717 -1.599544 -10.752602 14.548996 10.332652 12.141612 2.595133 4.138074 1.273206 0.139760 -7.119436 -4.983706 0.000012 0.000003 -0.000000 0.000001 0.000000 
-1.424596 103.377586 0.121838 -148.473231 -82.838795 -152.092112 0.000000 10.181548 0.131524 3.296973 1.543014 2.729724 1.151890 0.339449 1.552798 1.126012 0.361523 1.555887 -0.000000 16.740360 -2.049019 5.626314 -0.078941 0.454683 0.000000 9.617867 1.684975 -7.563343 1.375735 -0.080567 0.000000 22.037369 7.501073 -0.000000 -0.000000 0.000000 -4.570003 11.014878 -2.160838 2.959889 12.023758 8.926847 9.664250 32.496582 63.907580 -0.000013 6.693722 0.000009 -20.179051 -0.514125 6.782784 -2.464798 -1.573995 2.681911 -1.665237 -0.174481 -4.219036 12.710984 -29.825384 -16.130836 -2.646273 -1.527814 1.527820 -15.549438 -3.559426 -12.707138 -1.994610 -1.151581 1.151583 0.000003 -0.000005 0.000001 -9.108284 -0.517885 2.259804 0.038556 1.262297 6.823711 0.214029 -1.397034 17.420117 0.046167 -0.654904 8.066290 -0.000000 0.000002 0.000005 -9.532484 0.000016 0.000000 -0.136233 -2.205094 14.998860 0.214442 -1.398348 17.436874 0.239765 -1.476510 18.446270 -0.000000 0.000001 0.000005 -9.103603 -0.043111 -1.865098 0.030598 -3.075756 20.451022 0.308449 -1.668271 20.948528 0.225819 -1.434041 17.897076 -0.000000 -0.000000 0.000002 -8.076697 -0.486740 -3.806300 0.764894 -4.877287 26.475321 0.214455 -1.398361 17.437026 0.193010 -1.328205 16.535830 0.000001 0.000001 0.000000 4.570401 11.014686 -2.160813 -0.717792 -20.249878 -16.899510 5.973805 -16.155182 -65.928538 0.000005 -1.459346 0.000005 -33.230513 -1.364887 -6.186635 2.466089 -1.576209 2.681697 -0.662910 2.160404 4.832489 11.853555 25.421641 17.058264 2.647884 -1.528753 1.528744 -13.761931 3.522390 9.039605 1.998920 -1.154078 1.154077 0.000002 -0.000001 0.000005 9.109302 -0.518009 2.259899 0.019854 -0.969579 -7.593531 0.267745 1.752596 -17.372431 0.057624 0.820631 -8.034698 -0.000000 -0.000000 0.000002 9.533395 0.000007 -0.000000 -0.076325 2.665809 -15.696833 0.268764 1.755828 -17.405520 0.300508 1.854019 -18.413336 0.000001 0.000000 0.000001 9.104487 -0.042999 -1.865101 0.136881 3.641806 -21.133505 0.386598 2.094828 -20.911884 0.283021 1.800669 -17.865005 0.000001 0.000000 0.000002 8.077793 -0.486890 -3.806300 0.927702 5.555976 -27.128017 0.269155 1.757065 -17.418212 0.241887 1.667729 -16.505888 -0.000000 -0.000000 -0.000001 -8.207801 -6.751718 -1.599544 0.596210 -10.335849 3.512264 7.510633 -8.276069 -3.186727 -3.705637 -3.193839 3.026300 -7.252614 -0.000025 -0.000002 0.000000 -0.000001 -0.000000 8.207800 -6.751717 -1.599544 -10.752602 14.548996 10.332652 12.141612 2.595133 4.138074 1.273206 0.139760 -7.119436 -4.983706 0.000012 0.000003 -0.000000 0.000001 0.000000 
-1.424596 103.377586 0.121838 -148.473231 -82.838795 -152.092112 0.000000 10.181548 0.131524 3.296973 1.543014 2.729724 1.151890 0.339449 1.552798 1.126012 0.361523 1.555887 -0.000000 16.740360 -2.049019 5.626314 -0.078941 0.454683 0.000000 9.617867 1.684975 -7.563343 1.375735 -0.080567 0.000000 22.037369 7.501073 -0.000000 -0.000000 0.000000 -4.570003 11.014878 -2.160838 2.959889 12.023758 8.926847 9.664250 32.496582 63.907580 -0.000013 6.693722 0.000009 -20.179051 -0.514125 6.782784 -2.464798 -1.573995 2.681911 -1.665237 -0.174481 -4.219036 12.710984 -29.825384 -16.130836 -2.646273 -1.527814 1.527820 -15.549438 -3.559426 -12.707138 -1.994610 -1.151581 1.151583 0.000003 -0.000005 0.000001 -9.108284 -0.517885 2.259804 0.038556 1.262297 6.823711 0.214029 -1.397034 17.420117 0.046167 -0.654904 8.066290 -0.000000 0.000002 0.000005 -9.532484 0.000016 0.000000 -0.136233 -2.205094 14.998860 0.214442 -1.398348 17.436874 0.239765 -1.476510 18.446270 -0.000000 0.000001 0.000005 -9.103603 -0.043111 -1.865098 0.030598 -3.075756 20.451022 0.308449 -1.668271 20.948528 0.225819 -1.434041 17.897076 -0.000000 -0.000000 0.000002 -8.076697 -0.486740 -3.806300 0.764894 -4.877287 26.475321 0.214455 -1.398361 17.437026 0.193010 -1.328205 16.535830 0.000001 0.000001 0.000000 4.570401 11.014686 -2.160813 -0.717792 -20.249878 -16.899510 5.973805 -16.155182 -65.928538 0.000005 -1.459346 0.000005 -33.230513 -1.364887 -6.186635 2.466089 -1.576209 2.681697 -0.662910 2.160404 4.832489 11.853555 25.421641 17.058264 2.647884 -1.528753 1.528744 -13.761931 3.522390 9.039605 1.998920 -1.154078 1.154077 0.000002 -0.000001 0.000005 9.109302 -0.518009 2.259899 0.019854 -0.969579 -7.593531 0.267745 1.752596 -17.372431 0.057624 0.820631 -8.034698 -0.000000 -0.000000 0.000002 9.533395 0.000007 -0.000000 -0.076325 2.665809 -15.696833 0.268764 1.755828 -17.405520 0.300508 1.854019 -18.413336 0.000001 0.000000 0.000001 9.104487 -0.042999 -1.865101 0.136881 3.641806 -21.133505 0.386598 2.094828 -20.911884 0.283021 1.800669 -17.865005 0.000001 0.000000 0.000002 8.077793 -0.486890 -3.806300 0.927702 5.555976 -27.128017 0.269155 1.757065 -17.418212 0.241887 1.667729 -16.505888 -0.000000 -0.000000 -0.000001 -8.207801 -6.751718 -1.599544 0.596210 -10.335849 3.512264 7.510633 -8.276069 -3.186727 -3.705637 -3.193839 3.026300 -7.252614 -0.000025 -0.000002 0.000000 -0.000001 -0.000000 8.207800 -6.751717 -1.599544 -10.752602 14.548996 10.332652 12.141612 2.595133 4.138074 1.273206 0.139760 -7.119436 -4.983706 0.000012 0.000003 -0.000000 0.000001 0.000000 
-1.424596 103.377586 0.121838 -148.473231 -82.838795 -152.092112 0.000000 10.181548 0.131524 3.296973 1.543014 2.729724 1.151890 0.339449 1.552798 1.126012 0.361523 1.555887 -0.000000 16.740360 -2.049019 5.626314 -0.078941 0.454683 0.000000 9.617867 1.684975 -7.563343 1.375735 -0.080567 0.000000 22.037369 7.501073 -0.000000 -0.000000 0.000000 -4.570003 11.014878 -2.160838 2.959889 12.023758 8.926847 9.664250 32.496582 63.907580 -0.000013 6.693722 0.000009 -20.179051 -0.514125 6.782784 -2.464798 -1.573995 2.681911 -1.665237 -0.174481 -4.219036 12.710984 -29.825384 -16.130836 -2.646273 -1.527814 1.527820 -15.549438 -3.559426 -12.707138 -1.994610 -1.151581 1.151583 0.000003 -0.000005 0.000001 -9.108284 -0.517885 2.259804 0.038556 1.262297 6.823711 0.214029 -1.397034 17.420117 0.046167 -0.654904 8.066290 -0.000000 0.000002 0.000005 -9.532484 0.000016 0.000000 -0.136233 -2.205094 14.998860 0.214442 -1.398348 17.436874 0.239765 -1.476510 18.446270 -0.000000 0.000001 0.000005 -9.103603 -0.043111 -1.865098 0.030598 -3.075756 20.451022 0.308449 -1.668271 20.948528 0.225819 -1.434041 17.897076 -0.000000 -0.000000 0.000002 -8.076697 -0.486740 -3.806300 0.764894 -4.877287 26.475321 0.214455 -1.398361 17.437026 0.193010 -1.328205 16.535830 0.000001 0.000001 0.000000 4.570401 11.014686 -2.160813 -0.717792 -20.249878 -16.899510 5.973805 -16.155182 -65.928538 0.000005 -1.459346 0.000005 -33.230513 -1.364887 -6.186635 2.466089 -1.576209 2.681697 -0.662910 2.160404 4.832489 11.853555 25.421641 17.058264 2.647884 -1.528753 1.528744 -13.761931 3.522390 9.039605 1.998920 -1.154078 1.154077 0.000002 -0.000001 0.000005 9.109302 -0.518009 2.259899 0.019854 -0.969579 -7.593531 0.267745 1.752596 -17.372431 0.057624 0.820631 -8.034698 -0.000000 -0.000000 0.000002 9.533395 0.000007 -0.000000 -0.076325 2.665809 -15.696833 0.268764 1.755828 -17.405520 0.300508 1.854019 -18.413336 0.000001 0.000000 0.000001 9.104487 -0.042999 -1.865101 0.136881 3.641806 -21.133505 0.386598 2.094828 -20.911884 0.283021 1.800669 -17.865005 0.000001 0.000000 0.000002 8.077793 -0.486890 -3.806300 0.927702 5.555976 -27.128017 0.269155 1.757065 -17.418212 0.241887 1.667729 -16.505888 -0.000000 -0.000000 -0.000001 -8.207801 -6.751718 -1.599544 0.596210 -10.335849 3.512264 7.510633 -8.276069 -3.186727 -3.705637 -3.193839 3.026300 -7.252614 -0.000025 -0.000002 0.000000 -0.000001 -0.000000 8.207800 -6.751717 -1.599544 -10.752602 14.548996 10.332652 12.141612 2.595133 4.138074 1.273206 0.139760 -7.119436 -4.983706 0.000012 0.000003 -0.000000 0.000001 0.000000 
-1.424596 103.377586 0.121838 -148.473231 -82.838795 -152.092112 0.000000 10.181548 0.131524 3.296973 1.543014 2.729724 1.151890 0.339449 1.552798 1.126012 0.361523 1.555887 -0.000000 16.740360 -2.049019 5.626314 -0.078941 0.454683 0.000000 9.617867 1.684975 -7.563343 1.375735 -0.080567 0.000000 22.037369 7.501073 -0.000000 -0.000000 0.000000 -4.570003 11.014878 -2.160838 2.959889 12.023758 8.926847 9.664250 32.496582 63.907580 -0.000013 6.693722 0.000009 -20.179051 -0.514125 6.782784 -2.464798 -1.573995 2.681911 -1.665237 -0.174481 -4.219036 12.710984 -29.825384 -16.130836 -2.646273 -1.527814 1.527820 -15.549438 -3.559426 -12.707138 -1.994610 -1.151581 1.151583 0.000003 -0.000005 0.000001 -9.108284 -0.517885 2.259804 0.038556 1.262297 6.823711 0.214029 -1.397034 17.420117 0.046167 -0.654904 8.066290 -0.000000 0.000002 0.000005 -9.532484 0.000016 0.000000 -0.136233 -2.205094 14.998860 0.214442 -1.398348 17.436874 0.239765 -1.476510 18.446270 -0.000000 0.000001 0.000005 -9.103603 -0.043111 -1.865098 0.030598 -3.075756 20.451022 0.308449 -1.668271 20.948528 0.225819 -1.434041 17.897076 -0.000000 -0.000000 0.000002 -8.076697 -0.486740 -3.806300 0.764894 -4.877287 26.475321 0.214455 -1.398361 17.437026 0.193010 -1.328205 16.535830 0.000001 0.000001 0.000000 4.570401 11.014686 -2.160813 -0.717792 -20.249878 -16.899510 5.973805 -16.155182 -65.928538 0.000005 -1.459346 0.000005 -33.230513 -1.364887 -6.186635 2.466089 -1.576209 2.681697 -0.662910 2.160404 4.832489 11.853555 25.421641 17.058264 2.647884 -1.528753 1.528744 -13.761931 3.522390 9.039605 1.998920 -1.154078 1.154077 0.000002 -0.000001 0.000005 9.109302 -0.518009 2.259899 0.019854 -0.969579 -7.593531 0.267745 1.752596 -17.372431 0.057624 0.820631 -8.034698 -0.000000 -0.000000 0.000002 9.533395 0.000007 -0.000000 -0.076325 2.665809 -15.696833 0.268764 1.755828 -17.405520 0.300508 1.854019 -18.413336 0.000001 0.000000 0.000001 9.104487 -0.042999 -1.865101 0.136881 3.641806 -21.133505 0.386598 2.094828 -20.911884 0.283021 1.800669 -17.865005 0.000001 0.000000 0.000002 8.077793 -0.486890 -3.806300 0.927702 5.555976 -27.128017 0.269155 1.757065 -17.418212 0.241887 1.667729 -16.505888 -0.000000 -0.000000 -0.000001 -8.207801 -6.751718 -1.599544 0.596210 -10.335849 3.512264 7.510633 -8.276069 -3.186727 -3.705637 -3.193839 3.026300 -7.252614 -0.000025 -0.000002 0.000000 -0.000001 -0.000000 8.207800 -6.751717 -1.599544 -10.752602 14.548996 10.332652 12.141612 2.595133 4.138074 1.273206 0.139760 -7.119436 -4.983706 0.000012 0.000003 -0.000000 0.000001 0.000000 
-1.424596 103.377586 0.121838 -148.473231 -82.838795 -152.092112 0.000000 10.181548 0.131524 3.296973 1.543014 2.729724 1.151890 0.339449 1.552798 1.126012 0.361523 1.555887 -0.000000 16.740360 -2.049019 5.626314 -0.078941 0.454683 0.000000 9.617867 1.684975 -7.563343 1.375735 -0.080567 0.000000 22.037369 7.501073 -0.000000 -0.000000 0.000000 -4.570003 11.014878 -2.160838 2.959889 12.023758 8.926847 9.664250 32.496582 63.907580 -0.000013 6.693722 0.000009 -20.179051 -0.514125 6.782784 -2.464798 -1.573995 2.681911 -1.665237 -0.174481 -4.219036 12.710984 -29.825384 -16.130836 -2.646273 -1.527814 1.527820 -15.549438 -3.559426 -12.707138 -1.994610 -1.151581 1.151583 0.000003 -0.000005 0.000001 -9.108284 -0.517885 2.259804 0.038556 1.262297 6.823711 0.214029 -1.397034 17.420117 0.046167 -0.654904 8.066290 -0.000000 0.000002 0.000005 -9.532484 0.000016 0.000000 -0.136233 -2.205094 14.998860 0.214442 -1.398348 17.436874 0.239765 -1.476510 18.446270 -0.000000 0.000001 0.000005 -9.103603 -0.043111 -1.865098 0.030598 -3.075756 20.451022 0.308449 -1.668271 20.948528 0.225819 -1.434041 17.897076 -0.000000 -0.000000 0.000002 -8.076697 -0.486740 -3.806300 0.764894 -4.877287 26.475321 0.214455 -1.398361 17.437026 0.193010 -1.328205 16.535830 0.000001 0.000001 0.000000 4.570401 11.014686 -2.160813 -0.717792 -20.249878 -16.899510 5.973805 -16.155182 -65.928538 0.000005 -1.459346 0.000005 -33.230513 -1.364887 -6.186635 2.466089 -1.576209 2.681697 -0.662910 2.160404 4.832489 11.853555 25.421641 17.058264 2.647884 -1.528753 1.528744 -13.761931 3.522390 9.039605 1.998920 -1.154078 1.154077 0.000002 -0.000001 0.000005 9.109302 -0.518009 2.259899 0.019854 -0.969579 -7.593531 0.267745 1.752596 -17.372431 0.057624 0.820631 -8.034698 -0.000000 -0.000000 0.000002 9.533395 0.000007 -0.000000 -0.076325 2.665809 -15.696833 0.268764 1.755828 -17.405520 0.300508 1.854019 -18.413336 0.000001 0.000000 0.000001 9.104487 -0.042999 -1.865101 0.136881 3.641806 -21.133505 0.386598 2.094828 -20.911884 0.283021 1.800669 -17.865005 0.000001 0.000000 0.000002 8.077793 -0.486890 -3.806300 0.927702 5.555976 -27.128017 0.269155 1.757065 -17.418212 0.241887 1.667729 -16.505888 -0.000000 -0.000000 -0.000001 -8.207801 -6.751718 -1.599544 0.596210 -10.335849 3.512264 7.510633 -8.276069 -3.186727 -3.705637 -3.193839 3.026300 -7.252614 -0.000025 -0.000002 0.000000 -0.000001 -0.000000 8.207800 -6.751717 -1.599544 -10.752602 14.548996 10.332652 12.141612 2.595133 4.138074 1.273206 0.139760 -7.119436 -4.983706 0.000012 0.000003 -0.000000 0.000001 0.000000 
-1.424596 103.377586 0.121838 -148.473231 -82.838795 -152.092112 0.000000 10.181548 0.131524 3.296973 1.543014 2.729724 1.151890 0.339449 1.552798 1.126012 0.361523 1.555887 -0.000000 16.740360 -2.049019 5.626314 -0.078941 0.454683 0.000000 9.617867 1.684975 -7.563343 1.375735 -0.080567 0.000000 22.037369 7.501073 -0.000000 -0.000000 0.000000 -4.570003 11.014878 -2.160838 2.959889 12.023758 8.926847 9.664250 32.496582 63.907580 -0.000013 6.693722 0.000009 -20.179051 -0.514125 6.782784 -2.464798 -1.573995 2.681911 -1.665237 -0.174481 -4.219036 12.710984 -29.825384 -16.130836 -2.646273 -1.527814 1.527820 -15.549438 -3.559426 -12.707138 -1.994610 -1.151581 1.151583 0.000003 -0.000005 0.000001 -9.108284 -0.517885 2.259804 0.038556 1.262297 6.823711 0.214029 -1.397034 17.420117 0.046167 -0.654904 8.066290 -0.000000 0.000002 0.000005 -9.532484 0.000016 0.000000 -0.136233 -2.205094 14.998860 0.214442 -1.398348 17.436874 0.239765 -1.476510 18.446270 -0.000000 0.000001 0.000005 -9.103603 -0.043111 -1.865098 0.030598 -3.075756 20.451022 0.308449 -1.668271 20.948528 0.225819 -1.434041 17.897076 -0.000000 -0.000000 0.000002 -8.076697 -0.486740 -3.806300 0.764894 -4.877287 26.475321 0.214455 -1.398361 17.437026 0.193010 -1.328205 16.535830 0.000001 0.000001 0.000000 4.570401 11.014686 -2.160813 -0.717792 -20.249878 -16.899510 5.973805 -16.155182 -65.928538 0.000005 -1.459346 0.000005 -33.230513 -1.364887 -6.186635 2.466089 -1.576209 2.681697 -0.662910 2.160404 4.832489 11.853555 25.421641 17.058264 2.647884 -1.528753 1.528744 -13.761931 3.522390 9.039605 1.998920 -1.154078 1.154077 0.000002 -0.000001 0.000005 9.109302 -0.518009 2.259899 0.019854 -0.969579 -7.593531 0.267745 1.752596 -17.372431 0.057624 0.820631 -8.034698 -0.000000 -0.000000 0.000002 9.533395 0.000007 -0.000000 -0.076325 2.665809 -15.696833 0.268764 1.755828 -17.405520 0.300508 1.854019 -18.413336 0.000001 0.000000 0.000001 9.104487 -0.042999 -1.865101 0.136881 3.641806 -21.133505 0.386598 2.094828 -20.911884 0.283021 1.800669 -17.865005 0.000001 0.000000 0.000002 8.077793 -0.486890 -3.806300 0.927702 5.555976 -27.128017 0.269155 1.757065 -17.418212 0.241887 1.667729 -16.505888 -0.000000 -0.000000 -0.000001 -8.207801 -6.751718 -1.599544 0.596210 -10.335849 3.512264 7.510633 -8.276069 -3.186727 -3.705637 -3.193839 3.026300 -7.252614 -0.000025 -0.000002 0.000000 -0.000001 -0.000000 8.207800 -6.751717 -1.599544 -10.752602 14.548996 10.332652 12.141612 2.595133 4.138074 1.273206 0.139760 -7.119436 -4.983706 0.000012 0.000003 -0.000000 0.000001 0.000000 
-1.424596 103.377586 0.121838 -148.473231 -82.838795 -152.092112 0.000000 10.181548 0.131524 3.296973 1.543014 2.729724 1.151890 0.339449 1.552798 1.126012 0.361523 1.555887 -0.000000 16.740360 -2.049019 5.626314 -0.078941 0.454683 0.000000 9.617867 1.684975 -7.563343 1.375735 -0.080567 0.000000 22.037369 7.501073 -0.000000 -0.000000 0.000000 -4.570003 11.014878 -2.160838 2.959889 12.023758 8.926847 9.664250 32.496582 63.907580 -0.000013 6.693722 0.000009 -20.179051 -0.514125 6.782784 -2.464798 -1.573995 2.681911 -1.665237 -0.174481 -4.219036 12.710984 -29.825384 -16.130836 -2.646273 -1.527814 1.527820 -15.549438 -3.559426 -12.707138 -1.994610 -1.151581 1.151583 0.000003 -0.000005 0.000001 -9.108284 -0.517885 2.259804 0.038556 1.262297 6.823711 0.214029 -1.397034 17.420117 0.046167 -0.654904 8.066290 -0.000000 0.000002 0.000005 -9.532484 0.000016 0.000000 -0.136233 -2.205094 14.998860 0.214442 -1.398348 17.436874 0.239765 -1.476510 18.446270 -0.000000 0.000001 0.000005 -9.103603 -0.043111 -1.865098 0.030598 -3.075756 20.451022 0.308449 -1.668271 20.948528 0.225819 -1.434041 17.897076 -0.000000 -0.000000 0.000002 -8.076697 -0.486740 -3.806300 0.764894 -4.877287 26.475321 0.214455 -1.398361 17.437026 0.193010 -1.328205 16.535830 0.000001 0.000001 0.000000 4.570401 11.014686 -2.160813 -0.717792 -20.249878 -16.899510 5.973805 -16.155182 -65.928538 0.000005 -1.459346 0.000005 -33.230513 -1.364887 -6.186635 2.466089 -1.576209 2.681697 -0.662910 2.160404 4.832489 11.853555 25.421641 17.058264 2.647884 -1.528753 1.528744 -13.761931 3.522390 9.039605 1.998920 -1.154078 1.154077 0.000002 -0.000001 0.000005 9.109302 -0.518009 2.259899 0.019854 -0.969579 -7.593531 0.267745 1.752596 -17.372431 0.057624 0.820631 -8.034698 -0.000000 -0.000000 0.000002 9.533395 0.000007 -0.000000 -0.076325 2.665809 -15.696833 0.268764 1.755828 -17.405520 0.300508 1.854019 -18.413336 0.000001 0.000000 0.000001 9.104487 -0.042999 -1.865101 0.136881 3.641806 -21.133505 0.386598 2.094828 -20.911884 0.283021 1.800669 -17.865005 0.000001 0.000000 0.000002 8.077793 -0.486890 -3.806300 0.927702 5.555976 -27.128017 0.269155 1.757065 -17.418212 0.241887 1.667729 -16.505888 -0.000000 -0.000000 -0.000001 -8.207801 -6.751718 -1.599544 0.596210 -10.335849 3.512264 7.510633 -8.276069 -3.186727 -3.705637 -3.193839 3.026300 -7.252614 -0.000025 -0.000002 0.000000 -0.000001 -0.000000 8.207800 -6.751717 -1.599544 -10.752602 14.548996 10.332652 12.141612 2.595133 4.138074 1.273206 0.139760 -7.119436 -4.983706 0.000012 0.000003 -0.000000 0.000001 0.000000 
-1.424596 103.377586 0.121838 -148.473231 -82.838795 -152.092112 0.000000 10.181548 0.131524 3.296973 1.543014 2.729724 1.151890 0.339449 1.552798 1.126012 0.361523 1.555887 -0.000000 16.740360 -2.049019 5.626314 -0.078941 0.454683 0.000000 9.617867 1.684975 -7.563343 1.375735 -0.080567 0.000000 22.037369 7.501073 -0.000000 -0.000000 0.000000 -4.570003 11.014878 -2.160838 2.959889 12.023758 8.926847 9.664250 32.496582 63.907580 -0.000013 6.693722 0.000009 -20.179051 -0.514125 6.782784 -2.464798 -1.573995 2.681911 -1.665237 -0.174481 -4.219036 12.710984 -29.825384 -16.130836 -2.646273 -1.527814 1.527820 -15.549438 -3.559426 -12.707138 -1.994610 -1.151581 1.151583 0.000003 -0.000005 0.000001 -9.108284 -0.517885 2.259804 0.038556 1.262297 6.823711 0.214029 -1.397034 17.420117 0.046167 -0.654904 8.066290 -0.000000 0.000002 0.000005 -9.532484 0.000016 0.000000 -0.136233 -2.205094 14.998860 0.214442 -1.398348 17.436874 0.239765 -1.476510 18.446270 -0.000000 0.000001 0.000005 -9.103603 -0.043111 -1.865098 0.030598 -3.075756 20.451022 0.308449 -1.668271 20.948528 0.225819 -1.434041 17.897076 -0.000000 -0.000000 0.000002 -8.076697 -0.486740 -3.806300 0.764894 -4.877287 26.475321 0.214455 -1.398361 17.437026 0.193010 -1.328205 16.535830 0.000001 0.000001 0.000000 4.570401 11.014686 -2.160813 -0.717792 -20.249878 -16.899510 5.973805 -16.155182 -65.928538 0.000005 -1.459346 0.000005 -33.230513 -1.364887 -6.186635 2.466089 -1.576209 2.681697 -0.662910 2.160404 4.832489 11.853555 25.421641 17.058264 2.647884 -1.528753 1.528744 -13.761931 3.522390 9.039605 1.998920 -1.154078 1.154077 0.000002 -0.000001 0.000005 9.109302 -0.518009 2.259899 0.019854 -0.969579 -7.593531 0.267745 1.752596 -17.372431 0.057624 0.820631 -8.034698 -0.000000 -0.000000 0.000002 9.533395 0.000007 -0.000000 -0.076325 2.665809 -15.696833 0.268764 1.755828 -17.405520 0.300508 1.854019 -18.413336 0.000001 0.000000 0.000001 9.104487 -0.042999 -1.865101 0.136881 3.641806 -21.133505 0.386598 2.094828 -20.911884 0.283021 1.800669 -17.865005 0.000001 0.000000 0.000002 8.077793 -0.486890 -3.806300 0.927702 5.555976 -27.128017 0.269155 1.757065 -17.418212 0.241887 1.667729 -16.505888 -0.000000 -0.000000 -0.000001 -8.207801 -6.751718 -1.599544 0.596210 -10.335849 3.512264 7.510633 -8.276069 -3.186727 -3.705637 -3.193839 3.026300 -7.252614 -0.000025 -0.000002 0.000000 -0.000001 -0.000000 8.207800 -6.751717 -1.599544 -10.752602 14.548996 10.332652 12.141612 2.595133 4.138074 1.273206 0.139760 -7.119436 -4.983706 0.000012 0.000003 -0.000000 0.000001 0.000000 
-1.424596 103.377586 0.121838 -148.473231 -82.838795 -152.092112 0.000000 10.181548 0.131524 3.296973 1.543014 2.729724 1.151890 0.339449 1.552798 1.126012 0.361523 1.555887 -0.000000 16.740360 -2.049019 5.626314 -0.078941 0.454683 0.000000 9.617867 1.684975 -7.563343 1.375735 -0.080567 0.000000 22.037369 7.501073 -0.000000 -0.000000 0.000000 -4.570003 11.014878 -2.160838 2.959889 12.023758 8.926847 9.664250 32.496582 63.907580 -0.000013 6.693722 0.000009 -20.179051 -0.514125 6.782784 -2.464798 -1.573995 2.681911 -1.665237 -0.174481 -4.219036 12.710984 -29.825384 -16.130836 -2.646273 -1.527814 1.527820 -15.549438 -3.559426 -12.707138 -1.994610 -1.151581 1.151583 0.000003 -0.000005 0.000001 -9.108284 -0.517885 2.259804 0.038556 1.262297 6.823711 0.214029 -1.397034 17.420117 0.046167 -0.654904 8.066290 -0.000000 0.000002 0.000005 -9.532484 0.000016 0.000000 -0.136233 -2.205094 14.998860 0.214442 -1.398348 17.436874 0.239765 -1.476510 18.446270 -0.000000 0.000001 0.000005 -9.103603 -0.043111 -1.865098 0.030598 -3.075756 20.451022 0.308449 -1.668271 20.948528 0.225819 -1.434041 17.897076 -0.000000 -0.000000 0.000002 -8.076697 -0.486740 -3.806300 0.764894 -4.877287 26.475321 0.214455 -1.398361 17.437026 0.193010 -1.328205 16.535830 0.000001 0.000001 0.000000 4.570401 11.014686 -2.160813 -0.717792 -20.249878 -16.899510 5.973805 -16.155182 -65.928538 0.000005 -1.459346 0.000005 -33.230513 -1.364887 -6.186635 2.466089 -1.576209 2.681697 -0.662910 2.160404 4.832489 11.853555 25.421641 17.058264 2.647884 -1.528753 1.528744 -13.761931 3.522390 9.039605 1.998920 -1.154078 1.154077 0.000002 -0.000001 0.000005 9.109302 -0.518009 2.259899 0.019854 -0.969579 -7.593531 0.267745 1.752596 -17.372431 0.057624 0.820631 -8.034698 -0.000000 -0.000000 0.000002 9.533395 0.000007 -0.000000 -0.076325 2.665809 -15.696833 0.268764 1.755828 -17.405520 0.300508 1.854019 -18.413336 0.000001 0.000000 0.000001 9.104487 -0.042999 -1.865101 0.136881 3.641806 -21.133505 0.386598 2.094828 -20.911884 0.283021 1.800669 -17.865005 0.000001 0.000000 0.000002 8.077793 -0.486890 -3.806300 0.927702 5.555976 -27.128017 0.269155 1.757065 -17.418212 0.241887 1.667729 -16.505888 -0.000000 -0.000000 -0.000001 -8.207801 -6.751718 -1.599544 0.596210 -10.335849 3.512264 7.510633 -8.276069 -3.186727 -3.705637 -3.193839 3.026300 -7.252614 -0.000025 -0.000002 0.000000 -0.000001 -0.000000 8.207800 -6.751717 -1.599544 -10.752602 14.548996 10.332652 12.141612 2.595133 4.138074 1.273206 0.139760 -7.119436 -4.983706 0.000012 0.000003 -0.000000 0.000001 0.000000 
-1.424596 103.377586 0.121838 -148.473231 -82.838795 -152.092112 0.000000 10.181548 0.131524 3.296973 1.543014 2.729724 1.151890 0.339449 1.552798 1.126012 0.361523 1.555887 -0.000000 16.740360 -2.049019 5.626314 -0.078941 0.454683 0.000000 9.617867 1.684975 -7.563343 1.375735 -0.080567 0.000000 22.037369 7.501073 -0.000000 -0.000000 0.000000 -4.570003 11.014878 -2.160838 2.959889 12.023758 8.926847 9.664250 32.496582 63.907580 -0.000013 6.693722 0.000009 -20.179051 -0.514125 6.782784 -2.464798 -1.573995 2.681911 -1.665237 -0.174481 -4.219036 12.710984 -29.825384 -16.130836 -2.646273 -1.527814 1.527820 -15.549438 -3.559426 -12.707138 -1.994610 -1.151581 1.151583 0.000003 -0.000005 0.000001 -9.108284 -0.517885 2.259804 0.038556 1.262297 6.823711 0.214029 -1.397034 17.420117 0.046167 -0.654904 8.066290 -0.000000 0.000002 0.000005 -9.532484 0.000016 0.000000 -0.136233 -2.205094 14.998860 0.214442 -1.398348 17.436874 0.239765 -1.476510 18.446270 -0.000000 0.000001 0.000005 -9.103603 -0.043111 -1.865098 0.030598 -3.075756 20.451022 0.308449 -1.668271 20.948528 0.225819 -1.434041 17.897076 -0.000000 -0.000000 0.000002 -8.076697 -0.486740 -3.806300 0.764894 -4.877287 26.475321 0.214455 -1.398361 17.437026 0.193010 -1.328205 16.535830 0.000001 0.000001 0.000000 4.570401 11.014686 -2.160813 -0.717792 -20.249878 -16.899510 5.973805 -16.155182 -65.928538 0.000005 -1.459346 0.000005 -33.230513 -1.364887 -6.186635 2.466089 -1.576209 2.681697 -0.662910 2.160404 4.832489 11.853555 25.421641 17.058264 2.647884 -1.528753 1.528744 -13.761931 3.522390 9.039605 1.998920 -1.154078 1.154077 0.000002 -0.000001 0.000005 9.109302 -0.518009 2.259899 0.019854 -0.969579 -7.593531 0.267745 1.752596 -17.372431 0.057624 0.820631 -8.034698 -0.000000 -0.000000 0.000002 9.533395 0.000007 -0.000000 -0.076325 2.665809 -15.696833 0.268764 1.755828 -17.405520 0.300508 1.854019 -18.413336 0.000001 0.000000 0.000001 9.104487 -0.042999 -1.865101 0.136881 3.641806 -21.133505 0.386598 2.094828 -20.911884 0.283021 1.800669 -17.865005 0.000001 0.000000 0.000002 8.077793 -0.486890 -3.806300 0.927702 5.555976 -27.128017 0.269155 1.757065 -17.418212 0.241887 1.667729 -16.505888 -0.000000 -0.000000 -0.000001 -8.207801 -6.751718 -1.599544 0.596210 -10.335849 3.512264 7.510633 -8.276069 -3.186727 -3.705637 -3.193839 3.026300 -7.252614 -0.000025 -0.000002 0.000000 -0.000001 -0.000000 8.207800 -6.751717 -1.599544 -10.752602 14.548996 10.332652 12.141612 2.595133 4.138074 1.273206 0.139760 -7.119436 -4.983706 0.000012 0.000003 -0.000000 0.000001 0.000000 
-1.424596 103.377586 0.121838 -148.473231 -82.838795 -152.092112 0.000000 10.181548 0.131524 3.296973 1.543014 2.729724 1.151890 0.339449 1.552798 1.126012 0.361523 1.555887 -0.000000 16.740360 -2.049019 5.626314 -0.078941 0.454683 0.000000 9.617867 1.684975 -7.563343 1.375735 -0.080567 0.000000 22.037369 7.501073 -0.000000 -0.000000 0.000000 -4.570003 11.014878 -2.160838 2.959889 12.023758 8.926847 9.664250 32.496582 63.907580 -0.000013 6.693722 0.000009 -20.179051 -0.514125 6.782784 -2.464798 -1.573995 2.681911 -1.665237 -0.174481 -4.219036 12.710984 -29.825384 -16.130836 -2.646273 -1.527814 1.527820 -15.549438 -3.559426 -12.707138 -1.994610 -1.151581 1.151583 0.000003 -0.000005 0.000001 -9.108284 -0.517885 2.259804 0.038556 1.262297 6.823711 0.214029 -1.397034 17.420117 0.046167 -0.654904 8.066290 -0.000000 0.000002 0.000005 -9.532484 0.000016 0.000000 -0.136233 -2.205094 14.998860 0.214442 -1.398348 17.436874 0.239765 -1.476510 18.446270 -0.000000 0.000001 0.000005 -9.103603 -0.043111 -1.865098 0.030598 -3.075756 20.451022 0.308449 -1.668271 20.948528 0.225819 -1.434041 17.897076 -0.000000 -0.000000 0.000002 -8.076697 -0.486740 -3.806300 0.764894 -4.877287 26.475321 0.214455 -1.398361 17.437026 0.193010 -1.328205 16.535830 0.000001 0.000001 0.000000 4.570401 11.014686 -2.160813 -0.717792 -20.249878 -16.899510 5.973805 -16.155182 -65.928538 0.000005 -1.459346 0.000005 -33.230513 -1.364887 -6.186635 2.466089 -1.576209 2.681697 -0.662910 2.160404 4.832489 11.853555 25.421641 17.058264 2.647884 -1.528753 1.528744 -13.761931 3.522390 9.039605 1.998920 -1.154078 1.154077 0.000002 -0.000001 0.000005 9.109302 -0.518009 2.259899 0.019854 -0.969579 -7.593531 0.267745 1.752596 -17.372431 0.057624 0.820631 -8.034698 -0.000000 -0.000000 0.000002 9.533395 0.000007 -0.000000 -0.076325 2.665809 -15.696833 0.268764 1.755828 -17.405520 0.300508 1.854019 -18.413336 0.000001 0.000000 0.000001 9.104487 -0.042999 -1.865101 0.136881 3.641806 -21.133505 0.386598 2.094828 -20.911884 0.283021 1.800669 -17.865005 0.000001 0.000000 0.000002 8.077793 -0.486890 -3.806300 0.927702 5.555976 -27.128017 0.269155 1.757065 -17.418212 0.241887 1.667729 -16.505888 -0.000000 -0.000000 -0.000001 -8.207801 -6.751718 -1.599544 0.596210 -10.335849 3.512264 7.510633 -8.276069 -3.186727 -3.705637 -3.193839 3.026300 -7.252614 -0.000025 -0.000002 0.000000 -0.000001 -0.000000 8.207800 -6.751717 -1.599544 -10.752602 14.548996 10.332652 12.141612 2.595133 4.138074 1.273206 0.139760 -7.119436 -4.983706 0.000012 0.000003 -0.000000 0.000001 0.000000 
-1.424596 103.377586 0.121838 -148.473231 -82.838795 -152.092112 0.000000 10.181548 0.131524 3.296973 1.543014 2.729724 1.151890 0.339449 1.552798 1.126012 0.361523 1.555887 -0.000000 16.740360 -2.049019 5.626314 -0.078941 0.454683 0.000000 9.617867 1.684975 -7.563343 1.375735 -0.080567 0.000000 22.037369 7.501073 -0.000000 -0.000000 0.000000 -4.570003 11.014878 -2.160838 2.959889 12.023758 8.926847 9.664250 32.496582 63.907580 -0.000013 6.693722 0.000009 -20.179051 -0.514125 6.782784 -2.464798 -1.573995 2.681911 -1.665237 -0.174481 -4.219036 12.710984 -29.825384 -16.130836 -2.646273 -1.527814 1.527820 -15.549438 -3.559426 -12.707138 -1.994610 -1.151581 1.151583 0.000003 -0.000005 0.000001 -9.108284 -0.517885 2.259804 0.038556 1.262297 6.823711 0.214029 -1.397034 17.420117 0.046167 -0.654904 8.066290 -0.000000 0.000002 0.000005 -9.532484 0.000016 0.000000 -0.136233 -2.205094 14.998860 0.214442 -1.398348 17.436874 0.239765 -1.476510 18.446270 -0.000000 0.000001 0.000005 -9.103603 -0.043111 -1.865098 0.030598 -3.075756 20.451022 0.308449 -1.668271 20.948528 0.225819 -1.434041 17.897076 -0.000000 -0.000000 0.000002 -8.076697 -0.486740 -3.806300 0.764894 -4.877287 26.475321 0.214455 -1.398361 17.437026 0.193010 -1.328205 16.535830 0.000001 0.000001 0.000000 4.570401 11.014686 -2.160813 -0.717792 -20.249878 -16.899510 5.973805 -16.155182 -65.928538 0.000005 -1.459346 0.000005 -33.230513 -1.364887 -6.186635 2.466089 -1.576209 2.681697 -0.662910 2.160404 4.832489 11.853555 25.421641 17.058264 2.647884 -1.528753 1.528744 -13.761931 3.522390 9.039605 1.998920 -1.154078 1.154077 0.000002 -0.000001 0.000005 9.109302 -0.518009 2.259899 0.019854 -0.969579 -7.593531 0.267745 1.752596 -17.372431 0.057624 0.820631 -8.034698 -0.000000 -0.000000 0.000002 9.533395 0.000007 -0.000000 -0.076325 2.665809 -15.696833 0.268764 1.755828 -17.405520 0.300508 1.854019 -18.413336 0.000001 0.000000 0.000001 9.104487 -0.042999 -1.865101 0.136881 3.641806 -21.133505 0.386598 2.094828 -20.911884 0.283021 1.800669 -17.865005 0.000001 0.000000 0.000002 8.077793 -0.486890 -3.806300 0.927702 5.555976 -27.128017 0.269155 1.757065 -17.418212 0.241887 1.667729 -16.505888 -0.000000 -0.000000 -0.000001 -8.207801 -6.751718 -1.599544 0.596210 -10.335849 3.512264 7.510633 -8.276069 -3.186727 -3.705637 -3.193839 3.026300 -7.252614 -0.000025 -0.000002 0.000000 -0.000001 -0.000000 8.207800 -6.751717 -1.599544 -10.752602 14.548996 10.332652 12.141612 2.595133 4.138074 1.273206 0.139760 -7.119436 -4.983706 0.000012 0.000003 -0.000000 0.000001 0.000000 
-1.424596 103.377586 0.121838 -148.473231 -82.838795 -152.092112 0.000000 10.181548 0.131524 3.296973 1.543014 2.729724 1.151890 0.339449 1.552798 1.126012 0.361523 1.555887 -0.000000 16.740360 -2.049019 5.626314 -0.078941 0.454683 0.000000 9.617867 1.684975 -7.563343 1.375735 -0.080567 0.000000 22.037369 7.501073 -0.000000 -0.000000 0.000000 -4.570003 11.014878 -2.160838 2.959889 12.023758 8.926847 9.664250 32.496582 63.907580 -0.000013 6.693722 0.000009 -20.179051 -0.514125 6.782784 -2.464798 -1.573995 2.681911 -1.665237 -0.174481 -4.219036 12.710984 -29.825384 -16.130836 -2.646273 -1.527814 1.527820 -15.549438 -3.559426 -12.707138 -1.994610 -1.151581 1.151583 0.000003 -0.000005 0.000001 -9.108284 -0.517885 2.259804 0.038556 1.262297 6.823711 0.214029 -1.397034 17.420117 0.046167 -0.654904 8.066290 -0.000000 0.000002 0.000005 -9.532484 0.000016 0.000000 -0.136233 -2.205094 14.998860 0.214442 -1.398348 17.436874 0.239765 -1.476510 18.446270 -0.000000 0.000001 0.000005 -9.103603 -0.043111 -1.865098 0.030598 -3.075756 20.451022 0.308449 -1.668271 20.948528 0.225819 -1.434041 17.897076 -0.000000 -0.000000 0.000002 -8.076697 -0.486740 -3.806300 0.764894 -4.877287 26.475321 0.214455 -1.398361 17.437026 0.193010 -1.328205 16.535830 0.000001 0.000001 0.000000 4.570401 11.014686 -2.160813 -0.717792 -20.249878 -16.899510 5.973805 -16.155182 -65.928538 0.000005 -1.459346 0.000005 -33.230513 -1.364887 -6.186635 2.466089 -1.576209 2.681697 -0.662910 2.160404 4.832489 11.853555 25.421641 17.058264 2.647884 -1.528753 1.528744 -13.761931 3.522390 9.039605 1.998920 -1.154078 1.154077 0.000002 -0.000001 0.000005 9.109302 -0.518009 2.259899 0.019854 -0.969579 -7.593531 0.267745 1.752596 -17.372431 0.057624 0.820631 -8.034698 -0.000000 -0.000000 0.000002 9.533395 0.000007 -0.000000 -0.076325 2.665809 -15.696833 0.268764 1.755828 -17.405520 0.300508 1.854019 -18.413336 0.000001 0.000000 0.000001 9.104487 -0.042999 -1.865101 0.136881 3.641806 -21.133505 0.386598 2.094828 -20.911884 0.283021 1.800669 -17.865005 0.000001 0.000000 0.000002 8.077793 -0.486890 -3.806300 0.927702 5.555976 -27.128017 0.269155 1.757065 -17.418212 0.241887 1.667729 -16.505888 -0.000000 -0.000000 -0.000001 -8.207801 -6.751718 -1.599544 0.596210 -10.335849 3.512264 7.510633 -8.276069 -3.186727 -3.705637 -3.193839 3.026300 -7.252614 -0.000025 -0.000002 0.000000 -0.000001 -0.000000 8.207800 -6.751717 -1.599544 -10.752602 14.548996 10.332652 12.141612 2.595133 4.138074 1.273206 0.139760 -7.119436 -4.983706 0.000012 0.000003 -0.000000 0.000001 0.000000 
-1.424596 103.377586 0.121838 -148.473231 -82.838795 -152.092112 0.000000 10.181548 0.131524 3.296973 1.543014 2.729724 1.151890 0.339449 1.552798 1.126012 0.361523 1.555887 -0.000000 16.740360 -2.049019 5.626314 -0.078941 0.454683 0.000000 9.617867 1.684975 -7.563343 1.375735 -0.080567 0.000000 22.037369 7.501073 -0.000000 -0.000000 0.000000 -4.570003 11.014878 -2.160838 2.959889 12.023758 8.926847 9.664250 32.496582 63.907580 -0.000013 6.693722 0.000009 -20.179051 -0.514125 6.782784 -2.464798 -1.573995 2.681911 -1.665237 -0.174481 -4.219036 12.710984 -29.825384 -16.130836 -2.646273 -1.527814 1.527820 -15.549438 -3.559426 -12.707138 -1.994610 -1.151581 1.151583 0.000003 -0.000005 0.000001 -9.108284 -0.517885 2.259804 0.038556 1.262297 6.823711 0.214029 -1.397034 17.420117 0.046167 -0.654904 8.066290 -0.000000 0.000002 0.000005 -9.532484 0.000016 0.000000 -0.136233 -2.205094 14.998860 0.214442 -1.398348 17.436874 0.239765 -1.476510 18.446270 -0.000000 0.000001 0.000005 -9.103603 -0.043111 -1.865098 0.030598 -3.075756 20.451022 0.308449 -1.668271 20.948528 0.225819 -1.434041 17.897076 -0.000000 -0.000000 0.000002 -8.076697 -0.486740 -3.806300 0.764894 -4.877287 26.475321 0.214455 -1.398361 17.437026 0.193010 -1.328205 16.535830 0.000001 0.000001 0.000000 4.570401 11.014686 -2.160813 -0.717792 -20.249878 -16.899510 5.973805 -16.155182 -65.928538 0.000005 -1.459346 0.000005 -33.230513 -1.364887 -6.186635 2.466089 -1.576209 2.681697 -0.662910 2.160404 4.832489 11.853555 25.421641 17.058264 2.647884 -1.528753 1.528744 -13.761931 3.522390 9.039605 1.998920 -1.154078 1.154077 0.000002 -0.000001 0.000005 9.109302 -0.518009 2.259899 0.019854 -0.969579 -7.593531 0.267745 1.752596 -17.372431 0.057624 0.820631 -8.034698 -0.000000 -0.000000 0.000002 9.533395 0.000007 -0.000000 -0.076325 2.665809 -15.696833 0.268764 1.755828 -17.405520 0.300508 1.854019 -18.413336 0.000001 0.000000 0.000001 9.104487 -0.042999 -1.865101 0.136881 3.641806 -21.133505 0.386598 2.094828 -20.911884 0.283021 1.800669 -17.865005 0.000001 0.000000 0.000002 8.077793 -0.486890 -3.806300 0.927702 5.555976 -27.128017 0.269155 1.757065 -17.418212 0.241887 1.667729 -16.505888 -0.000000 -0.000000 -0.000001 -8.207801 -6.751718 -1.599544 0.596210 -10.335849 3.512264 7.510633 -8.276069 -3.186727 -3.705637 -3.193839 3.026300 -7.252614 -0.000025 -0.000002 0.000000 -0.000001 -0.000000 8.207800 -6.751717 -1.599544 -10.752602 14.548996 10.332652 12.141612 2.595133 4.138074 1.273206 0.139760 -7.119436 -4.983706 0.000012 0.000003 -0.000000 0.000001 0.000000 
-1.424596 103.377586 0.121838 -148.473231 -82.838795 -152.092112 0.000000 10.181548 0.131524 3.296973 1.543014 2.729724 1.151890 0.339449 1.552798 1.126012 0.361523 1.555887 -0.000000 16.740360 -2.049019 5.626314 -0.078941 0.454683 0.000000 9.617867 1.684975 -7.563343 1.375735 -0.080567 0.000000 22.037369 7.501073 -0.000000 -0.000000 0.000000 -4.570003 11.014878 -2.160838 2.959889 12.023758 8.926847 9.664250 32.496582 63.907580 -0.000013 6.693722 0.000009 -20.179051 -0.514125 6.782784 -2.464798 -1.573995 2.681911 -1.665237 -0.174481 -4.219036 12.710984 -29.825384 -16.130836 -2.646273 -1.527814 1.527820 -15.549438 -3.559426 -12.707138 -1.994610 -1.151581 1.151583 0.000003 -0.000005 0.000001 -9.108284 -0.517885 2.259804 0.038556 1.262297 6.823711 0.214029 -1.397034 17.420117 0.046167 -0.654904 8.066290 -0.000000 0.000002 0.000005 -9.532484 0.000016 0.000000 -0.136233 -2.205094 14.998860 0.214442 -1.398348 17.436874 0.239765 -1.476510 18.446270 -0.000000 0.000001 0.000005 -9.103603 -0.043111 -1.865098 0.030598 -3.075756 20.451022 0.308449 -1.668271 20.948528 0.225819 -1.434041 17.897076 -0.000000 -0.000000 0.000002 -8.076697 -0.486740 -3.806300 0.764894 -4.877287 26.475321 0.214455 -1.398361 17.437026 0.193010 -1.328205 16.535830 0.000001 0.000001 0.000000 4.570401 11.014686 -2.160813 -0.717792 -20.249878 -16.899510 5.973805 -16.155182 -65.928538 0.000005 -1.459346 0.000005 -33.230513 -1.364887 -6.186635 2.466089 -1.576209 2.681697 -0.662910 2.160404 4.832489 11.853555 25.421641 17.058264 2.647884 -1.528753 1.528744 -13.761931 3.522390 9.039605 1.998920 -1.154078 1.154077 0.000002 -0.000001 0.000005 9.109302 -0.518009 2.259899 0.019854 -0.969579 -7.593531 0.267745 1.752596 -17.372431 0.057624 0.820631 -8.034698 -0.000000 -0.000000 0.000002 9.533395 0.000007 -0.000000 -0.076325 2.665809 -15.696833 0.268764 1.755828 -17.405520 0.300508 1.854019 -18.413336 0.000001 0.000000 0.000001 9.104487 -0.042999 -1.865101 0.136881 3.641806 -21.133505 0.386598 2.094828 -20.911884 0.283021 1.800669 -17.865005 0.000001 0.000000 0.000002 8.077793 -0.486890 -3.806300 0.927702 5.555976 -27.128017 0.269155 1.757065 -17.418212 0.241887 1.667729 -16.505888 -0.000000 -0.000000 -0.000001 -8.207801 -6.751718 -1.599544 0.596210 -10.335849 3.512264 7.510633 -8.276069 -3.186727 -3.705637 -3.193839 3.026300 -7.252614 -0.000025 -0.000002 0.000000 -0.000001 -0.000000 8.207800 -6.751717 -1.599544 -10.752602 14.548996 10.332652 12.141612 2.595133 4.138074 1.273206 0.139760 -7.119436 -4.983706 0.000012 0.000003 -0.000000 0.000001 0.000000 
-1.424596 103.377586 0.121838 -148.473231 -82.838795 -152.092112 0.000000 10.181548 0.131524 3.296973 1.543014 2.729724 1.151890 0.339449 1.552798 1.126012 0.361523 1.555887 -0.000000 16.740360 -2.049019 5.626314 -0.078941 0.454683 0.000000 9.617867 1.684975 -7.563343 1.375735 -0.080567 0.000000 22.037369 7.501073 -0.000000 -0.000000 0.000000 -4.570003 11.014878 -2.160838 2.959889 12.023758 8.926847 9.664250 32.496582 63.907580 -0.000013 6.693722 0.000009 -20.179051 -0.514125 6.782784 -2.464798 -1.573995 2.681911 -1.665237 -0.174481 -4.219036 12.710984 -29.825384 -16.130836 -2.646273 -1.527814 1.527820 -15.549438 -3.559426 -12.707138 -1.994610 -1.151581 1.151583 0.000003 -0.000005 0.000001 -9.108284 -0.517885 2.259804 0.038556 1.262297 6.823711 0.214029 -1.397034 17.420117 0.046167 -0.654904 8.066290 -0.000000 0.000002 0.000005 -9.532484 0.000016 0.000000 -0.136233 -2.205094 14.998860 0.214442 -1.398348 17.436874 0.239765 -1.476510 18.446270 -0.000000 0.000001 0.000005 -9.103603 -0.043111 -1.865098 0.030598 -3.075756 20.451022 0.308449 -1.668271 20.948528 0.225819 -1.434041 17.897076 -0.000000 -0.000000 0.000002 -8.076697 -0.486740 -3.806300 0.764894 -4.877287 26.475321 0.214455 -1.398361 17.437026 0.193010 -1.328205 16.535830 0.000001 0.000001 0.000000 4.570401 11.014686 -2.160813 -0.717792 -20.249878 -16.899510 5.973805 -16.155182 -65.928538 0.000005 -1.459346 0.000005 -33.230513 -1.364887 -6.186635 2.466089 -1.576209 2.681697 -0.662910 2.160404 4.832489 11.853555 25.421641 17.058264 2.647884 -1.528753 1.528744 -13.761931 3.522390 9.039605 1.998920 -1.154078 1.154077 0.000002 -0.000001 0.000005 9.109302 -0.518009 2.259899 0.019854 -0.969579 -7.593531 0.267745 1.752596 -17.372431 0.057624 0.820631 -8.034698 -0.000000 -0.000000 0.000002 9.533395 0.000007 -0.000000 -0.076325 2.665809 -15.696833 0.268764 1.755828 -17.405520 0.300508 1.854019 -18.413336 0.000001 0.000000 0.000001 9.104487 -0.042999 -1.865101 0.136881 3.641806 -21.133505 0.386598 2.094828 -20.911884 0.283021 1.800669 -17.865005 0.000001 0.000000 0.000002 8.077793 -0.486890 -3.806300 0.927702 5.555976 -27.128017 0.269155 1.757065 -17.418212 0.241887 1.667729 -16.505888 -0.000000 -0.000000 -0.000001 -8.207801 -6.751718 -1.599544 0.596210 -10.335849 3.512264 7.510633 -8.276069 -3.186727 -3.705637 -3.193839 3.026300 -7.252614 -0.000025 -0.000002 0.000000 -0.000001 -0.000000 8.207800 -6.751717 -1.599544 -10.752602 14.548996 10.332652 12.141612 2.595133 4.138074 1.273206 0.139760 -7.119436 -4.983706 0.000012 0.000003 -0.000000 0.000001 0.000000 
-1.424596 103.377586 0.121838 -148.473231 -82.838795 -152.092112 0.000000 10.181548 0.131524 3.296973 1.543014 2.729724 1.151890 0.339449 1.552798 1.126012 0.361523 1.555887 -0.000000 16.740360 -2.049019 5.626314 -0.078941 0.454683 0.000000 9.617867 1.684975 -7.563343 1.375735 -0.080567 0.000000 22.037369 7.501073 -0.000000 -0.000000 0.000000 -4.570003 11.014878 -2.160838 2.959889 12.023758 8.926847 9.664250 32.496582 63.907580 -0.000013 6.693722 0.000009 -20.179051 -0.514125 6.782784 -2.464798 -1.573995 2.681911 -1.665237 -0.174481 -4.219036 12.710984 -29.825384 -16.130836 -2.646273 -1.527814 1.527820 -15.549438 -3.559426 -12.707138 -1.994610 -1.151581 1.151583 0.000003 -0.000005 0.000001 -9.108284 -0.517885 2.259804 0.038556 1.262297 6.823711 0.214029 -1.397034 17.420117 0.046167 -0.654904 8.066290 -0.000000 0.000002 0.000005 -9.532484 0.000016 0.000000 -0.136233 -2.205094 14.998860 0.214442 -1.398348 17.436874 0.239765 -1.476510 18.446270 -0.000000 0.000001 0.000005 -9.103603 -0.043111 -1.865098 0.030598 -3.075756 20.451022 0.308449 -1.668271 20.948528 0.225819 -1.434041 17.897076 -0.000000 -0.000000 0.000002 -8.076697 -0.486740 -3.806300 0.764894 -4.877287 26.475321 0.214455 -1.398361 17.437026 0.193010 -1.328205 16.535830 0.000001 0.000001 0.000000 4.570401 11.014686 -2.160813 -0.717792 -20.249878 -16.899510 5.973805 -16.155182 -65.928538 0.000005 -1.459346 0.000005 -33.230513 -1.364887 -6.186635 2.466089 -1.576209 2.681697 -0.662910 2.160404 4.832489 11.853555 25.421641 17.058264 2.647884 -1.528753 1.528744 -13.761931 3.522390 9.039605 1.998920 -1.154078 1.154077 0.000002 -0.000001 0.000005 9.109302 -0.518009 2.259899 0.019854 -0.969579 -7.593531 0.267745 1.752596 -17.372431 0.057624 0.820631 -8.034698 -0.000000 -0.000000 0.000002 9.533395 0.000007 -0.000000 -0.076325 2.665809 -15.696833 0.268764 1.755828 -17.405520 0.300508 1.854019 -18.413336 0.000001 0.000000 0.000001 9.104487 -0.042999 -1.865101 0.136881 3.641806 -21.133505 0.386598 2.094828 -20.911884 0.283021 1.800669 -17.865005 0.000001 0.000000 0.000002 8.077793 -0.486890 -3.806300 0.927702 5.555976 -27.128017 0.269155 1.757065 -17.418212 0.241887 1.667729 -16.505888 -0.000000 -0.000000 -0.000001 -8.207801 -6.751718 -1.599544 0.596210 -10.335849 3.512264 7.510633 -8.276069 -3.186727 -3.705637 -3.193839 3.026300 -7.252614 -0.000025 -0.000002 0.000000 -0.000001 -0.000000 8.207800 -6.751717 -1.599544 -10.752602 14.548996 10.332652 12.141612 2.595133 4.138074 1.273206 0.139760 -7.119436 -4.983706 0.000012 0.000003 -0.000000 0.000001 0.000000 
-1.424596 103.377586 0.121838 -148.473231 -82.838795 -152.092112 0.000000 10.181548 0.131524 3.296973 1.543014 2.729724 1.151890 0.339449 1.552798 1.126012 0.361523 1.555887 -0.000000 16.740360 -2.049019 5.626314 -0.078941 0.454683 0.000000 9.617867 1.684975 -7.563343 1.375735 -0.080567 0.000000 22.037369 7.501073 -0.000000 -0.000000 0.000000 -4.570003 11.014878 -2.160838 2.959889 12.023758 8.926847 9.664250 32.496582 63.907580 -0.000013 6.693722 0.000009 -20.179051 -0.514125 6.782784 -2.464798 -1.573995 2.681911 -1.665237 -0.174481 -4.219036 12.710984 -29.825384 -16.130836 -2.646273 -1.527814 1.527820 -15.549438 -3.559426 -12.707138 -1.994610 -1.151581 1.151583 0.000003 -0.000005 0.000001 -9.108284 -0.517885 2.259804 0.038556 1.262297 6.823711 0.214029 -1.397034 17.420117 0.046167 -0.654904 8.066290 -0.000000 0.000002 0.000005 -9.532484 0.000016 0.000000 -0.136233 -2.205094 14.998860 0.214442 -1.398348 17.436874 0.239765 -1.476510 18.446270 -0.000000 0.000001 0.000005 -9.103603 -0.043111 -1.865098 0.030598 -3.075756 20.451022 0.308449 -1.668271 20.948528 0.225819 -1.434041 17.897076 -0.000000 -0.000000 0.000002 -8.076697 -0.486740 -3.806300 0.764894 -4.877287 26.475321 0.214455 -1.398361 17.437026 0.193010 -1.328205 16.535830 0.000001 0.000001 0.000000 4.570401 11.014686 -2.160813 -0.717792 -20.249878 -16.899510 5.973805 -16.155182 -65.928538 0.000005 -1.459346 0.000005 -33.230513 -1.364887 -6.186635 2.466089 -1.576209 2.681697 -0.662910 2.160404 4.832489 11.853555 25.421641 17.058264 2.647884 -1.528753 1.528744 -13.761931 3.522390 9.039605 1.998920 -1.154078 1.154077 0.000002 -0.000001 0.000005 9.109302 -0.518009 2.259899 0.019854 -0.969579 -7.593531 0.267745 1.752596 -17.372431 0.057624 0.820631 -8.034698 -0.000000 -0.000000 0.000002 9.533395 0.000007 -0.000000 -0.076325 2.665809 -15.696833 0.268764 1.755828 -17.405520 0.300508 1.854019 -18.413336 0.000001 0.000000 0.000001 9.104487 -0.042999 -1.865101 0.136881 3.641806 -21.133505 0.386598 2.094828 -20.911884 0.283021 1.800669 -17.865005 0.000001 0.000000 0.000002 8.077793 -0.486890 -3.806300 0.927702 5.555976 -27.128017 0.269155 1.757065 -17.418212 0.241887 1.667729 -16.505888 -0.000000 -0.000000 -0.000001 -8.207801 -6.751718 -1.599544 0.596210 -10.335849 3.512264 7.510633 -8.276069 -3.186727 -3.705637 -3.193839 3.026300 -7.252614 -0.000025 -0.000002 0.000000 -0.000001 -0.000000 8.207800 -6.751717 -1.599544 -10.752602 14.548996 10.332652 12.141612 2.595133 4.138074 1.273206 0.139760 -7.119436 -4.983706 0.000012 0.000003 -0.000000 0.000001 0.000000 
-1.424596 103.377586 0.121838 -148.473231 -82.838795 -152.092112 0.000000 10.181548 0.131524 3.296973 1.543014 2.729724 1.151890 0.339449 1.552798 1.126012 0.361523 1.555887 -0.000000 16.740360 -2.049019 5.626314 -0.078941 0.454683 0.000000 9.617867 1.684975 -7.563343 1.375735 -0.080567 0.000000 22.037369 7.501073 -0.000000 -0.000000 0.000000 -4.570003 11.014878 -2.160838 2.959889 12.023758 8.926847 9.664250 32.496582 63.907580 -0.000013 6.693722 0.000009 -20.179051 -0.514125 6.782784 -2.464798 -1.573995 2.681911 -1.665237 -0.174481 -4.219036 12.710984 -29.825384 -16.130836 -2.646273 -1.527814 1.527820 -15.549438 -3.559426 -12.707138 -1.994610 -1.151581 1.151583 0.000003 -0.000005 0.000001 -9.108284 -0.517885 2.259804 0.038556 1.262297 6.823711 0.214029 -1.397034 17.420117 0.046167 -0.654904 8.066290 -0.000000 0.000002 0.000005 -9.532484 0.000016 0.000000 -0.136233 -2.205094 14.998860 0.214442 -1.398348 17.436874 0.239765 -1.476510 18.446270 -0.000000 0.000001 0.000005 -9.103603 -0.043111 -1.865098 0.030598 -3.075756 20.451022 0.308449 -1.668271 20.948528 0.225819 -1.434041 17.897076 -0.000000 -0.000000 0.000002 -8.076697 -0.486740 -3.806300 0.764894 -4.877287 26.475321 0.214455 -1.398361 17.437026 0.193010 -1.328205 16.535830 0.000001 0.000001 0.000000 4.570401 11.014686 -2.160813 -0.717792 -20.249878 -16.899510 5.973805 -16.155182 -65.928538 0.000005 -1.459346 0.000005 -33.230513 -1.364887 -6.186635 2.466089 -1.576209 2.681697 -0.662910 2.160404 4.832489 11.853555 25.421641 17.058264 2.647884 -1.528753 1.528744 -13.761931 3.522390 9.039605 1.998920 -1.154078 1.154077 0.000002 -0.000001 0.000005 9.109302 -0.518009 2.259899 0.019854 -0.969579 -7.593531 0.267745 1.752596 -17.372431 0.057624 0.820631 -8.034698 -0.000000 -0.000000 0.000002 9.533395 0.000007 -0.000000 -0.076325 2.665809 -15.696833 0.268764 1.755828 -17.405520 0.300508 1.854019 -18.413336 0.000001 0.000000 0.000001 9.104487 -0.042999 -1.865101 0.136881 3.641806 -21.133505 0.386598 2.094828 -20.911884 0.283021 1.800669 -17.865005 0.000001 0.000000 0.000002 8.077793 -0.486890 -3.806300 0.927702 5.555976 -27.128017 0.269155 1.757065 -17.418212 0.241887 1.667729 -16.505888 -0.000000 -0.000000 -0.000001 -8.207801 -6.751718 -1.599544 0.596210 -10.335849 3.512264 7.510633 -8.276069 -3.186727 -3.705637 -3.193839 3.026300 -7.252614 -0.000025 -0.000002 0.000000 -0.000001 -0.000000 8.207800 -6.751717 -1.599544 -10.752602 14.548996 10.332652 12.141612 2.595133 4.138074 1.273206 0.139760 -7.119436 -4.983706 0.000012 0.000003 -0.000000 0.000001 0.000000 
-1.424596 103.377586 0.121838 -148.473231 -82.838795 -152.092112 0.000000 10.181548 0.131524 3.296973 1.543014 2.729724 1.151890 0.339449 1.552798 1.126012 0.361523 1.555887 -0.000000 16.740360 -2.049019 5.626314 -0.078941 0.454683 0.000000 9.617867 1.684975 -7.563343 1.375735 -0.080567 0.000000 22.037369 7.501073 -0.000000 -0.000000 0.000000 -4.570003 11.014878 -2.160838 2.959889 12.023758 8.926847 9.664250 32.496582 63.907580 -0.000013 6.693722 0.000009 -20.179051 -0.514125 6.782784 -2.464798 -1.573995 2.681911 -1.665237 -0.174481 -4.219036 12.710984 -29.825384 -16.130836 -2.646273 -1.527814 1.527820 -15.549438 -3.559426 -12.707138 -1.994610 -1.151581 1.151583 0.000003 -0.000005 0.000001 -9.108284 -0.517885 2.259804 0.038556 1.262297 6.823711 0.214029 -1.397034 17.420117 0.046167 -0.654904 8.066290 -0.000000 0.000002 0.000005 -9.532484 0.000016 0.000000 -0.136233 -2.205094 14.998860 0.214442 -1.398348 17.436874 0.239765 -1.476510 18.446270 -0.000000 0.000001 0.000005 -9.103603 -0.043111 -1.865098 0.030598 -3.075756 20.451022 0.308449 -1.668271 20.948528 0.225819 -1.434041 17.897076 -0.000000 -0.000000 0.000002 -8.076697 -0.486740 -3.806300 0.764894 -4.877287 26.475321 0.214455 -1.398361 17.437026 0.193010 -1.328205 16.535830 0.000001 0.000001 0.000000 4.570401 11.014686 -2.160813 -0.717792 -20.249878 -16.899510 5.973805 -16.155182 -65.928538 0.000005 -1.459346 0.000005 -33.230513 -1.364887 -6.186635 2.466089 -1.576209 2.681697 -0.662910 2.160404 4.832489 11.853555 25.421641 17.058264 2.647884 -1.528753 1.528744 -13.761931 3.522390 9.039605 1.998920 -1.154078 1.154077 0.000002 -0.000001 0.000005 9.109302 -0.518009 2.259899 0.019854 -0.969579 -7.593531 0.267745 1.752596 -17.372431 0.057624 0.820631 -8.034698 -0.000000 -0.000000 0.000002 9.533395 0.000007 -0.000000 -0.076325 2.665809 -15.696833 0.268764 1.755828 -17.405520 0.300508 1.854019 -18.413336 0.000001 0.000000 0.000001 9.104487 -0.042999 -1.865101 0.136881 3.641806 -21.133505 0.386598 2.094828 -20.911884 0.283021 1.800669 -17.865005 0.000001 0.000000 0.000002 8.077793 -0.486890 -3.806300 0.927702 5.555976 -27.128017 0.269155 1.757065 -17.418212 0.241887 1.667729 -16.505888 -0.000000 -0.000000 -0.000001 -8.207801 -6.751718 -1.599544 0.596210 -10.335849 3.512264 7.510633 -8.276069 -3.186727 -3.705637 -3.193839 3.026300 -7.252614 -0.000025 -0.000002 0.000000 -0.000001 -0.000000 8.207800 -6.751717 -1.599544 -10.752602 14.548996 10.332652 12.141612 2.595133 4.138074 1.273206 0.139760 -7.119436 -4.983706 0.000012 0.000003 -0.000000 0.000001 0.000000 
-1.424596 103.377586 0.121838 -148.473231 -82.838795 -152.092112 0.000000 10.181548 0.131524 3.296973 1.543014 2.729724 1.151890 0.339449 1.552798 1.126012 0.361523 1.555887 -0.000000 16.740360 -2.049019 5.626314 -0.078941 0.454683 0.000000 9.617867 1.684975 -7.563343 1.375735 -0.080567 0.000000 22.037369 7.501073 -0.000000 -0.000000 0.000000 -4.570003 11.014878 -2.160838 2.959889 12.023758 8.926847 9.664250 32.496582 63.907580 -0.000013 6.693722 0.000009 -20.179051 -0.514125 6.782784 -2.464798 -1.573995 2.681911 -1.665237 -0.174481 -4.219036 12.710984 -29.825384 -16.130836 -2.646273 -1.527814 1.527820 -15.549438 -3.559426 -12.707138 -1.994610 -1.151581 1.151583 0.000003 -0.000005 0.000001 -9.108284 -0.517885 2.259804 0.038556 1.262297 6.823711 0.214029 -1.397034 17.420117 0.046167 -0.654904 8.066290 -0.000000 0.000002 0.000005 -9.532484 0.000016 0.000000 -0.136233 -2.205094 14.998860 0.214442 -1.398348 17.436874 0.239765 -1.476510 18.446270 -0.000000 0.000001 0.000005 -9.103603 -0.043111 -1.865098 0.030598 -3.075756 20.451022 0.308449 -1.668271 20.948528 0.225819 -1.434041 17.897076 -0.000000 -0.000000 0.000002 -8.076697 -0.486740 -3.806300 0.764894 -4.877287 26.475321 0.214455 -1.398361 17.437026 0.193010 -1.328205 16.535830 0.000001 0.000001 0.000000 4.570401 11.014686 -2.160813 -0.717792 -20.249878 -16.899510 5.973805 -16.155182 -65.928538 0.000005 -1.459346 0.000005 -33.230513 -1.364887 -6.186635 2.466089 -1.576209 2.681697 -0.662910 2.160404 4.832489 11.853555 25.421641 17.058264 2.647884 -1.528753 1.528744 -13.761931 3.522390 9.039605 1.998920 -1.154078 1.154077 0.000002 -0.000001 0.000005 9.109302 -0.518009 2.259899 0.019854 -0.969579 -7.593531 0.267745 1.752596 -17.372431 0.057624 0.820631 -8.034698 -0.000000 -0.000000 0.000002 9.533395 0.000007 -0.000000 -0.076325 2.665809 -15.696833 0.268764 1.755828 -17.405520 0.300508 1.854019 -18.413336 0.000001 0.000000 0.000001 9.104487 -0.042999 -1.865101 0.136881 3.641806 -21.133505 0.386598 2.094828 -20.911884 0.283021 1.800669 -17.865005 0.000001 0.000000 0.000002 8.077793 -0.486890 -3.806300 0.927702 5.555976 -27.128017 0.269155 1.757065 -17.418212 0.241887 1.667729 -16.505888 -0.000000 -0.000000 -0.000001 -8.207801 -6.751718 -1.599544 0.596210 -10.335849 3.512264 7.510633 -8.276069 -3.186727 -3.705637 -3.193839 3.026300 -7.252614 -0.000025 -0.000002 0.000000 -0.000001 -0.000000 8.207800 -6.751717 -1.599544 -10.752602 14.548996 10.332652 12.141612 2.595133 4.138074 1.273206 0.139760 -7.119436 -4.983706 0.000012 0.000003 -0.000000 0.000001 0.000000 
-1.424596 103.377586 0.121838 -148.473231 -82.838795 -152.092112 0.000000 10.181548 0.131524 3.296973 1.543014 2.729724 1.151890 0.339449 1.552798 1.126012 0.361523 1.555887 -0.000000 16.740360 -2.049019 5.626314 -0.078941 0.454683 0.000000 9.617867 1.684975 -7.563343 1.375735 -0.080567 0.000000 22.037369 7.501073 -0.000000 -0.000000 0.000000 -4.570003 11.014878 -2.160838 2.959889 12.023758 8.926847 9.664250 32.496582 63.907580 -0.000013 6.693722 0.000009 -20.179051 -0.514125 6.782784 -2.464798 -1.573995 2.681911 -1.665237 -0.174481 -4.219036 12.710984 -29.825384 -16.130836 -2.646273 -1.527814 1.527820 -15.549438 -3.559426 -12.707138 -1.994610 -1.151581 1.151583 0.000003 -0.000005 0.000001 -9.108284 -0.517885 2.259804 0.038556 1.262297 6.823711 0.214029 -1.397034 17.420117 0.046167 -0.654904 8.066290 -0.000000 0.000002 0.000005 -9.532484 0.000016 0.000000 -0.136233 -2.205094 14.998860 0.214442 -1.398348 17.436874 0.239765 -1.476510 18.446270 -0.000000 0.000001 0.000005 -9.103603 -0.043111 -1.865098 0.030598 -3.075756 20.451022 0.308449 -1.668271 20.948528 0.225819 -1.434041 17.897076 -0.000000 -0.000000 0.000002 -8.076697 -0.486740 -3.806300 0.764894 -4.877287 26.475321 0.214455 -1.398361 17.437026 0.193010 -1.328205 16.535830 0.000001 0.000001 0.000000 4.570401 11.014686 -2.160813 -0.717792 -20.249878 -16.899510 5.973805 -16.155182 -65.928538 0.000005 -1.459346 0.000005 -33.230513 -1.364887 -6.186635 2.466089 -1.576209 2.681697 -0.662910 2.160404 4.832489 11.853555 25.421641 17.058264 2.647884 -1.528753 1.528744 -13.761931 3.522390 9.039605 1.998920 -1.154078 1.154077 0.000002 -0.000001 0.000005 9.109302 -0.518009 2.259899 0.019854 -0.969579 -7.593531 0.267745 1.752596 -17.372431 0.057624 0.820631 -8.034698 -0.000000 -0.000000 0.000002 9.533395 0.000007 -0.000000 -0.076325 2.665809 -15.696833 0.268764 1.755828 -17.405520 0.300508 1.854019 -18.413336 0.000001 0.000000 0.000001 9.104487 -0.042999 -1.865101 0.136881 3.641806 -21.133505 0.386598 2.094828 -20.911884 0.283021 1.800669 -17.865005 0.000001 0.000000 0.000002 8.077793 -0.486890 -3.806300 0.927702 5.555976 -27.128017 0.269155 1.757065 -17.418212 0.241887 1.667729 -16.505888 -0.000000 -0.000000 -0.000001 -8.207801 -6.751718 -1.599544 0.596210 -10.335849 3.512264 7.510633 -8.276069 -3.186727 -3.705637 -3.193839 3.026300 -7.252614 -0.000025 -0.000002 0.000000 -0.000001 -0.000000 8.207800 -6.751717 -1.599544 -10.752602 14.548996 10.332652 12.141612 2.595133 4.138074 1.273206 0.139760 -7.119436 -4.983706 0.000012 0.000003 -0.000000 0.000001 0.000000 
-1.424596 103.377586 0.121838 -148.473231 -82.838795 -152.092112 0.000000 10.181548 0.131524 3.296973 1.543014 2.729724 1.151890 0.339449 1.552798 1.126012 0.361523 1.555887 -0.000000 16.740360 -2.049019 5.626314 -0.078941 0.454683 0.000000 9.617867 1.684975 -7.563343 1.375735 -0.080567 0.000000 22.037369 7.501073 -0.000000 -0.000000 0.000000 -4.570003 11.014878 -2.160838 2.959889 12.023758 8.926847 9.664250 32.496582 63.907580 -0.000013 6.693722 0.000009 -20.179051 -0.514125 6.782784 -2.464798 -1.573995 2.681911 -1.665237 -0.174481 -4.219036 12.710984 -29.825384 -16.130836 -2.646273 -1.527814 1.527820 -15.549438 -3.559426 -12.707138 -1.994610 -1.151581 1.151583 0.000003 -0.000005 0.000001 -9.108284 -0.517885 2.259804 0.038556 1.262297 6.823711 0.214029 -1.397034 17.420117 0.046167 -0.654904 8.066290 -0.000000 0.000002 0.000005 -9.532484 0.000016 0.000000 -0.136233 -2.205094 14.998860 0.214442 -1.398348 17.436874 0.239765 -1.476510 18.446270 -0.000000 0.000001 0.000005 -9.103603 -0.043111 -1.865098 0.030598 -3.075756 20.451022 0.308449 -1.668271 20.948528 0.225819 -1.434041 17.897076 -0.000000 -0.000000 0.000002 -8.076697 -0.486740 -3.806300 0.764894 -4.877287 26.475321 0.214455 -1.398361 17.437026 0.193010 -1.328205 16.535830 0.000001 0.000001 0.000000 4.570401 11.014686 -2.160813 -0.717792 -20.249878 -16.899510 5.973805 -16.155182 -65.928538 0.000005 -1.459346 0.000005 -33.230513 -1.364887 -6.186635 2.466089 -1.576209 2.681697 -0.662910 2.160404 4.832489 11.853555 25.421641 17.058264 2.647884 -1.528753 1.528744 -13.761931 3.522390 9.039605 1.998920 -1.154078 1.154077 0.000002 -0.000001 0.000005 9.109302 -0.518009 2.259899 0.019854 -0.969579 -7.593531 0.267745 1.752596 -17.372431 0.057624 0.820631 -8.034698 -0.000000 -0.000000 0.000002 9.533395 0.000007 -0.000000 -0.076325 2.665809 -15.696833 0.268764 1.755828 -17.405520 0.300508 1.854019 -18.413336 0.000001 0.000000 0.000001 9.104487 -0.042999 -1.865101 0.136881 3.641806 -21.133505 0.386598 2.094828 -20.911884 0.283021 1.800669 -17.865005 0.000001 0.000000 0.000002 8.077793 -0.486890 -3.806300 0.927702 5.555976 -27.128017 0.269155 1.757065 -17.418212 0.241887 1.667729 -16.505888 -0.000000 -0.000000 -0.000001 -8.207801 -6.751718 -1.599544 0.596210 -10.335849 3.512264 7.510633 -8.276069 -3.186727 -3.705637 -3.193839 3.026300 -7.252614 -0.000025 -0.000002 0.000000 -0.000001 -0.000000 8.207800 -6.751717 -1.599544 -10.752602 14.548996 10.332652 12.141612 2.595133 4.138074 1.273206 0.139760 -7.119436 -4.983706 0.000012 0.000003 -0.000000 0.000001 0.000000 
-1.424596 103.377586 0.121838 -148.473231 -82.838795 -152.092112 0.000000 10.181548 0.131524 3.296973 1.543014 2.729724 1.151890 0.339449 1.552798 1.126012 0.361523 1.555887 -0.000000 16.740360 -2.049019 5.626314 -0.078941 0.454683 0.000000 9.617867 1.684975 -7.563343 1.375735 -0.080567 0.000000 22.037369 7.501073 -0.000000 -0.000000 0.000000 -4.570003 11.014878 -2.160838 2.959889 12.023758 8.926847 9.664250 32.496582 63.907580 -0.000013 6.693722 0.000009 -20.179051 -0.514125 6.782784 -2.464798 -1.573995 2.681911 -1.665237 -0.174481 -4.219036 12.710984 -29.825384 -16.130836 -2.646273 -1.527814 1.527820 -15.549438 -3.559426 -12.707138 -1.994610 -1.151581 1.151583 0.000003 -0.000005 0.000001 -9.108284 -0.517885 2.259804 0.038556 1.262297 6.823711 0.214029 -1.397034 17.420117 0.046167 -0.654904 8.066290 -0.000000 0.000002 0.000005 -9.532484 0.000016 0.000000 -0.136233 -2.205094 14.998860 0.214442 -1.398348 17.436874 0.239765 -1.476510 18.446270 -0.000000 0.000001 0.000005 -9.103603 -0.043111 -1.865098 0.030598 -3.075756 20.451022 0.308449 -1.668271 20.948528 0.225819 -1.434041 17.897076 -0.000000 -0.000000 0.000002 -8.076697 -0.486740 -3.806300 0.764894 -4.877287 26.475321 0.214455 -1.398361 17.437026 0.193010 -1.328205 16.535830 0.000001 0.000001 0.000000 4.570401 11.014686 -2.160813 -0.717792 -20.249878 -16.899510 5.973805 -16.155182 -65.928538 0.000005 -1.459346 0.000005 -33.230513 -1.364887 -6.186635 2.466089 -1.576209 2.681697 -0.662910 2.160404 4.832489 11.853555 25.421641 17.058264 2.647884 -1.528753 1.528744 -13.761931 3.522390 9.039605 1.998920 -1.154078 1.154077 0.000002 -0.000001 0.000005 9.109302 -0.518009 2.259899 0.019854 -0.969579 -7.593531 0.267745 1.752596 -17.372431 0.057624 0.820631 -8.034698 -0.000000 -0.000000 0.000002 9.533395 0.000007 -0.000000 -0.076325 2.665809 -15.696833 0.268764 1.755828 -17.405520 0.300508 1.854019 -18.413336 0.000001 0.000000 0.000001 9.104487 -0.042999 -1.865101 0.136881 3.641806 -21.133505 0.386598 2.094828 -20.911884 0.283021 1.800669 -17.865005 0.000001 0.000000 0.000002 8.077793 -0.486890 -3.806300 0.927702 5.555976 -27.128017 0.269155 1.757065 -17.418212 0.241887 1.667729 -16.505888 -0.000000 -0.000000 -0.000001 -8.207801 -6.751718 -1.599544 0.596210 -10.335849 3.512264 7.510633 -8.276069 -3.186727 -3.705637 -3.193839 3.026300 -7.252614 -0.000025 -0.000002 0.000000 -0.000001 -0.000000 8.207800 -6.751717 -1.599544 -10.752602 14.548996 10.332652 12.141612 2.595133 4.138074 1.273206 0.139760 -7.119436 -4.983706 0.000012 0.000003 -0.000000 0.000001 0.000000 
-1.424596 103.377586 0.121838 -148.473231 -82.838795 -152.092112 0.000000 10.181548 0.131524 3.296973 1.543014 2.729724 1.151890 0.339449 1.552798 1.126012 0.361523 1.555887 -0.000000 16.740360 -2.049019 5.626314 -0.078941 0.454683 0.000000 9.617867 1.684975 -7.563343 1.375735 -0.080567 0.000000 22.037369 7.501073 -0.000000 -0.000000 0.000000 -4.570003 11.014878 -2.160838 2.959889 12.023758 8.926847 9.664250 32.496582 63.907580 -0.000013 6.693722 0.000009 -20.179051 -0.514125 6.782784 -2.464798 -1.573995 2.681911 -1.665237 -0.174481 -4.219036 12.710984 -29.825384 -16.130836 -2.646273 -1.527814 1.527820 -15.549438 -3.559426 -12.707138 -1.994610 -1.151581 1.151583 0.000003 -0.000005 0.000001 -9.108284 -0.517885 2.259804 0.038556 1.262297 6.823711 0.214029 -1.397034 17.420117 0.046167 -0.654904 8.066290 -0.000000 0.000002 0.000005 -9.532484 0.000016 0.000000 -0.136233 -2.205094 14.998860 0.214442 -1.398348 17.436874 0.239765 -1.476510 18.446270 -0.000000 0.000001 0.000005 -9.103603 -0.043111 -1.865098 0.030598 -3.075756 20.451022 0.308449 -1.668271 20.948528 0.225819 -1.434041 17.897076 -0.000000 -0.000000 0.000002 -8.076697 -0.486740 -3.806300 0.764894 -4.877287 26.475321 0.214455 -1.398361 17.437026 0.193010 -1.328205 16.535830 0.000001 0.000001 0.000000 4.570401 11.014686 -2.160813 -0.717792 -20.249878 -16.899510 5.973805 -16.155182 -65.928538 0.000005 -1.459346 0.000005 -33.230513 -1.364887 -6.186635 2.466089 -1.576209 2.681697 -0.662910 2.160404 4.832489 11.853555 25.421641 17.058264 2.647884 -1.528753 1.528744 -13.761931 3.522390 9.039605 1.998920 -1.154078 1.154077 0.000002 -0.000001 0.000005 9.109302 -0.518009 2.259899 0.019854 -0.969579 -7.593531 0.267745 1.752596 -17.372431 0.057624 0.820631 -8.034698 -0.000000 -0.000000 0.000002 9.533395 0.000007 -0.000000 -0.076325 2.665809 -15.696833 0.268764 1.755828 -17.405520 0.300508 1.854019 -18.413336 0.000001 0.000000 0.000001 9.104487 -0.042999 -1.865101 0.136881 3.641806 -21.133505 0.386598 2.094828 -20.911884 0.283021 1.800669 -17.865005 0.000001 0.000000 0.000002 8.077793 -0.486890 -3.806300 0.927702 5.555976 -27.128017 0.269155 1.757065 -17.418212 0.241887 1.667729 -16.505888 -0.000000 -0.000000 -0.000001 -8.207801 -6.751718 -1.599544 0.596210 -10.335849 3.512264 7.510633 -8.276069 -3.186727 -3.705637 -3.193839 3.026300 -7.252614 -0.000025 -0.000002 0.000000 -0.000001 -0.000000 8.207800 -6.751717 -1.599544 -10.752602 14.548996 10.332652 12.141612 2.595133 4.138074 1.273206 0.139760 -7.119436 -4.983706 0.000012 0.000003 -0.000000 0.000001 0.000000 
-1.424596 103.377586 0.121838 -148.473231 -82.838795 -152.092112 0.000000 10.181548 0.131524 3.296973 1.543014 2.729724 1.151890 0.339449 1.552798 1.126012 0.361523 1.555887 -0.000000 16.740360 -2.049019 5.626314 -0.078941 0.454683 0.000000 9.617867 1.684975 -7.563343 1.375735 -0.080567 0.000000 22.037369 7.501073 -0.000000 -0.000000 0.000000 -4.570003 11.014878 -2.160838 2.959889 12.023758 8.926847 9.664250 32.496582 63.907580 -0.000013 6.693722 0.000009 -20.179051 -0.514125 6.782784 -2.464798 -1.573995 2.681911 -1.665237 -0.174481 -4.219036 12.710984 -29.825384 -16.130836 -2.646273 -1.527814 1.527820 -15.549438 -3.559426 -12.707138 -1.994610 -1.151581 1.151583 0.000003 -0.000005 0.000001 -9.108284 -0.517885 2.259804 0.038556 1.262297 6.823711 0.214029 -1.397034 17.420117 0.046167 -0.654904 8.066290 -0.000000 0.000002 0.000005 -9.532484 0.000016 0.000000 -0.136233 -2.205094 14.998860 0.214442 -1.398348 17.436874 0.239765 -1.476510 18.446270 -0.000000 0.000001 0.000005 -9.103603 -0.043111 -1.865098 0.030598 -3.075756 20.451022 0.308449 -1.668271 20.948528 0.225819 -1.434041 17.897076 -0.000000 -0.000000 0.000002 -8.076697 -0.486740 -3.806300 0.764894 -4.877287 26.475321 0.214455 -1.398361 17.437026 0.193010 -1.328205 16.535830 0.000001 0.000001 0.000000 4.570401 11.014686 -2.160813 -0.717792 -20.249878 -16.899510 5.973805 -16.155182 -65.928538 0.000005 -1.459346 0.000005 -33.230513 -1.364887 -6.186635 2.466089 -1.576209 2.681697 -0.662910 2.160404 4.832489 11.853555 25.421641 17.058264 2.647884 -1.528753 1.528744 -13.761931 3.522390 9.039605 1.998920 -1.154078 1.154077 0.000002 -0.000001 0.000005 9.109302 -0.518009 2.259899 0.019854 -0.969579 -7.593531 0.267745 1.752596 -17.372431 0.057624 0.820631 -8.034698 -0.000000 -0.000000 0.000002 9.533395 0.000007 -0.000000 -0.076325 2.665809 -15.696833 0.268764 1.755828 -17.405520 0.300508 1.854019 -18.413336 0.000001 0.000000 0.000001 9.104487 -0.042999 -1.865101 0.136881 3.641806 -21.133505 0.386598 2.094828 -20.911884 0.283021 1.800669 -17.865005 0.000001 0.000000 0.000002 8.077793 -0.486890 -3.806300 0.927702 5.555976 -27.128017 0.269155 1.757065 -17.418212 0.241887 1.667729 -16.505888 -0.000000 -0.000000 -0.000001 -8.207801 -6.751718 -1.599544 0.596210 -10.335849 3.512264 7.510633 -8.276069 -3.186727 -3.705637 -3.193839 3.026300 -7.252614 -0.000025 -0.000002 0.000000 -0.000001 -0.000000 8.207800 -6.751717 -1.599544 -10.752602 14.548996 10.332652 12.141612 2.595133 4.138074 1.273206 0.139760 -7.119436 -4.983706 0.000012 0.000003 -0.000000 0.000001 0.000000 
-1.424596 103.377586 0.121838 -148.473231 -82.838795 -152.092112 0.000000 10.181548 0.131524 3.296973 1.543014 2.729724 1.151890 0.339449 1.552798 1.126012 0.361523 1.555887 -0.000000 16.740360 -2.049019 5.626314 -0.078941 0.454683 0.000000 9.617867 1.684975 -7.563343 1.375735 -0.080567 0.000000 22.037369 7.501073 -0.000000 -0.000000 0.000000 -4.570003 11.014878 -2.160838 2.959889 12.023758 8.926847 9.664250 32.496582 63.907580 -0.000013 6.693722 0.000009 -20.179051 -0.514125 6.782784 -2.464798 -1.573995 2.681911 -1.665237 -0.174481 -4.219036 12.710984 -29.825384 -16.130836 -2.646273 -1.527814 1.527820 -15.549438 -3.559426 -12.707138 -1.994610 -1.151581 1.151583 0.000003 -0.000005 0.000001 -9.108284 -0.517885 2.259804 0.038556 1.262297 6.823711 0.214029 -1.397034 17.420117 0.046167 -0.654904 8.066290 -0.000000 0.000002 0.000005 -9.532484 0.000016 0.000000 -0.136233 -2.205094 14.998860 0.214442 -1.398348 17.436874 0.239765 -1.476510 18.446270 -0.000000 0.000001 0.000005 -9.103603 -0.043111 -1.865098 0.030598 -3.075756 20.451022 0.308449 -1.668271 20.948528 0.225819 -1.434041 17.897076 -0.000000 -0.000000 0.000002 -8.076697 -0.486740 -3.806300 0.764894 -4.877287 26.475321 0.214455 -1.398361 17.437026 0.193010 -1.328205 16.535830 0.000001 0.000001 0.000000 4.570401 11.014686 -2.160813 -0.717792 -20.249878 -16.899510 5.973805 -16.155182 -65.928538 0.000005 -1.459346 0.000005 -33.230513 -1.364887 -6.186635 2.466089 -1.576209 2.681697 -0.662910 2.160404 4.832489 11.853555 25.421641 17.058264 2.647884 -1.528753 1.528744 -13.761931 3.522390 9.039605 1.998920 -1.154078 1.154077 0.000002 -0.000001 0.000005 9.109302 -0.518009 2.259899 0.019854 -0.969579 -7.593531 0.267745 1.752596 -17.372431 0.057624 0.820631 -8.034698 -0.000000 -0.000000 0.000002 9.533395 0.000007 -0.000000 -0.076325 2.665809 -15.696833 0.268764 1.755828 -17.405520 0.300508 1.854019 -18.413336 0.000001 0.000000 0.000001 9.104487 -0.042999 -1.865101 0.136881 3.641806 -21.133505 0.386598 2.094828 -20.911884 0.283021 1.800669 -17.865005 0.000001 0.000000 0.000002 8.077793 -0.486890 -3.806300 0.927702 5.555976 -27.128017 0.269155 1.757065 -17.418212 0.241887 1.667729 -16.505888 -0.000000 -0.000000 -0.000001 -8.207801 -6.751718 -1.599544 0.596210 -10.335849 3.512264 7.510633 -8.276069 -3.186727 -3.705637 -3.193839 3.026300 -7.252614 -0.000025 -0.000002 0.000000 -0.000001 -0.000000 8.207800 -6.751717 -1.599544 -10.752602 14.548996 10.332652 12.141612 2.595133 4.138074 1.273206 0.139760 -7.119436 -4.983706 0.000012 0.000003 -0.000000 0.000001 0.000000 
-1.424596 103.377586 0.121838 -148.473231 -82.838795 -152.092112 0.000000 10.181548 0.131524 3.296973 1.543014 2.729724 1.151890 0.339449 1.552798 1.126012 0.361523 1.555887 -0.000000 16.740360 -2.049019 5.626314 -0.078941 0.454683 0.000000 9.617867 1.684975 -7.563343 1.375735 -0.080567 0.000000 22.037369 7.501073 -0.000000 -0.000000 0.000000 -4.570003 11.014878 -2.160838 2.959889 12.023758 8.926847 9.664250 32.496582 63.907580 -0.000013 6.693722 0.000009 -20.179051 -0.514125 6.782784 -2.464798 -1.573995 2.681911 -1.665237 -0.174481 -4.219036 12.710984 -29.825384 -16.130836 -2.646273 -1.527814 1.527820 -15.549438 -3.559426 -12.707138 -1.994610 -1.151581 1.151583 0.000003 -0.000005 0.000001 -9.108284 -0.517885 2.259804 0.038556 1.262297 6.823711 0.214029 -1.397034 17.420117 0.046167 -0.654904 8.066290 -0.000000 0.000002 0.000005 -9.532484 0.000016 0.000000 -0.136233 -2.205094 14.998860 0.214442 -1.398348 17.436874 0.239765 -1.476510 18.446270 -0.000000 0.000001 0.000005 -9.103603 -0.043111 -1.865098 0.030598 -3.075756 20.451022 0.308449 -1.668271 20.948528 0.225819 -1.434041 17.897076 -0.000000 -0.000000 0.000002 -8.076697 -0.486740 -3.806300 0.764894 -4.877287 26.475321 0.214455 -1.398361 17.437026 0.193010 -1.328205 16.535830 0.000001 0.000001 0.000000 4.570401 11.014686 -2.160813 -0.717792 -20.249878 -16.899510 5.973805 -16.155182 -65.928538 0.000005 -1.459346 0.000005 -33.230513 -1.364887 -6.186635 2.466089 -1.576209 2.681697 -0.662910 2.160404 4.832489 11.853555 25.421641 17.058264 2.647884 -1.528753 1.528744 -13.761931 3.522390 9.039605 1.998920 -1.154078 1.154077 0.000002 -0.000001 0.000005 9.109302 -0.518009 2.259899 0.019854 -0.969579 -7.593531 0.267745 1.752596 -17.372431 0.057624 0.820631 -8.034698 -0.000000 -0.000000 0.000002 9.533395 0.000007 -0.000000 -0.076325 2.665809 -15.696833 0.268764 1.755828 -17.405520 0.300508 1.854019 -18.413336 0.000001 0.000000 0.000001 9.104487 -0.042999 -1.865101 0.136881 3.641806 -21.133505 0.386598 2.094828 -20.911884 0.283021 1.800669 -17.865005 0.000001 0.000000 0.000002 8.077793 -0.486890 -3.806300 0.927702 5.555976 -27.128017 0.269155 1.757065 -17.418212 0.241887 1.667729 -16.505888 -0.000000 -0.000000 -0.000001 -8.207801 -6.751718 -1.599544 0.596210 -10.335849 3.512264 7.510633 -8.276069 -3.186727 -3.705637 -3.193839 3.026300 -7.252614 -0.000025 -0.000002 0.000000 -0.000001 -0.000000 8.207800 -6.751717 -1.599544 -10.752602 14.548996 10.332652 12.141612 2.595133 4.138074 1.273206 0.139760 -7.119436 -4.983706 0.000012 0.000003 -0.000000 0.000001 0.000000 
-1.424596 103.377586 0.121838 -148.473231 -82.838795 -152.092112 0.000000 10.181548 0.131524 3.296973 1.543014 2.729724 1.151890 0.339449 1.552798 1.126012 0.361523 1.555887 -0.000000 16.740360 -2.049019 5.626314 -0.078941 0.454683 0.000000 9.617867 1.684975 -7.563343 1.375735 -0.080567 0.000000 22.037369 7.501073 -0.000000 -0.000000 0.000000 -4.570003 11.014878 -2.160838 2.959889 12.023758 8.926847 9.664250 32.496582 63.907580 -0.000013 6.693722 0.000009 -20.179051 -0.514125 6.782784 -2.464798 -1.573995 2.681911 -1.665237 -0.174481 -4.219036 12.710984 -29.825384 -16.130836 -2.646273 -1.527814 1.527820 -15.549438 -3.559426 -12.707138 -1.994610 -1.151581 1.151583 0.000003 -0.000005 0.000001 -9.108284 -0.517885 2.259804 0.038556 1.262297 6.823711 0.214029 -1.397034 17.420117 0.046167 -0.654904 8.066290 -0.000000 0.000002 0.000005 -9.532484 0.000016 0.000000 -0.136233 -2.205094 14.998860 0.214442 -1.398348 17.436874 0.239765 -1.476510 18.446270 -0.000000 0.000001 0.000005 -9.103603 -0.043111 -1.865098 0.030598 -3.075756 20.451022 0.308449 -1.668271 20.948528 0.225819 -1.434041 17.897076 -0.000000 -0.000000 0.000002 -8.076697 -0.486740 -3.806300 0.764894 -4.877287 26.475321 0.214455 -1.398361 17.437026 0.193010 -1.328205 16.535830 0.000001 0.000001 0.000000 4.570401 11.014686 -2.160813 -0.717792 -20.249878 -16.899510 5.973805 -16.155182 -65.928538 0.000005 -1.459346 0.000005 -33.230513 -1.364887 -6.186635 2.466089 -1.576209 2.681697 -0.662910 2.160404 4.832489 11.853555 25.421641 17.058264 2.647884 -1.528753 1.528744 -13.761931 3.522390 9.039605 1.998920 -1.154078 1.154077 0.000002 -0.000001 0.000005 9.109302 -0.518009 2.259899 0.019854 -0.969579 -7.593531 0.267745 1.752596 -17.372431 0.057624 0.820631 -8.034698 -0.000000 -0.000000 0.000002 9.533395 0.000007 -0.000000 -0.076325 2.665809 -15.696833 0.268764 1.755828 -17.405520 0.300508 1.854019 -18.413336 0.000001 0.000000 0.000001 9.104487 -0.042999 -1.865101 0.136881 3.641806 -21.133505 0.386598 2.094828 -20.911884 0.283021 1.800669 -17.865005 0.000001 0.000000 0.000002 8.077793 -0.486890 -3.806300 0.927702 5.555976 -27.128017 0.269155 1.757065 -17.418212 0.241887 1.667729 -16.505888 -0.000000 -0.000000 -0.000001 -8.207801 -6.751718 -1.599544 0.596210 -10.335849 3.512264 7.510633 -8.276069 -3.186727 -3.705637 -3.193839 3.026300 -7.252614 -0.000025 -0.000002 0.000000 -0.000001 -0.000000 8.207800 -6.751717 -1.599544 -10.752602 14.548996 10.332652 12.141612 2.595133 4.138074 1.273206 0.139760 -7.119436 -4.983706 0.000012 0.000003 -0.000000 0.000001 0.000000 
-1.424596 103.377586 0.121838 -148.473231 -82.838795 -152.092112 0.000000 10.181548 0.131524 3.296973 1.543014 2.729724 1.151890 0.339449 1.552798 1.126012 0.361523 1.555887 -0.000000 16.740360 -2.049019 5.626314 -0.078941 0.454683 0.000000 9.617867 1.684975 -7.563343 1.375735 -0.080567 0.000000 22.037369 7.501073 -0.000000 -0.000000 0.000000 -4.570003 11.014878 -2.160838 2.959889 12.023758 8.926847 9.664250 32.496582 63.907580 -0.000013 6.693722 0.000009 -20.179051 -0.514125 6.782784 -2.464798 -1.573995 2.681911 -1.665237 -0.174481 -4.219036 12.710984 -29.825384 -16.130836 -2.646273 -1.527814 1.527820 -15.549438 -3.559426 -12.707138 -1.994610 -1.151581 1.151583 0.000003 -0.000005 0.000001 -9.108284 -0.517885 2.259804 0.038556 1.262297 6.823711 0.214029 -1.397034 17.420117 0.046167 -0.654904 8.066290 -0.000000 0.000002 0.000005 -9.532484 0.000016 0.000000 -0.136233 -2.205094 14.998860 0.214442 -1.398348 17.436874 0.239765 -1.476510 18.446270 -0.000000 0.000001 0.000005 -9.103603 -0.043111 -1.865098 0.030598 -3.075756 20.451022 0.308449 -1.668271 20.948528 0.225819 -1.434041 17.897076 -0.000000 -0.000000 0.000002 -8.076697 -0.486740 -3.806300 0.764894 -4.877287 26.475321 0.214455 -1.398361 17.437026 0.193010 -1.328205 16.535830 0.000001 0.000001 0.000000 4.570401 11.014686 -2.160813 -0.717792 -20.249878 -16.899510 5.973805 -16.155182 -65.928538 0.000005 -1.459346 0.000005 -33.230513 -1.364887 -6.186635 2.466089 -1.576209 2.681697 -0.662910 2.160404 4.832489 11.853555 25.421641 17.058264 2.647884 -1.528753 1.528744 -13.761931 3.522390 9.039605 1.998920 -1.154078 1.154077 0.000002 -0.000001 0.000005 9.109302 -0.518009 2.259899 0.019854 -0.969579 -7.593531 0.267745 1.752596 -17.372431 0.057624 0.820631 -8.034698 -0.000000 -0.000000 0.000002 9.533395 0.000007 -0.000000 -0.076325 2.665809 -15.696833 0.268764 1.755828 -17.405520 0.300508 1.854019 -18.413336 0.000001 0.000000 0.000001 9.104487 -0.042999 -1.865101 0.136881 3.641806 -21.133505 0.386598 2.094828 -20.911884 0.283021 1.800669 -17.865005 0.000001 0.000000 0.000002 8.077793 -0.486890 -3.806300 0.927702 5.555976 -27.128017 0.269155 1.757065 -17.418212 0.241887 1.667729 -16.505888 -0.000000 -0.000000 -0.000001 -8.207801 -6.751718 -1.599544 0.596210 -10.335849 3.512264 7.510633 -8.276069 -3.186727 -3.705637 -3.193839 3.026300 -7.252614 -0.000025 -0.000002 0.000000 -0.000001 -0.000000 8.207800 -6.751717 -1.599544 -10.752602 14.548996 10.332652 12.141612 2.595133 4.138074 1.273206 0.139760 -7.119436 -4.983706 0.000012 0.000003 -0.000000 0.000001 0.000000 
-1.424596 103.377586 0.121838 -148.473231 -82.838795 -152.092112 0.000000 10.181548 0.131524 3.296973 1.543014 2.729724 1.151890 0.339449 1.552798 1.126012 0.361523 1.555887 -0.000000 16.740360 -2.049019 5.626314 -0.078941 0.454683 0.000000 9.617867 1.684975 -7.563343 1.375735 -0.080567 0.000000 22.037369 7.501073 -0.000000 -0.000000 0.000000 -4.570003 11.014878 -2.160838 2.959889 12.023758 8.926847 9.664250 32.496582 63.907580 -0.000013 6.693722 0.000009 -20.179051 -0.514125 6.782784 -2.464798 -1.573995 2.681911 -1.665237 -0.174481 -4.219036 12.710984 -29.825384 -16.130836 -2.646273 -1.527814 1.527820 -15.549438 -3.559426 -12.707138 -1.994610 -1.151581 1.151583 0.000003 -0.000005 0.000001 -9.108284 -0.517885 2.259804 0.038556 1.262297 6.823711 0.214029 -1.397034 17.420117 0.046167 -0.654904 8.066290 -0.000000 0.000002 0.000005 -9.532484 0.000016 0.000000 -0.136233 -2.205094 14.998860 0.214442 -1.398348 17.436874 0.239765 -1.476510 18.446270 -0.000000 0.000001 0.000005 -9.103603 -0.043111 -1.865098 0.030598 -3.075756 20.451022 0.308449 -1.668271 20.948528 0.225819 -1.434041 17.897076 -0.000000 -0.000000 0.000002 -8.076697 -0.486740 -3.806300 0.764894 -4.877287 26.475321 0.214455 -1.398361 17.437026 0.193010 -1.328205 16.535830 0.000001 0.000001 0.000000 4.570401 11.014686 -2.160813 -0.717792 -20.249878 -16.899510 5.973805 -16.155182 -65.928538 0.000005 -1.459346 0.000005 -33.230513 -1.364887 -6.186635 2.466089 -1.576209 2.681697 -0.662910 2.160404 4.832489 11.853555 25.421641 17.058264 2.647884 -1.528753 1.528744 -13.761931 3.522390 9.039605 1.998920 -1.154078 1.154077 0.000002 -0.000001 0.000005 9.109302 -0.518009 2.259899 0.019854 -0.969579 -7.593531 0.267745 1.752596 -17.372431 0.057624 0.820631 -8.034698 -0.000000 -0.000000 0.000002 9.533395 0.000007 -0.000000 -0.076325 2.665809 -15.696833 0.268764 1.755828 -17.405520 0.300508 1.854019 -18.413336 0.000001 0.000000 0.000001 9.104487 -0.042999 -1.865101 0.136881 3.641806 -21.133505 0.386598 2.094828 -20.911884 0.283021 1.800669 -17.865005 0.000001 0.000000 0.000002 8.077793 -0.486890 -3.806300 0.927702 5.555976 -27.128017 0.269155 1.757065 -17.418212 0.241887 1.667729 -16.505888 -0.000000 -0.000000 -0.000001 -8.207801 -6.751718 -1.599544 0.596210 -10.335849 3.512264 7.510633 -8.276069 -3.186727 -3.705637 -3.193839 3.026300 -7.252614 -0.000025 -0.000002 0.000000 -0.000001 -0.000000 8.207800 -6.751717 -1.599544 -10.752602 14.548996 10.332652 12.141612 2.595133 4.138074 1.273206 0.139760 -7.119436 -4.983706 0.000012 0.000003 -0.000000 0.000001 0.000000 
-1.424596 103.377586 0.121838 -148.473231 -82.838795 -152.092112 0.000000 10.181548 0.131524 3.296973 1.543014 2.729724 1.151890 0.339449 1.552798 1.126012 0.361523 1.555887 -0.000000 16.740360 -2.049019 5.626314 -0.078941 0.454683 0.000000 9.617867 1.684975 -7.563343 1.375735 -0.080567 0.000000 22.037369 7.501073 -0.000000 -0.000000 0.000000 -4.570003 11.014878 -2.160838 2.959889 12.023758 8.926847 9.664250 32.496582 63.907580 -0.000013 6.693722 0.000009 -20.179051 -0.514125 6.782784 -2.464798 -1.573995 2.681911 -1.665237 -0.174481 -4.219036 12.710984 -29.825384 -16.130836 -2.646273 -1.527814 1.527820 -15.549438 -3.559426 -12.707138 -1.994610 -1.151581 1.151583 0.000003 -0.000005 0.000001 -9.108284 -0.517885 2.259804 0.038556 1.262297 6.823711 0.214029 -1.397034 17.420117 0.046167 -0.654904 8.066290 -0.000000 0.000002 0.000005 -9.532484 0.000016 0.000000 -0.136233 -2.205094 14.998860 0.214442 -1.398348 17.436874 0.239765 -1.476510 18.446270 -0.000000 0.000001 0.000005 -9.103603 -0.043111 -1.865098 0.030598 -3.075756 20.451022 0.308449 -1.668271 20.948528 0.225819 -1.434041 17.897076 -0.000000 -0.000000 0.000002 -8.076697 -0.486740 -3.806300 0.764894 -4.877287 26.475321 0.214455 -1.398361 17.437026 0.193010 -1.328205 16.535830 0.000001 0.000001 0.000000 4.570401 11.014686 -2.160813 -0.717792 -20.249878 -16.899510 5.973805 -16.155182 -65.928538 0.000005 -1.459346 0.000005 -33.230513 -1.364887 -6.186635 2.466089 -1.576209 2.681697 -0.662910 2.160404 4.832489 11.853555 25.421641 17.058264 2.647884 -1.528753 1.528744 -13.761931 3.522390 9.039605 1.998920 -1.154078 1.154077 0.000002 -0.000001 0.000005 9.109302 -0.518009 2.259899 0.019854 -0.969579 -7.593531 0.267745 1.752596 -17.372431 0.057624 0.820631 -8.034698 -0.000000 -0.000000 0.000002 9.533395 0.000007 -0.000000 -0.076325 2.665809 -15.696833 0.268764 1.755828 -17.405520 0.300508 1.854019 -18.413336 0.000001 0.000000 0.000001 9.104487 -0.042999 -1.865101 0.136881 3.641806 -21.133505 0.386598 2.094828 -20.911884 0.283021 1.800669 -17.865005 0.000001 0.000000 0.000002 8.077793 -0.486890 -3.806300 0.927702 5.555976 -27.128017 0.269155 1.757065 -17.418212 0.241887 1.667729 -16.505888 -0.000000 -0.000000 -0.000001 -8.207801 -6.751718 -1.599544 0.596210 -10.335849 3.512264 7.510633 -8.276069 -3.186727 -3.705637 -3.193839 3.026300 -7.252614 -0.000025 -0.000002 0.000000 -0.000001 -0.000000 8.207800 -6.751717 -1.599544 -10.752602 14.548996 10.332652 12.141612 2.595133 4.138074 1.273206 0.139760 -7.119436 -4.983706 0.000012 0.000003 -0.000000 0.000001 0.000000 
-1.424596 103.377586 0.121838 -148.473231 -82.838795 -152.092112 0.000000 10.181548 0.131524 3.296973 1.543014 2.729724 1.151890 0.339449 1.552798 1.126012 0.361523 1.555887 -0.000000 16.740360 -2.049019 5.626314 -0.078941 0.454683 0.000000 9.617867 1.684975 -7.563343 1.375735 -0.080567 0.000000 22.037369 7.501073 -0.000000 -0.000000 0.000000 -4.570003 11.014878 -2.160838 2.959889 12.023758 8.926847 9.664250 32.496582 63.907580 -0.000013 6.693722 0.000009 -20.179051 -0.514125 6.782784 -2.464798 -1.573995 2.681911 -1.665237 -0.174481 -4.219036 12.710984 -29.825384 -16.130836 -2.646273 -1.527814 1.527820 -15.549438 -3.559426 -12.707138 -1.994610 -1.151581 1.151583 0.000003 -0.000005 0.000001 -9.108284 -0.517885 2.259804 0.038556 1.262297 6.823711 0.214029 -1.397034 17.420117 0.046167 -0.654904 8.066290 -0.000000 0.000002 0.000005 -9.532484 0.000016 0.000000 -0.136233 -2.205094 14.998860 0.214442 -1.398348 17.436874 0.239765 -1.476510 18.446270 -0.000000 0.000001 0.000005 -9.103603 -0.043111 -1.865098 0.030598 -3.075756 20.451022 0.308449 -1.668271 20.948528 0.225819 -1.434041 17.897076 -0.000000 -0.000000 0.000002 -8.076697 -0.486740 -3.806300 0.764894 -4.877287 26.475321 0.214455 -1.398361 17.437026 0.193010 -1.328205 16.535830 0.000001 0.000001 0.000000 4.570401 11.014686 -2.160813 -0.717792 -20.249878 -16.899510 5.973805 -16.155182 -65.928538 0.000005 -1.459346 0.000005 -33.230513 -1.364887 -6.186635 2.466089 -1.576209 2.681697 -0.662910 2.160404 4.832489 11.853555 25.421641 17.058264 2.647884 -1.528753 1.528744 -13.761931 3.522390 9.039605 1.998920 -1.154078 1.154077 0.000002 -0.000001 0.000005 9.109302 -0.518009 2.259899 0.019854 -0.969579 -7.593531 0.267745 1.752596 -17.372431 0.057624 0.820631 -8.034698 -0.000000 -0.000000 0.000002 9.533395 0.000007 -0.000000 -0.076325 2.665809 -15.696833 0.268764 1.755828 -17.405520 0.300508 1.854019 -18.413336 0.000001 0.000000 0.000001 9.104487 -0.042999 -1.865101 0.136881 3.641806 -21.133505 0.386598 2.094828 -20.911884 0.283021 1.800669 -17.865005 0.000001 0.000000 0.000002 8.077793 -0.486890 -3.806300 0.927702 5.555976 -27.128017 0.269155 1.757065 -17.418212 0.241887 1.667729 -16.505888 -0.000000 -0.000000 -0.000001 -8.207801 -6.751718 -1.599544 0.596210 -10.335849 3.512264 7.510633 -8.276069 -3.186727 -3.705637 -3.193839 3.026300 -7.252614 -0.000025 -0.000002 0.000000 -0.000001 -0.000000 8.207800 -6.751717 -1.599544 -10.752602 14.548996 10.332652 12.141612 2.595133 4.138074 1.273206 0.139760 -7.119436 -4.983706 0.000012 0.000003 -0.000000 0.000001 0.000000 
-1.424596 103.377586 0.121838 -148.473231 -82.838795 -152.092112 0.000000 10.181548 0.131524 3.296973 1.543014 2.729724 1.151890 0.339449 1.552798 1.126012 0.361523 1.555887 -0.000000 16.740360 -2.049019 5.626314 -0.078941 0.454683 0.000000 9.617867 1.684975 -7.563343 1.375735 -0.080567 0.000000 22.037369 7.501073 -0.000000 -0.000000 0.000000 -4.570003 11.014878 -2.160838 2.959889 12.023758 8.926847 9.664250 32.496582 63.907580 -0.000013 6.693722 0.000009 -20.179051 -0.514125 6.782784 -2.464798 -1.573995 2.681911 -1.665237 -0.174481 -4.219036 12.710984 -29.825384 -16.130836 -2.646273 -1.527814 1.527820 -15.549438 -3.559426 -12.707138 -1.994610 -1.151581 1.151583 0.000003 -0.000005 0.000001 -9.108284 -0.517885 2.259804 0.038556 1.262297 6.823711 0.214029 -1.397034 17.420117 0.046167 -0.654904 8.066290 -0.000000 0.000002 0.000005 -9.532484 0.000016 0.000000 -0.136233 -2.205094 14.998860 0.214442 -1.398348 17.436874 0.239765 -1.476510 18.446270 -0.000000 0.000001 0.000005 -9.103603 -0.043111 -1.865098 0.030598 -3.075756 20.451022 0.308449 -1.668271 20.948528 0.225819 -1.434041 17.897076 -0.000000 -0.000000 0.000002 -8.076697 -0.486740 -3.806300 0.764894 -4.877287 26.475321 0.214455 -1.398361 17.437026 0.193010 -1.328205 16.535830 0.000001 0.000001 0.000000 4.570401 11.014686 -2.160813 -0.717792 -20.249878 -16.899510 5.973805 -16.155182 -65.928538 0.000005 -1.459346 0.000005 -33.230513 -1.364887 -6.186635 2.466089 -1.576209 2.681697 -0.662910 2.160404 4.832489 11.853555 25.421641 17.058264 2.647884 -1.528753 1.528744 -13.761931 3.522390 9.039605 1.998920 -1.154078 1.154077 0.000002 -0.000001 0.000005 9.109302 -0.518009 2.259899 0.019854 -0.969579 -7.593531 0.267745 1.752596 -17.372431 0.057624 0.820631 -8.034698 -0.000000 -0.000000 0.000002 9.533395 0.000007 -0.000000 -0.076325 2.665809 -15.696833 0.268764 1.755828 -17.405520 0.300508 1.854019 -18.413336 0.000001 0.000000 0.000001 9.104487 -0.042999 -1.865101 0.136881 3.641806 -21.133505 0.386598 2.094828 -20.911884 0.283021 1.800669 -17.865005 0.000001 0.000000 0.000002 8.077793 -0.486890 -3.806300 0.927702 5.555976 -27.128017 0.269155 1.757065 -17.418212 0.241887 1.667729 -16.505888 -0.000000 -0.000000 -0.000001 -8.207801 -6.751718 -1.599544 0.596210 -10.335849 3.512264 7.510633 -8.276069 -3.186727 -3.705637 -3.193839 3.026300 -7.252614 -0.000025 -0.000002 0.000000 -0.000001 -0.000000 8.207800 -6.751717 -1.599544 -10.752602 14.548996 10.332652 12.141612 2.595133 4.138074 1.273206 0.139760 -7.119436 -4.983706 0.000012 0.000003 -0.000000 0.000001 0.000000 
-1.424596 103.377586 0.121838 -148.473231 -82.838795 -152.092112 0.000000 10.181548 0.131524 3.296973 1.543014 2.729724 1.151890 0.339449 1.552798 1.126012 0.361523 1.555887 -0.000000 16.740360 -2.049019 5.626314 -0.078941 0.454683 0.000000 9.617867 1.684975 -7.563343 1.375735 -0.080567 0.000000 22.037369 7.501073 -0.000000 -0.000000 0.000000 -4.570003 11.014878 -2.160838 2.959889 12.023758 8.926847 9.664250 32.496582 63.907580 -0.000013 6.693722 0.000009 -20.179051 -0.514125 6.782784 -2.464798 -1.573995 2.681911 -1.665237 -0.174481 -4.219036 12.710984 -29.825384 -16.130836 -2.646273 -1.527814 1.527820 -15.549438 -3.559426 -12.707138 -1.994610 -1.151581 1.151583 0.000003 -0.000005 0.000001 -9.108284 -0.517885 2.259804 0.038556 1.262297 6.823711 0.214029 -1.397034 17.420117 0.046167 -0.654904 8.066290 -0.000000 0.000002 0.000005 -9.532484 0.000016 0.000000 -0.136233 -2.205094 14.998860 0.214442 -1.398348 17.436874 0.239765 -1.476510 18.446270 -0.000000 0.000001 0.000005 -9.103603 -0.043111 -1.865098 0.030598 -3.075756 20.451022 0.308449 -1.668271 20.948528 0.225819 -1.434041 17.897076 -0.000000 -0.000000 0.000002 -8.076697 -0.486740 -3.806300 0.764894 -4.877287 26.475321 0.214455 -1.398361 17.437026 0.193010 -1.328205 16.535830 0.000001 0.000001 0.000000 4.570401 11.014686 -2.160813 -0.717792 -20.249878 -16.899510 5.973805 -16.155182 -65.928538 0.000005 -1.459346 0.000005 -33.230513 -1.364887 -6.186635 2.466089 -1.576209 2.681697 -0.662910 2.160404 4.832489 11.853555 25.421641 17.058264 2.647884 -1.528753 1.528744 -13.761931 3.522390 9.039605 1.998920 -1.154078 1.154077 0.000002 -0.000001 0.000005 9.109302 -0.518009 2.259899 0.019854 -0.969579 -7.593531 0.267745 1.752596 -17.372431 0.057624 0.820631 -8.034698 -0.000000 -0.000000 0.000002 9.533395 0.000007 -0.000000 -0.076325 2.665809 -15.696833 0.268764 1.755828 -17.405520 0.300508 1.854019 -18.413336 0.000001 0.000000 0.000001 9.104487 -0.042999 -1.865101 0.136881 3.641806 -21.133505 0.386598 2.094828 -20.911884 0.283021 1.800669 -17.865005 0.000001 0.000000 0.000002 8.077793 -0.486890 -3.806300 0.927702 5.555976 -27.128017 0.269155 1.757065 -17.418212 0.241887 1.667729 -16.505888 -0.000000 -0.000000 -0.000001 -8.207801 -6.751718 -1.599544 0.596210 -10.335849 3.512264 7.510633 -8.276069 -3.186727 -3.705637 -3.193839 3.026300 -7.252614 -0.000025 -0.000002 0.000000 -0.000001 -0.000000 8.207800 -6.751717 -1.599544 -10.752602 14.548996 10.332652 12.141612 2.595133 4.138074 1.273206 0.139760 -7.119436 -4.983706 0.000012 0.000003 -0.000000 0.000001 0.000000 
-1.424596 103.377586 0.121838 -148.473231 -82.838795 -152.092112 0.000000 10.181548 0.131524 3.296973 1.543014 2.729724 1.151890 0.339449 1.552798 1.126012 0.361523 1.555887 -0.000000 16.740360 -2.049019 5.626314 -0.078941 0.454683 0.000000 9.617867 1.684975 -7.563343 1.375735 -0.080567 0.000000 22.037369 7.501073 -0.000000 -0.000000 0.000000 -4.570003 11.014878 -2.160838 2.959889 12.023758 8.926847 9.664250 32.496582 63.907580 -0.000013 6.693722 0.000009 -20.179051 -0.514125 6.782784 -2.464798 -1.573995 2.681911 -1.665237 -0.174481 -4.219036 12.710984 -29.825384 -16.130836 -2.646273 -1.527814 1.527820 -15.549438 -3.559426 -12.707138 -1.994610 -1.151581 1.151583 0.000003 -0.000005 0.000001 -9.108284 -0.517885 2.259804 0.038556 1.262297 6.823711 0.214029 -1.397034 17.420117 0.046167 -0.654904 8.066290 -0.000000 0.000002 0.000005 -9.532484 0.000016 0.000000 -0.136233 -2.205094 14.998860 0.214442 -1.398348 17.436874 0.239765 -1.476510 18.446270 -0.000000 0.000001 0.000005 -9.103603 -0.043111 -1.865098 0.030598 -3.075756 20.451022 0.308449 -1.668271 20.948528 0.225819 -1.434041 17.897076 -0.000000 -0.000000 0.000002 -8.076697 -0.486740 -3.806300 0.764894 -4.877287 26.475321 0.214455 -1.398361 17.437026 0.193010 -1.328205 16.535830 0.000001 0.000001 0.000000 4.570401 11.014686 -2.160813 -0.717792 -20.249878 -16.899510 5.973805 -16.155182 -65.928538 0.000005 -1.459346 0.000005 -33.230513 -1.364887 -6.186635 2.466089 -1.576209 2.681697 -0.662910 2.160404 4.832489 11.853555 25.421641 17.058264 2.647884 -1.528753 1.528744 -13.761931 3.522390 9.039605 1.998920 -1.154078 1.154077 0.000002 -0.000001 0.000005 9.109302 -0.518009 2.259899 0.019854 -0.969579 -7.593531 0.267745 1.752596 -17.372431 0.057624 0.820631 -8.034698 -0.000000 -0.000000 0.000002 9.533395 0.000007 -0.000000 -0.076325 2.665809 -15.696833 0.268764 1.755828 -17.405520 0.300508 1.854019 -18.413336 0.000001 0.000000 0.000001 9.104487 -0.042999 -1.865101 0.136881 3.641806 -21.133505 0.386598 2.094828 -20.911884 0.283021 1.800669 -17.865005 0.000001 0.000000 0.000002 8.077793 -0.486890 -3.806300 0.927702 5.555976 -27.128017 0.269155 1.757065 -17.418212 0.241887 1.667729 -16.505888 -0.000000 -0.000000 -0.000001 -8.207801 -6.751718 -1.599544 0.596210 -10.335849 3.512264 7.510633 -8.276069 -3.186727 -3.705637 -3.193839 3.026300 -7.252614 -0.000025 -0.000002 0.000000 -0.000001 -0.000000 8.207800 -6.751717 -1.599544 -10.752602 14.548996 10.332652 12.141612 2.595133 4.138074 1.273206 0.139760 -7.119436 -4.983706 0.000012 0.000003 -0.000000 0.000001 0.000000 
-1.424596 103.377586 0.121838 -148.473231 -82.838795 -152.092112 0.000000 10.181548 0.131524 3.296973 1.543014 2.729724 1.151890 0.339449 1.552798 1.126012 0.361523 1.555887 -0.000000 16.740360 -2.049019 5.626314 -0.078941 0.454683 0.000000 9.617867 1.684975 -7.563343 1.375735 -0.080567 0.000000 22.037369 7.501073 -0.000000 -0.000000 0.000000 -4.570003 11.014878 -2.160838 2.959889 12.023758 8.926847 9.664250 32.496582 63.907580 -0.000013 6.693722 0.000009 -20.179051 -0.514125 6.782784 -2.464798 -1.573995 2.681911 -1.665237 -0.174481 -4.219036 12.710984 -29.825384 -16.130836 -2.646273 -1.527814 1.527820 -15.549438 -3.559426 -12.707138 -1.994610 -1.151581 1.151583 0.000003 -0.000005 0.000001 -9.108284 -0.517885 2.259804 0.038556 1.262297 6.823711 0.214029 -1.397034 17.420117 0.046167 -0.654904 8.066290 -0.000000 0.000002 0.000005 -9.532484 0.000016 0.000000 -0.136233 -2.205094 14.998860 0.214442 -1.398348 17.436874 0.239765 -1.476510 18.446270 -0.000000 0.000001 0.000005 -9.103603 -0.043111 -1.865098 0.030598 -3.075756 20.451022 0.308449 -1.668271 20.948528 0.225819 -1.434041 17.897076 -0.000000 -0.000000 0.000002 -8.076697 -0.486740 -3.806300 0.764894 -4.877287 26.475321 0.214455 -1.398361 17.437026 0.193010 -1.328205 16.535830 0.000001 0.000001 0.000000 4.570401 11.014686 -2.160813 -0.717792 -20.249878 -16.899510 5.973805 -16.155182 -65.928538 0.000005 -1.459346 0.000005 -33.230513 -1.364887 -6.186635 2.466089 -1.576209 2.681697 -0.662910 2.160404 4.832489 11.853555 25.421641 17.058264 2.647884 -1.528753 1.528744 -13.761931 3.522390 9.039605 1.998920 -1.154078 1.154077 0.000002 -0.000001 0.000005 9.109302 -0.518009 2.259899 0.019854 -0.969579 -7.593531 0.267745 1.752596 -17.372431 0.057624 0.820631 -8.034698 -0.000000 -0.000000 0.000002 9.533395 0.000007 -0.000000 -0.076325 2.665809 -15.696833 0.268764 1.755828 -17.405520 0.300508 1.854019 -18.413336 0.000001 0.000000 0.000001 9.104487 -0.042999 -1.865101 0.136881 3.641806 -21.133505 0.386598 2.094828 -20.911884 0.283021 1.800669 -17.865005 0.000001 0.000000 0.000002 8.077793 -0.486890 -3.806300 0.927702 5.555976 -27.128017 0.269155 1.757065 -17.418212 0.241887 1.667729 -16.505888 -0.000000 -0.000000 -0.000001 -8.207801 -6.751718 -1.599544 0.596210 -10.335849 3.512264 7.510633 -8.276069 -3.186727 -3.705637 -3.193839 3.026300 -7.252614 -0.000025 -0.000002 0.000000 -0.000001 -0.000000 8.207800 -6.751717 -1.599544 -10.752602 14.548996 10.332652 12.141612 2.595133 4.138074 1.273206 0.139760 -7.119436 -4.983706 0.000012 0.000003 -0.000000 0.000001 0.000000 
-1.424596 103.377586 0.121838 -148.473231 -82.838795 -152.092112 0.000000 10.181548 0.131524 3.296973 1.543014 2.729724 1.151890 0.339449 1.552798 1.126012 0.361523 1.555887 -0.000000 16.740360 -2.049019 5.626314 -0.078941 0.454683 0.000000 9.617867 1.684975 -7.563343 1.375735 -0.080567 0.000000 22.037369 7.501073 -0.000000 -0.000000 0.000000 -4.570003 11.014878 -2.160838 2.959889 12.023758 8.926847 9.664250 32.496582 63.907580 -0.000013 6.693722 0.000009 -20.179051 -0.514125 6.782784 -2.464798 -1.573995 2.681911 -1.665237 -0.174481 -4.219036 12.710984 -29.825384 -16.130836 -2.646273 -1.527814 1.527820 -15.549438 -3.559426 -12.707138 -1.994610 -1.151581 1.151583 0.000003 -0.000005 0.000001 -9.108284 -0.517885 2.259804 0.038556 1.262297 6.823711 0.214029 -1.397034 17.420117 0.046167 -0.654904 8.066290 -0.000000 0.000002 0.000005 -9.532484 0.000016 0.000000 -0.136233 -2.205094 14.998860 0.214442 -1.398348 17.436874 0.239765 -1.476510 18.446270 -0.000000 0.000001 0.000005 -9.103603 -0.043111 -1.865098 0.030598 -3.075756 20.451022 0.308449 -1.668271 20.948528 0.225819 -1.434041 17.897076 -0.000000 -0.000000 0.000002 -8.076697 -0.486740 -3.806300 0.764894 -4.877287 26.475321 0.214455 -1.398361 17.437026 0.193010 -1.328205 16.535830 0.000001 0.000001 0.000000 4.570401 11.014686 -2.160813 -0.717792 -20.249878 -16.899510 5.973805 -16.155182 -65.928538 0.000005 -1.459346 0.000005 -33.230513 -1.364887 -6.186635 2.466089 -1.576209 2.681697 -0.662910 2.160404 4.832489 11.853555 25.421641 17.058264 2.647884 -1.528753 1.528744 -13.761931 3.522390 9.039605 1.998920 -1.154078 1.154077 0.000002 -0.000001 0.000005 9.109302 -0.518009 2.259899 0.019854 -0.969579 -7.593531 0.267745 1.752596 -17.372431 0.057624 0.820631 -8.034698 -0.000000 -0.000000 0.000002 9.533395 0.000007 -0.000000 -0.076325 2.665809 -15.696833 0.268764 1.755828 -17.405520 0.300508 1.854019 -18.413336 0.000001 0.000000 0.000001 9.104487 -0.042999 -1.865101 0.136881 3.641806 -21.133505 0.386598 2.094828 -20.911884 0.283021 1.800669 -17.865005 0.000001 0.000000 0.000002 8.077793 -0.486890 -3.806300 0.927702 5.555976 -27.128017 0.269155 1.757065 -17.418212 0.241887 1.667729 -16.505888 -0.000000 -0.000000 -0.000001 -8.207801 -6.751718 -1.599544 0.596210 -10.335849 3.512264 7.510633 -8.276069 -3.186727 -3.705637 -3.193839 3.026300 -7.252614 -0.000025 -0.000002 0.000000 -0.000001 -0.000000 8.207800 -6.751717 -1.599544 -10.752602 14.548996 10.332652 12.141612 2.595133 4.138074 1.273206 0.139760 -7.119436 -4.983706 0.000012 0.000003 -0.000000 0.000001 0.000000 
-1.424596 103.377586 0.121838 -148.473231 -82.838795 -152.092112 0.000000 10.181548 0.131524 3.296973 1.543014 2.729724 1.151890 0.339449 1.552798 1.126012 0.361523 1.555887 -0.000000 16.740360 -2.049019 5.626314 -0.078941 0.454683 0.000000 9.617867 1.684975 -7.563343 1.375735 -0.080567 0.000000 22.037369 7.501073 -0.000000 -0.000000 0.000000 -4.570003 11.014878 -2.160838 2.959889 12.023758 8.926847 9.664250 32.496582 63.907580 -0.000013 6.693722 0.000009 -20.179051 -0.514125 6.782784 -2.464798 -1.573995 2.681911 -1.665237 -0.174481 -4.219036 12.710984 -29.825384 -16.130836 -2.646273 -1.527814 1.527820 -15.549438 -3.559426 -12.707138 -1.994610 -1.151581 1.151583 0.000003 -0.000005 0.000001 -9.108284 -0.517885 2.259804 0.038556 1.262297 6.823711 0.214029 -1.397034 17.420117 0.046167 -0.654904 8.066290 -0.000000 0.000002 0.000005 -9.532484 0.000016 0.000000 -0.136233 -2.205094 14.998860 0.214442 -1.398348 17.436874 0.239765 -1.476510 18.446270 -0.000000 0.000001 0.000005 -9.103603 -0.043111 -1.865098 0.030598 -3.075756 20.451022 0.308449 -1.668271 20.948528 0.225819 -1.434041 17.897076 -0.000000 -0.000000 0.000002 -8.076697 -0.486740 -3.806300 0.764894 -4.877287 26.475321 0.214455 -1.398361 17.437026 0.193010 -1.328205 16.535830 0.000001 0.000001 0.000000 4.570401 11.014686 -2.160813 -0.717792 -20.249878 -16.899510 5.973805 -16.155182 -65.928538 0.000005 -1.459346 0.000005 -33.230513 -1.364887 -6.186635 2.466089 -1.576209 2.681697 -0.662910 2.160404 4.832489 11.853555 25.421641 17.058264 2.647884 -1.528753 1.528744 -13.761931 3.522390 9.039605 1.998920 -1.154078 1.154077 0.000002 -0.000001 0.000005 9.109302 -0.518009 2.259899 0.019854 -0.969579 -7.593531 0.267745 1.752596 -17.372431 0.057624 0.820631 -8.034698 -0.000000 -0.000000 0.000002 9.533395 0.000007 -0.000000 -0.076325 2.665809 -15.696833 0.268764 1.755828 -17.405520 0.300508 1.854019 -18.413336 0.000001 0.000000 0.000001 9.104487 -0.042999 -1.865101 0.136881 3.641806 -21.133505 0.386598 2.094828 -20.911884 0.283021 1.800669 -17.865005 0.000001 0.000000 0.000002 8.077793 -0.486890 -3.806300 0.927702 5.555976 -27.128017 0.269155 1.757065 -17.418212 0.241887 1.667729 -16.505888 -0.000000 -0.000000 -0.000001 -8.207801 -6.751718 -1.599544 0.596210 -10.335849 3.512264 7.510633 -8.276069 -3.186727 -3.705637 -3.193839 3.026300 -7.252614 -0.000025 -0.000002 0.000000 -0.000001 -0.000000 8.207800 -6.751717 -1.599544 -10.752602 14.548996 10.332652 12.141612 2.595133 4.138074 1.273206 0.139760 -7.119436 -4.983706 0.000012 0.000003 -0.000000 0.000001 0.000000 
-1.424596 103.377586 0.121838 -148.473231 -82.838795 -152.092112 0.000000 10.181548 0.131524 3.296973 1.543014 2.729724 1.151890 0.339449 1.552798 1.126012 0.361523 1.555887 -0.000000 16.740360 -2.049019 5.626314 -0.078941 0.454683 0.000000 9.617867 1.684975 -7.563343 1.375735 -0.080567 0.000000 22.037369 7.501073 -0.000000 -0.000000 0.000000 -4.570003 11.014878 -2.160838 2.959889 12.023758 8.926847 9.664250 32.496582 63.907580 -0.000013 6.693722 0.000009 -20.179051 -0.514125 6.782784 -2.464798 -1.573995 2.681911 -1.665237 -0.174481 -4.219036 12.710984 -29.825384 -16.130836 -2.646273 -1.527814 1.527820 -15.549438 -3.559426 -12.707138 -1.994610 -1.151581 1.151583 0.000003 -0.000005 0.000001 -9.108284 -0.517885 2.259804 0.038556 1.262297 6.823711 0.214029 -1.397034 17.420117 0.046167 -0.654904 8.066290 -0.000000 0.000002 0.000005 -9.532484 0.000016 0.000000 -0.136233 -2.205094 14.998860 0.214442 -1.398348 17.436874 0.239765 -1.476510 18.446270 -0.000000 0.000001 0.000005 -9.103603 -0.043111 -1.865098 0.030598 -3.075756 20.451022 0.308449 -1.668271 20.948528 0.225819 -1.434041 17.897076 -0.000000 -0.000000 0.000002 -8.076697 -0.486740 -3.806300 0.764894 -4.877287 26.475321 0.214455 -1.398361 17.437026 0.193010 -1.328205 16.535830 0.000001 0.000001 0.000000 4.570401 11.014686 -2.160813 -0.717792 -20.249878 -16.899510 5.973805 -16.155182 -65.928538 0.000005 -1.459346 0.000005 -33.230513 -1.364887 -6.186635 2.466089 -1.576209 2.681697 -0.662910 2.160404 4.832489 11.853555 25.421641 17.058264 2.647884 -1.528753 1.528744 -13.761931 3.522390 9.039605 1.998920 -1.154078 1.154077 0.000002 -0.000001 0.000005 9.109302 -0.518009 2.259899 0.019854 -0.969579 -7.593531 0.267745 1.752596 -17.372431 0.057624 0.820631 -8.034698 -0.000000 -0.000000 0.000002 9.533395 0.000007 -0.000000 -0.076325 2.665809 -15.696833 0.268764 1.755828 -17.405520 0.300508 1.854019 -18.413336 0.000001 0.000000 0.000001 9.104487 -0.042999 -1.865101 0.136881 3.641806 -21.133505 0.386598 2.094828 -20.911884 0.283021 1.800669 -17.865005 0.000001 0.000000 0.000002 8.077793 -0.486890 -3.806300 0.927702 5.555976 -27.128017 0.269155 1.757065 -17.418212 0.241887 1.667729 -16.505888 -0.000000 -0.000000 -0.000001 -8.207801 -6.751718 -1.599544 0.596210 -10.335849 3.512264 7.510633 -8.276069 -3.186727 -3.705637 -3.193839 3.026300 -7.252614 -0.000025 -0.000002 0.000000 -0.000001 -0.000000 8.207800 -6.751717 -1.599544 -10.752602 14.548996 10.332652 12.141612 2.595133 4.138074 1.273206 0.139760 -7.119436 -4.983706 0.000012 0.000003 -0.000000 0.000001 0.000000 
-1.424596 103.377586 0.121838 -148.473231 -82.838795 -152.092112 0.000000 10.181548 0.131524 3.296973 1.543014 2.729724 1.151890 0.339449 1.552798 1.126012 0.361523 1.555887 -0.000000 16.740360 -2.049019 5.626314 -0.078941 0.454683 0.000000 9.617867 1.684975 -7.563343 1.375735 -0.080567 0.000000 22.037369 7.501073 -0.000000 -0.000000 0.000000 -4.570003 11.014878 -2.160838 2.959889 12.023758 8.926847 9.664250 32.496582 63.907580 -0.000013 6.693722 0.000009 -20.179051 -0.514125 6.782784 -2.464798 -1.573995 2.681911 -1.665237 -0.174481 -4.219036 12.710984 -29.825384 -16.130836 -2.646273 -1.527814 1.527820 -15.549438 -3.559426 -12.707138 -1.994610 -1.151581 1.151583 0.000003 -0.000005 0.000001 -9.108284 -0.517885 2.259804 0.038556 1.262297 6.823711 0.214029 -1.397034 17.420117 0.046167 -0.654904 8.066290 -0.000000 0.000002 0.000005 -9.532484 0.000016 0.000000 -0.136233 -2.205094 14.998860 0.214442 -1.398348 17.436874 0.239765 -1.476510 18.446270 -0.000000 0.000001 0.000005 -9.103603 -0.043111 -1.865098 0.030598 -3.075756 20.451022 0.308449 -1.668271 20.948528 0.225819 -1.434041 17.897076 -0.000000 -0.000000 0.000002 -8.076697 -0.486740 -3.806300 0.764894 -4.877287 26.475321 0.214455 -1.398361 17.437026 0.193010 -1.328205 16.535830 0.000001 0.000001 0.000000 4.570401 11.014686 -2.160813 -0.717792 -20.249878 -16.899510 5.973805 -16.155182 -65.928538 0.000005 -1.459346 0.000005 -33.230513 -1.364887 -6.186635 2.466089 -1.576209 2.681697 -0.662910 2.160404 4.832489 11.853555 25.421641 17.058264 2.647884 -1.528753 1.528744 -13.761931 3.522390 9.039605 1.998920 -1.154078 1.154077 0.000002 -0.000001 0.000005 9.109302 -0.518009 2.259899 0.019854 -0.969579 -7.593531 0.267745 1.752596 -17.372431 0.057624 0.820631 -8.034698 -0.000000 -0.000000 0.000002 9.533395 0.000007 -0.000000 -0.076325 2.665809 -15.696833 0.268764 1.755828 -17.405520 0.300508 1.854019 -18.413336 0.000001 0.000000 0.000001 9.104487 -0.042999 -1.865101 0.136881 3.641806 -21.133505 0.386598 2.094828 -20.911884 0.283021 1.800669 -17.865005 0.000001 0.000000 0.000002 8.077793 -0.486890 -3.806300 0.927702 5.555976 -27.128017 0.269155 1.757065 -17.418212 0.241887 1.667729 -16.505888 -0.000000 -0.000000 -0.000001 -8.207801 -6.751718 -1.599544 0.596210 -10.335849 3.512264 7.510633 -8.276069 -3.186727 -3.705637 -3.193839 3.026300 -7.252614 -0.000025 -0.000002 0.000000 -0.000001 -0.000000 8.207800 -6.751717 -1.599544 -10.752602 14.548996 10.332652 12.141612 2.595133 4.138074 1.273206 0.139760 -7.119436 -4.983706 0.000012 0.000003 -0.000000 0.000001 0.000000 
-1.424596 103.377586 0.121838 -148.473231 -82.838795 -152.092112 0.000000 10.181548 0.131524 3.296973 1.543014 2.729724 1.151890 0.339449 1.552798 1.126012 0.361523 1.555887 -0.000000 16.740360 -2.049019 5.626314 -0.078941 0.454683 0.000000 9.617867 1.684975 -7.563343 1.375735 -0.080567 0.000000 22.037369 7.501073 -0.000000 -0.000000 0.000000 -4.570003 11.014878 -2.160838 2.959889 12.023758 8.926847 9.664250 32.496582 63.907580 -0.000013 6.693722 0.000009 -20.179051 -0.514125 6.782784 -2.464798 -1.573995 2.681911 -1.665237 -0.174481 -4.219036 12.710984 -29.825384 -16.130836 -2.646273 -1.527814 1.527820 -15.549438 -3.559426 -12.707138 -1.994610 -1.151581 1.151583 0.000003 -0.000005 0.000001 -9.108284 -0.517885 2.259804 0.038556 1.262297 6.823711 0.214029 -1.397034 17.420117 0.046167 -0.654904 8.066290 -0.000000 0.000002 0.000005 -9.532484 0.000016 0.000000 -0.136233 -2.205094 14.998860 0.214442 -1.398348 17.436874 0.239765 -1.476510 18.446270 -0.000000 0.000001 0.000005 -9.103603 -0.043111 -1.865098 0.030598 -3.075756 20.451022 0.308449 -1.668271 20.948528 0.225819 -1.434041 17.897076 -0.000000 -0.000000 0.000002 -8.076697 -0.486740 -3.806300 0.764894 -4.877287 26.475321 0.214455 -1.398361 17.437026 0.193010 -1.328205 16.535830 0.000001 0.000001 0.000000 4.570401 11.014686 -2.160813 -0.717792 -20.249878 -16.899510 5.973805 -16.155182 -65.928538 0.000005 -1.459346 0.000005 -33.230513 -1.364887 -6.186635 2.466089 -1.576209 2.681697 -0.662910 2.160404 4.832489 11.853555 25.421641 17.058264 2.647884 -1.528753 1.528744 -13.761931 3.522390 9.039605 1.998920 -1.154078 1.154077 0.000002 -0.000001 0.000005 9.109302 -0.518009 2.259899 0.019854 -0.969579 -7.593531 0.267745 1.752596 -17.372431 0.057624 0.820631 -8.034698 -0.000000 -0.000000 0.000002 9.533395 0.000007 -0.000000 -0.076325 2.665809 -15.696833 0.268764 1.755828 -17.405520 0.300508 1.854019 -18.413336 0.000001 0.000000 0.000001 9.104487 -0.042999 -1.865101 0.136881 3.641806 -21.133505 0.386598 2.094828 -20.911884 0.283021 1.800669 -17.865005 0.000001 0.000000 0.000002 8.077793 -0.486890 -3.806300 0.927702 5.555976 -27.128017 0.269155 1.757065 -17.418212 0.241887 1.667729 -16.505888 -0.000000 -0.000000 -0.000001 -8.207801 -6.751718 -1.599544 0.596210 -10.335849 3.512264 7.510633 -8.276069 -3.186727 -3.705637 -3.193839 3.026300 -7.252614 -0.000025 -0.000002 0.000000 -0.000001 -0.000000 8.207800 -6.751717 -1.599544 -10.752602 14.548996 10.332652 12.141612 2.595133 4.138074 1.273206 0.139760 -7.119436 -4.983706 0.000012 0.000003 -0.000000 0.000001 0.000000 
-1.424596 103.377586 0.121838 -148.473231 -82.838795 -152.092112 0.000000 10.181548 0.131524 3.296973 1.543014 2.729724 1.151890 0.339449 1.552798 1.126012 0.361523 1.555887 -0.000000 16.740360 -2.049019 5.626314 -0.078941 0.454683 0.000000 9.617867 1.684975 -7.563343 1.375735 -0.080567 0.000000 22.037369 7.501073 -0.000000 -0.000000 0.000000 -4.570003 11.014878 -2.160838 2.959889 12.023758 8.926847 9.664250 32.496582 63.907580 -0.000013 6.693722 0.000009 -20.179051 -0.514125 6.782784 -2.464798 -1.573995 2.681911 -1.665237 -0.174481 -4.219036 12.710984 -29.825384 -16.130836 -2.646273 -1.527814 1.527820 -15.549438 -3.559426 -12.707138 -1.994610 -1.151581 1.151583 0.000003 -0.000005 0.000001 -9.108284 -0.517885 2.259804 0.038556 1.262297 6.823711 0.214029 -1.397034 17.420117 0.046167 -0.654904 8.066290 -0.000000 0.000002 0.000005 -9.532484 0.000016 0.000000 -0.136233 -2.205094 14.998860 0.214442 -1.398348 17.436874 0.239765 -1.476510 18.446270 -0.000000 0.000001 0.000005 -9.103603 -0.043111 -1.865098 0.030598 -3.075756 20.451022 0.308449 -1.668271 20.948528 0.225819 -1.434041 17.897076 -0.000000 -0.000000 0.000002 -8.076697 -0.486740 -3.806300 0.764894 -4.877287 26.475321 0.214455 -1.398361 17.437026 0.193010 -1.328205 16.535830 0.000001 0.000001 0.000000 4.570401 11.014686 -2.160813 -0.717792 -20.249878 -16.899510 5.973805 -16.155182 -65.928538 0.000005 -1.459346 0.000005 -33.230513 -1.364887 -6.186635 2.466089 -1.576209 2.681697 -0.662910 2.160404 4.832489 11.853555 25.421641 17.058264 2.647884 -1.528753 1.528744 -13.761931 3.522390 9.039605 1.998920 -1.154078 1.154077 0.000002 -0.000001 0.000005 9.109302 -0.518009 2.259899 0.019854 -0.969579 -7.593531 0.267745 1.752596 -17.372431 0.057624 0.820631 -8.034698 -0.000000 -0.000000 0.000002 9.533395 0.000007 -0.000000 -0.076325 2.665809 -15.696833 0.268764 1.755828 -17.405520 0.300508 1.854019 -18.413336 0.000001 0.000000 0.000001 9.104487 -0.042999 -1.865101 0.136881 3.641806 -21.133505 0.386598 2.094828 -20.911884 0.283021 1.800669 -17.865005 0.000001 0.000000 0.000002 8.077793 -0.486890 -3.806300 0.927702 5.555976 -27.128017 0.269155 1.757065 -17.418212 0.241887 1.667729 -16.505888 -0.000000 -0.000000 -0.000001 -8.207801 -6.751718 -1.599544 0.596210 -10.335849 3.512264 7.510633 -8.276069 -3.186727 -3.705637 -3.193839 3.026300 -7.252614 -0.000025 -0.000002 0.000000 -0.000001 -0.000000 8.207800 -6.751717 -1.599544 -10.752602 14.548996 10.332652 12.141612 2.595133 4.138074 1.273206 0.139760 -7.119436 -4.983706 0.000012 0.000003 -0.000000 0.000001 0.000000 
-1.424596 103.377586 0.121838 -148.473231 -82.838795 -152.092112 0.000000 10.181548 0.131524 3.296973 1.543014 2.729724 1.151890 0.339449 1.552798 1.126012 0.361523 1.555887 -0.000000 16.740360 -2.049019 5.626314 -0.078941 0.454683 0.000000 9.617867 1.684975 -7.563343 1.375735 -0.080567 0.000000 22.037369 7.501073 -0.000000 -0.000000 0.000000 -4.570003 11.014878 -2.160838 2.959889 12.023758 8.926847 9.664250 32.496582 63.907580 -0.000013 6.693722 0.000009 -20.179051 -0.514125 6.782784 -2.464798 -1.573995 2.681911 -1.665237 -0.174481 -4.219036 12.710984 -29.825384 -16.130836 -2.646273 -1.527814 1.527820 -15.549438 -3.559426 -12.707138 -1.994610 -1.151581 1.151583 0.000003 -0.000005 0.000001 -9.108284 -0.517885 2.259804 0.038556 1.262297 6.823711 0.214029 -1.397034 17.420117 0.046167 -0.654904 8.066290 -0.000000 0.000002 0.000005 -9.532484 0.000016 0.000000 -0.136233 -2.205094 14.998860 0.214442 -1.398348 17.436874 0.239765 -1.476510 18.446270 -0.000000 0.000001 0.000005 -9.103603 -0.043111 -1.865098 0.030598 -3.075756 20.451022 0.308449 -1.668271 20.948528 0.225819 -1.434041 17.897076 -0.000000 -0.000000 0.000002 -8.076697 -0.486740 -3.806300 0.764894 -4.877287 26.475321 0.214455 -1.398361 17.437026 0.193010 -1.328205 16.535830 0.000001 0.000001 0.000000 4.570401 11.014686 -2.160813 -0.717792 -20.249878 -16.899510 5.973805 -16.155182 -65.928538 0.000005 -1.459346 0.000005 -33.230513 -1.364887 -6.186635 2.466089 -1.576209 2.681697 -0.662910 2.160404 4.832489 11.853555 25.421641 17.058264 2.647884 -1.528753 1.528744 -13.761931 3.522390 9.039605 1.998920 -1.154078 1.154077 0.000002 -0.000001 0.000005 9.109302 -0.518009 2.259899 0.019854 -0.969579 -7.593531 0.267745 1.752596 -17.372431 0.057624 0.820631 -8.034698 -0.000000 -0.000000 0.000002 9.533395 0.000007 -0.000000 -0.076325 2.665809 -15.696833 0.268764 1.755828 -17.405520 0.300508 1.854019 -18.413336 0.000001 0.000000 0.000001 9.104487 -0.042999 -1.865101 0.136881 3.641806 -21.133505 0.386598 2.094828 -20.911884 0.283021 1.800669 -17.865005 0.000001 0.000000 0.000002 8.077793 -0.486890 -3.806300 0.927702 5.555976 -27.128017 0.269155 1.757065 -17.418212 0.241887 1.667729 -16.505888 -0.000000 -0.000000 -0.000001 -8.207801 -6.751718 -1.599544 0.596210 -10.335849 3.512264 7.510633 -8.276069 -3.186727 -3.705637 -3.193839 3.026300 -7.252614 -0.000025 -0.000002 0.000000 -0.000001 -0.000000 8.207800 -6.751717 -1.599544 -10.752602 14.548996 10.332652 12.141612 2.595133 4.138074 1.273206 0.139760 -7.119436 -4.983706 0.000012 0.000003 -0.000000 0.000001 0.000000 
-1.424596 103.377586 0.121838 -148.473231 -82.838795 -152.092112 0.000000 10.181548 0.131524 3.296973 1.543014 2.729724 1.151890 0.339449 1.552798 1.126012 0.361523 1.555887 -0.000000 16.740360 -2.049019 5.626314 -0.078941 0.454683 0.000000 9.617867 1.684975 -7.563343 1.375735 -0.080567 0.000000 22.037369 7.501073 -0.000000 -0.000000 0.000000 -4.570003 11.014878 -2.160838 2.959889 12.023758 8.926847 9.664250 32.496582 63.907580 -0.000013 6.693722 0.000009 -20.179051 -0.514125 6.782784 -2.464798 -1.573995 2.681911 -1.665237 -0.174481 -4.219036 12.710984 -29.825384 -16.130836 -2.646273 -1.527814 1.527820 -15.549438 -3.559426 -12.707138 -1.994610 -1.151581 1.151583 0.000003 -0.000005 0.000001 -9.108284 -0.517885 2.259804 0.038556 1.262297 6.823711 0.214029 -1.397034 17.420117 0.046167 -0.654904 8.066290 -0.000000 0.000002 0.000005 -9.532484 0.000016 0.000000 -0.136233 -2.205094 14.998860 0.214442 -1.398348 17.436874 0.239765 -1.476510 18.446270 -0.000000 0.000001 0.000005 -9.103603 -0.043111 -1.865098 0.030598 -3.075756 20.451022 0.308449 -1.668271 20.948528 0.225819 -1.434041 17.897076 -0.000000 -0.000000 0.000002 -8.076697 -0.486740 -3.806300 0.764894 -4.877287 26.475321 0.214455 -1.398361 17.437026 0.193010 -1.328205 16.535830 0.000001 0.000001 0.000000 4.570401 11.014686 -2.160813 -0.717792 -20.249878 -16.899510 5.973805 -16.155182 -65.928538 0.000005 -1.459346 0.000005 -33.230513 -1.364887 -6.186635 2.466089 -1.576209 2.681697 -0.662910 2.160404 4.832489 11.853555 25.421641 17.058264 2.647884 -1.528753 1.528744 -13.761931 3.522390 9.039605 1.998920 -1.154078 1.154077 0.000002 -0.000001 0.000005 9.109302 -0.518009 2.259899 0.019854 -0.969579 -7.593531 0.267745 1.752596 -17.372431 0.057624 0.820631 -8.034698 -0.000000 -0.000000 0.000002 9.533395 0.000007 -0.000000 -0.076325 2.665809 -15.696833 0.268764 1.755828 -17.405520 0.300508 1.854019 -18.413336 0.000001 0.000000 0.000001 9.104487 -0.042999 -1.865101 0.136881 3.641806 -21.133505 0.386598 2.094828 -20.911884 0.283021 1.800669 -17.865005 0.000001 0.000000 0.000002 8.077793 -0.486890 -3.806300 0.927702 5.555976 -27.128017 0.269155 1.757065 -17.418212 0.241887 1.667729 -16.505888 -0.000000 -0.000000 -0.000001 -8.207801 -6.751718 -1.599544 0.596210 -10.335849 3.512264 7.510633 -8.276069 -3.186727 -3.705637 -3.193839 3.026300 -7.252614 -0.000025 -0.000002 0.000000 -0.000001 -0.000000 8.207800 -6.751717 -1.599544 -10.752602 14.548996 10.332652 12.141612 2.595133 4.138074 1.273206 0.139760 -7.119436 -4.983706 0.000012 0.000003 -0.000000 0.000001 0.000000 
-1.424596 103.377586 0.121838 -148.473231 -82.838795 -152.092112 0.000000 10.181548 0.131524 3.296973 1.543014 2.729724 1.151890 0.339449 1.552798 1.126012 0.361523 1.555887 -0.000000 16.740360 -2.049019 5.626314 -0.078941 0.454683 0.000000 9.617867 1.684975 -7.563343 1.375735 -0.080567 0.000000 22.037369 7.501073 -0.000000 -0.000000 0.000000 -4.570003 11.014878 -2.160838 2.959889 12.023758 8.926847 9.664250 32.496582 63.907580 -0.000013 6.693722 0.000009 -20.179051 -0.514125 6.782784 -2.464798 -1.573995 2.681911 -1.665237 -0.174481 -4.219036 12.710984 -29.825384 -16.130836 -2.646273 -1.527814 1.527820 -15.549438 -3.559426 -12.707138 -1.994610 -1.151581 1.151583 0.000003 -0.000005 0.000001 -9.108284 -0.517885 2.259804 0.038556 1.262297 6.823711 0.214029 -1.397034 17.420117 0.046167 -0.654904 8.066290 -0.000000 0.000002 0.000005 -9.532484 0.000016 0.000000 -0.136233 -2.205094 14.998860 0.214442 -1.398348 17.436874 0.239765 -1.476510 18.446270 -0.000000 0.000001 0.000005 -9.103603 -0.043111 -1.865098 0.030598 -3.075756 20.451022 0.308449 -1.668271 20.948528 0.225819 -1.434041 17.897076 -0.000000 -0.000000 0.000002 -8.076697 -0.486740 -3.806300 0.764894 -4.877287 26.475321 0.214455 -1.398361 17.437026 0.193010 -1.328205 16.535830 0.000001 0.000001 0.000000 4.570401 11.014686 -2.160813 -0.717792 -20.249878 -16.899510 5.973805 -16.155182 -65.928538 0.000005 -1.459346 0.000005 -33.230513 -1.364887 -6.186635 2.466089 -1.576209 2.681697 -0.662910 2.160404 4.832489 11.853555 25.421641 17.058264 2.647884 -1.528753 1.528744 -13.761931 3.522390 9.039605 1.998920 -1.154078 1.154077 0.000002 -0.000001 0.000005 9.109302 -0.518009 2.259899 0.019854 -0.969579 -7.593531 0.267745 1.752596 -17.372431 0.057624 0.820631 -8.034698 -0.000000 -0.000000 0.000002 9.533395 0.000007 -0.000000 -0.076325 2.665809 -15.696833 0.268764 1.755828 -17.405520 0.300508 1.854019 -18.413336 0.000001 0.000000 0.000001 9.104487 -0.042999 -1.865101 0.136881 3.641806 -21.133505 0.386598 2.094828 -20.911884 0.283021 1.800669 -17.865005 0.000001 0.000000 0.000002 8.077793 -0.486890 -3.806300 0.927702 5.555976 -27.128017 0.269155 1.757065 -17.418212 0.241887 1.667729 -16.505888 -0.000000 -0.000000 -0.000001 -8.207801 -6.751718 -1.599544 0.596210 -10.335849 3.512264 7.510633 -8.276069 -3.186727 -3.705637 -3.193839 3.026300 -7.252614 -0.000025 -0.000002 0.000000 -0.000001 -0.000000 8.207800 -6.751717 -1.599544 -10.752602 14.548996 10.332652 12.141612 2.595133 4.138074 1.273206 0.139760 -7.119436 -4.983706 0.000012 0.000003 -0.000000 0.000001 0.000000 
-1.424596 103.377586 0.121838 -148.473231 -82.838795 -152.092112 0.000000 10.181548 0.131524 3.296973 1.543014 2.729724 1.151890 0.339449 1.552798 1.126012 0.361523 1.555887 -0.000000 16.740360 -2.049019 5.626314 -0.078941 0.454683 0.000000 9.617867 1.684975 -7.563343 1.375735 -0.080567 0.000000 22.037369 7.501073 -0.000000 -0.000000 0.000000 -4.570003 11.014878 -2.160838 2.959889 12.023758 8.926847 9.664250 32.496582 63.907580 -0.000013 6.693722 0.000009 -20.179051 -0.514125 6.782784 -2.464798 -1.573995 2.681911 -1.665237 -0.174481 -4.219036 12.710984 -29.825384 -16.130836 -2.646273 -1.527814 1.527820 -15.549438 -3.559426 -12.707138 -1.994610 -1.151581 1.151583 0.000003 -0.000005 0.000001 -9.108284 -0.517885 2.259804 0.038556 1.262297 6.823711 0.214029 -1.397034 17.420117 0.046167 -0.654904 8.066290 -0.000000 0.000002 0.000005 -9.532484 0.000016 0.000000 -0.136233 -2.205094 14.998860 0.214442 -1.398348 17.436874 0.239765 -1.476510 18.446270 -0.000000 0.000001 0.000005 -9.103603 -0.043111 -1.865098 0.030598 -3.075756 20.451022 0.308449 -1.668271 20.948528 0.225819 -1.434041 17.897076 -0.000000 -0.000000 0.000002 -8.076697 -0.486740 -3.806300 0.764894 -4.877287 26.475321 0.214455 -1.398361 17.437026 0.193010 -1.328205 16.535830 0.000001 0.000001 0.000000 4.570401 11.014686 -2.160813 -0.717792 -20.249878 -16.899510 5.973805 -16.155182 -65.928538 0.000005 -1.459346 0.000005 -33.230513 -1.364887 -6.186635 2.466089 -1.576209 2.681697 -0.662910 2.160404 4.832489 11.853555 25.421641 17.058264 2.647884 -1.528753 1.528744 -13.761931 3.522390 9.039605 1.998920 -1.154078 1.154077 0.000002 -0.000001 0.000005 9.109302 -0.518009 2.259899 0.019854 -0.969579 -7.593531 0.267745 1.752596 -17.372431 0.057624 0.820631 -8.034698 -0.000000 -0.000000 0.000002 9.533395 0.000007 -0.000000 -0.076325 2.665809 -15.696833 0.268764 1.755828 -17.405520 0.300508 1.854019 -18.413336 0.000001 0.000000 0.000001 9.104487 -0.042999 -1.865101 0.136881 3.641806 -21.133505 0.386598 2.094828 -20.911884 0.283021 1.800669 -17.865005 0.000001 0.000000 0.000002 8.077793 -0.486890 -3.806300 0.927702 5.555976 -27.128017 0.269155 1.757065 -17.418212 0.241887 1.667729 -16.505888 -0.000000 -0.000000 -0.000001 -8.207801 -6.751718 -1.599544 0.596210 -10.335849 3.512264 7.510633 -8.276069 -3.186727 -3.705637 -3.193839 3.026300 -7.252614 -0.000025 -0.000002 0.000000 -0.000001 -0.000000 8.207800 -6.751717 -1.599544 -10.752602 14.548996 10.332652 12.141612 2.595133 4.138074 1.273206 0.139760 -7.119436 -4.983706 0.000012 0.000003 -0.000000 0.000001 0.000000 
-1.424596 103.377586 0.121838 -148.473231 -82.838795 -152.092112 0.000000 10.181548 0.131524 3.296973 1.543014 2.729724 1.151890 0.339449 1.552798 1.126012 0.361523 1.555887 -0.000000 16.740360 -2.049019 5.626314 -0.078941 0.454683 0.000000 9.617867 1.684975 -7.563343 1.375735 -0.080567 0.000000 22.037369 7.501073 -0.000000 -0.000000 0.000000 -4.570003 11.014878 -2.160838 2.959889 12.023758 8.926847 9.664250 32.496582 63.907580 -0.000013 6.693722 0.000009 -20.179051 -0.514125 6.782784 -2.464798 -1.573995 2.681911 -1.665237 -0.174481 -4.219036 12.710984 -29.825384 -16.130836 -2.646273 -1.527814 1.527820 -15.549438 -3.559426 -12.707138 -1.994610 -1.151581 1.151583 0.000003 -0.000005 0.000001 -9.108284 -0.517885 2.259804 0.038556 1.262297 6.823711 0.214029 -1.397034 17.420117 0.046167 -0.654904 8.066290 -0.000000 0.000002 0.000005 -9.532484 0.000016 0.000000 -0.136233 -2.205094 14.998860 0.214442 -1.398348 17.436874 0.239765 -1.476510 18.446270 -0.000000 0.000001 0.000005 -9.103603 -0.043111 -1.865098 0.030598 -3.075756 20.451022 0.308449 -1.668271 20.948528 0.225819 -1.434041 17.897076 -0.000000 -0.000000 0.000002 -8.076697 -0.486740 -3.806300 0.764894 -4.877287 26.475321 0.214455 -1.398361 17.437026 0.193010 -1.328205 16.535830 0.000001 0.000001 0.000000 4.570401 11.014686 -2.160813 -0.717792 -20.249878 -16.899510 5.973805 -16.155182 -65.928538 0.000005 -1.459346 0.000005 -33.230513 -1.364887 -6.186635 2.466089 -1.576209 2.681697 -0.662910 2.160404 4.832489 11.853555 25.421641 17.058264 2.647884 -1.528753 1.528744 -13.761931 3.522390 9.039605 1.998920 -1.154078 1.154077 0.000002 -0.000001 0.000005 9.109302 -0.518009 2.259899 0.019854 -0.969579 -7.593531 0.267745 1.752596 -17.372431 0.057624 0.820631 -8.034698 -0.000000 -0.000000 0.000002 9.533395 0.000007 -0.000000 -0.076325 2.665809 -15.696833 0.268764 1.755828 -17.405520 0.300508 1.854019 -18.413336 0.000001 0.000000 0.000001 9.104487 -0.042999 -1.865101 0.136881 3.641806 -21.133505 0.386598 2.094828 -20.911884 0.283021 1.800669 -17.865005 0.000001 0.000000 0.000002 8.077793 -0.486890 -3.806300 0.927702 5.555976 -27.128017 0.269155 1.757065 -17.418212 0.241887 1.667729 -16.505888 -0.000000 -0.000000 -0.000001 -8.207801 -6.751718 -1.599544 0.596210 -10.335849 3.512264 7.510633 -8.276069 -3.186727 -3.705637 -3.193839 3.026300 -7.252614 -0.000025 -0.000002 0.000000 -0.000001 -0.000000 8.207800 -6.751717 -1.599544 -10.752602 14.548996 10.332652 12.141612 2.595133 4.138074 1.273206 0.139760 -7.119436 -4.983706 0.000012 0.000003 -0.000000 0.000001 0.000000 
-1.424596 103.377586 0.121838 -148.473231 -82.838795 -152.092112 0.000000 10.181548 0.131524 3.296973 1.543014 2.729724 1.151890 0.339449 1.552798 1.126012 0.361523 1.555887 -0.000000 16.740360 -2.049019 5.626314 -0.078941 0.454683 0.000000 9.617867 1.684975 -7.563343 1.375735 -0.080567 0.000000 22.037369 7.501073 -0.000000 -0.000000 0.000000 -4.570003 11.014878 -2.160838 2.959889 12.023758 8.926847 9.664250 32.496582 63.907580 -0.000013 6.693722 0.000009 -20.179051 -0.514125 6.782784 -2.464798 -1.573995 2.681911 -1.665237 -0.174481 -4.219036 12.710984 -29.825384 -16.130836 -2.646273 -1.527814 1.527820 -15.549438 -3.559426 -12.707138 -1.994610 -1.151581 1.151583 0.000003 -0.000005 0.000001 -9.108284 -0.517885 2.259804 0.038556 1.262297 6.823711 0.214029 -1.397034 17.420117 0.046167 -0.654904 8.066290 -0.000000 0.000002 0.000005 -9.532484 0.000016 0.000000 -0.136233 -2.205094 14.998860 0.214442 -1.398348 17.436874 0.239765 -1.476510 18.446270 -0.000000 0.000001 0.000005 -9.103603 -0.043111 -1.865098 0.030598 -3.075756 20.451022 0.308449 -1.668271 20.948528 0.225819 -1.434041 17.897076 -0.000000 -0.000000 0.000002 -8.076697 -0.486740 -3.806300 0.764894 -4.877287 26.475321 0.214455 -1.398361 17.437026 0.193010 -1.328205 16.535830 0.000001 0.000001 0.000000 4.570401 11.014686 -2.160813 -0.717792 -20.249878 -16.899510 5.973805 -16.155182 -65.928538 0.000005 -1.459346 0.000005 -33.230513 -1.364887 -6.186635 2.466089 -1.576209 2.681697 -0.662910 2.160404 4.832489 11.853555 25.421641 17.058264 2.647884 -1.528753 1.528744 -13.761931 3.522390 9.039605 1.998920 -1.154078 1.154077 0.000002 -0.000001 0.000005 9.109302 -0.518009 2.259899 0.019854 -0.969579 -7.593531 0.267745 1.752596 -17.372431 0.057624 0.820631 -8.034698 -0.000000 -0.000000 0.000002 9.533395 0.000007 -0.000000 -0.076325 2.665809 -15.696833 0.268764 1.755828 -17.405520 0.300508 1.854019 -18.413336 0.000001 0.000000 0.000001 9.104487 -0.042999 -1.865101 0.136881 3.641806 -21.133505 0.386598 2.094828 -20.911884 0.283021 1.800669 -17.865005 0.000001 0.000000 0.000002 8.077793 -0.486890 -3.806300 0.927702 5.555976 -27.128017 0.269155 1.757065 -17.418212 0.241887 1.667729 -16.505888 -0.000000 -0.000000 -0.000001 -8.207801 -6.751718 -1.599544 0.596210 -10.335849 3.512264 7.510633 -8.276069 -3.186727 -3.705637 -3.193839 3.026300 -7.252614 -0.000025 -0.000002 0.000000 -0.000001 -0.000000 8.207800 -6.751717 -1.599544 -10.752602 14.548996 10.332652 12.141612 2.595133 4.138074 1.273206 0.139760 -7.119436 -4.983706 0.000012 0.000003 -0.000000 0.000001 0.000000 
-1.424596 103.377586 0.121838 -148.473231 -82.838795 -152.092112 0.000000 10.181548 0.131524 3.296973 1.543014 2.729724 1.151890 0.339449 1.552798 1.126012 0.361523 1.555887 -0.000000 16.740360 -2.049019 5.626314 -0.078941 0.454683 0.000000 9.617867 1.684975 -7.563343 1.375735 -0.080567 0.000000 22.037369 7.501073 -0.000000 -0.000000 0.000000 -4.570003 11.014878 -2.160838 2.959889 12.023758 8.926847 9.664250 32.496582 63.907580 -0.000013 6.693722 0.000009 -20.179051 -0.514125 6.782784 -2.464798 -1.573995 2.681911 -1.665237 -0.174481 -4.219036 12.710984 -29.825384 -16.130836 -2.646273 -1.527814 1.527820 -15.549438 -3.559426 -12.707138 -1.994610 -1.151581 1.151583 0.000003 -0.000005 0.000001 -9.108284 -0.517885 2.259804 0.038556 1.262297 6.823711 0.214029 -1.397034 17.420117 0.046167 -0.654904 8.066290 -0.000000 0.000002 0.000005 -9.532484 0.000016 0.000000 -0.136233 -2.205094 14.998860 0.214442 -1.398348 17.436874 0.239765 -1.476510 18.446270 -0.000000 0.000001 0.000005 -9.103603 -0.043111 -1.865098 0.030598 -3.075756 20.451022 0.308449 -1.668271 20.948528 0.225819 -1.434041 17.897076 -0.000000 -0.000000 0.000002 -8.076697 -0.486740 -3.806300 0.764894 -4.877287 26.475321 0.214455 -1.398361 17.437026 0.193010 -1.328205 16.535830 0.000001 0.000001 0.000000 4.570401 11.014686 -2.160813 -0.717792 -20.249878 -16.899510 5.973805 -16.155182 -65.928538 0.000005 -1.459346 0.000005 -33.230513 -1.364887 -6.186635 2.466089 -1.576209 2.681697 -0.662910 2.160404 4.832489 11.853555 25.421641 17.058264 2.647884 -1.528753 1.528744 -13.761931 3.522390 9.039605 1.998920 -1.154078 1.154077 0.000002 -0.000001 0.000005 9.109302 -0.518009 2.259899 0.019854 -0.969579 -7.593531 0.267745 1.752596 -17.372431 0.057624 0.820631 -8.034698 -0.000000 -0.000000 0.000002 9.533395 0.000007 -0.000000 -0.076325 2.665809 -15.696833 0.268764 1.755828 -17.405520 0.300508 1.854019 -18.413336 0.000001 0.000000 0.000001 9.104487 -0.042999 -1.865101 0.136881 3.641806 -21.133505 0.386598 2.094828 -20.911884 0.283021 1.800669 -17.865005 0.000001 0.000000 0.000002 8.077793 -0.486890 -3.806300 0.927702 5.555976 -27.128017 0.269155 1.757065 -17.418212 0.241887 1.667729 -16.505888 -0.000000 -0.000000 -0.000001 -8.207801 -6.751718 -1.599544 0.596210 -10.335849 3.512264 7.510633 -8.276069 -3.186727 -3.705637 -3.193839 3.026300 -7.252614 -0.000025 -0.000002 0.000000 -0.000001 -0.000000 8.207800 -6.751717 -1.599544 -10.752602 14.548996 10.332652 12.141612 2.595133 4.138074 1.273206 0.139760 -7.119436 -4.983706 0.000012 0.000003 -0.000000 0.000001 0.000000 
-1.424596 103.377586 0.121838 -148.473231 -82.838795 -152.092112 0.000000 10.181548 0.131524 3.296973 1.543014 2.729724 1.151890 0.339449 1.552798 1.126012 0.361523 1.555887 -0.000000 16.740360 -2.049019 5.626314 -0.078941 0.454683 0.000000 9.617867 1.684975 -7.563343 1.375735 -0.080567 0.000000 22.037369 7.501073 -0.000000 -0.000000 0.000000 -4.570003 11.014878 -2.160838 2.959889 12.023758 8.926847 9.664250 32.496582 63.907580 -0.000013 6.693722 0.000009 -20.179051 -0.514125 6.782784 -2.464798 -1.573995 2.681911 -1.665237 -0.174481 -4.219036 12.710984 -29.825384 -16.130836 -2.646273 -1.527814 1.527820 -15.549438 -3.559426 -12.707138 -1.994610 -1.151581 1.151583 0.000003 -0.000005 0.000001 -9.108284 -0.517885 2.259804 0.038556 1.262297 6.823711 0.214029 -1.397034 17.420117 0.046167 -0.654904 8.066290 -0.000000 0.000002 0.000005 -9.532484 0.000016 0.000000 -0.136233 -2.205094 14.998860 0.214442 -1.398348 17.436874 0.239765 -1.476510 18.446270 -0.000000 0.000001 0.000005 -9.103603 -0.043111 -1.865098 0.030598 -3.075756 20.451022 0.308449 -1.668271 20.948528 0.225819 -1.434041 17.897076 -0.000000 -0.000000 0.000002 -8.076697 -0.486740 -3.806300 0.764894 -4.877287 26.475321 0.214455 -1.398361 17.437026 0.193010 -1.328205 16.535830 0.000001 0.000001 0.000000 4.570401 11.014686 -2.160813 -0.717792 -20.249878 -16.899510 5.973805 -16.155182 -65.928538 0.000005 -1.459346 0.000005 -33.230513 -1.364887 -6.186635 2.466089 -1.576209 2.681697 -0.662910 2.160404 4.832489 11.853555 25.421641 17.058264 2.647884 -1.528753 1.528744 -13.761931 3.522390 9.039605 1.998920 -1.154078 1.154077 0.000002 -0.000001 0.000005 9.109302 -0.518009 2.259899 0.019854 -0.969579 -7.593531 0.267745 1.752596 -17.372431 0.057624 0.820631 -8.034698 -0.000000 -0.000000 0.000002 9.533395 0.000007 -0.000000 -0.076325 2.665809 -15.696833 0.268764 1.755828 -17.405520 0.300508 1.854019 -18.413336 0.000001 0.000000 0.000001 9.104487 -0.042999 -1.865101 0.136881 3.641806 -21.133505 0.386598 2.094828 -20.911884 0.283021 1.800669 -17.865005 0.000001 0.000000 0.000002 8.077793 -0.486890 -3.806300 0.927702 5.555976 -27.128017 0.269155 1.757065 -17.418212 0.241887 1.667729 -16.505888 -0.000000 -0.000000 -0.000001 -8.207801 -6.751718 -1.599544 0.596210 -10.335849 3.512264 7.510633 -8.276069 -3.186727 -3.705637 -3.193839 3.026300 -7.252614 -0.000025 -0.000002 0.000000 -0.000001 -0.000000 8.207800 -6.751717 -1.599544 -10.752602 14.548996 10.332652 12.141612 2.595133 4.138074 1.273206 0.139760 -7.119436 -4.983706 0.000012 0.000003 -0.000000 0.000001 0.000000 
-1.424596 103.377586 0.121838 -148.473231 -82.838795 -152.092112 0.000000 10.181548 0.131524 3.296973 1.543014 2.729724 1.151890 0.339449 1.552798 1.126012 0.361523 1.555887 -0.000000 16.740360 -2.049019 5.626314 -0.078941 0.454683 0.000000 9.617867 1.684975 -7.563343 1.375735 -0.080567 0.000000 22.037369 7.501073 -0.000000 -0.000000 0.000000 -4.570003 11.014878 -2.160838 2.959889 12.023758 8.926847 9.664250 32.496582 63.907580 -0.000013 6.693722 0.000009 -20.179051 -0.514125 6.782784 -2.464798 -1.573995 2.681911 -1.665237 -0.174481 -4.219036 12.710984 -29.825384 -16.130836 -2.646273 -1.527814 1.527820 -15.549438 -3.559426 -12.707138 -1.994610 -1.151581 1.151583 0.000003 -0.000005 0.000001 -9.108284 -0.517885 2.259804 0.038556 1.262297 6.823711 0.214029 -1.397034 17.420117 0.046167 -0.654904 8.066290 -0.000000 0.000002 0.000005 -9.532484 0.000016 0.000000 -0.136233 -2.205094 14.998860 0.214442 -1.398348 17.436874 0.239765 -1.476510 18.446270 -0.000000 0.000001 0.000005 -9.103603 -0.043111 -1.865098 0.030598 -3.075756 20.451022 0.308449 -1.668271 20.948528 0.225819 -1.434041 17.897076 -0.000000 -0.000000 0.000002 -8.076697 -0.486740 -3.806300 0.764894 -4.877287 26.475321 0.214455 -1.398361 17.437026 0.193010 -1.328205 16.535830 0.000001 0.000001 0.000000 4.570401 11.014686 -2.160813 -0.717792 -20.249878 -16.899510 5.973805 -16.155182 -65.928538 0.000005 -1.459346 0.000005 -33.230513 -1.364887 -6.186635 2.466089 -1.576209 2.681697 -0.662910 2.160404 4.832489 11.853555 25.421641 17.058264 2.647884 -1.528753 1.528744 -13.761931 3.522390 9.039605 1.998920 -1.154078 1.154077 0.000002 -0.000001 0.000005 9.109302 -0.518009 2.259899 0.019854 -0.969579 -7.593531 0.267745 1.752596 -17.372431 0.057624 0.820631 -8.034698 -0.000000 -0.000000 0.000002 9.533395 0.000007 -0.000000 -0.076325 2.665809 -15.696833 0.268764 1.755828 -17.405520 0.300508 1.854019 -18.413336 0.000001 0.000000 0.000001 9.104487 -0.042999 -1.865101 0.136881 3.641806 -21.133505 0.386598 2.094828 -20.911884 0.283021 1.800669 -17.865005 0.000001 0.000000 0.000002 8.077793 -0.486890 -3.806300 0.927702 5.555976 -27.128017 0.269155 1.757065 -17.418212 0.241887 1.667729 -16.505888 -0.000000 -0.000000 -0.000001 -8.207801 -6.751718 -1.599544 0.596210 -10.335849 3.512264 7.510633 -8.276069 -3.186727 -3.705637 -3.193839 3.026300 -7.252614 -0.000025 -0.000002 0.000000 -0.000001 -0.000000 8.207800 -6.751717 -1.599544 -10.752602 14.548996 10.332652 12.141612 2.595133 4.138074 1.273206 0.139760 -7.119436 -4.983706 0.000012 0.000003 -0.000000 0.000001 0.000000 
-1.424596 103.377586 0.121838 -148.473231 -82.838795 -152.092112 0.000000 10.181548 0.131524 3.296973 1.543014 2.729724 1.151890 0.339449 1.552798 1.126012 0.361523 1.555887 -0.000000 16.740360 -2.049019 5.626314 -0.078941 0.454683 0.000000 9.617867 1.684975 -7.563343 1.375735 -0.080567 0.000000 22.037369 7.501073 -0.000000 -0.000000 0.000000 -4.570003 11.014878 -2.160838 2.959889 12.023758 8.926847 9.664250 32.496582 63.907580 -0.000013 6.693722 0.000009 -20.179051 -0.514125 6.782784 -2.464798 -1.573995 2.681911 -1.665237 -0.174481 -4.219036 12.710984 -29.825384 -16.130836 -2.646273 -1.527814 1.527820 -15.549438 -3.559426 -12.707138 -1.994610 -1.151581 1.151583 0.000003 -0.000005 0.000001 -9.108284 -0.517885 2.259804 0.038556 1.262297 6.823711 0.214029 -1.397034 17.420117 0.046167 -0.654904 8.066290 -0.000000 0.000002 0.000005 -9.532484 0.000016 0.000000 -0.136233 -2.205094 14.998860 0.214442 -1.398348 17.436874 0.239765 -1.476510 18.446270 -0.000000 0.000001 0.000005 -9.103603 -0.043111 -1.865098 0.030598 -3.075756 20.451022 0.308449 -1.668271 20.948528 0.225819 -1.434041 17.897076 -0.000000 -0.000000 0.000002 -8.076697 -0.486740 -3.806300 0.764894 -4.877287 26.475321 0.214455 -1.398361 17.437026 0.193010 -1.328205 16.535830 0.000001 0.000001 0.000000 4.570401 11.014686 -2.160813 -0.717792 -20.249878 -16.899510 5.973805 -16.155182 -65.928538 0.000005 -1.459346 0.000005 -33.230513 -1.364887 -6.186635 2.466089 -1.576209 2.681697 -0.662910 2.160404 4.832489 11.853555 25.421641 17.058264 2.647884 -1.528753 1.528744 -13.761931 3.522390 9.039605 1.998920 -1.154078 1.154077 0.000002 -0.000001 0.000005 9.109302 -0.518009 2.259899 0.019854 -0.969579 -7.593531 0.267745 1.752596 -17.372431 0.057624 0.820631 -8.034698 -0.000000 -0.000000 0.000002 9.533395 0.000007 -0.000000 -0.076325 2.665809 -15.696833 0.268764 1.755828 -17.405520 0.300508 1.854019 -18.413336 0.000001 0.000000 0.000001 9.104487 -0.042999 -1.865101 0.136881 3.641806 -21.133505 0.386598 2.094828 -20.911884 0.283021 1.800669 -17.865005 0.000001 0.000000 0.000002 8.077793 -0.486890 -3.806300 0.927702 5.555976 -27.128017 0.269155 1.757065 -17.418212 0.241887 1.667729 -16.505888 -0.000000 -0.000000 -0.000001 -8.207801 -6.751718 -1.599544 0.596210 -10.335849 3.512264 7.510633 -8.276069 -3.186727 -3.705637 -3.193839 3.026300 -7.252614 -0.000025 -0.000002 0.000000 -0.000001 -0.000000 8.207800 -6.751717 -1.599544 -10.752602 14.548996 10.332652 12.141612 2.595133 4.138074 1.273206 0.139760 -7.119436 -4.983706 0.000012 0.000003 -0.000000 0.000001 0.000000 
-1.424596 103.377586 0.121838 -148.473231 -82.838795 -152.092112 0.000000 10.181548 0.131524 3.296973 1.543014 2.729724 1.151890 0.339449 1.552798 1.126012 0.361523 1.555887 -0.000000 16.740360 -2.049019 5.626314 -0.078941 0.454683 0.000000 9.617867 1.684975 -7.563343 1.375735 -0.080567 0.000000 22.037369 7.501073 -0.000000 -0.000000 0.000000 -4.570003 11.014878 -2.160838 2.959889 12.023758 8.926847 9.664250 32.496582 63.907580 -0.000013 6.693722 0.000009 -20.179051 -0.514125 6.782784 -2.464798 -1.573995 2.681911 -1.665237 -0.174481 -4.219036 12.710984 -29.825384 -16.130836 -2.646273 -1.527814 1.527820 -15.549438 -3.559426 -12.707138 -1.994610 -1.151581 1.151583 0.000003 -0.000005 0.000001 -9.108284 -0.517885 2.259804 0.038556 1.262297 6.823711 0.214029 -1.397034 17.420117 0.046167 -0.654904 8.066290 -0.000000 0.000002 0.000005 -9.532484 0.000016 0.000000 -0.136233 -2.205094 14.998860 0.214442 -1.398348 17.436874 0.239765 -1.476510 18.446270 -0.000000 0.000001 0.000005 -9.103603 -0.043111 -1.865098 0.030598 -3.075756 20.451022 0.308449 -1.668271 20.948528 0.225819 -1.434041 17.897076 -0.000000 -0.000000 0.000002 -8.076697 -0.486740 -3.806300 0.764894 -4.877287 26.475321 0.214455 -1.398361 17.437026 0.193010 -1.328205 16.535830 0.000001 0.000001 0.000000 4.570401 11.014686 -2.160813 -0.717792 -20.249878 -16.899510 5.973805 -16.155182 -65.928538 0.000005 -1.459346 0.000005 -33.230513 -1.364887 -6.186635 2.466089 -1.576209 2.681697 -0.662910 2.160404 4.832489 11.853555 25.421641 17.058264 2.647884 -1.528753 1.528744 -13.761931 3.522390 9.039605 1.998920 -1.154078 1.154077 0.000002 -0.000001 0.000005 9.109302 -0.518009 2.259899 0.019854 -0.969579 -7.593531 0.267745 1.752596 -17.372431 0.057624 0.820631 -8.034698 -0.000000 -0.000000 0.000002 9.533395 0.000007 -0.000000 -0.076325 2.665809 -15.696833 0.268764 1.755828 -17.405520 0.300508 1.854019 -18.413336 0.000001 0.000000 0.000001 9.104487 -0.042999 -1.865101 0.136881 3.641806 -21.133505 0.386598 2.094828 -20.911884 0.283021 1.800669 -17.865005 0.000001 0.000000 0.000002 8.077793 -0.486890 -3.806300 0.927702 5.555976 -27.128017 0.269155 1.757065 -17.418212 0.241887 1.667729 -16.505888 -0.000000 -0.000000 -0.000001 -8.207801 -6.751718 -1.599544 0.596210 -10.335849 3.512264 7.510633 -8.276069 -3.186727 -3.705637 -3.193839 3.026300 -7.252614 -0.000025 -0.000002 0.000000 -0.000001 -0.000000 8.207800 -6.751717 -1.599544 -10.752602 14.548996 10.332652 12.141612 2.595133 4.138074 1.273206 0.139760 -7.119436 -4.983706 0.000012 0.000003 -0.000000 0.000001 0.000000 
-1.424596 103.377586 0.121838 -148.473231 -82.838795 -152.092112 0.000000 10.181548 0.131524 3.296973 1.543014 2.729724 1.151890 0.339449 1.552798 1.126012 0.361523 1.555887 -0.000000 16.740360 -2.049019 5.626314 -0.078941 0.454683 0.000000 9.617867 1.684975 -7.563343 1.375735 -0.080567 0.000000 22.037369 7.501073 -0.000000 -0.000000 0.000000 -4.570003 11.014878 -2.160838 2.959889 12.023758 8.926847 9.664250 32.496582 63.907580 -0.000013 6.693722 0.000009 -20.179051 -0.514125 6.782784 -2.464798 -1.573995 2.681911 -1.665237 -0.174481 -4.219036 12.710984 -29.825384 -16.130836 -2.646273 -1.527814 1.527820 -15.549438 -3.559426 -12.707138 -1.994610 -1.151581 1.151583 0.000003 -0.000005 0.000001 -9.108284 -0.517885 2.259804 0.038556 1.262297 6.823711 0.214029 -1.397034 17.420117 0.046167 -0.654904 8.066290 -0.000000 0.000002 0.000005 -9.532484 0.000016 0.000000 -0.136233 -2.205094 14.998860 0.214442 -1.398348 17.436874 0.239765 -1.476510 18.446270 -0.000000 0.000001 0.000005 -9.103603 -0.043111 -1.865098 0.030598 -3.075756 20.451022 0.308449 -1.668271 20.948528 0.225819 -1.434041 17.897076 -0.000000 -0.000000 0.000002 -8.076697 -0.486740 -3.806300 0.764894 -4.877287 26.475321 0.214455 -1.398361 17.437026 0.193010 -1.328205 16.535830 0.000001 0.000001 0.000000 4.570401 11.014686 -2.160813 -0.717792 -20.249878 -16.899510 5.973805 -16.155182 -65.928538 0.000005 -1.459346 0.000005 -33.230513 -1.364887 -6.186635 2.466089 -1.576209 2.681697 -0.662910 2.160404 4.832489 11.853555 25.421641 17.058264 2.647884 -1.528753 1.528744 -13.761931 3.522390 9.039605 1.998920 -1.154078 1.154077 0.000002 -0.000001 0.000005 9.109302 -0.518009 2.259899 0.019854 -0.969579 -7.593531 0.267745 1.752596 -17.372431 0.057624 0.820631 -8.034698 -0.000000 -0.000000 0.000002 9.533395 0.000007 -0.000000 -0.076325 2.665809 -15.696833 0.268764 1.755828 -17.405520 0.300508 1.854019 -18.413336 0.000001 0.000000 0.000001 9.104487 -0.042999 -1.865101 0.136881 3.641806 -21.133505 0.386598 2.094828 -20.911884 0.283021 1.800669 -17.865005 0.000001 0.000000 0.000002 8.077793 -0.486890 -3.806300 0.927702 5.555976 -27.128017 0.269155 1.757065 -17.418212 0.241887 1.667729 -16.505888 -0.000000 -0.000000 -0.000001 -8.207801 -6.751718 -1.599544 0.596210 -10.335849 3.512264 7.510633 -8.276069 -3.186727 -3.705637 -3.193839 3.026300 -7.252614 -0.000025 -0.000002 0.000000 -0.000001 -0.000000 8.207800 -6.751717 -1.599544 -10.752602 14.548996 10.332652 12.141612 2.595133 4.138074 1.273206 0.139760 -7.119436 -4.983706 0.000012 0.000003 -0.000000 0.000001 0.000000 
-1.424596 103.377586 0.121838 -148.473231 -82.838795 -152.092112 0.000000 10.181548 0.131524 3.296973 1.543014 2.729724 1.151890 0.339449 1.552798 1.126012 0.361523 1.555887 -0.000000 16.740360 -2.049019 5.626314 -0.078941 0.454683 0.000000 9.617867 1.684975 -7.563343 1.375735 -0.080567 0.000000 22.037369 7.501073 -0.000000 -0.000000 0.000000 -4.570003 11.014878 -2.160838 2.959889 12.023758 8.926847 9.664250 32.496582 63.907580 -0.000013 6.693722 0.000009 -20.179051 -0.514125 6.782784 -2.464798 -1.573995 2.681911 -1.665237 -0.174481 -4.219036 12.710984 -29.825384 -16.130836 -2.646273 -1.527814 1.527820 -15.549438 -3.559426 -12.707138 -1.994610 -1.151581 1.151583 0.000003 -0.000005 0.000001 -9.108284 -0.517885 2.259804 0.038556 1.262297 6.823711 0.214029 -1.397034 17.420117 0.046167 -0.654904 8.066290 -0.000000 0.000002 0.000005 -9.532484 0.000016 0.000000 -0.136233 -2.205094 14.998860 0.214442 -1.398348 17.436874 0.239765 -1.476510 18.446270 -0.000000 0.000001 0.000005 -9.103603 -0.043111 -1.865098 0.030598 -3.075756 20.451022 0.308449 -1.668271 20.948528 0.225819 -1.434041 17.897076 -0.000000 -0.000000 0.000002 -8.076697 -0.486740 -3.806300 0.764894 -4.877287 26.475321 0.214455 -1.398361 17.437026 0.193010 -1.328205 16.535830 0.000001 0.000001 0.000000 4.570401 11.014686 -2.160813 -0.717792 -20.249878 -16.899510 5.973805 -16.155182 -65.928538 0.000005 -1.459346 0.000005 -33.230513 -1.364887 -6.186635 2.466089 -1.576209 2.681697 -0.662910 2.160404 4.832489 11.853555 25.421641 17.058264 2.647884 -1.528753 1.528744 -13.761931 3.522390 9.039605 1.998920 -1.154078 1.154077 0.000002 -0.000001 0.000005 9.109302 -0.518009 2.259899 0.019854 -0.969579 -7.593531 0.267745 1.752596 -17.372431 0.057624 0.820631 -8.034698 -0.000000 -0.000000 0.000002 9.533395 0.000007 -0.000000 -0.076325 2.665809 -15.696833 0.268764 1.755828 -17.405520 0.300508 1.854019 -18.413336 0.000001 0.000000 0.000001 9.104487 -0.042999 -1.865101 0.136881 3.641806 -21.133505 0.386598 2.094828 -20.911884 0.283021 1.800669 -17.865005 0.000001 0.000000 0.000002 8.077793 -0.486890 -3.806300 0.927702 5.555976 -27.128017 0.269155 1.757065 -17.418212 0.241887 1.667729 -16.505888 -0.000000 -0.000000 -0.000001 -8.207801 -6.751718 -1.599544 0.596210 -10.335849 3.512264 7.510633 -8.276069 -3.186727 -3.705637 -3.193839 3.026300 -7.252614 -0.000025 -0.000002 0.000000 -0.000001 -0.000000 8.207800 -6.751717 -1.599544 -10.752602 14.548996 10.332652 12.141612 2.595133 4.138074 1.273206 0.139760 -7.119436 -4.983706 0.000012 0.000003 -0.000000 0.000001 0.000000 
-1.424596 103.377586 0.121838 -148.473231 -82.838795 -152.092112 0.000000 10.181548 0.131524 3.296973 1.543014 2.729724 1.151890 0.339449 1.552798 1.126012 0.361523 1.555887 -0.000000 16.740360 -2.049019 5.626314 -0.078941 0.454683 0.000000 9.617867 1.684975 -7.563343 1.375735 -0.080567 0.000000 22.037369 7.501073 -0.000000 -0.000000 0.000000 -4.570003 11.014878 -2.160838 2.959889 12.023758 8.926847 9.664250 32.496582 63.907580 -0.000013 6.693722 0.000009 -20.179051 -0.514125 6.782784 -2.464798 -1.573995 2.681911 -1.665237 -0.174481 -4.219036 12.710984 -29.825384 -16.130836 -2.646273 -1.527814 1.527820 -15.549438 -3.559426 -12.707138 -1.994610 -1.151581 1.151583 0.000003 -0.000005 0.000001 -9.108284 -0.517885 2.259804 0.038556 1.262297 6.823711 0.214029 -1.397034 17.420117 0.046167 -0.654904 8.066290 -0.000000 0.000002 0.000005 -9.532484 0.000016 0.000000 -0.136233 -2.205094 14.998860 0.214442 -1.398348 17.436874 0.239765 -1.476510 18.446270 -0.000000 0.000001 0.000005 -9.103603 -0.043111 -1.865098 0.030598 -3.075756 20.451022 0.308449 -1.668271 20.948528 0.225819 -1.434041 17.897076 -0.000000 -0.000000 0.000002 -8.076697 -0.486740 -3.806300 0.764894 -4.877287 26.475321 0.214455 -1.398361 17.437026 0.193010 -1.328205 16.535830 0.000001 0.000001 0.000000 4.570401 11.014686 -2.160813 -0.717792 -20.249878 -16.899510 5.973805 -16.155182 -65.928538 0.000005 -1.459346 0.000005 -33.230513 -1.364887 -6.186635 2.466089 -1.576209 2.681697 -0.662910 2.160404 4.832489 11.853555 25.421641 17.058264 2.647884 -1.528753 1.528744 -13.761931 3.522390 9.039605 1.998920 -1.154078 1.154077 0.000002 -0.000001 0.000005 9.109302 -0.518009 2.259899 0.019854 -0.969579 -7.593531 0.267745 1.752596 -17.372431 0.057624 0.820631 -8.034698 -0.000000 -0.000000 0.000002 9.533395 0.000007 -0.000000 -0.076325 2.665809 -15.696833 0.268764 1.755828 -17.405520 0.300508 1.854019 -18.413336 0.000001 0.000000 0.000001 9.104487 -0.042999 -1.865101 0.136881 3.641806 -21.133505 0.386598 2.094828 -20.911884 0.283021 1.800669 -17.865005 0.000001 0.000000 0.000002 8.077793 -0.486890 -3.806300 0.927702 5.555976 -27.128017 0.269155 1.757065 -17.418212 0.241887 1.667729 -16.505888 -0.000000 -0.000000 -0.000001 -8.207801 -6.751718 -1.599544 0.596210 -10.335849 3.512264 7.510633 -8.276069 -3.186727 -3.705637 -3.193839 3.026300 -7.252614 -0.000025 -0.000002 0.000000 -0.000001 -0.000000 8.207800 -6.751717 -1.599544 -10.752602 14.548996 10.332652 12.141612 2.595133 4.138074 1.273206 0.139760 -7.119436 -4.983706 0.000012 0.000003 -0.000000 0.000001 0.000000 
-1.424596 103.377586 0.121838 -148.473231 -82.838795 -152.092112 0.000000 10.181548 0.131524 3.296973 1.543014 2.729724 1.151890 0.339449 1.552798 1.126012 0.361523 1.555887 -0.000000 16.740360 -2.049019 5.626314 -0.078941 0.454683 0.000000 9.617867 1.684975 -7.563343 1.375735 -0.080567 0.000000 22.037369 7.501073 -0.000000 -0.000000 0.000000 -4.570003 11.014878 -2.160838 2.959889 12.023758 8.926847 9.664250 32.496582 63.907580 -0.000013 6.693722 0.000009 -20.179051 -0.514125 6.782784 -2.464798 -1.573995 2.681911 -1.665237 -0.174481 -4.219036 12.710984 -29.825384 -16.130836 -2.646273 -1.527814 1.527820 -15.549438 -3.559426 -12.707138 -1.994610 -1.151581 1.151583 0.000003 -0.000005 0.000001 -9.108284 -0.517885 2.259804 0.038556 1.262297 6.823711 0.214029 -1.397034 17.420117 0.046167 -0.654904 8.066290 -0.000000 0.000002 0.000005 -9.532484 0.000016 0.000000 -0.136233 -2.205094 14.998860 0.214442 -1.398348 17.436874 0.239765 -1.476510 18.446270 -0.000000 0.000001 0.000005 -9.103603 -0.043111 -1.865098 0.030598 -3.075756 20.451022 0.308449 -1.668271 20.948528 0.225819 -1.434041 17.897076 -0.000000 -0.000000 0.000002 -8.076697 -0.486740 -3.806300 0.764894 -4.877287 26.475321 0.214455 -1.398361 17.437026 0.193010 -1.328205 16.535830 0.000001 0.000001 0.000000 4.570401 11.014686 -2.160813 -0.717792 -20.249878 -16.899510 5.973805 -16.155182 -65.928538 0.000005 -1.459346 0.000005 -33.230513 -1.364887 -6.186635 2.466089 -1.576209 2.681697 -0.662910 2.160404 4.832489 11.853555 25.421641 17.058264 2.647884 -1.528753 1.528744 -13.761931 3.522390 9.039605 1.998920 -1.154078 1.154077 0.000002 -0.000001 0.000005 9.109302 -0.518009 2.259899 0.019854 -0.969579 -7.593531 0.267745 1.752596 -17.372431 0.057624 0.820631 -8.034698 -0.000000 -0.000000 0.000002 9.533395 0.000007 -0.000000 -0.076325 2.665809 -15.696833 0.268764 1.755828 -17.405520 0.300508 1.854019 -18.413336 0.000001 0.000000 0.000001 9.104487 -0.042999 -1.865101 0.136881 3.641806 -21.133505 0.386598 2.094828 -20.911884 0.283021 1.800669 -17.865005 0.000001 0.000000 0.000002 8.077793 -0.486890 -3.806300 0.927702 5.555976 -27.128017 0.269155 1.757065 -17.418212 0.241887 1.667729 -16.505888 -0.000000 -0.000000 -0.000001 -8.207801 -6.751718 -1.599544 0.596210 -10.335849 3.512264 7.510633 -8.276069 -3.186727 -3.705637 -3.193839 3.026300 -7.252614 -0.000025 -0.000002 0.000000 -0.000001 -0.000000 8.207800 -6.751717 -1.599544 -10.752602 14.548996 10.332652 12.141612 2.595133 4.138074 1.273206 0.139760 -7.119436 -4.983706 0.000012 0.000003 -0.000000 0.000001 0.000000 
-1.424596 103.377586 0.121838 -148.473231 -82.838795 -152.092112 0.000000 10.181548 0.131524 3.296973 1.543014 2.729724 1.151890 0.339449 1.552798 1.126012 0.361523 1.555887 -0.000000 16.740360 -2.049019 5.626314 -0.078941 0.454683 0.000000 9.617867 1.684975 -7.563343 1.375735 -0.080567 0.000000 22.037369 7.501073 -0.000000 -0.000000 0.000000 -4.570003 11.014878 -2.160838 2.959889 12.023758 8.926847 9.664250 32.496582 63.907580 -0.000013 6.693722 0.000009 -20.179051 -0.514125 6.782784 -2.464798 -1.573995 2.681911 -1.665237 -0.174481 -4.219036 12.710984 -29.825384 -16.130836 -2.646273 -1.527814 1.527820 -15.549438 -3.559426 -12.707138 -1.994610 -1.151581 1.151583 0.000003 -0.000005 0.000001 -9.108284 -0.517885 2.259804 0.038556 1.262297 6.823711 0.214029 -1.397034 17.420117 0.046167 -0.654904 8.066290 -0.000000 0.000002 0.000005 -9.532484 0.000016 0.000000 -0.136233 -2.205094 14.998860 0.214442 -1.398348 17.436874 0.239765 -1.476510 18.446270 -0.000000 0.000001 0.000005 -9.103603 -0.043111 -1.865098 0.030598 -3.075756 20.451022 0.308449 -1.668271 20.948528 0.225819 -1.434041 17.897076 -0.000000 -0.000000 0.000002 -8.076697 -0.486740 -3.806300 0.764894 -4.877287 26.475321 0.214455 -1.398361 17.437026 0.193010 -1.328205 16.535830 0.000001 0.000001 0.000000 4.570401 11.014686 -2.160813 -0.717792 -20.249878 -16.899510 5.973805 -16.155182 -65.928538 0.000005 -1.459346 0.000005 -33.230513 -1.364887 -6.186635 2.466089 -1.576209 2.681697 -0.662910 2.160404 4.832489 11.853555 25.421641 17.058264 2.647884 -1.528753 1.528744 -13.761931 3.522390 9.039605 1.998920 -1.154078 1.154077 0.000002 -0.000001 0.000005 9.109302 -0.518009 2.259899 0.019854 -0.969579 -7.593531 0.267745 1.752596 -17.372431 0.057624 0.820631 -8.034698 -0.000000 -0.000000 0.000002 9.533395 0.000007 -0.000000 -0.076325 2.665809 -15.696833 0.268764 1.755828 -17.405520 0.300508 1.854019 -18.413336 0.000001 0.000000 0.000001 9.104487 -0.042999 -1.865101 0.136881 3.641806 -21.133505 0.386598 2.094828 -20.911884 0.283021 1.800669 -17.865005 0.000001 0.000000 0.000002 8.077793 -0.486890 -3.806300 0.927702 5.555976 -27.128017 0.269155 1.757065 -17.418212 0.241887 1.667729 -16.505888 -0.000000 -0.000000 -0.000001 -8.207801 -6.751718 -1.599544 0.596210 -10.335849 3.512264 7.510633 -8.276069 -3.186727 -3.705637 -3.193839 3.026300 -7.252614 -0.000025 -0.000002 0.000000 -0.000001 -0.000000 8.207800 -6.751717 -1.599544 -10.752602 14.548996 10.332652 12.141612 2.595133 4.138074 1.273206 0.139760 -7.119436 -4.983706 0.000012 0.000003 -0.000000 0.000001 0.000000 
-1.424596 103.377586 0.121838 -148.473231 -82.838795 -152.092112 0.000000 10.181548 0.131524 3.296973 1.543014 2.729724 1.151890 0.339449 1.552798 1.126012 0.361523 1.555887 -0.000000 16.740360 -2.049019 5.626314 -0.078941 0.454683 0.000000 9.617867 1.684975 -7.563343 1.375735 -0.080567 0.000000 22.037369 7.501073 -0.000000 -0.000000 0.000000 -4.570003 11.014878 -2.160838 2.959889 12.023758 8.926847 9.664250 32.496582 63.907580 -0.000013 6.693722 0.000009 -20.179051 -0.514125 6.782784 -2.464798 -1.573995 2.681911 -1.665237 -0.174481 -4.219036 12.710984 -29.825384 -16.130836 -2.646273 -1.527814 1.527820 -15.549438 -3.559426 -12.707138 -1.994610 -1.151581 1.151583 0.000003 -0.000005 0.000001 -9.108284 -0.517885 2.259804 0.038556 1.262297 6.823711 0.214029 -1.397034 17.420117 0.046167 -0.654904 8.066290 -0.000000 0.000002 0.000005 -9.532484 0.000016 0.000000 -0.136233 -2.205094 14.998860 0.214442 -1.398348 17.436874 0.239765 -1.476510 18.446270 -0.000000 0.000001 0.000005 -9.103603 -0.043111 -1.865098 0.030598 -3.075756 20.451022 0.308449 -1.668271 20.948528 0.225819 -1.434041 17.897076 -0.000000 -0.000000 0.000002 -8.076697 -0.486740 -3.806300 0.764894 -4.877287 26.475321 0.214455 -1.398361 17.437026 0.193010 -1.328205 16.535830 0.000001 0.000001 0.000000 4.570401 11.014686 -2.160813 -0.717792 -20.249878 -16.899510 5.973805 -16.155182 -65.928538 0.000005 -1.459346 0.000005 -33.230513 -1.364887 -6.186635 2.466089 -1.576209 2.681697 -0.662910 2.160404 4.832489 11.853555 25.421641 17.058264 2.647884 -1.528753 1.528744 -13.761931 3.522390 9.039605 1.998920 -1.154078 1.154077 0.000002 -0.000001 0.000005 9.109302 -0.518009 2.259899 0.019854 -0.969579 -7.593531 0.267745 1.752596 -17.372431 0.057624 0.820631 -8.034698 -0.000000 -0.000000 0.000002 9.533395 0.000007 -0.000000 -0.076325 2.665809 -15.696833 0.268764 1.755828 -17.405520 0.300508 1.854019 -18.413336 0.000001 0.000000 0.000001 9.104487 -0.042999 -1.865101 0.136881 3.641806 -21.133505 0.386598 2.094828 -20.911884 0.283021 1.800669 -17.865005 0.000001 0.000000 0.000002 8.077793 -0.486890 -3.806300 0.927702 5.555976 -27.128017 0.269155 1.757065 -17.418212 0.241887 1.667729 -16.505888 -0.000000 -0.000000 -0.000001 -8.207801 -6.751718 -1.599544 0.596210 -10.335849 3.512264 7.510633 -8.276069 -3.186727 -3.705637 -3.193839 3.026300 -7.252614 -0.000025 -0.000002 0.000000 -0.000001 -0.000000 8.207800 -6.751717 -1.599544 -10.752602 14.548996 10.332652 12.141612 2.595133 4.138074 1.273206 0.139760 -7.119436 -4.983706 0.000012 0.000003 -0.000000 0.000001 0.000000 
-1.424596 103.377586 0.121838 -148.473231 -82.838795 -152.092112 0.000000 10.181548 0.131524 3.296973 1.543014 2.729724 1.151890 0.339449 1.552798 1.126012 0.361523 1.555887 -0.000000 16.740360 -2.049019 5.626314 -0.078941 0.454683 0.000000 9.617867 1.684975 -7.563343 1.375735 -0.080567 0.000000 22.037369 7.501073 -0.000000 -0.000000 0.000000 -4.570003 11.014878 -2.160838 2.959889 12.023758 8.926847 9.664250 32.496582 63.907580 -0.000013 6.693722 0.000009 -20.179051 -0.514125 6.782784 -2.464798 -1.573995 2.681911 -1.665237 -0.174481 -4.219036 12.710984 -29.825384 -16.130836 -2.646273 -1.527814 1.527820 -15.549438 -3.559426 -12.707138 -1.994610 -1.151581 1.151583 0.000003 -0.000005 0.000001 -9.108284 -0.517885 2.259804 0.038556 1.262297 6.823711 0.214029 -1.397034 17.420117 0.046167 -0.654904 8.066290 -0.000000 0.000002 0.000005 -9.532484 0.000016 0.000000 -0.136233 -2.205094 14.998860 0.214442 -1.398348 17.436874 0.239765 -1.476510 18.446270 -0.000000 0.000001 0.000005 -9.103603 -0.043111 -1.865098 0.030598 -3.075756 20.451022 0.308449 -1.668271 20.948528 0.225819 -1.434041 17.897076 -0.000000 -0.000000 0.000002 -8.076697 -0.486740 -3.806300 0.764894 -4.877287 26.475321 0.214455 -1.398361 17.437026 0.193010 -1.328205 16.535830 0.000001 0.000001 0.000000 4.570401 11.014686 -2.160813 -0.717792 -20.249878 -16.899510 5.973805 -16.155182 -65.928538 0.000005 -1.459346 0.000005 -33.230513 -1.364887 -6.186635 2.466089 -1.576209 2.681697 -0.662910 2.160404 4.832489 11.853555 25.421641 17.058264 2.647884 -1.528753 1.528744 -13.761931 3.522390 9.039605 1.998920 -1.154078 1.154077 0.000002 -0.000001 0.000005 9.109302 -0.518009 2.259899 0.019854 -0.969579 -7.593531 0.267745 1.752596 -17.372431 0.057624 0.820631 -8.034698 -0.000000 -0.000000 0.000002 9.533395 0.000007 -0.000000 -0.076325 2.665809 -15.696833 0.268764 1.755828 -17.405520 0.300508 1.854019 -18.413336 0.000001 0.000000 0.000001 9.104487 -0.042999 -1.865101 0.136881 3.641806 -21.133505 0.386598 2.094828 -20.911884 0.283021 1.800669 -17.865005 0.000001 0.000000 0.000002 8.077793 -0.486890 -3.806300 0.927702 5.555976 -27.128017 0.269155 1.757065 -17.418212 0.241887 1.667729 -16.505888 -0.000000 -0.000000 -0.000001 -8.207801 -6.751718 -1.599544 0.596210 -10.335849 3.512264 7.510633 -8.276069 -3.186727 -3.705637 -3.193839 3.026300 -7.252614 -0.000025 -0.000002 0.000000 -0.000001 -0.000000 8.207800 -6.751717 -1.599544 -10.752602 14.548996 10.332652 12.141612 2.595133 4.138074 1.273206 0.139760 -7.119436 -4.983706 0.000012 0.000003 -0.000000 0.000001 0.000000 
-1.424596 103.377586 0.121838 -148.473231 -82.838795 -152.092112 0.000000 10.181548 0.131524 3.296973 1.543014 2.729724 1.151890 0.339449 1.552798 1.126012 0.361523 1.555887 -0.000000 16.740360 -2.049019 5.626314 -0.078941 0.454683 0.000000 9.617867 1.684975 -7.563343 1.375735 -0.080567 0.000000 22.037369 7.501073 -0.000000 -0.000000 0.000000 -4.570003 11.014878 -2.160838 2.959889 12.023758 8.926847 9.664250 32.496582 63.907580 -0.000013 6.693722 0.000009 -20.179051 -0.514125 6.782784 -2.464798 -1.573995 2.681911 -1.665237 -0.174481 -4.219036 12.710984 -29.825384 -16.130836 -2.646273 -1.527814 1.527820 -15.549438 -3.559426 -12.707138 -1.994610 -1.151581 1.151583 0.000003 -0.000005 0.000001 -9.108284 -0.517885 2.259804 0.038556 1.262297 6.823711 0.214029 -1.397034 17.420117 0.046167 -0.654904 8.066290 -0.000000 0.000002 0.000005 -9.532484 0.000016 0.000000 -0.136233 -2.205094 14.998860 0.214442 -1.398348 17.436874 0.239765 -1.476510 18.446270 -0.000000 0.000001 0.000005 -9.103603 -0.043111 -1.865098 0.030598 -3.075756 20.451022 0.308449 -1.668271 20.948528 0.225819 -1.434041 17.897076 -0.000000 -0.000000 0.000002 -8.076697 -0.486740 -3.806300 0.764894 -4.877287 26.475321 0.214455 -1.398361 17.437026 0.193010 -1.328205 16.535830 0.000001 0.000001 0.000000 4.570401 11.014686 -2.160813 -0.717792 -20.249878 -16.899510 5.973805 -16.155182 -65.928538 0.000005 -1.459346 0.000005 -33.230513 -1.364887 -6.186635 2.466089 -1.576209 2.681697 -0.662910 2.160404 4.832489 11.853555 25.421641 17.058264 2.647884 -1.528753 1.528744 -13.761931 3.522390 9.039605 1.998920 -1.154078 1.154077 0.000002 -0.000001 0.000005 9.109302 -0.518009 2.259899 0.019854 -0.969579 -7.593531 0.267745 1.752596 -17.372431 0.057624 0.820631 -8.034698 -0.000000 -0.000000 0.000002 9.533395 0.000007 -0.000000 -0.076325 2.665809 -15.696833 0.268764 1.755828 -17.405520 0.300508 1.854019 -18.413336 0.000001 0.000000 0.000001 9.104487 -0.042999 -1.865101 0.136881 3.641806 -21.133505 0.386598 2.094828 -20.911884 0.283021 1.800669 -17.865005 0.000001 0.000000 0.000002 8.077793 -0.486890 -3.806300 0.927702 5.555976 -27.128017 0.269155 1.757065 -17.418212 0.241887 1.667729 -16.505888 -0.000000 -0.000000 -0.000001 -8.207801 -6.751718 -1.599544 0.596210 -10.335849 3.512264 7.510633 -8.276069 -3.186727 -3.705637 -3.193839 3.026300 -7.252614 -0.000025 -0.000002 0.000000 -0.000001 -0.000000 8.207800 -6.751717 -1.599544 -10.752602 14.548996 10.332652 12.141612 2.595133 4.138074 1.273206 0.139760 -7.119436 -4.983706 0.000012 0.000003 -0.000000 0.000001 0.000000 
-1.424596 103.377586 0.121838 -148.473231 -82.838795 -152.092112 0.000000 10.181548 0.131524 3.296973 1.543014 2.729724 1.151890 0.339449 1.552798 1.126012 0.361523 1.555887 -0.000000 16.740360 -2.049019 5.626314 -0.078941 0.454683 0.000000 9.617867 1.684975 -7.563343 1.375735 -0.080567 0.000000 22.037369 7.501073 -0.000000 -0.000000 0.000000 -4.570003 11.014878 -2.160838 2.959889 12.023758 8.926847 9.664250 32.496582 63.907580 -0.000013 6.693722 0.000009 -20.179051 -0.514125 6.782784 -2.464798 -1.573995 2.681911 -1.665237 -0.174481 -4.219036 12.710984 -29.825384 -16.130836 -2.646273 -1.527814 1.527820 -15.549438 -3.559426 -12.707138 -1.994610 -1.151581 1.151583 0.000003 -0.000005 0.000001 -9.108284 -0.517885 2.259804 0.038556 1.262297 6.823711 0.214029 -1.397034 17.420117 0.046167 -0.654904 8.066290 -0.000000 0.000002 0.000005 -9.532484 0.000016 0.000000 -0.136233 -2.205094 14.998860 0.214442 -1.398348 17.436874 0.239765 -1.476510 18.446270 -0.000000 0.000001 0.000005 -9.103603 -0.043111 -1.865098 0.030598 -3.075756 20.451022 0.308449 -1.668271 20.948528 0.225819 -1.434041 17.897076 -0.000000 -0.000000 0.000002 -8.076697 -0.486740 -3.806300 0.764894 -4.877287 26.475321 0.214455 -1.398361 17.437026 0.193010 -1.328205 16.535830 0.000001 0.000001 0.000000 4.570401 11.014686 -2.160813 -0.717792 -20.249878 -16.899510 5.973805 -16.155182 -65.928538 0.000005 -1.459346 0.000005 -33.230513 -1.364887 -6.186635 2.466089 -1.576209 2.681697 -0.662910 2.160404 4.832489 11.853555 25.421641 17.058264 2.647884 -1.528753 1.528744 -13.761931 3.522390 9.039605 1.998920 -1.154078 1.154077 0.000002 -0.000001 0.000005 9.109302 -0.518009 2.259899 0.019854 -0.969579 -7.593531 0.267745 1.752596 -17.372431 0.057624 0.820631 -8.034698 -0.000000 -0.000000 0.000002 9.533395 0.000007 -0.000000 -0.076325 2.665809 -15.696833 0.268764 1.755828 -17.405520 0.300508 1.854019 -18.413336 0.000001 0.000000 0.000001 9.104487 -0.042999 -1.865101 0.136881 3.641806 -21.133505 0.386598 2.094828 -20.911884 0.283021 1.800669 -17.865005 0.000001 0.000000 0.000002 8.077793 -0.486890 -3.806300 0.927702 5.555976 -27.128017 0.269155 1.757065 -17.418212 0.241887 1.667729 -16.505888 -0.000000 -0.000000 -0.000001 -8.207801 -6.751718 -1.599544 0.596210 -10.335849 3.512264 7.510633 -8.276069 -3.186727 -3.705637 -3.193839 3.026300 -7.252614 -0.000025 -0.000002 0.000000 -0.000001 -0.000000 8.207800 -6.751717 -1.599544 -10.752602 14.548996 10.332652 12.141612 2.595133 4.138074 1.273206 0.139760 -7.119436 -4.983706 0.000012 0.000003 -0.000000 0.000001 0.000000 
-1.424596 103.377586 0.121838 -148.473231 -82.838795 -152.092112 0.000000 10.181548 0.131524 3.296973 1.543014 2.729724 1.151890 0.339449 1.552798 1.126012 0.361523 1.555887 -0.000000 16.740360 -2.049019 5.626314 -0.078941 0.454683 0.000000 9.617867 1.684975 -7.563343 1.375735 -0.080567 0.000000 22.037369 7.501073 -0.000000 -0.000000 0.000000 -4.570003 11.014878 -2.160838 2.959889 12.023758 8.926847 9.664250 32.496582 63.907580 -0.000013 6.693722 0.000009 -20.179051 -0.514125 6.782784 -2.464798 -1.573995 2.681911 -1.665237 -0.174481 -4.219036 12.710984 -29.825384 -16.130836 -2.646273 -1.527814 1.527820 -15.549438 -3.559426 -12.707138 -1.994610 -1.151581 1.151583 0.000003 -0.000005 0.000001 -9.108284 -0.517885 2.259804 0.038556 1.262297 6.823711 0.214029 -1.397034 17.420117 0.046167 -0.654904 8.066290 -0.000000 0.000002 0.000005 -9.532484 0.000016 0.000000 -0.136233 -2.205094 14.998860 0.214442 -1.398348 17.436874 0.239765 -1.476510 18.446270 -0.000000 0.000001 0.000005 -9.103603 -0.043111 -1.865098 0.030598 -3.075756 20.451022 0.308449 -1.668271 20.948528 0.225819 -1.434041 17.897076 -0.000000 -0.000000 0.000002 -8.076697 -0.486740 -3.806300 0.764894 -4.877287 26.475321 0.214455 -1.398361 17.437026 0.193010 -1.328205 16.535830 0.000001 0.000001 0.000000 4.570401 11.014686 -2.160813 -0.717792 -20.249878 -16.899510 5.973805 -16.155182 -65.928538 0.000005 -1.459346 0.000005 -33.230513 -1.364887 -6.186635 2.466089 -1.576209 2.681697 -0.662910 2.160404 4.832489 11.853555 25.421641 17.058264 2.647884 -1.528753 1.528744 -13.761931 3.522390 9.039605 1.998920 -1.154078 1.154077 0.000002 -0.000001 0.000005 9.109302 -0.518009 2.259899 0.019854 -0.969579 -7.593531 0.267745 1.752596 -17.372431 0.057624 0.820631 -8.034698 -0.000000 -0.000000 0.000002 9.533395 0.000007 -0.000000 -0.076325 2.665809 -15.696833 0.268764 1.755828 -17.405520 0.300508 1.854019 -18.413336 0.000001 0.000000 0.000001 9.104487 -0.042999 -1.865101 0.136881 3.641806 -21.133505 0.386598 2.094828 -20.911884 0.283021 1.800669 -17.865005 0.000001 0.000000 0.000002 8.077793 -0.486890 -3.806300 0.927702 5.555976 -27.128017 0.269155 1.757065 -17.418212 0.241887 1.667729 -16.505888 -0.000000 -0.000000 -0.000001 -8.207801 -6.751718 -1.599544 0.596210 -10.335849 3.512264 7.510633 -8.276069 -3.186727 -3.705637 -3.193839 3.026300 -7.252614 -0.000025 -0.000002 0.000000 -0.000001 -0.000000 8.207800 -6.751717 -1.599544 -10.752602 14.548996 10.332652 12.141612 2.595133 4.138074 1.273206 0.139760 -7.119436 -4.983706 0.000012 0.000003 -0.000000 0.000001 0.000000 
-1.424596 103.377586 0.121838 -148.473231 -82.838795 -152.092112 0.000000 10.181548 0.131524 3.296973 1.543014 2.729724 1.151890 0.339449 1.552798 1.126012 0.361523 1.555887 -0.000000 16.740360 -2.049019 5.626314 -0.078941 0.454683 0.000000 9.617867 1.684975 -7.563343 1.375735 -0.080567 0.000000 22.037369 7.501073 -0.000000 -0.000000 0.000000 -4.570003 11.014878 -2.160838 2.959889 12.023758 8.926847 9.664250 32.496582 63.907580 -0.000013 6.693722 0.000009 -20.179051 -0.514125 6.782784 -2.464798 -1.573995 2.681911 -1.665237 -0.174481 -4.219036 12.710984 -29.825384 -16.130836 -2.646273 -1.527814 1.527820 -15.549438 -3.559426 -12.707138 -1.994610 -1.151581 1.151583 0.000003 -0.000005 0.000001 -9.108284 -0.517885 2.259804 0.038556 1.262297 6.823711 0.214029 -1.397034 17.420117 0.046167 -0.654904 8.066290 -0.000000 0.000002 0.000005 -9.532484 0.000016 0.000000 -0.136233 -2.205094 14.998860 0.214442 -1.398348 17.436874 0.239765 -1.476510 18.446270 -0.000000 0.000001 0.000005 -9.103603 -0.043111 -1.865098 0.030598 -3.075756 20.451022 0.308449 -1.668271 20.948528 0.225819 -1.434041 17.897076 -0.000000 -0.000000 0.000002 -8.076697 -0.486740 -3.806300 0.764894 -4.877287 26.475321 0.214455 -1.398361 17.437026 0.193010 -1.328205 16.535830 0.000001 0.000001 0.000000 4.570401 11.014686 -2.160813 -0.717792 -20.249878 -16.899510 5.973805 -16.155182 -65.928538 0.000005 -1.459346 0.000005 -33.230513 -1.364887 -6.186635 2.466089 -1.576209 2.681697 -0.662910 2.160404 4.832489 11.853555 25.421641 17.058264 2.647884 -1.528753 1.528744 -13.761931 3.522390 9.039605 1.998920 -1.154078 1.154077 0.000002 -0.000001 0.000005 9.109302 -0.518009 2.259899 0.019854 -0.969579 -7.593531 0.267745 1.752596 -17.372431 0.057624 0.820631 -8.034698 -0.000000 -0.000000 0.000002 9.533395 0.000007 -0.000000 -0.076325 2.665809 -15.696833 0.268764 1.755828 -17.405520 0.300508 1.854019 -18.413336 0.000001 0.000000 0.000001 9.104487 -0.042999 -1.865101 0.136881 3.641806 -21.133505 0.386598 2.094828 -20.911884 0.283021 1.800669 -17.865005 0.000001 0.000000 0.000002 8.077793 -0.486890 -3.806300 0.927702 5.555976 -27.128017 0.269155 1.757065 -17.418212 0.241887 1.667729 -16.505888 -0.000000 -0.000000 -0.000001 -8.207801 -6.751718 -1.599544 0.596210 -10.335849 3.512264 7.510633 -8.276069 -3.186727 -3.705637 -3.193839 3.026300 -7.252614 -0.000025 -0.000002 0.000000 -0.000001 -0.000000 8.207800 -6.751717 -1.599544 -10.752602 14.548996 10.332652 12.141612 2.595133 4.138074 1.273206 0.139760 -7.119436 -4.983706 0.000012 0.000003 -0.000000 0.000001 0.000000 
-1.424596 103.377586 0.121838 -148.473231 -82.838795 -152.092112 0.000000 10.181548 0.131524 3.296973 1.543014 2.729724 1.151890 0.339449 1.552798 1.126012 0.361523 1.555887 -0.000000 16.740360 -2.049019 5.626314 -0.078941 0.454683 0.000000 9.617867 1.684975 -7.563343 1.375735 -0.080567 0.000000 22.037369 7.501073 -0.000000 -0.000000 0.000000 -4.570003 11.014878 -2.160838 2.959889 12.023758 8.926847 9.664250 32.496582 63.907580 -0.000013 6.693722 0.000009 -20.179051 -0.514125 6.782784 -2.464798 -1.573995 2.681911 -1.665237 -0.174481 -4.219036 12.710984 -29.825384 -16.130836 -2.646273 -1.527814 1.527820 -15.549438 -3.559426 -12.707138 -1.994610 -1.151581 1.151583 0.000003 -0.000005 0.000001 -9.108284 -0.517885 2.259804 0.038556 1.262297 6.823711 0.214029 -1.397034 17.420117 0.046167 -0.654904 8.066290 -0.000000 0.000002 0.000005 -9.532484 0.000016 0.000000 -0.136233 -2.205094 14.998860 0.214442 -1.398348 17.436874 0.239765 -1.476510 18.446270 -0.000000 0.000001 0.000005 -9.103603 -0.043111 -1.865098 0.030598 -3.075756 20.451022 0.308449 -1.668271 20.948528 0.225819 -1.434041 17.897076 -0.000000 -0.000000 0.000002 -8.076697 -0.486740 -3.806300 0.764894 -4.877287 26.475321 0.214455 -1.398361 17.437026 0.193010 -1.328205 16.535830 0.000001 0.000001 0.000000 4.570401 11.014686 -2.160813 -0.717792 -20.249878 -16.899510 5.973805 -16.155182 -65.928538 0.000005 -1.459346 0.000005 -33.230513 -1.364887 -6.186635 2.466089 -1.576209 2.681697 -0.662910 2.160404 4.832489 11.853555 25.421641 17.058264 2.647884 -1.528753 1.528744 -13.761931 3.522390 9.039605 1.998920 -1.154078 1.154077 0.000002 -0.000001 0.000005 9.109302 -0.518009 2.259899 0.019854 -0.969579 -7.593531 0.267745 1.752596 -17.372431 0.057624 0.820631 -8.034698 -0.000000 -0.000000 0.000002 9.533395 0.000007 -0.000000 -0.076325 2.665809 -15.696833 0.268764 1.755828 -17.405520 0.300508 1.854019 -18.413336 0.000001 0.000000 0.000001 9.104487 -0.042999 -1.865101 0.136881 3.641806 -21.133505 0.386598 2.094828 -20.911884 0.283021 1.800669 -17.865005 0.000001 0.000000 0.000002 8.077793 -0.486890 -3.806300 0.927702 5.555976 -27.128017 0.269155 1.757065 -17.418212 0.241887 1.667729 -16.505888 -0.000000 -0.000000 -0.000001 -8.207801 -6.751718 -1.599544 0.596210 -10.335849 3.512264 7.510633 -8.276069 -3.186727 -3.705637 -3.193839 3.026300 -7.252614 -0.000025 -0.000002 0.000000 -0.000001 -0.000000 8.207800 -6.751717 -1.599544 -10.752602 14.548996 10.332652 12.141612 2.595133 4.138074 1.273206 0.139760 -7.119436 -4.983706 0.000012 0.000003 -0.000000 0.000001 0.000000 
-1.424596 103.377586 0.121838 -148.473231 -82.838795 -152.092112 0.000000 10.181548 0.131524 3.296973 1.543014 2.729724 1.151890 0.339449 1.552798 1.126012 0.361523 1.555887 -0.000000 16.740360 -2.049019 5.626314 -0.078941 0.454683 0.000000 9.617867 1.684975 -7.563343 1.375735 -0.080567 0.000000 22.037369 7.501073 -0.000000 -0.000000 0.000000 -4.570003 11.014878 -2.160838 2.959889 12.023758 8.926847 9.664250 32.496582 63.907580 -0.000013 6.693722 0.000009 -20.179051 -0.514125 6.782784 -2.464798 -1.573995 2.681911 -1.665237 -0.174481 -4.219036 12.710984 -29.825384 -16.130836 -2.646273 -1.527814 1.527820 -15.549438 -3.559426 -12.707138 -1.994610 -1.151581 1.151583 0.000003 -0.000005 0.000001 -9.108284 -0.517885 2.259804 0.038556 1.262297 6.823711 0.214029 -1.397034 17.420117 0.046167 -0.654904 8.066290 -0.000000 0.000002 0.000005 -9.532484 0.000016 0.000000 -0.136233 -2.205094 14.998860 0.214442 -1.398348 17.436874 0.239765 -1.476510 18.446270 -0.000000 0.000001 0.000005 -9.103603 -0.043111 -1.865098 0.030598 -3.075756 20.451022 0.308449 -1.668271 20.948528 0.225819 -1.434041 17.897076 -0.000000 -0.000000 0.000002 -8.076697 -0.486740 -3.806300 0.764894 -4.877287 26.475321 0.214455 -1.398361 17.437026 0.193010 -1.328205 16.535830 0.000001 0.000001 0.000000 4.570401 11.014686 -2.160813 -0.717792 -20.249878 -16.899510 5.973805 -16.155182 -65.928538 0.000005 -1.459346 0.000005 -33.230513 -1.364887 -6.186635 2.466089 -1.576209 2.681697 -0.662910 2.160404 4.832489 11.853555 25.421641 17.058264 2.647884 -1.528753 1.528744 -13.761931 3.522390 9.039605 1.998920 -1.154078 1.154077 0.000002 -0.000001 0.000005 9.109302 -0.518009 2.259899 0.019854 -0.969579 -7.593531 0.267745 1.752596 -17.372431 0.057624 0.820631 -8.034698 -0.000000 -0.000000 0.000002 9.533395 0.000007 -0.000000 -0.076325 2.665809 -15.696833 0.268764 1.755828 -17.405520 0.300508 1.854019 -18.413336 0.000001 0.000000 0.000001 9.104487 -0.042999 -1.865101 0.136881 3.641806 -21.133505 0.386598 2.094828 -20.911884 0.283021 1.800669 -17.865005 0.000001 0.000000 0.000002 8.077793 -0.486890 -3.806300 0.927702 5.555976 -27.128017 0.269155 1.757065 -17.418212 0.241887 1.667729 -16.505888 -0.000000 -0.000000 -0.000001 -8.207801 -6.751718 -1.599544 0.596210 -10.335849 3.512264 7.510633 -8.276069 -3.186727 -3.705637 -3.193839 3.026300 -7.252614 -0.000025 -0.000002 0.000000 -0.000001 -0.000000 8.207800 -6.751717 -1.599544 -10.752602 14.548996 10.332652 12.141612 2.595133 4.138074 1.273206 0.139760 -7.119436 -4.983706 0.000012 0.000003 -0.000000 0.000001 0.000000 
-1.424596 103.377586 0.121838 -148.473231 -82.838795 -152.092112 0.000000 10.181548 0.131524 3.296973 1.543014 2.729724 1.151890 0.339449 1.552798 1.126012 0.361523 1.555887 -0.000000 16.740360 -2.049019 5.626314 -0.078941 0.454683 0.000000 9.617867 1.684975 -7.563343 1.375735 -0.080567 0.000000 22.037369 7.501073 -0.000000 -0.000000 0.000000 -4.570003 11.014878 -2.160838 2.959889 12.023758 8.926847 9.664250 32.496582 63.907580 -0.000013 6.693722 0.000009 -20.179051 -0.514125 6.782784 -2.464798 -1.573995 2.681911 -1.665237 -0.174481 -4.219036 12.710984 -29.825384 -16.130836 -2.646273 -1.527814 1.527820 -15.549438 -3.559426 -12.707138 -1.994610 -1.151581 1.151583 0.000003 -0.000005 0.000001 -9.108284 -0.517885 2.259804 0.038556 1.262297 6.823711 0.214029 -1.397034 17.420117 0.046167 -0.654904 8.066290 -0.000000 0.000002 0.000005 -9.532484 0.000016 0.000000 -0.136233 -2.205094 14.998860 0.214442 -1.398348 17.436874 0.239765 -1.476510 18.446270 -0.000000 0.000001 0.000005 -9.103603 -0.043111 -1.865098 0.030598 -3.075756 20.451022 0.308449 -1.668271 20.948528 0.225819 -1.434041 17.897076 -0.000000 -0.000000 0.000002 -8.076697 -0.486740 -3.806300 0.764894 -4.877287 26.475321 0.214455 -1.398361 17.437026 0.193010 -1.328205 16.535830 0.000001 0.000001 0.000000 4.570401 11.014686 -2.160813 -0.717792 -20.249878 -16.899510 5.973805 -16.155182 -65.928538 0.000005 -1.459346 0.000005 -33.230513 -1.364887 -6.186635 2.466089 -1.576209 2.681697 -0.662910 2.160404 4.832489 11.853555 25.421641 17.058264 2.647884 -1.528753 1.528744 -13.761931 3.522390 9.039605 1.998920 -1.154078 1.154077 0.000002 -0.000001 0.000005 9.109302 -0.518009 2.259899 0.019854 -0.969579 -7.593531 0.267745 1.752596 -17.372431 0.057624 0.820631 -8.034698 -0.000000 -0.000000 0.000002 9.533395 0.000007 -0.000000 -0.076325 2.665809 -15.696833 0.268764 1.755828 -17.405520 0.300508 1.854019 -18.413336 0.000001 0.000000 0.000001 9.104487 -0.042999 -1.865101 0.136881 3.641806 -21.133505 0.386598 2.094828 -20.911884 0.283021 1.800669 -17.865005 0.000001 0.000000 0.000002 8.077793 -0.486890 -3.806300 0.927702 5.555976 -27.128017 0.269155 1.757065 -17.418212 0.241887 1.667729 -16.505888 -0.000000 -0.000000 -0.000001 -8.207801 -6.751718 -1.599544 0.596210 -10.335849 3.512264 7.510633 -8.276069 -3.186727 -3.705637 -3.193839 3.026300 -7.252614 -0.000025 -0.000002 0.000000 -0.000001 -0.000000 8.207800 -6.751717 -1.599544 -10.752602 14.548996 10.332652 12.141612 2.595133 4.138074 1.273206 0.139760 -7.119436 -4.983706 0.000012 0.000003 -0.000000 0.000001 0.000000 
-1.424596 103.377586 0.121838 -148.473231 -82.838795 -152.092112 0.000000 10.181548 0.131524 3.296973 1.543014 2.729724 1.151890 0.339449 1.552798 1.126012 0.361523 1.555887 -0.000000 16.740360 -2.049019 5.626314 -0.078941 0.454683 0.000000 9.617867 1.684975 -7.563343 1.375735 -0.080567 0.000000 22.037369 7.501073 -0.000000 -0.000000 0.000000 -4.570003 11.014878 -2.160838 2.959889 12.023758 8.926847 9.664250 32.496582 63.907580 -0.000013 6.693722 0.000009 -20.179051 -0.514125 6.782784 -2.464798 -1.573995 2.681911 -1.665237 -0.174481 -4.219036 12.710984 -29.825384 -16.130836 -2.646273 -1.527814 1.527820 -15.549438 -3.559426 -12.707138 -1.994610 -1.151581 1.151583 0.000003 -0.000005 0.000001 -9.108284 -0.517885 2.259804 0.038556 1.262297 6.823711 0.214029 -1.397034 17.420117 0.046167 -0.654904 8.066290 -0.000000 0.000002 0.000005 -9.532484 0.000016 0.000000 -0.136233 -2.205094 14.998860 0.214442 -1.398348 17.436874 0.239765 -1.476510 18.446270 -0.000000 0.000001 0.000005 -9.103603 -0.043111 -1.865098 0.030598 -3.075756 20.451022 0.308449 -1.668271 20.948528 0.225819 -1.434041 17.897076 -0.000000 -0.000000 0.000002 -8.076697 -0.486740 -3.806300 0.764894 -4.877287 26.475321 0.214455 -1.398361 17.437026 0.193010 -1.328205 16.535830 0.000001 0.000001 0.000000 4.570401 11.014686 -2.160813 -0.717792 -20.249878 -16.899510 5.973805 -16.155182 -65.928538 0.000005 -1.459346 0.000005 -33.230513 -1.364887 -6.186635 2.466089 -1.576209 2.681697 -0.662910 2.160404 4.832489 11.853555 25.421641 17.058264 2.647884 -1.528753 1.528744 -13.761931 3.522390 9.039605 1.998920 -1.154078 1.154077 0.000002 -0.000001 0.000005 9.109302 -0.518009 2.259899 0.019854 -0.969579 -7.593531 0.267745 1.752596 -17.372431 0.057624 0.820631 -8.034698 -0.000000 -0.000000 0.000002 9.533395 0.000007 -0.000000 -0.076325 2.665809 -15.696833 0.268764 1.755828 -17.405520 0.300508 1.854019 -18.413336 0.000001 0.000000 0.000001 9.104487 -0.042999 -1.865101 0.136881 3.641806 -21.133505 0.386598 2.094828 -20.911884 0.283021 1.800669 -17.865005 0.000001 0.000000 0.000002 8.077793 -0.486890 -3.806300 0.927702 5.555976 -27.128017 0.269155 1.757065 -17.418212 0.241887 1.667729 -16.505888 -0.000000 -0.000000 -0.000001 -8.207801 -6.751718 -1.599544 0.596210 -10.335849 3.512264 7.510633 -8.276069 -3.186727 -3.705637 -3.193839 3.026300 -7.252614 -0.000025 -0.000002 0.000000 -0.000001 -0.000000 8.207800 -6.751717 -1.599544 -10.752602 14.548996 10.332652 12.141612 2.595133 4.138074 1.273206 0.139760 -7.119436 -4.983706 0.000012 0.000003 -0.000000 0.000001 0.000000 
-1.424596 103.377586 0.121838 -148.473231 -82.838795 -152.092112 0.000000 10.181548 0.131524 3.296973 1.543014 2.729724 1.151890 0.339449 1.552798 1.126012 0.361523 1.555887 -0.000000 16.740360 -2.049019 5.626314 -0.078941 0.454683 0.000000 9.617867 1.684975 -7.563343 1.375735 -0.080567 0.000000 22.037369 7.501073 -0.000000 -0.000000 0.000000 -4.570003 11.014878 -2.160838 2.959889 12.023758 8.926847 9.664250 32.496582 63.907580 -0.000013 6.693722 0.000009 -20.179051 -0.514125 6.782784 -2.464798 -1.573995 2.681911 -1.665237 -0.174481 -4.219036 12.710984 -29.825384 -16.130836 -2.646273 -1.527814 1.527820 -15.549438 -3.559426 -12.707138 -1.994610 -1.151581 1.151583 0.000003 -0.000005 0.000001 -9.108284 -0.517885 2.259804 0.038556 1.262297 6.823711 0.214029 -1.397034 17.420117 0.046167 -0.654904 8.066290 -0.000000 0.000002 0.000005 -9.532484 0.000016 0.000000 -0.136233 -2.205094 14.998860 0.214442 -1.398348 17.436874 0.239765 -1.476510 18.446270 -0.000000 0.000001 0.000005 -9.103603 -0.043111 -1.865098 0.030598 -3.075756 20.451022 0.308449 -1.668271 20.948528 0.225819 -1.434041 17.897076 -0.000000 -0.000000 0.000002 -8.076697 -0.486740 -3.806300 0.764894 -4.877287 26.475321 0.214455 -1.398361 17.437026 0.193010 -1.328205 16.535830 0.000001 0.000001 0.000000 4.570401 11.014686 -2.160813 -0.717792 -20.249878 -16.899510 5.973805 -16.155182 -65.928538 0.000005 -1.459346 0.000005 -33.230513 -1.364887 -6.186635 2.466089 -1.576209 2.681697 -0.662910 2.160404 4.832489 11.853555 25.421641 17.058264 2.647884 -1.528753 1.528744 -13.761931 3.522390 9.039605 1.998920 -1.154078 1.154077 0.000002 -0.000001 0.000005 9.109302 -0.518009 2.259899 0.019854 -0.969579 -7.593531 0.267745 1.752596 -17.372431 0.057624 0.820631 -8.034698 -0.000000 -0.000000 0.000002 9.533395 0.000007 -0.000000 -0.076325 2.665809 -15.696833 0.268764 1.755828 -17.405520 0.300508 1.854019 -18.413336 0.000001 0.000000 0.000001 9.104487 -0.042999 -1.865101 0.136881 3.641806 -21.133505 0.386598 2.094828 -20.911884 0.283021 1.800669 -17.865005 0.000001 0.000000 0.000002 8.077793 -0.486890 -3.806300 0.927702 5.555976 -27.128017 0.269155 1.757065 -17.418212 0.241887 1.667729 -16.505888 -0.000000 -0.000000 -0.000001 -8.207801 -6.751718 -1.599544 0.596210 -10.335849 3.512264 7.510633 -8.276069 -3.186727 -3.705637 -3.193839 3.026300 -7.252614 -0.000025 -0.000002 0.000000 -0.000001 -0.000000 8.207800 -6.751717 -1.599544 -10.752602 14.548996 10.332652 12.141612 2.595133 4.138074 1.273206 0.139760 -7.119436 -4.983706 0.000012 0.000003 -0.000000 0.000001 0.000000 
-1.424596 103.377586 0.121838 -148.473231 -82.838795 -152.092112 0.000000 10.181548 0.131524 3.296973 1.543014 2.729724 1.151890 0.339449 1.552798 1.126012 0.361523 1.555887 -0.000000 16.740360 -2.049019 5.626314 -0.078941 0.454683 0.000000 9.617867 1.684975 -7.563343 1.375735 -0.080567 0.000000 22.037369 7.501073 -0.000000 -0.000000 0.000000 -4.570003 11.014878 -2.160838 2.959889 12.023758 8.926847 9.664250 32.496582 63.907580 -0.000013 6.693722 0.000009 -20.179051 -0.514125 6.782784 -2.464798 -1.573995 2.681911 -1.665237 -0.174481 -4.219036 12.710984 -29.825384 -16.130836 -2.646273 -1.527814 1.527820 -15.549438 -3.559426 -12.707138 -1.994610 -1.151581 1.151583 0.000003 -0.000005 0.000001 -9.108284 -0.517885 2.259804 0.038556 1.262297 6.823711 0.214029 -1.397034 17.420117 0.046167 -0.654904 8.066290 -0.000000 0.000002 0.000005 -9.532484 0.000016 0.000000 -0.136233 -2.205094 14.998860 0.214442 -1.398348 17.436874 0.239765 -1.476510 18.446270 -0.000000 0.000001 0.000005 -9.103603 -0.043111 -1.865098 0.030598 -3.075756 20.451022 0.308449 -1.668271 20.948528 0.225819 -1.434041 17.897076 -0.000000 -0.000000 0.000002 -8.076697 -0.486740 -3.806300 0.764894 -4.877287 26.475321 0.214455 -1.398361 17.437026 0.193010 -1.328205 16.535830 0.000001 0.000001 0.000000 4.570401 11.014686 -2.160813 -0.717792 -20.249878 -16.899510 5.973805 -16.155182 -65.928538 0.000005 -1.459346 0.000005 -33.230513 -1.364887 -6.186635 2.466089 -1.576209 2.681697 -0.662910 2.160404 4.832489 11.853555 25.421641 17.058264 2.647884 -1.528753 1.528744 -13.761931 3.522390 9.039605 1.998920 -1.154078 1.154077 0.000002 -0.000001 0.000005 9.109302 -0.518009 2.259899 0.019854 -0.969579 -7.593531 0.267745 1.752596 -17.372431 0.057624 0.820631 -8.034698 -0.000000 -0.000000 0.000002 9.533395 0.000007 -0.000000 -0.076325 2.665809 -15.696833 0.268764 1.755828 -17.405520 0.300508 1.854019 -18.413336 0.000001 0.000000 0.000001 9.104487 -0.042999 -1.865101 0.136881 3.641806 -21.133505 0.386598 2.094828 -20.911884 0.283021 1.800669 -17.865005 0.000001 0.000000 0.000002 8.077793 -0.486890 -3.806300 0.927702 5.555976 -27.128017 0.269155 1.757065 -17.418212 0.241887 1.667729 -16.505888 -0.000000 -0.000000 -0.000001 -8.207801 -6.751718 -1.599544 0.596210 -10.335849 3.512264 7.510633 -8.276069 -3.186727 -3.705637 -3.193839 3.026300 -7.252614 -0.000025 -0.000002 0.000000 -0.000001 -0.000000 8.207800 -6.751717 -1.599544 -10.752602 14.548996 10.332652 12.141612 2.595133 4.138074 1.273206 0.139760 -7.119436 -4.983706 0.000012 0.000003 -0.000000 0.000001 0.000000 
-1.424596 103.377586 0.121838 -148.473231 -82.838795 -152.092112 0.000000 10.181548 0.131524 3.296973 1.543014 2.729724 1.151890 0.339449 1.552798 1.126012 0.361523 1.555887 -0.000000 16.740360 -2.049019 5.626314 -0.078941 0.454683 0.000000 9.617867 1.684975 -7.563343 1.375735 -0.080567 0.000000 22.037369 7.501073 -0.000000 -0.000000 0.000000 -4.570003 11.014878 -2.160838 2.959889 12.023758 8.926847 9.664250 32.496582 63.907580 -0.000013 6.693722 0.000009 -20.179051 -0.514125 6.782784 -2.464798 -1.573995 2.681911 -1.665237 -0.174481 -4.219036 12.710984 -29.825384 -16.130836 -2.646273 -1.527814 1.527820 -15.549438 -3.559426 -12.707138 -1.994610 -1.151581 1.151583 0.000003 -0.000005 0.000001 -9.108284 -0.517885 2.259804 0.038556 1.262297 6.823711 0.214029 -1.397034 17.420117 0.046167 -0.654904 8.066290 -0.000000 0.000002 0.000005 -9.532484 0.000016 0.000000 -0.136233 -2.205094 14.998860 0.214442 -1.398348 17.436874 0.239765 -1.476510 18.446270 -0.000000 0.000001 0.000005 -9.103603 -0.043111 -1.865098 0.030598 -3.075756 20.451022 0.308449 -1.668271 20.948528 0.225819 -1.434041 17.897076 -0.000000 -0.000000 0.000002 -8.076697 -0.486740 -3.806300 0.764894 -4.877287 26.475321 0.214455 -1.398361 17.437026 0.193010 -1.328205 16.535830 0.000001 0.000001 0.000000 4.570401 11.014686 -2.160813 -0.717792 -20.249878 -16.899510 5.973805 -16.155182 -65.928538 0.000005 -1.459346 0.000005 -33.230513 -1.364887 -6.186635 2.466089 -1.576209 2.681697 -0.662910 2.160404 4.832489 11.853555 25.421641 17.058264 2.647884 -1.528753 1.528744 -13.761931 3.522390 9.039605 1.998920 -1.154078 1.154077 0.000002 -0.000001 0.000005 9.109302 -0.518009 2.259899 0.019854 -0.969579 -7.593531 0.267745 1.752596 -17.372431 0.057624 0.820631 -8.034698 -0.000000 -0.000000 0.000002 9.533395 0.000007 -0.000000 -0.076325 2.665809 -15.696833 0.268764 1.755828 -17.405520 0.300508 1.854019 -18.413336 0.000001 0.000000 0.000001 9.104487 -0.042999 -1.865101 0.136881 3.641806 -21.133505 0.386598 2.094828 -20.911884 0.283021 1.800669 -17.865005 0.000001 0.000000 0.000002 8.077793 -0.486890 -3.806300 0.927702 5.555976 -27.128017 0.269155 1.757065 -17.418212 0.241887 1.667729 -16.505888 -0.000000 -0.000000 -0.000001 -8.207801 -6.751718 -1.599544 0.596210 -10.335849 3.512264 7.510633 -8.276069 -3.186727 -3.705637 -3.193839 3.026300 -7.252614 -0.000025 -0.000002 0.000000 -0.000001 -0.000000 8.207800 -6.751717 -1.599544 -10.752602 14.548996 10.332652 12.141612 2.595133 4.138074 1.273206 0.139760 -7.119436 -4.983706 0.000012 0.000003 -0.000000 0.000001 0.000000 
-1.424596 103.377586 0.121838 -148.473231 -82.838795 -152.092112 0.000000 10.181548 0.131524 3.296973 1.543014 2.729724 1.151890 0.339449 1.552798 1.126012 0.361523 1.555887 -0.000000 16.740360 -2.049019 5.626314 -0.078941 0.454683 0.000000 9.617867 1.684975 -7.563343 1.375735 -0.080567 0.000000 22.037369 7.501073 -0.000000 -0.000000 0.000000 -4.570003 11.014878 -2.160838 2.959889 12.023758 8.926847 9.664250 32.496582 63.907580 -0.000013 6.693722 0.000009 -20.179051 -0.514125 6.782784 -2.464798 -1.573995 2.681911 -1.665237 -0.174481 -4.219036 12.710984 -29.825384 -16.130836 -2.646273 -1.527814 1.527820 -15.549438 -3.559426 -12.707138 -1.994610 -1.151581 1.151583 0.000003 -0.000005 0.000001 -9.108284 -0.517885 2.259804 0.038556 1.262297 6.823711 0.214029 -1.397034 17.420117 0.046167 -0.654904 8.066290 -0.000000 0.000002 0.000005 -9.532484 0.000016 0.000000 -0.136233 -2.205094 14.998860 0.214442 -1.398348 17.436874 0.239765 -1.476510 18.446270 -0.000000 0.000001 0.000005 -9.103603 -0.043111 -1.865098 0.030598 -3.075756 20.451022 0.308449 -1.668271 20.948528 0.225819 -1.434041 17.897076 -0.000000 -0.000000 0.000002 -8.076697 -0.486740 -3.806300 0.764894 -4.877287 26.475321 0.214455 -1.398361 17.437026 0.193010 -1.328205 16.535830 0.000001 0.000001 0.000000 4.570401 11.014686 -2.160813 -0.717792 -20.249878 -16.899510 5.973805 -16.155182 -65.928538 0.000005 -1.459346 0.000005 -33.230513 -1.364887 -6.186635 2.466089 -1.576209 2.681697 -0.662910 2.160404 4.832489 11.853555 25.421641 17.058264 2.647884 -1.528753 1.528744 -13.761931 3.522390 9.039605 1.998920 -1.154078 1.154077 0.000002 -0.000001 0.000005 9.109302 -0.518009 2.259899 0.019854 -0.969579 -7.593531 0.267745 1.752596 -17.372431 0.057624 0.820631 -8.034698 -0.000000 -0.000000 0.000002 9.533395 0.000007 -0.000000 -0.076325 2.665809 -15.696833 0.268764 1.755828 -17.405520 0.300508 1.854019 -18.413336 0.000001 0.000000 0.000001 9.104487 -0.042999 -1.865101 0.136881 3.641806 -21.133505 0.386598 2.094828 -20.911884 0.283021 1.800669 -17.865005 0.000001 0.000000 0.000002 8.077793 -0.486890 -3.806300 0.927702 5.555976 -27.128017 0.269155 1.757065 -17.418212 0.241887 1.667729 -16.505888 -0.000000 -0.000000 -0.000001 -8.207801 -6.751718 -1.599544 0.596210 -10.335849 3.512264 7.510633 -8.276069 -3.186727 -3.705637 -3.193839 3.026300 -7.252614 -0.000025 -0.000002 0.000000 -0.000001 -0.000000 8.207800 -6.751717 -1.599544 -10.752602 14.548996 10.332652 12.141612 2.595133 4.138074 1.273206 0.139760 -7.119436 -4.983706 0.000012 0.000003 -0.000000 0.000001 0.000000 
-1.424596 103.377586 0.121838 -148.473231 -82.838795 -152.092112 0.000000 10.181548 0.131524 3.296973 1.543014 2.729724 1.151890 0.339449 1.552798 1.126012 0.361523 1.555887 -0.000000 16.740360 -2.049019 5.626314 -0.078941 0.454683 0.000000 9.617867 1.684975 -7.563343 1.375735 -0.080567 0.000000 22.037369 7.501073 -0.000000 -0.000000 0.000000 -4.570003 11.014878 -2.160838 2.959889 12.023758 8.926847 9.664250 32.496582 63.907580 -0.000013 6.693722 0.000009 -20.179051 -0.514125 6.782784 -2.464798 -1.573995 2.681911 -1.665237 -0.174481 -4.219036 12.710984 -29.825384 -16.130836 -2.646273 -1.527814 1.527820 -15.549438 -3.559426 -12.707138 -1.994610 -1.151581 1.151583 0.000003 -0.000005 0.000001 -9.108284 -0.517885 2.259804 0.038556 1.262297 6.823711 0.214029 -1.397034 17.420117 0.046167 -0.654904 8.066290 -0.000000 0.000002 0.000005 -9.532484 0.000016 0.000000 -0.136233 -2.205094 14.998860 0.214442 -1.398348 17.436874 0.239765 -1.476510 18.446270 -0.000000 0.000001 0.000005 -9.103603 -0.043111 -1.865098 0.030598 -3.075756 20.451022 0.308449 -1.668271 20.948528 0.225819 -1.434041 17.897076 -0.000000 -0.000000 0.000002 -8.076697 -0.486740 -3.806300 0.764894 -4.877287 26.475321 0.214455 -1.398361 17.437026 0.193010 -1.328205 16.535830 0.000001 0.000001 0.000000 4.570401 11.014686 -2.160813 -0.717792 -20.249878 -16.899510 5.973805 -16.155182 -65.928538 0.000005 -1.459346 0.000005 -33.230513 -1.364887 -6.186635 2.466089 -1.576209 2.681697 -0.662910 2.160404 4.832489 11.853555 25.421641 17.058264 2.647884 -1.528753 1.528744 -13.761931 3.522390 9.039605 1.998920 -1.154078 1.154077 0.000002 -0.000001 0.000005 9.109302 -0.518009 2.259899 0.019854 -0.969579 -7.593531 0.267745 1.752596 -17.372431 0.057624 0.820631 -8.034698 -0.000000 -0.000000 0.000002 9.533395 0.000007 -0.000000 -0.076325 2.665809 -15.696833 0.268764 1.755828 -17.405520 0.300508 1.854019 -18.413336 0.000001 0.000000 0.000001 9.104487 -0.042999 -1.865101 0.136881 3.641806 -21.133505 0.386598 2.094828 -20.911884 0.283021 1.800669 -17.865005 0.000001 0.000000 0.000002 8.077793 -0.486890 -3.806300 0.927702 5.555976 -27.128017 0.269155 1.757065 -17.418212 0.241887 1.667729 -16.505888 -0.000000 -0.000000 -0.000001 -8.207801 -6.751718 -1.599544 0.596210 -10.335849 3.512264 7.510633 -8.276069 -3.186727 -3.705637 -3.193839 3.026300 -7.252614 -0.000025 -0.000002 0.000000 -0.000001 -0.000000 8.207800 -6.751717 -1.599544 -10.752602 14.548996 10.332652 12.141612 2.595133 4.138074 1.273206 0.139760 -7.119436 -4.983706 0.000012 0.000003 -0.000000 0.000001 0.000000 
-1.424596 103.377586 0.121838 -148.473231 -82.838795 -152.092112 0.000000 10.181548 0.131524 3.296973 1.543014 2.729724 1.151890 0.339449 1.552798 1.126012 0.361523 1.555887 -0.000000 16.740360 -2.049019 5.626314 -0.078941 0.454683 0.000000 9.617867 1.684975 -7.563343 1.375735 -0.080567 0.000000 22.037369 7.501073 -0.000000 -0.000000 0.000000 -4.570003 11.014878 -2.160838 2.959889 12.023758 8.926847 9.664250 32.496582 63.907580 -0.000013 6.693722 0.000009 -20.179051 -0.514125 6.782784 -2.464798 -1.573995 2.681911 -1.665237 -0.174481 -4.219036 12.710984 -29.825384 -16.130836 -2.646273 -1.527814 1.527820 -15.549438 -3.559426 -12.707138 -1.994610 -1.151581 1.151583 0.000003 -0.000005 0.000001 -9.108284 -0.517885 2.259804 0.038556 1.262297 6.823711 0.214029 -1.397034 17.420117 0.046167 -0.654904 8.066290 -0.000000 0.000002 0.000005 -9.532484 0.000016 0.000000 -0.136233 -2.205094 14.998860 0.214442 -1.398348 17.436874 0.239765 -1.476510 18.446270 -0.000000 0.000001 0.000005 -9.103603 -0.043111 -1.865098 0.030598 -3.075756 20.451022 0.308449 -1.668271 20.948528 0.225819 -1.434041 17.897076 -0.000000 -0.000000 0.000002 -8.076697 -0.486740 -3.806300 0.764894 -4.877287 26.475321 0.214455 -1.398361 17.437026 0.193010 -1.328205 16.535830 0.000001 0.000001 0.000000 4.570401 11.014686 -2.160813 -0.717792 -20.249878 -16.899510 5.973805 -16.155182 -65.928538 0.000005 -1.459346 0.000005 -33.230513 -1.364887 -6.186635 2.466089 -1.576209 2.681697 -0.662910 2.160404 4.832489 11.853555 25.421641 17.058264 2.647884 -1.528753 1.528744 -13.761931 3.522390 9.039605 1.998920 -1.154078 1.154077 0.000002 -0.000001 0.000005 9.109302 -0.518009 2.259899 0.019854 -0.969579 -7.593531 0.267745 1.752596 -17.372431 0.057624 0.820631 -8.034698 -0.000000 -0.000000 0.000002 9.533395 0.000007 -0.000000 -0.076325 2.665809 -15.696833 0.268764 1.755828 -17.405520 0.300508 1.854019 -18.413336 0.000001 0.000000 0.000001 9.104487 -0.042999 -1.865101 0.136881 3.641806 -21.133505 0.386598 2.094828 -20.911884 0.283021 1.800669 -17.865005 0.000001 0.000000 0.000002 8.077793 -0.486890 -3.806300 0.927702 5.555976 -27.128017 0.269155 1.757065 -17.418212 0.241887 1.667729 -16.505888 -0.000000 -0.000000 -0.000001 -8.207801 -6.751718 -1.599544 0.596210 -10.335849 3.512264 7.510633 -8.276069 -3.186727 -3.705637 -3.193839 3.026300 -7.252614 -0.000025 -0.000002 0.000000 -0.000001 -0.000000 8.207800 -6.751717 -1.599544 -10.752602 14.548996 10.332652 12.141612 2.595133 4.138074 1.273206 0.139760 -7.119436 -4.983706 0.000012 0.000003 -0.000000 0.000001 0.000000 
-1.424596 103.377586 0.121838 -148.473231 -82.838795 -152.092112 0.000000 10.181548 0.131524 3.296973 1.543014 2.729724 1.151890 0.339449 1.552798 1.126012 0.361523 1.555887 -0.000000 16.740360 -2.049019 5.626314 -0.078941 0.454683 0.000000 9.617867 1.684975 -7.563343 1.375735 -0.080567 0.000000 22.037369 7.501073 -0.000000 -0.000000 0.000000 -4.570003 11.014878 -2.160838 2.959889 12.023758 8.926847 9.664250 32.496582 63.907580 -0.000013 6.693722 0.000009 -20.179051 -0.514125 6.782784 -2.464798 -1.573995 2.681911 -1.665237 -0.174481 -4.219036 12.710984 -29.825384 -16.130836 -2.646273 -1.527814 1.527820 -15.549438 -3.559426 -12.707138 -1.994610 -1.151581 1.151583 0.000003 -0.000005 0.000001 -9.108284 -0.517885 2.259804 0.038556 1.262297 6.823711 0.214029 -1.397034 17.420117 0.046167 -0.654904 8.066290 -0.000000 0.000002 0.000005 -9.532484 0.000016 0.000000 -0.136233 -2.205094 14.998860 0.214442 -1.398348 17.436874 0.239765 -1.476510 18.446270 -0.000000 0.000001 0.000005 -9.103603 -0.043111 -1.865098 0.030598 -3.075756 20.451022 0.308449 -1.668271 20.948528 0.225819 -1.434041 17.897076 -0.000000 -0.000000 0.000002 -8.076697 -0.486740 -3.806300 0.764894 -4.877287 26.475321 0.214455 -1.398361 17.437026 0.193010 -1.328205 16.535830 0.000001 0.000001 0.000000 4.570401 11.014686 -2.160813 -0.717792 -20.249878 -16.899510 5.973805 -16.155182 -65.928538 0.000005 -1.459346 0.000005 -33.230513 -1.364887 -6.186635 2.466089 -1.576209 2.681697 -0.662910 2.160404 4.832489 11.853555 25.421641 17.058264 2.647884 -1.528753 1.528744 -13.761931 3.522390 9.039605 1.998920 -1.154078 1.154077 0.000002 -0.000001 0.000005 9.109302 -0.518009 2.259899 0.019854 -0.969579 -7.593531 0.267745 1.752596 -17.372431 0.057624 0.820631 -8.034698 -0.000000 -0.000000 0.000002 9.533395 0.000007 -0.000000 -0.076325 2.665809 -15.696833 0.268764 1.755828 -17.405520 0.300508 1.854019 -18.413336 0.000001 0.000000 0.000001 9.104487 -0.042999 -1.865101 0.136881 3.641806 -21.133505 0.386598 2.094828 -20.911884 0.283021 1.800669 -17.865005 0.000001 0.000000 0.000002 8.077793 -0.486890 -3.806300 0.927702 5.555976 -27.128017 0.269155 1.757065 -17.418212 0.241887 1.667729 -16.505888 -0.000000 -0.000000 -0.000001 -8.207801 -6.751718 -1.599544 0.596210 -10.335849 3.512264 7.510633 -8.276069 -3.186727 -3.705637 -3.193839 3.026300 -7.252614 -0.000025 -0.000002 0.000000 -0.000001 -0.000000 8.207800 -6.751717 -1.599544 -10.752602 14.548996 10.332652 12.141612 2.595133 4.138074 1.273206 0.139760 -7.119436 -4.983706 0.000012 0.000003 -0.000000 0.000001 0.000000 
-1.424596 103.377586 0.121838 -148.473231 -82.838795 -152.092112 0.000000 10.181548 0.131524 3.296973 1.543014 2.729724 1.151890 0.339449 1.552798 1.126012 0.361523 1.555887 -0.000000 16.740360 -2.049019 5.626314 -0.078941 0.454683 0.000000 9.617867 1.684975 -7.563343 1.375735 -0.080567 0.000000 22.037369 7.501073 -0.000000 -0.000000 0.000000 -4.570003 11.014878 -2.160838 2.959889 12.023758 8.926847 9.664250 32.496582 63.907580 -0.000013 6.693722 0.000009 -20.179051 -0.514125 6.782784 -2.464798 -1.573995 2.681911 -1.665237 -0.174481 -4.219036 12.710984 -29.825384 -16.130836 -2.646273 -1.527814 1.527820 -15.549438 -3.559426 -12.707138 -1.994610 -1.151581 1.151583 0.000003 -0.000005 0.000001 -9.108284 -0.517885 2.259804 0.038556 1.262297 6.823711 0.214029 -1.397034 17.420117 0.046167 -0.654904 8.066290 -0.000000 0.000002 0.000005 -9.532484 0.000016 0.000000 -0.136233 -2.205094 14.998860 0.214442 -1.398348 17.436874 0.239765 -1.476510 18.446270 -0.000000 0.000001 0.000005 -9.103603 -0.043111 -1.865098 0.030598 -3.075756 20.451022 0.308449 -1.668271 20.948528 0.225819 -1.434041 17.897076 -0.000000 -0.000000 0.000002 -8.076697 -0.486740 -3.806300 0.764894 -4.877287 26.475321 0.214455 -1.398361 17.437026 0.193010 -1.328205 16.535830 0.000001 0.000001 0.000000 4.570401 11.014686 -2.160813 -0.717792 -20.249878 -16.899510 5.973805 -16.155182 -65.928538 0.000005 -1.459346 0.000005 -33.230513 -1.364887 -6.186635 2.466089 -1.576209 2.681697 -0.662910 2.160404 4.832489 11.853555 25.421641 17.058264 2.647884 -1.528753 1.528744 -13.761931 3.522390 9.039605 1.998920 -1.154078 1.154077 0.000002 -0.000001 0.000005 9.109302 -0.518009 2.259899 0.019854 -0.969579 -7.593531 0.267745 1.752596 -17.372431 0.057624 0.820631 -8.034698 -0.000000 -0.000000 0.000002 9.533395 0.000007 -0.000000 -0.076325 2.665809 -15.696833 0.268764 1.755828 -17.405520 0.300508 1.854019 -18.413336 0.000001 0.000000 0.000001 9.104487 -0.042999 -1.865101 0.136881 3.641806 -21.133505 0.386598 2.094828 -20.911884 0.283021 1.800669 -17.865005 0.000001 0.000000 0.000002 8.077793 -0.486890 -3.806300 0.927702 5.555976 -27.128017 0.269155 1.757065 -17.418212 0.241887 1.667729 -16.505888 -0.000000 -0.000000 -0.000001 -8.207801 -6.751718 -1.599544 0.596210 -10.335849 3.512264 7.510633 -8.276069 -3.186727 -3.705637 -3.193839 3.026300 -7.252614 -0.000025 -0.000002 0.000000 -0.000001 -0.000000 8.207800 -6.751717 -1.599544 -10.752602 14.548996 10.332652 12.141612 2.595133 4.138074 1.273206 0.139760 -7.119436 -4.983706 0.000012 0.000003 -0.000000 0.000001 0.000000 
-1.424596 103.377586 0.121838 -148.473231 -82.838795 -152.092112 0.000000 10.181548 0.131524 3.296973 1.543014 2.729724 1.151890 0.339449 1.552798 1.126012 0.361523 1.555887 -0.000000 16.740360 -2.049019 5.626314 -0.078941 0.454683 0.000000 9.617867 1.684975 -7.563343 1.375735 -0.080567 0.000000 22.037369 7.501073 -0.000000 -0.000000 0.000000 -4.570003 11.014878 -2.160838 2.959889 12.023758 8.926847 9.664250 32.496582 63.907580 -0.000013 6.693722 0.000009 -20.179051 -0.514125 6.782784 -2.464798 -1.573995 2.681911 -1.665237 -0.174481 -4.219036 12.710984 -29.825384 -16.130836 -2.646273 -1.527814 1.527820 -15.549438 -3.559426 -12.707138 -1.994610 -1.151581 1.151583 0.000003 -0.000005 0.000001 -9.108284 -0.517885 2.259804 0.038556 1.262297 6.823711 0.214029 -1.397034 17.420117 0.046167 -0.654904 8.066290 -0.000000 0.000002 0.000005 -9.532484 0.000016 0.000000 -0.136233 -2.205094 14.998860 0.214442 -1.398348 17.436874 0.239765 -1.476510 18.446270 -0.000000 0.000001 0.000005 -9.103603 -0.043111 -1.865098 0.030598 -3.075756 20.451022 0.308449 -1.668271 20.948528 0.225819 -1.434041 17.897076 -0.000000 -0.000000 0.000002 -8.076697 -0.486740 -3.806300 0.764894 -4.877287 26.475321 0.214455 -1.398361 17.437026 0.193010 -1.328205 16.535830 0.000001 0.000001 0.000000 4.570401 11.014686 -2.160813 -0.717792 -20.249878 -16.899510 5.973805 -16.155182 -65.928538 0.000005 -1.459346 0.000005 -33.230513 -1.364887 -6.186635 2.466089 -1.576209 2.681697 -0.662910 2.160404 4.832489 11.853555 25.421641 17.058264 2.647884 -1.528753 1.528744 -13.761931 3.522390 9.039605 1.998920 -1.154078 1.154077 0.000002 -0.000001 0.000005 9.109302 -0.518009 2.259899 0.019854 -0.969579 -7.593531 0.267745 1.752596 -17.372431 0.057624 0.820631 -8.034698 -0.000000 -0.000000 0.000002 9.533395 0.000007 -0.000000 -0.076325 2.665809 -15.696833 0.268764 1.755828 -17.405520 0.300508 1.854019 -18.413336 0.000001 0.000000 0.000001 9.104487 -0.042999 -1.865101 0.136881 3.641806 -21.133505 0.386598 2.094828 -20.911884 0.283021 1.800669 -17.865005 0.000001 0.000000 0.000002 8.077793 -0.486890 -3.806300 0.927702 5.555976 -27.128017 0.269155 1.757065 -17.418212 0.241887 1.667729 -16.505888 -0.000000 -0.000000 -0.000001 -8.207801 -6.751718 -1.599544 0.596210 -10.335849 3.512264 7.510633 -8.276069 -3.186727 -3.705637 -3.193839 3.026300 -7.252614 -0.000025 -0.000002 0.000000 -0.000001 -0.000000 8.207800 -6.751717 -1.599544 -10.752602 14.548996 10.332652 12.141612 2.595133 4.138074 1.273206 0.139760 -7.119436 -4.983706 0.000012 0.000003 -0.000000 0.000001 0.000000 
-1.424596 103.377586 0.121838 -148.473231 -82.838795 -152.092112 0.000000 10.181548 0.131524 3.296973 1.543014 2.729724 1.151890 0.339449 1.552798 1.126012 0.361523 1.555887 -0.000000 16.740360 -2.049019 5.626314 -0.078941 0.454683 0.000000 9.617867 1.684975 -7.563343 1.375735 -0.080567 0.000000 22.037369 7.501073 -0.000000 -0.000000 0.000000 -4.570003 11.014878 -2.160838 2.959889 12.023758 8.926847 9.664250 32.496582 63.907580 -0.000013 6.693722 0.000009 -20.179051 -0.514125 6.782784 -2.464798 -1.573995 2.681911 -1.665237 -0.174481 -4.219036 12.710984 -29.825384 -16.130836 -2.646273 -1.527814 1.527820 -15.549438 -3.559426 -12.707138 -1.994610 -1.151581 1.151583 0.000003 -0.000005 0.000001 -9.108284 -0.517885 2.259804 0.038556 1.262297 6.823711 0.214029 -1.397034 17.420117 0.046167 -0.654904 8.066290 -0.000000 0.000002 0.000005 -9.532484 0.000016 0.000000 -0.136233 -2.205094 14.998860 0.214442 -1.398348 17.436874 0.239765 -1.476510 18.446270 -0.000000 0.000001 0.000005 -9.103603 -0.043111 -1.865098 0.030598 -3.075756 20.451022 0.308449 -1.668271 20.948528 0.225819 -1.434041 17.897076 -0.000000 -0.000000 0.000002 -8.076697 -0.486740 -3.806300 0.764894 -4.877287 26.475321 0.214455 -1.398361 17.437026 0.193010 -1.328205 16.535830 0.000001 0.000001 0.000000 4.570401 11.014686 -2.160813 -0.717792 -20.249878 -16.899510 5.973805 -16.155182 -65.928538 0.000005 -1.459346 0.000005 -33.230513 -1.364887 -6.186635 2.466089 -1.576209 2.681697 -0.662910 2.160404 4.832489 11.853555 25.421641 17.058264 2.647884 -1.528753 1.528744 -13.761931 3.522390 9.039605 1.998920 -1.154078 1.154077 0.000002 -0.000001 0.000005 9.109302 -0.518009 2.259899 0.019854 -0.969579 -7.593531 0.267745 1.752596 -17.372431 0.057624 0.820631 -8.034698 -0.000000 -0.000000 0.000002 9.533395 0.000007 -0.000000 -0.076325 2.665809 -15.696833 0.268764 1.755828 -17.405520 0.300508 1.854019 -18.413336 0.000001 0.000000 0.000001 9.104487 -0.042999 -1.865101 0.136881 3.641806 -21.133505 0.386598 2.094828 -20.911884 0.283021 1.800669 -17.865005 0.000001 0.000000 0.000002 8.077793 -0.486890 -3.806300 0.927702 5.555976 -27.128017 0.269155 1.757065 -17.418212 0.241887 1.667729 -16.505888 -0.000000 -0.000000 -0.000001 -8.207801 -6.751718 -1.599544 0.596210 -10.335849 3.512264 7.510633 -8.276069 -3.186727 -3.705637 -3.193839 3.026300 -7.252614 -0.000025 -0.000002 0.000000 -0.000001 -0.000000 8.207800 -6.751717 -1.599544 -10.752602 14.548996 10.332652 12.141612 2.595133 4.138074 1.273206 0.139760 -7.119436 -4.983706 0.000012 0.000003 -0.000000 0.000001 0.000000 
-1.424596 103.377586 0.121838 -148.473231 -82.838795 -152.092112 0.000000 10.181548 0.131524 3.296973 1.543014 2.729724 1.151890 0.339449 1.552798 1.126012 0.361523 1.555887 -0.000000 16.740360 -2.049019 5.626314 -0.078941 0.454683 0.000000 9.617867 1.684975 -7.563343 1.375735 -0.080567 0.000000 22.037369 7.501073 -0.000000 -0.000000 0.000000 -4.570003 11.014878 -2.160838 2.959889 12.023758 8.926847 9.664250 32.496582 63.907580 -0.000013 6.693722 0.000009 -20.179051 -0.514125 6.782784 -2.464798 -1.573995 2.681911 -1.665237 -0.174481 -4.219036 12.710984 -29.825384 -16.130836 -2.646273 -1.527814 1.527820 -15.549438 -3.559426 -12.707138 -1.994610 -1.151581 1.151583 0.000003 -0.000005 0.000001 -9.108284 -0.517885 2.259804 0.038556 1.262297 6.823711 0.214029 -1.397034 17.420117 0.046167 -0.654904 8.066290 -0.000000 0.000002 0.000005 -9.532484 0.000016 0.000000 -0.136233 -2.205094 14.998860 0.214442 -1.398348 17.436874 0.239765 -1.476510 18.446270 -0.000000 0.000001 0.000005 -9.103603 -0.043111 -1.865098 0.030598 -3.075756 20.451022 0.308449 -1.668271 20.948528 0.225819 -1.434041 17.897076 -0.000000 -0.000000 0.000002 -8.076697 -0.486740 -3.806300 0.764894 -4.877287 26.475321 0.214455 -1.398361 17.437026 0.193010 -1.328205 16.535830 0.000001 0.000001 0.000000 4.570401 11.014686 -2.160813 -0.717792 -20.249878 -16.899510 5.973805 -16.155182 -65.928538 0.000005 -1.459346 0.000005 -33.230513 -1.364887 -6.186635 2.466089 -1.576209 2.681697 -0.662910 2.160404 4.832489 11.853555 25.421641 17.058264 2.647884 -1.528753 1.528744 -13.761931 3.522390 9.039605 1.998920 -1.154078 1.154077 0.000002 -0.000001 0.000005 9.109302 -0.518009 2.259899 0.019854 -0.969579 -7.593531 0.267745 1.752596 -17.372431 0.057624 0.820631 -8.034698 -0.000000 -0.000000 0.000002 9.533395 0.000007 -0.000000 -0.076325 2.665809 -15.696833 0.268764 1.755828 -17.405520 0.300508 1.854019 -18.413336 0.000001 0.000000 0.000001 9.104487 -0.042999 -1.865101 0.136881 3.641806 -21.133505 0.386598 2.094828 -20.911884 0.283021 1.800669 -17.865005 0.000001 0.000000 0.000002 8.077793 -0.486890 -3.806300 0.927702 5.555976 -27.128017 0.269155 1.757065 -17.418212 0.241887 1.667729 -16.505888 -0.000000 -0.000000 -0.000001 -8.207801 -6.751718 -1.599544 0.596210 -10.335849 3.512264 7.510633 -8.276069 -3.186727 -3.705637 -3.193839 3.026300 -7.252614 -0.000025 -0.000002 0.000000 -0.000001 -0.000000 8.207800 -6.751717 -1.599544 -10.752602 14.548996 10.332652 12.141612 2.595133 4.138074 1.273206 0.139760 -7.119436 -4.983706 0.000012 0.000003 -0.000000 0.000001 0.000000 
-1.424596 103.377586 0.121838 -148.473231 -82.838795 -152.092112 0.000000 10.181548 0.131524 3.296973 1.543014 2.729724 1.151890 0.339449 1.552798 1.126012 0.361523 1.555887 -0.000000 16.740360 -2.049019 5.626314 -0.078941 0.454683 0.000000 9.617867 1.684975 -7.563343 1.375735 -0.080567 0.000000 22.037369 7.501073 -0.000000 -0.000000 0.000000 -4.570003 11.014878 -2.160838 2.959889 12.023758 8.926847 9.664250 32.496582 63.907580 -0.000013 6.693722 0.000009 -20.179051 -0.514125 6.782784 -2.464798 -1.573995 2.681911 -1.665237 -0.174481 -4.219036 12.710984 -29.825384 -16.130836 -2.646273 -1.527814 1.527820 -15.549438 -3.559426 -12.707138 -1.994610 -1.151581 1.151583 0.000003 -0.000005 0.000001 -9.108284 -0.517885 2.259804 0.038556 1.262297 6.823711 0.214029 -1.397034 17.420117 0.046167 -0.654904 8.066290 -0.000000 0.000002 0.000005 -9.532484 0.000016 0.000000 -0.136233 -2.205094 14.998860 0.214442 -1.398348 17.436874 0.239765 -1.476510 18.446270 -0.000000 0.000001 0.000005 -9.103603 -0.043111 -1.865098 0.030598 -3.075756 20.451022 0.308449 -1.668271 20.948528 0.225819 -1.434041 17.897076 -0.000000 -0.000000 0.000002 -8.076697 -0.486740 -3.806300 0.764894 -4.877287 26.475321 0.214455 -1.398361 17.437026 0.193010 -1.328205 16.535830 0.000001 0.000001 0.000000 4.570401 11.014686 -2.160813 -0.717792 -20.249878 -16.899510 5.973805 -16.155182 -65.928538 0.000005 -1.459346 0.000005 -33.230513 -1.364887 -6.186635 2.466089 -1.576209 2.681697 -0.662910 2.160404 4.832489 11.853555 25.421641 17.058264 2.647884 -1.528753 1.528744 -13.761931 3.522390 9.039605 1.998920 -1.154078 1.154077 0.000002 -0.000001 0.000005 9.109302 -0.518009 2.259899 0.019854 -0.969579 -7.593531 0.267745 1.752596 -17.372431 0.057624 0.820631 -8.034698 -0.000000 -0.000000 0.000002 9.533395 0.000007 -0.000000 -0.076325 2.665809 -15.696833 0.268764 1.755828 -17.405520 0.300508 1.854019 -18.413336 0.000001 0.000000 0.000001 9.104487 -0.042999 -1.865101 0.136881 3.641806 -21.133505 0.386598 2.094828 -20.911884 0.283021 1.800669 -17.865005 0.000001 0.000000 0.000002 8.077793 -0.486890 -3.806300 0.927702 5.555976 -27.128017 0.269155 1.757065 -17.418212 0.241887 1.667729 -16.505888 -0.000000 -0.000000 -0.000001 -8.207801 -6.751718 -1.599544 0.596210 -10.335849 3.512264 7.510633 -8.276069 -3.186727 -3.705637 -3.193839 3.026300 -7.252614 -0.000025 -0.000002 0.000000 -0.000001 -0.000000 8.207800 -6.751717 -1.599544 -10.752602 14.548996 10.332652 12.141612 2.595133 4.138074 1.273206 0.139760 -7.119436 -4.983706 0.000012 0.000003 -0.000000 0.000001 0.000000 
-1.424596 103.377586 0.121838 -148.473231 -82.838795 -152.092112 0.000000 10.181548 0.131524 3.296973 1.543014 2.729724 1.151890 0.339449 1.552798 1.126012 0.361523 1.555887 -0.000000 16.740360 -2.049019 5.626314 -0.078941 0.454683 0.000000 9.617867 1.684975 -7.563343 1.375735 -0.080567 0.000000 22.037369 7.501073 -0.000000 -0.000000 0.000000 -4.570003 11.014878 -2.160838 2.959889 12.023758 8.926847 9.664250 32.496582 63.907580 -0.000013 6.693722 0.000009 -20.179051 -0.514125 6.782784 -2.464798 -1.573995 2.681911 -1.665237 -0.174481 -4.219036 12.710984 -29.825384 -16.130836 -2.646273 -1.527814 1.527820 -15.549438 -3.559426 -12.707138 -1.994610 -1.151581 1.151583 0.000003 -0.000005 0.000001 -9.108284 -0.517885 2.259804 0.038556 1.262297 6.823711 0.214029 -1.397034 17.420117 0.046167 -0.654904 8.066290 -0.000000 0.000002 0.000005 -9.532484 0.000016 0.000000 -0.136233 -2.205094 14.998860 0.214442 -1.398348 17.436874 0.239765 -1.476510 18.446270 -0.000000 0.000001 0.000005 -9.103603 -0.043111 -1.865098 0.030598 -3.075756 20.451022 0.308449 -1.668271 20.948528 0.225819 -1.434041 17.897076 -0.000000 -0.000000 0.000002 -8.076697 -0.486740 -3.806300 0.764894 -4.877287 26.475321 0.214455 -1.398361 17.437026 0.193010 -1.328205 16.535830 0.000001 0.000001 0.000000 4.570401 11.014686 -2.160813 -0.717792 -20.249878 -16.899510 5.973805 -16.155182 -65.928538 0.000005 -1.459346 0.000005 -33.230513 -1.364887 -6.186635 2.466089 -1.576209 2.681697 -0.662910 2.160404 4.832489 11.853555 25.421641 17.058264 2.647884 -1.528753 1.528744 -13.761931 3.522390 9.039605 1.998920 -1.154078 1.154077 0.000002 -0.000001 0.000005 9.109302 -0.518009 2.259899 0.019854 -0.969579 -7.593531 0.267745 1.752596 -17.372431 0.057624 0.820631 -8.034698 -0.000000 -0.000000 0.000002 9.533395 0.000007 -0.000000 -0.076325 2.665809 -15.696833 0.268764 1.755828 -17.405520 0.300508 1.854019 -18.413336 0.000001 0.000000 0.000001 9.104487 -0.042999 -1.865101 0.136881 3.641806 -21.133505 0.386598 2.094828 -20.911884 0.283021 1.800669 -17.865005 0.000001 0.000000 0.000002 8.077793 -0.486890 -3.806300 0.927702 5.555976 -27.128017 0.269155 1.757065 -17.418212 0.241887 1.667729 -16.505888 -0.000000 -0.000000 -0.000001 -8.207801 -6.751718 -1.599544 0.596210 -10.335849 3.512264 7.510633 -8.276069 -3.186727 -3.705637 -3.193839 3.026300 -7.252614 -0.000025 -0.000002 0.000000 -0.000001 -0.000000 8.207800 -6.751717 -1.599544 -10.752602 14.548996 10.332652 12.141612 2.595133 4.138074 1.273206 0.139760 -7.119436 -4.983706 0.000012 0.000003 -0.000000 0.000001 0.000000 
-1.424596 103.377586 0.121838 -148.473231 -82.838795 -152.092112 0.000000 10.181548 0.131524 3.296973 1.543014 2.729724 1.151890 0.339449 1.552798 1.126012 0.361523 1.555887 -0.000000 16.740360 -2.049019 5.626314 -0.078941 0.454683 0.000000 9.617867 1.684975 -7.563343 1.375735 -0.080567 0.000000 22.037369 7.501073 -0.000000 -0.000000 0.000000 -4.570003 11.014878 -2.160838 2.959889 12.023758 8.926847 9.664250 32.496582 63.907580 -0.000013 6.693722 0.000009 -20.179051 -0.514125 6.782784 -2.464798 -1.573995 2.681911 -1.665237 -0.174481 -4.219036 12.710984 -29.825384 -16.130836 -2.646273 -1.527814 1.527820 -15.549438 -3.559426 -12.707138 -1.994610 -1.151581 1.151583 0.000003 -0.000005 0.000001 -9.108284 -0.517885 2.259804 0.038556 1.262297 6.823711 0.214029 -1.397034 17.420117 0.046167 -0.654904 8.066290 -0.000000 0.000002 0.000005 -9.532484 0.000016 0.000000 -0.136233 -2.205094 14.998860 0.214442 -1.398348 17.436874 0.239765 -1.476510 18.446270 -0.000000 0.000001 0.000005 -9.103603 -0.043111 -1.865098 0.030598 -3.075756 20.451022 0.308449 -1.668271 20.948528 0.225819 -1.434041 17.897076 -0.000000 -0.000000 0.000002 -8.076697 -0.486740 -3.806300 0.764894 -4.877287 26.475321 0.214455 -1.398361 17.437026 0.193010 -1.328205 16.535830 0.000001 0.000001 0.000000 4.570401 11.014686 -2.160813 -0.717792 -20.249878 -16.899510 5.973805 -16.155182 -65.928538 0.000005 -1.459346 0.000005 -33.230513 -1.364887 -6.186635 2.466089 -1.576209 2.681697 -0.662910 2.160404 4.832489 11.853555 25.421641 17.058264 2.647884 -1.528753 1.528744 -13.761931 3.522390 9.039605 1.998920 -1.154078 1.154077 0.000002 -0.000001 0.000005 9.109302 -0.518009 2.259899 0.019854 -0.969579 -7.593531 0.267745 1.752596 -17.372431 0.057624 0.820631 -8.034698 -0.000000 -0.000000 0.000002 9.533395 0.000007 -0.000000 -0.076325 2.665809 -15.696833 0.268764 1.755828 -17.405520 0.300508 1.854019 -18.413336 0.000001 0.000000 0.000001 9.104487 -0.042999 -1.865101 0.136881 3.641806 -21.133505 0.386598 2.094828 -20.911884 0.283021 1.800669 -17.865005 0.000001 0.000000 0.000002 8.077793 -0.486890 -3.806300 0.927702 5.555976 -27.128017 0.269155 1.757065 -17.418212 0.241887 1.667729 -16.505888 -0.000000 -0.000000 -0.000001 -8.207801 -6.751718 -1.599544 0.596210 -10.335849 3.512264 7.510633 -8.276069 -3.186727 -3.705637 -3.193839 3.026300 -7.252614 -0.000025 -0.000002 0.000000 -0.000001 -0.000000 8.207800 -6.751717 -1.599544 -10.752602 14.548996 10.332652 12.141612 2.595133 4.138074 1.273206 0.139760 -7.119436 -4.983706 0.000012 0.000003 -0.000000 0.000001 0.000000 
-1.424596 103.377586 0.121838 -148.473231 -82.838795 -152.092112 0.000000 10.181548 0.131524 3.296973 1.543014 2.729724 1.151890 0.339449 1.552798 1.126012 0.361523 1.555887 -0.000000 16.740360 -2.049019 5.626314 -0.078941 0.454683 0.000000 9.617867 1.684975 -7.563343 1.375735 -0.080567 0.000000 22.037369 7.501073 -0.000000 -0.000000 0.000000 -4.570003 11.014878 -2.160838 2.959889 12.023758 8.926847 9.664250 32.496582 63.907580 -0.000013 6.693722 0.000009 -20.179051 -0.514125 6.782784 -2.464798 -1.573995 2.681911 -1.665237 -0.174481 -4.219036 12.710984 -29.825384 -16.130836 -2.646273 -1.527814 1.527820 -15.549438 -3.559426 -12.707138 -1.994610 -1.151581 1.151583 0.000003 -0.000005 0.000001 -9.108284 -0.517885 2.259804 0.038556 1.262297 6.823711 0.214029 -1.397034 17.420117 0.046167 -0.654904 8.066290 -0.000000 0.000002 0.000005 -9.532484 0.000016 0.000000 -0.136233 -2.205094 14.998860 0.214442 -1.398348 17.436874 0.239765 -1.476510 18.446270 -0.000000 0.000001 0.000005 -9.103603 -0.043111 -1.865098 0.030598 -3.075756 20.451022 0.308449 -1.668271 20.948528 0.225819 -1.434041 17.897076 -0.000000 -0.000000 0.000002 -8.076697 -0.486740 -3.806300 0.764894 -4.877287 26.475321 0.214455 -1.398361 17.437026 0.193010 -1.328205 16.535830 0.000001 0.000001 0.000000 4.570401 11.014686 -2.160813 -0.717792 -20.249878 -16.899510 5.973805 -16.155182 -65.928538 0.000005 -1.459346 0.000005 -33.230513 -1.364887 -6.186635 2.466089 -1.576209 2.681697 -0.662910 2.160404 4.832489 11.853555 25.421641 17.058264 2.647884 -1.528753 1.528744 -13.761931 3.522390 9.039605 1.998920 -1.154078 1.154077 0.000002 -0.000001 0.000005 9.109302 -0.518009 2.259899 0.019854 -0.969579 -7.593531 0.267745 1.752596 -17.372431 0.057624 0.820631 -8.034698 -0.000000 -0.000000 0.000002 9.533395 0.000007 -0.000000 -0.076325 2.665809 -15.696833 0.268764 1.755828 -17.405520 0.300508 1.854019 -18.413336 0.000001 0.000000 0.000001 9.104487 -0.042999 -1.865101 0.136881 3.641806 -21.133505 0.386598 2.094828 -20.911884 0.283021 1.800669 -17.865005 0.000001 0.000000 0.000002 8.077793 -0.486890 -3.806300 0.927702 5.555976 -27.128017 0.269155 1.757065 -17.418212 0.241887 1.667729 -16.505888 -0.000000 -0.000000 -0.000001 -8.207801 -6.751718 -1.599544 0.596210 -10.335849 3.512264 7.510633 -8.276069 -3.186727 -3.705637 -3.193839 3.026300 -7.252614 -0.000025 -0.000002 0.000000 -0.000001 -0.000000 8.207800 -6.751717 -1.599544 -10.752602 14.548996 10.332652 12.141612 2.595133 4.138074 1.273206 0.139760 -7.119436 -4.983706 0.000012 0.000003 -0.000000 0.000001 0.000000 
-1.424596 103.377586 0.121838 -148.473231 -82.838795 -152.092112 0.000000 10.181548 0.131524 3.296973 1.543014 2.729724 1.151890 0.339449 1.552798 1.126012 0.361523 1.555887 -0.000000 16.740360 -2.049019 5.626314 -0.078941 0.454683 0.000000 9.617867 1.684975 -7.563343 1.375735 -0.080567 0.000000 22.037369 7.501073 -0.000000 -0.000000 0.000000 -4.570003 11.014878 -2.160838 2.959889 12.023758 8.926847 9.664250 32.496582 63.907580 -0.000013 6.693722 0.000009 -20.179051 -0.514125 6.782784 -2.464798 -1.573995 2.681911 -1.665237 -0.174481 -4.219036 12.710984 -29.825384 -16.130836 -2.646273 -1.527814 1.527820 -15.549438 -3.559426 -12.707138 -1.994610 -1.151581 1.151583 0.000003 -0.000005 0.000001 -9.108284 -0.517885 2.259804 0.038556 1.262297 6.823711 0.214029 -1.397034 17.420117 0.046167 -0.654904 8.066290 -0.000000 0.000002 0.000005 -9.532484 0.000016 0.000000 -0.136233 -2.205094 14.998860 0.214442 -1.398348 17.436874 0.239765 -1.476510 18.446270 -0.000000 0.000001 0.000005 -9.103603 -0.043111 -1.865098 0.030598 -3.075756 20.451022 0.308449 -1.668271 20.948528 0.225819 -1.434041 17.897076 -0.000000 -0.000000 0.000002 -8.076697 -0.486740 -3.806300 0.764894 -4.877287 26.475321 0.214455 -1.398361 17.437026 0.193010 -1.328205 16.535830 0.000001 0.000001 0.000000 4.570401 11.014686 -2.160813 -0.717792 -20.249878 -16.899510 5.973805 -16.155182 -65.928538 0.000005 -1.459346 0.000005 -33.230513 -1.364887 -6.186635 2.466089 -1.576209 2.681697 -0.662910 2.160404 4.832489 11.853555 25.421641 17.058264 2.647884 -1.528753 1.528744 -13.761931 3.522390 9.039605 1.998920 -1.154078 1.154077 0.000002 -0.000001 0.000005 9.109302 -0.518009 2.259899 0.019854 -0.969579 -7.593531 0.267745 1.752596 -17.372431 0.057624 0.820631 -8.034698 -0.000000 -0.000000 0.000002 9.533395 0.000007 -0.000000 -0.076325 2.665809 -15.696833 0.268764 1.755828 -17.405520 0.300508 1.854019 -18.413336 0.000001 0.000000 0.000001 9.104487 -0.042999 -1.865101 0.136881 3.641806 -21.133505 0.386598 2.094828 -20.911884 0.283021 1.800669 -17.865005 0.000001 0.000000 0.000002 8.077793 -0.486890 -3.806300 0.927702 5.555976 -27.128017 0.269155 1.757065 -17.418212 0.241887 1.667729 -16.505888 -0.000000 -0.000000 -0.000001 -8.207801 -6.751718 -1.599544 0.596210 -10.335849 3.512264 7.510633 -8.276069 -3.186727 -3.705637 -3.193839 3.026300 -7.252614 -0.000025 -0.000002 0.000000 -0.000001 -0.000000 8.207800 -6.751717 -1.599544 -10.752602 14.548996 10.332652 12.141612 2.595133 4.138074 1.273206 0.139760 -7.119436 -4.983706 0.000012 0.000003 -0.000000 0.000001 0.000000 
-1.424596 103.377586 0.121838 -148.473231 -82.838795 -152.092112 0.000000 10.181548 0.131524 3.296973 1.543014 2.729724 1.151890 0.339449 1.552798 1.126012 0.361523 1.555887 -0.000000 16.740360 -2.049019 5.626314 -0.078941 0.454683 0.000000 9.617867 1.684975 -7.563343 1.375735 -0.080567 0.000000 22.037369 7.501073 -0.000000 -0.000000 0.000000 -4.570003 11.014878 -2.160838 2.959889 12.023758 8.926847 9.664250 32.496582 63.907580 -0.000013 6.693722 0.000009 -20.179051 -0.514125 6.782784 -2.464798 -1.573995 2.681911 -1.665237 -0.174481 -4.219036 12.710984 -29.825384 -16.130836 -2.646273 -1.527814 1.527820 -15.549438 -3.559426 -12.707138 -1.994610 -1.151581 1.151583 0.000003 -0.000005 0.000001 -9.108284 -0.517885 2.259804 0.038556 1.262297 6.823711 0.214029 -1.397034 17.420117 0.046167 -0.654904 8.066290 -0.000000 0.000002 0.000005 -9.532484 0.000016 0.000000 -0.136233 -2.205094 14.998860 0.214442 -1.398348 17.436874 0.239765 -1.476510 18.446270 -0.000000 0.000001 0.000005 -9.103603 -0.043111 -1.865098 0.030598 -3.075756 20.451022 0.308449 -1.668271 20.948528 0.225819 -1.434041 17.897076 -0.000000 -0.000000 0.000002 -8.076697 -0.486740 -3.806300 0.764894 -4.877287 26.475321 0.214455 -1.398361 17.437026 0.193010 -1.328205 16.535830 0.000001 0.000001 0.000000 4.570401 11.014686 -2.160813 -0.717792 -20.249878 -16.899510 5.973805 -16.155182 -65.928538 0.000005 -1.459346 0.000005 -33.230513 -1.364887 -6.186635 2.466089 -1.576209 2.681697 -0.662910 2.160404 4.832489 11.853555 25.421641 17.058264 2.647884 -1.528753 1.528744 -13.761931 3.522390 9.039605 1.998920 -1.154078 1.154077 0.000002 -0.000001 0.000005 9.109302 -0.518009 2.259899 0.019854 -0.969579 -7.593531 0.267745 1.752596 -17.372431 0.057624 0.820631 -8.034698 -0.000000 -0.000000 0.000002 9.533395 0.000007 -0.000000 -0.076325 2.665809 -15.696833 0.268764 1.755828 -17.405520 0.300508 1.854019 -18.413336 0.000001 0.000000 0.000001 9.104487 -0.042999 -1.865101 0.136881 3.641806 -21.133505 0.386598 2.094828 -20.911884 0.283021 1.800669 -17.865005 0.000001 0.000000 0.000002 8.077793 -0.486890 -3.806300 0.927702 5.555976 -27.128017 0.269155 1.757065 -17.418212 0.241887 1.667729 -16.505888 -0.000000 -0.000000 -0.000001 -8.207801 -6.751718 -1.599544 0.596210 -10.335849 3.512264 7.510633 -8.276069 -3.186727 -3.705637 -3.193839 3.026300 -7.252614 -0.000025 -0.000002 0.000000 -0.000001 -0.000000 8.207800 -6.751717 -1.599544 -10.752602 14.548996 10.332652 12.141612 2.595133 4.138074 1.273206 0.139760 -7.119436 -4.983706 0.000012 0.000003 -0.000000 0.000001 0.000000 
-1.424596 103.377586 0.121838 -148.473231 -82.838795 -152.092112 0.000000 10.181548 0.131524 3.296973 1.543014 2.729724 1.151890 0.339449 1.552798 1.126012 0.361523 1.555887 -0.000000 16.740360 -2.049019 5.626314 -0.078941 0.454683 0.000000 9.617867 1.684975 -7.563343 1.375735 -0.080567 0.000000 22.037369 7.501073 -0.000000 -0.000000 0.000000 -4.570003 11.014878 -2.160838 2.959889 12.023758 8.926847 9.664250 32.496582 63.907580 -0.000013 6.693722 0.000009 -20.179051 -0.514125 6.782784 -2.464798 -1.573995 2.681911 -1.665237 -0.174481 -4.219036 12.710984 -29.825384 -16.130836 -2.646273 -1.527814 1.527820 -15.549438 -3.559426 -12.707138 -1.994610 -1.151581 1.151583 0.000003 -0.000005 0.000001 -9.108284 -0.517885 2.259804 0.038556 1.262297 6.823711 0.214029 -1.397034 17.420117 0.046167 -0.654904 8.066290 -0.000000 0.000002 0.000005 -9.532484 0.000016 0.000000 -0.136233 -2.205094 14.998860 0.214442 -1.398348 17.436874 0.239765 -1.476510 18.446270 -0.000000 0.000001 0.000005 -9.103603 -0.043111 -1.865098 0.030598 -3.075756 20.451022 0.308449 -1.668271 20.948528 0.225819 -1.434041 17.897076 -0.000000 -0.000000 0.000002 -8.076697 -0.486740 -3.806300 0.764894 -4.877287 26.475321 0.214455 -1.398361 17.437026 0.193010 -1.328205 16.535830 0.000001 0.000001 0.000000 4.570401 11.014686 -2.160813 -0.717792 -20.249878 -16.899510 5.973805 -16.155182 -65.928538 0.000005 -1.459346 0.000005 -33.230513 -1.364887 -6.186635 2.466089 -1.576209 2.681697 -0.662910 2.160404 4.832489 11.853555 25.421641 17.058264 2.647884 -1.528753 1.528744 -13.761931 3.522390 9.039605 1.998920 -1.154078 1.154077 0.000002 -0.000001 0.000005 9.109302 -0.518009 2.259899 0.019854 -0.969579 -7.593531 0.267745 1.752596 -17.372431 0.057624 0.820631 -8.034698 -0.000000 -0.000000 0.000002 9.533395 0.000007 -0.000000 -0.076325 2.665809 -15.696833 0.268764 1.755828 -17.405520 0.300508 1.854019 -18.413336 0.000001 0.000000 0.000001 9.104487 -0.042999 -1.865101 0.136881 3.641806 -21.133505 0.386598 2.094828 -20.911884 0.283021 1.800669 -17.865005 0.000001 0.000000 0.000002 8.077793 -0.486890 -3.806300 0.927702 5.555976 -27.128017 0.269155 1.757065 -17.418212 0.241887 1.667729 -16.505888 -0.000000 -0.000000 -0.000001 -8.207801 -6.751718 -1.599544 0.596210 -10.335849 3.512264 7.510633 -8.276069 -3.186727 -3.705637 -3.193839 3.026300 -7.252614 -0.000025 -0.000002 0.000000 -0.000001 -0.000000 8.207800 -6.751717 -1.599544 -10.752602 14.548996 10.332652 12.141612 2.595133 4.138074 1.273206 0.139760 -7.119436 -4.983706 0.000012 0.000003 -0.000000 0.000001 0.000000 
-1.424596 103.377586 0.121838 -148.473231 -82.838795 -152.092112 0.000000 10.181548 0.131524 3.296973 1.543014 2.729724 1.151890 0.339449 1.552798 1.126012 0.361523 1.555887 -0.000000 16.740360 -2.049019 5.626314 -0.078941 0.454683 0.000000 9.617867 1.684975 -7.563343 1.375735 -0.080567 0.000000 22.037369 7.501073 -0.000000 -0.000000 0.000000 -4.570003 11.014878 -2.160838 2.959889 12.023758 8.926847 9.664250 32.496582 63.907580 -0.000013 6.693722 0.000009 -20.179051 -0.514125 6.782784 -2.464798 -1.573995 2.681911 -1.665237 -0.174481 -4.219036 12.710984 -29.825384 -16.130836 -2.646273 -1.527814 1.527820 -15.549438 -3.559426 -12.707138 -1.994610 -1.151581 1.151583 0.000003 -0.000005 0.000001 -9.108284 -0.517885 2.259804 0.038556 1.262297 6.823711 0.214029 -1.397034 17.420117 0.046167 -0.654904 8.066290 -0.000000 0.000002 0.000005 -9.532484 0.000016 0.000000 -0.136233 -2.205094 14.998860 0.214442 -1.398348 17.436874 0.239765 -1.476510 18.446270 -0.000000 0.000001 0.000005 -9.103603 -0.043111 -1.865098 0.030598 -3.075756 20.451022 0.308449 -1.668271 20.948528 0.225819 -1.434041 17.897076 -0.000000 -0.000000 0.000002 -8.076697 -0.486740 -3.806300 0.764894 -4.877287 26.475321 0.214455 -1.398361 17.437026 0.193010 -1.328205 16.535830 0.000001 0.000001 0.000000 4.570401 11.014686 -2.160813 -0.717792 -20.249878 -16.899510 5.973805 -16.155182 -65.928538 0.000005 -1.459346 0.000005 -33.230513 -1.364887 -6.186635 2.466089 -1.576209 2.681697 -0.662910 2.160404 4.832489 11.853555 25.421641 17.058264 2.647884 -1.528753 1.528744 -13.761931 3.522390 9.039605 1.998920 -1.154078 1.154077 0.000002 -0.000001 0.000005 9.109302 -0.518009 2.259899 0.019854 -0.969579 -7.593531 0.267745 1.752596 -17.372431 0.057624 0.820631 -8.034698 -0.000000 -0.000000 0.000002 9.533395 0.000007 -0.000000 -0.076325 2.665809 -15.696833 0.268764 1.755828 -17.405520 0.300508 1.854019 -18.413336 0.000001 0.000000 0.000001 9.104487 -0.042999 -1.865101 0.136881 3.641806 -21.133505 0.386598 2.094828 -20.911884 0.283021 1.800669 -17.865005 0.000001 0.000000 0.000002 8.077793 -0.486890 -3.806300 0.927702 5.555976 -27.128017 0.269155 1.757065 -17.418212 0.241887 1.667729 -16.505888 -0.000000 -0.000000 -0.000001 -8.207801 -6.751718 -1.599544 0.596210 -10.335849 3.512264 7.510633 -8.276069 -3.186727 -3.705637 -3.193839 3.026300 -7.252614 -0.000025 -0.000002 0.000000 -0.000001 -0.000000 8.207800 -6.751717 -1.599544 -10.752602 14.548996 10.332652 12.141612 2.595133 4.138074 1.273206 0.139760 -7.119436 -4.983706 0.000012 0.000003 -0.000000 0.000001 0.000000 
-1.424596 103.377586 0.121838 -148.473231 -82.838795 -152.092112 0.000000 10.181548 0.131524 3.296973 1.543014 2.729724 1.151890 0.339449 1.552798 1.126012 0.361523 1.555887 -0.000000 16.740360 -2.049019 5.626314 -0.078941 0.454683 0.000000 9.617867 1.684975 -7.563343 1.375735 -0.080567 0.000000 22.037369 7.501073 -0.000000 -0.000000 0.000000 -4.570003 11.014878 -2.160838 2.959889 12.023758 8.926847 9.664250 32.496582 63.907580 -0.000013 6.693722 0.000009 -20.179051 -0.514125 6.782784 -2.464798 -1.573995 2.681911 -1.665237 -0.174481 -4.219036 12.710984 -29.825384 -16.130836 -2.646273 -1.527814 1.527820 -15.549438 -3.559426 -12.707138 -1.994610 -1.151581 1.151583 0.000003 -0.000005 0.000001 -9.108284 -0.517885 2.259804 0.038556 1.262297 6.823711 0.214029 -1.397034 17.420117 0.046167 -0.654904 8.066290 -0.000000 0.000002 0.000005 -9.532484 0.000016 0.000000 -0.136233 -2.205094 14.998860 0.214442 -1.398348 17.436874 0.239765 -1.476510 18.446270 -0.000000 0.000001 0.000005 -9.103603 -0.043111 -1.865098 0.030598 -3.075756 20.451022 0.308449 -1.668271 20.948528 0.225819 -1.434041 17.897076 -0.000000 -0.000000 0.000002 -8.076697 -0.486740 -3.806300 0.764894 -4.877287 26.475321 0.214455 -1.398361 17.437026 0.193010 -1.328205 16.535830 0.000001 0.000001 0.000000 4.570401 11.014686 -2.160813 -0.717792 -20.249878 -16.899510 5.973805 -16.155182 -65.928538 0.000005 -1.459346 0.000005 -33.230513 -1.364887 -6.186635 2.466089 -1.576209 2.681697 -0.662910 2.160404 4.832489 11.853555 25.421641 17.058264 2.647884 -1.528753 1.528744 -13.761931 3.522390 9.039605 1.998920 -1.154078 1.154077 0.000002 -0.000001 0.000005 9.109302 -0.518009 2.259899 0.019854 -0.969579 -7.593531 0.267745 1.752596 -17.372431 0.057624 0.820631 -8.034698 -0.000000 -0.000000 0.000002 9.533395 0.000007 -0.000000 -0.076325 2.665809 -15.696833 0.268764 1.755828 -17.405520 0.300508 1.854019 -18.413336 0.000001 0.000000 0.000001 9.104487 -0.042999 -1.865101 0.136881 3.641806 -21.133505 0.386598 2.094828 -20.911884 0.283021 1.800669 -17.865005 0.000001 0.000000 0.000002 8.077793 -0.486890 -3.806300 0.927702 5.555976 -27.128017 0.269155 1.757065 -17.418212 0.241887 1.667729 -16.505888 -0.000000 -0.000000 -0.000001 -8.207801 -6.751718 -1.599544 0.596210 -10.335849 3.512264 7.510633 -8.276069 -3.186727 -3.705637 -3.193839 3.026300 -7.252614 -0.000025 -0.000002 0.000000 -0.000001 -0.000000 8.207800 -6.751717 -1.599544 -10.752602 14.548996 10.332652 12.141612 2.595133 4.138074 1.273206 0.139760 -7.119436 -4.983706 0.000012 0.000003 -0.000000 0.000001 0.000000 
-1.424596 103.377586 0.121838 -148.473231 -82.838795 -152.092112 0.000000 10.181548 0.131524 3.296973 1.543014 2.729724 1.151890 0.339449 1.552798 1.126012 0.361523 1.555887 -0.000000 16.740360 -2.049019 5.626314 -0.078941 0.454683 0.000000 9.617867 1.684975 -7.563343 1.375735 -0.080567 0.000000 22.037369 7.501073 -0.000000 -0.000000 0.000000 -4.570003 11.014878 -2.160838 2.959889 12.023758 8.926847 9.664250 32.496582 63.907580 -0.000013 6.693722 0.000009 -20.179051 -0.514125 6.782784 -2.464798 -1.573995 2.681911 -1.665237 -0.174481 -4.219036 12.710984 -29.825384 -16.130836 -2.646273 -1.527814 1.527820 -15.549438 -3.559426 -12.707138 -1.994610 -1.151581 1.151583 0.000003 -0.000005 0.000001 -9.108284 -0.517885 2.259804 0.038556 1.262297 6.823711 0.214029 -1.397034 17.420117 0.046167 -0.654904 8.066290 -0.000000 0.000002 0.000005 -9.532484 0.000016 0.000000 -0.136233 -2.205094 14.998860 0.214442 -1.398348 17.436874 0.239765 -1.476510 18.446270 -0.000000 0.000001 0.000005 -9.103603 -0.043111 -1.865098 0.030598 -3.075756 20.451022 0.308449 -1.668271 20.948528 0.225819 -1.434041 17.897076 -0.000000 -0.000000 0.000002 -8.076697 -0.486740 -3.806300 0.764894 -4.877287 26.475321 0.214455 -1.398361 17.437026 0.193010 -1.328205 16.535830 0.000001 0.000001 0.000000 4.570401 11.014686 -2.160813 -0.717792 -20.249878 -16.899510 5.973805 -16.155182 -65.928538 0.000005 -1.459346 0.000005 -33.230513 -1.364887 -6.186635 2.466089 -1.576209 2.681697 -0.662910 2.160404 4.832489 11.853555 25.421641 17.058264 2.647884 -1.528753 1.528744 -13.761931 3.522390 9.039605 1.998920 -1.154078 1.154077 0.000002 -0.000001 0.000005 9.109302 -0.518009 2.259899 0.019854 -0.969579 -7.593531 0.267745 1.752596 -17.372431 0.057624 0.820631 -8.034698 -0.000000 -0.000000 0.000002 9.533395 0.000007 -0.000000 -0.076325 2.665809 -15.696833 0.268764 1.755828 -17.405520 0.300508 1.854019 -18.413336 0.000001 0.000000 0.000001 9.104487 -0.042999 -1.865101 0.136881 3.641806 -21.133505 0.386598 2.094828 -20.911884 0.283021 1.800669 -17.865005 0.000001 0.000000 0.000002 8.077793 -0.486890 -3.806300 0.927702 5.555976 -27.128017 0.269155 1.757065 -17.418212 0.241887 1.667729 -16.505888 -0.000000 -0.000000 -0.000001 -8.207801 -6.751718 -1.599544 0.596210 -10.335849 3.512264 7.510633 -8.276069 -3.186727 -3.705637 -3.193839 3.026300 -7.252614 -0.000025 -0.000002 0.000000 -0.000001 -0.000000 8.207800 -6.751717 -1.599544 -10.752602 14.548996 10.332652 12.141612 2.595133 4.138074 1.273206 0.139760 -7.119436 -4.983706 0.000012 0.000003 -0.000000 0.000001 0.000000 
-1.424596 103.377586 0.121838 -148.473231 -82.838795 -152.092112 0.000000 10.181548 0.131524 3.296973 1.543014 2.729724 1.151890 0.339449 1.552798 1.126012 0.361523 1.555887 -0.000000 16.740360 -2.049019 5.626314 -0.078941 0.454683 0.000000 9.617867 1.684975 -7.563343 1.375735 -0.080567 0.000000 22.037369 7.501073 -0.000000 -0.000000 0.000000 -4.570003 11.014878 -2.160838 2.959889 12.023758 8.926847 9.664250 32.496582 63.907580 -0.000013 6.693722 0.000009 -20.179051 -0.514125 6.782784 -2.464798 -1.573995 2.681911 -1.665237 -0.174481 -4.219036 12.710984 -29.825384 -16.130836 -2.646273 -1.527814 1.527820 -15.549438 -3.559426 -12.707138 -1.994610 -1.151581 1.151583 0.000003 -0.000005 0.000001 -9.108284 -0.517885 2.259804 0.038556 1.262297 6.823711 0.214029 -1.397034 17.420117 0.046167 -0.654904 8.066290 -0.000000 0.000002 0.000005 -9.532484 0.000016 0.000000 -0.136233 -2.205094 14.998860 0.214442 -1.398348 17.436874 0.239765 -1.476510 18.446270 -0.000000 0.000001 0.000005 -9.103603 -0.043111 -1.865098 0.030598 -3.075756 20.451022 0.308449 -1.668271 20.948528 0.225819 -1.434041 17.897076 -0.000000 -0.000000 0.000002 -8.076697 -0.486740 -3.806300 0.764894 -4.877287 26.475321 0.214455 -1.398361 17.437026 0.193010 -1.328205 16.535830 0.000001 0.000001 0.000000 4.570401 11.014686 -2.160813 -0.717792 -20.249878 -16.899510 5.973805 -16.155182 -65.928538 0.000005 -1.459346 0.000005 -33.230513 -1.364887 -6.186635 2.466089 -1.576209 2.681697 -0.662910 2.160404 4.832489 11.853555 25.421641 17.058264 2.647884 -1.528753 1.528744 -13.761931 3.522390 9.039605 1.998920 -1.154078 1.154077 0.000002 -0.000001 0.000005 9.109302 -0.518009 2.259899 0.019854 -0.969579 -7.593531 0.267745 1.752596 -17.372431 0.057624 0.820631 -8.034698 -0.000000 -0.000000 0.000002 9.533395 0.000007 -0.000000 -0.076325 2.665809 -15.696833 0.268764 1.755828 -17.405520 0.300508 1.854019 -18.413336 0.000001 0.000000 0.000001 9.104487 -0.042999 -1.865101 0.136881 3.641806 -21.133505 0.386598 2.094828 -20.911884 0.283021 1.800669 -17.865005 0.000001 0.000000 0.000002 8.077793 -0.486890 -3.806300 0.927702 5.555976 -27.128017 0.269155 1.757065 -17.418212 0.241887 1.667729 -16.505888 -0.000000 -0.000000 -0.000001 -8.207801 -6.751718 -1.599544 0.596210 -10.335849 3.512264 7.510633 -8.276069 -3.186727 -3.705637 -3.193839 3.026300 -7.252614 -0.000025 -0.000002 0.000000 -0.000001 -0.000000 8.207800 -6.751717 -1.599544 -10.752602 14.548996 10.332652 12.141612 2.595133 4.138074 1.273206 0.139760 -7.119436 -4.983706 0.000012 0.000003 -0.000000 0.000001 0.000000 
-1.424596 103.377586 0.121838 -148.473231 -82.838795 -152.092112 0.000000 10.181548 0.131524 3.296973 1.543014 2.729724 1.151890 0.339449 1.552798 1.126012 0.361523 1.555887 -0.000000 16.740360 -2.049019 5.626314 -0.078941 0.454683 0.000000 9.617867 1.684975 -7.563343 1.375735 -0.080567 0.000000 22.037369 7.501073 -0.000000 -0.000000 0.000000 -4.570003 11.014878 -2.160838 2.959889 12.023758 8.926847 9.664250 32.496582 63.907580 -0.000013 6.693722 0.000009 -20.179051 -0.514125 6.782784 -2.464798 -1.573995 2.681911 -1.665237 -0.174481 -4.219036 12.710984 -29.825384 -16.130836 -2.646273 -1.527814 1.527820 -15.549438 -3.559426 -12.707138 -1.994610 -1.151581 1.151583 0.000003 -0.000005 0.000001 -9.108284 -0.517885 2.259804 0.038556 1.262297 6.823711 0.214029 -1.397034 17.420117 0.046167 -0.654904 8.066290 -0.000000 0.000002 0.000005 -9.532484 0.000016 0.000000 -0.136233 -2.205094 14.998860 0.214442 -1.398348 17.436874 0.239765 -1.476510 18.446270 -0.000000 0.000001 0.000005 -9.103603 -0.043111 -1.865098 0.030598 -3.075756 20.451022 0.308449 -1.668271 20.948528 0.225819 -1.434041 17.897076 -0.000000 -0.000000 0.000002 -8.076697 -0.486740 -3.806300 0.764894 -4.877287 26.475321 0.214455 -1.398361 17.437026 0.193010 -1.328205 16.535830 0.000001 0.000001 0.000000 4.570401 11.014686 -2.160813 -0.717792 -20.249878 -16.899510 5.973805 -16.155182 -65.928538 0.000005 -1.459346 0.000005 -33.230513 -1.364887 -6.186635 2.466089 -1.576209 2.681697 -0.662910 2.160404 4.832489 11.853555 25.421641 17.058264 2.647884 -1.528753 1.528744 -13.761931 3.522390 9.039605 1.998920 -1.154078 1.154077 0.000002 -0.000001 0.000005 9.109302 -0.518009 2.259899 0.019854 -0.969579 -7.593531 0.267745 1.752596 -17.372431 0.057624 0.820631 -8.034698 -0.000000 -0.000000 0.000002 9.533395 0.000007 -0.000000 -0.076325 2.665809 -15.696833 0.268764 1.755828 -17.405520 0.300508 1.854019 -18.413336 0.000001 0.000000 0.000001 9.104487 -0.042999 -1.865101 0.136881 3.641806 -21.133505 0.386598 2.094828 -20.911884 0.283021 1.800669 -17.865005 0.000001 0.000000 0.000002 8.077793 -0.486890 -3.806300 0.927702 5.555976 -27.128017 0.269155 1.757065 -17.418212 0.241887 1.667729 -16.505888 -0.000000 -0.000000 -0.000001 -8.207801 -6.751718 -1.599544 0.596210 -10.335849 3.512264 7.510633 -8.276069 -3.186727 -3.705637 -3.193839 3.026300 -7.252614 -0.000025 -0.000002 0.000000 -0.000001 -0.000000 8.207800 -6.751717 -1.599544 -10.752602 14.548996 10.332652 12.141612 2.595133 4.138074 1.273206 0.139760 -7.119436 -4.983706 0.000012 0.000003 -0.000000 0.000001 0.000000 
-1.424596 103.377586 0.121838 -148.473231 -82.838795 -152.092112 0.000000 10.181548 0.131524 3.296973 1.543014 2.729724 1.151890 0.339449 1.552798 1.126012 0.361523 1.555887 -0.000000 16.740360 -2.049019 5.626314 -0.078941 0.454683 0.000000 9.617867 1.684975 -7.563343 1.375735 -0.080567 0.000000 22.037369 7.501073 -0.000000 -0.000000 0.000000 -4.570003 11.014878 -2.160838 2.959889 12.023758 8.926847 9.664250 32.496582 63.907580 -0.000013 6.693722 0.000009 -20.179051 -0.514125 6.782784 -2.464798 -1.573995 2.681911 -1.665237 -0.174481 -4.219036 12.710984 -29.825384 -16.130836 -2.646273 -1.527814 1.527820 -15.549438 -3.559426 -12.707138 -1.994610 -1.151581 1.151583 0.000003 -0.000005 0.000001 -9.108284 -0.517885 2.259804 0.038556 1.262297 6.823711 0.214029 -1.397034 17.420117 0.046167 -0.654904 8.066290 -0.000000 0.000002 0.000005 -9.532484 0.000016 0.000000 -0.136233 -2.205094 14.998860 0.214442 -1.398348 17.436874 0.239765 -1.476510 18.446270 -0.000000 0.000001 0.000005 -9.103603 -0.043111 -1.865098 0.030598 -3.075756 20.451022 0.308449 -1.668271 20.948528 0.225819 -1.434041 17.897076 -0.000000 -0.000000 0.000002 -8.076697 -0.486740 -3.806300 0.764894 -4.877287 26.475321 0.214455 -1.398361 17.437026 0.193010 -1.328205 16.535830 0.000001 0.000001 0.000000 4.570401 11.014686 -2.160813 -0.717792 -20.249878 -16.899510 5.973805 -16.155182 -65.928538 0.000005 -1.459346 0.000005 -33.230513 -1.364887 -6.186635 2.466089 -1.576209 2.681697 -0.662910 2.160404 4.832489 11.853555 25.421641 17.058264 2.647884 -1.528753 1.528744 -13.761931 3.522390 9.039605 1.998920 -1.154078 1.154077 0.000002 -0.000001 0.000005 9.109302 -0.518009 2.259899 0.019854 -0.969579 -7.593531 0.267745 1.752596 -17.372431 0.057624 0.820631 -8.034698 -0.000000 -0.000000 0.000002 9.533395 0.000007 -0.000000 -0.076325 2.665809 -15.696833 0.268764 1.755828 -17.405520 0.300508 1.854019 -18.413336 0.000001 0.000000 0.000001 9.104487 -0.042999 -1.865101 0.136881 3.641806 -21.133505 0.386598 2.094828 -20.911884 0.283021 1.800669 -17.865005 0.000001 0.000000 0.000002 8.077793 -0.486890 -3.806300 0.927702 5.555976 -27.128017 0.269155 1.757065 -17.418212 0.241887 1.667729 -16.505888 -0.000000 -0.000000 -0.000001 -8.207801 -6.751718 -1.599544 0.596210 -10.335849 3.512264 7.510633 -8.276069 -3.186727 -3.705637 -3.193839 3.026300 -7.252614 -0.000025 -0.000002 0.000000 -0.000001 -0.000000 8.207800 -6.751717 -1.599544 -10.752602 14.548996 10.332652 12.141612 2.595133 4.138074 1.273206 0.139760 -7.119436 -4.983706 0.000012 0.000003 -0.000000 0.000001 0.000000 
-1.424596 103.377586 0.121838 -148.473231 -82.838795 -152.092112 0.000000 10.181548 0.131524 3.296973 1.543014 2.729724 1.151890 0.339449 1.552798 1.126012 0.361523 1.555887 -0.000000 16.740360 -2.049019 5.626314 -0.078941 0.454683 0.000000 9.617867 1.684975 -7.563343 1.375735 -0.080567 0.000000 22.037369 7.501073 -0.000000 -0.000000 0.000000 -4.570003 11.014878 -2.160838 2.959889 12.023758 8.926847 9.664250 32.496582 63.907580 -0.000013 6.693722 0.000009 -20.179051 -0.514125 6.782784 -2.464798 -1.573995 2.681911 -1.665237 -0.174481 -4.219036 12.710984 -29.825384 -16.130836 -2.646273 -1.527814 1.527820 -15.549438 -3.559426 -12.707138 -1.994610 -1.151581 1.151583 0.000003 -0.000005 0.000001 -9.108284 -0.517885 2.259804 0.038556 1.262297 6.823711 0.214029 -1.397034 17.420117 0.046167 -0.654904 8.066290 -0.000000 0.000002 0.000005 -9.532484 0.000016 0.000000 -0.136233 -2.205094 14.998860 0.214442 -1.398348 17.436874 0.239765 -1.476510 18.446270 -0.000000 0.000001 0.000005 -9.103603 -0.043111 -1.865098 0.030598 -3.075756 20.451022 0.308449 -1.668271 20.948528 0.225819 -1.434041 17.897076 -0.000000 -0.000000 0.000002 -8.076697 -0.486740 -3.806300 0.764894 -4.877287 26.475321 0.214455 -1.398361 17.437026 0.193010 -1.328205 16.535830 0.000001 0.000001 0.000000 4.570401 11.014686 -2.160813 -0.717792 -20.249878 -16.899510 5.973805 -16.155182 -65.928538 0.000005 -1.459346 0.000005 -33.230513 -1.364887 -6.186635 2.466089 -1.576209 2.681697 -0.662910 2.160404 4.832489 11.853555 25.421641 17.058264 2.647884 -1.528753 1.528744 -13.761931 3.522390 9.039605 1.998920 -1.154078 1.154077 0.000002 -0.000001 0.000005 9.109302 -0.518009 2.259899 0.019854 -0.969579 -7.593531 0.267745 1.752596 -17.372431 0.057624 0.820631 -8.034698 -0.000000 -0.000000 0.000002 9.533395 0.000007 -0.000000 -0.076325 2.665809 -15.696833 0.268764 1.755828 -17.405520 0.300508 1.854019 -18.413336 0.000001 0.000000 0.000001 9.104487 -0.042999 -1.865101 0.136881 3.641806 -21.133505 0.386598 2.094828 -20.911884 0.283021 1.800669 -17.865005 0.000001 0.000000 0.000002 8.077793 -0.486890 -3.806300 0.927702 5.555976 -27.128017 0.269155 1.757065 -17.418212 0.241887 1.667729 -16.505888 -0.000000 -0.000000 -0.000001 -8.207801 -6.751718 -1.599544 0.596210 -10.335849 3.512264 7.510633 -8.276069 -3.186727 -3.705637 -3.193839 3.026300 -7.252614 -0.000025 -0.000002 0.000000 -0.000001 -0.000000 8.207800 -6.751717 -1.599544 -10.752602 14.548996 10.332652 12.141612 2.595133 4.138074 1.273206 0.139760 -7.119436 -4.983706 0.000012 0.000003 -0.000000 0.000001 0.000000 
-1.424596 103.377586 0.121838 -148.473231 -82.838795 -152.092112 0.000000 10.181548 0.131524 3.296973 1.543014 2.729724 1.151890 0.339449 1.552798 1.126012 0.361523 1.555887 -0.000000 16.740360 -2.049019 5.626314 -0.078941 0.454683 0.000000 9.617867 1.684975 -7.563343 1.375735 -0.080567 0.000000 22.037369 7.501073 -0.000000 -0.000000 0.000000 -4.570003 11.014878 -2.160838 2.959889 12.023758 8.926847 9.664250 32.496582 63.907580 -0.000013 6.693722 0.000009 -20.179051 -0.514125 6.782784 -2.464798 -1.573995 2.681911 -1.665237 -0.174481 -4.219036 12.710984 -29.825384 -16.130836 -2.646273 -1.527814 1.527820 -15.549438 -3.559426 -12.707138 -1.994610 -1.151581 1.151583 0.000003 -0.000005 0.000001 -9.108284 -0.517885 2.259804 0.038556 1.262297 6.823711 0.214029 -1.397034 17.420117 0.046167 -0.654904 8.066290 -0.000000 0.000002 0.000005 -9.532484 0.000016 0.000000 -0.136233 -2.205094 14.998860 0.214442 -1.398348 17.436874 0.239765 -1.476510 18.446270 -0.000000 0.000001 0.000005 -9.103603 -0.043111 -1.865098 0.030598 -3.075756 20.451022 0.308449 -1.668271 20.948528 0.225819 -1.434041 17.897076 -0.000000 -0.000000 0.000002 -8.076697 -0.486740 -3.806300 0.764894 -4.877287 26.475321 0.214455 -1.398361 17.437026 0.193010 -1.328205 16.535830 0.000001 0.000001 0.000000 4.570401 11.014686 -2.160813 -0.717792 -20.249878 -16.899510 5.973805 -16.155182 -65.928538 0.000005 -1.459346 0.000005 -33.230513 -1.364887 -6.186635 2.466089 -1.576209 2.681697 -0.662910 2.160404 4.832489 11.853555 25.421641 17.058264 2.647884 -1.528753 1.528744 -13.761931 3.522390 9.039605 1.998920 -1.154078 1.154077 0.000002 -0.000001 0.000005 9.109302 -0.518009 2.259899 0.019854 -0.969579 -7.593531 0.267745 1.752596 -17.372431 0.057624 0.820631 -8.034698 -0.000000 -0.000000 0.000002 9.533395 0.000007 -0.000000 -0.076325 2.665809 -15.696833 0.268764 1.755828 -17.405520 0.300508 1.854019 -18.413336 0.000001 0.000000 0.000001 9.104487 -0.042999 -1.865101 0.136881 3.641806 -21.133505 0.386598 2.094828 -20.911884 0.283021 1.800669 -17.865005 0.000001 0.000000 0.000002 8.077793 -0.486890 -3.806300 0.927702 5.555976 -27.128017 0.269155 1.757065 -17.418212 0.241887 1.667729 -16.505888 -0.000000 -0.000000 -0.000001 -8.207801 -6.751718 -1.599544 0.596210 -10.335849 3.512264 7.510633 -8.276069 -3.186727 -3.705637 -3.193839 3.026300 -7.252614 -0.000025 -0.000002 0.000000 -0.000001 -0.000000 8.207800 -6.751717 -1.599544 -10.752602 14.548996 10.332652 12.141612 2.595133 4.138074 1.273206 0.139760 -7.119436 -4.983706 0.000012 0.000003 -0.000000 0.000001 0.000000 
-1.424596 103.377586 0.121838 -148.473231 -82.838795 -152.092112 0.000000 10.181548 0.131524 3.296973 1.543014 2.729724 1.151890 0.339449 1.552798 1.126012 0.361523 1.555887 -0.000000 16.740360 -2.049019 5.626314 -0.078941 0.454683 0.000000 9.617867 1.684975 -7.563343 1.375735 -0.080567 0.000000 22.037369 7.501073 -0.000000 -0.000000 0.000000 -4.570003 11.014878 -2.160838 2.959889 12.023758 8.926847 9.664250 32.496582 63.907580 -0.000013 6.693722 0.000009 -20.179051 -0.514125 6.782784 -2.464798 -1.573995 2.681911 -1.665237 -0.174481 -4.219036 12.710984 -29.825384 -16.130836 -2.646273 -1.527814 1.527820 -15.549438 -3.559426 -12.707138 -1.994610 -1.151581 1.151583 0.000003 -0.000005 0.000001 -9.108284 -0.517885 2.259804 0.038556 1.262297 6.823711 0.214029 -1.397034 17.420117 0.046167 -0.654904 8.066290 -0.000000 0.000002 0.000005 -9.532484 0.000016 0.000000 -0.136233 -2.205094 14.998860 0.214442 -1.398348 17.436874 0.239765 -1.476510 18.446270 -0.000000 0.000001 0.000005 -9.103603 -0.043111 -1.865098 0.030598 -3.075756 20.451022 0.308449 -1.668271 20.948528 0.225819 -1.434041 17.897076 -0.000000 -0.000000 0.000002 -8.076697 -0.486740 -3.806300 0.764894 -4.877287 26.475321 0.214455 -1.398361 17.437026 0.193010 -1.328205 16.535830 0.000001 0.000001 0.000000 4.570401 11.014686 -2.160813 -0.717792 -20.249878 -16.899510 5.973805 -16.155182 -65.928538 0.000005 -1.459346 0.000005 -33.230513 -1.364887 -6.186635 2.466089 -1.576209 2.681697 -0.662910 2.160404 4.832489 11.853555 25.421641 17.058264 2.647884 -1.528753 1.528744 -13.761931 3.522390 9.039605 1.998920 -1.154078 1.154077 0.000002 -0.000001 0.000005 9.109302 -0.518009 2.259899 0.019854 -0.969579 -7.593531 0.267745 1.752596 -17.372431 0.057624 0.820631 -8.034698 -0.000000 -0.000000 0.000002 9.533395 0.000007 -0.000000 -0.076325 2.665809 -15.696833 0.268764 1.755828 -17.405520 0.300508 1.854019 -18.413336 0.000001 0.000000 0.000001 9.104487 -0.042999 -1.865101 0.136881 3.641806 -21.133505 0.386598 2.094828 -20.911884 0.283021 1.800669 -17.865005 0.000001 0.000000 0.000002 8.077793 -0.486890 -3.806300 0.927702 5.555976 -27.128017 0.269155 1.757065 -17.418212 0.241887 1.667729 -16.505888 -0.000000 -0.000000 -0.000001 -8.207801 -6.751718 -1.599544 0.596210 -10.335849 3.512264 7.510633 -8.276069 -3.186727 -3.705637 -3.193839 3.026300 -7.252614 -0.000025 -0.000002 0.000000 -0.000001 -0.000000 8.207800 -6.751717 -1.599544 -10.752602 14.548996 10.332652 12.141612 2.595133 4.138074 1.273206 0.139760 -7.119436 -4.983706 0.000012 0.000003 -0.000000 0.000001 0.000000 
-1.424596 103.377586 0.121838 -148.473231 -82.838795 -152.092112 0.000000 10.181548 0.131524 3.296973 1.543014 2.729724 1.151890 0.339449 1.552798 1.126012 0.361523 1.555887 -0.000000 16.740360 -2.049019 5.626314 -0.078941 0.454683 0.000000 9.617867 1.684975 -7.563343 1.375735 -0.080567 0.000000 22.037369 7.501073 -0.000000 -0.000000 0.000000 -4.570003 11.014878 -2.160838 2.959889 12.023758 8.926847 9.664250 32.496582 63.907580 -0.000013 6.693722 0.000009 -20.179051 -0.514125 6.782784 -2.464798 -1.573995 2.681911 -1.665237 -0.174481 -4.219036 12.710984 -29.825384 -16.130836 -2.646273 -1.527814 1.527820 -15.549438 -3.559426 -12.707138 -1.994610 -1.151581 1.151583 0.000003 -0.000005 0.000001 -9.108284 -0.517885 2.259804 0.038556 1.262297 6.823711 0.214029 -1.397034 17.420117 0.046167 -0.654904 8.066290 -0.000000 0.000002 0.000005 -9.532484 0.000016 0.000000 -0.136233 -2.205094 14.998860 0.214442 -1.398348 17.436874 0.239765 -1.476510 18.446270 -0.000000 0.000001 0.000005 -9.103603 -0.043111 -1.865098 0.030598 -3.075756 20.451022 0.308449 -1.668271 20.948528 0.225819 -1.434041 17.897076 -0.000000 -0.000000 0.000002 -8.076697 -0.486740 -3.806300 0.764894 -4.877287 26.475321 0.214455 -1.398361 17.437026 0.193010 -1.328205 16.535830 0.000001 0.000001 0.000000 4.570401 11.014686 -2.160813 -0.717792 -20.249878 -16.899510 5.973805 -16.155182 -65.928538 0.000005 -1.459346 0.000005 -33.230513 -1.364887 -6.186635 2.466089 -1.576209 2.681697 -0.662910 2.160404 4.832489 11.853555 25.421641 17.058264 2.647884 -1.528753 1.528744 -13.761931 3.522390 9.039605 1.998920 -1.154078 1.154077 0.000002 -0.000001 0.000005 9.109302 -0.518009 2.259899 0.019854 -0.969579 -7.593531 0.267745 1.752596 -17.372431 0.057624 0.820631 -8.034698 -0.000000 -0.000000 0.000002 9.533395 0.000007 -0.000000 -0.076325 2.665809 -15.696833 0.268764 1.755828 -17.405520 0.300508 1.854019 -18.413336 0.000001 0.000000 0.000001 9.104487 -0.042999 -1.865101 0.136881 3.641806 -21.133505 0.386598 2.094828 -20.911884 0.283021 1.800669 -17.865005 0.000001 0.000000 0.000002 8.077793 -0.486890 -3.806300 0.927702 5.555976 -27.128017 0.269155 1.757065 -17.418212 0.241887 1.667729 -16.505888 -0.000000 -0.000000 -0.000001 -8.207801 -6.751718 -1.599544 0.596210 -10.335849 3.512264 7.510633 -8.276069 -3.186727 -3.705637 -3.193839 3.026300 -7.252614 -0.000025 -0.000002 0.000000 -0.000001 -0.000000 8.207800 -6.751717 -1.599544 -10.752602 14.548996 10.332652 12.141612 2.595133 4.138074 1.273206 0.139760 -7.119436 -4.983706 0.000012 0.000003 -0.000000 0.000001 0.000000 
-1.424596 103.377586 0.121838 -148.473231 -82.838795 -152.092112 0.000000 10.181548 0.131524 3.296973 1.543014 2.729724 1.151890 0.339449 1.552798 1.126012 0.361523 1.555887 -0.000000 16.740360 -2.049019 5.626314 -0.078941 0.454683 0.000000 9.617867 1.684975 -7.563343 1.375735 -0.080567 0.000000 22.037369 7.501073 -0.000000 -0.000000 0.000000 -4.570003 11.014878 -2.160838 2.959889 12.023758 8.926847 9.664250 32.496582 63.907580 -0.000013 6.693722 0.000009 -20.179051 -0.514125 6.782784 -2.464798 -1.573995 2.681911 -1.665237 -0.174481 -4.219036 12.710984 -29.825384 -16.130836 -2.646273 -1.527814 1.527820 -15.549438 -3.559426 -12.707138 -1.994610 -1.151581 1.151583 0.000003 -0.000005 0.000001 -9.108284 -0.517885 2.259804 0.038556 1.262297 6.823711 0.214029 -1.397034 17.420117 0.046167 -0.654904 8.066290 -0.000000 0.000002 0.000005 -9.532484 0.000016 0.000000 -0.136233 -2.205094 14.998860 0.214442 -1.398348 17.436874 0.239765 -1.476510 18.446270 -0.000000 0.000001 0.000005 -9.103603 -0.043111 -1.865098 0.030598 -3.075756 20.451022 0.308449 -1.668271 20.948528 0.225819 -1.434041 17.897076 -0.000000 -0.000000 0.000002 -8.076697 -0.486740 -3.806300 0.764894 -4.877287 26.475321 0.214455 -1.398361 17.437026 0.193010 -1.328205 16.535830 0.000001 0.000001 0.000000 4.570401 11.014686 -2.160813 -0.717792 -20.249878 -16.899510 5.973805 -16.155182 -65.928538 0.000005 -1.459346 0.000005 -33.230513 -1.364887 -6.186635 2.466089 -1.576209 2.681697 -0.662910 2.160404 4.832489 11.853555 25.421641 17.058264 2.647884 -1.528753 1.528744 -13.761931 3.522390 9.039605 1.998920 -1.154078 1.154077 0.000002 -0.000001 0.000005 9.109302 -0.518009 2.259899 0.019854 -0.969579 -7.593531 0.267745 1.752596 -17.372431 0.057624 0.820631 -8.034698 -0.000000 -0.000000 0.000002 9.533395 0.000007 -0.000000 -0.076325 2.665809 -15.696833 0.268764 1.755828 -17.405520 0.300508 1.854019 -18.413336 0.000001 0.000000 0.000001 9.104487 -0.042999 -1.865101 0.136881 3.641806 -21.133505 0.386598 2.094828 -20.911884 0.283021 1.800669 -17.865005 0.000001 0.000000 0.000002 8.077793 -0.486890 -3.806300 0.927702 5.555976 -27.128017 0.269155 1.757065 -17.418212 0.241887 1.667729 -16.505888 -0.000000 -0.000000 -0.000001 -8.207801 -6.751718 -1.599544 0.596210 -10.335849 3.512264 7.510633 -8.276069 -3.186727 -3.705637 -3.193839 3.026300 -7.252614 -0.000025 -0.000002 0.000000 -0.000001 -0.000000 8.207800 -6.751717 -1.599544 -10.752602 14.548996 10.332652 12.141612 2.595133 4.138074 1.273206 0.139760 -7.119436 -4.983706 0.000012 0.000003 -0.000000 0.000001 0.000000 
-1.424596 103.377586 0.121838 -148.473231 -82.838795 -152.092112 0.000000 10.181548 0.131524 3.296973 1.543014 2.729724 1.151890 0.339449 1.552798 1.126012 0.361523 1.555887 -0.000000 16.740360 -2.049019 5.626314 -0.078941 0.454683 0.000000 9.617867 1.684975 -7.563343 1.375735 -0.080567 0.000000 22.037369 7.501073 -0.000000 -0.000000 0.000000 -4.570003 11.014878 -2.160838 2.959889 12.023758 8.926847 9.664250 32.496582 63.907580 -0.000013 6.693722 0.000009 -20.179051 -0.514125 6.782784 -2.464798 -1.573995 2.681911 -1.665237 -0.174481 -4.219036 12.710984 -29.825384 -16.130836 -2.646273 -1.527814 1.527820 -15.549438 -3.559426 -12.707138 -1.994610 -1.151581 1.151583 0.000003 -0.000005 0.000001 -9.108284 -0.517885 2.259804 0.038556 1.262297 6.823711 0.214029 -1.397034 17.420117 0.046167 -0.654904 8.066290 -0.000000 0.000002 0.000005 -9.532484 0.000016 0.000000 -0.136233 -2.205094 14.998860 0.214442 -1.398348 17.436874 0.239765 -1.476510 18.446270 -0.000000 0.000001 0.000005 -9.103603 -0.043111 -1.865098 0.030598 -3.075756 20.451022 0.308449 -1.668271 20.948528 0.225819 -1.434041 17.897076 -0.000000 -0.000000 0.000002 -8.076697 -0.486740 -3.806300 0.764894 -4.877287 26.475321 0.214455 -1.398361 17.437026 0.193010 -1.328205 16.535830 0.000001 0.000001 0.000000 4.570401 11.014686 -2.160813 -0.717792 -20.249878 -16.899510 5.973805 -16.155182 -65.928538 0.000005 -1.459346 0.000005 -33.230513 -1.364887 -6.186635 2.466089 -1.576209 2.681697 -0.662910 2.160404 4.832489 11.853555 25.421641 17.058264 2.647884 -1.528753 1.528744 -13.761931 3.522390 9.039605 1.998920 -1.154078 1.154077 0.000002 -0.000001 0.000005 9.109302 -0.518009 2.259899 0.019854 -0.969579 -7.593531 0.267745 1.752596 -17.372431 0.057624 0.820631 -8.034698 -0.000000 -0.000000 0.000002 9.533395 0.000007 -0.000000 -0.076325 2.665809 -15.696833 0.268764 1.755828 -17.405520 0.300508 1.854019 -18.413336 0.000001 0.000000 0.000001 9.104487 -0.042999 -1.865101 0.136881 3.641806 -21.133505 0.386598 2.094828 -20.911884 0.283021 1.800669 -17.865005 0.000001 0.000000 0.000002 8.077793 -0.486890 -3.806300 0.927702 5.555976 -27.128017 0.269155 1.757065 -17.418212 0.241887 1.667729 -16.505888 -0.000000 -0.000000 -0.000001 -8.207801 -6.751718 -1.599544 0.596210 -10.335849 3.512264 7.510633 -8.276069 -3.186727 -3.705637 -3.193839 3.026300 -7.252614 -0.000025 -0.000002 0.000000 -0.000001 -0.000000 8.207800 -6.751717 -1.599544 -10.752602 14.548996 10.332652 12.141612 2.595133 4.138074 1.273206 0.139760 -7.119436 -4.983706 0.000012 0.000003 -0.000000 0.000001 0.000000 
-1.424596 103.377586 0.121838 -148.473231 -82.838795 -152.092112 0.000000 10.181548 0.131524 3.296973 1.543014 2.729724 1.151890 0.339449 1.552798 1.126012 0.361523 1.555887 -0.000000 16.740360 -2.049019 5.626314 -0.078941 0.454683 0.000000 9.617867 1.684975 -7.563343 1.375735 -0.080567 0.000000 22.037369 7.501073 -0.000000 -0.000000 0.000000 -4.570003 11.014878 -2.160838 2.959889 12.023758 8.926847 9.664250 32.496582 63.907580 -0.000013 6.693722 0.000009 -20.179051 -0.514125 6.782784 -2.464798 -1.573995 2.681911 -1.665237 -0.174481 -4.219036 12.710984 -29.825384 -16.130836 -2.646273 -1.527814 1.527820 -15.549438 -3.559426 -12.707138 -1.994610 -1.151581 1.151583 0.000003 -0.000005 0.000001 -9.108284 -0.517885 2.259804 0.038556 1.262297 6.823711 0.214029 -1.397034 17.420117 0.046167 -0.654904 8.066290 -0.000000 0.000002 0.000005 -9.532484 0.000016 0.000000 -0.136233 -2.205094 14.998860 0.214442 -1.398348 17.436874 0.239765 -1.476510 18.446270 -0.000000 0.000001 0.000005 -9.103603 -0.043111 -1.865098 0.030598 -3.075756 20.451022 0.308449 -1.668271 20.948528 0.225819 -1.434041 17.897076 -0.000000 -0.000000 0.000002 -8.076697 -0.486740 -3.806300 0.764894 -4.877287 26.475321 0.214455 -1.398361 17.437026 0.193010 -1.328205 16.535830 0.000001 0.000001 0.000000 4.570401 11.014686 -2.160813 -0.717792 -20.249878 -16.899510 5.973805 -16.155182 -65.928538 0.000005 -1.459346 0.000005 -33.230513 -1.364887 -6.186635 2.466089 -1.576209 2.681697 -0.662910 2.160404 4.832489 11.853555 25.421641 17.058264 2.647884 -1.528753 1.528744 -13.761931 3.522390 9.039605 1.998920 -1.154078 1.154077 0.000002 -0.000001 0.000005 9.109302 -0.518009 2.259899 0.019854 -0.969579 -7.593531 0.267745 1.752596 -17.372431 0.057624 0.820631 -8.034698 -0.000000 -0.000000 0.000002 9.533395 0.000007 -0.000000 -0.076325 2.665809 -15.696833 0.268764 1.755828 -17.405520 0.300508 1.854019 -18.413336 0.000001 0.000000 0.000001 9.104487 -0.042999 -1.865101 0.136881 3.641806 -21.133505 0.386598 2.094828 -20.911884 0.283021 1.800669 -17.865005 0.000001 0.000000 0.000002 8.077793 -0.486890 -3.806300 0.927702 5.555976 -27.128017 0.269155 1.757065 -17.418212 0.241887 1.667729 -16.505888 -0.000000 -0.000000 -0.000001 -8.207801 -6.751718 -1.599544 0.596210 -10.335849 3.512264 7.510633 -8.276069 -3.186727 -3.705637 -3.193839 3.026300 -7.252614 -0.000025 -0.000002 0.000000 -0.000001 -0.000000 8.207800 -6.751717 -1.599544 -10.752602 14.548996 10.332652 12.141612 2.595133 4.138074 1.273206 0.139760 -7.119436 -4.983706 0.000012 0.000003 -0.000000 0.000001 0.000000 
-1.424596 103.377586 0.121838 -148.473231 -82.838795 -152.092112 0.000000 10.181548 0.131524 3.296973 1.543014 2.729724 1.151890 0.339449 1.552798 1.126012 0.361523 1.555887 -0.000000 16.740360 -2.049019 5.626314 -0.078941 0.454683 0.000000 9.617867 1.684975 -7.563343 1.375735 -0.080567 0.000000 22.037369 7.501073 -0.000000 -0.000000 0.000000 -4.570003 11.014878 -2.160838 2.959889 12.023758 8.926847 9.664250 32.496582 63.907580 -0.000013 6.693722 0.000009 -20.179051 -0.514125 6.782784 -2.464798 -1.573995 2.681911 -1.665237 -0.174481 -4.219036 12.710984 -29.825384 -16.130836 -2.646273 -1.527814 1.527820 -15.549438 -3.559426 -12.707138 -1.994610 -1.151581 1.151583 0.000003 -0.000005 0.000001 -9.108284 -0.517885 2.259804 0.038556 1.262297 6.823711 0.214029 -1.397034 17.420117 0.046167 -0.654904 8.066290 -0.000000 0.000002 0.000005 -9.532484 0.000016 0.000000 -0.136233 -2.205094 14.998860 0.214442 -1.398348 17.436874 0.239765 -1.476510 18.446270 -0.000000 0.000001 0.000005 -9.103603 -0.043111 -1.865098 0.030598 -3.075756 20.451022 0.308449 -1.668271 20.948528 0.225819 -1.434041 17.897076 -0.000000 -0.000000 0.000002 -8.076697 -0.486740 -3.806300 0.764894 -4.877287 26.475321 0.214455 -1.398361 17.437026 0.193010 -1.328205 16.535830 0.000001 0.000001 0.000000 4.570401 11.014686 -2.160813 -0.717792 -20.249878 -16.899510 5.973805 -16.155182 -65.928538 0.000005 -1.459346 0.000005 -33.230513 -1.364887 -6.186635 2.466089 -1.576209 2.681697 -0.662910 2.160404 4.832489 11.853555 25.421641 17.058264 2.647884 -1.528753 1.528744 -13.761931 3.522390 9.039605 1.998920 -1.154078 1.154077 0.000002 -0.000001 0.000005 9.109302 -0.518009 2.259899 0.019854 -0.969579 -7.593531 0.267745 1.752596 -17.372431 0.057624 0.820631 -8.034698 -0.000000 -0.000000 0.000002 9.533395 0.000007 -0.000000 -0.076325 2.665809 -15.696833 0.268764 1.755828 -17.405520 0.300508 1.854019 -18.413336 0.000001 0.000000 0.000001 9.104487 -0.042999 -1.865101 0.136881 3.641806 -21.133505 0.386598 2.094828 -20.911884 0.283021 1.800669 -17.865005 0.000001 0.000000 0.000002 8.077793 -0.486890 -3.806300 0.927702 5.555976 -27.128017 0.269155 1.757065 -17.418212 0.241887 1.667729 -16.505888 -0.000000 -0.000000 -0.000001 -8.207801 -6.751718 -1.599544 0.596210 -10.335849 3.512264 7.510633 -8.276069 -3.186727 -3.705637 -3.193839 3.026300 -7.252614 -0.000025 -0.000002 0.000000 -0.000001 -0.000000 8.207800 -6.751717 -1.599544 -10.752602 14.548996 10.332652 12.141612 2.595133 4.138074 1.273206 0.139760 -7.119436 -4.983706 0.000012 0.000003 -0.000000 0.000001 0.000000 
-1.424596 103.377586 0.121838 -148.473231 -82.838795 -152.092112 0.000000 10.181548 0.131524 3.296973 1.543014 2.729724 1.151890 0.339449 1.552798 1.126012 0.361523 1.555887 -0.000000 16.740360 -2.049019 5.626314 -0.078941 0.454683 0.000000 9.617867 1.684975 -7.563343 1.375735 -0.080567 0.000000 22.037369 7.501073 -0.000000 -0.000000 0.000000 -4.570003 11.014878 -2.160838 2.959889 12.023758 8.926847 9.664250 32.496582 63.907580 -0.000013 6.693722 0.000009 -20.179051 -0.514125 6.782784 -2.464798 -1.573995 2.681911 -1.665237 -0.174481 -4.219036 12.710984 -29.825384 -16.130836 -2.646273 -1.527814 1.527820 -15.549438 -3.559426 -12.707138 -1.994610 -1.151581 1.151583 0.000003 -0.000005 0.000001 -9.108284 -0.517885 2.259804 0.038556 1.262297 6.823711 0.214029 -1.397034 17.420117 0.046167 -0.654904 8.066290 -0.000000 0.000002 0.000005 -9.532484 0.000016 0.000000 -0.136233 -2.205094 14.998860 0.214442 -1.398348 17.436874 0.239765 -1.476510 18.446270 -0.000000 0.000001 0.000005 -9.103603 -0.043111 -1.865098 0.030598 -3.075756 20.451022 0.308449 -1.668271 20.948528 0.225819 -1.434041 17.897076 -0.000000 -0.000000 0.000002 -8.076697 -0.486740 -3.806300 0.764894 -4.877287 26.475321 0.214455 -1.398361 17.437026 0.193010 -1.328205 16.535830 0.000001 0.000001 0.000000 4.570401 11.014686 -2.160813 -0.717792 -20.249878 -16.899510 5.973805 -16.155182 -65.928538 0.000005 -1.459346 0.000005 -33.230513 -1.364887 -6.186635 2.466089 -1.576209 2.681697 -0.662910 2.160404 4.832489 11.853555 25.421641 17.058264 2.647884 -1.528753 1.528744 -13.761931 3.522390 9.039605 1.998920 -1.154078 1.154077 0.000002 -0.000001 0.000005 9.109302 -0.518009 2.259899 0.019854 -0.969579 -7.593531 0.267745 1.752596 -17.372431 0.057624 0.820631 -8.034698 -0.000000 -0.000000 0.000002 9.533395 0.000007 -0.000000 -0.076325 2.665809 -15.696833 0.268764 1.755828 -17.405520 0.300508 1.854019 -18.413336 0.000001 0.000000 0.000001 9.104487 -0.042999 -1.865101 0.136881 3.641806 -21.133505 0.386598 2.094828 -20.911884 0.283021 1.800669 -17.865005 0.000001 0.000000 0.000002 8.077793 -0.486890 -3.806300 0.927702 5.555976 -27.128017 0.269155 1.757065 -17.418212 0.241887 1.667729 -16.505888 -0.000000 -0.000000 -0.000001 -8.207801 -6.751718 -1.599544 0.596210 -10.335849 3.512264 7.510633 -8.276069 -3.186727 -3.705637 -3.193839 3.026300 -7.252614 -0.000025 -0.000002 0.000000 -0.000001 -0.000000 8.207800 -6.751717 -1.599544 -10.752602 14.548996 10.332652 12.141612 2.595133 4.138074 1.273206 0.139760 -7.119436 -4.983706 0.000012 0.000003 -0.000000 0.000001 0.000000 
-1.424596 103.377586 0.121838 -148.473231 -82.838795 -152.092112 0.000000 10.181548 0.131524 3.296973 1.543014 2.729724 1.151890 0.339449 1.552798 1.126012 0.361523 1.555887 -0.000000 16.740360 -2.049019 5.626314 -0.078941 0.454683 0.000000 9.617867 1.684975 -7.563343 1.375735 -0.080567 0.000000 22.037369 7.501073 -0.000000 -0.000000 0.000000 -4.570003 11.014878 -2.160838 2.959889 12.023758 8.926847 9.664250 32.496582 63.907580 -0.000013 6.693722 0.000009 -20.179051 -0.514125 6.782784 -2.464798 -1.573995 2.681911 -1.665237 -0.174481 -4.219036 12.710984 -29.825384 -16.130836 -2.646273 -1.527814 1.527820 -15.549438 -3.559426 -12.707138 -1.994610 -1.151581 1.151583 0.000003 -0.000005 0.000001 -9.108284 -0.517885 2.259804 0.038556 1.262297 6.823711 0.214029 -1.397034 17.420117 0.046167 -0.654904 8.066290 -0.000000 0.000002 0.000005 -9.532484 0.000016 0.000000 -0.136233 -2.205094 14.998860 0.214442 -1.398348 17.436874 0.239765 -1.476510 18.446270 -0.000000 0.000001 0.000005 -9.103603 -0.043111 -1.865098 0.030598 -3.075756 20.451022 0.308449 -1.668271 20.948528 0.225819 -1.434041 17.897076 -0.000000 -0.000000 0.000002 -8.076697 -0.486740 -3.806300 0.764894 -4.877287 26.475321 0.214455 -1.398361 17.437026 0.193010 -1.328205 16.535830 0.000001 0.000001 0.000000 4.570401 11.014686 -2.160813 -0.717792 -20.249878 -16.899510 5.973805 -16.155182 -65.928538 0.000005 -1.459346 0.000005 -33.230513 -1.364887 -6.186635 2.466089 -1.576209 2.681697 -0.662910 2.160404 4.832489 11.853555 25.421641 17.058264 2.647884 -1.528753 1.528744 -13.761931 3.522390 9.039605 1.998920 -1.154078 1.154077 0.000002 -0.000001 0.000005 9.109302 -0.518009 2.259899 0.019854 -0.969579 -7.593531 0.267745 1.752596 -17.372431 0.057624 0.820631 -8.034698 -0.000000 -0.000000 0.000002 9.533395 0.000007 -0.000000 -0.076325 2.665809 -15.696833 0.268764 1.755828 -17.405520 0.300508 1.854019 -18.413336 0.000001 0.000000 0.000001 9.104487 -0.042999 -1.865101 0.136881 3.641806 -21.133505 0.386598 2.094828 -20.911884 0.283021 1.800669 -17.865005 0.000001 0.000000 0.000002 8.077793 -0.486890 -3.806300 0.927702 5.555976 -27.128017 0.269155 1.757065 -17.418212 0.241887 1.667729 -16.505888 -0.000000 -0.000000 -0.000001 -8.207801 -6.751718 -1.599544 0.596210 -10.335849 3.512264 7.510633 -8.276069 -3.186727 -3.705637 -3.193839 3.026300 -7.252614 -0.000025 -0.000002 0.000000 -0.000001 -0.000000 8.207800 -6.751717 -1.599544 -10.752602 14.548996 10.332652 12.141612 2.595133 4.138074 1.273206 0.139760 -7.119436 -4.983706 0.000012 0.000003 -0.000000 0.000001 0.000000 
-1.424596 103.377586 0.121838 -148.473231 -82.838795 -152.092112 0.000000 10.181548 0.131524 3.296973 1.543014 2.729724 1.151890 0.339449 1.552798 1.126012 0.361523 1.555887 -0.000000 16.740360 -2.049019 5.626314 -0.078941 0.454683 0.000000 9.617867 1.684975 -7.563343 1.375735 -0.080567 0.000000 22.037369 7.501073 -0.000000 -0.000000 0.000000 -4.570003 11.014878 -2.160838 2.959889 12.023758 8.926847 9.664250 32.496582 63.907580 -0.000013 6.693722 0.000009 -20.179051 -0.514125 6.782784 -2.464798 -1.573995 2.681911 -1.665237 -0.174481 -4.219036 12.710984 -29.825384 -16.130836 -2.646273 -1.527814 1.527820 -15.549438 -3.559426 -12.707138 -1.994610 -1.151581 1.151583 0.000003 -0.000005 0.000001 -9.108284 -0.517885 2.259804 0.038556 1.262297 6.823711 0.214029 -1.397034 17.420117 0.046167 -0.654904 8.066290 -0.000000 0.000002 0.000005 -9.532484 0.000016 0.000000 -0.136233 -2.205094 14.998860 0.214442 -1.398348 17.436874 0.239765 -1.476510 18.446270 -0.000000 0.000001 0.000005 -9.103603 -0.043111 -1.865098 0.030598 -3.075756 20.451022 0.308449 -1.668271 20.948528 0.225819 -1.434041 17.897076 -0.000000 -0.000000 0.000002 -8.076697 -0.486740 -3.806300 0.764894 -4.877287 26.475321 0.214455 -1.398361 17.437026 0.193010 -1.328205 16.535830 0.000001 0.000001 0.000000 4.570401 11.014686 -2.160813 -0.717792 -20.249878 -16.899510 5.973805 -16.155182 -65.928538 0.000005 -1.459346 0.000005 -33.230513 -1.364887 -6.186635 2.466089 -1.576209 2.681697 -0.662910 2.160404 4.832489 11.853555 25.421641 17.058264 2.647884 -1.528753 1.528744 -13.761931 3.522390 9.039605 1.998920 -1.154078 1.154077 0.000002 -0.000001 0.000005 9.109302 -0.518009 2.259899 0.019854 -0.969579 -7.593531 0.267745 1.752596 -17.372431 0.057624 0.820631 -8.034698 -0.000000 -0.000000 0.000002 9.533395 0.000007 -0.000000 -0.076325 2.665809 -15.696833 0.268764 1.755828 -17.405520 0.300508 1.854019 -18.413336 0.000001 0.000000 0.000001 9.104487 -0.042999 -1.865101 0.136881 3.641806 -21.133505 0.386598 2.094828 -20.911884 0.283021 1.800669 -17.865005 0.000001 0.000000 0.000002 8.077793 -0.486890 -3.806300 0.927702 5.555976 -27.128017 0.269155 1.757065 -17.418212 0.241887 1.667729 -16.505888 -0.000000 -0.000000 -0.000001 -8.207801 -6.751718 -1.599544 0.596210 -10.335849 3.512264 7.510633 -8.276069 -3.186727 -3.705637 -3.193839 3.026300 -7.252614 -0.000025 -0.000002 0.000000 -0.000001 -0.000000 8.207800 -6.751717 -1.599544 -10.752602 14.548996 10.332652 12.141612 2.595133 4.138074 1.273206 0.139760 -7.119436 -4.983706 0.000012 0.000003 -0.000000 0.000001 0.000000 
-1.424596 103.377586 0.121838 -148.473231 -82.838795 -152.092112 0.000000 10.181548 0.131524 3.296973 1.543014 2.729724 1.151890 0.339449 1.552798 1.126012 0.361523 1.555887 -0.000000 16.740360 -2.049019 5.626314 -0.078941 0.454683 0.000000 9.617867 1.684975 -7.563343 1.375735 -0.080567 0.000000 22.037369 7.501073 -0.000000 -0.000000 0.000000 -4.570003 11.014878 -2.160838 2.959889 12.023758 8.926847 9.664250 32.496582 63.907580 -0.000013 6.693722 0.000009 -20.179051 -0.514125 6.782784 -2.464798 -1.573995 2.681911 -1.665237 -0.174481 -4.219036 12.710984 -29.825384 -16.130836 -2.646273 -1.527814 1.527820 -15.549438 -3.559426 -12.707138 -1.994610 -1.151581 1.151583 0.000003 -0.000005 0.000001 -9.108284 -0.517885 2.259804 0.038556 1.262297 6.823711 0.214029 -1.397034 17.420117 0.046167 -0.654904 8.066290 -0.000000 0.000002 0.000005 -9.532484 0.000016 0.000000 -0.136233 -2.205094 14.998860 0.214442 -1.398348 17.436874 0.239765 -1.476510 18.446270 -0.000000 0.000001 0.000005 -9.103603 -0.043111 -1.865098 0.030598 -3.075756 20.451022 0.308449 -1.668271 20.948528 0.225819 -1.434041 17.897076 -0.000000 -0.000000 0.000002 -8.076697 -0.486740 -3.806300 0.764894 -4.877287 26.475321 0.214455 -1.398361 17.437026 0.193010 -1.328205 16.535830 0.000001 0.000001 0.000000 4.570401 11.014686 -2.160813 -0.717792 -20.249878 -16.899510 5.973805 -16.155182 -65.928538 0.000005 -1.459346 0.000005 -33.230513 -1.364887 -6.186635 2.466089 -1.576209 2.681697 -0.662910 2.160404 4.832489 11.853555 25.421641 17.058264 2.647884 -1.528753 1.528744 -13.761931 3.522390 9.039605 1.998920 -1.154078 1.154077 0.000002 -0.000001 0.000005 9.109302 -0.518009 2.259899 0.019854 -0.969579 -7.593531 0.267745 1.752596 -17.372431 0.057624 0.820631 -8.034698 -0.000000 -0.000000 0.000002 9.533395 0.000007 -0.000000 -0.076325 2.665809 -15.696833 0.268764 1.755828 -17.405520 0.300508 1.854019 -18.413336 0.000001 0.000000 0.000001 9.104487 -0.042999 -1.865101 0.136881 3.641806 -21.133505 0.386598 2.094828 -20.911884 0.283021 1.800669 -17.865005 0.000001 0.000000 0.000002 8.077793 -0.486890 -3.806300 0.927702 5.555976 -27.128017 0.269155 1.757065 -17.418212 0.241887 1.667729 -16.505888 -0.000000 -0.000000 -0.000001 -8.207801 -6.751718 -1.599544 0.596210 -10.335849 3.512264 7.510633 -8.276069 -3.186727 -3.705637 -3.193839 3.026300 -7.252614 -0.000025 -0.000002 0.000000 -0.000001 -0.000000 8.207800 -6.751717 -1.599544 -10.752602 14.548996 10.332652 12.141612 2.595133 4.138074 1.273206 0.139760 -7.119436 -4.983706 0.000012 0.000003 -0.000000 0.000001 0.000000 
-1.424596 103.377586 0.121838 -148.473231 -82.838795 -152.092112 0.000000 10.181548 0.131524 3.296973 1.543014 2.729724 1.151890 0.339449 1.552798 1.126012 0.361523 1.555887 -0.000000 16.740360 -2.049019 5.626314 -0.078941 0.454683 0.000000 9.617867 1.684975 -7.563343 1.375735 -0.080567 0.000000 22.037369 7.501073 -0.000000 -0.000000 0.000000 -4.570003 11.014878 -2.160838 2.959889 12.023758 8.926847 9.664250 32.496582 63.907580 -0.000013 6.693722 0.000009 -20.179051 -0.514125 6.782784 -2.464798 -1.573995 2.681911 -1.665237 -0.174481 -4.219036 12.710984 -29.825384 -16.130836 -2.646273 -1.527814 1.527820 -15.549438 -3.559426 -12.707138 -1.994610 -1.151581 1.151583 0.000003 -0.000005 0.000001 -9.108284 -0.517885 2.259804 0.038556 1.262297 6.823711 0.214029 -1.397034 17.420117 0.046167 -0.654904 8.066290 -0.000000 0.000002 0.000005 -9.532484 0.000016 0.000000 -0.136233 -2.205094 14.998860 0.214442 -1.398348 17.436874 0.239765 -1.476510 18.446270 -0.000000 0.000001 0.000005 -9.103603 -0.043111 -1.865098 0.030598 -3.075756 20.451022 0.308449 -1.668271 20.948528 0.225819 -1.434041 17.897076 -0.000000 -0.000000 0.000002 -8.076697 -0.486740 -3.806300 0.764894 -4.877287 26.475321 0.214455 -1.398361 17.437026 0.193010 -1.328205 16.535830 0.000001 0.000001 0.000000 4.570401 11.014686 -2.160813 -0.717792 -20.249878 -16.899510 5.973805 -16.155182 -65.928538 0.000005 -1.459346 0.000005 -33.230513 -1.364887 -6.186635 2.466089 -1.576209 2.681697 -0.662910 2.160404 4.832489 11.853555 25.421641 17.058264 2.647884 -1.528753 1.528744 -13.761931 3.522390 9.039605 1.998920 -1.154078 1.154077 0.000002 -0.000001 0.000005 9.109302 -0.518009 2.259899 0.019854 -0.969579 -7.593531 0.267745 1.752596 -17.372431 0.057624 0.820631 -8.034698 -0.000000 -0.000000 0.000002 9.533395 0.000007 -0.000000 -0.076325 2.665809 -15.696833 0.268764 1.755828 -17.405520 0.300508 1.854019 -18.413336 0.000001 0.000000 0.000001 9.104487 -0.042999 -1.865101 0.136881 3.641806 -21.133505 0.386598 2.094828 -20.911884 0.283021 1.800669 -17.865005 0.000001 0.000000 0.000002 8.077793 -0.486890 -3.806300 0.927702 5.555976 -27.128017 0.269155 1.757065 -17.418212 0.241887 1.667729 -16.505888 -0.000000 -0.000000 -0.000001 -8.207801 -6.751718 -1.599544 0.596210 -10.335849 3.512264 7.510633 -8.276069 -3.186727 -3.705637 -3.193839 3.026300 -7.252614 -0.000025 -0.000002 0.000000 -0.000001 -0.000000 8.207800 -6.751717 -1.599544 -10.752602 14.548996 10.332652 12.141612 2.595133 4.138074 1.273206 0.139760 -7.119436 -4.983706 0.000012 0.000003 -0.000000 0.000001 0.000000 
-1.424596 103.377586 0.121838 -148.473231 -82.838795 -152.092112 0.000000 10.181548 0.131524 3.296973 1.543014 2.729724 1.151890 0.339449 1.552798 1.126012 0.361523 1.555887 -0.000000 16.740360 -2.049019 5.626314 -0.078941 0.454683 0.000000 9.617867 1.684975 -7.563343 1.375735 -0.080567 0.000000 22.037369 7.501073 -0.000000 -0.000000 0.000000 -4.570003 11.014878 -2.160838 2.959889 12.023758 8.926847 9.664250 32.496582 63.907580 -0.000013 6.693722 0.000009 -20.179051 -0.514125 6.782784 -2.464798 -1.573995 2.681911 -1.665237 -0.174481 -4.219036 12.710984 -29.825384 -16.130836 -2.646273 -1.527814 1.527820 -15.549438 -3.559426 -12.707138 -1.994610 -1.151581 1.151583 0.000003 -0.000005 0.000001 -9.108284 -0.517885 2.259804 0.038556 1.262297 6.823711 0.214029 -1.397034 17.420117 0.046167 -0.654904 8.066290 -0.000000 0.000002 0.000005 -9.532484 0.000016 0.000000 -0.136233 -2.205094 14.998860 0.214442 -1.398348 17.436874 0.239765 -1.476510 18.446270 -0.000000 0.000001 0.000005 -9.103603 -0.043111 -1.865098 0.030598 -3.075756 20.451022 0.308449 -1.668271 20.948528 0.225819 -1.434041 17.897076 -0.000000 -0.000000 0.000002 -8.076697 -0.486740 -3.806300 0.764894 -4.877287 26.475321 0.214455 -1.398361 17.437026 0.193010 -1.328205 16.535830 0.000001 0.000001 0.000000 4.570401 11.014686 -2.160813 -0.717792 -20.249878 -16.899510 5.973805 -16.155182 -65.928538 0.000005 -1.459346 0.000005 -33.230513 -1.364887 -6.186635 2.466089 -1.576209 2.681697 -0.662910 2.160404 4.832489 11.853555 25.421641 17.058264 2.647884 -1.528753 1.528744 -13.761931 3.522390 9.039605 1.998920 -1.154078 1.154077 0.000002 -0.000001 0.000005 9.109302 -0.518009 2.259899 0.019854 -0.969579 -7.593531 0.267745 1.752596 -17.372431 0.057624 0.820631 -8.034698 -0.000000 -0.000000 0.000002 9.533395 0.000007 -0.000000 -0.076325 2.665809 -15.696833 0.268764 1.755828 -17.405520 0.300508 1.854019 -18.413336 0.000001 0.000000 0.000001 9.104487 -0.042999 -1.865101 0.136881 3.641806 -21.133505 0.386598 2.094828 -20.911884 0.283021 1.800669 -17.865005 0.000001 0.000000 0.000002 8.077793 -0.486890 -3.806300 0.927702 5.555976 -27.128017 0.269155 1.757065 -17.418212 0.241887 1.667729 -16.505888 -0.000000 -0.000000 -0.000001 -8.207801 -6.751718 -1.599544 0.596210 -10.335849 3.512264 7.510633 -8.276069 -3.186727 -3.705637 -3.193839 3.026300 -7.252614 -0.000025 -0.000002 0.000000 -0.000001 -0.000000 8.207800 -6.751717 -1.599544 -10.752602 14.548996 10.332652 12.141612 2.595133 4.138074 1.273206 0.139760 -7.119436 -4.983706 0.000012 0.000003 -0.000000 0.000001 0.000000 
-1.424596 103.377586 0.121838 -148.473231 -82.838795 -152.092112 0.000000 10.181548 0.131524 3.296973 1.543014 2.729724 1.151890 0.339449 1.552798 1.126012 0.361523 1.555887 -0.000000 16.740360 -2.049019 5.626314 -0.078941 0.454683 0.000000 9.617867 1.684975 -7.563343 1.375735 -0.080567 0.000000 22.037369 7.501073 -0.000000 -0.000000 0.000000 -4.570003 11.014878 -2.160838 2.959889 12.023758 8.926847 9.664250 32.496582 63.907580 -0.000013 6.693722 0.000009 -20.179051 -0.514125 6.782784 -2.464798 -1.573995 2.681911 -1.665237 -0.174481 -4.219036 12.710984 -29.825384 -16.130836 -2.646273 -1.527814 1.527820 -15.549438 -3.559426 -12.707138 -1.994610 -1.151581 1.151583 0.000003 -0.000005 0.000001 -9.108284 -0.517885 2.259804 0.038556 1.262297 6.823711 0.214029 -1.397034 17.420117 0.046167 -0.654904 8.066290 -0.000000 0.000002 0.000005 -9.532484 0.000016 0.000000 -0.136233 -2.205094 14.998860 0.214442 -1.398348 17.436874 0.239765 -1.476510 18.446270 -0.000000 0.000001 0.000005 -9.103603 -0.043111 -1.865098 0.030598 -3.075756 20.451022 0.308449 -1.668271 20.948528 0.225819 -1.434041 17.897076 -0.000000 -0.000000 0.000002 -8.076697 -0.486740 -3.806300 0.764894 -4.877287 26.475321 0.214455 -1.398361 17.437026 0.193010 -1.328205 16.535830 0.000001 0.000001 0.000000 4.570401 11.014686 -2.160813 -0.717792 -20.249878 -16.899510 5.973805 -16.155182 -65.928538 0.000005 -1.459346 0.000005 -33.230513 -1.364887 -6.186635 2.466089 -1.576209 2.681697 -0.662910 2.160404 4.832489 11.853555 25.421641 17.058264 2.647884 -1.528753 1.528744 -13.761931 3.522390 9.039605 1.998920 -1.154078 1.154077 0.000002 -0.000001 0.000005 9.109302 -0.518009 2.259899 0.019854 -0.969579 -7.593531 0.267745 1.752596 -17.372431 0.057624 0.820631 -8.034698 -0.000000 -0.000000 0.000002 9.533395 0.000007 -0.000000 -0.076325 2.665809 -15.696833 0.268764 1.755828 -17.405520 0.300508 1.854019 -18.413336 0.000001 0.000000 0.000001 9.104487 -0.042999 -1.865101 0.136881 3.641806 -21.133505 0.386598 2.094828 -20.911884 0.283021 1.800669 -17.865005 0.000001 0.000000 0.000002 8.077793 -0.486890 -3.806300 0.927702 5.555976 -27.128017 0.269155 1.757065 -17.418212 0.241887 1.667729 -16.505888 -0.000000 -0.000000 -0.000001 -8.207801 -6.751718 -1.599544 0.596210 -10.335849 3.512264 7.510633 -8.276069 -3.186727 -3.705637 -3.193839 3.026300 -7.252614 -0.000025 -0.000002 0.000000 -0.000001 -0.000000 8.207800 -6.751717 -1.599544 -10.752602 14.548996 10.332652 12.141612 2.595133 4.138074 1.273206 0.139760 -7.119436 -4.983706 0.000012 0.000003 -0.000000 0.000001 0.000000 
-1.424596 103.377586 0.121838 -148.473231 -82.838795 -152.092112 0.000000 10.181548 0.131524 3.296973 1.543014 2.729724 1.151890 0.339449 1.552798 1.126012 0.361523 1.555887 -0.000000 16.740360 -2.049019 5.626314 -0.078941 0.454683 0.000000 9.617867 1.684975 -7.563343 1.375735 -0.080567 0.000000 22.037369 7.501073 -0.000000 -0.000000 0.000000 -4.570003 11.014878 -2.160838 2.959889 12.023758 8.926847 9.664250 32.496582 63.907580 -0.000013 6.693722 0.000009 -20.179051 -0.514125 6.782784 -2.464798 -1.573995 2.681911 -1.665237 -0.174481 -4.219036 12.710984 -29.825384 -16.130836 -2.646273 -1.527814 1.527820 -15.549438 -3.559426 -12.707138 -1.994610 -1.151581 1.151583 0.000003 -0.000005 0.000001 -9.108284 -0.517885 2.259804 0.038556 1.262297 6.823711 0.214029 -1.397034 17.420117 0.046167 -0.654904 8.066290 -0.000000 0.000002 0.000005 -9.532484 0.000016 0.000000 -0.136233 -2.205094 14.998860 0.214442 -1.398348 17.436874 0.239765 -1.476510 18.446270 -0.000000 0.000001 0.000005 -9.103603 -0.043111 -1.865098 0.030598 -3.075756 20.451022 0.308449 -1.668271 20.948528 0.225819 -1.434041 17.897076 -0.000000 -0.000000 0.000002 -8.076697 -0.486740 -3.806300 0.764894 -4.877287 26.475321 0.214455 -1.398361 17.437026 0.193010 -1.328205 16.535830 0.000001 0.000001 0.000000 4.570401 11.014686 -2.160813 -0.717792 -20.249878 -16.899510 5.973805 -16.155182 -65.928538 0.000005 -1.459346 0.000005 -33.230513 -1.364887 -6.186635 2.466089 -1.576209 2.681697 -0.662910 2.160404 4.832489 11.853555 25.421641 17.058264 2.647884 -1.528753 1.528744 -13.761931 3.522390 9.039605 1.998920 -1.154078 1.154077 0.000002 -0.000001 0.000005 9.109302 -0.518009 2.259899 0.019854 -0.969579 -7.593531 0.267745 1.752596 -17.372431 0.057624 0.820631 -8.034698 -0.000000 -0.000000 0.000002 9.533395 0.000007 -0.000000 -0.076325 2.665809 -15.696833 0.268764 1.755828 -17.405520 0.300508 1.854019 -18.413336 0.000001 0.000000 0.000001 9.104487 -0.042999 -1.865101 0.136881 3.641806 -21.133505 0.386598 2.094828 -20.911884 0.283021 1.800669 -17.865005 0.000001 0.000000 0.000002 8.077793 -0.486890 -3.806300 0.927702 5.555976 -27.128017 0.269155 1.757065 -17.418212 0.241887 1.667729 -16.505888 -0.000000 -0.000000 -0.000001 -8.207801 -6.751718 -1.599544 0.596210 -10.335849 3.512264 7.510633 -8.276069 -3.186727 -3.705637 -3.193839 3.026300 -7.252614 -0.000025 -0.000002 0.000000 -0.000001 -0.000000 8.207800 -6.751717 -1.599544 -10.752602 14.548996 10.332652 12.141612 2.595133 4.138074 1.273206 0.139760 -7.119436 -4.983706 0.000012 0.000003 -0.000000 0.000001 0.000000 
-1.424596 103.377586 0.121838 -148.473231 -82.838795 -152.092112 0.000000 10.181548 0.131524 3.296973 1.543014 2.729724 1.151890 0.339449 1.552798 1.126012 0.361523 1.555887 -0.000000 16.740360 -2.049019 5.626314 -0.078941 0.454683 0.000000 9.617867 1.684975 -7.563343 1.375735 -0.080567 0.000000 22.037369 7.501073 -0.000000 -0.000000 0.000000 -4.570003 11.014878 -2.160838 2.959889 12.023758 8.926847 9.664250 32.496582 63.907580 -0.000013 6.693722 0.000009 -20.179051 -0.514125 6.782784 -2.464798 -1.573995 2.681911 -1.665237 -0.174481 -4.219036 12.710984 -29.825384 -16.130836 -2.646273 -1.527814 1.527820 -15.549438 -3.559426 -12.707138 -1.994610 -1.151581 1.151583 0.000003 -0.000005 0.000001 -9.108284 -0.517885 2.259804 0.038556 1.262297 6.823711 0.214029 -1.397034 17.420117 0.046167 -0.654904 8.066290 -0.000000 0.000002 0.000005 -9.532484 0.000016 0.000000 -0.136233 -2.205094 14.998860 0.214442 -1.398348 17.436874 0.239765 -1.476510 18.446270 -0.000000 0.000001 0.000005 -9.103603 -0.043111 -1.865098 0.030598 -3.075756 20.451022 0.308449 -1.668271 20.948528 0.225819 -1.434041 17.897076 -0.000000 -0.000000 0.000002 -8.076697 -0.486740 -3.806300 0.764894 -4.877287 26.475321 0.214455 -1.398361 17.437026 0.193010 -1.328205 16.535830 0.000001 0.000001 0.000000 4.570401 11.014686 -2.160813 -0.717792 -20.249878 -16.899510 5.973805 -16.155182 -65.928538 0.000005 -1.459346 0.000005 -33.230513 -1.364887 -6.186635 2.466089 -1.576209 2.681697 -0.662910 2.160404 4.832489 11.853555 25.421641 17.058264 2.647884 -1.528753 1.528744 -13.761931 3.522390 9.039605 1.998920 -1.154078 1.154077 0.000002 -0.000001 0.000005 9.109302 -0.518009 2.259899 0.019854 -0.969579 -7.593531 0.267745 1.752596 -17.372431 0.057624 0.820631 -8.034698 -0.000000 -0.000000 0.000002 9.533395 0.000007 -0.000000 -0.076325 2.665809 -15.696833 0.268764 1.755828 -17.405520 0.300508 1.854019 -18.413336 0.000001 0.000000 0.000001 9.104487 -0.042999 -1.865101 0.136881 3.641806 -21.133505 0.386598 2.094828 -20.911884 0.283021 1.800669 -17.865005 0.000001 0.000000 0.000002 8.077793 -0.486890 -3.806300 0.927702 5.555976 -27.128017 0.269155 1.757065 -17.418212 0.241887 1.667729 -16.505888 -0.000000 -0.000000 -0.000001 -8.207801 -6.751718 -1.599544 0.596210 -10.335849 3.512264 7.510633 -8.276069 -3.186727 -3.705637 -3.193839 3.026300 -7.252614 -0.000025 -0.000002 0.000000 -0.000001 -0.000000 8.207800 -6.751717 -1.599544 -10.752602 14.548996 10.332652 12.141612 2.595133 4.138074 1.273206 0.139760 -7.119436 -4.983706 0.000012 0.000003 -0.000000 0.000001 0.000000 
-1.424596 103.377586 0.121838 -148.473231 -82.838795 -152.092112 0.000000 10.181548 0.131524 3.296973 1.543014 2.729724 1.151890 0.339449 1.552798 1.126012 0.361523 1.555887 -0.000000 16.740360 -2.049019 5.626314 -0.078941 0.454683 0.000000 9.617867 1.684975 -7.563343 1.375735 -0.080567 0.000000 22.037369 7.501073 -0.000000 -0.000000 0.000000 -4.570003 11.014878 -2.160838 2.959889 12.023758 8.926847 9.664250 32.496582 63.907580 -0.000013 6.693722 0.000009 -20.179051 -0.514125 6.782784 -2.464798 -1.573995 2.681911 -1.665237 -0.174481 -4.219036 12.710984 -29.825384 -16.130836 -2.646273 -1.527814 1.527820 -15.549438 -3.559426 -12.707138 -1.994610 -1.151581 1.151583 0.000003 -0.000005 0.000001 -9.108284 -0.517885 2.259804 0.038556 1.262297 6.823711 0.214029 -1.397034 17.420117 0.046167 -0.654904 8.066290 -0.000000 0.000002 0.000005 -9.532484 0.000016 0.000000 -0.136233 -2.205094 14.998860 0.214442 -1.398348 17.436874 0.239765 -1.476510 18.446270 -0.000000 0.000001 0.000005 -9.103603 -0.043111 -1.865098 0.030598 -3.075756 20.451022 0.308449 -1.668271 20.948528 0.225819 -1.434041 17.897076 -0.000000 -0.000000 0.000002 -8.076697 -0.486740 -3.806300 0.764894 -4.877287 26.475321 0.214455 -1.398361 17.437026 0.193010 -1.328205 16.535830 0.000001 0.000001 0.000000 4.570401 11.014686 -2.160813 -0.717792 -20.249878 -16.899510 5.973805 -16.155182 -65.928538 0.000005 -1.459346 0.000005 -33.230513 -1.364887 -6.186635 2.466089 -1.576209 2.681697 -0.662910 2.160404 4.832489 11.853555 25.421641 17.058264 2.647884 -1.528753 1.528744 -13.761931 3.522390 9.039605 1.998920 -1.154078 1.154077 0.000002 -0.000001 0.000005 9.109302 -0.518009 2.259899 0.019854 -0.969579 -7.593531 0.267745 1.752596 -17.372431 0.057624 0.820631 -8.034698 -0.000000 -0.000000 0.000002 9.533395 0.000007 -0.000000 -0.076325 2.665809 -15.696833 0.268764 1.755828 -17.405520 0.300508 1.854019 -18.413336 0.000001 0.000000 0.000001 9.104487 -0.042999 -1.865101 0.136881 3.641806 -21.133505 0.386598 2.094828 -20.911884 0.283021 1.800669 -17.865005 0.000001 0.000000 0.000002 8.077793 -0.486890 -3.806300 0.927702 5.555976 -27.128017 0.269155 1.757065 -17.418212 0.241887 1.667729 -16.505888 -0.000000 -0.000000 -0.000001 -8.207801 -6.751718 -1.599544 0.596210 -10.335849 3.512264 7.510633 -8.276069 -3.186727 -3.705637 -3.193839 3.026300 -7.252614 -0.000025 -0.000002 0.000000 -0.000001 -0.000000 8.207800 -6.751717 -1.599544 -10.752602 14.548996 10.332652 12.141612 2.595133 4.138074 1.273206 0.139760 -7.119436 -4.983706 0.000012 0.000003 -0.000000 0.000001 0.000000 
-1.424596 103.377586 0.121838 -148.473231 -82.838795 -152.092112 0.000000 10.181548 0.131524 3.296973 1.543014 2.729724 1.151890 0.339449 1.552798 1.126012 0.361523 1.555887 -0.000000 16.740360 -2.049019 5.626314 -0.078941 0.454683 0.000000 9.617867 1.684975 -7.563343 1.375735 -0.080567 0.000000 22.037369 7.501073 -0.000000 -0.000000 0.000000 -4.570003 11.014878 -2.160838 2.959889 12.023758 8.926847 9.664250 32.496582 63.907580 -0.000013 6.693722 0.000009 -20.179051 -0.514125 6.782784 -2.464798 -1.573995 2.681911 -1.665237 -0.174481 -4.219036 12.710984 -29.825384 -16.130836 -2.646273 -1.527814 1.527820 -15.549438 -3.559426 -12.707138 -1.994610 -1.151581 1.151583 0.000003 -0.000005 0.000001 -9.108284 -0.517885 2.259804 0.038556 1.262297 6.823711 0.214029 -1.397034 17.420117 0.046167 -0.654904 8.066290 -0.000000 0.000002 0.000005 -9.532484 0.000016 0.000000 -0.136233 -2.205094 14.998860 0.214442 -1.398348 17.436874 0.239765 -1.476510 18.446270 -0.000000 0.000001 0.000005 -9.103603 -0.043111 -1.865098 0.030598 -3.075756 20.451022 0.308449 -1.668271 20.948528 0.225819 -1.434041 17.897076 -0.000000 -0.000000 0.000002 -8.076697 -0.486740 -3.806300 0.764894 -4.877287 26.475321 0.214455 -1.398361 17.437026 0.193010 -1.328205 16.535830 0.000001 0.000001 0.000000 4.570401 11.014686 -2.160813 -0.717792 -20.249878 -16.899510 5.973805 -16.155182 -65.928538 0.000005 -1.459346 0.000005 -33.230513 -1.364887 -6.186635 2.466089 -1.576209 2.681697 -0.662910 2.160404 4.832489 11.853555 25.421641 17.058264 2.647884 -1.528753 1.528744 -13.761931 3.522390 9.039605 1.998920 -1.154078 1.154077 0.000002 -0.000001 0.000005 9.109302 -0.518009 2.259899 0.019854 -0.969579 -7.593531 0.267745 1.752596 -17.372431 0.057624 0.820631 -8.034698 -0.000000 -0.000000 0.000002 9.533395 0.000007 -0.000000 -0.076325 2.665809 -15.696833 0.268764 1.755828 -17.405520 0.300508 1.854019 -18.413336 0.000001 0.000000 0.000001 9.104487 -0.042999 -1.865101 0.136881 3.641806 -21.133505 0.386598 2.094828 -20.911884 0.283021 1.800669 -17.865005 0.000001 0.000000 0.000002 8.077793 -0.486890 -3.806300 0.927702 5.555976 -27.128017 0.269155 1.757065 -17.418212 0.241887 1.667729 -16.505888 -0.000000 -0.000000 -0.000001 -8.207801 -6.751718 -1.599544 0.596210 -10.335849 3.512264 7.510633 -8.276069 -3.186727 -3.705637 -3.193839 3.026300 -7.252614 -0.000025 -0.000002 0.000000 -0.000001 -0.000000 8.207800 -6.751717 -1.599544 -10.752602 14.548996 10.332652 12.141612 2.595133 4.138074 1.273206 0.139760 -7.119436 -4.983706 0.000012 0.000003 -0.000000 0.000001 0.000000 
-1.424596 103.377586 0.121838 -148.473231 -82.838795 -152.092112 0.000000 10.181548 0.131524 3.296973 1.543014 2.729724 1.151890 0.339449 1.552798 1.126012 0.361523 1.555887 -0.000000 16.740360 -2.049019 5.626314 -0.078941 0.454683 0.000000 9.617867 1.684975 -7.563343 1.375735 -0.080567 0.000000 22.037369 7.501073 -0.000000 -0.000000 0.000000 -4.570003 11.014878 -2.160838 2.959889 12.023758 8.926847 9.664250 32.496582 63.907580 -0.000013 6.693722 0.000009 -20.179051 -0.514125 6.782784 -2.464798 -1.573995 2.681911 -1.665237 -0.174481 -4.219036 12.710984 -29.825384 -16.130836 -2.646273 -1.527814 1.527820 -15.549438 -3.559426 -12.707138 -1.994610 -1.151581 1.151583 0.000003 -0.000005 0.000001 -9.108284 -0.517885 2.259804 0.038556 1.262297 6.823711 0.214029 -1.397034 17.420117 0.046167 -0.654904 8.066290 -0.000000 0.000002 0.000005 -9.532484 0.000016 0.000000 -0.136233 -2.205094 14.998860 0.214442 -1.398348 17.436874 0.239765 -1.476510 18.446270 -0.000000 0.000001 0.000005 -9.103603 -0.043111 -1.865098 0.030598 -3.075756 20.451022 0.308449 -1.668271 20.948528 0.225819 -1.434041 17.897076 -0.000000 -0.000000 0.000002 -8.076697 -0.486740 -3.806300 0.764894 -4.877287 26.475321 0.214455 -1.398361 17.437026 0.193010 -1.328205 16.535830 0.000001 0.000001 0.000000 4.570401 11.014686 -2.160813 -0.717792 -20.249878 -16.899510 5.973805 -16.155182 -65.928538 0.000005 -1.459346 0.000005 -33.230513 -1.364887 -6.186635 2.466089 -1.576209 2.681697 -0.662910 2.160404 4.832489 11.853555 25.421641 17.058264 2.647884 -1.528753 1.528744 -13.761931 3.522390 9.039605 1.998920 -1.154078 1.154077 0.000002 -0.000001 0.000005 9.109302 -0.518009 2.259899 0.019854 -0.969579 -7.593531 0.267745 1.752596 -17.372431 0.057624 0.820631 -8.034698 -0.000000 -0.000000 0.000002 9.533395 0.000007 -0.000000 -0.076325 2.665809 -15.696833 0.268764 1.755828 -17.405520 0.300508 1.854019 -18.413336 0.000001 0.000000 0.000001 9.104487 -0.042999 -1.865101 0.136881 3.641806 -21.133505 0.386598 2.094828 -20.911884 0.283021 1.800669 -17.865005 0.000001 0.000000 0.000002 8.077793 -0.486890 -3.806300 0.927702 5.555976 -27.128017 0.269155 1.757065 -17.418212 0.241887 1.667729 -16.505888 -0.000000 -0.000000 -0.000001 -8.207801 -6.751718 -1.599544 0.596210 -10.335849 3.512264 7.510633 -8.276069 -3.186727 -3.705637 -3.193839 3.026300 -7.252614 -0.000025 -0.000002 0.000000 -0.000001 -0.000000 8.207800 -6.751717 -1.599544 -10.752602 14.548996 10.332652 12.141612 2.595133 4.138074 1.273206 0.139760 -7.119436 -4.983706 0.000012 0.000003 -0.000000 0.000001 0.000000 
-1.424596 103.377586 0.121838 -148.473231 -82.838795 -152.092112 0.000000 10.181548 0.131524 3.296973 1.543014 2.729724 1.151890 0.339449 1.552798 1.126012 0.361523 1.555887 -0.000000 16.740360 -2.049019 5.626314 -0.078941 0.454683 0.000000 9.617867 1.684975 -7.563343 1.375735 -0.080567 0.000000 22.037369 7.501073 -0.000000 -0.000000 0.000000 -4.570003 11.014878 -2.160838 2.959889 12.023758 8.926847 9.664250 32.496582 63.907580 -0.000013 6.693722 0.000009 -20.179051 -0.514125 6.782784 -2.464798 -1.573995 2.681911 -1.665237 -0.174481 -4.219036 12.710984 -29.825384 -16.130836 -2.646273 -1.527814 1.527820 -15.549438 -3.559426 -12.707138 -1.994610 -1.151581 1.151583 0.000003 -0.000005 0.000001 -9.108284 -0.517885 2.259804 0.038556 1.262297 6.823711 0.214029 -1.397034 17.420117 0.046167 -0.654904 8.066290 -0.000000 0.000002 0.000005 -9.532484 0.000016 0.000000 -0.136233 -2.205094 14.998860 0.214442 -1.398348 17.436874 0.239765 -1.476510 18.446270 -0.000000 0.000001 0.000005 -9.103603 -0.043111 -1.865098 0.030598 -3.075756 20.451022 0.308449 -1.668271 20.948528 0.225819 -1.434041 17.897076 -0.000000 -0.000000 0.000002 -8.076697 -0.486740 -3.806300 0.764894 -4.877287 26.475321 0.214455 -1.398361 17.437026 0.193010 -1.328205 16.535830 0.000001 0.000001 0.000000 4.570401 11.014686 -2.160813 -0.717792 -20.249878 -16.899510 5.973805 -16.155182 -65.928538 0.000005 -1.459346 0.000005 -33.230513 -1.364887 -6.186635 2.466089 -1.576209 2.681697 -0.662910 2.160404 4.832489 11.853555 25.421641 17.058264 2.647884 -1.528753 1.528744 -13.761931 3.522390 9.039605 1.998920 -1.154078 1.154077 0.000002 -0.000001 0.000005 9.109302 -0.518009 2.259899 0.019854 -0.969579 -7.593531 0.267745 1.752596 -17.372431 0.057624 0.820631 -8.034698 -0.000000 -0.000000 0.000002 9.533395 0.000007 -0.000000 -0.076325 2.665809 -15.696833 0.268764 1.755828 -17.405520 0.300508 1.854019 -18.413336 0.000001 0.000000 0.000001 9.104487 -0.042999 -1.865101 0.136881 3.641806 -21.133505 0.386598 2.094828 -20.911884 0.283021 1.800669 -17.865005 0.000001 0.000000 0.000002 8.077793 -0.486890 -3.806300 0.927702 5.555976 -27.128017 0.269155 1.757065 -17.418212 0.241887 1.667729 -16.505888 -0.000000 -0.000000 -0.000001 -8.207801 -6.751718 -1.599544 0.596210 -10.335849 3.512264 7.510633 -8.276069 -3.186727 -3.705637 -3.193839 3.026300 -7.252614 -0.000025 -0.000002 0.000000 -0.000001 -0.000000 8.207800 -6.751717 -1.599544 -10.752602 14.548996 10.332652 12.141612 2.595133 4.138074 1.273206 0.139760 -7.119436 -4.983706 0.000012 0.000003 -0.000000 0.000001 0.000000 
-1.424596 103.377586 0.121838 -148.473231 -82.838795 -152.092112 0.000000 10.181548 0.131524 3.296973 1.543014 2.729724 1.151890 0.339449 1.552798 1.126012 0.361523 1.555887 -0.000000 16.740360 -2.049019 5.626314 -0.078941 0.454683 0.000000 9.617867 1.684975 -7.563343 1.375735 -0.080567 0.000000 22.037369 7.501073 -0.000000 -0.000000 0.000000 -4.570003 11.014878 -2.160838 2.959889 12.023758 8.926847 9.664250 32.496582 63.907580 -0.000013 6.693722 0.000009 -20.179051 -0.514125 6.782784 -2.464798 -1.573995 2.681911 -1.665237 -0.174481 -4.219036 12.710984 -29.825384 -16.130836 -2.646273 -1.527814 1.527820 -15.549438 -3.559426 -12.707138 -1.994610 -1.151581 1.151583 0.000003 -0.000005 0.000001 -9.108284 -0.517885 2.259804 0.038556 1.262297 6.823711 0.214029 -1.397034 17.420117 0.046167 -0.654904 8.066290 -0.000000 0.000002 0.000005 -9.532484 0.000016 0.000000 -0.136233 -2.205094 14.998860 0.214442 -1.398348 17.436874 0.239765 -1.476510 18.446270 -0.000000 0.000001 0.000005 -9.103603 -0.043111 -1.865098 0.030598 -3.075756 20.451022 0.308449 -1.668271 20.948528 0.225819 -1.434041 17.897076 -0.000000 -0.000000 0.000002 -8.076697 -0.486740 -3.806300 0.764894 -4.877287 26.475321 0.214455 -1.398361 17.437026 0.193010 -1.328205 16.535830 0.000001 0.000001 0.000000 4.570401 11.014686 -2.160813 -0.717792 -20.249878 -16.899510 5.973805 -16.155182 -65.928538 0.000005 -1.459346 0.000005 -33.230513 -1.364887 -6.186635 2.466089 -1.576209 2.681697 -0.662910 2.160404 4.832489 11.853555 25.421641 17.058264 2.647884 -1.528753 1.528744 -13.761931 3.522390 9.039605 1.998920 -1.154078 1.154077 0.000002 -0.000001 0.000005 9.109302 -0.518009 2.259899 0.019854 -0.969579 -7.593531 0.267745 1.752596 -17.372431 0.057624 0.820631 -8.034698 -0.000000 -0.000000 0.000002 9.533395 0.000007 -0.000000 -0.076325 2.665809 -15.696833 0.268764 1.755828 -17.405520 0.300508 1.854019 -18.413336 0.000001 0.000000 0.000001 9.104487 -0.042999 -1.865101 0.136881 3.641806 -21.133505 0.386598 2.094828 -20.911884 0.283021 1.800669 -17.865005 0.000001 0.000000 0.000002 8.077793 -0.486890 -3.806300 0.927702 5.555976 -27.128017 0.269155 1.757065 -17.418212 0.241887 1.667729 -16.505888 -0.000000 -0.000000 -0.000001 -8.207801 -6.751718 -1.599544 0.596210 -10.335849 3.512264 7.510633 -8.276069 -3.186727 -3.705637 -3.193839 3.026300 -7.252614 -0.000025 -0.000002 0.000000 -0.000001 -0.000000 8.207800 -6.751717 -1.599544 -10.752602 14.548996 10.332652 12.141612 2.595133 4.138074 1.273206 0.139760 -7.119436 -4.983706 0.000012 0.000003 -0.000000 0.000001 0.000000 
-1.424596 103.377586 0.121838 -148.473231 -82.838795 -152.092112 0.000000 10.181548 0.131524 3.296973 1.543014 2.729724 1.151890 0.339449 1.552798 1.126012 0.361523 1.555887 -0.000000 16.740360 -2.049019 5.626314 -0.078941 0.454683 0.000000 9.617867 1.684975 -7.563343 1.375735 -0.080567 0.000000 22.037369 7.501073 -0.000000 -0.000000 0.000000 -4.570003 11.014878 -2.160838 2.959889 12.023758 8.926847 9.664250 32.496582 63.907580 -0.000013 6.693722 0.000009 -20.179051 -0.514125 6.782784 -2.464798 -1.573995 2.681911 -1.665237 -0.174481 -4.219036 12.710984 -29.825384 -16.130836 -2.646273 -1.527814 1.527820 -15.549438 -3.559426 -12.707138 -1.994610 -1.151581 1.151583 0.000003 -0.000005 0.000001 -9.108284 -0.517885 2.259804 0.038556 1.262297 6.823711 0.214029 -1.397034 17.420117 0.046167 -0.654904 8.066290 -0.000000 0.000002 0.000005 -9.532484 0.000016 0.000000 -0.136233 -2.205094 14.998860 0.214442 -1.398348 17.436874 0.239765 -1.476510 18.446270 -0.000000 0.000001 0.000005 -9.103603 -0.043111 -1.865098 0.030598 -3.075756 20.451022 0.308449 -1.668271 20.948528 0.225819 -1.434041 17.897076 -0.000000 -0.000000 0.000002 -8.076697 -0.486740 -3.806300 0.764894 -4.877287 26.475321 0.214455 -1.398361 17.437026 0.193010 -1.328205 16.535830 0.000001 0.000001 0.000000 4.570401 11.014686 -2.160813 -0.717792 -20.249878 -16.899510 5.973805 -16.155182 -65.928538 0.000005 -1.459346 0.000005 -33.230513 -1.364887 -6.186635 2.466089 -1.576209 2.681697 -0.662910 2.160404 4.832489 11.853555 25.421641 17.058264 2.647884 -1.528753 1.528744 -13.761931 3.522390 9.039605 1.998920 -1.154078 1.154077 0.000002 -0.000001 0.000005 9.109302 -0.518009 2.259899 0.019854 -0.969579 -7.593531 0.267745 1.752596 -17.372431 0.057624 0.820631 -8.034698 -0.000000 -0.000000 0.000002 9.533395 0.000007 -0.000000 -0.076325 2.665809 -15.696833 0.268764 1.755828 -17.405520 0.300508 1.854019 -18.413336 0.000001 0.000000 0.000001 9.104487 -0.042999 -1.865101 0.136881 3.641806 -21.133505 0.386598 2.094828 -20.911884 0.283021 1.800669 -17.865005 0.000001 0.000000 0.000002 8.077793 -0.486890 -3.806300 0.927702 5.555976 -27.128017 0.269155 1.757065 -17.418212 0.241887 1.667729 -16.505888 -0.000000 -0.000000 -0.000001 -8.207801 -6.751718 -1.599544 0.596210 -10.335849 3.512264 7.510633 -8.276069 -3.186727 -3.705637 -3.193839 3.026300 -7.252614 -0.000025 -0.000002 0.000000 -0.000001 -0.000000 8.207800 -6.751717 -1.599544 -10.752602 14.548996 10.332652 12.141612 2.595133 4.138074 1.273206 0.139760 -7.119436 -4.983706 0.000012 0.000003 -0.000000 0.000001 0.000000 
-1.424596 103.377586 0.121838 -148.473231 -82.838795 -152.092112 0.000000 10.181548 0.131524 3.296973 1.543014 2.729724 1.151890 0.339449 1.552798 1.126012 0.361523 1.555887 -0.000000 16.740360 -2.049019 5.626314 -0.078941 0.454683 0.000000 9.617867 1.684975 -7.563343 1.375735 -0.080567 0.000000 22.037369 7.501073 -0.000000 -0.000000 0.000000 -4.570003 11.014878 -2.160838 2.959889 12.023758 8.926847 9.664250 32.496582 63.907580 -0.000013 6.693722 0.000009 -20.179051 -0.514125 6.782784 -2.464798 -1.573995 2.681911 -1.665237 -0.174481 -4.219036 12.710984 -29.825384 -16.130836 -2.646273 -1.527814 1.527820 -15.549438 -3.559426 -12.707138 -1.994610 -1.151581 1.151583 0.000003 -0.000005 0.000001 -9.108284 -0.517885 2.259804 0.038556 1.262297 6.823711 0.214029 -1.397034 17.420117 0.046167 -0.654904 8.066290 -0.000000 0.000002 0.000005 -9.532484 0.000016 0.000000 -0.136233 -2.205094 14.998860 0.214442 -1.398348 17.436874 0.239765 -1.476510 18.446270 -0.000000 0.000001 0.000005 -9.103603 -0.043111 -1.865098 0.030598 -3.075756 20.451022 0.308449 -1.668271 20.948528 0.225819 -1.434041 17.897076 -0.000000 -0.000000 0.000002 -8.076697 -0.486740 -3.806300 0.764894 -4.877287 26.475321 0.214455 -1.398361 17.437026 0.193010 -1.328205 16.535830 0.000001 0.000001 0.000000 4.570401 11.014686 -2.160813 -0.717792 -20.249878 -16.899510 5.973805 -16.155182 -65.928538 0.000005 -1.459346 0.000005 -33.230513 -1.364887 -6.186635 2.466089 -1.576209 2.681697 -0.662910 2.160404 4.832489 11.853555 25.421641 17.058264 2.647884 -1.528753 1.528744 -13.761931 3.522390 9.039605 1.998920 -1.154078 1.154077 0.000002 -0.000001 0.000005 9.109302 -0.518009 2.259899 0.019854 -0.969579 -7.593531 0.267745 1.752596 -17.372431 0.057624 0.820631 -8.034698 -0.000000 -0.000000 0.000002 9.533395 0.000007 -0.000000 -0.076325 2.665809 -15.696833 0.268764 1.755828 -17.405520 0.300508 1.854019 -18.413336 0.000001 0.000000 0.000001 9.104487 -0.042999 -1.865101 0.136881 3.641806 -21.133505 0.386598 2.094828 -20.911884 0.283021 1.800669 -17.865005 0.000001 0.000000 0.000002 8.077793 -0.486890 -3.806300 0.927702 5.555976 -27.128017 0.269155 1.757065 -17.418212 0.241887 1.667729 -16.505888 -0.000000 -0.000000 -0.000001 -8.207801 -6.751718 -1.599544 0.596210 -10.335849 3.512264 7.510633 -8.276069 -3.186727 -3.705637 -3.193839 3.026300 -7.252614 -0.000025 -0.000002 0.000000 -0.000001 -0.000000 8.207800 -6.751717 -1.599544 -10.752602 14.548996 10.332652 12.141612 2.595133 4.138074 1.273206 0.139760 -7.119436 -4.983706 0.000012 0.000003 -0.000000 0.000001 0.000000 
-1.424596 103.377586 0.121838 -148.473231 -82.838795 -152.092112 0.000000 10.181548 0.131524 3.296973 1.543014 2.729724 1.151890 0.339449 1.552798 1.126012 0.361523 1.555887 -0.000000 16.740360 -2.049019 5.626314 -0.078941 0.454683 0.000000 9.617867 1.684975 -7.563343 1.375735 -0.080567 0.000000 22.037369 7.501073 -0.000000 -0.000000 0.000000 -4.570003 11.014878 -2.160838 2.959889 12.023758 8.926847 9.664250 32.496582 63.907580 -0.000013 6.693722 0.000009 -20.179051 -0.514125 6.782784 -2.464798 -1.573995 2.681911 -1.665237 -0.174481 -4.219036 12.710984 -29.825384 -16.130836 -2.646273 -1.527814 1.527820 -15.549438 -3.559426 -12.707138 -1.994610 -1.151581 1.151583 0.000003 -0.000005 0.000001 -9.108284 -0.517885 2.259804 0.038556 1.262297 6.823711 0.214029 -1.397034 17.420117 0.046167 -0.654904 8.066290 -0.000000 0.000002 0.000005 -9.532484 0.000016 0.000000 -0.136233 -2.205094 14.998860 0.214442 -1.398348 17.436874 0.239765 -1.476510 18.446270 -0.000000 0.000001 0.000005 -9.103603 -0.043111 -1.865098 0.030598 -3.075756 20.451022 0.308449 -1.668271 20.948528 0.225819 -1.434041 17.897076 -0.000000 -0.000000 0.000002 -8.076697 -0.486740 -3.806300 0.764894 -4.877287 26.475321 0.214455 -1.398361 17.437026 0.193010 -1.328205 16.535830 0.000001 0.000001 0.000000 4.570401 11.014686 -2.160813 -0.717792 -20.249878 -16.899510 5.973805 -16.155182 -65.928538 0.000005 -1.459346 0.000005 -33.230513 -1.364887 -6.186635 2.466089 -1.576209 2.681697 -0.662910 2.160404 4.832489 11.853555 25.421641 17.058264 2.647884 -1.528753 1.528744 -13.761931 3.522390 9.039605 1.998920 -1.154078 1.154077 0.000002 -0.000001 0.000005 9.109302 -0.518009 2.259899 0.019854 -0.969579 -7.593531 0.267745 1.752596 -17.372431 0.057624 0.820631 -8.034698 -0.000000 -0.000000 0.000002 9.533395 0.000007 -0.000000 -0.076325 2.665809 -15.696833 0.268764 1.755828 -17.405520 0.300508 1.854019 -18.413336 0.000001 0.000000 0.000001 9.104487 -0.042999 -1.865101 0.136881 3.641806 -21.133505 0.386598 2.094828 -20.911884 0.283021 1.800669 -17.865005 0.000001 0.000000 0.000002 8.077793 -0.486890 -3.806300 0.927702 5.555976 -27.128017 0.269155 1.757065 -17.418212 0.241887 1.667729 -16.505888 -0.000000 -0.000000 -0.000001 -8.207801 -6.751718 -1.599544 0.596210 -10.335849 3.512264 7.510633 -8.276069 -3.186727 -3.705637 -3.193839 3.026300 -7.252614 -0.000025 -0.000002 0.000000 -0.000001 -0.000000 8.207800 -6.751717 -1.599544 -10.752602 14.548996 10.332652 12.141612 2.595133 4.138074 1.273206 0.139760 -7.119436 -4.983706 0.000012 0.000003 -0.000000 0.000001 0.000000 
-1.424596 103.377586 0.121838 -148.473231 -82.838795 -152.092112 0.000000 10.181548 0.131524 3.296973 1.543014 2.729724 1.151890 0.339449 1.552798 1.126012 0.361523 1.555887 -0.000000 16.740360 -2.049019 5.626314 -0.078941 0.454683 0.000000 9.617867 1.684975 -7.563343 1.375735 -0.080567 0.000000 22.037369 7.501073 -0.000000 -0.000000 0.000000 -4.570003 11.014878 -2.160838 2.959889 12.023758 8.926847 9.664250 32.496582 63.907580 -0.000013 6.693722 0.000009 -20.179051 -0.514125 6.782784 -2.464798 -1.573995 2.681911 -1.665237 -0.174481 -4.219036 12.710984 -29.825384 -16.130836 -2.646273 -1.527814 1.527820 -15.549438 -3.559426 -12.707138 -1.994610 -1.151581 1.151583 0.000003 -0.000005 0.000001 -9.108284 -0.517885 2.259804 0.038556 1.262297 6.823711 0.214029 -1.397034 17.420117 0.046167 -0.654904 8.066290 -0.000000 0.000002 0.000005 -9.532484 0.000016 0.000000 -0.136233 -2.205094 14.998860 0.214442 -1.398348 17.436874 0.239765 -1.476510 18.446270 -0.000000 0.000001 0.000005 -9.103603 -0.043111 -1.865098 0.030598 -3.075756 20.451022 0.308449 -1.668271 20.948528 0.225819 -1.434041 17.897076 -0.000000 -0.000000 0.000002 -8.076697 -0.486740 -3.806300 0.764894 -4.877287 26.475321 0.214455 -1.398361 17.437026 0.193010 -1.328205 16.535830 0.000001 0.000001 0.000000 4.570401 11.014686 -2.160813 -0.717792 -20.249878 -16.899510 5.973805 -16.155182 -65.928538 0.000005 -1.459346 0.000005 -33.230513 -1.364887 -6.186635 2.466089 -1.576209 2.681697 -0.662910 2.160404 4.832489 11.853555 25.421641 17.058264 2.647884 -1.528753 1.528744 -13.761931 3.522390 9.039605 1.998920 -1.154078 1.154077 0.000002 -0.000001 0.000005 9.109302 -0.518009 2.259899 0.019854 -0.969579 -7.593531 0.267745 1.752596 -17.372431 0.057624 0.820631 -8.034698 -0.000000 -0.000000 0.000002 9.533395 0.000007 -0.000000 -0.076325 2.665809 -15.696833 0.268764 1.755828 -17.405520 0.300508 1.854019 -18.413336 0.000001 0.000000 0.000001 9.104487 -0.042999 -1.865101 0.136881 3.641806 -21.133505 0.386598 2.094828 -20.911884 0.283021 1.800669 -17.865005 0.000001 0.000000 0.000002 8.077793 -0.486890 -3.806300 0.927702 5.555976 -27.128017 0.269155 1.757065 -17.418212 0.241887 1.667729 -16.505888 -0.000000 -0.000000 -0.000001 -8.207801 -6.751718 -1.599544 0.596210 -10.335849 3.512264 7.510633 -8.276069 -3.186727 -3.705637 -3.193839 3.026300 -7.252614 -0.000025 -0.000002 0.000000 -0.000001 -0.000000 8.207800 -6.751717 -1.599544 -10.752602 14.548996 10.332652 12.141612 2.595133 4.138074 1.273206 0.139760 -7.119436 -4.983706 0.000012 0.000003 -0.000000 0.000001 0.000000 
-1.424596 103.377586 0.121838 -148.473231 -82.838795 -152.092112 0.000000 10.181548 0.131524 3.296973 1.543014 2.729724 1.151890 0.339449 1.552798 1.126012 0.361523 1.555887 -0.000000 16.740360 -2.049019 5.626314 -0.078941 0.454683 0.000000 9.617867 1.684975 -7.563343 1.375735 -0.080567 0.000000 22.037369 7.501073 -0.000000 -0.000000 0.000000 -4.570003 11.014878 -2.160838 2.959889 12.023758 8.926847 9.664250 32.496582 63.907580 -0.000013 6.693722 0.000009 -20.179051 -0.514125 6.782784 -2.464798 -1.573995 2.681911 -1.665237 -0.174481 -4.219036 12.710984 -29.825384 -16.130836 -2.646273 -1.527814 1.527820 -15.549438 -3.559426 -12.707138 -1.994610 -1.151581 1.151583 0.000003 -0.000005 0.000001 -9.108284 -0.517885 2.259804 0.038556 1.262297 6.823711 0.214029 -1.397034 17.420117 0.046167 -0.654904 8.066290 -0.000000 0.000002 0.000005 -9.532484 0.000016 0.000000 -0.136233 -2.205094 14.998860 0.214442 -1.398348 17.436874 0.239765 -1.476510 18.446270 -0.000000 0.000001 0.000005 -9.103603 -0.043111 -1.865098 0.030598 -3.075756 20.451022 0.308449 -1.668271 20.948528 0.225819 -1.434041 17.897076 -0.000000 -0.000000 0.000002 -8.076697 -0.486740 -3.806300 0.764894 -4.877287 26.475321 0.214455 -1.398361 17.437026 0.193010 -1.328205 16.535830 0.000001 0.000001 0.000000 4.570401 11.014686 -2.160813 -0.717792 -20.249878 -16.899510 5.973805 -16.155182 -65.928538 0.000005 -1.459346 0.000005 -33.230513 -1.364887 -6.186635 2.466089 -1.576209 2.681697 -0.662910 2.160404 4.832489 11.853555 25.421641 17.058264 2.647884 -1.528753 1.528744 -13.761931 3.522390 9.039605 1.998920 -1.154078 1.154077 0.000002 -0.000001 0.000005 9.109302 -0.518009 2.259899 0.019854 -0.969579 -7.593531 0.267745 1.752596 -17.372431 0.057624 0.820631 -8.034698 -0.000000 -0.000000 0.000002 9.533395 0.000007 -0.000000 -0.076325 2.665809 -15.696833 0.268764 1.755828 -17.405520 0.300508 1.854019 -18.413336 0.000001 0.000000 0.000001 9.104487 -0.042999 -1.865101 0.136881 3.641806 -21.133505 0.386598 2.094828 -20.911884 0.283021 1.800669 -17.865005 0.000001 0.000000 0.000002 8.077793 -0.486890 -3.806300 0.927702 5.555976 -27.128017 0.269155 1.757065 -17.418212 0.241887 1.667729 -16.505888 -0.000000 -0.000000 -0.000001 -8.207801 -6.751718 -1.599544 0.596210 -10.335849 3.512264 7.510633 -8.276069 -3.186727 -3.705637 -3.193839 3.026300 -7.252614 -0.000025 -0.000002 0.000000 -0.000001 -0.000000 8.207800 -6.751717 -1.599544 -10.752602 14.548996 10.332652 12.141612 2.595133 4.138074 1.273206 0.139760 -7.119436 -4.983706 0.000012 0.000003 -0.000000 0.000001 0.000000 
-1.424596 103.377586 0.121838 -148.473231 -82.838795 -152.092112 0.000000 10.181548 0.131524 3.296973 1.543014 2.729724 1.151890 0.339449 1.552798 1.126012 0.361523 1.555887 -0.000000 16.740360 -2.049019 5.626314 -0.078941 0.454683 0.000000 9.617867 1.684975 -7.563343 1.375735 -0.080567 0.000000 22.037369 7.501073 -0.000000 -0.000000 0.000000 -4.570003 11.014878 -2.160838 2.959889 12.023758 8.926847 9.664250 32.496582 63.907580 -0.000013 6.693722 0.000009 -20.179051 -0.514125 6.782784 -2.464798 -1.573995 2.681911 -1.665237 -0.174481 -4.219036 12.710984 -29.825384 -16.130836 -2.646273 -1.527814 1.527820 -15.549438 -3.559426 -12.707138 -1.994610 -1.151581 1.151583 0.000003 -0.000005 0.000001 -9.108284 -0.517885 2.259804 0.038556 1.262297 6.823711 0.214029 -1.397034 17.420117 0.046167 -0.654904 8.066290 -0.000000 0.000002 0.000005 -9.532484 0.000016 0.000000 -0.136233 -2.205094 14.998860 0.214442 -1.398348 17.436874 0.239765 -1.476510 18.446270 -0.000000 0.000001 0.000005 -9.103603 -0.043111 -1.865098 0.030598 -3.075756 20.451022 0.308449 -1.668271 20.948528 0.225819 -1.434041 17.897076 -0.000000 -0.000000 0.000002 -8.076697 -0.486740 -3.806300 0.764894 -4.877287 26.475321 0.214455 -1.398361 17.437026 0.193010 -1.328205 16.535830 0.000001 0.000001 0.000000 4.570401 11.014686 -2.160813 -0.717792 -20.249878 -16.899510 5.973805 -16.155182 -65.928538 0.000005 -1.459346 0.000005 -33.230513 -1.364887 -6.186635 2.466089 -1.576209 2.681697 -0.662910 2.160404 4.832489 11.853555 25.421641 17.058264 2.647884 -1.528753 1.528744 -13.761931 3.522390 9.039605 1.998920 -1.154078 1.154077 0.000002 -0.000001 0.000005 9.109302 -0.518009 2.259899 0.019854 -0.969579 -7.593531 0.267745 1.752596 -17.372431 0.057624 0.820631 -8.034698 -0.000000 -0.000000 0.000002 9.533395 0.000007 -0.000000 -0.076325 2.665809 -15.696833 0.268764 1.755828 -17.405520 0.300508 1.854019 -18.413336 0.000001 0.000000 0.000001 9.104487 -0.042999 -1.865101 0.136881 3.641806 -21.133505 0.386598 2.094828 -20.911884 0.283021 1.800669 -17.865005 0.000001 0.000000 0.000002 8.077793 -0.486890 -3.806300 0.927702 5.555976 -27.128017 0.269155 1.757065 -17.418212 0.241887 1.667729 -16.505888 -0.000000 -0.000000 -0.000001 -8.207801 -6.751718 -1.599544 0.596210 -10.335849 3.512264 7.510633 -8.276069 -3.186727 -3.705637 -3.193839 3.026300 -7.252614 -0.000025 -0.000002 0.000000 -0.000001 -0.000000 8.207800 -6.751717 -1.599544 -10.752602 14.548996 10.332652 12.141612 2.595133 4.138074 1.273206 0.139760 -7.119436 -4.983706 0.000012 0.000003 -0.000000 0.000001 0.000000 
-1.424596 103.377586 0.121838 -148.473231 -82.838795 -152.092112 0.000000 10.181548 0.131524 3.296973 1.543014 2.729724 1.151890 0.339449 1.552798 1.126012 0.361523 1.555887 -0.000000 16.740360 -2.049019 5.626314 -0.078941 0.454683 0.000000 9.617867 1.684975 -7.563343 1.375735 -0.080567 0.000000 22.037369 7.501073 -0.000000 -0.000000 0.000000 -4.570003 11.014878 -2.160838 2.959889 12.023758 8.926847 9.664250 32.496582 63.907580 -0.000013 6.693722 0.000009 -20.179051 -0.514125 6.782784 -2.464798 -1.573995 2.681911 -1.665237 -0.174481 -4.219036 12.710984 -29.825384 -16.130836 -2.646273 -1.527814 1.527820 -15.549438 -3.559426 -12.707138 -1.994610 -1.151581 1.151583 0.000003 -0.000005 0.000001 -9.108284 -0.517885 2.259804 0.038556 1.262297 6.823711 0.214029 -1.397034 17.420117 0.046167 -0.654904 8.066290 -0.000000 0.000002 0.000005 -9.532484 0.000016 0.000000 -0.136233 -2.205094 14.998860 0.214442 -1.398348 17.436874 0.239765 -1.476510 18.446270 -0.000000 0.000001 0.000005 -9.103603 -0.043111 -1.865098 0.030598 -3.075756 20.451022 0.308449 -1.668271 20.948528 0.225819 -1.434041 17.897076 -0.000000 -0.000000 0.000002 -8.076697 -0.486740 -3.806300 0.764894 -4.877287 26.475321 0.214455 -1.398361 17.437026 0.193010 -1.328205 16.535830 0.000001 0.000001 0.000000 4.570401 11.014686 -2.160813 -0.717792 -20.249878 -16.899510 5.973805 -16.155182 -65.928538 0.000005 -1.459346 0.000005 -33.230513 -1.364887 -6.186635 2.466089 -1.576209 2.681697 -0.662910 2.160404 4.832489 11.853555 25.421641 17.058264 2.647884 -1.528753 1.528744 -13.761931 3.522390 9.039605 1.998920 -1.154078 1.154077 0.000002 -0.000001 0.000005 9.109302 -0.518009 2.259899 0.019854 -0.969579 -7.593531 0.267745 1.752596 -17.372431 0.057624 0.820631 -8.034698 -0.000000 -0.000000 0.000002 9.533395 0.000007 -0.000000 -0.076325 2.665809 -15.696833 0.268764 1.755828 -17.405520 0.300508 1.854019 -18.413336 0.000001 0.000000 0.000001 9.104487 -0.042999 -1.865101 0.136881 3.641806 -21.133505 0.386598 2.094828 -20.911884 0.283021 1.800669 -17.865005 0.000001 0.000000 0.000002 8.077793 -0.486890 -3.806300 0.927702 5.555976 -27.128017 0.269155 1.757065 -17.418212 0.241887 1.667729 -16.505888 -0.000000 -0.000000 -0.000001 -8.207801 -6.751718 -1.599544 0.596210 -10.335849 3.512264 7.510633 -8.276069 -3.186727 -3.705637 -3.193839 3.026300 -7.252614 -0.000025 -0.000002 0.000000 -0.000001 -0.000000 8.207800 -6.751717 -1.599544 -10.752602 14.548996 10.332652 12.141612 2.595133 4.138074 1.273206 0.139760 -7.119436 -4.983706 0.000012 0.000003 -0.000000 0.000001 0.000000 
-1.424596 103.377586 0.121838 -148.473231 -82.838795 -152.092112 0.000000 10.181548 0.131524 3.296973 1.543014 2.729724 1.151890 0.339449 1.552798 1.126012 0.361523 1.555887 -0.000000 16.740360 -2.049019 5.626314 -0.078941 0.454683 0.000000 9.617867 1.684975 -7.563343 1.375735 -0.080567 0.000000 22.037369 7.501073 -0.000000 -0.000000 0.000000 -4.570003 11.014878 -2.160838 2.959889 12.023758 8.926847 9.664250 32.496582 63.907580 -0.000013 6.693722 0.000009 -20.179051 -0.514125 6.782784 -2.464798 -1.573995 2.681911 -1.665237 -0.174481 -4.219036 12.710984 -29.825384 -16.130836 -2.646273 -1.527814 1.527820 -15.549438 -3.559426 -12.707138 -1.994610 -1.151581 1.151583 0.000003 -0.000005 0.000001 -9.108284 -0.517885 2.259804 0.038556 1.262297 6.823711 0.214029 -1.397034 17.420117 0.046167 -0.654904 8.066290 -0.000000 0.000002 0.000005 -9.532484 0.000016 0.000000 -0.136233 -2.205094 14.998860 0.214442 -1.398348 17.436874 0.239765 -1.476510 18.446270 -0.000000 0.000001 0.000005 -9.103603 -0.043111 -1.865098 0.030598 -3.075756 20.451022 0.308449 -1.668271 20.948528 0.225819 -1.434041 17.897076 -0.000000 -0.000000 0.000002 -8.076697 -0.486740 -3.806300 0.764894 -4.877287 26.475321 0.214455 -1.398361 17.437026 0.193010 -1.328205 16.535830 0.000001 0.000001 0.000000 4.570401 11.014686 -2.160813 -0.717792 -20.249878 -16.899510 5.973805 -16.155182 -65.928538 0.000005 -1.459346 0.000005 -33.230513 -1.364887 -6.186635 2.466089 -1.576209 2.681697 -0.662910 2.160404 4.832489 11.853555 25.421641 17.058264 2.647884 -1.528753 1.528744 -13.761931 3.522390 9.039605 1.998920 -1.154078 1.154077 0.000002 -0.000001 0.000005 9.109302 -0.518009 2.259899 0.019854 -0.969579 -7.593531 0.267745 1.752596 -17.372431 0.057624 0.820631 -8.034698 -0.000000 -0.000000 0.000002 9.533395 0.000007 -0.000000 -0.076325 2.665809 -15.696833 0.268764 1.755828 -17.405520 0.300508 1.854019 -18.413336 0.000001 0.000000 0.000001 9.104487 -0.042999 -1.865101 0.136881 3.641806 -21.133505 0.386598 2.094828 -20.911884 0.283021 1.800669 -17.865005 0.000001 0.000000 0.000002 8.077793 -0.486890 -3.806300 0.927702 5.555976 -27.128017 0.269155 1.757065 -17.418212 0.241887 1.667729 -16.505888 -0.000000 -0.000000 -0.000001 -8.207801 -6.751718 -1.599544 0.596210 -10.335849 3.512264 7.510633 -8.276069 -3.186727 -3.705637 -3.193839 3.026300 -7.252614 -0.000025 -0.000002 0.000000 -0.000001 -0.000000 8.207800 -6.751717 -1.599544 -10.752602 14.548996 10.332652 12.141612 2.595133 4.138074 1.273206 0.139760 -7.119436 -4.983706 0.000012 0.000003 -0.000000 0.000001 0.000000 
-1.424596 103.377586 0.121838 -148.473231 -82.838795 -152.092112 0.000000 10.181548 0.131524 3.296973 1.543014 2.729724 1.151890 0.339449 1.552798 1.126012 0.361523 1.555887 -0.000000 16.740360 -2.049019 5.626314 -0.078941 0.454683 0.000000 9.617867 1.684975 -7.563343 1.375735 -0.080567 0.000000 22.037369 7.501073 -0.000000 -0.000000 0.000000 -4.570003 11.014878 -2.160838 2.959889 12.023758 8.926847 9.664250 32.496582 63.907580 -0.000013 6.693722 0.000009 -20.179051 -0.514125 6.782784 -2.464798 -1.573995 2.681911 -1.665237 -0.174481 -4.219036 12.710984 -29.825384 -16.130836 -2.646273 -1.527814 1.527820 -15.549438 -3.559426 -12.707138 -1.994610 -1.151581 1.151583 0.000003 -0.000005 0.000001 -9.108284 -0.517885 2.259804 0.038556 1.262297 6.823711 0.214029 -1.397034 17.420117 0.046167 -0.654904 8.066290 -0.000000 0.000002 0.000005 -9.532484 0.000016 0.000000 -0.136233 -2.205094 14.998860 0.214442 -1.398348 17.436874 0.239765 -1.476510 18.446270 -0.000000 0.000001 0.000005 -9.103603 -0.043111 -1.865098 0.030598 -3.075756 20.451022 0.308449 -1.668271 20.948528 0.225819 -1.434041 17.897076 -0.000000 -0.000000 0.000002 -8.076697 -0.486740 -3.806300 0.764894 -4.877287 26.475321 0.214455 -1.398361 17.437026 0.193010 -1.328205 16.535830 0.000001 0.000001 0.000000 4.570401 11.014686 -2.160813 -0.717792 -20.249878 -16.899510 5.973805 -16.155182 -65.928538 0.000005 -1.459346 0.000005 -33.230513 -1.364887 -6.186635 2.466089 -1.576209 2.681697 -0.662910 2.160404 4.832489 11.853555 25.421641 17.058264 2.647884 -1.528753 1.528744 -13.761931 3.522390 9.039605 1.998920 -1.154078 1.154077 0.000002 -0.000001 0.000005 9.109302 -0.518009 2.259899 0.019854 -0.969579 -7.593531 0.267745 1.752596 -17.372431 0.057624 0.820631 -8.034698 -0.000000 -0.000000 0.000002 9.533395 0.000007 -0.000000 -0.076325 2.665809 -15.696833 0.268764 1.755828 -17.405520 0.300508 1.854019 -18.413336 0.000001 0.000000 0.000001 9.104487 -0.042999 -1.865101 0.136881 3.641806 -21.133505 0.386598 2.094828 -20.911884 0.283021 1.800669 -17.865005 0.000001 0.000000 0.000002 8.077793 -0.486890 -3.806300 0.927702 5.555976 -27.128017 0.269155 1.757065 -17.418212 0.241887 1.667729 -16.505888 -0.000000 -0.000000 -0.000001 -8.207801 -6.751718 -1.599544 0.596210 -10.335849 3.512264 7.510633 -8.276069 -3.186727 -3.705637 -3.193839 3.026300 -7.252614 -0.000025 -0.000002 0.000000 -0.000001 -0.000000 8.207800 -6.751717 -1.599544 -10.752602 14.548996 10.332652 12.141612 2.595133 4.138074 1.273206 0.139760 -7.119436 -4.983706 0.000012 0.000003 -0.000000 0.000001 0.000000 
-1.424596 103.377586 0.121838 -148.473231 -82.838795 -152.092112 0.000000 10.181548 0.131524 3.296973 1.543014 2.729724 1.151890 0.339449 1.552798 1.126012 0.361523 1.555887 -0.000000 16.740360 -2.049019 5.626314 -0.078941 0.454683 0.000000 9.617867 1.684975 -7.563343 1.375735 -0.080567 0.000000 22.037369 7.501073 -0.000000 -0.000000 0.000000 -4.570003 11.014878 -2.160838 2.959889 12.023758 8.926847 9.664250 32.496582 63.907580 -0.000013 6.693722 0.000009 -20.179051 -0.514125 6.782784 -2.464798 -1.573995 2.681911 -1.665237 -0.174481 -4.219036 12.710984 -29.825384 -16.130836 -2.646273 -1.527814 1.527820 -15.549438 -3.559426 -12.707138 -1.994610 -1.151581 1.151583 0.000003 -0.000005 0.000001 -9.108284 -0.517885 2.259804 0.038556 1.262297 6.823711 0.214029 -1.397034 17.420117 0.046167 -0.654904 8.066290 -0.000000 0.000002 0.000005 -9.532484 0.000016 0.000000 -0.136233 -2.205094 14.998860 0.214442 -1.398348 17.436874 0.239765 -1.476510 18.446270 -0.000000 0.000001 0.000005 -9.103603 -0.043111 -1.865098 0.030598 -3.075756 20.451022 0.308449 -1.668271 20.948528 0.225819 -1.434041 17.897076 -0.000000 -0.000000 0.000002 -8.076697 -0.486740 -3.806300 0.764894 -4.877287 26.475321 0.214455 -1.398361 17.437026 0.193010 -1.328205 16.535830 0.000001 0.000001 0.000000 4.570401 11.014686 -2.160813 -0.717792 -20.249878 -16.899510 5.973805 -16.155182 -65.928538 0.000005 -1.459346 0.000005 -33.230513 -1.364887 -6.186635 2.466089 -1.576209 2.681697 -0.662910 2.160404 4.832489 11.853555 25.421641 17.058264 2.647884 -1.528753 1.528744 -13.761931 3.522390 9.039605 1.998920 -1.154078 1.154077 0.000002 -0.000001 0.000005 9.109302 -0.518009 2.259899 0.019854 -0.969579 -7.593531 0.267745 1.752596 -17.372431 0.057624 0.820631 -8.034698 -0.000000 -0.000000 0.000002 9.533395 0.000007 -0.000000 -0.076325 2.665809 -15.696833 0.268764 1.755828 -17.405520 0.300508 1.854019 -18.413336 0.000001 0.000000 0.000001 9.104487 -0.042999 -1.865101 0.136881 3.641806 -21.133505 0.386598 2.094828 -20.911884 0.283021 1.800669 -17.865005 0.000001 0.000000 0.000002 8.077793 -0.486890 -3.806300 0.927702 5.555976 -27.128017 0.269155 1.757065 -17.418212 0.241887 1.667729 -16.505888 -0.000000 -0.000000 -0.000001 -8.207801 -6.751718 -1.599544 0.596210 -10.335849 3.512264 7.510633 -8.276069 -3.186727 -3.705637 -3.193839 3.026300 -7.252614 -0.000025 -0.000002 0.000000 -0.000001 -0.000000 8.207800 -6.751717 -1.599544 -10.752602 14.548996 10.332652 12.141612 2.595133 4.138074 1.273206 0.139760 -7.119436 -4.983706 0.000012 0.000003 -0.000000 0.000001 0.000000 
-1.424596 103.377586 0.121838 -148.473231 -82.838795 -152.092112 0.000000 10.181548 0.131524 3.296973 1.543014 2.729724 1.151890 0.339449 1.552798 1.126012 0.361523 1.555887 -0.000000 16.740360 -2.049019 5.626314 -0.078941 0.454683 0.000000 9.617867 1.684975 -7.563343 1.375735 -0.080567 0.000000 22.037369 7.501073 -0.000000 -0.000000 0.000000 -4.570003 11.014878 -2.160838 2.959889 12.023758 8.926847 9.664250 32.496582 63.907580 -0.000013 6.693722 0.000009 -20.179051 -0.514125 6.782784 -2.464798 -1.573995 2.681911 -1.665237 -0.174481 -4.219036 12.710984 -29.825384 -16.130836 -2.646273 -1.527814 1.527820 -15.549438 -3.559426 -12.707138 -1.994610 -1.151581 1.151583 0.000003 -0.000005 0.000001 -9.108284 -0.517885 2.259804 0.038556 1.262297 6.823711 0.214029 -1.397034 17.420117 0.046167 -0.654904 8.066290 -0.000000 0.000002 0.000005 -9.532484 0.000016 0.000000 -0.136233 -2.205094 14.998860 0.214442 -1.398348 17.436874 0.239765 -1.476510 18.446270 -0.000000 0.000001 0.000005 -9.103603 -0.043111 -1.865098 0.030598 -3.075756 20.451022 0.308449 -1.668271 20.948528 0.225819 -1.434041 17.897076 -0.000000 -0.000000 0.000002 -8.076697 -0.486740 -3.806300 0.764894 -4.877287 26.475321 0.214455 -1.398361 17.437026 0.193010 -1.328205 16.535830 0.000001 0.000001 0.000000 4.570401 11.014686 -2.160813 -0.717792 -20.249878 -16.899510 5.973805 -16.155182 -65.928538 0.000005 -1.459346 0.000005 -33.230513 -1.364887 -6.186635 2.466089 -1.576209 2.681697 -0.662910 2.160404 4.832489 11.853555 25.421641 17.058264 2.647884 -1.528753 1.528744 -13.761931 3.522390 9.039605 1.998920 -1.154078 1.154077 0.000002 -0.000001 0.000005 9.109302 -0.518009 2.259899 0.019854 -0.969579 -7.593531 0.267745 1.752596 -17.372431 0.057624 0.820631 -8.034698 -0.000000 -0.000000 0.000002 9.533395 0.000007 -0.000000 -0.076325 2.665809 -15.696833 0.268764 1.755828 -17.405520 0.300508 1.854019 -18.413336 0.000001 0.000000 0.000001 9.104487 -0.042999 -1.865101 0.136881 3.641806 -21.133505 0.386598 2.094828 -20.911884 0.283021 1.800669 -17.865005 0.000001 0.000000 0.000002 8.077793 -0.486890 -3.806300 0.927702 5.555976 -27.128017 0.269155 1.757065 -17.418212 0.241887 1.667729 -16.505888 -0.000000 -0.000000 -0.000001 -8.207801 -6.751718 -1.599544 0.596210 -10.335849 3.512264 7.510633 -8.276069 -3.186727 -3.705637 -3.193839 3.026300 -7.252614 -0.000025 -0.000002 0.000000 -0.000001 -0.000000 8.207800 -6.751717 -1.599544 -10.752602 14.548996 10.332652 12.141612 2.595133 4.138074 1.273206 0.139760 -7.119436 -4.983706 0.000012 0.000003 -0.000000 0.000001 0.000000 
-1.424596 103.377586 0.121838 -148.473231 -82.838795 -152.092112 0.000000 10.181548 0.131524 3.296973 1.543014 2.729724 1.151890 0.339449 1.552798 1.126012 0.361523 1.555887 -0.000000 16.740360 -2.049019 5.626314 -0.078941 0.454683 0.000000 9.617867 1.684975 -7.563343 1.375735 -0.080567 0.000000 22.037369 7.501073 -0.000000 -0.000000 0.000000 -4.570003 11.014878 -2.160838 2.959889 12.023758 8.926847 9.664250 32.496582 63.907580 -0.000013 6.693722 0.000009 -20.179051 -0.514125 6.782784 -2.464798 -1.573995 2.681911 -1.665237 -0.174481 -4.219036 12.710984 -29.825384 -16.130836 -2.646273 -1.527814 1.527820 -15.549438 -3.559426 -12.707138 -1.994610 -1.151581 1.151583 0.000003 -0.000005 0.000001 -9.108284 -0.517885 2.259804 0.038556 1.262297 6.823711 0.214029 -1.397034 17.420117 0.046167 -0.654904 8.066290 -0.000000 0.000002 0.000005 -9.532484 0.000016 0.000000 -0.136233 -2.205094 14.998860 0.214442 -1.398348 17.436874 0.239765 -1.476510 18.446270 -0.000000 0.000001 0.000005 -9.103603 -0.043111 -1.865098 0.030598 -3.075756 20.451022 0.308449 -1.668271 20.948528 0.225819 -1.434041 17.897076 -0.000000 -0.000000 0.000002 -8.076697 -0.486740 -3.806300 0.764894 -4.877287 26.475321 0.214455 -1.398361 17.437026 0.193010 -1.328205 16.535830 0.000001 0.000001 0.000000 4.570401 11.014686 -2.160813 -0.717792 -20.249878 -16.899510 5.973805 -16.155182 -65.928538 0.000005 -1.459346 0.000005 -33.230513 -1.364887 -6.186635 2.466089 -1.576209 2.681697 -0.662910 2.160404 4.832489 11.853555 25.421641 17.058264 2.647884 -1.528753 1.528744 -13.761931 3.522390 9.039605 1.998920 -1.154078 1.154077 0.000002 -0.000001 0.000005 9.109302 -0.518009 2.259899 0.019854 -0.969579 -7.593531 0.267745 1.752596 -17.372431 0.057624 0.820631 -8.034698 -0.000000 -0.000000 0.000002 9.533395 0.000007 -0.000000 -0.076325 2.665809 -15.696833 0.268764 1.755828 -17.405520 0.300508 1.854019 -18.413336 0.000001 0.000000 0.000001 9.104487 -0.042999 -1.865101 0.136881 3.641806 -21.133505 0.386598 2.094828 -20.911884 0.283021 1.800669 -17.865005 0.000001 0.000000 0.000002 8.077793 -0.486890 -3.806300 0.927702 5.555976 -27.128017 0.269155 1.757065 -17.418212 0.241887 1.667729 -16.505888 -0.000000 -0.000000 -0.000001 -8.207801 -6.751718 -1.599544 0.596210 -10.335849 3.512264 7.510633 -8.276069 -3.186727 -3.705637 -3.193839 3.026300 -7.252614 -0.000025 -0.000002 0.000000 -0.000001 -0.000000 8.207800 -6.751717 -1.599544 -10.752602 14.548996 10.332652 12.141612 2.595133 4.138074 1.273206 0.139760 -7.119436 -4.983706 0.000012 0.000003 -0.000000 0.000001 0.000000 
-1.424596 103.377586 0.121838 -148.473231 -82.838795 -152.092112 0.000000 10.181548 0.131524 3.296973 1.543014 2.729724 1.151890 0.339449 1.552798 1.126012 0.361523 1.555887 -0.000000 16.740360 -2.049019 5.626314 -0.078941 0.454683 0.000000 9.617867 1.684975 -7.563343 1.375735 -0.080567 0.000000 22.037369 7.501073 -0.000000 -0.000000 0.000000 -4.570003 11.014878 -2.160838 2.959889 12.023758 8.926847 9.664250 32.496582 63.907580 -0.000013 6.693722 0.000009 -20.179051 -0.514125 6.782784 -2.464798 -1.573995 2.681911 -1.665237 -0.174481 -4.219036 12.710984 -29.825384 -16.130836 -2.646273 -1.527814 1.527820 -15.549438 -3.559426 -12.707138 -1.994610 -1.151581 1.151583 0.000003 -0.000005 0.000001 -9.108284 -0.517885 2.259804 0.038556 1.262297 6.823711 0.214029 -1.397034 17.420117 0.046167 -0.654904 8.066290 -0.000000 0.000002 0.000005 -9.532484 0.000016 0.000000 -0.136233 -2.205094 14.998860 0.214442 -1.398348 17.436874 0.239765 -1.476510 18.446270 -0.000000 0.000001 0.000005 -9.103603 -0.043111 -1.865098 0.030598 -3.075756 20.451022 0.308449 -1.668271 20.948528 0.225819 -1.434041 17.897076 -0.000000 -0.000000 0.000002 -8.076697 -0.486740 -3.806300 0.764894 -4.877287 26.475321 0.214455 -1.398361 17.437026 0.193010 -1.328205 16.535830 0.000001 0.000001 0.000000 4.570401 11.014686 -2.160813 -0.717792 -20.249878 -16.899510 5.973805 -16.155182 -65.928538 0.000005 -1.459346 0.000005 -33.230513 -1.364887 -6.186635 2.466089 -1.576209 2.681697 -0.662910 2.160404 4.832489 11.853555 25.421641 17.058264 2.647884 -1.528753 1.528744 -13.761931 3.522390 9.039605 1.998920 -1.154078 1.154077 0.000002 -0.000001 0.000005 9.109302 -0.518009 2.259899 0.019854 -0.969579 -7.593531 0.267745 1.752596 -17.372431 0.057624 0.820631 -8.034698 -0.000000 -0.000000 0.000002 9.533395 0.000007 -0.000000 -0.076325 2.665809 -15.696833 0.268764 1.755828 -17.405520 0.300508 1.854019 -18.413336 0.000001 0.000000 0.000001 9.104487 -0.042999 -1.865101 0.136881 3.641806 -21.133505 0.386598 2.094828 -20.911884 0.283021 1.800669 -17.865005 0.000001 0.000000 0.000002 8.077793 -0.486890 -3.806300 0.927702 5.555976 -27.128017 0.269155 1.757065 -17.418212 0.241887 1.667729 -16.505888 -0.000000 -0.000000 -0.000001 -8.207801 -6.751718 -1.599544 0.596210 -10.335849 3.512264 7.510633 -8.276069 -3.186727 -3.705637 -3.193839 3.026300 -7.252614 -0.000025 -0.000002 0.000000 -0.000001 -0.000000 8.207800 -6.751717 -1.599544 -10.752602 14.548996 10.332652 12.141612 2.595133 4.138074 1.273206 0.139760 -7.119436 -4.983706 0.000012 0.000003 -0.000000 0.000001 0.000000 
-1.424596 103.377586 0.121838 -148.473231 -82.838795 -152.092112 0.000000 10.181548 0.131524 3.296973 1.543014 2.729724 1.151890 0.339449 1.552798 1.126012 0.361523 1.555887 -0.000000 16.740360 -2.049019 5.626314 -0.078941 0.454683 0.000000 9.617867 1.684975 -7.563343 1.375735 -0.080567 0.000000 22.037369 7.501073 -0.000000 -0.000000 0.000000 -4.570003 11.014878 -2.160838 2.959889 12.023758 8.926847 9.664250 32.496582 63.907580 -0.000013 6.693722 0.000009 -20.179051 -0.514125 6.782784 -2.464798 -1.573995 2.681911 -1.665237 -0.174481 -4.219036 12.710984 -29.825384 -16.130836 -2.646273 -1.527814 1.527820 -15.549438 -3.559426 -12.707138 -1.994610 -1.151581 1.151583 0.000003 -0.000005 0.000001 -9.108284 -0.517885 2.259804 0.038556 1.262297 6.823711 0.214029 -1.397034 17.420117 0.046167 -0.654904 8.066290 -0.000000 0.000002 0.000005 -9.532484 0.000016 0.000000 -0.136233 -2.205094 14.998860 0.214442 -1.398348 17.436874 0.239765 -1.476510 18.446270 -0.000000 0.000001 0.000005 -9.103603 -0.043111 -1.865098 0.030598 -3.075756 20.451022 0.308449 -1.668271 20.948528 0.225819 -1.434041 17.897076 -0.000000 -0.000000 0.000002 -8.076697 -0.486740 -3.806300 0.764894 -4.877287 26.475321 0.214455 -1.398361 17.437026 0.193010 -1.328205 16.535830 0.000001 0.000001 0.000000 4.570401 11.014686 -2.160813 -0.717792 -20.249878 -16.899510 5.973805 -16.155182 -65.928538 0.000005 -1.459346 0.000005 -33.230513 -1.364887 -6.186635 2.466089 -1.576209 2.681697 -0.662910 2.160404 4.832489 11.853555 25.421641 17.058264 2.647884 -1.528753 1.528744 -13.761931 3.522390 9.039605 1.998920 -1.154078 1.154077 0.000002 -0.000001 0.000005 9.109302 -0.518009 2.259899 0.019854 -0.969579 -7.593531 0.267745 1.752596 -17.372431 0.057624 0.820631 -8.034698 -0.000000 -0.000000 0.000002 9.533395 0.000007 -0.000000 -0.076325 2.665809 -15.696833 0.268764 1.755828 -17.405520 0.300508 1.854019 -18.413336 0.000001 0.000000 0.000001 9.104487 -0.042999 -1.865101 0.136881 3.641806 -21.133505 0.386598 2.094828 -20.911884 0.283021 1.800669 -17.865005 0.000001 0.000000 0.000002 8.077793 -0.486890 -3.806300 0.927702 5.555976 -27.128017 0.269155 1.757065 -17.418212 0.241887 1.667729 -16.505888 -0.000000 -0.000000 -0.000001 -8.207801 -6.751718 -1.599544 0.596210 -10.335849 3.512264 7.510633 -8.276069 -3.186727 -3.705637 -3.193839 3.026300 -7.252614 -0.000025 -0.000002 0.000000 -0.000001 -0.000000 8.207800 -6.751717 -1.599544 -10.752602 14.548996 10.332652 12.141612 2.595133 4.138074 1.273206 0.139760 -7.119436 -4.983706 0.000012 0.000003 -0.000000 0.000001 0.000000 
-1.424596 103.377586 0.121838 -148.473231 -82.838795 -152.092112 0.000000 10.181548 0.131524 3.296973 1.543014 2.729724 1.151890 0.339449 1.552798 1.126012 0.361523 1.555887 -0.000000 16.740360 -2.049019 5.626314 -0.078941 0.454683 0.000000 9.617867 1.684975 -7.563343 1.375735 -0.080567 0.000000 22.037369 7.501073 -0.000000 -0.000000 0.000000 -4.570003 11.014878 -2.160838 2.959889 12.023758 8.926847 9.664250 32.496582 63.907580 -0.000013 6.693722 0.000009 -20.179051 -0.514125 6.782784 -2.464798 -1.573995 2.681911 -1.665237 -0.174481 -4.219036 12.710984 -29.825384 -16.130836 -2.646273 -1.527814 1.527820 -15.549438 -3.559426 -12.707138 -1.994610 -1.151581 1.151583 0.000003 -0.000005 0.000001 -9.108284 -0.517885 2.259804 0.038556 1.262297 6.823711 0.214029 -1.397034 17.420117 0.046167 -0.654904 8.066290 -0.000000 0.000002 0.000005 -9.532484 0.000016 0.000000 -0.136233 -2.205094 14.998860 0.214442 -1.398348 17.436874 0.239765 -1.476510 18.446270 -0.000000 0.000001 0.000005 -9.103603 -0.043111 -1.865098 0.030598 -3.075756 20.451022 0.308449 -1.668271 20.948528 0.225819 -1.434041 17.897076 -0.000000 -0.000000 0.000002 -8.076697 -0.486740 -3.806300 0.764894 -4.877287 26.475321 0.214455 -1.398361 17.437026 0.193010 -1.328205 16.535830 0.000001 0.000001 0.000000 4.570401 11.014686 -2.160813 -0.717792 -20.249878 -16.899510 5.973805 -16.155182 -65.928538 0.000005 -1.459346 0.000005 -33.230513 -1.364887 -6.186635 2.466089 -1.576209 2.681697 -0.662910 2.160404 4.832489 11.853555 25.421641 17.058264 2.647884 -1.528753 1.528744 -13.761931 3.522390 9.039605 1.998920 -1.154078 1.154077 0.000002 -0.000001 0.000005 9.109302 -0.518009 2.259899 0.019854 -0.969579 -7.593531 0.267745 1.752596 -17.372431 0.057624 0.820631 -8.034698 -0.000000 -0.000000 0.000002 9.533395 0.000007 -0.000000 -0.076325 2.665809 -15.696833 0.268764 1.755828 -17.405520 0.300508 1.854019 -18.413336 0.000001 0.000000 0.000001 9.104487 -0.042999 -1.865101 0.136881 3.641806 -21.133505 0.386598 2.094828 -20.911884 0.283021 1.800669 -17.865005 0.000001 0.000000 0.000002 8.077793 -0.486890 -3.806300 0.927702 5.555976 -27.128017 0.269155 1.757065 -17.418212 0.241887 1.667729 -16.505888 -0.000000 -0.000000 -0.000001 -8.207801 -6.751718 -1.599544 0.596210 -10.335849 3.512264 7.510633 -8.276069 -3.186727 -3.705637 -3.193839 3.026300 -7.252614 -0.000025 -0.000002 0.000000 -0.000001 -0.000000 8.207800 -6.751717 -1.599544 -10.752602 14.548996 10.332652 12.141612 2.595133 4.138074 1.273206 0.139760 -7.119436 -4.983706 0.000012 0.000003 -0.000000 0.000001 0.000000 
-1.424596 103.377586 0.121838 -148.473231 -82.838795 -152.092112 0.000000 10.181548 0.131524 3.296973 1.543014 2.729724 1.151890 0.339449 1.552798 1.126012 0.361523 1.555887 -0.000000 16.740360 -2.049019 5.626314 -0.078941 0.454683 0.000000 9.617867 1.684975 -7.563343 1.375735 -0.080567 0.000000 22.037369 7.501073 -0.000000 -0.000000 0.000000 -4.570003 11.014878 -2.160838 2.959889 12.023758 8.926847 9.664250 32.496582 63.907580 -0.000013 6.693722 0.000009 -20.179051 -0.514125 6.782784 -2.464798 -1.573995 2.681911 -1.665237 -0.174481 -4.219036 12.710984 -29.825384 -16.130836 -2.646273 -1.527814 1.527820 -15.549438 -3.559426 -12.707138 -1.994610 -1.151581 1.151583 0.000003 -0.000005 0.000001 -9.108284 -0.517885 2.259804 0.038556 1.262297 6.823711 0.214029 -1.397034 17.420117 0.046167 -0.654904 8.066290 -0.000000 0.000002 0.000005 -9.532484 0.000016 0.000000 -0.136233 -2.205094 14.998860 0.214442 -1.398348 17.436874 0.239765 -1.476510 18.446270 -0.000000 0.000001 0.000005 -9.103603 -0.043111 -1.865098 0.030598 -3.075756 20.451022 0.308449 -1.668271 20.948528 0.225819 -1.434041 17.897076 -0.000000 -0.000000 0.000002 -8.076697 -0.486740 -3.806300 0.764894 -4.877287 26.475321 0.214455 -1.398361 17.437026 0.193010 -1.328205 16.535830 0.000001 0.000001 0.000000 4.570401 11.014686 -2.160813 -0.717792 -20.249878 -16.899510 5.973805 -16.155182 -65.928538 0.000005 -1.459346 0.000005 -33.230513 -1.364887 -6.186635 2.466089 -1.576209 2.681697 -0.662910 2.160404 4.832489 11.853555 25.421641 17.058264 2.647884 -1.528753 1.528744 -13.761931 3.522390 9.039605 1.998920 -1.154078 1.154077 0.000002 -0.000001 0.000005 9.109302 -0.518009 2.259899 0.019854 -0.969579 -7.593531 0.267745 1.752596 -17.372431 0.057624 0.820631 -8.034698 -0.000000 -0.000000 0.000002 9.533395 0.000007 -0.000000 -0.076325 2.665809 -15.696833 0.268764 1.755828 -17.405520 0.300508 1.854019 -18.413336 0.000001 0.000000 0.000001 9.104487 -0.042999 -1.865101 0.136881 3.641806 -21.133505 0.386598 2.094828 -20.911884 0.283021 1.800669 -17.865005 0.000001 0.000000 0.000002 8.077793 -0.486890 -3.806300 0.927702 5.555976 -27.128017 0.269155 1.757065 -17.418212 0.241887 1.667729 -16.505888 -0.000000 -0.000000 -0.000001 -8.207801 -6.751718 -1.599544 0.596210 -10.335849 3.512264 7.510633 -8.276069 -3.186727 -3.705637 -3.193839 3.026300 -7.252614 -0.000025 -0.000002 0.000000 -0.000001 -0.000000 8.207800 -6.751717 -1.599544 -10.752602 14.548996 10.332652 12.141612 2.595133 4.138074 1.273206 0.139760 -7.119436 -4.983706 0.000012 0.000003 -0.000000 0.000001 0.000000 
-1.424596 103.377586 0.121838 -148.473231 -82.838795 -152.092112 0.000000 10.181548 0.131524 3.296973 1.543014 2.729724 1.151890 0.339449 1.552798 1.126012 0.361523 1.555887 -0.000000 16.740360 -2.049019 5.626314 -0.078941 0.454683 0.000000 9.617867 1.684975 -7.563343 1.375735 -0.080567 0.000000 22.037369 7.501073 -0.000000 -0.000000 0.000000 -4.570003 11.014878 -2.160838 2.959889 12.023758 8.926847 9.664250 32.496582 63.907580 -0.000013 6.693722 0.000009 -20.179051 -0.514125 6.782784 -2.464798 -1.573995 2.681911 -1.665237 -0.174481 -4.219036 12.710984 -29.825384 -16.130836 -2.646273 -1.527814 1.527820 -15.549438 -3.559426 -12.707138 -1.994610 -1.151581 1.151583 0.000003 -0.000005 0.000001 -9.108284 -0.517885 2.259804 0.038556 1.262297 6.823711 0.214029 -1.397034 17.420117 0.046167 -0.654904 8.066290 -0.000000 0.000002 0.000005 -9.532484 0.000016 0.000000 -0.136233 -2.205094 14.998860 0.214442 -1.398348 17.436874 0.239765 -1.476510 18.446270 -0.000000 0.000001 0.000005 -9.103603 -0.043111 -1.865098 0.030598 -3.075756 20.451022 0.308449 -1.668271 20.948528 0.225819 -1.434041 17.897076 -0.000000 -0.000000 0.000002 -8.076697 -0.486740 -3.806300 0.764894 -4.877287 26.475321 0.214455 -1.398361 17.437026 0.193010 -1.328205 16.535830 0.000001 0.000001 0.000000 4.570401 11.014686 -2.160813 -0.717792 -20.249878 -16.899510 5.973805 -16.155182 -65.928538 0.000005 -1.459346 0.000005 -33.230513 -1.364887 -6.186635 2.466089 -1.576209 2.681697 -0.662910 2.160404 4.832489 11.853555 25.421641 17.058264 2.647884 -1.528753 1.528744 -13.761931 3.522390 9.039605 1.998920 -1.154078 1.154077 0.000002 -0.000001 0.000005 9.109302 -0.518009 2.259899 0.019854 -0.969579 -7.593531 0.267745 1.752596 -17.372431 0.057624 0.820631 -8.034698 -0.000000 -0.000000 0.000002 9.533395 0.000007 -0.000000 -0.076325 2.665809 -15.696833 0.268764 1.755828 -17.405520 0.300508 1.854019 -18.413336 0.000001 0.000000 0.000001 9.104487 -0.042999 -1.865101 0.136881 3.641806 -21.133505 0.386598 2.094828 -20.911884 0.283021 1.800669 -17.865005 0.000001 0.000000 0.000002 8.077793 -0.486890 -3.806300 0.927702 5.555976 -27.128017 0.269155 1.757065 -17.418212 0.241887 1.667729 -16.505888 -0.000000 -0.000000 -0.000001 -8.207801 -6.751718 -1.599544 0.596210 -10.335849 3.512264 7.510633 -8.276069 -3.186727 -3.705637 -3.193839 3.026300 -7.252614 -0.000025 -0.000002 0.000000 -0.000001 -0.000000 8.207800 -6.751717 -1.599544 -10.752602 14.548996 10.332652 12.141612 2.595133 4.138074 1.273206 0.139760 -7.119436 -4.983706 0.000012 0.000003 -0.000000 0.000001 0.000000 
-1.424596 103.377586 0.121838 -148.473231 -82.838795 -152.092112 0.000000 10.181548 0.131524 3.296973 1.543014 2.729724 1.151890 0.339449 1.552798 1.126012 0.361523 1.555887 -0.000000 16.740360 -2.049019 5.626314 -0.078941 0.454683 0.000000 9.617867 1.684975 -7.563343 1.375735 -0.080567 0.000000 22.037369 7.501073 -0.000000 -0.000000 0.000000 -4.570003 11.014878 -2.160838 2.959889 12.023758 8.926847 9.664250 32.496582 63.907580 -0.000013 6.693722 0.000009 -20.179051 -0.514125 6.782784 -2.464798 -1.573995 2.681911 -1.665237 -0.174481 -4.219036 12.710984 -29.825384 -16.130836 -2.646273 -1.527814 1.527820 -15.549438 -3.559426 -12.707138 -1.994610 -1.151581 1.151583 0.000003 -0.000005 0.000001 -9.108284 -0.517885 2.259804 0.038556 1.262297 6.823711 0.214029 -1.397034 17.420117 0.046167 -0.654904 8.066290 -0.000000 0.000002 0.000005 -9.532484 0.000016 0.000000 -0.136233 -2.205094 14.998860 0.214442 -1.398348 17.436874 0.239765 -1.476510 18.446270 -0.000000 0.000001 0.000005 -9.103603 -0.043111 -1.865098 0.030598 -3.075756 20.451022 0.308449 -1.668271 20.948528 0.225819 -1.434041 17.897076 -0.000000 -0.000000 0.000002 -8.076697 -0.486740 -3.806300 0.764894 -4.877287 26.475321 0.214455 -1.398361 17.437026 0.193010 -1.328205 16.535830 0.000001 0.000001 0.000000 4.570401 11.014686 -2.160813 -0.717792 -20.249878 -16.899510 5.973805 -16.155182 -65.928538 0.000005 -1.459346 0.000005 -33.230513 -1.364887 -6.186635 2.466089 -1.576209 2.681697 -0.662910 2.160404 4.832489 11.853555 25.421641 17.058264 2.647884 -1.528753 1.528744 -13.761931 3.522390 9.039605 1.998920 -1.154078 1.154077 0.000002 -0.000001 0.000005 9.109302 -0.518009 2.259899 0.019854 -0.969579 -7.593531 0.267745 1.752596 -17.372431 0.057624 0.820631 -8.034698 -0.000000 -0.000000 0.000002 9.533395 0.000007 -0.000000 -0.076325 2.665809 -15.696833 0.268764 1.755828 -17.405520 0.300508 1.854019 -18.413336 0.000001 0.000000 0.000001 9.104487 -0.042999 -1.865101 0.136881 3.641806 -21.133505 0.386598 2.094828 -20.911884 0.283021 1.800669 -17.865005 0.000001 0.000000 0.000002 8.077793 -0.486890 -3.806300 0.927702 5.555976 -27.128017 0.269155 1.757065 -17.418212 0.241887 1.667729 -16.505888 -0.000000 -0.000000 -0.000001 -8.207801 -6.751718 -1.599544 0.596210 -10.335849 3.512264 7.510633 -8.276069 -3.186727 -3.705637 -3.193839 3.026300 -7.252614 -0.000025 -0.000002 0.000000 -0.000001 -0.000000 8.207800 -6.751717 -1.599544 -10.752602 14.548996 10.332652 12.141612 2.595133 4.138074 1.273206 0.139760 -7.119436 -4.983706 0.000012 0.000003 -0.000000 0.000001 0.000000 
-1.424596 103.377586 0.121838 -148.473231 -82.838795 -152.092112 0.000000 10.181548 0.131524 3.296973 1.543014 2.729724 1.151890 0.339449 1.552798 1.126012 0.361523 1.555887 -0.000000 16.740360 -2.049019 5.626314 -0.078941 0.454683 0.000000 9.617867 1.684975 -7.563343 1.375735 -0.080567 0.000000 22.037369 7.501073 -0.000000 -0.000000 0.000000 -4.570003 11.014878 -2.160838 2.959889 12.023758 8.926847 9.664250 32.496582 63.907580 -0.000013 6.693722 0.000009 -20.179051 -0.514125 6.782784 -2.464798 -1.573995 2.681911 -1.665237 -0.174481 -4.219036 12.710984 -29.825384 -16.130836 -2.646273 -1.527814 1.527820 -15.549438 -3.559426 -12.707138 -1.994610 -1.151581 1.151583 0.000003 -0.000005 0.000001 -9.108284 -0.517885 2.259804 0.038556 1.262297 6.823711 0.214029 -1.397034 17.420117 0.046167 -0.654904 8.066290 -0.000000 0.000002 0.000005 -9.532484 0.000016 0.000000 -0.136233 -2.205094 14.998860 0.214442 -1.398348 17.436874 0.239765 -1.476510 18.446270 -0.000000 0.000001 0.000005 -9.103603 -0.043111 -1.865098 0.030598 -3.075756 20.451022 0.308449 -1.668271 20.948528 0.225819 -1.434041 17.897076 -0.000000 -0.000000 0.000002 -8.076697 -0.486740 -3.806300 0.764894 -4.877287 26.475321 0.214455 -1.398361 17.437026 0.193010 -1.328205 16.535830 0.000001 0.000001 0.000000 4.570401 11.014686 -2.160813 -0.717792 -20.249878 -16.899510 5.973805 -16.155182 -65.928538 0.000005 -1.459346 0.000005 -33.230513 -1.364887 -6.186635 2.466089 -1.576209 2.681697 -0.662910 2.160404 4.832489 11.853555 25.421641 17.058264 2.647884 -1.528753 1.528744 -13.761931 3.522390 9.039605 1.998920 -1.154078 1.154077 0.000002 -0.000001 0.000005 9.109302 -0.518009 2.259899 0.019854 -0.969579 -7.593531 0.267745 1.752596 -17.372431 0.057624 0.820631 -8.034698 -0.000000 -0.000000 0.000002 9.533395 0.000007 -0.000000 -0.076325 2.665809 -15.696833 0.268764 1.755828 -17.405520 0.300508 1.854019 -18.413336 0.000001 0.000000 0.000001 9.104487 -0.042999 -1.865101 0.136881 3.641806 -21.133505 0.386598 2.094828 -20.911884 0.283021 1.800669 -17.865005 0.000001 0.000000 0.000002 8.077793 -0.486890 -3.806300 0.927702 5.555976 -27.128017 0.269155 1.757065 -17.418212 0.241887 1.667729 -16.505888 -0.000000 -0.000000 -0.000001 -8.207801 -6.751718 -1.599544 0.596210 -10.335849 3.512264 7.510633 -8.276069 -3.186727 -3.705637 -3.193839 3.026300 -7.252614 -0.000025 -0.000002 0.000000 -0.000001 -0.000000 8.207800 -6.751717 -1.599544 -10.752602 14.548996 10.332652 12.141612 2.595133 4.138074 1.273206 0.139760 -7.119436 -4.983706 0.000012 0.000003 -0.000000 0.000001 0.000000 
-1.424596 103.377586 0.121838 -148.473231 -82.838795 -152.092112 0.000000 10.181548 0.131524 3.296973 1.543014 2.729724 1.151890 0.339449 1.552798 1.126012 0.361523 1.555887 -0.000000 16.740360 -2.049019 5.626314 -0.078941 0.454683 0.000000 9.617867 1.684975 -7.563343 1.375735 -0.080567 0.000000 22.037369 7.501073 -0.000000 -0.000000 0.000000 -4.570003 11.014878 -2.160838 2.959889 12.023758 8.926847 9.664250 32.496582 63.907580 -0.000013 6.693722 0.000009 -20.179051 -0.514125 6.782784 -2.464798 -1.573995 2.681911 -1.665237 -0.174481 -4.219036 12.710984 -29.825384 -16.130836 -2.646273 -1.527814 1.527820 -15.549438 -3.559426 -12.707138 -1.994610 -1.151581 1.151583 0.000003 -0.000005 0.000001 -9.108284 -0.517885 2.259804 0.038556 1.262297 6.823711 0.214029 -1.397034 17.420117 0.046167 -0.654904 8.066290 -0.000000 0.000002 0.000005 -9.532484 0.000016 0.000000 -0.136233 -2.205094 14.998860 0.214442 -1.398348 17.436874 0.239765 -1.476510 18.446270 -0.000000 0.000001 0.000005 -9.103603 -0.043111 -1.865098 0.030598 -3.075756 20.451022 0.308449 -1.668271 20.948528 0.225819 -1.434041 17.897076 -0.000000 -0.000000 0.000002 -8.076697 -0.486740 -3.806300 0.764894 -4.877287 26.475321 0.214455 -1.398361 17.437026 0.193010 -1.328205 16.535830 0.000001 0.000001 0.000000 4.570401 11.014686 -2.160813 -0.717792 -20.249878 -16.899510 5.973805 -16.155182 -65.928538 0.000005 -1.459346 0.000005 -33.230513 -1.364887 -6.186635 2.466089 -1.576209 2.681697 -0.662910 2.160404 4.832489 11.853555 25.421641 17.058264 2.647884 -1.528753 1.528744 -13.761931 3.522390 9.039605 1.998920 -1.154078 1.154077 0.000002 -0.000001 0.000005 9.109302 -0.518009 2.259899 0.019854 -0.969579 -7.593531 0.267745 1.752596 -17.372431 0.057624 0.820631 -8.034698 -0.000000 -0.000000 0.000002 9.533395 0.000007 -0.000000 -0.076325 2.665809 -15.696833 0.268764 1.755828 -17.405520 0.300508 1.854019 -18.413336 0.000001 0.000000 0.000001 9.104487 -0.042999 -1.865101 0.136881 3.641806 -21.133505 0.386598 2.094828 -20.911884 0.283021 1.800669 -17.865005 0.000001 0.000000 0.000002 8.077793 -0.486890 -3.806300 0.927702 5.555976 -27.128017 0.269155 1.757065 -17.418212 0.241887 1.667729 -16.505888 -0.000000 -0.000000 -0.000001 -8.207801 -6.751718 -1.599544 0.596210 -10.335849 3.512264 7.510633 -8.276069 -3.186727 -3.705637 -3.193839 3.026300 -7.252614 -0.000025 -0.000002 0.000000 -0.000001 -0.000000 8.207800 -6.751717 -1.599544 -10.752602 14.548996 10.332652 12.141612 2.595133 4.138074 1.273206 0.139760 -7.119436 -4.983706 0.000012 0.000003 -0.000000 0.000001 0.000000 
-1.424596 103.377586 0.121838 -148.473231 -82.838795 -152.092112 0.000000 10.181548 0.131524 3.296973 1.543014 2.729724 1.151890 0.339449 1.552798 1.126012 0.361523 1.555887 -0.000000 16.740360 -2.049019 5.626314 -0.078941 0.454683 0.000000 9.617867 1.684975 -7.563343 1.375735 -0.080567 0.000000 22.037369 7.501073 -0.000000 -0.000000 0.000000 -4.570003 11.014878 -2.160838 2.959889 12.023758 8.926847 9.664250 32.496582 63.907580 -0.000013 6.693722 0.000009 -20.179051 -0.514125 6.782784 -2.464798 -1.573995 2.681911 -1.665237 -0.174481 -4.219036 12.710984 -29.825384 -16.130836 -2.646273 -1.527814 1.527820 -15.549438 -3.559426 -12.707138 -1.994610 -1.151581 1.151583 0.000003 -0.000005 0.000001 -9.108284 -0.517885 2.259804 0.038556 1.262297 6.823711 0.214029 -1.397034 17.420117 0.046167 -0.654904 8.066290 -0.000000 0.000002 0.000005 -9.532484 0.000016 0.000000 -0.136233 -2.205094 14.998860 0.214442 -1.398348 17.436874 0.239765 -1.476510 18.446270 -0.000000 0.000001 0.000005 -9.103603 -0.043111 -1.865098 0.030598 -3.075756 20.451022 0.308449 -1.668271 20.948528 0.225819 -1.434041 17.897076 -0.000000 -0.000000 0.000002 -8.076697 -0.486740 -3.806300 0.764894 -4.877287 26.475321 0.214455 -1.398361 17.437026 0.193010 -1.328205 16.535830 0.000001 0.000001 0.000000 4.570401 11.014686 -2.160813 -0.717792 -20.249878 -16.899510 5.973805 -16.155182 -65.928538 0.000005 -1.459346 0.000005 -33.230513 -1.364887 -6.186635 2.466089 -1.576209 2.681697 -0.662910 2.160404 4.832489 11.853555 25.421641 17.058264 2.647884 -1.528753 1.528744 -13.761931 3.522390 9.039605 1.998920 -1.154078 1.154077 0.000002 -0.000001 0.000005 9.109302 -0.518009 2.259899 0.019854 -0.969579 -7.593531 0.267745 1.752596 -17.372431 0.057624 0.820631 -8.034698 -0.000000 -0.000000 0.000002 9.533395 0.000007 -0.000000 -0.076325 2.665809 -15.696833 0.268764 1.755828 -17.405520 0.300508 1.854019 -18.413336 0.000001 0.000000 0.000001 9.104487 -0.042999 -1.865101 0.136881 3.641806 -21.133505 0.386598 2.094828 -20.911884 0.283021 1.800669 -17.865005 0.000001 0.000000 0.000002 8.077793 -0.486890 -3.806300 0.927702 5.555976 -27.128017 0.269155 1.757065 -17.418212 0.241887 1.667729 -16.505888 -0.000000 -0.000000 -0.000001 -8.207801 -6.751718 -1.599544 0.596210 -10.335849 3.512264 7.510633 -8.276069 -3.186727 -3.705637 -3.193839 3.026300 -7.252614 -0.000025 -0.000002 0.000000 -0.000001 -0.000000 8.207800 -6.751717 -1.599544 -10.752602 14.548996 10.332652 12.141612 2.595133 4.138074 1.273206 0.139760 -7.119436 -4.983706 0.000012 0.000003 -0.000000 0.000001 0.000000 
-1.424596 103.377586 0.121838 -148.473231 -82.838795 -152.092112 0.000000 10.181548 0.131524 3.296973 1.543014 2.729724 1.151890 0.339449 1.552798 1.126012 0.361523 1.555887 -0.000000 16.740360 -2.049019 5.626314 -0.078941 0.454683 0.000000 9.617867 1.684975 -7.563343 1.375735 -0.080567 0.000000 22.037369 7.501073 -0.000000 -0.000000 0.000000 -4.570003 11.014878 -2.160838 2.959889 12.023758 8.926847 9.664250 32.496582 63.907580 -0.000013 6.693722 0.000009 -20.179051 -0.514125 6.782784 -2.464798 -1.573995 2.681911 -1.665237 -0.174481 -4.219036 12.710984 -29.825384 -16.130836 -2.646273 -1.527814 1.527820 -15.549438 -3.559426 -12.707138 -1.994610 -1.151581 1.151583 0.000003 -0.000005 0.000001 -9.108284 -0.517885 2.259804 0.038556 1.262297 6.823711 0.214029 -1.397034 17.420117 0.046167 -0.654904 8.066290 -0.000000 0.000002 0.000005 -9.532484 0.000016 0.000000 -0.136233 -2.205094 14.998860 0.214442 -1.398348 17.436874 0.239765 -1.476510 18.446270 -0.000000 0.000001 0.000005 -9.103603 -0.043111 -1.865098 0.030598 -3.075756 20.451022 0.308449 -1.668271 20.948528 0.225819 -1.434041 17.897076 -0.000000 -0.000000 0.000002 -8.076697 -0.486740 -3.806300 0.764894 -4.877287 26.475321 0.214455 -1.398361 17.437026 0.193010 -1.328205 16.535830 0.000001 0.000001 0.000000 4.570401 11.014686 -2.160813 -0.717792 -20.249878 -16.899510 5.973805 -16.155182 -65.928538 0.000005 -1.459346 0.000005 -33.230513 -1.364887 -6.186635 2.466089 -1.576209 2.681697 -0.662910 2.160404 4.832489 11.853555 25.421641 17.058264 2.647884 -1.528753 1.528744 -13.761931 3.522390 9.039605 1.998920 -1.154078 1.154077 0.000002 -0.000001 0.000005 9.109302 -0.518009 2.259899 0.019854 -0.969579 -7.593531 0.267745 1.752596 -17.372431 0.057624 0.820631 -8.034698 -0.000000 -0.000000 0.000002 9.533395 0.000007 -0.000000 -0.076325 2.665809 -15.696833 0.268764 1.755828 -17.405520 0.300508 1.854019 -18.413336 0.000001 0.000000 0.000001 9.104487 -0.042999 -1.865101 0.136881 3.641806 -21.133505 0.386598 2.094828 -20.911884 0.283021 1.800669 -17.865005 0.000001 0.000000 0.000002 8.077793 -0.486890 -3.806300 0.927702 5.555976 -27.128017 0.269155 1.757065 -17.418212 0.241887 1.667729 -16.505888 -0.000000 -0.000000 -0.000001 -8.207801 -6.751718 -1.599544 0.596210 -10.335849 3.512264 7.510633 -8.276069 -3.186727 -3.705637 -3.193839 3.026300 -7.252614 -0.000025 -0.000002 0.000000 -0.000001 -0.000000 8.207800 -6.751717 -1.599544 -10.752602 14.548996 10.332652 12.141612 2.595133 4.138074 1.273206 0.139760 -7.119436 -4.983706 0.000012 0.000003 -0.000000 0.000001 0.000000 
-1.424596 103.377586 0.121838 -148.473231 -82.838795 -152.092112 0.000000 10.181548 0.131524 3.296973 1.543014 2.729724 1.151890 0.339449 1.552798 1.126012 0.361523 1.555887 -0.000000 16.740360 -2.049019 5.626314 -0.078941 0.454683 0.000000 9.617867 1.684975 -7.563343 1.375735 -0.080567 0.000000 22.037369 7.501073 -0.000000 -0.000000 0.000000 -4.570003 11.014878 -2.160838 2.959889 12.023758 8.926847 9.664250 32.496582 63.907580 -0.000013 6.693722 0.000009 -20.179051 -0.514125 6.782784 -2.464798 -1.573995 2.681911 -1.665237 -0.174481 -4.219036 12.710984 -29.825384 -16.130836 -2.646273 -1.527814 1.527820 -15.549438 -3.559426 -12.707138 -1.994610 -1.151581 1.151583 0.000003 -0.000005 0.000001 -9.108284 -0.517885 2.259804 0.038556 1.262297 6.823711 0.214029 -1.397034 17.420117 0.046167 -0.654904 8.066290 -0.000000 0.000002 0.000005 -9.532484 0.000016 0.000000 -0.136233 -2.205094 14.998860 0.214442 -1.398348 17.436874 0.239765 -1.476510 18.446270 -0.000000 0.000001 0.000005 -9.103603 -0.043111 -1.865098 0.030598 -3.075756 20.451022 0.308449 -1.668271 20.948528 0.225819 -1.434041 17.897076 -0.000000 -0.000000 0.000002 -8.076697 -0.486740 -3.806300 0.764894 -4.877287 26.475321 0.214455 -1.398361 17.437026 0.193010 -1.328205 16.535830 0.000001 0.000001 0.000000 4.570401 11.014686 -2.160813 -0.717792 -20.249878 -16.899510 5.973805 -16.155182 -65.928538 0.000005 -1.459346 0.000005 -33.230513 -1.364887 -6.186635 2.466089 -1.576209 2.681697 -0.662910 2.160404 4.832489 11.853555 25.421641 17.058264 2.647884 -1.528753 1.528744 -13.761931 3.522390 9.039605 1.998920 -1.154078 1.154077 0.000002 -0.000001 0.000005 9.109302 -0.518009 2.259899 0.019854 -0.969579 -7.593531 0.267745 1.752596 -17.372431 0.057624 0.820631 -8.034698 -0.000000 -0.000000 0.000002 9.533395 0.000007 -0.000000 -0.076325 2.665809 -15.696833 0.268764 1.755828 -17.405520 0.300508 1.854019 -18.413336 0.000001 0.000000 0.000001 9.104487 -0.042999 -1.865101 0.136881 3.641806 -21.133505 0.386598 2.094828 -20.911884 0.283021 1.800669 -17.865005 0.000001 0.000000 0.000002 8.077793 -0.486890 -3.806300 0.927702 5.555976 -27.128017 0.269155 1.757065 -17.418212 0.241887 1.667729 -16.505888 -0.000000 -0.000000 -0.000001 -8.207801 -6.751718 -1.599544 0.596210 -10.335849 3.512264 7.510633 -8.276069 -3.186727 -3.705637 -3.193839 3.026300 -7.252614 -0.000025 -0.000002 0.000000 -0.000001 -0.000000 8.207800 -6.751717 -1.599544 -10.752602 14.548996 10.332652 12.141612 2.595133 4.138074 1.273206 0.139760 -7.119436 -4.983706 0.000012 0.000003 -0.000000 0.000001 0.000000 
-1.424596 103.377586 0.121838 -148.473231 -82.838795 -152.092112 0.000000 10.181548 0.131524 3.296973 1.543014 2.729724 1.151890 0.339449 1.552798 1.126012 0.361523 1.555887 -0.000000 16.740360 -2.049019 5.626314 -0.078941 0.454683 0.000000 9.617867 1.684975 -7.563343 1.375735 -0.080567 0.000000 22.037369 7.501073 -0.000000 -0.000000 0.000000 -4.570003 11.014878 -2.160838 2.959889 12.023758 8.926847 9.664250 32.496582 63.907580 -0.000013 6.693722 0.000009 -20.179051 -0.514125 6.782784 -2.464798 -1.573995 2.681911 -1.665237 -0.174481 -4.219036 12.710984 -29.825384 -16.130836 -2.646273 -1.527814 1.527820 -15.549438 -3.559426 -12.707138 -1.994610 -1.151581 1.151583 0.000003 -0.000005 0.000001 -9.108284 -0.517885 2.259804 0.038556 1.262297 6.823711 0.214029 -1.397034 17.420117 0.046167 -0.654904 8.066290 -0.000000 0.000002 0.000005 -9.532484 0.000016 0.000000 -0.136233 -2.205094 14.998860 0.214442 -1.398348 17.436874 0.239765 -1.476510 18.446270 -0.000000 0.000001 0.000005 -9.103603 -0.043111 -1.865098 0.030598 -3.075756 20.451022 0.308449 -1.668271 20.948528 0.225819 -1.434041 17.897076 -0.000000 -0.000000 0.000002 -8.076697 -0.486740 -3.806300 0.764894 -4.877287 26.475321 0.214455 -1.398361 17.437026 0.193010 -1.328205 16.535830 0.000001 0.000001 0.000000 4.570401 11.014686 -2.160813 -0.717792 -20.249878 -16.899510 5.973805 -16.155182 -65.928538 0.000005 -1.459346 0.000005 -33.230513 -1.364887 -6.186635 2.466089 -1.576209 2.681697 -0.662910 2.160404 4.832489 11.853555 25.421641 17.058264 2.647884 -1.528753 1.528744 -13.761931 3.522390 9.039605 1.998920 -1.154078 1.154077 0.000002 -0.000001 0.000005 9.109302 -0.518009 2.259899 0.019854 -0.969579 -7.593531 0.267745 1.752596 -17.372431 0.057624 0.820631 -8.034698 -0.000000 -0.000000 0.000002 9.533395 0.000007 -0.000000 -0.076325 2.665809 -15.696833 0.268764 1.755828 -17.405520 0.300508 1.854019 -18.413336 0.000001 0.000000 0.000001 9.104487 -0.042999 -1.865101 0.136881 3.641806 -21.133505 0.386598 2.094828 -20.911884 0.283021 1.800669 -17.865005 0.000001 0.000000 0.000002 8.077793 -0.486890 -3.806300 0.927702 5.555976 -27.128017 0.269155 1.757065 -17.418212 0.241887 1.667729 -16.505888 -0.000000 -0.000000 -0.000001 -8.207801 -6.751718 -1.599544 0.596210 -10.335849 3.512264 7.510633 -8.276069 -3.186727 -3.705637 -3.193839 3.026300 -7.252614 -0.000025 -0.000002 0.000000 -0.000001 -0.000000 8.207800 -6.751717 -1.599544 -10.752602 14.548996 10.332652 12.141612 2.595133 4.138074 1.273206 0.139760 -7.119436 -4.983706 0.000012 0.000003 -0.000000 0.000001 0.000000 
-1.424596 103.377586 0.121838 -148.473231 -82.838795 -152.092112 0.000000 10.181548 0.131524 3.296973 1.543014 2.729724 1.151890 0.339449 1.552798 1.126012 0.361523 1.555887 -0.000000 16.740360 -2.049019 5.626314 -0.078941 0.454683 0.000000 9.617867 1.684975 -7.563343 1.375735 -0.080567 0.000000 22.037369 7.501073 -0.000000 -0.000000 0.000000 -4.570003 11.014878 -2.160838 2.959889 12.023758 8.926847 9.664250 32.496582 63.907580 -0.000013 6.693722 0.000009 -20.179051 -0.514125 6.782784 -2.464798 -1.573995 2.681911 -1.665237 -0.174481 -4.219036 12.710984 -29.825384 -16.130836 -2.646273 -1.527814 1.527820 -15.549438 -3.559426 -12.707138 -1.994610 -1.151581 1.151583 0.000003 -0.000005 0.000001 -9.108284 -0.517885 2.259804 0.038556 1.262297 6.823711 0.214029 -1.397034 17.420117 0.046167 -0.654904 8.066290 -0.000000 0.000002 0.000005 -9.532484 0.000016 0.000000 -0.136233 -2.205094 14.998860 0.214442 -1.398348 17.436874 0.239765 -1.476510 18.446270 -0.000000 0.000001 0.000005 -9.103603 -0.043111 -1.865098 0.030598 -3.075756 20.451022 0.308449 -1.668271 20.948528 0.225819 -1.434041 17.897076 -0.000000 -0.000000 0.000002 -8.076697 -0.486740 -3.806300 0.764894 -4.877287 26.475321 0.214455 -1.398361 17.437026 0.193010 -1.328205 16.535830 0.000001 0.000001 0.000000 4.570401 11.014686 -2.160813 -0.717792 -20.249878 -16.899510 5.973805 -16.155182 -65.928538 0.000005 -1.459346 0.000005 -33.230513 -1.364887 -6.186635 2.466089 -1.576209 2.681697 -0.662910 2.160404 4.832489 11.853555 25.421641 17.058264 2.647884 -1.528753 1.528744 -13.761931 3.522390 9.039605 1.998920 -1.154078 1.154077 0.000002 -0.000001 0.000005 9.109302 -0.518009 2.259899 0.019854 -0.969579 -7.593531 0.267745 1.752596 -17.372431 0.057624 0.820631 -8.034698 -0.000000 -0.000000 0.000002 9.533395 0.000007 -0.000000 -0.076325 2.665809 -15.696833 0.268764 1.755828 -17.405520 0.300508 1.854019 -18.413336 0.000001 0.000000 0.000001 9.104487 -0.042999 -1.865101 0.136881 3.641806 -21.133505 0.386598 2.094828 -20.911884 0.283021 1.800669 -17.865005 0.000001 0.000000 0.000002 8.077793 -0.486890 -3.806300 0.927702 5.555976 -27.128017 0.269155 1.757065 -17.418212 0.241887 1.667729 -16.505888 -0.000000 -0.000000 -0.000001 -8.207801 -6.751718 -1.599544 0.596210 -10.335849 3.512264 7.510633 -8.276069 -3.186727 -3.705637 -3.193839 3.026300 -7.252614 -0.000025 -0.000002 0.000000 -0.000001 -0.000000 8.207800 -6.751717 -1.599544 -10.752602 14.548996 10.332652 12.141612 2.595133 4.138074 1.273206 0.139760 -7.119436 -4.983706 0.000012 0.000003 -0.000000 0.000001 0.000000 
-1.424596 103.377586 0.121838 -148.473231 -82.838795 -152.092112 0.000000 10.181548 0.131524 3.296973 1.543014 2.729724 1.151890 0.339449 1.552798 1.126012 0.361523 1.555887 -0.000000 16.740360 -2.049019 5.626314 -0.078941 0.454683 0.000000 9.617867 1.684975 -7.563343 1.375735 -0.080567 0.000000 22.037369 7.501073 -0.000000 -0.000000 0.000000 -4.570003 11.014878 -2.160838 2.959889 12.023758 8.926847 9.664250 32.496582 63.907580 -0.000013 6.693722 0.000009 -20.179051 -0.514125 6.782784 -2.464798 -1.573995 2.681911 -1.665237 -0.174481 -4.219036 12.710984 -29.825384 -16.130836 -2.646273 -1.527814 1.527820 -15.549438 -3.559426 -12.707138 -1.994610 -1.151581 1.151583 0.000003 -0.000005 0.000001 -9.108284 -0.517885 2.259804 0.038556 1.262297 6.823711 0.214029 -1.397034 17.420117 0.046167 -0.654904 8.066290 -0.000000 0.000002 0.000005 -9.532484 0.000016 0.000000 -0.136233 -2.205094 14.998860 0.214442 -1.398348 17.436874 0.239765 -1.476510 18.446270 -0.000000 0.000001 0.000005 -9.103603 -0.043111 -1.865098 0.030598 -3.075756 20.451022 0.308449 -1.668271 20.948528 0.225819 -1.434041 17.897076 -0.000000 -0.000000 0.000002 -8.076697 -0.486740 -3.806300 0.764894 -4.877287 26.475321 0.214455 -1.398361 17.437026 0.193010 -1.328205 16.535830 0.000001 0.000001 0.000000 4.570401 11.014686 -2.160813 -0.717792 -20.249878 -16.899510 5.973805 -16.155182 -65.928538 0.000005 -1.459346 0.000005 -33.230513 -1.364887 -6.186635 2.466089 -1.576209 2.681697 -0.662910 2.160404 4.832489 11.853555 25.421641 17.058264 2.647884 -1.528753 1.528744 -13.761931 3.522390 9.039605 1.998920 -1.154078 1.154077 0.000002 -0.000001 0.000005 9.109302 -0.518009 2.259899 0.019854 -0.969579 -7.593531 0.267745 1.752596 -17.372431 0.057624 0.820631 -8.034698 -0.000000 -0.000000 0.000002 9.533395 0.000007 -0.000000 -0.076325 2.665809 -15.696833 0.268764 1.755828 -17.405520 0.300508 1.854019 -18.413336 0.000001 0.000000 0.000001 9.104487 -0.042999 -1.865101 0.136881 3.641806 -21.133505 0.386598 2.094828 -20.911884 0.283021 1.800669 -17.865005 0.000001 0.000000 0.000002 8.077793 -0.486890 -3.806300 0.927702 5.555976 -27.128017 0.269155 1.757065 -17.418212 0.241887 1.667729 -16.505888 -0.000000 -0.000000 -0.000001 -8.207801 -6.751718 -1.599544 0.596210 -10.335849 3.512264 7.510633 -8.276069 -3.186727 -3.705637 -3.193839 3.026300 -7.252614 -0.000025 -0.000002 0.000000 -0.000001 -0.000000 8.207800 -6.751717 -1.599544 -10.752602 14.548996 10.332652 12.141612 2.595133 4.138074 1.273206 0.139760 -7.119436 -4.983706 0.000012 0.000003 -0.000000 0.000001 0.000000 
-1.424596 103.377586 0.121838 -148.473231 -82.838795 -152.092112 0.000000 10.181548 0.131524 3.296973 1.543014 2.729724 1.151890 0.339449 1.552798 1.126012 0.361523 1.555887 -0.000000 16.740360 -2.049019 5.626314 -0.078941 0.454683 0.000000 9.617867 1.684975 -7.563343 1.375735 -0.080567 0.000000 22.037369 7.501073 -0.000000 -0.000000 0.000000 -4.570003 11.014878 -2.160838 2.959889 12.023758 8.926847 9.664250 32.496582 63.907580 -0.000013 6.693722 0.000009 -20.179051 -0.514125 6.782784 -2.464798 -1.573995 2.681911 -1.665237 -0.174481 -4.219036 12.710984 -29.825384 -16.130836 -2.646273 -1.527814 1.527820 -15.549438 -3.559426 -12.707138 -1.994610 -1.151581 1.151583 0.000003 -0.000005 0.000001 -9.108284 -0.517885 2.259804 0.038556 1.262297 6.823711 0.214029 -1.397034 17.420117 0.046167 -0.654904 8.066290 -0.000000 0.000002 0.000005 -9.532484 0.000016 0.000000 -0.136233 -2.205094 14.998860 0.214442 -1.398348 17.436874 0.239765 -1.476510 18.446270 -0.000000 0.000001 0.000005 -9.103603 -0.043111 -1.865098 0.030598 -3.075756 20.451022 0.308449 -1.668271 20.948528 0.225819 -1.434041 17.897076 -0.000000 -0.000000 0.000002 -8.076697 -0.486740 -3.806300 0.764894 -4.877287 26.475321 0.214455 -1.398361 17.437026 0.193010 -1.328205 16.535830 0.000001 0.000001 0.000000 4.570401 11.014686 -2.160813 -0.717792 -20.249878 -16.899510 5.973805 -16.155182 -65.928538 0.000005 -1.459346 0.000005 -33.230513 -1.364887 -6.186635 2.466089 -1.576209 2.681697 -0.662910 2.160404 4.832489 11.853555 25.421641 17.058264 2.647884 -1.528753 1.528744 -13.761931 3.522390 9.039605 1.998920 -1.154078 1.154077 0.000002 -0.000001 0.000005 9.109302 -0.518009 2.259899 0.019854 -0.969579 -7.593531 0.267745 1.752596 -17.372431 0.057624 0.820631 -8.034698 -0.000000 -0.000000 0.000002 9.533395 0.000007 -0.000000 -0.076325 2.665809 -15.696833 0.268764 1.755828 -17.405520 0.300508 1.854019 -18.413336 0.000001 0.000000 0.000001 9.104487 -0.042999 -1.865101 0.136881 3.641806 -21.133505 0.386598 2.094828 -20.911884 0.283021 1.800669 -17.865005 0.000001 0.000000 0.000002 8.077793 -0.486890 -3.806300 0.927702 5.555976 -27.128017 0.269155 1.757065 -17.418212 0.241887 1.667729 -16.505888 -0.000000 -0.000000 -0.000001 -8.207801 -6.751718 -1.599544 0.596210 -10.335849 3.512264 7.510633 -8.276069 -3.186727 -3.705637 -3.193839 3.026300 -7.252614 -0.000025 -0.000002 0.000000 -0.000001 -0.000000 8.207800 -6.751717 -1.599544 -10.752602 14.548996 10.332652 12.141612 2.595133 4.138074 1.273206 0.139760 -7.119436 -4.983706 0.000012 0.000003 -0.000000 0.000001 0.000000 
-1.424596 103.377586 0.121838 -148.473231 -82.838795 -152.092112 0.000000 10.181548 0.131524 3.296973 1.543014 2.729724 1.151890 0.339449 1.552798 1.126012 0.361523 1.555887 -0.000000 16.740360 -2.049019 5.626314 -0.078941 0.454683 0.000000 9.617867 1.684975 -7.563343 1.375735 -0.080567 0.000000 22.037369 7.501073 -0.000000 -0.000000 0.000000 -4.570003 11.014878 -2.160838 2.959889 12.023758 8.926847 9.664250 32.496582 63.907580 -0.000013 6.693722 0.000009 -20.179051 -0.514125 6.782784 -2.464798 -1.573995 2.681911 -1.665237 -0.174481 -4.219036 12.710984 -29.825384 -16.130836 -2.646273 -1.527814 1.527820 -15.549438 -3.559426 -12.707138 -1.994610 -1.151581 1.151583 0.000003 -0.000005 0.000001 -9.108284 -0.517885 2.259804 0.038556 1.262297 6.823711 0.214029 -1.397034 17.420117 0.046167 -0.654904 8.066290 -0.000000 0.000002 0.000005 -9.532484 0.000016 0.000000 -0.136233 -2.205094 14.998860 0.214442 -1.398348 17.436874 0.239765 -1.476510 18.446270 -0.000000 0.000001 0.000005 -9.103603 -0.043111 -1.865098 0.030598 -3.075756 20.451022 0.308449 -1.668271 20.948528 0.225819 -1.434041 17.897076 -0.000000 -0.000000 0.000002 -8.076697 -0.486740 -3.806300 0.764894 -4.877287 26.475321 0.214455 -1.398361 17.437026 0.193010 -1.328205 16.535830 0.000001 0.000001 0.000000 4.570401 11.014686 -2.160813 -0.717792 -20.249878 -16.899510 5.973805 -16.155182 -65.928538 0.000005 -1.459346 0.000005 -33.230513 -1.364887 -6.186635 2.466089 -1.576209 2.681697 -0.662910 2.160404 4.832489 11.853555 25.421641 17.058264 2.647884 -1.528753 1.528744 -13.761931 3.522390 9.039605 1.998920 -1.154078 1.154077 0.000002 -0.000001 0.000005 9.109302 -0.518009 2.259899 0.019854 -0.969579 -7.593531 0.267745 1.752596 -17.372431 0.057624 0.820631 -8.034698 -0.000000 -0.000000 0.000002 9.533395 0.000007 -0.000000 -0.076325 2.665809 -15.696833 0.268764 1.755828 -17.405520 0.300508 1.854019 -18.413336 0.000001 0.000000 0.000001 9.104487 -0.042999 -1.865101 0.136881 3.641806 -21.133505 0.386598 2.094828 -20.911884 0.283021 1.800669 -17.865005 0.000001 0.000000 0.000002 8.077793 -0.486890 -3.806300 0.927702 5.555976 -27.128017 0.269155 1.757065 -17.418212 0.241887 1.667729 -16.505888 -0.000000 -0.000000 -0.000001 -8.207801 -6.751718 -1.599544 0.596210 -10.335849 3.512264 7.510633 -8.276069 -3.186727 -3.705637 -3.193839 3.026300 -7.252614 -0.000025 -0.000002 0.000000 -0.000001 -0.000000 8.207800 -6.751717 -1.599544 -10.752602 14.548996 10.332652 12.141612 2.595133 4.138074 1.273206 0.139760 -7.119436 -4.983706 0.000012 0.000003 -0.000000 0.000001 0.000000 
-1.424596 103.377586 0.121838 -148.473231 -82.838795 -152.092112 0.000000 10.181548 0.131524 3.296973 1.543014 2.729724 1.151890 0.339449 1.552798 1.126012 0.361523 1.555887 -0.000000 16.740360 -2.049019 5.626314 -0.078941 0.454683 0.000000 9.617867 1.684975 -7.563343 1.375735 -0.080567 0.000000 22.037369 7.501073 -0.000000 -0.000000 0.000000 -4.570003 11.014878 -2.160838 2.959889 12.023758 8.926847 9.664250 32.496582 63.907580 -0.000013 6.693722 0.000009 -20.179051 -0.514125 6.782784 -2.464798 -1.573995 2.681911 -1.665237 -0.174481 -4.219036 12.710984 -29.825384 -16.130836 -2.646273 -1.527814 1.527820 -15.549438 -3.559426 -12.707138 -1.994610 -1.151581 1.151583 0.000003 -0.000005 0.000001 -9.108284 -0.517885 2.259804 0.038556 1.262297 6.823711 0.214029 -1.397034 17.420117 0.046167 -0.654904 8.066290 -0.000000 0.000002 0.000005 -9.532484 0.000016 0.000000 -0.136233 -2.205094 14.998860 0.214442 -1.398348 17.436874 0.239765 -1.476510 18.446270 -0.000000 0.000001 0.000005 -9.103603 -0.043111 -1.865098 0.030598 -3.075756 20.451022 0.308449 -1.668271 20.948528 0.225819 -1.434041 17.897076 -0.000000 -0.000000 0.000002 -8.076697 -0.486740 -3.806300 0.764894 -4.877287 26.475321 0.214455 -1.398361 17.437026 0.193010 -1.328205 16.535830 0.000001 0.000001 0.000000 4.570401 11.014686 -2.160813 -0.717792 -20.249878 -16.899510 5.973805 -16.155182 -65.928538 0.000005 -1.459346 0.000005 -33.230513 -1.364887 -6.186635 2.466089 -1.576209 2.681697 -0.662910 2.160404 4.832489 11.853555 25.421641 17.058264 2.647884 -1.528753 1.528744 -13.761931 3.522390 9.039605 1.998920 -1.154078 1.154077 0.000002 -0.000001 0.000005 9.109302 -0.518009 2.259899 0.019854 -0.969579 -7.593531 0.267745 1.752596 -17.372431 0.057624 0.820631 -8.034698 -0.000000 -0.000000 0.000002 9.533395 0.000007 -0.000000 -0.076325 2.665809 -15.696833 0.268764 1.755828 -17.405520 0.300508 1.854019 -18.413336 0.000001 0.000000 0.000001 9.104487 -0.042999 -1.865101 0.136881 3.641806 -21.133505 0.386598 2.094828 -20.911884 0.283021 1.800669 -17.865005 0.000001 0.000000 0.000002 8.077793 -0.486890 -3.806300 0.927702 5.555976 -27.128017 0.269155 1.757065 -17.418212 0.241887 1.667729 -16.505888 -0.000000 -0.000000 -0.000001 -8.207801 -6.751718 -1.599544 0.596210 -10.335849 3.512264 7.510633 -8.276069 -3.186727 -3.705637 -3.193839 3.026300 -7.252614 -0.000025 -0.000002 0.000000 -0.000001 -0.000000 8.207800 -6.751717 -1.599544 -10.752602 14.548996 10.332652 12.141612 2.595133 4.138074 1.273206 0.139760 -7.119436 -4.983706 0.000012 0.000003 -0.000000 0.000001 0.000000 
-1.424596 103.377586 0.121838 -148.473231 -82.838795 -152.092112 0.000000 10.181548 0.131524 3.296973 1.543014 2.729724 1.151890 0.339449 1.552798 1.126012 0.361523 1.555887 -0.000000 16.740360 -2.049019 5.626314 -0.078941 0.454683 0.000000 9.617867 1.684975 -7.563343 1.375735 -0.080567 0.000000 22.037369 7.501073 -0.000000 -0.000000 0.000000 -4.570003 11.014878 -2.160838 2.959889 12.023758 8.926847 9.664250 32.496582 63.907580 -0.000013 6.693722 0.000009 -20.179051 -0.514125 6.782784 -2.464798 -1.573995 2.681911 -1.665237 -0.174481 -4.219036 12.710984 -29.825384 -16.130836 -2.646273 -1.527814 1.527820 -15.549438 -3.559426 -12.707138 -1.994610 -1.151581 1.151583 0.000003 -0.000005 0.000001 -9.108284 -0.517885 2.259804 0.038556 1.262297 6.823711 0.214029 -1.397034 17.420117 0.046167 -0.654904 8.066290 -0.000000 0.000002 0.000005 -9.532484 0.000016 0.000000 -0.136233 -2.205094 14.998860 0.214442 -1.398348 17.436874 0.239765 -1.476510 18.446270 -0.000000 0.000001 0.000005 -9.103603 -0.043111 -1.865098 0.030598 -3.075756 20.451022 0.308449 -1.668271 20.948528 0.225819 -1.434041 17.897076 -0.000000 -0.000000 0.000002 -8.076697 -0.486740 -3.806300 0.764894 -4.877287 26.475321 0.214455 -1.398361 17.437026 0.193010 -1.328205 16.535830 0.000001 0.000001 0.000000 4.570401 11.014686 -2.160813 -0.717792 -20.249878 -16.899510 5.973805 -16.155182 -65.928538 0.000005 -1.459346 0.000005 -33.230513 -1.364887 -6.186635 2.466089 -1.576209 2.681697 -0.662910 2.160404 4.832489 11.853555 25.421641 17.058264 2.647884 -1.528753 1.528744 -13.761931 3.522390 9.039605 1.998920 -1.154078 1.154077 0.000002 -0.000001 0.000005 9.109302 -0.518009 2.259899 0.019854 -0.969579 -7.593531 0.267745 1.752596 -17.372431 0.057624 0.820631 -8.034698 -0.000000 -0.000000 0.000002 9.533395 0.000007 -0.000000 -0.076325 2.665809 -15.696833 0.268764 1.755828 -17.405520 0.300508 1.854019 -18.413336 0.000001 0.000000 0.000001 9.104487 -0.042999 -1.865101 0.136881 3.641806 -21.133505 0.386598 2.094828 -20.911884 0.283021 1.800669 -17.865005 0.000001 0.000000 0.000002 8.077793 -0.486890 -3.806300 0.927702 5.555976 -27.128017 0.269155 1.757065 -17.418212 0.241887 1.667729 -16.505888 -0.000000 -0.000000 -0.000001 -8.207801 -6.751718 -1.599544 0.596210 -10.335849 3.512264 7.510633 -8.276069 -3.186727 -3.705637 -3.193839 3.026300 -7.252614 -0.000025 -0.000002 0.000000 -0.000001 -0.000000 8.207800 -6.751717 -1.599544 -10.752602 14.548996 10.332652 12.141612 2.595133 4.138074 1.273206 0.139760 -7.119436 -4.983706 0.000012 0.000003 -0.000000 0.000001 0.000000 
-1.424596 103.377586 0.121838 -148.473231 -82.838795 -152.092112 0.000000 10.181548 0.131524 3.296973 1.543014 2.729724 1.151890 0.339449 1.552798 1.126012 0.361523 1.555887 -0.000000 16.740360 -2.049019 5.626314 -0.078941 0.454683 0.000000 9.617867 1.684975 -7.563343 1.375735 -0.080567 0.000000 22.037369 7.501073 -0.000000 -0.000000 0.000000 -4.570003 11.014878 -2.160838 2.959889 12.023758 8.926847 9.664250 32.496582 63.907580 -0.000013 6.693722 0.000009 -20.179051 -0.514125 6.782784 -2.464798 -1.573995 2.681911 -1.665237 -0.174481 -4.219036 12.710984 -29.825384 -16.130836 -2.646273 -1.527814 1.527820 -15.549438 -3.559426 -12.707138 -1.994610 -1.151581 1.151583 0.000003 -0.000005 0.000001 -9.108284 -0.517885 2.259804 0.038556 1.262297 6.823711 0.214029 -1.397034 17.420117 0.046167 -0.654904 8.066290 -0.000000 0.000002 0.000005 -9.532484 0.000016 0.000000 -0.136233 -2.205094 14.998860 0.214442 -1.398348 17.436874 0.239765 -1.476510 18.446270 -0.000000 0.000001 0.000005 -9.103603 -0.043111 -1.865098 0.030598 -3.075756 20.451022 0.308449 -1.668271 20.948528 0.225819 -1.434041 17.897076 -0.000000 -0.000000 0.000002 -8.076697 -0.486740 -3.806300 0.764894 -4.877287 26.475321 0.214455 -1.398361 17.437026 0.193010 -1.328205 16.535830 0.000001 0.000001 0.000000 4.570401 11.014686 -2.160813 -0.717792 -20.249878 -16.899510 5.973805 -16.155182 -65.928538 0.000005 -1.459346 0.000005 -33.230513 -1.364887 -6.186635 2.466089 -1.576209 2.681697 -0.662910 2.160404 4.832489 11.853555 25.421641 17.058264 2.647884 -1.528753 1.528744 -13.761931 3.522390 9.039605 1.998920 -1.154078 1.154077 0.000002 -0.000001 0.000005 9.109302 -0.518009 2.259899 0.019854 -0.969579 -7.593531 0.267745 1.752596 -17.372431 0.057624 0.820631 -8.034698 -0.000000 -0.000000 0.000002 9.533395 0.000007 -0.000000 -0.076325 2.665809 -15.696833 0.268764 1.755828 -17.405520 0.300508 1.854019 -18.413336 0.000001 0.000000 0.000001 9.104487 -0.042999 -1.865101 0.136881 3.641806 -21.133505 0.386598 2.094828 -20.911884 0.283021 1.800669 -17.865005 0.000001 0.000000 0.000002 8.077793 -0.486890 -3.806300 0.927702 5.555976 -27.128017 0.269155 1.757065 -17.418212 0.241887 1.667729 -16.505888 -0.000000 -0.000000 -0.000001 -8.207801 -6.751718 -1.599544 0.596210 -10.335849 3.512264 7.510633 -8.276069 -3.186727 -3.705637 -3.193839 3.026300 -7.252614 -0.000025 -0.000002 0.000000 -0.000001 -0.000000 8.207800 -6.751717 -1.599544 -10.752602 14.548996 10.332652 12.141612 2.595133 4.138074 1.273206 0.139760 -7.119436 -4.983706 0.000012 0.000003 -0.000000 0.000001 0.000000 
-1.424596 103.377586 0.121838 -148.473231 -82.838795 -152.092112 0.000000 10.181548 0.131524 3.296973 1.543014 2.729724 1.151890 0.339449 1.552798 1.126012 0.361523 1.555887 -0.000000 16.740360 -2.049019 5.626314 -0.078941 0.454683 0.000000 9.617867 1.684975 -7.563343 1.375735 -0.080567 0.000000 22.037369 7.501073 -0.000000 -0.000000 0.000000 -4.570003 11.014878 -2.160838 2.959889 12.023758 8.926847 9.664250 32.496582 63.907580 -0.000013 6.693722 0.000009 -20.179051 -0.514125 6.782784 -2.464798 -1.573995 2.681911 -1.665237 -0.174481 -4.219036 12.710984 -29.825384 -16.130836 -2.646273 -1.527814 1.527820 -15.549438 -3.559426 -12.707138 -1.994610 -1.151581 1.151583 0.000003 -0.000005 0.000001 -9.108284 -0.517885 2.259804 0.038556 1.262297 6.823711 0.214029 -1.397034 17.420117 0.046167 -0.654904 8.066290 -0.000000 0.000002 0.000005 -9.532484 0.000016 0.000000 -0.136233 -2.205094 14.998860 0.214442 -1.398348 17.436874 0.239765 -1.476510 18.446270 -0.000000 0.000001 0.000005 -9.103603 -0.043111 -1.865098 0.030598 -3.075756 20.451022 0.308449 -1.668271 20.948528 0.225819 -1.434041 17.897076 -0.000000 -0.000000 0.000002 -8.076697 -0.486740 -3.806300 0.764894 -4.877287 26.475321 0.214455 -1.398361 17.437026 0.193010 -1.328205 16.535830 0.000001 0.000001 0.000000 4.570401 11.014686 -2.160813 -0.717792 -20.249878 -16.899510 5.973805 -16.155182 -65.928538 0.000005 -1.459346 0.000005 -33.230513 -1.364887 -6.186635 2.466089 -1.576209 2.681697 -0.662910 2.160404 4.832489 11.853555 25.421641 17.058264 2.647884 -1.528753 1.528744 -13.761931 3.522390 9.039605 1.998920 -1.154078 1.154077 0.000002 -0.000001 0.000005 9.109302 -0.518009 2.259899 0.019854 -0.969579 -7.593531 0.267745 1.752596 -17.372431 0.057624 0.820631 -8.034698 -0.000000 -0.000000 0.000002 9.533395 0.000007 -0.000000 -0.076325 2.665809 -15.696833 0.268764 1.755828 -17.405520 0.300508 1.854019 -18.413336 0.000001 0.000000 0.000001 9.104487 -0.042999 -1.865101 0.136881 3.641806 -21.133505 0.386598 2.094828 -20.911884 0.283021 1.800669 -17.865005 0.000001 0.000000 0.000002 8.077793 -0.486890 -3.806300 0.927702 5.555976 -27.128017 0.269155 1.757065 -17.418212 0.241887 1.667729 -16.505888 -0.000000 -0.000000 -0.000001 -8.207801 -6.751718 -1.599544 0.596210 -10.335849 3.512264 7.510633 -8.276069 -3.186727 -3.705637 -3.193839 3.026300 -7.252614 -0.000025 -0.000002 0.000000 -0.000001 -0.000000 8.207800 -6.751717 -1.599544 -10.752602 14.548996 10.332652 12.141612 2.595133 4.138074 1.273206 0.139760 -7.119436 -4.983706 0.000012 0.000003 -0.000000 0.000001 0.000000 
-1.424596 103.377586 0.121838 -148.473231 -82.838795 -152.092112 0.000000 10.181548 0.131524 3.296973 1.543014 2.729724 1.151890 0.339449 1.552798 1.126012 0.361523 1.555887 -0.000000 16.740360 -2.049019 5.626314 -0.078941 0.454683 0.000000 9.617867 1.684975 -7.563343 1.375735 -0.080567 0.000000 22.037369 7.501073 -0.000000 -0.000000 0.000000 -4.570003 11.014878 -2.160838 2.959889 12.023758 8.926847 9.664250 32.496582 63.907580 -0.000013 6.693722 0.000009 -20.179051 -0.514125 6.782784 -2.464798 -1.573995 2.681911 -1.665237 -0.174481 -4.219036 12.710984 -29.825384 -16.130836 -2.646273 -1.527814 1.527820 -15.549438 -3.559426 -12.707138 -1.994610 -1.151581 1.151583 0.000003 -0.000005 0.000001 -9.108284 -0.517885 2.259804 0.038556 1.262297 6.823711 0.214029 -1.397034 17.420117 0.046167 -0.654904 8.066290 -0.000000 0.000002 0.000005 -9.532484 0.000016 0.000000 -0.136233 -2.205094 14.998860 0.214442 -1.398348 17.436874 0.239765 -1.476510 18.446270 -0.000000 0.000001 0.000005 -9.103603 -0.043111 -1.865098 0.030598 -3.075756 20.451022 0.308449 -1.668271 20.948528 0.225819 -1.434041 17.897076 -0.000000 -0.000000 0.000002 -8.076697 -0.486740 -3.806300 0.764894 -4.877287 26.475321 0.214455 -1.398361 17.437026 0.193010 -1.328205 16.535830 0.000001 0.000001 0.000000 4.570401 11.014686 -2.160813 -0.717792 -20.249878 -16.899510 5.973805 -16.155182 -65.928538 0.000005 -1.459346 0.000005 -33.230513 -1.364887 -6.186635 2.466089 -1.576209 2.681697 -0.662910 2.160404 4.832489 11.853555 25.421641 17.058264 2.647884 -1.528753 1.528744 -13.761931 3.522390 9.039605 1.998920 -1.154078 1.154077 0.000002 -0.000001 0.000005 9.109302 -0.518009 2.259899 0.019854 -0.969579 -7.593531 0.267745 1.752596 -17.372431 0.057624 0.820631 -8.034698 -0.000000 -0.000000 0.000002 9.533395 0.000007 -0.000000 -0.076325 2.665809 -15.696833 0.268764 1.755828 -17.405520 0.300508 1.854019 -18.413336 0.000001 0.000000 0.000001 9.104487 -0.042999 -1.865101 0.136881 3.641806 -21.133505 0.386598 2.094828 -20.911884 0.283021 1.800669 -17.865005 0.000001 0.000000 0.000002 8.077793 -0.486890 -3.806300 0.927702 5.555976 -27.128017 0.269155 1.757065 -17.418212 0.241887 1.667729 -16.505888 -0.000000 -0.000000 -0.000001 -8.207801 -6.751718 -1.599544 0.596210 -10.335849 3.512264 7.510633 -8.276069 -3.186727 -3.705637 -3.193839 3.026300 -7.252614 -0.000025 -0.000002 0.000000 -0.000001 -0.000000 8.207800 -6.751717 -1.599544 -10.752602 14.548996 10.332652 12.141612 2.595133 4.138074 1.273206 0.139760 -7.119436 -4.983706 0.000012 0.000003 -0.000000 0.000001 0.000000 
-1.424596 103.377586 0.121838 -148.473231 -82.838795 -152.092112 0.000000 10.181548 0.131524 3.296973 1.543014 2.729724 1.151890 0.339449 1.552798 1.126012 0.361523 1.555887 -0.000000 16.740360 -2.049019 5.626314 -0.078941 0.454683 0.000000 9.617867 1.684975 -7.563343 1.375735 -0.080567 0.000000 22.037369 7.501073 -0.000000 -0.000000 0.000000 -4.570003 11.014878 -2.160838 2.959889 12.023758 8.926847 9.664250 32.496582 63.907580 -0.000013 6.693722 0.000009 -20.179051 -0.514125 6.782784 -2.464798 -1.573995 2.681911 -1.665237 -0.174481 -4.219036 12.710984 -29.825384 -16.130836 -2.646273 -1.527814 1.527820 -15.549438 -3.559426 -12.707138 -1.994610 -1.151581 1.151583 0.000003 -0.000005 0.000001 -9.108284 -0.517885 2.259804 0.038556 1.262297 6.823711 0.214029 -1.397034 17.420117 0.046167 -0.654904 8.066290 -0.000000 0.000002 0.000005 -9.532484 0.000016 0.000000 -0.136233 -2.205094 14.998860 0.214442 -1.398348 17.436874 0.239765 -1.476510 18.446270 -0.000000 0.000001 0.000005 -9.103603 -0.043111 -1.865098 0.030598 -3.075756 20.451022 0.308449 -1.668271 20.948528 0.225819 -1.434041 17.897076 -0.000000 -0.000000 0.000002 -8.076697 -0.486740 -3.806300 0.764894 -4.877287 26.475321 0.214455 -1.398361 17.437026 0.193010 -1.328205 16.535830 0.000001 0.000001 0.000000 4.570401 11.014686 -2.160813 -0.717792 -20.249878 -16.899510 5.973805 -16.155182 -65.928538 0.000005 -1.459346 0.000005 -33.230513 -1.364887 -6.186635 2.466089 -1.576209 2.681697 -0.662910 2.160404 4.832489 11.853555 25.421641 17.058264 2.647884 -1.528753 1.528744 -13.761931 3.522390 9.039605 1.998920 -1.154078 1.154077 0.000002 -0.000001 0.000005 9.109302 -0.518009 2.259899 0.019854 -0.969579 -7.593531 0.267745 1.752596 -17.372431 0.057624 0.820631 -8.034698 -0.000000 -0.000000 0.000002 9.533395 0.000007 -0.000000 -0.076325 2.665809 -15.696833 0.268764 1.755828 -17.405520 0.300508 1.854019 -18.413336 0.000001 0.000000 0.000001 9.104487 -0.042999 -1.865101 0.136881 3.641806 -21.133505 0.386598 2.094828 -20.911884 0.283021 1.800669 -17.865005 0.000001 0.000000 0.000002 8.077793 -0.486890 -3.806300 0.927702 5.555976 -27.128017 0.269155 1.757065 -17.418212 0.241887 1.667729 -16.505888 -0.000000 -0.000000 -0.000001 -8.207801 -6.751718 -1.599544 0.596210 -10.335849 3.512264 7.510633 -8.276069 -3.186727 -3.705637 -3.193839 3.026300 -7.252614 -0.000025 -0.000002 0.000000 -0.000001 -0.000000 8.207800 -6.751717 -1.599544 -10.752602 14.548996 10.332652 12.141612 2.595133 4.138074 1.273206 0.139760 -7.119436 -4.983706 0.000012 0.000003 -0.000000 0.000001 0.000000 
-1.424596 103.377586 0.121838 -148.473231 -82.838795 -152.092112 0.000000 10.181548 0.131524 3.296973 1.543014 2.729724 1.151890 0.339449 1.552798 1.126012 0.361523 1.555887 -0.000000 16.740360 -2.049019 5.626314 -0.078941 0.454683 0.000000 9.617867 1.684975 -7.563343 1.375735 -0.080567 0.000000 22.037369 7.501073 -0.000000 -0.000000 0.000000 -4.570003 11.014878 -2.160838 2.959889 12.023758 8.926847 9.664250 32.496582 63.907580 -0.000013 6.693722 0.000009 -20.179051 -0.514125 6.782784 -2.464798 -1.573995 2.681911 -1.665237 -0.174481 -4.219036 12.710984 -29.825384 -16.130836 -2.646273 -1.527814 1.527820 -15.549438 -3.559426 -12.707138 -1.994610 -1.151581 1.151583 0.000003 -0.000005 0.000001 -9.108284 -0.517885 2.259804 0.038556 1.262297 6.823711 0.214029 -1.397034 17.420117 0.046167 -0.654904 8.066290 -0.000000 0.000002 0.000005 -9.532484 0.000016 0.000000 -0.136233 -2.205094 14.998860 0.214442 -1.398348 17.436874 0.239765 -1.476510 18.446270 -0.000000 0.000001 0.000005 -9.103603 -0.043111 -1.865098 0.030598 -3.075756 20.451022 0.308449 -1.668271 20.948528 0.225819 -1.434041 17.897076 -0.000000 -0.000000 0.000002 -8.076697 -0.486740 -3.806300 0.764894 -4.877287 26.475321 0.214455 -1.398361 17.437026 0.193010 -1.328205 16.535830 0.000001 0.000001 0.000000 4.570401 11.014686 -2.160813 -0.717792 -20.249878 -16.899510 5.973805 -16.155182 -65.928538 0.000005 -1.459346 0.000005 -33.230513 -1.364887 -6.186635 2.466089 -1.576209 2.681697 -0.662910 2.160404 4.832489 11.853555 25.421641 17.058264 2.647884 -1.528753 1.528744 -13.761931 3.522390 9.039605 1.998920 -1.154078 1.154077 0.000002 -0.000001 0.000005 9.109302 -0.518009 2.259899 0.019854 -0.969579 -7.593531 0.267745 1.752596 -17.372431 0.057624 0.820631 -8.034698 -0.000000 -0.000000 0.000002 9.533395 0.000007 -0.000000 -0.076325 2.665809 -15.696833 0.268764 1.755828 -17.405520 0.300508 1.854019 -18.413336 0.000001 0.000000 0.000001 9.104487 -0.042999 -1.865101 0.136881 3.641806 -21.133505 0.386598 2.094828 -20.911884 0.283021 1.800669 -17.865005 0.000001 0.000000 0.000002 8.077793 -0.486890 -3.806300 0.927702 5.555976 -27.128017 0.269155 1.757065 -17.418212 0.241887 1.667729 -16.505888 -0.000000 -0.000000 -0.000001 -8.207801 -6.751718 -1.599544 0.596210 -10.335849 3.512264 7.510633 -8.276069 -3.186727 -3.705637 -3.193839 3.026300 -7.252614 -0.000025 -0.000002 0.000000 -0.000001 -0.000000 8.207800 -6.751717 -1.599544 -10.752602 14.548996 10.332652 12.141612 2.595133 4.138074 1.273206 0.139760 -7.119436 -4.983706 0.000012 0.000003 -0.000000 0.000001 0.000000 
-1.424596 103.377586 0.121838 -148.473231 -82.838795 -152.092112 0.000000 10.181548 0.131524 3.296973 1.543014 2.729724 1.151890 0.339449 1.552798 1.126012 0.361523 1.555887 -0.000000 16.740360 -2.049019 5.626314 -0.078941 0.454683 0.000000 9.617867 1.684975 -7.563343 1.375735 -0.080567 0.000000 22.037369 7.501073 -0.000000 -0.000000 0.000000 -4.570003 11.014878 -2.160838 2.959889 12.023758 8.926847 9.664250 32.496582 63.907580 -0.000013 6.693722 0.000009 -20.179051 -0.514125 6.782784 -2.464798 -1.573995 2.681911 -1.665237 -0.174481 -4.219036 12.710984 -29.825384 -16.130836 -2.646273 -1.527814 1.527820 -15.549438 -3.559426 -12.707138 -1.994610 -1.151581 1.151583 0.000003 -0.000005 0.000001 -9.108284 -0.517885 2.259804 0.038556 1.262297 6.823711 0.214029 -1.397034 17.420117 0.046167 -0.654904 8.066290 -0.000000 0.000002 0.000005 -9.532484 0.000016 0.000000 -0.136233 -2.205094 14.998860 0.214442 -1.398348 17.436874 0.239765 -1.476510 18.446270 -0.000000 0.000001 0.000005 -9.103603 -0.043111 -1.865098 0.030598 -3.075756 20.451022 0.308449 -1.668271 20.948528 0.225819 -1.434041 17.897076 -0.000000 -0.000000 0.000002 -8.076697 -0.486740 -3.806300 0.764894 -4.877287 26.475321 0.214455 -1.398361 17.437026 0.193010 -1.328205 16.535830 0.000001 0.000001 0.000000 4.570401 11.014686 -2.160813 -0.717792 -20.249878 -16.899510 5.973805 -16.155182 -65.928538 0.000005 -1.459346 0.000005 -33.230513 -1.364887 -6.186635 2.466089 -1.576209 2.681697 -0.662910 2.160404 4.832489 11.853555 25.421641 17.058264 2.647884 -1.528753 1.528744 -13.761931 3.522390 9.039605 1.998920 -1.154078 1.154077 0.000002 -0.000001 0.000005 9.109302 -0.518009 2.259899 0.019854 -0.969579 -7.593531 0.267745 1.752596 -17.372431 0.057624 0.820631 -8.034698 -0.000000 -0.000000 0.000002 9.533395 0.000007 -0.000000 -0.076325 2.665809 -15.696833 0.268764 1.755828 -17.405520 0.300508 1.854019 -18.413336 0.000001 0.000000 0.000001 9.104487 -0.042999 -1.865101 0.136881 3.641806 -21.133505 0.386598 2.094828 -20.911884 0.283021 1.800669 -17.865005 0.000001 0.000000 0.000002 8.077793 -0.486890 -3.806300 0.927702 5.555976 -27.128017 0.269155 1.757065 -17.418212 0.241887 1.667729 -16.505888 -0.000000 -0.000000 -0.000001 -8.207801 -6.751718 -1.599544 0.596210 -10.335849 3.512264 7.510633 -8.276069 -3.186727 -3.705637 -3.193839 3.026300 -7.252614 -0.000025 -0.000002 0.000000 -0.000001 -0.000000 8.207800 -6.751717 -1.599544 -10.752602 14.548996 10.332652 12.141612 2.595133 4.138074 1.273206 0.139760 -7.119436 -4.983706 0.000012 0.000003 -0.000000 0.000001 0.000000 
-1.424596 103.377586 0.121838 -148.473231 -82.838795 -152.092112 0.000000 10.181548 0.131524 3.296973 1.543014 2.729724 1.151890 0.339449 1.552798 1.126012 0.361523 1.555887 -0.000000 16.740360 -2.049019 5.626314 -0.078941 0.454683 0.000000 9.617867 1.684975 -7.563343 1.375735 -0.080567 0.000000 22.037369 7.501073 -0.000000 -0.000000 0.000000 -4.570003 11.014878 -2.160838 2.959889 12.023758 8.926847 9.664250 32.496582 63.907580 -0.000013 6.693722 0.000009 -20.179051 -0.514125 6.782784 -2.464798 -1.573995 2.681911 -1.665237 -0.174481 -4.219036 12.710984 -29.825384 -16.130836 -2.646273 -1.527814 1.527820 -15.549438 -3.559426 -12.707138 -1.994610 -1.151581 1.151583 0.000003 -0.000005 0.000001 -9.108284 -0.517885 2.259804 0.038556 1.262297 6.823711 0.214029 -1.397034 17.420117 0.046167 -0.654904 8.066290 -0.000000 0.000002 0.000005 -9.532484 0.000016 0.000000 -0.136233 -2.205094 14.998860 0.214442 -1.398348 17.436874 0.239765 -1.476510 18.446270 -0.000000 0.000001 0.000005 -9.103603 -0.043111 -1.865098 0.030598 -3.075756 20.451022 0.308449 -1.668271 20.948528 0.225819 -1.434041 17.897076 -0.000000 -0.000000 0.000002 -8.076697 -0.486740 -3.806300 0.764894 -4.877287 26.475321 0.214455 -1.398361 17.437026 0.193010 -1.328205 16.535830 0.000001 0.000001 0.000000 4.570401 11.014686 -2.160813 -0.717792 -20.249878 -16.899510 5.973805 -16.155182 -65.928538 0.000005 -1.459346 0.000005 -33.230513 -1.364887 -6.186635 2.466089 -1.576209 2.681697 -0.662910 2.160404 4.832489 11.853555 25.421641 17.058264 2.647884 -1.528753 1.528744 -13.761931 3.522390 9.039605 1.998920 -1.154078 1.154077 0.000002 -0.000001 0.000005 9.109302 -0.518009 2.259899 0.019854 -0.969579 -7.593531 0.267745 1.752596 -17.372431 0.057624 0.820631 -8.034698 -0.000000 -0.000000 0.000002 9.533395 0.000007 -0.000000 -0.076325 2.665809 -15.696833 0.268764 1.755828 -17.405520 0.300508 1.854019 -18.413336 0.000001 0.000000 0.000001 9.104487 -0.042999 -1.865101 0.136881 3.641806 -21.133505 0.386598 2.094828 -20.911884 0.283021 1.800669 -17.865005 0.000001 0.000000 0.000002 8.077793 -0.486890 -3.806300 0.927702 5.555976 -27.128017 0.269155 1.757065 -17.418212 0.241887 1.667729 -16.505888 -0.000000 -0.000000 -0.000001 -8.207801 -6.751718 -1.599544 0.596210 -10.335849 3.512264 7.510633 -8.276069 -3.186727 -3.705637 -3.193839 3.026300 -7.252614 -0.000025 -0.000002 0.000000 -0.000001 -0.000000 8.207800 -6.751717 -1.599544 -10.752602 14.548996 10.332652 12.141612 2.595133 4.138074 1.273206 0.139760 -7.119436 -4.983706 0.000012 0.000003 -0.000000 0.000001 0.000000 
-1.424596 103.377586 0.121838 -148.473231 -82.838795 -152.092112 0.000000 10.181548 0.131524 3.296973 1.543014 2.729724 1.151890 0.339449 1.552798 1.126012 0.361523 1.555887 -0.000000 16.740360 -2.049019 5.626314 -0.078941 0.454683 0.000000 9.617867 1.684975 -7.563343 1.375735 -0.080567 0.000000 22.037369 7.501073 -0.000000 -0.000000 0.000000 -4.570003 11.014878 -2.160838 2.959889 12.023758 8.926847 9.664250 32.496582 63.907580 -0.000013 6.693722 0.000009 -20.179051 -0.514125 6.782784 -2.464798 -1.573995 2.681911 -1.665237 -0.174481 -4.219036 12.710984 -29.825384 -16.130836 -2.646273 -1.527814 1.527820 -15.549438 -3.559426 -12.707138 -1.994610 -1.151581 1.151583 0.000003 -0.000005 0.000001 -9.108284 -0.517885 2.259804 0.038556 1.262297 6.823711 0.214029 -1.397034 17.420117 0.046167 -0.654904 8.066290 -0.000000 0.000002 0.000005 -9.532484 0.000016 0.000000 -0.136233 -2.205094 14.998860 0.214442 -1.398348 17.436874 0.239765 -1.476510 18.446270 -0.000000 0.000001 0.000005 -9.103603 -0.043111 -1.865098 0.030598 -3.075756 20.451022 0.308449 -1.668271 20.948528 0.225819 -1.434041 17.897076 -0.000000 -0.000000 0.000002 -8.076697 -0.486740 -3.806300 0.764894 -4.877287 26.475321 0.214455 -1.398361 17.437026 0.193010 -1.328205 16.535830 0.000001 0.000001 0.000000 4.570401 11.014686 -2.160813 -0.717792 -20.249878 -16.899510 5.973805 -16.155182 -65.928538 0.000005 -1.459346 0.000005 -33.230513 -1.364887 -6.186635 2.466089 -1.576209 2.681697 -0.662910 2.160404 4.832489 11.853555 25.421641 17.058264 2.647884 -1.528753 1.528744 -13.761931 3.522390 9.039605 1.998920 -1.154078 1.154077 0.000002 -0.000001 0.000005 9.109302 -0.518009 2.259899 0.019854 -0.969579 -7.593531 0.267745 1.752596 -17.372431 0.057624 0.820631 -8.034698 -0.000000 -0.000000 0.000002 9.533395 0.000007 -0.000000 -0.076325 2.665809 -15.696833 0.268764 1.755828 -17.405520 0.300508 1.854019 -18.413336 0.000001 0.000000 0.000001 9.104487 -0.042999 -1.865101 0.136881 3.641806 -21.133505 0.386598 2.094828 -20.911884 0.283021 1.800669 -17.865005 0.000001 0.000000 0.000002 8.077793 -0.486890 -3.806300 0.927702 5.555976 -27.128017 0.269155 1.757065 -17.418212 0.241887 1.667729 -16.505888 -0.000000 -0.000000 -0.000001 -8.207801 -6.751718 -1.599544 0.596210 -10.335849 3.512264 7.510633 -8.276069 -3.186727 -3.705637 -3.193839 3.026300 -7.252614 -0.000025 -0.000002 0.000000 -0.000001 -0.000000 8.207800 -6.751717 -1.599544 -10.752602 14.548996 10.332652 12.141612 2.595133 4.138074 1.273206 0.139760 -7.119436 -4.983706 0.000012 0.000003 -0.000000 0.000001 0.000000 
-1.424596 103.377586 0.121838 -148.473231 -82.838795 -152.092112 0.000000 10.181548 0.131524 3.296973 1.543014 2.729724 1.151890 0.339449 1.552798 1.126012 0.361523 1.555887 -0.000000 16.740360 -2.049019 5.626314 -0.078941 0.454683 0.000000 9.617867 1.684975 -7.563343 1.375735 -0.080567 0.000000 22.037369 7.501073 -0.000000 -0.000000 0.000000 -4.570003 11.014878 -2.160838 2.959889 12.023758 8.926847 9.664250 32.496582 63.907580 -0.000013 6.693722 0.000009 -20.179051 -0.514125 6.782784 -2.464798 -1.573995 2.681911 -1.665237 -0.174481 -4.219036 12.710984 -29.825384 -16.130836 -2.646273 -1.527814 1.527820 -15.549438 -3.559426 -12.707138 -1.994610 -1.151581 1.151583 0.000003 -0.000005 0.000001 -9.108284 -0.517885 2.259804 0.038556 1.262297 6.823711 0.214029 -1.397034 17.420117 0.046167 -0.654904 8.066290 -0.000000 0.000002 0.000005 -9.532484 0.000016 0.000000 -0.136233 -2.205094 14.998860 0.214442 -1.398348 17.436874 0.239765 -1.476510 18.446270 -0.000000 0.000001 0.000005 -9.103603 -0.043111 -1.865098 0.030598 -3.075756 20.451022 0.308449 -1.668271 20.948528 0.225819 -1.434041 17.897076 -0.000000 -0.000000 0.000002 -8.076697 -0.486740 -3.806300 0.764894 -4.877287 26.475321 0.214455 -1.398361 17.437026 0.193010 -1.328205 16.535830 0.000001 0.000001 0.000000 4.570401 11.014686 -2.160813 -0.717792 -20.249878 -16.899510 5.973805 -16.155182 -65.928538 0.000005 -1.459346 0.000005 -33.230513 -1.364887 -6.186635 2.466089 -1.576209 2.681697 -0.662910 2.160404 4.832489 11.853555 25.421641 17.058264 2.647884 -1.528753 1.528744 -13.761931 3.522390 9.039605 1.998920 -1.154078 1.154077 0.000002 -0.000001 0.000005 9.109302 -0.518009 2.259899 0.019854 -0.969579 -7.593531 0.267745 1.752596 -17.372431 0.057624 0.820631 -8.034698 -0.000000 -0.000000 0.000002 9.533395 0.000007 -0.000000 -0.076325 2.665809 -15.696833 0.268764 1.755828 -17.405520 0.300508 1.854019 -18.413336 0.000001 0.000000 0.000001 9.104487 -0.042999 -1.865101 0.136881 3.641806 -21.133505 0.386598 2.094828 -20.911884 0.283021 1.800669 -17.865005 0.000001 0.000000 0.000002 8.077793 -0.486890 -3.806300 0.927702 5.555976 -27.128017 0.269155 1.757065 -17.418212 0.241887 1.667729 -16.505888 -0.000000 -0.000000 -0.000001 -8.207801 -6.751718 -1.599544 0.596210 -10.335849 3.512264 7.510633 -8.276069 -3.186727 -3.705637 -3.193839 3.026300 -7.252614 -0.000025 -0.000002 0.000000 -0.000001 -0.000000 8.207800 -6.751717 -1.599544 -10.752602 14.548996 10.332652 12.141612 2.595133 4.138074 1.273206 0.139760 -7.119436 -4.983706 0.000012 0.000003 -0.000000 0.000001 0.000000 
-1.424596 103.377586 0.121838 -148.473231 -82.838795 -152.092112 0.000000 10.181548 0.131524 3.296973 1.543014 2.729724 1.151890 0.339449 1.552798 1.126012 0.361523 1.555887 -0.000000 16.740360 -2.049019 5.626314 -0.078941 0.454683 0.000000 9.617867 1.684975 -7.563343 1.375735 -0.080567 0.000000 22.037369 7.501073 -0.000000 -0.000000 0.000000 -4.570003 11.014878 -2.160838 2.959889 12.023758 8.926847 9.664250 32.496582 63.907580 -0.000013 6.693722 0.000009 -20.179051 -0.514125 6.782784 -2.464798 -1.573995 2.681911 -1.665237 -0.174481 -4.219036 12.710984 -29.825384 -16.130836 -2.646273 -1.527814 1.527820 -15.549438 -3.559426 -12.707138 -1.994610 -1.151581 1.151583 0.000003 -0.000005 0.000001 -9.108284 -0.517885 2.259804 0.038556 1.262297 6.823711 0.214029 -1.397034 17.420117 0.046167 -0.654904 8.066290 -0.000000 0.000002 0.000005 -9.532484 0.000016 0.000000 -0.136233 -2.205094 14.998860 0.214442 -1.398348 17.436874 0.239765 -1.476510 18.446270 -0.000000 0.000001 0.000005 -9.103603 -0.043111 -1.865098 0.030598 -3.075756 20.451022 0.308449 -1.668271 20.948528 0.225819 -1.434041 17.897076 -0.000000 -0.000000 0.000002 -8.076697 -0.486740 -3.806300 0.764894 -4.877287 26.475321 0.214455 -1.398361 17.437026 0.193010 -1.328205 16.535830 0.000001 0.000001 0.000000 4.570401 11.014686 -2.160813 -0.717792 -20.249878 -16.899510 5.973805 -16.155182 -65.928538 0.000005 -1.459346 0.000005 -33.230513 -1.364887 -6.186635 2.466089 -1.576209 2.681697 -0.662910 2.160404 4.832489 11.853555 25.421641 17.058264 2.647884 -1.528753 1.528744 -13.761931 3.522390 9.039605 1.998920 -1.154078 1.154077 0.000002 -0.000001 0.000005 9.109302 -0.518009 2.259899 0.019854 -0.969579 -7.593531 0.267745 1.752596 -17.372431 0.057624 0.820631 -8.034698 -0.000000 -0.000000 0.000002 9.533395 0.000007 -0.000000 -0.076325 2.665809 -15.696833 0.268764 1.755828 -17.405520 0.300508 1.854019 -18.413336 0.000001 0.000000 0.000001 9.104487 -0.042999 -1.865101 0.136881 3.641806 -21.133505 0.386598 2.094828 -20.911884 0.283021 1.800669 -17.865005 0.000001 0.000000 0.000002 8.077793 -0.486890 -3.806300 0.927702 5.555976 -27.128017 0.269155 1.757065 -17.418212 0.241887 1.667729 -16.505888 -0.000000 -0.000000 -0.000001 -8.207801 -6.751718 -1.599544 0.596210 -10.335849 3.512264 7.510633 -8.276069 -3.186727 -3.705637 -3.193839 3.026300 -7.252614 -0.000025 -0.000002 0.000000 -0.000001 -0.000000 8.207800 -6.751717 -1.599544 -10.752602 14.548996 10.332652 12.141612 2.595133 4.138074 1.273206 0.139760 -7.119436 -4.983706 0.000012 0.000003 -0.000000 0.000001 0.000000 
-1.424596 103.377586 0.121838 -148.473231 -82.838795 -152.092112 0.000000 10.181548 0.131524 3.296973 1.543014 2.729724 1.151890 0.339449 1.552798 1.126012 0.361523 1.555887 -0.000000 16.740360 -2.049019 5.626314 -0.078941 0.454683 0.000000 9.617867 1.684975 -7.563343 1.375735 -0.080567 0.000000 22.037369 7.501073 -0.000000 -0.000000 0.000000 -4.570003 11.014878 -2.160838 2.959889 12.023758 8.926847 9.664250 32.496582 63.907580 -0.000013 6.693722 0.000009 -20.179051 -0.514125 6.782784 -2.464798 -1.573995 2.681911 -1.665237 -0.174481 -4.219036 12.710984 -29.825384 -16.130836 -2.646273 -1.527814 1.527820 -15.549438 -3.559426 -12.707138 -1.994610 -1.151581 1.151583 0.000003 -0.000005 0.000001 -9.108284 -0.517885 2.259804 0.038556 1.262297 6.823711 0.214029 -1.397034 17.420117 0.046167 -0.654904 8.066290 -0.000000 0.000002 0.000005 -9.532484 0.000016 0.000000 -0.136233 -2.205094 14.998860 0.214442 -1.398348 17.436874 0.239765 -1.476510 18.446270 -0.000000 0.000001 0.000005 -9.103603 -0.043111 -1.865098 0.030598 -3.075756 20.451022 0.308449 -1.668271 20.948528 0.225819 -1.434041 17.897076 -0.000000 -0.000000 0.000002 -8.076697 -0.486740 -3.806300 0.764894 -4.877287 26.475321 0.214455 -1.398361 17.437026 0.193010 -1.328205 16.535830 0.000001 0.000001 0.000000 4.570401 11.014686 -2.160813 -0.717792 -20.249878 -16.899510 5.973805 -16.155182 -65.928538 0.000005 -1.459346 0.000005 -33.230513 -1.364887 -6.186635 2.466089 -1.576209 2.681697 -0.662910 2.160404 4.832489 11.853555 25.421641 17.058264 2.647884 -1.528753 1.528744 -13.761931 3.522390 9.039605 1.998920 -1.154078 1.154077 0.000002 -0.000001 0.000005 9.109302 -0.518009 2.259899 0.019854 -0.969579 -7.593531 0.267745 1.752596 -17.372431 0.057624 0.820631 -8.034698 -0.000000 -0.000000 0.000002 9.533395 0.000007 -0.000000 -0.076325 2.665809 -15.696833 0.268764 1.755828 -17.405520 0.300508 1.854019 -18.413336 0.000001 0.000000 0.000001 9.104487 -0.042999 -1.865101 0.136881 3.641806 -21.133505 0.386598 2.094828 -20.911884 0.283021 1.800669 -17.865005 0.000001 0.000000 0.000002 8.077793 -0.486890 -3.806300 0.927702 5.555976 -27.128017 0.269155 1.757065 -17.418212 0.241887 1.667729 -16.505888 -0.000000 -0.000000 -0.000001 -8.207801 -6.751718 -1.599544 0.596210 -10.335849 3.512264 7.510633 -8.276069 -3.186727 -3.705637 -3.193839 3.026300 -7.252614 -0.000025 -0.000002 0.000000 -0.000001 -0.000000 8.207800 -6.751717 -1.599544 -10.752602 14.548996 10.332652 12.141612 2.595133 4.138074 1.273206 0.139760 -7.119436 -4.983706 0.000012 0.000003 -0.000000 0.000001 0.000000 
-1.424596 103.377586 0.121838 -148.473231 -82.838795 -152.092112 0.000000 10.181548 0.131524 3.296973 1.543014 2.729724 1.151890 0.339449 1.552798 1.126012 0.361523 1.555887 -0.000000 16.740360 -2.049019 5.626314 -0.078941 0.454683 0.000000 9.617867 1.684975 -7.563343 1.375735 -0.080567 0.000000 22.037369 7.501073 -0.000000 -0.000000 0.000000 -4.570003 11.014878 -2.160838 2.959889 12.023758 8.926847 9.664250 32.496582 63.907580 -0.000013 6.693722 0.000009 -20.179051 -0.514125 6.782784 -2.464798 -1.573995 2.681911 -1.665237 -0.174481 -4.219036 12.710984 -29.825384 -16.130836 -2.646273 -1.527814 1.527820 -15.549438 -3.559426 -12.707138 -1.994610 -1.151581 1.151583 0.000003 -0.000005 0.000001 -9.108284 -0.517885 2.259804 0.038556 1.262297 6.823711 0.214029 -1.397034 17.420117 0.046167 -0.654904 8.066290 -0.000000 0.000002 0.000005 -9.532484 0.000016 0.000000 -0.136233 -2.205094 14.998860 0.214442 -1.398348 17.436874 0.239765 -1.476510 18.446270 -0.000000 0.000001 0.000005 -9.103603 -0.043111 -1.865098 0.030598 -3.075756 20.451022 0.308449 -1.668271 20.948528 0.225819 -1.434041 17.897076 -0.000000 -0.000000 0.000002 -8.076697 -0.486740 -3.806300 0.764894 -4.877287 26.475321 0.214455 -1.398361 17.437026 0.193010 -1.328205 16.535830 0.000001 0.000001 0.000000 4.570401 11.014686 -2.160813 -0.717792 -20.249878 -16.899510 5.973805 -16.155182 -65.928538 0.000005 -1.459346 0.000005 -33.230513 -1.364887 -6.186635 2.466089 -1.576209 2.681697 -0.662910 2.160404 4.832489 11.853555 25.421641 17.058264 2.647884 -1.528753 1.528744 -13.761931 3.522390 9.039605 1.998920 -1.154078 1.154077 0.000002 -0.000001 0.000005 9.109302 -0.518009 2.259899 0.019854 -0.969579 -7.593531 0.267745 1.752596 -17.372431 0.057624 0.820631 -8.034698 -0.000000 -0.000000 0.000002 9.533395 0.000007 -0.000000 -0.076325 2.665809 -15.696833 0.268764 1.755828 -17.405520 0.300508 1.854019 -18.413336 0.000001 0.000000 0.000001 9.104487 -0.042999 -1.865101 0.136881 3.641806 -21.133505 0.386598 2.094828 -20.911884 0.283021 1.800669 -17.865005 0.000001 0.000000 0.000002 8.077793 -0.486890 -3.806300 0.927702 5.555976 -27.128017 0.269155 1.757065 -17.418212 0.241887 1.667729 -16.505888 -0.000000 -0.000000 -0.000001 -8.207801 -6.751718 -1.599544 0.596210 -10.335849 3.512264 7.510633 -8.276069 -3.186727 -3.705637 -3.193839 3.026300 -7.252614 -0.000025 -0.000002 0.000000 -0.000001 -0.000000 8.207800 -6.751717 -1.599544 -10.752602 14.548996 10.332652 12.141612 2.595133 4.138074 1.273206 0.139760 -7.119436 -4.983706 0.000012 0.000003 -0.000000 0.000001 0.000000 
-1.424596 103.377586 0.121838 -148.473231 -82.838795 -152.092112 0.000000 10.181548 0.131524 3.296973 1.543014 2.729724 1.151890 0.339449 1.552798 1.126012 0.361523 1.555887 -0.000000 16.740360 -2.049019 5.626314 -0.078941 0.454683 0.000000 9.617867 1.684975 -7.563343 1.375735 -0.080567 0.000000 22.037369 7.501073 -0.000000 -0.000000 0.000000 -4.570003 11.014878 -2.160838 2.959889 12.023758 8.926847 9.664250 32.496582 63.907580 -0.000013 6.693722 0.000009 -20.179051 -0.514125 6.782784 -2.464798 -1.573995 2.681911 -1.665237 -0.174481 -4.219036 12.710984 -29.825384 -16.130836 -2.646273 -1.527814 1.527820 -15.549438 -3.559426 -12.707138 -1.994610 -1.151581 1.151583 0.000003 -0.000005 0.000001 -9.108284 -0.517885 2.259804 0.038556 1.262297 6.823711 0.214029 -1.397034 17.420117 0.046167 -0.654904 8.066290 -0.000000 0.000002 0.000005 -9.532484 0.000016 0.000000 -0.136233 -2.205094 14.998860 0.214442 -1.398348 17.436874 0.239765 -1.476510 18.446270 -0.000000 0.000001 0.000005 -9.103603 -0.043111 -1.865098 0.030598 -3.075756 20.451022 0.308449 -1.668271 20.948528 0.225819 -1.434041 17.897076 -0.000000 -0.000000 0.000002 -8.076697 -0.486740 -3.806300 0.764894 -4.877287 26.475321 0.214455 -1.398361 17.437026 0.193010 -1.328205 16.535830 0.000001 0.000001 0.000000 4.570401 11.014686 -2.160813 -0.717792 -20.249878 -16.899510 5.973805 -16.155182 -65.928538 0.000005 -1.459346 0.000005 -33.230513 -1.364887 -6.186635 2.466089 -1.576209 2.681697 -0.662910 2.160404 4.832489 11.853555 25.421641 17.058264 2.647884 -1.528753 1.528744 -13.761931 3.522390 9.039605 1.998920 -1.154078 1.154077 0.000002 -0.000001 0.000005 9.109302 -0.518009 2.259899 0.019854 -0.969579 -7.593531 0.267745 1.752596 -17.372431 0.057624 0.820631 -8.034698 -0.000000 -0.000000 0.000002 9.533395 0.000007 -0.000000 -0.076325 2.665809 -15.696833 0.268764 1.755828 -17.405520 0.300508 1.854019 -18.413336 0.000001 0.000000 0.000001 9.104487 -0.042999 -1.865101 0.136881 3.641806 -21.133505 0.386598 2.094828 -20.911884 0.283021 1.800669 -17.865005 0.000001 0.000000 0.000002 8.077793 -0.486890 -3.806300 0.927702 5.555976 -27.128017 0.269155 1.757065 -17.418212 0.241887 1.667729 -16.505888 -0.000000 -0.000000 -0.000001 -8.207801 -6.751718 -1.599544 0.596210 -10.335849 3.512264 7.510633 -8.276069 -3.186727 -3.705637 -3.193839 3.026300 -7.252614 -0.000025 -0.000002 0.000000 -0.000001 -0.000000 8.207800 -6.751717 -1.599544 -10.752602 14.548996 10.332652 12.141612 2.595133 4.138074 1.273206 0.139760 -7.119436 -4.983706 0.000012 0.000003 -0.000000 0.000001 0.000000 
-1.424596 103.377586 0.121838 -148.473231 -82.838795 -152.092112 0.000000 10.181548 0.131524 3.296973 1.543014 2.729724 1.151890 0.339449 1.552798 1.126012 0.361523 1.555887 -0.000000 16.740360 -2.049019 5.626314 -0.078941 0.454683 0.000000 9.617867 1.684975 -7.563343 1.375735 -0.080567 0.000000 22.037369 7.501073 -0.000000 -0.000000 0.000000 -4.570003 11.014878 -2.160838 2.959889 12.023758 8.926847 9.664250 32.496582 63.907580 -0.000013 6.693722 0.000009 -20.179051 -0.514125 6.782784 -2.464798 -1.573995 2.681911 -1.665237 -0.174481 -4.219036 12.710984 -29.825384 -16.130836 -2.646273 -1.527814 1.527820 -15.549438 -3.559426 -12.707138 -1.994610 -1.151581 1.151583 0.000003 -0.000005 0.000001 -9.108284 -0.517885 2.259804 0.038556 1.262297 6.823711 0.214029 -1.397034 17.420117 0.046167 -0.654904 8.066290 -0.000000 0.000002 0.000005 -9.532484 0.000016 0.000000 -0.136233 -2.205094 14.998860 0.214442 -1.398348 17.436874 0.239765 -1.476510 18.446270 -0.000000 0.000001 0.000005 -9.103603 -0.043111 -1.865098 0.030598 -3.075756 20.451022 0.308449 -1.668271 20.948528 0.225819 -1.434041 17.897076 -0.000000 -0.000000 0.000002 -8.076697 -0.486740 -3.806300 0.764894 -4.877287 26.475321 0.214455 -1.398361 17.437026 0.193010 -1.328205 16.535830 0.000001 0.000001 0.000000 4.570401 11.014686 -2.160813 -0.717792 -20.249878 -16.899510 5.973805 -16.155182 -65.928538 0.000005 -1.459346 0.000005 -33.230513 -1.364887 -6.186635 2.466089 -1.576209 2.681697 -0.662910 2.160404 4.832489 11.853555 25.421641 17.058264 2.647884 -1.528753 1.528744 -13.761931 3.522390 9.039605 1.998920 -1.154078 1.154077 0.000002 -0.000001 0.000005 9.109302 -0.518009 2.259899 0.019854 -0.969579 -7.593531 0.267745 1.752596 -17.372431 0.057624 0.820631 -8.034698 -0.000000 -0.000000 0.000002 9.533395 0.000007 -0.000000 -0.076325 2.665809 -15.696833 0.268764 1.755828 -17.405520 0.300508 1.854019 -18.413336 0.000001 0.000000 0.000001 9.104487 -0.042999 -1.865101 0.136881 3.641806 -21.133505 0.386598 2.094828 -20.911884 0.283021 1.800669 -17.865005 0.000001 0.000000 0.000002 8.077793 -0.486890 -3.806300 0.927702 5.555976 -27.128017 0.269155 1.757065 -17.418212 0.241887 1.667729 -16.505888 -0.000000 -0.000000 -0.000001 -8.207801 -6.751718 -1.599544 0.596210 -10.335849 3.512264 7.510633 -8.276069 -3.186727 -3.705637 -3.193839 3.026300 -7.252614 -0.000025 -0.000002 0.000000 -0.000001 -0.000000 8.207800 -6.751717 -1.599544 -10.752602 14.548996 10.332652 12.141612 2.595133 4.138074 1.273206 0.139760 -7.119436 -4.983706 0.000012 0.000003 -0.000000 0.000001 0.000000 
-1.424596 103.377586 0.121838 -148.473231 -82.838795 -152.092112 0.000000 10.181548 0.131524 3.296973 1.543014 2.729724 1.151890 0.339449 1.552798 1.126012 0.361523 1.555887 -0.000000 16.740360 -2.049019 5.626314 -0.078941 0.454683 0.000000 9.617867 1.684975 -7.563343 1.375735 -0.080567 0.000000 22.037369 7.501073 -0.000000 -0.000000 0.000000 -4.570003 11.014878 -2.160838 2.959889 12.023758 8.926847 9.664250 32.496582 63.907580 -0.000013 6.693722 0.000009 -20.179051 -0.514125 6.782784 -2.464798 -1.573995 2.681911 -1.665237 -0.174481 -4.219036 12.710984 -29.825384 -16.130836 -2.646273 -1.527814 1.527820 -15.549438 -3.559426 -12.707138 -1.994610 -1.151581 1.151583 0.000003 -0.000005 0.000001 -9.108284 -0.517885 2.259804 0.038556 1.262297 6.823711 0.214029 -1.397034 17.420117 0.046167 -0.654904 8.066290 -0.000000 0.000002 0.000005 -9.532484 0.000016 0.000000 -0.136233 -2.205094 14.998860 0.214442 -1.398348 17.436874 0.239765 -1.476510 18.446270 -0.000000 0.000001 0.000005 -9.103603 -0.043111 -1.865098 0.030598 -3.075756 20.451022 0.308449 -1.668271 20.948528 0.225819 -1.434041 17.897076 -0.000000 -0.000000 0.000002 -8.076697 -0.486740 -3.806300 0.764894 -4.877287 26.475321 0.214455 -1.398361 17.437026 0.193010 -1.328205 16.535830 0.000001 0.000001 0.000000 4.570401 11.014686 -2.160813 -0.717792 -20.249878 -16.899510 5.973805 -16.155182 -65.928538 0.000005 -1.459346 0.000005 -33.230513 -1.364887 -6.186635 2.466089 -1.576209 2.681697 -0.662910 2.160404 4.832489 11.853555 25.421641 17.058264 2.647884 -1.528753 1.528744 -13.761931 3.522390 9.039605 1.998920 -1.154078 1.154077 0.000002 -0.000001 0.000005 9.109302 -0.518009 2.259899 0.019854 -0.969579 -7.593531 0.267745 1.752596 -17.372431 0.057624 0.820631 -8.034698 -0.000000 -0.000000 0.000002 9.533395 0.000007 -0.000000 -0.076325 2.665809 -15.696833 0.268764 1.755828 -17.405520 0.300508 1.854019 -18.413336 0.000001 0.000000 0.000001 9.104487 -0.042999 -1.865101 0.136881 3.641806 -21.133505 0.386598 2.094828 -20.911884 0.283021 1.800669 -17.865005 0.000001 0.000000 0.000002 8.077793 -0.486890 -3.806300 0.927702 5.555976 -27.128017 0.269155 1.757065 -17.418212 0.241887 1.667729 -16.505888 -0.000000 -0.000000 -0.000001 -8.207801 -6.751718 -1.599544 0.596210 -10.335849 3.512264 7.510633 -8.276069 -3.186727 -3.705637 -3.193839 3.026300 -7.252614 -0.000025 -0.000002 0.000000 -0.000001 -0.000000 8.207800 -6.751717 -1.599544 -10.752602 14.548996 10.332652 12.141612 2.595133 4.138074 1.273206 0.139760 -7.119436 -4.983706 0.000012 0.000003 -0.000000 0.000001 0.000000 
-1.424596 103.377586 0.121838 -148.473231 -82.838795 -152.092112 0.000000 10.181548 0.131524 3.296973 1.543014 2.729724 1.151890 0.339449 1.552798 1.126012 0.361523 1.555887 -0.000000 16.740360 -2.049019 5.626314 -0.078941 0.454683 0.000000 9.617867 1.684975 -7.563343 1.375735 -0.080567 0.000000 22.037369 7.501073 -0.000000 -0.000000 0.000000 -4.570003 11.014878 -2.160838 2.959889 12.023758 8.926847 9.664250 32.496582 63.907580 -0.000013 6.693722 0.000009 -20.179051 -0.514125 6.782784 -2.464798 -1.573995 2.681911 -1.665237 -0.174481 -4.219036 12.710984 -29.825384 -16.130836 -2.646273 -1.527814 1.527820 -15.549438 -3.559426 -12.707138 -1.994610 -1.151581 1.151583 0.000003 -0.000005 0.000001 -9.108284 -0.517885 2.259804 0.038556 1.262297 6.823711 0.214029 -1.397034 17.420117 0.046167 -0.654904 8.066290 -0.000000 0.000002 0.000005 -9.532484 0.000016 0.000000 -0.136233 -2.205094 14.998860 0.214442 -1.398348 17.436874 0.239765 -1.476510 18.446270 -0.000000 0.000001 0.000005 -9.103603 -0.043111 -1.865098 0.030598 -3.075756 20.451022 0.308449 -1.668271 20.948528 0.225819 -1.434041 17.897076 -0.000000 -0.000000 0.000002 -8.076697 -0.486740 -3.806300 0.764894 -4.877287 26.475321 0.214455 -1.398361 17.437026 0.193010 -1.328205 16.535830 0.000001 0.000001 0.000000 4.570401 11.014686 -2.160813 -0.717792 -20.249878 -16.899510 5.973805 -16.155182 -65.928538 0.000005 -1.459346 0.000005 -33.230513 -1.364887 -6.186635 2.466089 -1.576209 2.681697 -0.662910 2.160404 4.832489 11.853555 25.421641 17.058264 2.647884 -1.528753 1.528744 -13.761931 3.522390 9.039605 1.998920 -1.154078 1.154077 0.000002 -0.000001 0.000005 9.109302 -0.518009 2.259899 0.019854 -0.969579 -7.593531 0.267745 1.752596 -17.372431 0.057624 0.820631 -8.034698 -0.000000 -0.000000 0.000002 9.533395 0.000007 -0.000000 -0.076325 2.665809 -15.696833 0.268764 1.755828 -17.405520 0.300508 1.854019 -18.413336 0.000001 0.000000 0.000001 9.104487 -0.042999 -1.865101 0.136881 3.641806 -21.133505 0.386598 2.094828 -20.911884 0.283021 1.800669 -17.865005 0.000001 0.000000 0.000002 8.077793 -0.486890 -3.806300 0.927702 5.555976 -27.128017 0.269155 1.757065 -17.418212 0.241887 1.667729 -16.505888 -0.000000 -0.000000 -0.000001 -8.207801 -6.751718 -1.599544 0.596210 -10.335849 3.512264 7.510633 -8.276069 -3.186727 -3.705637 -3.193839 3.026300 -7.252614 -0.000025 -0.000002 0.000000 -0.000001 -0.000000 8.207800 -6.751717 -1.599544 -10.752602 14.548996 10.332652 12.141612 2.595133 4.138074 1.273206 0.139760 -7.119436 -4.983706 0.000012 0.000003 -0.000000 0.000001 0.000000 
-1.424596 103.377586 0.121838 -148.473231 -82.838795 -152.092112 0.000000 10.181548 0.131524 3.296973 1.543014 2.729724 1.151890 0.339449 1.552798 1.126012 0.361523 1.555887 -0.000000 16.740360 -2.049019 5.626314 -0.078941 0.454683 0.000000 9.617867 1.684975 -7.563343 1.375735 -0.080567 0.000000 22.037369 7.501073 -0.000000 -0.000000 0.000000 -4.570003 11.014878 -2.160838 2.959889 12.023758 8.926847 9.664250 32.496582 63.907580 -0.000013 6.693722 0.000009 -20.179051 -0.514125 6.782784 -2.464798 -1.573995 2.681911 -1.665237 -0.174481 -4.219036 12.710984 -29.825384 -16.130836 -2.646273 -1.527814 1.527820 -15.549438 -3.559426 -12.707138 -1.994610 -1.151581 1.151583 0.000003 -0.000005 0.000001 -9.108284 -0.517885 2.259804 0.038556 1.262297 6.823711 0.214029 -1.397034 17.420117 0.046167 -0.654904 8.066290 -0.000000 0.000002 0.000005 -9.532484 0.000016 0.000000 -0.136233 -2.205094 14.998860 0.214442 -1.398348 17.436874 0.239765 -1.476510 18.446270 -0.000000 0.000001 0.000005 -9.103603 -0.043111 -1.865098 0.030598 -3.075756 20.451022 0.308449 -1.668271 20.948528 0.225819 -1.434041 17.897076 -0.000000 -0.000000 0.000002 -8.076697 -0.486740 -3.806300 0.764894 -4.877287 26.475321 0.214455 -1.398361 17.437026 0.193010 -1.328205 16.535830 0.000001 0.000001 0.000000 4.570401 11.014686 -2.160813 -0.717792 -20.249878 -16.899510 5.973805 -16.155182 -65.928538 0.000005 -1.459346 0.000005 -33.230513 -1.364887 -6.186635 2.466089 -1.576209 2.681697 -0.662910 2.160404 4.832489 11.853555 25.421641 17.058264 2.647884 -1.528753 1.528744 -13.761931 3.522390 9.039605 1.998920 -1.154078 1.154077 0.000002 -0.000001 0.000005 9.109302 -0.518009 2.259899 0.019854 -0.969579 -7.593531 0.267745 1.752596 -17.372431 0.057624 0.820631 -8.034698 -0.000000 -0.000000 0.000002 9.533395 0.000007 -0.000000 -0.076325 2.665809 -15.696833 0.268764 1.755828 -17.405520 0.300508 1.854019 -18.413336 0.000001 0.000000 0.000001 9.104487 -0.042999 -1.865101 0.136881 3.641806 -21.133505 0.386598 2.094828 -20.911884 0.283021 1.800669 -17.865005 0.000001 0.000000 0.000002 8.077793 -0.486890 -3.806300 0.927702 5.555976 -27.128017 0.269155 1.757065 -17.418212 0.241887 1.667729 -16.505888 -0.000000 -0.000000 -0.000001 -8.207801 -6.751718 -1.599544 0.596210 -10.335849 3.512264 7.510633 -8.276069 -3.186727 -3.705637 -3.193839 3.026300 -7.252614 -0.000025 -0.000002 0.000000 -0.000001 -0.000000 8.207800 -6.751717 -1.599544 -10.752602 14.548996 10.332652 12.141612 2.595133 4.138074 1.273206 0.139760 -7.119436 -4.983706 0.000012 0.000003 -0.000000 0.000001 0.000000 
-1.424596 103.377586 0.121838 -148.473231 -82.838795 -152.092112 0.000000 10.181548 0.131524 3.296973 1.543014 2.729724 1.151890 0.339449 1.552798 1.126012 0.361523 1.555887 -0.000000 16.740360 -2.049019 5.626314 -0.078941 0.454683 0.000000 9.617867 1.684975 -7.563343 1.375735 -0.080567 0.000000 22.037369 7.501073 -0.000000 -0.000000 0.000000 -4.570003 11.014878 -2.160838 2.959889 12.023758 8.926847 9.664250 32.496582 63.907580 -0.000013 6.693722 0.000009 -20.179051 -0.514125 6.782784 -2.464798 -1.573995 2.681911 -1.665237 -0.174481 -4.219036 12.710984 -29.825384 -16.130836 -2.646273 -1.527814 1.527820 -15.549438 -3.559426 -12.707138 -1.994610 -1.151581 1.151583 0.000003 -0.000005 0.000001 -9.108284 -0.517885 2.259804 0.038556 1.262297 6.823711 0.214029 -1.397034 17.420117 0.046167 -0.654904 8.066290 -0.000000 0.000002 0.000005 -9.532484 0.000016 0.000000 -0.136233 -2.205094 14.998860 0.214442 -1.398348 17.436874 0.239765 -1.476510 18.446270 -0.000000 0.000001 0.000005 -9.103603 -0.043111 -1.865098 0.030598 -3.075756 20.451022 0.308449 -1.668271 20.948528 0.225819 -1.434041 17.897076 -0.000000 -0.000000 0.000002 -8.076697 -0.486740 -3.806300 0.764894 -4.877287 26.475321 0.214455 -1.398361 17.437026 0.193010 -1.328205 16.535830 0.000001 0.000001 0.000000 4.570401 11.014686 -2.160813 -0.717792 -20.249878 -16.899510 5.973805 -16.155182 -65.928538 0.000005 -1.459346 0.000005 -33.230513 -1.364887 -6.186635 2.466089 -1.576209 2.681697 -0.662910 2.160404 4.832489 11.853555 25.421641 17.058264 2.647884 -1.528753 1.528744 -13.761931 3.522390 9.039605 1.998920 -1.154078 1.154077 0.000002 -0.000001 0.000005 9.109302 -0.518009 2.259899 0.019854 -0.969579 -7.593531 0.267745 1.752596 -17.372431 0.057624 0.820631 -8.034698 -0.000000 -0.000000 0.000002 9.533395 0.000007 -0.000000 -0.076325 2.665809 -15.696833 0.268764 1.755828 -17.405520 0.300508 1.854019 -18.413336 0.000001 0.000000 0.000001 9.104487 -0.042999 -1.865101 0.136881 3.641806 -21.133505 0.386598 2.094828 -20.911884 0.283021 1.800669 -17.865005 0.000001 0.000000 0.000002 8.077793 -0.486890 -3.806300 0.927702 5.555976 -27.128017 0.269155 1.757065 -17.418212 0.241887 1.667729 -16.505888 -0.000000 -0.000000 -0.000001 -8.207801 -6.751718 -1.599544 0.596210 -10.335849 3.512264 7.510633 -8.276069 -3.186727 -3.705637 -3.193839 3.026300 -7.252614 -0.000025 -0.000002 0.000000 -0.000001 -0.000000 8.207800 -6.751717 -1.599544 -10.752602 14.548996 10.332652 12.141612 2.595133 4.138074 1.273206 0.139760 -7.119436 -4.983706 0.000012 0.000003 -0.000000 0.000001 0.000000 
-1.424596 103.377586 0.121838 -148.473231 -82.838795 -152.092112 0.000000 10.181548 0.131524 3.296973 1.543014 2.729724 1.151890 0.339449 1.552798 1.126012 0.361523 1.555887 -0.000000 16.740360 -2.049019 5.626314 -0.078941 0.454683 0.000000 9.617867 1.684975 -7.563343 1.375735 -0.080567 0.000000 22.037369 7.501073 -0.000000 -0.000000 0.000000 -4.570003 11.014878 -2.160838 2.959889 12.023758 8.926847 9.664250 32.496582 63.907580 -0.000013 6.693722 0.000009 -20.179051 -0.514125 6.782784 -2.464798 -1.573995 2.681911 -1.665237 -0.174481 -4.219036 12.710984 -29.825384 -16.130836 -2.646273 -1.527814 1.527820 -15.549438 -3.559426 -12.707138 -1.994610 -1.151581 1.151583 0.000003 -0.000005 0.000001 -9.108284 -0.517885 2.259804 0.038556 1.262297 6.823711 0.214029 -1.397034 17.420117 0.046167 -0.654904 8.066290 -0.000000 0.000002 0.000005 -9.532484 0.000016 0.000000 -0.136233 -2.205094 14.998860 0.214442 -1.398348 17.436874 0.239765 -1.476510 18.446270 -0.000000 0.000001 0.000005 -9.103603 -0.043111 -1.865098 0.030598 -3.075756 20.451022 0.308449 -1.668271 20.948528 0.225819 -1.434041 17.897076 -0.000000 -0.000000 0.000002 -8.076697 -0.486740 -3.806300 0.764894 -4.877287 26.475321 0.214455 -1.398361 17.437026 0.193010 -1.328205 16.535830 0.000001 0.000001 0.000000 4.570401 11.014686 -2.160813 -0.717792 -20.249878 -16.899510 5.973805 -16.155182 -65.928538 0.000005 -1.459346 0.000005 -33.230513 -1.364887 -6.186635 2.466089 -1.576209 2.681697 -0.662910 2.160404 4.832489 11.853555 25.421641 17.058264 2.647884 -1.528753 1.528744 -13.761931 3.522390 9.039605 1.998920 -1.154078 1.154077 0.000002 -0.000001 0.000005 9.109302 -0.518009 2.259899 0.019854 -0.969579 -7.593531 0.267745 1.752596 -17.372431 0.057624 0.820631 -8.034698 -0.000000 -0.000000 0.000002 9.533395 0.000007 -0.000000 -0.076325 2.665809 -15.696833 0.268764 1.755828 -17.405520 0.300508 1.854019 -18.413336 0.000001 0.000000 0.000001 9.104487 -0.042999 -1.865101 0.136881 3.641806 -21.133505 0.386598 2.094828 -20.911884 0.283021 1.800669 -17.865005 0.000001 0.000000 0.000002 8.077793 -0.486890 -3.806300 0.927702 5.555976 -27.128017 0.269155 1.757065 -17.418212 0.241887 1.667729 -16.505888 -0.000000 -0.000000 -0.000001 -8.207801 -6.751718 -1.599544 0.596210 -10.335849 3.512264 7.510633 -8.276069 -3.186727 -3.705637 -3.193839 3.026300 -7.252614 -0.000025 -0.000002 0.000000 -0.000001 -0.000000 8.207800 -6.751717 -1.599544 -10.752602 14.548996 10.332652 12.141612 2.595133 4.138074 1.273206 0.139760 -7.119436 -4.983706 0.000012 0.000003 -0.000000 0.000001 0.000000 
-1.424596 103.377586 0.121838 -148.473231 -82.838795 -152.092112 0.000000 10.181548 0.131524 3.296973 1.543014 2.729724 1.151890 0.339449 1.552798 1.126012 0.361523 1.555887 -0.000000 16.740360 -2.049019 5.626314 -0.078941 0.454683 0.000000 9.617867 1.684975 -7.563343 1.375735 -0.080567 0.000000 22.037369 7.501073 -0.000000 -0.000000 0.000000 -4.570003 11.014878 -2.160838 2.959889 12.023758 8.926847 9.664250 32.496582 63.907580 -0.000013 6.693722 0.000009 -20.179051 -0.514125 6.782784 -2.464798 -1.573995 2.681911 -1.665237 -0.174481 -4.219036 12.710984 -29.825384 -16.130836 -2.646273 -1.527814 1.527820 -15.549438 -3.559426 -12.707138 -1.994610 -1.151581 1.151583 0.000003 -0.000005 0.000001 -9.108284 -0.517885 2.259804 0.038556 1.262297 6.823711 0.214029 -1.397034 17.420117 0.046167 -0.654904 8.066290 -0.000000 0.000002 0.000005 -9.532484 0.000016 0.000000 -0.136233 -2.205094 14.998860 0.214442 -1.398348 17.436874 0.239765 -1.476510 18.446270 -0.000000 0.000001 0.000005 -9.103603 -0.043111 -1.865098 0.030598 -3.075756 20.451022 0.308449 -1.668271 20.948528 0.225819 -1.434041 17.897076 -0.000000 -0.000000 0.000002 -8.076697 -0.486740 -3.806300 0.764894 -4.877287 26.475321 0.214455 -1.398361 17.437026 0.193010 -1.328205 16.535830 0.000001 0.000001 0.000000 4.570401 11.014686 -2.160813 -0.717792 -20.249878 -16.899510 5.973805 -16.155182 -65.928538 0.000005 -1.459346 0.000005 -33.230513 -1.364887 -6.186635 2.466089 -1.576209 2.681697 -0.662910 2.160404 4.832489 11.853555 25.421641 17.058264 2.647884 -1.528753 1.528744 -13.761931 3.522390 9.039605 1.998920 -1.154078 1.154077 0.000002 -0.000001 0.000005 9.109302 -0.518009 2.259899 0.019854 -0.969579 -7.593531 0.267745 1.752596 -17.372431 0.057624 0.820631 -8.034698 -0.000000 -0.000000 0.000002 9.533395 0.000007 -0.000000 -0.076325 2.665809 -15.696833 0.268764 1.755828 -17.405520 0.300508 1.854019 -18.413336 0.000001 0.000000 0.000001 9.104487 -0.042999 -1.865101 0.136881 3.641806 -21.133505 0.386598 2.094828 -20.911884 0.283021 1.800669 -17.865005 0.000001 0.000000 0.000002 8.077793 -0.486890 -3.806300 0.927702 5.555976 -27.128017 0.269155 1.757065 -17.418212 0.241887 1.667729 -16.505888 -0.000000 -0.000000 -0.000001 -8.207801 -6.751718 -1.599544 0.596210 -10.335849 3.512264 7.510633 -8.276069 -3.186727 -3.705637 -3.193839 3.026300 -7.252614 -0.000025 -0.000002 0.000000 -0.000001 -0.000000 8.207800 -6.751717 -1.599544 -10.752602 14.548996 10.332652 12.141612 2.595133 4.138074 1.273206 0.139760 -7.119436 -4.983706 0.000012 0.000003 -0.000000 0.000001 0.000000 
-1.424596 103.377586 0.121838 -148.473231 -82.838795 -152.092112 0.000000 10.181548 0.131524 3.296973 1.543014 2.729724 1.151890 0.339449 1.552798 1.126012 0.361523 1.555887 -0.000000 16.740360 -2.049019 5.626314 -0.078941 0.454683 0.000000 9.617867 1.684975 -7.563343 1.375735 -0.080567 0.000000 22.037369 7.501073 -0.000000 -0.000000 0.000000 -4.570003 11.014878 -2.160838 2.959889 12.023758 8.926847 9.664250 32.496582 63.907580 -0.000013 6.693722 0.000009 -20.179051 -0.514125 6.782784 -2.464798 -1.573995 2.681911 -1.665237 -0.174481 -4.219036 12.710984 -29.825384 -16.130836 -2.646273 -1.527814 1.527820 -15.549438 -3.559426 -12.707138 -1.994610 -1.151581 1.151583 0.000003 -0.000005 0.000001 -9.108284 -0.517885 2.259804 0.038556 1.262297 6.823711 0.214029 -1.397034 17.420117 0.046167 -0.654904 8.066290 -0.000000 0.000002 0.000005 -9.532484 0.000016 0.000000 -0.136233 -2.205094 14.998860 0.214442 -1.398348 17.436874 0.239765 -1.476510 18.446270 -0.000000 0.000001 0.000005 -9.103603 -0.043111 -1.865098 0.030598 -3.075756 20.451022 0.308449 -1.668271 20.948528 0.225819 -1.434041 17.897076 -0.000000 -0.000000 0.000002 -8.076697 -0.486740 -3.806300 0.764894 -4.877287 26.475321 0.214455 -1.398361 17.437026 0.193010 -1.328205 16.535830 0.000001 0.000001 0.000000 4.570401 11.014686 -2.160813 -0.717792 -20.249878 -16.899510 5.973805 -16.155182 -65.928538 0.000005 -1.459346 0.000005 -33.230513 -1.364887 -6.186635 2.466089 -1.576209 2.681697 -0.662910 2.160404 4.832489 11.853555 25.421641 17.058264 2.647884 -1.528753 1.528744 -13.761931 3.522390 9.039605 1.998920 -1.154078 1.154077 0.000002 -0.000001 0.000005 9.109302 -0.518009 2.259899 0.019854 -0.969579 -7.593531 0.267745 1.752596 -17.372431 0.057624 0.820631 -8.034698 -0.000000 -0.000000 0.000002 9.533395 0.000007 -0.000000 -0.076325 2.665809 -15.696833 0.268764 1.755828 -17.405520 0.300508 1.854019 -18.413336 0.000001 0.000000 0.000001 9.104487 -0.042999 -1.865101 0.136881 3.641806 -21.133505 0.386598 2.094828 -20.911884 0.283021 1.800669 -17.865005 0.000001 0.000000 0.000002 8.077793 -0.486890 -3.806300 0.927702 5.555976 -27.128017 0.269155 1.757065 -17.418212 0.241887 1.667729 -16.505888 -0.000000 -0.000000 -0.000001 -8.207801 -6.751718 -1.599544 0.596210 -10.335849 3.512264 7.510633 -8.276069 -3.186727 -3.705637 -3.193839 3.026300 -7.252614 -0.000025 -0.000002 0.000000 -0.000001 -0.000000 8.207800 -6.751717 -1.599544 -10.752602 14.548996 10.332652 12.141612 2.595133 4.138074 1.273206 0.139760 -7.119436 -4.983706 0.000012 0.000003 -0.000000 0.000001 0.000000 
-1.424596 103.377586 0.121838 -148.473231 -82.838795 -152.092112 0.000000 10.181548 0.131524 3.296973 1.543014 2.729724 1.151890 0.339449 1.552798 1.126012 0.361523 1.555887 -0.000000 16.740360 -2.049019 5.626314 -0.078941 0.454683 0.000000 9.617867 1.684975 -7.563343 1.375735 -0.080567 0.000000 22.037369 7.501073 -0.000000 -0.000000 0.000000 -4.570003 11.014878 -2.160838 2.959889 12.023758 8.926847 9.664250 32.496582 63.907580 -0.000013 6.693722 0.000009 -20.179051 -0.514125 6.782784 -2.464798 -1.573995 2.681911 -1.665237 -0.174481 -4.219036 12.710984 -29.825384 -16.130836 -2.646273 -1.527814 1.527820 -15.549438 -3.559426 -12.707138 -1.994610 -1.151581 1.151583 0.000003 -0.000005 0.000001 -9.108284 -0.517885 2.259804 0.038556 1.262297 6.823711 0.214029 -1.397034 17.420117 0.046167 -0.654904 8.066290 -0.000000 0.000002 0.000005 -9.532484 0.000016 0.000000 -0.136233 -2.205094 14.998860 0.214442 -1.398348 17.436874 0.239765 -1.476510 18.446270 -0.000000 0.000001 0.000005 -9.103603 -0.043111 -1.865098 0.030598 -3.075756 20.451022 0.308449 -1.668271 20.948528 0.225819 -1.434041 17.897076 -0.000000 -0.000000 0.000002 -8.076697 -0.486740 -3.806300 0.764894 -4.877287 26.475321 0.214455 -1.398361 17.437026 0.193010 -1.328205 16.535830 0.000001 0.000001 0.000000 4.570401 11.014686 -2.160813 -0.717792 -20.249878 -16.899510 5.973805 -16.155182 -65.928538 0.000005 -1.459346 0.000005 -33.230513 -1.364887 -6.186635 2.466089 -1.576209 2.681697 -0.662910 2.160404 4.832489 11.853555 25.421641 17.058264 2.647884 -1.528753 1.528744 -13.761931 3.522390 9.039605 1.998920 -1.154078 1.154077 0.000002 -0.000001 0.000005 9.109302 -0.518009 2.259899 0.019854 -0.969579 -7.593531 0.267745 1.752596 -17.372431 0.057624 0.820631 -8.034698 -0.000000 -0.000000 0.000002 9.533395 0.000007 -0.000000 -0.076325 2.665809 -15.696833 0.268764 1.755828 -17.405520 0.300508 1.854019 -18.413336 0.000001 0.000000 0.000001 9.104487 -0.042999 -1.865101 0.136881 3.641806 -21.133505 0.386598 2.094828 -20.911884 0.283021 1.800669 -17.865005 0.000001 0.000000 0.000002 8.077793 -0.486890 -3.806300 0.927702 5.555976 -27.128017 0.269155 1.757065 -17.418212 0.241887 1.667729 -16.505888 -0.000000 -0.000000 -0.000001 -8.207801 -6.751718 -1.599544 0.596210 -10.335849 3.512264 7.510633 -8.276069 -3.186727 -3.705637 -3.193839 3.026300 -7.252614 -0.000025 -0.000002 0.000000 -0.000001 -0.000000 8.207800 -6.751717 -1.599544 -10.752602 14.548996 10.332652 12.141612 2.595133 4.138074 1.273206 0.139760 -7.119436 -4.983706 0.000012 0.000003 -0.000000 0.000001 0.000000 
-1.424596 103.377586 0.121838 -148.473231 -82.838795 -152.092112 0.000000 10.181548 0.131524 3.296973 1.543014 2.729724 1.151890 0.339449 1.552798 1.126012 0.361523 1.555887 -0.000000 16.740360 -2.049019 5.626314 -0.078941 0.454683 0.000000 9.617867 1.684975 -7.563343 1.375735 -0.080567 0.000000 22.037369 7.501073 -0.000000 -0.000000 0.000000 -4.570003 11.014878 -2.160838 2.959889 12.023758 8.926847 9.664250 32.496582 63.907580 -0.000013 6.693722 0.000009 -20.179051 -0.514125 6.782784 -2.464798 -1.573995 2.681911 -1.665237 -0.174481 -4.219036 12.710984 -29.825384 -16.130836 -2.646273 -1.527814 1.527820 -15.549438 -3.559426 -12.707138 -1.994610 -1.151581 1.151583 0.000003 -0.000005 0.000001 -9.108284 -0.517885 2.259804 0.038556 1.262297 6.823711 0.214029 -1.397034 17.420117 0.046167 -0.654904 8.066290 -0.000000 0.000002 0.000005 -9.532484 0.000016 0.000000 -0.136233 -2.205094 14.998860 0.214442 -1.398348 17.436874 0.239765 -1.476510 18.446270 -0.000000 0.000001 0.000005 -9.103603 -0.043111 -1.865098 0.030598 -3.075756 20.451022 0.308449 -1.668271 20.948528 0.225819 -1.434041 17.897076 -0.000000 -0.000000 0.000002 -8.076697 -0.486740 -3.806300 0.764894 -4.877287 26.475321 0.214455 -1.398361 17.437026 0.193010 -1.328205 16.535830 0.000001 0.000001 0.000000 4.570401 11.014686 -2.160813 -0.717792 -20.249878 -16.899510 5.973805 -16.155182 -65.928538 0.000005 -1.459346 0.000005 -33.230513 -1.364887 -6.186635 2.466089 -1.576209 2.681697 -0.662910 2.160404 4.832489 11.853555 25.421641 17.058264 2.647884 -1.528753 1.528744 -13.761931 3.522390 9.039605 1.998920 -1.154078 1.154077 0.000002 -0.000001 0.000005 9.109302 -0.518009 2.259899 0.019854 -0.969579 -7.593531 0.267745 1.752596 -17.372431 0.057624 0.820631 -8.034698 -0.000000 -0.000000 0.000002 9.533395 0.000007 -0.000000 -0.076325 2.665809 -15.696833 0.268764 1.755828 -17.405520 0.300508 1.854019 -18.413336 0.000001 0.000000 0.000001 9.104487 -0.042999 -1.865101 0.136881 3.641806 -21.133505 0.386598 2.094828 -20.911884 0.283021 1.800669 -17.865005 0.000001 0.000000 0.000002 8.077793 -0.486890 -3.806300 0.927702 5.555976 -27.128017 0.269155 1.757065 -17.418212 0.241887 1.667729 -16.505888 -0.000000 -0.000000 -0.000001 -8.207801 -6.751718 -1.599544 0.596210 -10.335849 3.512264 7.510633 -8.276069 -3.186727 -3.705637 -3.193839 3.026300 -7.252614 -0.000025 -0.000002 0.000000 -0.000001 -0.000000 8.207800 -6.751717 -1.599544 -10.752602 14.548996 10.332652 12.141612 2.595133 4.138074 1.273206 0.139760 -7.119436 -4.983706 0.000012 0.000003 -0.000000 0.000001 0.000000 
-1.424596 103.377586 0.121838 -148.473231 -82.838795 -152.092112 0.000000 10.181548 0.131524 3.296973 1.543014 2.729724 1.151890 0.339449 1.552798 1.126012 0.361523 1.555887 -0.000000 16.740360 -2.049019 5.626314 -0.078941 0.454683 0.000000 9.617867 1.684975 -7.563343 1.375735 -0.080567 0.000000 22.037369 7.501073 -0.000000 -0.000000 0.000000 -4.570003 11.014878 -2.160838 2.959889 12.023758 8.926847 9.664250 32.496582 63.907580 -0.000013 6.693722 0.000009 -20.179051 -0.514125 6.782784 -2.464798 -1.573995 2.681911 -1.665237 -0.174481 -4.219036 12.710984 -29.825384 -16.130836 -2.646273 -1.527814 1.527820 -15.549438 -3.559426 -12.707138 -1.994610 -1.151581 1.151583 0.000003 -0.000005 0.000001 -9.108284 -0.517885 2.259804 0.038556 1.262297 6.823711 0.214029 -1.397034 17.420117 0.046167 -0.654904 8.066290 -0.000000 0.000002 0.000005 -9.532484 0.000016 0.000000 -0.136233 -2.205094 14.998860 0.214442 -1.398348 17.436874 0.239765 -1.476510 18.446270 -0.000000 0.000001 0.000005 -9.103603 -0.043111 -1.865098 0.030598 -3.075756 20.451022 0.308449 -1.668271 20.948528 0.225819 -1.434041 17.897076 -0.000000 -0.000000 0.000002 -8.076697 -0.486740 -3.806300 0.764894 -4.877287 26.475321 0.214455 -1.398361 17.437026 0.193010 -1.328205 16.535830 0.000001 0.000001 0.000000 4.570401 11.014686 -2.160813 -0.717792 -20.249878 -16.899510 5.973805 -16.155182 -65.928538 0.000005 -1.459346 0.000005 -33.230513 -1.364887 -6.186635 2.466089 -1.576209 2.681697 -0.662910 2.160404 4.832489 11.853555 25.421641 17.058264 2.647884 -1.528753 1.528744 -13.761931 3.522390 9.039605 1.998920 -1.154078 1.154077 0.000002 -0.000001 0.000005 9.109302 -0.518009 2.259899 0.019854 -0.969579 -7.593531 0.267745 1.752596 -17.372431 0.057624 0.820631 -8.034698 -0.000000 -0.000000 0.000002 9.533395 0.000007 -0.000000 -0.076325 2.665809 -15.696833 0.268764 1.755828 -17.405520 0.300508 1.854019 -18.413336 0.000001 0.000000 0.000001 9.104487 -0.042999 -1.865101 0.136881 3.641806 -21.133505 0.386598 2.094828 -20.911884 0.283021 1.800669 -17.865005 0.000001 0.000000 0.000002 8.077793 -0.486890 -3.806300 0.927702 5.555976 -27.128017 0.269155 1.757065 -17.418212 0.241887 1.667729 -16.505888 -0.000000 -0.000000 -0.000001 -8.207801 -6.751718 -1.599544 0.596210 -10.335849 3.512264 7.510633 -8.276069 -3.186727 -3.705637 -3.193839 3.026300 -7.252614 -0.000025 -0.000002 0.000000 -0.000001 -0.000000 8.207800 -6.751717 -1.599544 -10.752602 14.548996 10.332652 12.141612 2.595133 4.138074 1.273206 0.139760 -7.119436 -4.983706 0.000012 0.000003 -0.000000 0.000001 0.000000 
-1.424596 103.377586 0.121838 -148.473231 -82.838795 -152.092112 0.000000 10.181548 0.131524 3.296973 1.543014 2.729724 1.151890 0.339449 1.552798 1.126012 0.361523 1.555887 -0.000000 16.740360 -2.049019 5.626314 -0.078941 0.454683 0.000000 9.617867 1.684975 -7.563343 1.375735 -0.080567 0.000000 22.037369 7.501073 -0.000000 -0.000000 0.000000 -4.570003 11.014878 -2.160838 2.959889 12.023758 8.926847 9.664250 32.496582 63.907580 -0.000013 6.693722 0.000009 -20.179051 -0.514125 6.782784 -2.464798 -1.573995 2.681911 -1.665237 -0.174481 -4.219036 12.710984 -29.825384 -16.130836 -2.646273 -1.527814 1.527820 -15.549438 -3.559426 -12.707138 -1.994610 -1.151581 1.151583 0.000003 -0.000005 0.000001 -9.108284 -0.517885 2.259804 0.038556 1.262297 6.823711 0.214029 -1.397034 17.420117 0.046167 -0.654904 8.066290 -0.000000 0.000002 0.000005 -9.532484 0.000016 0.000000 -0.136233 -2.205094 14.998860 0.214442 -1.398348 17.436874 0.239765 -1.476510 18.446270 -0.000000 0.000001 0.000005 -9.103603 -0.043111 -1.865098 0.030598 -3.075756 20.451022 0.308449 -1.668271 20.948528 0.225819 -1.434041 17.897076 -0.000000 -0.000000 0.000002 -8.076697 -0.486740 -3.806300 0.764894 -4.877287 26.475321 0.214455 -1.398361 17.437026 0.193010 -1.328205 16.535830 0.000001 0.000001 0.000000 4.570401 11.014686 -2.160813 -0.717792 -20.249878 -16.899510 5.973805 -16.155182 -65.928538 0.000005 -1.459346 0.000005 -33.230513 -1.364887 -6.186635 2.466089 -1.576209 2.681697 -0.662910 2.160404 4.832489 11.853555 25.421641 17.058264 2.647884 -1.528753 1.528744 -13.761931 3.522390 9.039605 1.998920 -1.154078 1.154077 0.000002 -0.000001 0.000005 9.109302 -0.518009 2.259899 0.019854 -0.969579 -7.593531 0.267745 1.752596 -17.372431 0.057624 0.820631 -8.034698 -0.000000 -0.000000 0.000002 9.533395 0.000007 -0.000000 -0.076325 2.665809 -15.696833 0.268764 1.755828 -17.405520 0.300508 1.854019 -18.413336 0.000001 0.000000 0.000001 9.104487 -0.042999 -1.865101 0.136881 3.641806 -21.133505 0.386598 2.094828 -20.911884 0.283021 1.800669 -17.865005 0.000001 0.000000 0.000002 8.077793 -0.486890 -3.806300 0.927702 5.555976 -27.128017 0.269155 1.757065 -17.418212 0.241887 1.667729 -16.505888 -0.000000 -0.000000 -0.000001 -8.207801 -6.751718 -1.599544 0.596210 -10.335849 3.512264 7.510633 -8.276069 -3.186727 -3.705637 -3.193839 3.026300 -7.252614 -0.000025 -0.000002 0.000000 -0.000001 -0.000000 8.207800 -6.751717 -1.599544 -10.752602 14.548996 10.332652 12.141612 2.595133 4.138074 1.273206 0.139760 -7.119436 -4.983706 0.000012 0.000003 -0.000000 0.000001 0.000000 
-1.424596 103.377586 0.121838 -148.473231 -82.838795 -152.092112 0.000000 10.181548 0.131524 3.296973 1.543014 2.729724 1.151890 0.339449 1.552798 1.126012 0.361523 1.555887 -0.000000 16.740360 -2.049019 5.626314 -0.078941 0.454683 0.000000 9.617867 1.684975 -7.563343 1.375735 -0.080567 0.000000 22.037369 7.501073 -0.000000 -0.000000 0.000000 -4.570003 11.014878 -2.160838 2.959889 12.023758 8.926847 9.664250 32.496582 63.907580 -0.000013 6.693722 0.000009 -20.179051 -0.514125 6.782784 -2.464798 -1.573995 2.681911 -1.665237 -0.174481 -4.219036 12.710984 -29.825384 -16.130836 -2.646273 -1.527814 1.527820 -15.549438 -3.559426 -12.707138 -1.994610 -1.151581 1.151583 0.000003 -0.000005 0.000001 -9.108284 -0.517885 2.259804 0.038556 1.262297 6.823711 0.214029 -1.397034 17.420117 0.046167 -0.654904 8.066290 -0.000000 0.000002 0.000005 -9.532484 0.000016 0.000000 -0.136233 -2.205094 14.998860 0.214442 -1.398348 17.436874 0.239765 -1.476510 18.446270 -0.000000 0.000001 0.000005 -9.103603 -0.043111 -1.865098 0.030598 -3.075756 20.451022 0.308449 -1.668271 20.948528 0.225819 -1.434041 17.897076 -0.000000 -0.000000 0.000002 -8.076697 -0.486740 -3.806300 0.764894 -4.877287 26.475321 0.214455 -1.398361 17.437026 0.193010 -1.328205 16.535830 0.000001 0.000001 0.000000 4.570401 11.014686 -2.160813 -0.717792 -20.249878 -16.899510 5.973805 -16.155182 -65.928538 0.000005 -1.459346 0.000005 -33.230513 -1.364887 -6.186635 2.466089 -1.576209 2.681697 -0.662910 2.160404 4.832489 11.853555 25.421641 17.058264 2.647884 -1.528753 1.528744 -13.761931 3.522390 9.039605 1.998920 -1.154078 1.154077 0.000002 -0.000001 0.000005 9.109302 -0.518009 2.259899 0.019854 -0.969579 -7.593531 0.267745 1.752596 -17.372431 0.057624 0.820631 -8.034698 -0.000000 -0.000000 0.000002 9.533395 0.000007 -0.000000 -0.076325 2.665809 -15.696833 0.268764 1.755828 -17.405520 0.300508 1.854019 -18.413336 0.000001 0.000000 0.000001 9.104487 -0.042999 -1.865101 0.136881 3.641806 -21.133505 0.386598 2.094828 -20.911884 0.283021 1.800669 -17.865005 0.000001 0.000000 0.000002 8.077793 -0.486890 -3.806300 0.927702 5.555976 -27.128017 0.269155 1.757065 -17.418212 0.241887 1.667729 -16.505888 -0.000000 -0.000000 -0.000001 -8.207801 -6.751718 -1.599544 0.596210 -10.335849 3.512264 7.510633 -8.276069 -3.186727 -3.705637 -3.193839 3.026300 -7.252614 -0.000025 -0.000002 0.000000 -0.000001 -0.000000 8.207800 -6.751717 -1.599544 -10.752602 14.548996 10.332652 12.141612 2.595133 4.138074 1.273206 0.139760 -7.119436 -4.983706 0.000012 0.000003 -0.000000 0.000001 0.000000 
-1.424596 103.377586 0.121838 -148.473231 -82.838795 -152.092112 0.000000 10.181548 0.131524 3.296973 1.543014 2.729724 1.151890 0.339449 1.552798 1.126012 0.361523 1.555887 -0.000000 16.740360 -2.049019 5.626314 -0.078941 0.454683 0.000000 9.617867 1.684975 -7.563343 1.375735 -0.080567 0.000000 22.037369 7.501073 -0.000000 -0.000000 0.000000 -4.570003 11.014878 -2.160838 2.959889 12.023758 8.926847 9.664250 32.496582 63.907580 -0.000013 6.693722 0.000009 -20.179051 -0.514125 6.782784 -2.464798 -1.573995 2.681911 -1.665237 -0.174481 -4.219036 12.710984 -29.825384 -16.130836 -2.646273 -1.527814 1.527820 -15.549438 -3.559426 -12.707138 -1.994610 -1.151581 1.151583 0.000003 -0.000005 0.000001 -9.108284 -0.517885 2.259804 0.038556 1.262297 6.823711 0.214029 -1.397034 17.420117 0.046167 -0.654904 8.066290 -0.000000 0.000002 0.000005 -9.532484 0.000016 0.000000 -0.136233 -2.205094 14.998860 0.214442 -1.398348 17.436874 0.239765 -1.476510 18.446270 -0.000000 0.000001 0.000005 -9.103603 -0.043111 -1.865098 0.030598 -3.075756 20.451022 0.308449 -1.668271 20.948528 0.225819 -1.434041 17.897076 -0.000000 -0.000000 0.000002 -8.076697 -0.486740 -3.806300 0.764894 -4.877287 26.475321 0.214455 -1.398361 17.437026 0.193010 -1.328205 16.535830 0.000001 0.000001 0.000000 4.570401 11.014686 -2.160813 -0.717792 -20.249878 -16.899510 5.973805 -16.155182 -65.928538 0.000005 -1.459346 0.000005 -33.230513 -1.364887 -6.186635 2.466089 -1.576209 2.681697 -0.662910 2.160404 4.832489 11.853555 25.421641 17.058264 2.647884 -1.528753 1.528744 -13.761931 3.522390 9.039605 1.998920 -1.154078 1.154077 0.000002 -0.000001 0.000005 9.109302 -0.518009 2.259899 0.019854 -0.969579 -7.593531 0.267745 1.752596 -17.372431 0.057624 0.820631 -8.034698 -0.000000 -0.000000 0.000002 9.533395 0.000007 -0.000000 -0.076325 2.665809 -15.696833 0.268764 1.755828 -17.405520 0.300508 1.854019 -18.413336 0.000001 0.000000 0.000001 9.104487 -0.042999 -1.865101 0.136881 3.641806 -21.133505 0.386598 2.094828 -20.911884 0.283021 1.800669 -17.865005 0.000001 0.000000 0.000002 8.077793 -0.486890 -3.806300 0.927702 5.555976 -27.128017 0.269155 1.757065 -17.418212 0.241887 1.667729 -16.505888 -0.000000 -0.000000 -0.000001 -8.207801 -6.751718 -1.599544 0.596210 -10.335849 3.512264 7.510633 -8.276069 -3.186727 -3.705637 -3.193839 3.026300 -7.252614 -0.000025 -0.000002 0.000000 -0.000001 -0.000000 8.207800 -6.751717 -1.599544 -10.752602 14.548996 10.332652 12.141612 2.595133 4.138074 1.273206 0.139760 -7.119436 -4.983706 0.000012 0.000003 -0.000000 0.000001 0.000000 
-1.424596 103.377586 0.121838 -148.473231 -82.838795 -152.092112 0.000000 10.181548 0.131524 3.296973 1.543014 2.729724 1.151890 0.339449 1.552798 1.126012 0.361523 1.555887 -0.000000 16.740360 -2.049019 5.626314 -0.078941 0.454683 0.000000 9.617867 1.684975 -7.563343 1.375735 -0.080567 0.000000 22.037369 7.501073 -0.000000 -0.000000 0.000000 -4.570003 11.014878 -2.160838 2.959889 12.023758 8.926847 9.664250 32.496582 63.907580 -0.000013 6.693722 0.000009 -20.179051 -0.514125 6.782784 -2.464798 -1.573995 2.681911 -1.665237 -0.174481 -4.219036 12.710984 -29.825384 -16.130836 -2.646273 -1.527814 1.527820 -15.549438 -3.559426 -12.707138 -1.994610 -1.151581 1.151583 0.000003 -0.000005 0.000001 -9.108284 -0.517885 2.259804 0.038556 1.262297 6.823711 0.214029 -1.397034 17.420117 0.046167 -0.654904 8.066290 -0.000000 0.000002 0.000005 -9.532484 0.000016 0.000000 -0.136233 -2.205094 14.998860 0.214442 -1.398348 17.436874 0.239765 -1.476510 18.446270 -0.000000 0.000001 0.000005 -9.103603 -0.043111 -1.865098 0.030598 -3.075756 20.451022 0.308449 -1.668271 20.948528 0.225819 -1.434041 17.897076 -0.000000 -0.000000 0.000002 -8.076697 -0.486740 -3.806300 0.764894 -4.877287 26.475321 0.214455 -1.398361 17.437026 0.193010 -1.328205 16.535830 0.000001 0.000001 0.000000 4.570401 11.014686 -2.160813 -0.717792 -20.249878 -16.899510 5.973805 -16.155182 -65.928538 0.000005 -1.459346 0.000005 -33.230513 -1.364887 -6.186635 2.466089 -1.576209 2.681697 -0.662910 2.160404 4.832489 11.853555 25.421641 17.058264 2.647884 -1.528753 1.528744 -13.761931 3.522390 9.039605 1.998920 -1.154078 1.154077 0.000002 -0.000001 0.000005 9.109302 -0.518009 2.259899 0.019854 -0.969579 -7.593531 0.267745 1.752596 -17.372431 0.057624 0.820631 -8.034698 -0.000000 -0.000000 0.000002 9.533395 0.000007 -0.000000 -0.076325 2.665809 -15.696833 0.268764 1.755828 -17.405520 0.300508 1.854019 -18.413336 0.000001 0.000000 0.000001 9.104487 -0.042999 -1.865101 0.136881 3.641806 -21.133505 0.386598 2.094828 -20.911884 0.283021 1.800669 -17.865005 0.000001 0.000000 0.000002 8.077793 -0.486890 -3.806300 0.927702 5.555976 -27.128017 0.269155 1.757065 -17.418212 0.241887 1.667729 -16.505888 -0.000000 -0.000000 -0.000001 -8.207801 -6.751718 -1.599544 0.596210 -10.335849 3.512264 7.510633 -8.276069 -3.186727 -3.705637 -3.193839 3.026300 -7.252614 -0.000025 -0.000002 0.000000 -0.000001 -0.000000 8.207800 -6.751717 -1.599544 -10.752602 14.548996 10.332652 12.141612 2.595133 4.138074 1.273206 0.139760 -7.119436 -4.983706 0.000012 0.000003 -0.000000 0.000001 0.000000 
-1.424596 103.377586 0.121838 -148.473231 -82.838795 -152.092112 0.000000 10.181548 0.131524 3.296973 1.543014 2.729724 1.151890 0.339449 1.552798 1.126012 0.361523 1.555887 -0.000000 16.740360 -2.049019 5.626314 -0.078941 0.454683 0.000000 9.617867 1.684975 -7.563343 1.375735 -0.080567 0.000000 22.037369 7.501073 -0.000000 -0.000000 0.000000 -4.570003 11.014878 -2.160838 2.959889 12.023758 8.926847 9.664250 32.496582 63.907580 -0.000013 6.693722 0.000009 -20.179051 -0.514125 6.782784 -2.464798 -1.573995 2.681911 -1.665237 -0.174481 -4.219036 12.710984 -29.825384 -16.130836 -2.646273 -1.527814 1.527820 -15.549438 -3.559426 -12.707138 -1.994610 -1.151581 1.151583 0.000003 -0.000005 0.000001 -9.108284 -0.517885 2.259804 0.038556 1.262297 6.823711 0.214029 -1.397034 17.420117 0.046167 -0.654904 8.066290 -0.000000 0.000002 0.000005 -9.532484 0.000016 0.000000 -0.136233 -2.205094 14.998860 0.214442 -1.398348 17.436874 0.239765 -1.476510 18.446270 -0.000000 0.000001 0.000005 -9.103603 -0.043111 -1.865098 0.030598 -3.075756 20.451022 0.308449 -1.668271 20.948528 0.225819 -1.434041 17.897076 -0.000000 -0.000000 0.000002 -8.076697 -0.486740 -3.806300 0.764894 -4.877287 26.475321 0.214455 -1.398361 17.437026 0.193010 -1.328205 16.535830 0.000001 0.000001 0.000000 4.570401 11.014686 -2.160813 -0.717792 -20.249878 -16.899510 5.973805 -16.155182 -65.928538 0.000005 -1.459346 0.000005 -33.230513 -1.364887 -6.186635 2.466089 -1.576209 2.681697 -0.662910 2.160404 4.832489 11.853555 25.421641 17.058264 2.647884 -1.528753 1.528744 -13.761931 3.522390 9.039605 1.998920 -1.154078 1.154077 0.000002 -0.000001 0.000005 9.109302 -0.518009 2.259899 0.019854 -0.969579 -7.593531 0.267745 1.752596 -17.372431 0.057624 0.820631 -8.034698 -0.000000 -0.000000 0.000002 9.533395 0.000007 -0.000000 -0.076325 2.665809 -15.696833 0.268764 1.755828 -17.405520 0.300508 1.854019 -18.413336 0.000001 0.000000 0.000001 9.104487 -0.042999 -1.865101 0.136881 3.641806 -21.133505 0.386598 2.094828 -20.911884 0.283021 1.800669 -17.865005 0.000001 0.000000 0.000002 8.077793 -0.486890 -3.806300 0.927702 5.555976 -27.128017 0.269155 1.757065 -17.418212 0.241887 1.667729 -16.505888 -0.000000 -0.000000 -0.000001 -8.207801 -6.751718 -1.599544 0.596210 -10.335849 3.512264 7.510633 -8.276069 -3.186727 -3.705637 -3.193839 3.026300 -7.252614 -0.000025 -0.000002 0.000000 -0.000001 -0.000000 8.207800 -6.751717 -1.599544 -10.752602 14.548996 10.332652 12.141612 2.595133 4.138074 1.273206 0.139760 -7.119436 -4.983706 0.000012 0.000003 -0.000000 0.000001 0.000000 
-1.424596 103.377586 0.121838 -148.473231 -82.838795 -152.092112 0.000000 10.181548 0.131524 3.296973 1.543014 2.729724 1.151890 0.339449 1.552798 1.126012 0.361523 1.555887 -0.000000 16.740360 -2.049019 5.626314 -0.078941 0.454683 0.000000 9.617867 1.684975 -7.563343 1.375735 -0.080567 0.000000 22.037369 7.501073 -0.000000 -0.000000 0.000000 -4.570003 11.014878 -2.160838 2.959889 12.023758 8.926847 9.664250 32.496582 63.907580 -0.000013 6.693722 0.000009 -20.179051 -0.514125 6.782784 -2.464798 -1.573995 2.681911 -1.665237 -0.174481 -4.219036 12.710984 -29.825384 -16.130836 -2.646273 -1.527814 1.527820 -15.549438 -3.559426 -12.707138 -1.994610 -1.151581 1.151583 0.000003 -0.000005 0.000001 -9.108284 -0.517885 2.259804 0.038556 1.262297 6.823711 0.214029 -1.397034 17.420117 0.046167 -0.654904 8.066290 -0.000000 0.000002 0.000005 -9.532484 0.000016 0.000000 -0.136233 -2.205094 14.998860 0.214442 -1.398348 17.436874 0.239765 -1.476510 18.446270 -0.000000 0.000001 0.000005 -9.103603 -0.043111 -1.865098 0.030598 -3.075756 20.451022 0.308449 -1.668271 20.948528 0.225819 -1.434041 17.897076 -0.000000 -0.000000 0.000002 -8.076697 -0.486740 -3.806300 0.764894 -4.877287 26.475321 0.214455 -1.398361 17.437026 0.193010 -1.328205 16.535830 0.000001 0.000001 0.000000 4.570401 11.014686 -2.160813 -0.717792 -20.249878 -16.899510 5.973805 -16.155182 -65.928538 0.000005 -1.459346 0.000005 -33.230513 -1.364887 -6.186635 2.466089 -1.576209 2.681697 -0.662910 2.160404 4.832489 11.853555 25.421641 17.058264 2.647884 -1.528753 1.528744 -13.761931 3.522390 9.039605 1.998920 -1.154078 1.154077 0.000002 -0.000001 0.000005 9.109302 -0.518009 2.259899 0.019854 -0.969579 -7.593531 0.267745 1.752596 -17.372431 0.057624 0.820631 -8.034698 -0.000000 -0.000000 0.000002 9.533395 0.000007 -0.000000 -0.076325 2.665809 -15.696833 0.268764 1.755828 -17.405520 0.300508 1.854019 -18.413336 0.000001 0.000000 0.000001 9.104487 -0.042999 -1.865101 0.136881 3.641806 -21.133505 0.386598 2.094828 -20.911884 0.283021 1.800669 -17.865005 0.000001 0.000000 0.000002 8.077793 -0.486890 -3.806300 0.927702 5.555976 -27.128017 0.269155 1.757065 -17.418212 0.241887 1.667729 -16.505888 -0.000000 -0.000000 -0.000001 -8.207801 -6.751718 -1.599544 0.596210 -10.335849 3.512264 7.510633 -8.276069 -3.186727 -3.705637 -3.193839 3.026300 -7.252614 -0.000025 -0.000002 0.000000 -0.000001 -0.000000 8.207800 -6.751717 -1.599544 -10.752602 14.548996 10.332652 12.141612 2.595133 4.138074 1.273206 0.139760 -7.119436 -4.983706 0.000012 0.000003 -0.000000 0.000001 0.000000 
-1.424596 103.377586 0.121838 -148.473231 -82.838795 -152.092112 0.000000 10.181548 0.131524 3.296973 1.543014 2.729724 1.151890 0.339449 1.552798 1.126012 0.361523 1.555887 -0.000000 16.740360 -2.049019 5.626314 -0.078941 0.454683 0.000000 9.617867 1.684975 -7.563343 1.375735 -0.080567 0.000000 22.037369 7.501073 -0.000000 -0.000000 0.000000 -4.570003 11.014878 -2.160838 2.959889 12.023758 8.926847 9.664250 32.496582 63.907580 -0.000013 6.693722 0.000009 -20.179051 -0.514125 6.782784 -2.464798 -1.573995 2.681911 -1.665237 -0.174481 -4.219036 12.710984 -29.825384 -16.130836 -2.646273 -1.527814 1.527820 -15.549438 -3.559426 -12.707138 -1.994610 -1.151581 1.151583 0.000003 -0.000005 0.000001 -9.108284 -0.517885 2.259804 0.038556 1.262297 6.823711 0.214029 -1.397034 17.420117 0.046167 -0.654904 8.066290 -0.000000 0.000002 0.000005 -9.532484 0.000016 0.000000 -0.136233 -2.205094 14.998860 0.214442 -1.398348 17.436874 0.239765 -1.476510 18.446270 -0.000000 0.000001 0.000005 -9.103603 -0.043111 -1.865098 0.030598 -3.075756 20.451022 0.308449 -1.668271 20.948528 0.225819 -1.434041 17.897076 -0.000000 -0.000000 0.000002 -8.076697 -0.486740 -3.806300 0.764894 -4.877287 26.475321 0.214455 -1.398361 17.437026 0.193010 -1.328205 16.535830 0.000001 0.000001 0.000000 4.570401 11.014686 -2.160813 -0.717792 -20.249878 -16.899510 5.973805 -16.155182 -65.928538 0.000005 -1.459346 0.000005 -33.230513 -1.364887 -6.186635 2.466089 -1.576209 2.681697 -0.662910 2.160404 4.832489 11.853555 25.421641 17.058264 2.647884 -1.528753 1.528744 -13.761931 3.522390 9.039605 1.998920 -1.154078 1.154077 0.000002 -0.000001 0.000005 9.109302 -0.518009 2.259899 0.019854 -0.969579 -7.593531 0.267745 1.752596 -17.372431 0.057624 0.820631 -8.034698 -0.000000 -0.000000 0.000002 9.533395 0.000007 -0.000000 -0.076325 2.665809 -15.696833 0.268764 1.755828 -17.405520 0.300508 1.854019 -18.413336 0.000001 0.000000 0.000001 9.104487 -0.042999 -1.865101 0.136881 3.641806 -21.133505 0.386598 2.094828 -20.911884 0.283021 1.800669 -17.865005 0.000001 0.000000 0.000002 8.077793 -0.486890 -3.806300 0.927702 5.555976 -27.128017 0.269155 1.757065 -17.418212 0.241887 1.667729 -16.505888 -0.000000 -0.000000 -0.000001 -8.207801 -6.751718 -1.599544 0.596210 -10.335849 3.512264 7.510633 -8.276069 -3.186727 -3.705637 -3.193839 3.026300 -7.252614 -0.000025 -0.000002 0.000000 -0.000001 -0.000000 8.207800 -6.751717 -1.599544 -10.752602 14.548996 10.332652 12.141612 2.595133 4.138074 1.273206 0.139760 -7.119436 -4.983706 0.000012 0.000003 -0.000000 0.000001 0.000000 
-1.424596 103.377586 0.121838 -148.473231 -82.838795 -152.092112 0.000000 10.181548 0.131524 3.296973 1.543014 2.729724 1.151890 0.339449 1.552798 1.126012 0.361523 1.555887 -0.000000 16.740360 -2.049019 5.626314 -0.078941 0.454683 0.000000 9.617867 1.684975 -7.563343 1.375735 -0.080567 0.000000 22.037369 7.501073 -0.000000 -0.000000 0.000000 -4.570003 11.014878 -2.160838 2.959889 12.023758 8.926847 9.664250 32.496582 63.907580 -0.000013 6.693722 0.000009 -20.179051 -0.514125 6.782784 -2.464798 -1.573995 2.681911 -1.665237 -0.174481 -4.219036 12.710984 -29.825384 -16.130836 -2.646273 -1.527814 1.527820 -15.549438 -3.559426 -12.707138 -1.994610 -1.151581 1.151583 0.000003 -0.000005 0.000001 -9.108284 -0.517885 2.259804 0.038556 1.262297 6.823711 0.214029 -1.397034 17.420117 0.046167 -0.654904 8.066290 -0.000000 0.000002 0.000005 -9.532484 0.000016 0.000000 -0.136233 -2.205094 14.998860 0.214442 -1.398348 17.436874 0.239765 -1.476510 18.446270 -0.000000 0.000001 0.000005 -9.103603 -0.043111 -1.865098 0.030598 -3.075756 20.451022 0.308449 -1.668271 20.948528 0.225819 -1.434041 17.897076 -0.000000 -0.000000 0.000002 -8.076697 -0.486740 -3.806300 0.764894 -4.877287 26.475321 0.214455 -1.398361 17.437026 0.193010 -1.328205 16.535830 0.000001 0.000001 0.000000 4.570401 11.014686 -2.160813 -0.717792 -20.249878 -16.899510 5.973805 -16.155182 -65.928538 0.000005 -1.459346 0.000005 -33.230513 -1.364887 -6.186635 2.466089 -1.576209 2.681697 -0.662910 2.160404 4.832489 11.853555 25.421641 17.058264 2.647884 -1.528753 1.528744 -13.761931 3.522390 9.039605 1.998920 -1.154078 1.154077 0.000002 -0.000001 0.000005 9.109302 -0.518009 2.259899 0.019854 -0.969579 -7.593531 0.267745 1.752596 -17.372431 0.057624 0.820631 -8.034698 -0.000000 -0.000000 0.000002 9.533395 0.000007 -0.000000 -0.076325 2.665809 -15.696833 0.268764 1.755828 -17.405520 0.300508 1.854019 -18.413336 0.000001 0.000000 0.000001 9.104487 -0.042999 -1.865101 0.136881 3.641806 -21.133505 0.386598 2.094828 -20.911884 0.283021 1.800669 -17.865005 0.000001 0.000000 0.000002 8.077793 -0.486890 -3.806300 0.927702 5.555976 -27.128017 0.269155 1.757065 -17.418212 0.241887 1.667729 -16.505888 -0.000000 -0.000000 -0.000001 -8.207801 -6.751718 -1.599544 0.596210 -10.335849 3.512264 7.510633 -8.276069 -3.186727 -3.705637 -3.193839 3.026300 -7.252614 -0.000025 -0.000002 0.000000 -0.000001 -0.000000 8.207800 -6.751717 -1.599544 -10.752602 14.548996 10.332652 12.141612 2.595133 4.138074 1.273206 0.139760 -7.119436 -4.983706 0.000012 0.000003 -0.000000 0.000001 0.000000 
-1.424596 103.377586 0.121838 -148.473231 -82.838795 -152.092112 0.000000 10.181548 0.131524 3.296973 1.543014 2.729724 1.151890 0.339449 1.552798 1.126012 0.361523 1.555887 -0.000000 16.740360 -2.049019 5.626314 -0.078941 0.454683 0.000000 9.617867 1.684975 -7.563343 1.375735 -0.080567 0.000000 22.037369 7.501073 -0.000000 -0.000000 0.000000 -4.570003 11.014878 -2.160838 2.959889 12.023758 8.926847 9.664250 32.496582 63.907580 -0.000013 6.693722 0.000009 -20.179051 -0.514125 6.782784 -2.464798 -1.573995 2.681911 -1.665237 -0.174481 -4.219036 12.710984 -29.825384 -16.130836 -2.646273 -1.527814 1.527820 -15.549438 -3.559426 -12.707138 -1.994610 -1.151581 1.151583 0.000003 -0.000005 0.000001 -9.108284 -0.517885 2.259804 0.038556 1.262297 6.823711 0.214029 -1.397034 17.420117 0.046167 -0.654904 8.066290 -0.000000 0.000002 0.000005 -9.532484 0.000016 0.000000 -0.136233 -2.205094 14.998860 0.214442 -1.398348 17.436874 0.239765 -1.476510 18.446270 -0.000000 0.000001 0.000005 -9.103603 -0.043111 -1.865098 0.030598 -3.075756 20.451022 0.308449 -1.668271 20.948528 0.225819 -1.434041 17.897076 -0.000000 -0.000000 0.000002 -8.076697 -0.486740 -3.806300 0.764894 -4.877287 26.475321 0.214455 -1.398361 17.437026 0.193010 -1.328205 16.535830 0.000001 0.000001 0.000000 4.570401 11.014686 -2.160813 -0.717792 -20.249878 -16.899510 5.973805 -16.155182 -65.928538 0.000005 -1.459346 0.000005 -33.230513 -1.364887 -6.186635 2.466089 -1.576209 2.681697 -0.662910 2.160404 4.832489 11.853555 25.421641 17.058264 2.647884 -1.528753 1.528744 -13.761931 3.522390 9.039605 1.998920 -1.154078 1.154077 0.000002 -0.000001 0.000005 9.109302 -0.518009 2.259899 0.019854 -0.969579 -7.593531 0.267745 1.752596 -17.372431 0.057624 0.820631 -8.034698 -0.000000 -0.000000 0.000002 9.533395 0.000007 -0.000000 -0.076325 2.665809 -15.696833 0.268764 1.755828 -17.405520 0.300508 1.854019 -18.413336 0.000001 0.000000 0.000001 9.104487 -0.042999 -1.865101 0.136881 3.641806 -21.133505 0.386598 2.094828 -20.911884 0.283021 1.800669 -17.865005 0.000001 0.000000 0.000002 8.077793 -0.486890 -3.806300 0.927702 5.555976 -27.128017 0.269155 1.757065 -17.418212 0.241887 1.667729 -16.505888 -0.000000 -0.000000 -0.000001 -8.207801 -6.751718 -1.599544 0.596210 -10.335849 3.512264 7.510633 -8.276069 -3.186727 -3.705637 -3.193839 3.026300 -7.252614 -0.000025 -0.000002 0.000000 -0.000001 -0.000000 8.207800 -6.751717 -1.599544 -10.752602 14.548996 10.332652 12.141612 2.595133 4.138074 1.273206 0.139760 -7.119436 -4.983706 0.000012 0.000003 -0.000000 0.000001 0.000000 
-1.424596 103.377586 0.121838 -148.473231 -82.838795 -152.092112 0.000000 10.181548 0.131524 3.296973 1.543014 2.729724 1.151890 0.339449 1.552798 1.126012 0.361523 1.555887 -0.000000 16.740360 -2.049019 5.626314 -0.078941 0.454683 0.000000 9.617867 1.684975 -7.563343 1.375735 -0.080567 0.000000 22.037369 7.501073 -0.000000 -0.000000 0.000000 -4.570003 11.014878 -2.160838 2.959889 12.023758 8.926847 9.664250 32.496582 63.907580 -0.000013 6.693722 0.000009 -20.179051 -0.514125 6.782784 -2.464798 -1.573995 2.681911 -1.665237 -0.174481 -4.219036 12.710984 -29.825384 -16.130836 -2.646273 -1.527814 1.527820 -15.549438 -3.559426 -12.707138 -1.994610 -1.151581 1.151583 0.000003 -0.000005 0.000001 -9.108284 -0.517885 2.259804 0.038556 1.262297 6.823711 0.214029 -1.397034 17.420117 0.046167 -0.654904 8.066290 -0.000000 0.000002 0.000005 -9.532484 0.000016 0.000000 -0.136233 -2.205094 14.998860 0.214442 -1.398348 17.436874 0.239765 -1.476510 18.446270 -0.000000 0.000001 0.000005 -9.103603 -0.043111 -1.865098 0.030598 -3.075756 20.451022 0.308449 -1.668271 20.948528 0.225819 -1.434041 17.897076 -0.000000 -0.000000 0.000002 -8.076697 -0.486740 -3.806300 0.764894 -4.877287 26.475321 0.214455 -1.398361 17.437026 0.193010 -1.328205 16.535830 0.000001 0.000001 0.000000 4.570401 11.014686 -2.160813 -0.717792 -20.249878 -16.899510 5.973805 -16.155182 -65.928538 0.000005 -1.459346 0.000005 -33.230513 -1.364887 -6.186635 2.466089 -1.576209 2.681697 -0.662910 2.160404 4.832489 11.853555 25.421641 17.058264 2.647884 -1.528753 1.528744 -13.761931 3.522390 9.039605 1.998920 -1.154078 1.154077 0.000002 -0.000001 0.000005 9.109302 -0.518009 2.259899 0.019854 -0.969579 -7.593531 0.267745 1.752596 -17.372431 0.057624 0.820631 -8.034698 -0.000000 -0.000000 0.000002 9.533395 0.000007 -0.000000 -0.076325 2.665809 -15.696833 0.268764 1.755828 -17.405520 0.300508 1.854019 -18.413336 0.000001 0.000000 0.000001 9.104487 -0.042999 -1.865101 0.136881 3.641806 -21.133505 0.386598 2.094828 -20.911884 0.283021 1.800669 -17.865005 0.000001 0.000000 0.000002 8.077793 -0.486890 -3.806300 0.927702 5.555976 -27.128017 0.269155 1.757065 -17.418212 0.241887 1.667729 -16.505888 -0.000000 -0.000000 -0.000001 -8.207801 -6.751718 -1.599544 0.596210 -10.335849 3.512264 7.510633 -8.276069 -3.186727 -3.705637 -3.193839 3.026300 -7.252614 -0.000025 -0.000002 0.000000 -0.000001 -0.000000 8.207800 -6.751717 -1.599544 -10.752602 14.548996 10.332652 12.141612 2.595133 4.138074 1.273206 0.139760 -7.119436 -4.983706 0.000012 0.000003 -0.000000 0.000001 0.000000 
-1.424596 103.377586 0.121838 -148.473231 -82.838795 -152.092112 0.000000 10.181548 0.131524 3.296973 1.543014 2.729724 1.151890 0.339449 1.552798 1.126012 0.361523 1.555887 -0.000000 16.740360 -2.049019 5.626314 -0.078941 0.454683 0.000000 9.617867 1.684975 -7.563343 1.375735 -0.080567 0.000000 22.037369 7.501073 -0.000000 -0.000000 0.000000 -4.570003 11.014878 -2.160838 2.959889 12.023758 8.926847 9.664250 32.496582 63.907580 -0.000013 6.693722 0.000009 -20.179051 -0.514125 6.782784 -2.464798 -1.573995 2.681911 -1.665237 -0.174481 -4.219036 12.710984 -29.825384 -16.130836 -2.646273 -1.527814 1.527820 -15.549438 -3.559426 -12.707138 -1.994610 -1.151581 1.151583 0.000003 -0.000005 0.000001 -9.108284 -0.517885 2.259804 0.038556 1.262297 6.823711 0.214029 -1.397034 17.420117 0.046167 -0.654904 8.066290 -0.000000 0.000002 0.000005 -9.532484 0.000016 0.000000 -0.136233 -2.205094 14.998860 0.214442 -1.398348 17.436874 0.239765 -1.476510 18.446270 -0.000000 0.000001 0.000005 -9.103603 -0.043111 -1.865098 0.030598 -3.075756 20.451022 0.308449 -1.668271 20.948528 0.225819 -1.434041 17.897076 -0.000000 -0.000000 0.000002 -8.076697 -0.486740 -3.806300 0.764894 -4.877287 26.475321 0.214455 -1.398361 17.437026 0.193010 -1.328205 16.535830 0.000001 0.000001 0.000000 4.570401 11.014686 -2.160813 -0.717792 -20.249878 -16.899510 5.973805 -16.155182 -65.928538 0.000005 -1.459346 0.000005 -33.230513 -1.364887 -6.186635 2.466089 -1.576209 2.681697 -0.662910 2.160404 4.832489 11.853555 25.421641 17.058264 2.647884 -1.528753 1.528744 -13.761931 3.522390 9.039605 1.998920 -1.154078 1.154077 0.000002 -0.000001 0.000005 9.109302 -0.518009 2.259899 0.019854 -0.969579 -7.593531 0.267745 1.752596 -17.372431 0.057624 0.820631 -8.034698 -0.000000 -0.000000 0.000002 9.533395 0.000007 -0.000000 -0.076325 2.665809 -15.696833 0.268764 1.755828 -17.405520 0.300508 1.854019 -18.413336 0.000001 0.000000 0.000001 9.104487 -0.042999 -1.865101 0.136881 3.641806 -21.133505 0.386598 2.094828 -20.911884 0.283021 1.800669 -17.865005 0.000001 0.000000 0.000002 8.077793 -0.486890 -3.806300 0.927702 5.555976 -27.128017 0.269155 1.757065 -17.418212 0.241887 1.667729 -16.505888 -0.000000 -0.000000 -0.000001 -8.207801 -6.751718 -1.599544 0.596210 -10.335849 3.512264 7.510633 -8.276069 -3.186727 -3.705637 -3.193839 3.026300 -7.252614 -0.000025 -0.000002 0.000000 -0.000001 -0.000000 8.207800 -6.751717 -1.599544 -10.752602 14.548996 10.332652 12.141612 2.595133 4.138074 1.273206 0.139760 -7.119436 -4.983706 0.000012 0.000003 -0.000000 0.000001 0.000000 
-1.424596 103.377586 0.121838 -148.473231 -82.838795 -152.092112 0.000000 10.181548 0.131524 3.296973 1.543014 2.729724 1.151890 0.339449 1.552798 1.126012 0.361523 1.555887 -0.000000 16.740360 -2.049019 5.626314 -0.078941 0.454683 0.000000 9.617867 1.684975 -7.563343 1.375735 -0.080567 0.000000 22.037369 7.501073 -0.000000 -0.000000 0.000000 -4.570003 11.014878 -2.160838 2.959889 12.023758 8.926847 9.664250 32.496582 63.907580 -0.000013 6.693722 0.000009 -20.179051 -0.514125 6.782784 -2.464798 -1.573995 2.681911 -1.665237 -0.174481 -4.219036 12.710984 -29.825384 -16.130836 -2.646273 -1.527814 1.527820 -15.549438 -3.559426 -12.707138 -1.994610 -1.151581 1.151583 0.000003 -0.000005 0.000001 -9.108284 -0.517885 2.259804 0.038556 1.262297 6.823711 0.214029 -1.397034 17.420117 0.046167 -0.654904 8.066290 -0.000000 0.000002 0.000005 -9.532484 0.000016 0.000000 -0.136233 -2.205094 14.998860 0.214442 -1.398348 17.436874 0.239765 -1.476510 18.446270 -0.000000 0.000001 0.000005 -9.103603 -0.043111 -1.865098 0.030598 -3.075756 20.451022 0.308449 -1.668271 20.948528 0.225819 -1.434041 17.897076 -0.000000 -0.000000 0.000002 -8.076697 -0.486740 -3.806300 0.764894 -4.877287 26.475321 0.214455 -1.398361 17.437026 0.193010 -1.328205 16.535830 0.000001 0.000001 0.000000 4.570401 11.014686 -2.160813 -0.717792 -20.249878 -16.899510 5.973805 -16.155182 -65.928538 0.000005 -1.459346 0.000005 -33.230513 -1.364887 -6.186635 2.466089 -1.576209 2.681697 -0.662910 2.160404 4.832489 11.853555 25.421641 17.058264 2.647884 -1.528753 1.528744 -13.761931 3.522390 9.039605 1.998920 -1.154078 1.154077 0.000002 -0.000001 0.000005 9.109302 -0.518009 2.259899 0.019854 -0.969579 -7.593531 0.267745 1.752596 -17.372431 0.057624 0.820631 -8.034698 -0.000000 -0.000000 0.000002 9.533395 0.000007 -0.000000 -0.076325 2.665809 -15.696833 0.268764 1.755828 -17.405520 0.300508 1.854019 -18.413336 0.000001 0.000000 0.000001 9.104487 -0.042999 -1.865101 0.136881 3.641806 -21.133505 0.386598 2.094828 -20.911884 0.283021 1.800669 -17.865005 0.000001 0.000000 0.000002 8.077793 -0.486890 -3.806300 0.927702 5.555976 -27.128017 0.269155 1.757065 -17.418212 0.241887 1.667729 -16.505888 -0.000000 -0.000000 -0.000001 -8.207801 -6.751718 -1.599544 0.596210 -10.335849 3.512264 7.510633 -8.276069 -3.186727 -3.705637 -3.193839 3.026300 -7.252614 -0.000025 -0.000002 0.000000 -0.000001 -0.000000 8.207800 -6.751717 -1.599544 -10.752602 14.548996 10.332652 12.141612 2.595133 4.138074 1.273206 0.139760 -7.119436 -4.983706 0.000012 0.000003 -0.000000 0.000001 0.000000 
-1.424596 103.377586 0.121838 -148.473231 -82.838795 -152.092112 0.000000 10.181548 0.131524 3.296973 1.543014 2.729724 1.151890 0.339449 1.552798 1.126012 0.361523 1.555887 -0.000000 16.740360 -2.049019 5.626314 -0.078941 0.454683 0.000000 9.617867 1.684975 -7.563343 1.375735 -0.080567 0.000000 22.037369 7.501073 -0.000000 -0.000000 0.000000 -4.570003 11.014878 -2.160838 2.959889 12.023758 8.926847 9.664250 32.496582 63.907580 -0.000013 6.693722 0.000009 -20.179051 -0.514125 6.782784 -2.464798 -1.573995 2.681911 -1.665237 -0.174481 -4.219036 12.710984 -29.825384 -16.130836 -2.646273 -1.527814 1.527820 -15.549438 -3.559426 -12.707138 -1.994610 -1.151581 1.151583 0.000003 -0.000005 0.000001 -9.108284 -0.517885 2.259804 0.038556 1.262297 6.823711 0.214029 -1.397034 17.420117 0.046167 -0.654904 8.066290 -0.000000 0.000002 0.000005 -9.532484 0.000016 0.000000 -0.136233 -2.205094 14.998860 0.214442 -1.398348 17.436874 0.239765 -1.476510 18.446270 -0.000000 0.000001 0.000005 -9.103603 -0.043111 -1.865098 0.030598 -3.075756 20.451022 0.308449 -1.668271 20.948528 0.225819 -1.434041 17.897076 -0.000000 -0.000000 0.000002 -8.076697 -0.486740 -3.806300 0.764894 -4.877287 26.475321 0.214455 -1.398361 17.437026 0.193010 -1.328205 16.535830 0.000001 0.000001 0.000000 4.570401 11.014686 -2.160813 -0.717792 -20.249878 -16.899510 5.973805 -16.155182 -65.928538 0.000005 -1.459346 0.000005 -33.230513 -1.364887 -6.186635 2.466089 -1.576209 2.681697 -0.662910 2.160404 4.832489 11.853555 25.421641 17.058264 2.647884 -1.528753 1.528744 -13.761931 3.522390 9.039605 1.998920 -1.154078 1.154077 0.000002 -0.000001 0.000005 9.109302 -0.518009 2.259899 0.019854 -0.969579 -7.593531 0.267745 1.752596 -17.372431 0.057624 0.820631 -8.034698 -0.000000 -0.000000 0.000002 9.533395 0.000007 -0.000000 -0.076325 2.665809 -15.696833 0.268764 1.755828 -17.405520 0.300508 1.854019 -18.413336 0.000001 0.000000 0.000001 9.104487 -0.042999 -1.865101 0.136881 3.641806 -21.133505 0.386598 2.094828 -20.911884 0.283021 1.800669 -17.865005 0.000001 0.000000 0.000002 8.077793 -0.486890 -3.806300 0.927702 5.555976 -27.128017 0.269155 1.757065 -17.418212 0.241887 1.667729 -16.505888 -0.000000 -0.000000 -0.000001 -8.207801 -6.751718 -1.599544 0.596210 -10.335849 3.512264 7.510633 -8.276069 -3.186727 -3.705637 -3.193839 3.026300 -7.252614 -0.000025 -0.000002 0.000000 -0.000001 -0.000000 8.207800 -6.751717 -1.599544 -10.752602 14.548996 10.332652 12.141612 2.595133 4.138074 1.273206 0.139760 -7.119436 -4.983706 0.000012 0.000003 -0.000000 0.000001 0.000000 
-1.424596 103.377586 0.121838 -148.473231 -82.838795 -152.092112 0.000000 10.181548 0.131524 3.296973 1.543014 2.729724 1.151890 0.339449 1.552798 1.126012 0.361523 1.555887 -0.000000 16.740360 -2.049019 5.626314 -0.078941 0.454683 0.000000 9.617867 1.684975 -7.563343 1.375735 -0.080567 0.000000 22.037369 7.501073 -0.000000 -0.000000 0.000000 -4.570003 11.014878 -2.160838 2.959889 12.023758 8.926847 9.664250 32.496582 63.907580 -0.000013 6.693722 0.000009 -20.179051 -0.514125 6.782784 -2.464798 -1.573995 2.681911 -1.665237 -0.174481 -4.219036 12.710984 -29.825384 -16.130836 -2.646273 -1.527814 1.527820 -15.549438 -3.559426 -12.707138 -1.994610 -1.151581 1.151583 0.000003 -0.000005 0.000001 -9.108284 -0.517885 2.259804 0.038556 1.262297 6.823711 0.214029 -1.397034 17.420117 0.046167 -0.654904 8.066290 -0.000000 0.000002 0.000005 -9.532484 0.000016 0.000000 -0.136233 -2.205094 14.998860 0.214442 -1.398348 17.436874 0.239765 -1.476510 18.446270 -0.000000 0.000001 0.000005 -9.103603 -0.043111 -1.865098 0.030598 -3.075756 20.451022 0.308449 -1.668271 20.948528 0.225819 -1.434041 17.897076 -0.000000 -0.000000 0.000002 -8.076697 -0.486740 -3.806300 0.764894 -4.877287 26.475321 0.214455 -1.398361 17.437026 0.193010 -1.328205 16.535830 0.000001 0.000001 0.000000 4.570401 11.014686 -2.160813 -0.717792 -20.249878 -16.899510 5.973805 -16.155182 -65.928538 0.000005 -1.459346 0.000005 -33.230513 -1.364887 -6.186635 2.466089 -1.576209 2.681697 -0.662910 2.160404 4.832489 11.853555 25.421641 17.058264 2.647884 -1.528753 1.528744 -13.761931 3.522390 9.039605 1.998920 -1.154078 1.154077 0.000002 -0.000001 0.000005 9.109302 -0.518009 2.259899 0.019854 -0.969579 -7.593531 0.267745 1.752596 -17.372431 0.057624 0.820631 -8.034698 -0.000000 -0.000000 0.000002 9.533395 0.000007 -0.000000 -0.076325 2.665809 -15.696833 0.268764 1.755828 -17.405520 0.300508 1.854019 -18.413336 0.000001 0.000000 0.000001 9.104487 -0.042999 -1.865101 0.136881 3.641806 -21.133505 0.386598 2.094828 -20.911884 0.283021 1.800669 -17.865005 0.000001 0.000000 0.000002 8.077793 -0.486890 -3.806300 0.927702 5.555976 -27.128017 0.269155 1.757065 -17.418212 0.241887 1.667729 -16.505888 -0.000000 -0.000000 -0.000001 -8.207801 -6.751718 -1.599544 0.596210 -10.335849 3.512264 7.510633 -8.276069 -3.186727 -3.705637 -3.193839 3.026300 -7.252614 -0.000025 -0.000002 0.000000 -0.000001 -0.000000 8.207800 -6.751717 -1.599544 -10.752602 14.548996 10.332652 12.141612 2.595133 4.138074 1.273206 0.139760 -7.119436 -4.983706 0.000012 0.000003 -0.000000 0.000001 0.000000 
-1.424596 103.377586 0.121838 -148.473231 -82.838795 -152.092112 0.000000 10.181548 0.131524 3.296973 1.543014 2.729724 1.151890 0.339449 1.552798 1.126012 0.361523 1.555887 -0.000000 16.740360 -2.049019 5.626314 -0.078941 0.454683 0.000000 9.617867 1.684975 -7.563343 1.375735 -0.080567 0.000000 22.037369 7.501073 -0.000000 -0.000000 0.000000 -4.570003 11.014878 -2.160838 2.959889 12.023758 8.926847 9.664250 32.496582 63.907580 -0.000013 6.693722 0.000009 -20.179051 -0.514125 6.782784 -2.464798 -1.573995 2.681911 -1.665237 -0.174481 -4.219036 12.710984 -29.825384 -16.130836 -2.646273 -1.527814 1.527820 -15.549438 -3.559426 -12.707138 -1.994610 -1.151581 1.151583 0.000003 -0.000005 0.000001 -9.108284 -0.517885 2.259804 0.038556 1.262297 6.823711 0.214029 -1.397034 17.420117 0.046167 -0.654904 8.066290 -0.000000 0.000002 0.000005 -9.532484 0.000016 0.000000 -0.136233 -2.205094 14.998860 0.214442 -1.398348 17.436874 0.239765 -1.476510 18.446270 -0.000000 0.000001 0.000005 -9.103603 -0.043111 -1.865098 0.030598 -3.075756 20.451022 0.308449 -1.668271 20.948528 0.225819 -1.434041 17.897076 -0.000000 -0.000000 0.000002 -8.076697 -0.486740 -3.806300 0.764894 -4.877287 26.475321 0.214455 -1.398361 17.437026 0.193010 -1.328205 16.535830 0.000001 0.000001 0.000000 4.570401 11.014686 -2.160813 -0.717792 -20.249878 -16.899510 5.973805 -16.155182 -65.928538 0.000005 -1.459346 0.000005 -33.230513 -1.364887 -6.186635 2.466089 -1.576209 2.681697 -0.662910 2.160404 4.832489 11.853555 25.421641 17.058264 2.647884 -1.528753 1.528744 -13.761931 3.522390 9.039605 1.998920 -1.154078 1.154077 0.000002 -0.000001 0.000005 9.109302 -0.518009 2.259899 0.019854 -0.969579 -7.593531 0.267745 1.752596 -17.372431 0.057624 0.820631 -8.034698 -0.000000 -0.000000 0.000002 9.533395 0.000007 -0.000000 -0.076325 2.665809 -15.696833 0.268764 1.755828 -17.405520 0.300508 1.854019 -18.413336 0.000001 0.000000 0.000001 9.104487 -0.042999 -1.865101 0.136881 3.641806 -21.133505 0.386598 2.094828 -20.911884 0.283021 1.800669 -17.865005 0.000001 0.000000 0.000002 8.077793 -0.486890 -3.806300 0.927702 5.555976 -27.128017 0.269155 1.757065 -17.418212 0.241887 1.667729 -16.505888 -0.000000 -0.000000 -0.000001 -8.207801 -6.751718 -1.599544 0.596210 -10.335849 3.512264 7.510633 -8.276069 -3.186727 -3.705637 -3.193839 3.026300 -7.252614 -0.000025 -0.000002 0.000000 -0.000001 -0.000000 8.207800 -6.751717 -1.599544 -10.752602 14.548996 10.332652 12.141612 2.595133 4.138074 1.273206 0.139760 -7.119436 -4.983706 0.000012 0.000003 -0.000000 0.000001 0.000000 
-1.424596 103.377586 0.121838 -148.473231 -82.838795 -152.092112 0.000000 10.181548 0.131524 3.296973 1.543014 2.729724 1.151890 0.339449 1.552798 1.126012 0.361523 1.555887 -0.000000 16.740360 -2.049019 5.626314 -0.078941 0.454683 0.000000 9.617867 1.684975 -7.563343 1.375735 -0.080567 0.000000 22.037369 7.501073 -0.000000 -0.000000 0.000000 -4.570003 11.014878 -2.160838 2.959889 12.023758 8.926847 9.664250 32.496582 63.907580 -0.000013 6.693722 0.000009 -20.179051 -0.514125 6.782784 -2.464798 -1.573995 2.681911 -1.665237 -0.174481 -4.219036 12.710984 -29.825384 -16.130836 -2.646273 -1.527814 1.527820 -15.549438 -3.559426 -12.707138 -1.994610 -1.151581 1.151583 0.000003 -0.000005 0.000001 -9.108284 -0.517885 2.259804 0.038556 1.262297 6.823711 0.214029 -1.397034 17.420117 0.046167 -0.654904 8.066290 -0.000000 0.000002 0.000005 -9.532484 0.000016 0.000000 -0.136233 -2.205094 14.998860 0.214442 -1.398348 17.436874 0.239765 -1.476510 18.446270 -0.000000 0.000001 0.000005 -9.103603 -0.043111 -1.865098 0.030598 -3.075756 20.451022 0.308449 -1.668271 20.948528 0.225819 -1.434041 17.897076 -0.000000 -0.000000 0.000002 -8.076697 -0.486740 -3.806300 0.764894 -4.877287 26.475321 0.214455 -1.398361 17.437026 0.193010 -1.328205 16.535830 0.000001 0.000001 0.000000 4.570401 11.014686 -2.160813 -0.717792 -20.249878 -16.899510 5.973805 -16.155182 -65.928538 0.000005 -1.459346 0.000005 -33.230513 -1.364887 -6.186635 2.466089 -1.576209 2.681697 -0.662910 2.160404 4.832489 11.853555 25.421641 17.058264 2.647884 -1.528753 1.528744 -13.761931 3.522390 9.039605 1.998920 -1.154078 1.154077 0.000002 -0.000001 0.000005 9.109302 -0.518009 2.259899 0.019854 -0.969579 -7.593531 0.267745 1.752596 -17.372431 0.057624 0.820631 -8.034698 -0.000000 -0.000000 0.000002 9.533395 0.000007 -0.000000 -0.076325 2.665809 -15.696833 0.268764 1.755828 -17.405520 0.300508 1.854019 -18.413336 0.000001 0.000000 0.000001 9.104487 -0.042999 -1.865101 0.136881 3.641806 -21.133505 0.386598 2.094828 -20.911884 0.283021 1.800669 -17.865005 0.000001 0.000000 0.000002 8.077793 -0.486890 -3.806300 0.927702 5.555976 -27.128017 0.269155 1.757065 -17.418212 0.241887 1.667729 -16.505888 -0.000000 -0.000000 -0.000001 -8.207801 -6.751718 -1.599544 0.596210 -10.335849 3.512264 7.510633 -8.276069 -3.186727 -3.705637 -3.193839 3.026300 -7.252614 -0.000025 -0.000002 0.000000 -0.000001 -0.000000 8.207800 -6.751717 -1.599544 -10.752602 14.548996 10.332652 12.141612 2.595133 4.138074 1.273206 0.139760 -7.119436 -4.983706 0.000012 0.000003 -0.000000 0.000001 0.000000 
-1.424596 103.377586 0.121838 -148.473231 -82.838795 -152.092112 0.000000 10.181548 0.131524 3.296973 1.543014 2.729724 1.151890 0.339449 1.552798 1.126012 0.361523 1.555887 -0.000000 16.740360 -2.049019 5.626314 -0.078941 0.454683 0.000000 9.617867 1.684975 -7.563343 1.375735 -0.080567 0.000000 22.037369 7.501073 -0.000000 -0.000000 0.000000 -4.570003 11.014878 -2.160838 2.959889 12.023758 8.926847 9.664250 32.496582 63.907580 -0.000013 6.693722 0.000009 -20.179051 -0.514125 6.782784 -2.464798 -1.573995 2.681911 -1.665237 -0.174481 -4.219036 12.710984 -29.825384 -16.130836 -2.646273 -1.527814 1.527820 -15.549438 -3.559426 -12.707138 -1.994610 -1.151581 1.151583 0.000003 -0.000005 0.000001 -9.108284 -0.517885 2.259804 0.038556 1.262297 6.823711 0.214029 -1.397034 17.420117 0.046167 -0.654904 8.066290 -0.000000 0.000002 0.000005 -9.532484 0.000016 0.000000 -0.136233 -2.205094 14.998860 0.214442 -1.398348 17.436874 0.239765 -1.476510 18.446270 -0.000000 0.000001 0.000005 -9.103603 -0.043111 -1.865098 0.030598 -3.075756 20.451022 0.308449 -1.668271 20.948528 0.225819 -1.434041 17.897076 -0.000000 -0.000000 0.000002 -8.076697 -0.486740 -3.806300 0.764894 -4.877287 26.475321 0.214455 -1.398361 17.437026 0.193010 -1.328205 16.535830 0.000001 0.000001 0.000000 4.570401 11.014686 -2.160813 -0.717792 -20.249878 -16.899510 5.973805 -16.155182 -65.928538 0.000005 -1.459346 0.000005 -33.230513 -1.364887 -6.186635 2.466089 -1.576209 2.681697 -0.662910 2.160404 4.832489 11.853555 25.421641 17.058264 2.647884 -1.528753 1.528744 -13.761931 3.522390 9.039605 1.998920 -1.154078 1.154077 0.000002 -0.000001 0.000005 9.109302 -0.518009 2.259899 0.019854 -0.969579 -7.593531 0.267745 1.752596 -17.372431 0.057624 0.820631 -8.034698 -0.000000 -0.000000 0.000002 9.533395 0.000007 -0.000000 -0.076325 2.665809 -15.696833 0.268764 1.755828 -17.405520 0.300508 1.854019 -18.413336 0.000001 0.000000 0.000001 9.104487 -0.042999 -1.865101 0.136881 3.641806 -21.133505 0.386598 2.094828 -20.911884 0.283021 1.800669 -17.865005 0.000001 0.000000 0.000002 8.077793 -0.486890 -3.806300 0.927702 5.555976 -27.128017 0.269155 1.757065 -17.418212 0.241887 1.667729 -16.505888 -0.000000 -0.000000 -0.000001 -8.207801 -6.751718 -1.599544 0.596210 -10.335849 3.512264 7.510633 -8.276069 -3.186727 -3.705637 -3.193839 3.026300 -7.252614 -0.000025 -0.000002 0.000000 -0.000001 -0.000000 8.207800 -6.751717 -1.599544 -10.752602 14.548996 10.332652 12.141612 2.595133 4.138074 1.273206 0.139760 -7.119436 -4.983706 0.000012 0.000003 -0.000000 0.000001 0.000000 
-1.424596 103.377586 0.121838 -148.473231 -82.838795 -152.092112 0.000000 10.181548 0.131524 3.296973 1.543014 2.729724 1.151890 0.339449 1.552798 1.126012 0.361523 1.555887 -0.000000 16.740360 -2.049019 5.626314 -0.078941 0.454683 0.000000 9.617867 1.684975 -7.563343 1.375735 -0.080567 0.000000 22.037369 7.501073 -0.000000 -0.000000 0.000000 -4.570003 11.014878 -2.160838 2.959889 12.023758 8.926847 9.664250 32.496582 63.907580 -0.000013 6.693722 0.000009 -20.179051 -0.514125 6.782784 -2.464798 -1.573995 2.681911 -1.665237 -0.174481 -4.219036 12.710984 -29.825384 -16.130836 -2.646273 -1.527814 1.527820 -15.549438 -3.559426 -12.707138 -1.994610 -1.151581 1.151583 0.000003 -0.000005 0.000001 -9.108284 -0.517885 2.259804 0.038556 1.262297 6.823711 0.214029 -1.397034 17.420117 0.046167 -0.654904 8.066290 -0.000000 0.000002 0.000005 -9.532484 0.000016 0.000000 -0.136233 -2.205094 14.998860 0.214442 -1.398348 17.436874 0.239765 -1.476510 18.446270 -0.000000 0.000001 0.000005 -9.103603 -0.043111 -1.865098 0.030598 -3.075756 20.451022 0.308449 -1.668271 20.948528 0.225819 -1.434041 17.897076 -0.000000 -0.000000 0.000002 -8.076697 -0.486740 -3.806300 0.764894 -4.877287 26.475321 0.214455 -1.398361 17.437026 0.193010 -1.328205 16.535830 0.000001 0.000001 0.000000 4.570401 11.014686 -2.160813 -0.717792 -20.249878 -16.899510 5.973805 -16.155182 -65.928538 0.000005 -1.459346 0.000005 -33.230513 -1.364887 -6.186635 2.466089 -1.576209 2.681697 -0.662910 2.160404 4.832489 11.853555 25.421641 17.058264 2.647884 -1.528753 1.528744 -13.761931 3.522390 9.039605 1.998920 -1.154078 1.154077 0.000002 -0.000001 0.000005 9.109302 -0.518009 2.259899 0.019854 -0.969579 -7.593531 0.267745 1.752596 -17.372431 0.057624 0.820631 -8.034698 -0.000000 -0.000000 0.000002 9.533395 0.000007 -0.000000 -0.076325 2.665809 -15.696833 0.268764 1.755828 -17.405520 0.300508 1.854019 -18.413336 0.000001 0.000000 0.000001 9.104487 -0.042999 -1.865101 0.136881 3.641806 -21.133505 0.386598 2.094828 -20.911884 0.283021 1.800669 -17.865005 0.000001 0.000000 0.000002 8.077793 -0.486890 -3.806300 0.927702 5.555976 -27.128017 0.269155 1.757065 -17.418212 0.241887 1.667729 -16.505888 -0.000000 -0.000000 -0.000001 -8.207801 -6.751718 -1.599544 0.596210 -10.335849 3.512264 7.510633 -8.276069 -3.186727 -3.705637 -3.193839 3.026300 -7.252614 -0.000025 -0.000002 0.000000 -0.000001 -0.000000 8.207800 -6.751717 -1.599544 -10.752602 14.548996 10.332652 12.141612 2.595133 4.138074 1.273206 0.139760 -7.119436 -4.983706 0.000012 0.000003 -0.000000 0.000001 0.000000 
-1.424596 103.377586 0.121838 -148.473231 -82.838795 -152.092112 0.000000 10.181548 0.131524 3.296973 1.543014 2.729724 1.151890 0.339449 1.552798 1.126012 0.361523 1.555887 -0.000000 16.740360 -2.049019 5.626314 -0.078941 0.454683 0.000000 9.617867 1.684975 -7.563343 1.375735 -0.080567 0.000000 22.037369 7.501073 -0.000000 -0.000000 0.000000 -4.570003 11.014878 -2.160838 2.959889 12.023758 8.926847 9.664250 32.496582 63.907580 -0.000013 6.693722 0.000009 -20.179051 -0.514125 6.782784 -2.464798 -1.573995 2.681911 -1.665237 -0.174481 -4.219036 12.710984 -29.825384 -16.130836 -2.646273 -1.527814 1.527820 -15.549438 -3.559426 -12.707138 -1.994610 -1.151581 1.151583 0.000003 -0.000005 0.000001 -9.108284 -0.517885 2.259804 0.038556 1.262297 6.823711 0.214029 -1.397034 17.420117 0.046167 -0.654904 8.066290 -0.000000 0.000002 0.000005 -9.532484 0.000016 0.000000 -0.136233 -2.205094 14.998860 0.214442 -1.398348 17.436874 0.239765 -1.476510 18.446270 -0.000000 0.000001 0.000005 -9.103603 -0.043111 -1.865098 0.030598 -3.075756 20.451022 0.308449 -1.668271 20.948528 0.225819 -1.434041 17.897076 -0.000000 -0.000000 0.000002 -8.076697 -0.486740 -3.806300 0.764894 -4.877287 26.475321 0.214455 -1.398361 17.437026 0.193010 -1.328205 16.535830 0.000001 0.000001 0.000000 4.570401 11.014686 -2.160813 -0.717792 -20.249878 -16.899510 5.973805 -16.155182 -65.928538 0.000005 -1.459346 0.000005 -33.230513 -1.364887 -6.186635 2.466089 -1.576209 2.681697 -0.662910 2.160404 4.832489 11.853555 25.421641 17.058264 2.647884 -1.528753 1.528744 -13.761931 3.522390 9.039605 1.998920 -1.154078 1.154077 0.000002 -0.000001 0.000005 9.109302 -0.518009 2.259899 0.019854 -0.969579 -7.593531 0.267745 1.752596 -17.372431 0.057624 0.820631 -8.034698 -0.000000 -0.000000 0.000002 9.533395 0.000007 -0.000000 -0.076325 2.665809 -15.696833 0.268764 1.755828 -17.405520 0.300508 1.854019 -18.413336 0.000001 0.000000 0.000001 9.104487 -0.042999 -1.865101 0.136881 3.641806 -21.133505 0.386598 2.094828 -20.911884 0.283021 1.800669 -17.865005 0.000001 0.000000 0.000002 8.077793 -0.486890 -3.806300 0.927702 5.555976 -27.128017 0.269155 1.757065 -17.418212 0.241887 1.667729 -16.505888 -0.000000 -0.000000 -0.000001 -8.207801 -6.751718 -1.599544 0.596210 -10.335849 3.512264 7.510633 -8.276069 -3.186727 -3.705637 -3.193839 3.026300 -7.252614 -0.000025 -0.000002 0.000000 -0.000001 -0.000000 8.207800 -6.751717 -1.599544 -10.752602 14.548996 10.332652 12.141612 2.595133 4.138074 1.273206 0.139760 -7.119436 -4.983706 0.000012 0.000003 -0.000000 0.000001 0.000000 
-1.424596 103.377586 0.121838 -148.473231 -82.838795 -152.092112 0.000000 10.181548 0.131524 3.296973 1.543014 2.729724 1.151890 0.339449 1.552798 1.126012 0.361523 1.555887 -0.000000 16.740360 -2.049019 5.626314 -0.078941 0.454683 0.000000 9.617867 1.684975 -7.563343 1.375735 -0.080567 0.000000 22.037369 7.501073 -0.000000 -0.000000 0.000000 -4.570003 11.014878 -2.160838 2.959889 12.023758 8.926847 9.664250 32.496582 63.907580 -0.000013 6.693722 0.000009 -20.179051 -0.514125 6.782784 -2.464798 -1.573995 2.681911 -1.665237 -0.174481 -4.219036 12.710984 -29.825384 -16.130836 -2.646273 -1.527814 1.527820 -15.549438 -3.559426 -12.707138 -1.994610 -1.151581 1.151583 0.000003 -0.000005 0.000001 -9.108284 -0.517885 2.259804 0.038556 1.262297 6.823711 0.214029 -1.397034 17.420117 0.046167 -0.654904 8.066290 -0.000000 0.000002 0.000005 -9.532484 0.000016 0.000000 -0.136233 -2.205094 14.998860 0.214442 -1.398348 17.436874 0.239765 -1.476510 18.446270 -0.000000 0.000001 0.000005 -9.103603 -0.043111 -1.865098 0.030598 -3.075756 20.451022 0.308449 -1.668271 20.948528 0.225819 -1.434041 17.897076 -0.000000 -0.000000 0.000002 -8.076697 -0.486740 -3.806300 0.764894 -4.877287 26.475321 0.214455 -1.398361 17.437026 0.193010 -1.328205 16.535830 0.000001 0.000001 0.000000 4.570401 11.014686 -2.160813 -0.717792 -20.249878 -16.899510 5.973805 -16.155182 -65.928538 0.000005 -1.459346 0.000005 -33.230513 -1.364887 -6.186635 2.466089 -1.576209 2.681697 -0.662910 2.160404 4.832489 11.853555 25.421641 17.058264 2.647884 -1.528753 1.528744 -13.761931 3.522390 9.039605 1.998920 -1.154078 1.154077 0.000002 -0.000001 0.000005 9.109302 -0.518009 2.259899 0.019854 -0.969579 -7.593531 0.267745 1.752596 -17.372431 0.057624 0.820631 -8.034698 -0.000000 -0.000000 0.000002 9.533395 0.000007 -0.000000 -0.076325 2.665809 -15.696833 0.268764 1.755828 -17.405520 0.300508 1.854019 -18.413336 0.000001 0.000000 0.000001 9.104487 -0.042999 -1.865101 0.136881 3.641806 -21.133505 0.386598 2.094828 -20.911884 0.283021 1.800669 -17.865005 0.000001 0.000000 0.000002 8.077793 -0.486890 -3.806300 0.927702 5.555976 -27.128017 0.269155 1.757065 -17.418212 0.241887 1.667729 -16.505888 -0.000000 -0.000000 -0.000001 -8.207801 -6.751718 -1.599544 0.596210 -10.335849 3.512264 7.510633 -8.276069 -3.186727 -3.705637 -3.193839 3.026300 -7.252614 -0.000025 -0.000002 0.000000 -0.000001 -0.000000 8.207800 -6.751717 -1.599544 -10.752602 14.548996 10.332652 12.141612 2.595133 4.138074 1.273206 0.139760 -7.119436 -4.983706 0.000012 0.000003 -0.000000 0.000001 0.000000 
-1.424596 103.377586 0.121838 -148.473231 -82.838795 -152.092112 0.000000 10.181548 0.131524 3.296973 1.543014 2.729724 1.151890 0.339449 1.552798 1.126012 0.361523 1.555887 -0.000000 16.740360 -2.049019 5.626314 -0.078941 0.454683 0.000000 9.617867 1.684975 -7.563343 1.375735 -0.080567 0.000000 22.037369 7.501073 -0.000000 -0.000000 0.000000 -4.570003 11.014878 -2.160838 2.959889 12.023758 8.926847 9.664250 32.496582 63.907580 -0.000013 6.693722 0.000009 -20.179051 -0.514125 6.782784 -2.464798 -1.573995 2.681911 -1.665237 -0.174481 -4.219036 12.710984 -29.825384 -16.130836 -2.646273 -1.527814 1.527820 -15.549438 -3.559426 -12.707138 -1.994610 -1.151581 1.151583 0.000003 -0.000005 0.000001 -9.108284 -0.517885 2.259804 0.038556 1.262297 6.823711 0.214029 -1.397034 17.420117 0.046167 -0.654904 8.066290 -0.000000 0.000002 0.000005 -9.532484 0.000016 0.000000 -0.136233 -2.205094 14.998860 0.214442 -1.398348 17.436874 0.239765 -1.476510 18.446270 -0.000000 0.000001 0.000005 -9.103603 -0.043111 -1.865098 0.030598 -3.075756 20.451022 0.308449 -1.668271 20.948528 0.225819 -1.434041 17.897076 -0.000000 -0.000000 0.000002 -8.076697 -0.486740 -3.806300 0.764894 -4.877287 26.475321 0.214455 -1.398361 17.437026 0.193010 -1.328205 16.535830 0.000001 0.000001 0.000000 4.570401 11.014686 -2.160813 -0.717792 -20.249878 -16.899510 5.973805 -16.155182 -65.928538 0.000005 -1.459346 0.000005 -33.230513 -1.364887 -6.186635 2.466089 -1.576209 2.681697 -0.662910 2.160404 4.832489 11.853555 25.421641 17.058264 2.647884 -1.528753 1.528744 -13.761931 3.522390 9.039605 1.998920 -1.154078 1.154077 0.000002 -0.000001 0.000005 9.109302 -0.518009 2.259899 0.019854 -0.969579 -7.593531 0.267745 1.752596 -17.372431 0.057624 0.820631 -8.034698 -0.000000 -0.000000 0.000002 9.533395 0.000007 -0.000000 -0.076325 2.665809 -15.696833 0.268764 1.755828 -17.405520 0.300508 1.854019 -18.413336 0.000001 0.000000 0.000001 9.104487 -0.042999 -1.865101 0.136881 3.641806 -21.133505 0.386598 2.094828 -20.911884 0.283021 1.800669 -17.865005 0.000001 0.000000 0.000002 8.077793 -0.486890 -3.806300 0.927702 5.555976 -27.128017 0.269155 1.757065 -17.418212 0.241887 1.667729 -16.505888 -0.000000 -0.000000 -0.000001 -8.207801 -6.751718 -1.599544 0.596210 -10.335849 3.512264 7.510633 -8.276069 -3.186727 -3.705637 -3.193839 3.026300 -7.252614 -0.000025 -0.000002 0.000000 -0.000001 -0.000000 8.207800 -6.751717 -1.599544 -10.752602 14.548996 10.332652 12.141612 2.595133 4.138074 1.273206 0.139760 -7.119436 -4.983706 0.000012 0.000003 -0.000000 0.000001 0.000000 
-1.424596 103.377586 0.121838 -148.473231 -82.838795 -152.092112 0.000000 10.181548 0.131524 3.296973 1.543014 2.729724 1.151890 0.339449 1.552798 1.126012 0.361523 1.555887 -0.000000 16.740360 -2.049019 5.626314 -0.078941 0.454683 0.000000 9.617867 1.684975 -7.563343 1.375735 -0.080567 0.000000 22.037369 7.501073 -0.000000 -0.000000 0.000000 -4.570003 11.014878 -2.160838 2.959889 12.023758 8.926847 9.664250 32.496582 63.907580 -0.000013 6.693722 0.000009 -20.179051 -0.514125 6.782784 -2.464798 -1.573995 2.681911 -1.665237 -0.174481 -4.219036 12.710984 -29.825384 -16.130836 -2.646273 -1.527814 1.527820 -15.549438 -3.559426 -12.707138 -1.994610 -1.151581 1.151583 0.000003 -0.000005 0.000001 -9.108284 -0.517885 2.259804 0.038556 1.262297 6.823711 0.214029 -1.397034 17.420117 0.046167 -0.654904 8.066290 -0.000000 0.000002 0.000005 -9.532484 0.000016 0.000000 -0.136233 -2.205094 14.998860 0.214442 -1.398348 17.436874 0.239765 -1.476510 18.446270 -0.000000 0.000001 0.000005 -9.103603 -0.043111 -1.865098 0.030598 -3.075756 20.451022 0.308449 -1.668271 20.948528 0.225819 -1.434041 17.897076 -0.000000 -0.000000 0.000002 -8.076697 -0.486740 -3.806300 0.764894 -4.877287 26.475321 0.214455 -1.398361 17.437026 0.193010 -1.328205 16.535830 0.000001 0.000001 0.000000 4.570401 11.014686 -2.160813 -0.717792 -20.249878 -16.899510 5.973805 -16.155182 -65.928538 0.000005 -1.459346 0.000005 -33.230513 -1.364887 -6.186635 2.466089 -1.576209 2.681697 -0.662910 2.160404 4.832489 11.853555 25.421641 17.058264 2.647884 -1.528753 1.528744 -13.761931 3.522390 9.039605 1.998920 -1.154078 1.154077 0.000002 -0.000001 0.000005 9.109302 -0.518009 2.259899 0.019854 -0.969579 -7.593531 0.267745 1.752596 -17.372431 0.057624 0.820631 -8.034698 -0.000000 -0.000000 0.000002 9.533395 0.000007 -0.000000 -0.076325 2.665809 -15.696833 0.268764 1.755828 -17.405520 0.300508 1.854019 -18.413336 0.000001 0.000000 0.000001 9.104487 -0.042999 -1.865101 0.136881 3.641806 -21.133505 0.386598 2.094828 -20.911884 0.283021 1.800669 -17.865005 0.000001 0.000000 0.000002 8.077793 -0.486890 -3.806300 0.927702 5.555976 -27.128017 0.269155 1.757065 -17.418212 0.241887 1.667729 -16.505888 -0.000000 -0.000000 -0.000001 -8.207801 -6.751718 -1.599544 0.596210 -10.335849 3.512264 7.510633 -8.276069 -3.186727 -3.705637 -3.193839 3.026300 -7.252614 -0.000025 -0.000002 0.000000 -0.000001 -0.000000 8.207800 -6.751717 -1.599544 -10.752602 14.548996 10.332652 12.141612 2.595133 4.138074 1.273206 0.139760 -7.119436 -4.983706 0.000012 0.000003 -0.000000 0.000001 0.000000 
-1.424596 103.377586 0.121838 -148.473231 -82.838795 -152.092112 0.000000 10.181548 0.131524 3.296973 1.543014 2.729724 1.151890 0.339449 1.552798 1.126012 0.361523 1.555887 -0.000000 16.740360 -2.049019 5.626314 -0.078941 0.454683 0.000000 9.617867 1.684975 -7.563343 1.375735 -0.080567 0.000000 22.037369 7.501073 -0.000000 -0.000000 0.000000 -4.570003 11.014878 -2.160838 2.959889 12.023758 8.926847 9.664250 32.496582 63.907580 -0.000013 6.693722 0.000009 -20.179051 -0.514125 6.782784 -2.464798 -1.573995 2.681911 -1.665237 -0.174481 -4.219036 12.710984 -29.825384 -16.130836 -2.646273 -1.527814 1.527820 -15.549438 -3.559426 -12.707138 -1.994610 -1.151581 1.151583 0.000003 -0.000005 0.000001 -9.108284 -0.517885 2.259804 0.038556 1.262297 6.823711 0.214029 -1.397034 17.420117 0.046167 -0.654904 8.066290 -0.000000 0.000002 0.000005 -9.532484 0.000016 0.000000 -0.136233 -2.205094 14.998860 0.214442 -1.398348 17.436874 0.239765 -1.476510 18.446270 -0.000000 0.000001 0.000005 -9.103603 -0.043111 -1.865098 0.030598 -3.075756 20.451022 0.308449 -1.668271 20.948528 0.225819 -1.434041 17.897076 -0.000000 -0.000000 0.000002 -8.076697 -0.486740 -3.806300 0.764894 -4.877287 26.475321 0.214455 -1.398361 17.437026 0.193010 -1.328205 16.535830 0.000001 0.000001 0.000000 4.570401 11.014686 -2.160813 -0.717792 -20.249878 -16.899510 5.973805 -16.155182 -65.928538 0.000005 -1.459346 0.000005 -33.230513 -1.364887 -6.186635 2.466089 -1.576209 2.681697 -0.662910 2.160404 4.832489 11.853555 25.421641 17.058264 2.647884 -1.528753 1.528744 -13.761931 3.522390 9.039605 1.998920 -1.154078 1.154077 0.000002 -0.000001 0.000005 9.109302 -0.518009 2.259899 0.019854 -0.969579 -7.593531 0.267745 1.752596 -17.372431 0.057624 0.820631 -8.034698 -0.000000 -0.000000 0.000002 9.533395 0.000007 -0.000000 -0.076325 2.665809 -15.696833 0.268764 1.755828 -17.405520 0.300508 1.854019 -18.413336 0.000001 0.000000 0.000001 9.104487 -0.042999 -1.865101 0.136881 3.641806 -21.133505 0.386598 2.094828 -20.911884 0.283021 1.800669 -17.865005 0.000001 0.000000 0.000002 8.077793 -0.486890 -3.806300 0.927702 5.555976 -27.128017 0.269155 1.757065 -17.418212 0.241887 1.667729 -16.505888 -0.000000 -0.000000 -0.000001 -8.207801 -6.751718 -1.599544 0.596210 -10.335849 3.512264 7.510633 -8.276069 -3.186727 -3.705637 -3.193839 3.026300 -7.252614 -0.000025 -0.000002 0.000000 -0.000001 -0.000000 8.207800 -6.751717 -1.599544 -10.752602 14.548996 10.332652 12.141612 2.595133 4.138074 1.273206 0.139760 -7.119436 -4.983706 0.000012 0.000003 -0.000000 0.000001 0.000000 
-1.424596 103.377586 0.121838 -148.473231 -82.838795 -152.092112 0.000000 10.181548 0.131524 3.296973 1.543014 2.729724 1.151890 0.339449 1.552798 1.126012 0.361523 1.555887 -0.000000 16.740360 -2.049019 5.626314 -0.078941 0.454683 0.000000 9.617867 1.684975 -7.563343 1.375735 -0.080567 0.000000 22.037369 7.501073 -0.000000 -0.000000 0.000000 -4.570003 11.014878 -2.160838 2.959889 12.023758 8.926847 9.664250 32.496582 63.907580 -0.000013 6.693722 0.000009 -20.179051 -0.514125 6.782784 -2.464798 -1.573995 2.681911 -1.665237 -0.174481 -4.219036 12.710984 -29.825384 -16.130836 -2.646273 -1.527814 1.527820 -15.549438 -3.559426 -12.707138 -1.994610 -1.151581 1.151583 0.000003 -0.000005 0.000001 -9.108284 -0.517885 2.259804 0.038556 1.262297 6.823711 0.214029 -1.397034 17.420117 0.046167 -0.654904 8.066290 -0.000000 0.000002 0.000005 -9.532484 0.000016 0.000000 -0.136233 -2.205094 14.998860 0.214442 -1.398348 17.436874 0.239765 -1.476510 18.446270 -0.000000 0.000001 0.000005 -9.103603 -0.043111 -1.865098 0.030598 -3.075756 20.451022 0.308449 -1.668271 20.948528 0.225819 -1.434041 17.897076 -0.000000 -0.000000 0.000002 -8.076697 -0.486740 -3.806300 0.764894 -4.877287 26.475321 0.214455 -1.398361 17.437026 0.193010 -1.328205 16.535830 0.000001 0.000001 0.000000 4.570401 11.014686 -2.160813 -0.717792 -20.249878 -16.899510 5.973805 -16.155182 -65.928538 0.000005 -1.459346 0.000005 -33.230513 -1.364887 -6.186635 2.466089 -1.576209 2.681697 -0.662910 2.160404 4.832489 11.853555 25.421641 17.058264 2.647884 -1.528753 1.528744 -13.761931 3.522390 9.039605 1.998920 -1.154078 1.154077 0.000002 -0.000001 0.000005 9.109302 -0.518009 2.259899 0.019854 -0.969579 -7.593531 0.267745 1.752596 -17.372431 0.057624 0.820631 -8.034698 -0.000000 -0.000000 0.000002 9.533395 0.000007 -0.000000 -0.076325 2.665809 -15.696833 0.268764 1.755828 -17.405520 0.300508 1.854019 -18.413336 0.000001 0.000000 0.000001 9.104487 -0.042999 -1.865101 0.136881 3.641806 -21.133505 0.386598 2.094828 -20.911884 0.283021 1.800669 -17.865005 0.000001 0.000000 0.000002 8.077793 -0.486890 -3.806300 0.927702 5.555976 -27.128017 0.269155 1.757065 -17.418212 0.241887 1.667729 -16.505888 -0.000000 -0.000000 -0.000001 -8.207801 -6.751718 -1.599544 0.596210 -10.335849 3.512264 7.510633 -8.276069 -3.186727 -3.705637 -3.193839 3.026300 -7.252614 -0.000025 -0.000002 0.000000 -0.000001 -0.000000 8.207800 -6.751717 -1.599544 -10.752602 14.548996 10.332652 12.141612 2.595133 4.138074 1.273206 0.139760 -7.119436 -4.983706 0.000012 0.000003 -0.000000 0.000001 0.000000 
-1.424596 103.377586 0.121838 -148.473231 -82.838795 -152.092112 0.000000 10.181548 0.131524 3.296973 1.543014 2.729724 1.151890 0.339449 1.552798 1.126012 0.361523 1.555887 -0.000000 16.740360 -2.049019 5.626314 -0.078941 0.454683 0.000000 9.617867 1.684975 -7.563343 1.375735 -0.080567 0.000000 22.037369 7.501073 -0.000000 -0.000000 0.000000 -4.570003 11.014878 -2.160838 2.959889 12.023758 8.926847 9.664250 32.496582 63.907580 -0.000013 6.693722 0.000009 -20.179051 -0.514125 6.782784 -2.464798 -1.573995 2.681911 -1.665237 -0.174481 -4.219036 12.710984 -29.825384 -16.130836 -2.646273 -1.527814 1.527820 -15.549438 -3.559426 -12.707138 -1.994610 -1.151581 1.151583 0.000003 -0.000005 0.000001 -9.108284 -0.517885 2.259804 0.038556 1.262297 6.823711 0.214029 -1.397034 17.420117 0.046167 -0.654904 8.066290 -0.000000 0.000002 0.000005 -9.532484 0.000016 0.000000 -0.136233 -2.205094 14.998860 0.214442 -1.398348 17.436874 0.239765 -1.476510 18.446270 -0.000000 0.000001 0.000005 -9.103603 -0.043111 -1.865098 0.030598 -3.075756 20.451022 0.308449 -1.668271 20.948528 0.225819 -1.434041 17.897076 -0.000000 -0.000000 0.000002 -8.076697 -0.486740 -3.806300 0.764894 -4.877287 26.475321 0.214455 -1.398361 17.437026 0.193010 -1.328205 16.535830 0.000001 0.000001 0.000000 4.570401 11.014686 -2.160813 -0.717792 -20.249878 -16.899510 5.973805 -16.155182 -65.928538 0.000005 -1.459346 0.000005 -33.230513 -1.364887 -6.186635 2.466089 -1.576209 2.681697 -0.662910 2.160404 4.832489 11.853555 25.421641 17.058264 2.647884 -1.528753 1.528744 -13.761931 3.522390 9.039605 1.998920 -1.154078 1.154077 0.000002 -0.000001 0.000005 9.109302 -0.518009 2.259899 0.019854 -0.969579 -7.593531 0.267745 1.752596 -17.372431 0.057624 0.820631 -8.034698 -0.000000 -0.000000 0.000002 9.533395 0.000007 -0.000000 -0.076325 2.665809 -15.696833 0.268764 1.755828 -17.405520 0.300508 1.854019 -18.413336 0.000001 0.000000 0.000001 9.104487 -0.042999 -1.865101 0.136881 3.641806 -21.133505 0.386598 2.094828 -20.911884 0.283021 1.800669 -17.865005 0.000001 0.000000 0.000002 8.077793 -0.486890 -3.806300 0.927702 5.555976 -27.128017 0.269155 1.757065 -17.418212 0.241887 1.667729 -16.505888 -0.000000 -0.000000 -0.000001 -8.207801 -6.751718 -1.599544 0.596210 -10.335849 3.512264 7.510633 -8.276069 -3.186727 -3.705637 -3.193839 3.026300 -7.252614 -0.000025 -0.000002 0.000000 -0.000001 -0.000000 8.207800 -6.751717 -1.599544 -10.752602 14.548996 10.332652 12.141612 2.595133 4.138074 1.273206 0.139760 -7.119436 -4.983706 0.000012 0.000003 -0.000000 0.000001 0.000000 
-1.424596 103.377586 0.121838 -148.473231 -82.838795 -152.092112 0.000000 10.181548 0.131524 3.296973 1.543014 2.729724 1.151890 0.339449 1.552798 1.126012 0.361523 1.555887 -0.000000 16.740360 -2.049019 5.626314 -0.078941 0.454683 0.000000 9.617867 1.684975 -7.563343 1.375735 -0.080567 0.000000 22.037369 7.501073 -0.000000 -0.000000 0.000000 -4.570003 11.014878 -2.160838 2.959889 12.023758 8.926847 9.664250 32.496582 63.907580 -0.000013 6.693722 0.000009 -20.179051 -0.514125 6.782784 -2.464798 -1.573995 2.681911 -1.665237 -0.174481 -4.219036 12.710984 -29.825384 -16.130836 -2.646273 -1.527814 1.527820 -15.549438 -3.559426 -12.707138 -1.994610 -1.151581 1.151583 0.000003 -0.000005 0.000001 -9.108284 -0.517885 2.259804 0.038556 1.262297 6.823711 0.214029 -1.397034 17.420117 0.046167 -0.654904 8.066290 -0.000000 0.000002 0.000005 -9.532484 0.000016 0.000000 -0.136233 -2.205094 14.998860 0.214442 -1.398348 17.436874 0.239765 -1.476510 18.446270 -0.000000 0.000001 0.000005 -9.103603 -0.043111 -1.865098 0.030598 -3.075756 20.451022 0.308449 -1.668271 20.948528 0.225819 -1.434041 17.897076 -0.000000 -0.000000 0.000002 -8.076697 -0.486740 -3.806300 0.764894 -4.877287 26.475321 0.214455 -1.398361 17.437026 0.193010 -1.328205 16.535830 0.000001 0.000001 0.000000 4.570401 11.014686 -2.160813 -0.717792 -20.249878 -16.899510 5.973805 -16.155182 -65.928538 0.000005 -1.459346 0.000005 -33.230513 -1.364887 -6.186635 2.466089 -1.576209 2.681697 -0.662910 2.160404 4.832489 11.853555 25.421641 17.058264 2.647884 -1.528753 1.528744 -13.761931 3.522390 9.039605 1.998920 -1.154078 1.154077 0.000002 -0.000001 0.000005 9.109302 -0.518009 2.259899 0.019854 -0.969579 -7.593531 0.267745 1.752596 -17.372431 0.057624 0.820631 -8.034698 -0.000000 -0.000000 0.000002 9.533395 0.000007 -0.000000 -0.076325 2.665809 -15.696833 0.268764 1.755828 -17.405520 0.300508 1.854019 -18.413336 0.000001 0.000000 0.000001 9.104487 -0.042999 -1.865101 0.136881 3.641806 -21.133505 0.386598 2.094828 -20.911884 0.283021 1.800669 -17.865005 0.000001 0.000000 0.000002 8.077793 -0.486890 -3.806300 0.927702 5.555976 -27.128017 0.269155 1.757065 -17.418212 0.241887 1.667729 -16.505888 -0.000000 -0.000000 -0.000001 -8.207801 -6.751718 -1.599544 0.596210 -10.335849 3.512264 7.510633 -8.276069 -3.186727 -3.705637 -3.193839 3.026300 -7.252614 -0.000025 -0.000002 0.000000 -0.000001 -0.000000 8.207800 -6.751717 -1.599544 -10.752602 14.548996 10.332652 12.141612 2.595133 4.138074 1.273206 0.139760 -7.119436 -4.983706 0.000012 0.000003 -0.000000 0.000001 0.000000 
-1.424596 103.377586 0.121838 -148.473231 -82.838795 -152.092112 0.000000 10.181548 0.131524 3.296973 1.543014 2.729724 1.151890 0.339449 1.552798 1.126012 0.361523 1.555887 -0.000000 16.740360 -2.049019 5.626314 -0.078941 0.454683 0.000000 9.617867 1.684975 -7.563343 1.375735 -0.080567 0.000000 22.037369 7.501073 -0.000000 -0.000000 0.000000 -4.570003 11.014878 -2.160838 2.959889 12.023758 8.926847 9.664250 32.496582 63.907580 -0.000013 6.693722 0.000009 -20.179051 -0.514125 6.782784 -2.464798 -1.573995 2.681911 -1.665237 -0.174481 -4.219036 12.710984 -29.825384 -16.130836 -2.646273 -1.527814 1.527820 -15.549438 -3.559426 -12.707138 -1.994610 -1.151581 1.151583 0.000003 -0.000005 0.000001 -9.108284 -0.517885 2.259804 0.038556 1.262297 6.823711 0.214029 -1.397034 17.420117 0.046167 -0.654904 8.066290 -0.000000 0.000002 0.000005 -9.532484 0.000016 0.000000 -0.136233 -2.205094 14.998860 0.214442 -1.398348 17.436874 0.239765 -1.476510 18.446270 -0.000000 0.000001 0.000005 -9.103603 -0.043111 -1.865098 0.030598 -3.075756 20.451022 0.308449 -1.668271 20.948528 0.225819 -1.434041 17.897076 -0.000000 -0.000000 0.000002 -8.076697 -0.486740 -3.806300 0.764894 -4.877287 26.475321 0.214455 -1.398361 17.437026 0.193010 -1.328205 16.535830 0.000001 0.000001 0.000000 4.570401 11.014686 -2.160813 -0.717792 -20.249878 -16.899510 5.973805 -16.155182 -65.928538 0.000005 -1.459346 0.000005 -33.230513 -1.364887 -6.186635 2.466089 -1.576209 2.681697 -0.662910 2.160404 4.832489 11.853555 25.421641 17.058264 2.647884 -1.528753 1.528744 -13.761931 3.522390 9.039605 1.998920 -1.154078 1.154077 0.000002 -0.000001 0.000005 9.109302 -0.518009 2.259899 0.019854 -0.969579 -7.593531 0.267745 1.752596 -17.372431 0.057624 0.820631 -8.034698 -0.000000 -0.000000 0.000002 9.533395 0.000007 -0.000000 -0.076325 2.665809 -15.696833 0.268764 1.755828 -17.405520 0.300508 1.854019 -18.413336 0.000001 0.000000 0.000001 9.104487 -0.042999 -1.865101 0.136881 3.641806 -21.133505 0.386598 2.094828 -20.911884 0.283021 1.800669 -17.865005 0.000001 0.000000 0.000002 8.077793 -0.486890 -3.806300 0.927702 5.555976 -27.128017 0.269155 1.757065 -17.418212 0.241887 1.667729 -16.505888 -0.000000 -0.000000 -0.000001 -8.207801 -6.751718 -1.599544 0.596210 -10.335849 3.512264 7.510633 -8.276069 -3.186727 -3.705637 -3.193839 3.026300 -7.252614 -0.000025 -0.000002 0.000000 -0.000001 -0.000000 8.207800 -6.751717 -1.599544 -10.752602 14.548996 10.332652 12.141612 2.595133 4.138074 1.273206 0.139760 -7.119436 -4.983706 0.000012 0.000003 -0.000000 0.000001 0.000000 
-1.424596 103.377586 0.121838 -148.473231 -82.838795 -152.092112 0.000000 10.181548 0.131524 3.296973 1.543014 2.729724 1.151890 0.339449 1.552798 1.126012 0.361523 1.555887 -0.000000 16.740360 -2.049019 5.626314 -0.078941 0.454683 0.000000 9.617867 1.684975 -7.563343 1.375735 -0.080567 0.000000 22.037369 7.501073 -0.000000 -0.000000 0.000000 -4.570003 11.014878 -2.160838 2.959889 12.023758 8.926847 9.664250 32.496582 63.907580 -0.000013 6.693722 0.000009 -20.179051 -0.514125 6.782784 -2.464798 -1.573995 2.681911 -1.665237 -0.174481 -4.219036 12.710984 -29.825384 -16.130836 -2.646273 -1.527814 1.527820 -15.549438 -3.559426 -12.707138 -1.994610 -1.151581 1.151583 0.000003 -0.000005 0.000001 -9.108284 -0.517885 2.259804 0.038556 1.262297 6.823711 0.214029 -1.397034 17.420117 0.046167 -0.654904 8.066290 -0.000000 0.000002 0.000005 -9.532484 0.000016 0.000000 -0.136233 -2.205094 14.998860 0.214442 -1.398348 17.436874 0.239765 -1.476510 18.446270 -0.000000 0.000001 0.000005 -9.103603 -0.043111 -1.865098 0.030598 -3.075756 20.451022 0.308449 -1.668271 20.948528 0.225819 -1.434041 17.897076 -0.000000 -0.000000 0.000002 -8.076697 -0.486740 -3.806300 0.764894 -4.877287 26.475321 0.214455 -1.398361 17.437026 0.193010 -1.328205 16.535830 0.000001 0.000001 0.000000 4.570401 11.014686 -2.160813 -0.717792 -20.249878 -16.899510 5.973805 -16.155182 -65.928538 0.000005 -1.459346 0.000005 -33.230513 -1.364887 -6.186635 2.466089 -1.576209 2.681697 -0.662910 2.160404 4.832489 11.853555 25.421641 17.058264 2.647884 -1.528753 1.528744 -13.761931 3.522390 9.039605 1.998920 -1.154078 1.154077 0.000002 -0.000001 0.000005 9.109302 -0.518009 2.259899 0.019854 -0.969579 -7.593531 0.267745 1.752596 -17.372431 0.057624 0.820631 -8.034698 -0.000000 -0.000000 0.000002 9.533395 0.000007 -0.000000 -0.076325 2.665809 -15.696833 0.268764 1.755828 -17.405520 0.300508 1.854019 -18.413336 0.000001 0.000000 0.000001 9.104487 -0.042999 -1.865101 0.136881 3.641806 -21.133505 0.386598 2.094828 -20.911884 0.283021 1.800669 -17.865005 0.000001 0.000000 0.000002 8.077793 -0.486890 -3.806300 0.927702 5.555976 -27.128017 0.269155 1.757065 -17.418212 0.241887 1.667729 -16.505888 -0.000000 -0.000000 -0.000001 -8.207801 -6.751718 -1.599544 0.596210 -10.335849 3.512264 7.510633 -8.276069 -3.186727 -3.705637 -3.193839 3.026300 -7.252614 -0.000025 -0.000002 0.000000 -0.000001 -0.000000 8.207800 -6.751717 -1.599544 -10.752602 14.548996 10.332652 12.141612 2.595133 4.138074 1.273206 0.139760 -7.119436 -4.983706 0.000012 0.000003 -0.000000 0.000001 0.000000 
-1.424596 103.377586 0.121838 -148.473231 -82.838795 -152.092112 0.000000 10.181548 0.131524 3.296973 1.543014 2.729724 1.151890 0.339449 1.552798 1.126012 0.361523 1.555887 -0.000000 16.740360 -2.049019 5.626314 -0.078941 0.454683 0.000000 9.617867 1.684975 -7.563343 1.375735 -0.080567 0.000000 22.037369 7.501073 -0.000000 -0.000000 0.000000 -4.570003 11.014878 -2.160838 2.959889 12.023758 8.926847 9.664250 32.496582 63.907580 -0.000013 6.693722 0.000009 -20.179051 -0.514125 6.782784 -2.464798 -1.573995 2.681911 -1.665237 -0.174481 -4.219036 12.710984 -29.825384 -16.130836 -2.646273 -1.527814 1.527820 -15.549438 -3.559426 -12.707138 -1.994610 -1.151581 1.151583 0.000003 -0.000005 0.000001 -9.108284 -0.517885 2.259804 0.038556 1.262297 6.823711 0.214029 -1.397034 17.420117 0.046167 -0.654904 8.066290 -0.000000 0.000002 0.000005 -9.532484 0.000016 0.000000 -0.136233 -2.205094 14.998860 0.214442 -1.398348 17.436874 0.239765 -1.476510 18.446270 -0.000000 0.000001 0.000005 -9.103603 -0.043111 -1.865098 0.030598 -3.075756 20.451022 0.308449 -1.668271 20.948528 0.225819 -1.434041 17.897076 -0.000000 -0.000000 0.000002 -8.076697 -0.486740 -3.806300 0.764894 -4.877287 26.475321 0.214455 -1.398361 17.437026 0.193010 -1.328205 16.535830 0.000001 0.000001 0.000000 4.570401 11.014686 -2.160813 -0.717792 -20.249878 -16.899510 5.973805 -16.155182 -65.928538 0.000005 -1.459346 0.000005 -33.230513 -1.364887 -6.186635 2.466089 -1.576209 2.681697 -0.662910 2.160404 4.832489 11.853555 25.421641 17.058264 2.647884 -1.528753 1.528744 -13.761931 3.522390 9.039605 1.998920 -1.154078 1.154077 0.000002 -0.000001 0.000005 9.109302 -0.518009 2.259899 0.019854 -0.969579 -7.593531 0.267745 1.752596 -17.372431 0.057624 0.820631 -8.034698 -0.000000 -0.000000 0.000002 9.533395 0.000007 -0.000000 -0.076325 2.665809 -15.696833 0.268764 1.755828 -17.405520 0.300508 1.854019 -18.413336 0.000001 0.000000 0.000001 9.104487 -0.042999 -1.865101 0.136881 3.641806 -21.133505 0.386598 2.094828 -20.911884 0.283021 1.800669 -17.865005 0.000001 0.000000 0.000002 8.077793 -0.486890 -3.806300 0.927702 5.555976 -27.128017 0.269155 1.757065 -17.418212 0.241887 1.667729 -16.505888 -0.000000 -0.000000 -0.000001 -8.207801 -6.751718 -1.599544 0.596210 -10.335849 3.512264 7.510633 -8.276069 -3.186727 -3.705637 -3.193839 3.026300 -7.252614 -0.000025 -0.000002 0.000000 -0.000001 -0.000000 8.207800 -6.751717 -1.599544 -10.752602 14.548996 10.332652 12.141612 2.595133 4.138074 1.273206 0.139760 -7.119436 -4.983706 0.000012 0.000003 -0.000000 0.000001 0.000000 
-1.424596 103.377586 0.121838 -148.473231 -82.838795 -152.092112 0.000000 10.181548 0.131524 3.296973 1.543014 2.729724 1.151890 0.339449 1.552798 1.126012 0.361523 1.555887 -0.000000 16.740360 -2.049019 5.626314 -0.078941 0.454683 0.000000 9.617867 1.684975 -7.563343 1.375735 -0.080567 0.000000 22.037369 7.501073 -0.000000 -0.000000 0.000000 -4.570003 11.014878 -2.160838 2.959889 12.023758 8.926847 9.664250 32.496582 63.907580 -0.000013 6.693722 0.000009 -20.179051 -0.514125 6.782784 -2.464798 -1.573995 2.681911 -1.665237 -0.174481 -4.219036 12.710984 -29.825384 -16.130836 -2.646273 -1.527814 1.527820 -15.549438 -3.559426 -12.707138 -1.994610 -1.151581 1.151583 0.000003 -0.000005 0.000001 -9.108284 -0.517885 2.259804 0.038556 1.262297 6.823711 0.214029 -1.397034 17.420117 0.046167 -0.654904 8.066290 -0.000000 0.000002 0.000005 -9.532484 0.000016 0.000000 -0.136233 -2.205094 14.998860 0.214442 -1.398348 17.436874 0.239765 -1.476510 18.446270 -0.000000 0.000001 0.000005 -9.103603 -0.043111 -1.865098 0.030598 -3.075756 20.451022 0.308449 -1.668271 20.948528 0.225819 -1.434041 17.897076 -0.000000 -0.000000 0.000002 -8.076697 -0.486740 -3.806300 0.764894 -4.877287 26.475321 0.214455 -1.398361 17.437026 0.193010 -1.328205 16.535830 0.000001 0.000001 0.000000 4.570401 11.014686 -2.160813 -0.717792 -20.249878 -16.899510 5.973805 -16.155182 -65.928538 0.000005 -1.459346 0.000005 -33.230513 -1.364887 -6.186635 2.466089 -1.576209 2.681697 -0.662910 2.160404 4.832489 11.853555 25.421641 17.058264 2.647884 -1.528753 1.528744 -13.761931 3.522390 9.039605 1.998920 -1.154078 1.154077 0.000002 -0.000001 0.000005 9.109302 -0.518009 2.259899 0.019854 -0.969579 -7.593531 0.267745 1.752596 -17.372431 0.057624 0.820631 -8.034698 -0.000000 -0.000000 0.000002 9.533395 0.000007 -0.000000 -0.076325 2.665809 -15.696833 0.268764 1.755828 -17.405520 0.300508 1.854019 -18.413336 0.000001 0.000000 0.000001 9.104487 -0.042999 -1.865101 0.136881 3.641806 -21.133505 0.386598 2.094828 -20.911884 0.283021 1.800669 -17.865005 0.000001 0.000000 0.000002 8.077793 -0.486890 -3.806300 0.927702 5.555976 -27.128017 0.269155 1.757065 -17.418212 0.241887 1.667729 -16.505888 -0.000000 -0.000000 -0.000001 -8.207801 -6.751718 -1.599544 0.596210 -10.335849 3.512264 7.510633 -8.276069 -3.186727 -3.705637 -3.193839 3.026300 -7.252614 -0.000025 -0.000002 0.000000 -0.000001 -0.000000 8.207800 -6.751717 -1.599544 -10.752602 14.548996 10.332652 12.141612 2.595133 4.138074 1.273206 0.139760 -7.119436 -4.983706 0.000012 0.000003 -0.000000 0.000001 0.000000 
-1.424596 103.377586 0.121838 -148.473231 -82.838795 -152.092112 0.000000 10.181548 0.131524 3.296973 1.543014 2.729724 1.151890 0.339449 1.552798 1.126012 0.361523 1.555887 -0.000000 16.740360 -2.049019 5.626314 -0.078941 0.454683 0.000000 9.617867 1.684975 -7.563343 1.375735 -0.080567 0.000000 22.037369 7.501073 -0.000000 -0.000000 0.000000 -4.570003 11.014878 -2.160838 2.959889 12.023758 8.926847 9.664250 32.496582 63.907580 -0.000013 6.693722 0.000009 -20.179051 -0.514125 6.782784 -2.464798 -1.573995 2.681911 -1.665237 -0.174481 -4.219036 12.710984 -29.825384 -16.130836 -2.646273 -1.527814 1.527820 -15.549438 -3.559426 -12.707138 -1.994610 -1.151581 1.151583 0.000003 -0.000005 0.000001 -9.108284 -0.517885 2.259804 0.038556 1.262297 6.823711 0.214029 -1.397034 17.420117 0.046167 -0.654904 8.066290 -0.000000 0.000002 0.000005 -9.532484 0.000016 0.000000 -0.136233 -2.205094 14.998860 0.214442 -1.398348 17.436874 0.239765 -1.476510 18.446270 -0.000000 0.000001 0.000005 -9.103603 -0.043111 -1.865098 0.030598 -3.075756 20.451022 0.308449 -1.668271 20.948528 0.225819 -1.434041 17.897076 -0.000000 -0.000000 0.000002 -8.076697 -0.486740 -3.806300 0.764894 -4.877287 26.475321 0.214455 -1.398361 17.437026 0.193010 -1.328205 16.535830 0.000001 0.000001 0.000000 4.570401 11.014686 -2.160813 -0.717792 -20.249878 -16.899510 5.973805 -16.155182 -65.928538 0.000005 -1.459346 0.000005 -33.230513 -1.364887 -6.186635 2.466089 -1.576209 2.681697 -0.662910 2.160404 4.832489 11.853555 25.421641 17.058264 2.647884 -1.528753 1.528744 -13.761931 3.522390 9.039605 1.998920 -1.154078 1.154077 0.000002 -0.000001 0.000005 9.109302 -0.518009 2.259899 0.019854 -0.969579 -7.593531 0.267745 1.752596 -17.372431 0.057624 0.820631 -8.034698 -0.000000 -0.000000 0.000002 9.533395 0.000007 -0.000000 -0.076325 2.665809 -15.696833 0.268764 1.755828 -17.405520 0.300508 1.854019 -18.413336 0.000001 0.000000 0.000001 9.104487 -0.042999 -1.865101 0.136881 3.641806 -21.133505 0.386598 2.094828 -20.911884 0.283021 1.800669 -17.865005 0.000001 0.000000 0.000002 8.077793 -0.486890 -3.806300 0.927702 5.555976 -27.128017 0.269155 1.757065 -17.418212 0.241887 1.667729 -16.505888 -0.000000 -0.000000 -0.000001 -8.207801 -6.751718 -1.599544 0.596210 -10.335849 3.512264 7.510633 -8.276069 -3.186727 -3.705637 -3.193839 3.026300 -7.252614 -0.000025 -0.000002 0.000000 -0.000001 -0.000000 8.207800 -6.751717 -1.599544 -10.752602 14.548996 10.332652 12.141612 2.595133 4.138074 1.273206 0.139760 -7.119436 -4.983706 0.000012 0.000003 -0.000000 0.000001 0.000000 
-1.424596 103.377586 0.121838 -148.473231 -82.838795 -152.092112 0.000000 10.181548 0.131524 3.296973 1.543014 2.729724 1.151890 0.339449 1.552798 1.126012 0.361523 1.555887 -0.000000 16.740360 -2.049019 5.626314 -0.078941 0.454683 0.000000 9.617867 1.684975 -7.563343 1.375735 -0.080567 0.000000 22.037369 7.501073 -0.000000 -0.000000 0.000000 -4.570003 11.014878 -2.160838 2.959889 12.023758 8.926847 9.664250 32.496582 63.907580 -0.000013 6.693722 0.000009 -20.179051 -0.514125 6.782784 -2.464798 -1.573995 2.681911 -1.665237 -0.174481 -4.219036 12.710984 -29.825384 -16.130836 -2.646273 -1.527814 1.527820 -15.549438 -3.559426 -12.707138 -1.994610 -1.151581 1.151583 0.000003 -0.000005 0.000001 -9.108284 -0.517885 2.259804 0.038556 1.262297 6.823711 0.214029 -1.397034 17.420117 0.046167 -0.654904 8.066290 -0.000000 0.000002 0.000005 -9.532484 0.000016 0.000000 -0.136233 -2.205094 14.998860 0.214442 -1.398348 17.436874 0.239765 -1.476510 18.446270 -0.000000 0.000001 0.000005 -9.103603 -0.043111 -1.865098 0.030598 -3.075756 20.451022 0.308449 -1.668271 20.948528 0.225819 -1.434041 17.897076 -0.000000 -0.000000 0.000002 -8.076697 -0.486740 -3.806300 0.764894 -4.877287 26.475321 0.214455 -1.398361 17.437026 0.193010 -1.328205 16.535830 0.000001 0.000001 0.000000 4.570401 11.014686 -2.160813 -0.717792 -20.249878 -16.899510 5.973805 -16.155182 -65.928538 0.000005 -1.459346 0.000005 -33.230513 -1.364887 -6.186635 2.466089 -1.576209 2.681697 -0.662910 2.160404 4.832489 11.853555 25.421641 17.058264 2.647884 -1.528753 1.528744 -13.761931 3.522390 9.039605 1.998920 -1.154078 1.154077 0.000002 -0.000001 0.000005 9.109302 -0.518009 2.259899 0.019854 -0.969579 -7.593531 0.267745 1.752596 -17.372431 0.057624 0.820631 -8.034698 -0.000000 -0.000000 0.000002 9.533395 0.000007 -0.000000 -0.076325 2.665809 -15.696833 0.268764 1.755828 -17.405520 0.300508 1.854019 -18.413336 0.000001 0.000000 0.000001 9.104487 -0.042999 -1.865101 0.136881 3.641806 -21.133505 0.386598 2.094828 -20.911884 0.283021 1.800669 -17.865005 0.000001 0.000000 0.000002 8.077793 -0.486890 -3.806300 0.927702 5.555976 -27.128017 0.269155 1.757065 -17.418212 0.241887 1.667729 -16.505888 -0.000000 -0.000000 -0.000001 -8.207801 -6.751718 -1.599544 0.596210 -10.335849 3.512264 7.510633 -8.276069 -3.186727 -3.705637 -3.193839 3.026300 -7.252614 -0.000025 -0.000002 0.000000 -0.000001 -0.000000 8.207800 -6.751717 -1.599544 -10.752602 14.548996 10.332652 12.141612 2.595133 4.138074 1.273206 0.139760 -7.119436 -4.983706 0.000012 0.000003 -0.000000 0.000001 0.000000 
-1.424596 103.377586 0.121838 -148.473231 -82.838795 -152.092112 0.000000 10.181548 0.131524 3.296973 1.543014 2.729724 1.151890 0.339449 1.552798 1.126012 0.361523 1.555887 -0.000000 16.740360 -2.049019 5.626314 -0.078941 0.454683 0.000000 9.617867 1.684975 -7.563343 1.375735 -0.080567 0.000000 22.037369 7.501073 -0.000000 -0.000000 0.000000 -4.570003 11.014878 -2.160838 2.959889 12.023758 8.926847 9.664250 32.496582 63.907580 -0.000013 6.693722 0.000009 -20.179051 -0.514125 6.782784 -2.464798 -1.573995 2.681911 -1.665237 -0.174481 -4.219036 12.710984 -29.825384 -16.130836 -2.646273 -1.527814 1.527820 -15.549438 -3.559426 -12.707138 -1.994610 -1.151581 1.151583 0.000003 -0.000005 0.000001 -9.108284 -0.517885 2.259804 0.038556 1.262297 6.823711 0.214029 -1.397034 17.420117 0.046167 -0.654904 8.066290 -0.000000 0.000002 0.000005 -9.532484 0.000016 0.000000 -0.136233 -2.205094 14.998860 0.214442 -1.398348 17.436874 0.239765 -1.476510 18.446270 -0.000000 0.000001 0.000005 -9.103603 -0.043111 -1.865098 0.030598 -3.075756 20.451022 0.308449 -1.668271 20.948528 0.225819 -1.434041 17.897076 -0.000000 -0.000000 0.000002 -8.076697 -0.486740 -3.806300 0.764894 -4.877287 26.475321 0.214455 -1.398361 17.437026 0.193010 -1.328205 16.535830 0.000001 0.000001 0.000000 4.570401 11.014686 -2.160813 -0.717792 -20.249878 -16.899510 5.973805 -16.155182 -65.928538 0.000005 -1.459346 0.000005 -33.230513 -1.364887 -6.186635 2.466089 -1.576209 2.681697 -0.662910 2.160404 4.832489 11.853555 25.421641 17.058264 2.647884 -1.528753 1.528744 -13.761931 3.522390 9.039605 1.998920 -1.154078 1.154077 0.000002 -0.000001 0.000005 9.109302 -0.518009 2.259899 0.019854 -0.969579 -7.593531 0.267745 1.752596 -17.372431 0.057624 0.820631 -8.034698 -0.000000 -0.000000 0.000002 9.533395 0.000007 -0.000000 -0.076325 2.665809 -15.696833 0.268764 1.755828 -17.405520 0.300508 1.854019 -18.413336 0.000001 0.000000 0.000001 9.104487 -0.042999 -1.865101 0.136881 3.641806 -21.133505 0.386598 2.094828 -20.911884 0.283021 1.800669 -17.865005 0.000001 0.000000 0.000002 8.077793 -0.486890 -3.806300 0.927702 5.555976 -27.128017 0.269155 1.757065 -17.418212 0.241887 1.667729 -16.505888 -0.000000 -0.000000 -0.000001 -8.207801 -6.751718 -1.599544 0.596210 -10.335849 3.512264 7.510633 -8.276069 -3.186727 -3.705637 -3.193839 3.026300 -7.252614 -0.000025 -0.000002 0.000000 -0.000001 -0.000000 8.207800 -6.751717 -1.599544 -10.752602 14.548996 10.332652 12.141612 2.595133 4.138074 1.273206 0.139760 -7.119436 -4.983706 0.000012 0.000003 -0.000000 0.000001 0.000000 
