HIERARCHY
ROOT hips
{
	OFFSET 0.000000 104.274902 0.000000
	CHANNELS 6 Xposition Yposition Zposition Xrotation Yrotation Zrotation
	JOINT spine
	{
		OFFSET 0.000000 10.181549 0.131524
		CHANNELS 6 Xposition Yposition Zposition Xrotation Yrotation Zrotation
		JOINT chest
		{
			OFFSET 0.000000 9.893990 -1.470706
			CHANNELS 3 Xrotation Yrotation Zrotation
			JOINT upperChest
			{
				OFFSET 0.000000 9.220787 -1.370637
				CHANNELS 3 Xrotation Yrotation Zrotation
				JOINT neck
				{
					OFFSET 0.000000 16.740372 -2.049022
					CHANNELS 6 Xposition Yposition Zposition Xrotation Yrotation Zrotation
					JOINT head
					{
						OFFSET 0.000000 9.617859 1.684976
						CHANNELS 6 Xposition Yposition Zposition Xrotation Yrotation Zrotation
						JOINT headEnd
						{
							OFFSET 0.000000 22.037384 7.501072
							CHANNELS 6 Xposition Yposition Zposition Xrotation Yrotation Zrotation
							End Site
							{
								OFFSET 0.000000 23.106567 -2.828246
							}
						}
					}
				}
				JOINT rightShoulder
				{
					OFFSET -4.570000 11.014877 -2.160840
					CHANNELS 6 Xposition Yposition Zposition Xrotation Yrotation Zrotation
					JOINT rightUpperArm
					{
						OFFSET -10.592867 -0.524796 -2.232105
						CHANNELS 3 Xrotation Yrotation Zrotation
						JOINT rightLowerArm
						{
							OFFSET -27.841497 0.000000 -0.000002
							CHANNELS 3 Xrotation Yrotation Zrotation
							JOINT rightHand
							{
								OFFSET -28.328812 0.000000 -0.000001
								CHANNELS 3 Xrotation Yrotation Zrotation
								JOINT rightThumbProximal
								{
									OFFSET -2.464798 -1.573990 2.681911
									CHANNELS 6 Xposition Yposition Zposition Xrotation Yrotation Zrotation
									JOINT rightThumbIntermediate
									{
										OFFSET -3.244781 -1.873383 1.873376
										CHANNELS 3 Xrotation Yrotation Zrotation
										JOINT rightThumbDistal
										{
											OFFSET -2.646263 -1.527817 1.527818
											CHANNELS 6 Xposition Yposition Zposition Xrotation Yrotation Zrotation
											JOINT rightHandThumb4
											{
												OFFSET -1.994591 -1.151581 1.151575
												CHANNELS 6 Xposition Yposition Zposition Xrotation Yrotation Zrotation
												End Site
												{
													OFFSET -1.860176 -1.142715 1.365483
												}
											}
										}
									}
								}
								JOINT rightIndexProximal
								{
									OFFSET -9.108299 -0.517883 2.259803
									CHANNELS 6 Xposition Yposition Zposition Xrotation Yrotation Zrotation
									JOINT rightIndexIntermediate
									{
										OFFSET -3.699997 0.000000 0.000000
										CHANNELS 3 Xrotation Yrotation Zrotation
										JOINT rightIndexDistal
										{
											OFFSET -2.850006 0.000000 0.000000
											CHANNELS 3 Xrotation Yrotation Zrotation
											JOINT rightHandIndex4
											{
												OFFSET -2.772194 0.000000 0.000000
												CHANNELS 3 Xrotation Yrotation Zrotation
												End Site
												{
													OFFSET -2.772202 0.000000 -0.000484
												}
											}
										}
									}
								}
								JOINT rightMiddleProximal
								{
									OFFSET -9.532501 0.000000 -0.000000
									CHANNELS 6 Xposition Yposition Zposition Xrotation Yrotation Zrotation
									JOINT rightMiddleIntermediate
									{
										OFFSET -3.699997 0.000000 0.000000
										CHANNELS 3 Xrotation Yrotation Zrotation
										JOINT rightMiddleDistal
										{
											OFFSET -2.949997 0.000000 0.000000
											CHANNELS 3 Xrotation Yrotation Zrotation
											JOINT rightHandMiddle4
											{
												OFFSET -2.946594 0.000000 0.000000
												CHANNELS 3 Xrotation Yrotation Zrotation
												End Site
												{
													OFFSET -2.946602 0.000000 -0.000982
												}
											}
										}
									}
								}
								JOINT rightRingProximal
								{
									OFFSET -9.103600 -0.043106 -1.865100
									CHANNELS 6 Xposition Yposition Zposition Xrotation Yrotation Zrotation
									JOINT rightRingIntermediate
									{
										OFFSET -3.379303 0.000000 0.000000
										CHANNELS 3 Xrotation Yrotation Zrotation
										JOINT rightRingDistal
										{
											OFFSET -2.889694 0.000000 0.000000
											CHANNELS 3 Xrotation Yrotation Zrotation
											JOINT rightHandRing4
											{
												OFFSET -2.638802 0.000000 0.000000
												CHANNELS 3 Xrotation Yrotation Zrotation
												End Site
												{
													OFFSET -2.638802 0.000000 0.004218
												}
											}
										}
									}
								}
								JOINT rightLittleProximal
								{
									OFFSET -8.076698 -0.486725 -3.806299
									CHANNELS 6 Xposition Yposition Zposition Xrotation Yrotation Zrotation
									JOINT rightLittleIntermediate
									{
										OFFSET -3.600006 0.000000 0.000000
										CHANNELS 3 Xrotation Yrotation Zrotation
										JOINT rightLittleDistal
										{
											OFFSET -2.099998 0.000000 0.000000
											CHANNELS 3 Xrotation Yrotation Zrotation
											JOINT rightHandPinky4
											{
												OFFSET -2.115791 0.000000 0.000000
												CHANNELS 3 Xrotation Yrotation Zrotation
												End Site
												{
													OFFSET -2.115799 0.000000 0.000174
												}
											}
										}
									}
								}
							}
						}
					}
				}
				JOINT leftShoulder
				{
					OFFSET 4.570400 11.014679 -2.160816
					CHANNELS 6 Xposition Yposition Zposition Xrotation Yrotation Zrotation
					JOINT leftUpperArm
					{
						OFFSET 10.592373 -0.524597 -2.232116
						CHANNELS 3 Xrotation Yrotation Zrotation
						JOINT leftLowerArm
						{
							OFFSET 27.841488 0.000000 0.000001
							CHANNELS 3 Xrotation Yrotation Zrotation
							JOINT leftHand
							{
								OFFSET 28.328808 0.000000 -0.000000
								CHANNELS 3 Xrotation Yrotation Zrotation
								JOINT leftThumbProximal
								{
									OFFSET 2.466103 -1.576202 2.681698
									CHANNELS 6 Xposition Yposition Zposition Xrotation Yrotation Zrotation
									JOINT leftThumbIntermediate
									{
										OFFSET 3.243317 -1.872528 1.872530
										CHANNELS 3 Xrotation Yrotation Zrotation
										JOINT leftThumbDistal
										{
											OFFSET 2.647881 -1.528763 1.528754
											CHANNELS 6 Xposition Yposition Zposition Xrotation Yrotation Zrotation
											JOINT leftHandThumb4
											{
												OFFSET 1.998924 -1.154083 1.154080
												CHANNELS 6 Xposition Yposition Zposition Xrotation Yrotation Zrotation
												End Site
												{
													OFFSET 1.884041 -1.149155 1.337651
												}
											}
										}
									}
								}
								JOINT leftIndexProximal
								{
									OFFSET 9.109299 -0.518005 2.259900
									CHANNELS 6 Xposition Yposition Zposition Xrotation Yrotation Zrotation
									JOINT leftIndexIntermediate
									{
										OFFSET 3.699997 0.000000 0.000000
										CHANNELS 3 Xrotation Yrotation Zrotation
										JOINT leftIndexDistal
										{
											OFFSET 2.850006 0.000000 0.000000
											CHANNELS 3 Xrotation Yrotation Zrotation
											JOINT leftHandIndex4
											{
												OFFSET 2.774895 0.000000 0.000000
												CHANNELS 3 Xrotation Yrotation Zrotation
												End Site
												{
													OFFSET 2.774902 0.000000 -0.000072
												}
											}
										}
									}
								}
								JOINT leftMiddleProximal
								{
									OFFSET 9.533401 0.000000 0.000000
									CHANNELS 6 Xposition Yposition Zposition Xrotation Yrotation Zrotation
									JOINT leftMiddleIntermediate
									{
										OFFSET 3.699997 0.000000 0.000000
										CHANNELS 3 Xrotation Yrotation Zrotation
										JOINT leftMiddleDistal
										{
											OFFSET 2.949997 0.000000 0.000000
											CHANNELS 3 Xrotation Yrotation Zrotation
											JOINT leftHandMiddle4
											{
												OFFSET 2.952896 0.000000 0.000000
												CHANNELS 3 Xrotation Yrotation Zrotation
												End Site
												{
													OFFSET 2.952904 0.000000 0.000165
												}
											}
										}
									}
								}
								JOINT leftRingProximal
								{
									OFFSET 9.104500 -0.042999 -1.865101
									CHANNELS 6 Xposition Yposition Zposition Xrotation Yrotation Zrotation
									JOINT leftRingIntermediate
									{
										OFFSET 3.149994 0.000000 0.000000
										CHANNELS 3 Xrotation Yrotation Zrotation
										JOINT leftRingDistal
										{
											OFFSET 2.950005 0.000000 0.000000
											CHANNELS 3 Xrotation Yrotation Zrotation
											JOINT leftHandRing4
											{
												OFFSET 2.644302 0.000000 0.000000
												CHANNELS 3 Xrotation Yrotation Zrotation
												End Site
												{
													OFFSET 2.644302 0.000000 0.000083
												}
											}
										}
									}
								}
								JOINT leftLittleProximal
								{
									OFFSET 8.077805 -0.486893 -3.806302
									CHANNELS 6 Xposition Yposition Zposition Xrotation Yrotation Zrotation
									JOINT leftLittleIntermediate
									{
										OFFSET 3.600006 0.000000 0.000000
										CHANNELS 3 Xrotation Yrotation Zrotation
										JOINT leftLittleDistal
										{
											OFFSET 2.099998 0.000000 0.000000
											CHANNELS 3 Xrotation Yrotation Zrotation
											JOINT leftHandPinky4
											{
												OFFSET 2.125496 0.000000 0.000000
												CHANNELS 3 Xrotation Yrotation Zrotation
												End Site
												{
													OFFSET 2.125504 0.000000 -0.001254
												}
											}
										}
									}
								}
							}
						}
					}
				}
			}
		}
	}
	JOINT rightUpperLeg
	{
		OFFSET -8.207800 -6.751701 -1.599544
		CHANNELS 6 Xposition Yposition Zposition Xrotation Yrotation Zrotation
		JOINT rightLowerLeg
		{
			OFFSET 0.000004 -44.370152 0.345934
			CHANNELS 3 Xrotation Yrotation Zrotation
			JOINT rightFoot
			{
				OFFSET 0.000004 -44.423664 -3.043535
				CHANNELS 3 Xrotation Yrotation Zrotation
				JOINT rightToes
				{
					OFFSET 0.000001 -8.728691 10.710592
					CHANNELS 3 Xrotation Yrotation Zrotation
					JOINT rightToesEnd
					{
						OFFSET 0.000000 -0.000665 9.278101
						CHANNELS 3 Xrotation Yrotation Zrotation
						End Site
						{
							OFFSET 0.000000 -0.000665 9.278103
						}
					}
				}
			}
		}
	}
	JOINT leftUpperLeg
	{
		OFFSET 8.207800 -6.751701 -1.599544
		CHANNELS 6 Xposition Yposition Zposition Xrotation Yrotation Zrotation
		JOINT leftLowerLeg
		{
			OFFSET 0.000004 -44.370037 0.346940
			CHANNELS 3 Xrotation Yrotation Zrotation
			JOINT leftFoot
			{
				OFFSET 0.000004 -44.423611 -3.044388
				CHANNELS 3 Xrotation Yrotation Zrotation
				JOINT leftToes
				{
					OFFSET 0.000001 -8.728690 10.710592
					CHANNELS 3 Xrotation Yrotation Zrotation
					JOINT leftToesEnd
					{
						OFFSET 0.000000 -0.000680 9.278101
						CHANNELS 3 Xrotation Yrotation Zrotation
						End Site
						{
							OFFSET 0.000000 -0.000680 9.278101
						}
					}
				}
			}
		}
	}
}
MOTION
Frames: 250
Frame Time: 0.033333
0.995873 93.439636 -2.231916 -14.952568 11.118739 -1.272508 0.000000 10.181566 0.131519 1.870860 0.156110 -0.671400 3.717975 -0.850189 3.477123 3.708185 -0.892903 3.478358 -0.000001 16.740360 -2.049020 3.397820 -0.177433 -3.335148 -0.000001 9.617863 1.684974 -0.861467 -0.115030 -16.153495 -0.000008 22.037384 7.501076 -0.000002 -0.000000 0.000002 -4.570002 11.014873 -2.160840 0.931188 1.208943 -0.096234 -53.557805 16.373125 65.972702 0.000367 101.267547 -0.000301 54.780931 23.205832 -89.999975 -2.464794 -1.573986 2.681914 24.186219 9.109235 -18.916279 4.637199 -8.634140 -0.225375 -2.646262 -1.527821 1.527821 -1.273762 0.137314 -2.094876 -1.994587 -1.151583 1.151575 -0.000000 -0.000005 0.000001 -9.108285 -0.517869 2.259811 0.242893 1.825227 -15.158510 -0.000008 0.000000 0.000005 0.000012 0.000001 0.000004 -0.000002 0.000001 -0.000001 -9.532507 0.000005 -0.000005 0.242892 1.825228 -15.158515 -0.000006 0.000001 0.000006 0.000009 -0.000003 0.000004 -0.000003 -0.000000 0.000001 -9.103601 -0.043091 -1.865099 0.242893 1.825227 -15.158512 -0.000005 0.000009 0.000071 0.000003 0.000007 -0.000002 -0.000003 -0.000003 0.000000 -8.076696 -0.486713 -3.806299 0.242883 1.825232 -15.158519 -0.000001 0.000002 0.000010 0.000001 0.000007 -0.000001 -0.000000 0.000002 0.000003 4.570400 11.014668 -2.160814 1.063629 -2.585341 -10.390359 -32.711955 -8.937861 -47.849013 0.000002 -110.537084 0.000015 37.980541 -6.588122 89.999989 2.466102 -1.576195 2.681696 12.206214 3.273323 25.036741 3.939045 7.948721 0.746786 2.647882 -1.528731 1.528749 -0.579470 1.575005 2.538714 1.998924 -1.154065 1.154069 0.000001 0.000004 0.000003 9.109314 -0.518007 2.259895 0.091032 -1.118120 9.306969 -0.000002 0.000002 -0.000018 0.000000 0.000004 -0.000001 -0.000001 0.000004 -0.000001 9.533412 0.000001 -0.000003 0.091340 -1.120026 9.322944 0.000000 0.001926 -0.015979 0.000000 0.000003 -0.000006 -0.000001 0.000000 -0.000000 9.104511 -0.042992 -1.865102 0.091032 -1.118120 9.306969 -0.000002 0.000003 -0.000236 0.000003 0.000000 -0.000012 -0.000002 0.000002 0.000001 8.077819 -0.486887 -3.806302 -0.582769 2.879837 9.827756 -0.018092 -4.054253 -0.511073 0.000000 0.000001 0.000002 0.000001 -0.000001 0.000002 -8.207803 -6.751707 -1.599547 -8.463987 -15.260707 -8.172120 50.205370 -9.878160 -1.423993 -24.955554 -3.222628 11.168962 -0.000004 0.000002 -0.000003 -0.000000 -0.000000 0.000000 8.207800 -6.751707 -1.599545 -13.414913 2.061185 10.533838 52.577058 -8.419495 9.965828 -25.441266 -0.472678 -9.745174 -0.313989 -0.000000 0.000002 0.000000 -0.000000 0.000000 
1.089419 93.327225 -1.780563 -15.527551 12.380962 -0.648385 0.000000 10.181548 0.131520 1.738850 0.321883 -0.367593 3.438242 -0.532434 3.888991 3.432215 -0.571288 3.890054 0.000002 16.740362 -2.049022 3.992120 -0.227199 -3.763042 -0.000003 9.617864 1.684974 0.442957 -0.537651 -17.356798 0.000000 22.037354 7.501073 -0.000000 -0.000000 -0.000001 -4.569998 11.014876 -2.160841 0.963411 1.254826 0.329010 -53.555226 16.586740 70.087515 0.000338 100.493967 -0.000276 55.279921 23.153018 -89.999968 -2.464789 -1.574010 2.681900 23.308065 8.562750 -18.263940 4.637197 -8.634142 -0.225378 -2.646265 -1.527817 1.527812 -1.273763 0.137314 -2.094878 -1.994599 -1.151599 1.151579 0.000000 -0.000006 0.000003 -9.108294 -0.517878 2.259806 0.217145 1.727481 -14.328113 -0.000006 -0.000003 0.000005 0.000012 -0.000000 0.000004 -0.000003 -0.000002 0.000001 -9.532495 -0.000012 0.000002 0.217143 1.727480 -14.328115 -0.000008 0.000003 0.000008 0.000012 -0.000000 0.000004 -0.000002 0.000000 0.000001 -9.103601 -0.043119 -1.865099 0.217145 1.727481 -14.328111 -0.000004 0.000007 0.000067 0.000006 0.000009 0.000000 -0.000002 0.000002 0.000001 -8.076694 -0.486726 -3.806295 0.217145 1.727481 -14.328113 0.000001 -0.000001 0.000010 -0.000000 0.000005 -0.000002 -0.000003 0.000004 0.000001 4.570405 11.014682 -2.160816 1.052426 -2.468287 -10.266409 -30.346875 -6.539303 -47.381835 0.000002 -112.915028 -0.000004 37.899053 -3.337247 89.999921 2.466091 -1.576197 2.681699 8.827668 3.765361 20.604121 3.939047 7.948727 0.746790 2.647878 -1.528755 1.528757 -0.579471 1.575003 2.538712 1.998921 -1.154090 1.154076 0.000001 0.000003 0.000001 9.109313 -0.518022 2.259898 0.051480 -0.842127 6.996083 -0.000002 -0.000005 -0.000018 -0.000002 0.000000 0.000004 -0.000001 -0.000003 0.000005 9.533407 0.000010 -0.000002 0.051723 -0.844059 7.012064 -0.000001 0.001925 -0.015981 0.000000 -0.000001 -0.000006 -0.000001 -0.000003 -0.000000 9.104494 -0.042980 -1.865099 0.051480 -0.842127 6.996083 -0.000002 -0.000000 -0.000233 0.000003 -0.000002 -0.000007 -0.000001 -0.000002 0.000003 8.077815 -0.486891 -3.806303 -0.460622 3.179726 7.516964 -0.018092 -4.054252 -0.511071 0.000000 -0.000001 0.000002 -0.000001 -0.000001 0.000004 -8.207801 -6.751709 -1.599546 -7.573515 -15.986158 -8.628348 50.373728 -9.877921 -1.515382 -25.443145 -3.807893 11.444962 0.000001 0.000005 -0.000003 -0.000000 0.000000 0.000000 8.207798 -6.751702 -1.599548 -12.967908 1.896544 10.266953 52.808243 -8.300898 9.962293 -25.762697 -1.410638 -9.763089 -0.245805 0.000003 0.000000 -0.000000 0.000000 0.000000 
1.251823 94.113647 -1.586285 -14.708339 13.521554 0.109731 -0.000000 10.181554 0.131522 1.417458 0.471214 -0.011308 2.774549 -0.045406 3.991159 2.773884 -0.073916 3.991899 -0.000000 16.740356 -2.049023 4.311691 -0.370873 -3.845860 -0.000006 9.617848 1.684977 1.554745 -1.294316 -17.962972 0.000003 22.037384 7.501071 -0.000001 -0.000002 -0.000001 -4.569999 11.014884 -2.160840 0.935816 1.139280 0.244259 -57.360427 15.970420 74.282358 0.000532 96.676847 -0.000482 59.137294 22.080555 -90.000378 -2.464796 -1.574002 2.681903 20.169111 5.566488 -15.733809 4.637200 -8.634143 -0.225373 -2.646277 -1.527781 1.527814 -1.273760 0.137311 -2.094879 -1.994597 -1.151585 1.151570 -0.000002 -0.000001 -0.000000 -9.108292 -0.517919 2.259793 0.129600 1.338942 -11.057430 -0.000007 -0.000000 0.000004 0.000014 0.000001 0.000004 -0.000002 0.000003 0.000001 -9.532499 -0.000015 -0.000005 0.129600 1.338945 -11.057431 -0.000007 0.000001 0.000005 0.000012 0.000000 0.000005 -0.000000 -0.000003 -0.000000 -9.103607 -0.043153 -1.865114 0.129600 1.338942 -11.057429 -0.000002 0.000009 0.000069 0.000006 0.000008 -0.000003 -0.000002 0.000001 0.000002 -8.076699 -0.486752 -3.806306 0.129598 1.338943 -11.057425 -0.000001 0.000005 0.000012 0.000002 0.000009 -0.000003 -0.000001 0.000002 0.000001 4.570404 11.014680 -2.160813 1.024914 -2.305551 -9.597648 -31.484997 -5.425860 -46.342144 0.000002 -111.642700 0.000038 36.374825 2.695097 89.999367 2.466117 -1.576224 2.681699 2.154290 3.971664 11.652189 3.939046 7.948723 0.746789 2.647884 -1.528733 1.528754 -0.579469 1.575006 2.538716 1.998920 -1.154085 1.154076 -0.000001 0.000003 0.000005 9.109314 -0.518022 2.259900 0.007151 -0.314169 2.604082 -0.000002 -0.000002 -0.000015 -0.000000 0.000002 0.000002 0.000000 -0.000001 0.000002 9.533415 -0.000003 0.000001 0.007236 -0.316095 2.620070 -0.000001 0.001925 -0.015982 0.000002 0.000001 -0.000001 0.000000 -0.000001 0.000000 9.104507 -0.043009 -1.865099 0.007151 -0.314169 2.604082 -0.000001 0.000001 -0.000232 0.000005 -0.000002 -0.000009 0.000000 -0.000000 0.000000 8.077806 -0.486906 -3.806301 -0.195351 3.735058 3.120546 -0.018089 -4.054256 -0.511068 0.000000 -0.000001 0.000002 -0.000000 -0.000001 0.000005 -8.207803 -6.751717 -1.599546 -7.211928 -15.832314 -8.625262 48.221658 -9.810844 -1.867234 -24.425194 -5.221722 11.493939 0.000003 -0.000003 -0.000001 -0.000000 -0.000000 -0.000000 8.207799 -6.751703 -1.599548 -12.895878 2.207813 9.359312 50.466072 -8.265264 9.989381 -24.518839 -2.487828 -9.871593 -0.110486 0.000001 0.000002 -0.000000 -0.000000 0.000000 
1.460285 95.665451 -1.700167 -12.684595 14.337836 0.879185 -0.000001 10.181547 0.131524 1.038081 0.689200 0.284973 1.992302 0.675713 3.761803 1.997051 0.658000 3.762637 -0.000001 16.740339 -2.049019 3.859964 -0.571399 -3.650788 -0.000004 9.617847 1.684975 1.891725 -2.376922 -17.947290 0.000002 22.037384 7.501072 -0.000000 -0.000001 -0.000001 -4.570001 11.014839 -2.160838 0.825118 0.683270 -0.117776 -63.382578 15.476445 76.582868 0.002407 91.521967 -0.002361 60.000029 20.656966 -89.999968 -2.464795 -1.573994 2.681906 16.517979 5.510309 -11.495091 4.637202 -8.634144 -0.225377 -2.646272 -1.527818 1.527814 -1.273760 0.137311 -2.094881 -1.994598 -1.151587 1.151585 0.000003 -0.000005 -0.000000 -9.108295 -0.517880 2.259799 0.044636 0.788233 -6.482129 -0.000008 -0.000001 0.000004 0.000012 0.000003 0.000006 0.000001 -0.000006 -0.000002 -9.532492 -0.000002 -0.000000 0.044636 0.788234 -6.482129 -0.000004 0.000000 0.000004 0.000012 0.000003 0.000005 0.000001 -0.000002 -0.000000 -9.103590 -0.043106 -1.865104 0.044636 0.788233 -6.482129 -0.000005 0.000008 0.000069 0.000005 0.000007 -0.000001 0.000001 0.000003 0.000000 -8.076694 -0.486736 -3.806299 0.044636 0.788233 -6.482129 0.000003 0.000002 0.000010 0.000000 0.000007 -0.000001 -0.000002 -0.000000 -0.000000 4.570402 11.014685 -2.160813 0.964663 -1.774615 -8.873965 -37.040577 -6.713552 -44.696212 -0.000010 -106.592902 0.000000 35.149390 5.833545 88.907172 2.466109 -1.576197 2.681696 -1.506213 3.693749 6.194375 3.939042 7.948724 0.746790 2.647865 -1.528713 1.528746 -0.579473 1.575003 2.538715 1.998917 -1.154091 1.154070 -0.000001 0.000000 0.000003 9.109308 -0.518001 2.259898 0.000003 -0.002957 0.024416 -0.000001 -0.000003 -0.000016 -0.000000 0.000002 0.000001 0.000000 0.000000 0.000000 9.533411 -0.000000 -0.000002 0.000006 -0.004886 0.040406 -0.000001 0.001925 -0.015982 0.000002 -0.000000 -0.000004 -0.000000 0.000000 0.000002 9.104497 -0.042981 -1.865100 0.000003 -0.002957 0.024416 -0.000001 0.000001 -0.000230 0.000004 -0.000002 -0.000006 0.000000 -0.000000 0.000007 8.077808 -0.486897 -3.806304 -0.019820 4.051287 0.535549 -0.018090 -4.054255 -0.511071 0.000000 -0.000000 0.000001 0.000000 -0.000000 0.000003 -8.207802 -6.751708 -1.599542 -7.326648 -14.985532 -8.334054 43.891004 -9.752021 -2.513755 -21.939225 -7.052642 11.391956 -0.000044 -0.000002 -0.000008 -0.000000 0.000000 0.000000 8.207798 -6.751702 -1.599540 -12.938409 3.065833 7.883344 45.594655 -8.331191 10.062446 -21.736169 -3.428826 -10.055276 -0.001447 -0.000001 0.000000 -0.000000 -0.000000 0.000000 
1.710225 97.557304 -2.093486 -9.470121 14.908686 1.527024 -0.000000 10.181560 0.131522 0.610257 0.897671 0.516520 1.141127 1.413805 3.230977 1.147855 1.406061 3.231876 -0.000001 16.740385 -2.049020 2.481832 -0.739022 -3.319689 -0.000007 9.617874 1.684973 1.246383 -3.429444 -17.441863 -0.000002 22.037369 7.501074 -0.000001 -0.000001 0.000000 -4.570003 11.014861 -2.160842 0.686485 0.139847 -0.660686 -70.418786 16.089842 76.405699 -0.000483 85.194609 0.000550 60.000056 19.618634 -89.999975 -2.464785 -1.573992 2.681901 14.240698 5.856320 -9.222595 4.637197 -8.634143 -0.225373 -2.646273 -1.527791 1.527819 -1.273762 0.137314 -2.094874 -1.994613 -1.151610 1.151573 -0.000000 -0.000004 0.000003 -9.108289 -0.517884 2.259795 0.018355 0.506057 -4.156257 -0.000005 0.000002 0.000006 0.000012 0.000002 0.000004 -0.000001 0.000000 0.000002 -9.532489 -0.000011 -0.000009 0.018357 0.506057 -4.156259 -0.000005 0.000002 0.000005 0.000011 0.000001 0.000005 -0.000001 0.000003 -0.000001 -9.103589 -0.043134 -1.865104 0.018357 0.506056 -4.156257 -0.000002 0.000010 0.000070 0.000004 0.000005 -0.000003 0.000001 0.000008 0.000002 -8.076677 -0.486721 -3.806303 0.018353 0.506061 -4.156257 0.000003 0.000000 0.000011 0.000003 0.000007 -0.000004 0.000001 0.000002 -0.000001 4.570401 11.014698 -2.160816 0.860855 -0.708702 -8.363721 -45.108974 -10.213586 -42.882141 0.000094 -99.315568 0.000095 34.577870 5.532199 87.113209 2.466098 -1.576209 2.681696 -1.539955 3.690273 6.142337 3.939045 7.948725 0.746790 2.647876 -1.528762 1.528756 -0.579471 1.575006 2.538722 1.998921 -1.154109 1.154071 -0.000001 -0.000000 -0.000002 9.109311 -0.518012 2.259899 -0.000008 0.000013 -0.000006 -0.000001 -0.000002 -0.000017 0.000000 0.000002 -0.000000 -0.000000 0.000000 -0.000001 9.533418 0.000001 0.000004 0.000003 -0.001922 0.015973 -0.000001 0.001925 -0.015980 0.000002 -0.000000 -0.000006 0.000000 -0.000000 -0.000003 9.104504 -0.042976 -1.865103 -0.000008 0.000013 -0.000006 -0.000001 0.000002 -0.000232 0.000004 -0.000001 -0.000008 0.000000 0.000000 0.000001 8.077799 -0.486882 -3.806299 -0.018085 4.054263 0.511062 -0.018090 -4.054255 -0.511069 -0.000000 0.000000 -0.000001 0.000000 -0.000000 -0.000001 -8.207803 -6.751695 -1.599545 -8.280296 -13.921234 -8.191259 38.172114 -9.767276 -3.306740 -18.411055 -8.839718 11.254361 -0.000028 -0.000002 -0.000001 -0.000000 -0.000002 -0.000000 8.207800 -6.751699 -1.599548 -13.234297 4.015886 5.827590 38.815241 -8.440879 10.212121 -17.768966 -3.904056 -10.321958 -0.001114 -0.000004 -0.000002 -0.000000 0.000000 0.000000 
1.931848 99.319138 -2.669106 -5.245539 15.314642 1.913088 -0.000000 10.181560 0.131523 0.135234 1.045132 0.732259 0.212801 1.945345 2.636186 0.217232 1.943820 2.636820 0.000002 16.740383 -2.049021 0.439084 -0.777968 -3.144455 -0.000005 9.617877 1.684980 0.110713 -4.254947 -16.512080 0.000001 22.037354 7.501076 -0.000001 -0.000002 0.000000 -4.569999 11.014855 -2.160841 0.614477 0.089258 -1.760631 -78.213944 17.766586 75.101693 -0.000189 76.526211 0.000231 60.000049 18.476746 -89.999948 -2.464790 -1.574010 2.681919 12.382513 5.988948 -7.893217 4.637203 -8.634142 -0.225377 -2.646290 -1.527816 1.527820 -1.273763 0.137316 -2.094874 -1.994602 -1.151555 1.151578 0.000002 -0.000007 0.000001 -9.108294 -0.517901 2.259813 0.008369 0.341742 -2.805433 -0.000007 -0.000000 0.000004 0.000011 -0.000000 0.000004 0.000002 -0.000000 -0.000000 -9.532499 -0.000029 0.000009 0.008369 0.341742 -2.805433 -0.000004 0.000001 0.000006 0.000011 -0.000000 0.000004 -0.000002 -0.000001 -0.000002 -9.103602 -0.043120 -1.865087 0.008369 0.341741 -2.805433 -0.000003 0.000010 0.000069 0.000003 0.000006 -0.000003 0.000000 -0.000002 0.000001 -8.076696 -0.486756 -3.806286 0.008369 0.341741 -2.805433 0.000000 0.000003 0.000011 0.000001 0.000006 -0.000003 0.000001 -0.000002 -0.000000 4.570403 11.014694 -2.160815 0.738892 0.588401 -8.062195 -53.287073 -14.152286 -40.738469 -0.000073 -91.461731 -0.000005 33.046665 5.017196 85.626400 2.466100 -1.576188 2.681695 -1.539951 3.690274 6.142363 3.939045 7.948724 0.746790 2.647872 -1.528719 1.528743 -0.579470 1.574999 2.538719 1.998929 -1.154089 1.154070 -0.000001 0.000003 -0.000002 9.109303 -0.518008 2.259900 -0.000000 0.000000 0.000001 -0.000002 -0.000002 -0.000014 -0.000001 0.000002 0.000003 -0.000001 -0.000000 0.000005 9.533409 -0.000006 -0.000003 -0.000001 -0.001932 0.015977 -0.000001 0.001926 -0.015983 0.000002 0.000000 -0.000004 0.000000 -0.000001 0.000003 9.104504 -0.043002 -1.865099 -0.000000 0.000000 0.000001 -0.000002 0.000002 -0.000231 0.000005 -0.000001 -0.000008 -0.000000 0.000000 0.000004 8.077818 -0.486896 -3.806301 -0.018088 4.054259 0.511076 -0.018090 -4.054256 -0.511076 0.000000 0.000000 0.000002 -0.000001 0.000001 -0.000001 -8.207801 -6.751710 -1.599544 -10.267582 -12.936435 -8.382362 32.140405 -9.856033 -4.022307 -14.570817 -10.102039 11.093048 0.000004 -0.000003 0.000003 -0.000000 -0.000002 -0.000000 8.207800 -6.751708 -1.599542 -13.926212 4.641371 3.443216 30.957754 -8.525980 10.493413 -13.165013 -4.037398 -10.762395 -0.210795 0.000000 0.000001 -0.000000 -0.000000 0.000000 
2.077751 100.581116 -3.306357 -0.784250 15.547251 1.959750 -0.000000 10.181546 0.131522 -0.291146 1.182074 1.040792 -0.607623 2.311823 2.232479 -0.608008 2.311707 2.232461 -0.000000 16.740366 -2.049022 -1.730492 -0.690950 -3.309165 -0.000003 9.617868 1.684976 -1.260897 -4.948855 -15.190250 -0.000002 22.037338 7.501073 0.000001 -0.000002 0.000002 -4.570000 11.014888 -2.160842 0.652643 0.839675 -3.798338 -86.398089 20.642619 73.360617 -0.000075 64.457882 0.000111 60.000036 16.383356 -89.999948 -2.464787 -1.573996 2.681919 9.773599 6.149772 -6.563673 4.637199 -8.634142 -0.225371 -2.646274 -1.527819 1.527811 -1.273758 0.137314 -2.094877 -1.994594 -1.151581 1.151568 -0.000001 -0.000002 0.000001 -9.108294 -0.517863 2.259809 0.002319 0.180144 -1.478365 -0.000006 0.000002 0.000004 0.000013 0.000001 0.000002 -0.000001 0.000002 0.000002 -9.532495 -0.000005 0.000003 0.002320 0.180146 -1.478366 -0.000007 0.000001 0.000004 0.000011 0.000001 0.000002 -0.000002 0.000004 -0.000000 -9.103579 -0.043099 -1.865096 0.002322 0.180147 -1.478367 -0.000001 0.000008 0.000067 0.000006 0.000006 -0.000002 -0.000001 0.000002 -0.000001 -8.076691 -0.486752 -3.806296 0.002322 0.180147 -1.478368 0.000001 -0.000002 0.000007 -0.000000 0.000004 -0.000006 0.000002 -0.000001 -0.000001 4.570402 11.014687 -2.160816 0.629951 1.228004 -6.887537 -59.996689 -17.876234 -37.303727 0.000062 -81.880390 0.000078 29.678787 4.038457 83.680172 2.466107 -1.576207 2.681699 -1.539947 3.690278 6.142373 3.939045 7.948722 0.746791 2.647858 -1.528718 1.528752 -0.579470 1.575006 2.538717 1.998913 -1.154093 1.154066 0.000001 0.000003 0.000001 9.109295 -0.518017 2.259902 0.000001 -0.000001 0.000002 -0.000000 -0.000004 -0.000016 -0.000000 0.000002 -0.000002 -0.000000 -0.000001 -0.000000 9.533407 -0.000003 0.000001 0.000002 -0.001938 0.015984 -0.000002 0.001927 -0.015983 0.000002 0.000001 -0.000005 0.000002 -0.000002 -0.000000 9.104496 -0.042996 -1.865100 0.000001 -0.000001 0.000002 -0.000000 0.000000 -0.000233 0.000004 -0.000001 -0.000010 -0.000001 0.000000 0.000001 8.077808 -0.486901 -3.806301 -0.018081 4.054242 0.511081 -0.018090 -4.054256 -0.511072 -0.000000 -0.000000 0.000001 0.000000 0.000001 0.000001 -8.207803 -6.751719 -1.599541 -12.897040 -12.075503 -8.716930 27.032697 -9.965347 -4.583507 -11.276812 -10.647521 10.953194 -0.000080 0.000005 -0.000001 -0.000000 0.000002 0.000000 8.207799 -6.751716 -1.599542 -15.040637 4.879777 1.661089 23.486130 -8.653118 10.201946 -8.788897 -4.317748 -10.990607 -0.644634 -0.000000 -0.000000 -0.000000 -0.000000 0.000000 
2.090348 101.248215 -3.943917 2.818578 15.629961 1.932133 0.000000 10.181527 0.131524 -0.505941 1.391263 1.231961 -1.008730 2.704792 2.001108 -1.013330 2.703848 2.000144 -0.000003 16.740372 -2.049017 -3.380480 -0.630705 -3.665913 -0.000004 9.617867 1.684973 -3.144890 -5.731848 -13.876782 0.000001 22.037369 7.501069 -0.000001 0.000000 -0.000000 -4.570003 11.014850 -2.160838 0.757791 2.062437 -6.488748 -93.773962 25.657541 70.405330 -0.000023 49.009869 0.000055 60.000043 14.040213 -89.999962 -2.464783 -1.574010 2.681914 8.586331 5.101209 -7.490606 4.637199 -8.634144 -0.225374 -2.646271 -1.527830 1.527824 -1.273763 0.137307 -2.094878 -1.994613 -1.151585 1.151579 0.000003 -0.000004 0.000003 -9.108292 -0.517869 2.259811 0.005307 0.272102 -2.233333 -0.000007 -0.000004 0.000005 0.000013 0.000000 0.000007 -0.000001 -0.000004 0.000002 -9.532497 -0.000017 0.000007 0.005307 0.272102 -2.233333 -0.000007 -0.000002 0.000004 0.000013 0.000000 0.000007 -0.000000 -0.000001 0.000004 -9.103587 -0.043121 -1.865095 0.005307 0.272101 -2.233331 0.000001 0.000010 0.000073 0.000005 -0.000000 -0.000002 -0.000001 0.000001 -0.000001 -8.076690 -0.486754 -3.806295 0.005309 0.272103 -2.233318 0.000000 -0.000000 0.000011 0.000000 0.000007 -0.000004 0.000001 -0.000005 0.000001 4.570398 11.014684 -2.160813 0.533963 0.787210 -3.724190 -63.449411 -22.087756 -32.448409 0.000003 -68.531652 -0.000004 23.260488 2.806148 81.884884 2.466089 -1.576209 2.681701 -1.539950 3.690269 6.142364 3.939047 7.948725 0.746790 2.647866 -1.528747 1.528730 -0.579470 1.575005 2.538711 1.998910 -1.154079 1.154061 -0.000004 0.000001 -0.000000 9.109297 -0.518018 2.259900 -0.000004 0.000009 0.000000 -0.000004 -0.000002 -0.000015 -0.000002 0.000004 0.000004 -0.000001 0.000001 0.000002 9.533396 0.000000 0.000001 0.000002 -0.001935 0.015989 -0.000001 0.001926 -0.015979 0.000001 -0.000000 -0.000004 -0.000001 0.000000 -0.000000 9.104489 -0.043000 -1.865102 -0.000004 0.000009 0.000000 -0.000003 0.000001 -0.000234 0.000004 -0.000002 -0.000006 -0.000001 -0.000002 0.000003 8.077789 -0.486875 -3.806300 -0.018089 4.054250 0.511088 -0.018089 -4.054256 -0.511069 0.000001 0.000000 0.000002 -0.000001 -0.000000 0.000006 -8.207800 -6.751730 -1.599543 -15.512849 -11.308868 -9.157331 23.916604 -10.063283 -4.921318 -9.167687 -10.672658 10.855759 -0.000005 0.000005 -0.000002 -0.000000 0.000002 0.000000 8.207800 -6.751714 -1.599543 -16.531915 4.956325 1.277526 18.230721 -8.883113 8.235195 -5.532182 -4.742466 -10.296012 -0.987765 0.000006 -0.000001 0.000000 -0.000000 0.000000 
2.000705 101.414330 -4.578454 4.846558 15.698705 1.871328 0.000001 10.181554 0.131525 -0.454433 1.642303 1.326518 -0.888589 3.166179 1.904589 -0.896298 3.165326 1.902557 -0.000003 16.740377 -2.049019 -4.074421 -0.732797 -3.956822 -0.000002 9.617862 1.684975 -5.312995 -6.679290 -13.244957 0.000001 22.037354 7.501070 0.000001 -0.000001 0.000001 -4.570004 11.014886 -2.160839 0.842896 3.117419 -9.060134 -98.039053 32.938932 65.392928 -0.000020 32.707437 0.000046 59.859867 12.052925 -89.999791 -2.464787 -1.574020 2.681906 7.107714 -0.499961 -10.823980 4.637198 -8.634145 -0.225374 -2.646274 -1.527800 1.527827 -1.273760 0.137311 -2.094877 -1.994606 -1.151601 1.151587 -0.000003 -0.000005 -0.000000 -9.108296 -0.517894 2.259798 0.023325 0.570367 -4.685812 -0.000007 -0.000001 0.000008 0.000010 0.000001 0.000007 0.000000 -0.000000 -0.000001 -9.532479 0.000010 -0.000000 0.023324 0.570365 -4.685812 -0.000007 -0.000001 0.000007 0.000012 0.000000 0.000004 -0.000001 0.000002 -0.000000 -9.103593 -0.043130 -1.865107 0.023324 0.570367 -4.685812 -0.000002 0.000006 0.000073 0.000003 0.000004 -0.000004 -0.000001 0.000001 -0.000001 -8.076692 -0.486728 -3.806298 0.023325 0.570367 -4.685817 0.000002 0.000000 0.000014 -0.000002 0.000003 -0.000003 -0.000001 0.000000 0.000000 4.570397 11.014688 -2.160815 0.473783 -0.155546 0.702239 -63.360837 -27.582749 -28.119593 -0.000008 -51.559100 0.000010 14.303669 0.555374 78.462590 2.466109 -1.576218 2.681697 -1.539953 3.690282 6.142350 3.939046 7.948725 0.746793 2.647887 -1.528730 1.528742 -0.579471 1.575003 2.538715 1.998928 -1.154092 1.154083 0.000002 -0.000003 0.000002 9.109318 -0.518008 2.259901 -0.000002 -0.000001 0.000001 -0.000000 -0.000003 -0.000020 -0.000001 0.000001 0.000002 -0.000001 -0.000001 -0.000004 9.533420 0.000003 -0.000002 0.000000 -0.001927 0.015985 -0.000001 0.001928 -0.015978 0.000000 0.000000 -0.000002 0.000000 -0.000000 -0.000002 9.104527 -0.042990 -1.865097 -0.000002 -0.000001 0.000001 -0.000000 0.000000 -0.000238 0.000005 0.000000 -0.000010 -0.000001 0.000002 -0.000001 8.077828 -0.486880 -3.806300 -0.018097 4.054259 0.511081 -0.018090 -4.054255 -0.511075 0.000002 -0.000000 0.000001 0.000001 -0.000001 0.000001 -8.207802 -6.751706 -1.599539 -17.567993 -10.841421 -9.530813 23.108205 -10.102791 -5.012832 -8.360765 -10.538165 10.780354 -0.000047 -0.000005 0.000001 -0.000000 0.000000 0.000000 8.207802 -6.751692 -1.599548 -17.990518 5.078296 1.201571 16.108267 -9.076895 7.009616 -3.877439 -4.749509 -9.754192 -0.941897 -0.000002 0.000002 -0.000000 0.000000 0.000000 
1.881635 101.296158 -5.163384 5.214174 15.965830 1.668773 -0.000001 10.181561 0.131523 -0.214606 1.808785 1.416654 -0.408769 3.495494 2.034629 -0.417731 3.496012 2.032139 0.000003 16.740372 -2.049019 -3.814665 -0.944029 -4.181112 -0.000004 9.617840 1.684976 -6.722215 -7.679658 -13.411362 -0.000003 22.037384 7.501060 0.000002 -0.000001 -0.000000 -4.569998 11.014893 -2.160838 0.847423 3.584224 -10.877867 -97.658086 38.971417 59.746363 -0.000011 22.198446 0.000008 51.080765 10.639136 -89.996635 -2.464789 -1.573995 2.681913 3.216957 -1.841763 -10.422869 4.637199 -8.634140 -0.225378 -2.646251 -1.527788 1.527825 -1.273761 0.137311 -2.094874 -1.994613 -1.151585 1.151572 -0.000001 -0.000000 0.000003 -9.108295 -0.517876 2.259805 0.017379 0.492295 -4.043092 -0.000004 0.000002 0.000003 0.000010 0.000002 0.000001 0.000003 0.000002 0.000002 -9.532499 0.000005 -0.000002 0.017379 0.492295 -4.043092 -0.000005 0.000000 0.000006 0.000011 0.000002 0.000001 -0.000001 -0.000003 0.000007 -9.103595 -0.043109 -1.865098 0.017378 0.492295 -4.043092 -0.000001 0.000004 0.000068 0.000001 0.000002 -0.000002 0.000002 -0.000002 0.000002 -8.076702 -0.486740 -3.806299 0.017376 0.492297 -4.043088 0.000002 -0.000002 0.000010 0.000001 0.000006 -0.000002 0.000001 0.000000 -0.000000 4.570404 11.014709 -2.160815 0.437526 -0.809034 4.490237 -62.019429 -33.569065 -26.560582 -0.000022 -34.807255 -0.000008 7.274896 -3.505573 73.334259 2.466088 -1.576200 2.681698 -1.539947 3.690281 6.142353 3.939046 7.948724 0.746789 2.647869 -1.528738 1.528755 -0.579469 1.575008 2.538719 1.998921 -1.154078 1.154072 -0.000000 0.000004 0.000001 9.109287 -0.518007 2.259897 0.000000 -0.000000 -0.000002 -0.000003 -0.000002 -0.000017 -0.000001 0.000001 -0.000001 0.000002 -0.000001 -0.000001 9.533399 -0.000006 0.000000 -0.000001 -0.001927 0.015987 -0.000003 0.001926 -0.015980 0.000002 -0.000000 -0.000005 -0.000000 -0.000000 0.000001 9.104488 -0.043003 -1.865102 0.000000 -0.000000 -0.000002 -0.000001 0.000001 -0.000236 0.000005 -0.000001 -0.000010 -0.000001 0.000000 0.000003 8.077792 -0.486891 -3.806300 -0.018091 4.054253 0.511069 -0.018089 -4.054256 -0.511072 -0.000001 0.000000 0.000002 -0.000001 0.000001 -0.000001 -8.207803 -6.751718 -1.599544 -18.594200 -11.030343 -9.820942 23.847279 -10.034707 -4.571769 -8.473813 -10.412773 10.506591 -0.000108 0.000000 -0.000002 -0.000000 0.000000 0.000000 8.207798 -6.751706 -1.599541 -19.144839 4.889682 1.210886 16.831871 -9.167911 6.916563 -3.713850 -4.347059 -9.565281 -0.566204 0.000003 -0.000002 0.000000 0.000000 0.000000 
1.773117 100.977409 -5.560788 4.149623 16.704529 1.412890 -0.000000 10.181552 0.131523 0.098554 1.789273 1.500729 0.197386 3.502303 2.470818 0.190462 3.504054 2.469022 0.000000 16.740368 -2.049021 -2.820119 -1.157409 -4.526670 -0.000003 9.617836 1.684977 -6.611270 -8.780648 -13.805765 0.000001 22.037354 7.501072 -0.000000 -0.000002 -0.000000 -4.570003 11.014843 -2.160842 0.822359 3.624802 -11.523708 -95.006224 38.979483 57.869570 -0.000003 22.392526 0.000022 45.968696 10.509201 -90.000187 -2.464785 -1.573989 2.681911 3.117035 -1.536202 -11.150065 4.637199 -8.634145 -0.225376 -2.646271 -1.527816 1.527822 -1.273763 0.137316 -2.094882 -1.994591 -1.151563 1.151582 -0.000002 -0.000007 0.000003 -9.108301 -0.517884 2.259800 0.024554 0.584870 -4.805029 -0.000007 0.000000 0.000007 0.000010 0.000001 0.000004 0.000001 0.000002 -0.000004 -9.532510 -0.000017 -0.000002 0.024554 0.584871 -4.805030 -0.000006 0.000000 0.000008 0.000010 0.000001 0.000004 0.000001 0.000002 0.000000 -9.103597 -0.043089 -1.865101 0.024552 0.584871 -4.805030 -0.000001 0.000008 0.000069 0.000001 0.000002 -0.000000 0.000002 0.000000 0.000005 -8.076695 -0.486739 -3.806298 0.024547 0.584873 -4.805032 0.000003 -0.000001 0.000011 -0.000001 0.000004 -0.000001 -0.000000 -0.000001 0.000003 4.570398 11.014685 -2.160815 0.447120 -1.219823 6.337379 -60.696476 -34.966686 -27.724131 -0.000011 -29.013797 -0.000001 7.325893 -5.995587 71.513686 2.466091 -1.576183 2.681699 -1.539947 3.690269 6.142363 3.939047 7.948724 0.746791 2.647888 -1.528762 1.528760 -0.579473 1.575003 2.538715 1.998929 -1.154096 1.154082 -0.000003 0.000004 0.000001 9.109279 -0.518019 2.259901 0.000003 0.000005 0.000002 -0.000003 -0.000002 -0.000018 -0.000001 0.000002 0.000002 -0.000002 0.000000 -0.000000 9.533393 0.000010 -0.000002 -0.000004 -0.001925 0.015989 -0.000004 0.001925 -0.015982 0.000002 -0.000000 -0.000004 0.000001 -0.000000 0.000002 9.104479 -0.043000 -1.865102 0.000003 0.000005 0.000002 -0.000004 0.000001 -0.000234 0.000002 -0.000003 -0.000012 -0.000004 -0.000001 -0.000000 8.077794 -0.486890 -3.806299 -0.018080 4.054244 0.511087 -0.018094 -4.054255 -0.511073 -0.000003 0.000001 0.000003 -0.000004 0.000000 -0.000000 -8.207800 -6.751693 -1.599542 -18.490118 -11.873406 -10.122142 25.645569 -9.934241 -3.677650 -9.319012 -10.445534 10.099185 -0.000020 0.000003 -0.000002 -0.000000 0.000000 0.000000 8.207799 -6.751704 -1.599549 -19.600049 4.085419 0.867548 19.395593 -9.080104 8.290046 -4.681288 -3.822269 -10.022637 -0.189448 -0.000003 -0.000002 0.000000 -0.000000 0.000000 
1.659372 100.292793 -5.618680 1.766612 17.973935 1.448621 0.000001 10.181551 0.131520 0.411594 1.660596 1.559741 0.786701 3.296023 3.112014 0.784036 3.297276 3.111364 0.000002 16.740362 -2.049021 -1.210149 -1.420768 -4.926465 -0.000005 9.617849 1.684974 -5.183099 -10.224384 -14.011220 -0.000002 22.037354 7.501075 -0.000000 0.000000 -0.000000 -4.570003 11.014878 -2.160841 0.862430 3.560781 -10.494894 -91.495595 32.959638 60.288994 -0.000020 32.431395 0.000042 50.558143 12.217437 -89.993753 -2.464796 -1.573989 2.681912 9.100985 0.351248 -14.799456 4.637196 -8.634143 -0.225378 -2.646267 -1.527814 1.527814 -1.273762 0.137314 -2.094877 -1.994601 -1.151580 1.151589 0.000003 -0.000002 0.000001 -9.108292 -0.517852 2.259810 0.082634 1.070970 -8.823897 -0.000006 -0.000001 0.000007 0.000014 0.000003 0.000002 0.000002 -0.000002 0.000002 -9.532490 -0.000003 0.000007 0.082635 1.070970 -8.823899 -0.000005 -0.000002 0.000006 0.000015 0.000001 0.000004 0.000000 -0.000005 0.000003 -9.103604 -0.043076 -1.865095 0.082633 1.070970 -8.823896 0.000001 0.000013 0.000071 0.000007 0.000006 -0.000001 0.000000 -0.000001 -0.000002 -8.076697 -0.486723 -3.806293 0.082628 1.070965 -8.823893 0.000002 -0.000000 0.000010 -0.000000 0.000004 -0.000003 0.000000 -0.000001 -0.000000 4.570400 11.014678 -2.160816 0.613231 -2.071057 5.784406 -58.191245 -28.699270 -29.945612 0.000004 -40.929953 0.000009 14.686935 -3.297505 74.232081 2.466114 -1.576215 2.681698 -1.539953 3.690268 6.142370 3.939046 7.948726 0.746789 2.647888 -1.528764 1.528748 -0.579469 1.575005 2.538718 1.998913 -1.154093 1.154076 0.000001 0.000001 0.000001 9.109304 -0.518008 2.259899 -0.000001 -0.000000 0.000001 -0.000003 -0.000002 -0.000018 -0.000001 0.000002 0.000001 -0.000001 -0.000001 -0.000001 9.533417 0.000003 -0.000001 -0.000001 -0.001928 0.015983 0.000000 0.001925 -0.015979 0.000002 0.000000 -0.000006 0.000002 -0.000000 0.000001 9.104513 -0.043001 -1.865102 -0.000001 -0.000000 0.000001 -0.000002 0.000001 -0.000234 0.000003 -0.000002 -0.000013 -0.000000 -0.000001 -0.000000 8.077842 -0.486890 -3.806302 -0.018090 4.054241 0.511092 -0.018091 -4.054254 -0.511073 0.000001 -0.000001 -0.000000 -0.000001 0.000000 0.000001 -8.207801 -6.751713 -1.599542 -17.537779 -12.878722 -10.452502 29.006099 -9.907037 -2.902796 -11.206721 -10.772357 9.980073 -0.000036 0.000002 0.000001 -0.000000 0.000000 0.000000 8.207801 -6.751703 -1.599546 -19.446501 2.762922 0.093720 23.887154 -8.868061 10.693570 -6.913518 -3.271924 -10.940933 -0.047394 -0.000006 -0.000002 -0.000000 -0.000000 0.000000 
1.500282 99.201729 -5.315153 -1.867308 19.301273 2.089367 -0.000001 10.181545 0.131525 0.706769 1.617125 1.494686 1.333226 3.207566 3.704139 1.335991 3.205563 3.704776 0.000002 16.740347 -2.049019 0.860694 -1.853674 -4.970081 -0.000000 9.617851 1.684977 -3.225980 -11.954697 -14.197507 0.000001 22.037369 7.501074 0.000000 -0.000001 0.000000 -4.570003 11.014869 -2.160841 0.904030 3.055148 -7.643073 -85.636946 25.427963 62.851940 -0.000034 47.748941 0.000074 59.095193 15.804766 -89.986957 -2.464802 -1.574006 2.681897 17.193673 2.274883 -16.227022 4.637199 -8.634145 -0.225374 -2.646277 -1.527818 1.527823 -1.273759 0.137309 -2.094879 -1.994587 -1.151586 1.151570 0.000001 -0.000001 0.000001 -9.108302 -0.517859 2.259797 0.126449 1.322754 -10.922066 -0.000006 -0.000000 0.000007 0.000012 -0.000000 0.000006 -0.000001 -0.000005 0.000001 -9.532497 -0.000006 -0.000005 0.126448 1.322755 -10.922068 -0.000007 0.000001 0.000005 0.000013 0.000001 0.000006 0.000001 0.000001 0.000003 -9.103597 -0.043092 -1.865106 0.126449 1.322753 -10.922062 -0.000001 0.000008 0.000073 0.000002 0.000003 -0.000002 -0.000001 -0.000003 0.000002 -8.076694 -0.486738 -3.806303 0.126443 1.322750 -10.922077 0.000001 -0.000004 0.000012 0.000004 0.000001 -0.000003 0.000001 -0.000002 -0.000003 4.570401 11.014662 -2.160815 0.883224 -3.321518 2.930623 -55.314888 -21.549703 -33.705618 0.000004 -58.949792 0.000019 23.687518 1.204621 77.616364 2.466115 -1.576206 2.681705 -1.539945 3.690268 6.142365 3.939046 7.948726 0.746788 2.647859 -1.528765 1.528742 -0.579469 1.575005 2.538714 1.998939 -1.154095 1.154077 -0.000001 0.000003 0.000003 9.109311 -0.518020 2.259899 0.000000 -0.000000 0.000001 -0.000002 -0.000002 -0.000016 0.000001 0.000002 0.000001 0.000002 -0.000001 0.000001 9.533410 0.000018 0.000000 0.000002 -0.001926 0.015976 -0.000004 0.001927 -0.015981 0.000001 -0.000000 -0.000005 -0.000001 0.000000 0.000001 9.104505 -0.042983 -1.865099 0.000000 -0.000000 0.000001 -0.000001 0.000000 -0.000237 0.000001 -0.000001 -0.000011 -0.000003 -0.000001 -0.000000 8.077806 -0.486886 -3.806296 -0.018083 4.054252 0.511081 -0.018087 -4.054256 -0.511072 -0.000001 0.000001 0.000002 0.000000 0.000000 0.000003 -8.207801 -6.751698 -1.599542 -15.753152 -13.708257 -10.745050 33.630322 -9.852026 -2.610282 -14.012883 -11.189799 10.270726 -0.000022 -0.000002 0.000005 -0.000000 0.000000 0.000000 8.207797 -6.751701 -1.599548 -18.962159 1.136673 0.478579 30.181366 -8.703144 10.675972 -10.279731 -3.007018 -10.620000 -0.136265 -0.000004 0.000002 -0.000000 -0.000000 0.000000 
1.344768 97.791771 -4.790989 -6.203430 19.880572 2.964852 -0.000000 10.181550 0.131524 0.980576 1.767334 1.469504 1.845692 3.428816 4.142704 1.852952 3.422776 4.144286 -0.000002 16.740387 -2.049019 2.828892 -2.368226 -4.515695 -0.000003 9.617854 1.684974 -1.513572 -13.391723 -14.744348 -0.000003 22.037384 7.501075 -0.000000 -0.000001 0.000001 -4.570001 11.014883 -2.160840 0.833148 1.754101 -3.895345 -78.220829 19.613696 64.423731 -0.000064 62.899902 0.000115 60.001190 19.807668 -89.999955 -2.464788 -1.573963 2.681906 23.093645 7.860358 -13.811567 4.637199 -8.634142 -0.225374 -2.646271 -1.527800 1.527814 -1.273759 0.137311 -2.094872 -1.994596 -1.151602 1.151578 0.000000 0.000001 -0.000004 -9.108298 -0.517870 2.259791 0.097281 1.161345 -9.575394 -0.000005 0.000003 0.000004 0.000012 -0.000003 0.000006 -0.000001 -0.000003 -0.000000 -9.532496 0.000009 -0.000006 0.097281 1.161345 -9.575396 -0.000005 0.000003 0.000006 0.000011 0.000000 0.000005 -0.000003 -0.000004 -0.000001 -9.103608 -0.043098 -1.865108 0.097283 1.161344 -9.575396 -0.000002 0.000010 0.000067 0.000005 0.000006 -0.000004 0.000001 -0.000001 0.000002 -8.076689 -0.486713 -3.806305 0.097283 1.161345 -9.575395 0.000002 0.000003 0.000009 0.000003 0.000003 -0.000004 -0.000000 -0.000001 -0.000000 4.570399 11.014667 -2.160815 1.041475 -3.976706 -1.159332 -52.694896 -17.963640 -38.983161 -0.000024 -74.721293 -0.000016 30.141218 5.331593 83.818681 2.466081 -1.576213 2.681702 -1.552815 3.690187 6.123120 3.939045 7.948719 0.746790 2.647892 -1.528761 1.528761 -0.579470 1.575003 2.538716 1.998920 -1.154085 1.154069 0.000001 0.000002 0.000005 9.109294 -0.518035 2.259905 0.000003 0.001099 -0.009138 0.000000 -0.000001 -0.000017 -0.000000 0.000001 0.000001 0.000004 -0.000002 0.000003 9.533395 -0.000004 0.000003 0.000004 -0.000823 0.006837 -0.000002 0.001925 -0.015980 0.000003 0.000001 -0.000004 0.000001 -0.000002 -0.000000 9.104500 -0.043016 -1.865100 0.000003 0.001099 -0.009138 0.000001 0.000002 -0.000235 0.000004 -0.000002 -0.000011 0.000002 -0.000002 -0.000006 8.077795 -0.486916 -3.806299 -0.017425 4.055349 0.501913 -0.018090 -4.054255 -0.511070 0.000001 -0.000000 -0.000000 0.000001 0.000001 -0.000002 -8.207800 -6.751712 -1.599543 -13.412647 -14.402974 -10.830516 38.656289 -9.602352 -2.642370 -17.218429 -11.230358 10.696718 -0.000036 -0.000000 -0.000006 -0.000000 -0.000000 0.000000 8.207799 -6.751687 -1.599546 -17.744601 -0.072220 1.324564 36.746346 -8.473010 10.323007 -14.051823 -2.879622 -10.198430 -0.156363 0.000000 0.000001 0.000000 -0.000001 0.000000 
1.183267 96.258217 -4.226994 -10.058378 19.413858 3.682854 0.000000 10.181542 0.131521 1.260328 2.055033 1.248544 2.358646 3.840033 4.391337 2.372861 3.827485 4.394305 -0.000001 16.740356 -2.049021 3.914024 -2.693413 -4.071883 0.000001 9.617829 1.684976 -0.626905 -13.967085 -15.765963 -0.000002 22.037384 7.501075 -0.000000 -0.000002 0.000000 -4.570001 11.014886 -2.160840 0.711724 0.309750 -0.797960 -71.337166 15.604015 66.238389 -0.000143 75.892097 0.000171 60.000015 23.202342 -89.999955 -2.464791 -1.574017 2.681918 27.760238 10.775531 -13.038983 4.637199 -8.634144 -0.225374 -2.646265 -1.527816 1.527815 -1.273760 0.137314 -2.094878 -1.994601 -1.151562 1.151575 -0.000001 -0.000003 -0.000002 -9.108282 -0.517875 2.259808 0.095938 1.153370 -9.509041 -0.000006 0.000000 0.000006 0.000013 0.000000 0.000003 -0.000001 -0.000000 0.000000 -9.532481 -0.000009 -0.000000 0.095938 1.153370 -9.509042 -0.000007 0.000000 0.000005 0.000014 0.000000 0.000005 -0.000001 -0.000003 0.000001 -9.103596 -0.043118 -1.865105 0.095938 1.153370 -9.509041 -0.000001 0.000007 0.000070 0.000006 0.000008 -0.000003 -0.000002 0.000002 0.000001 -8.076690 -0.486728 -3.806299 0.095933 1.153373 -9.509045 0.000003 0.000002 0.000012 0.000001 0.000004 -0.000002 0.000004 0.000005 -0.000000 4.570400 11.014656 -2.160816 1.058215 -3.689481 -4.707129 -50.314421 -16.839475 -43.273398 -0.000425 -87.024595 -0.000407 35.431333 3.784917 89.884675 2.466107 -1.576212 2.681695 1.265658 3.906906 10.388415 3.939043 7.948723 0.746789 2.647892 -1.528760 1.528755 -0.579474 1.575005 2.538716 1.998925 -1.154082 1.154073 -0.000001 0.000002 -0.000000 9.109314 -0.518028 2.259898 0.004232 -0.241740 2.003593 -0.000000 -0.000003 -0.000018 -0.000000 0.000001 0.000001 0.000001 0.000001 0.000000 9.533401 -0.000010 0.000000 0.004300 -0.243684 2.019581 -0.000001 0.001926 -0.015981 0.000002 -0.000001 -0.000006 -0.000001 0.000000 -0.000001 9.104511 -0.043009 -1.865103 0.004232 -0.241740 2.003593 -0.000001 0.000001 -0.000235 0.000004 -0.000001 -0.000011 0.000001 -0.000002 -0.000001 8.077810 -0.486906 -3.806306 -0.155776 3.809402 2.519021 -0.018089 -4.054256 -0.511073 -0.000000 -0.000001 -0.000001 0.000000 0.000001 0.000001 -8.207801 -6.751704 -1.599543 -11.592205 -15.057058 -11.133559 43.481281 -9.264955 -2.666312 -20.336788 -10.437281 11.020890 -0.000046 0.000005 -0.000008 -0.000000 -0.000002 0.000000 8.207800 -6.751698 -1.599547 -16.405520 -0.545050 2.312614 42.568741 -8.233075 10.151410 -17.592867 -2.686564 -9.967178 -0.009359 0.000003 -0.000000 0.000000 -0.000000 0.000000 
1.034989 94.888283 -3.747385 -12.419995 18.543841 4.133540 -0.000000 10.181540 0.131526 1.514171 2.342851 0.857340 2.810874 4.184480 4.472914 2.833892 4.163046 4.477826 0.000000 16.740372 -2.049020 3.905442 -2.714526 -4.131021 -0.000002 9.617856 1.684974 -0.929593 -13.704201 -17.109810 -0.000002 22.037384 7.501070 -0.000001 -0.000001 0.000001 -4.570000 11.014884 -2.160841 0.663394 -0.369159 0.731740 -66.619288 12.917016 68.931348 -0.001083 86.535956 0.001096 60.000029 25.575775 -89.999955 -2.464783 -1.574011 2.681906 31.305462 11.964916 -14.211766 4.637198 -8.634141 -0.225377 -2.646258 -1.527823 1.527817 -1.273762 0.137312 -2.094878 -1.994594 -1.151561 1.151577 0.000002 0.000000 0.000001 -9.108292 -0.517875 2.259800 0.135107 1.366772 -11.290150 -0.000005 0.000001 0.000007 0.000014 -0.000001 0.000006 -0.000000 0.000001 -0.000000 -9.532490 -0.000020 -0.000006 0.135107 1.366771 -11.290151 -0.000005 0.000000 0.000006 0.000011 -0.000001 0.000004 0.000001 0.000001 -0.000001 -9.103594 -0.043114 -1.865106 0.135107 1.366771 -11.290150 -0.000001 0.000014 0.000072 0.000004 0.000005 -0.000003 0.000001 0.000003 0.000002 -8.076687 -0.486751 -3.806306 0.135105 1.366764 -11.290148 0.000004 0.000003 0.000009 0.000001 0.000008 -0.000005 0.000000 0.000004 0.000002 4.570403 11.014688 -2.160814 1.028018 -3.078060 -6.585813 -47.601740 -14.780263 -44.647707 0.000039 -98.054360 0.000018 39.210337 -1.892018 89.994204 2.466102 -1.576197 2.681697 6.511813 3.787608 16.826250 3.939046 7.948721 0.746788 2.647896 -1.528762 1.528754 -0.579474 1.575005 2.538715 1.998910 -1.154091 1.154074 0.000003 0.000003 -0.000000 9.109304 -0.517991 2.259894 0.027685 -0.617998 5.128126 -0.000002 -0.000000 -0.000021 -0.000001 0.000002 -0.000003 0.000000 0.000002 -0.000004 9.533411 0.000005 -0.000006 0.027856 -0.619927 5.144112 -0.000002 0.001927 -0.015988 0.000003 0.000001 -0.000004 0.000001 0.000001 0.000001 9.104512 -0.042993 -1.865107 0.027685 -0.617998 5.128126 -0.000003 0.000003 -0.000236 0.000005 -0.000000 -0.000007 0.000002 0.000002 0.000000 8.077811 -0.486869 -3.806305 -0.353049 3.418391 5.647885 -0.018092 -4.054254 -0.511072 0.000000 -0.000001 -0.000000 0.000000 -0.000000 -0.000001 -8.207801 -6.751716 -1.599542 -11.131942 -15.837863 -12.070636 47.519689 -9.099549 -2.553249 -22.908625 -8.881297 11.286539 -0.000039 0.000009 -0.000004 -0.000000 0.000000 0.000000 8.207798 -6.751703 -1.599544 -15.770579 -0.602614 2.991567 46.972345 -8.081649 10.075020 -20.336514 -2.352659 -9.844348 -0.000062 -0.000000 -0.000001 -0.000000 0.000000 0.000000 
0.943995 94.120697 -3.413038 -13.213834 18.169440 4.481747 0.000000 10.181563 0.131525 1.617341 2.505136 0.601934 2.983842 4.366148 4.465894 3.012141 4.339603 4.472026 0.000003 16.740385 -2.049019 3.383508 -2.585924 -4.573153 -0.000006 9.617819 1.684978 -2.024238 -13.199801 -18.453849 -0.000005 22.037399 7.501069 -0.000000 -0.000001 0.000001 -4.570000 11.014875 -2.160839 0.699287 -0.273175 1.031890 -64.592512 11.645368 71.667413 0.000724 94.098130 -0.000684 60.000043 26.831097 -89.999996 -2.464797 -1.574016 2.681915 32.409507 12.269515 -15.041620 4.637202 -8.634140 -0.225376 -2.646266 -1.527802 1.527808 -1.273759 0.137318 -2.094874 -1.994582 -1.151600 1.151578 0.000002 0.000001 0.000003 -9.108304 -0.517903 2.259808 0.162066 1.495467 -12.370004 -0.000007 -0.000000 0.000006 0.000011 0.000003 0.000007 -0.000001 0.000002 -0.000000 -9.532495 -0.000004 0.000004 0.162066 1.495467 -12.370005 -0.000006 0.000001 0.000007 0.000012 0.000003 0.000004 0.000001 0.000002 0.000002 -9.103595 -0.043105 -1.865096 0.162066 1.495466 -12.370004 -0.000002 0.000010 0.000069 0.000005 0.000006 -0.000004 0.000001 -0.000004 -0.000001 -8.076696 -0.486735 -3.806288 0.162067 1.495472 -12.370005 0.000000 -0.000000 0.000011 -0.000001 0.000009 -0.000001 0.000001 0.000003 0.000001 4.570402 11.014684 -2.160814 0.997711 -2.709990 -6.821979 -45.429798 -11.626596 -43.971026 0.000008 -106.516438 -0.000006 39.550296 -3.288619 89.999975 2.466096 -1.576186 2.681698 7.636161 3.639850 18.152138 3.939044 7.948724 0.746789 2.647877 -1.528755 1.528753 -0.579472 1.575003 2.538713 1.998921 -1.154081 1.154084 0.000000 0.000004 0.000001 9.109289 -0.518000 2.259899 0.035340 -0.698022 5.794186 -0.000003 -0.000002 -0.000015 -0.000001 0.000002 0.000000 0.000001 0.000001 0.000001 9.533400 0.000019 -0.000002 0.035533 -0.699941 5.810168 -0.000003 0.001925 -0.015981 0.000002 0.000001 -0.000000 -0.000000 -0.000000 0.000001 9.104488 -0.042979 -1.865105 0.035340 -0.698022 5.794186 -0.000001 0.000003 -0.000234 0.000005 -0.000002 -0.000009 0.000002 0.000001 0.000001 8.077796 -0.486879 -3.806304 -0.392289 3.333667 6.314452 -0.018092 -4.054257 -0.511072 0.000000 -0.000001 0.000000 -0.000001 -0.000001 0.000003 -8.207802 -6.751710 -1.599545 -11.549593 -16.723814 -13.317845 49.749390 -9.139538 -2.364551 -24.359731 -7.411762 11.507529 -0.000072 0.000000 -0.000001 -0.000000 0.000000 0.000000 8.207800 -6.751709 -1.599546 -15.778632 -0.630808 3.068732 49.142265 -8.011905 10.050389 -21.713885 -2.144697 -9.807247 -0.000080 0.000003 -0.000002 -0.000000 0.000000 0.000000 
0.920371 94.337173 -3.272961 -12.940440 18.529965 4.782112 0.000000 10.181553 0.131521 1.475585 2.570733 0.646448 2.697652 4.516698 4.445080 2.725588 4.492875 4.451266 -0.000001 16.740362 -2.049022 2.959261 -2.515598 -4.948087 -0.000005 9.617836 1.684978 -2.854412 -13.055633 -19.381816 -0.000002 22.037369 7.501074 -0.000000 0.000000 0.000001 -4.569997 11.014880 -2.160841 0.722129 -0.141626 0.976185 -65.015895 11.979141 73.188824 0.000411 97.279195 -0.000342 60.000015 27.040589 -89.999968 -2.464799 -1.573988 2.681903 31.097213 12.024579 -14.122354 4.637195 -8.634141 -0.225373 -2.646275 -1.527783 1.527817 -1.273761 0.137318 -2.094877 -1.994593 -1.151583 1.151576 0.000000 -0.000001 -0.000002 -9.108300 -0.517864 2.259794 0.132335 1.352843 -11.173769 -0.000005 0.000002 0.000006 0.000010 0.000001 0.000004 -0.000003 -0.000002 0.000000 -9.532507 -0.000001 -0.000006 0.132333 1.352842 -11.173766 -0.000006 0.000003 0.000006 0.000010 0.000002 0.000004 -0.000004 0.000001 0.000001 -9.103610 -0.043116 -1.865110 0.132333 1.352843 -11.173766 -0.000004 0.000011 0.000070 0.000004 0.000004 -0.000004 -0.000001 0.000004 0.000000 -8.076703 -0.486737 -3.806305 0.132333 1.352844 -11.173771 -0.000002 0.000002 0.000011 -0.000002 0.000007 -0.000002 0.000001 0.000003 0.000002 4.570404 11.014691 -2.160817 0.978377 -2.720189 -5.865861 -45.209678 -9.236582 -42.553530 0.000032 -110.141349 0.000046 36.524040 -2.078822 89.996574 2.466114 -1.576206 2.681699 6.329903 3.753361 17.751698 3.939045 7.948727 0.746789 2.647892 -1.528746 1.528746 -0.579472 1.575005 2.538719 1.998929 -1.154077 1.154063 -0.000003 0.000000 0.000001 9.109309 -0.518005 2.259909 0.032673 -0.671333 5.571823 -0.000001 -0.000001 -0.000017 -0.000003 0.000003 0.000000 0.000001 0.000001 -0.000002 9.533414 -0.000001 0.000003 0.032858 -0.673247 5.587810 -0.000002 0.001927 -0.015982 0.000001 -0.000000 -0.000003 -0.000001 -0.000001 0.000000 9.104512 -0.043005 -1.865097 0.032673 -0.671333 5.571823 -0.000002 0.000003 -0.000234 0.000005 -0.000001 -0.000012 0.000000 -0.000000 0.000002 8.077809 -0.486888 -3.806292 -0.379308 3.361998 6.091944 -0.018092 -4.054256 -0.511071 0.000001 0.000001 0.000000 0.000002 0.000002 -0.000001 -8.207800 -6.751702 -1.599545 -11.689521 -17.328458 -13.961433 49.232328 -9.250530 -2.250045 -24.198746 -6.959830 11.546298 0.000001 0.000010 0.000001 -0.000000 -0.000002 0.000000 8.207799 -6.751697 -1.599545 -15.699758 -0.594544 2.735510 48.357155 -8.043276 10.064554 -21.351597 -2.422037 -9.890694 -0.000093 -0.000000 -0.000000 -0.000000 0.000000 0.000000 
0.962756 95.493744 -3.360864 -11.889984 19.306402 4.972785 -0.000001 10.181546 0.131523 1.132662 2.614557 0.916571 2.035829 4.750640 4.395170 2.059006 4.734939 4.400295 -0.000001 16.740374 -2.049016 2.535636 -2.533806 -5.013021 0.000000 9.617863 1.684975 -2.993479 -13.351522 -19.572616 -0.000001 22.037384 7.501071 -0.000002 -0.000002 0.000002 -4.569999 11.014881 -2.160835 0.669399 -0.360957 0.807762 -67.705807 13.644394 73.092457 0.000698 95.516562 -0.000686 60.000022 25.652597 -89.999941 -2.464801 -1.574001 2.681901 27.091220 10.915278 -11.921615 4.637196 -8.634141 -0.225371 -2.646280 -1.527817 1.527816 -1.273759 0.137316 -2.094875 -1.994597 -1.151595 1.151579 -0.000000 -0.000003 -0.000000 -9.108303 -0.517872 2.259806 0.072739 1.005161 -8.277557 -0.000007 0.000003 0.000005 0.000010 0.000000 0.000003 -0.000000 0.000007 0.000003 -9.532497 -0.000004 0.000002 0.072738 1.005158 -8.277557 -0.000008 0.000000 0.000006 0.000011 0.000002 0.000004 -0.000000 0.000002 0.000002 -9.103615 -0.043126 -1.865110 0.072738 1.005158 -8.277557 -0.000002 0.000009 0.000070 0.000003 0.000006 -0.000003 0.000000 -0.000003 -0.000002 -8.076696 -0.486737 -3.806305 0.072737 1.005161 -8.277555 0.000001 0.000001 0.000010 0.000002 0.000005 -0.000004 -0.000001 -0.000000 0.000001 4.570402 11.014688 -2.160811 0.970923 -3.010099 -3.988703 -47.100124 -8.662626 -40.732673 -0.000006 -108.686560 -0.000006 31.287256 -0.235195 89.994122 2.466102 -1.576213 2.681695 4.327379 3.906325 16.935466 3.939043 7.948722 0.746787 2.647875 -1.528779 1.528751 -0.579470 1.575003 2.538717 1.998917 -1.154088 1.154070 -0.000001 -0.000002 -0.000000 9.109298 -0.518010 2.259899 0.027855 -0.619899 5.143842 -0.000005 -0.000003 -0.000015 -0.000002 0.000002 0.000000 -0.000001 0.000000 0.000000 9.533402 0.000006 -0.000005 0.028029 -0.621829 5.159834 -0.000004 0.001926 -0.015981 0.000002 -0.000001 -0.000005 -0.000002 -0.000002 -0.000000 9.104507 -0.043012 -1.865109 0.027855 -0.619899 5.143841 -0.000004 0.000001 -0.000232 0.000005 -0.000001 -0.000008 -0.000001 -0.000000 0.000002 8.077799 -0.486886 -3.806303 -0.353983 3.416379 5.663610 -0.018089 -4.054256 -0.511072 -0.000001 -0.000002 -0.000000 -0.000001 -0.000001 -0.000001 -8.207803 -6.751718 -1.599544 -11.165408 -17.210972 -13.514083 45.985925 -9.348488 -2.394787 -22.404506 -7.883372 11.367724 -0.000082 0.000009 -0.000006 -0.000000 0.000000 0.000000 8.207799 -6.751713 -1.599547 -15.207191 -0.231996 2.204255 44.657737 -8.187869 10.126380 -19.305545 -3.165517 -10.086612 -0.000086 -0.000003 0.000001 -0.000000 0.000000 0.000000 
1.031397 97.165741 -3.666292 -9.945590 20.182546 5.020398 0.000000 10.181538 0.131525 0.716971 2.652809 1.278654 1.248908 5.027324 4.247103 1.263683 5.020156 4.250331 -0.000001 16.740358 -2.049021 1.549174 -2.550863 -4.867590 -0.000003 9.617850 1.684973 -3.139337 -13.847901 -18.977411 0.000002 22.037369 7.501077 0.000002 -0.000001 0.000001 -4.569999 11.014883 -2.160840 0.583919 -0.602973 0.144751 -72.651882 16.106279 71.959157 -0.005026 89.396446 0.005132 60.000056 22.152428 -89.999996 -2.464790 -1.574015 2.681913 19.823623 8.656948 -9.472751 4.637196 -8.634146 -0.225374 -2.646267 -1.527828 1.527813 -1.273761 0.137316 -2.094877 -1.994594 -1.151569 1.151572 0.000003 -0.000002 0.000001 -9.108301 -0.517899 2.259805 0.026592 0.608873 -5.002696 -0.000007 0.000002 0.000007 0.000010 0.000001 0.000004 -0.000001 0.000005 -0.000000 -9.532501 -0.000001 0.000009 0.026594 0.608874 -5.002696 -0.000007 -0.000001 0.000004 0.000010 0.000003 0.000007 0.000002 0.000001 0.000000 -9.103596 -0.043125 -1.865093 0.026590 0.608874 -5.002696 -0.000002 0.000011 0.000069 0.000002 0.000005 -0.000004 0.000002 -0.000001 -0.000000 -8.076699 -0.486734 -3.806287 0.026594 0.608873 -5.002697 0.000001 0.000001 0.000009 0.000004 0.000009 -0.000001 -0.000001 0.000004 0.000002 4.570401 11.014693 -2.160816 0.975275 -3.432816 -1.446172 -50.270271 -9.329617 -38.229894 -0.000007 -103.633511 0.000004 25.630420 1.878229 89.992756 2.466096 -1.576191 2.681692 2.102027 4.012704 14.905010 3.939043 7.948724 0.746790 2.647886 -1.528780 1.528756 -0.579472 1.575000 2.538719 1.998909 -1.154081 1.154081 -0.000001 0.000001 -0.000000 9.109301 -0.518018 2.259891 0.018135 -0.500335 4.149591 -0.000003 -0.000003 -0.000014 -0.000001 0.000003 0.000003 -0.000002 -0.000002 0.000004 9.533409 0.000001 -0.000006 0.018274 -0.502248 4.165563 -0.000003 0.001924 -0.015981 0.000002 -0.000000 -0.000006 -0.000001 -0.000001 -0.000000 9.104497 -0.043012 -1.865109 0.018135 -0.500335 4.149591 -0.000003 0.000002 -0.000234 0.000005 -0.000000 -0.000010 -0.000002 0.000001 -0.000001 8.077795 -0.486886 -3.806306 -0.293583 3.541976 4.668284 -0.018091 -4.054254 -0.511075 -0.000001 -0.000002 -0.000001 -0.000001 -0.000002 0.000000 -8.207803 -6.751718 -1.599541 -10.648206 -16.331315 -12.408865 40.923604 -9.436998 -2.877205 -19.441249 -9.799283 11.094546 -0.000090 -0.000007 0.000004 -0.000000 -0.000000 0.000000 8.207801 -6.751700 -1.599539 -14.637273 0.529010 1.406246 38.719953 -8.407518 10.270334 -15.943581 -4.113782 -10.398822 -0.009423 0.000000 0.000002 -0.000000 -0.000000 0.000000 
1.085983 98.811440 -4.144515 -6.897972 21.028486 4.772850 0.000001 10.181550 0.131522 0.292196 2.681830 1.726866 0.465813 5.268719 4.015087 0.468152 5.267945 4.015470 -0.000001 16.740376 -2.049020 -0.341993 -2.529513 -4.729303 -0.000002 9.617826 1.684972 -4.098174 -14.514135 -17.764837 -0.000001 22.037369 7.501070 0.000001 -0.000000 0.000001 -4.569999 11.014879 -2.160842 0.536582 -0.398202 -1.395460 -79.633585 19.257129 70.558989 -0.000152 79.385608 0.000204 60.000015 17.551916 -89.999934 -2.464793 -1.574008 2.681919 11.512459 5.324345 -8.180542 4.637198 -8.634142 -0.225376 -2.646248 -1.527827 1.527815 -1.273763 0.137309 -2.094872 -1.994594 -1.151595 1.151572 -0.000001 -0.000005 0.000001 -9.108295 -0.517875 2.259809 0.009589 0.365889 -3.003663 -0.000007 -0.000000 0.000005 0.000010 0.000003 0.000006 -0.000001 0.000002 -0.000003 -9.532488 0.000030 0.000009 0.009589 0.365890 -3.003663 -0.000005 0.000000 0.000007 0.000011 0.000003 0.000005 -0.000002 -0.000002 -0.000000 -9.103588 -0.043098 -1.865093 0.009589 0.365885 -3.003662 -0.000003 0.000010 0.000069 0.000004 0.000005 -0.000002 0.000002 0.000002 0.000002 -8.076692 -0.486734 -3.806296 0.009587 0.365884 -3.003662 0.000002 0.000001 0.000010 0.000002 0.000006 -0.000003 0.000001 0.000002 -0.000000 4.570401 11.014677 -2.160815 0.992425 -3.880954 1.381627 -53.740608 -10.381204 -34.648733 0.000117 -96.171290 0.000120 20.723581 4.460448 89.992633 2.466091 -1.576201 2.681700 0.045322 4.000945 11.144226 3.939044 7.948716 0.746790 2.647881 -1.528761 1.528748 -0.579473 1.575005 2.538717 1.998918 -1.154093 1.154067 0.000000 0.000006 -0.000000 9.109304 -0.518029 2.259897 0.005843 -0.284136 2.355037 -0.000001 -0.000000 -0.000020 0.000000 0.000003 0.000000 -0.000000 0.000002 -0.000002 9.533402 0.000001 -0.000001 0.005924 -0.286063 2.371017 -0.000001 0.001926 -0.015987 0.000003 -0.000002 -0.000007 -0.000001 0.000000 -0.000002 9.104497 -0.043013 -1.865103 0.005843 -0.284136 2.355036 -0.000001 0.000003 -0.000235 0.000006 0.000001 -0.000009 0.000001 0.000002 0.000000 8.077803 -0.486914 -3.806304 -0.179041 3.765937 2.871092 -0.018090 -4.054255 -0.511076 0.000000 -0.000001 -0.000002 -0.000000 -0.000000 -0.000002 -8.207800 -6.751728 -1.599544 -11.129307 -15.078541 -11.376557 35.418660 -9.546624 -3.516220 -16.058531 -11.894846 10.838196 -0.000036 0.000003 -0.000004 -0.000000 0.000002 0.000000 8.207799 -6.751717 -1.599543 -14.616303 1.424601 0.309228 31.611225 -8.627226 10.556635 -11.877669 -5.176285 -10.875565 -0.348810 -0.000000 0.000001 -0.000000 -0.000000 0.000000 
1.120066 99.944008 -4.737738 -2.933816 21.753454 4.049005 0.000000 10.181574 0.131523 -0.127202 2.741588 2.287923 -0.289464 5.441271 3.816214 -0.302014 5.443254 3.812831 0.000001 16.740362 -2.049020 -2.932744 -2.489639 -4.741073 -0.000002 9.617837 1.684979 -5.960681 -15.452562 -16.117850 0.000001 22.037369 7.501069 0.000002 -0.000001 -0.000001 -4.570003 11.014859 -2.160840 0.569983 0.513943 -4.051624 -87.835816 23.816557 68.905482 -0.000072 64.820592 0.000114 59.972777 13.816852 -89.999804 -2.464785 -1.574023 2.681899 6.420256 1.011699 -9.070760 4.637196 -8.634142 -0.225377 -2.646267 -1.527813 1.527813 -1.273758 0.137309 -2.094877 -1.994590 -1.151578 1.151573 -0.000002 -0.000002 0.000003 -9.108293 -0.517901 2.259793 0.010735 0.386956 -3.176858 -0.000005 0.000001 0.000006 0.000012 0.000000 0.000003 0.000001 -0.000001 0.000000 -9.532499 -0.000031 -0.000010 0.010735 0.386956 -3.176859 -0.000007 0.000001 0.000006 0.000012 0.000000 0.000003 0.000001 0.000001 -0.000001 -9.103592 -0.043146 -1.865108 0.010735 0.386955 -3.176858 -0.000002 0.000008 0.000070 0.000003 0.000005 -0.000005 0.000001 0.000000 0.000001 -8.076692 -0.486770 -3.806310 0.010728 0.386953 -3.176866 0.000000 0.000000 0.000011 0.000001 0.000008 -0.000003 -0.000001 -0.000001 0.000000 4.570401 11.014676 -2.160815 1.016454 -4.273389 4.177869 -56.518012 -12.077988 -29.983151 -0.000215 -85.650968 -0.000208 16.625362 6.116346 89.917685 2.466100 -1.576221 2.681700 -1.290250 3.769629 7.138026 3.939045 7.948721 0.746789 2.647893 -1.528754 1.528752 -0.579472 1.575005 2.538716 1.998928 -1.154099 1.154073 -0.000003 0.000001 0.000001 9.109301 -0.518007 2.259901 0.000226 -0.056388 0.467356 -0.000002 -0.000002 -0.000018 -0.000003 0.000003 -0.000003 0.000001 -0.000001 -0.000001 9.533416 0.000003 0.000001 0.000247 -0.058332 0.483347 -0.000002 0.001927 -0.015978 0.000002 -0.000000 -0.000008 -0.000002 -0.000000 -0.000006 9.104511 -0.042993 -1.865100 0.000226 -0.056388 0.467356 0.000001 -0.000001 -0.000232 0.000005 -0.000003 -0.000007 -0.000001 -0.000002 0.000002 8.077808 -0.486909 -3.806302 -0.050985 3.997577 0.979556 -0.018088 -4.054256 -0.511072 -0.000001 -0.000001 -0.000001 -0.000001 0.000001 -0.000001 -8.207800 -6.751701 -1.599541 -13.234618 -13.879990 -10.851948 31.172054 -9.661700 -3.960665 -13.200604 -13.603068 10.616478 -0.000001 0.000003 0.000000 -0.000000 -0.000000 -0.000000 8.207798 -6.751701 -1.599546 -15.778331 2.088190 -0.758991 25.094410 -8.756510 10.836385 -8.081907 -6.367552 -11.400696 -0.770907 0.000001 0.000001 0.000000 -0.000001 0.000000 
1.096300 100.481255 -5.381954 1.028870 22.331114 3.095760 -0.000000 10.181531 0.131521 -0.454450 2.840145 2.712743 -0.871226 5.535942 3.730684 -0.894189 5.537717 3.723529 -0.000007 16.740366 -2.049017 -5.516713 -2.480473 -4.822998 -0.000003 9.617846 1.684970 -8.414467 -16.498213 -14.335145 0.000001 22.037384 7.501076 -0.000001 0.000000 0.000000 -4.570005 11.014856 -2.160839 0.678877 2.004443 -7.664848 -95.130765 31.132508 65.802582 -0.000002 45.734718 0.000043 55.859999 11.400705 -89.990317 -2.464784 -1.574005 2.681906 4.314025 -1.706554 -10.434512 4.637197 -8.634145 -0.225376 -2.646274 -1.527812 1.527820 -1.273759 0.137318 -2.094877 -1.994599 -1.151568 1.151583 0.000004 -0.000006 0.000003 -9.108301 -0.517903 2.259805 0.017715 0.497134 -4.082842 -0.000007 0.000001 0.000003 0.000010 -0.000001 0.000005 -0.000002 0.000002 -0.000000 -9.532505 -0.000021 -0.000000 0.017713 0.497131 -4.082842 -0.000009 0.000001 0.000004 0.000011 0.000001 0.000004 -0.000002 -0.000001 -0.000000 -9.103605 -0.043116 -1.865099 0.017715 0.497134 -4.082842 -0.000003 0.000009 0.000069 0.000004 0.000005 -0.000002 -0.000001 0.000004 0.000003 -8.076694 -0.486734 -3.806298 0.017715 0.497136 -4.082845 0.000002 -0.000000 0.000012 0.000003 0.000005 -0.000003 -0.000000 -0.000000 0.000001 4.570396 11.014699 -2.160814 1.046809 -4.619619 6.857442 -57.320204 -15.280240 -25.023581 -0.000015 -70.892248 -0.000004 13.497926 4.290836 87.550963 2.466100 -1.576186 2.681697 -1.539689 3.690511 6.144334 3.939049 7.948725 0.746787 2.647884 -1.528751 1.528755 -0.579474 1.575008 2.538719 1.998917 -1.154108 1.154080 0.000001 -0.000001 -0.000000 9.109294 -0.517992 2.259896 0.000009 -0.000118 0.000923 -0.000001 -0.000000 -0.000017 0.000000 0.000001 0.000001 0.000002 -0.000000 0.000003 9.533389 0.000041 0.000000 0.000006 -0.002052 0.016901 -0.000002 0.001929 -0.015982 0.000006 -0.000000 -0.000008 -0.000002 -0.000000 -0.000001 9.104488 -0.042983 -1.865102 0.000009 -0.000118 0.000923 -0.000003 -0.000000 -0.000236 0.000006 -0.000004 -0.000011 -0.000000 -0.000002 -0.000002 8.077789 -0.486858 -3.806304 -0.018147 4.054135 0.511994 -0.018090 -4.054254 -0.511072 0.000000 0.000002 -0.000001 0.000001 0.000001 0.000001 -8.207801 -6.751715 -1.599540 -16.385233 -13.052247 -10.945437 28.967628 -9.745234 -3.949655 -11.393339 -14.794299 10.362695 -0.000073 -0.000007 0.000000 -0.000000 0.000000 0.000000 8.207800 -6.751716 -1.599544 -17.997332 2.381082 -1.211969 20.635755 -8.847656 10.315916 -5.305111 -7.624906 -11.470395 -0.874317 -0.000004 -0.000001 0.000000 -0.000000 0.000000 
1.040334 100.552315 -6.019241 3.713048 22.889128 2.199611 -0.000000 10.181556 0.131523 -0.555182 2.902037 3.031478 -1.027988 5.535088 3.821765 -1.056579 5.537553 3.811630 0.000002 16.740347 -2.049021 -7.337157 -2.579388 -4.672676 0.000000 9.617866 1.684975 -11.029347 -17.302365 -12.828710 -0.000000 22.037384 7.501083 0.000001 0.000000 0.000000 -4.570000 11.014841 -2.160841 0.781834 3.383504 -11.265826 -97.887744 40.466791 59.905916 -0.000007 27.089217 0.000028 46.647204 10.468377 -89.997509 -2.464788 -1.574000 2.681911 2.777597 -1.725762 -10.723697 4.637206 -8.634142 -0.225374 -2.646270 -1.527787 1.527812 -1.273760 0.137311 -2.094879 -1.994587 -1.151586 1.151571 0.000001 -0.000005 0.000001 -9.108295 -0.517896 2.259805 0.020140 0.529985 -4.353186 -0.000008 0.000000 0.000006 0.000009 -0.000001 0.000005 -0.000001 -0.000001 0.000003 -9.532485 0.000019 0.000001 0.020140 0.529985 -4.353190 -0.000007 -0.000003 0.000006 0.000009 0.000003 0.000005 -0.000003 -0.000004 0.000004 -9.103601 -0.043095 -1.865100 0.020141 0.529986 -4.353186 -0.000005 0.000011 0.000069 0.000005 0.000005 -0.000001 -0.000001 -0.000004 0.000000 -8.076697 -0.486725 -3.806295 0.020137 0.529982 -4.353193 0.000001 -0.000002 0.000011 -0.000002 0.000005 -0.000006 0.000001 0.000002 -0.000000 4.570400 11.014673 -2.160815 1.096086 -4.995674 9.364071 -55.840331 -19.968657 -21.244267 -0.000017 -53.362656 -0.000026 11.043966 -0.076755 84.478075 2.466103 -1.576184 2.681691 -1.539950 3.690290 6.142358 3.939047 7.948724 0.746789 2.647912 -1.528747 1.528749 -0.579469 1.575001 2.538721 1.998902 -1.154074 1.154069 -0.000002 0.000003 -0.000000 9.109299 -0.518006 2.259899 0.000003 0.000009 -0.000000 -0.000003 -0.000000 -0.000018 0.000000 0.000000 0.000001 -0.000000 0.000002 0.000000 9.533404 0.000003 -0.000005 -0.000002 -0.001930 0.015985 0.000000 0.001924 -0.015980 -0.000001 0.000002 -0.000003 -0.000002 0.000000 0.000000 9.104507 -0.043014 -1.865103 0.000003 0.000009 -0.000000 -0.000002 0.000001 -0.000234 0.000001 -0.000000 -0.000007 -0.000002 0.000001 -0.000005 8.077817 -0.486903 -3.806306 -0.018089 4.054259 0.511058 -0.018092 -4.054254 -0.511074 0.000000 0.000000 0.000002 -0.000001 0.000001 0.000002 -8.207802 -6.751716 -1.599542 -19.141385 -12.842131 -11.343553 28.637078 -9.737426 -3.474700 -10.719401 -15.438622 10.041838 -0.000052 -0.000002 -0.000000 -0.000000 0.000002 0.000000 8.207800 -6.751699 -1.599544 -20.501557 2.411963 -1.016605 19.237923 -8.949348 9.350538 -4.039785 -8.579585 -11.083536 -0.451249 0.000000 -0.000002 0.000000 -0.000000 0.000000 
0.949378 100.357681 -6.547291 4.317874 23.661906 1.718463 -0.000000 10.181546 0.131523 -0.368023 2.841506 3.162066 -0.651526 5.386278 4.034413 -0.679725 5.391505 4.023946 -0.000003 16.740372 -2.049025 -8.061855 -2.849768 -4.023339 0.000001 9.617872 1.684968 -13.019974 -17.782920 -11.819992 -0.000001 22.037354 7.501070 -0.000000 0.000000 -0.000000 -4.570010 11.014896 -2.160837 0.803240 3.984484 -13.388288 -95.824228 45.926438 54.158803 0.000011 17.591029 0.000025 40.736095 10.838272 -90.001587 -2.464781 -1.574010 2.681915 3.391332 -0.898079 -12.365199 4.637202 -8.634136 -0.225376 -2.646287 -1.527788 1.527824 -1.273763 0.137311 -2.094875 -1.994601 -1.151585 1.151577 0.000001 -0.000001 -0.000002 -9.108280 -0.517914 2.259806 0.039593 0.742498 -6.104491 -0.000006 -0.000001 0.000010 0.000012 0.000001 0.000005 -0.000000 -0.000001 0.000003 -9.532494 0.000004 0.000004 0.039593 0.742498 -6.104491 -0.000006 -0.000003 0.000008 0.000011 0.000000 0.000005 -0.000002 -0.000003 -0.000000 -9.103589 -0.043120 -1.865097 0.039592 0.742498 -6.104491 0.000000 0.000009 0.000071 0.000007 0.000005 -0.000002 0.000002 -0.000002 -0.000001 -8.076674 -0.486736 -3.806295 0.039587 0.742488 -6.104498 0.000002 -0.000004 0.000010 0.000002 0.000006 -0.000006 -0.000000 -0.000002 -0.000001 4.570396 11.014689 -2.160813 1.154900 -5.345028 11.307316 -53.963310 -24.792357 -20.086615 -0.000007 -38.582458 -0.000013 8.742868 -4.777057 84.568015 2.466097 -1.576190 2.681702 -1.542051 3.695953 6.109814 3.939043 7.948728 0.746788 2.647882 -1.528758 1.528767 -0.579471 1.575003 2.538720 1.998917 -1.154085 1.154068 0.000001 0.000003 0.000003 9.109300 -0.518015 2.259906 -0.000002 0.001923 -0.015876 -0.000003 -0.000001 -0.000015 -0.000001 0.000002 0.000001 0.000000 0.000002 -0.000001 9.533406 0.000006 0.000004 0.000000 -0.000016 0.000102 -0.000003 0.001927 -0.015978 -0.000001 0.000001 -0.000007 0.000000 0.000001 0.000000 9.104494 -0.042992 -1.865096 -0.000002 0.001923 -0.015876 -0.000002 0.000002 -0.000236 0.000003 -0.000002 -0.000008 0.000001 -0.000001 0.000004 8.077829 -0.486900 -3.806295 -0.016967 4.056175 0.495152 -0.018091 -4.054254 -0.511071 -0.000001 -0.000001 0.000000 -0.000001 -0.000000 -0.000001 -8.207801 -6.751717 -1.599547 -20.337033 -13.256169 -11.793668 29.536982 -9.671788 -2.755599 -10.977827 -15.557610 9.694922 0.000004 0.000005 -0.000001 -0.000000 0.000000 0.000000 8.207800 -6.751698 -1.599544 -22.001564 2.276615 -1.004322 20.141480 -9.001940 9.420735 -4.054112 -9.105155 -11.003647 -0.015147 0.000002 -0.000002 -0.000000 -0.000000 0.000000 
0.828753 99.997429 -6.792822 2.913491 24.892712 1.875543 0.000001 10.181541 0.131523 -0.006804 2.625786 3.061469 0.037082 5.043489 4.299226 0.015069 5.050997 4.291309 0.000001 16.740385 -2.049022 -7.661555 -3.289618 -3.008743 -0.000009 9.617855 1.684979 -13.521476 -18.347975 -11.263053 -0.000001 22.037369 7.501072 0.000000 -0.000001 -0.000000 -4.570002 11.014865 -2.160843 0.817655 3.952543 -12.974302 -94.116223 42.991393 54.975120 -0.000010 20.614366 0.000010 42.767790 12.148346 -89.993691 -2.464798 -1.573947 2.681910 9.284166 1.601909 -17.479351 4.637199 -8.634144 -0.225371 -2.646271 -1.527772 1.527828 -1.273761 0.137311 -2.094872 -1.994605 -1.151598 1.151585 0.000001 -0.000001 -0.000000 -9.108290 -0.517848 2.259808 0.145288 1.416773 -11.709261 -0.000005 -0.000001 0.000005 0.000010 -0.000000 0.000004 0.000002 0.000001 -0.000000 -9.532507 0.000019 0.000001 0.145288 1.416774 -11.709264 -0.000007 -0.000003 0.000008 0.000010 -0.000000 0.000005 0.000001 -0.000003 0.000004 -9.103603 -0.043086 -1.865099 0.145287 1.416773 -11.709263 0.000001 0.000011 0.000068 0.000005 0.000004 0.000000 0.000000 -0.000003 0.000004 -8.076687 -0.486681 -3.806295 0.145289 1.416779 -11.709264 0.000003 -0.000005 0.000015 0.000002 0.000005 -0.000001 -0.000000 -0.000001 0.000001 4.570400 11.014683 -2.160817 1.178335 -5.464496 11.698449 -53.974255 -27.244440 -22.104557 -0.000016 -34.337178 -0.000019 7.449839 -7.876978 89.390183 2.466106 -1.576182 2.681698 -1.336958 3.194161 9.023254 3.939046 7.948722 0.746784 2.647893 -1.528733 1.528759 -0.579479 1.575006 2.538716 1.998921 -1.154074 1.154084 0.000002 -0.000000 -0.000002 9.109299 -0.517990 2.259903 0.002081 -0.169540 1.404977 -0.000002 -0.000001 -0.000015 0.000000 0.000002 0.000002 -0.000001 0.000002 0.000002 9.533405 0.000018 0.000002 0.002132 -0.171467 1.420960 -0.000003 0.001925 -0.015981 -0.000002 0.000000 -0.000000 -0.000001 -0.000001 0.000001 9.104495 -0.042981 -1.865100 0.002083 -0.169541 1.404977 -0.000002 -0.000000 -0.000234 0.000003 -0.000002 -0.000006 0.000001 0.000000 0.000000 8.077825 -0.486878 -3.806304 -0.115541 3.883049 1.919215 -0.018092 -4.054254 -0.511069 0.000001 -0.000000 0.000001 0.000002 -0.000000 -0.000003 -8.207802 -6.751718 -1.599541 -19.730340 -14.030400 -12.129680 31.215512 -9.636285 -2.155275 -11.952069 -15.644277 9.504988 -0.000051 0.000003 -0.000001 -0.000000 0.000000 0.000000 8.207802 -6.751708 -1.599548 -22.054367 1.840784 -1.420272 22.413322 -8.951824 10.570473 -5.041920 -9.495795 -11.390088 -0.000032 -0.000004 -0.000002 -0.000000 0.000000 0.000000 
0.747958 99.372086 -6.625213 0.085233 26.553402 2.576230 -0.000001 10.181540 0.131524 0.326667 2.340551 2.954990 0.661993 4.575650 4.603131 0.646953 4.583412 4.598032 -0.000002 16.740353 -2.049016 -6.153914 -3.855840 -2.022528 0.000002 9.617866 1.684980 -12.334516 -19.521454 -11.027511 -0.000000 22.037399 7.501072 0.000001 -0.000000 -0.000000 -4.570002 11.014855 -2.160840 0.888892 3.565895 -9.984748 -91.337149 34.881387 59.030060 0.000004 33.514751 0.000031 50.511704 14.726456 -89.980373 -2.464789 -1.573978 2.681901 17.662388 3.743950 -20.546256 4.637204 -8.634143 -0.225374 -2.646271 -1.527797 1.527814 -1.273758 0.137312 -2.094875 -1.994597 -1.151557 1.151575 0.000002 -0.000002 -0.000004 -9.108277 -0.517847 2.259799 0.257650 1.878863 -15.615465 -0.000008 0.000002 0.000004 0.000010 -0.000000 0.000002 -0.000001 0.000001 -0.000003 -9.532489 0.000051 -0.000003 0.257651 1.878866 -15.615465 -0.000008 0.000005 0.000005 0.000013 0.000003 0.000001 -0.000002 -0.000001 -0.000001 -9.103600 -0.043087 -1.865106 0.257653 1.878866 -15.615457 -0.000004 0.000007 0.000071 0.000004 0.000005 -0.000006 -0.000002 -0.000003 -0.000002 -8.076691 -0.486714 -3.806302 0.257642 1.878862 -15.615470 0.000002 -0.000001 0.000010 0.000000 0.000002 -0.000003 -0.000001 -0.000002 0.000002 4.570398 11.014665 -2.160815 1.138151 -5.214196 9.519394 -55.862970 -26.450599 -26.780431 -0.000016 -42.629970 -0.000004 9.875472 -9.199248 90.002325 2.466089 -1.576232 2.681697 0.415442 1.264893 20.068482 3.939045 7.948719 0.746791 2.647893 -1.528745 1.528743 -0.579469 1.575010 2.538719 1.998929 -1.154098 1.154081 -0.000001 0.000004 0.000001 9.109290 -0.518021 2.259899 0.048758 -0.819540 6.807372 0.000000 -0.000001 -0.000018 0.000003 0.000002 -0.000000 0.000002 0.000001 0.000001 9.533393 -0.000018 -0.000001 0.048983 -0.821451 6.823355 0.000000 0.001928 -0.015978 0.000006 0.000003 -0.000004 0.000000 0.000003 0.000001 9.104484 -0.042990 -1.865099 0.048758 -0.819539 6.807368 0.000002 -0.000001 -0.000230 0.000006 -0.000000 -0.000012 0.000001 -0.000002 0.000001 8.077793 -0.486912 -3.806300 -0.450110 3.203979 7.328188 -0.018089 -4.054255 -0.511071 -0.000000 0.000002 0.000003 -0.000002 0.000003 -0.000001 -8.207802 -6.751709 -1.599541 -17.859743 -14.864411 -12.170776 33.766990 -9.594240 -1.920158 -13.636223 -16.289197 9.651099 -0.000037 -0.000003 0.000001 -0.000000 0.000000 0.000000 8.207797 -6.751711 -1.599543 -21.613439 0.845112 -1.334455 26.533507 -8.872090 10.878768 -7.154650 -9.951631 -11.291043 -0.000108 -0.000000 0.000000 -0.000000 0.000000 0.000000 
0.761598 98.402512 -6.085210 -3.585880 28.107543 3.536711 -0.000001 10.181553 0.131522 0.540568 2.103095 3.056937 1.070567 4.168919 4.954107 1.059456 4.176322 4.950583 -0.000001 16.740381 -2.049023 -3.802738 -4.462830 -1.239508 -0.000003 9.617838 1.684974 -10.051245 -21.208265 -11.055083 0.000001 22.037354 7.501071 0.000000 0.000000 -0.000001 -4.569998 11.014887 -2.160841 0.922275 2.686295 -5.806296 -85.217340 27.253298 61.677025 -0.000039 48.902068 0.000054 57.663831 18.024611 -89.984047 -2.464797 -1.574016 2.681892 22.812475 4.847401 -19.316559 4.637198 -8.634143 -0.225378 -2.646271 -1.527792 1.527816 -1.273763 0.137312 -2.094875 -1.994586 -1.151556 1.151571 0.000004 -0.000006 -0.000002 -9.108287 -0.517885 2.259796 0.236520 1.801587 -14.957300 -0.000006 0.000001 0.000006 0.000014 0.000000 0.000002 0.000000 -0.000001 -0.000000 -9.532500 -0.000002 -0.000008 0.236519 1.801585 -14.957300 -0.000006 0.000002 0.000007 0.000013 0.000003 0.000001 -0.000000 -0.000000 -0.000001 -9.103602 -0.043128 -1.865110 0.236520 1.801586 -14.957293 -0.000002 0.000008 0.000069 0.000004 0.000005 -0.000001 0.000000 0.000001 -0.000001 -8.076713 -0.486747 -3.806307 0.236509 1.801580 -14.957305 0.000001 -0.000002 0.000010 0.000002 0.000005 -0.000007 -0.000000 -0.000000 0.000002 4.570397 11.014706 -2.160817 1.057121 -4.569094 4.853500 -57.720617 -24.674391 -33.254712 -0.000034 -55.980275 -0.000021 17.906190 -11.400161 89.977989 2.466091 -1.576210 2.681693 4.948920 -0.019332 27.496685 3.939044 7.948726 0.746786 2.647893 -1.528776 1.528741 -0.579469 1.575007 2.538719 1.998913 -1.154067 1.154075 0.000002 0.000000 -0.000002 9.109296 -0.518030 2.259891 0.115974 -1.260907 10.508758 -0.000003 -0.000000 -0.000016 -0.000001 0.000005 -0.000006 -0.000001 0.000000 -0.000007 9.533389 0.000010 -0.000009 0.116332 -1.262806 10.524741 -0.000002 0.001928 -0.015981 0.000001 -0.000001 -0.000009 0.000000 -0.000000 -0.000002 9.104497 -0.043015 -1.865107 0.115974 -1.260907 10.508758 -0.000003 0.000002 -0.000235 0.000004 0.000001 -0.000012 -0.000003 -0.000000 0.000000 8.077808 -0.486912 -3.806313 -0.641461 2.722049 11.028846 -0.018092 -4.054256 -0.511068 -0.000002 -0.000000 0.000000 -0.000001 0.000001 0.000001 -8.207802 -6.751704 -1.599546 -15.316274 -15.661665 -11.811549 37.102704 -9.483977 -1.973505 -15.921299 -17.263245 10.058610 -0.000049 0.000002 0.000005 -0.000000 -0.000002 0.000000 8.207799 -6.751715 -1.599543 -21.015674 -0.542571 -0.651048 32.126164 -8.661299 10.480212 -10.210221 -10.360060 -10.810505 -0.000129 0.000002 -0.000001 -0.000000 0.000000 0.000000 
0.824588 97.183807 -5.332524 -7.591381 28.712408 4.533219 0.000001 10.181563 0.131525 0.731875 2.000115 3.181422 1.431188 4.023100 5.346143 1.423176 4.029342 5.343803 -0.000001 16.740364 -2.049017 -1.338259 -4.961220 -0.641719 -0.000008 9.617826 1.684976 -7.515039 -22.698616 -11.315596 -0.000001 22.037399 7.501078 -0.000001 0.000001 -0.000000 -4.569996 11.014867 -2.160838 0.883302 1.603345 -2.409814 -77.679502 21.387648 63.734975 -0.000048 61.695623 0.000074 59.982189 20.907171 -89.999080 -2.464790 -1.574009 2.681910 24.720651 6.780100 -16.857399 4.637199 -8.634143 -0.225376 -2.646271 -1.527798 1.527820 -1.273760 0.137314 -2.094876 -1.994599 -1.151597 1.151582 0.000002 -0.000006 0.000003 -9.108287 -0.517862 2.259806 0.173238 1.545451 -12.790317 -0.000007 0.000003 0.000007 0.000012 0.000000 0.000005 0.000000 0.000000 0.000000 -9.532488 0.000006 0.000002 0.173237 1.545451 -12.790321 -0.000005 0.000002 0.000006 0.000008 0.000002 0.000006 0.000001 0.000005 -0.000001 -9.103580 -0.043107 -1.865098 0.173236 1.545450 -12.790320 -0.000000 0.000010 0.000069 0.000002 0.000003 -0.000002 -0.000001 0.000000 0.000002 -8.076679 -0.486725 -3.806296 0.173228 1.545449 -12.790327 -0.000000 0.000002 0.000010 0.000000 0.000007 -0.000005 0.000001 0.000007 -0.000000 4.570402 11.014686 -2.160812 0.978592 -3.539485 -0.902280 -57.665252 -22.783865 -39.576749 -0.000013 -68.909430 -0.000009 27.606697 -15.290415 89.968543 2.466073 -1.576203 2.681703 10.072442 -0.743276 28.636304 3.939041 7.948721 0.746788 2.647887 -1.528766 1.528747 -0.579474 1.575003 2.538721 1.998908 -1.154066 1.154068 0.000000 -0.000001 0.000003 9.109282 -0.518011 2.259905 0.132872 -1.348781 11.250685 -0.000001 -0.000001 -0.000022 -0.000000 0.000003 0.000000 -0.000001 0.000000 -0.000003 9.533391 -0.000015 0.000003 0.133241 -1.350673 11.266671 -0.000003 0.001928 -0.015980 0.000003 -0.000001 -0.000006 -0.000002 0.000003 -0.000002 9.104471 -0.043001 -1.865095 0.132872 -1.348781 11.250685 -0.000003 -0.000002 -0.000235 0.000004 -0.000001 -0.000011 0.000001 0.000001 -0.000003 8.077798 -0.486897 -3.806301 -0.676039 2.624042 11.770119 -0.018087 -4.054253 -0.511072 0.000000 0.000003 -0.000002 0.000001 0.000003 -0.000001 -8.207800 -6.751709 -1.599543 -12.578775 -16.391489 -11.287149 40.772476 -9.308747 -2.078868 -18.500025 -17.656278 10.493009 0.000010 0.000007 -0.000006 -0.000000 0.000000 0.000000 8.207799 -6.751687 -1.599549 -19.956715 -1.679709 0.345000 37.990783 -8.347145 10.218305 -13.644668 -10.318713 -10.438726 -0.000178 -0.000000 -0.000002 -0.000000 0.000000 0.000000 
0.854075 95.919174 -4.533379 -11.212801 28.010782 5.402022 -0.000000 10.181538 0.131525 0.999450 2.112388 2.946001 1.906826 4.211760 5.656332 1.905842 4.212424 5.656151 0.000002 16.740356 -2.049021 0.491292 -5.238699 -0.185578 -0.000000 9.617842 1.684976 -5.364363 -23.401514 -11.561587 0.000002 22.037415 7.501071 -0.000002 0.000002 0.000000 -4.570001 11.014864 -2.160842 0.834376 0.815654 -0.419661 -70.912807 16.819850 66.509712 -0.000090 71.573129 0.000160 60.008307 21.870561 -89.999962 -2.464806 -1.573994 2.681900 24.118783 7.055073 -16.097701 4.637200 -8.634136 -0.225375 -2.646265 -1.527785 1.527820 -1.273762 0.137318 -2.094875 -1.994590 -1.151581 1.151572 -0.000002 -0.000004 -0.000004 -9.108306 -0.517872 2.259803 0.151571 1.446764 -11.960733 -0.000007 -0.000001 0.000007 0.000012 0.000003 0.000005 0.000001 0.000002 0.000003 -9.532500 -0.000002 0.000001 0.151571 1.446765 -11.960733 -0.000007 0.000002 0.000007 0.000013 0.000003 0.000005 -0.000000 0.000005 0.000002 -9.103606 -0.043129 -1.865104 0.151572 1.446765 -11.960727 -0.000002 0.000008 0.000070 0.000004 0.000008 -0.000001 0.000001 -0.000001 -0.000001 -8.076704 -0.486738 -3.806297 0.151565 1.446759 -11.960740 0.000002 0.000002 0.000011 0.000002 0.000003 -0.000003 0.000002 0.000002 0.000001 4.570402 11.014665 -2.160815 0.945788 -2.414184 -5.819246 -55.562284 -20.376797 -43.481097 -0.000018 -80.528709 -0.000011 34.620433 -19.320420 89.982367 2.466089 -1.576223 2.681692 13.597411 -1.464518 27.711090 3.939045 7.948722 0.746789 2.647893 -1.528758 1.528747 -0.579463 1.575007 2.538719 1.998917 -1.154104 1.154071 0.000002 -0.000001 -0.000000 9.109282 -0.518006 2.259900 0.126730 -1.317495 10.986340 -0.000000 -0.000002 -0.000016 -0.000002 0.000003 -0.000001 0.000003 0.000001 -0.000002 9.533393 -0.000018 -0.000009 0.127086 -1.319385 11.002350 -0.000001 0.001930 -0.015980 0.000003 0.000002 -0.000005 0.000002 0.000002 -0.000001 9.104498 -0.043015 -1.865113 0.126730 -1.317495 10.986340 -0.000001 0.000001 -0.000233 0.000004 0.000001 -0.000010 -0.000002 0.000001 0.000002 8.077806 -0.486905 -3.806306 -0.663860 2.659011 11.506041 -0.018090 -4.054255 -0.511071 0.000000 -0.000001 0.000002 0.000001 -0.000001 0.000002 -8.207802 -6.751716 -1.599543 -10.301120 -17.025874 -11.138595 44.325349 -9.103536 -2.117092 -21.037879 -16.857399 10.827638 -0.000010 0.000000 0.000004 -0.000000 0.000000 0.000000 8.207800 -6.751707 -1.599540 -18.501943 -2.167829 1.445022 43.098019 -8.062596 10.097087 -16.873332 -9.701947 -10.222601 -0.000197 -0.000006 -0.000000 -0.000000 0.000000 0.000000 
0.887318 94.824493 -3.803329 -13.667247 26.701136 5.950306 -0.000001 10.181540 0.131525 1.261139 2.376865 2.457159 2.352230 4.567256 5.761473 2.361146 4.558895 5.764175 -0.000005 16.740370 -2.049024 1.437402 -5.302485 0.167865 -0.000007 9.617826 1.684976 -3.798836 -23.311372 -11.468575 -0.000000 22.037384 7.501071 -0.000000 0.000001 -0.000000 -4.570003 11.014886 -2.160843 0.805235 0.344807 0.744643 -66.083276 14.037290 69.738383 -0.000250 79.354886 0.000281 59.487533 20.689172 -89.998343 -2.464795 -1.574005 2.681907 21.218831 5.236791 -16.565075 4.637197 -8.634146 -0.225372 -2.646275 -1.527797 1.527810 -1.273761 0.137314 -2.094874 -1.994595 -1.151586 1.151575 0.000001 -0.000005 0.000002 -9.108302 -0.517889 2.259806 0.151736 1.447577 -11.967625 -0.000006 0.000002 0.000004 0.000012 0.000004 0.000006 0.000001 0.000004 0.000001 -9.532501 -0.000023 -0.000002 0.151735 1.447575 -11.967625 -0.000007 0.000002 0.000006 0.000011 0.000004 0.000006 -0.000001 0.000003 -0.000001 -9.103617 -0.043132 -1.865104 0.151736 1.447577 -11.967624 -0.000004 0.000008 0.000069 0.000002 0.000005 -0.000002 -0.000001 -0.000000 -0.000002 -8.076704 -0.486749 -3.806298 0.151739 1.447583 -11.967614 0.000000 -0.000000 0.000009 0.000001 0.000003 -0.000003 -0.000001 0.000002 0.000001 4.570399 11.014691 -2.160818 0.949946 -1.694821 -8.574678 -52.909572 -17.366784 -44.511240 0.000286 -90.825772 0.000375 37.126753 -22.477692 89.997810 2.466084 -1.576197 2.681685 16.033106 -2.467458 28.430980 3.939043 7.948718 0.746790 2.647884 -1.528760 1.528736 -0.579465 1.575006 2.538719 1.998921 -1.154079 1.154079 -0.000001 0.000001 0.000001 9.109297 -0.518007 2.259888 0.139159 -1.380032 11.514810 -0.000002 -0.000000 -0.000017 -0.000001 0.000002 -0.000002 -0.000002 0.000000 -0.000001 9.533383 0.000017 -0.000003 0.139545 -1.381914 11.530803 -0.000005 0.001927 -0.015981 -0.000000 -0.000001 -0.000007 0.000002 -0.000000 -0.000003 9.104489 -0.042989 -1.865109 0.139159 -1.380032 11.514809 -0.000001 0.000000 -0.000236 0.000007 -0.000002 -0.000010 -0.000000 -0.000002 -0.000002 8.077797 -0.486887 -3.806310 -0.688030 2.589032 12.033977 -0.018086 -4.054253 -0.511072 -0.000001 -0.000000 -0.000001 -0.000002 -0.000002 -0.000000 -8.207802 -6.751728 -1.599542 -9.051642 -17.681507 -11.621813 47.298630 -8.947298 -2.090814 -23.185478 -15.216435 11.116083 -0.000036 0.000005 0.000007 -0.000000 0.000000 0.000000 8.207798 -6.751721 -1.599546 -17.270490 -2.265950 2.239931 46.901922 -7.874778 10.046251 -19.462581 -8.756569 -10.099163 -0.000184 -0.000005 0.000001 -0.000000 0.000000 0.000000 
1.025667 94.217369 -3.211796 -14.625474 25.855025 6.089193 0.000002 10.181554 0.131523 1.342142 2.577983 2.179183 2.473311 4.846952 5.728332 2.487854 4.833801 5.732661 -0.000005 16.740347 -2.049022 1.611096 -5.268660 0.432634 -0.000006 9.617865 1.684974 -2.579388 -22.961672 -10.985578 0.000001 22.037354 7.501075 -0.000000 0.000000 -0.000000 -4.570001 11.014875 -2.160840 0.789174 0.062282 1.458255 -63.714983 13.006251 72.428207 -0.000522 85.347749 0.000637 58.880875 19.479879 -89.999962 -2.464798 -1.573995 2.681903 19.167437 4.281013 -16.352897 4.637195 -8.634141 -0.225375 -2.646251 -1.527821 1.527811 -1.273760 0.137316 -2.094871 -1.994598 -1.151573 1.151575 -0.000001 -0.000003 -0.000000 -9.108298 -0.517880 2.259804 0.139066 1.386424 -11.454827 -0.000005 0.000000 0.000005 0.000012 0.000003 0.000005 -0.000001 -0.000001 0.000000 -9.532501 0.000028 -0.000001 0.139067 1.386425 -11.454828 -0.000005 0.000001 0.000006 0.000011 0.000004 0.000005 0.000001 0.000000 0.000001 -9.103597 -0.043089 -1.865104 0.139065 1.386427 -11.454829 -0.000004 0.000008 0.000067 0.000004 0.000007 -0.000001 -0.000000 -0.000000 0.000001 -8.076695 -0.486715 -3.806303 0.139060 1.386422 -11.454836 0.000001 -0.000002 0.000009 0.000001 0.000006 -0.000002 -0.000001 0.000000 0.000001 4.570398 11.014672 -2.160815 0.949860 -1.474874 -9.208740 -51.253220 -14.426512 -43.851372 -0.000025 -98.796132 -0.000019 36.367134 -23.774948 90.000494 2.466094 -1.576197 2.681692 17.466990 -3.332928 30.549425 3.939047 7.948728 0.746787 2.647878 -1.528761 1.528768 -0.579476 1.575006 2.538716 1.998932 -1.154056 1.154084 -0.000003 0.000001 -0.000000 9.109304 -0.517993 2.259890 0.168590 -1.517330 12.679012 0.000001 -0.000003 -0.000019 -0.000002 0.000000 -0.000000 -0.000002 -0.000002 -0.000002 9.533398 0.000017 -0.000002 0.169015 -1.519193 12.694993 -0.000000 0.001925 -0.015984 0.000001 -0.000001 -0.000005 -0.000000 -0.000001 0.000002 9.104503 -0.042984 -1.865097 0.168590 -1.517330 12.679008 0.000002 0.000002 -0.000233 0.000008 -0.000000 -0.000009 -0.000001 0.000001 0.000000 8.077810 -0.486875 -3.806307 -0.738993 2.434129 13.196700 -0.018089 -4.054254 -0.511073 -0.000001 -0.000001 -0.000003 -0.000000 -0.000000 -0.000001 -8.207799 -6.751710 -1.599546 -8.648541 -18.380724 -12.284995 48.840080 -8.942652 -2.006858 -24.420838 -13.734497 11.393321 -0.000004 0.000000 0.000004 -0.000000 0.000000 0.000000 8.207801 -6.751705 -1.599547 -16.652940 -2.417484 2.542973 48.877332 -7.793911 10.028854 -20.987505 -7.987470 -10.011034 -0.000155 0.000001 -0.000001 0.000000 0.000000 0.000000 
1.265733 94.428398 -2.817987 -14.263423 25.828246 5.922758 0.000000 10.181540 0.131524 1.178172 2.642258 2.198973 2.149722 4.993107 5.672726 2.163833 4.981756 5.676734 -0.000001 16.740335 -2.049015 1.143675 -5.265442 0.643425 -0.000010 9.617827 1.684975 -1.480169 -22.911666 -10.143534 0.000001 22.037384 7.501078 -0.000000 0.000001 -0.000001 -4.570000 11.014887 -2.160835 0.765463 -0.115964 1.660308 -63.896625 12.696698 74.003993 -0.004315 89.328137 0.004501 59.803477 20.152378 -89.998575 -2.464813 -1.574000 2.681911 21.622011 5.172034 -16.598989 4.637196 -8.634143 -0.225374 -2.646269 -1.527788 1.527812 -1.273758 0.137314 -2.094876 -1.994587 -1.151599 1.151578 0.000000 -0.000007 0.000001 -9.108314 -0.517885 2.259803 0.153520 1.455942 -12.037855 -0.000006 0.000002 0.000005 0.000011 0.000002 0.000004 -0.000000 0.000003 -0.000000 -9.532498 0.000020 0.000001 0.153520 1.455940 -12.037860 -0.000005 0.000002 0.000005 0.000012 0.000002 0.000004 0.000001 0.000000 0.000000 -9.103613 -0.043110 -1.865098 0.153519 1.455942 -12.037855 -0.000003 0.000009 0.000069 0.000003 0.000003 -0.000003 0.000000 0.000000 0.000000 -8.076697 -0.486741 -3.806298 0.153515 1.455945 -12.037855 0.000000 0.000000 0.000010 0.000001 0.000008 -0.000004 0.000000 -0.000003 -0.000000 4.570400 11.014672 -2.160812 0.929159 -1.445778 -8.572533 -51.231166 -12.699849 -42.781908 -0.000002 -103.068408 -0.000002 34.488880 -22.621885 89.996225 2.466105 -1.576210 2.681697 16.920745 -3.231642 31.653822 3.939047 7.948722 0.746789 2.647891 -1.528769 1.528758 -0.579475 1.575001 2.538717 1.998920 -1.154084 1.154078 0.000001 -0.000003 0.000002 9.109317 -0.518019 2.259896 0.182245 -1.576724 13.184472 0.000003 -0.000002 -0.000015 0.000000 0.000000 -0.000003 0.000000 -0.000004 -0.000002 9.533414 0.000009 -0.000007 0.182680 -1.578599 13.200479 0.000005 0.001925 -0.015981 0.000002 -0.000002 -0.000008 0.000004 0.000002 -0.000002 9.104502 -0.042983 -1.865096 0.182245 -1.576724 13.184472 0.000002 0.000000 -0.000232 0.000006 -0.000002 -0.000012 0.000004 0.000001 -0.000000 8.077814 -0.486885 -3.806294 -0.760117 2.366590 13.701409 -0.018090 -4.054256 -0.511073 0.000000 -0.000000 -0.000001 0.000001 -0.000002 -0.000002 -8.207801 -6.751716 -1.599543 -8.398568 -18.748912 -12.425188 48.094336 -9.022531 -1.923276 -24.255277 -13.319586 11.528016 -0.000022 0.000005 0.000002 -0.000000 -0.000002 -0.000000 8.207799 -6.751713 -1.599542 -16.373768 -2.527436 2.466322 48.365399 -7.842685 10.036617 -21.033713 -7.789946 -9.963372 -0.000158 -0.000001 0.000005 -0.000000 0.000000 0.000000 
1.560132 95.479164 -2.677246 -12.849155 26.320540 5.528717 -0.000000 10.181550 0.131520 0.844508 2.617810 2.414236 1.515420 5.054235 5.615668 1.524735 5.048142 5.618115 -0.000001 16.740360 -2.049021 0.041565 -5.306835 0.791190 0.000002 9.617858 1.684978 -0.892153 -23.196398 -8.945211 0.000002 22.037384 7.501073 0.000001 0.000001 -0.000000 -4.570000 11.014855 -2.160842 0.733010 -0.143166 1.176627 -66.310086 12.772160 74.428626 0.004066 90.753570 -0.004155 60.002747 22.413971 -89.999975 -2.464800 -1.573985 2.681904 28.441073 8.521044 -17.665900 4.637197 -8.634148 -0.225375 -2.646266 -1.527811 1.527817 -1.273761 0.137311 -2.094877 -1.994594 -1.151613 1.151579 -0.000003 0.000003 0.000001 -9.108297 -0.517872 2.259799 0.217103 1.727297 -14.326723 -0.000007 0.000004 0.000006 0.000011 0.000002 0.000003 -0.000003 -0.000002 0.000000 -9.532499 0.000016 -0.000005 0.217106 1.727295 -14.326728 -0.000007 0.000001 0.000005 0.000011 0.000002 0.000004 0.000001 0.000001 0.000001 -9.103596 -0.043101 -1.865109 0.217103 1.727296 -14.326723 -0.000005 0.000009 0.000069 0.000002 0.000005 -0.000002 0.000002 -0.000002 -0.000000 -8.076698 -0.486692 -3.806302 0.217101 1.727301 -14.326720 0.000000 0.000001 0.000011 0.000001 0.000006 -0.000004 -0.000002 -0.000000 0.000001 4.570400 11.014688 -2.160816 0.889376 -1.402443 -7.335124 -52.743554 -12.623642 -41.677439 0.000026 -103.322976 0.000026 32.489174 -19.495621 89.993398 2.466082 -1.576201 2.681710 14.404597 -2.077511 30.547143 3.939046 7.948721 0.746787 2.647889 -1.528747 1.528740 -0.579469 1.575001 2.538724 1.998921 -1.154124 1.154076 0.000001 0.000002 0.000001 9.109289 -0.518034 2.259902 0.162572 -1.490211 12.448892 -0.000001 -0.000002 -0.000018 -0.000003 0.000002 -0.000002 -0.000004 -0.000002 -0.000005 9.533403 -0.000016 0.000005 0.162983 -1.492104 12.464885 -0.000001 0.001929 -0.015983 0.000000 0.000000 -0.000006 0.000001 0.000001 0.000000 9.104483 -0.042999 -1.865086 0.162572 -1.490211 12.448892 -0.000000 0.000002 -0.000234 0.000010 -0.000000 -0.000008 0.000001 -0.000000 0.000003 8.077796 -0.486912 -3.806292 -0.729141 2.464844 12.966907 -0.018092 -4.054255 -0.511071 0.000001 0.000003 0.000000 0.000001 0.000002 -0.000001 -8.207800 -6.751712 -1.599546 -7.967559 -18.435031 -11.753850 44.922178 -9.129791 -2.001322 -22.584842 -14.161262 11.467375 -0.000029 0.000000 0.000002 -0.000000 0.000000 0.000000 8.207800 -6.751691 -1.599547 -16.113115 -2.203250 2.192292 45.228877 -8.020584 10.078911 -19.513931 -8.222137 -9.975692 -0.000133 -0.000001 -0.000002 -0.000000 0.000000 0.000000 
1.852431 97.041199 -2.791655 -10.448902 26.952319 4.962314 0.000001 10.181539 0.131524 0.450346 2.544222 2.717411 0.779743 5.038064 5.468418 0.781173 5.037356 5.468677 0.000004 16.740368 -2.049022 -1.694452 -5.322257 0.812216 0.000002 9.617847 1.684976 -1.523030 -23.485341 -7.609189 -0.000002 22.037384 7.501071 -0.000001 -0.000000 0.000000 -4.569995 11.014885 -2.160840 0.722298 0.143303 -0.021623 -70.560096 13.944286 73.927031 -0.001733 88.690293 0.001810 59.795683 20.612440 -89.996622 -2.464803 -1.573995 2.681903 26.057954 6.593754 -18.312914 4.637199 -8.634142 -0.225374 -2.646268 -1.527800 1.527814 -1.273761 0.137312 -2.094880 -1.994587 -1.151612 1.151585 0.000002 -0.000007 0.000005 -9.108302 -0.517863 2.259803 0.223605 1.752599 -14.541270 -0.000007 0.000002 0.000005 0.000013 -0.000001 0.000004 -0.000002 -0.000001 0.000000 -9.532503 0.000031 0.000006 0.223606 1.752598 -14.541271 -0.000006 -0.000000 0.000004 0.000014 0.000001 0.000004 0.000001 -0.000002 0.000000 -9.103610 -0.043080 -1.865102 0.223603 1.752599 -14.541270 -0.000003 0.000008 0.000069 0.000002 0.000005 -0.000003 -0.000001 -0.000001 -0.000000 -8.076699 -0.486690 -3.806296 0.223603 1.752601 -14.541270 0.000000 0.000000 0.000010 0.000001 0.000003 -0.000004 -0.000000 -0.000002 0.000000 4.570406 11.014696 -2.160816 0.839473 -1.370271 -5.749053 -55.502640 -13.601229 -40.125049 0.000025 -100.344358 0.000031 30.717338 -15.489986 89.993883 2.466087 -1.576214 2.681689 11.210804 -0.476284 27.899011 3.939038 7.948718 0.746787 2.647884 -1.528764 1.528747 -0.579470 1.575006 2.538719 1.998921 -1.154065 1.154074 0.000003 -0.000001 -0.000002 9.109296 -0.518034 2.259891 0.125206 -1.309647 10.920008 0.000003 -0.000003 -0.000018 0.000001 0.000002 -0.000002 0.000003 0.000001 -0.000002 9.533405 -0.000014 -0.000008 0.125566 -1.311541 10.935989 0.000000 0.001927 -0.015982 0.000001 -0.000001 -0.000007 -0.000002 -0.000002 -0.000002 9.104487 -0.043013 -1.865107 0.125206 -1.309647 10.920007 0.000002 0.000001 -0.000234 0.000005 -0.000001 -0.000011 -0.000000 0.000001 0.000000 8.077797 -0.486886 -3.806300 -0.660776 2.667760 11.439757 -0.018092 -4.054256 -0.511071 0.000002 -0.000000 -0.000004 0.000005 0.000001 -0.000003 -8.207799 -6.751718 -1.599545 -7.755885 -17.483459 -10.683192 40.008017 -9.263817 -2.381735 -19.757878 -15.837568 11.320641 -0.000027 0.000002 0.000001 -0.000000 0.000000 0.000000 8.207799 -6.751708 -1.599545 -15.939688 -1.294118 1.667374 39.937738 -8.255535 10.180224 -16.702768 -9.126127 -10.099677 -0.008347 0.000001 -0.000000 0.000000 -0.000000 0.000000 
2.079791 98.624252 -3.098892 -7.085242 27.463014 4.269681 -0.000001 10.181542 0.131521 0.046220 2.486366 2.969907 0.033710 4.989099 5.116321 0.026008 4.991574 5.114170 0.000003 16.740370 -2.049021 -3.904546 -5.302792 0.716203 -0.000002 9.617854 1.684971 -3.336838 -23.703750 -6.423080 0.000002 22.037369 7.501073 -0.000001 -0.000001 -0.000001 -4.569995 11.014891 -2.160841 0.757124 0.763775 -1.624549 -76.443183 16.528207 72.849466 -0.000312 82.459487 0.000340 55.883775 14.446422 -89.970271 -2.464797 -1.573976 2.681910 13.815042 1.578256 -15.705363 4.637198 -8.634136 -0.225375 -2.646274 -1.527812 1.527818 -1.273760 0.137311 -2.094877 -1.994594 -1.151580 1.151582 -0.000000 -0.000002 0.000001 -9.108292 -0.517872 2.259802 0.109658 1.232501 -10.168288 -0.000006 0.000003 0.000005 0.000011 0.000002 0.000004 0.000000 0.000000 -0.000000 -9.532495 -0.000004 -0.000002 0.109658 1.232500 -10.168288 -0.000005 0.000001 0.000006 0.000011 0.000002 0.000005 0.000002 -0.000002 -0.000000 -9.103599 -0.043064 -1.865098 0.109658 1.232501 -10.168290 -0.000002 0.000010 0.000069 0.000004 0.000004 -0.000003 -0.000001 0.000001 0.000001 -8.076695 -0.486741 -3.806303 0.109657 1.232502 -10.168290 -0.000001 0.000001 0.000010 0.000001 0.000008 -0.000004 -0.000002 0.000002 -0.000000 4.570401 11.014676 -2.160817 0.792155 -1.447543 -3.869905 -59.247397 -15.288173 -37.647135 0.000120 -94.633733 0.000115 29.270093 -11.689300 89.995508 2.466101 -1.576210 2.681679 8.593722 0.919702 25.185667 3.939047 7.948721 0.746793 2.647888 -1.528775 1.528738 -0.579474 1.575003 2.538718 1.998925 -1.154066 1.154081 0.000001 0.000001 -0.000000 9.109287 -0.518020 2.259887 0.093242 -1.131498 9.419499 0.000001 -0.000002 -0.000018 -0.000001 0.000001 -0.000002 0.000001 0.000001 -0.000002 9.533396 0.000017 -0.000009 0.093550 -1.133407 9.435481 0.000001 0.001925 -0.015984 0.000003 -0.000003 -0.000006 -0.000002 -0.000000 -0.000002 9.104487 -0.042977 -1.865109 0.093241 -1.131498 9.419496 -0.000002 -0.000000 -0.000239 0.000003 -0.000002 -0.000012 0.000004 -0.000002 -0.000003 8.077810 -0.486887 -3.806314 -0.588406 2.865128 9.940253 -0.018090 -4.054258 -0.511072 0.000003 0.000001 -0.000001 0.000003 -0.000001 -0.000000 -8.207803 -6.751714 -1.599543 -8.467440 -16.217193 -9.888918 34.635425 -9.398566 -3.026101 -16.485985 -17.665670 11.215950 -0.000050 0.000005 -0.000003 -0.000000 0.000000 0.000000 8.207799 -6.751705 -1.599545 -16.139170 -0.066885 0.717880 33.402603 -8.470193 10.381569 -13.151773 -10.252719 -10.400998 -0.332910 0.000003 0.000002 0.000000 -0.000000 0.000000 
2.206764 99.825226 -3.517884 -3.112189 27.680578 3.522415 -0.000001 10.181563 0.131523 -0.338989 2.521105 3.035945 -0.676191 5.009630 4.564169 -0.691744 5.012195 4.559570 0.000004 16.740362 -2.049026 -6.264020 -5.292777 0.530156 0.000003 9.617855 1.684972 -5.580428 -24.062075 -5.461027 0.000006 22.037384 7.501077 -0.000000 0.000001 -0.000001 -4.569997 11.014897 -2.160842 0.840497 1.678356 -3.480708 -83.699372 20.172344 71.412783 -0.000148 71.740810 0.000182 51.468511 10.346798 -89.989887 -2.464796 -1.573992 2.681907 8.108865 -0.643454 -14.146110 4.637198 -8.634138 -0.225376 -2.646271 -1.527830 1.527814 -1.273759 0.137311 -2.094875 -1.994586 -1.151574 1.151577 0.000001 0.000004 0.000001 -9.108306 -0.517901 2.259808 0.067734 0.970164 -7.987403 -0.000005 0.000003 0.000005 0.000012 0.000005 0.000006 0.000001 0.000001 -0.000001 -9.532494 0.000021 0.000003 0.067734 0.970166 -7.987403 -0.000005 0.000002 0.000005 0.000012 0.000003 0.000005 0.000000 0.000000 -0.000001 -9.103590 -0.043114 -1.865097 0.067733 0.970167 -7.987403 -0.000003 0.000008 0.000069 0.000004 0.000008 -0.000002 -0.000000 0.000004 0.000001 -8.076687 -0.486735 -3.806297 0.067732 0.970155 -7.987399 0.000001 -0.000000 0.000009 0.000000 0.000006 -0.000004 -0.000000 0.000003 0.000000 4.570403 11.014688 -2.160819 0.758728 -1.699077 -1.659386 -63.320553 -18.135916 -34.105969 -0.000009 -85.683548 -0.000013 27.407401 -8.880704 89.995078 2.466089 -1.576201 2.681695 6.852958 1.760326 23.690696 3.939041 7.948722 0.746789 2.647889 -1.528779 1.528767 -0.579473 1.575007 2.538721 1.998917 -1.154083 1.154066 0.000002 -0.000001 -0.000000 9.109289 -0.518029 2.259887 0.077587 -1.032784 8.591038 0.000002 -0.000002 -0.000020 0.000001 0.000002 -0.000001 0.000002 0.000001 0.000000 9.533386 -0.000000 -0.000005 0.077870 -1.034706 8.607026 0.000003 0.001928 -0.015981 0.000004 -0.000000 -0.000006 0.000005 0.000001 -0.000002 9.104487 -0.042994 -1.865106 0.077587 -1.032784 8.591035 0.000000 0.000003 -0.000234 0.000008 0.000003 -0.000008 0.000000 0.000003 0.000001 8.077785 -0.486892 -3.806304 -0.546214 2.973266 9.112032 -0.018094 -4.054254 -0.511073 0.000000 0.000003 0.000000 -0.000002 0.000001 -0.000003 -8.207801 -6.751707 -1.599544 -10.446294 -14.997834 -9.794593 30.235926 -9.536225 -3.687631 -13.599695 -18.989241 11.202537 -0.000025 0.000003 0.000001 -0.000000 0.000000 -0.000000 8.207800 -6.751705 -1.599547 -16.843392 1.071231 -0.629112 26.812466 -8.613017 10.706273 -9.544189 -11.257627 -10.866212 -0.833663 -0.000001 -0.000002 0.000000 -0.000000 0.000000 
2.267086 100.505333 -3.996639 0.697013 27.546190 2.711972 -0.000000 10.181543 0.131523 -0.643138 2.640349 3.014615 -1.226803 5.135221 4.018246 -1.248883 5.136310 4.010875 -0.000001 16.740383 -2.049025 -8.300832 -5.297536 0.294101 0.000007 9.617862 1.684978 -7.734615 -24.556258 -4.727837 0.000003 22.037384 7.501070 0.000002 -0.000001 0.000000 -4.570001 11.014886 -2.160842 0.968880 2.932623 -5.892489 -91.098311 25.184798 69.119418 -0.000052 56.827775 0.000086 47.371815 8.583428 -89.994368 -2.464809 -1.574008 2.681908 8.156696 -0.847527 -15.725795 4.637198 -8.634143 -0.225372 -2.646254 -1.527849 1.527811 -1.273761 0.137307 -2.094869 -1.994586 -1.151595 1.151577 -0.000001 0.000000 0.000001 -9.108303 -0.517884 2.259800 0.096327 1.155735 -9.528712 -0.000006 0.000000 0.000004 0.000012 0.000001 0.000004 -0.000000 0.000001 0.000001 -9.532507 -0.000000 -0.000003 0.096328 1.155733 -9.528713 -0.000007 0.000000 0.000003 0.000011 0.000001 0.000004 -0.000001 0.000001 0.000002 -9.103605 -0.043102 -1.865101 0.096327 1.155734 -9.528712 -0.000003 0.000009 0.000067 0.000003 0.000006 0.000001 -0.000000 0.000002 -0.000002 -8.076708 -0.486740 -3.806302 0.096320 1.155731 -9.528718 0.000001 -0.000003 0.000009 0.000001 0.000001 -0.000004 -0.000001 -0.000001 -0.000000 4.570403 11.014684 -2.160817 0.748705 -2.159991 1.047591 -66.185004 -22.529422 -29.641925 -0.000031 -72.868310 -0.000036 23.599917 -7.370586 89.995378 2.466108 -1.576178 2.681690 5.308259 2.003398 23.598114 3.939044 7.948727 0.746792 2.647884 -1.528743 1.528743 -0.579469 1.575003 2.538716 1.998925 -1.154066 1.154073 -0.000000 0.000004 -0.000000 9.109306 -0.517991 2.259889 0.075889 -1.021403 8.495691 0.000003 -0.000002 -0.000018 0.000001 -0.000000 -0.000000 0.000002 -0.000005 -0.000002 9.533403 0.000036 -0.000007 0.076161 -1.023317 8.511679 -0.000002 0.001926 -0.015981 0.000003 -0.000000 -0.000005 -0.000001 -0.000003 -0.000002 9.104513 -0.042977 -1.865111 0.075889 -1.021405 8.495689 -0.000000 0.000002 -0.000236 0.000005 -0.000001 -0.000011 -0.000000 0.000002 -0.000000 8.077800 -0.486861 -3.806311 -0.541260 2.985662 9.016715 -0.018090 -4.054257 -0.511072 0.000000 -0.000005 -0.000003 0.000002 -0.000005 -0.000000 -8.207800 -6.751712 -1.599543 -13.215411 -14.112161 -10.236799 27.585331 -9.666443 -4.033774 -11.622159 -19.520100 11.198818 0.000005 -0.000002 -0.000001 -0.000000 0.000000 0.000000 8.207800 -6.751689 -1.599546 -18.096998 1.830122 -1.633948 21.684109 -8.735512 10.533744 -6.598957 -11.858809 -11.029932 -0.991262 -0.000000 -0.000000 -0.000000 0.000000 0.000000 
2.294526 100.752518 -4.493668 3.422979 27.112547 1.913386 -0.000000 10.181541 0.131523 -0.765186 2.766909 2.983705 -1.438491 5.290462 3.715527 -1.464244 5.290793 3.706031 -0.000004 16.740345 -2.049016 -9.492784 -5.299445 0.170114 0.000002 9.617867 1.684977 -9.677126 -24.857809 -4.225277 -0.000000 22.037384 7.501071 -0.000000 -0.000000 -0.000002 -4.570005 11.014853 -2.160837 1.122818 4.396259 -8.856911 -96.021648 31.934235 65.101709 -0.000016 40.602285 0.000033 40.427535 7.693754 -89.994989 -2.464779 -1.574019 2.681909 8.054274 -0.548437 -18.289607 4.637196 -8.634143 -0.225378 -2.646269 -1.527814 1.527813 -1.273760 0.137316 -2.094876 -1.994572 -1.151599 1.151562 -0.000001 -0.000001 0.000008 -9.108288 -0.517902 2.259799 0.155759 1.466365 -12.125298 -0.000006 -0.000002 0.000005 0.000012 -0.000001 0.000004 -0.000000 -0.000001 -0.000001 -9.532482 0.000012 -0.000005 0.155759 1.466365 -12.125300 -0.000008 -0.000002 0.000007 0.000013 -0.000001 0.000002 0.000001 0.000000 -0.000000 -9.103579 -0.043124 -1.865106 0.155757 1.466363 -12.125298 -0.000002 0.000007 0.000069 0.000004 0.000002 -0.000003 0.000000 0.000003 0.000002 -8.076688 -0.486747 -3.806302 0.155748 1.466355 -12.125303 0.000001 0.000002 0.000012 0.000001 0.000005 -0.000004 -0.000001 0.000001 -0.000000 4.570393 11.014678 -2.160812 0.762590 -2.734609 4.208882 -66.386529 -28.259971 -24.983406 -0.000013 -56.648271 -0.000029 16.738746 -6.887075 89.999005 2.466115 -1.576200 2.681696 2.952075 1.789621 23.572501 3.939040 7.948723 0.746795 2.647883 -1.528743 1.528749 -0.579470 1.575005 2.538720 1.998917 -1.154090 1.154072 -0.000000 -0.000004 -0.000000 9.109305 -0.518001 2.259902 0.075265 -1.017315 8.461319 -0.000004 -0.000000 -0.000017 -0.000003 -0.000002 -0.000002 -0.000000 0.000001 -0.000001 9.533419 0.000004 0.000000 0.075549 -1.019227 8.477305 -0.000002 0.001920 -0.015984 0.000000 -0.000001 -0.000005 0.000000 0.000000 0.000001 9.104502 -0.042998 -1.865099 0.075267 -1.017314 8.461319 -0.000002 -0.000002 -0.000236 0.000005 -0.000000 -0.000009 -0.000001 0.000001 -0.000003 8.077817 -0.486893 -3.806300 -0.539475 2.990127 8.982343 -0.018090 -4.054258 -0.511069 -0.000000 0.000003 0.000003 0.000000 0.000002 0.000003 -8.207801 -6.751722 -1.599541 -15.731259 -13.676611 -10.779907 26.581838 -9.708953 -3.877543 -10.638879 -19.337053 11.064258 -0.000025 0.000002 -0.000002 -0.000000 0.000000 0.000000 8.207800 -6.751702 -1.599543 -19.772947 2.243963 -1.662846 19.373488 -8.875774 9.485242 -4.944068 -11.874769 -10.524360 -0.678519 -0.000007 -0.000000 -0.000000 -0.000001 0.000000 
2.313910 100.749397 -4.925057 4.423213 26.580424 1.315784 -0.000001 10.181551 0.131525 -0.659822 2.806278 2.980841 -1.231966 5.346368 3.753329 -1.257735 5.347996 3.743505 0.000001 16.740353 -2.049019 -9.507111 -5.311003 0.337490 -0.000010 9.617828 1.684980 -11.079900 -24.756552 -3.823364 -0.000002 22.037369 7.501079 0.000002 -0.000001 0.000001 -4.570003 11.014858 -2.160840 1.271085 5.673934 -11.409133 -96.772367 37.739155 60.531759 -0.000026 28.914715 0.000020 33.047361 7.610035 -90.001621 -2.464810 -1.574004 2.681904 6.857828 0.032593 -20.090443 4.637194 -8.634143 -0.225372 -2.646258 -1.527810 1.527816 -1.273760 0.137319 -2.094874 -1.994586 -1.151572 1.151581 -0.000001 0.000000 0.000001 -9.108304 -0.517895 2.259799 0.206176 1.683984 -13.959911 -0.000007 -0.000002 0.000002 0.000013 0.000000 0.000004 0.000000 -0.000004 -0.000000 -9.532504 -0.000009 -0.000004 0.206176 1.683984 -13.959911 -0.000006 -0.000002 0.000002 0.000011 0.000000 0.000004 0.000001 0.000003 0.000002 -9.103621 -0.043116 -1.865102 0.206176 1.683983 -13.959911 -0.000002 0.000008 0.000066 0.000003 0.000001 -0.000003 0.000001 0.000002 0.000000 -8.076705 -0.486736 -3.806299 0.206176 1.683983 -13.959911 0.000002 -0.000000 0.000008 0.000002 0.000003 -0.000003 0.000001 0.000003 -0.000000 4.570400 11.014666 -2.160814 0.772392 -3.142313 7.179774 -64.565075 -34.748348 -21.851150 -0.000011 -39.315047 -0.000019 7.646597 -7.462145 90.010152 2.466100 -1.576189 2.681691 -0.027540 1.373843 22.072000 3.939049 7.948724 0.746790 2.647893 -1.528774 1.528763 -0.579473 1.575003 2.538712 1.998925 -1.154094 1.154069 0.000002 0.000002 -0.000000 9.109303 -0.518002 2.259898 0.063159 -0.932327 7.749775 0.000003 -0.000001 -0.000016 0.000001 -0.000003 0.000002 -0.000001 0.000001 0.000001 9.533399 0.000012 -0.000004 0.063427 -0.934243 7.765762 0.000001 0.001924 -0.015979 0.000003 0.000002 -0.000007 0.000000 -0.000004 -0.000002 9.104506 -0.042988 -1.865107 0.063159 -0.932327 7.749772 0.000004 -0.000001 -0.000235 0.000004 -0.000000 -0.000009 0.000000 0.000000 0.000003 8.077805 -0.486888 -3.806305 -0.501792 3.082445 8.270810 -0.018090 -4.054255 -0.511068 0.000003 0.000001 -0.000002 0.000002 -0.000001 -0.000000 -8.207802 -6.751706 -1.599541 -16.984590 -13.737234 -11.084293 26.588161 -9.654910 -3.338198 -10.424974 -18.600608 10.772982 -0.000049 0.000000 0.000007 -0.000000 0.000000 0.000000 8.207800 -6.751706 -1.599538 -20.951211 2.456362 -1.324432 19.473061 -8.959277 9.003006 -4.605221 -11.385650 -10.113284 -0.147718 0.000004 -0.000000 0.000000 -0.000001 0.000000 
2.315009 100.618553 -5.133096 3.660105 26.327253 1.215116 0.000000 10.181568 0.131525 -0.394478 2.697226 2.937121 -0.731208 5.185985 3.989930 -0.753075 5.189606 3.981968 0.000000 16.740372 -2.049023 -8.324480 -5.368509 0.819847 -0.000004 9.617849 1.684976 -11.236927 -24.462927 -3.308675 0.000000 22.037369 7.501075 -0.000000 -0.000000 -0.000002 -4.570002 11.014880 -2.160844 1.413517 6.506763 -12.247093 -95.656601 37.830680 59.802309 -0.000022 26.828952 0.000049 32.075347 8.428686 -89.997038 -2.464809 -1.574010 2.681914 8.809694 1.254475 -23.229576 4.637194 -8.634143 -0.225376 -2.646277 -1.527799 1.527817 -1.273759 0.137314 -2.094876 -1.994597 -1.151582 1.151573 0.000001 -0.000001 -0.000000 -9.108315 -0.517860 2.259804 0.317986 2.082560 -17.360606 -0.000006 0.000003 0.000007 0.000009 -0.000000 0.000005 -0.000001 -0.000000 0.000001 -9.532525 0.000005 0.000003 0.317987 2.082560 -17.360606 -0.000008 0.000003 0.000007 0.000010 0.000000 0.000008 0.000001 0.000002 0.000003 -9.103613 -0.043082 -1.865098 0.317986 2.082560 -17.360606 -0.000002 0.000007 0.000071 0.000002 0.000003 -0.000002 -0.000001 -0.000003 -0.000001 -8.076720 -0.486729 -3.806295 0.317987 2.082556 -17.360601 0.000002 -0.000003 0.000010 0.000001 0.000006 0.000000 -0.000001 -0.000003 0.000002 4.570402 11.014677 -2.160819 0.735824 -3.121856 8.858515 -63.685756 -40.344736 -22.249961 -0.000006 -26.440122 0.000009 0.296042 -8.723969 90.005043 2.466106 -1.576207 2.681697 -2.035892 1.110288 20.005143 3.939041 7.948721 0.746790 2.647901 -1.528729 1.528746 -0.579469 1.575010 2.538725 1.998925 -1.154096 1.154089 -0.000001 0.000005 -0.000000 9.109313 -0.517999 2.259897 0.048377 -0.816359 6.780852 -0.000002 -0.000002 -0.000019 0.000003 -0.000002 -0.000002 -0.000001 0.000001 -0.000004 9.533406 0.000026 -0.000003 0.048598 -0.818276 6.796822 -0.000000 0.001924 -0.015981 -0.000001 -0.000002 -0.000004 0.000000 0.000000 0.000001 9.104498 -0.042977 -1.865106 0.048377 -0.816359 6.780852 -0.000000 -0.000003 -0.000234 0.000004 -0.000003 -0.000009 -0.000000 -0.000001 0.000005 8.077811 -0.486892 -3.806299 -0.448617 3.207379 7.301658 -0.018091 -4.054255 -0.511071 0.000001 -0.000000 -0.000000 0.000002 0.000000 0.000000 -8.207800 -6.751703 -1.599542 -16.663510 -14.185990 -11.178241 27.199994 -9.599223 -2.757296 -10.786347 -17.757107 10.496026 -0.000026 -0.000012 0.000003 -0.000000 0.000000 0.000000 8.207800 -6.751674 -1.599542 -20.902080 2.373602 -1.231112 20.788762 -8.955158 9.653665 -5.194292 -10.838353 -10.274911 -0.000030 -0.000003 -0.000000 0.000000 0.000000 0.000000 
2.319756 100.243401 -4.964125 1.540653 26.658184 1.715127 0.000000 10.181548 0.131523 -0.106071 2.468734 2.893300 -0.185613 4.810332 4.239627 -0.202495 4.815198 4.233954 -0.000005 16.740345 -2.049020 -6.150108 -5.495000 1.467451 -0.000006 9.617855 1.684982 -9.713815 -24.407097 -2.629043 0.000004 22.037369 7.501077 -0.000000 0.000001 -0.000001 -4.570004 11.014863 -2.160842 1.530621 6.732512 -10.844443 -93.491165 31.751733 63.328189 -0.000009 35.399993 0.000044 37.831714 9.876827 -89.988097 -2.464792 -1.573975 2.681904 14.809028 2.585908 -26.878230 4.637198 -8.634141 -0.225371 -2.646265 -1.527814 1.527820 -1.273762 0.137314 -2.094878 -1.994586 -1.151570 1.151572 0.000001 -0.000002 0.000001 -9.108307 -0.517900 2.259805 0.493202 2.576568 -21.669547 -0.000005 0.000002 0.000004 0.000013 0.000002 0.000005 0.000001 0.000000 -0.000001 -9.532489 -0.000005 0.000004 0.493203 2.576568 -21.669545 -0.000005 0.000004 0.000005 0.000012 0.000004 0.000006 -0.000000 -0.000002 0.000001 -9.103593 -0.043117 -1.865098 0.493202 2.576567 -21.669549 -0.000003 0.000011 0.000069 0.000005 0.000002 -0.000003 -0.000001 -0.000002 -0.000001 -8.076687 -0.486729 -3.806299 0.493210 2.576584 -21.669530 0.000004 -0.000001 0.000013 0.000003 0.000005 -0.000003 0.000000 0.000002 0.000001 4.570398 11.014684 -2.160817 0.661965 -2.673680 8.253561 -65.540897 -41.067615 -26.752984 0.000002 -27.137549 0.000004 0.159269 -7.388528 90.011136 2.466088 -1.576207 2.681697 -2.114526 1.452025 19.921867 3.939044 7.948724 0.746794 2.647872 -1.528710 1.528751 -0.579472 1.575001 2.538715 1.998928 -1.154056 1.154074 -0.000002 0.000001 0.000001 9.109306 -0.518005 2.259902 0.047448 -0.808497 6.715244 -0.000003 -0.000004 -0.000018 -0.000000 0.000002 0.000000 -0.000002 0.000003 -0.000002 9.533389 0.000005 -0.000000 0.047675 -0.810420 6.731224 -0.000002 0.001923 -0.015983 0.000001 0.000002 -0.000008 -0.000004 0.000004 0.000001 9.104487 -0.043002 -1.865102 0.047448 -0.808497 6.715244 -0.000001 -0.000004 -0.000234 0.000003 -0.000004 -0.000007 -0.000001 0.000000 -0.000003 8.077797 -0.486894 -3.806301 -0.444938 3.215811 7.236016 -0.018091 -4.054257 -0.511073 0.000001 -0.000000 -0.000001 0.000001 -0.000001 0.000001 -8.207801 -6.751707 -1.599544 -15.263453 -14.711623 -11.127027 28.868498 -9.569105 -2.560161 -11.908060 -17.507740 10.558830 -0.000057 0.000003 -0.000002 -0.000000 0.000002 0.000000 8.207800 -6.751709 -1.599546 -20.141278 1.757656 -1.369647 23.590054 -8.848525 10.725227 -6.831594 -10.406616 -10.667767 -0.000116 -0.000003 0.000001 -0.000000 0.000000 0.000000 
2.350201 99.534241 -4.401879 -1.499478 27.423703 2.564183 -0.000000 10.181540 0.131522 0.120222 2.227400 2.922011 0.243329 4.403960 4.506390 0.230685 4.409071 4.502497 -0.000000 16.740372 -2.049022 -3.347349 -5.671962 2.063567 0.000003 9.617867 1.684977 -6.905869 -24.814728 -2.051080 -0.000006 22.037399 7.501073 -0.000002 -0.000001 -0.000000 -4.570004 11.014883 -2.160843 1.537932 6.115544 -7.911114 -88.011851 24.126820 66.702214 -0.000021 50.404873 0.000069 43.983591 11.738016 -89.989983 -2.464790 -1.573973 2.681905 20.471470 3.694621 -28.004718 4.637202 -8.634143 -0.225375 -2.646267 -1.527804 1.527817 -1.273758 0.137312 -2.094874 -1.994609 -1.151549 1.151579 -0.000000 -0.000004 -0.000002 -9.108297 -0.517881 2.259804 0.583955 2.793903 -23.606092 -0.000005 0.000001 0.000004 0.000012 0.000002 0.000005 -0.000000 0.000001 0.000001 -9.532489 0.000011 -0.000002 0.583955 2.793903 -23.606090 -0.000005 0.000003 0.000004 0.000012 0.000002 0.000004 0.000000 -0.000000 -0.000000 -9.103599 -0.043083 -1.865102 0.583955 2.793902 -23.606087 -0.000003 0.000009 0.000070 0.000003 0.000003 -0.000003 0.000000 0.000002 -0.000000 -8.076688 -0.486720 -3.806300 0.583947 2.793907 -23.606088 0.000002 -0.000001 0.000011 0.000001 0.000006 -0.000004 -0.000000 0.000002 0.000001 4.570401 11.014688 -2.160818 0.629492 -2.083276 5.202497 -67.973947 -37.420387 -33.574454 0.000001 -39.806035 0.000011 7.359339 -3.982857 90.029885 2.466117 -1.576204 2.681694 -0.385229 2.405168 20.974463 3.939044 7.948720 0.746794 2.647894 -1.528729 1.528750 -0.579469 1.575005 2.538719 1.998925 -1.154122 1.154074 0.000002 -0.000001 -0.000000 9.109302 -0.518011 2.259898 0.053724 -0.860145 7.146327 -0.000004 -0.000001 -0.000018 0.000001 0.000003 0.000006 0.000001 -0.000000 0.000002 9.533389 0.000010 -0.000003 0.053965 -0.862057 7.162303 -0.000006 0.001925 -0.015980 0.000002 -0.000000 -0.000009 -0.000001 -0.000001 0.000000 9.104487 -0.043003 -1.865102 0.053724 -0.860145 7.146327 -0.000002 -0.000003 -0.000236 0.000003 -0.000006 -0.000013 -0.000003 0.000001 -0.000000 8.077810 -0.486889 -3.806303 -0.468923 3.160356 7.667251 -0.018090 -4.054257 -0.511068 0.000002 0.000001 -0.000002 0.000002 0.000001 0.000000 -8.207803 -6.751729 -1.599542 -13.115443 -15.070751 -10.690491 31.583300 -9.524288 -2.814383 -13.779908 -18.083899 10.989892 -0.000073 0.000003 -0.000000 -0.000000 0.000000 0.000000 8.207800 -6.751702 -1.599545 -19.360982 0.484663 -0.962946 28.233010 -8.705964 10.762771 -9.530818 -9.985132 -10.483261 -0.000100 0.000003 -0.000003 -0.000000 0.000000 0.000000 
2.411461 98.492119 -3.586140 -5.148118 28.003330 3.270309 -0.000000 10.181547 0.131524 0.293465 2.078622 3.061477 0.564096 4.178190 4.974145 0.555197 4.182734 4.971622 -0.000000 16.740372 -2.049017 -0.460395 -5.830937 2.400897 -0.000001 9.617855 1.684972 -3.738511 -25.492752 -1.972942 0.000002 22.037384 7.501073 -0.000000 -0.000001 -0.000001 -4.570002 11.014903 -2.160836 1.416863 4.821702 -4.841538 -80.034272 18.065003 68.746619 -0.000058 65.545193 0.000088 47.634163 13.743898 -89.993698 -2.464803 -1.574005 2.681903 22.984556 4.856510 -26.906760 4.637196 -8.634138 -0.225378 -2.646267 -1.527784 1.527811 -1.273759 0.137312 -2.094880 -1.994601 -1.151598 1.151580 0.000001 -0.000001 -0.000002 -9.108292 -0.517886 2.259805 0.551435 2.718380 -22.930079 -0.000005 0.000002 0.000005 0.000012 0.000003 0.000005 -0.000000 -0.000001 0.000000 -9.532511 0.000002 0.000001 0.551435 2.718383 -22.930077 -0.000005 0.000002 0.000005 0.000012 0.000001 0.000005 0.000000 -0.000001 0.000000 -9.103590 -0.043107 -1.865100 0.551434 2.718378 -22.930079 -0.000003 0.000009 0.000069 0.000004 0.000005 -0.000002 0.000000 0.000003 0.000000 -8.076704 -0.486749 -3.806303 0.551422 2.718391 -22.930074 0.000002 0.000001 0.000010 0.000002 0.000007 -0.000003 -0.000000 -0.000000 0.000000 4.570398 11.014678 -2.160812 0.678391 -1.600165 0.687582 -68.299248 -32.969753 -40.533409 -0.000009 -55.696142 -0.000006 17.399953 -1.635361 90.017057 2.466100 -1.576222 2.681695 2.066587 3.341338 20.465707 3.939047 7.948724 0.746790 2.647907 -1.528785 1.528747 -0.579473 1.575005 2.538719 1.998914 -1.154069 1.154085 0.000000 0.000000 -0.000002 9.109304 -0.518028 2.259897 0.049364 -0.824559 6.849185 -0.000003 0.000001 -0.000018 0.000000 0.000003 -0.000002 0.000000 -0.000002 -0.000002 9.533405 -0.000006 -0.000005 0.049586 -0.826473 6.865173 -0.000002 0.001926 -0.015985 0.000000 0.000002 -0.000005 -0.000001 0.000002 -0.000002 9.104509 -0.043020 -1.865103 0.049364 -0.824561 6.849184 0.000000 -0.000002 -0.000235 0.000003 -0.000002 -0.000008 -0.000000 -0.000002 0.000005 8.077800 -0.486905 -3.806306 -0.452439 3.198598 7.370008 -0.018089 -4.054261 -0.511070 0.000000 -0.000000 0.000003 0.000000 -0.000001 0.000002 -8.207802 -6.751720 -1.599543 -10.365205 -15.267377 -9.649270 34.937582 -9.422566 -3.094928 -16.191501 -18.890539 11.459346 -0.000042 -0.000002 0.000005 -0.000000 -0.000002 0.000000 8.207799 -6.751701 -1.599545 -18.433306 -1.070995 0.110893 34.040037 -8.555224 10.392159 -12.979294 -9.361388 -10.041517 -0.003294 -0.000003 -0.000000 -0.000000 -0.000001 0.000000 
2.451856 97.185997 -2.696494 -8.959062 27.830038 3.611877 -0.000000 10.181545 0.131524 0.480664 2.073741 3.087002 0.888065 4.174957 5.624137 0.885677 4.176428 5.623404 -0.000000 16.740381 -2.049016 1.919082 -5.907677 2.443933 -0.000001 9.617877 1.684976 -0.921647 -25.981522 -2.457253 0.000001 22.037384 7.501073 0.000001 0.000000 -0.000001 -4.570002 11.014872 -2.160839 1.251089 3.447009 -2.557209 -72.135609 13.145825 70.769598 -0.000181 77.997694 0.000223 50.981772 15.672146 -89.992571 -2.464794 -1.573996 2.681904 22.389171 5.297642 -23.562320 4.637194 -8.634145 -0.225374 -2.646274 -1.527811 1.527818 -1.273766 0.137311 -2.094877 -1.994586 -1.151597 1.151580 0.000002 0.000002 0.000001 -9.108302 -0.517903 2.259800 0.396476 2.318573 -19.404591 -0.000006 0.000001 0.000005 0.000012 0.000003 0.000004 0.000000 0.000001 0.000000 -9.532499 -0.000011 -0.000005 0.396476 2.318573 -19.404591 -0.000005 0.000003 0.000004 0.000012 0.000003 0.000004 0.000000 -0.000000 0.000000 -9.103597 -0.043094 -1.865103 0.396475 2.318573 -19.404590 -0.000003 0.000010 0.000069 0.000004 0.000002 -0.000003 -0.000000 0.000000 -0.000000 -8.076688 -0.486731 -3.806304 0.396472 2.318578 -19.404585 0.000003 -0.000004 0.000009 0.000002 0.000006 -0.000004 0.000000 0.000003 0.000001 4.570400 11.014696 -2.160812 0.760183 -1.213957 -3.698365 -65.620865 -28.931332 -45.593606 -0.000024 -71.090726 -0.000010 26.833875 -1.244444 89.993521 2.466086 -1.576209 2.681702 4.127260 3.704581 18.964355 3.939042 7.948723 0.746791 2.647877 -1.528748 1.528737 -0.579472 1.575005 2.538719 1.998897 -1.154081 1.154069 0.000000 -0.000000 0.000005 9.109306 -0.518003 2.259897 0.039513 -0.738017 6.127317 -0.000002 -0.000003 -0.000019 0.000001 0.000003 -0.000003 0.000000 0.000000 -0.000006 9.533409 0.000014 0.000003 0.039726 -0.739940 6.143316 -0.000001 0.001924 -0.015986 0.000003 0.000001 -0.000009 -0.000001 -0.000000 -0.000007 9.104494 -0.042988 -1.865102 0.039513 -0.738017 6.127317 -0.000001 -0.000000 -0.000235 0.000005 -0.000003 -0.000013 0.000000 0.000001 -0.000000 8.077797 -0.486872 -3.806298 -0.411554 3.291123 6.647809 -0.018090 -4.054255 -0.511073 -0.000000 0.000002 -0.000003 -0.000001 0.000001 -0.000004 -8.207804 -6.751708 -1.599543 -7.580121 -15.544479 -8.523833 38.713895 -9.227589 -2.940748 -18.987461 -18.853098 11.669247 -0.000020 -0.000002 -0.000004 -0.000000 0.000002 0.000000 8.207800 -6.751705 -1.599544 -17.205677 -2.337974 1.698406 40.070309 -8.416993 10.171633 -16.718584 -8.529362 -9.685377 -0.043188 -0.000003 0.000000 0.000000 -0.000000 0.000000 
2.447445 95.754219 -1.857885 -12.146534 26.919889 3.670275 0.000000 10.181538 0.131522 0.700079 2.216194 2.792206 1.252309 4.304984 6.085722 1.259964 4.299595 6.087593 -0.000002 16.740362 -2.049024 3.462885 -5.922443 2.477241 -0.000006 9.617853 1.684978 1.266480 -26.007776 -3.090307 0.000002 22.037369 7.501071 -0.000000 0.000000 -0.000001 -4.570004 11.014874 -2.160844 1.116319 2.398667 -1.082977 -66.437708 8.717242 73.402452 -0.001179 87.410712 0.001184 55.811487 17.207410 -89.992681 -2.464798 -1.574006 2.681910 18.519348 3.959227 -18.148378 4.637198 -8.634148 -0.225377 -2.646265 -1.527783 1.527817 -1.273762 0.137316 -2.094875 -1.994609 -1.151570 1.151576 0.000001 0.000003 0.000001 -9.108294 -0.517896 2.259800 0.185866 1.600075 -13.250906 -0.000005 0.000004 0.000005 0.000012 0.000002 0.000004 0.000000 0.000001 0.000001 -9.532494 -0.000028 -0.000002 0.185866 1.600074 -13.250906 -0.000005 0.000002 0.000005 0.000012 0.000003 0.000004 -0.000000 0.000002 -0.000000 -9.103604 -0.043102 -1.865101 0.185866 1.600076 -13.250906 -0.000003 0.000010 0.000069 0.000004 0.000002 -0.000004 -0.000000 -0.000000 -0.000000 -8.076696 -0.486732 -3.806301 0.185863 1.600074 -13.250907 0.000001 -0.000003 0.000010 0.000001 0.000005 -0.000004 0.000000 -0.000001 0.000000 4.570401 11.014675 -2.160817 0.821581 -0.934100 -6.557814 -61.769649 -25.761751 -47.953693 -0.000145 -84.439539 -0.000142 33.879982 -4.691430 89.967204 2.466098 -1.576232 2.681698 6.818696 3.172750 19.638739 3.939045 7.948725 0.746790 2.647878 -1.528758 1.528756 -0.579470 1.575006 2.538716 1.998939 -1.154092 1.154079 0.000003 -0.000000 0.000007 9.109306 -0.518033 2.259902 0.044958 -0.787026 6.535964 -0.000001 -0.000003 -0.000014 -0.000000 0.000001 0.000000 0.000001 -0.000001 -0.000000 9.533406 0.000011 0.000005 0.045171 -0.788933 6.551943 0.000000 0.001926 -0.015980 0.000001 -0.000000 -0.000004 0.000001 0.000001 0.000001 9.104498 -0.043001 -1.865097 0.044957 -0.787026 6.535962 -0.000002 -0.000000 -0.000237 0.000006 -0.000002 -0.000010 0.000002 0.000002 0.000002 8.077804 -0.486887 -3.806296 -0.434839 3.238810 7.056650 -0.018090 -4.054256 -0.511069 0.000000 -0.000001 0.000000 0.000001 0.000001 0.000002 -8.207800 -6.751710 -1.599545 -5.673525 -16.182458 -8.156996 42.698163 -8.954095 -2.398537 -21.907306 -17.473372 11.696936 -0.000054 -0.000002 0.000005 -0.000000 0.000000 0.000000 8.207801 -6.751709 -1.599547 -16.060049 -3.064817 3.326891 45.497065 -8.252785 10.058581 -20.229641 -7.652291 -9.460866 -0.013884 -0.000001 -0.000001 0.000000 -0.000000 0.000000 
2.470042 94.585884 -1.117989 -13.915818 25.820209 3.494369 0.000000 10.181547 0.131522 0.832418 2.407890 2.356195 1.458115 4.478074 6.078014 1.474456 4.466118 6.082251 0.000000 16.740387 -2.049020 4.259981 -5.948298 2.741447 -0.000000 9.617853 1.684976 3.010419 -25.779898 -3.362735 0.000002 22.037384 7.501075 -0.000000 0.000000 0.000000 -4.570001 11.014889 -2.160840 1.031869 1.731497 -0.161283 -64.030401 5.388863 75.731935 0.000738 93.606827 -0.000715 59.761724 17.386028 -90.000522 -2.464788 -1.573987 2.681901 11.336534 2.269329 -11.618987 4.637196 -8.634138 -0.225372 -2.646273 -1.527840 1.527813 -1.273762 0.137312 -2.094878 -1.994590 -1.151581 1.151576 0.000003 -0.000003 -0.000000 -9.108312 -0.517894 2.259802 0.038315 0.730466 -6.005345 -0.000005 0.000003 0.000005 0.000013 0.000003 0.000004 0.000001 0.000002 -0.000000 -9.532495 -0.000023 -0.000001 0.038315 0.730464 -6.005346 -0.000005 0.000003 0.000005 0.000011 0.000003 0.000004 0.000001 -0.000000 -0.000000 -9.103603 -0.043096 -1.865104 0.038316 0.730466 -6.005344 -0.000002 0.000007 0.000069 0.000004 0.000004 -0.000003 0.000001 0.000004 -0.000000 -8.076698 -0.486728 -3.806298 0.038311 0.730474 -6.005329 0.000002 -0.000001 0.000009 0.000001 0.000006 -0.000003 0.000001 0.000001 -0.000001 4.570403 11.014696 -2.160814 0.840399 -0.863971 -7.335573 -59.514621 -23.745732 -48.257322 -0.000073 -94.414115 -0.000064 37.095331 -12.899465 89.987940 2.466110 -1.576241 2.681690 11.713339 1.052000 24.235535 3.939045 7.948719 0.746788 2.647890 -1.528775 1.528746 -0.579470 1.575005 2.538714 1.998913 -1.154086 1.154073 0.000001 0.000008 0.000005 9.109298 -0.518020 2.259899 0.086344 -1.089212 9.064239 0.000000 -0.000002 -0.000018 -0.000002 0.000003 -0.000000 -0.000001 0.000001 -0.000002 9.533404 -0.000015 -0.000007 0.086652 -1.091110 9.080236 -0.000001 0.001924 -0.015981 -0.000001 -0.000001 -0.000007 -0.000000 -0.000000 -0.000002 9.104513 -0.043017 -1.865110 0.086342 -1.089212 9.064239 -0.000000 0.000002 -0.000236 0.000005 -0.000002 -0.000012 -0.000002 0.000000 0.000001 8.077802 -0.486888 -3.806304 -0.570513 2.911556 9.585120 -0.018089 -4.054255 -0.511074 0.000002 -0.000000 -0.000002 -0.000003 -0.000000 -0.000003 -8.207800 -6.751721 -1.599545 -4.952102 -17.042557 -8.530519 45.824634 -8.762435 -1.876844 -24.212580 -15.493533 11.775933 -0.000134 0.000003 -0.000004 -0.000000 0.000000 0.000000 8.207802 -6.751709 -1.599546 -15.419775 -3.340358 4.491160 49.297481 -8.084506 10.009827 -22.862190 -6.913480 -9.365862 -0.000024 -0.000003 -0.000003 -0.000000 0.000000 0.000000 
2.580218 94.261795 -0.491634 -14.014098 24.973453 3.149095 0.000000 10.181540 0.131522 0.719218 2.533755 1.958405 1.211609 4.615969 5.683567 1.232366 4.602886 5.688818 0.000000 16.740379 -2.049020 4.622861 -5.997036 3.120215 -0.000005 9.617864 1.684972 4.856296 -25.573398 -3.041152 0.000001 22.037384 7.501073 -0.000000 0.000001 0.000000 -4.570000 11.014869 -2.160837 0.978617 1.335961 0.312369 -64.828481 4.350855 76.342131 0.000568 96.275314 -0.000539 60.029399 14.706215 -89.992278 -2.464798 -1.573995 2.681912 2.574850 0.092308 -6.852413 4.637196 -8.634143 -0.225374 -2.646277 -1.527815 1.527822 -1.273759 0.137309 -2.094879 -1.994572 -1.151595 1.151576 0.000004 -0.000007 0.000002 -9.108298 -0.517888 2.259804 0.000781 0.104653 -0.858766 -0.000005 0.000001 0.000006 0.000012 0.000003 0.000005 0.000001 0.000001 0.000002 -9.532497 -0.000008 -0.000000 0.000781 0.104652 -0.858766 -0.000005 0.000001 0.000005 0.000011 0.000003 0.000004 -0.000001 0.000002 0.000000 -9.103589 -0.043095 -1.865102 0.000781 0.104653 -0.858766 -0.000002 0.000007 0.000069 0.000003 0.000009 -0.000002 -0.000001 0.000004 0.000000 -8.076686 -0.486714 -3.806299 0.000780 0.104653 -0.858764 0.000001 -0.000003 0.000010 0.000001 0.000003 -0.000005 0.000001 -0.000002 0.000001 4.570404 11.014700 -2.160812 0.819056 -0.953258 -6.422660 -59.802015 -22.808211 -47.377286 0.000085 -99.771039 0.000093 36.186848 -20.454900 90.012474 2.466104 -1.576215 2.681702 16.034048 -1.936949 29.579948 3.939044 7.948721 0.746794 2.647882 -1.528764 1.528751 -0.579476 1.575003 2.538720 1.998909 -1.154083 1.154075 0.000002 -0.000002 -0.000000 9.109304 -0.518028 2.259897 0.152555 -1.444146 12.058078 0.000003 -0.000002 -0.000018 -0.000000 0.000001 -0.000000 -0.000002 -0.000002 0.000000 9.533396 -0.000009 0.000013 0.152960 -1.446054 12.074077 0.000004 0.001926 -0.015981 0.000000 -0.000000 -0.000004 0.000004 0.000002 0.000001 9.104506 -0.043009 -1.865094 0.152555 -1.444146 12.058078 0.000000 0.000001 -0.000234 0.000005 -0.000000 -0.000011 -0.000004 -0.000000 0.000002 8.077803 -0.486899 -3.806296 -0.712200 2.516874 12.576622 -0.018093 -4.054255 -0.511069 -0.000002 -0.000000 0.000000 -0.000002 -0.000000 0.000002 -8.207800 -6.751723 -1.599543 -4.831314 -17.476808 -8.827066 46.546749 -8.736935 -1.638896 -25.012120 -14.192477 11.876789 -0.000137 0.000005 0.000003 -0.000000 -0.000002 -0.000000 8.207799 -6.751705 -1.599545 -15.122336 -3.188136 5.035011 50.280414 -8.004195 9.998761 -23.915048 -6.467614 -9.373675 -0.000084 -0.000002 0.000000 -0.000000 -0.000000 0.000000 
2.820702 95.030823 -0.042561 -12.711481 24.457125 2.651911 -0.000001 10.181551 0.131524 0.355119 2.525531 1.767011 0.508881 4.654806 5.123780 0.528188 4.646567 5.128255 0.000004 16.740376 -2.049020 4.599815 -5.995668 3.374600 -0.000003 9.617852 1.684974 6.711988 -25.277796 -2.182510 -0.000000 22.037384 7.501070 0.000001 0.000000 0.000001 -4.569998 11.014888 -2.160839 0.929146 1.078714 0.342707 -68.126902 5.678988 74.781412 0.000439 95.309566 -0.000427 56.832467 11.836352 -88.869873 -2.464796 -1.573984 2.681911 -1.727614 -3.416210 -6.552168 4.637199 -8.634146 -0.225376 -2.646269 -1.527829 1.527815 -1.273765 0.137312 -2.094879 -1.994594 -1.151580 1.151572 0.000000 0.000000 0.000001 -9.108293 -0.517869 2.259801 -0.000003 -0.000576 0.004774 -0.000006 0.000002 0.000006 0.000011 0.000001 0.000005 0.000000 0.000001 0.000002 -9.532500 -0.000007 -0.000002 -0.000003 -0.000578 0.004774 -0.000005 0.000002 0.000005 0.000011 0.000003 0.000004 -0.000000 0.000004 0.000002 -9.103599 -0.043077 -1.865102 -0.000003 -0.000577 0.004774 -0.000003 0.000010 0.000071 0.000003 0.000008 -0.000001 0.000001 0.000001 -0.000001 -8.076694 -0.486736 -3.806302 -0.000009 -0.000585 0.004765 0.000001 -0.000002 0.000011 0.000001 0.000007 -0.000004 -0.000000 0.000000 -0.000000 4.570405 11.014693 -2.160814 0.768150 -1.050883 -4.519740 -61.481811 -22.549981 -45.679595 -0.000028 -99.962482 -0.000005 33.555114 -21.276157 89.992592 2.466102 -1.576208 2.681703 15.019907 -2.634356 30.101433 3.939044 7.948723 0.746791 2.647881 -1.528745 1.528744 -0.579466 1.575005 2.538718 1.998909 -1.154064 1.154076 0.000006 -0.000003 -0.000000 9.109298 -0.518005 2.259908 0.158517 -1.471783 12.292313 -0.000001 -0.000001 -0.000018 -0.000002 0.000002 -0.000001 -0.000002 0.000001 -0.000001 9.533400 0.000007 0.000004 0.158923 -1.473664 12.308318 -0.000001 0.001926 -0.015981 -0.000004 -0.000000 -0.000004 -0.000004 0.000001 -0.000002 9.104489 -0.043000 -1.865080 0.158517 -1.471783 12.292313 -0.000002 0.000001 -0.000235 0.000005 -0.000001 -0.000009 -0.000000 0.000001 0.000001 8.077803 -0.486899 -3.806299 -0.722404 2.485699 12.810546 -0.018091 -4.054255 -0.511071 -0.000003 0.000001 -0.000000 -0.000005 0.000001 -0.000000 -8.207802 -6.751723 -1.599545 -4.630925 -17.059333 -8.376524 44.123568 -8.858029 -1.787998 -23.894623 -14.150346 11.891932 -0.000035 0.000003 -0.000005 -0.000000 0.000000 0.000000 8.207800 -6.751715 -1.599547 -14.809030 -2.550195 5.093039 48.020871 -8.073565 10.019777 -23.106702 -6.374846 -9.443776 -0.000079 0.000006 -0.000001 -0.000000 0.000000 0.000000 
3.125925 96.597733 0.131313 -10.260308 24.154752 2.137598 0.000000 10.181551 0.131524 -0.070733 2.409731 1.719264 -0.288819 4.582417 4.452094 -0.275394 4.579753 4.454835 0.000002 16.740391 -2.049021 3.729842 -5.884607 3.374661 0.000002 9.617857 1.684976 7.417225 -24.676743 -0.982654 0.000005 22.037384 7.501074 -0.000001 -0.000000 -0.000000 -4.570000 11.014890 -2.160841 0.868445 0.929340 -0.224624 -73.416296 8.095090 71.664715 0.004216 90.447578 -0.004040 50.797305 10.903238 -86.517255 -2.464804 -1.574013 2.681903 -1.849253 -3.581790 -6.586139 4.637202 -8.634139 -0.225373 -2.646280 -1.527827 1.527814 -1.273760 0.137311 -2.094881 -1.994601 -1.151598 1.151579 0.000001 -0.000002 0.000001 -9.108307 -0.517899 2.259801 -0.000000 0.000001 0.000000 -0.000005 0.000002 0.000006 0.000012 0.000002 0.000004 -0.000000 -0.000003 -0.000001 -9.532509 -0.000015 -0.000003 -0.000000 -0.000001 0.000000 -0.000004 0.000003 0.000006 0.000012 0.000002 0.000005 0.000000 0.000005 0.000001 -9.103607 -0.043138 -1.865103 -0.000000 0.000000 0.000000 -0.000002 0.000009 0.000069 0.000003 0.000006 -0.000003 -0.000000 -0.000000 -0.000000 -8.076702 -0.486759 -3.806300 -0.000004 0.000003 0.000001 0.000001 -0.000000 0.000010 0.000002 0.000003 -0.000004 -0.000000 0.000000 -0.000001 4.570399 11.014669 -2.160819 0.688608 -1.056649 -2.003310 -63.289919 -22.396679 -42.946464 0.000118 -96.591811 0.000117 31.267459 -15.987986 89.984846 2.466105 -1.576231 2.681687 8.585923 -0.229069 22.947252 3.939049 7.948722 0.746790 2.647886 -1.528764 1.528731 -0.579472 1.575008 2.538715 1.998920 -1.154089 1.154092 -0.000002 0.000003 0.000005 9.109297 -0.518007 2.259893 0.074817 -1.014321 8.436262 0.000000 0.000001 -0.000018 -0.000000 0.000000 -0.000001 0.000000 -0.000001 0.000000 9.533397 -0.000014 -0.000011 0.075106 -1.016230 8.452253 -0.000001 0.001926 -0.015981 -0.000003 -0.000001 -0.000005 -0.000002 -0.000001 -0.000002 9.104495 -0.043020 -1.865114 0.074819 -1.014322 8.436262 0.000001 0.000000 -0.000236 0.000005 -0.000002 -0.000011 0.000001 0.000001 -0.000000 8.077803 -0.486909 -3.806307 -0.538167 2.993395 8.957271 -0.018096 -4.054256 -0.511073 -0.000001 0.000001 -0.000000 -0.000002 0.000000 0.000000 -8.207802 -6.751701 -1.599544 -4.519547 -15.906437 -7.458455 39.131028 -9.070620 -2.389331 -21.131852 -15.125968 11.846986 -0.000039 0.000002 0.000001 -0.000000 0.000002 -0.000000 8.207800 -6.751691 -1.599544 -14.523986 -1.481140 4.599077 42.992841 -8.262349 10.086223 -20.625624 -6.579739 -9.601633 -0.017432 0.000003 -0.000000 -0.000000 -0.000000 0.000000 
3.361637 98.363007 -0.041887 -6.712957 23.932233 1.674218 -0.000000 10.181551 0.131523 -0.373224 2.261471 1.680076 -0.832948 4.436094 3.648883 -0.827254 4.436003 3.649879 -0.000002 16.740366 -2.049021 1.487582 -5.678356 3.077193 0.000001 9.617831 1.684972 5.946512 -23.834555 0.268556 0.000003 22.037369 7.501072 0.000000 0.000001 -0.000001 -4.570001 11.014891 -2.160839 0.795482 0.942343 -1.597231 -80.301195 11.246569 67.328501 -0.000277 81.144826 0.000330 51.041847 10.644239 -85.785933 -2.464810 -1.574018 2.681904 -1.864693 -3.585427 -6.575051 4.637201 -8.634144 -0.225379 -2.646270 -1.527787 1.527811 -1.273759 0.137312 -2.094882 -1.994605 -1.151613 1.151578 0.000001 -0.000001 -0.000000 -9.108304 -0.517912 2.259798 -0.000003 -0.001404 0.011396 -0.000007 0.000002 0.000005 0.000010 0.000002 0.000006 -0.000001 0.000002 0.000003 -9.532500 -0.000023 -0.000005 -0.000003 -0.001403 0.011396 -0.000008 0.000002 0.000004 0.000010 0.000002 0.000006 -0.000001 0.000001 0.000003 -9.103598 -0.043119 -1.865106 -0.000003 -0.001404 0.011396 -0.000003 0.000009 0.000069 0.000001 0.000006 -0.000001 0.000001 0.000004 -0.000000 -8.076702 -0.486768 -3.806306 -0.000008 -0.001399 0.011397 0.000000 0.000002 0.000011 0.000001 0.000005 -0.000005 -0.000002 0.000001 -0.000000 4.570400 11.014715 -2.160815 0.562191 -0.865992 1.083218 -65.482922 -22.160472 -38.575027 -0.000070 -91.524269 -0.000009 29.349360 -9.414247 90.022822 2.466098 -1.576172 2.681690 1.603145 2.569817 12.093752 3.939047 7.948724 0.746791 2.647875 -1.528734 1.528757 -0.579474 1.575003 2.538717 1.998935 -1.154092 1.154080 0.000002 0.000002 0.000005 9.109301 -0.518000 2.259902 0.009013 -0.352677 2.923775 -0.000003 -0.000001 -0.000019 0.000000 0.000001 -0.000000 0.000001 0.000001 0.000000 9.533400 0.000019 -0.000003 0.009100 -0.354600 2.939763 -0.000003 0.001926 -0.015982 0.000000 -0.000001 -0.000006 -0.000003 0.000000 -0.000002 9.104497 -0.042986 -1.865108 0.009013 -0.352677 2.923775 -0.000001 0.000002 -0.000234 0.000006 -0.000001 -0.000011 0.000004 0.000001 0.000000 8.077803 -0.486877 -3.806306 -0.216112 3.695350 3.440790 -0.018093 -4.054257 -0.511073 -0.000000 -0.000002 -0.000001 -0.000001 -0.000001 -0.000000 -8.207799 -6.751704 -1.599543 -5.330911 -14.469226 -6.792109 33.085969 -9.349582 -3.340721 -17.491532 -16.448463 11.832212 -0.000212 -0.000005 -0.000001 -0.000000 -0.000002 -0.000000 8.207799 -6.751705 -1.599545 -14.723426 -0.285702 3.431227 36.284246 -8.484510 10.232569 -17.014399 -6.931904 -9.911719 -0.393190 0.000003 -0.000002 -0.000000 -0.000000 0.000000 
3.451918 99.813332 -0.562763 -2.373694 23.661717 1.183824 -0.000001 10.181540 0.131524 -0.504982 2.140792 1.629382 -1.038193 4.254719 2.790452 -1.040435 4.254536 2.789882 0.000001 16.740389 -2.049019 -1.994073 -5.399841 2.473645 0.000003 9.617870 1.684978 2.508880 -22.942143 1.200897 0.000004 22.037369 7.501074 -0.000000 0.000000 -0.000001 -4.570002 11.014874 -2.160841 0.742573 1.303257 -3.870697 -87.311442 16.529053 60.886710 -0.000042 67.490240 0.000087 53.733931 8.218300 -88.794529 -2.464793 -1.574015 2.681916 -0.908897 -3.351736 -7.270356 4.637200 -8.634143 -0.225375 -2.646274 -1.527786 1.527821 -1.273758 0.137312 -2.094874 -1.994605 -1.151601 1.151579 0.000001 -0.000003 -0.000000 -9.108306 -0.517898 2.259810 0.000533 0.086216 -0.707405 -0.000006 0.000002 0.000007 0.000010 -0.000003 0.000004 0.000001 -0.000001 0.000002 -9.532506 -0.000007 0.000003 0.000533 0.086216 -0.707405 -0.000006 0.000002 0.000007 0.000012 -0.000003 0.000004 -0.000001 -0.000002 -0.000000 -9.103611 -0.043126 -1.865094 0.000532 0.086216 -0.707404 -0.000002 0.000009 0.000070 0.000003 0.000007 -0.000001 0.000001 0.000001 0.000000 -8.076702 -0.486735 -3.806291 0.000527 0.086216 -0.707409 0.000002 0.000000 0.000011 0.000001 0.000005 -0.000004 0.000001 -0.000001 -0.000000 4.570401 11.014696 -2.160816 0.370868 -0.449946 4.707300 -68.156730 -22.942684 -32.514808 -0.000034 -83.898506 -0.000041 26.782606 -5.615237 88.523589 2.466085 -1.576238 2.681692 -1.445186 3.665381 6.338197 3.939048 7.948720 0.746785 2.647860 -1.528733 1.528759 -0.579470 1.575005 2.538711 1.998910 -1.154077 1.154074 0.000001 0.000005 -0.000000 9.109292 -0.518050 2.259896 0.000014 -0.011453 0.094894 -0.000002 -0.000000 -0.000018 0.000002 0.000003 -0.000000 0.000005 0.000003 -0.000001 9.533391 -0.000015 -0.000011 0.000014 -0.013388 0.110869 -0.000003 0.001927 -0.015983 0.000002 0.000001 -0.000001 -0.000005 -0.000001 0.000003 9.104493 -0.043006 -1.865106 0.000012 -0.011454 0.094894 -0.000002 0.000006 -0.000238 0.000003 -0.000002 -0.000012 0.000000 0.000003 0.000001 8.077792 -0.486926 -3.806313 -0.024809 4.042762 0.606186 -0.018091 -4.054256 -0.511070 -0.000001 -0.000001 -0.000001 -0.000001 -0.000001 -0.000003 -8.207803 -6.751716 -1.599543 -7.563347 -13.235696 -6.786824 27.665575 -9.672653 -4.268342 -13.923722 -17.356236 11.826123 -0.000609 -0.000002 -0.000001 -0.000000 -0.000002 -0.000000 8.207799 -6.751709 -1.599543 -15.666135 0.711400 1.793395 29.186863 -8.630106 10.507946 -12.976518 -7.224722 -10.390040 -1.196268 0.000001 0.000002 0.000000 -0.000000 0.000000 
3.402570 100.773186 -1.325581 1.860445 23.252105 0.736234 0.000000 10.181556 0.131524 -0.485197 2.065988 1.497181 -0.952002 4.058168 2.016026 -0.959434 4.057483 2.014114 0.000001 16.740379 -2.049021 -5.615063 -5.014802 1.639704 -0.000003 9.617849 1.684974 -1.816464 -21.997690 1.603626 -0.000003 22.037354 7.501072 -0.000000 -0.000000 -0.000000 -4.570002 11.014866 -2.160841 0.767085 2.243807 -6.955749 -90.738858 24.970719 50.446295 -0.000029 50.468360 0.000067 49.214908 7.264121 -90.024878 -2.464797 -1.574007 2.681906 4.471524 -2.041559 -12.289141 4.637202 -8.634141 -0.225375 -2.646265 -1.527828 1.527811 -1.273760 0.137311 -2.094878 -1.994598 -1.151597 1.151586 -0.000003 -0.000000 -0.000000 -9.108307 -0.517893 2.259800 0.036643 0.714387 -5.872533 -0.000007 0.000002 0.000006 0.000009 -0.000001 0.000007 -0.000000 -0.000002 0.000003 -9.532496 -0.000014 -0.000003 0.036643 0.714389 -5.872533 -0.000006 0.000001 0.000005 0.000011 -0.000001 0.000005 -0.000001 -0.000003 0.000001 -9.103602 -0.043126 -1.865104 0.036643 0.714388 -5.872533 -0.000003 0.000011 0.000071 0.000004 0.000000 -0.000002 -0.000001 -0.000001 -0.000002 -8.076705 -0.486745 -3.806302 0.036641 0.714381 -5.872531 0.000003 0.000001 0.000010 -0.000001 0.000004 -0.000002 0.000000 -0.000000 -0.000000 4.570399 11.014698 -2.160816 0.152429 -0.045342 8.535219 -69.290719 -25.567104 -25.648615 -0.000001 -72.493135 -0.000006 22.230936 -3.824460 85.306597 2.466090 -1.576197 2.681710 -1.539946 3.690274 6.142351 3.939048 7.948728 0.746790 2.647871 -1.528731 1.528761 -0.579470 1.575003 2.538718 1.998921 -1.154108 1.154082 -0.000002 -0.000003 0.000001 9.109283 -0.518009 2.259904 0.000000 -0.000001 -0.000003 -0.000003 -0.000003 -0.000020 0.000000 0.000003 -0.000003 0.000002 -0.000001 -0.000004 9.533381 -0.000005 0.000005 0.000008 -0.001929 0.015982 -0.000003 0.001928 -0.015981 0.000001 0.000001 -0.000004 0.000002 -0.000001 -0.000000 9.104492 -0.043000 -1.865089 0.000000 -0.000001 -0.000003 -0.000002 -0.000002 -0.000237 0.000006 -0.000004 -0.000010 0.000002 0.000001 -0.000000 8.077793 -0.486899 -3.806298 -0.018088 4.054254 0.511077 -0.018089 -4.054256 -0.511074 -0.000001 0.000003 -0.000001 -0.000000 0.000004 -0.000001 -8.207798 -6.751695 -1.599543 -10.668711 -12.507557 -7.525479 23.866223 -9.927744 -4.605524 -11.204734 -17.277491 11.635165 0.000018 0.000002 -0.000001 -0.000000 0.000000 0.000000 8.207800 -6.751681 -1.599544 -16.977953 1.401709 0.373253 22.787871 -8.792280 10.382894 -9.141562 -7.375412 -10.682138 -2.124093 0.000000 0.000000 -0.000000 0.000000 0.000000 
3.298374 101.283966 -2.141404 4.858131 22.670902 0.408554 0.000000 10.181535 0.131522 -0.306435 2.004862 1.352624 -0.562430 3.866700 1.497918 -0.572065 3.866545 1.494990 -0.000000 16.740391 -2.049023 -7.849834 -4.517091 0.846094 -0.000001 9.617831 1.684979 -6.035118 -20.774819 1.607712 -0.000001 22.037369 7.501066 -0.000001 -0.000000 -0.000000 -4.569998 11.014869 -2.160841 0.873464 3.594612 -10.338431 -86.295547 33.438277 35.032638 -0.000012 34.506628 0.000023 36.889804 5.645933 -90.077402 -2.464776 -1.573997 2.681905 3.203213 -2.132765 -13.166113 4.637199 -8.634146 -0.225370 -2.646261 -1.527768 1.527807 -1.273762 0.137309 -2.094870 -1.994591 -1.151594 1.151578 0.000000 -0.000003 0.000003 -9.108288 -0.517868 2.259800 0.047813 0.815719 -6.709305 -0.000004 0.000003 0.000004 0.000012 0.000003 0.000005 -0.000001 0.000000 -0.000000 -9.532491 0.000016 -0.000003 0.047812 0.815719 -6.709305 -0.000004 0.000005 0.000005 0.000012 0.000002 0.000004 0.000001 0.000004 -0.000002 -9.103587 -0.043091 -1.865104 0.047813 0.815719 -6.709304 -0.000002 0.000008 0.000066 0.000003 0.000005 -0.000003 -0.000000 0.000002 -0.000001 -8.076687 -0.486732 -3.806300 0.047813 0.815724 -6.709302 0.000003 -0.000002 0.000010 0.000001 0.000008 -0.000005 0.000000 0.000003 -0.000001 4.570398 11.014701 -2.160816 -0.002500 0.055310 11.883171 -67.770783 -29.713973 -19.671607 -0.000001 -58.455320 -0.000003 15.369997 -3.571573 81.666058 2.466099 -1.576183 2.681700 -1.539949 3.690271 6.142363 3.939045 7.948726 0.746787 2.647881 -1.528760 1.528741 -0.579472 1.575006 2.538721 1.998913 -1.154105 1.154081 0.000002 0.000007 0.000001 9.109304 -0.517999 2.259899 -0.000000 -0.000002 0.000004 -0.000003 -0.000002 -0.000020 0.000001 0.000006 -0.000003 0.000001 0.000002 -0.000003 9.533400 0.000013 -0.000002 0.000003 -0.001933 0.015978 -0.000003 0.001930 -0.015981 0.000004 -0.000001 -0.000004 0.000002 0.000001 0.000001 9.104498 -0.042981 -1.865100 -0.000000 -0.000002 0.000004 -0.000002 0.000002 -0.000238 0.000005 -0.000000 -0.000011 0.000002 0.000001 -0.000003 8.077807 -0.486883 -3.806307 -0.018092 4.054255 0.511071 -0.018089 -4.054253 -0.511071 0.000003 -0.000001 0.000001 0.000002 -0.000002 -0.000000 -8.207800 -6.751715 -1.599545 -13.367790 -12.335961 -8.515015 21.771628 -9.993283 -4.382123 -9.614609 -16.103257 11.306962 -0.208338 -0.000005 0.000003 -0.000000 -0.000000 -0.000000 8.207800 -6.751708 -1.599546 -18.010779 1.928564 -0.453062 18.196497 -8.931195 10.052573 -6.225193 -7.260328 -10.758979 -2.709284 -0.000002 -0.000001 -0.000000 -0.000001 -0.000000 
3.157358 101.430229 -2.798158 5.945062 21.877371 0.249930 -0.000001 10.181564 0.131524 0.063383 1.913067 1.141666 0.176757 3.679440 1.259983 0.168223 3.680833 1.257139 -0.000002 16.740366 -2.049018 -7.775631 -4.035058 0.588472 0.000004 9.617831 1.684975 -9.336817 -19.076435 1.636020 0.000001 22.037369 7.501076 0.000001 -0.000000 0.000000 -4.570002 11.014873 -2.160840 1.010003 4.871270 -13.101503 -77.481475 35.513514 20.723748 -0.000011 27.100213 0.000026 24.434624 7.627353 -85.661323 -2.464775 -1.574013 2.681910 -1.420345 -3.403311 -7.400678 4.637195 -8.634145 -0.225381 -2.646276 -1.527835 1.527812 -1.273759 0.137316 -2.094876 -1.994605 -1.151616 1.151581 0.000002 -0.000001 -0.000000 -9.108273 -0.517862 2.259805 0.000729 0.100689 -0.826194 -0.000004 0.000004 0.000006 0.000014 0.000002 0.000006 -0.000000 0.000000 0.000004 -9.532465 0.000002 0.000001 0.000730 0.100689 -0.826194 -0.000005 0.000004 0.000006 0.000014 0.000002 0.000006 0.000001 0.000002 0.000002 -9.103564 -0.043115 -1.865101 0.000730 0.100690 -0.826194 -0.000001 0.000011 0.000072 0.000002 0.000003 -0.000002 -0.000001 0.000002 0.000001 -8.076673 -0.486748 -3.806299 0.000727 0.100688 -0.826195 0.000004 -0.000002 0.000010 0.000003 0.000005 -0.000004 -0.000000 0.000003 0.000003 4.570399 11.014691 -2.160814 -0.067361 -0.077175 14.222463 -65.309606 -34.059022 -16.321543 -0.000004 -46.097732 0.000002 8.653436 -6.142933 77.632203 2.466084 -1.576197 2.681703 -1.539948 3.690273 6.142363 3.939045 7.948726 0.746791 2.647873 -1.528776 1.528745 -0.579474 1.575006 2.538717 1.998928 -1.154088 1.154072 -0.000001 0.000003 0.000001 9.109308 -0.518007 2.259905 0.000000 0.000001 0.000002 -0.000003 -0.000003 -0.000016 0.000001 0.000001 0.000003 0.000002 0.000000 -0.000000 9.533401 0.000007 0.000004 -0.000001 -0.001938 0.015987 0.000001 0.001926 -0.015979 0.000003 0.000001 -0.000003 -0.000001 0.000001 0.000002 9.104509 -0.043002 -1.865095 0.000000 0.000001 0.000002 0.000001 0.000003 -0.000233 0.000003 -0.000003 -0.000011 -0.000001 -0.000004 0.000000 8.077800 -0.486888 -3.806298 -0.018091 4.054254 0.511084 -0.018092 -4.054254 -0.511071 -0.000001 0.000001 0.000001 -0.000001 -0.000002 0.000001 -8.207801 -6.751698 -1.599545 -14.777635 -12.447691 -9.158296 21.250460 -10.066078 -3.979399 -9.122722 -14.203740 11.041848 -1.200925 -0.000009 0.000001 0.000000 -0.000002 0.000000 8.207798 -6.751698 -1.599544 -18.667978 2.358472 -0.438156 16.730461 -8.987885 9.558810 -4.994716 -6.700437 -10.543160 -2.658396 0.000007 0.000003 0.000000 -0.000000 0.000000 
2.966766 101.217957 -3.132214 5.225438 20.887094 0.156987 0.000001 10.181566 0.131527 0.557809 1.750941 0.760980 1.131355 3.424960 1.131432 1.127175 3.426647 1.129934 -0.000001 16.740387 -2.049022 -5.448774 -3.687545 1.262143 0.000002 9.617862 1.684978 -10.921640 -16.995790 2.189633 -0.000005 22.037354 7.501068 -0.000001 0.000000 0.000001 -4.570000 11.014901 -2.160842 1.150508 5.758687 -14.240844 -73.902674 30.390684 17.489468 -0.000010 30.709798 0.000046 16.831972 14.708742 -71.389807 -2.464783 -1.573992 2.681909 -1.855184 -3.584732 -6.573435 4.637197 -8.634142 -0.225374 -2.646258 -1.527816 1.527813 -1.273761 0.137312 -2.094878 -1.994609 -1.151568 1.151577 0.000001 -0.000006 0.000001 -9.108288 -0.517876 2.259803 -0.000000 -0.001572 0.012896 -0.000005 0.000001 0.000003 0.000011 0.000000 0.000003 -0.000001 0.000000 -0.000000 -9.532491 0.000005 -0.000003 0.000000 -0.001572 0.012896 -0.000005 0.000001 0.000004 0.000011 -0.000000 0.000003 0.000000 -0.000000 0.000001 -9.103574 -0.043111 -1.865102 0.000001 -0.001573 0.012896 -0.000000 0.000010 0.000067 0.000004 0.000003 -0.000004 0.000000 0.000001 0.000001 -8.076691 -0.486725 -3.806299 -0.000004 -0.001570 0.012898 0.000002 -0.000001 0.000016 0.000000 0.000004 -0.000002 -0.000001 -0.000000 0.000005 4.570399 11.014711 -2.160818 -0.092515 -0.171692 15.411977 -64.587382 -36.177791 -16.943177 -0.000007 -41.973497 -0.000004 6.172322 -8.686101 77.003252 2.466114 -1.576227 2.681689 -1.539944 3.690265 6.142358 3.939046 7.948724 0.746787 2.647886 -1.528745 1.528757 -0.579471 1.575008 2.538716 1.998924 -1.154098 1.154064 -0.000004 0.000002 0.000003 9.109328 -0.518022 2.259897 0.000003 -0.000005 0.000003 -0.000003 -0.000000 -0.000016 0.000002 0.000002 0.000001 0.000001 0.000004 -0.000001 9.533412 -0.000015 -0.000002 0.000002 -0.001939 0.015995 -0.000002 0.001924 -0.015977 0.000001 0.000001 -0.000001 -0.000002 0.000002 0.000001 9.104500 -0.043016 -1.865104 0.000003 -0.000005 0.000003 -0.000002 0.000003 -0.000234 0.000002 -0.000003 -0.000009 -0.000002 -0.000000 -0.000000 8.077821 -0.486908 -3.806304 -0.018082 4.054242 0.511067 -0.018088 -4.054258 -0.511071 -0.000001 -0.000003 0.000002 -0.000002 -0.000001 -0.000000 -8.207802 -6.751708 -1.599545 -15.009006 -12.539830 -9.175050 22.520894 -10.118718 -3.576751 -9.727234 -12.647131 10.859010 -2.407618 -0.000009 -0.000000 0.000000 -0.000000 0.000000 8.207800 -6.751697 -1.599542 -19.082930 2.643635 0.030678 18.785944 -8.913575 9.802158 -5.785884 -5.589834 -10.501295 -2.110674 0.000005 0.000000 0.000000 -0.000000 0.000000 
2.748776 100.606674 -3.072226 3.285750 19.822510 -0.028452 -0.000000 10.181561 0.131525 1.022538 1.533702 0.148639 2.011651 3.056638 0.915066 2.014208 3.054527 0.915460 -0.000000 16.740366 -2.049022 -1.656106 -3.406493 2.689226 -0.000001 9.617851 1.684979 -10.337776 -14.827024 3.373961 0.000001 22.037369 7.501072 -0.000000 -0.000000 0.000000 -4.569998 11.014862 -2.160838 1.238076 5.887212 -13.031820 -75.291518 20.880959 23.603370 0.000002 42.615565 0.000039 21.532291 18.722699 -69.035160 -2.464779 -1.573975 2.681917 -1.849255 -3.581788 -6.586149 4.637199 -8.634145 -0.225377 -2.646263 -1.527803 1.527803 -1.273763 0.137314 -2.094875 -1.994599 -1.151599 1.151575 0.000003 -0.000002 0.000007 -9.108278 -0.517885 2.259805 -0.000005 -0.000000 0.000001 -0.000008 0.000001 0.000007 0.000011 0.000000 0.000004 -0.000003 -0.000001 0.000000 -9.532480 -0.000003 0.000002 -0.000005 0.000000 0.000001 -0.000005 0.000001 0.000007 0.000011 0.000000 0.000004 0.000000 0.000001 -0.000002 -9.103579 -0.043093 -1.865101 -0.000005 -0.000000 0.000001 -0.000005 0.000009 0.000072 0.000004 0.000005 -0.000005 -0.000000 0.000001 -0.000002 -8.076679 -0.486714 -3.806296 -0.000009 -0.000001 0.000001 0.000001 -0.000003 0.000013 0.000001 0.000004 -0.000004 -0.000004 -0.000001 -0.000000 4.570399 11.014674 -2.160816 -0.084031 -0.181089 15.251777 -66.412620 -35.747253 -21.936087 0.000002 -47.609581 0.000002 10.141882 -8.793766 80.532568 2.466090 -1.576233 2.681693 -1.539944 3.690268 6.142359 3.939046 7.948722 0.746792 2.647891 -1.528745 1.528754 -0.579468 1.575001 2.538716 1.998913 -1.154079 1.154069 0.000004 0.000007 0.000001 9.109299 -0.518038 2.259894 0.000003 -0.000000 0.000000 -0.000001 -0.000002 -0.000016 0.000001 0.000001 -0.000000 -0.000001 0.000001 0.000001 9.533400 -0.000025 -0.000009 -0.000015 -0.001933 0.015990 -0.000002 0.001925 -0.015980 0.000004 0.000000 -0.000003 -0.000001 0.000001 -0.000002 9.104500 -0.043017 -1.865105 0.000003 -0.000000 0.000000 -0.000000 0.000002 -0.000235 0.000003 -0.000004 -0.000008 0.000000 0.000004 0.000003 8.077800 -0.486913 -3.806306 -0.018085 4.054246 0.511075 -0.018090 -4.054256 -0.511070 0.000000 0.000000 0.000001 -0.000000 0.000002 -0.000001 -8.207799 -6.751690 -1.599543 -14.561321 -12.537523 -8.690235 25.574346 -10.311141 -3.149379 -11.396691 -11.646127 10.790417 -3.502239 -0.000014 0.000001 -0.000000 -0.000000 -0.000000 8.207800 -6.751689 -1.599542 -19.359739 2.557083 0.858129 23.569670 -8.731339 10.638670 -8.260782 -4.088086 -10.655311 -1.459195 -0.000007 0.000001 -0.000000 -0.000000 0.000000 
2.598733 99.536118 -2.644660 0.608638 18.725090 -0.460432 -0.000000 10.181540 0.131522 1.370103 1.363311 -0.482328 2.668730 2.688392 0.613817 2.677168 2.679340 0.615645 0.000001 16.740353 -2.049021 2.493295 -3.084799 4.199776 0.000002 9.617843 1.684977 -7.973328 -12.845607 4.686087 0.000002 22.037384 7.501076 0.000001 -0.000002 -0.000001 -4.570001 11.014858 -2.160840 1.165388 4.789938 -9.600198 -75.438032 10.305357 31.482521 0.000003 58.128701 0.000050 38.662972 13.631511 -84.644868 -2.464783 -1.573986 2.681912 -1.252216 -3.325452 -7.126702 4.637202 -8.634139 -0.225377 -2.646252 -1.527799 1.527814 -1.273763 0.137311 -2.094873 -1.994594 -1.151588 1.151596 0.000005 -0.000005 0.000001 -9.108306 -0.517872 2.259800 0.000344 0.069938 -0.573948 -0.000006 0.000001 0.000004 0.000014 0.000002 0.000002 0.000001 -0.000000 0.000001 -9.532505 0.000005 -0.000002 0.000342 0.069938 -0.573948 -0.000005 0.000001 0.000007 0.000012 0.000002 0.000002 0.000000 -0.000000 0.000005 -9.103595 -0.043087 -1.865102 0.000345 0.069938 -0.573948 -0.000001 0.000005 0.000068 0.000005 0.000004 -0.000000 0.000001 -0.000002 0.000002 -8.076684 -0.486737 -3.806299 0.000346 0.069936 -0.573948 0.000003 -0.000002 0.000011 0.000000 0.000005 -0.000004 -0.000001 -0.000002 0.000001 4.570398 11.014682 -2.160816 0.012299 -0.282717 13.380435 -69.267305 -35.311832 -30.552775 -0.000017 -57.064581 -0.000011 19.462038 -7.961289 84.482446 2.466084 -1.576198 2.681700 -1.539941 3.690273 6.142362 3.939045 7.948725 0.746787 2.647871 -1.528764 1.528761 -0.579477 1.574999 2.538719 1.998927 -1.154094 1.154060 0.000002 0.000000 0.000009 9.109270 -0.518006 2.259911 0.000000 0.000002 -0.000001 -0.000001 0.000000 -0.000018 0.000001 0.000003 0.000001 0.000001 0.000001 -0.000001 9.533387 -0.000002 0.000007 0.000002 -0.001939 0.015992 0.000000 0.001929 -0.015984 0.000003 0.000001 -0.000004 -0.000000 0.000000 0.000002 9.104471 -0.042998 -1.865092 0.000000 0.000002 -0.000001 0.000000 0.000007 -0.000237 0.000003 -0.000001 -0.000011 -0.000000 0.000006 0.000002 8.077794 -0.486895 -3.806297 -0.018085 4.054255 0.511077 -0.018090 -4.054255 -0.511069 0.000001 0.000002 0.000001 0.000001 0.000002 0.000001 -8.207803 -6.751710 -1.599544 -13.686167 -12.545270 -7.888512 30.021181 -10.466908 -2.743386 -14.014703 -10.731312 10.942870 -4.387290 -0.000006 0.000001 0.000000 -0.000001 -0.000000 8.207799 -6.751716 -1.599543 -19.642359 1.862156 2.628917 30.318742 -8.551812 10.547254 -12.024595 -2.532555 -10.277942 -1.008881 -0.000007 0.000000 -0.000000 -0.000000 0.000000 
2.503860 98.055977 -1.905906 -2.596969 17.382135 -1.064096 -0.000000 10.181556 0.131523 1.632812 1.329962 -1.089327 3.160718 2.477447 0.336030 3.174420 2.459252 0.339041 0.000001 16.740377 -2.049023 6.217902 -2.712891 5.196587 -0.000000 9.617861 1.684977 -4.934580 -11.206128 5.639412 -0.000002 22.037338 7.501077 -0.000000 0.000001 0.000001 -4.570001 11.014866 -2.160841 0.942090 2.590027 -4.876411 -71.900425 1.904388 37.920613 -0.000066 73.079923 0.000096 49.070668 9.925557 -90.104156 -2.464794 -1.574008 2.681906 6.561023 -0.915962 -13.387242 4.637198 -8.634139 -0.225370 -2.646275 -1.527839 1.527830 -1.273762 0.137312 -2.094874 -1.994598 -1.151595 1.151584 -0.000000 -0.000006 -0.000000 -9.108311 -0.517886 2.259804 0.054971 0.874438 -7.194714 -0.000006 0.000003 0.000004 0.000010 0.000002 0.000004 -0.000001 -0.000000 -0.000000 -9.532500 -0.000011 -0.000001 0.054973 0.874440 -7.194716 -0.000007 0.000001 0.000007 0.000012 0.000003 0.000003 -0.000001 0.000000 0.000000 -9.103597 -0.043127 -1.865106 0.054971 0.874438 -7.194716 -0.000003 0.000009 0.000069 0.000003 0.000003 -0.000004 -0.000000 -0.000001 0.000001 -8.076686 -0.486712 -3.806297 0.054964 0.874437 -7.194714 0.000002 -0.000002 0.000008 0.000001 0.000003 -0.000004 0.000001 -0.000000 -0.000000 4.570401 11.014675 -2.160817 0.252345 -0.803242 9.863214 -70.953323 -35.488768 -41.079941 -0.000040 -65.966889 -0.000048 31.827230 -8.501485 86.500459 2.466100 -1.576197 2.681690 -1.539946 3.690263 6.142350 3.939044 7.948722 0.746789 2.647871 -1.528745 1.528764 -0.579469 1.575006 2.538715 1.998906 -1.154076 1.154081 0.000003 0.000004 0.000001 9.109298 -0.518020 2.259895 -0.000005 -0.000004 0.000000 -0.000002 -0.000002 -0.000015 -0.000001 0.000004 -0.000001 -0.000001 -0.000000 0.000001 9.533413 -0.000000 -0.000003 0.000003 -0.001945 0.015979 -0.000001 0.001927 -0.015982 0.000001 0.000001 -0.000001 -0.000001 0.000002 0.000002 9.104500 -0.042998 -1.865098 -0.000005 -0.000004 0.000000 0.000001 0.000002 -0.000230 0.000003 -0.000003 -0.000012 0.000001 0.000002 -0.000002 8.077806 -0.486889 -3.806301 -0.018083 4.054256 0.511066 -0.018091 -4.054258 -0.511071 -0.000000 0.000001 -0.000003 0.000000 0.000001 -0.000003 -8.207802 -6.751704 -1.599540 -12.378005 -12.604196 -6.980954 35.220372 -10.491896 -2.430705 -17.273953 -9.469980 11.323776 -4.572103 -0.000000 0.000002 -0.000000 0.000000 0.000000 8.207798 -6.751699 -1.599546 -19.286969 1.032729 4.839608 37.538105 -8.374911 10.233974 -16.400700 -1.119706 -9.815921 -0.765656 -0.000006 -0.000003 -0.000000 -0.000000 0.000000 
2.370979 96.317017 -0.943798 -6.096821 15.437035 -1.903323 -0.000000 10.181534 0.131523 1.828801 1.434462 -1.679498 3.519832 2.403964 0.166752 3.539349 2.374515 0.170911 0.000000 16.740366 -2.049024 9.117286 -2.272759 5.459669 0.000001 9.617857 1.684977 -1.915682 -9.638959 6.322859 -0.000003 22.037399 7.501071 -0.000000 0.000000 0.000001 -4.570001 11.014881 -2.160842 0.671667 -0.106638 0.198038 -65.710415 -3.581682 42.949701 -0.000339 85.037050 0.000419 52.940175 10.730981 -89.997585 -2.464782 -1.573984 2.681920 10.510842 -0.174139 -15.480159 4.637199 -8.634141 -0.225366 -2.646280 -1.527802 1.527816 -1.273759 0.137316 -2.094878 -1.994591 -1.151582 1.151575 0.000000 -0.000003 0.000006 -9.108279 -0.517883 2.259812 0.095000 1.147765 -9.462407 -0.000007 0.000000 0.000005 0.000009 0.000001 0.000006 -0.000003 -0.000000 0.000001 -9.532488 -0.000025 0.000004 0.095000 1.147765 -9.462407 -0.000005 0.000001 0.000005 0.000009 0.000002 0.000005 -0.000001 0.000000 -0.000000 -9.103591 -0.043113 -1.865093 0.095000 1.147765 -9.462407 -0.000005 0.000007 0.000072 0.000004 0.000002 -0.000004 -0.000000 -0.000001 -0.000001 -8.076681 -0.486727 -3.806293 0.094998 1.147765 -9.462409 0.000000 -0.000002 0.000009 0.000001 0.000005 -0.000004 0.000001 -0.000000 0.000004 4.570399 11.014708 -2.160819 0.597964 -1.891661 5.276232 -69.433859 -35.341964 -50.685601 0.000001 -73.844583 0.000015 43.896410 -11.673817 87.486589 2.466100 -1.576194 2.681697 -1.539949 3.690263 6.142375 3.939049 7.948727 0.746792 2.647867 -1.528733 1.528749 -0.579476 1.575000 2.538717 1.998917 -1.154120 1.154076 0.000001 0.000003 -0.000000 9.109287 -0.517990 2.259907 0.000002 -0.000000 0.000002 -0.000001 -0.000002 -0.000016 0.000002 0.000002 -0.000002 0.000000 -0.000000 -0.000004 9.533391 0.000014 0.000007 0.000000 -0.001935 0.015990 -0.000002 0.001924 -0.015981 0.000001 0.000000 -0.000006 -0.000000 0.000000 -0.000000 9.104488 -0.042980 -1.865100 0.000002 -0.000000 0.000002 0.000000 0.000002 -0.000236 0.000002 -0.000005 -0.000011 0.000001 -0.000002 0.000000 8.077792 -0.486876 -3.806297 -0.018092 4.054246 0.511084 -0.018089 -4.054256 -0.511069 0.000001 -0.000002 0.000000 -0.000001 -0.000002 -0.000000 -8.207800 -6.751713 -1.599543 -10.718554 -12.582320 -5.958748 40.557479 -10.363209 -2.138794 -20.713375 -8.121354 11.700804 -3.832389 -0.000004 0.000004 0.000000 -0.000002 -0.000000 8.207799 -6.751708 -1.599543 -18.103982 0.836772 7.482180 44.319697 -8.191031 10.068681 -20.909412 0.007371 -9.531946 -0.545589 0.000003 -0.000001 -0.000000 0.000001 0.000000 
2.144921 94.586891 0.095381 -9.379123 12.791405 -3.108847 0.000000 10.181564 0.131525 1.932152 1.603384 -2.306656 3.701127 2.315053 0.010342 3.726194 2.273818 0.015229 -0.000001 16.740358 -2.049018 10.832905 -1.752193 5.264592 -0.000000 9.617837 1.684972 1.292842 -7.473472 6.967163 -0.000000 22.037369 7.501078 -0.000000 0.000001 -0.000000 -4.569999 11.014875 -2.160839 0.403872 -2.934576 5.098216 -58.550431 -6.571141 46.962195 0.000761 93.788551 -0.000792 54.143326 12.176025 -89.999463 -2.464810 -1.574005 2.681901 10.165049 0.123412 -14.593391 4.637199 -8.634142 -0.225372 -2.646264 -1.527802 1.527820 -1.273759 0.137311 -2.094881 -1.994579 -1.151595 1.151580 0.000004 -0.000002 0.000005 -9.108312 -0.517889 2.259795 0.078610 1.044749 -8.606022 -0.000006 0.000001 0.000007 0.000010 0.000002 0.000005 0.000000 -0.000000 0.000000 -9.532509 -0.000001 -0.000007 0.078609 1.044749 -8.606022 -0.000007 0.000001 0.000005 0.000010 0.000002 0.000005 -0.000002 0.000001 0.000001 -9.103599 -0.043101 -1.865105 0.078610 1.044748 -8.606020 -0.000004 0.000006 0.000069 0.000001 0.000003 -0.000001 -0.000001 0.000000 -0.000003 -8.076697 -0.486753 -3.806303 0.078603 1.044749 -8.606018 0.000001 -0.000001 0.000012 0.000002 0.000006 -0.000004 -0.000001 0.000001 -0.000002 4.570401 11.014682 -2.160813 0.895040 -3.045416 0.204829 -64.737428 -34.938555 -57.754871 -0.000059 -81.022675 -0.000039 51.723117 -16.623014 88.450847 2.466084 -1.576183 2.681694 -1.539949 3.690262 6.142353 3.939046 7.948723 0.746789 2.647896 -1.528747 1.528739 -0.579474 1.575008 2.538718 1.998917 -1.154074 1.154077 0.000000 0.000003 -0.000000 9.109285 -0.518004 2.259896 0.000003 0.000002 -0.000001 0.000001 -0.000002 -0.000017 -0.000001 0.000004 -0.000001 -0.000000 -0.000001 -0.000002 9.533397 0.000021 -0.000004 0.000004 -0.001932 0.015973 0.000002 0.001926 -0.015979 0.000003 0.000001 -0.000008 0.000000 0.000001 -0.000001 9.104486 -0.042982 -1.865112 0.000003 0.000002 -0.000001 0.000000 0.000000 -0.000233 0.000005 -0.000001 -0.000009 -0.000002 0.000001 0.000002 8.077797 -0.486877 -3.806304 -0.018095 4.054250 0.511076 -0.018091 -4.054257 -0.511070 0.000001 0.000003 -0.000000 0.000000 0.000003 0.000001 -8.207800 -6.751699 -1.599541 -9.026734 -12.231200 -4.713319 45.333851 -10.140472 -1.866583 -23.795758 -7.009498 11.889613 -2.323204 0.000008 0.000002 0.000000 -0.000000 0.000000 8.207797 -6.751687 -1.599543 -16.439755 1.620176 10.605633 49.941127 -8.004633 9.980388 -25.027922 0.863110 -9.451635 -0.342090 -0.000005 0.000001 -0.000000 -0.000001 0.000000 
1.911562 93.173775 1.052612 -11.823614 9.812726 -4.551972 -0.000002 10.181543 0.131522 1.921372 1.744746 -3.021056 3.677416 2.103210 -0.365913 3.705466 2.052974 -0.361302 0.000003 16.740366 -2.049026 11.146184 -1.228016 5.151510 0.000003 9.617838 1.684977 5.115816 -4.419778 7.514037 0.000001 22.037384 7.501074 -0.000000 0.000000 -0.000000 -4.569997 11.014899 -2.160841 0.170883 -5.510355 9.175139 -52.204543 -8.015026 49.935974 0.000403 99.496964 -0.000395 53.567381 14.334175 -90.003240 -2.464810 -1.574003 2.681906 12.523729 1.661760 -15.898865 4.637198 -8.634140 -0.225373 -2.646276 -1.527800 1.527827 -1.273761 0.137314 -2.094877 -1.994590 -1.151584 1.151576 -0.000000 -0.000002 0.000003 -9.108305 -0.517882 2.259802 0.111501 1.242725 -10.253635 -0.000006 0.000000 0.000005 0.000013 0.000001 0.000005 0.000003 0.000001 0.000002 -9.532504 0.000015 0.000001 0.111500 1.242723 -10.253639 -0.000005 0.000000 0.000004 0.000013 0.000001 0.000003 -0.000001 0.000000 0.000001 -9.103605 -0.043104 -1.865106 0.111501 1.242724 -10.253635 -0.000004 0.000008 0.000069 0.000001 0.000003 -0.000003 -0.000001 0.000001 -0.000001 -8.076697 -0.486716 -3.806293 0.111496 1.242721 -10.253632 0.000002 -0.000001 0.000011 0.000002 0.000004 -0.000003 -0.000002 -0.000001 -0.000002 4.570401 11.014689 -2.160815 1.040868 -3.601856 -4.191235 -58.812163 -34.933566 -62.311864 -0.000030 -86.991933 0.000070 53.842706 -19.979627 89.378783 2.466095 -1.576210 2.681692 -1.511753 3.682660 6.162133 3.939050 7.948720 0.746784 2.647885 -1.528736 1.528737 -0.579472 1.575005 2.538716 1.998913 -1.154082 1.154063 0.000001 0.000006 0.000001 9.109288 -0.517993 2.259897 0.000009 -0.001209 0.009939 0.000001 -0.000003 -0.000019 -0.000001 0.000004 -0.000001 -0.000002 0.000001 -0.000002 9.533399 0.000009 -0.000014 -0.000006 -0.003126 0.025914 0.000000 0.001925 -0.015980 0.000000 0.000003 -0.000004 0.000002 0.000002 -0.000005 9.104479 -0.043003 -1.865107 0.000009 -0.001209 0.009939 -0.000001 0.000001 -0.000235 0.000003 -0.000002 -0.000010 0.000004 -0.000001 0.000004 8.077807 -0.486893 -3.806308 -0.018792 4.053052 0.521039 -0.018087 -4.054253 -0.511073 -0.000001 0.000002 -0.000002 0.000003 0.000001 -0.000002 -8.207801 -6.751706 -1.599545 -7.740276 -11.423090 -3.364348 48.901781 -10.059052 -1.729741 -26.125316 -5.973350 12.030882 -0.730606 -0.000000 0.000001 -0.000000 -0.000000 -0.000000 8.207798 -6.751702 -1.599546 -14.861008 2.915849 13.547498 53.906056 -7.800113 9.938764 -28.260497 1.774843 -9.506063 -0.267581 -0.000003 -0.000001 -0.000000 0.000001 0.000000 
1.828346 92.379387 1.794704 -13.076313 7.035120 -5.919877 0.000001 10.181541 0.131526 1.775841 1.735991 -3.691463 3.415077 1.694841 -0.969463 3.440724 1.642022 -0.966130 -0.000004 16.740372 -2.049026 10.280493 -0.807345 5.254495 0.000003 9.617833 1.684975 9.507050 -0.969261 7.560847 -0.000002 22.037384 7.501072 -0.000000 -0.000000 0.000000 -4.570000 11.014879 -2.160845 0.041384 -6.986415 11.347362 -48.348566 -9.254412 51.823596 0.000262 101.529068 -0.000200 51.863231 15.528599 -90.000242 -2.464809 -1.573985 2.681907 15.947962 3.462632 -18.544788 4.637198 -8.634143 -0.225380 -2.646261 -1.527800 1.527814 -1.273761 0.137316 -2.094876 -1.994597 -1.151603 1.151581 0.000004 -0.000001 -0.000000 -9.108294 -0.517870 2.259802 0.189333 1.614753 -13.374659 -0.000004 0.000002 0.000005 0.000013 0.000002 0.000004 -0.000002 0.000000 -0.000001 -9.532505 0.000032 -0.000002 0.189333 1.614754 -13.374660 -0.000004 0.000002 0.000005 0.000011 0.000002 0.000004 -0.000002 -0.000000 0.000001 -9.103604 -0.043111 -1.865101 0.189333 1.614754 -13.374659 -0.000004 0.000007 0.000069 0.000003 0.000004 -0.000003 0.000002 -0.000000 -0.000001 -8.076697 -0.486716 -3.806297 0.189333 1.614753 -13.374660 0.000002 -0.000001 0.000011 0.000001 0.000006 -0.000003 -0.000002 -0.000000 -0.000000 4.570404 11.014667 -2.160821 1.090033 -3.762306 -6.322167 -53.819596 -35.317453 -64.478270 -0.001301 -90.833784 -0.001418 52.901506 -20.551035 89.972019 2.466104 -1.576211 2.681706 -0.192860 3.294685 7.148632 3.939046 7.948716 0.746788 2.647873 -1.528755 1.528759 -0.579471 1.575007 2.538717 1.998914 -1.154094 1.154067 -0.000000 0.000000 -0.000002 9.109288 -0.518017 2.259909 0.000283 -0.061246 0.507518 -0.000002 -0.000003 -0.000022 -0.000003 0.000003 -0.000000 -0.000003 0.000003 -0.000002 9.533402 -0.000014 0.000005 0.000293 -0.063169 0.523494 -0.000002 0.001927 -0.015986 0.000000 0.000003 -0.000006 -0.000005 0.000006 -0.000002 9.104493 -0.042999 -1.865093 0.000283 -0.061246 0.507518 -0.000003 -0.000000 -0.000238 0.000005 0.000001 -0.000012 -0.000002 0.000006 -0.000000 8.077803 -0.486912 -3.806293 -0.053779 3.992685 1.019799 -0.018089 -4.054254 -0.511073 0.000001 0.000001 -0.000000 0.000003 -0.000000 -0.000000 -8.207800 -6.751713 -1.599542 -7.052952 -10.365447 -2.174220 50.679843 -10.025963 -1.791434 -27.385483 -4.907583 12.204173 -0.021478 0.000003 0.000001 -0.000000 0.000002 0.000000 8.207802 -6.751707 -1.599541 -13.578802 3.887462 15.414309 55.753454 -6.656305 9.949659 -30.258961 2.320456 -10.043854 -0.398956 0.000000 -0.000004 0.000000 -0.000001 0.000000 
1.919611 92.424408 2.209030 -13.085479 4.677824 -6.972366 0.000001 10.181536 0.131521 1.468839 1.480216 -4.120993 2.844347 1.018727 -1.448296 2.860596 0.971828 -1.446467 -0.000000 16.740364 -2.049022 8.799973 -0.503482 5.090923 -0.000003 9.617853 1.684971 13.662025 1.944462 6.448997 -0.000002 22.037415 7.501067 0.000001 -0.000000 0.000000 -4.570009 11.014890 -2.160841 0.059115 -6.745400 10.950438 -47.855830 -10.631335 52.422522 0.000361 99.439071 -0.000314 51.038862 14.499730 -90.000563 -2.464797 -1.574017 2.681903 15.290063 2.965277 -18.727134 4.637200 -8.634143 -0.225376 -2.646269 -1.527820 1.527818 -1.273763 0.137314 -2.094879 -1.994594 -1.151582 1.151581 0.000001 0.000000 0.000001 -9.108304 -0.517904 2.259803 0.191618 1.624302 -13.455449 -0.000004 0.000001 0.000005 0.000014 0.000001 0.000005 0.000001 0.000000 0.000000 -9.532497 0.000000 0.000001 0.191618 1.624302 -13.455449 -0.000004 0.000001 0.000005 0.000014 0.000001 0.000005 0.000001 0.000000 -0.000001 -9.103592 -0.043110 -1.865105 0.191618 1.624302 -13.455449 -0.000001 0.000008 0.000069 0.000004 0.000004 -0.000003 0.000001 -0.000000 0.000001 -8.076696 -0.486735 -3.806298 0.191614 1.624304 -13.455451 0.000003 -0.000001 0.000010 0.000004 0.000005 -0.000003 0.000001 -0.000000 -0.000000 4.570396 11.014698 -2.160817 1.106318 -3.943617 -6.219100 -51.505743 -35.729167 -65.039800 0.000214 -92.126964 0.000169 51.935222 -20.535749 89.999811 2.466100 -1.576192 2.681694 2.818621 2.480224 9.493808 3.939047 7.948719 0.746788 2.647882 -1.528775 1.528746 -0.579470 1.575007 2.538717 1.998908 -1.154091 1.154067 0.000003 -0.000005 0.000003 9.109310 -0.518016 2.259892 0.002996 -0.203505 1.686625 -0.000004 -0.000001 -0.000017 0.000004 0.000003 0.000000 0.000001 0.000002 -0.000002 9.533396 -0.000018 -0.000005 0.003049 -0.205437 1.702585 0.000002 0.001924 -0.015981 0.000000 -0.000000 -0.000003 -0.000000 -0.000002 -0.000001 9.104503 -0.043009 -1.865111 0.002996 -0.203505 1.686625 -0.000001 -0.000001 -0.000234 0.000006 0.000001 -0.000011 -0.000000 0.000001 0.000001 8.077806 -0.486898 -3.806305 -0.134567 3.848441 2.201406 -0.018090 -4.054254 -0.511071 0.000001 -0.000000 -0.000001 0.000000 -0.000000 -0.000000 -8.207800 -6.751730 -1.599544 -6.942899 -9.432326 -1.354980 50.308978 -9.745367 -1.925150 -27.322930 -3.843391 12.187890 -0.000006 0.000000 -0.000006 -0.000000 0.000000 0.000000 8.207800 -6.751712 -1.599546 -12.634279 4.338482 15.972823 55.300630 -4.800470 9.991020 -30.756215 2.579522 -10.915429 -0.634184 0.000000 -0.000002 0.000000 -0.000000 0.000000 
2.096478 93.346657 2.240467 -11.881905 2.613613 -7.653196 0.000002 10.181554 0.131524 1.035197 1.021064 -4.212605 2.022946 0.213274 -1.595247 2.026244 0.179354 -1.594489 -0.000003 16.740358 -2.049025 7.056553 -0.274921 4.317299 -0.000001 9.617867 1.684968 16.032633 3.462230 4.103721 -0.000000 22.037384 7.501073 0.000000 -0.000000 -0.000001 -4.570006 11.014894 -2.160841 0.182820 -5.279535 8.632229 -50.242130 -11.487261 51.318415 0.000593 94.328614 -0.000590 51.798215 11.857103 -90.003247 -2.464799 -1.573984 2.681906 10.197773 0.437015 -15.361833 4.637196 -8.634142 -0.225371 -2.646270 -1.527803 1.527815 -1.273762 0.137312 -2.094879 -1.994606 -1.151598 1.151584 0.000001 -0.000007 0.000003 -9.108299 -0.517851 2.259801 0.094953 1.147526 -9.460294 -0.000005 0.000000 0.000006 0.000011 0.000002 0.000005 0.000000 0.000000 0.000001 -9.532500 0.000015 -0.000002 0.094953 1.147526 -9.460294 -0.000004 0.000001 0.000006 0.000012 0.000002 0.000005 0.000000 -0.000000 0.000002 -9.103598 -0.043115 -1.865105 0.094953 1.147526 -9.460294 -0.000002 0.000008 0.000068 0.000004 0.000004 -0.000004 -0.000001 0.000000 -0.000001 -8.076700 -0.486726 -3.806299 0.094951 1.147524 -9.460296 0.000002 -0.000001 0.000010 0.000002 0.000005 -0.000002 -0.000000 -0.000000 0.000001 4.570393 11.014688 -2.160815 1.104476 -4.068536 -5.103167 -52.720185 -36.238815 -65.168351 -0.000749 -91.251928 -0.000724 51.538893 -19.456376 89.999067 2.466102 -1.576233 2.681699 4.418114 2.169694 10.824564 3.939038 7.948721 0.746791 2.647882 -1.528760 1.528749 -0.579469 1.575003 2.538720 1.998917 -1.154091 1.154072 0.000003 -0.000001 -0.000000 9.109297 -0.518029 2.259901 0.005821 -0.283412 2.349004 -0.000003 -0.000002 -0.000017 0.000002 -0.000000 0.000002 0.000005 0.000000 0.000000 9.533398 0.000005 0.000003 0.005900 -0.285332 2.364997 0.000001 0.001928 -0.015982 0.000000 0.000001 -0.000006 0.000002 0.000000 0.000000 9.104503 -0.043015 -1.865101 0.005821 -0.283412 2.349004 0.000003 0.000001 -0.000234 0.000005 -0.000000 -0.000010 0.000002 -0.000000 0.000002 8.077804 -0.486901 -3.806299 -0.178644 3.766701 2.865051 -0.018091 -4.054252 -0.511069 0.000000 -0.000003 0.000000 0.000001 -0.000004 -0.000001 -8.207799 -6.751700 -1.599542 -7.392671 -8.826700 -0.892000 47.736855 -8.643788 -1.951711 -25.801210 -3.314972 11.536337 -0.000059 0.000007 0.000002 -0.000000 -0.000002 -0.000000 8.207799 -6.751703 -1.599545 -12.300441 4.805850 15.760612 52.663928 -3.238765 10.041805 -29.623572 2.775062 -11.630204 -0.763081 0.000002 0.000002 0.000000 0.000000 0.000000 
2.261492 94.950592 1.890738 -9.568376 0.698359 -7.852894 0.000000 10.181545 0.131523 0.633180 0.533107 -4.158442 1.253982 -0.421102 -1.708119 1.247429 -0.441718 -1.707783 0.000002 16.740377 -2.049020 4.893551 -0.140862 3.243670 -0.000004 9.617855 1.684966 15.180266 3.511273 1.547298 0.000006 22.037369 7.501071 0.000000 -0.000000 -0.000000 -4.569993 11.014870 -2.160839 0.317123 -3.661836 5.810787 -54.092844 -11.264660 48.301773 -0.001588 87.924294 0.001581 51.760789 8.731862 -90.000146 -2.464777 -1.574030 2.681909 3.475661 -2.064006 -10.630900 4.637201 -8.634141 -0.225371 -2.646265 -1.527814 1.527808 -1.273763 0.137316 -2.094875 -1.994590 -1.151595 1.151581 -0.000000 -0.000001 -0.000000 -9.108296 -0.517894 2.259805 0.019040 0.515329 -4.232608 -0.000007 0.000002 0.000006 0.000011 0.000002 0.000006 0.000000 0.000000 0.000003 -9.532500 -0.000042 -0.000001 0.019040 0.515330 -4.232609 -0.000006 0.000001 0.000006 0.000011 0.000002 0.000005 0.000001 0.000000 0.000001 -9.103601 -0.043131 -1.865101 0.019040 0.515329 -4.232607 -0.000003 0.000008 0.000071 0.000004 0.000004 -0.000006 0.000001 -0.000002 -0.000004 -8.076697 -0.486745 -3.806297 0.019041 0.515332 -4.232619 0.000002 0.000000 0.000011 0.000003 0.000005 -0.000006 0.000001 0.000001 0.000000 4.570402 11.014674 -2.160811 1.084907 -4.099517 -3.297141 -57.207107 -37.043613 -65.104291 -0.000247 -88.994831 -0.000269 50.769985 -16.951729 89.995781 2.466109 -1.576200 2.681718 3.403573 2.520295 10.184604 3.939043 7.948723 0.746791 2.647879 -1.528748 1.528753 -0.579471 1.575006 2.538716 1.998936 -1.154095 1.154059 -0.000002 0.000001 0.000001 9.109295 -0.517992 2.259916 0.004279 -0.243068 2.014518 -0.000003 0.000001 -0.000017 0.000001 -0.000001 0.000000 0.000003 -0.000002 0.000001 9.533407 0.000014 0.000013 0.004350 -0.244992 2.030501 0.000000 0.001925 -0.015983 0.000003 -0.000001 -0.000003 0.000005 -0.000002 0.000002 9.104505 -0.042982 -1.865087 0.004279 -0.243068 2.014518 0.000002 0.000001 -0.000233 0.000006 -0.000000 -0.000012 -0.000001 -0.000004 0.000002 8.077811 -0.486886 -3.806290 -0.156511 3.808058 2.529961 -0.018092 -4.054257 -0.511070 0.000004 -0.000000 -0.000000 0.000006 0.000001 -0.000002 -8.207800 -6.751703 -1.599544 -8.407180 -8.341411 -0.683712 43.217858 -7.819367 -1.898082 -22.884395 -2.814008 10.761568 -0.021852 0.000003 0.000001 -0.000000 -0.000002 -0.000000 8.207799 -6.751691 -1.599545 -12.725906 5.767236 15.166765 48.134143 -2.420221 10.095196 -27.012459 2.878419 -12.007211 -0.770851 -0.000001 -0.000001 -0.000000 -0.000000 0.000000 
2.445687 96.842987 1.159595 -6.403768 -0.956979 -7.492358 -0.000001 10.181554 0.131523 0.383408 0.092677 -4.123897 0.779492 -0.817935 -2.119150 0.767974 -0.830175 -2.118861 -0.000003 16.740364 -2.049019 2.073758 -0.115689 2.302150 -0.000001 9.617831 1.684971 11.292558 2.746060 -0.185451 0.000005 22.037354 7.501078 -0.000000 -0.000000 -0.000000 -4.570000 11.014851 -2.160840 0.417461 -2.353945 3.251908 -58.016754 -9.907773 43.394927 -0.000214 80.720856 0.000255 49.137293 6.553940 -89.783076 -2.464803 -1.574009 2.681907 -1.056931 -3.379740 -7.240727 4.637194 -8.634142 -0.225375 -2.646276 -1.527787 1.527813 -1.273759 0.137314 -2.094880 -1.994587 -1.151573 1.151571 -0.000003 -0.000003 0.000001 -9.108302 -0.517879 2.259802 0.000478 0.082005 -0.672966 -0.000006 0.000003 0.000008 0.000012 0.000003 0.000006 -0.000000 0.000000 0.000000 -9.532501 0.000003 -0.000001 0.000478 0.082005 -0.672966 -0.000006 0.000003 0.000006 0.000012 0.000003 0.000006 -0.000001 0.000000 -0.000000 -9.103594 -0.043106 -1.865103 0.000478 0.082004 -0.672966 -0.000003 0.000009 0.000072 0.000004 0.000005 -0.000001 0.000000 0.000001 0.000002 -8.076692 -0.486725 -3.806301 0.000472 0.082003 -0.672961 0.000002 -0.000001 0.000011 0.000003 0.000005 -0.000003 -0.000000 0.000002 0.000005 4.570398 11.014672 -2.160815 1.047670 -4.096955 -0.420078 -63.572436 -37.953155 -64.016290 0.000123 -86.137005 0.000131 49.174387 -13.590535 89.991731 2.466109 -1.576231 2.681704 1.395954 3.051479 8.719901 3.939041 7.948721 0.746788 2.647878 -1.528758 1.528750 -0.579469 1.574999 2.538716 1.998921 -1.154065 1.154065 0.000002 0.000004 0.000001 9.109294 -0.518031 2.259906 0.001711 -0.153652 1.273284 -0.000004 -0.000002 -0.000018 0.000000 0.000002 -0.000000 0.000003 0.000001 0.000000 9.533409 -0.000009 0.000007 0.001756 -0.155588 1.289256 -0.000005 0.001925 -0.015981 0.000001 0.000003 -0.000004 0.000002 -0.000000 -0.000002 9.104514 -0.043009 -1.865100 0.001711 -0.153656 1.273284 -0.000003 -0.000003 -0.000232 0.000004 -0.000000 -0.000009 -0.000000 -0.000002 0.000001 8.077810 -0.486917 -3.806300 -0.106587 3.899196 1.787251 -0.018092 -4.054256 -0.511072 -0.000001 -0.000000 -0.000001 -0.000003 -0.000001 -0.000002 -8.207802 -6.751697 -1.599541 -9.919692 -7.712724 -0.620662 37.359164 -7.807345 -1.983011 -18.945244 -2.302474 10.218100 -0.766952 -0.000005 0.000002 0.000000 0.000002 0.000000 8.207799 -6.751693 -1.599544 -13.793955 6.966503 14.095297 42.331552 -2.027812 10.165809 -23.331349 2.890604 -12.151752 -0.758501 -0.000000 0.000001 0.000000 0.000000 0.000000 
2.754201 98.661797 0.077230 -2.706369 -2.171869 -6.666328 -0.000000 10.181557 0.131524 0.232681 -0.322917 -4.039893 0.493919 -1.133481 -2.758802 0.480361 -1.140881 -2.758399 0.000005 16.740376 -2.049020 -1.120307 -0.152882 1.529494 -0.000000 9.617838 1.684976 6.419643 1.643512 -0.878170 0.000003 22.037354 7.501074 -0.000000 -0.000000 -0.000001 -4.570001 11.014900 -2.160839 0.519915 -1.125827 0.886350 -60.875700 -7.356863 36.719503 -0.000121 71.732142 0.000155 44.990289 6.272366 -88.817984 -2.464786 -1.573980 2.681909 -1.868578 -3.586953 -6.569816 4.637199 -8.634143 -0.225374 -2.646275 -1.527777 1.527809 -1.273758 0.137312 -2.094873 -1.994594 -1.151598 1.151568 0.000004 -0.000004 0.000005 -9.108307 -0.517877 2.259799 -0.000004 -0.002048 0.016772 -0.000005 0.000003 0.000010 0.000010 0.000002 0.000009 0.000001 0.000002 0.000001 -9.532488 0.000005 -0.000004 -0.000005 -0.002048 0.016772 -0.000005 0.000003 0.000008 0.000012 0.000003 0.000009 -0.000001 0.000002 0.000001 -9.103599 -0.043098 -1.865104 -0.000004 -0.002049 0.016772 -0.000003 0.000009 0.000073 0.000003 0.000005 -0.000000 -0.000001 -0.000002 0.000000 -8.076690 -0.486733 -3.806302 -0.000006 -0.002048 0.016770 0.000003 0.000003 0.000013 0.000002 0.000005 0.000000 -0.000001 0.000001 0.000003 4.570400 11.014703 -2.160816 0.981261 -4.000419 3.498781 -69.935331 -38.706880 -61.055874 -0.000012 -82.242506 -0.000027 46.810599 -9.599328 89.993213 2.466098 -1.576198 2.681697 -0.302754 3.456157 7.334717 3.939043 7.948724 0.746789 2.647882 -1.528729 1.528764 -0.579474 1.575005 2.538714 1.998917 -1.154101 1.154076 0.000001 -0.000001 -0.000000 9.109302 -0.517993 2.259900 0.000356 -0.070440 0.583718 -0.000004 -0.000003 -0.000018 0.000001 0.000003 0.000000 -0.000003 0.000003 0.000000 9.533406 0.000013 -0.000002 0.000380 -0.072371 0.599706 -0.000001 0.001924 -0.015982 0.000001 -0.000000 -0.000005 0.000004 -0.000002 0.000001 9.104506 -0.042980 -1.865101 0.000355 -0.070441 0.583718 -0.000001 -0.000001 -0.000234 0.000005 0.000002 -0.000009 -0.000001 0.000001 -0.000000 8.077809 -0.486878 -3.806305 -0.059109 3.983420 1.096176 -0.018089 -4.054257 -0.511071 0.000004 -0.000001 0.000000 0.000005 -0.000005 0.000001 -8.207800 -6.751719 -1.599542 -11.748587 -7.041111 -0.755167 30.750174 -8.308666 -2.332115 -14.431956 -1.836190 9.915787 -2.624945 -0.000000 -0.000001 0.000000 -0.000002 -0.000000 8.207796 -6.751708 -1.599544 -15.248828 7.804010 12.397642 35.900325 -1.428356 10.295198 -19.039260 2.753785 -12.224673 -0.793999 -0.000005 0.000001 -0.000000 0.000000 0.000000 
3.235449 100.145065 -1.202258 1.150592 -3.004585 -5.597094 0.000000 10.181557 0.131523 0.069937 -0.674180 -3.812956 0.177015 -1.418983 -3.359199 0.163694 -1.422641 -3.358555 0.000002 16.740368 -2.049021 -3.845886 -0.193869 0.718417 -0.000005 9.617842 1.684978 2.493999 0.270956 -0.829923 -0.000000 22.037354 7.501078 0.000000 0.000001 0.000000 -4.569996 11.014879 -2.160840 0.684844 0.401065 -1.552930 -61.908220 -3.489439 28.683547 -0.000052 59.491754 0.000093 41.099062 6.224392 -88.024247 -2.464790 -1.573996 2.681904 -1.849250 -3.581778 -6.586159 4.637197 -8.634143 -0.225380 -2.646269 -1.527804 1.527817 -1.273763 0.137312 -2.094876 -1.994590 -1.151586 1.151571 0.000001 -0.000005 -0.000000 -9.108287 -0.517896 2.259794 -0.000001 0.000006 -0.000005 -0.000004 0.000003 0.000007 0.000010 0.000006 0.000005 0.000000 -0.000001 0.000002 -9.532496 -0.000022 -0.000008 -0.000001 0.000006 -0.000005 -0.000005 0.000003 0.000007 0.000013 0.000003 0.000009 -0.000000 -0.000001 0.000002 -9.103595 -0.043119 -1.865109 -0.000002 0.000007 -0.000005 -0.000002 0.000009 0.000072 0.000004 0.000001 -0.000000 -0.000001 0.000000 0.000000 -8.076691 -0.486720 -3.806302 -0.000004 0.000006 -0.000007 0.000001 -0.000000 0.000010 0.000004 0.000006 -0.000004 0.000000 0.000003 0.000001 4.570402 11.014702 -2.160815 0.850280 -3.632470 7.973675 -75.105826 -39.832792 -56.500329 -0.000004 -74.945815 0.000003 42.971732 -5.598424 89.673130 2.466095 -1.576193 2.681700 -1.375032 3.664379 6.317882 3.939048 7.948722 0.746789 2.647893 -1.528694 1.528746 -0.579471 1.575003 2.538719 1.998928 -1.154095 1.154071 0.000000 0.000003 0.000005 9.109297 -0.518002 2.259895 0.000006 -0.010280 0.085278 0.000003 -0.000005 -0.000020 0.000003 0.000004 -0.000001 -0.000000 0.000002 -0.000003 9.533395 0.000002 -0.000005 0.000019 -0.012215 0.101251 -0.000001 0.001924 -0.015984 0.000003 0.000002 -0.000007 -0.000000 0.000003 -0.000002 9.104493 -0.042970 -1.865103 0.000007 -0.010280 0.085278 0.000003 -0.000003 -0.000235 0.000006 0.000003 -0.000011 -0.000002 0.000004 0.000000 8.077792 -0.486864 -3.806303 -0.024115 4.043925 0.596544 -0.018094 -4.054250 -0.511074 0.000003 0.000001 -0.000001 0.000002 -0.000000 -0.000003 -8.207800 -6.751719 -1.599541 -13.770531 -6.652030 -1.260070 24.236559 -8.376130 -2.737783 -9.752776 -1.433840 9.642845 -4.525659 0.000001 -0.000001 0.000000 0.000001 0.000000 8.207798 -6.751705 -1.599545 -16.891538 8.027505 10.412842 29.596132 -0.471265 10.266833 -14.735295 2.415011 -12.100444 -0.770771 0.000001 -0.000001 0.000000 -0.000000 0.000000 
3.768702 101.123833 -2.421661 4.566099 -3.774515 -4.471518 -0.000000 10.181567 0.131521 -0.067616 -0.881176 -3.563613 -0.095040 -1.591368 -3.801487 -0.106588 -1.593277 -3.800538 0.000001 16.740356 -2.049018 -5.268843 -0.202551 -0.196391 -0.000004 9.617867 1.684974 -0.228583 -1.215786 -0.453866 0.000001 22.037369 7.501074 -0.000001 0.000000 -0.000000 -4.570001 11.014886 -2.160839 0.929283 2.349150 -4.308506 -60.959616 1.180950 20.375955 -0.000018 43.789688 0.000052 38.140111 6.997834 -85.751864 -2.464795 -1.574002 2.681910 -1.849253 -3.581786 -6.586138 4.637191 -8.634137 -0.225381 -2.646275 -1.527816 1.527804 -1.273762 0.137309 -2.094877 -1.994598 -1.151568 1.151573 -0.000004 -0.000006 -0.000000 -9.108292 -0.517884 2.259806 -0.000007 -0.000005 0.000012 -0.000008 -0.000001 0.000004 0.000009 0.000000 0.000006 -0.000001 0.000001 0.000001 -9.532508 -0.000002 0.000004 -0.000007 -0.000005 0.000012 -0.000010 0.000001 0.000006 0.000009 0.000000 0.000006 0.000001 0.000001 0.000002 -9.103599 -0.043108 -1.865102 -0.000007 -0.000005 0.000012 -0.000005 0.000007 0.000070 0.000000 0.000000 -0.000003 -0.000002 0.000001 0.000003 -8.076694 -0.486727 -3.806297 -0.000007 0.000000 0.000004 0.000000 -0.000003 0.000007 0.000004 0.000006 -0.000002 -0.000003 -0.000001 0.000005 4.570402 11.014687 -2.160814 0.611094 -2.866629 12.421595 -78.772886 -42.620199 -51.820239 0.000009 -61.977307 -0.000003 36.302350 -2.897768 87.235483 2.466092 -1.576199 2.681696 -1.543531 3.690816 6.138451 3.939044 7.948727 0.746792 2.647879 -1.528749 1.528744 -0.579469 1.575006 2.538713 1.998928 -1.154096 1.154084 -0.000000 -0.000004 0.000005 9.109278 -0.518016 2.259893 -0.000008 0.000227 -0.001887 0.000001 -0.000001 -0.000021 0.000002 0.000002 0.000002 0.000001 -0.000001 0.000001 9.533399 0.000012 -0.000004 -0.000006 -0.001700 0.014086 -0.000002 0.001927 -0.015985 0.000003 -0.000000 -0.000005 0.000002 0.000001 -0.000003 9.104493 -0.042978 -1.865105 -0.000008 0.000227 -0.001887 0.000003 0.000003 -0.000242 0.000006 0.000002 -0.000013 0.000001 0.000003 -0.000006 8.077788 -0.486876 -3.806306 -0.017962 4.054485 0.509178 -0.018088 -4.054255 -0.511073 0.000003 0.000002 -0.000002 0.000003 0.000002 -0.000003 -8.207800 -6.751701 -1.599544 -16.278356 -6.583190 -2.101505 19.783798 -7.333570 -3.082864 -5.339839 -1.107811 9.461565 -5.285252 -0.000004 -0.000001 0.000000 -0.000002 -0.000000 8.207799 -6.751695 -1.599545 -18.578687 7.800675 9.109966 24.698847 0.513322 9.129370 -11.334431 1.958960 -11.323678 -0.451126 0.000002 0.000002 -0.000000 0.000000 0.000000 
4.144991 101.462128 -3.359332 6.753679 -4.865501 -3.411835 0.000000 10.181539 0.131521 -0.045286 -0.939826 -3.475407 -0.045854 -1.607328 -4.122271 -0.055828 -1.610394 -4.121069 -0.000002 16.740377 -2.049020 -5.097754 -0.148142 -1.074602 -0.000001 9.617834 1.684978 -2.252936 -2.331769 0.029184 0.000005 22.037384 7.501074 -0.000000 0.000000 -0.000001 -4.569999 11.014875 -2.160839 1.187441 4.405493 -7.575067 -58.386397 5.190714 13.757089 -0.000007 27.487581 0.000029 35.970163 8.919045 -81.345381 -2.464794 -1.573986 2.681909 -1.849251 -3.581796 -6.586146 4.637198 -8.634145 -0.225372 -2.646280 -1.527845 1.527814 -1.273759 0.137314 -2.094875 -1.994601 -1.151564 1.151585 0.000000 0.000002 0.000001 -9.108289 -0.517885 2.259804 0.000003 0.000000 0.000002 -0.000007 0.000002 0.000003 0.000009 0.000002 0.000004 0.000001 0.000001 0.000001 -9.532483 -0.000002 -0.000001 0.000003 0.000000 0.000002 -0.000008 0.000002 0.000004 0.000009 0.000002 0.000004 -0.000002 0.000000 0.000003 -9.103581 -0.043107 -1.865104 0.000003 -0.000000 0.000002 -0.000007 0.000007 0.000067 0.000004 0.000004 -0.000005 -0.000000 0.000001 0.000001 -8.076684 -0.486734 -3.806301 -0.000000 0.000002 0.000006 -0.000005 -0.000000 0.000013 -0.000002 0.000006 -0.000005 -0.000003 0.000000 0.000001 4.570396 11.014682 -2.160815 0.282639 -1.859551 16.297924 -81.164012 -47.411826 -48.800660 -0.000020 -44.543629 -0.000025 26.902013 -2.079517 80.809498 2.466087 -1.576204 2.681694 -1.539964 3.690274 6.142361 3.939044 7.948722 0.746787 2.647891 -1.528754 1.528761 -0.579468 1.575003 2.538717 1.998914 -1.154096 1.154073 0.000001 0.000002 0.000001 9.109290 -0.518009 2.259901 -0.000002 -0.000000 0.000000 -0.000004 -0.000003 -0.000016 -0.000001 0.000002 0.000003 -0.000002 0.000001 -0.000001 9.533401 0.000007 -0.000004 -0.000004 -0.001928 0.015974 -0.000002 0.001925 -0.015978 0.000001 -0.000000 -0.000002 -0.000002 0.000000 -0.000001 9.104500 -0.043004 -1.865102 -0.000002 -0.000000 0.000000 -0.000002 0.000001 -0.000237 0.000004 -0.000000 -0.000010 0.000001 0.000000 -0.000001 8.077794 -0.486914 -3.806305 -0.018095 4.054250 0.511077 -0.018091 -4.054257 -0.511071 -0.000000 -0.000000 -0.000000 -0.000003 0.000001 -0.000000 -8.207800 -6.751709 -1.599545 -17.627286 -6.541230 -2.752572 16.408300 -5.945228 -3.374097 -3.957790 -0.995784 9.275101 -4.202112 0.000003 -0.000001 0.000000 -0.000000 -0.000000 8.207800 -6.751718 -1.599548 -20.022536 7.585245 8.387784 22.504322 1.583386 7.951395 -9.667697 1.715146 -10.630775 -0.029563 0.000001 0.000002 0.000000 -0.000000 0.000000 
4.217167 101.225876 -3.897362 7.104662 -6.435622 -2.516897 -0.000000 10.181542 0.131526 0.182464 -0.900828 -3.695653 0.418663 -1.496413 -4.438446 0.408851 -1.503466 -4.437088 -0.000001 16.740358 -2.049019 -3.513310 -0.033908 -1.695853 0.000001 9.617846 1.684977 -3.543509 -2.714436 0.749907 -0.000001 22.037384 7.501069 0.000000 0.000001 -0.000000 -4.570005 11.014861 -2.160841 1.318348 5.795652 -10.979425 -55.105321 7.031684 11.138096 -0.000002 16.433124 0.000011 32.318085 10.377570 -77.615920 -2.464785 -1.573968 2.681911 -1.849240 -3.581790 -6.586138 4.637194 -8.634141 -0.225375 -2.646265 -1.527802 1.527809 -1.273759 0.137314 -2.094878 -1.994598 -1.151575 1.151568 -0.000004 -0.000005 -0.000000 -9.108298 -0.517867 2.259806 0.000002 0.000001 -0.000000 -0.000006 0.000000 0.000004 0.000012 0.000002 0.000003 -0.000002 0.000000 -0.000001 -9.532500 0.000018 0.000002 0.000002 0.000000 -0.000000 -0.000005 0.000003 0.000003 0.000012 0.000002 0.000003 -0.000003 0.000000 0.000000 -9.103599 -0.043090 -1.865099 0.000001 0.000001 -0.000000 -0.000001 0.000007 0.000069 0.000010 0.000004 -0.000005 0.000007 -0.000001 0.000000 -8.076690 -0.486722 -3.806299 0.000002 0.000000 -0.000000 0.000002 -0.000002 0.000011 0.000003 0.000004 -0.000004 0.000004 0.000000 0.000001 4.570398 11.014687 -2.160816 -0.034753 -0.956909 19.138689 -83.024426 -52.427122 -48.613052 0.000010 -27.833683 0.000021 17.940837 -4.892771 72.765024 2.466117 -1.576209 2.681697 -1.539949 3.690283 6.142366 3.939043 7.948726 0.746786 2.647866 -1.528735 1.528751 -0.579469 1.575005 2.538718 1.998936 -1.154090 1.154072 -0.000000 -0.000003 0.000001 9.109307 -0.518006 2.259896 -0.000002 -0.000000 0.000003 -0.000005 -0.000002 -0.000016 0.000000 0.000002 0.000001 -0.000003 0.000000 0.000002 9.533401 0.000002 -0.000003 0.000005 -0.001923 0.015983 -0.000005 0.001926 -0.015980 0.000002 -0.000001 -0.000004 -0.000003 -0.000001 0.000003 9.104508 -0.043003 -1.865105 -0.000002 -0.000000 0.000003 -0.000002 0.000001 -0.000232 0.000002 -0.000002 -0.000010 -0.000002 -0.000001 0.000000 8.077810 -0.486898 -3.806304 -0.018083 4.054258 0.511076 -0.018091 -4.054255 -0.511071 0.000001 -0.000000 0.000002 0.000004 -0.000001 0.000003 -8.207801 -6.751711 -1.599543 -19.333325 -6.021225 -3.147649 17.898861 -4.773347 -3.867792 -4.745017 -1.098754 9.350808 -1.887279 0.000001 0.000003 -0.000000 -0.000002 -0.000000 8.207801 -6.751702 -1.599544 -20.707629 7.644101 7.978341 23.297570 2.810486 7.501329 -9.930767 1.760148 -10.595726 -0.000041 -0.000003 -0.000002 -0.000000 -0.000000 0.000000 
4.025997 100.544418 -4.006452 5.448311 -8.187498 -1.954734 -0.000000 10.181553 0.131523 0.533444 -0.796995 -4.236191 1.130213 -1.323038 -4.804355 1.119827 -1.336915 -4.802949 0.000002 16.740374 -2.049018 -0.789961 0.040422 -1.787694 0.000001 9.617842 1.684977 -3.808177 -2.558043 1.723837 -0.000002 22.037384 7.501074 -0.000000 -0.000000 0.000001 -4.569999 11.014878 -2.160839 1.180655 5.655449 -13.211104 -53.279113 6.408311 14.076619 -0.000006 15.761003 0.000024 26.963555 9.381170 -78.429566 -2.464797 -1.573984 2.681908 -1.849249 -3.581787 -6.586155 4.637201 -8.634145 -0.225376 -2.646280 -1.527816 1.527820 -1.273756 0.137311 -2.094878 -1.994613 -1.151599 1.151573 0.000004 -0.000001 -0.000000 -9.108285 -0.517868 2.259805 0.000001 0.000003 0.000000 -0.000005 0.000002 0.000005 0.000012 0.000003 0.000004 0.000000 0.000002 -0.000002 -9.532495 0.000015 0.000002 0.000001 0.000003 0.000000 -0.000005 0.000002 0.000003 0.000012 0.000003 0.000004 -0.000004 0.000000 -0.000002 -9.103593 -0.043091 -1.865102 0.000001 0.000003 0.000000 0.000001 0.000009 0.000068 0.000006 0.000003 -0.000004 0.000001 -0.000001 -0.000001 -8.076670 -0.486710 -3.806297 0.000002 0.000006 0.000000 -0.000001 -0.000001 0.000007 0.000002 0.000004 -0.000003 0.000003 -0.000001 -0.000001 4.570398 11.014688 -2.160816 -0.209259 -0.424461 20.050823 -83.580103 -53.848962 -50.394816 0.000007 -20.820445 0.000017 14.691988 -9.566632 70.399805 2.466101 -1.576207 2.681705 -1.539953 3.690280 6.142352 3.939045 7.948723 0.746789 2.647910 -1.528744 1.528754 -0.579471 1.575005 2.538719 1.998898 -1.154075 1.154073 0.000000 -0.000001 0.000001 9.109307 -0.518006 2.259907 -0.000001 -0.000001 -0.000000 -0.000002 -0.000003 -0.000018 -0.000001 0.000002 0.000001 -0.000001 0.000001 0.000002 9.533410 0.000003 0.000009 -0.000002 -0.001929 0.015983 -0.000002 0.001925 -0.015981 -0.000002 -0.000000 -0.000003 -0.000003 -0.000000 0.000000 9.104508 -0.042999 -1.865096 -0.000001 -0.000001 -0.000000 -0.000003 0.000000 -0.000236 0.000000 -0.000001 -0.000011 -0.000001 0.000000 -0.000001 8.077807 -0.486899 -3.806294 -0.018096 4.054257 0.511074 -0.018093 -4.054255 -0.511072 -0.000001 0.000000 0.000000 -0.000002 -0.000000 0.000001 -8.207801 -6.751702 -1.599541 -20.442947 -5.113282 -3.106212 22.808235 -4.259735 -4.841133 -7.055016 -1.312664 9.734253 -0.110479 0.000003 -0.000003 -0.000000 -0.000002 -0.000000 8.207799 -6.751698 -1.599544 -20.195490 8.071366 7.824716 26.398539 3.914157 7.587236 -11.738308 2.014962 -11.078039 -0.000086 0.000001 -0.000004 -0.000000 0.000000 0.000000 
3.732298 99.562805 -3.685011 2.067793 -9.592503 -2.106533 -0.000001 10.181558 0.131525 0.896923 -0.617170 -4.831988 1.860811 -1.164040 -5.092040 1.849773 -1.187009 -5.090542 0.000004 16.740351 -2.049019 2.681474 -0.042643 -1.207996 0.000006 9.617815 1.684983 -3.104025 -2.378488 2.427516 0.000002 22.037384 7.501071 -0.000002 -0.000001 -0.000000 -4.569999 11.014861 -2.160839 0.806184 3.860187 -12.712621 -54.454745 4.078784 21.172666 -0.000009 25.431704 0.000025 26.747371 7.259447 -84.250069 -2.464804 -1.573996 2.681908 -1.850149 -3.582093 -6.584936 4.637196 -8.634141 -0.225375 -2.646266 -1.527816 1.527806 -1.273766 0.137312 -2.094878 -1.994613 -1.151586 1.151583 0.000001 -0.000003 -0.000000 -9.108315 -0.517876 2.259801 -0.000001 -0.000153 0.001224 -0.000009 0.000000 0.000005 0.000009 0.000001 0.000004 -0.000000 0.000000 0.000003 -9.532515 0.000001 -0.000001 -0.000001 -0.000153 0.001224 -0.000009 -0.000000 0.000007 0.000009 0.000001 0.000004 0.000001 -0.000000 0.000001 -9.103600 -0.043112 -1.865099 -0.000001 -0.000153 0.001224 -0.000008 0.000007 0.000070 0.000001 0.000005 -0.000003 0.000002 -0.000000 -0.000001 -8.076715 -0.486728 -3.806299 -0.000005 -0.000157 0.001227 -0.000001 -0.000001 0.000008 0.000001 0.000003 -0.000005 0.000001 0.000000 -0.000000 4.570406 11.014666 -2.160813 -0.165903 -0.271463 17.903741 -81.524400 -50.096514 -52.620792 -0.000002 -28.461724 0.000009 20.525748 -10.990613 75.046990 2.466090 -1.576202 2.681700 -1.539951 3.690271 6.142360 3.939044 7.948726 0.746786 2.647865 -1.528728 1.528746 -0.579471 1.575001 2.538715 1.998917 -1.154093 1.154072 0.000001 0.000000 0.000003 9.109298 -0.518019 2.259905 0.000001 -0.000000 0.000000 0.000001 -0.000002 -0.000019 0.000000 0.000001 0.000000 0.000001 -0.000000 0.000001 9.533394 0.000004 0.000003 0.000003 -0.001930 0.015983 -0.000001 0.001925 -0.015980 0.000002 0.000000 -0.000005 -0.000002 0.000001 0.000001 9.104499 -0.042999 -1.865099 0.000001 -0.000000 0.000000 0.000001 0.000000 -0.000236 0.000005 -0.000002 -0.000010 0.000000 -0.000000 0.000002 8.077816 -0.486912 -3.806300 -0.018078 4.054244 0.511059 -0.018086 -4.054256 -0.511071 -0.000001 0.000001 0.000001 -0.000000 0.000000 -0.000000 -8.207801 -6.751700 -1.599539 -19.740353 -4.272598 -2.803133 28.422719 -4.224631 -5.692848 -10.102558 -1.574512 10.182115 -0.000009 0.000009 -0.000006 -0.000000 0.000000 0.000000 8.207798 -6.751720 -1.599543 -18.357272 8.740018 8.097286 30.741968 4.276017 7.926420 -14.540199 2.375146 -11.693253 -0.000039 0.000004 0.000000 -0.000000 0.000000 0.000000 
3.349015 98.388680 -2.949564 -2.287114 -10.304949 -3.108461 0.000000 10.181550 0.131522 1.186198 -0.387842 -5.300732 2.440100 -1.106701 -5.106412 2.427548 -1.139842 -5.104556 0.000004 16.740349 -2.049024 6.179593 -0.261517 -0.240576 0.000003 9.617846 1.684980 -1.540840 -2.472016 2.429403 -0.000001 22.037354 7.501074 0.000001 -0.000000 0.000003 -4.570000 11.014869 -2.160840 0.459598 1.430967 -9.332812 -56.110810 1.111531 28.130163 -0.000003 40.614757 0.000039 34.818720 5.877239 -89.094422 -2.464789 -1.573973 2.681912 -1.779033 -3.559394 -6.674834 4.637199 -8.634142 -0.225380 -2.646272 -1.527786 1.527803 -1.273755 0.137314 -2.094878 -1.994608 -1.151557 1.151573 0.000005 -0.000001 -0.000002 -9.108289 -0.517859 2.259802 -0.000002 0.010996 -0.090281 -0.000006 0.000001 0.000004 0.000007 0.000001 0.000004 0.000001 -0.000001 -0.000003 -9.532497 0.000035 -0.000003 -0.000002 0.010996 -0.090281 -0.000006 0.000000 0.000005 0.000007 0.000001 0.000004 0.000002 0.000000 -0.000002 -9.103602 -0.043076 -1.865104 -0.000001 0.010997 -0.090281 -0.000007 0.000009 0.000068 0.000004 0.000003 -0.000003 0.000002 0.000002 0.000003 -8.076697 -0.486694 -3.806300 -0.000005 0.010996 -0.090281 0.000001 -0.000001 0.000009 -0.000003 0.000001 -0.000001 0.000000 0.000001 0.000002 4.570403 11.014692 -2.160816 0.047603 -0.343981 12.818969 -79.055410 -45.195106 -56.758343 0.000000 -41.683039 0.000015 32.208221 -10.826722 80.217532 2.466096 -1.576194 2.681709 -1.539946 3.690280 6.142363 3.939047 7.948726 0.746793 2.647902 -1.528764 1.528761 -0.579473 1.575001 2.538718 1.998916 -1.154090 1.154075 0.000004 -0.000005 0.000003 9.109282 -0.518019 2.259908 0.000003 0.000001 0.000000 0.000002 -0.000001 -0.000018 0.000000 0.000002 0.000000 -0.000000 0.000002 -0.000001 9.533410 0.000008 0.000008 -0.000005 -0.001929 0.015983 0.000001 0.001927 -0.015984 -0.000000 -0.000000 -0.000006 0.000002 -0.000000 -0.000002 9.104491 -0.042998 -1.865091 0.000003 0.000001 0.000000 0.000002 0.000001 -0.000236 0.000007 -0.000002 -0.000010 -0.000001 0.000003 0.000000 8.077803 -0.486886 -3.806297 -0.018098 4.054260 0.511079 -0.018085 -4.054256 -0.511072 0.000000 0.000000 0.000001 0.000001 0.000001 0.000001 -8.207801 -6.751700 -1.599539 -17.456475 -3.835548 -2.353738 33.802733 -4.213370 -5.935651 -13.472274 -1.899842 10.389211 -0.000044 0.000002 -0.000001 -0.000000 -0.000000 -0.000000 8.207799 -6.751700 -1.599543 -15.571858 9.512418 8.818889 35.373136 3.710295 8.796889 -17.833605 2.815685 -12.393763 -0.060351 0.000003 0.000001 0.000000 0.000000 0.000000 
2.766106 97.283211 -1.880564 -6.478579 -10.334838 -4.636168 -0.000000 10.181547 0.131524 1.337176 -0.202442 -5.563155 2.742589 -1.263574 -4.822921 2.726057 -1.305058 -4.820502 -0.000003 16.740381 -2.049020 8.840483 -0.472964 0.486777 0.000002 9.617850 1.684974 0.787194 -2.748129 1.946411 0.000003 22.037369 7.501071 -0.000000 -0.000000 0.000000 -4.570008 11.014885 -2.160838 0.311937 -0.444157 -5.079592 -55.409879 -2.033534 32.983451 -0.000069 56.280212 0.000096 44.988373 6.766614 -89.998247 -2.464788 -1.573981 2.681897 -0.276352 -3.119738 -8.064224 4.637205 -8.634144 -0.225374 -2.646261 -1.527812 1.527819 -1.273760 0.137312 -2.094879 -1.994599 -1.151572 1.151574 -0.000001 -0.000006 0.000003 -9.108306 -0.517870 2.259795 0.002449 0.185354 -1.521216 -0.000007 0.000000 0.000004 0.000012 0.000001 0.000004 0.000002 0.000003 -0.000001 -9.532502 0.000032 -0.000009 0.002449 0.185355 -1.521216 -0.000007 -0.000001 0.000004 0.000012 0.000001 0.000004 0.000001 0.000002 0.000001 -9.103607 -0.043088 -1.865108 0.002449 0.185354 -1.521216 -0.000004 0.000006 0.000069 0.000005 0.000002 0.000000 0.000000 0.000002 -0.000001 -8.076695 -0.486704 -3.806308 0.002449 0.185354 -1.521210 0.000002 -0.000002 0.000011 0.000001 0.000006 -0.000003 -0.000002 -0.000002 -0.000001 4.570396 11.014689 -2.160813 0.331358 -0.608680 6.564376 -74.447252 -40.816343 -60.456839 -0.000007 -55.506512 -0.000011 43.167038 -11.632421 80.145542 2.466103 -1.576215 2.681699 -1.539953 3.690288 6.142366 3.939045 7.948721 0.746788 2.647879 -1.528728 1.528756 -0.579471 1.574999 2.538715 1.998927 -1.154073 1.154078 -0.000000 -0.000004 0.000002 9.109307 -0.518011 2.259898 0.000004 -0.000000 -0.000000 -0.000006 -0.000003 -0.000014 0.000000 0.000003 -0.000000 0.000002 -0.000002 0.000001 9.533399 0.000008 0.000001 0.000006 -0.001930 0.015987 0.000000 0.001923 -0.015981 -0.000002 0.000000 -0.000006 -0.000000 -0.000003 0.000003 9.104493 -0.043005 -1.865102 0.000004 -0.000000 -0.000000 -0.000003 -0.000001 -0.000235 0.000003 -0.000003 -0.000009 -0.000000 0.000000 0.000001 8.077802 -0.486894 -3.806301 -0.018091 4.054262 0.511076 -0.018093 -4.054253 -0.511071 -0.000002 -0.000003 0.000002 -0.000001 -0.000004 0.000000 -8.207799 -6.751727 -1.599544 -14.320658 -3.859387 -1.604046 37.990919 -4.205036 -5.692413 -16.616874 -2.158156 10.255553 -0.000003 0.000007 0.000002 -0.000000 0.000000 -0.000000 8.207800 -6.751709 -1.599544 -12.530835 10.444525 10.131464 39.183498 2.448632 9.950253 -20.908544 3.274130 -13.048859 -0.451034 0.000004 0.000000 0.000000 0.000000 0.000000 
1.970936 96.491150 -0.698937 -9.488797 -9.855771 -6.084934 0.000001 10.181560 0.131526 1.324985 -0.155305 -5.662223 2.724767 -1.665267 -4.463287 2.700851 -1.710578 -4.460153 0.000005 16.740358 -2.049022 10.132557 -0.595142 0.581740 -0.000008 9.617870 1.684976 3.251817 -3.060162 1.271717 0.000000 22.037399 7.501074 -0.000001 -0.000001 0.000001 -4.569996 11.014864 -2.160839 0.279934 -1.535384 -1.862511 -52.731830 -6.069345 36.524375 -0.000106 70.696153 0.000145 52.121829 9.781050 -89.981260 -2.464808 -1.574006 2.681900 4.859118 -1.563454 -11.442642 4.637202 -8.634142 -0.225374 -2.646281 -1.527795 1.527815 -1.273760 0.137311 -2.094883 -1.994598 -1.151586 1.151572 0.000001 -0.000006 -0.000000 -9.108300 -0.517882 2.259804 0.027994 0.624709 -5.133174 -0.000005 -0.000002 0.000006 0.000012 -0.000001 0.000008 -0.000000 -0.000002 0.000003 -9.532494 0.000011 -0.000005 0.027994 0.624710 -5.133176 -0.000005 -0.000002 0.000004 0.000012 -0.000001 0.000007 0.000004 -0.000001 0.000003 -9.103600 -0.043111 -1.865103 0.027996 0.624710 -5.133176 -0.000005 0.000002 0.000069 0.000010 0.000006 -0.000003 0.000003 0.000002 -0.000001 -8.076696 -0.486711 -3.806297 0.027999 0.624705 -5.133164 0.000001 0.000000 0.000012 0.000003 0.000004 -0.000002 -0.000000 -0.000001 0.000000 4.570402 11.014696 -2.160814 0.586984 -1.011504 0.974659 -67.648926 -37.307931 -61.926559 -0.000040 -68.510691 -0.000029 48.663325 -13.659711 76.185446 2.466108 -1.576205 2.681708 -1.539967 3.690280 6.142375 3.939043 7.948724 0.746787 2.647872 -1.528748 1.528751 -0.579471 1.575012 2.538718 1.998921 -1.154079 1.154084 -0.000003 0.000002 0.000001 9.109301 -0.518017 2.259910 0.000002 -0.000000 0.000002 -0.000001 -0.000003 -0.000014 0.000001 -0.000000 -0.000000 -0.000001 0.000003 -0.000001 9.533415 0.000001 0.000006 -0.000006 -0.001924 0.015992 0.000000 0.001924 -0.015976 -0.000001 0.000001 -0.000001 0.000002 -0.000002 0.000003 9.104502 -0.042998 -1.865097 0.000002 -0.000000 0.000002 -0.000001 -0.000000 -0.000236 0.000005 -0.000001 -0.000011 -0.000004 0.000003 -0.000000 8.077810 -0.486901 -3.806292 -0.018091 4.054252 0.511095 -0.018091 -4.054251 -0.511072 -0.000002 -0.000002 0.000000 -0.000001 -0.000003 -0.000000 -8.207798 -6.751713 -1.599543 -11.357095 -3.974508 -0.575850 40.525493 -4.647800 -5.204977 -19.036178 -2.305197 9.972560 0.000003 0.000000 -0.000001 -0.000000 -0.000002 -0.000000 8.207801 -6.751691 -1.599542 -10.188645 11.375386 12.214912 41.713222 0.764800 10.303743 -23.235458 3.512836 -13.269611 -0.620207 0.000000 0.000002 0.000000 -0.000000 0.000000 
1.151772 96.018646 0.283270 -10.888195 -8.986801 -7.041657 0.000001 10.181555 0.131524 1.180973 -0.267257 -5.690514 2.449045 -2.196518 -4.249450 2.415957 -2.240458 -4.245552 -0.000001 16.740366 -2.049021 10.074346 -0.649945 0.154932 -0.000004 9.617846 1.684971 4.730522 -3.399850 0.373818 -0.000001 22.037369 7.501075 -0.000001 -0.000000 -0.000002 -4.570003 11.014880 -2.160839 0.256341 -2.233695 0.088020 -49.879926 -10.996955 38.625676 -0.000433 83.879087 0.000488 54.347641 13.452210 -90.001512 -2.464777 -1.573981 2.681920 12.244891 1.120896 -15.645178 4.637200 -8.634144 -0.225374 -2.646277 -1.527816 1.527812 -1.273765 0.137311 -2.094879 -1.994601 -1.151553 1.151577 0.000002 -0.000002 -0.000002 -9.108283 -0.517843 2.259827 0.104309 1.202284 -9.916416 -0.000007 0.000000 0.000006 0.000010 0.000003 0.000002 -0.000003 -0.000000 -0.000002 -9.532482 0.000030 0.000016 0.104309 1.202285 -9.916416 -0.000006 0.000003 0.000003 0.000011 0.000001 0.000003 -0.000001 -0.000001 0.000001 -9.103581 -0.043100 -1.865083 0.104309 1.202284 -9.916416 -0.000003 0.000010 0.000068 0.000003 0.000011 -0.000003 -0.000002 -0.000004 0.000002 -8.076681 -0.486705 -3.806284 0.104304 1.202284 -9.916419 -0.000001 -0.000000 0.000012 0.000002 0.000006 -0.000003 -0.000002 0.000004 0.000000 4.570396 11.014691 -2.160813 0.751899 -1.363614 -2.831384 -61.717323 -35.250736 -62.228788 0.000041 -79.273600 0.000040 48.432035 -14.480175 73.676827 2.466110 -1.576208 2.681696 -1.539961 3.690290 6.142369 3.939046 7.948735 0.746785 2.647886 -1.528757 1.528765 -0.579478 1.575008 2.538715 1.998920 -1.154090 1.154076 -0.000003 -0.000004 0.000005 9.109303 -0.518008 2.259902 0.000001 0.000001 0.000001 -0.000002 -0.000002 -0.000016 0.000000 -0.000003 0.000000 -0.000000 -0.000004 0.000001 9.533414 0.000002 0.000000 -0.000003 -0.001930 0.015999 -0.000002 0.001927 -0.015981 0.000000 -0.000001 -0.000004 0.000003 0.000000 -0.000001 9.104504 -0.043002 -1.865098 0.000001 0.000001 0.000001 -0.000003 0.000001 -0.000232 0.000001 -0.000001 -0.000010 0.000000 -0.000001 -0.000000 8.077824 -0.486899 -3.806300 -0.018105 4.054259 0.511089 -0.018095 -4.054254 -0.511071 -0.000001 -0.000001 0.000000 0.000002 -0.000004 0.000001 -8.207798 -6.751710 -1.599545 -9.480381 -3.906310 0.533051 41.760890 -5.742315 -4.733539 -20.600008 -2.401911 9.854282 -0.000048 0.000005 -0.000001 -0.000000 0.000002 0.000000 8.207798 -6.751695 -1.599544 -9.211257 11.969069 14.295032 43.132064 -0.940585 10.235650 -24.628954 3.574159 -13.273123 -0.529219 -0.000000 0.000003 0.000000 -0.000000 0.000000 
0.494019 95.902771 0.872196 -10.750480 -7.958992 -7.425495 0.000000 10.181549 0.131523 0.954011 -0.508338 -5.675810 2.003872 -2.722709 -4.223360 1.962623 -2.760678 -4.219024 0.000001 16.740362 -2.049022 9.047555 -0.672707 -0.520539 -0.000000 9.617868 1.684975 4.443549 -3.782288 -0.783089 0.000002 22.037354 7.501076 -0.000000 -0.000000 0.000001 -4.569998 11.014855 -2.160840 0.224659 -2.689058 1.056787 -48.919645 -15.753408 38.130955 0.000907 94.553492 -0.000873 51.842403 14.746988 -89.997018 -2.464808 -1.573983 2.681888 14.394499 2.638768 -17.686346 4.637200 -8.634141 -0.225374 -2.646271 -1.527802 1.527817 -1.273758 0.137311 -2.094876 -1.994609 -1.151568 1.151577 0.000004 -0.000005 -0.000002 -9.108289 -0.517880 2.259790 0.159874 1.485454 -12.285789 -0.000005 0.000001 0.000004 0.000013 0.000003 0.000004 0.000000 -0.000001 -0.000000 -9.532495 -0.000001 -0.000019 0.159874 1.485455 -12.285793 -0.000005 0.000002 0.000005 0.000013 0.000001 0.000004 0.000002 -0.000001 -0.000001 -9.103594 -0.043110 -1.865119 0.159874 1.485454 -12.285789 -0.000002 0.000008 0.000068 0.000002 0.000006 -0.000002 -0.000001 0.000000 0.000002 -8.076695 -0.486730 -3.806320 0.159868 1.485455 -12.285790 0.000003 0.000003 0.000010 0.000001 0.000006 -0.000002 0.000001 0.000004 0.000001 4.570398 11.014687 -2.160814 0.820308 -1.638324 -4.101553 -59.359767 -35.192232 -62.566636 -0.000056 -86.708582 -0.000063 44.390096 -11.879291 77.122439 2.466095 -1.576209 2.681692 -1.545409 3.691529 6.134239 3.939050 7.948725 0.746791 2.647881 -1.528714 1.528752 -0.579469 1.575004 2.538718 1.998913 -1.154093 1.154079 0.000003 0.000001 0.000001 9.109306 -0.518017 2.259896 -0.000007 0.000483 -0.003929 -0.000003 -0.000003 -0.000017 0.000001 0.000002 0.000002 -0.000004 0.000002 0.000004 9.533405 0.000010 -0.000005 -0.000008 -0.001447 0.012052 -0.000002 0.001924 -0.015981 -0.000002 -0.000000 -0.000005 0.000000 -0.000001 -0.000004 9.104513 -0.043013 -1.865109 -0.000007 0.000483 -0.003929 0.000000 -0.000004 -0.000234 0.000002 -0.000003 -0.000010 -0.000001 0.000001 0.000002 8.077807 -0.486896 -3.806303 -0.017816 4.054738 0.507122 -0.018092 -4.054253 -0.511068 -0.000003 -0.000000 0.000001 -0.000004 0.000001 0.000000 -8.207800 -6.751714 -1.599545 -8.928451 -3.837712 1.389645 41.873844 -6.973879 -4.313864 -21.233958 -2.438337 9.813285 -0.000023 0.000003 -0.000002 -0.000000 0.000000 0.000000 8.207797 -6.751708 -1.599547 -9.494625 12.010441 15.634715 43.436752 -2.230533 10.202962 -25.000915 3.570087 -13.303643 -0.394439 0.000003 0.000004 -0.000000 0.000000 0.000000 
0.013188 96.278084 1.080535 -9.440225 -7.257555 -7.337358 0.000002 10.181548 0.131523 0.685332 -0.815562 -5.598431 1.469576 -3.140134 -4.373018 1.423854 -3.169418 -4.368548 0.000002 16.740356 -2.049021 7.416617 -0.681274 -1.246296 0.000004 9.617835 1.684975 2.700498 -4.228790 -1.943720 0.000005 22.037384 7.501074 -0.000002 -0.000000 0.000001 -4.570003 11.014868 -2.160839 0.223593 -2.694553 1.057005 -51.411090 -18.952832 34.838398 0.000291 100.087509 -0.000218 46.499849 13.472939 -89.988938 -2.464798 -1.574015 2.681895 10.483890 1.926434 -16.900506 4.637200 -8.634143 -0.225377 -2.646273 -1.527814 1.527813 -1.273760 0.137312 -2.094878 -1.994593 -1.151583 1.151574 0.000001 0.000002 0.000001 -9.108295 -0.517900 2.259799 0.133214 1.357230 -11.210447 -0.000006 0.000003 0.000006 0.000013 0.000002 0.000007 -0.000000 -0.000000 0.000001 -9.532497 -0.000010 -0.000003 0.133211 1.357228 -11.210448 -0.000005 0.000000 0.000005 0.000011 0.000004 0.000007 -0.000000 0.000001 -0.000000 -9.103588 -0.043130 -1.865100 0.133214 1.357230 -11.210447 -0.000004 0.000007 0.000070 0.000002 0.000005 -0.000001 -0.000001 -0.000000 0.000000 -8.076694 -0.486730 -3.806306 0.133208 1.357226 -11.210451 0.000000 0.000003 0.000010 0.000002 0.000006 -0.000001 -0.000001 -0.000001 -0.000001 4.570400 11.014681 -2.160814 0.811425 -1.884031 -2.749486 -61.902496 -36.707038 -63.009233 -0.001909 -90.071829 -0.002261 38.225461 -7.947058 86.395063 2.466108 -1.576191 2.681699 -1.173947 3.601584 6.717425 3.939047 7.948731 0.746788 2.647906 -1.528762 1.528754 -0.579468 1.575005 2.538717 1.998921 -1.154107 1.154070 0.000004 0.000004 0.000001 9.109303 -0.517995 2.259902 0.000073 -0.033783 0.279966 -0.000003 -0.000001 -0.000017 0.000000 -0.000001 -0.000003 -0.000001 0.000001 -0.000002 9.533402 0.000005 0.000001 0.000095 -0.035723 0.295939 -0.000001 0.001924 -0.015981 0.000002 0.000001 -0.000004 -0.000002 0.000000 -0.000000 9.104502 -0.042992 -1.865102 0.000073 -0.033783 0.279966 0.000002 -0.000000 -0.000237 0.000004 0.000002 -0.000010 0.000001 -0.000002 -0.000003 8.077805 -0.486874 -3.806303 -0.037849 4.020336 0.791722 -0.018092 -4.054252 -0.511074 -0.000001 -0.000002 0.000000 0.000001 -0.000002 0.000001 -8.207797 -6.751697 -1.599543 -9.309027 -3.921116 1.827316 40.591848 -7.748291 -3.981790 -20.789270 -2.343132 9.592457 0.000002 0.000002 0.000000 -0.000000 -0.000002 -0.000000 8.207801 -6.751698 -1.599545 -10.338192 11.846057 16.054484 42.153301 -2.901287 10.206283 -24.208911 3.547375 -13.464497 -0.261124 0.000000 -0.000001 0.000000 0.000000 0.000000 
-0.375722 97.157646 0.983379 -7.379438 -7.234979 -6.889775 0.000000 10.181551 0.131525 0.421551 -1.089260 -5.534721 0.935937 -3.354583 -4.748634 0.890866 -3.375152 -4.744360 -0.000002 16.740410 -2.049016 5.291071 -0.710303 -1.850645 -0.000005 9.617840 1.684975 0.610836 -4.909652 -2.657025 0.000004 22.037369 7.501074 -0.000001 0.000002 -0.000001 -4.569999 11.014884 -2.160837 0.273983 -2.170979 0.176981 -56.477147 -19.314416 29.747974 0.000394 99.005341 -0.000366 41.014559 11.876966 -89.993541 -2.464811 -1.574018 2.681906 6.174320 0.563788 -15.023233 4.637200 -8.634145 -0.225377 -2.646275 -1.527783 1.527827 -1.273762 0.137314 -2.094880 -1.994612 -1.151582 1.151567 0.000002 0.000000 -0.000001 -9.108307 -0.517891 2.259800 0.085947 1.092048 -8.999019 -0.000006 0.000000 0.000007 0.000009 0.000005 0.000004 0.000000 0.000000 -0.000001 -9.532502 -0.000005 -0.000002 0.085945 1.092047 -8.999021 -0.000007 -0.000002 0.000006 0.000010 -0.000001 0.000003 -0.000001 0.000002 0.000002 -9.103609 -0.043120 -1.865104 0.085947 1.092048 -8.999020 -0.000002 0.000010 0.000070 0.000002 0.000006 -0.000003 -0.000003 -0.000000 -0.000001 -8.076704 -0.486724 -3.806304 0.085941 1.092038 -8.999005 -0.000002 0.000000 0.000011 0.000000 0.000007 -0.000001 -0.000002 0.000003 0.000001 4.570401 11.014691 -2.160811 0.741041 -2.039848 0.689091 -67.444225 -38.274106 -62.380992 -0.002274 -89.686517 -0.002328 31.321338 -8.111312 90.095864 2.466114 -1.576249 2.681683 1.850602 2.792797 12.429446 3.939047 7.948722 0.746795 2.647876 -1.528745 1.528749 -0.579470 1.575003 2.538714 1.998932 -1.154078 1.154078 -0.000000 -0.000004 -0.000000 9.109313 -0.518033 2.259892 0.009870 -0.369205 3.060838 -0.000001 -0.000003 -0.000019 -0.000001 0.000004 0.000002 0.000002 -0.000002 0.000001 9.533405 -0.000010 -0.000011 0.009974 -0.371137 3.076805 -0.000002 0.001926 -0.015980 0.000002 -0.000000 -0.000007 0.000000 0.000001 0.000001 9.104504 -0.043030 -1.865113 0.009870 -0.369205 3.060838 -0.000001 0.000000 -0.000236 0.000006 -0.000002 -0.000009 -0.000000 -0.000002 0.000002 8.077817 -0.486902 -3.806313 -0.224934 3.678287 3.578053 -0.018090 -4.054255 -0.511071 0.000001 -0.000000 -0.000002 0.000002 0.000000 -0.000002 -8.207801 -6.751707 -1.599541 -10.139710 -3.916467 1.989876 37.752856 -7.993250 -3.853175 -19.222922 -2.106079 9.156553 0.000001 0.000012 0.000001 -0.000000 -0.000000 -0.000000 8.207799 -6.751692 -1.599544 -11.123941 11.978436 15.681838 38.986344 -2.969569 10.259962 -22.229119 3.512010 -13.816174 -0.172164 -0.000000 0.000004 0.000000 0.000000 0.000000 
-0.682003 98.347610 0.590279 -4.794201 -7.669794 -6.226061 -0.000001 10.181560 0.131524 0.214660 -1.301736 -5.521863 0.508844 -3.399740 -5.280879 0.467909 -3.413789 -5.277020 0.000001 16.740374 -2.049019 2.575702 -0.779894 -2.358435 -0.000006 9.617846 1.684977 -1.155231 -6.053905 -2.697660 0.000007 22.037369 7.501074 -0.000001 0.000001 -0.000002 -4.569998 11.014896 -2.160839 0.357571 -1.284416 -1.397035 -61.076993 -16.664471 23.730002 0.001083 92.426653 -0.001048 36.446006 10.594696 -89.993473 -2.464803 -1.574025 2.681920 3.660394 -0.412469 -13.660991 4.637201 -8.634143 -0.225374 -2.646271 -1.527787 1.527815 -1.273760 0.137311 -2.094875 -1.994587 -1.151579 1.151571 0.000001 -0.000001 0.000001 -9.108306 -0.517883 2.259811 0.059066 0.906271 -7.458222 -0.000004 -0.000001 0.000003 0.000012 0.000002 0.000004 0.000003 0.000003 0.000002 -9.532499 -0.000003 0.000014 0.059066 0.906271 -7.458225 -0.000007 0.000000 0.000007 0.000012 0.000002 0.000005 -0.000002 0.000001 0.000002 -9.103589 -0.043126 -1.865081 0.059066 0.906270 -7.458222 0.000000 0.000006 0.000067 0.000005 0.000004 -0.000001 0.000000 -0.000001 -0.000001 -8.076690 -0.486738 -3.806276 0.059066 0.906270 -7.458223 0.000000 0.000000 0.000010 0.000000 0.000007 -0.000002 0.000003 0.000004 0.000001 4.570401 11.014702 -2.160814 0.610159 -1.967842 5.228261 -72.205693 -39.080351 -59.676217 0.000119 -86.653681 0.000124 26.413532 -5.462215 89.974724 2.466090 -1.576172 2.681704 1.377478 2.985495 12.626672 3.939046 7.948724 0.746786 2.647887 -1.528764 1.528754 -0.579470 1.575003 2.538715 1.998924 -1.154073 1.154081 0.000001 -0.000004 -0.000000 9.109290 -0.517984 2.259903 0.010387 -0.378693 3.139622 -0.000002 -0.000003 -0.000015 0.000000 -0.000001 -0.000001 0.000002 -0.000003 -0.000002 9.533399 0.000040 0.000001 0.010484 -0.380616 3.155613 -0.000002 0.001925 -0.015982 0.000002 0.000003 -0.000004 0.000001 0.000000 -0.000001 9.104489 -0.042966 -1.865101 0.010387 -0.378693 3.139622 -0.000003 0.000001 -0.000233 0.000004 -0.000003 -0.000011 -0.000001 -0.000002 0.000002 8.077798 -0.486843 -3.806296 -0.229987 3.668471 3.656961 -0.018090 -4.054253 -0.511072 0.000001 -0.000000 -0.000001 -0.000000 0.000000 -0.000003 -8.207800 -6.751712 -1.599542 -11.209803 -3.659932 2.102716 33.593910 -7.958604 -3.930560 -16.706422 -1.789754 8.636503 -0.022290 0.000009 -0.000000 -0.000000 -0.000000 -0.000000 8.207799 -6.751703 -1.599544 -11.865743 12.335737 14.840780 34.356101 -2.504260 10.280332 -19.285027 3.363485 -14.246372 -0.272711 0.000001 0.000000 0.000000 0.000000 0.000000 
-0.847740 99.624062 -0.109033 -1.729374 -8.000281 -5.495245 -0.000001 10.181557 0.131521 0.089725 -1.549171 -5.435268 0.251369 -3.511151 -5.661241 0.213893 -3.521875 -5.657379 -0.000005 16.740379 -2.049020 -0.718126 -0.804893 -3.144095 0.000002 9.617857 1.684977 -2.884549 -7.618483 -2.269640 -0.000008 22.037369 7.501072 0.000000 0.000003 0.000001 -4.570005 11.014867 -2.160840 0.467973 -0.060950 -3.754987 -62.965390 -12.355110 16.871127 -0.000359 82.388426 0.000434 31.388435 8.964709 -89.989054 -2.464805 -1.574022 2.681909 1.972375 -1.213870 -12.796388 4.637196 -8.634146 -0.225372 -2.646276 -1.527807 1.527827 -1.273763 0.137311 -2.094870 -1.994617 -1.151599 1.151574 -0.000000 -0.000004 0.000005 -9.108297 -0.517890 2.259801 0.044423 0.786312 -6.466358 -0.000005 0.000003 0.000006 0.000012 0.000002 0.000004 -0.000001 0.000000 0.000001 -9.532501 0.000014 0.000002 0.044423 0.786313 -6.466360 -0.000007 0.000002 0.000006 0.000012 0.000001 0.000006 -0.000002 0.000003 0.000002 -9.103604 -0.043115 -1.865098 0.044423 0.786312 -6.466358 0.000001 0.000011 0.000069 0.000004 0.000005 -0.000001 0.000000 -0.000000 0.000002 -8.076693 -0.486747 -3.806299 0.044421 0.786308 -6.466360 0.000001 -0.000001 0.000010 0.000002 0.000006 -0.000002 0.000000 0.000002 0.000000 4.570398 11.014684 -2.160816 0.401293 -1.509057 9.600507 -75.239144 -39.406558 -55.077785 -0.000004 -81.400671 -0.000019 24.250899 -1.316427 86.317472 2.466092 -1.576237 2.681701 -1.352700 3.652147 6.607820 3.939044 7.948717 0.746788 2.647881 -1.528747 1.528764 -0.579474 1.575005 2.538717 1.998917 -1.154089 1.154074 -0.000002 -0.000004 -0.000000 9.109290 -0.518034 2.259902 0.000047 -0.027019 0.223904 -0.000002 -0.000002 -0.000019 0.000002 -0.000002 -0.000003 0.000001 -0.000002 -0.000004 9.533394 -0.000014 -0.000001 0.000060 -0.028949 0.239886 0.000002 0.001925 -0.015984 0.000001 -0.000001 -0.000011 -0.000001 0.000001 -0.000002 9.104482 -0.043011 -1.865099 0.000047 -0.027019 0.223904 0.000001 0.000000 -0.000234 0.000005 -0.000002 -0.000012 0.000002 -0.000001 -0.000002 8.077809 -0.486908 -3.806300 -0.033911 4.027134 0.735524 -0.018089 -4.054256 -0.511071 0.000000 -0.000000 -0.000002 0.000001 0.000002 -0.000004 -8.207800 -6.751705 -1.599543 -12.424677 -3.386446 2.191425 28.402763 -7.797601 -4.043595 -13.480470 -1.457291 8.088784 -0.947305 -0.000005 0.000004 0.000000 0.000000 0.000000 8.207797 -6.751698 -1.599545 -12.995567 12.386176 14.235092 29.109255 -1.732144 9.393135 -15.770372 2.907661 -14.159927 -0.707083 0.000001 -0.000002 -0.000000 0.000000 0.000000 
-0.862535 100.768410 -1.046743 1.580222 -7.930615 -4.817866 -0.000000 10.181574 0.131524 0.032290 -1.898690 -5.133819 0.136623 -3.866932 -5.652862 0.100782 -3.876482 -5.648287 0.000003 16.740374 -2.049020 -4.001864 -0.695096 -4.349390 0.000003 9.617860 1.684974 -4.985228 -9.251928 -1.740037 0.000019 22.037338 7.501073 0.000000 0.000001 -0.000001 -4.569998 11.014879 -2.160839 0.634386 1.597679 -6.881191 -61.869008 -7.806799 9.485807 -0.000087 69.420233 0.000117 25.837875 6.854978 -89.988439 -2.464795 -1.573998 2.681914 0.414369 -2.130621 -11.493464 4.637200 -8.634145 -0.225374 -2.646280 -1.527802 1.527821 -1.273759 0.137316 -2.094878 -1.994593 -1.151559 1.151578 0.000000 -0.000005 -0.000002 -9.108288 -0.517888 2.259806 0.026953 0.612901 -5.035955 -0.000004 -0.000002 0.000004 0.000010 0.000001 0.000002 0.000000 -0.000001 0.000001 -9.532492 0.000021 0.000004 0.026953 0.612901 -5.035954 -0.000006 -0.000001 0.000006 0.000013 0.000001 0.000002 -0.000002 0.000000 0.000003 -9.103596 -0.043142 -1.865100 0.026953 0.612900 -5.035954 -0.000003 0.000009 0.000071 0.000004 0.000005 -0.000002 -0.000001 0.000001 0.000000 -8.076693 -0.486748 -3.806297 0.026948 0.612901 -5.035957 0.000002 -0.000002 0.000010 0.000002 0.000006 -0.000003 0.000001 0.000000 0.000001 4.570403 11.014699 -2.160814 0.139608 -0.821593 13.193718 -78.267028 -40.763915 -49.757324 -0.000009 -72.240834 -0.000001 23.628030 -2.541637 77.295994 2.466103 -1.576199 2.681698 -1.539960 3.690280 6.142355 3.939045 7.948727 0.746792 2.647869 -1.528744 1.528751 -0.579469 1.575000 2.538719 1.998913 -1.154073 1.154081 -0.000004 -0.000001 0.000001 9.109282 -0.518002 2.259905 0.000003 -0.000003 -0.000006 -0.000003 -0.000003 -0.000018 0.000000 -0.000002 0.000002 0.000002 -0.000005 0.000003 9.533408 0.000000 0.000003 -0.000001 -0.001927 0.015983 -0.000006 0.001923 -0.015980 0.000003 -0.000001 -0.000003 -0.000003 0.000001 -0.000001 9.104499 -0.042994 -1.865101 0.000003 -0.000003 -0.000006 -0.000002 -0.000001 -0.000232 0.000001 0.000000 -0.000012 -0.000002 0.000000 0.000005 8.077799 -0.486872 -3.806297 -0.018092 4.054257 0.511078 -0.018089 -4.054258 -0.511070 -0.000001 0.000000 -0.000000 -0.000002 0.000001 0.000000 -8.207801 -6.751686 -1.599543 -13.657864 -3.289156 2.081949 22.742131 -7.559751 -3.830543 -9.945105 -1.152736 7.420785 -2.550023 -0.000010 0.000001 0.000000 -0.000002 -0.000000 8.207798 -6.751696 -1.599542 -14.520748 12.020246 13.830963 23.867393 -0.848487 8.043652 -12.081336 2.331023 -13.631032 -1.545582 -0.000003 -0.000001 0.000000 0.000000 0.000000 
-0.822644 101.571266 -2.057015 4.508843 -7.699420 -4.254871 0.000001 10.181540 0.131524 0.023998 -2.273432 -4.711585 0.122737 -4.373371 -5.386004 0.087936 -4.382835 -5.380260 0.000003 16.740356 -2.049019 -6.158252 -0.536568 -5.514968 0.000003 9.617878 1.684978 -7.188525 -10.516489 -1.382004 0.000004 22.037384 7.501074 -0.000001 -0.000001 0.000000 -4.569999 11.014859 -2.160839 0.874653 3.585930 -10.254720 -58.696672 -3.388520 2.750102 -0.000052 53.624358 0.000077 21.139852 4.722073 -89.979690 -2.464802 -1.573998 2.681917 -1.032903 -3.073927 -8.918028 4.637198 -8.634144 -0.225376 -2.646264 -1.527820 1.527797 -1.273759 0.137309 -2.094875 -1.994605 -1.151553 1.151585 -0.000004 -0.000001 -0.000000 -9.108308 -0.517883 2.259806 0.005928 0.287734 -2.361879 -0.000008 -0.000002 0.000004 0.000012 0.000002 0.000001 -0.000001 0.000001 0.000002 -9.532503 -0.000001 0.000004 0.005926 0.287733 -2.361879 -0.000005 -0.000000 0.000005 0.000011 0.000002 0.000002 -0.000000 -0.000000 0.000003 -9.103605 -0.043101 -1.865094 0.005928 0.287734 -2.361879 -0.000003 0.000009 0.000069 0.000004 0.000003 -0.000004 -0.000003 -0.000003 0.000001 -8.076701 -0.486731 -3.806295 0.005927 0.287738 -2.361877 0.000003 -0.000001 0.000010 0.000002 0.000004 -0.000005 -0.000003 -0.000000 -0.000003 4.570398 11.014686 -2.160815 -0.068996 -0.409878 16.280161 -80.687101 -44.250962 -44.755805 0.000025 -58.883484 0.000037 21.393698 -4.745104 73.158265 2.466086 -1.576188 2.681695 -1.539958 3.690265 6.142362 3.939044 7.948725 0.746787 2.647882 -1.528749 1.528744 -0.579472 1.575001 2.538720 1.998917 -1.154095 1.154076 0.000002 -0.000002 0.000003 9.109290 -0.518013 2.259899 0.000003 -0.000008 -0.000006 -0.000003 -0.000002 -0.000015 -0.000002 0.000002 -0.000000 -0.000005 0.000001 0.000001 9.533394 0.000003 -0.000001 -0.000009 -0.001930 0.015989 -0.000005 0.001925 -0.015980 -0.000004 0.000002 -0.000004 -0.000003 -0.000001 -0.000001 9.104500 -0.042993 -1.865100 0.000003 -0.000008 -0.000006 -0.000000 0.000001 -0.000235 0.000004 -0.000003 -0.000008 -0.000005 0.000001 -0.000001 8.077803 -0.486886 -3.806306 -0.018093 4.054246 0.511065 -0.018094 -4.054253 -0.511072 -0.000003 -0.000002 0.000003 -0.000003 -0.000002 0.000005 -8.207799 -6.751709 -1.599541 -14.779882 -3.248131 1.919977 17.733645 -7.397648 -3.567380 -6.768030 -0.928178 6.818443 -3.577516 -0.000005 -0.000001 0.000000 0.000001 0.000000 8.207799 -6.751700 -1.599542 -15.967230 11.463373 13.479834 19.380006 -0.122677 6.910878 -8.856623 1.860357 -13.055027 -2.383793 -0.000005 -0.000000 0.000000 0.000000 0.000000 
-0.862696 101.919159 -2.931526 6.315690 -7.825601 -3.799510 -0.000000 10.181554 0.131522 0.074265 -2.545966 -4.416090 0.227090 -4.793856 -5.151809 0.192680 -4.804375 -5.144751 0.000001 16.740366 -2.049020 -6.342537 -0.462907 -6.227391 0.000007 9.617854 1.684980 -8.680292 -11.136578 -1.271080 0.000011 22.037354 7.501076 -0.000001 0.000002 0.000001 -4.570003 11.014880 -2.160841 1.130726 5.465526 -13.281385 -54.793393 0.841638 -1.738077 -0.000019 37.797782 0.000056 17.562658 3.628126 -88.923216 -2.464809 -1.574014 2.681908 -1.820070 -3.564854 -6.693457 4.637200 -8.634145 -0.225378 -2.646267 -1.527811 1.527821 -1.273763 0.137312 -2.094874 -1.994612 -1.151586 1.151576 0.000001 0.000000 -0.000001 -9.108317 -0.517895 2.259800 0.000008 0.013124 -0.107603 -0.000006 -0.000002 0.000008 0.000013 0.000002 0.000003 0.000002 0.000002 -0.000000 -9.532507 -0.000005 -0.000000 0.000008 0.013124 -0.107603 -0.000007 0.000001 0.000005 0.000013 0.000000 0.000006 -0.000000 0.000001 0.000001 -9.103601 -0.043124 -1.865102 0.000008 0.013124 -0.107603 0.000000 0.000012 0.000073 0.000001 0.000002 -0.000001 0.000000 -0.000003 0.000000 -8.076695 -0.486751 -3.806299 0.000006 0.013121 -0.107600 0.000002 -0.000003 0.000014 0.000001 0.000003 -0.000003 -0.000002 -0.000003 0.000003 4.570399 11.014702 -2.160815 -0.146488 -0.518521 19.037482 -80.435545 -48.136144 -40.522553 -0.000028 -45.596301 -0.000023 16.298293 -5.813423 70.909651 2.466123 -1.576185 2.681697 -1.540819 3.690427 6.141104 3.939042 7.948725 0.746791 2.647883 -1.528742 1.528753 -0.579469 1.575005 2.538720 1.998912 -1.154075 1.154070 -0.000000 -0.000003 0.000002 9.109321 -0.517991 2.259895 0.000007 0.000074 -0.000620 -0.000004 -0.000001 -0.000018 0.000001 -0.000000 -0.000000 -0.000001 0.000001 0.000001 9.533406 0.000019 -0.000005 0.000012 -0.001862 0.015365 -0.000002 0.001925 -0.015982 0.000000 0.000003 -0.000005 0.000004 -0.000000 0.000001 9.104514 -0.042971 -1.865105 0.000007 0.000074 -0.000620 -0.000001 -0.000000 -0.000235 0.000003 -0.000003 -0.000009 -0.000000 0.000001 -0.000000 8.077806 -0.486876 -3.806303 -0.018036 4.054318 0.510454 -0.018089 -4.054255 -0.511070 0.000001 -0.000002 0.000002 0.000004 -0.000002 0.000002 -8.207799 -6.751711 -1.599542 -15.907073 -3.085714 1.881729 15.126837 -7.383812 -3.544608 -4.883128 -0.808238 6.449874 -3.575182 0.000001 0.000001 0.000000 -0.000000 -0.000000 8.207798 -6.751709 -1.599544 -16.887761 10.990871 13.129306 16.694374 0.383364 6.508537 -6.875328 1.625435 -12.895389 -2.811471 -0.000000 -0.000001 0.000000 0.000000 0.000000 
-1.063742 101.682823 -3.539844 6.164308 -9.160639 -3.580228 -0.000000 10.181540 0.131524 0.193973 -2.611633 -4.523413 0.480587 -4.932039 -5.226147 0.444076 -4.945927 -5.217830 -0.000004 16.740364 -2.049019 -4.306815 -0.388757 -6.164674 -0.000005 9.617835 1.684976 -8.491215 -10.208758 -1.229087 -0.000000 22.037399 7.501075 -0.000002 0.000001 -0.000002 -4.570001 11.014890 -2.160838 1.166373 6.246392 -15.005429 -51.623225 4.307511 -1.073146 -0.000019 28.353693 0.000036 15.179551 3.771014 -87.844279 -2.464778 -1.574029 2.681915 -1.727788 -3.530582 -6.733206 4.637202 -8.634145 -0.225379 -2.646257 -1.527812 1.527814 -1.273763 0.137314 -2.094874 -1.994598 -1.151586 1.151560 0.000001 -0.000005 -0.000000 -9.108284 -0.517914 2.259809 0.000027 0.018725 -0.153652 -0.000004 0.000002 0.000008 0.000009 0.000000 0.000009 -0.000000 -0.000001 0.000002 -9.532484 -0.000025 0.000006 0.000028 0.018724 -0.153652 -0.000005 0.000002 0.000006 0.000009 0.000000 0.000009 -0.000002 -0.000003 0.000002 -9.103590 -0.043148 -1.865096 0.000027 0.018726 -0.153652 -0.000001 0.000008 0.000069 0.000002 0.000001 -0.000001 0.000002 -0.000000 -0.000002 -8.076682 -0.486745 -3.806293 0.000026 0.018730 -0.153655 0.000002 0.000001 0.000010 -0.000001 0.000004 -0.000001 -0.000002 0.000002 -0.000000 4.570399 11.014699 -2.160813 -0.084627 -0.862907 20.231773 -78.328657 -49.483122 -39.160060 -0.000007 -38.385571 0.000003 12.944014 -6.827481 71.077066 2.466126 -1.576211 2.681700 -1.490259 3.681610 6.214305 3.939044 7.948721 0.746789 2.647871 -1.528716 1.528746 -0.579474 1.575005 2.538712 1.998913 -1.154104 1.154076 0.000000 0.000003 0.000001 9.109307 -0.518019 2.259902 0.000001 -0.004202 0.034812 -0.000001 -0.000003 -0.000017 0.000006 0.000001 0.000002 0.000004 -0.000000 0.000003 9.533415 -0.000010 0.000000 -0.000007 -0.006118 0.050794 0.000007 0.001923 -0.015982 0.000002 0.000000 -0.000003 0.000004 0.000001 0.000001 9.104514 -0.043001 -1.865097 0.000001 -0.004202 0.034812 0.000003 0.000001 -0.000237 0.000005 -0.000002 -0.000011 0.000002 -0.000000 -0.000004 8.077835 -0.486890 -3.806299 -0.020562 4.050048 0.545973 -0.018091 -4.054254 -0.511071 0.000001 0.000000 0.000001 -0.000001 0.000000 0.000004 -8.207800 -6.751708 -1.599541 -17.328982 -2.776508 2.098187 17.117426 -6.945197 -3.553283 -5.377602 -0.786103 6.150683 -2.273177 0.000006 0.000000 0.000000 -0.000000 -0.000000 8.207801 -6.751715 -1.599545 -17.275070 10.852048 13.243532 17.725478 1.109948 6.803789 -7.215878 1.724708 -13.384279 -2.513191 0.000000 -0.000004 -0.000000 -0.000000 -0.000000 
-1.405931 100.522110 -4.005698 3.271014 -12.674672 -4.111604 -0.000000 10.181546 0.131523 0.333780 -2.439958 -5.259574 0.799509 -4.806113 -5.794419 0.755870 -4.827462 -5.784315 0.000002 16.740389 -2.049017 -0.355095 0.025206 -4.718678 -0.000003 9.617853 1.684975 -6.229814 -5.650050 -0.937587 0.000003 22.037384 7.501075 0.000001 0.000001 -0.000001 -4.570004 11.014890 -2.160840 0.715355 4.812302 -13.609846 -51.811107 6.750026 8.577836 -0.000017 31.284995 0.000034 17.499232 4.436084 -89.806332 -2.464797 -1.573990 2.681912 -0.887954 -3.066144 -8.654104 4.637198 -8.634144 -0.225378 -2.646256 -1.527815 1.527821 -1.273761 0.137316 -2.094872 -1.994599 -1.151571 1.151586 0.000001 -0.000006 0.000003 -9.108307 -0.517906 2.259802 0.004761 0.257452 -2.113008 -0.000007 -0.000001 0.000006 0.000010 0.000001 0.000004 0.000002 0.000002 0.000003 -9.532492 -0.000001 0.000002 0.004761 0.257450 -2.113008 -0.000006 -0.000001 0.000007 0.000011 -0.000000 0.000002 -0.000001 -0.000001 -0.000000 -9.103605 -0.043111 -1.865098 0.004761 0.257451 -2.113005 0.000000 0.000012 0.000069 0.000001 0.000001 -0.000001 0.000002 0.000004 -0.000001 -8.076706 -0.486744 -3.806298 0.004753 0.257448 -2.113013 0.000001 -0.000001 0.000011 -0.000000 0.000006 -0.000001 0.000000 -0.000001 -0.000002 4.570397 11.014696 -2.160815 0.128027 -1.063994 17.235824 -77.092236 -47.123104 -43.847444 0.000008 -40.654246 0.000019 16.919232 -7.718711 76.368133 2.466118 -1.576208 2.681704 -1.255103 3.641444 6.554495 3.939038 7.948726 0.746792 2.647892 -1.528776 1.528747 -0.579469 1.575003 2.538713 1.998902 -1.154095 1.154073 -0.000005 0.000003 -0.000000 9.109303 -0.518005 2.259904 0.000043 -0.024065 0.199401 0.000002 -0.000001 -0.000016 0.000000 0.000002 -0.000001 -0.000002 0.000002 0.000001 9.533422 0.000004 0.000002 0.000059 -0.025997 0.215375 -0.000001 0.001927 -0.015980 0.000002 0.000002 -0.000003 -0.000001 0.000001 0.000000 9.104515 -0.042999 -1.865097 0.000043 -0.024065 0.199401 -0.000000 0.000004 -0.000238 0.000003 -0.000000 -0.000012 -0.000002 0.000002 0.000002 8.077826 -0.486892 -3.806297 -0.032166 4.030097 0.710952 -0.018094 -4.054253 -0.511070 0.000004 -0.000001 -0.000000 0.000003 -0.000002 0.000001 -8.207800 -6.751702 -1.599539 -18.796132 -2.258305 3.038735 24.487886 -4.998166 -3.637924 -8.572448 -0.836981 5.640347 -0.471013 -0.000010 0.000001 0.000000 -0.000002 0.000000 8.207800 -6.751709 -1.599545 -17.144427 11.429738 14.387228 23.948745 2.685844 7.890083 -10.599375 2.310306 -14.841161 -1.584081 -0.000005 0.000003 0.000000 -0.000000 0.000000 
-1.739135 99.253273 -4.114777 -0.429242 -16.045509 -5.366807 0.000002 10.181529 0.131523 0.444548 -2.192894 -6.058740 1.059928 -4.627450 -6.375085 1.008535 -4.657337 -6.363115 -0.000006 16.740372 -2.049022 3.485490 0.470606 -2.911815 0.000007 9.617843 1.684975 -3.918980 -0.725836 -0.752509 0.000001 22.037384 7.501073 -0.000000 -0.000001 0.000001 -4.570002 11.014860 -2.160841 0.354163 2.511745 -10.404299 -56.801397 6.986954 21.787846 -0.000031 41.399508 0.000058 25.223088 5.889901 -89.986247 -2.464814 -1.573978 2.681919 1.297338 -1.934344 -13.458894 4.637193 -8.634141 -0.225375 -2.646281 -1.527819 1.527830 -1.273762 0.137309 -2.094881 -1.994589 -1.151599 1.151600 0.000003 0.000003 -0.000004 -9.108335 -0.517870 2.259812 0.052130 0.851503 -7.004972 -0.000010 -0.000001 0.000008 0.000010 -0.000001 0.000006 0.000002 -0.000002 0.000003 -9.532513 0.000038 0.000011 0.052130 0.851503 -7.004971 -0.000007 -0.000003 0.000006 0.000012 -0.000001 0.000006 -0.000001 0.000002 0.000002 -9.103625 -0.043088 -1.865093 0.052130 0.851503 -7.004968 -0.000004 0.000011 0.000074 0.000002 0.000003 -0.000001 -0.000002 -0.000003 -0.000001 -8.076718 -0.486706 -3.806289 0.052118 0.851483 -7.004957 0.000001 -0.000004 0.000014 0.000000 0.000005 -0.000003 0.000001 0.000001 0.000001 4.570395 11.014683 -2.160816 0.312965 -0.882903 11.599507 -77.701250 -44.024592 -51.365396 0.000020 -47.129606 0.000016 25.036823 -7.334638 81.428750 2.466089 -1.576238 2.681694 -1.007352 3.600690 6.912768 3.939047 7.948726 0.746790 2.647891 -1.528751 1.528761 -0.579470 1.575005 2.538723 1.998917 -1.154091 1.154073 -0.000000 -0.000002 -0.000000 9.109294 -0.518027 2.259898 0.000155 -0.044966 0.372616 -0.000004 -0.000001 -0.000018 0.000002 0.000003 0.000001 0.000004 -0.000002 0.000004 9.533395 -0.000014 -0.000002 0.000159 -0.046905 0.388612 -0.000001 0.001927 -0.015980 0.000002 -0.000001 -0.000008 -0.000001 0.000000 -0.000001 9.104498 -0.043025 -1.865103 0.000155 -0.044966 0.372616 0.000003 -0.000001 -0.000239 0.000004 -0.000003 -0.000014 -0.000001 -0.000002 -0.000006 8.077806 -0.486902 -3.806304 -0.044353 4.009085 0.884596 -0.018091 -4.054254 -0.511074 0.000000 -0.000000 -0.000001 -0.000001 -0.000002 -0.000001 -8.207799 -6.751729 -1.599545 -18.699506 -1.724462 3.980139 30.780131 -2.803679 -3.475296 -11.493904 -0.890355 4.890421 -0.021618 0.000007 0.000003 -0.000000 -0.000000 -0.000000 8.207799 -6.751722 -1.599543 -15.909121 12.420301 15.856884 29.627554 4.025774 8.607410 -13.945493 2.931314 -16.103137 -1.198478 0.000003 -0.000005 -0.000000 0.000001 0.000000 
-1.980129 98.078789 -4.233224 -3.988037 -18.968743 -7.022652 0.000002 10.181549 0.131522 0.482416 -2.005536 -6.685648 1.172030 -4.622581 -6.760308 1.112953 -4.660129 -6.746031 0.000003 16.740366 -2.049023 6.256859 1.024829 -1.255111 0.000007 9.617835 1.684977 -1.910738 4.220808 -0.670315 -0.000007 22.037369 7.501076 0.000000 -0.000002 -0.000000 -4.569992 11.014870 -2.160842 0.281087 0.806057 -6.654883 -60.889852 5.031105 33.051439 -0.000046 53.441890 0.000063 35.176936 7.220408 -89.991909 -2.464794 -1.573977 2.681911 3.768096 -1.312242 -14.849784 4.637199 -8.634142 -0.225375 -2.646265 -1.527814 1.527825 -1.273758 0.137314 -2.094878 -1.994586 -1.151576 1.151585 0.000002 -0.000003 0.000001 -9.108306 -0.517843 2.259803 0.076598 1.031300 -8.494454 -0.000006 -0.000000 0.000009 0.000010 0.000000 0.000007 0.000000 0.000004 0.000002 -9.532507 0.000025 0.000000 0.076598 1.031300 -8.494454 -0.000007 0.000000 0.000007 0.000011 0.000000 0.000009 0.000002 -0.000003 -0.000001 -9.103598 -0.043098 -1.865100 0.076598 1.031299 -8.494454 -0.000001 0.000009 0.000072 0.000008 0.000005 -0.000003 -0.000004 -0.000002 0.000004 -8.076704 -0.486717 -3.806299 0.076598 1.031299 -8.494454 0.000001 -0.000000 0.000011 0.000002 0.000004 -0.000003 -0.000003 0.000002 0.000002 4.570401 11.014692 -2.160817 0.483481 -0.770804 5.232590 -77.210951 -41.153478 -57.879849 -0.000004 -53.413855 -0.000011 32.796123 -6.950560 83.612184 2.466096 -1.576218 2.681695 -0.757737 3.561811 7.271941 3.939045 7.948726 0.746792 2.647877 -1.528746 1.528751 -0.579475 1.575003 2.538716 1.998917 -1.154079 1.154078 0.000002 0.000003 -0.000000 9.109287 -0.518025 2.259898 0.000319 -0.065909 0.546170 -0.000003 -0.000003 -0.000019 0.000001 0.000001 -0.000001 -0.000003 0.000001 -0.000001 9.533384 -0.000009 -0.000001 0.000331 -0.067825 0.562157 0.000000 0.001922 -0.015980 0.000002 0.000001 -0.000006 0.000002 0.000001 0.000002 9.104492 -0.043010 -1.865102 0.000319 -0.065909 0.546170 0.000002 -0.000003 -0.000236 0.000005 -0.000005 -0.000008 0.000001 -0.000004 -0.000000 8.077793 -0.486910 -3.806304 -0.056481 3.987993 1.058551 -0.018090 -4.054257 -0.511073 0.000002 0.000001 0.000001 0.000003 -0.000000 0.000002 -8.207800 -6.751703 -1.599539 -18.079260 -1.091772 4.977778 35.608573 -0.857419 -3.369454 -13.695374 -0.926300 4.163206 -0.000048 0.000009 -0.000004 -0.000000 -0.000002 -0.000000 8.207800 -6.751699 -1.599543 -14.408504 13.453590 17.269959 34.095089 5.108339 9.194344 -16.668602 3.481344 -17.182005 -0.901016 0.000003 -0.000001 0.000000 -0.000000 0.000000 
-2.113140 97.009613 -4.439821 -7.035941 -21.360145 -8.720794 0.000003 10.181536 0.131524 0.441297 -1.900764 -7.213975 1.129458 -4.785368 -7.111494 1.062040 -4.829932 -7.094026 -0.000002 16.740372 -2.049022 7.063456 1.846767 0.240232 0.000003 9.617827 1.684977 -0.550117 9.953329 -0.204989 0.000002 22.037369 7.501074 -0.000001 0.000001 -0.000000 -4.570001 11.014870 -2.160839 0.192328 -0.508184 -3.027704 -60.427790 3.226683 39.009539 -0.000082 63.347634 0.000104 40.920859 8.403184 -89.995256 -2.464805 -1.573949 2.681904 4.727381 -1.142637 -14.106693 4.637197 -8.634147 -0.225375 -2.646277 -1.527779 1.527809 -1.273757 0.137309 -2.094879 -1.994590 -1.151546 1.151578 0.000001 0.000000 0.000003 -9.108295 -0.517847 2.259798 0.064680 0.948165 -7.805248 -0.000007 0.000001 0.000006 0.000011 -0.000003 0.000003 0.000006 0.000004 0.000001 -9.532495 0.000032 -0.000002 0.064680 0.948165 -7.805248 -0.000006 0.000005 0.000006 0.000012 -0.000003 0.000002 0.000006 0.000002 0.000002 -9.103598 -0.043081 -1.865104 0.064684 0.948168 -7.805248 -0.000003 0.000012 0.000069 0.000006 0.000006 -0.000004 0.000002 -0.000001 -0.000000 -8.076704 -0.486707 -3.806304 0.064680 0.948165 -7.805252 0.000001 0.000000 0.000010 -0.000001 0.000009 -0.000004 0.000000 0.000005 0.000004 4.570399 11.014682 -2.160816 0.667938 -1.017178 0.058671 -73.536774 -38.261504 -60.994347 -0.000006 -59.686933 -0.000004 37.608767 -6.897262 84.968066 2.466114 -1.576230 2.681695 -0.306022 3.510292 7.801228 3.939048 7.948719 0.746790 2.647878 -1.528728 1.528744 -0.579467 1.575005 2.538716 1.998947 -1.154078 1.154075 0.000001 -0.000003 0.000003 9.109296 -0.518033 2.259895 0.000683 -0.096750 0.801627 0.000001 -0.000002 -0.000015 0.000001 0.000004 0.000004 -0.000001 0.000001 -0.000000 9.533402 -0.000027 -0.000001 0.000710 -0.098680 0.817622 -0.000000 0.001927 -0.015981 0.000002 -0.000003 -0.000006 -0.000000 -0.000000 -0.000002 9.104511 -0.043028 -1.865105 0.000683 -0.096750 0.801627 0.000000 0.000003 -0.000233 0.000002 -0.000000 -0.000007 -0.000001 0.000002 0.000004 8.077798 -0.486915 -3.806307 -0.074213 3.956856 1.314586 -0.018091 -4.054255 -0.511069 0.000002 0.000002 0.000001 0.000000 0.000003 0.000001 -8.207800 -6.751724 -1.599544 -17.603993 -0.331512 6.000480 39.450558 0.596342 -3.392959 -15.341886 -0.930629 3.608579 -0.004034 -0.000003 0.000000 -0.000000 -0.000000 0.000000 8.207803 -6.751704 -1.599543 -13.188487 14.365565 18.524998 37.665847 5.908071 9.704212 -18.824903 3.962909 -18.093808 -0.660194 -0.000000 0.000003 0.000000 -0.000000 0.000000 
-2.193384 96.009232 -4.670754 -9.462243 -23.172668 -10.172274 0.000002 10.181546 0.131522 0.456832 -1.744579 -7.725891 1.200024 -4.872055 -7.470603 1.124470 -4.926277 -7.449776 -0.000011 16.740360 -2.049019 6.781449 2.594761 1.578976 -0.000002 9.617868 1.684975 0.002543 14.980121 0.571239 -0.000008 22.037369 7.501072 -0.000002 0.000001 0.000000 -4.570004 11.014858 -2.160842 0.002255 -2.223719 0.639022 -57.054387 0.973840 42.212919 -0.000130 73.858189 0.000169 43.956400 10.121309 -89.996669 -2.464795 -1.574005 2.681909 5.392142 -0.695378 -13.763483 4.637201 -8.634140 -0.225375 -2.646286 -1.527810 1.527825 -1.273760 0.137312 -2.094881 -1.994613 -1.151586 1.151570 0.000001 -0.000004 0.000003 -9.108304 -0.517870 2.259802 0.060411 0.916519 -7.542995 -0.000008 0.000000 0.000007 0.000011 -0.000001 0.000004 -0.000001 0.000005 0.000002 -9.532490 0.000011 0.000002 0.060409 0.916520 -7.542995 -0.000008 0.000005 0.000007 0.000011 -0.000000 0.000003 -0.000005 0.000002 0.000002 -9.103588 -0.043085 -1.865094 0.060412 0.916519 -7.542995 -0.000006 0.000011 0.000068 0.000005 0.000007 -0.000003 -0.000006 0.000006 -0.000001 -8.076691 -0.486720 -3.806301 0.060405 0.916521 -7.542996 -0.000002 0.000002 0.000011 0.000000 0.000006 -0.000003 -0.000004 0.000004 0.000002 4.570396 11.014660 -2.160819 0.853563 -1.446074 -4.036436 -67.203939 -35.173739 -61.555010 -0.000025 -67.271134 -0.000018 40.125818 -7.207843 86.506320 2.466095 -1.576188 2.681702 0.830851 3.345232 9.061288 3.939046 7.948721 0.746786 2.647872 -1.528745 1.528753 -0.579470 1.575005 2.538718 1.998925 -1.154111 1.154087 -0.000001 0.000003 -0.000000 9.109301 -0.518010 2.259903 0.002100 -0.170685 1.414516 0.000001 -0.000003 -0.000016 0.000002 0.000000 -0.000001 0.000002 -0.000002 0.000002 9.533405 0.000012 0.000002 0.002150 -0.172605 1.430502 0.000001 0.001924 -0.015981 0.000000 -0.000001 -0.000006 -0.000001 0.000001 0.000000 9.104492 -0.042987 -1.865098 0.002100 -0.170684 1.414516 -0.000001 0.000002 -0.000233 0.000003 -0.000002 -0.000009 0.000000 0.000000 -0.000001 8.077819 -0.486886 -3.806297 -0.116203 3.881891 1.928783 -0.018089 -4.054255 -0.511071 0.000001 -0.000000 0.000000 0.000001 -0.000000 0.000000 -8.207798 -6.751710 -1.599543 -17.504272 0.528564 6.948348 42.745520 1.459643 -3.504321 -16.712395 -0.912249 3.274287 -0.014170 -0.000003 -0.000000 -0.000000 -0.000000 -0.000000 8.207802 -6.751719 -1.599543 -12.442250 15.128872 19.628273 40.702518 6.320200 10.076928 -20.609232 4.396602 -18.791228 -0.615896 -0.000004 -0.000000 0.000000 -0.000000 0.000000 
-2.317312 95.083267 -4.770502 -11.238668 -24.431549 -11.297506 -0.000001 10.181561 0.131522 0.457013 -1.664319 -8.136563 1.244254 -5.080978 -7.697604 1.158626 -5.144372 -7.672396 0.000006 16.740364 -2.049026 5.791317 3.340805 2.640956 0.000001 9.617827 1.684978 -0.153502 19.711605 1.351432 -0.000002 22.037369 7.501069 -0.000000 0.000003 0.000001 -4.570002 11.014887 -2.160844 -0.085109 -3.836898 3.936064 -51.311431 -2.054770 43.933983 -0.000621 85.709291 0.000685 45.126937 12.772770 -89.999729 -2.464808 -1.573978 2.681911 7.704212 0.943089 -15.068174 4.637198 -8.634145 -0.225372 -2.646259 -1.527821 1.527812 -1.273762 0.137309 -2.094877 -1.994601 -1.151561 1.151575 0.000004 0.000000 0.000001 -9.108295 -0.517856 2.259808 0.088994 1.111143 -9.157795 -0.000005 -0.000000 0.000005 0.000009 0.000003 0.000007 -0.000005 0.000004 0.000001 -9.532498 0.000018 0.000000 0.088993 1.111143 -9.157796 -0.000005 0.000003 0.000007 0.000009 0.000003 0.000007 -0.000007 0.000002 -0.000001 -9.103597 -0.043098 -1.865098 0.088994 1.111143 -9.157795 -0.000006 0.000008 0.000068 0.000004 0.000006 -0.000003 -0.000001 0.000008 -0.000001 -8.076701 -0.486724 -3.806297 0.088989 1.111141 -9.157800 -0.000001 0.000002 0.000011 -0.000000 0.000007 -0.000003 -0.000004 -0.000005 -0.000003 4.570399 11.014685 -2.160820 0.992091 -1.892424 -7.213609 -58.442596 -31.608640 -60.196677 0.000038 -77.518207 0.000048 40.184411 -8.353116 88.012684 2.466099 -1.576182 2.681699 2.931217 2.961168 11.671648 3.939046 7.948721 0.746790 2.647901 -1.528755 1.528756 -0.579471 1.575001 2.538716 1.998924 -1.154094 1.154078 0.000003 0.000000 0.000003 9.109302 -0.518002 2.259900 0.007642 -0.324955 2.693633 -0.000003 -0.000002 -0.000018 -0.000001 0.000001 0.000002 -0.000001 0.000001 -0.000000 9.533399 0.000043 -0.000000 0.007730 -0.326874 2.709627 -0.000002 0.001925 -0.015981 0.000001 -0.000000 -0.000004 -0.000001 0.000000 0.000001 9.104499 -0.042977 -1.865099 0.007642 -0.324955 2.693632 -0.000002 0.000001 -0.000232 0.000002 -0.000001 -0.000008 -0.000002 0.000001 0.000002 8.077798 -0.486876 -3.806293 -0.201199 3.723969 3.210267 -0.018090 -4.054256 -0.511076 -0.000001 0.000000 0.000001 -0.000002 0.000001 0.000004 -8.207802 -6.751711 -1.599543 -17.678712 1.333097 7.745417 45.615108 1.908942 -3.605300 -17.999203 -0.894962 3.096323 -0.001273 -0.000002 0.000000 -0.000000 0.000000 0.000000 8.207797 -6.751687 -1.599545 -12.176385 15.862247 20.740725 43.362904 6.203030 10.257846 -22.202826 4.783610 -19.202816 -0.694425 0.000002 0.000004 0.000000 -0.000000 0.000000 
-2.484985 94.755234 -4.631347 -11.825161 -25.184834 -12.116222 0.000001 10.181552 0.131529 0.208405 -1.972560 -8.186975 0.794179 -5.838166 -7.584592 0.694106 -5.898460 -7.553123 -0.000001 16.740358 -2.049028 4.517286 4.362299 3.163741 -0.000001 9.617863 1.684978 -0.919536 25.426701 1.597984 -0.000003 22.037399 7.501072 -0.000001 0.000000 -0.000002 -4.570001 11.014854 -2.160845 0.079826 -4.548534 5.994907 -45.809529 -4.558017 45.157963 0.000567 96.465705 -0.000537 44.326958 17.013477 -90.010521 -2.464784 -1.573969 2.681905 15.786020 6.595252 -20.813664 4.637196 -8.634143 -0.225374 -2.646259 -1.527813 1.527821 -1.273765 0.137311 -2.094877 -1.994593 -1.151599 1.151585 0.000003 -0.000001 -0.000002 -9.108294 -0.517853 2.259803 0.275932 1.943045 -16.163636 -0.000004 -0.000002 0.000005 0.000012 0.000001 0.000004 -0.000000 -0.000003 -0.000000 -9.532498 0.000007 -0.000005 0.275930 1.943045 -16.163636 -0.000007 -0.000001 0.000005 0.000011 0.000002 0.000007 -0.000000 0.000005 -0.000000 -9.103599 -0.043087 -1.865100 0.275932 1.943045 -16.163632 -0.000006 0.000007 0.000070 0.000004 0.000011 -0.000001 0.000002 -0.000004 0.000002 -8.076698 -0.486723 -3.806308 0.275927 1.943052 -16.163629 -0.000002 0.000000 0.000012 0.000002 0.000008 -0.000003 -0.000003 -0.000003 0.000002 4.570394 11.014662 -2.160820 1.030588 -1.954299 -10.064390 -49.850935 -28.070927 -58.463551 0.000149 -89.060694 -0.000063 39.231606 -8.169465 89.429989 2.466101 -1.576195 2.681700 4.405421 2.783168 13.874557 3.939044 7.948724 0.746788 2.647867 -1.528729 1.528746 -0.579470 1.575008 2.538717 1.998909 -1.154128 1.154075 -0.000001 -0.000005 -0.000000 9.109298 -0.517998 2.259902 0.014927 -0.454114 3.765757 -0.000003 -0.000003 -0.000018 -0.000000 0.000002 -0.000000 0.000001 -0.000000 0.000001 9.533407 0.000008 0.000001 0.015059 -0.456035 3.781739 -0.000003 0.001925 -0.015981 0.000001 -0.000000 -0.000004 0.000000 -0.000000 -0.000000 9.104501 -0.042980 -1.865101 0.014927 -0.454113 3.765758 -0.000002 0.000001 -0.000236 0.000005 -0.000001 -0.000009 0.000002 0.000000 -0.000000 8.077802 -0.486894 -3.806302 -0.269685 3.590181 4.283977 -0.018091 -4.054256 -0.511073 -0.000000 -0.000000 -0.000000 0.000000 -0.000000 -0.000002 -8.207797 -6.751720 -1.599537 -17.672279 1.706759 8.374181 46.460190 2.469292 -3.549792 -18.469083 -0.872414 2.906726 0.000004 0.000005 -0.000001 -0.000000 -0.000000 -0.000000 8.207798 -6.751708 -1.599542 -12.274415 16.609357 21.916395 44.326627 5.672003 10.223436 -22.948049 4.984432 -19.251462 -0.647771 0.000003 0.000001 -0.000000 -0.000000 0.000000 
-2.570839 95.385132 -4.363522 -10.935644 -25.506768 -12.149749 0.000002 10.181542 0.131527 -0.246501 -2.540082 -7.706471 -0.100008 -6.758986 -7.061689 -0.207972 -6.800842 -7.026561 0.000006 16.740368 -2.049020 3.464415 5.164408 2.692776 -0.000006 9.617860 1.684974 -1.991865 29.068134 1.072174 -0.000006 22.037384 7.501071 0.000000 0.000001 0.000002 -4.569993 11.014875 -2.160839 0.275882 -3.751862 5.357857 -44.590586 -5.656513 44.735980 0.000350 100.842190 -0.000295 41.147163 21.058974 -90.006819 -2.464781 -1.573964 2.681920 26.987100 15.218964 -29.479489 4.637199 -8.634140 -0.225373 -2.646276 -1.527827 1.527808 -1.273759 0.137314 -2.094876 -1.994587 -1.151600 1.151576 -0.000002 -0.000004 -0.000002 -9.108295 -0.517859 2.259809 0.731734 3.109849 -26.475505 -0.000005 0.000001 0.000004 0.000015 -0.000002 0.000003 0.000002 0.000001 -0.000002 -9.532484 0.000040 0.000004 0.731734 3.109846 -26.475504 -0.000005 0.000003 0.000007 0.000014 0.000001 0.000006 0.000002 0.000002 0.000002 -9.103584 -0.043097 -1.865089 0.731734 3.109849 -26.475504 -0.000001 0.000011 0.000069 0.000004 0.000007 0.000001 0.000002 0.000001 0.000001 -8.076688 -0.486722 -3.806291 0.731738 3.109845 -26.475514 0.000001 0.000002 0.000008 -0.000001 0.000006 -0.000002 -0.000003 0.000002 0.000003 4.570408 11.014675 -2.160813 1.005977 -1.200419 -11.800765 -47.002869 -26.304874 -57.225056 0.000052 -96.316596 0.000089 39.120527 -4.977881 90.011819 2.466091 -1.576184 2.681700 3.375770 3.203716 12.658247 3.939047 7.948727 0.746788 2.647881 -1.528748 1.528750 -0.579470 1.575005 2.538717 1.998917 -1.154079 1.154074 -0.000000 0.000001 -0.000000 9.109298 -0.518004 2.259903 0.010431 -0.379484 3.146106 -0.000003 -0.000003 -0.000019 -0.000001 0.000002 0.000000 -0.000001 0.000000 0.000001 9.533401 0.000020 0.000002 0.010533 -0.381400 3.162092 -0.000001 0.001925 -0.015980 0.000001 0.000000 -0.000004 0.000001 -0.000001 -0.000000 9.104500 -0.042983 -1.865100 0.010431 -0.379484 3.146106 -0.000002 0.000001 -0.000236 0.000005 -0.000002 -0.000010 -0.000000 -0.000000 -0.000000 8.077805 -0.486855 -3.806301 -0.230403 3.667671 3.663456 -0.018089 -4.054255 -0.511071 0.000000 -0.000000 -0.000001 -0.000000 -0.000001 -0.000001 -8.207798 -6.751723 -1.599538 -17.355009 1.770799 8.686729 44.358848 2.891977 -3.594516 -17.542777 -0.851850 2.899813 -0.000034 -0.000002 0.000000 -0.000000 -0.000002 -0.000000 8.207804 -6.751715 -1.599543 -12.208225 16.965932 22.208287 42.461077 5.628700 9.974638 -22.116682 4.854815 -19.153044 -0.391409 0.000002 -0.000002 -0.000000 -0.000000 0.000000 
-2.553360 96.664085 -4.083891 -9.017661 -25.728049 -11.491010 0.000002 10.181559 0.131524 -0.713019 -2.957186 -7.122374 -1.062102 -7.187922 -6.651688 -1.164719 -7.209540 -6.618324 -0.000004 16.740364 -2.049026 2.254010 5.547610 2.183892 0.000005 9.617821 1.684973 -3.527914 30.448809 0.723207 0.000007 22.037369 7.501074 -0.000000 0.000001 0.000001 -4.569999 11.014865 -2.160847 0.417502 -2.410966 3.422158 -47.920027 -5.364437 42.386361 0.000457 98.576097 -0.000417 37.652268 21.952735 -89.997831 -2.464778 -1.574001 2.681918 32.056755 19.814879 -35.396585 4.637203 -8.634139 -0.225377 -2.646285 -1.527801 1.527818 -1.273758 0.137312 -2.094879 -1.994597 -1.151583 1.151583 0.000001 -0.000005 -0.000000 -9.108294 -0.517885 2.259805 1.097131 3.753880 -32.573736 -0.000007 0.000004 0.000007 0.000010 0.000001 0.000006 -0.000001 0.000004 0.000003 -9.532497 -0.000004 0.000002 1.097132 3.753881 -32.573742 -0.000006 0.000005 0.000008 0.000012 0.000002 0.000006 -0.000005 0.000005 0.000003 -9.103597 -0.043119 -1.865104 1.097131 3.753880 -32.573742 -0.000003 0.000008 0.000070 0.000000 0.000003 -0.000002 -0.000001 0.000002 0.000003 -8.076706 -0.486737 -3.806301 1.097124 3.753890 -32.573746 -0.000002 0.000000 0.000009 -0.000003 0.000006 -0.000001 -0.000002 -0.000003 0.000001 4.570401 11.014672 -2.160823 0.944935 -0.691231 -10.911763 -50.195736 -26.711652 -56.223064 -0.000028 -97.794771 -0.000013 39.750072 -0.058912 90.000849 2.466100 -1.576189 2.681698 0.846584 3.643067 9.259562 3.939044 7.948720 0.746788 2.647871 -1.528774 1.528749 -0.579469 1.575006 2.538715 1.998921 -1.154064 1.154080 -0.000001 -0.000000 -0.000002 9.109299 -0.518000 2.259898 0.002329 -0.179361 1.486426 -0.000002 -0.000004 -0.000017 -0.000000 0.000002 -0.000001 -0.000000 -0.000001 -0.000000 9.533404 0.000015 -0.000003 0.002373 -0.181289 1.502413 -0.000002 0.001925 -0.015981 0.000002 -0.000001 -0.000005 0.000002 -0.000001 -0.000001 9.104495 -0.042980 -1.865101 0.002329 -0.179361 1.486426 -0.000001 -0.000000 -0.000235 0.000003 -0.000002 -0.000010 -0.000001 -0.000000 0.000000 8.077806 -0.486864 -3.806305 -0.121070 3.873058 2.000841 -0.018088 -4.054256 -0.511072 -0.000000 -0.000000 -0.000001 -0.000001 -0.000000 -0.000000 -8.207799 -6.751704 -1.599541 -16.843042 1.726150 8.727773 40.030390 3.250894 -3.838792 -15.453779 -0.838181 3.100010 -0.000054 0.000005 -0.000005 -0.000000 0.000000 0.000000 8.207803 -6.751695 -1.599543 -11.815362 16.951102 21.518241 38.387193 6.355057 9.590977 -20.012251 4.477379 -19.003620 -0.071437 -0.000002 -0.000004 0.000000 -0.000000 0.000000 
-2.344759 98.261032 -3.974399 -6.367804 -26.247951 -10.343333 0.000001 10.181563 0.131524 -1.101480 -3.162215 -6.666660 -1.889983 -7.158917 -6.566718 -1.980372 -7.166818 -6.537371 0.000003 16.740364 -2.049026 0.406798 5.672445 2.262311 -0.000001 9.617830 1.684974 -5.374316 31.078119 0.746134 0.000001 22.037384 7.501071 -0.000001 -0.000000 0.000001 -4.570002 11.014859 -2.160846 0.522526 -1.328351 1.595520 -53.340444 -3.525531 38.610472 0.001584 92.205115 -0.001576 35.494728 20.289200 -89.997202 -2.464795 -1.573986 2.681919 30.591434 18.660779 -37.498288 4.637199 -8.634144 -0.225376 -2.646276 -1.527817 1.527813 -1.273758 0.137312 -2.094879 -1.994587 -1.151568 1.151590 -0.000001 -0.000007 0.000001 -9.108303 -0.517868 2.259813 1.217649 3.935733 -34.370687 -0.000004 0.000003 0.000004 0.000011 -0.000000 0.000004 0.000002 -0.000003 0.000001 -9.532507 0.000011 0.000008 1.217649 3.935734 -34.370690 -0.000003 0.000006 0.000009 0.000010 0.000003 0.000008 -0.000001 0.000006 0.000002 -9.103599 -0.043098 -1.865092 1.217647 3.935729 -34.370683 -0.000004 0.000011 0.000068 0.000003 0.000008 0.000000 0.000002 0.000002 0.000001 -8.076715 -0.486721 -3.806293 1.217641 3.935742 -34.370687 -0.000002 0.000004 0.000013 -0.000002 0.000006 -0.000001 -0.000001 0.000003 0.000003 4.570400 11.014667 -2.160819 0.848932 -1.010583 -7.206809 -56.015833 -28.266919 -54.748689 -0.000096 -95.849144 -0.000069 39.228522 3.420746 89.998725 2.466102 -1.576226 2.681701 -0.816965 3.726493 7.101740 3.939044 7.948723 0.746789 2.647891 -1.528733 1.528752 -0.579470 1.575001 2.538716 1.998910 -1.154109 1.154073 0.000000 0.000003 -0.000000 9.109307 -0.518021 2.259901 0.000223 -0.054736 0.453466 -0.000001 -0.000002 -0.000019 -0.000000 0.000002 0.000000 -0.000001 0.000000 0.000000 9.533398 -0.000011 -0.000000 0.000234 -0.056659 0.469453 -0.000002 0.001926 -0.015981 0.000000 0.000001 -0.000004 -0.000001 -0.000000 0.000001 9.104499 -0.043005 -1.865099 0.000223 -0.054736 0.453466 -0.000001 0.000000 -0.000236 0.000004 -0.000002 -0.000010 -0.000001 0.000000 -0.000000 8.077802 -0.486916 -3.806299 -0.050008 3.999255 0.965630 -0.018090 -4.054257 -0.511072 0.000000 0.000000 0.000000 -0.000001 0.000001 -0.000001 -8.207800 -6.751703 -1.599545 -16.334401 1.528959 8.498409 33.999647 4.079417 -4.194906 -12.280890 -0.814517 3.387618 -0.000016 -0.000002 0.000002 -0.000000 0.000000 0.000000 8.207798 -6.751699 -1.599545 -11.224572 16.569354 20.069637 32.794399 8.034819 9.103461 -16.981437 3.891622 -18.722995 -0.000051 -0.000000 -0.000002 -0.000000 -0.000000 0.000000 
-1.936797 99.563362 -4.092411 -3.347927 -26.860195 -8.953367 0.000001 10.181561 0.131524 -1.393725 -3.334263 -6.203018 -2.521320 -7.074639 -6.447535 -2.599157 -7.074194 -6.421713 -0.000001 16.740379 -2.049025 -1.811890 5.681737 2.374293 -0.000002 9.617844 1.684978 -7.020286 31.227502 0.538972 0.000006 22.037369 7.501075 0.000000 0.000000 0.000002 -4.570005 11.014899 -2.160840 0.631509 -0.192260 -0.424960 -59.290147 0.315568 33.889698 -0.000317 81.882316 0.000364 34.703273 17.336156 -90.000631 -2.464796 -1.574017 2.681922 25.933159 14.156067 -36.523767 4.637197 -8.634142 -0.225372 -2.646267 -1.527799 1.527817 -1.273762 0.137314 -2.094874 -1.994575 -1.151596 1.151581 0.000002 0.000000 0.000003 -9.108294 -0.517903 2.259829 1.132774 3.808971 -33.114130 -0.000007 0.000000 0.000004 0.000011 0.000003 0.000007 -0.000001 -0.000002 0.000002 -9.532499 -0.000015 0.000019 1.132773 3.808969 -33.114144 -0.000005 0.000001 0.000005 0.000011 0.000000 0.000005 -0.000006 0.000002 -0.000000 -9.103587 -0.043123 -1.865079 1.132774 3.808971 -33.114133 -0.000004 0.000009 0.000069 0.000004 0.000005 -0.000002 -0.000003 -0.000001 0.000000 -8.076703 -0.486746 -3.806283 1.132774 3.808971 -33.114150 -0.000002 -0.000000 0.000008 -0.000001 0.000003 -0.000003 -0.000001 0.000005 0.000001 4.570395 11.014700 -2.160817 0.748493 -1.496676 -2.196502 -62.645887 -30.293354 -52.570757 0.000157 -91.343446 0.000345 36.387638 2.809839 90.009592 2.466101 -1.576202 2.681695 -0.507376 3.730718 7.707726 3.939047 7.948725 0.746787 2.647885 -1.528742 1.528752 -0.579472 1.575005 2.538716 1.998933 -1.154078 1.154076 -0.000000 0.000007 -0.000000 9.109298 -0.518012 2.259901 0.000584 -0.089446 0.741205 -0.000002 -0.000002 -0.000018 0.000000 0.000002 0.000000 0.000000 0.000001 0.000000 9.533397 0.000020 0.000003 0.000606 -0.091376 0.757191 -0.000002 0.001922 -0.015981 0.000002 0.000001 -0.000003 0.000000 0.000000 0.000002 9.104496 -0.042995 -1.865097 0.000584 -0.089446 0.741205 -0.000002 0.000000 -0.000234 0.000004 0.000001 -0.000009 0.000000 -0.000001 0.000002 8.077806 -0.486882 -3.806301 -0.070034 3.964226 1.254028 -0.018090 -4.054257 -0.511073 -0.000000 -0.000001 0.000000 0.000000 -0.000001 0.000001 -8.207800 -6.751706 -1.599540 -16.399936 0.909695 7.985867 28.110455 5.411663 -4.328226 -8.941969 -0.771030 3.617793 -0.000040 0.000002 0.000000 -0.000000 -0.000002 0.000000 8.207802 -6.751691 -1.599543 -11.292050 15.790064 18.611769 27.784757 9.888282 8.613698 -14.114166 3.438464 -18.203284 -0.000065 0.000001 0.000005 -0.000000 0.000000 0.000000 
-1.439899 100.349373 -4.375248 -0.293824 -27.392050 -7.398817 -0.000001 10.181535 0.131522 -1.602128 -3.506542 -5.786900 -2.951897 -7.082746 -6.131967 -3.021956 -7.078084 -6.106996 0.000002 16.740353 -2.049014 -3.818041 5.733288 2.041296 -0.000009 9.617827 1.684976 -8.579035 31.057430 0.226680 -0.000015 22.037384 7.501074 0.000000 0.000000 -0.000000 -4.569997 11.014849 -2.160836 0.802349 1.366041 -2.982249 -64.446339 6.006643 28.805466 -0.000102 66.874232 0.000153 35.946135 13.772136 -90.009968 -2.464806 -1.574013 2.681912 18.611955 7.756946 -30.535003 4.637203 -8.634140 -0.225376 -2.646267 -1.527796 1.527821 -1.273758 0.137318 -2.094874 -1.994597 -1.151554 1.151561 0.000001 0.000001 -0.000000 -9.108300 -0.517886 2.259803 0.718874 3.083922 -26.237386 -0.000009 0.000002 0.000006 0.000010 0.000001 0.000005 -0.000000 -0.000003 0.000000 -9.532498 0.000007 0.000006 0.718875 3.083922 -26.237383 -0.000010 0.000000 0.000006 0.000010 0.000001 0.000002 -0.000000 -0.000000 0.000001 -9.103595 -0.043101 -1.865099 0.718874 3.083922 -26.237383 -0.000005 0.000008 0.000067 0.000005 0.000004 -0.000002 0.000000 0.000004 0.000003 -8.076707 -0.486743 -3.806293 0.718869 3.083921 -26.237385 0.000000 0.000001 0.000010 0.000002 0.000005 -0.000002 -0.000002 0.000003 0.000001 4.570403 11.014686 -2.160809 0.635890 -1.692172 2.667010 -68.754740 -32.640897 -49.611281 -0.000035 -83.712451 -0.000062 31.543494 -0.487249 90.012427 2.466103 -1.576175 2.681692 0.413414 3.617147 9.725311 3.939044 7.948720 0.746795 2.647889 -1.528730 1.528748 -0.579470 1.575006 2.538720 1.998932 -1.154078 1.154068 0.000000 0.000001 -0.000000 9.109313 -0.517991 2.259897 0.003081 -0.206241 1.709234 -0.000002 -0.000003 -0.000019 -0.000000 -0.000001 -0.000001 -0.000000 -0.000003 -0.000001 9.533416 0.000018 -0.000001 0.003138 -0.208168 1.725219 -0.000001 0.001926 -0.015981 0.000002 -0.000003 -0.000005 -0.000000 -0.000002 -0.000001 9.104502 -0.042997 -1.865105 0.003080 -0.206241 1.709233 -0.000001 0.000002 -0.000237 0.000004 -0.000003 -0.000011 0.000000 -0.000001 -0.000001 8.077810 -0.486884 -3.806298 -0.136091 3.845665 2.224087 -0.018090 -4.054256 -0.511073 -0.000000 -0.000002 -0.000001 -0.000000 -0.000001 -0.000001 -8.207798 -6.751730 -1.599542 -17.373447 0.143757 7.166937 23.732541 6.682973 -3.922204 -6.240683 -0.710319 3.641381 -0.000038 0.000003 0.000003 -0.000000 0.000000 0.000000 8.207800 -6.751703 -1.599544 -12.302746 14.799702 17.420906 24.680682 10.285681 8.053376 -12.088742 4.378850 -17.269110 -0.000065 -0.000000 0.000008 0.000000 0.000000 0.000000 
-0.986472 100.611198 -4.746445 2.044256 -28.025465 -5.939280 0.000001 10.181549 0.131524 -1.678696 -3.578068 -5.560582 -3.098388 -7.005402 -5.853904 -3.164248 -7.000057 -5.828329 0.000000 16.740383 -2.049017 -4.947761 5.809975 1.391427 -0.000003 9.617868 1.684973 -10.259567 30.548844 0.270945 0.000012 22.037338 7.501079 0.000002 0.000000 0.000001 -4.569998 11.014873 -2.160838 1.040731 3.269235 -5.861479 -67.523872 12.589264 23.860351 -0.000032 47.725390 0.000078 40.202756 9.772992 -89.969738 -2.464789 -1.573973 2.681929 6.553561 0.337907 -16.328149 4.637194 -8.634145 -0.225372 -2.646281 -1.527763 1.527823 -1.273761 0.137311 -2.094877 -1.994598 -1.151599 1.151582 0.000003 -0.000005 -0.000000 -9.108287 -0.517858 2.259823 0.113694 1.254792 -10.354210 -0.000007 0.000001 0.000004 0.000009 0.000001 0.000005 -0.000001 -0.000000 -0.000001 -9.532495 -0.000003 0.000015 0.113694 1.254791 -10.354210 -0.000005 0.000003 0.000005 0.000008 -0.000000 0.000004 -0.000000 0.000001 -0.000002 -9.103607 -0.043112 -1.865089 0.113694 1.254791 -10.354210 -0.000002 0.000010 0.000067 0.000000 0.000002 -0.000002 0.000001 -0.000002 -0.000001 -8.076698 -0.486722 -3.806281 0.113695 1.254787 -10.354215 0.000001 -0.000002 0.000011 -0.000002 0.000006 -0.000003 -0.000002 -0.000001 -0.000002 4.570398 11.014677 -2.160814 0.514456 -1.682574 6.855264 -73.203024 -35.900591 -46.247843 -0.000017 -71.762926 -0.000016 25.748859 -2.810516 90.005118 2.466087 -1.576190 2.681704 0.037818 3.463464 9.847518 3.939043 7.948716 0.746789 2.647893 -1.528767 1.528759 -0.579471 1.575008 2.538716 1.998920 -1.154080 1.154085 0.000001 -0.000003 0.000002 9.109285 -0.517998 2.259902 0.003332 -0.214535 1.778041 -0.000001 -0.000004 -0.000019 0.000000 0.000002 0.000001 0.000001 0.000001 -0.000000 9.533392 0.000025 0.000007 0.003392 -0.216468 1.794026 -0.000001 0.001927 -0.015980 0.000002 0.000001 -0.000005 -0.000000 0.000000 0.000000 9.104492 -0.042977 -1.865098 0.003332 -0.214537 1.778041 -0.000001 0.000002 -0.000235 0.000005 0.000000 -0.000010 -0.000001 0.000003 0.000000 8.077786 -0.486874 -3.806295 -0.140712 3.837195 2.293029 -0.018090 -4.054255 -0.511074 -0.000000 0.000001 -0.000000 -0.000001 0.000002 -0.000003 -8.207799 -6.751706 -1.599547 -19.018464 -0.315282 6.460716 21.919329 7.518808 -3.676241 -4.814701 -0.666442 3.659896 -0.000001 -0.000002 0.000000 -0.000000 -0.000002 -0.000000 8.207800 -6.751696 -1.599544 -13.681676 13.941166 16.514733 23.700302 10.158363 7.542330 -11.178368 5.796379 -16.507640 -0.000020 0.000002 0.000007 -0.000000 0.000000 0.000000 
-0.669232 100.546486 -5.133087 2.912351 -28.926128 -4.981891 -0.000001 10.181552 0.131523 -1.569657 -3.449024 -5.572975 -2.879706 -6.663824 -5.898145 -2.941834 -6.661357 -5.873254 -0.000001 16.740376 -2.049021 -4.866997 5.783805 0.978825 -0.000004 9.617834 1.684972 -11.660334 29.848675 0.682606 -0.000003 22.037384 7.501073 -0.000001 -0.000000 -0.000001 -4.570002 11.014855 -2.160841 1.253093 4.826677 -8.154013 -68.086987 18.509767 19.903803 -0.000027 29.489834 0.000032 42.135027 11.298066 -85.237155 -2.464806 -1.573980 2.681905 -1.691913 -3.535279 -6.749987 4.637200 -8.634143 -0.225374 -2.646285 -1.527825 1.527819 -1.273760 0.137309 -2.094879 -1.994599 -1.151567 1.151559 -0.000003 -0.000006 0.000003 -9.108303 -0.517888 2.259799 0.000028 0.020411 -0.167508 -0.000006 0.000002 0.000005 0.000010 0.000002 0.000008 0.000000 -0.000003 0.000004 -9.532498 0.000016 -0.000003 0.000028 0.020412 -0.167509 -0.000006 0.000002 0.000003 0.000013 0.000002 0.000008 0.000002 -0.000002 0.000006 -9.103594 -0.043090 -1.865108 0.000028 0.020411 -0.167508 -0.000002 0.000009 0.000068 0.000005 0.000002 -0.000001 0.000000 0.000001 0.000000 -8.076688 -0.486710 -3.806301 0.000028 0.020411 -0.167515 0.000002 -0.000001 0.000011 0.000000 0.000005 -0.000006 0.000001 0.000002 0.000000 4.570399 11.014688 -2.160816 0.446503 -1.788727 9.929989 -76.233046 -40.703355 -44.251515 -0.000033 -56.006820 -0.000009 19.967788 -4.045392 89.943046 2.466102 -1.576196 2.681706 -1.201947 3.597293 7.192147 3.939049 7.948723 0.746790 2.647893 -1.528746 1.528740 -0.579472 1.575008 2.538716 1.998928 -1.154104 1.154077 -0.000001 0.000006 0.000005 9.109292 -0.517992 2.259902 0.000279 -0.061025 0.505556 -0.000002 -0.000007 -0.000017 0.000000 0.000001 0.000000 -0.000001 -0.000002 0.000002 9.533401 0.000020 0.000004 0.000291 -0.062941 0.521550 -0.000002 0.001926 -0.015981 0.000001 0.000001 -0.000006 -0.000000 0.000002 0.000002 9.104513 -0.042993 -1.865097 0.000279 -0.061025 0.505556 -0.000002 0.000001 -0.000235 0.000005 0.000000 -0.000010 -0.000002 -0.000001 0.000001 8.077802 -0.486856 -3.806297 -0.053642 3.992907 1.017841 -0.018091 -4.054256 -0.511070 -0.000001 0.000000 -0.000002 -0.000002 0.000001 -0.000000 -8.207798 -6.751717 -1.599541 -20.371067 -0.203003 6.160286 22.296295 8.022628 -4.003847 -4.565995 -0.644539 3.804389 -0.000038 0.000000 0.000004 -0.000000 0.000000 0.000000 8.207799 -6.751709 -1.599546 -14.417722 13.650445 15.893101 24.095403 10.057425 7.147593 -11.100151 7.024146 -16.099654 -0.000037 -0.000004 -0.000005 -0.000000 -0.000000 0.000000 
-0.504586 100.336517 -5.450260 1.994221 -30.011155 -4.952610 -0.000000 10.181554 0.131521 -1.293546 -3.134950 -5.745825 -2.337850 -6.110427 -6.222975 -2.396163 -6.113523 -6.200584 0.000007 16.740366 -2.049026 -3.781528 5.637440 1.121305 0.000001 9.617839 1.684982 -12.179983 29.293544 1.208117 0.000005 22.037384 7.501070 -0.000001 0.000001 0.000002 -4.569997 11.014898 -2.160844 1.325271 5.353723 -8.979241 -67.859056 21.824826 19.075981 0.000003 19.427860 0.000030 38.339027 14.469448 -80.707127 -2.464793 -1.573998 2.681922 -1.849250 -3.581790 -6.586147 4.637198 -8.634141 -0.225371 -2.646259 -1.527793 1.527823 -1.273762 0.137316 -2.094871 -1.994613 -1.151595 1.151590 -0.000001 -0.000002 0.000003 -9.108288 -0.517862 2.259818 0.000001 -0.000004 -0.000005 -0.000005 0.000003 0.000006 0.000014 0.000000 0.000008 0.000002 -0.000001 -0.000001 -9.532504 -0.000022 0.000013 0.000000 -0.000005 -0.000005 -0.000004 0.000002 0.000005 0.000013 -0.000001 0.000008 0.000004 -0.000000 -0.000000 -9.103602 -0.043115 -1.865088 -0.000001 -0.000004 -0.000005 0.000000 0.000008 0.000069 0.000006 0.000004 -0.000001 0.000001 0.000002 0.000002 -8.076710 -0.486749 -3.806286 -0.000004 0.000000 -0.000005 0.000003 0.000000 0.000013 0.000004 0.000004 -0.000002 0.000001 0.000001 -0.000001 4.570406 11.014710 -2.160819 0.513883 -2.267759 11.068376 -79.752465 -46.082576 -45.943155 0.000000 -40.097370 0.000004 15.118784 -7.066487 89.532715 2.466087 -1.576192 2.681699 -1.521502 3.669236 6.253603 3.939041 7.948723 0.746790 2.647900 -1.528736 1.528752 -0.579473 1.575003 2.538716 1.998898 -1.154093 1.154069 0.000002 -0.000004 -0.000002 9.109301 -0.517993 2.259901 0.000006 -0.006566 0.054366 -0.000002 -0.000001 -0.000018 -0.000002 0.000003 -0.000001 -0.000003 0.000002 -0.000002 9.533394 0.000027 -0.000001 0.000008 -0.008493 0.070354 -0.000002 0.001927 -0.015981 0.000002 0.000000 -0.000008 -0.000003 0.000001 -0.000002 9.104493 -0.042987 -1.865096 0.000006 -0.006566 0.054366 -0.000003 0.000003 -0.000234 0.000001 -0.000001 -0.000014 -0.000001 0.000002 -0.000000 8.077790 -0.486887 -3.806302 -0.021942 4.047666 0.565571 -0.018090 -4.054255 -0.511072 -0.000001 0.000000 -0.000001 -0.000001 0.000001 -0.000004 -8.207799 -6.751722 -1.599540 -20.566005 0.397330 6.329666 23.785579 8.334491 -4.706453 -5.029239 -0.650185 4.029354 -0.000014 0.000009 0.000002 -0.000000 0.000000 0.000000 8.207798 -6.751718 -1.599544 -13.998848 14.101330 15.748809 25.205645 10.004882 6.791048 -11.573624 7.735287 -15.943897 -0.000007 0.000003 0.000000 -0.000000 0.000000 0.000000 
-0.482793 99.911415 -5.554343 -0.431828 -30.872616 -5.907773 -0.000001 10.181553 0.131523 -0.969890 -2.778791 -6.109090 -1.679851 -5.600403 -6.583978 -1.737765 -5.610290 -6.563445 -0.000000 16.740355 -2.049018 -1.946628 5.449197 1.678282 -0.000000 9.617849 1.684979 -11.756510 29.016850 1.757111 0.000002 22.037338 7.501073 0.000001 -0.000000 -0.000001 -4.570007 11.014887 -2.160835 1.233316 4.676444 -7.909186 -69.409339 21.450482 23.750600 -0.000009 20.955159 0.000010 34.847984 12.391370 -82.904549 -2.464790 -1.574001 2.681910 -1.849263 -3.581800 -6.586135 4.637196 -8.634143 -0.225376 -2.646263 -1.527802 1.527809 -1.273759 0.137312 -2.094875 -1.994631 -1.151599 1.151585 -0.000001 0.000003 -0.000002 -9.108305 -0.517901 2.259804 -0.000001 -0.000000 -0.000001 -0.000007 0.000002 0.000004 0.000012 0.000000 0.000006 0.000001 0.000000 -0.000003 -9.532499 -0.000016 -0.000003 -0.000002 0.000000 -0.000001 -0.000004 0.000002 0.000004 0.000011 -0.000001 0.000006 0.000003 0.000002 0.000000 -9.103605 -0.043124 -1.865104 -0.000001 -0.000001 -0.000001 -0.000002 0.000007 0.000070 0.000004 0.000003 -0.000003 -0.000001 -0.000001 -0.000000 -8.076690 -0.486748 -3.806301 -0.000011 -0.000009 0.000009 0.000003 -0.000002 0.000013 -0.000001 0.000007 -0.000004 -0.000001 0.000000 0.000003 4.570395 11.014695 -2.160811 0.727153 -3.156865 9.669290 -83.207448 -48.386013 -50.679225 -0.000009 -31.593460 -0.000021 12.505598 -10.986871 90.007058 2.466095 -1.576236 2.681704 -0.882044 2.811701 10.048036 3.939047 7.948727 0.746790 2.647878 -1.528742 1.528755 -0.579470 1.575006 2.538716 1.998925 -1.154079 1.154078 -0.000001 0.000001 -0.000000 9.109286 -0.518033 2.259900 0.003890 -0.231733 1.920554 -0.000002 -0.000003 -0.000017 0.000003 0.000002 0.000002 0.000002 0.000001 0.000002 9.533389 -0.000001 -0.000001 0.003952 -0.233663 1.936540 -0.000001 0.001923 -0.015982 0.000002 0.000001 -0.000005 0.000002 -0.000002 -0.000001 9.104497 -0.043010 -1.865105 0.003890 -0.231733 1.920554 0.000000 0.000002 -0.000235 0.000002 -0.000002 -0.000011 -0.000002 0.000000 0.000001 8.077796 -0.486903 -3.806304 -0.150246 3.819641 2.435822 -0.018089 -4.054256 -0.511072 0.000002 -0.000000 -0.000000 0.000000 -0.000002 -0.000002 -8.207799 -6.751715 -1.599541 -19.879412 1.152799 6.711264 26.483486 8.295866 -5.315073 -6.327956 -0.693304 4.134491 -0.000048 0.000012 0.000001 -0.000000 0.000000 0.000000 8.207801 -6.751694 -1.599546 -12.790689 14.946139 15.998808 27.219294 10.021151 6.735511 -12.728503 7.838841 -16.143615 -0.000474 -0.000001 -0.000001 -0.000000 0.000000 0.000000 
-0.593034 99.159744 -5.322379 -3.702738 -31.064602 -7.501120 0.000001 10.181551 0.131522 -0.729606 -2.501574 -6.614651 -1.166398 -5.382627 -6.812924 -1.229396 -5.399304 -6.791867 0.000000 16.740387 -2.049021 0.467317 5.263519 2.371155 0.000006 9.617828 1.684982 -10.461567 28.860879 2.232739 -0.000002 22.037354 7.501073 -0.000000 0.000000 0.000000 -4.570000 11.014870 -2.160841 1.000591 2.851216 -4.948200 -71.839923 17.875001 32.742298 -0.000001 32.094605 0.000036 37.294639 9.327697 -87.366268 -2.464796 -1.574011 2.681919 -1.848765 -3.581621 -6.586977 4.637202 -8.634140 -0.225375 -2.646277 -1.527796 1.527823 -1.273757 0.137319 -2.094869 -1.994594 -1.151598 1.151580 0.000001 0.000000 0.000001 -9.108304 -0.517897 2.259812 -0.000003 0.000104 -0.000842 -0.000007 0.000000 0.000007 0.000012 -0.000000 0.000008 -0.000000 -0.000003 0.000003 -9.532510 -0.000039 0.000003 -0.000003 0.000103 -0.000842 -0.000003 0.000004 0.000001 0.000010 0.000000 0.000010 0.000002 0.000002 0.000004 -9.103605 -0.043120 -1.865099 -0.000003 0.000104 -0.000842 -0.000001 0.000006 0.000074 0.000004 0.000000 -0.000002 -0.000002 -0.000004 0.000002 -8.076709 -0.486744 -3.806294 -0.000007 0.000090 -0.000834 0.000002 -0.000000 0.000011 -0.000002 0.000006 -0.000002 -0.000000 -0.000001 -0.000000 4.570398 11.014689 -2.160816 0.951135 -4.015224 5.897996 -81.996476 -45.187002 -54.193654 -0.000005 -36.421953 -0.000006 13.593622 -13.859151 89.995303 2.466106 -1.576196 2.681706 0.984258 0.701445 17.898649 3.939049 7.948721 0.746793 2.647902 -1.528744 1.528750 -0.579471 1.575003 2.538715 1.998913 -1.154089 1.154071 -0.000003 0.000000 0.000001 9.109285 -0.517999 2.259905 0.035614 -0.700805 5.817246 -0.000003 -0.000002 -0.000017 -0.000000 0.000003 -0.000001 -0.000000 0.000001 0.000001 9.533401 0.000011 0.000009 0.035806 -0.702712 5.833240 -0.000002 0.001926 -0.015981 0.000003 -0.000001 -0.000005 0.000001 -0.000001 -0.000000 9.104494 -0.043005 -1.865096 0.035614 -0.700804 5.817246 -0.000000 0.000002 -0.000235 0.000006 -0.000002 -0.000009 0.000001 0.000001 -0.000000 8.077806 -0.486910 -3.806294 -0.393644 3.330732 6.337542 -0.018090 -4.054256 -0.511071 0.000000 -0.000000 0.000001 0.000001 -0.000001 0.000001 -8.207800 -6.751690 -1.599541 -18.903667 1.798730 6.953425 30.514335 7.684348 -5.399496 -8.597227 -0.744099 3.975803 -0.000000 -0.000007 0.000001 -0.000000 0.000002 0.000000 8.207800 -6.751683 -1.599544 -11.287007 15.614234 16.293843 30.201471 10.105779 7.339538 -14.603564 7.608817 -16.838301 -0.274377 0.000000 -0.000002 -0.000000 0.000000 0.000000 
-0.797584 98.140396 -4.805302 -7.182308 -30.482465 -9.302599 0.000000 10.181555 0.131523 -0.594441 -2.314968 -7.042687 -0.867696 -5.466858 -6.902708 -0.938780 -5.488645 -6.879966 0.000001 16.740351 -2.049016 2.890542 5.072528 3.021353 0.000003 9.617843 1.684974 -8.236259 28.584690 2.547447 -0.000004 22.037369 7.501074 0.000000 -0.000001 -0.000001 -4.570002 11.014864 -2.160835 0.697848 0.304888 -0.949346 -70.975467 13.145137 41.280120 -0.000033 47.751929 0.000056 43.943552 7.709194 -89.929973 -2.464811 -1.573994 2.681908 -1.220765 -3.361780 -7.204047 4.637202 -8.634143 -0.225374 -2.646280 -1.527786 1.527823 -1.273758 0.137314 -2.094875 -1.994606 -1.151581 1.151576 -0.000001 -0.000004 0.000003 -9.108287 -0.517858 2.259807 0.000435 0.077959 -0.639652 -0.000006 -0.000004 0.000007 0.000014 -0.000000 0.000010 -0.000001 -0.000003 -0.000000 -9.532506 0.000003 -0.000002 0.000436 0.077962 -0.639652 -0.000007 -0.000001 0.000005 0.000013 -0.000001 0.000010 -0.000001 -0.000001 -0.000002 -9.103594 -0.043102 -1.865101 0.000436 0.077962 -0.639652 -0.000001 0.000011 0.000071 0.000003 -0.000000 -0.000001 -0.000002 -0.000001 0.000004 -8.076705 -0.486728 -3.806300 0.000426 0.077946 -0.639641 0.000001 -0.000003 0.000008 -0.000002 0.000002 -0.000003 0.000001 -0.000001 0.000001 4.570402 11.014676 -2.160812 1.061328 -4.298906 0.752076 -76.025032 -39.412582 -56.128285 -0.000006 -49.136429 -0.000019 18.291504 -15.290936 89.998889 2.466098 -1.576147 2.681694 3.722497 -0.540109 22.739751 3.939046 7.948724 0.746791 2.647893 -1.528745 1.528753 -0.579469 1.575005 2.538716 1.998928 -1.154121 1.154081 -0.000000 0.000000 0.000005 9.109303 -0.517980 2.259897 0.071389 -0.990898 8.240013 -0.000002 -0.000002 -0.000017 0.000001 0.000002 -0.000000 0.000000 0.000000 -0.000001 9.533407 0.000055 -0.000005 0.071668 -0.992800 8.255996 -0.000002 0.001925 -0.015982 0.000001 0.000000 -0.000003 -0.000000 -0.000000 -0.000001 9.104507 -0.042948 -1.865101 0.071389 -0.990898 8.240013 -0.000002 0.000001 -0.000234 0.000003 -0.000002 -0.000009 -0.000002 0.000000 0.000002 8.077816 -0.486854 -3.806303 -0.527885 3.018892 8.761052 -0.018091 -4.054256 -0.511072 -0.000000 -0.000000 -0.000002 0.000001 -0.000000 -0.000001 -8.207800 -6.751717 -1.599545 -17.734241 2.292101 7.153999 35.111851 6.491379 -5.261985 -11.444188 -0.807338 3.843911 -0.000027 0.000012 -0.000000 -0.000000 0.000000 0.000000 8.207800 -6.751711 -1.599544 -9.692750 15.943197 16.499580 33.605029 10.250420 8.547259 -16.880083 7.249346 -17.925324 -1.226760 0.000004 -0.000004 0.000000 -0.000000 0.000000 
-1.103296 96.911224 -4.180703 -10.406311 -29.449631 -11.013908 0.000002 10.181543 0.131519 -0.486215 -2.140041 -7.362319 -0.632155 -5.636008 -6.929513 -0.711677 -5.662441 -6.904862 -0.000005 16.740372 -2.049017 4.495061 4.855470 3.652264 0.000005 9.617854 1.684978 -5.636182 28.088728 2.879958 0.000002 22.037369 7.501071 -0.000000 -0.000001 0.000000 -4.570001 11.014885 -2.160836 0.433777 -2.140198 2.841360 -65.788218 8.903868 46.563753 -0.000070 63.585168 0.000123 49.366510 9.562424 -89.992039 -2.464776 -1.573999 2.681916 2.347132 -2.157528 -10.005687 4.637196 -8.634140 -0.225371 -2.646277 -1.527784 1.527813 -1.273761 0.137312 -2.094879 -1.994591 -1.151558 1.151574 0.000001 -0.000006 0.000003 -9.108286 -0.517877 2.259814 0.013673 0.436684 -3.585662 -0.000007 0.000000 0.000005 0.000012 0.000000 0.000002 0.000003 0.000001 -0.000002 -9.532484 -0.000009 0.000001 0.013673 0.436684 -3.585664 -0.000005 0.000001 0.000006 0.000013 -0.000002 0.000004 -0.000000 0.000001 -0.000000 -9.103597 -0.043111 -1.865096 0.013673 0.436683 -3.585663 -0.000002 0.000008 0.000067 0.000003 0.000002 -0.000002 0.000001 0.000002 -0.000003 -8.076689 -0.486733 -3.806295 0.013671 0.436680 -3.585667 0.000000 0.000000 0.000011 0.000001 0.000005 -0.000006 0.000001 -0.000004 0.000000 4.570397 11.014694 -2.160810 1.103446 -4.174358 -4.109125 -67.770756 -34.112939 -57.243013 0.000005 -62.933438 -0.000002 23.522202 -15.167958 90.002222 2.466099 -1.576175 2.681694 5.916931 -0.413008 23.807458 3.939044 7.948723 0.746789 2.647882 -1.528748 1.528750 -0.579469 1.575006 2.538717 1.998917 -1.154083 1.154065 0.000002 0.000003 -0.000000 9.109299 -0.517984 2.259896 0.081000 -1.055104 8.778097 -0.000002 -0.000002 -0.000018 -0.000000 0.000002 0.000000 0.000000 0.000000 0.000000 9.533398 0.000040 0.000000 0.081299 -1.057003 8.794085 -0.000001 0.001926 -0.015982 0.000002 -0.000000 -0.000004 0.000001 -0.000000 0.000000 9.104503 -0.042977 -1.865105 0.081000 -1.055104 8.778097 -0.000002 0.000001 -0.000236 0.000005 -0.000002 -0.000009 0.000001 -0.000000 -0.000001 8.077803 -0.486857 -3.806308 -0.555882 2.948891 9.299063 -0.018090 -4.054255 -0.511073 -0.000000 -0.000000 -0.000001 -0.000000 -0.000000 -0.000001 -8.207799 -6.751704 -1.599543 -16.617707 2.656187 7.466967 39.810126 5.037712 -5.056605 -14.494546 -0.883762 3.808223 -0.000041 0.000003 0.000002 -0.000000 0.000000 0.000000 8.207801 -6.751701 -1.599544 -8.452695 16.289672 17.102124 37.261906 10.338609 9.761630 -19.384051 6.644513 -19.117201 -1.685337 -0.000004 -0.000001 0.000000 -0.000000 0.000000 
-1.538534 95.554260 -3.595204 -12.878007 -28.325240 -12.476909 0.000001 10.181561 0.131524 -0.361274 -1.954778 -7.671587 -0.349363 -5.806141 -6.847776 -0.439373 -5.839187 -6.820052 0.000003 16.740364 -2.049026 4.902258 4.661189 4.211292 0.000005 9.617835 1.684966 -3.681063 27.592287 3.351779 -0.000002 22.037354 7.501076 -0.000000 -0.000000 0.000000 -4.570000 11.014851 -2.160847 0.257268 -3.984381 5.797013 -58.989701 5.088914 49.539669 -0.000289 77.777338 0.000325 53.408903 13.463666 -89.990256 -2.464804 -1.573987 2.681902 8.761487 0.294242 -13.524202 4.637196 -8.634140 -0.225380 -2.646266 -1.527770 1.527821 -1.273762 0.137312 -2.094877 -1.994590 -1.151555 1.151569 0.000001 0.000000 0.000003 -9.108294 -0.517874 2.259805 0.060429 0.916564 -7.543397 -0.000008 0.000000 0.000004 0.000010 0.000002 0.000004 -0.000005 -0.000000 0.000000 -9.532499 0.000029 0.000007 0.060429 0.916564 -7.543398 -0.000007 -0.000001 0.000004 0.000010 0.000002 0.000004 -0.000004 -0.000002 -0.000001 -9.103598 -0.043103 -1.865093 0.060430 0.916563 -7.543397 -0.000005 0.000007 0.000069 0.000005 0.000005 -0.000004 -0.000003 0.000001 -0.000003 -8.076696 -0.486712 -3.806292 0.060429 0.916564 -7.543403 0.000000 -0.000002 0.000009 0.000003 0.000005 -0.000004 -0.000000 0.000001 -0.000000 4.570398 11.014682 -2.160817 1.137369 -4.115910 -7.352204 -58.612558 -29.793627 -57.021179 0.000039 -76.449522 0.000020 27.646866 -14.205747 90.002031 2.466096 -1.576207 2.681690 7.413928 0.132726 23.858617 3.939044 7.948724 0.746790 2.647892 -1.528746 1.528753 -0.579472 1.575005 2.538719 1.998932 -1.154090 1.154079 -0.000000 0.000000 0.000003 9.109294 -0.517999 2.259897 0.081377 -1.057487 8.798199 -0.000001 -0.000002 -0.000018 -0.000000 0.000002 0.000000 0.000000 0.000000 -0.000000 9.533398 0.000035 -0.000003 0.081673 -1.059390 8.814188 -0.000002 0.001926 -0.015981 0.000002 -0.000000 -0.000004 -0.000000 0.000000 0.000000 9.104499 -0.042981 -1.865103 0.081377 -1.057487 8.798198 -0.000001 0.000001 -0.000235 0.000004 -0.000002 -0.000009 0.000000 -0.000000 0.000000 8.077807 -0.486866 -3.806305 -0.556916 2.946270 9.319140 -0.018091 -4.054256 -0.511072 -0.000000 0.000000 0.000000 -0.000000 -0.000000 0.000000 -8.207799 -6.751702 -1.599539 -15.987407 2.719443 7.832120 44.292643 3.860873 -4.522355 -17.421915 -0.916783 3.580550 -0.000024 -0.000007 0.000001 -0.000000 0.000002 0.000000 8.207796 -6.751688 -1.599546 -8.229712 16.912286 18.794524 41.188442 10.205094 10.275175 -22.054411 5.486293 -20.089712 -1.655313 0.000007 -0.000007 -0.000000 0.000000 0.000000 
-2.014616 94.301727 -3.121840 -14.139875 -27.126067 -13.599769 -0.000001 10.181559 0.131521 -0.306801 -1.858131 -7.867374 -0.174082 -6.087027 -6.527929 -0.279697 -6.127107 -6.493654 0.000002 16.740366 -2.049017 4.448991 4.572437 4.406063 -0.000003 9.617843 1.684974 -2.657855 27.326499 3.642729 -0.000001 22.037369 7.501077 -0.000000 0.000000 0.000000 -4.569997 11.014875 -2.160838 0.173794 -5.001468 7.557662 -53.334010 1.712548 52.129336 -0.003183 89.279500 0.003298 56.385213 17.716474 -89.999763 -2.464796 -1.574010 2.681920 16.042325 3.370637 -16.137000 4.637198 -8.634142 -0.225376 -2.646269 -1.527786 1.527827 -1.273758 0.137314 -2.094876 -1.994613 -1.151590 1.151562 0.000000 -0.000000 0.000003 -9.108301 -0.517902 2.259797 0.126195 1.321321 -10.909914 -0.000007 -0.000001 0.000005 0.000015 0.000001 0.000003 -0.000000 0.000001 -0.000001 -9.532496 -0.000002 0.000005 0.126191 1.321320 -10.909914 -0.000006 -0.000001 0.000006 0.000010 0.000000 0.000002 0.000001 0.000004 -0.000000 -9.103595 -0.043111 -1.865095 0.126195 1.321321 -10.909915 -0.000007 0.000011 0.000070 0.000003 0.000010 -0.000001 0.000003 -0.000000 0.000002 -8.076695 -0.486737 -3.806290 0.126195 1.321317 -10.909912 0.000003 0.000000 0.000010 0.000001 0.000008 -0.000001 -0.000000 0.000000 -0.000002 4.570403 11.014686 -2.160811 1.158298 -4.136909 -8.922562 -50.222927 -26.385347 -55.927655 0.000196 -88.674133 0.000055 31.229838 -13.271484 90.001355 2.466099 -1.576201 2.681696 8.230750 0.728524 22.948290 3.939045 7.948727 0.746788 2.647877 -1.528747 1.528755 -0.579472 1.575001 2.538722 1.998924 -1.154081 1.154080 -0.000000 0.000000 0.000003 9.109294 -0.518020 2.259900 0.073094 -1.002570 8.337763 -0.000002 -0.000002 -0.000017 0.000000 0.000002 -0.000000 0.000000 -0.000000 0.000000 9.533396 -0.000004 -0.000000 0.073372 -1.004478 8.353752 -0.000001 0.001926 -0.015980 0.000002 -0.000000 -0.000005 -0.000000 0.000000 0.000000 9.104499 -0.043010 -1.865100 0.073094 -1.002570 8.337762 -0.000001 0.000001 -0.000235 0.000004 -0.000002 -0.000010 0.000000 -0.000000 0.000000 8.077801 -0.486893 -3.806303 -0.533015 3.006194 8.858795 -0.018090 -4.054256 -0.511071 0.000000 -0.000000 0.000000 -0.000000 -0.000000 0.000000 -8.207800 -6.751689 -1.599541 -16.002657 2.280727 8.171778 47.901664 3.154415 -3.622726 -19.800572 -0.871734 3.104352 -0.000027 0.000000 -0.000001 -0.000000 -0.000000 0.000000 8.207801 -6.751683 -1.599543 -9.222314 17.433829 21.276333 45.055589 8.282603 10.232967 -24.503507 5.409136 -20.078869 -1.440274 -0.000006 -0.000006 -0.000000 0.000000 0.000000 
-2.405096 93.572891 -2.778051 -14.119806 -25.746528 -14.207856 -0.000001 10.181568 0.131521 -0.377398 -1.913393 -7.741832 -0.267555 -6.368309 -5.996676 -0.384620 -6.406539 -5.957723 -0.000003 16.740370 -2.049024 3.815632 4.545503 4.211732 -0.000002 9.617868 1.684972 -2.196882 27.052315 3.495964 0.000002 22.037369 7.501081 -0.000000 0.000000 0.000000 -4.569994 11.014866 -2.160845 0.162624 -5.228164 8.062698 -50.050103 -0.205771 54.526104 0.000420 97.193954 -0.000375 52.998235 18.130034 -89.981247 -2.464797 -1.573995 2.681906 16.612386 4.591770 -17.545064 4.637195 -8.634143 -0.225372 -2.646271 -1.527814 1.527809 -1.273762 0.137311 -2.094876 -1.994594 -1.151547 1.151569 -0.000001 0.000000 0.000001 -9.108305 -0.517896 2.259803 0.166707 1.516449 -12.546424 -0.000008 0.000001 0.000005 0.000013 0.000003 0.000006 -0.000000 -0.000001 0.000000 -9.532495 -0.000022 -0.000001 0.166708 1.516448 -12.546424 -0.000006 0.000002 0.000006 0.000014 0.000004 0.000006 0.000001 0.000004 -0.000000 -9.103596 -0.043124 -1.865107 0.166709 1.516451 -12.546425 -0.000003 0.000013 0.000069 0.000004 0.000006 -0.000001 -0.000003 -0.000001 0.000002 -8.076690 -0.486755 -3.806298 0.166706 1.516450 -12.546426 0.000002 0.000002 0.000011 0.000000 0.000005 -0.000004 -0.000001 0.000002 0.000000 4.570400 11.014674 -2.160819 1.159128 -4.088204 -9.312457 -45.065827 -24.381072 -54.883251 0.000015 -96.973714 0.000054 34.942438 -12.664194 90.000890 2.466089 -1.576205 2.681698 8.066597 1.296392 20.530331 3.939045 7.948722 0.746789 2.647881 -1.528765 1.528754 -0.579470 1.575005 2.538717 1.998928 -1.154090 1.154078 0.000001 -0.000003 0.000002 9.109295 -0.518016 2.259903 0.053404 -0.857576 7.124988 -0.000002 -0.000002 -0.000018 -0.000000 0.000002 -0.000000 -0.000001 0.000000 -0.000000 9.533393 0.000003 0.000004 0.053641 -0.859490 7.140965 -0.000001 0.001926 -0.015982 0.000002 0.000000 -0.000005 0.000000 0.000000 -0.000000 9.104489 -0.042995 -1.865098 0.053403 -0.857576 7.124989 -0.000002 0.000001 -0.000236 0.000004 -0.000002 -0.000011 -0.000001 0.000000 -0.000001 8.077809 -0.486888 -3.806300 -0.467744 3.163099 7.645896 -0.018090 -4.054256 -0.511072 -0.000001 0.000000 -0.000001 -0.000001 0.000000 -0.000001 -8.207798 -6.751699 -1.599545 -16.272516 1.517432 8.441701 49.680757 2.579044 -2.722309 -21.140342 -0.808706 2.713977 -0.000052 -0.000003 0.000005 -0.000000 -0.000000 0.000000 8.207806 -6.751698 -1.599545 -10.704785 17.250193 23.342341 47.452155 6.332298 10.207462 -25.920559 5.535271 -19.743292 -1.290842 0.000006 -0.000001 0.000000 -0.000000 0.000000 
-2.646076 93.750397 -2.567547 -13.212261 -24.335916 -14.086029 -0.000000 10.181536 0.131528 -0.529603 -1.963048 -7.405472 -0.582072 -6.321840 -5.524838 -0.697847 -6.349332 -5.487944 -0.000010 16.740387 -2.049021 3.346078 4.424033 3.943412 -0.000007 9.617847 1.684975 -2.123655 26.256062 3.061943 -0.000006 22.037399 7.501075 -0.000001 0.000001 0.000002 -4.570010 11.014884 -2.160842 0.192806 -4.907484 7.579111 -49.728743 0.267876 55.781284 0.000263 101.509144 -0.000214 38.933837 14.558634 -89.976548 -2.464798 -1.574004 2.681896 10.615727 4.166346 -19.658618 4.637198 -8.634145 -0.225376 -2.646279 -1.527815 1.527805 -1.273761 0.137316 -2.094872 -1.994594 -1.151569 1.151583 -0.000001 -0.000003 0.000001 -9.108303 -0.517898 2.259790 0.215308 1.720282 -14.267255 -0.000004 0.000001 0.000004 0.000010 0.000002 0.000003 -0.000001 -0.000003 0.000000 -9.532496 -0.000007 -0.000012 0.215308 1.720282 -14.267258 -0.000007 0.000001 0.000005 0.000012 0.000002 0.000003 0.000001 0.000001 0.000001 -9.103597 -0.043109 -1.865103 0.215308 1.720282 -14.267255 0.000001 0.000010 0.000068 0.000005 0.000006 -0.000004 -0.000003 0.000001 -0.000002 -8.076696 -0.486714 -3.806305 0.215305 1.720277 -14.267259 0.000002 0.000002 0.000012 0.000001 0.000006 -0.000004 -0.000001 -0.000002 -0.000000 4.570390 11.014699 -2.160815 1.131786 -3.833647 -8.795221 -45.098622 -24.123173 -54.157892 0.000005 -99.608740 -0.000014 38.901015 -12.151368 90.001485 2.466084 -1.576195 2.681696 6.883927 1.858480 17.078161 3.939044 7.948721 0.746788 2.647871 -1.528748 1.528744 -0.579472 1.575008 2.538715 1.998909 -1.154089 1.154078 0.000003 0.000005 0.000003 9.109301 -0.518018 2.259894 0.030672 -0.650369 5.397337 -0.000002 -0.000004 -0.000019 0.000000 0.000001 -0.000000 -0.000000 -0.000001 0.000000 9.533391 0.000024 -0.000005 0.030853 -0.652290 5.413320 -0.000001 0.001926 -0.015982 0.000002 0.000001 -0.000005 0.000000 0.000000 -0.000000 9.104495 -0.042994 -1.865106 0.030672 -0.650369 5.397337 -0.000001 0.000000 -0.000236 0.000005 -0.000002 -0.000010 0.000000 0.000000 -0.000001 8.077805 -0.486891 -3.806309 -0.369032 3.384191 5.917296 -0.018090 -4.054256 -0.511072 -0.000000 -0.000000 -0.000001 -0.000001 -0.000000 -0.000000 -8.207801 -6.751710 -1.599541 -16.165702 0.814798 8.456365 48.934904 1.901943 -2.218812 -21.091078 -0.795866 2.675275 -0.000019 -0.000002 -0.000005 -0.000000 0.000000 0.000000 8.207799 -6.751706 -1.599541 -11.500188 16.574528 23.966505 47.203612 5.292903 10.205490 -25.777773 5.379019 -19.455908 -1.231421 0.000003 -0.000002 0.000000 -0.000000 0.000000 
-2.736521 94.893997 -2.487722 -11.745885 -23.014022 -13.115486 0.000000 10.181559 0.131525 -0.665991 -1.926745 -7.008265 -0.920169 -5.895239 -5.241977 -1.022352 -5.909919 -5.213123 -0.000004 16.740370 -2.049016 2.752429 4.163361 3.677661 0.000002 9.617832 1.684974 -2.434151 24.816003 2.369068 0.000007 22.037369 7.501071 -0.000001 -0.000000 -0.000000 -4.570002 11.014863 -2.160837 0.267766 -4.034423 6.114856 -53.015618 2.279004 55.822067 0.000227 101.818163 -0.000199 24.828258 12.230173 -89.996342 -2.464791 -1.573994 2.681907 6.840815 4.662274 -22.939230 4.637205 -8.634144 -0.225374 -2.646272 -1.527783 1.527806 -1.273759 0.137311 -2.094881 -1.994597 -1.151571 1.151567 -0.000000 0.000001 -0.000000 -9.108293 -0.517882 2.259795 0.319959 2.088848 -17.414952 -0.000005 0.000003 0.000005 0.000012 0.000003 0.000005 0.000001 -0.000000 -0.000000 -9.532499 0.000005 -0.000008 0.319959 2.088849 -17.414952 -0.000006 0.000002 0.000005 0.000012 0.000002 0.000005 0.000002 0.000000 -0.000000 -9.103598 -0.043132 -1.865102 0.319959 2.088849 -17.414949 -0.000002 0.000008 0.000069 0.000003 0.000005 -0.000003 -0.000000 -0.000001 0.000000 -8.076694 -0.486737 -3.806307 0.319952 2.088853 -17.414959 0.000002 -0.000001 0.000010 0.000000 0.000005 -0.000003 0.000002 0.000000 0.000000 4.570401 11.014693 -2.160810 1.042539 -2.979030 -7.813476 -49.898295 -25.209236 -53.545172 -0.000115 -97.462968 -0.000086 42.456411 -10.765939 90.003472 2.466101 -1.576192 2.681700 4.604706 2.533185 13.197716 3.939044 7.948725 0.746790 2.647893 -1.528764 1.528754 -0.579471 1.575003 2.538722 1.998913 -1.154111 1.154075 0.000001 0.000004 0.000001 9.109300 -0.517999 2.259903 0.012614 -0.417391 3.460811 -0.000001 -0.000003 -0.000017 -0.000000 0.000003 -0.000001 0.000001 -0.000001 0.000001 9.533401 0.000019 0.000004 0.012728 -0.419316 3.476795 -0.000001 0.001925 -0.015983 0.000001 0.000001 -0.000004 -0.000001 -0.000001 0.000000 9.104496 -0.043000 -1.865098 0.012614 -0.417390 3.460811 -0.000001 0.000002 -0.000235 0.000005 0.000000 -0.000008 0.000001 -0.000002 0.000001 8.077812 -0.486899 -3.806300 -0.250458 3.628363 3.978616 -0.018091 -4.054256 -0.511073 -0.000000 0.000001 0.000001 -0.000000 0.000000 -0.000000 -8.207801 -6.751701 -1.599543 -15.381511 0.195333 7.927518 45.561047 1.307593 -2.200354 -19.591610 -0.816397 2.917966 -0.000020 0.000003 0.000001 -0.000000 -0.000000 0.000000 8.207799 -6.751693 -1.599543 -11.246214 16.106631 22.990733 43.994457 4.781932 10.236719 -23.975781 4.980752 -19.101406 -1.115699 0.000000 -0.000002 -0.000000 0.000000 0.000000 
-2.609221 96.639130 -2.546423 -9.643221 -21.588975 -11.356284 0.000003 10.181552 0.131522 -0.732728 -1.931083 -6.492228 -1.139821 -5.394340 -5.029956 -1.223713 -5.399265 -5.009812 -0.000004 16.740353 -2.049019 1.489594 3.884915 3.151253 -0.000006 9.617849 1.684978 -3.107069 23.097909 1.195024 0.000008 22.037369 7.501071 0.000001 0.000000 -0.000001 -4.570004 11.014890 -2.160838 0.406845 -2.536351 3.656018 -59.300051 4.582269 54.876386 0.000489 97.359040 -0.000469 19.604718 11.340214 -89.999832 -2.464804 -1.574006 2.681901 5.585129 4.951058 -24.733274 4.637198 -8.634145 -0.225376 -2.646273 -1.527797 1.527822 -1.273762 0.137311 -2.094878 -1.994624 -1.151552 1.151584 0.000001 0.000000 0.000001 -9.108309 -0.517881 2.259808 0.387196 2.292099 -19.174067 -0.000007 0.000002 0.000005 0.000013 0.000002 0.000005 0.000001 0.000000 -0.000000 -9.532508 -0.000007 -0.000000 0.387196 2.292099 -19.174071 -0.000007 0.000001 0.000005 0.000013 0.000002 0.000005 -0.000001 0.000000 -0.000000 -9.103606 -0.043116 -1.865105 0.387196 2.292099 -19.174069 -0.000002 0.000007 0.000069 0.000004 0.000004 -0.000003 -0.000001 -0.000000 -0.000000 -8.076697 -0.486729 -3.806299 0.387190 2.292101 -19.174074 0.000001 -0.000001 0.000010 0.000001 0.000005 -0.000004 -0.000000 -0.000000 -0.000000 4.570399 11.014697 -2.160813 0.882153 -1.490309 -6.800497 -57.141352 -26.716628 -52.383914 0.000044 -92.986175 0.000049 43.780423 -5.790095 89.990666 2.466098 -1.576208 2.681702 0.830225 3.377063 8.759952 3.939046 7.948720 0.746790 2.647889 -1.528774 1.528752 -0.579470 1.575003 2.538720 1.998921 -1.154094 1.154078 0.000001 -0.000001 -0.000002 9.109303 -0.518005 2.259907 0.001697 -0.153021 1.268130 -0.000001 -0.000000 -0.000017 -0.000000 0.000002 -0.000001 -0.000001 0.000004 -0.000000 9.533406 0.000005 0.000006 0.001745 -0.154961 1.284097 -0.000001 0.001927 -0.015980 0.000002 0.000001 -0.000004 -0.000000 0.000001 -0.000000 9.104498 -0.043012 -1.865096 0.001697 -0.153021 1.268130 -0.000002 0.000002 -0.000234 0.000004 -0.000000 -0.000009 -0.000001 -0.000000 -0.000000 8.077800 -0.486872 -3.806296 -0.106239 3.899824 1.782080 -0.018090 -4.054254 -0.511072 -0.000000 -0.000001 -0.000001 -0.000000 -0.000002 -0.000001 -8.207796 -6.751710 -1.599542 -14.329795 -0.615578 6.761406 40.180862 0.952938 -2.501763 -16.932590 -0.834160 3.345294 -0.000039 0.000002 -0.000004 -0.000000 0.000000 0.000000 8.207806 -6.751708 -1.599545 -10.593773 15.956498 20.850676 38.588243 4.368219 10.315340 -20.872841 4.403911 -18.518156 -0.951657 0.000002 -0.000001 -0.000000 -0.000000 0.000000 
-2.197320 98.441818 -2.778248 -6.664952 -19.730478 -8.994584 0.000000 10.181540 0.131524 -0.737979 -2.061015 -5.782810 -1.225463 -5.058017 -4.737976 -1.292857 -5.057765 -4.723781 -0.000002 16.740355 -2.049015 -0.740683 3.708082 2.132337 0.000000 9.617854 1.684974 -4.094570 21.268920 -0.252438 -0.000001 22.037354 7.501074 0.000001 0.000001 0.000001 -4.570002 11.014863 -2.160835 0.585404 -0.698211 0.538037 -67.016614 7.637043 52.570955 -0.002890 88.829643 0.002929 20.125743 10.623958 -90.000754 -2.464790 -1.574003 2.681915 5.298627 4.048720 -24.135216 4.637198 -8.634145 -0.225376 -2.646272 -1.527799 1.527812 -1.273765 0.137316 -2.094878 -1.994602 -1.151611 1.151577 -0.000001 -0.000007 0.000001 -9.108295 -0.517895 2.259799 0.359286 2.210236 -18.463366 -0.000005 0.000002 0.000005 0.000012 0.000002 0.000003 -0.000000 0.000001 -0.000001 -9.532499 -0.000034 -0.000002 0.359286 2.210237 -18.463369 -0.000005 0.000001 0.000005 0.000014 0.000002 0.000004 0.000002 0.000000 -0.000001 -9.103605 -0.043129 -1.865099 0.359286 2.210236 -18.463364 0.000000 0.000008 0.000069 0.000005 0.000004 -0.000003 0.000001 0.000000 0.000000 -8.076695 -0.486750 -3.806299 0.359281 2.210242 -18.463371 0.000002 -0.000001 0.000010 0.000002 0.000005 -0.000004 -0.000000 0.000000 -0.000000 4.570400 11.014679 -2.160811 0.693393 -0.004098 -5.525845 -64.748650 -28.087896 -49.672172 0.000081 -87.253672 0.000087 40.389798 1.224970 87.791242 2.466097 -1.576218 2.681694 -1.533093 3.690666 6.150637 3.939047 7.948719 0.746792 2.647897 -1.528764 1.528754 -0.579475 1.575008 2.538717 1.998909 -1.154088 1.154076 0.000000 -0.000001 -0.000000 9.109297 -0.518011 2.259898 -0.000003 -0.000469 0.003906 -0.000002 0.000000 -0.000019 0.000002 -0.000002 -0.000000 0.000000 -0.000002 0.000000 9.533395 0.000007 -0.000002 -0.000001 -0.002391 0.019898 -0.000001 0.001923 -0.015982 0.000001 0.000001 -0.000006 -0.000000 -0.000001 -0.000000 9.104499 -0.043005 -1.865103 -0.000003 -0.000469 0.003906 -0.000000 0.000004 -0.000235 0.000004 0.000007 -0.000010 0.000001 0.000002 -0.000000 8.077799 -0.486890 -3.806305 -0.018359 4.053780 0.514987 -0.018090 -4.054255 -0.511073 0.000000 0.000002 -0.000002 0.000000 0.000001 -0.000003 -8.207800 -6.751715 -1.599543 -13.873753 -1.595577 5.210803 33.916821 0.472738 -2.992329 -13.658116 -0.846971 4.050335 -0.000012 0.000005 0.000000 -0.000000 0.000000 -0.000000 8.207797 -6.751710 -1.599544 -10.580532 15.505368 18.407780 32.542945 3.976601 9.703418 -17.184500 3.616210 -17.397706 -0.910857 0.000002 0.000008 -0.000000 0.000000 0.000000 
-1.596095 99.885040 -3.174530 -2.954639 -17.257412 -6.413255 -0.000000 10.181565 0.131524 -0.715694 -2.210082 -4.932583 -1.248037 -4.802449 -4.322202 -1.300144 -4.799634 -4.312277 -0.000003 16.740368 -2.049018 -3.606010 3.624004 0.666030 -0.000001 9.617846 1.684980 -5.250234 19.005080 -1.342931 -0.000002 22.037369 7.501069 -0.000002 -0.000000 0.000000 -4.569999 11.014875 -2.160838 0.746183 1.057565 -2.888738 -74.848129 12.749430 48.683754 -0.000193 76.275858 0.000228 22.442530 9.629547 -90.000679 -2.464776 -1.574013 2.681912 5.125952 2.556899 -22.556261 4.637197 -8.634143 -0.225380 -2.646281 -1.527838 1.527822 -1.273761 0.137314 -2.094878 -1.994591 -1.151568 1.151577 0.000001 -0.000006 0.000007 -9.108281 -0.517866 2.259805 0.294520 2.006028 -16.703093 -0.000005 0.000001 0.000005 0.000012 0.000002 0.000004 -0.000002 -0.000000 0.000000 -9.532485 -0.000015 0.000002 0.294520 2.006029 -16.703093 -0.000004 0.000001 0.000005 0.000012 0.000002 0.000005 -0.000002 0.000001 -0.000000 -9.103586 -0.043116 -1.865102 0.294520 2.006028 -16.703091 -0.000001 0.000008 0.000070 0.000004 0.000004 -0.000003 -0.000001 0.000000 0.000000 -8.076692 -0.486744 -3.806300 0.294518 2.006025 -16.703079 0.000000 -0.000000 0.000010 0.000003 0.000004 -0.000003 0.000000 0.000000 0.000000 4.570400 11.014693 -2.160813 0.509486 0.872567 -3.376527 -71.195836 -30.098195 -44.989725 -0.000054 -78.182874 -0.000047 32.568753 5.773408 85.308031 2.466108 -1.576237 2.681700 -1.539955 3.690271 6.142368 3.939045 7.948728 0.746790 2.647887 -1.528760 1.528752 -0.579468 1.575001 2.538718 1.998909 -1.154097 1.154074 0.000001 0.000002 -0.000000 9.109298 -0.518034 2.259899 0.000000 -0.000000 0.000000 -0.000003 -0.000002 -0.000016 0.000000 -0.000002 0.000000 -0.000002 0.000001 -0.000000 9.533397 -0.000009 -0.000002 0.000003 -0.001925 0.015994 -0.000002 0.001924 -0.015981 0.000003 0.000004 -0.000004 -0.000000 0.000003 0.000001 9.104491 -0.043001 -1.865103 0.000000 -0.000000 0.000000 0.000000 -0.000001 -0.000236 0.000003 -0.000000 -0.000009 -0.000001 0.000002 -0.000002 8.077809 -0.486902 -3.806303 -0.018085 4.054255 0.511080 -0.018091 -4.054256 -0.511070 0.000000 0.000002 -0.000002 0.000000 0.000002 -0.000000 -8.207802 -6.751708 -1.599541 -14.522512 -2.365341 3.708953 27.980109 -0.719073 -3.754849 -10.423372 -0.861687 5.106219 -0.000032 0.000002 -0.000000 -0.000000 -0.000002 -0.000000 8.207800 -6.751699 -1.599544 -11.773842 14.406735 16.235457 27.189696 3.654566 8.217040 -13.618210 2.773079 -15.759137 -0.784034 0.000003 0.000002 0.000000 -0.000000 0.000000 
-0.981078 100.678856 -3.649714 0.681027 -14.302210 -4.140604 -0.000001 10.181540 0.131525 -0.724475 -2.208057 -4.150554 -1.320345 -4.428770 -3.890216 -1.358596 -4.424445 -3.883417 -0.000008 16.740370 -2.049023 -5.964308 3.474228 -0.763059 0.000003 9.617867 1.684976 -6.506822 16.205201 -2.115565 -0.000006 22.037369 7.501077 -0.000000 -0.000000 0.000001 -4.570008 11.014881 -2.160841 0.878039 2.629564 -6.444892 -80.677860 20.025327 43.390266 -0.000061 60.604111 0.000093 23.349321 8.439316 -89.999606 -2.464805 -1.574045 2.681915 4.823535 1.403578 -21.814385 4.637200 -8.634141 -0.225373 -2.646278 -1.527831 1.527817 -1.273762 0.137314 -2.094876 -1.994594 -1.151600 1.151561 0.000001 -0.000005 0.000001 -9.108301 -0.517904 2.259812 0.263732 1.900463 -15.799626 -0.000004 0.000002 0.000006 0.000014 0.000003 0.000005 0.000001 0.000002 -0.000001 -9.532502 -0.000027 0.000011 0.263733 1.900464 -15.799628 -0.000006 0.000002 0.000005 0.000015 0.000001 0.000006 -0.000000 0.000001 0.000001 -9.103599 -0.043104 -1.865088 0.263730 1.900464 -15.799626 0.000000 0.000008 0.000067 0.000003 0.000004 -0.000003 0.000000 -0.000001 -0.000001 -8.076700 -0.486769 -3.806287 0.263730 1.900461 -15.799612 0.000002 -0.000001 0.000008 0.000003 0.000006 -0.000004 0.000000 0.000000 -0.000002 4.570395 11.014702 -2.160816 0.391978 0.522459 0.369803 -73.678460 -33.423917 -38.331247 -0.000018 -63.960350 -0.000026 22.486496 5.443071 85.850615 2.466103 -1.576216 2.681701 -1.539948 3.690265 6.142355 3.939046 7.948726 0.746781 2.647902 -1.528744 1.528757 -0.579473 1.575003 2.538722 1.998931 -1.154081 1.154078 0.000002 -0.000002 0.000007 9.109293 -0.518023 2.259901 -0.000004 0.000003 -0.000001 -0.000002 0.000002 -0.000018 0.000001 0.000001 -0.000003 0.000001 0.000001 -0.000001 9.533402 -0.000012 0.000003 0.000002 -0.001937 0.015977 -0.000002 0.001925 -0.015980 0.000003 -0.000001 -0.000004 -0.000001 0.000003 0.000000 9.104486 -0.043018 -1.865103 -0.000004 0.000003 -0.000001 -0.000001 0.000003 -0.000236 0.000004 0.000000 -0.000009 -0.000000 0.000002 -0.000001 8.077793 -0.486902 -3.806303 -0.018085 4.054240 0.511072 -0.018088 -4.054256 -0.511071 0.000000 0.000003 0.000001 0.000001 0.000004 0.000001 -8.207800 -6.751725 -1.599544 -16.289134 -2.751447 2.344408 24.093260 -2.649364 -4.638013 -8.190023 -0.896758 6.279236 -0.000015 -0.000002 -0.000003 -0.000000 0.000000 0.000000 8.207800 -6.751705 -1.599544 -13.990151 12.889283 14.295575 23.680945 3.181054 6.910483 -10.941531 2.194574 -14.247336 -0.153377 -0.000000 -0.000003 0.000000 -0.000000 0.000000 
-0.450189 100.893768 -4.136137 3.254258 -11.170880 -2.530668 0.000000 10.181562 0.131521 -0.717383 -2.037534 -3.553506 -1.346116 -3.910513 -3.467265 -1.373827 -3.905752 -3.462616 -0.000003 16.740379 -2.049023 -6.884292 3.089684 -1.523831 -0.000001 9.617867 1.684978 -7.726897 13.392694 -3.422582 -0.000001 22.037369 7.501080 0.000000 -0.000000 -0.000002 -4.570002 11.014892 -2.160841 0.968717 3.878116 -9.755493 -82.676974 27.237599 37.538207 -0.000009 46.031732 0.000032 21.541474 7.614233 -89.999873 -2.464795 -1.573992 2.681918 4.145078 0.923588 -21.926067 4.637193 -8.634145 -0.225374 -2.646270 -1.527777 1.527817 -1.273762 0.137311 -2.094879 -1.994594 -1.151597 1.151573 0.000002 -0.000002 0.000001 -9.108306 -0.517877 2.259809 0.264433 1.902916 -15.820702 -0.000006 0.000001 0.000005 0.000012 0.000002 0.000004 0.000003 -0.000001 0.000000 -9.532509 0.000006 0.000006 0.264434 1.902916 -15.820706 -0.000006 0.000001 0.000003 0.000013 0.000002 0.000006 0.000000 -0.000001 -0.000002 -9.103597 -0.043099 -1.865094 0.264433 1.902917 -15.820699 -0.000004 0.000008 0.000070 0.000004 0.000004 -0.000002 0.000001 -0.000000 0.000001 -8.076706 -0.486740 -3.806294 0.264434 1.902919 -15.820704 0.000000 -0.000001 0.000009 0.000002 0.000005 -0.000003 0.000001 0.000002 0.000002 4.570401 11.014675 -2.160817 0.505287 -1.450576 5.731438 -70.223149 -36.380791 -30.802627 -0.000006 -48.141478 -0.000025 13.655888 0.364701 87.431148 2.466112 -1.576213 2.681692 -1.539987 3.690303 6.142117 3.939045 7.948722 0.746790 2.647877 -1.528734 1.528742 -0.579471 1.575008 2.538719 1.998912 -1.154081 1.154073 0.000002 -0.000003 0.000002 9.109298 -0.517999 2.259895 0.000000 0.000017 -0.000110 -0.000003 -0.000002 -0.000019 -0.000003 0.000005 -0.000002 -0.000002 0.000003 0.000001 9.533393 0.000021 -0.000008 0.000003 -0.001915 0.015864 -0.000001 0.001931 -0.015978 0.000001 0.000001 -0.000005 0.000000 0.000000 0.000001 9.104498 -0.042993 -1.865105 0.000000 0.000017 -0.000110 -0.000001 0.000002 -0.000235 0.000003 -0.000000 -0.000010 -0.000001 0.000002 -0.000000 8.077812 -0.486898 -3.806303 -0.018071 4.054271 0.510955 -0.018091 -4.054252 -0.511072 0.000000 -0.000001 0.000001 0.000000 -0.000003 0.000001 -8.207798 -6.751701 -1.599543 -18.419958 -3.197845 0.934051 22.937980 -4.681703 -5.317022 -7.367220 -0.983206 7.297423 0.000007 -0.000007 0.000001 -0.000000 0.000000 -0.000000 8.207800 -6.751701 -1.599545 -16.359691 11.344083 12.561351 22.363646 2.079596 6.303259 -9.535655 1.914920 -13.184545 -0.000130 0.000001 -0.000005 -0.000000 0.000000 0.000000 
0.016461 100.858536 -4.619916 4.231522 -8.083492 -1.764756 0.000000 10.181556 0.131524 -0.538218 -1.766079 -2.956470 -1.016290 -3.334228 -2.885966 -1.035981 -3.331039 -2.883116 -0.000002 16.740377 -2.049022 -6.757176 2.542758 -1.633422 -0.000005 9.617856 1.684975 -8.262058 10.972444 -5.361901 0.000002 22.037384 7.501077 0.000003 -0.000000 -0.000001 -4.570003 11.014883 -2.160842 0.918700 4.152489 -11.873206 -82.738890 31.615880 34.012378 -0.000024 38.720264 0.000050 19.915744 7.803526 -89.999613 -2.464803 -1.573957 2.681915 3.882850 1.267946 -22.454109 4.637200 -8.634139 -0.225371 -2.646284 -1.527801 1.527822 -1.273763 0.137314 -2.094876 -1.994587 -1.151594 1.151571 0.000001 -0.000003 0.000001 -9.108299 -0.517846 2.259805 0.283490 1.968892 -16.384874 -0.000005 0.000001 0.000004 0.000012 0.000001 0.000005 -0.000000 0.000000 -0.000001 -9.532508 0.000031 -0.000003 0.283490 1.968892 -16.384874 -0.000005 0.000000 0.000004 0.000011 0.000001 0.000005 0.000001 -0.000001 -0.000001 -9.103599 -0.043103 -1.865096 0.283489 1.968893 -16.384874 -0.000003 0.000006 0.000070 0.000003 0.000005 -0.000003 -0.000002 -0.000000 0.000002 -8.076698 -0.486706 -3.806297 0.283487 1.968893 -16.384881 0.000001 -0.000000 0.000010 0.000003 0.000004 -0.000002 0.000003 -0.000001 -0.000002 4.570396 11.014697 -2.160816 0.902102 -4.103196 10.603865 -64.108005 -35.313420 -25.823666 -0.000011 -40.467341 -0.000016 10.387768 -3.914272 89.950934 2.466109 -1.576190 2.681701 -1.513911 3.670618 6.334329 3.939046 7.948723 0.746786 2.647867 -1.528744 1.528751 -0.579473 1.575005 2.538714 1.998928 -1.154081 1.154081 0.000003 0.000003 0.000001 9.109315 -0.518018 2.259900 0.000008 -0.011188 0.092631 -0.000003 -0.000002 -0.000019 0.000000 0.000002 -0.000000 0.000002 -0.000002 0.000003 9.533397 -0.000001 0.000001 0.000020 -0.013106 0.108610 -0.000000 0.001924 -0.015983 0.000003 0.000001 -0.000003 0.000002 0.000001 0.000005 9.104500 -0.043003 -1.865102 0.000009 -0.011188 0.092631 -0.000000 0.000004 -0.000238 0.000006 -0.000002 -0.000011 -0.000000 0.000002 -0.000002 8.077799 -0.486873 -3.806302 -0.024639 4.043032 0.603919 -0.018091 -4.054256 -0.511071 0.000001 0.000001 -0.000000 0.000000 0.000001 -0.000003 -8.207801 -6.751711 -1.599540 -19.673402 -4.295629 -0.694172 23.339545 -6.018892 -5.144151 -7.405437 -1.061784 7.770207 -0.000052 0.000005 0.000006 -0.000000 0.000000 0.000000 8.207799 -6.751693 -1.599545 -17.896735 10.046780 11.097473 22.402672 0.274263 6.449442 -9.012959 1.801561 -12.535517 -0.000035 0.000000 -0.000005 0.000000 0.000000 0.000000 
0.395232 100.687653 -5.035188 3.669625 -5.032959 -1.643719 -0.000001 10.181537 0.131525 -0.154291 -1.470685 -2.405213 -0.259821 -2.784580 -2.067083 -0.274946 -2.784515 -2.065531 0.000002 16.740364 -2.049018 -6.250435 2.051720 -1.679934 0.000000 9.617864 1.684974 -7.779063 8.870643 -7.078702 0.000004 22.037384 7.501069 0.000002 0.000000 -0.000002 -4.570001 11.014864 -2.160837 0.700499 3.147232 -11.865753 -84.518953 32.459333 36.182538 -0.000005 41.270131 0.000035 22.797751 9.309755 -89.996656 -2.464777 -1.573988 2.681909 5.646384 2.570668 -23.523866 4.637199 -8.634146 -0.225381 -2.646263 -1.527826 1.527810 -1.273763 0.137312 -2.094875 -1.994593 -1.151600 1.151580 0.000001 -0.000001 -0.000002 -9.108288 -0.517861 2.259804 0.329691 2.119639 -17.680192 -0.000004 0.000001 0.000008 0.000011 0.000001 0.000006 -0.000000 0.000000 0.000002 -9.532492 0.000031 -0.000003 0.329691 2.119640 -17.680194 -0.000006 0.000001 0.000006 0.000012 0.000001 0.000006 -0.000002 0.000000 0.000001 -9.103588 -0.043085 -1.865104 0.329691 2.119639 -17.680192 -0.000002 0.000008 0.000070 0.000003 0.000004 -0.000005 -0.000001 0.000000 -0.000001 -8.076690 -0.486699 -3.806302 0.329683 2.119646 -17.680208 0.000002 -0.000001 0.000007 -0.000001 0.000004 -0.000001 0.000001 0.000000 0.000003 4.570400 11.014673 -2.160813 1.225927 -5.693889 12.118762 -60.347057 -29.991914 -25.877869 -0.000004 -46.794480 -0.000007 14.159869 -3.704837 90.003390 2.466101 -1.576212 2.681699 -0.657707 3.313570 10.673729 3.939047 7.948726 0.746791 2.647851 -1.528734 1.528747 -0.579469 1.575005 2.538718 1.998947 -1.154112 1.154080 0.000000 0.000002 0.000003 9.109305 -0.518008 2.259902 0.005009 -0.263151 2.181101 -0.000003 0.000000 -0.000016 -0.000002 0.000003 0.000003 -0.000001 0.000001 0.000003 9.533401 0.000002 0.000000 0.005081 -0.265070 2.197093 -0.000003 0.001928 -0.015984 0.000000 0.000001 -0.000004 -0.000001 0.000002 -0.000000 9.104505 -0.042994 -1.865096 0.005009 -0.263151 2.181101 -0.000000 0.000003 -0.000239 0.000006 -0.000002 -0.000009 -0.000001 0.000001 0.000001 8.077800 -0.486900 -3.806294 -0.167564 3.787482 2.696831 -0.018090 -4.054255 -0.511075 0.000002 0.000001 0.000002 0.000001 0.000003 0.000002 -8.207800 -6.751728 -1.599541 -19.692381 -5.952870 -2.397924 24.698106 -6.679177 -4.212228 -8.082316 -1.114972 7.756049 -0.000027 0.000002 0.000006 -0.000000 0.000000 0.000000 8.207801 -6.751716 -1.599543 -18.419572 9.022423 9.930417 23.504165 -1.909817 7.197653 -9.160361 1.772294 -12.192960 -0.000017 -0.000003 0.000003 0.000000 0.000000 0.000000 
0.623390 100.187477 -5.219992 1.988575 -1.833622 -1.687450 -0.000000 10.181555 0.131523 0.273288 -1.241725 -2.116816 0.595314 -2.388374 -1.166054 0.580572 -2.392566 -1.165147 0.000001 16.740364 -2.049018 -5.142623 1.644381 -1.861848 -0.000005 9.617866 1.684980 -6.817479 6.971492 -8.139891 -0.000005 22.037384 7.501074 -0.000000 -0.000000 -0.000001 -4.569998 11.014848 -2.160837 0.484381 1.586914 -9.654202 -86.935993 30.429814 43.025202 -0.000048 51.470496 0.000076 30.645290 11.592054 -89.996212 -2.464805 -1.573977 2.681930 9.020775 3.803264 -23.132425 4.637196 -8.634141 -0.225373 -2.646252 -1.527767 1.527817 -1.273761 0.137314 -2.094874 -1.994613 -1.151582 1.151577 0.000001 -0.000004 0.000003 -9.108293 -0.517851 2.259823 0.326671 2.110121 -17.598225 -0.000006 0.000001 0.000004 0.000012 0.000002 0.000006 -0.000002 -0.000001 0.000004 -9.532495 0.000021 0.000014 0.326671 2.110121 -17.598230 -0.000006 0.000002 0.000004 0.000012 0.000001 0.000006 -0.000003 0.000000 -0.000001 -9.103606 -0.043103 -1.865084 0.326671 2.110121 -17.598228 -0.000003 0.000006 0.000070 0.000004 0.000005 -0.000004 -0.000001 0.000000 -0.000002 -8.076689 -0.486703 -3.806280 0.326671 2.110121 -17.598230 0.000001 -0.000001 0.000011 -0.000000 0.000005 -0.000005 -0.000001 0.000000 -0.000002 4.570401 11.014671 -2.160813 1.259216 -5.819442 9.494789 -59.012288 -24.921588 -30.042167 -0.000013 -59.754798 -0.000021 21.925073 -1.578861 90.002188 2.466107 -1.576219 2.681698 1.149952 3.447329 14.024462 3.939046 7.948721 0.746788 2.647891 -1.528729 1.528750 -0.579469 1.575003 2.538717 1.998917 -1.154111 1.154078 0.000001 0.000003 -0.000000 9.109308 -0.518027 2.259896 0.014967 -0.454454 3.768384 -0.000003 -0.000002 -0.000016 -0.000000 0.000003 0.000000 -0.000001 0.000000 -0.000004 9.533406 -0.000016 -0.000002 0.015088 -0.456374 3.784377 -0.000003 0.001926 -0.015981 0.000001 -0.000000 -0.000003 -0.000001 0.000000 -0.000001 9.104499 -0.043009 -1.865106 0.014967 -0.454454 3.768384 -0.000001 0.000003 -0.000236 0.000006 0.000000 -0.000010 -0.000001 0.000001 -0.000001 8.077821 -0.486902 -3.806303 -0.269832 3.589834 4.286615 -0.018093 -4.054253 -0.511071 -0.000000 -0.000000 0.000001 -0.000001 0.000001 0.000000 -8.207801 -6.751700 -1.599542 -19.130603 -7.478138 -3.952024 27.670734 -7.574573 -3.283943 -9.791305 -1.228985 7.887222 -0.000020 0.000000 0.000002 -0.000000 0.000000 0.000000 8.207800 -6.751697 -1.599543 -18.500197 8.025615 8.844650 26.355019 -4.109133 8.496493 -10.325789 1.887723 -12.107840 -0.000017 -0.000001 -0.000008 -0.000000 0.000000 0.000000 
0.744885 99.249680 -5.047874 -0.452197 1.584137 -1.692226 -0.000000 10.181537 0.131523 0.607015 -1.095192 -1.939098 1.257253 -2.216248 -0.344611 1.241188 -2.225373 -0.344124 -0.000000 16.740377 -2.049019 -3.107053 1.186099 -1.917236 0.000001 9.617844 1.684975 -5.932081 5.228027 -8.938809 -0.000001 22.037369 7.501076 0.000001 0.000000 0.000000 -4.570001 11.014886 -2.160840 0.465323 0.697748 -6.634923 -85.004723 26.553820 49.496947 -0.000057 64.882153 0.000089 39.290585 13.784052 -89.997708 -2.464792 -1.573977 2.681903 11.470930 4.050729 -20.734591 4.637198 -8.634139 -0.225372 -2.646286 -1.527796 1.527817 -1.273762 0.137314 -2.094872 -1.994589 -1.151580 1.151585 0.000001 -0.000004 -0.000001 -9.108295 -0.517875 2.259805 0.249728 1.850274 -15.371728 -0.000005 0.000003 0.000004 0.000014 0.000001 0.000003 -0.000001 -0.000001 0.000001 -9.532502 0.000016 -0.000003 0.249725 1.850274 -15.371727 -0.000005 0.000001 0.000004 0.000016 0.000001 0.000004 0.000000 -0.000001 0.000001 -9.103598 -0.043077 -1.865100 0.249728 1.850273 -15.371728 -0.000002 0.000008 0.000069 0.000007 0.000004 -0.000003 0.000000 0.000000 -0.000002 -8.076694 -0.486724 -3.806297 0.249723 1.850272 -15.371727 0.000001 -0.000002 0.000009 0.000002 0.000005 -0.000005 -0.000000 -0.000001 -0.000000 4.570400 11.014682 -2.160815 1.159830 -5.147718 4.264155 -57.191602 -21.605975 -36.254743 -0.000039 -72.579653 -0.000019 29.078185 -0.415928 90.000132 2.466103 -1.576206 2.681698 2.967967 3.738049 15.310765 3.939047 7.948725 0.746783 2.647871 -1.528731 1.528746 -0.579472 1.575001 2.538722 1.998910 -1.154095 1.154075 0.000001 0.000001 -0.000000 9.109295 -0.518008 2.259901 0.020093 -0.526706 4.368753 -0.000000 -0.000002 -0.000019 0.000001 0.000002 0.000000 -0.000001 -0.000000 -0.000002 9.533399 0.000009 0.000001 0.020240 -0.528615 4.384742 -0.000002 0.001927 -0.015983 0.000001 0.000000 -0.000006 -0.000000 0.000001 -0.000000 9.104504 -0.042991 -1.865099 0.020093 -0.526706 4.368750 0.000000 0.000001 -0.000236 0.000005 -0.000002 -0.000008 0.000000 0.000001 -0.000002 8.077805 -0.486899 -3.806299 -0.307091 3.514391 4.887715 -0.018091 -4.054254 -0.511074 -0.000001 -0.000000 -0.000001 0.000000 -0.000001 -0.000001 -8.207800 -6.751720 -1.599540 -18.197538 -8.612810 -5.204814 32.127987 -9.184823 -2.699926 -12.472792 -1.481045 8.580948 -0.000017 -0.000002 -0.000005 -0.000000 -0.000002 -0.000000 8.207800 -6.751714 -1.599545 -18.414994 6.755942 7.856793 31.051283 -6.057275 10.060482 -12.628751 2.145353 -12.062128 -0.000039 -0.000001 0.000003 -0.000000 0.000000 0.000000 
0.839020 97.957161 -4.550277 -3.586391 4.893074 -1.685858 0.000000 10.181554 0.131524 0.882336 -0.954031 -1.687386 1.796541 -2.129473 0.431729 1.779373 -2.143822 0.431862 0.000001 16.740337 -2.049021 -0.666438 0.661341 -1.777176 -0.000001 9.617831 1.684978 -5.098741 3.656103 -10.158292 0.000004 22.037369 7.501076 -0.000000 -0.000000 -0.000001 -4.570001 11.014862 -2.160841 0.638685 0.963613 -4.518292 -77.574871 21.858077 53.389594 -0.000245 77.793614 0.000250 46.283561 15.851518 -89.998329 -2.464793 -1.573975 2.681924 13.231461 4.114784 -18.585797 4.637205 -8.634146 -0.225372 -2.646266 -1.527799 1.527817 -1.273765 0.137312 -2.094877 -1.994591 -1.151573 1.151576 0.000001 -0.000006 0.000003 -9.108301 -0.517864 2.259811 0.187937 1.608825 -13.324672 -0.000005 0.000000 0.000005 0.000011 0.000001 0.000003 -0.000001 0.000000 -0.000002 -9.532498 0.000023 0.000017 0.187937 1.608825 -13.324673 -0.000004 0.000002 0.000004 0.000011 0.000000 0.000004 0.000000 0.000000 -0.000000 -9.103604 -0.043058 -1.865093 0.187935 1.608826 -13.324677 -0.000004 0.000010 0.000069 0.000002 0.000003 -0.000004 0.000000 -0.000001 -0.000000 -8.076702 -0.486707 -3.806291 0.187926 1.608821 -13.324670 0.000001 -0.000001 0.000010 -0.000001 0.000004 -0.000004 -0.000004 0.000002 -0.000000 4.570402 11.014681 -2.160816 1.099503 -4.432659 -1.023158 -52.537398 -18.713513 -41.810146 -0.000055 -83.967627 -0.000070 33.187599 -0.574081 89.999750 2.466133 -1.576235 2.681694 4.417849 3.842742 16.256439 3.939046 7.948723 0.746793 2.647888 -1.528735 1.528748 -0.579473 1.575003 2.538718 1.998913 -1.154106 1.154078 -0.000001 0.000003 0.000001 9.109326 -0.518021 2.259898 0.024512 -0.581538 4.824525 -0.000001 -0.000002 -0.000018 0.000000 -0.000000 0.000000 0.000001 0.000000 -0.000002 9.533413 0.000004 -0.000001 0.024681 -0.583466 4.840502 0.000000 0.001926 -0.015985 0.000002 -0.000002 -0.000003 0.000002 0.000000 -0.000001 9.104508 -0.042997 -1.865104 0.024512 -0.581538 4.824525 -0.000001 0.000001 -0.000236 0.000005 -0.000001 -0.000010 0.000001 0.000002 0.000001 8.077814 -0.486896 -3.806304 -0.334831 3.456826 5.343970 -0.018090 -4.054253 -0.511074 0.000002 -0.000001 0.000003 0.000001 -0.000001 -0.000000 -8.207799 -6.751716 -1.599542 -16.550373 -9.750608 -6.060692 37.182785 -10.013208 -2.323969 -15.639277 -2.670370 9.400408 0.000004 0.000007 0.000001 -0.000000 -0.000002 0.000000 8.207799 -6.751695 -1.599542 -18.041815 5.094187 7.849263 37.012095 -7.766651 10.302080 -15.827242 2.257982 -11.244921 -0.000025 -0.000000 -0.000004 0.000000 0.000000 0.000000 
0.918727 96.458778 -3.878886 -7.334245 7.519857 -1.717128 0.000000 10.181557 0.131524 1.203476 -0.706926 -1.347062 2.426477 -1.886036 1.313248 2.409839 -1.907463 1.313358 -0.000000 16.740368 -2.049018 1.292872 0.201984 -1.804215 -0.000001 9.617821 1.684976 -4.072652 2.214549 -11.896648 -0.000004 22.037384 7.501073 -0.000001 -0.000000 0.000000 -4.570000 11.014869 -2.160839 0.824174 1.507692 -3.171829 -68.217996 17.793430 56.632613 -0.001830 88.265681 0.001977 51.990246 18.215587 -89.999060 -2.464800 -1.573983 2.681892 16.039504 4.756302 -17.550962 4.637199 -8.634143 -0.225374 -2.646273 -1.527813 1.527824 -1.273765 0.137311 -2.094878 -1.994588 -1.151583 1.151581 -0.000000 -0.000004 0.000002 -9.108295 -0.517853 2.259802 0.166368 1.514869 -12.533135 -0.000008 0.000004 0.000004 0.000010 0.000001 0.000005 -0.000001 -0.000000 0.000000 -9.532498 0.000010 -0.000005 0.166368 1.514870 -12.533138 -0.000005 0.000002 0.000005 0.000009 0.000001 0.000005 -0.000001 -0.000001 0.000000 -9.103594 -0.043101 -1.865107 0.166368 1.514869 -12.533140 -0.000003 0.000009 0.000069 0.000002 0.000003 -0.000004 -0.000006 -0.000001 -0.000001 -8.076694 -0.486714 -3.806310 0.166357 1.514870 -12.533135 -0.000003 0.000000 0.000010 -0.000002 0.000006 -0.000005 -0.000004 0.000000 0.000000 4.570402 11.014676 -2.160813 1.083637 -3.860767 -5.184324 -45.960674 -15.849548 -45.426506 -0.000041 -93.837380 -0.000040 34.847441 -1.989368 89.999811 2.466093 -1.576195 2.681704 6.155868 3.757013 18.301562 3.939048 7.948724 0.746787 2.647904 -1.528774 1.528763 -0.579471 1.575006 2.538717 1.998927 -1.154093 1.154084 0.000001 -0.000003 0.000005 9.109286 -0.518001 2.259906 0.035818 -0.702701 5.833184 -0.000001 -0.000002 -0.000016 0.000001 0.000003 -0.000001 0.000000 0.000002 0.000001 9.533406 0.000026 0.000006 0.036010 -0.704623 5.849164 -0.000001 0.001926 -0.015981 0.000001 -0.000000 -0.000003 -0.000000 0.000001 -0.000000 9.104493 -0.042992 -1.865094 0.035819 -0.702699 5.833184 0.000000 0.000002 -0.000235 0.000005 -0.000001 -0.000009 0.000000 0.000000 0.000005 8.077803 -0.486877 -3.806297 -0.394561 3.328699 6.353472 -0.018089 -4.054256 -0.511073 0.000000 0.000000 0.000000 -0.000001 0.000003 -0.000001 -8.207801 -6.751705 -1.599543 -14.120439 -11.237002 -6.629818 42.097881 -9.894247 -1.952381 -18.903450 -3.841276 9.960532 -0.000080 0.000009 -0.000000 -0.000000 0.000002 0.000000 8.207798 -6.751707 -1.599547 -16.950291 3.600895 8.543574 43.003127 -8.708583 10.120706 -19.293756 1.875778 -10.361937 -0.070729 0.000001 -0.000003 0.000000 -0.000000 0.000000 
0.953158 94.977379 -3.178326 -11.137585 9.260317 -1.702288 -0.000000 10.181561 0.131523 1.570484 -0.335138 -1.037315 3.142202 -1.447535 2.284263 3.127814 -1.479046 2.284732 -0.000000 16.740377 -2.049022 2.448807 -0.077620 -2.269397 -0.000004 9.617848 1.684976 -2.834553 0.950078 -13.722258 -0.000002 22.037384 7.501079 -0.000001 0.000001 0.000001 -4.569999 11.014885 -2.160840 0.895765 1.494142 -1.803953 -60.294513 15.977609 60.359864 0.000614 95.693477 -0.000568 55.425042 20.745474 -89.999873 -2.464805 -1.573962 2.681912 19.992551 6.207579 -17.580267 4.637199 -8.634143 -0.225376 -2.646263 -1.527799 1.527811 -1.273759 0.137311 -2.094875 -1.994587 -1.151582 1.151575 0.000004 -0.000003 0.000002 -9.108308 -0.517886 2.259798 0.179969 1.574905 -13.038701 -0.000005 0.000001 0.000004 0.000013 -0.000000 0.000003 -0.000001 -0.000001 0.000001 -9.532507 0.000033 0.000008 0.179969 1.574906 -13.038701 -0.000006 0.000001 0.000005 0.000011 0.000000 0.000003 0.000002 0.000001 -0.000002 -9.103611 -0.043105 -1.865096 0.179968 1.574905 -13.038703 -0.000003 0.000005 0.000068 0.000003 0.000004 -0.000002 0.000004 0.000001 -0.000000 -8.076713 -0.486724 -3.806297 0.179968 1.574903 -13.038694 0.000001 -0.000000 0.000010 0.000000 0.000004 -0.000005 0.000002 0.000000 0.000001 4.570399 11.014684 -2.160815 1.074682 -3.262186 -8.226848 -39.700533 -13.167833 -47.319052 -0.000030 -101.941407 -0.000016 35.995442 -4.539316 89.999839 2.466103 -1.576187 2.681691 9.015891 3.467433 21.940938 3.939042 7.948731 0.746794 2.647877 -1.528745 1.528756 -0.579470 1.575001 2.538713 1.998924 -1.154079 1.154077 -0.000001 -0.000003 0.000003 9.109297 -0.517995 2.259895 0.061912 -0.923051 7.672081 -0.000000 0.000001 -0.000019 0.000002 0.000004 -0.000000 0.000001 0.000004 -0.000000 9.533400 0.000008 -0.000005 0.062157 -0.924940 7.688075 -0.000000 0.001927 -0.015981 0.000003 0.000001 -0.000004 0.000002 -0.000000 0.000000 9.104504 -0.042989 -1.865106 0.061912 -0.923051 7.672081 -0.000001 0.000001 -0.000233 0.000003 -0.000002 -0.000008 0.000002 0.000000 0.000003 8.077804 -0.486871 -3.806307 -0.497602 3.092483 8.193116 -0.018090 -4.054256 -0.511072 0.000000 0.000001 0.000003 0.000001 0.000001 -0.000000 -8.207802 -6.751710 -1.599543 -11.412532 -12.984244 -7.176193 46.311203 -9.837305 -1.626707 -21.894959 -3.772191 10.467517 -0.000040 0.000002 0.000000 -0.000000 0.000000 0.000000 8.207799 -6.751703 -1.599544 -15.330302 2.692547 9.566372 48.026031 -8.589956 10.027025 -22.423380 0.805310 -9.993637 -0.226643 -0.000000 -0.000001 -0.000000 -0.000000 0.000000 
0.972978 93.806007 -2.524117 -14.054596 10.511718 -1.487355 -0.000001 10.181548 0.131520 1.832000 0.025221 -0.796162 3.647368 -1.018772 3.146255 3.635998 -1.059585 3.147327 -0.000000 16.740364 -2.049021 3.107868 -0.167624 -2.998674 -0.000005 9.617862 1.684978 -1.517780 0.123818 -15.395754 0.000005 22.037369 7.501073 -0.000000 0.000001 -0.000002 -4.569999 11.014870 -2.160841 0.914601 1.247197 -0.542153 -55.024072 16.078171 64.101086 0.000319 100.218888 -0.000268 55.399818 22.710826 -89.999962 -2.464791 -1.573991 2.681919 23.426675 8.329707 -18.518750 4.637199 -8.634151 -0.225379 -2.646266 -1.527798 1.527818 -1.273761 0.137316 -2.094874 -1.994601 -1.151556 1.151574 0.000003 -0.000003 0.000001 -9.108301 -0.517866 2.259805 0.224817 1.757237 -14.580599 -0.000008 -0.000000 0.000004 0.000010 0.000003 0.000004 -0.000001 -0.000001 0.000000 -9.532498 0.000013 0.000009 0.224817 1.757238 -14.580599 -0.000009 -0.000001 0.000005 0.000012 0.000003 0.000003 0.000000 0.000000 -0.000000 -9.103619 -0.043102 -1.865098 0.224817 1.757237 -14.580598 -0.000001 0.000005 0.000067 0.000002 0.000005 -0.000004 -0.000004 -0.000001 0.000002 -8.076698 -0.486714 -3.806288 0.224806 1.757230 -14.580599 -0.000002 0.000001 0.000010 0.000001 0.000006 -0.000003 -0.000001 -0.000000 -0.000001 4.570402 11.014665 -2.160816 1.067081 -2.739115 -10.020608 -34.700950 -10.368202 -47.889496 -0.000014 -108.207866 -0.000005 37.441089 -6.602375 89.999996 2.466099 -1.576216 2.681698 11.899855 3.218594 24.998113 3.939046 7.948721 0.746789 2.647887 -1.528757 1.528759 -0.579473 1.575007 2.538712 1.998925 -1.154073 1.154076 -0.000001 0.000001 -0.000000 9.109299 -0.518025 2.259896 0.090492 -1.114825 9.279451 -0.000001 0.000001 -0.000019 0.000000 0.000004 0.000000 0.000001 0.000003 0.000003 9.533404 -0.000007 -0.000004 0.090800 -1.116721 9.295428 0.000003 0.001924 -0.015980 0.000002 0.000002 -0.000005 0.000001 -0.000002 0.000002 9.104495 -0.043011 -1.865105 0.090493 -1.114824 9.279451 -0.000000 0.000002 -0.000236 0.000004 0.000001 -0.000009 0.000000 0.000001 -0.000000 8.077819 -0.486908 -3.806308 -0.581383 2.883447 9.800269 -0.018090 -4.054257 -0.511069 0.000000 0.000003 0.000000 0.000002 0.000003 -0.000002 -8.207801 -6.751705 -1.599546 -9.220070 -14.615872 -7.839630 49.323668 -9.858576 -1.449517 -24.197554 -3.282829 10.955808 -0.000004 -0.000003 -0.000003 -0.000000 0.000002 0.000000 8.207797 -6.751699 -1.599549 -13.890390 2.224983 10.373825 51.557738 -8.484662 9.978267 -24.730547 -0.050918 -9.786706 -0.311758 -0.000001 -0.000001 -0.000000 -0.000000 0.000000 
0.972978 93.806007 -2.524117 -14.054596 10.511718 -1.487355 -0.000001 10.181548 0.131520 1.832000 0.025221 -0.796162 3.647368 -1.018772 3.146255 3.635998 -1.059585 3.147327 -0.000000 16.740364 -2.049021 3.107868 -0.167624 -2.998674 -0.000005 9.617862 1.684978 -1.517780 0.123818 -15.395754 0.000005 22.037369 7.501073 -0.000000 0.000001 -0.000002 -4.569999 11.014870 -2.160841 0.914601 1.247197 -0.542153 -55.024072 16.078171 64.101086 0.000319 100.218888 -0.000268 55.399818 22.710826 -89.999962 -2.464791 -1.573991 2.681919 23.426675 8.329707 -18.518750 4.637199 -8.634151 -0.225379 -2.646266 -1.527798 1.527818 -1.273761 0.137316 -2.094874 -1.994601 -1.151556 1.151574 0.000003 -0.000003 0.000001 -9.108301 -0.517866 2.259805 0.224817 1.757237 -14.580599 -0.000008 -0.000000 0.000004 0.000010 0.000003 0.000004 -0.000001 -0.000001 0.000000 -9.532498 0.000013 0.000009 0.224817 1.757238 -14.580599 -0.000009 -0.000001 0.000005 0.000012 0.000003 0.000003 0.000000 0.000000 -0.000000 -9.103619 -0.043102 -1.865098 0.224817 1.757237 -14.580598 -0.000001 0.000005 0.000067 0.000002 0.000005 -0.000004 -0.000004 -0.000001 0.000002 -8.076698 -0.486714 -3.806288 0.224806 1.757230 -14.580599 -0.000002 0.000001 0.000010 0.000001 0.000006 -0.000003 -0.000001 -0.000000 -0.000001 4.570402 11.014665 -2.160816 1.067081 -2.739115 -10.020608 -34.700950 -10.368202 -47.889496 -0.000014 -108.207866 -0.000005 37.441089 -6.602375 89.999996 2.466099 -1.576216 2.681698 11.899855 3.218594 24.998113 3.939046 7.948721 0.746789 2.647887 -1.528757 1.528759 -0.579473 1.575007 2.538712 1.998925 -1.154073 1.154076 -0.000001 0.000001 -0.000000 9.109299 -0.518025 2.259896 0.090492 -1.114825 9.279451 -0.000001 0.000001 -0.000019 0.000000 0.000004 0.000000 0.000001 0.000003 0.000003 9.533404 -0.000007 -0.000004 0.090800 -1.116721 9.295428 0.000003 0.001924 -0.015980 0.000002 0.000002 -0.000005 0.000001 -0.000002 0.000002 9.104495 -0.043011 -1.865105 0.090493 -1.114824 9.279451 -0.000000 0.000002 -0.000236 0.000004 0.000001 -0.000009 0.000000 0.000001 -0.000000 8.077819 -0.486908 -3.806308 -0.581383 2.883447 9.800269 -0.018090 -4.054257 -0.511069 0.000000 0.000003 0.000000 0.000002 0.000003 -0.000002 -8.207801 -6.751705 -1.599546 -9.220070 -14.615872 -7.839630 49.323668 -9.858576 -1.449517 -24.197554 -3.282829 10.955808 -0.000004 -0.000003 -0.000003 -0.000000 0.000002 0.000000 8.207797 -6.751699 -1.599549 -13.890390 2.224983 10.373825 51.557738 -8.484662 9.978267 -24.730547 -0.050918 -9.786706 -0.311758 -0.000001 -0.000001 -0.000000 -0.000000 0.000000 
0.972978 93.806007 -2.524117 -14.054596 10.511718 -1.487355 -0.000001 10.181548 0.131520 1.832000 0.025221 -0.796162 3.647368 -1.018772 3.146255 3.635998 -1.059585 3.147327 -0.000000 16.740364 -2.049021 3.107868 -0.167624 -2.998674 -0.000005 9.617862 1.684978 -1.517780 0.123818 -15.395754 0.000005 22.037369 7.501073 -0.000000 0.000001 -0.000002 -4.569999 11.014870 -2.160841 0.914601 1.247197 -0.542153 -55.024072 16.078171 64.101086 0.000319 100.218888 -0.000268 55.399818 22.710826 -89.999962 -2.464791 -1.573991 2.681919 23.426675 8.329707 -18.518750 4.637199 -8.634151 -0.225379 -2.646266 -1.527798 1.527818 -1.273761 0.137316 -2.094874 -1.994601 -1.151556 1.151574 0.000003 -0.000003 0.000001 -9.108301 -0.517866 2.259805 0.224817 1.757237 -14.580599 -0.000008 -0.000000 0.000004 0.000010 0.000003 0.000004 -0.000001 -0.000001 0.000000 -9.532498 0.000013 0.000009 0.224817 1.757238 -14.580599 -0.000009 -0.000001 0.000005 0.000012 0.000003 0.000003 0.000000 0.000000 -0.000000 -9.103619 -0.043102 -1.865098 0.224817 1.757237 -14.580598 -0.000001 0.000005 0.000067 0.000002 0.000005 -0.000004 -0.000004 -0.000001 0.000002 -8.076698 -0.486714 -3.806288 0.224806 1.757230 -14.580599 -0.000002 0.000001 0.000010 0.000001 0.000006 -0.000003 -0.000001 -0.000000 -0.000001 4.570402 11.014665 -2.160816 1.067081 -2.739115 -10.020608 -34.700950 -10.368202 -47.889496 -0.000014 -108.207866 -0.000005 37.441089 -6.602375 89.999996 2.466099 -1.576216 2.681698 11.899855 3.218594 24.998113 3.939046 7.948721 0.746789 2.647887 -1.528757 1.528759 -0.579473 1.575007 2.538712 1.998925 -1.154073 1.154076 -0.000001 0.000001 -0.000000 9.109299 -0.518025 2.259896 0.090492 -1.114825 9.279451 -0.000001 0.000001 -0.000019 0.000000 0.000004 0.000000 0.000001 0.000003 0.000003 9.533404 -0.000007 -0.000004 0.090800 -1.116721 9.295428 0.000003 0.001924 -0.015980 0.000002 0.000002 -0.000005 0.000001 -0.000002 0.000002 9.104495 -0.043011 -1.865105 0.090493 -1.114824 9.279451 -0.000000 0.000002 -0.000236 0.000004 0.000001 -0.000009 0.000000 0.000001 -0.000000 8.077819 -0.486908 -3.806308 -0.581383 2.883447 9.800269 -0.018090 -4.054257 -0.511069 0.000000 0.000003 0.000000 0.000002 0.000003 -0.000002 -8.207801 -6.751705 -1.599546 -9.220070 -14.615872 -7.839630 49.323668 -9.858576 -1.449517 -24.197554 -3.282829 10.955808 -0.000004 -0.000003 -0.000003 -0.000000 0.000002 0.000000 8.207797 -6.751699 -1.599549 -13.890390 2.224983 10.373825 51.557738 -8.484662 9.978267 -24.730547 -0.050918 -9.786706 -0.311758 -0.000001 -0.000001 -0.000000 -0.000000 0.000000 
0.972978 93.806007 -2.524117 -14.054596 10.511718 -1.487355 -0.000001 10.181548 0.131520 1.832000 0.025221 -0.796162 3.647368 -1.018772 3.146255 3.635998 -1.059585 3.147327 -0.000000 16.740364 -2.049021 3.107868 -0.167624 -2.998674 -0.000005 9.617862 1.684978 -1.517780 0.123818 -15.395754 0.000005 22.037369 7.501073 -0.000000 0.000001 -0.000002 -4.569999 11.014870 -2.160841 0.914601 1.247197 -0.542153 -55.024072 16.078171 64.101086 0.000319 100.218888 -0.000268 55.399818 22.710826 -89.999962 -2.464791 -1.573991 2.681919 23.426675 8.329707 -18.518750 4.637199 -8.634151 -0.225379 -2.646266 -1.527798 1.527818 -1.273761 0.137316 -2.094874 -1.994601 -1.151556 1.151574 0.000003 -0.000003 0.000001 -9.108301 -0.517866 2.259805 0.224817 1.757237 -14.580599 -0.000008 -0.000000 0.000004 0.000010 0.000003 0.000004 -0.000001 -0.000001 0.000000 -9.532498 0.000013 0.000009 0.224817 1.757238 -14.580599 -0.000009 -0.000001 0.000005 0.000012 0.000003 0.000003 0.000000 0.000000 -0.000000 -9.103619 -0.043102 -1.865098 0.224817 1.757237 -14.580598 -0.000001 0.000005 0.000067 0.000002 0.000005 -0.000004 -0.000004 -0.000001 0.000002 -8.076698 -0.486714 -3.806288 0.224806 1.757230 -14.580599 -0.000002 0.000001 0.000010 0.000001 0.000006 -0.000003 -0.000001 -0.000000 -0.000001 4.570402 11.014665 -2.160816 1.067081 -2.739115 -10.020608 -34.700950 -10.368202 -47.889496 -0.000014 -108.207866 -0.000005 37.441089 -6.602375 89.999996 2.466099 -1.576216 2.681698 11.899855 3.218594 24.998113 3.939046 7.948721 0.746789 2.647887 -1.528757 1.528759 -0.579473 1.575007 2.538712 1.998925 -1.154073 1.154076 -0.000001 0.000001 -0.000000 9.109299 -0.518025 2.259896 0.090492 -1.114825 9.279451 -0.000001 0.000001 -0.000019 0.000000 0.000004 0.000000 0.000001 0.000003 0.000003 9.533404 -0.000007 -0.000004 0.090800 -1.116721 9.295428 0.000003 0.001924 -0.015980 0.000002 0.000002 -0.000005 0.000001 -0.000002 0.000002 9.104495 -0.043011 -1.865105 0.090493 -1.114824 9.279451 -0.000000 0.000002 -0.000236 0.000004 0.000001 -0.000009 0.000000 0.000001 -0.000000 8.077819 -0.486908 -3.806308 -0.581383 2.883447 9.800269 -0.018090 -4.054257 -0.511069 0.000000 0.000003 0.000000 0.000002 0.000003 -0.000002 -8.207801 -6.751705 -1.599546 -9.220070 -14.615872 -7.839630 49.323668 -9.858576 -1.449517 -24.197554 -3.282829 10.955808 -0.000004 -0.000003 -0.000003 -0.000000 0.000002 0.000000 8.207797 -6.751699 -1.599549 -13.890390 2.224983 10.373825 51.557738 -8.484662 9.978267 -24.730547 -0.050918 -9.786706 -0.311758 -0.000001 -0.000001 -0.000000 -0.000000 0.000000 
0.972978 93.806007 -2.524117 -14.054596 10.511718 -1.487355 -0.000001 10.181548 0.131520 1.832000 0.025221 -0.796162 3.647368 -1.018772 3.146255 3.635998 -1.059585 3.147327 -0.000000 16.740364 -2.049021 3.107868 -0.167624 -2.998674 -0.000005 9.617862 1.684978 -1.517780 0.123818 -15.395754 0.000005 22.037369 7.501073 -0.000000 0.000001 -0.000002 -4.569999 11.014870 -2.160841 0.914601 1.247197 -0.542153 -55.024072 16.078171 64.101086 0.000319 100.218888 -0.000268 55.399818 22.710826 -89.999962 -2.464791 -1.573991 2.681919 23.426675 8.329707 -18.518750 4.637199 -8.634151 -0.225379 -2.646266 -1.527798 1.527818 -1.273761 0.137316 -2.094874 -1.994601 -1.151556 1.151574 0.000003 -0.000003 0.000001 -9.108301 -0.517866 2.259805 0.224817 1.757237 -14.580599 -0.000008 -0.000000 0.000004 0.000010 0.000003 0.000004 -0.000001 -0.000001 0.000000 -9.532498 0.000013 0.000009 0.224817 1.757238 -14.580599 -0.000009 -0.000001 0.000005 0.000012 0.000003 0.000003 0.000000 0.000000 -0.000000 -9.103619 -0.043102 -1.865098 0.224817 1.757237 -14.580598 -0.000001 0.000005 0.000067 0.000002 0.000005 -0.000004 -0.000004 -0.000001 0.000002 -8.076698 -0.486714 -3.806288 0.224806 1.757230 -14.580599 -0.000002 0.000001 0.000010 0.000001 0.000006 -0.000003 -0.000001 -0.000000 -0.000001 4.570402 11.014665 -2.160816 1.067081 -2.739115 -10.020608 -34.700950 -10.368202 -47.889496 -0.000014 -108.207866 -0.000005 37.441089 -6.602375 89.999996 2.466099 -1.576216 2.681698 11.899855 3.218594 24.998113 3.939046 7.948721 0.746789 2.647887 -1.528757 1.528759 -0.579473 1.575007 2.538712 1.998925 -1.154073 1.154076 -0.000001 0.000001 -0.000000 9.109299 -0.518025 2.259896 0.090492 -1.114825 9.279451 -0.000001 0.000001 -0.000019 0.000000 0.000004 0.000000 0.000001 0.000003 0.000003 9.533404 -0.000007 -0.000004 0.090800 -1.116721 9.295428 0.000003 0.001924 -0.015980 0.000002 0.000002 -0.000005 0.000001 -0.000002 0.000002 9.104495 -0.043011 -1.865105 0.090493 -1.114824 9.279451 -0.000000 0.000002 -0.000236 0.000004 0.000001 -0.000009 0.000000 0.000001 -0.000000 8.077819 -0.486908 -3.806308 -0.581383 2.883447 9.800269 -0.018090 -4.054257 -0.511069 0.000000 0.000003 0.000000 0.000002 0.000003 -0.000002 -8.207801 -6.751705 -1.599546 -9.220070 -14.615872 -7.839630 49.323668 -9.858576 -1.449517 -24.197554 -3.282829 10.955808 -0.000004 -0.000003 -0.000003 -0.000000 0.000002 0.000000 8.207797 -6.751699 -1.599549 -13.890390 2.224983 10.373825 51.557738 -8.484662 9.978267 -24.730547 -0.050918 -9.786706 -0.311758 -0.000001 -0.000001 -0.000000 -0.000000 0.000000 
0.972978 93.806007 -2.524117 -14.054596 10.511718 -1.487355 -0.000001 10.181548 0.131520 1.832000 0.025221 -0.796162 3.647368 -1.018772 3.146255 3.635998 -1.059585 3.147327 -0.000000 16.740364 -2.049021 3.107868 -0.167624 -2.998674 -0.000005 9.617862 1.684978 -1.517780 0.123818 -15.395754 0.000005 22.037369 7.501073 -0.000000 0.000001 -0.000002 -4.569999 11.014870 -2.160841 0.914601 1.247197 -0.542153 -55.024072 16.078171 64.101086 0.000319 100.218888 -0.000268 55.399818 22.710826 -89.999962 -2.464791 -1.573991 2.681919 23.426675 8.329707 -18.518750 4.637199 -8.634151 -0.225379 -2.646266 -1.527798 1.527818 -1.273761 0.137316 -2.094874 -1.994601 -1.151556 1.151574 0.000003 -0.000003 0.000001 -9.108301 -0.517866 2.259805 0.224817 1.757237 -14.580599 -0.000008 -0.000000 0.000004 0.000010 0.000003 0.000004 -0.000001 -0.000001 0.000000 -9.532498 0.000013 0.000009 0.224817 1.757238 -14.580599 -0.000009 -0.000001 0.000005 0.000012 0.000003 0.000003 0.000000 0.000000 -0.000000 -9.103619 -0.043102 -1.865098 0.224817 1.757237 -14.580598 -0.000001 0.000005 0.000067 0.000002 0.000005 -0.000004 -0.000004 -0.000001 0.000002 -8.076698 -0.486714 -3.806288 0.224806 1.757230 -14.580599 -0.000002 0.000001 0.000010 0.000001 0.000006 -0.000003 -0.000001 -0.000000 -0.000001 4.570402 11.014665 -2.160816 1.067081 -2.739115 -10.020608 -34.700950 -10.368202 -47.889496 -0.000014 -108.207866 -0.000005 37.441089 -6.602375 89.999996 2.466099 -1.576216 2.681698 11.899855 3.218594 24.998113 3.939046 7.948721 0.746789 2.647887 -1.528757 1.528759 -0.579473 1.575007 2.538712 1.998925 -1.154073 1.154076 -0.000001 0.000001 -0.000000 9.109299 -0.518025 2.259896 0.090492 -1.114825 9.279451 -0.000001 0.000001 -0.000019 0.000000 0.000004 0.000000 0.000001 0.000003 0.000003 9.533404 -0.000007 -0.000004 0.090800 -1.116721 9.295428 0.000003 0.001924 -0.015980 0.000002 0.000002 -0.000005 0.000001 -0.000002 0.000002 9.104495 -0.043011 -1.865105 0.090493 -1.114824 9.279451 -0.000000 0.000002 -0.000236 0.000004 0.000001 -0.000009 0.000000 0.000001 -0.000000 8.077819 -0.486908 -3.806308 -0.581383 2.883447 9.800269 -0.018090 -4.054257 -0.511069 0.000000 0.000003 0.000000 0.000002 0.000003 -0.000002 -8.207801 -6.751705 -1.599546 -9.220070 -14.615872 -7.839630 49.323668 -9.858576 -1.449517 -24.197554 -3.282829 10.955808 -0.000004 -0.000003 -0.000003 -0.000000 0.000002 0.000000 8.207797 -6.751699 -1.599549 -13.890390 2.224983 10.373825 51.557738 -8.484662 9.978267 -24.730547 -0.050918 -9.786706 -0.311758 -0.000001 -0.000001 -0.000000 -0.000000 0.000000 
0.972978 93.806007 -2.524117 -14.054596 10.511718 -1.487355 -0.000001 10.181548 0.131520 1.832000 0.025221 -0.796162 3.647368 -1.018772 3.146255 3.635998 -1.059585 3.147327 -0.000000 16.740364 -2.049021 3.107868 -0.167624 -2.998674 -0.000005 9.617862 1.684978 -1.517780 0.123818 -15.395754 0.000005 22.037369 7.501073 -0.000000 0.000001 -0.000002 -4.569999 11.014870 -2.160841 0.914601 1.247197 -0.542153 -55.024072 16.078171 64.101086 0.000319 100.218888 -0.000268 55.399818 22.710826 -89.999962 -2.464791 -1.573991 2.681919 23.426675 8.329707 -18.518750 4.637199 -8.634151 -0.225379 -2.646266 -1.527798 1.527818 -1.273761 0.137316 -2.094874 -1.994601 -1.151556 1.151574 0.000003 -0.000003 0.000001 -9.108301 -0.517866 2.259805 0.224817 1.757237 -14.580599 -0.000008 -0.000000 0.000004 0.000010 0.000003 0.000004 -0.000001 -0.000001 0.000000 -9.532498 0.000013 0.000009 0.224817 1.757238 -14.580599 -0.000009 -0.000001 0.000005 0.000012 0.000003 0.000003 0.000000 0.000000 -0.000000 -9.103619 -0.043102 -1.865098 0.224817 1.757237 -14.580598 -0.000001 0.000005 0.000067 0.000002 0.000005 -0.000004 -0.000004 -0.000001 0.000002 -8.076698 -0.486714 -3.806288 0.224806 1.757230 -14.580599 -0.000002 0.000001 0.000010 0.000001 0.000006 -0.000003 -0.000001 -0.000000 -0.000001 4.570402 11.014665 -2.160816 1.067081 -2.739115 -10.020608 -34.700950 -10.368202 -47.889496 -0.000014 -108.207866 -0.000005 37.441089 -6.602375 89.999996 2.466099 -1.576216 2.681698 11.899855 3.218594 24.998113 3.939046 7.948721 0.746789 2.647887 -1.528757 1.528759 -0.579473 1.575007 2.538712 1.998925 -1.154073 1.154076 -0.000001 0.000001 -0.000000 9.109299 -0.518025 2.259896 0.090492 -1.114825 9.279451 -0.000001 0.000001 -0.000019 0.000000 0.000004 0.000000 0.000001 0.000003 0.000003 9.533404 -0.000007 -0.000004 0.090800 -1.116721 9.295428 0.000003 0.001924 -0.015980 0.000002 0.000002 -0.000005 0.000001 -0.000002 0.000002 9.104495 -0.043011 -1.865105 0.090493 -1.114824 9.279451 -0.000000 0.000002 -0.000236 0.000004 0.000001 -0.000009 0.000000 0.000001 -0.000000 8.077819 -0.486908 -3.806308 -0.581383 2.883447 9.800269 -0.018090 -4.054257 -0.511069 0.000000 0.000003 0.000000 0.000002 0.000003 -0.000002 -8.207801 -6.751705 -1.599546 -9.220070 -14.615872 -7.839630 49.323668 -9.858576 -1.449517 -24.197554 -3.282829 10.955808 -0.000004 -0.000003 -0.000003 -0.000000 0.000002 0.000000 8.207797 -6.751699 -1.599549 -13.890390 2.224983 10.373825 51.557738 -8.484662 9.978267 -24.730547 -0.050918 -9.786706 -0.311758 -0.000001 -0.000001 -0.000000 -0.000000 0.000000 
0.972978 93.806007 -2.524117 -14.054596 10.511718 -1.487355 -0.000001 10.181548 0.131520 1.832000 0.025221 -0.796162 3.647368 -1.018772 3.146255 3.635998 -1.059585 3.147327 -0.000000 16.740364 -2.049021 3.107868 -0.167624 -2.998674 -0.000005 9.617862 1.684978 -1.517780 0.123818 -15.395754 0.000005 22.037369 7.501073 -0.000000 0.000001 -0.000002 -4.569999 11.014870 -2.160841 0.914601 1.247197 -0.542153 -55.024072 16.078171 64.101086 0.000319 100.218888 -0.000268 55.399818 22.710826 -89.999962 -2.464791 -1.573991 2.681919 23.426675 8.329707 -18.518750 4.637199 -8.634151 -0.225379 -2.646266 -1.527798 1.527818 -1.273761 0.137316 -2.094874 -1.994601 -1.151556 1.151574 0.000003 -0.000003 0.000001 -9.108301 -0.517866 2.259805 0.224817 1.757237 -14.580599 -0.000008 -0.000000 0.000004 0.000010 0.000003 0.000004 -0.000001 -0.000001 0.000000 -9.532498 0.000013 0.000009 0.224817 1.757238 -14.580599 -0.000009 -0.000001 0.000005 0.000012 0.000003 0.000003 0.000000 0.000000 -0.000000 -9.103619 -0.043102 -1.865098 0.224817 1.757237 -14.580598 -0.000001 0.000005 0.000067 0.000002 0.000005 -0.000004 -0.000004 -0.000001 0.000002 -8.076698 -0.486714 -3.806288 0.224806 1.757230 -14.580599 -0.000002 0.000001 0.000010 0.000001 0.000006 -0.000003 -0.000001 -0.000000 -0.000001 4.570402 11.014665 -2.160816 1.067081 -2.739115 -10.020608 -34.700950 -10.368202 -47.889496 -0.000014 -108.207866 -0.000005 37.441089 -6.602375 89.999996 2.466099 -1.576216 2.681698 11.899855 3.218594 24.998113 3.939046 7.948721 0.746789 2.647887 -1.528757 1.528759 -0.579473 1.575007 2.538712 1.998925 -1.154073 1.154076 -0.000001 0.000001 -0.000000 9.109299 -0.518025 2.259896 0.090492 -1.114825 9.279451 -0.000001 0.000001 -0.000019 0.000000 0.000004 0.000000 0.000001 0.000003 0.000003 9.533404 -0.000007 -0.000004 0.090800 -1.116721 9.295428 0.000003 0.001924 -0.015980 0.000002 0.000002 -0.000005 0.000001 -0.000002 0.000002 9.104495 -0.043011 -1.865105 0.090493 -1.114824 9.279451 -0.000000 0.000002 -0.000236 0.000004 0.000001 -0.000009 0.000000 0.000001 -0.000000 8.077819 -0.486908 -3.806308 -0.581383 2.883447 9.800269 -0.018090 -4.054257 -0.511069 0.000000 0.000003 0.000000 0.000002 0.000003 -0.000002 -8.207801 -6.751705 -1.599546 -9.220070 -14.615872 -7.839630 49.323668 -9.858576 -1.449517 -24.197554 -3.282829 10.955808 -0.000004 -0.000003 -0.000003 -0.000000 0.000002 0.000000 8.207797 -6.751699 -1.599549 -13.890390 2.224983 10.373825 51.557738 -8.484662 9.978267 -24.730547 -0.050918 -9.786706 -0.311758 -0.000001 -0.000001 -0.000000 -0.000000 0.000000 
0.972978 93.806007 -2.524117 -14.054596 10.511718 -1.487355 -0.000001 10.181548 0.131520 1.832000 0.025221 -0.796162 3.647368 -1.018772 3.146255 3.635998 -1.059585 3.147327 -0.000000 16.740364 -2.049021 3.107868 -0.167624 -2.998674 -0.000005 9.617862 1.684978 -1.517780 0.123818 -15.395754 0.000005 22.037369 7.501073 -0.000000 0.000001 -0.000002 -4.569999 11.014870 -2.160841 0.914601 1.247197 -0.542153 -55.024072 16.078171 64.101086 0.000319 100.218888 -0.000268 55.399818 22.710826 -89.999962 -2.464791 -1.573991 2.681919 23.426675 8.329707 -18.518750 4.637199 -8.634151 -0.225379 -2.646266 -1.527798 1.527818 -1.273761 0.137316 -2.094874 -1.994601 -1.151556 1.151574 0.000003 -0.000003 0.000001 -9.108301 -0.517866 2.259805 0.224817 1.757237 -14.580599 -0.000008 -0.000000 0.000004 0.000010 0.000003 0.000004 -0.000001 -0.000001 0.000000 -9.532498 0.000013 0.000009 0.224817 1.757238 -14.580599 -0.000009 -0.000001 0.000005 0.000012 0.000003 0.000003 0.000000 0.000000 -0.000000 -9.103619 -0.043102 -1.865098 0.224817 1.757237 -14.580598 -0.000001 0.000005 0.000067 0.000002 0.000005 -0.000004 -0.000004 -0.000001 0.000002 -8.076698 -0.486714 -3.806288 0.224806 1.757230 -14.580599 -0.000002 0.000001 0.000010 0.000001 0.000006 -0.000003 -0.000001 -0.000000 -0.000001 4.570402 11.014665 -2.160816 1.067081 -2.739115 -10.020608 -34.700950 -10.368202 -47.889496 -0.000014 -108.207866 -0.000005 37.441089 -6.602375 89.999996 2.466099 -1.576216 2.681698 11.899855 3.218594 24.998113 3.939046 7.948721 0.746789 2.647887 -1.528757 1.528759 -0.579473 1.575007 2.538712 1.998925 -1.154073 1.154076 -0.000001 0.000001 -0.000000 9.109299 -0.518025 2.259896 0.090492 -1.114825 9.279451 -0.000001 0.000001 -0.000019 0.000000 0.000004 0.000000 0.000001 0.000003 0.000003 9.533404 -0.000007 -0.000004 0.090800 -1.116721 9.295428 0.000003 0.001924 -0.015980 0.000002 0.000002 -0.000005 0.000001 -0.000002 0.000002 9.104495 -0.043011 -1.865105 0.090493 -1.114824 9.279451 -0.000000 0.000002 -0.000236 0.000004 0.000001 -0.000009 0.000000 0.000001 -0.000000 8.077819 -0.486908 -3.806308 -0.581383 2.883447 9.800269 -0.018090 -4.054257 -0.511069 0.000000 0.000003 0.000000 0.000002 0.000003 -0.000002 -8.207801 -6.751705 -1.599546 -9.220070 -14.615872 -7.839630 49.323668 -9.858576 -1.449517 -24.197554 -3.282829 10.955808 -0.000004 -0.000003 -0.000003 -0.000000 0.000002 0.000000 8.207797 -6.751699 -1.599549 -13.890390 2.224983 10.373825 51.557738 -8.484662 9.978267 -24.730547 -0.050918 -9.786706 -0.311758 -0.000001 -0.000001 -0.000000 -0.000000 0.000000 
0.972978 93.806007 -2.524117 -14.054596 10.511718 -1.487355 -0.000001 10.181548 0.131520 1.832000 0.025221 -0.796162 3.647368 -1.018772 3.146255 3.635998 -1.059585 3.147327 -0.000000 16.740364 -2.049021 3.107868 -0.167624 -2.998674 -0.000005 9.617862 1.684978 -1.517780 0.123818 -15.395754 0.000005 22.037369 7.501073 -0.000000 0.000001 -0.000002 -4.569999 11.014870 -2.160841 0.914601 1.247197 -0.542153 -55.024072 16.078171 64.101086 0.000319 100.218888 -0.000268 55.399818 22.710826 -89.999962 -2.464791 -1.573991 2.681919 23.426675 8.329707 -18.518750 4.637199 -8.634151 -0.225379 -2.646266 -1.527798 1.527818 -1.273761 0.137316 -2.094874 -1.994601 -1.151556 1.151574 0.000003 -0.000003 0.000001 -9.108301 -0.517866 2.259805 0.224817 1.757237 -14.580599 -0.000008 -0.000000 0.000004 0.000010 0.000003 0.000004 -0.000001 -0.000001 0.000000 -9.532498 0.000013 0.000009 0.224817 1.757238 -14.580599 -0.000009 -0.000001 0.000005 0.000012 0.000003 0.000003 0.000000 0.000000 -0.000000 -9.103619 -0.043102 -1.865098 0.224817 1.757237 -14.580598 -0.000001 0.000005 0.000067 0.000002 0.000005 -0.000004 -0.000004 -0.000001 0.000002 -8.076698 -0.486714 -3.806288 0.224806 1.757230 -14.580599 -0.000002 0.000001 0.000010 0.000001 0.000006 -0.000003 -0.000001 -0.000000 -0.000001 4.570402 11.014665 -2.160816 1.067081 -2.739115 -10.020608 -34.700950 -10.368202 -47.889496 -0.000014 -108.207866 -0.000005 37.441089 -6.602375 89.999996 2.466099 -1.576216 2.681698 11.899855 3.218594 24.998113 3.939046 7.948721 0.746789 2.647887 -1.528757 1.528759 -0.579473 1.575007 2.538712 1.998925 -1.154073 1.154076 -0.000001 0.000001 -0.000000 9.109299 -0.518025 2.259896 0.090492 -1.114825 9.279451 -0.000001 0.000001 -0.000019 0.000000 0.000004 0.000000 0.000001 0.000003 0.000003 9.533404 -0.000007 -0.000004 0.090800 -1.116721 9.295428 0.000003 0.001924 -0.015980 0.000002 0.000002 -0.000005 0.000001 -0.000002 0.000002 9.104495 -0.043011 -1.865105 0.090493 -1.114824 9.279451 -0.000000 0.000002 -0.000236 0.000004 0.000001 -0.000009 0.000000 0.000001 -0.000000 8.077819 -0.486908 -3.806308 -0.581383 2.883447 9.800269 -0.018090 -4.054257 -0.511069 0.000000 0.000003 0.000000 0.000002 0.000003 -0.000002 -8.207801 -6.751705 -1.599546 -9.220070 -14.615872 -7.839630 49.323668 -9.858576 -1.449517 -24.197554 -3.282829 10.955808 -0.000004 -0.000003 -0.000003 -0.000000 0.000002 0.000000 8.207797 -6.751699 -1.599549 -13.890390 2.224983 10.373825 51.557738 -8.484662 9.978267 -24.730547 -0.050918 -9.786706 -0.311758 -0.000001 -0.000001 -0.000000 -0.000000 0.000000 
0.972978 93.806007 -2.524117 -14.054596 10.511718 -1.487355 -0.000001 10.181548 0.131520 1.832000 0.025221 -0.796162 3.647368 -1.018772 3.146255 3.635998 -1.059585 3.147327 -0.000000 16.740364 -2.049021 3.107868 -0.167624 -2.998674 -0.000005 9.617862 1.684978 -1.517780 0.123818 -15.395754 0.000005 22.037369 7.501073 -0.000000 0.000001 -0.000002 -4.569999 11.014870 -2.160841 0.914601 1.247197 -0.542153 -55.024072 16.078171 64.101086 0.000319 100.218888 -0.000268 55.399818 22.710826 -89.999962 -2.464791 -1.573991 2.681919 23.426675 8.329707 -18.518750 4.637199 -8.634151 -0.225379 -2.646266 -1.527798 1.527818 -1.273761 0.137316 -2.094874 -1.994601 -1.151556 1.151574 0.000003 -0.000003 0.000001 -9.108301 -0.517866 2.259805 0.224817 1.757237 -14.580599 -0.000008 -0.000000 0.000004 0.000010 0.000003 0.000004 -0.000001 -0.000001 0.000000 -9.532498 0.000013 0.000009 0.224817 1.757238 -14.580599 -0.000009 -0.000001 0.000005 0.000012 0.000003 0.000003 0.000000 0.000000 -0.000000 -9.103619 -0.043102 -1.865098 0.224817 1.757237 -14.580598 -0.000001 0.000005 0.000067 0.000002 0.000005 -0.000004 -0.000004 -0.000001 0.000002 -8.076698 -0.486714 -3.806288 0.224806 1.757230 -14.580599 -0.000002 0.000001 0.000010 0.000001 0.000006 -0.000003 -0.000001 -0.000000 -0.000001 4.570402 11.014665 -2.160816 1.067081 -2.739115 -10.020608 -34.700950 -10.368202 -47.889496 -0.000014 -108.207866 -0.000005 37.441089 -6.602375 89.999996 2.466099 -1.576216 2.681698 11.899855 3.218594 24.998113 3.939046 7.948721 0.746789 2.647887 -1.528757 1.528759 -0.579473 1.575007 2.538712 1.998925 -1.154073 1.154076 -0.000001 0.000001 -0.000000 9.109299 -0.518025 2.259896 0.090492 -1.114825 9.279451 -0.000001 0.000001 -0.000019 0.000000 0.000004 0.000000 0.000001 0.000003 0.000003 9.533404 -0.000007 -0.000004 0.090800 -1.116721 9.295428 0.000003 0.001924 -0.015980 0.000002 0.000002 -0.000005 0.000001 -0.000002 0.000002 9.104495 -0.043011 -1.865105 0.090493 -1.114824 9.279451 -0.000000 0.000002 -0.000236 0.000004 0.000001 -0.000009 0.000000 0.000001 -0.000000 8.077819 -0.486908 -3.806308 -0.581383 2.883447 9.800269 -0.018090 -4.054257 -0.511069 0.000000 0.000003 0.000000 0.000002 0.000003 -0.000002 -8.207801 -6.751705 -1.599546 -9.220070 -14.615872 -7.839630 49.323668 -9.858576 -1.449517 -24.197554 -3.282829 10.955808 -0.000004 -0.000003 -0.000003 -0.000000 0.000002 0.000000 8.207797 -6.751699 -1.599549 -13.890390 2.224983 10.373825 51.557738 -8.484662 9.978267 -24.730547 -0.050918 -9.786706 -0.311758 -0.000001 -0.000001 -0.000000 -0.000000 0.000000 
0.972978 93.806007 -2.524117 -14.054596 10.511718 -1.487355 -0.000001 10.181548 0.131520 1.832000 0.025221 -0.796162 3.647368 -1.018772 3.146255 3.635998 -1.059585 3.147327 -0.000000 16.740364 -2.049021 3.107868 -0.167624 -2.998674 -0.000005 9.617862 1.684978 -1.517780 0.123818 -15.395754 0.000005 22.037369 7.501073 -0.000000 0.000001 -0.000002 -4.569999 11.014870 -2.160841 0.914601 1.247197 -0.542153 -55.024072 16.078171 64.101086 0.000319 100.218888 -0.000268 55.399818 22.710826 -89.999962 -2.464791 -1.573991 2.681919 23.426675 8.329707 -18.518750 4.637199 -8.634151 -0.225379 -2.646266 -1.527798 1.527818 -1.273761 0.137316 -2.094874 -1.994601 -1.151556 1.151574 0.000003 -0.000003 0.000001 -9.108301 -0.517866 2.259805 0.224817 1.757237 -14.580599 -0.000008 -0.000000 0.000004 0.000010 0.000003 0.000004 -0.000001 -0.000001 0.000000 -9.532498 0.000013 0.000009 0.224817 1.757238 -14.580599 -0.000009 -0.000001 0.000005 0.000012 0.000003 0.000003 0.000000 0.000000 -0.000000 -9.103619 -0.043102 -1.865098 0.224817 1.757237 -14.580598 -0.000001 0.000005 0.000067 0.000002 0.000005 -0.000004 -0.000004 -0.000001 0.000002 -8.076698 -0.486714 -3.806288 0.224806 1.757230 -14.580599 -0.000002 0.000001 0.000010 0.000001 0.000006 -0.000003 -0.000001 -0.000000 -0.000001 4.570402 11.014665 -2.160816 1.067081 -2.739115 -10.020608 -34.700950 -10.368202 -47.889496 -0.000014 -108.207866 -0.000005 37.441089 -6.602375 89.999996 2.466099 -1.576216 2.681698 11.899855 3.218594 24.998113 3.939046 7.948721 0.746789 2.647887 -1.528757 1.528759 -0.579473 1.575007 2.538712 1.998925 -1.154073 1.154076 -0.000001 0.000001 -0.000000 9.109299 -0.518025 2.259896 0.090492 -1.114825 9.279451 -0.000001 0.000001 -0.000019 0.000000 0.000004 0.000000 0.000001 0.000003 0.000003 9.533404 -0.000007 -0.000004 0.090800 -1.116721 9.295428 0.000003 0.001924 -0.015980 0.000002 0.000002 -0.000005 0.000001 -0.000002 0.000002 9.104495 -0.043011 -1.865105 0.090493 -1.114824 9.279451 -0.000000 0.000002 -0.000236 0.000004 0.000001 -0.000009 0.000000 0.000001 -0.000000 8.077819 -0.486908 -3.806308 -0.581383 2.883447 9.800269 -0.018090 -4.054257 -0.511069 0.000000 0.000003 0.000000 0.000002 0.000003 -0.000002 -8.207801 -6.751705 -1.599546 -9.220070 -14.615872 -7.839630 49.323668 -9.858576 -1.449517 -24.197554 -3.282829 10.955808 -0.000004 -0.000003 -0.000003 -0.000000 0.000002 0.000000 8.207797 -6.751699 -1.599549 -13.890390 2.224983 10.373825 51.557738 -8.484662 9.978267 -24.730547 -0.050918 -9.786706 -0.311758 -0.000001 -0.000001 -0.000000 -0.000000 0.000000 
0.972978 93.806007 -2.524117 -14.054596 10.511718 -1.487355 -0.000001 10.181548 0.131520 1.832000 0.025221 -0.796162 3.647368 -1.018772 3.146255 3.635998 -1.059585 3.147327 -0.000000 16.740364 -2.049021 3.107868 -0.167624 -2.998674 -0.000005 9.617862 1.684978 -1.517780 0.123818 -15.395754 0.000005 22.037369 7.501073 -0.000000 0.000001 -0.000002 -4.569999 11.014870 -2.160841 0.914601 1.247197 -0.542153 -55.024072 16.078171 64.101086 0.000319 100.218888 -0.000268 55.399818 22.710826 -89.999962 -2.464791 -1.573991 2.681919 23.426675 8.329707 -18.518750 4.637199 -8.634151 -0.225379 -2.646266 -1.527798 1.527818 -1.273761 0.137316 -2.094874 -1.994601 -1.151556 1.151574 0.000003 -0.000003 0.000001 -9.108301 -0.517866 2.259805 0.224817 1.757237 -14.580599 -0.000008 -0.000000 0.000004 0.000010 0.000003 0.000004 -0.000001 -0.000001 0.000000 -9.532498 0.000013 0.000009 0.224817 1.757238 -14.580599 -0.000009 -0.000001 0.000005 0.000012 0.000003 0.000003 0.000000 0.000000 -0.000000 -9.103619 -0.043102 -1.865098 0.224817 1.757237 -14.580598 -0.000001 0.000005 0.000067 0.000002 0.000005 -0.000004 -0.000004 -0.000001 0.000002 -8.076698 -0.486714 -3.806288 0.224806 1.757230 -14.580599 -0.000002 0.000001 0.000010 0.000001 0.000006 -0.000003 -0.000001 -0.000000 -0.000001 4.570402 11.014665 -2.160816 1.067081 -2.739115 -10.020608 -34.700950 -10.368202 -47.889496 -0.000014 -108.207866 -0.000005 37.441089 -6.602375 89.999996 2.466099 -1.576216 2.681698 11.899855 3.218594 24.998113 3.939046 7.948721 0.746789 2.647887 -1.528757 1.528759 -0.579473 1.575007 2.538712 1.998925 -1.154073 1.154076 -0.000001 0.000001 -0.000000 9.109299 -0.518025 2.259896 0.090492 -1.114825 9.279451 -0.000001 0.000001 -0.000019 0.000000 0.000004 0.000000 0.000001 0.000003 0.000003 9.533404 -0.000007 -0.000004 0.090800 -1.116721 9.295428 0.000003 0.001924 -0.015980 0.000002 0.000002 -0.000005 0.000001 -0.000002 0.000002 9.104495 -0.043011 -1.865105 0.090493 -1.114824 9.279451 -0.000000 0.000002 -0.000236 0.000004 0.000001 -0.000009 0.000000 0.000001 -0.000000 8.077819 -0.486908 -3.806308 -0.581383 2.883447 9.800269 -0.018090 -4.054257 -0.511069 0.000000 0.000003 0.000000 0.000002 0.000003 -0.000002 -8.207801 -6.751705 -1.599546 -9.220070 -14.615872 -7.839630 49.323668 -9.858576 -1.449517 -24.197554 -3.282829 10.955808 -0.000004 -0.000003 -0.000003 -0.000000 0.000002 0.000000 8.207797 -6.751699 -1.599549 -13.890390 2.224983 10.373825 51.557738 -8.484662 9.978267 -24.730547 -0.050918 -9.786706 -0.311758 -0.000001 -0.000001 -0.000000 -0.000000 0.000000 
0.972978 93.806007 -2.524117 -14.054596 10.511718 -1.487355 -0.000001 10.181548 0.131520 1.832000 0.025221 -0.796162 3.647368 -1.018772 3.146255 3.635998 -1.059585 3.147327 -0.000000 16.740364 -2.049021 3.107868 -0.167624 -2.998674 -0.000005 9.617862 1.684978 -1.517780 0.123818 -15.395754 0.000005 22.037369 7.501073 -0.000000 0.000001 -0.000002 -4.569999 11.014870 -2.160841 0.914601 1.247197 -0.542153 -55.024072 16.078171 64.101086 0.000319 100.218888 -0.000268 55.399818 22.710826 -89.999962 -2.464791 -1.573991 2.681919 23.426675 8.329707 -18.518750 4.637199 -8.634151 -0.225379 -2.646266 -1.527798 1.527818 -1.273761 0.137316 -2.094874 -1.994601 -1.151556 1.151574 0.000003 -0.000003 0.000001 -9.108301 -0.517866 2.259805 0.224817 1.757237 -14.580599 -0.000008 -0.000000 0.000004 0.000010 0.000003 0.000004 -0.000001 -0.000001 0.000000 -9.532498 0.000013 0.000009 0.224817 1.757238 -14.580599 -0.000009 -0.000001 0.000005 0.000012 0.000003 0.000003 0.000000 0.000000 -0.000000 -9.103619 -0.043102 -1.865098 0.224817 1.757237 -14.580598 -0.000001 0.000005 0.000067 0.000002 0.000005 -0.000004 -0.000004 -0.000001 0.000002 -8.076698 -0.486714 -3.806288 0.224806 1.757230 -14.580599 -0.000002 0.000001 0.000010 0.000001 0.000006 -0.000003 -0.000001 -0.000000 -0.000001 4.570402 11.014665 -2.160816 1.067081 -2.739115 -10.020608 -34.700950 -10.368202 -47.889496 -0.000014 -108.207866 -0.000005 37.441089 -6.602375 89.999996 2.466099 -1.576216 2.681698 11.899855 3.218594 24.998113 3.939046 7.948721 0.746789 2.647887 -1.528757 1.528759 -0.579473 1.575007 2.538712 1.998925 -1.154073 1.154076 -0.000001 0.000001 -0.000000 9.109299 -0.518025 2.259896 0.090492 -1.114825 9.279451 -0.000001 0.000001 -0.000019 0.000000 0.000004 0.000000 0.000001 0.000003 0.000003 9.533404 -0.000007 -0.000004 0.090800 -1.116721 9.295428 0.000003 0.001924 -0.015980 0.000002 0.000002 -0.000005 0.000001 -0.000002 0.000002 9.104495 -0.043011 -1.865105 0.090493 -1.114824 9.279451 -0.000000 0.000002 -0.000236 0.000004 0.000001 -0.000009 0.000000 0.000001 -0.000000 8.077819 -0.486908 -3.806308 -0.581383 2.883447 9.800269 -0.018090 -4.054257 -0.511069 0.000000 0.000003 0.000000 0.000002 0.000003 -0.000002 -8.207801 -6.751705 -1.599546 -9.220070 -14.615872 -7.839630 49.323668 -9.858576 -1.449517 -24.197554 -3.282829 10.955808 -0.000004 -0.000003 -0.000003 -0.000000 0.000002 0.000000 8.207797 -6.751699 -1.599549 -13.890390 2.224983 10.373825 51.557738 -8.484662 9.978267 -24.730547 -0.050918 -9.786706 -0.311758 -0.000001 -0.000001 -0.000000 -0.000000 0.000000 
0.972978 93.806007 -2.524117 -14.054596 10.511718 -1.487355 -0.000001 10.181548 0.131520 1.832000 0.025221 -0.796162 3.647368 -1.018772 3.146255 3.635998 -1.059585 3.147327 -0.000000 16.740364 -2.049021 3.107868 -0.167624 -2.998674 -0.000005 9.617862 1.684978 -1.517780 0.123818 -15.395754 0.000005 22.037369 7.501073 -0.000000 0.000001 -0.000002 -4.569999 11.014870 -2.160841 0.914601 1.247197 -0.542153 -55.024072 16.078171 64.101086 0.000319 100.218888 -0.000268 55.399818 22.710826 -89.999962 -2.464791 -1.573991 2.681919 23.426675 8.329707 -18.518750 4.637199 -8.634151 -0.225379 -2.646266 -1.527798 1.527818 -1.273761 0.137316 -2.094874 -1.994601 -1.151556 1.151574 0.000003 -0.000003 0.000001 -9.108301 -0.517866 2.259805 0.224817 1.757237 -14.580599 -0.000008 -0.000000 0.000004 0.000010 0.000003 0.000004 -0.000001 -0.000001 0.000000 -9.532498 0.000013 0.000009 0.224817 1.757238 -14.580599 -0.000009 -0.000001 0.000005 0.000012 0.000003 0.000003 0.000000 0.000000 -0.000000 -9.103619 -0.043102 -1.865098 0.224817 1.757237 -14.580598 -0.000001 0.000005 0.000067 0.000002 0.000005 -0.000004 -0.000004 -0.000001 0.000002 -8.076698 -0.486714 -3.806288 0.224806 1.757230 -14.580599 -0.000002 0.000001 0.000010 0.000001 0.000006 -0.000003 -0.000001 -0.000000 -0.000001 4.570402 11.014665 -2.160816 1.067081 -2.739115 -10.020608 -34.700950 -10.368202 -47.889496 -0.000014 -108.207866 -0.000005 37.441089 -6.602375 89.999996 2.466099 -1.576216 2.681698 11.899855 3.218594 24.998113 3.939046 7.948721 0.746789 2.647887 -1.528757 1.528759 -0.579473 1.575007 2.538712 1.998925 -1.154073 1.154076 -0.000001 0.000001 -0.000000 9.109299 -0.518025 2.259896 0.090492 -1.114825 9.279451 -0.000001 0.000001 -0.000019 0.000000 0.000004 0.000000 0.000001 0.000003 0.000003 9.533404 -0.000007 -0.000004 0.090800 -1.116721 9.295428 0.000003 0.001924 -0.015980 0.000002 0.000002 -0.000005 0.000001 -0.000002 0.000002 9.104495 -0.043011 -1.865105 0.090493 -1.114824 9.279451 -0.000000 0.000002 -0.000236 0.000004 0.000001 -0.000009 0.000000 0.000001 -0.000000 8.077819 -0.486908 -3.806308 -0.581383 2.883447 9.800269 -0.018090 -4.054257 -0.511069 0.000000 0.000003 0.000000 0.000002 0.000003 -0.000002 -8.207801 -6.751705 -1.599546 -9.220070 -14.615872 -7.839630 49.323668 -9.858576 -1.449517 -24.197554 -3.282829 10.955808 -0.000004 -0.000003 -0.000003 -0.000000 0.000002 0.000000 8.207797 -6.751699 -1.599549 -13.890390 2.224983 10.373825 51.557738 -8.484662 9.978267 -24.730547 -0.050918 -9.786706 -0.311758 -0.000001 -0.000001 -0.000000 -0.000000 0.000000 
0.972978 93.806007 -2.524117 -14.054596 10.511718 -1.487355 -0.000001 10.181548 0.131520 1.832000 0.025221 -0.796162 3.647368 -1.018772 3.146255 3.635998 -1.059585 3.147327 -0.000000 16.740364 -2.049021 3.107868 -0.167624 -2.998674 -0.000005 9.617862 1.684978 -1.517780 0.123818 -15.395754 0.000005 22.037369 7.501073 -0.000000 0.000001 -0.000002 -4.569999 11.014870 -2.160841 0.914601 1.247197 -0.542153 -55.024072 16.078171 64.101086 0.000319 100.218888 -0.000268 55.399818 22.710826 -89.999962 -2.464791 -1.573991 2.681919 23.426675 8.329707 -18.518750 4.637199 -8.634151 -0.225379 -2.646266 -1.527798 1.527818 -1.273761 0.137316 -2.094874 -1.994601 -1.151556 1.151574 0.000003 -0.000003 0.000001 -9.108301 -0.517866 2.259805 0.224817 1.757237 -14.580599 -0.000008 -0.000000 0.000004 0.000010 0.000003 0.000004 -0.000001 -0.000001 0.000000 -9.532498 0.000013 0.000009 0.224817 1.757238 -14.580599 -0.000009 -0.000001 0.000005 0.000012 0.000003 0.000003 0.000000 0.000000 -0.000000 -9.103619 -0.043102 -1.865098 0.224817 1.757237 -14.580598 -0.000001 0.000005 0.000067 0.000002 0.000005 -0.000004 -0.000004 -0.000001 0.000002 -8.076698 -0.486714 -3.806288 0.224806 1.757230 -14.580599 -0.000002 0.000001 0.000010 0.000001 0.000006 -0.000003 -0.000001 -0.000000 -0.000001 4.570402 11.014665 -2.160816 1.067081 -2.739115 -10.020608 -34.700950 -10.368202 -47.889496 -0.000014 -108.207866 -0.000005 37.441089 -6.602375 89.999996 2.466099 -1.576216 2.681698 11.899855 3.218594 24.998113 3.939046 7.948721 0.746789 2.647887 -1.528757 1.528759 -0.579473 1.575007 2.538712 1.998925 -1.154073 1.154076 -0.000001 0.000001 -0.000000 9.109299 -0.518025 2.259896 0.090492 -1.114825 9.279451 -0.000001 0.000001 -0.000019 0.000000 0.000004 0.000000 0.000001 0.000003 0.000003 9.533404 -0.000007 -0.000004 0.090800 -1.116721 9.295428 0.000003 0.001924 -0.015980 0.000002 0.000002 -0.000005 0.000001 -0.000002 0.000002 9.104495 -0.043011 -1.865105 0.090493 -1.114824 9.279451 -0.000000 0.000002 -0.000236 0.000004 0.000001 -0.000009 0.000000 0.000001 -0.000000 8.077819 -0.486908 -3.806308 -0.581383 2.883447 9.800269 -0.018090 -4.054257 -0.511069 0.000000 0.000003 0.000000 0.000002 0.000003 -0.000002 -8.207801 -6.751705 -1.599546 -9.220070 -14.615872 -7.839630 49.323668 -9.858576 -1.449517 -24.197554 -3.282829 10.955808 -0.000004 -0.000003 -0.000003 -0.000000 0.000002 0.000000 8.207797 -6.751699 -1.599549 -13.890390 2.224983 10.373825 51.557738 -8.484662 9.978267 -24.730547 -0.050918 -9.786706 -0.311758 -0.000001 -0.000001 -0.000000 -0.000000 0.000000 
0.972978 93.806007 -2.524117 -14.054596 10.511718 -1.487355 -0.000001 10.181548 0.131520 1.832000 0.025221 -0.796162 3.647368 -1.018772 3.146255 3.635998 -1.059585 3.147327 -0.000000 16.740364 -2.049021 3.107868 -0.167624 -2.998674 -0.000005 9.617862 1.684978 -1.517780 0.123818 -15.395754 0.000005 22.037369 7.501073 -0.000000 0.000001 -0.000002 -4.569999 11.014870 -2.160841 0.914601 1.247197 -0.542153 -55.024072 16.078171 64.101086 0.000319 100.218888 -0.000268 55.399818 22.710826 -89.999962 -2.464791 -1.573991 2.681919 23.426675 8.329707 -18.518750 4.637199 -8.634151 -0.225379 -2.646266 -1.527798 1.527818 -1.273761 0.137316 -2.094874 -1.994601 -1.151556 1.151574 0.000003 -0.000003 0.000001 -9.108301 -0.517866 2.259805 0.224817 1.757237 -14.580599 -0.000008 -0.000000 0.000004 0.000010 0.000003 0.000004 -0.000001 -0.000001 0.000000 -9.532498 0.000013 0.000009 0.224817 1.757238 -14.580599 -0.000009 -0.000001 0.000005 0.000012 0.000003 0.000003 0.000000 0.000000 -0.000000 -9.103619 -0.043102 -1.865098 0.224817 1.757237 -14.580598 -0.000001 0.000005 0.000067 0.000002 0.000005 -0.000004 -0.000004 -0.000001 0.000002 -8.076698 -0.486714 -3.806288 0.224806 1.757230 -14.580599 -0.000002 0.000001 0.000010 0.000001 0.000006 -0.000003 -0.000001 -0.000000 -0.000001 4.570402 11.014665 -2.160816 1.067081 -2.739115 -10.020608 -34.700950 -10.368202 -47.889496 -0.000014 -108.207866 -0.000005 37.441089 -6.602375 89.999996 2.466099 -1.576216 2.681698 11.899855 3.218594 24.998113 3.939046 7.948721 0.746789 2.647887 -1.528757 1.528759 -0.579473 1.575007 2.538712 1.998925 -1.154073 1.154076 -0.000001 0.000001 -0.000000 9.109299 -0.518025 2.259896 0.090492 -1.114825 9.279451 -0.000001 0.000001 -0.000019 0.000000 0.000004 0.000000 0.000001 0.000003 0.000003 9.533404 -0.000007 -0.000004 0.090800 -1.116721 9.295428 0.000003 0.001924 -0.015980 0.000002 0.000002 -0.000005 0.000001 -0.000002 0.000002 9.104495 -0.043011 -1.865105 0.090493 -1.114824 9.279451 -0.000000 0.000002 -0.000236 0.000004 0.000001 -0.000009 0.000000 0.000001 -0.000000 8.077819 -0.486908 -3.806308 -0.581383 2.883447 9.800269 -0.018090 -4.054257 -0.511069 0.000000 0.000003 0.000000 0.000002 0.000003 -0.000002 -8.207801 -6.751705 -1.599546 -9.220070 -14.615872 -7.839630 49.323668 -9.858576 -1.449517 -24.197554 -3.282829 10.955808 -0.000004 -0.000003 -0.000003 -0.000000 0.000002 0.000000 8.207797 -6.751699 -1.599549 -13.890390 2.224983 10.373825 51.557738 -8.484662 9.978267 -24.730547 -0.050918 -9.786706 -0.311758 -0.000001 -0.000001 -0.000000 -0.000000 0.000000 
0.972978 93.806007 -2.524117 -14.054596 10.511718 -1.487355 -0.000001 10.181548 0.131520 1.832000 0.025221 -0.796162 3.647368 -1.018772 3.146255 3.635998 -1.059585 3.147327 -0.000000 16.740364 -2.049021 3.107868 -0.167624 -2.998674 -0.000005 9.617862 1.684978 -1.517780 0.123818 -15.395754 0.000005 22.037369 7.501073 -0.000000 0.000001 -0.000002 -4.569999 11.014870 -2.160841 0.914601 1.247197 -0.542153 -55.024072 16.078171 64.101086 0.000319 100.218888 -0.000268 55.399818 22.710826 -89.999962 -2.464791 -1.573991 2.681919 23.426675 8.329707 -18.518750 4.637199 -8.634151 -0.225379 -2.646266 -1.527798 1.527818 -1.273761 0.137316 -2.094874 -1.994601 -1.151556 1.151574 0.000003 -0.000003 0.000001 -9.108301 -0.517866 2.259805 0.224817 1.757237 -14.580599 -0.000008 -0.000000 0.000004 0.000010 0.000003 0.000004 -0.000001 -0.000001 0.000000 -9.532498 0.000013 0.000009 0.224817 1.757238 -14.580599 -0.000009 -0.000001 0.000005 0.000012 0.000003 0.000003 0.000000 0.000000 -0.000000 -9.103619 -0.043102 -1.865098 0.224817 1.757237 -14.580598 -0.000001 0.000005 0.000067 0.000002 0.000005 -0.000004 -0.000004 -0.000001 0.000002 -8.076698 -0.486714 -3.806288 0.224806 1.757230 -14.580599 -0.000002 0.000001 0.000010 0.000001 0.000006 -0.000003 -0.000001 -0.000000 -0.000001 4.570402 11.014665 -2.160816 1.067081 -2.739115 -10.020608 -34.700950 -10.368202 -47.889496 -0.000014 -108.207866 -0.000005 37.441089 -6.602375 89.999996 2.466099 -1.576216 2.681698 11.899855 3.218594 24.998113 3.939046 7.948721 0.746789 2.647887 -1.528757 1.528759 -0.579473 1.575007 2.538712 1.998925 -1.154073 1.154076 -0.000001 0.000001 -0.000000 9.109299 -0.518025 2.259896 0.090492 -1.114825 9.279451 -0.000001 0.000001 -0.000019 0.000000 0.000004 0.000000 0.000001 0.000003 0.000003 9.533404 -0.000007 -0.000004 0.090800 -1.116721 9.295428 0.000003 0.001924 -0.015980 0.000002 0.000002 -0.000005 0.000001 -0.000002 0.000002 9.104495 -0.043011 -1.865105 0.090493 -1.114824 9.279451 -0.000000 0.000002 -0.000236 0.000004 0.000001 -0.000009 0.000000 0.000001 -0.000000 8.077819 -0.486908 -3.806308 -0.581383 2.883447 9.800269 -0.018090 -4.054257 -0.511069 0.000000 0.000003 0.000000 0.000002 0.000003 -0.000002 -8.207801 -6.751705 -1.599546 -9.220070 -14.615872 -7.839630 49.323668 -9.858576 -1.449517 -24.197554 -3.282829 10.955808 -0.000004 -0.000003 -0.000003 -0.000000 0.000002 0.000000 8.207797 -6.751699 -1.599549 -13.890390 2.224983 10.373825 51.557738 -8.484662 9.978267 -24.730547 -0.050918 -9.786706 -0.311758 -0.000001 -0.000001 -0.000000 -0.000000 0.000000 
0.972978 93.806007 -2.524117 -14.054596 10.511718 -1.487355 -0.000001 10.181548 0.131520 1.832000 0.025221 -0.796162 3.647368 -1.018772 3.146255 3.635998 -1.059585 3.147327 -0.000000 16.740364 -2.049021 3.107868 -0.167624 -2.998674 -0.000005 9.617862 1.684978 -1.517780 0.123818 -15.395754 0.000005 22.037369 7.501073 -0.000000 0.000001 -0.000002 -4.569999 11.014870 -2.160841 0.914601 1.247197 -0.542153 -55.024072 16.078171 64.101086 0.000319 100.218888 -0.000268 55.399818 22.710826 -89.999962 -2.464791 -1.573991 2.681919 23.426675 8.329707 -18.518750 4.637199 -8.634151 -0.225379 -2.646266 -1.527798 1.527818 -1.273761 0.137316 -2.094874 -1.994601 -1.151556 1.151574 0.000003 -0.000003 0.000001 -9.108301 -0.517866 2.259805 0.224817 1.757237 -14.580599 -0.000008 -0.000000 0.000004 0.000010 0.000003 0.000004 -0.000001 -0.000001 0.000000 -9.532498 0.000013 0.000009 0.224817 1.757238 -14.580599 -0.000009 -0.000001 0.000005 0.000012 0.000003 0.000003 0.000000 0.000000 -0.000000 -9.103619 -0.043102 -1.865098 0.224817 1.757237 -14.580598 -0.000001 0.000005 0.000067 0.000002 0.000005 -0.000004 -0.000004 -0.000001 0.000002 -8.076698 -0.486714 -3.806288 0.224806 1.757230 -14.580599 -0.000002 0.000001 0.000010 0.000001 0.000006 -0.000003 -0.000001 -0.000000 -0.000001 4.570402 11.014665 -2.160816 1.067081 -2.739115 -10.020608 -34.700950 -10.368202 -47.889496 -0.000014 -108.207866 -0.000005 37.441089 -6.602375 89.999996 2.466099 -1.576216 2.681698 11.899855 3.218594 24.998113 3.939046 7.948721 0.746789 2.647887 -1.528757 1.528759 -0.579473 1.575007 2.538712 1.998925 -1.154073 1.154076 -0.000001 0.000001 -0.000000 9.109299 -0.518025 2.259896 0.090492 -1.114825 9.279451 -0.000001 0.000001 -0.000019 0.000000 0.000004 0.000000 0.000001 0.000003 0.000003 9.533404 -0.000007 -0.000004 0.090800 -1.116721 9.295428 0.000003 0.001924 -0.015980 0.000002 0.000002 -0.000005 0.000001 -0.000002 0.000002 9.104495 -0.043011 -1.865105 0.090493 -1.114824 9.279451 -0.000000 0.000002 -0.000236 0.000004 0.000001 -0.000009 0.000000 0.000001 -0.000000 8.077819 -0.486908 -3.806308 -0.581383 2.883447 9.800269 -0.018090 -4.054257 -0.511069 0.000000 0.000003 0.000000 0.000002 0.000003 -0.000002 -8.207801 -6.751705 -1.599546 -9.220070 -14.615872 -7.839630 49.323668 -9.858576 -1.449517 -24.197554 -3.282829 10.955808 -0.000004 -0.000003 -0.000003 -0.000000 0.000002 0.000000 8.207797 -6.751699 -1.599549 -13.890390 2.224983 10.373825 51.557738 -8.484662 9.978267 -24.730547 -0.050918 -9.786706 -0.311758 -0.000001 -0.000001 -0.000000 -0.000000 0.000000 
0.972978 93.806007 -2.524117 -14.054596 10.511718 -1.487355 -0.000001 10.181548 0.131520 1.832000 0.025221 -0.796162 3.647368 -1.018772 3.146255 3.635998 -1.059585 3.147327 -0.000000 16.740364 -2.049021 3.107868 -0.167624 -2.998674 -0.000005 9.617862 1.684978 -1.517780 0.123818 -15.395754 0.000005 22.037369 7.501073 -0.000000 0.000001 -0.000002 -4.569999 11.014870 -2.160841 0.914601 1.247197 -0.542153 -55.024072 16.078171 64.101086 0.000319 100.218888 -0.000268 55.399818 22.710826 -89.999962 -2.464791 -1.573991 2.681919 23.426675 8.329707 -18.518750 4.637199 -8.634151 -0.225379 -2.646266 -1.527798 1.527818 -1.273761 0.137316 -2.094874 -1.994601 -1.151556 1.151574 0.000003 -0.000003 0.000001 -9.108301 -0.517866 2.259805 0.224817 1.757237 -14.580599 -0.000008 -0.000000 0.000004 0.000010 0.000003 0.000004 -0.000001 -0.000001 0.000000 -9.532498 0.000013 0.000009 0.224817 1.757238 -14.580599 -0.000009 -0.000001 0.000005 0.000012 0.000003 0.000003 0.000000 0.000000 -0.000000 -9.103619 -0.043102 -1.865098 0.224817 1.757237 -14.580598 -0.000001 0.000005 0.000067 0.000002 0.000005 -0.000004 -0.000004 -0.000001 0.000002 -8.076698 -0.486714 -3.806288 0.224806 1.757230 -14.580599 -0.000002 0.000001 0.000010 0.000001 0.000006 -0.000003 -0.000001 -0.000000 -0.000001 4.570402 11.014665 -2.160816 1.067081 -2.739115 -10.020608 -34.700950 -10.368202 -47.889496 -0.000014 -108.207866 -0.000005 37.441089 -6.602375 89.999996 2.466099 -1.576216 2.681698 11.899855 3.218594 24.998113 3.939046 7.948721 0.746789 2.647887 -1.528757 1.528759 -0.579473 1.575007 2.538712 1.998925 -1.154073 1.154076 -0.000001 0.000001 -0.000000 9.109299 -0.518025 2.259896 0.090492 -1.114825 9.279451 -0.000001 0.000001 -0.000019 0.000000 0.000004 0.000000 0.000001 0.000003 0.000003 9.533404 -0.000007 -0.000004 0.090800 -1.116721 9.295428 0.000003 0.001924 -0.015980 0.000002 0.000002 -0.000005 0.000001 -0.000002 0.000002 9.104495 -0.043011 -1.865105 0.090493 -1.114824 9.279451 -0.000000 0.000002 -0.000236 0.000004 0.000001 -0.000009 0.000000 0.000001 -0.000000 8.077819 -0.486908 -3.806308 -0.581383 2.883447 9.800269 -0.018090 -4.054257 -0.511069 0.000000 0.000003 0.000000 0.000002 0.000003 -0.000002 -8.207801 -6.751705 -1.599546 -9.220070 -14.615872 -7.839630 49.323668 -9.858576 -1.449517 -24.197554 -3.282829 10.955808 -0.000004 -0.000003 -0.000003 -0.000000 0.000002 0.000000 8.207797 -6.751699 -1.599549 -13.890390 2.224983 10.373825 51.557738 -8.484662 9.978267 -24.730547 -0.050918 -9.786706 -0.311758 -0.000001 -0.000001 -0.000000 -0.000000 0.000000 
0.972978 93.806007 -2.524117 -14.054596 10.511718 -1.487355 -0.000001 10.181548 0.131520 1.832000 0.025221 -0.796162 3.647368 -1.018772 3.146255 3.635998 -1.059585 3.147327 -0.000000 16.740364 -2.049021 3.107868 -0.167624 -2.998674 -0.000005 9.617862 1.684978 -1.517780 0.123818 -15.395754 0.000005 22.037369 7.501073 -0.000000 0.000001 -0.000002 -4.569999 11.014870 -2.160841 0.914601 1.247197 -0.542153 -55.024072 16.078171 64.101086 0.000319 100.218888 -0.000268 55.399818 22.710826 -89.999962 -2.464791 -1.573991 2.681919 23.426675 8.329707 -18.518750 4.637199 -8.634151 -0.225379 -2.646266 -1.527798 1.527818 -1.273761 0.137316 -2.094874 -1.994601 -1.151556 1.151574 0.000003 -0.000003 0.000001 -9.108301 -0.517866 2.259805 0.224817 1.757237 -14.580599 -0.000008 -0.000000 0.000004 0.000010 0.000003 0.000004 -0.000001 -0.000001 0.000000 -9.532498 0.000013 0.000009 0.224817 1.757238 -14.580599 -0.000009 -0.000001 0.000005 0.000012 0.000003 0.000003 0.000000 0.000000 -0.000000 -9.103619 -0.043102 -1.865098 0.224817 1.757237 -14.580598 -0.000001 0.000005 0.000067 0.000002 0.000005 -0.000004 -0.000004 -0.000001 0.000002 -8.076698 -0.486714 -3.806288 0.224806 1.757230 -14.580599 -0.000002 0.000001 0.000010 0.000001 0.000006 -0.000003 -0.000001 -0.000000 -0.000001 4.570402 11.014665 -2.160816 1.067081 -2.739115 -10.020608 -34.700950 -10.368202 -47.889496 -0.000014 -108.207866 -0.000005 37.441089 -6.602375 89.999996 2.466099 -1.576216 2.681698 11.899855 3.218594 24.998113 3.939046 7.948721 0.746789 2.647887 -1.528757 1.528759 -0.579473 1.575007 2.538712 1.998925 -1.154073 1.154076 -0.000001 0.000001 -0.000000 9.109299 -0.518025 2.259896 0.090492 -1.114825 9.279451 -0.000001 0.000001 -0.000019 0.000000 0.000004 0.000000 0.000001 0.000003 0.000003 9.533404 -0.000007 -0.000004 0.090800 -1.116721 9.295428 0.000003 0.001924 -0.015980 0.000002 0.000002 -0.000005 0.000001 -0.000002 0.000002 9.104495 -0.043011 -1.865105 0.090493 -1.114824 9.279451 -0.000000 0.000002 -0.000236 0.000004 0.000001 -0.000009 0.000000 0.000001 -0.000000 8.077819 -0.486908 -3.806308 -0.581383 2.883447 9.800269 -0.018090 -4.054257 -0.511069 0.000000 0.000003 0.000000 0.000002 0.000003 -0.000002 -8.207801 -6.751705 -1.599546 -9.220070 -14.615872 -7.839630 49.323668 -9.858576 -1.449517 -24.197554 -3.282829 10.955808 -0.000004 -0.000003 -0.000003 -0.000000 0.000002 0.000000 8.207797 -6.751699 -1.599549 -13.890390 2.224983 10.373825 51.557738 -8.484662 9.978267 -24.730547 -0.050918 -9.786706 -0.311758 -0.000001 -0.000001 -0.000000 -0.000000 0.000000 
0.972978 93.806007 -2.524117 -14.054596 10.511718 -1.487355 -0.000001 10.181548 0.131520 1.832000 0.025221 -0.796162 3.647368 -1.018772 3.146255 3.635998 -1.059585 3.147327 -0.000000 16.740364 -2.049021 3.107868 -0.167624 -2.998674 -0.000005 9.617862 1.684978 -1.517780 0.123818 -15.395754 0.000005 22.037369 7.501073 -0.000000 0.000001 -0.000002 -4.569999 11.014870 -2.160841 0.914601 1.247197 -0.542153 -55.024072 16.078171 64.101086 0.000319 100.218888 -0.000268 55.399818 22.710826 -89.999962 -2.464791 -1.573991 2.681919 23.426675 8.329707 -18.518750 4.637199 -8.634151 -0.225379 -2.646266 -1.527798 1.527818 -1.273761 0.137316 -2.094874 -1.994601 -1.151556 1.151574 0.000003 -0.000003 0.000001 -9.108301 -0.517866 2.259805 0.224817 1.757237 -14.580599 -0.000008 -0.000000 0.000004 0.000010 0.000003 0.000004 -0.000001 -0.000001 0.000000 -9.532498 0.000013 0.000009 0.224817 1.757238 -14.580599 -0.000009 -0.000001 0.000005 0.000012 0.000003 0.000003 0.000000 0.000000 -0.000000 -9.103619 -0.043102 -1.865098 0.224817 1.757237 -14.580598 -0.000001 0.000005 0.000067 0.000002 0.000005 -0.000004 -0.000004 -0.000001 0.000002 -8.076698 -0.486714 -3.806288 0.224806 1.757230 -14.580599 -0.000002 0.000001 0.000010 0.000001 0.000006 -0.000003 -0.000001 -0.000000 -0.000001 4.570402 11.014665 -2.160816 1.067081 -2.739115 -10.020608 -34.700950 -10.368202 -47.889496 -0.000014 -108.207866 -0.000005 37.441089 -6.602375 89.999996 2.466099 -1.576216 2.681698 11.899855 3.218594 24.998113 3.939046 7.948721 0.746789 2.647887 -1.528757 1.528759 -0.579473 1.575007 2.538712 1.998925 -1.154073 1.154076 -0.000001 0.000001 -0.000000 9.109299 -0.518025 2.259896 0.090492 -1.114825 9.279451 -0.000001 0.000001 -0.000019 0.000000 0.000004 0.000000 0.000001 0.000003 0.000003 9.533404 -0.000007 -0.000004 0.090800 -1.116721 9.295428 0.000003 0.001924 -0.015980 0.000002 0.000002 -0.000005 0.000001 -0.000002 0.000002 9.104495 -0.043011 -1.865105 0.090493 -1.114824 9.279451 -0.000000 0.000002 -0.000236 0.000004 0.000001 -0.000009 0.000000 0.000001 -0.000000 8.077819 -0.486908 -3.806308 -0.581383 2.883447 9.800269 -0.018090 -4.054257 -0.511069 0.000000 0.000003 0.000000 0.000002 0.000003 -0.000002 -8.207801 -6.751705 -1.599546 -9.220070 -14.615872 -7.839630 49.323668 -9.858576 -1.449517 -24.197554 -3.282829 10.955808 -0.000004 -0.000003 -0.000003 -0.000000 0.000002 0.000000 8.207797 -6.751699 -1.599549 -13.890390 2.224983 10.373825 51.557738 -8.484662 9.978267 -24.730547 -0.050918 -9.786706 -0.311758 -0.000001 -0.000001 -0.000000 -0.000000 0.000000 
0.972978 93.806007 -2.524117 -14.054596 10.511718 -1.487355 -0.000001 10.181548 0.131520 1.832000 0.025221 -0.796162 3.647368 -1.018772 3.146255 3.635998 -1.059585 3.147327 -0.000000 16.740364 -2.049021 3.107868 -0.167624 -2.998674 -0.000005 9.617862 1.684978 -1.517780 0.123818 -15.395754 0.000005 22.037369 7.501073 -0.000000 0.000001 -0.000002 -4.569999 11.014870 -2.160841 0.914601 1.247197 -0.542153 -55.024072 16.078171 64.101086 0.000319 100.218888 -0.000268 55.399818 22.710826 -89.999962 -2.464791 -1.573991 2.681919 23.426675 8.329707 -18.518750 4.637199 -8.634151 -0.225379 -2.646266 -1.527798 1.527818 -1.273761 0.137316 -2.094874 -1.994601 -1.151556 1.151574 0.000003 -0.000003 0.000001 -9.108301 -0.517866 2.259805 0.224817 1.757237 -14.580599 -0.000008 -0.000000 0.000004 0.000010 0.000003 0.000004 -0.000001 -0.000001 0.000000 -9.532498 0.000013 0.000009 0.224817 1.757238 -14.580599 -0.000009 -0.000001 0.000005 0.000012 0.000003 0.000003 0.000000 0.000000 -0.000000 -9.103619 -0.043102 -1.865098 0.224817 1.757237 -14.580598 -0.000001 0.000005 0.000067 0.000002 0.000005 -0.000004 -0.000004 -0.000001 0.000002 -8.076698 -0.486714 -3.806288 0.224806 1.757230 -14.580599 -0.000002 0.000001 0.000010 0.000001 0.000006 -0.000003 -0.000001 -0.000000 -0.000001 4.570402 11.014665 -2.160816 1.067081 -2.739115 -10.020608 -34.700950 -10.368202 -47.889496 -0.000014 -108.207866 -0.000005 37.441089 -6.602375 89.999996 2.466099 -1.576216 2.681698 11.899855 3.218594 24.998113 3.939046 7.948721 0.746789 2.647887 -1.528757 1.528759 -0.579473 1.575007 2.538712 1.998925 -1.154073 1.154076 -0.000001 0.000001 -0.000000 9.109299 -0.518025 2.259896 0.090492 -1.114825 9.279451 -0.000001 0.000001 -0.000019 0.000000 0.000004 0.000000 0.000001 0.000003 0.000003 9.533404 -0.000007 -0.000004 0.090800 -1.116721 9.295428 0.000003 0.001924 -0.015980 0.000002 0.000002 -0.000005 0.000001 -0.000002 0.000002 9.104495 -0.043011 -1.865105 0.090493 -1.114824 9.279451 -0.000000 0.000002 -0.000236 0.000004 0.000001 -0.000009 0.000000 0.000001 -0.000000 8.077819 -0.486908 -3.806308 -0.581383 2.883447 9.800269 -0.018090 -4.054257 -0.511069 0.000000 0.000003 0.000000 0.000002 0.000003 -0.000002 -8.207801 -6.751705 -1.599546 -9.220070 -14.615872 -7.839630 49.323668 -9.858576 -1.449517 -24.197554 -3.282829 10.955808 -0.000004 -0.000003 -0.000003 -0.000000 0.000002 0.000000 8.207797 -6.751699 -1.599549 -13.890390 2.224983 10.373825 51.557738 -8.484662 9.978267 -24.730547 -0.050918 -9.786706 -0.311758 -0.000001 -0.000001 -0.000000 -0.000000 0.000000 
0.972978 93.806007 -2.524117 -14.054596 10.511718 -1.487355 -0.000001 10.181548 0.131520 1.832000 0.025221 -0.796162 3.647368 -1.018772 3.146255 3.635998 -1.059585 3.147327 -0.000000 16.740364 -2.049021 3.107868 -0.167624 -2.998674 -0.000005 9.617862 1.684978 -1.517780 0.123818 -15.395754 0.000005 22.037369 7.501073 -0.000000 0.000001 -0.000002 -4.569999 11.014870 -2.160841 0.914601 1.247197 -0.542153 -55.024072 16.078171 64.101086 0.000319 100.218888 -0.000268 55.399818 22.710826 -89.999962 -2.464791 -1.573991 2.681919 23.426675 8.329707 -18.518750 4.637199 -8.634151 -0.225379 -2.646266 -1.527798 1.527818 -1.273761 0.137316 -2.094874 -1.994601 -1.151556 1.151574 0.000003 -0.000003 0.000001 -9.108301 -0.517866 2.259805 0.224817 1.757237 -14.580599 -0.000008 -0.000000 0.000004 0.000010 0.000003 0.000004 -0.000001 -0.000001 0.000000 -9.532498 0.000013 0.000009 0.224817 1.757238 -14.580599 -0.000009 -0.000001 0.000005 0.000012 0.000003 0.000003 0.000000 0.000000 -0.000000 -9.103619 -0.043102 -1.865098 0.224817 1.757237 -14.580598 -0.000001 0.000005 0.000067 0.000002 0.000005 -0.000004 -0.000004 -0.000001 0.000002 -8.076698 -0.486714 -3.806288 0.224806 1.757230 -14.580599 -0.000002 0.000001 0.000010 0.000001 0.000006 -0.000003 -0.000001 -0.000000 -0.000001 4.570402 11.014665 -2.160816 1.067081 -2.739115 -10.020608 -34.700950 -10.368202 -47.889496 -0.000014 -108.207866 -0.000005 37.441089 -6.602375 89.999996 2.466099 -1.576216 2.681698 11.899855 3.218594 24.998113 3.939046 7.948721 0.746789 2.647887 -1.528757 1.528759 -0.579473 1.575007 2.538712 1.998925 -1.154073 1.154076 -0.000001 0.000001 -0.000000 9.109299 -0.518025 2.259896 0.090492 -1.114825 9.279451 -0.000001 0.000001 -0.000019 0.000000 0.000004 0.000000 0.000001 0.000003 0.000003 9.533404 -0.000007 -0.000004 0.090800 -1.116721 9.295428 0.000003 0.001924 -0.015980 0.000002 0.000002 -0.000005 0.000001 -0.000002 0.000002 9.104495 -0.043011 -1.865105 0.090493 -1.114824 9.279451 -0.000000 0.000002 -0.000236 0.000004 0.000001 -0.000009 0.000000 0.000001 -0.000000 8.077819 -0.486908 -3.806308 -0.581383 2.883447 9.800269 -0.018090 -4.054257 -0.511069 0.000000 0.000003 0.000000 0.000002 0.000003 -0.000002 -8.207801 -6.751705 -1.599546 -9.220070 -14.615872 -7.839630 49.323668 -9.858576 -1.449517 -24.197554 -3.282829 10.955808 -0.000004 -0.000003 -0.000003 -0.000000 0.000002 0.000000 8.207797 -6.751699 -1.599549 -13.890390 2.224983 10.373825 51.557738 -8.484662 9.978267 -24.730547 -0.050918 -9.786706 -0.311758 -0.000001 -0.000001 -0.000000 -0.000000 0.000000 
0.972978 93.806007 -2.524117 -14.054596 10.511718 -1.487355 -0.000001 10.181548 0.131520 1.832000 0.025221 -0.796162 3.647368 -1.018772 3.146255 3.635998 -1.059585 3.147327 -0.000000 16.740364 -2.049021 3.107868 -0.167624 -2.998674 -0.000005 9.617862 1.684978 -1.517780 0.123818 -15.395754 0.000005 22.037369 7.501073 -0.000000 0.000001 -0.000002 -4.569999 11.014870 -2.160841 0.914601 1.247197 -0.542153 -55.024072 16.078171 64.101086 0.000319 100.218888 -0.000268 55.399818 22.710826 -89.999962 -2.464791 -1.573991 2.681919 23.426675 8.329707 -18.518750 4.637199 -8.634151 -0.225379 -2.646266 -1.527798 1.527818 -1.273761 0.137316 -2.094874 -1.994601 -1.151556 1.151574 0.000003 -0.000003 0.000001 -9.108301 -0.517866 2.259805 0.224817 1.757237 -14.580599 -0.000008 -0.000000 0.000004 0.000010 0.000003 0.000004 -0.000001 -0.000001 0.000000 -9.532498 0.000013 0.000009 0.224817 1.757238 -14.580599 -0.000009 -0.000001 0.000005 0.000012 0.000003 0.000003 0.000000 0.000000 -0.000000 -9.103619 -0.043102 -1.865098 0.224817 1.757237 -14.580598 -0.000001 0.000005 0.000067 0.000002 0.000005 -0.000004 -0.000004 -0.000001 0.000002 -8.076698 -0.486714 -3.806288 0.224806 1.757230 -14.580599 -0.000002 0.000001 0.000010 0.000001 0.000006 -0.000003 -0.000001 -0.000000 -0.000001 4.570402 11.014665 -2.160816 1.067081 -2.739115 -10.020608 -34.700950 -10.368202 -47.889496 -0.000014 -108.207866 -0.000005 37.441089 -6.602375 89.999996 2.466099 -1.576216 2.681698 11.899855 3.218594 24.998113 3.939046 7.948721 0.746789 2.647887 -1.528757 1.528759 -0.579473 1.575007 2.538712 1.998925 -1.154073 1.154076 -0.000001 0.000001 -0.000000 9.109299 -0.518025 2.259896 0.090492 -1.114825 9.279451 -0.000001 0.000001 -0.000019 0.000000 0.000004 0.000000 0.000001 0.000003 0.000003 9.533404 -0.000007 -0.000004 0.090800 -1.116721 9.295428 0.000003 0.001924 -0.015980 0.000002 0.000002 -0.000005 0.000001 -0.000002 0.000002 9.104495 -0.043011 -1.865105 0.090493 -1.114824 9.279451 -0.000000 0.000002 -0.000236 0.000004 0.000001 -0.000009 0.000000 0.000001 -0.000000 8.077819 -0.486908 -3.806308 -0.581383 2.883447 9.800269 -0.018090 -4.054257 -0.511069 0.000000 0.000003 0.000000 0.000002 0.000003 -0.000002 -8.207801 -6.751705 -1.599546 -9.220070 -14.615872 -7.839630 49.323668 -9.858576 -1.449517 -24.197554 -3.282829 10.955808 -0.000004 -0.000003 -0.000003 -0.000000 0.000002 0.000000 8.207797 -6.751699 -1.599549 -13.890390 2.224983 10.373825 51.557738 -8.484662 9.978267 -24.730547 -0.050918 -9.786706 -0.311758 -0.000001 -0.000001 -0.000000 -0.000000 0.000000 
0.972978 93.806007 -2.524117 -14.054596 10.511718 -1.487355 -0.000001 10.181548 0.131520 1.832000 0.025221 -0.796162 3.647368 -1.018772 3.146255 3.635998 -1.059585 3.147327 -0.000000 16.740364 -2.049021 3.107868 -0.167624 -2.998674 -0.000005 9.617862 1.684978 -1.517780 0.123818 -15.395754 0.000005 22.037369 7.501073 -0.000000 0.000001 -0.000002 -4.569999 11.014870 -2.160841 0.914601 1.247197 -0.542153 -55.024072 16.078171 64.101086 0.000319 100.218888 -0.000268 55.399818 22.710826 -89.999962 -2.464791 -1.573991 2.681919 23.426675 8.329707 -18.518750 4.637199 -8.634151 -0.225379 -2.646266 -1.527798 1.527818 -1.273761 0.137316 -2.094874 -1.994601 -1.151556 1.151574 0.000003 -0.000003 0.000001 -9.108301 -0.517866 2.259805 0.224817 1.757237 -14.580599 -0.000008 -0.000000 0.000004 0.000010 0.000003 0.000004 -0.000001 -0.000001 0.000000 -9.532498 0.000013 0.000009 0.224817 1.757238 -14.580599 -0.000009 -0.000001 0.000005 0.000012 0.000003 0.000003 0.000000 0.000000 -0.000000 -9.103619 -0.043102 -1.865098 0.224817 1.757237 -14.580598 -0.000001 0.000005 0.000067 0.000002 0.000005 -0.000004 -0.000004 -0.000001 0.000002 -8.076698 -0.486714 -3.806288 0.224806 1.757230 -14.580599 -0.000002 0.000001 0.000010 0.000001 0.000006 -0.000003 -0.000001 -0.000000 -0.000001 4.570402 11.014665 -2.160816 1.067081 -2.739115 -10.020608 -34.700950 -10.368202 -47.889496 -0.000014 -108.207866 -0.000005 37.441089 -6.602375 89.999996 2.466099 -1.576216 2.681698 11.899855 3.218594 24.998113 3.939046 7.948721 0.746789 2.647887 -1.528757 1.528759 -0.579473 1.575007 2.538712 1.998925 -1.154073 1.154076 -0.000001 0.000001 -0.000000 9.109299 -0.518025 2.259896 0.090492 -1.114825 9.279451 -0.000001 0.000001 -0.000019 0.000000 0.000004 0.000000 0.000001 0.000003 0.000003 9.533404 -0.000007 -0.000004 0.090800 -1.116721 9.295428 0.000003 0.001924 -0.015980 0.000002 0.000002 -0.000005 0.000001 -0.000002 0.000002 9.104495 -0.043011 -1.865105 0.090493 -1.114824 9.279451 -0.000000 0.000002 -0.000236 0.000004 0.000001 -0.000009 0.000000 0.000001 -0.000000 8.077819 -0.486908 -3.806308 -0.581383 2.883447 9.800269 -0.018090 -4.054257 -0.511069 0.000000 0.000003 0.000000 0.000002 0.000003 -0.000002 -8.207801 -6.751705 -1.599546 -9.220070 -14.615872 -7.839630 49.323668 -9.858576 -1.449517 -24.197554 -3.282829 10.955808 -0.000004 -0.000003 -0.000003 -0.000000 0.000002 0.000000 8.207797 -6.751699 -1.599549 -13.890390 2.224983 10.373825 51.557738 -8.484662 9.978267 -24.730547 -0.050918 -9.786706 -0.311758 -0.000001 -0.000001 -0.000000 -0.000000 0.000000 
0.972978 93.806007 -2.524117 -14.054596 10.511718 -1.487355 -0.000001 10.181548 0.131520 1.832000 0.025221 -0.796162 3.647368 -1.018772 3.146255 3.635998 -1.059585 3.147327 -0.000000 16.740364 -2.049021 3.107868 -0.167624 -2.998674 -0.000005 9.617862 1.684978 -1.517780 0.123818 -15.395754 0.000005 22.037369 7.501073 -0.000000 0.000001 -0.000002 -4.569999 11.014870 -2.160841 0.914601 1.247197 -0.542153 -55.024072 16.078171 64.101086 0.000319 100.218888 -0.000268 55.399818 22.710826 -89.999962 -2.464791 -1.573991 2.681919 23.426675 8.329707 -18.518750 4.637199 -8.634151 -0.225379 -2.646266 -1.527798 1.527818 -1.273761 0.137316 -2.094874 -1.994601 -1.151556 1.151574 0.000003 -0.000003 0.000001 -9.108301 -0.517866 2.259805 0.224817 1.757237 -14.580599 -0.000008 -0.000000 0.000004 0.000010 0.000003 0.000004 -0.000001 -0.000001 0.000000 -9.532498 0.000013 0.000009 0.224817 1.757238 -14.580599 -0.000009 -0.000001 0.000005 0.000012 0.000003 0.000003 0.000000 0.000000 -0.000000 -9.103619 -0.043102 -1.865098 0.224817 1.757237 -14.580598 -0.000001 0.000005 0.000067 0.000002 0.000005 -0.000004 -0.000004 -0.000001 0.000002 -8.076698 -0.486714 -3.806288 0.224806 1.757230 -14.580599 -0.000002 0.000001 0.000010 0.000001 0.000006 -0.000003 -0.000001 -0.000000 -0.000001 4.570402 11.014665 -2.160816 1.067081 -2.739115 -10.020608 -34.700950 -10.368202 -47.889496 -0.000014 -108.207866 -0.000005 37.441089 -6.602375 89.999996 2.466099 -1.576216 2.681698 11.899855 3.218594 24.998113 3.939046 7.948721 0.746789 2.647887 -1.528757 1.528759 -0.579473 1.575007 2.538712 1.998925 -1.154073 1.154076 -0.000001 0.000001 -0.000000 9.109299 -0.518025 2.259896 0.090492 -1.114825 9.279451 -0.000001 0.000001 -0.000019 0.000000 0.000004 0.000000 0.000001 0.000003 0.000003 9.533404 -0.000007 -0.000004 0.090800 -1.116721 9.295428 0.000003 0.001924 -0.015980 0.000002 0.000002 -0.000005 0.000001 -0.000002 0.000002 9.104495 -0.043011 -1.865105 0.090493 -1.114824 9.279451 -0.000000 0.000002 -0.000236 0.000004 0.000001 -0.000009 0.000000 0.000001 -0.000000 8.077819 -0.486908 -3.806308 -0.581383 2.883447 9.800269 -0.018090 -4.054257 -0.511069 0.000000 0.000003 0.000000 0.000002 0.000003 -0.000002 -8.207801 -6.751705 -1.599546 -9.220070 -14.615872 -7.839630 49.323668 -9.858576 -1.449517 -24.197554 -3.282829 10.955808 -0.000004 -0.000003 -0.000003 -0.000000 0.000002 0.000000 8.207797 -6.751699 -1.599549 -13.890390 2.224983 10.373825 51.557738 -8.484662 9.978267 -24.730547 -0.050918 -9.786706 -0.311758 -0.000001 -0.000001 -0.000000 -0.000000 0.000000 
0.972978 93.806007 -2.524117 -14.054596 10.511718 -1.487355 -0.000001 10.181548 0.131520 1.832000 0.025221 -0.796162 3.647368 -1.018772 3.146255 3.635998 -1.059585 3.147327 -0.000000 16.740364 -2.049021 3.107868 -0.167624 -2.998674 -0.000005 9.617862 1.684978 -1.517780 0.123818 -15.395754 0.000005 22.037369 7.501073 -0.000000 0.000001 -0.000002 -4.569999 11.014870 -2.160841 0.914601 1.247197 -0.542153 -55.024072 16.078171 64.101086 0.000319 100.218888 -0.000268 55.399818 22.710826 -89.999962 -2.464791 -1.573991 2.681919 23.426675 8.329707 -18.518750 4.637199 -8.634151 -0.225379 -2.646266 -1.527798 1.527818 -1.273761 0.137316 -2.094874 -1.994601 -1.151556 1.151574 0.000003 -0.000003 0.000001 -9.108301 -0.517866 2.259805 0.224817 1.757237 -14.580599 -0.000008 -0.000000 0.000004 0.000010 0.000003 0.000004 -0.000001 -0.000001 0.000000 -9.532498 0.000013 0.000009 0.224817 1.757238 -14.580599 -0.000009 -0.000001 0.000005 0.000012 0.000003 0.000003 0.000000 0.000000 -0.000000 -9.103619 -0.043102 -1.865098 0.224817 1.757237 -14.580598 -0.000001 0.000005 0.000067 0.000002 0.000005 -0.000004 -0.000004 -0.000001 0.000002 -8.076698 -0.486714 -3.806288 0.224806 1.757230 -14.580599 -0.000002 0.000001 0.000010 0.000001 0.000006 -0.000003 -0.000001 -0.000000 -0.000001 4.570402 11.014665 -2.160816 1.067081 -2.739115 -10.020608 -34.700950 -10.368202 -47.889496 -0.000014 -108.207866 -0.000005 37.441089 -6.602375 89.999996 2.466099 -1.576216 2.681698 11.899855 3.218594 24.998113 3.939046 7.948721 0.746789 2.647887 -1.528757 1.528759 -0.579473 1.575007 2.538712 1.998925 -1.154073 1.154076 -0.000001 0.000001 -0.000000 9.109299 -0.518025 2.259896 0.090492 -1.114825 9.279451 -0.000001 0.000001 -0.000019 0.000000 0.000004 0.000000 0.000001 0.000003 0.000003 9.533404 -0.000007 -0.000004 0.090800 -1.116721 9.295428 0.000003 0.001924 -0.015980 0.000002 0.000002 -0.000005 0.000001 -0.000002 0.000002 9.104495 -0.043011 -1.865105 0.090493 -1.114824 9.279451 -0.000000 0.000002 -0.000236 0.000004 0.000001 -0.000009 0.000000 0.000001 -0.000000 8.077819 -0.486908 -3.806308 -0.581383 2.883447 9.800269 -0.018090 -4.054257 -0.511069 0.000000 0.000003 0.000000 0.000002 0.000003 -0.000002 -8.207801 -6.751705 -1.599546 -9.220070 -14.615872 -7.839630 49.323668 -9.858576 -1.449517 -24.197554 -3.282829 10.955808 -0.000004 -0.000003 -0.000003 -0.000000 0.000002 0.000000 8.207797 -6.751699 -1.599549 -13.890390 2.224983 10.373825 51.557738 -8.484662 9.978267 -24.730547 -0.050918 -9.786706 -0.311758 -0.000001 -0.000001 -0.000000 -0.000000 0.000000 
0.972978 93.806007 -2.524117 -14.054596 10.511718 -1.487355 -0.000001 10.181548 0.131520 1.832000 0.025221 -0.796162 3.647368 -1.018772 3.146255 3.635998 -1.059585 3.147327 -0.000000 16.740364 -2.049021 3.107868 -0.167624 -2.998674 -0.000005 9.617862 1.684978 -1.517780 0.123818 -15.395754 0.000005 22.037369 7.501073 -0.000000 0.000001 -0.000002 -4.569999 11.014870 -2.160841 0.914601 1.247197 -0.542153 -55.024072 16.078171 64.101086 0.000319 100.218888 -0.000268 55.399818 22.710826 -89.999962 -2.464791 -1.573991 2.681919 23.426675 8.329707 -18.518750 4.637199 -8.634151 -0.225379 -2.646266 -1.527798 1.527818 -1.273761 0.137316 -2.094874 -1.994601 -1.151556 1.151574 0.000003 -0.000003 0.000001 -9.108301 -0.517866 2.259805 0.224817 1.757237 -14.580599 -0.000008 -0.000000 0.000004 0.000010 0.000003 0.000004 -0.000001 -0.000001 0.000000 -9.532498 0.000013 0.000009 0.224817 1.757238 -14.580599 -0.000009 -0.000001 0.000005 0.000012 0.000003 0.000003 0.000000 0.000000 -0.000000 -9.103619 -0.043102 -1.865098 0.224817 1.757237 -14.580598 -0.000001 0.000005 0.000067 0.000002 0.000005 -0.000004 -0.000004 -0.000001 0.000002 -8.076698 -0.486714 -3.806288 0.224806 1.757230 -14.580599 -0.000002 0.000001 0.000010 0.000001 0.000006 -0.000003 -0.000001 -0.000000 -0.000001 4.570402 11.014665 -2.160816 1.067081 -2.739115 -10.020608 -34.700950 -10.368202 -47.889496 -0.000014 -108.207866 -0.000005 37.441089 -6.602375 89.999996 2.466099 -1.576216 2.681698 11.899855 3.218594 24.998113 3.939046 7.948721 0.746789 2.647887 -1.528757 1.528759 -0.579473 1.575007 2.538712 1.998925 -1.154073 1.154076 -0.000001 0.000001 -0.000000 9.109299 -0.518025 2.259896 0.090492 -1.114825 9.279451 -0.000001 0.000001 -0.000019 0.000000 0.000004 0.000000 0.000001 0.000003 0.000003 9.533404 -0.000007 -0.000004 0.090800 -1.116721 9.295428 0.000003 0.001924 -0.015980 0.000002 0.000002 -0.000005 0.000001 -0.000002 0.000002 9.104495 -0.043011 -1.865105 0.090493 -1.114824 9.279451 -0.000000 0.000002 -0.000236 0.000004 0.000001 -0.000009 0.000000 0.000001 -0.000000 8.077819 -0.486908 -3.806308 -0.581383 2.883447 9.800269 -0.018090 -4.054257 -0.511069 0.000000 0.000003 0.000000 0.000002 0.000003 -0.000002 -8.207801 -6.751705 -1.599546 -9.220070 -14.615872 -7.839630 49.323668 -9.858576 -1.449517 -24.197554 -3.282829 10.955808 -0.000004 -0.000003 -0.000003 -0.000000 0.000002 0.000000 8.207797 -6.751699 -1.599549 -13.890390 2.224983 10.373825 51.557738 -8.484662 9.978267 -24.730547 -0.050918 -9.786706 -0.311758 -0.000001 -0.000001 -0.000000 -0.000000 0.000000 
0.972978 93.806007 -2.524117 -14.054596 10.511718 -1.487355 -0.000001 10.181548 0.131520 1.832000 0.025221 -0.796162 3.647368 -1.018772 3.146255 3.635998 -1.059585 3.147327 -0.000000 16.740364 -2.049021 3.107868 -0.167624 -2.998674 -0.000005 9.617862 1.684978 -1.517780 0.123818 -15.395754 0.000005 22.037369 7.501073 -0.000000 0.000001 -0.000002 -4.569999 11.014870 -2.160841 0.914601 1.247197 -0.542153 -55.024072 16.078171 64.101086 0.000319 100.218888 -0.000268 55.399818 22.710826 -89.999962 -2.464791 -1.573991 2.681919 23.426675 8.329707 -18.518750 4.637199 -8.634151 -0.225379 -2.646266 -1.527798 1.527818 -1.273761 0.137316 -2.094874 -1.994601 -1.151556 1.151574 0.000003 -0.000003 0.000001 -9.108301 -0.517866 2.259805 0.224817 1.757237 -14.580599 -0.000008 -0.000000 0.000004 0.000010 0.000003 0.000004 -0.000001 -0.000001 0.000000 -9.532498 0.000013 0.000009 0.224817 1.757238 -14.580599 -0.000009 -0.000001 0.000005 0.000012 0.000003 0.000003 0.000000 0.000000 -0.000000 -9.103619 -0.043102 -1.865098 0.224817 1.757237 -14.580598 -0.000001 0.000005 0.000067 0.000002 0.000005 -0.000004 -0.000004 -0.000001 0.000002 -8.076698 -0.486714 -3.806288 0.224806 1.757230 -14.580599 -0.000002 0.000001 0.000010 0.000001 0.000006 -0.000003 -0.000001 -0.000000 -0.000001 4.570402 11.014665 -2.160816 1.067081 -2.739115 -10.020608 -34.700950 -10.368202 -47.889496 -0.000014 -108.207866 -0.000005 37.441089 -6.602375 89.999996 2.466099 -1.576216 2.681698 11.899855 3.218594 24.998113 3.939046 7.948721 0.746789 2.647887 -1.528757 1.528759 -0.579473 1.575007 2.538712 1.998925 -1.154073 1.154076 -0.000001 0.000001 -0.000000 9.109299 -0.518025 2.259896 0.090492 -1.114825 9.279451 -0.000001 0.000001 -0.000019 0.000000 0.000004 0.000000 0.000001 0.000003 0.000003 9.533404 -0.000007 -0.000004 0.090800 -1.116721 9.295428 0.000003 0.001924 -0.015980 0.000002 0.000002 -0.000005 0.000001 -0.000002 0.000002 9.104495 -0.043011 -1.865105 0.090493 -1.114824 9.279451 -0.000000 0.000002 -0.000236 0.000004 0.000001 -0.000009 0.000000 0.000001 -0.000000 8.077819 -0.486908 -3.806308 -0.581383 2.883447 9.800269 -0.018090 -4.054257 -0.511069 0.000000 0.000003 0.000000 0.000002 0.000003 -0.000002 -8.207801 -6.751705 -1.599546 -9.220070 -14.615872 -7.839630 49.323668 -9.858576 -1.449517 -24.197554 -3.282829 10.955808 -0.000004 -0.000003 -0.000003 -0.000000 0.000002 0.000000 8.207797 -6.751699 -1.599549 -13.890390 2.224983 10.373825 51.557738 -8.484662 9.978267 -24.730547 -0.050918 -9.786706 -0.311758 -0.000001 -0.000001 -0.000000 -0.000000 0.000000 
0.972978 93.806007 -2.524117 -14.054596 10.511718 -1.487355 -0.000001 10.181548 0.131520 1.832000 0.025221 -0.796162 3.647368 -1.018772 3.146255 3.635998 -1.059585 3.147327 -0.000000 16.740364 -2.049021 3.107868 -0.167624 -2.998674 -0.000005 9.617862 1.684978 -1.517780 0.123818 -15.395754 0.000005 22.037369 7.501073 -0.000000 0.000001 -0.000002 -4.569999 11.014870 -2.160841 0.914601 1.247197 -0.542153 -55.024072 16.078171 64.101086 0.000319 100.218888 -0.000268 55.399818 22.710826 -89.999962 -2.464791 -1.573991 2.681919 23.426675 8.329707 -18.518750 4.637199 -8.634151 -0.225379 -2.646266 -1.527798 1.527818 -1.273761 0.137316 -2.094874 -1.994601 -1.151556 1.151574 0.000003 -0.000003 0.000001 -9.108301 -0.517866 2.259805 0.224817 1.757237 -14.580599 -0.000008 -0.000000 0.000004 0.000010 0.000003 0.000004 -0.000001 -0.000001 0.000000 -9.532498 0.000013 0.000009 0.224817 1.757238 -14.580599 -0.000009 -0.000001 0.000005 0.000012 0.000003 0.000003 0.000000 0.000000 -0.000000 -9.103619 -0.043102 -1.865098 0.224817 1.757237 -14.580598 -0.000001 0.000005 0.000067 0.000002 0.000005 -0.000004 -0.000004 -0.000001 0.000002 -8.076698 -0.486714 -3.806288 0.224806 1.757230 -14.580599 -0.000002 0.000001 0.000010 0.000001 0.000006 -0.000003 -0.000001 -0.000000 -0.000001 4.570402 11.014665 -2.160816 1.067081 -2.739115 -10.020608 -34.700950 -10.368202 -47.889496 -0.000014 -108.207866 -0.000005 37.441089 -6.602375 89.999996 2.466099 -1.576216 2.681698 11.899855 3.218594 24.998113 3.939046 7.948721 0.746789 2.647887 -1.528757 1.528759 -0.579473 1.575007 2.538712 1.998925 -1.154073 1.154076 -0.000001 0.000001 -0.000000 9.109299 -0.518025 2.259896 0.090492 -1.114825 9.279451 -0.000001 0.000001 -0.000019 0.000000 0.000004 0.000000 0.000001 0.000003 0.000003 9.533404 -0.000007 -0.000004 0.090800 -1.116721 9.295428 0.000003 0.001924 -0.015980 0.000002 0.000002 -0.000005 0.000001 -0.000002 0.000002 9.104495 -0.043011 -1.865105 0.090493 -1.114824 9.279451 -0.000000 0.000002 -0.000236 0.000004 0.000001 -0.000009 0.000000 0.000001 -0.000000 8.077819 -0.486908 -3.806308 -0.581383 2.883447 9.800269 -0.018090 -4.054257 -0.511069 0.000000 0.000003 0.000000 0.000002 0.000003 -0.000002 -8.207801 -6.751705 -1.599546 -9.220070 -14.615872 -7.839630 49.323668 -9.858576 -1.449517 -24.197554 -3.282829 10.955808 -0.000004 -0.000003 -0.000003 -0.000000 0.000002 0.000000 8.207797 -6.751699 -1.599549 -13.890390 2.224983 10.373825 51.557738 -8.484662 9.978267 -24.730547 -0.050918 -9.786706 -0.311758 -0.000001 -0.000001 -0.000000 -0.000000 0.000000 
0.972978 93.806007 -2.524117 -14.054596 10.511718 -1.487355 -0.000001 10.181548 0.131520 1.832000 0.025221 -0.796162 3.647368 -1.018772 3.146255 3.635998 -1.059585 3.147327 -0.000000 16.740364 -2.049021 3.107868 -0.167624 -2.998674 -0.000005 9.617862 1.684978 -1.517780 0.123818 -15.395754 0.000005 22.037369 7.501073 -0.000000 0.000001 -0.000002 -4.569999 11.014870 -2.160841 0.914601 1.247197 -0.542153 -55.024072 16.078171 64.101086 0.000319 100.218888 -0.000268 55.399818 22.710826 -89.999962 -2.464791 -1.573991 2.681919 23.426675 8.329707 -18.518750 4.637199 -8.634151 -0.225379 -2.646266 -1.527798 1.527818 -1.273761 0.137316 -2.094874 -1.994601 -1.151556 1.151574 0.000003 -0.000003 0.000001 -9.108301 -0.517866 2.259805 0.224817 1.757237 -14.580599 -0.000008 -0.000000 0.000004 0.000010 0.000003 0.000004 -0.000001 -0.000001 0.000000 -9.532498 0.000013 0.000009 0.224817 1.757238 -14.580599 -0.000009 -0.000001 0.000005 0.000012 0.000003 0.000003 0.000000 0.000000 -0.000000 -9.103619 -0.043102 -1.865098 0.224817 1.757237 -14.580598 -0.000001 0.000005 0.000067 0.000002 0.000005 -0.000004 -0.000004 -0.000001 0.000002 -8.076698 -0.486714 -3.806288 0.224806 1.757230 -14.580599 -0.000002 0.000001 0.000010 0.000001 0.000006 -0.000003 -0.000001 -0.000000 -0.000001 4.570402 11.014665 -2.160816 1.067081 -2.739115 -10.020608 -34.700950 -10.368202 -47.889496 -0.000014 -108.207866 -0.000005 37.441089 -6.602375 89.999996 2.466099 -1.576216 2.681698 11.899855 3.218594 24.998113 3.939046 7.948721 0.746789 2.647887 -1.528757 1.528759 -0.579473 1.575007 2.538712 1.998925 -1.154073 1.154076 -0.000001 0.000001 -0.000000 9.109299 -0.518025 2.259896 0.090492 -1.114825 9.279451 -0.000001 0.000001 -0.000019 0.000000 0.000004 0.000000 0.000001 0.000003 0.000003 9.533404 -0.000007 -0.000004 0.090800 -1.116721 9.295428 0.000003 0.001924 -0.015980 0.000002 0.000002 -0.000005 0.000001 -0.000002 0.000002 9.104495 -0.043011 -1.865105 0.090493 -1.114824 9.279451 -0.000000 0.000002 -0.000236 0.000004 0.000001 -0.000009 0.000000 0.000001 -0.000000 8.077819 -0.486908 -3.806308 -0.581383 2.883447 9.800269 -0.018090 -4.054257 -0.511069 0.000000 0.000003 0.000000 0.000002 0.000003 -0.000002 -8.207801 -6.751705 -1.599546 -9.220070 -14.615872 -7.839630 49.323668 -9.858576 -1.449517 -24.197554 -3.282829 10.955808 -0.000004 -0.000003 -0.000003 -0.000000 0.000002 0.000000 8.207797 -6.751699 -1.599549 -13.890390 2.224983 10.373825 51.557738 -8.484662 9.978267 -24.730547 -0.050918 -9.786706 -0.311758 -0.000001 -0.000001 -0.000000 -0.000000 0.000000 
0.972978 93.806007 -2.524117 -14.054596 10.511718 -1.487355 -0.000001 10.181548 0.131520 1.832000 0.025221 -0.796162 3.647368 -1.018772 3.146255 3.635998 -1.059585 3.147327 -0.000000 16.740364 -2.049021 3.107868 -0.167624 -2.998674 -0.000005 9.617862 1.684978 -1.517780 0.123818 -15.395754 0.000005 22.037369 7.501073 -0.000000 0.000001 -0.000002 -4.569999 11.014870 -2.160841 0.914601 1.247197 -0.542153 -55.024072 16.078171 64.101086 0.000319 100.218888 -0.000268 55.399818 22.710826 -89.999962 -2.464791 -1.573991 2.681919 23.426675 8.329707 -18.518750 4.637199 -8.634151 -0.225379 -2.646266 -1.527798 1.527818 -1.273761 0.137316 -2.094874 -1.994601 -1.151556 1.151574 0.000003 -0.000003 0.000001 -9.108301 -0.517866 2.259805 0.224817 1.757237 -14.580599 -0.000008 -0.000000 0.000004 0.000010 0.000003 0.000004 -0.000001 -0.000001 0.000000 -9.532498 0.000013 0.000009 0.224817 1.757238 -14.580599 -0.000009 -0.000001 0.000005 0.000012 0.000003 0.000003 0.000000 0.000000 -0.000000 -9.103619 -0.043102 -1.865098 0.224817 1.757237 -14.580598 -0.000001 0.000005 0.000067 0.000002 0.000005 -0.000004 -0.000004 -0.000001 0.000002 -8.076698 -0.486714 -3.806288 0.224806 1.757230 -14.580599 -0.000002 0.000001 0.000010 0.000001 0.000006 -0.000003 -0.000001 -0.000000 -0.000001 4.570402 11.014665 -2.160816 1.067081 -2.739115 -10.020608 -34.700950 -10.368202 -47.889496 -0.000014 -108.207866 -0.000005 37.441089 -6.602375 89.999996 2.466099 -1.576216 2.681698 11.899855 3.218594 24.998113 3.939046 7.948721 0.746789 2.647887 -1.528757 1.528759 -0.579473 1.575007 2.538712 1.998925 -1.154073 1.154076 -0.000001 0.000001 -0.000000 9.109299 -0.518025 2.259896 0.090492 -1.114825 9.279451 -0.000001 0.000001 -0.000019 0.000000 0.000004 0.000000 0.000001 0.000003 0.000003 9.533404 -0.000007 -0.000004 0.090800 -1.116721 9.295428 0.000003 0.001924 -0.015980 0.000002 0.000002 -0.000005 0.000001 -0.000002 0.000002 9.104495 -0.043011 -1.865105 0.090493 -1.114824 9.279451 -0.000000 0.000002 -0.000236 0.000004 0.000001 -0.000009 0.000000 0.000001 -0.000000 8.077819 -0.486908 -3.806308 -0.581383 2.883447 9.800269 -0.018090 -4.054257 -0.511069 0.000000 0.000003 0.000000 0.000002 0.000003 -0.000002 -8.207801 -6.751705 -1.599546 -9.220070 -14.615872 -7.839630 49.323668 -9.858576 -1.449517 -24.197554 -3.282829 10.955808 -0.000004 -0.000003 -0.000003 -0.000000 0.000002 0.000000 8.207797 -6.751699 -1.599549 -13.890390 2.224983 10.373825 51.557738 -8.484662 9.978267 -24.730547 -0.050918 -9.786706 -0.311758 -0.000001 -0.000001 -0.000000 -0.000000 0.000000 
0.972978 93.806007 -2.524117 -14.054596 10.511718 -1.487355 -0.000001 10.181548 0.131520 1.832000 0.025221 -0.796162 3.647368 -1.018772 3.146255 3.635998 -1.059585 3.147327 -0.000000 16.740364 -2.049021 3.107868 -0.167624 -2.998674 -0.000005 9.617862 1.684978 -1.517780 0.123818 -15.395754 0.000005 22.037369 7.501073 -0.000000 0.000001 -0.000002 -4.569999 11.014870 -2.160841 0.914601 1.247197 -0.542153 -55.024072 16.078171 64.101086 0.000319 100.218888 -0.000268 55.399818 22.710826 -89.999962 -2.464791 -1.573991 2.681919 23.426675 8.329707 -18.518750 4.637199 -8.634151 -0.225379 -2.646266 -1.527798 1.527818 -1.273761 0.137316 -2.094874 -1.994601 -1.151556 1.151574 0.000003 -0.000003 0.000001 -9.108301 -0.517866 2.259805 0.224817 1.757237 -14.580599 -0.000008 -0.000000 0.000004 0.000010 0.000003 0.000004 -0.000001 -0.000001 0.000000 -9.532498 0.000013 0.000009 0.224817 1.757238 -14.580599 -0.000009 -0.000001 0.000005 0.000012 0.000003 0.000003 0.000000 0.000000 -0.000000 -9.103619 -0.043102 -1.865098 0.224817 1.757237 -14.580598 -0.000001 0.000005 0.000067 0.000002 0.000005 -0.000004 -0.000004 -0.000001 0.000002 -8.076698 -0.486714 -3.806288 0.224806 1.757230 -14.580599 -0.000002 0.000001 0.000010 0.000001 0.000006 -0.000003 -0.000001 -0.000000 -0.000001 4.570402 11.014665 -2.160816 1.067081 -2.739115 -10.020608 -34.700950 -10.368202 -47.889496 -0.000014 -108.207866 -0.000005 37.441089 -6.602375 89.999996 2.466099 -1.576216 2.681698 11.899855 3.218594 24.998113 3.939046 7.948721 0.746789 2.647887 -1.528757 1.528759 -0.579473 1.575007 2.538712 1.998925 -1.154073 1.154076 -0.000001 0.000001 -0.000000 9.109299 -0.518025 2.259896 0.090492 -1.114825 9.279451 -0.000001 0.000001 -0.000019 0.000000 0.000004 0.000000 0.000001 0.000003 0.000003 9.533404 -0.000007 -0.000004 0.090800 -1.116721 9.295428 0.000003 0.001924 -0.015980 0.000002 0.000002 -0.000005 0.000001 -0.000002 0.000002 9.104495 -0.043011 -1.865105 0.090493 -1.114824 9.279451 -0.000000 0.000002 -0.000236 0.000004 0.000001 -0.000009 0.000000 0.000001 -0.000000 8.077819 -0.486908 -3.806308 -0.581383 2.883447 9.800269 -0.018090 -4.054257 -0.511069 0.000000 0.000003 0.000000 0.000002 0.000003 -0.000002 -8.207801 -6.751705 -1.599546 -9.220070 -14.615872 -7.839630 49.323668 -9.858576 -1.449517 -24.197554 -3.282829 10.955808 -0.000004 -0.000003 -0.000003 -0.000000 0.000002 0.000000 8.207797 -6.751699 -1.599549 -13.890390 2.224983 10.373825 51.557738 -8.484662 9.978267 -24.730547 -0.050918 -9.786706 -0.311758 -0.000001 -0.000001 -0.000000 -0.000000 0.000000 
0.972978 93.806007 -2.524117 -14.054596 10.511718 -1.487355 -0.000001 10.181548 0.131520 1.832000 0.025221 -0.796162 3.647368 -1.018772 3.146255 3.635998 -1.059585 3.147327 -0.000000 16.740364 -2.049021 3.107868 -0.167624 -2.998674 -0.000005 9.617862 1.684978 -1.517780 0.123818 -15.395754 0.000005 22.037369 7.501073 -0.000000 0.000001 -0.000002 -4.569999 11.014870 -2.160841 0.914601 1.247197 -0.542153 -55.024072 16.078171 64.101086 0.000319 100.218888 -0.000268 55.399818 22.710826 -89.999962 -2.464791 -1.573991 2.681919 23.426675 8.329707 -18.518750 4.637199 -8.634151 -0.225379 -2.646266 -1.527798 1.527818 -1.273761 0.137316 -2.094874 -1.994601 -1.151556 1.151574 0.000003 -0.000003 0.000001 -9.108301 -0.517866 2.259805 0.224817 1.757237 -14.580599 -0.000008 -0.000000 0.000004 0.000010 0.000003 0.000004 -0.000001 -0.000001 0.000000 -9.532498 0.000013 0.000009 0.224817 1.757238 -14.580599 -0.000009 -0.000001 0.000005 0.000012 0.000003 0.000003 0.000000 0.000000 -0.000000 -9.103619 -0.043102 -1.865098 0.224817 1.757237 -14.580598 -0.000001 0.000005 0.000067 0.000002 0.000005 -0.000004 -0.000004 -0.000001 0.000002 -8.076698 -0.486714 -3.806288 0.224806 1.757230 -14.580599 -0.000002 0.000001 0.000010 0.000001 0.000006 -0.000003 -0.000001 -0.000000 -0.000001 4.570402 11.014665 -2.160816 1.067081 -2.739115 -10.020608 -34.700950 -10.368202 -47.889496 -0.000014 -108.207866 -0.000005 37.441089 -6.602375 89.999996 2.466099 -1.576216 2.681698 11.899855 3.218594 24.998113 3.939046 7.948721 0.746789 2.647887 -1.528757 1.528759 -0.579473 1.575007 2.538712 1.998925 -1.154073 1.154076 -0.000001 0.000001 -0.000000 9.109299 -0.518025 2.259896 0.090492 -1.114825 9.279451 -0.000001 0.000001 -0.000019 0.000000 0.000004 0.000000 0.000001 0.000003 0.000003 9.533404 -0.000007 -0.000004 0.090800 -1.116721 9.295428 0.000003 0.001924 -0.015980 0.000002 0.000002 -0.000005 0.000001 -0.000002 0.000002 9.104495 -0.043011 -1.865105 0.090493 -1.114824 9.279451 -0.000000 0.000002 -0.000236 0.000004 0.000001 -0.000009 0.000000 0.000001 -0.000000 8.077819 -0.486908 -3.806308 -0.581383 2.883447 9.800269 -0.018090 -4.054257 -0.511069 0.000000 0.000003 0.000000 0.000002 0.000003 -0.000002 -8.207801 -6.751705 -1.599546 -9.220070 -14.615872 -7.839630 49.323668 -9.858576 -1.449517 -24.197554 -3.282829 10.955808 -0.000004 -0.000003 -0.000003 -0.000000 0.000002 0.000000 8.207797 -6.751699 -1.599549 -13.890390 2.224983 10.373825 51.557738 -8.484662 9.978267 -24.730547 -0.050918 -9.786706 -0.311758 -0.000001 -0.000001 -0.000000 -0.000000 0.000000 
0.972978 93.806007 -2.524117 -14.054596 10.511718 -1.487355 -0.000001 10.181548 0.131520 1.832000 0.025221 -0.796162 3.647368 -1.018772 3.146255 3.635998 -1.059585 3.147327 -0.000000 16.740364 -2.049021 3.107868 -0.167624 -2.998674 -0.000005 9.617862 1.684978 -1.517780 0.123818 -15.395754 0.000005 22.037369 7.501073 -0.000000 0.000001 -0.000002 -4.569999 11.014870 -2.160841 0.914601 1.247197 -0.542153 -55.024072 16.078171 64.101086 0.000319 100.218888 -0.000268 55.399818 22.710826 -89.999962 -2.464791 -1.573991 2.681919 23.426675 8.329707 -18.518750 4.637199 -8.634151 -0.225379 -2.646266 -1.527798 1.527818 -1.273761 0.137316 -2.094874 -1.994601 -1.151556 1.151574 0.000003 -0.000003 0.000001 -9.108301 -0.517866 2.259805 0.224817 1.757237 -14.580599 -0.000008 -0.000000 0.000004 0.000010 0.000003 0.000004 -0.000001 -0.000001 0.000000 -9.532498 0.000013 0.000009 0.224817 1.757238 -14.580599 -0.000009 -0.000001 0.000005 0.000012 0.000003 0.000003 0.000000 0.000000 -0.000000 -9.103619 -0.043102 -1.865098 0.224817 1.757237 -14.580598 -0.000001 0.000005 0.000067 0.000002 0.000005 -0.000004 -0.000004 -0.000001 0.000002 -8.076698 -0.486714 -3.806288 0.224806 1.757230 -14.580599 -0.000002 0.000001 0.000010 0.000001 0.000006 -0.000003 -0.000001 -0.000000 -0.000001 4.570402 11.014665 -2.160816 1.067081 -2.739115 -10.020608 -34.700950 -10.368202 -47.889496 -0.000014 -108.207866 -0.000005 37.441089 -6.602375 89.999996 2.466099 -1.576216 2.681698 11.899855 3.218594 24.998113 3.939046 7.948721 0.746789 2.647887 -1.528757 1.528759 -0.579473 1.575007 2.538712 1.998925 -1.154073 1.154076 -0.000001 0.000001 -0.000000 9.109299 -0.518025 2.259896 0.090492 -1.114825 9.279451 -0.000001 0.000001 -0.000019 0.000000 0.000004 0.000000 0.000001 0.000003 0.000003 9.533404 -0.000007 -0.000004 0.090800 -1.116721 9.295428 0.000003 0.001924 -0.015980 0.000002 0.000002 -0.000005 0.000001 -0.000002 0.000002 9.104495 -0.043011 -1.865105 0.090493 -1.114824 9.279451 -0.000000 0.000002 -0.000236 0.000004 0.000001 -0.000009 0.000000 0.000001 -0.000000 8.077819 -0.486908 -3.806308 -0.581383 2.883447 9.800269 -0.018090 -4.054257 -0.511069 0.000000 0.000003 0.000000 0.000002 0.000003 -0.000002 -8.207801 -6.751705 -1.599546 -9.220070 -14.615872 -7.839630 49.323668 -9.858576 -1.449517 -24.197554 -3.282829 10.955808 -0.000004 -0.000003 -0.000003 -0.000000 0.000002 0.000000 8.207797 -6.751699 -1.599549 -13.890390 2.224983 10.373825 51.557738 -8.484662 9.978267 -24.730547 -0.050918 -9.786706 -0.311758 -0.000001 -0.000001 -0.000000 -0.000000 0.000000 
0.972978 93.806007 -2.524117 -14.054596 10.511718 -1.487355 -0.000001 10.181548 0.131520 1.832000 0.025221 -0.796162 3.647368 -1.018772 3.146255 3.635998 -1.059585 3.147327 -0.000000 16.740364 -2.049021 3.107868 -0.167624 -2.998674 -0.000005 9.617862 1.684978 -1.517780 0.123818 -15.395754 0.000005 22.037369 7.501073 -0.000000 0.000001 -0.000002 -4.569999 11.014870 -2.160841 0.914601 1.247197 -0.542153 -55.024072 16.078171 64.101086 0.000319 100.218888 -0.000268 55.399818 22.710826 -89.999962 -2.464791 -1.573991 2.681919 23.426675 8.329707 -18.518750 4.637199 -8.634151 -0.225379 -2.646266 -1.527798 1.527818 -1.273761 0.137316 -2.094874 -1.994601 -1.151556 1.151574 0.000003 -0.000003 0.000001 -9.108301 -0.517866 2.259805 0.224817 1.757237 -14.580599 -0.000008 -0.000000 0.000004 0.000010 0.000003 0.000004 -0.000001 -0.000001 0.000000 -9.532498 0.000013 0.000009 0.224817 1.757238 -14.580599 -0.000009 -0.000001 0.000005 0.000012 0.000003 0.000003 0.000000 0.000000 -0.000000 -9.103619 -0.043102 -1.865098 0.224817 1.757237 -14.580598 -0.000001 0.000005 0.000067 0.000002 0.000005 -0.000004 -0.000004 -0.000001 0.000002 -8.076698 -0.486714 -3.806288 0.224806 1.757230 -14.580599 -0.000002 0.000001 0.000010 0.000001 0.000006 -0.000003 -0.000001 -0.000000 -0.000001 4.570402 11.014665 -2.160816 1.067081 -2.739115 -10.020608 -34.700950 -10.368202 -47.889496 -0.000014 -108.207866 -0.000005 37.441089 -6.602375 89.999996 2.466099 -1.576216 2.681698 11.899855 3.218594 24.998113 3.939046 7.948721 0.746789 2.647887 -1.528757 1.528759 -0.579473 1.575007 2.538712 1.998925 -1.154073 1.154076 -0.000001 0.000001 -0.000000 9.109299 -0.518025 2.259896 0.090492 -1.114825 9.279451 -0.000001 0.000001 -0.000019 0.000000 0.000004 0.000000 0.000001 0.000003 0.000003 9.533404 -0.000007 -0.000004 0.090800 -1.116721 9.295428 0.000003 0.001924 -0.015980 0.000002 0.000002 -0.000005 0.000001 -0.000002 0.000002 9.104495 -0.043011 -1.865105 0.090493 -1.114824 9.279451 -0.000000 0.000002 -0.000236 0.000004 0.000001 -0.000009 0.000000 0.000001 -0.000000 8.077819 -0.486908 -3.806308 -0.581383 2.883447 9.800269 -0.018090 -4.054257 -0.511069 0.000000 0.000003 0.000000 0.000002 0.000003 -0.000002 -8.207801 -6.751705 -1.599546 -9.220070 -14.615872 -7.839630 49.323668 -9.858576 -1.449517 -24.197554 -3.282829 10.955808 -0.000004 -0.000003 -0.000003 -0.000000 0.000002 0.000000 8.207797 -6.751699 -1.599549 -13.890390 2.224983 10.373825 51.557738 -8.484662 9.978267 -24.730547 -0.050918 -9.786706 -0.311758 -0.000001 -0.000001 -0.000000 -0.000000 0.000000 
0.972978 93.806007 -2.524117 -14.054596 10.511718 -1.487355 -0.000001 10.181548 0.131520 1.832000 0.025221 -0.796162 3.647368 -1.018772 3.146255 3.635998 -1.059585 3.147327 -0.000000 16.740364 -2.049021 3.107868 -0.167624 -2.998674 -0.000005 9.617862 1.684978 -1.517780 0.123818 -15.395754 0.000005 22.037369 7.501073 -0.000000 0.000001 -0.000002 -4.569999 11.014870 -2.160841 0.914601 1.247197 -0.542153 -55.024072 16.078171 64.101086 0.000319 100.218888 -0.000268 55.399818 22.710826 -89.999962 -2.464791 -1.573991 2.681919 23.426675 8.329707 -18.518750 4.637199 -8.634151 -0.225379 -2.646266 -1.527798 1.527818 -1.273761 0.137316 -2.094874 -1.994601 -1.151556 1.151574 0.000003 -0.000003 0.000001 -9.108301 -0.517866 2.259805 0.224817 1.757237 -14.580599 -0.000008 -0.000000 0.000004 0.000010 0.000003 0.000004 -0.000001 -0.000001 0.000000 -9.532498 0.000013 0.000009 0.224817 1.757238 -14.580599 -0.000009 -0.000001 0.000005 0.000012 0.000003 0.000003 0.000000 0.000000 -0.000000 -9.103619 -0.043102 -1.865098 0.224817 1.757237 -14.580598 -0.000001 0.000005 0.000067 0.000002 0.000005 -0.000004 -0.000004 -0.000001 0.000002 -8.076698 -0.486714 -3.806288 0.224806 1.757230 -14.580599 -0.000002 0.000001 0.000010 0.000001 0.000006 -0.000003 -0.000001 -0.000000 -0.000001 4.570402 11.014665 -2.160816 1.067081 -2.739115 -10.020608 -34.700950 -10.368202 -47.889496 -0.000014 -108.207866 -0.000005 37.441089 -6.602375 89.999996 2.466099 -1.576216 2.681698 11.899855 3.218594 24.998113 3.939046 7.948721 0.746789 2.647887 -1.528757 1.528759 -0.579473 1.575007 2.538712 1.998925 -1.154073 1.154076 -0.000001 0.000001 -0.000000 9.109299 -0.518025 2.259896 0.090492 -1.114825 9.279451 -0.000001 0.000001 -0.000019 0.000000 0.000004 0.000000 0.000001 0.000003 0.000003 9.533404 -0.000007 -0.000004 0.090800 -1.116721 9.295428 0.000003 0.001924 -0.015980 0.000002 0.000002 -0.000005 0.000001 -0.000002 0.000002 9.104495 -0.043011 -1.865105 0.090493 -1.114824 9.279451 -0.000000 0.000002 -0.000236 0.000004 0.000001 -0.000009 0.000000 0.000001 -0.000000 8.077819 -0.486908 -3.806308 -0.581383 2.883447 9.800269 -0.018090 -4.054257 -0.511069 0.000000 0.000003 0.000000 0.000002 0.000003 -0.000002 -8.207801 -6.751705 -1.599546 -9.220070 -14.615872 -7.839630 49.323668 -9.858576 -1.449517 -24.197554 -3.282829 10.955808 -0.000004 -0.000003 -0.000003 -0.000000 0.000002 0.000000 8.207797 -6.751699 -1.599549 -13.890390 2.224983 10.373825 51.557738 -8.484662 9.978267 -24.730547 -0.050918 -9.786706 -0.311758 -0.000001 -0.000001 -0.000000 -0.000000 0.000000 
0.972978 93.806007 -2.524117 -14.054596 10.511718 -1.487355 -0.000001 10.181548 0.131520 1.832000 0.025221 -0.796162 3.647368 -1.018772 3.146255 3.635998 -1.059585 3.147327 -0.000000 16.740364 -2.049021 3.107868 -0.167624 -2.998674 -0.000005 9.617862 1.684978 -1.517780 0.123818 -15.395754 0.000005 22.037369 7.501073 -0.000000 0.000001 -0.000002 -4.569999 11.014870 -2.160841 0.914601 1.247197 -0.542153 -55.024072 16.078171 64.101086 0.000319 100.218888 -0.000268 55.399818 22.710826 -89.999962 -2.464791 -1.573991 2.681919 23.426675 8.329707 -18.518750 4.637199 -8.634151 -0.225379 -2.646266 -1.527798 1.527818 -1.273761 0.137316 -2.094874 -1.994601 -1.151556 1.151574 0.000003 -0.000003 0.000001 -9.108301 -0.517866 2.259805 0.224817 1.757237 -14.580599 -0.000008 -0.000000 0.000004 0.000010 0.000003 0.000004 -0.000001 -0.000001 0.000000 -9.532498 0.000013 0.000009 0.224817 1.757238 -14.580599 -0.000009 -0.000001 0.000005 0.000012 0.000003 0.000003 0.000000 0.000000 -0.000000 -9.103619 -0.043102 -1.865098 0.224817 1.757237 -14.580598 -0.000001 0.000005 0.000067 0.000002 0.000005 -0.000004 -0.000004 -0.000001 0.000002 -8.076698 -0.486714 -3.806288 0.224806 1.757230 -14.580599 -0.000002 0.000001 0.000010 0.000001 0.000006 -0.000003 -0.000001 -0.000000 -0.000001 4.570402 11.014665 -2.160816 1.067081 -2.739115 -10.020608 -34.700950 -10.368202 -47.889496 -0.000014 -108.207866 -0.000005 37.441089 -6.602375 89.999996 2.466099 -1.576216 2.681698 11.899855 3.218594 24.998113 3.939046 7.948721 0.746789 2.647887 -1.528757 1.528759 -0.579473 1.575007 2.538712 1.998925 -1.154073 1.154076 -0.000001 0.000001 -0.000000 9.109299 -0.518025 2.259896 0.090492 -1.114825 9.279451 -0.000001 0.000001 -0.000019 0.000000 0.000004 0.000000 0.000001 0.000003 0.000003 9.533404 -0.000007 -0.000004 0.090800 -1.116721 9.295428 0.000003 0.001924 -0.015980 0.000002 0.000002 -0.000005 0.000001 -0.000002 0.000002 9.104495 -0.043011 -1.865105 0.090493 -1.114824 9.279451 -0.000000 0.000002 -0.000236 0.000004 0.000001 -0.000009 0.000000 0.000001 -0.000000 8.077819 -0.486908 -3.806308 -0.581383 2.883447 9.800269 -0.018090 -4.054257 -0.511069 0.000000 0.000003 0.000000 0.000002 0.000003 -0.000002 -8.207801 -6.751705 -1.599546 -9.220070 -14.615872 -7.839630 49.323668 -9.858576 -1.449517 -24.197554 -3.282829 10.955808 -0.000004 -0.000003 -0.000003 -0.000000 0.000002 0.000000 8.207797 -6.751699 -1.599549 -13.890390 2.224983 10.373825 51.557738 -8.484662 9.978267 -24.730547 -0.050918 -9.786706 -0.311758 -0.000001 -0.000001 -0.000000 -0.000000 0.000000 
0.972978 93.806007 -2.524117 -14.054596 10.511718 -1.487355 -0.000001 10.181548 0.131520 1.832000 0.025221 -0.796162 3.647368 -1.018772 3.146255 3.635998 -1.059585 3.147327 -0.000000 16.740364 -2.049021 3.107868 -0.167624 -2.998674 -0.000005 9.617862 1.684978 -1.517780 0.123818 -15.395754 0.000005 22.037369 7.501073 -0.000000 0.000001 -0.000002 -4.569999 11.014870 -2.160841 0.914601 1.247197 -0.542153 -55.024072 16.078171 64.101086 0.000319 100.218888 -0.000268 55.399818 22.710826 -89.999962 -2.464791 -1.573991 2.681919 23.426675 8.329707 -18.518750 4.637199 -8.634151 -0.225379 -2.646266 -1.527798 1.527818 -1.273761 0.137316 -2.094874 -1.994601 -1.151556 1.151574 0.000003 -0.000003 0.000001 -9.108301 -0.517866 2.259805 0.224817 1.757237 -14.580599 -0.000008 -0.000000 0.000004 0.000010 0.000003 0.000004 -0.000001 -0.000001 0.000000 -9.532498 0.000013 0.000009 0.224817 1.757238 -14.580599 -0.000009 -0.000001 0.000005 0.000012 0.000003 0.000003 0.000000 0.000000 -0.000000 -9.103619 -0.043102 -1.865098 0.224817 1.757237 -14.580598 -0.000001 0.000005 0.000067 0.000002 0.000005 -0.000004 -0.000004 -0.000001 0.000002 -8.076698 -0.486714 -3.806288 0.224806 1.757230 -14.580599 -0.000002 0.000001 0.000010 0.000001 0.000006 -0.000003 -0.000001 -0.000000 -0.000001 4.570402 11.014665 -2.160816 1.067081 -2.739115 -10.020608 -34.700950 -10.368202 -47.889496 -0.000014 -108.207866 -0.000005 37.441089 -6.602375 89.999996 2.466099 -1.576216 2.681698 11.899855 3.218594 24.998113 3.939046 7.948721 0.746789 2.647887 -1.528757 1.528759 -0.579473 1.575007 2.538712 1.998925 -1.154073 1.154076 -0.000001 0.000001 -0.000000 9.109299 -0.518025 2.259896 0.090492 -1.114825 9.279451 -0.000001 0.000001 -0.000019 0.000000 0.000004 0.000000 0.000001 0.000003 0.000003 9.533404 -0.000007 -0.000004 0.090800 -1.116721 9.295428 0.000003 0.001924 -0.015980 0.000002 0.000002 -0.000005 0.000001 -0.000002 0.000002 9.104495 -0.043011 -1.865105 0.090493 -1.114824 9.279451 -0.000000 0.000002 -0.000236 0.000004 0.000001 -0.000009 0.000000 0.000001 -0.000000 8.077819 -0.486908 -3.806308 -0.581383 2.883447 9.800269 -0.018090 -4.054257 -0.511069 0.000000 0.000003 0.000000 0.000002 0.000003 -0.000002 -8.207801 -6.751705 -1.599546 -9.220070 -14.615872 -7.839630 49.323668 -9.858576 -1.449517 -24.197554 -3.282829 10.955808 -0.000004 -0.000003 -0.000003 -0.000000 0.000002 0.000000 8.207797 -6.751699 -1.599549 -13.890390 2.224983 10.373825 51.557738 -8.484662 9.978267 -24.730547 -0.050918 -9.786706 -0.311758 -0.000001 -0.000001 -0.000000 -0.000000 0.000000 
0.972978 93.806007 -2.524117 -14.054596 10.511718 -1.487355 -0.000001 10.181548 0.131520 1.832000 0.025221 -0.796162 3.647368 -1.018772 3.146255 3.635998 -1.059585 3.147327 -0.000000 16.740364 -2.049021 3.107868 -0.167624 -2.998674 -0.000005 9.617862 1.684978 -1.517780 0.123818 -15.395754 0.000005 22.037369 7.501073 -0.000000 0.000001 -0.000002 -4.569999 11.014870 -2.160841 0.914601 1.247197 -0.542153 -55.024072 16.078171 64.101086 0.000319 100.218888 -0.000268 55.399818 22.710826 -89.999962 -2.464791 -1.573991 2.681919 23.426675 8.329707 -18.518750 4.637199 -8.634151 -0.225379 -2.646266 -1.527798 1.527818 -1.273761 0.137316 -2.094874 -1.994601 -1.151556 1.151574 0.000003 -0.000003 0.000001 -9.108301 -0.517866 2.259805 0.224817 1.757237 -14.580599 -0.000008 -0.000000 0.000004 0.000010 0.000003 0.000004 -0.000001 -0.000001 0.000000 -9.532498 0.000013 0.000009 0.224817 1.757238 -14.580599 -0.000009 -0.000001 0.000005 0.000012 0.000003 0.000003 0.000000 0.000000 -0.000000 -9.103619 -0.043102 -1.865098 0.224817 1.757237 -14.580598 -0.000001 0.000005 0.000067 0.000002 0.000005 -0.000004 -0.000004 -0.000001 0.000002 -8.076698 -0.486714 -3.806288 0.224806 1.757230 -14.580599 -0.000002 0.000001 0.000010 0.000001 0.000006 -0.000003 -0.000001 -0.000000 -0.000001 4.570402 11.014665 -2.160816 1.067081 -2.739115 -10.020608 -34.700950 -10.368202 -47.889496 -0.000014 -108.207866 -0.000005 37.441089 -6.602375 89.999996 2.466099 -1.576216 2.681698 11.899855 3.218594 24.998113 3.939046 7.948721 0.746789 2.647887 -1.528757 1.528759 -0.579473 1.575007 2.538712 1.998925 -1.154073 1.154076 -0.000001 0.000001 -0.000000 9.109299 -0.518025 2.259896 0.090492 -1.114825 9.279451 -0.000001 0.000001 -0.000019 0.000000 0.000004 0.000000 0.000001 0.000003 0.000003 9.533404 -0.000007 -0.000004 0.090800 -1.116721 9.295428 0.000003 0.001924 -0.015980 0.000002 0.000002 -0.000005 0.000001 -0.000002 0.000002 9.104495 -0.043011 -1.865105 0.090493 -1.114824 9.279451 -0.000000 0.000002 -0.000236 0.000004 0.000001 -0.000009 0.000000 0.000001 -0.000000 8.077819 -0.486908 -3.806308 -0.581383 2.883447 9.800269 -0.018090 -4.054257 -0.511069 0.000000 0.000003 0.000000 0.000002 0.000003 -0.000002 -8.207801 -6.751705 -1.599546 -9.220070 -14.615872 -7.839630 49.323668 -9.858576 -1.449517 -24.197554 -3.282829 10.955808 -0.000004 -0.000003 -0.000003 -0.000000 0.000002 0.000000 8.207797 -6.751699 -1.599549 -13.890390 2.224983 10.373825 51.557738 -8.484662 9.978267 -24.730547 -0.050918 -9.786706 -0.311758 -0.000001 -0.000001 -0.000000 -0.000000 0.000000 
0.972978 93.806007 -2.524117 -14.054596 10.511718 -1.487355 -0.000001 10.181548 0.131520 1.832000 0.025221 -0.796162 3.647368 -1.018772 3.146255 3.635998 -1.059585 3.147327 -0.000000 16.740364 -2.049021 3.107868 -0.167624 -2.998674 -0.000005 9.617862 1.684978 -1.517780 0.123818 -15.395754 0.000005 22.037369 7.501073 -0.000000 0.000001 -0.000002 -4.569999 11.014870 -2.160841 0.914601 1.247197 -0.542153 -55.024072 16.078171 64.101086 0.000319 100.218888 -0.000268 55.399818 22.710826 -89.999962 -2.464791 -1.573991 2.681919 23.426675 8.329707 -18.518750 4.637199 -8.634151 -0.225379 -2.646266 -1.527798 1.527818 -1.273761 0.137316 -2.094874 -1.994601 -1.151556 1.151574 0.000003 -0.000003 0.000001 -9.108301 -0.517866 2.259805 0.224817 1.757237 -14.580599 -0.000008 -0.000000 0.000004 0.000010 0.000003 0.000004 -0.000001 -0.000001 0.000000 -9.532498 0.000013 0.000009 0.224817 1.757238 -14.580599 -0.000009 -0.000001 0.000005 0.000012 0.000003 0.000003 0.000000 0.000000 -0.000000 -9.103619 -0.043102 -1.865098 0.224817 1.757237 -14.580598 -0.000001 0.000005 0.000067 0.000002 0.000005 -0.000004 -0.000004 -0.000001 0.000002 -8.076698 -0.486714 -3.806288 0.224806 1.757230 -14.580599 -0.000002 0.000001 0.000010 0.000001 0.000006 -0.000003 -0.000001 -0.000000 -0.000001 4.570402 11.014665 -2.160816 1.067081 -2.739115 -10.020608 -34.700950 -10.368202 -47.889496 -0.000014 -108.207866 -0.000005 37.441089 -6.602375 89.999996 2.466099 -1.576216 2.681698 11.899855 3.218594 24.998113 3.939046 7.948721 0.746789 2.647887 -1.528757 1.528759 -0.579473 1.575007 2.538712 1.998925 -1.154073 1.154076 -0.000001 0.000001 -0.000000 9.109299 -0.518025 2.259896 0.090492 -1.114825 9.279451 -0.000001 0.000001 -0.000019 0.000000 0.000004 0.000000 0.000001 0.000003 0.000003 9.533404 -0.000007 -0.000004 0.090800 -1.116721 9.295428 0.000003 0.001924 -0.015980 0.000002 0.000002 -0.000005 0.000001 -0.000002 0.000002 9.104495 -0.043011 -1.865105 0.090493 -1.114824 9.279451 -0.000000 0.000002 -0.000236 0.000004 0.000001 -0.000009 0.000000 0.000001 -0.000000 8.077819 -0.486908 -3.806308 -0.581383 2.883447 9.800269 -0.018090 -4.054257 -0.511069 0.000000 0.000003 0.000000 0.000002 0.000003 -0.000002 -8.207801 -6.751705 -1.599546 -9.220070 -14.615872 -7.839630 49.323668 -9.858576 -1.449517 -24.197554 -3.282829 10.955808 -0.000004 -0.000003 -0.000003 -0.000000 0.000002 0.000000 8.207797 -6.751699 -1.599549 -13.890390 2.224983 10.373825 51.557738 -8.484662 9.978267 -24.730547 -0.050918 -9.786706 -0.311758 -0.000001 -0.000001 -0.000000 -0.000000 0.000000 
0.972978 93.806007 -2.524117 -14.054596 10.511718 -1.487355 -0.000001 10.181548 0.131520 1.832000 0.025221 -0.796162 3.647368 -1.018772 3.146255 3.635998 -1.059585 3.147327 -0.000000 16.740364 -2.049021 3.107868 -0.167624 -2.998674 -0.000005 9.617862 1.684978 -1.517780 0.123818 -15.395754 0.000005 22.037369 7.501073 -0.000000 0.000001 -0.000002 -4.569999 11.014870 -2.160841 0.914601 1.247197 -0.542153 -55.024072 16.078171 64.101086 0.000319 100.218888 -0.000268 55.399818 22.710826 -89.999962 -2.464791 -1.573991 2.681919 23.426675 8.329707 -18.518750 4.637199 -8.634151 -0.225379 -2.646266 -1.527798 1.527818 -1.273761 0.137316 -2.094874 -1.994601 -1.151556 1.151574 0.000003 -0.000003 0.000001 -9.108301 -0.517866 2.259805 0.224817 1.757237 -14.580599 -0.000008 -0.000000 0.000004 0.000010 0.000003 0.000004 -0.000001 -0.000001 0.000000 -9.532498 0.000013 0.000009 0.224817 1.757238 -14.580599 -0.000009 -0.000001 0.000005 0.000012 0.000003 0.000003 0.000000 0.000000 -0.000000 -9.103619 -0.043102 -1.865098 0.224817 1.757237 -14.580598 -0.000001 0.000005 0.000067 0.000002 0.000005 -0.000004 -0.000004 -0.000001 0.000002 -8.076698 -0.486714 -3.806288 0.224806 1.757230 -14.580599 -0.000002 0.000001 0.000010 0.000001 0.000006 -0.000003 -0.000001 -0.000000 -0.000001 4.570402 11.014665 -2.160816 1.067081 -2.739115 -10.020608 -34.700950 -10.368202 -47.889496 -0.000014 -108.207866 -0.000005 37.441089 -6.602375 89.999996 2.466099 -1.576216 2.681698 11.899855 3.218594 24.998113 3.939046 7.948721 0.746789 2.647887 -1.528757 1.528759 -0.579473 1.575007 2.538712 1.998925 -1.154073 1.154076 -0.000001 0.000001 -0.000000 9.109299 -0.518025 2.259896 0.090492 -1.114825 9.279451 -0.000001 0.000001 -0.000019 0.000000 0.000004 0.000000 0.000001 0.000003 0.000003 9.533404 -0.000007 -0.000004 0.090800 -1.116721 9.295428 0.000003 0.001924 -0.015980 0.000002 0.000002 -0.000005 0.000001 -0.000002 0.000002 9.104495 -0.043011 -1.865105 0.090493 -1.114824 9.279451 -0.000000 0.000002 -0.000236 0.000004 0.000001 -0.000009 0.000000 0.000001 -0.000000 8.077819 -0.486908 -3.806308 -0.581383 2.883447 9.800269 -0.018090 -4.054257 -0.511069 0.000000 0.000003 0.000000 0.000002 0.000003 -0.000002 -8.207801 -6.751705 -1.599546 -9.220070 -14.615872 -7.839630 49.323668 -9.858576 -1.449517 -24.197554 -3.282829 10.955808 -0.000004 -0.000003 -0.000003 -0.000000 0.000002 0.000000 8.207797 -6.751699 -1.599549 -13.890390 2.224983 10.373825 51.557738 -8.484662 9.978267 -24.730547 -0.050918 -9.786706 -0.311758 -0.000001 -0.000001 -0.000000 -0.000000 0.000000 
0.972978 93.806007 -2.524117 -14.054596 10.511718 -1.487355 -0.000001 10.181548 0.131520 1.832000 0.025221 -0.796162 3.647368 -1.018772 3.146255 3.635998 -1.059585 3.147327 -0.000000 16.740364 -2.049021 3.107868 -0.167624 -2.998674 -0.000005 9.617862 1.684978 -1.517780 0.123818 -15.395754 0.000005 22.037369 7.501073 -0.000000 0.000001 -0.000002 -4.569999 11.014870 -2.160841 0.914601 1.247197 -0.542153 -55.024072 16.078171 64.101086 0.000319 100.218888 -0.000268 55.399818 22.710826 -89.999962 -2.464791 -1.573991 2.681919 23.426675 8.329707 -18.518750 4.637199 -8.634151 -0.225379 -2.646266 -1.527798 1.527818 -1.273761 0.137316 -2.094874 -1.994601 -1.151556 1.151574 0.000003 -0.000003 0.000001 -9.108301 -0.517866 2.259805 0.224817 1.757237 -14.580599 -0.000008 -0.000000 0.000004 0.000010 0.000003 0.000004 -0.000001 -0.000001 0.000000 -9.532498 0.000013 0.000009 0.224817 1.757238 -14.580599 -0.000009 -0.000001 0.000005 0.000012 0.000003 0.000003 0.000000 0.000000 -0.000000 -9.103619 -0.043102 -1.865098 0.224817 1.757237 -14.580598 -0.000001 0.000005 0.000067 0.000002 0.000005 -0.000004 -0.000004 -0.000001 0.000002 -8.076698 -0.486714 -3.806288 0.224806 1.757230 -14.580599 -0.000002 0.000001 0.000010 0.000001 0.000006 -0.000003 -0.000001 -0.000000 -0.000001 4.570402 11.014665 -2.160816 1.067081 -2.739115 -10.020608 -34.700950 -10.368202 -47.889496 -0.000014 -108.207866 -0.000005 37.441089 -6.602375 89.999996 2.466099 -1.576216 2.681698 11.899855 3.218594 24.998113 3.939046 7.948721 0.746789 2.647887 -1.528757 1.528759 -0.579473 1.575007 2.538712 1.998925 -1.154073 1.154076 -0.000001 0.000001 -0.000000 9.109299 -0.518025 2.259896 0.090492 -1.114825 9.279451 -0.000001 0.000001 -0.000019 0.000000 0.000004 0.000000 0.000001 0.000003 0.000003 9.533404 -0.000007 -0.000004 0.090800 -1.116721 9.295428 0.000003 0.001924 -0.015980 0.000002 0.000002 -0.000005 0.000001 -0.000002 0.000002 9.104495 -0.043011 -1.865105 0.090493 -1.114824 9.279451 -0.000000 0.000002 -0.000236 0.000004 0.000001 -0.000009 0.000000 0.000001 -0.000000 8.077819 -0.486908 -3.806308 -0.581383 2.883447 9.800269 -0.018090 -4.054257 -0.511069 0.000000 0.000003 0.000000 0.000002 0.000003 -0.000002 -8.207801 -6.751705 -1.599546 -9.220070 -14.615872 -7.839630 49.323668 -9.858576 -1.449517 -24.197554 -3.282829 10.955808 -0.000004 -0.000003 -0.000003 -0.000000 0.000002 0.000000 8.207797 -6.751699 -1.599549 -13.890390 2.224983 10.373825 51.557738 -8.484662 9.978267 -24.730547 -0.050918 -9.786706 -0.311758 -0.000001 -0.000001 -0.000000 -0.000000 0.000000 
0.972978 93.806007 -2.524117 -14.054596 10.511718 -1.487355 -0.000001 10.181548 0.131520 1.832000 0.025221 -0.796162 3.647368 -1.018772 3.146255 3.635998 -1.059585 3.147327 -0.000000 16.740364 -2.049021 3.107868 -0.167624 -2.998674 -0.000005 9.617862 1.684978 -1.517780 0.123818 -15.395754 0.000005 22.037369 7.501073 -0.000000 0.000001 -0.000002 -4.569999 11.014870 -2.160841 0.914601 1.247197 -0.542153 -55.024072 16.078171 64.101086 0.000319 100.218888 -0.000268 55.399818 22.710826 -89.999962 -2.464791 -1.573991 2.681919 23.426675 8.329707 -18.518750 4.637199 -8.634151 -0.225379 -2.646266 -1.527798 1.527818 -1.273761 0.137316 -2.094874 -1.994601 -1.151556 1.151574 0.000003 -0.000003 0.000001 -9.108301 -0.517866 2.259805 0.224817 1.757237 -14.580599 -0.000008 -0.000000 0.000004 0.000010 0.000003 0.000004 -0.000001 -0.000001 0.000000 -9.532498 0.000013 0.000009 0.224817 1.757238 -14.580599 -0.000009 -0.000001 0.000005 0.000012 0.000003 0.000003 0.000000 0.000000 -0.000000 -9.103619 -0.043102 -1.865098 0.224817 1.757237 -14.580598 -0.000001 0.000005 0.000067 0.000002 0.000005 -0.000004 -0.000004 -0.000001 0.000002 -8.076698 -0.486714 -3.806288 0.224806 1.757230 -14.580599 -0.000002 0.000001 0.000010 0.000001 0.000006 -0.000003 -0.000001 -0.000000 -0.000001 4.570402 11.014665 -2.160816 1.067081 -2.739115 -10.020608 -34.700950 -10.368202 -47.889496 -0.000014 -108.207866 -0.000005 37.441089 -6.602375 89.999996 2.466099 -1.576216 2.681698 11.899855 3.218594 24.998113 3.939046 7.948721 0.746789 2.647887 -1.528757 1.528759 -0.579473 1.575007 2.538712 1.998925 -1.154073 1.154076 -0.000001 0.000001 -0.000000 9.109299 -0.518025 2.259896 0.090492 -1.114825 9.279451 -0.000001 0.000001 -0.000019 0.000000 0.000004 0.000000 0.000001 0.000003 0.000003 9.533404 -0.000007 -0.000004 0.090800 -1.116721 9.295428 0.000003 0.001924 -0.015980 0.000002 0.000002 -0.000005 0.000001 -0.000002 0.000002 9.104495 -0.043011 -1.865105 0.090493 -1.114824 9.279451 -0.000000 0.000002 -0.000236 0.000004 0.000001 -0.000009 0.000000 0.000001 -0.000000 8.077819 -0.486908 -3.806308 -0.581383 2.883447 9.800269 -0.018090 -4.054257 -0.511069 0.000000 0.000003 0.000000 0.000002 0.000003 -0.000002 -8.207801 -6.751705 -1.599546 -9.220070 -14.615872 -7.839630 49.323668 -9.858576 -1.449517 -24.197554 -3.282829 10.955808 -0.000004 -0.000003 -0.000003 -0.000000 0.000002 0.000000 8.207797 -6.751699 -1.599549 -13.890390 2.224983 10.373825 51.557738 -8.484662 9.978267 -24.730547 -0.050918 -9.786706 -0.311758 -0.000001 -0.000001 -0.000000 -0.000000 0.000000 
0.972978 93.806007 -2.524117 -14.054596 10.511718 -1.487355 -0.000001 10.181548 0.131520 1.832000 0.025221 -0.796162 3.647368 -1.018772 3.146255 3.635998 -1.059585 3.147327 -0.000000 16.740364 -2.049021 3.107868 -0.167624 -2.998674 -0.000005 9.617862 1.684978 -1.517780 0.123818 -15.395754 0.000005 22.037369 7.501073 -0.000000 0.000001 -0.000002 -4.569999 11.014870 -2.160841 0.914601 1.247197 -0.542153 -55.024072 16.078171 64.101086 0.000319 100.218888 -0.000268 55.399818 22.710826 -89.999962 -2.464791 -1.573991 2.681919 23.426675 8.329707 -18.518750 4.637199 -8.634151 -0.225379 -2.646266 -1.527798 1.527818 -1.273761 0.137316 -2.094874 -1.994601 -1.151556 1.151574 0.000003 -0.000003 0.000001 -9.108301 -0.517866 2.259805 0.224817 1.757237 -14.580599 -0.000008 -0.000000 0.000004 0.000010 0.000003 0.000004 -0.000001 -0.000001 0.000000 -9.532498 0.000013 0.000009 0.224817 1.757238 -14.580599 -0.000009 -0.000001 0.000005 0.000012 0.000003 0.000003 0.000000 0.000000 -0.000000 -9.103619 -0.043102 -1.865098 0.224817 1.757237 -14.580598 -0.000001 0.000005 0.000067 0.000002 0.000005 -0.000004 -0.000004 -0.000001 0.000002 -8.076698 -0.486714 -3.806288 0.224806 1.757230 -14.580599 -0.000002 0.000001 0.000010 0.000001 0.000006 -0.000003 -0.000001 -0.000000 -0.000001 4.570402 11.014665 -2.160816 1.067081 -2.739115 -10.020608 -34.700950 -10.368202 -47.889496 -0.000014 -108.207866 -0.000005 37.441089 -6.602375 89.999996 2.466099 -1.576216 2.681698 11.899855 3.218594 24.998113 3.939046 7.948721 0.746789 2.647887 -1.528757 1.528759 -0.579473 1.575007 2.538712 1.998925 -1.154073 1.154076 -0.000001 0.000001 -0.000000 9.109299 -0.518025 2.259896 0.090492 -1.114825 9.279451 -0.000001 0.000001 -0.000019 0.000000 0.000004 0.000000 0.000001 0.000003 0.000003 9.533404 -0.000007 -0.000004 0.090800 -1.116721 9.295428 0.000003 0.001924 -0.015980 0.000002 0.000002 -0.000005 0.000001 -0.000002 0.000002 9.104495 -0.043011 -1.865105 0.090493 -1.114824 9.279451 -0.000000 0.000002 -0.000236 0.000004 0.000001 -0.000009 0.000000 0.000001 -0.000000 8.077819 -0.486908 -3.806308 -0.581383 2.883447 9.800269 -0.018090 -4.054257 -0.511069 0.000000 0.000003 0.000000 0.000002 0.000003 -0.000002 -8.207801 -6.751705 -1.599546 -9.220070 -14.615872 -7.839630 49.323668 -9.858576 -1.449517 -24.197554 -3.282829 10.955808 -0.000004 -0.000003 -0.000003 -0.000000 0.000002 0.000000 8.207797 -6.751699 -1.599549 -13.890390 2.224983 10.373825 51.557738 -8.484662 9.978267 -24.730547 -0.050918 -9.786706 -0.311758 -0.000001 -0.000001 -0.000000 -0.000000 0.000000 
0.972978 93.806007 -2.524117 -14.054596 10.511718 -1.487355 -0.000001 10.181548 0.131520 1.832000 0.025221 -0.796162 3.647368 -1.018772 3.146255 3.635998 -1.059585 3.147327 -0.000000 16.740364 -2.049021 3.107868 -0.167624 -2.998674 -0.000005 9.617862 1.684978 -1.517780 0.123818 -15.395754 0.000005 22.037369 7.501073 -0.000000 0.000001 -0.000002 -4.569999 11.014870 -2.160841 0.914601 1.247197 -0.542153 -55.024072 16.078171 64.101086 0.000319 100.218888 -0.000268 55.399818 22.710826 -89.999962 -2.464791 -1.573991 2.681919 23.426675 8.329707 -18.518750 4.637199 -8.634151 -0.225379 -2.646266 -1.527798 1.527818 -1.273761 0.137316 -2.094874 -1.994601 -1.151556 1.151574 0.000003 -0.000003 0.000001 -9.108301 -0.517866 2.259805 0.224817 1.757237 -14.580599 -0.000008 -0.000000 0.000004 0.000010 0.000003 0.000004 -0.000001 -0.000001 0.000000 -9.532498 0.000013 0.000009 0.224817 1.757238 -14.580599 -0.000009 -0.000001 0.000005 0.000012 0.000003 0.000003 0.000000 0.000000 -0.000000 -9.103619 -0.043102 -1.865098 0.224817 1.757237 -14.580598 -0.000001 0.000005 0.000067 0.000002 0.000005 -0.000004 -0.000004 -0.000001 0.000002 -8.076698 -0.486714 -3.806288 0.224806 1.757230 -14.580599 -0.000002 0.000001 0.000010 0.000001 0.000006 -0.000003 -0.000001 -0.000000 -0.000001 4.570402 11.014665 -2.160816 1.067081 -2.739115 -10.020608 -34.700950 -10.368202 -47.889496 -0.000014 -108.207866 -0.000005 37.441089 -6.602375 89.999996 2.466099 -1.576216 2.681698 11.899855 3.218594 24.998113 3.939046 7.948721 0.746789 2.647887 -1.528757 1.528759 -0.579473 1.575007 2.538712 1.998925 -1.154073 1.154076 -0.000001 0.000001 -0.000000 9.109299 -0.518025 2.259896 0.090492 -1.114825 9.279451 -0.000001 0.000001 -0.000019 0.000000 0.000004 0.000000 0.000001 0.000003 0.000003 9.533404 -0.000007 -0.000004 0.090800 -1.116721 9.295428 0.000003 0.001924 -0.015980 0.000002 0.000002 -0.000005 0.000001 -0.000002 0.000002 9.104495 -0.043011 -1.865105 0.090493 -1.114824 9.279451 -0.000000 0.000002 -0.000236 0.000004 0.000001 -0.000009 0.000000 0.000001 -0.000000 8.077819 -0.486908 -3.806308 -0.581383 2.883447 9.800269 -0.018090 -4.054257 -0.511069 0.000000 0.000003 0.000000 0.000002 0.000003 -0.000002 -8.207801 -6.751705 -1.599546 -9.220070 -14.615872 -7.839630 49.323668 -9.858576 -1.449517 -24.197554 -3.282829 10.955808 -0.000004 -0.000003 -0.000003 -0.000000 0.000002 0.000000 8.207797 -6.751699 -1.599549 -13.890390 2.224983 10.373825 51.557738 -8.484662 9.978267 -24.730547 -0.050918 -9.786706 -0.311758 -0.000001 -0.000001 -0.000000 -0.000000 0.000000 
0.972978 93.806007 -2.524117 -14.054596 10.511718 -1.487355 -0.000001 10.181548 0.131520 1.832000 0.025221 -0.796162 3.647368 -1.018772 3.146255 3.635998 -1.059585 3.147327 -0.000000 16.740364 -2.049021 3.107868 -0.167624 -2.998674 -0.000005 9.617862 1.684978 -1.517780 0.123818 -15.395754 0.000005 22.037369 7.501073 -0.000000 0.000001 -0.000002 -4.569999 11.014870 -2.160841 0.914601 1.247197 -0.542153 -55.024072 16.078171 64.101086 0.000319 100.218888 -0.000268 55.399818 22.710826 -89.999962 -2.464791 -1.573991 2.681919 23.426675 8.329707 -18.518750 4.637199 -8.634151 -0.225379 -2.646266 -1.527798 1.527818 -1.273761 0.137316 -2.094874 -1.994601 -1.151556 1.151574 0.000003 -0.000003 0.000001 -9.108301 -0.517866 2.259805 0.224817 1.757237 -14.580599 -0.000008 -0.000000 0.000004 0.000010 0.000003 0.000004 -0.000001 -0.000001 0.000000 -9.532498 0.000013 0.000009 0.224817 1.757238 -14.580599 -0.000009 -0.000001 0.000005 0.000012 0.000003 0.000003 0.000000 0.000000 -0.000000 -9.103619 -0.043102 -1.865098 0.224817 1.757237 -14.580598 -0.000001 0.000005 0.000067 0.000002 0.000005 -0.000004 -0.000004 -0.000001 0.000002 -8.076698 -0.486714 -3.806288 0.224806 1.757230 -14.580599 -0.000002 0.000001 0.000010 0.000001 0.000006 -0.000003 -0.000001 -0.000000 -0.000001 4.570402 11.014665 -2.160816 1.067081 -2.739115 -10.020608 -34.700950 -10.368202 -47.889496 -0.000014 -108.207866 -0.000005 37.441089 -6.602375 89.999996 2.466099 -1.576216 2.681698 11.899855 3.218594 24.998113 3.939046 7.948721 0.746789 2.647887 -1.528757 1.528759 -0.579473 1.575007 2.538712 1.998925 -1.154073 1.154076 -0.000001 0.000001 -0.000000 9.109299 -0.518025 2.259896 0.090492 -1.114825 9.279451 -0.000001 0.000001 -0.000019 0.000000 0.000004 0.000000 0.000001 0.000003 0.000003 9.533404 -0.000007 -0.000004 0.090800 -1.116721 9.295428 0.000003 0.001924 -0.015980 0.000002 0.000002 -0.000005 0.000001 -0.000002 0.000002 9.104495 -0.043011 -1.865105 0.090493 -1.114824 9.279451 -0.000000 0.000002 -0.000236 0.000004 0.000001 -0.000009 0.000000 0.000001 -0.000000 8.077819 -0.486908 -3.806308 -0.581383 2.883447 9.800269 -0.018090 -4.054257 -0.511069 0.000000 0.000003 0.000000 0.000002 0.000003 -0.000002 -8.207801 -6.751705 -1.599546 -9.220070 -14.615872 -7.839630 49.323668 -9.858576 -1.449517 -24.197554 -3.282829 10.955808 -0.000004 -0.000003 -0.000003 -0.000000 0.000002 0.000000 8.207797 -6.751699 -1.599549 -13.890390 2.224983 10.373825 51.557738 -8.484662 9.978267 -24.730547 -0.050918 -9.786706 -0.311758 -0.000001 -0.000001 -0.000000 -0.000000 0.000000 
0.972978 93.806007 -2.524117 -14.054596 10.511718 -1.487355 -0.000001 10.181548 0.131520 1.832000 0.025221 -0.796162 3.647368 -1.018772 3.146255 3.635998 -1.059585 3.147327 -0.000000 16.740364 -2.049021 3.107868 -0.167624 -2.998674 -0.000005 9.617862 1.684978 -1.517780 0.123818 -15.395754 0.000005 22.037369 7.501073 -0.000000 0.000001 -0.000002 -4.569999 11.014870 -2.160841 0.914601 1.247197 -0.542153 -55.024072 16.078171 64.101086 0.000319 100.218888 -0.000268 55.399818 22.710826 -89.999962 -2.464791 -1.573991 2.681919 23.426675 8.329707 -18.518750 4.637199 -8.634151 -0.225379 -2.646266 -1.527798 1.527818 -1.273761 0.137316 -2.094874 -1.994601 -1.151556 1.151574 0.000003 -0.000003 0.000001 -9.108301 -0.517866 2.259805 0.224817 1.757237 -14.580599 -0.000008 -0.000000 0.000004 0.000010 0.000003 0.000004 -0.000001 -0.000001 0.000000 -9.532498 0.000013 0.000009 0.224817 1.757238 -14.580599 -0.000009 -0.000001 0.000005 0.000012 0.000003 0.000003 0.000000 0.000000 -0.000000 -9.103619 -0.043102 -1.865098 0.224817 1.757237 -14.580598 -0.000001 0.000005 0.000067 0.000002 0.000005 -0.000004 -0.000004 -0.000001 0.000002 -8.076698 -0.486714 -3.806288 0.224806 1.757230 -14.580599 -0.000002 0.000001 0.000010 0.000001 0.000006 -0.000003 -0.000001 -0.000000 -0.000001 4.570402 11.014665 -2.160816 1.067081 -2.739115 -10.020608 -34.700950 -10.368202 -47.889496 -0.000014 -108.207866 -0.000005 37.441089 -6.602375 89.999996 2.466099 -1.576216 2.681698 11.899855 3.218594 24.998113 3.939046 7.948721 0.746789 2.647887 -1.528757 1.528759 -0.579473 1.575007 2.538712 1.998925 -1.154073 1.154076 -0.000001 0.000001 -0.000000 9.109299 -0.518025 2.259896 0.090492 -1.114825 9.279451 -0.000001 0.000001 -0.000019 0.000000 0.000004 0.000000 0.000001 0.000003 0.000003 9.533404 -0.000007 -0.000004 0.090800 -1.116721 9.295428 0.000003 0.001924 -0.015980 0.000002 0.000002 -0.000005 0.000001 -0.000002 0.000002 9.104495 -0.043011 -1.865105 0.090493 -1.114824 9.279451 -0.000000 0.000002 -0.000236 0.000004 0.000001 -0.000009 0.000000 0.000001 -0.000000 8.077819 -0.486908 -3.806308 -0.581383 2.883447 9.800269 -0.018090 -4.054257 -0.511069 0.000000 0.000003 0.000000 0.000002 0.000003 -0.000002 -8.207801 -6.751705 -1.599546 -9.220070 -14.615872 -7.839630 49.323668 -9.858576 -1.449517 -24.197554 -3.282829 10.955808 -0.000004 -0.000003 -0.000003 -0.000000 0.000002 0.000000 8.207797 -6.751699 -1.599549 -13.890390 2.224983 10.373825 51.557738 -8.484662 9.978267 -24.730547 -0.050918 -9.786706 -0.311758 -0.000001 -0.000001 -0.000000 -0.000000 0.000000 
0.972978 93.806007 -2.524117 -14.054596 10.511718 -1.487355 -0.000001 10.181548 0.131520 1.832000 0.025221 -0.796162 3.647368 -1.018772 3.146255 3.635998 -1.059585 3.147327 -0.000000 16.740364 -2.049021 3.107868 -0.167624 -2.998674 -0.000005 9.617862 1.684978 -1.517780 0.123818 -15.395754 0.000005 22.037369 7.501073 -0.000000 0.000001 -0.000002 -4.569999 11.014870 -2.160841 0.914601 1.247197 -0.542153 -55.024072 16.078171 64.101086 0.000319 100.218888 -0.000268 55.399818 22.710826 -89.999962 -2.464791 -1.573991 2.681919 23.426675 8.329707 -18.518750 4.637199 -8.634151 -0.225379 -2.646266 -1.527798 1.527818 -1.273761 0.137316 -2.094874 -1.994601 -1.151556 1.151574 0.000003 -0.000003 0.000001 -9.108301 -0.517866 2.259805 0.224817 1.757237 -14.580599 -0.000008 -0.000000 0.000004 0.000010 0.000003 0.000004 -0.000001 -0.000001 0.000000 -9.532498 0.000013 0.000009 0.224817 1.757238 -14.580599 -0.000009 -0.000001 0.000005 0.000012 0.000003 0.000003 0.000000 0.000000 -0.000000 -9.103619 -0.043102 -1.865098 0.224817 1.757237 -14.580598 -0.000001 0.000005 0.000067 0.000002 0.000005 -0.000004 -0.000004 -0.000001 0.000002 -8.076698 -0.486714 -3.806288 0.224806 1.757230 -14.580599 -0.000002 0.000001 0.000010 0.000001 0.000006 -0.000003 -0.000001 -0.000000 -0.000001 4.570402 11.014665 -2.160816 1.067081 -2.739115 -10.020608 -34.700950 -10.368202 -47.889496 -0.000014 -108.207866 -0.000005 37.441089 -6.602375 89.999996 2.466099 -1.576216 2.681698 11.899855 3.218594 24.998113 3.939046 7.948721 0.746789 2.647887 -1.528757 1.528759 -0.579473 1.575007 2.538712 1.998925 -1.154073 1.154076 -0.000001 0.000001 -0.000000 9.109299 -0.518025 2.259896 0.090492 -1.114825 9.279451 -0.000001 0.000001 -0.000019 0.000000 0.000004 0.000000 0.000001 0.000003 0.000003 9.533404 -0.000007 -0.000004 0.090800 -1.116721 9.295428 0.000003 0.001924 -0.015980 0.000002 0.000002 -0.000005 0.000001 -0.000002 0.000002 9.104495 -0.043011 -1.865105 0.090493 -1.114824 9.279451 -0.000000 0.000002 -0.000236 0.000004 0.000001 -0.000009 0.000000 0.000001 -0.000000 8.077819 -0.486908 -3.806308 -0.581383 2.883447 9.800269 -0.018090 -4.054257 -0.511069 0.000000 0.000003 0.000000 0.000002 0.000003 -0.000002 -8.207801 -6.751705 -1.599546 -9.220070 -14.615872 -7.839630 49.323668 -9.858576 -1.449517 -24.197554 -3.282829 10.955808 -0.000004 -0.000003 -0.000003 -0.000000 0.000002 0.000000 8.207797 -6.751699 -1.599549 -13.890390 2.224983 10.373825 51.557738 -8.484662 9.978267 -24.730547 -0.050918 -9.786706 -0.311758 -0.000001 -0.000001 -0.000000 -0.000000 0.000000 
0.972978 93.806007 -2.524117 -14.054596 10.511718 -1.487355 -0.000001 10.181548 0.131520 1.832000 0.025221 -0.796162 3.647368 -1.018772 3.146255 3.635998 -1.059585 3.147327 -0.000000 16.740364 -2.049021 3.107868 -0.167624 -2.998674 -0.000005 9.617862 1.684978 -1.517780 0.123818 -15.395754 0.000005 22.037369 7.501073 -0.000000 0.000001 -0.000002 -4.569999 11.014870 -2.160841 0.914601 1.247197 -0.542153 -55.024072 16.078171 64.101086 0.000319 100.218888 -0.000268 55.399818 22.710826 -89.999962 -2.464791 -1.573991 2.681919 23.426675 8.329707 -18.518750 4.637199 -8.634151 -0.225379 -2.646266 -1.527798 1.527818 -1.273761 0.137316 -2.094874 -1.994601 -1.151556 1.151574 0.000003 -0.000003 0.000001 -9.108301 -0.517866 2.259805 0.224817 1.757237 -14.580599 -0.000008 -0.000000 0.000004 0.000010 0.000003 0.000004 -0.000001 -0.000001 0.000000 -9.532498 0.000013 0.000009 0.224817 1.757238 -14.580599 -0.000009 -0.000001 0.000005 0.000012 0.000003 0.000003 0.000000 0.000000 -0.000000 -9.103619 -0.043102 -1.865098 0.224817 1.757237 -14.580598 -0.000001 0.000005 0.000067 0.000002 0.000005 -0.000004 -0.000004 -0.000001 0.000002 -8.076698 -0.486714 -3.806288 0.224806 1.757230 -14.580599 -0.000002 0.000001 0.000010 0.000001 0.000006 -0.000003 -0.000001 -0.000000 -0.000001 4.570402 11.014665 -2.160816 1.067081 -2.739115 -10.020608 -34.700950 -10.368202 -47.889496 -0.000014 -108.207866 -0.000005 37.441089 -6.602375 89.999996 2.466099 -1.576216 2.681698 11.899855 3.218594 24.998113 3.939046 7.948721 0.746789 2.647887 -1.528757 1.528759 -0.579473 1.575007 2.538712 1.998925 -1.154073 1.154076 -0.000001 0.000001 -0.000000 9.109299 -0.518025 2.259896 0.090492 -1.114825 9.279451 -0.000001 0.000001 -0.000019 0.000000 0.000004 0.000000 0.000001 0.000003 0.000003 9.533404 -0.000007 -0.000004 0.090800 -1.116721 9.295428 0.000003 0.001924 -0.015980 0.000002 0.000002 -0.000005 0.000001 -0.000002 0.000002 9.104495 -0.043011 -1.865105 0.090493 -1.114824 9.279451 -0.000000 0.000002 -0.000236 0.000004 0.000001 -0.000009 0.000000 0.000001 -0.000000 8.077819 -0.486908 -3.806308 -0.581383 2.883447 9.800269 -0.018090 -4.054257 -0.511069 0.000000 0.000003 0.000000 0.000002 0.000003 -0.000002 -8.207801 -6.751705 -1.599546 -9.220070 -14.615872 -7.839630 49.323668 -9.858576 -1.449517 -24.197554 -3.282829 10.955808 -0.000004 -0.000003 -0.000003 -0.000000 0.000002 0.000000 8.207797 -6.751699 -1.599549 -13.890390 2.224983 10.373825 51.557738 -8.484662 9.978267 -24.730547 -0.050918 -9.786706 -0.311758 -0.000001 -0.000001 -0.000000 -0.000000 0.000000 
0.972978 93.806007 -2.524117 -14.054596 10.511718 -1.487355 -0.000001 10.181548 0.131520 1.832000 0.025221 -0.796162 3.647368 -1.018772 3.146255 3.635998 -1.059585 3.147327 -0.000000 16.740364 -2.049021 3.107868 -0.167624 -2.998674 -0.000005 9.617862 1.684978 -1.517780 0.123818 -15.395754 0.000005 22.037369 7.501073 -0.000000 0.000001 -0.000002 -4.569999 11.014870 -2.160841 0.914601 1.247197 -0.542153 -55.024072 16.078171 64.101086 0.000319 100.218888 -0.000268 55.399818 22.710826 -89.999962 -2.464791 -1.573991 2.681919 23.426675 8.329707 -18.518750 4.637199 -8.634151 -0.225379 -2.646266 -1.527798 1.527818 -1.273761 0.137316 -2.094874 -1.994601 -1.151556 1.151574 0.000003 -0.000003 0.000001 -9.108301 -0.517866 2.259805 0.224817 1.757237 -14.580599 -0.000008 -0.000000 0.000004 0.000010 0.000003 0.000004 -0.000001 -0.000001 0.000000 -9.532498 0.000013 0.000009 0.224817 1.757238 -14.580599 -0.000009 -0.000001 0.000005 0.000012 0.000003 0.000003 0.000000 0.000000 -0.000000 -9.103619 -0.043102 -1.865098 0.224817 1.757237 -14.580598 -0.000001 0.000005 0.000067 0.000002 0.000005 -0.000004 -0.000004 -0.000001 0.000002 -8.076698 -0.486714 -3.806288 0.224806 1.757230 -14.580599 -0.000002 0.000001 0.000010 0.000001 0.000006 -0.000003 -0.000001 -0.000000 -0.000001 4.570402 11.014665 -2.160816 1.067081 -2.739115 -10.020608 -34.700950 -10.368202 -47.889496 -0.000014 -108.207866 -0.000005 37.441089 -6.602375 89.999996 2.466099 -1.576216 2.681698 11.899855 3.218594 24.998113 3.939046 7.948721 0.746789 2.647887 -1.528757 1.528759 -0.579473 1.575007 2.538712 1.998925 -1.154073 1.154076 -0.000001 0.000001 -0.000000 9.109299 -0.518025 2.259896 0.090492 -1.114825 9.279451 -0.000001 0.000001 -0.000019 0.000000 0.000004 0.000000 0.000001 0.000003 0.000003 9.533404 -0.000007 -0.000004 0.090800 -1.116721 9.295428 0.000003 0.001924 -0.015980 0.000002 0.000002 -0.000005 0.000001 -0.000002 0.000002 9.104495 -0.043011 -1.865105 0.090493 -1.114824 9.279451 -0.000000 0.000002 -0.000236 0.000004 0.000001 -0.000009 0.000000 0.000001 -0.000000 8.077819 -0.486908 -3.806308 -0.581383 2.883447 9.800269 -0.018090 -4.054257 -0.511069 0.000000 0.000003 0.000000 0.000002 0.000003 -0.000002 -8.207801 -6.751705 -1.599546 -9.220070 -14.615872 -7.839630 49.323668 -9.858576 -1.449517 -24.197554 -3.282829 10.955808 -0.000004 -0.000003 -0.000003 -0.000000 0.000002 0.000000 8.207797 -6.751699 -1.599549 -13.890390 2.224983 10.373825 51.557738 -8.484662 9.978267 -24.730547 -0.050918 -9.786706 -0.311758 -0.000001 -0.000001 -0.000000 -0.000000 0.000000 
0.972978 93.806007 -2.524117 -14.054596 10.511718 -1.487355 -0.000001 10.181548 0.131520 1.832000 0.025221 -0.796162 3.647368 -1.018772 3.146255 3.635998 -1.059585 3.147327 -0.000000 16.740364 -2.049021 3.107868 -0.167624 -2.998674 -0.000005 9.617862 1.684978 -1.517780 0.123818 -15.395754 0.000005 22.037369 7.501073 -0.000000 0.000001 -0.000002 -4.569999 11.014870 -2.160841 0.914601 1.247197 -0.542153 -55.024072 16.078171 64.101086 0.000319 100.218888 -0.000268 55.399818 22.710826 -89.999962 -2.464791 -1.573991 2.681919 23.426675 8.329707 -18.518750 4.637199 -8.634151 -0.225379 -2.646266 -1.527798 1.527818 -1.273761 0.137316 -2.094874 -1.994601 -1.151556 1.151574 0.000003 -0.000003 0.000001 -9.108301 -0.517866 2.259805 0.224817 1.757237 -14.580599 -0.000008 -0.000000 0.000004 0.000010 0.000003 0.000004 -0.000001 -0.000001 0.000000 -9.532498 0.000013 0.000009 0.224817 1.757238 -14.580599 -0.000009 -0.000001 0.000005 0.000012 0.000003 0.000003 0.000000 0.000000 -0.000000 -9.103619 -0.043102 -1.865098 0.224817 1.757237 -14.580598 -0.000001 0.000005 0.000067 0.000002 0.000005 -0.000004 -0.000004 -0.000001 0.000002 -8.076698 -0.486714 -3.806288 0.224806 1.757230 -14.580599 -0.000002 0.000001 0.000010 0.000001 0.000006 -0.000003 -0.000001 -0.000000 -0.000001 4.570402 11.014665 -2.160816 1.067081 -2.739115 -10.020608 -34.700950 -10.368202 -47.889496 -0.000014 -108.207866 -0.000005 37.441089 -6.602375 89.999996 2.466099 -1.576216 2.681698 11.899855 3.218594 24.998113 3.939046 7.948721 0.746789 2.647887 -1.528757 1.528759 -0.579473 1.575007 2.538712 1.998925 -1.154073 1.154076 -0.000001 0.000001 -0.000000 9.109299 -0.518025 2.259896 0.090492 -1.114825 9.279451 -0.000001 0.000001 -0.000019 0.000000 0.000004 0.000000 0.000001 0.000003 0.000003 9.533404 -0.000007 -0.000004 0.090800 -1.116721 9.295428 0.000003 0.001924 -0.015980 0.000002 0.000002 -0.000005 0.000001 -0.000002 0.000002 9.104495 -0.043011 -1.865105 0.090493 -1.114824 9.279451 -0.000000 0.000002 -0.000236 0.000004 0.000001 -0.000009 0.000000 0.000001 -0.000000 8.077819 -0.486908 -3.806308 -0.581383 2.883447 9.800269 -0.018090 -4.054257 -0.511069 0.000000 0.000003 0.000000 0.000002 0.000003 -0.000002 -8.207801 -6.751705 -1.599546 -9.220070 -14.615872 -7.839630 49.323668 -9.858576 -1.449517 -24.197554 -3.282829 10.955808 -0.000004 -0.000003 -0.000003 -0.000000 0.000002 0.000000 8.207797 -6.751699 -1.599549 -13.890390 2.224983 10.373825 51.557738 -8.484662 9.978267 -24.730547 -0.050918 -9.786706 -0.311758 -0.000001 -0.000001 -0.000000 -0.000000 0.000000 
0.972978 93.806007 -2.524117 -14.054596 10.511718 -1.487355 -0.000001 10.181548 0.131520 1.832000 0.025221 -0.796162 3.647368 -1.018772 3.146255 3.635998 -1.059585 3.147327 -0.000000 16.740364 -2.049021 3.107868 -0.167624 -2.998674 -0.000005 9.617862 1.684978 -1.517780 0.123818 -15.395754 0.000005 22.037369 7.501073 -0.000000 0.000001 -0.000002 -4.569999 11.014870 -2.160841 0.914601 1.247197 -0.542153 -55.024072 16.078171 64.101086 0.000319 100.218888 -0.000268 55.399818 22.710826 -89.999962 -2.464791 -1.573991 2.681919 23.426675 8.329707 -18.518750 4.637199 -8.634151 -0.225379 -2.646266 -1.527798 1.527818 -1.273761 0.137316 -2.094874 -1.994601 -1.151556 1.151574 0.000003 -0.000003 0.000001 -9.108301 -0.517866 2.259805 0.224817 1.757237 -14.580599 -0.000008 -0.000000 0.000004 0.000010 0.000003 0.000004 -0.000001 -0.000001 0.000000 -9.532498 0.000013 0.000009 0.224817 1.757238 -14.580599 -0.000009 -0.000001 0.000005 0.000012 0.000003 0.000003 0.000000 0.000000 -0.000000 -9.103619 -0.043102 -1.865098 0.224817 1.757237 -14.580598 -0.000001 0.000005 0.000067 0.000002 0.000005 -0.000004 -0.000004 -0.000001 0.000002 -8.076698 -0.486714 -3.806288 0.224806 1.757230 -14.580599 -0.000002 0.000001 0.000010 0.000001 0.000006 -0.000003 -0.000001 -0.000000 -0.000001 4.570402 11.014665 -2.160816 1.067081 -2.739115 -10.020608 -34.700950 -10.368202 -47.889496 -0.000014 -108.207866 -0.000005 37.441089 -6.602375 89.999996 2.466099 -1.576216 2.681698 11.899855 3.218594 24.998113 3.939046 7.948721 0.746789 2.647887 -1.528757 1.528759 -0.579473 1.575007 2.538712 1.998925 -1.154073 1.154076 -0.000001 0.000001 -0.000000 9.109299 -0.518025 2.259896 0.090492 -1.114825 9.279451 -0.000001 0.000001 -0.000019 0.000000 0.000004 0.000000 0.000001 0.000003 0.000003 9.533404 -0.000007 -0.000004 0.090800 -1.116721 9.295428 0.000003 0.001924 -0.015980 0.000002 0.000002 -0.000005 0.000001 -0.000002 0.000002 9.104495 -0.043011 -1.865105 0.090493 -1.114824 9.279451 -0.000000 0.000002 -0.000236 0.000004 0.000001 -0.000009 0.000000 0.000001 -0.000000 8.077819 -0.486908 -3.806308 -0.581383 2.883447 9.800269 -0.018090 -4.054257 -0.511069 0.000000 0.000003 0.000000 0.000002 0.000003 -0.000002 -8.207801 -6.751705 -1.599546 -9.220070 -14.615872 -7.839630 49.323668 -9.858576 -1.449517 -24.197554 -3.282829 10.955808 -0.000004 -0.000003 -0.000003 -0.000000 0.000002 0.000000 8.207797 -6.751699 -1.599549 -13.890390 2.224983 10.373825 51.557738 -8.484662 9.978267 -24.730547 -0.050918 -9.786706 -0.311758 -0.000001 -0.000001 -0.000000 -0.000000 0.000000 
0.972978 93.806007 -2.524117 -14.054596 10.511718 -1.487355 -0.000001 10.181548 0.131520 1.832000 0.025221 -0.796162 3.647368 -1.018772 3.146255 3.635998 -1.059585 3.147327 -0.000000 16.740364 -2.049021 3.107868 -0.167624 -2.998674 -0.000005 9.617862 1.684978 -1.517780 0.123818 -15.395754 0.000005 22.037369 7.501073 -0.000000 0.000001 -0.000002 -4.569999 11.014870 -2.160841 0.914601 1.247197 -0.542153 -55.024072 16.078171 64.101086 0.000319 100.218888 -0.000268 55.399818 22.710826 -89.999962 -2.464791 -1.573991 2.681919 23.426675 8.329707 -18.518750 4.637199 -8.634151 -0.225379 -2.646266 -1.527798 1.527818 -1.273761 0.137316 -2.094874 -1.994601 -1.151556 1.151574 0.000003 -0.000003 0.000001 -9.108301 -0.517866 2.259805 0.224817 1.757237 -14.580599 -0.000008 -0.000000 0.000004 0.000010 0.000003 0.000004 -0.000001 -0.000001 0.000000 -9.532498 0.000013 0.000009 0.224817 1.757238 -14.580599 -0.000009 -0.000001 0.000005 0.000012 0.000003 0.000003 0.000000 0.000000 -0.000000 -9.103619 -0.043102 -1.865098 0.224817 1.757237 -14.580598 -0.000001 0.000005 0.000067 0.000002 0.000005 -0.000004 -0.000004 -0.000001 0.000002 -8.076698 -0.486714 -3.806288 0.224806 1.757230 -14.580599 -0.000002 0.000001 0.000010 0.000001 0.000006 -0.000003 -0.000001 -0.000000 -0.000001 4.570402 11.014665 -2.160816 1.067081 -2.739115 -10.020608 -34.700950 -10.368202 -47.889496 -0.000014 -108.207866 -0.000005 37.441089 -6.602375 89.999996 2.466099 -1.576216 2.681698 11.899855 3.218594 24.998113 3.939046 7.948721 0.746789 2.647887 -1.528757 1.528759 -0.579473 1.575007 2.538712 1.998925 -1.154073 1.154076 -0.000001 0.000001 -0.000000 9.109299 -0.518025 2.259896 0.090492 -1.114825 9.279451 -0.000001 0.000001 -0.000019 0.000000 0.000004 0.000000 0.000001 0.000003 0.000003 9.533404 -0.000007 -0.000004 0.090800 -1.116721 9.295428 0.000003 0.001924 -0.015980 0.000002 0.000002 -0.000005 0.000001 -0.000002 0.000002 9.104495 -0.043011 -1.865105 0.090493 -1.114824 9.279451 -0.000000 0.000002 -0.000236 0.000004 0.000001 -0.000009 0.000000 0.000001 -0.000000 8.077819 -0.486908 -3.806308 -0.581383 2.883447 9.800269 -0.018090 -4.054257 -0.511069 0.000000 0.000003 0.000000 0.000002 0.000003 -0.000002 -8.207801 -6.751705 -1.599546 -9.220070 -14.615872 -7.839630 49.323668 -9.858576 -1.449517 -24.197554 -3.282829 10.955808 -0.000004 -0.000003 -0.000003 -0.000000 0.000002 0.000000 8.207797 -6.751699 -1.599549 -13.890390 2.224983 10.373825 51.557738 -8.484662 9.978267 -24.730547 -0.050918 -9.786706 -0.311758 -0.000001 -0.000001 -0.000000 -0.000000 0.000000 
0.972978 93.806007 -2.524117 -14.054596 10.511718 -1.487355 -0.000001 10.181548 0.131520 1.832000 0.025221 -0.796162 3.647368 -1.018772 3.146255 3.635998 -1.059585 3.147327 -0.000000 16.740364 -2.049021 3.107868 -0.167624 -2.998674 -0.000005 9.617862 1.684978 -1.517780 0.123818 -15.395754 0.000005 22.037369 7.501073 -0.000000 0.000001 -0.000002 -4.569999 11.014870 -2.160841 0.914601 1.247197 -0.542153 -55.024072 16.078171 64.101086 0.000319 100.218888 -0.000268 55.399818 22.710826 -89.999962 -2.464791 -1.573991 2.681919 23.426675 8.329707 -18.518750 4.637199 -8.634151 -0.225379 -2.646266 -1.527798 1.527818 -1.273761 0.137316 -2.094874 -1.994601 -1.151556 1.151574 0.000003 -0.000003 0.000001 -9.108301 -0.517866 2.259805 0.224817 1.757237 -14.580599 -0.000008 -0.000000 0.000004 0.000010 0.000003 0.000004 -0.000001 -0.000001 0.000000 -9.532498 0.000013 0.000009 0.224817 1.757238 -14.580599 -0.000009 -0.000001 0.000005 0.000012 0.000003 0.000003 0.000000 0.000000 -0.000000 -9.103619 -0.043102 -1.865098 0.224817 1.757237 -14.580598 -0.000001 0.000005 0.000067 0.000002 0.000005 -0.000004 -0.000004 -0.000001 0.000002 -8.076698 -0.486714 -3.806288 0.224806 1.757230 -14.580599 -0.000002 0.000001 0.000010 0.000001 0.000006 -0.000003 -0.000001 -0.000000 -0.000001 4.570402 11.014665 -2.160816 1.067081 -2.739115 -10.020608 -34.700950 -10.368202 -47.889496 -0.000014 -108.207866 -0.000005 37.441089 -6.602375 89.999996 2.466099 -1.576216 2.681698 11.899855 3.218594 24.998113 3.939046 7.948721 0.746789 2.647887 -1.528757 1.528759 -0.579473 1.575007 2.538712 1.998925 -1.154073 1.154076 -0.000001 0.000001 -0.000000 9.109299 -0.518025 2.259896 0.090492 -1.114825 9.279451 -0.000001 0.000001 -0.000019 0.000000 0.000004 0.000000 0.000001 0.000003 0.000003 9.533404 -0.000007 -0.000004 0.090800 -1.116721 9.295428 0.000003 0.001924 -0.015980 0.000002 0.000002 -0.000005 0.000001 -0.000002 0.000002 9.104495 -0.043011 -1.865105 0.090493 -1.114824 9.279451 -0.000000 0.000002 -0.000236 0.000004 0.000001 -0.000009 0.000000 0.000001 -0.000000 8.077819 -0.486908 -3.806308 -0.581383 2.883447 9.800269 -0.018090 -4.054257 -0.511069 0.000000 0.000003 0.000000 0.000002 0.000003 -0.000002 -8.207801 -6.751705 -1.599546 -9.220070 -14.615872 -7.839630 49.323668 -9.858576 -1.449517 -24.197554 -3.282829 10.955808 -0.000004 -0.000003 -0.000003 -0.000000 0.000002 0.000000 8.207797 -6.751699 -1.599549 -13.890390 2.224983 10.373825 51.557738 -8.484662 9.978267 -24.730547 -0.050918 -9.786706 -0.311758 -0.000001 -0.000001 -0.000000 -0.000000 0.000000 
0.972978 93.806007 -2.524117 -14.054596 10.511718 -1.487355 -0.000001 10.181548 0.131520 1.832000 0.025221 -0.796162 3.647368 -1.018772 3.146255 3.635998 -1.059585 3.147327 -0.000000 16.740364 -2.049021 3.107868 -0.167624 -2.998674 -0.000005 9.617862 1.684978 -1.517780 0.123818 -15.395754 0.000005 22.037369 7.501073 -0.000000 0.000001 -0.000002 -4.569999 11.014870 -2.160841 0.914601 1.247197 -0.542153 -55.024072 16.078171 64.101086 0.000319 100.218888 -0.000268 55.399818 22.710826 -89.999962 -2.464791 -1.573991 2.681919 23.426675 8.329707 -18.518750 4.637199 -8.634151 -0.225379 -2.646266 -1.527798 1.527818 -1.273761 0.137316 -2.094874 -1.994601 -1.151556 1.151574 0.000003 -0.000003 0.000001 -9.108301 -0.517866 2.259805 0.224817 1.757237 -14.580599 -0.000008 -0.000000 0.000004 0.000010 0.000003 0.000004 -0.000001 -0.000001 0.000000 -9.532498 0.000013 0.000009 0.224817 1.757238 -14.580599 -0.000009 -0.000001 0.000005 0.000012 0.000003 0.000003 0.000000 0.000000 -0.000000 -9.103619 -0.043102 -1.865098 0.224817 1.757237 -14.580598 -0.000001 0.000005 0.000067 0.000002 0.000005 -0.000004 -0.000004 -0.000001 0.000002 -8.076698 -0.486714 -3.806288 0.224806 1.757230 -14.580599 -0.000002 0.000001 0.000010 0.000001 0.000006 -0.000003 -0.000001 -0.000000 -0.000001 4.570402 11.014665 -2.160816 1.067081 -2.739115 -10.020608 -34.700950 -10.368202 -47.889496 -0.000014 -108.207866 -0.000005 37.441089 -6.602375 89.999996 2.466099 -1.576216 2.681698 11.899855 3.218594 24.998113 3.939046 7.948721 0.746789 2.647887 -1.528757 1.528759 -0.579473 1.575007 2.538712 1.998925 -1.154073 1.154076 -0.000001 0.000001 -0.000000 9.109299 -0.518025 2.259896 0.090492 -1.114825 9.279451 -0.000001 0.000001 -0.000019 0.000000 0.000004 0.000000 0.000001 0.000003 0.000003 9.533404 -0.000007 -0.000004 0.090800 -1.116721 9.295428 0.000003 0.001924 -0.015980 0.000002 0.000002 -0.000005 0.000001 -0.000002 0.000002 9.104495 -0.043011 -1.865105 0.090493 -1.114824 9.279451 -0.000000 0.000002 -0.000236 0.000004 0.000001 -0.000009 0.000000 0.000001 -0.000000 8.077819 -0.486908 -3.806308 -0.581383 2.883447 9.800269 -0.018090 -4.054257 -0.511069 0.000000 0.000003 0.000000 0.000002 0.000003 -0.000002 -8.207801 -6.751705 -1.599546 -9.220070 -14.615872 -7.839630 49.323668 -9.858576 -1.449517 -24.197554 -3.282829 10.955808 -0.000004 -0.000003 -0.000003 -0.000000 0.000002 0.000000 8.207797 -6.751699 -1.599549 -13.890390 2.224983 10.373825 51.557738 -8.484662 9.978267 -24.730547 -0.050918 -9.786706 -0.311758 -0.000001 -0.000001 -0.000000 -0.000000 0.000000 
0.972978 93.806007 -2.524117 -14.054596 10.511718 -1.487355 -0.000001 10.181548 0.131520 1.832000 0.025221 -0.796162 3.647368 -1.018772 3.146255 3.635998 -1.059585 3.147327 -0.000000 16.740364 -2.049021 3.107868 -0.167624 -2.998674 -0.000005 9.617862 1.684978 -1.517780 0.123818 -15.395754 0.000005 22.037369 7.501073 -0.000000 0.000001 -0.000002 -4.569999 11.014870 -2.160841 0.914601 1.247197 -0.542153 -55.024072 16.078171 64.101086 0.000319 100.218888 -0.000268 55.399818 22.710826 -89.999962 -2.464791 -1.573991 2.681919 23.426675 8.329707 -18.518750 4.637199 -8.634151 -0.225379 -2.646266 -1.527798 1.527818 -1.273761 0.137316 -2.094874 -1.994601 -1.151556 1.151574 0.000003 -0.000003 0.000001 -9.108301 -0.517866 2.259805 0.224817 1.757237 -14.580599 -0.000008 -0.000000 0.000004 0.000010 0.000003 0.000004 -0.000001 -0.000001 0.000000 -9.532498 0.000013 0.000009 0.224817 1.757238 -14.580599 -0.000009 -0.000001 0.000005 0.000012 0.000003 0.000003 0.000000 0.000000 -0.000000 -9.103619 -0.043102 -1.865098 0.224817 1.757237 -14.580598 -0.000001 0.000005 0.000067 0.000002 0.000005 -0.000004 -0.000004 -0.000001 0.000002 -8.076698 -0.486714 -3.806288 0.224806 1.757230 -14.580599 -0.000002 0.000001 0.000010 0.000001 0.000006 -0.000003 -0.000001 -0.000000 -0.000001 4.570402 11.014665 -2.160816 1.067081 -2.739115 -10.020608 -34.700950 -10.368202 -47.889496 -0.000014 -108.207866 -0.000005 37.441089 -6.602375 89.999996 2.466099 -1.576216 2.681698 11.899855 3.218594 24.998113 3.939046 7.948721 0.746789 2.647887 -1.528757 1.528759 -0.579473 1.575007 2.538712 1.998925 -1.154073 1.154076 -0.000001 0.000001 -0.000000 9.109299 -0.518025 2.259896 0.090492 -1.114825 9.279451 -0.000001 0.000001 -0.000019 0.000000 0.000004 0.000000 0.000001 0.000003 0.000003 9.533404 -0.000007 -0.000004 0.090800 -1.116721 9.295428 0.000003 0.001924 -0.015980 0.000002 0.000002 -0.000005 0.000001 -0.000002 0.000002 9.104495 -0.043011 -1.865105 0.090493 -1.114824 9.279451 -0.000000 0.000002 -0.000236 0.000004 0.000001 -0.000009 0.000000 0.000001 -0.000000 8.077819 -0.486908 -3.806308 -0.581383 2.883447 9.800269 -0.018090 -4.054257 -0.511069 0.000000 0.000003 0.000000 0.000002 0.000003 -0.000002 -8.207801 -6.751705 -1.599546 -9.220070 -14.615872 -7.839630 49.323668 -9.858576 -1.449517 -24.197554 -3.282829 10.955808 -0.000004 -0.000003 -0.000003 -0.000000 0.000002 0.000000 8.207797 -6.751699 -1.599549 -13.890390 2.224983 10.373825 51.557738 -8.484662 9.978267 -24.730547 -0.050918 -9.786706 -0.311758 -0.000001 -0.000001 -0.000000 -0.000000 0.000000 
0.972978 93.806007 -2.524117 -14.054596 10.511718 -1.487355 -0.000001 10.181548 0.131520 1.832000 0.025221 -0.796162 3.647368 -1.018772 3.146255 3.635998 -1.059585 3.147327 -0.000000 16.740364 -2.049021 3.107868 -0.167624 -2.998674 -0.000005 9.617862 1.684978 -1.517780 0.123818 -15.395754 0.000005 22.037369 7.501073 -0.000000 0.000001 -0.000002 -4.569999 11.014870 -2.160841 0.914601 1.247197 -0.542153 -55.024072 16.078171 64.101086 0.000319 100.218888 -0.000268 55.399818 22.710826 -89.999962 -2.464791 -1.573991 2.681919 23.426675 8.329707 -18.518750 4.637199 -8.634151 -0.225379 -2.646266 -1.527798 1.527818 -1.273761 0.137316 -2.094874 -1.994601 -1.151556 1.151574 0.000003 -0.000003 0.000001 -9.108301 -0.517866 2.259805 0.224817 1.757237 -14.580599 -0.000008 -0.000000 0.000004 0.000010 0.000003 0.000004 -0.000001 -0.000001 0.000000 -9.532498 0.000013 0.000009 0.224817 1.757238 -14.580599 -0.000009 -0.000001 0.000005 0.000012 0.000003 0.000003 0.000000 0.000000 -0.000000 -9.103619 -0.043102 -1.865098 0.224817 1.757237 -14.580598 -0.000001 0.000005 0.000067 0.000002 0.000005 -0.000004 -0.000004 -0.000001 0.000002 -8.076698 -0.486714 -3.806288 0.224806 1.757230 -14.580599 -0.000002 0.000001 0.000010 0.000001 0.000006 -0.000003 -0.000001 -0.000000 -0.000001 4.570402 11.014665 -2.160816 1.067081 -2.739115 -10.020608 -34.700950 -10.368202 -47.889496 -0.000014 -108.207866 -0.000005 37.441089 -6.602375 89.999996 2.466099 -1.576216 2.681698 11.899855 3.218594 24.998113 3.939046 7.948721 0.746789 2.647887 -1.528757 1.528759 -0.579473 1.575007 2.538712 1.998925 -1.154073 1.154076 -0.000001 0.000001 -0.000000 9.109299 -0.518025 2.259896 0.090492 -1.114825 9.279451 -0.000001 0.000001 -0.000019 0.000000 0.000004 0.000000 0.000001 0.000003 0.000003 9.533404 -0.000007 -0.000004 0.090800 -1.116721 9.295428 0.000003 0.001924 -0.015980 0.000002 0.000002 -0.000005 0.000001 -0.000002 0.000002 9.104495 -0.043011 -1.865105 0.090493 -1.114824 9.279451 -0.000000 0.000002 -0.000236 0.000004 0.000001 -0.000009 0.000000 0.000001 -0.000000 8.077819 -0.486908 -3.806308 -0.581383 2.883447 9.800269 -0.018090 -4.054257 -0.511069 0.000000 0.000003 0.000000 0.000002 0.000003 -0.000002 -8.207801 -6.751705 -1.599546 -9.220070 -14.615872 -7.839630 49.323668 -9.858576 -1.449517 -24.197554 -3.282829 10.955808 -0.000004 -0.000003 -0.000003 -0.000000 0.000002 0.000000 8.207797 -6.751699 -1.599549 -13.890390 2.224983 10.373825 51.557738 -8.484662 9.978267 -24.730547 -0.050918 -9.786706 -0.311758 -0.000001 -0.000001 -0.000000 -0.000000 0.000000 
0.972978 93.806007 -2.524117 -14.054596 10.511718 -1.487355 -0.000001 10.181548 0.131520 1.832000 0.025221 -0.796162 3.647368 -1.018772 3.146255 3.635998 -1.059585 3.147327 -0.000000 16.740364 -2.049021 3.107868 -0.167624 -2.998674 -0.000005 9.617862 1.684978 -1.517780 0.123818 -15.395754 0.000005 22.037369 7.501073 -0.000000 0.000001 -0.000002 -4.569999 11.014870 -2.160841 0.914601 1.247197 -0.542153 -55.024072 16.078171 64.101086 0.000319 100.218888 -0.000268 55.399818 22.710826 -89.999962 -2.464791 -1.573991 2.681919 23.426675 8.329707 -18.518750 4.637199 -8.634151 -0.225379 -2.646266 -1.527798 1.527818 -1.273761 0.137316 -2.094874 -1.994601 -1.151556 1.151574 0.000003 -0.000003 0.000001 -9.108301 -0.517866 2.259805 0.224817 1.757237 -14.580599 -0.000008 -0.000000 0.000004 0.000010 0.000003 0.000004 -0.000001 -0.000001 0.000000 -9.532498 0.000013 0.000009 0.224817 1.757238 -14.580599 -0.000009 -0.000001 0.000005 0.000012 0.000003 0.000003 0.000000 0.000000 -0.000000 -9.103619 -0.043102 -1.865098 0.224817 1.757237 -14.580598 -0.000001 0.000005 0.000067 0.000002 0.000005 -0.000004 -0.000004 -0.000001 0.000002 -8.076698 -0.486714 -3.806288 0.224806 1.757230 -14.580599 -0.000002 0.000001 0.000010 0.000001 0.000006 -0.000003 -0.000001 -0.000000 -0.000001 4.570402 11.014665 -2.160816 1.067081 -2.739115 -10.020608 -34.700950 -10.368202 -47.889496 -0.000014 -108.207866 -0.000005 37.441089 -6.602375 89.999996 2.466099 -1.576216 2.681698 11.899855 3.218594 24.998113 3.939046 7.948721 0.746789 2.647887 -1.528757 1.528759 -0.579473 1.575007 2.538712 1.998925 -1.154073 1.154076 -0.000001 0.000001 -0.000000 9.109299 -0.518025 2.259896 0.090492 -1.114825 9.279451 -0.000001 0.000001 -0.000019 0.000000 0.000004 0.000000 0.000001 0.000003 0.000003 9.533404 -0.000007 -0.000004 0.090800 -1.116721 9.295428 0.000003 0.001924 -0.015980 0.000002 0.000002 -0.000005 0.000001 -0.000002 0.000002 9.104495 -0.043011 -1.865105 0.090493 -1.114824 9.279451 -0.000000 0.000002 -0.000236 0.000004 0.000001 -0.000009 0.000000 0.000001 -0.000000 8.077819 -0.486908 -3.806308 -0.581383 2.883447 9.800269 -0.018090 -4.054257 -0.511069 0.000000 0.000003 0.000000 0.000002 0.000003 -0.000002 -8.207801 -6.751705 -1.599546 -9.220070 -14.615872 -7.839630 49.323668 -9.858576 -1.449517 -24.197554 -3.282829 10.955808 -0.000004 -0.000003 -0.000003 -0.000000 0.000002 0.000000 8.207797 -6.751699 -1.599549 -13.890390 2.224983 10.373825 51.557738 -8.484662 9.978267 -24.730547 -0.050918 -9.786706 -0.311758 -0.000001 -0.000001 -0.000000 -0.000000 0.000000 
0.972978 93.806007 -2.524117 -14.054596 10.511718 -1.487355 -0.000001 10.181548 0.131520 1.832000 0.025221 -0.796162 3.647368 -1.018772 3.146255 3.635998 -1.059585 3.147327 -0.000000 16.740364 -2.049021 3.107868 -0.167624 -2.998674 -0.000005 9.617862 1.684978 -1.517780 0.123818 -15.395754 0.000005 22.037369 7.501073 -0.000000 0.000001 -0.000002 -4.569999 11.014870 -2.160841 0.914601 1.247197 -0.542153 -55.024072 16.078171 64.101086 0.000319 100.218888 -0.000268 55.399818 22.710826 -89.999962 -2.464791 -1.573991 2.681919 23.426675 8.329707 -18.518750 4.637199 -8.634151 -0.225379 -2.646266 -1.527798 1.527818 -1.273761 0.137316 -2.094874 -1.994601 -1.151556 1.151574 0.000003 -0.000003 0.000001 -9.108301 -0.517866 2.259805 0.224817 1.757237 -14.580599 -0.000008 -0.000000 0.000004 0.000010 0.000003 0.000004 -0.000001 -0.000001 0.000000 -9.532498 0.000013 0.000009 0.224817 1.757238 -14.580599 -0.000009 -0.000001 0.000005 0.000012 0.000003 0.000003 0.000000 0.000000 -0.000000 -9.103619 -0.043102 -1.865098 0.224817 1.757237 -14.580598 -0.000001 0.000005 0.000067 0.000002 0.000005 -0.000004 -0.000004 -0.000001 0.000002 -8.076698 -0.486714 -3.806288 0.224806 1.757230 -14.580599 -0.000002 0.000001 0.000010 0.000001 0.000006 -0.000003 -0.000001 -0.000000 -0.000001 4.570402 11.014665 -2.160816 1.067081 -2.739115 -10.020608 -34.700950 -10.368202 -47.889496 -0.000014 -108.207866 -0.000005 37.441089 -6.602375 89.999996 2.466099 -1.576216 2.681698 11.899855 3.218594 24.998113 3.939046 7.948721 0.746789 2.647887 -1.528757 1.528759 -0.579473 1.575007 2.538712 1.998925 -1.154073 1.154076 -0.000001 0.000001 -0.000000 9.109299 -0.518025 2.259896 0.090492 -1.114825 9.279451 -0.000001 0.000001 -0.000019 0.000000 0.000004 0.000000 0.000001 0.000003 0.000003 9.533404 -0.000007 -0.000004 0.090800 -1.116721 9.295428 0.000003 0.001924 -0.015980 0.000002 0.000002 -0.000005 0.000001 -0.000002 0.000002 9.104495 -0.043011 -1.865105 0.090493 -1.114824 9.279451 -0.000000 0.000002 -0.000236 0.000004 0.000001 -0.000009 0.000000 0.000001 -0.000000 8.077819 -0.486908 -3.806308 -0.581383 2.883447 9.800269 -0.018090 -4.054257 -0.511069 0.000000 0.000003 0.000000 0.000002 0.000003 -0.000002 -8.207801 -6.751705 -1.599546 -9.220070 -14.615872 -7.839630 49.323668 -9.858576 -1.449517 -24.197554 -3.282829 10.955808 -0.000004 -0.000003 -0.000003 -0.000000 0.000002 0.000000 8.207797 -6.751699 -1.599549 -13.890390 2.224983 10.373825 51.557738 -8.484662 9.978267 -24.730547 -0.050918 -9.786706 -0.311758 -0.000001 -0.000001 -0.000000 -0.000000 0.000000 
0.972978 93.806007 -2.524117 -14.054596 10.511718 -1.487355 -0.000001 10.181548 0.131520 1.832000 0.025221 -0.796162 3.647368 -1.018772 3.146255 3.635998 -1.059585 3.147327 -0.000000 16.740364 -2.049021 3.107868 -0.167624 -2.998674 -0.000005 9.617862 1.684978 -1.517780 0.123818 -15.395754 0.000005 22.037369 7.501073 -0.000000 0.000001 -0.000002 -4.569999 11.014870 -2.160841 0.914601 1.247197 -0.542153 -55.024072 16.078171 64.101086 0.000319 100.218888 -0.000268 55.399818 22.710826 -89.999962 -2.464791 -1.573991 2.681919 23.426675 8.329707 -18.518750 4.637199 -8.634151 -0.225379 -2.646266 -1.527798 1.527818 -1.273761 0.137316 -2.094874 -1.994601 -1.151556 1.151574 0.000003 -0.000003 0.000001 -9.108301 -0.517866 2.259805 0.224817 1.757237 -14.580599 -0.000008 -0.000000 0.000004 0.000010 0.000003 0.000004 -0.000001 -0.000001 0.000000 -9.532498 0.000013 0.000009 0.224817 1.757238 -14.580599 -0.000009 -0.000001 0.000005 0.000012 0.000003 0.000003 0.000000 0.000000 -0.000000 -9.103619 -0.043102 -1.865098 0.224817 1.757237 -14.580598 -0.000001 0.000005 0.000067 0.000002 0.000005 -0.000004 -0.000004 -0.000001 0.000002 -8.076698 -0.486714 -3.806288 0.224806 1.757230 -14.580599 -0.000002 0.000001 0.000010 0.000001 0.000006 -0.000003 -0.000001 -0.000000 -0.000001 4.570402 11.014665 -2.160816 1.067081 -2.739115 -10.020608 -34.700950 -10.368202 -47.889496 -0.000014 -108.207866 -0.000005 37.441089 -6.602375 89.999996 2.466099 -1.576216 2.681698 11.899855 3.218594 24.998113 3.939046 7.948721 0.746789 2.647887 -1.528757 1.528759 -0.579473 1.575007 2.538712 1.998925 -1.154073 1.154076 -0.000001 0.000001 -0.000000 9.109299 -0.518025 2.259896 0.090492 -1.114825 9.279451 -0.000001 0.000001 -0.000019 0.000000 0.000004 0.000000 0.000001 0.000003 0.000003 9.533404 -0.000007 -0.000004 0.090800 -1.116721 9.295428 0.000003 0.001924 -0.015980 0.000002 0.000002 -0.000005 0.000001 -0.000002 0.000002 9.104495 -0.043011 -1.865105 0.090493 -1.114824 9.279451 -0.000000 0.000002 -0.000236 0.000004 0.000001 -0.000009 0.000000 0.000001 -0.000000 8.077819 -0.486908 -3.806308 -0.581383 2.883447 9.800269 -0.018090 -4.054257 -0.511069 0.000000 0.000003 0.000000 0.000002 0.000003 -0.000002 -8.207801 -6.751705 -1.599546 -9.220070 -14.615872 -7.839630 49.323668 -9.858576 -1.449517 -24.197554 -3.282829 10.955808 -0.000004 -0.000003 -0.000003 -0.000000 0.000002 0.000000 8.207797 -6.751699 -1.599549 -13.890390 2.224983 10.373825 51.557738 -8.484662 9.978267 -24.730547 -0.050918 -9.786706 -0.311758 -0.000001 -0.000001 -0.000000 -0.000000 0.000000 
0.972978 93.806007 -2.524117 -14.054596 10.511718 -1.487355 -0.000001 10.181548 0.131520 1.832000 0.025221 -0.796162 3.647368 -1.018772 3.146255 3.635998 -1.059585 3.147327 -0.000000 16.740364 -2.049021 3.107868 -0.167624 -2.998674 -0.000005 9.617862 1.684978 -1.517780 0.123818 -15.395754 0.000005 22.037369 7.501073 -0.000000 0.000001 -0.000002 -4.569999 11.014870 -2.160841 0.914601 1.247197 -0.542153 -55.024072 16.078171 64.101086 0.000319 100.218888 -0.000268 55.399818 22.710826 -89.999962 -2.464791 -1.573991 2.681919 23.426675 8.329707 -18.518750 4.637199 -8.634151 -0.225379 -2.646266 -1.527798 1.527818 -1.273761 0.137316 -2.094874 -1.994601 -1.151556 1.151574 0.000003 -0.000003 0.000001 -9.108301 -0.517866 2.259805 0.224817 1.757237 -14.580599 -0.000008 -0.000000 0.000004 0.000010 0.000003 0.000004 -0.000001 -0.000001 0.000000 -9.532498 0.000013 0.000009 0.224817 1.757238 -14.580599 -0.000009 -0.000001 0.000005 0.000012 0.000003 0.000003 0.000000 0.000000 -0.000000 -9.103619 -0.043102 -1.865098 0.224817 1.757237 -14.580598 -0.000001 0.000005 0.000067 0.000002 0.000005 -0.000004 -0.000004 -0.000001 0.000002 -8.076698 -0.486714 -3.806288 0.224806 1.757230 -14.580599 -0.000002 0.000001 0.000010 0.000001 0.000006 -0.000003 -0.000001 -0.000000 -0.000001 4.570402 11.014665 -2.160816 1.067081 -2.739115 -10.020608 -34.700950 -10.368202 -47.889496 -0.000014 -108.207866 -0.000005 37.441089 -6.602375 89.999996 2.466099 -1.576216 2.681698 11.899855 3.218594 24.998113 3.939046 7.948721 0.746789 2.647887 -1.528757 1.528759 -0.579473 1.575007 2.538712 1.998925 -1.154073 1.154076 -0.000001 0.000001 -0.000000 9.109299 -0.518025 2.259896 0.090492 -1.114825 9.279451 -0.000001 0.000001 -0.000019 0.000000 0.000004 0.000000 0.000001 0.000003 0.000003 9.533404 -0.000007 -0.000004 0.090800 -1.116721 9.295428 0.000003 0.001924 -0.015980 0.000002 0.000002 -0.000005 0.000001 -0.000002 0.000002 9.104495 -0.043011 -1.865105 0.090493 -1.114824 9.279451 -0.000000 0.000002 -0.000236 0.000004 0.000001 -0.000009 0.000000 0.000001 -0.000000 8.077819 -0.486908 -3.806308 -0.581383 2.883447 9.800269 -0.018090 -4.054257 -0.511069 0.000000 0.000003 0.000000 0.000002 0.000003 -0.000002 -8.207801 -6.751705 -1.599546 -9.220070 -14.615872 -7.839630 49.323668 -9.858576 -1.449517 -24.197554 -3.282829 10.955808 -0.000004 -0.000003 -0.000003 -0.000000 0.000002 0.000000 8.207797 -6.751699 -1.599549 -13.890390 2.224983 10.373825 51.557738 -8.484662 9.978267 -24.730547 -0.050918 -9.786706 -0.311758 -0.000001 -0.000001 -0.000000 -0.000000 0.000000 
0.972978 93.806007 -2.524117 -14.054596 10.511718 -1.487355 -0.000001 10.181548 0.131520 1.832000 0.025221 -0.796162 3.647368 -1.018772 3.146255 3.635998 -1.059585 3.147327 -0.000000 16.740364 -2.049021 3.107868 -0.167624 -2.998674 -0.000005 9.617862 1.684978 -1.517780 0.123818 -15.395754 0.000005 22.037369 7.501073 -0.000000 0.000001 -0.000002 -4.569999 11.014870 -2.160841 0.914601 1.247197 -0.542153 -55.024072 16.078171 64.101086 0.000319 100.218888 -0.000268 55.399818 22.710826 -89.999962 -2.464791 -1.573991 2.681919 23.426675 8.329707 -18.518750 4.637199 -8.634151 -0.225379 -2.646266 -1.527798 1.527818 -1.273761 0.137316 -2.094874 -1.994601 -1.151556 1.151574 0.000003 -0.000003 0.000001 -9.108301 -0.517866 2.259805 0.224817 1.757237 -14.580599 -0.000008 -0.000000 0.000004 0.000010 0.000003 0.000004 -0.000001 -0.000001 0.000000 -9.532498 0.000013 0.000009 0.224817 1.757238 -14.580599 -0.000009 -0.000001 0.000005 0.000012 0.000003 0.000003 0.000000 0.000000 -0.000000 -9.103619 -0.043102 -1.865098 0.224817 1.757237 -14.580598 -0.000001 0.000005 0.000067 0.000002 0.000005 -0.000004 -0.000004 -0.000001 0.000002 -8.076698 -0.486714 -3.806288 0.224806 1.757230 -14.580599 -0.000002 0.000001 0.000010 0.000001 0.000006 -0.000003 -0.000001 -0.000000 -0.000001 4.570402 11.014665 -2.160816 1.067081 -2.739115 -10.020608 -34.700950 -10.368202 -47.889496 -0.000014 -108.207866 -0.000005 37.441089 -6.602375 89.999996 2.466099 -1.576216 2.681698 11.899855 3.218594 24.998113 3.939046 7.948721 0.746789 2.647887 -1.528757 1.528759 -0.579473 1.575007 2.538712 1.998925 -1.154073 1.154076 -0.000001 0.000001 -0.000000 9.109299 -0.518025 2.259896 0.090492 -1.114825 9.279451 -0.000001 0.000001 -0.000019 0.000000 0.000004 0.000000 0.000001 0.000003 0.000003 9.533404 -0.000007 -0.000004 0.090800 -1.116721 9.295428 0.000003 0.001924 -0.015980 0.000002 0.000002 -0.000005 0.000001 -0.000002 0.000002 9.104495 -0.043011 -1.865105 0.090493 -1.114824 9.279451 -0.000000 0.000002 -0.000236 0.000004 0.000001 -0.000009 0.000000 0.000001 -0.000000 8.077819 -0.486908 -3.806308 -0.581383 2.883447 9.800269 -0.018090 -4.054257 -0.511069 0.000000 0.000003 0.000000 0.000002 0.000003 -0.000002 -8.207801 -6.751705 -1.599546 -9.220070 -14.615872 -7.839630 49.323668 -9.858576 -1.449517 -24.197554 -3.282829 10.955808 -0.000004 -0.000003 -0.000003 -0.000000 0.000002 0.000000 8.207797 -6.751699 -1.599549 -13.890390 2.224983 10.373825 51.557738 -8.484662 9.978267 -24.730547 -0.050918 -9.786706 -0.311758 -0.000001 -0.000001 -0.000000 -0.000000 0.000000 
0.972978 93.806007 -2.524117 -14.054596 10.511718 -1.487355 -0.000001 10.181548 0.131520 1.832000 0.025221 -0.796162 3.647368 -1.018772 3.146255 3.635998 -1.059585 3.147327 -0.000000 16.740364 -2.049021 3.107868 -0.167624 -2.998674 -0.000005 9.617862 1.684978 -1.517780 0.123818 -15.395754 0.000005 22.037369 7.501073 -0.000000 0.000001 -0.000002 -4.569999 11.014870 -2.160841 0.914601 1.247197 -0.542153 -55.024072 16.078171 64.101086 0.000319 100.218888 -0.000268 55.399818 22.710826 -89.999962 -2.464791 -1.573991 2.681919 23.426675 8.329707 -18.518750 4.637199 -8.634151 -0.225379 -2.646266 -1.527798 1.527818 -1.273761 0.137316 -2.094874 -1.994601 -1.151556 1.151574 0.000003 -0.000003 0.000001 -9.108301 -0.517866 2.259805 0.224817 1.757237 -14.580599 -0.000008 -0.000000 0.000004 0.000010 0.000003 0.000004 -0.000001 -0.000001 0.000000 -9.532498 0.000013 0.000009 0.224817 1.757238 -14.580599 -0.000009 -0.000001 0.000005 0.000012 0.000003 0.000003 0.000000 0.000000 -0.000000 -9.103619 -0.043102 -1.865098 0.224817 1.757237 -14.580598 -0.000001 0.000005 0.000067 0.000002 0.000005 -0.000004 -0.000004 -0.000001 0.000002 -8.076698 -0.486714 -3.806288 0.224806 1.757230 -14.580599 -0.000002 0.000001 0.000010 0.000001 0.000006 -0.000003 -0.000001 -0.000000 -0.000001 4.570402 11.014665 -2.160816 1.067081 -2.739115 -10.020608 -34.700950 -10.368202 -47.889496 -0.000014 -108.207866 -0.000005 37.441089 -6.602375 89.999996 2.466099 -1.576216 2.681698 11.899855 3.218594 24.998113 3.939046 7.948721 0.746789 2.647887 -1.528757 1.528759 -0.579473 1.575007 2.538712 1.998925 -1.154073 1.154076 -0.000001 0.000001 -0.000000 9.109299 -0.518025 2.259896 0.090492 -1.114825 9.279451 -0.000001 0.000001 -0.000019 0.000000 0.000004 0.000000 0.000001 0.000003 0.000003 9.533404 -0.000007 -0.000004 0.090800 -1.116721 9.295428 0.000003 0.001924 -0.015980 0.000002 0.000002 -0.000005 0.000001 -0.000002 0.000002 9.104495 -0.043011 -1.865105 0.090493 -1.114824 9.279451 -0.000000 0.000002 -0.000236 0.000004 0.000001 -0.000009 0.000000 0.000001 -0.000000 8.077819 -0.486908 -3.806308 -0.581383 2.883447 9.800269 -0.018090 -4.054257 -0.511069 0.000000 0.000003 0.000000 0.000002 0.000003 -0.000002 -8.207801 -6.751705 -1.599546 -9.220070 -14.615872 -7.839630 49.323668 -9.858576 -1.449517 -24.197554 -3.282829 10.955808 -0.000004 -0.000003 -0.000003 -0.000000 0.000002 0.000000 8.207797 -6.751699 -1.599549 -13.890390 2.224983 10.373825 51.557738 -8.484662 9.978267 -24.730547 -0.050918 -9.786706 -0.311758 -0.000001 -0.000001 -0.000000 -0.000000 0.000000 
0.972978 93.806007 -2.524117 -14.054596 10.511718 -1.487355 -0.000001 10.181548 0.131520 1.832000 0.025221 -0.796162 3.647368 -1.018772 3.146255 3.635998 -1.059585 3.147327 -0.000000 16.740364 -2.049021 3.107868 -0.167624 -2.998674 -0.000005 9.617862 1.684978 -1.517780 0.123818 -15.395754 0.000005 22.037369 7.501073 -0.000000 0.000001 -0.000002 -4.569999 11.014870 -2.160841 0.914601 1.247197 -0.542153 -55.024072 16.078171 64.101086 0.000319 100.218888 -0.000268 55.399818 22.710826 -89.999962 -2.464791 -1.573991 2.681919 23.426675 8.329707 -18.518750 4.637199 -8.634151 -0.225379 -2.646266 -1.527798 1.527818 -1.273761 0.137316 -2.094874 -1.994601 -1.151556 1.151574 0.000003 -0.000003 0.000001 -9.108301 -0.517866 2.259805 0.224817 1.757237 -14.580599 -0.000008 -0.000000 0.000004 0.000010 0.000003 0.000004 -0.000001 -0.000001 0.000000 -9.532498 0.000013 0.000009 0.224817 1.757238 -14.580599 -0.000009 -0.000001 0.000005 0.000012 0.000003 0.000003 0.000000 0.000000 -0.000000 -9.103619 -0.043102 -1.865098 0.224817 1.757237 -14.580598 -0.000001 0.000005 0.000067 0.000002 0.000005 -0.000004 -0.000004 -0.000001 0.000002 -8.076698 -0.486714 -3.806288 0.224806 1.757230 -14.580599 -0.000002 0.000001 0.000010 0.000001 0.000006 -0.000003 -0.000001 -0.000000 -0.000001 4.570402 11.014665 -2.160816 1.067081 -2.739115 -10.020608 -34.700950 -10.368202 -47.889496 -0.000014 -108.207866 -0.000005 37.441089 -6.602375 89.999996 2.466099 -1.576216 2.681698 11.899855 3.218594 24.998113 3.939046 7.948721 0.746789 2.647887 -1.528757 1.528759 -0.579473 1.575007 2.538712 1.998925 -1.154073 1.154076 -0.000001 0.000001 -0.000000 9.109299 -0.518025 2.259896 0.090492 -1.114825 9.279451 -0.000001 0.000001 -0.000019 0.000000 0.000004 0.000000 0.000001 0.000003 0.000003 9.533404 -0.000007 -0.000004 0.090800 -1.116721 9.295428 0.000003 0.001924 -0.015980 0.000002 0.000002 -0.000005 0.000001 -0.000002 0.000002 9.104495 -0.043011 -1.865105 0.090493 -1.114824 9.279451 -0.000000 0.000002 -0.000236 0.000004 0.000001 -0.000009 0.000000 0.000001 -0.000000 8.077819 -0.486908 -3.806308 -0.581383 2.883447 9.800269 -0.018090 -4.054257 -0.511069 0.000000 0.000003 0.000000 0.000002 0.000003 -0.000002 -8.207801 -6.751705 -1.599546 -9.220070 -14.615872 -7.839630 49.323668 -9.858576 -1.449517 -24.197554 -3.282829 10.955808 -0.000004 -0.000003 -0.000003 -0.000000 0.000002 0.000000 8.207797 -6.751699 -1.599549 -13.890390 2.224983 10.373825 51.557738 -8.484662 9.978267 -24.730547 -0.050918 -9.786706 -0.311758 -0.000001 -0.000001 -0.000000 -0.000000 0.000000 
0.972978 93.806007 -2.524117 -14.054596 10.511718 -1.487355 -0.000001 10.181548 0.131520 1.832000 0.025221 -0.796162 3.647368 -1.018772 3.146255 3.635998 -1.059585 3.147327 -0.000000 16.740364 -2.049021 3.107868 -0.167624 -2.998674 -0.000005 9.617862 1.684978 -1.517780 0.123818 -15.395754 0.000005 22.037369 7.501073 -0.000000 0.000001 -0.000002 -4.569999 11.014870 -2.160841 0.914601 1.247197 -0.542153 -55.024072 16.078171 64.101086 0.000319 100.218888 -0.000268 55.399818 22.710826 -89.999962 -2.464791 -1.573991 2.681919 23.426675 8.329707 -18.518750 4.637199 -8.634151 -0.225379 -2.646266 -1.527798 1.527818 -1.273761 0.137316 -2.094874 -1.994601 -1.151556 1.151574 0.000003 -0.000003 0.000001 -9.108301 -0.517866 2.259805 0.224817 1.757237 -14.580599 -0.000008 -0.000000 0.000004 0.000010 0.000003 0.000004 -0.000001 -0.000001 0.000000 -9.532498 0.000013 0.000009 0.224817 1.757238 -14.580599 -0.000009 -0.000001 0.000005 0.000012 0.000003 0.000003 0.000000 0.000000 -0.000000 -9.103619 -0.043102 -1.865098 0.224817 1.757237 -14.580598 -0.000001 0.000005 0.000067 0.000002 0.000005 -0.000004 -0.000004 -0.000001 0.000002 -8.076698 -0.486714 -3.806288 0.224806 1.757230 -14.580599 -0.000002 0.000001 0.000010 0.000001 0.000006 -0.000003 -0.000001 -0.000000 -0.000001 4.570402 11.014665 -2.160816 1.067081 -2.739115 -10.020608 -34.700950 -10.368202 -47.889496 -0.000014 -108.207866 -0.000005 37.441089 -6.602375 89.999996 2.466099 -1.576216 2.681698 11.899855 3.218594 24.998113 3.939046 7.948721 0.746789 2.647887 -1.528757 1.528759 -0.579473 1.575007 2.538712 1.998925 -1.154073 1.154076 -0.000001 0.000001 -0.000000 9.109299 -0.518025 2.259896 0.090492 -1.114825 9.279451 -0.000001 0.000001 -0.000019 0.000000 0.000004 0.000000 0.000001 0.000003 0.000003 9.533404 -0.000007 -0.000004 0.090800 -1.116721 9.295428 0.000003 0.001924 -0.015980 0.000002 0.000002 -0.000005 0.000001 -0.000002 0.000002 9.104495 -0.043011 -1.865105 0.090493 -1.114824 9.279451 -0.000000 0.000002 -0.000236 0.000004 0.000001 -0.000009 0.000000 0.000001 -0.000000 8.077819 -0.486908 -3.806308 -0.581383 2.883447 9.800269 -0.018090 -4.054257 -0.511069 0.000000 0.000003 0.000000 0.000002 0.000003 -0.000002 -8.207801 -6.751705 -1.599546 -9.220070 -14.615872 -7.839630 49.323668 -9.858576 -1.449517 -24.197554 -3.282829 10.955808 -0.000004 -0.000003 -0.000003 -0.000000 0.000002 0.000000 8.207797 -6.751699 -1.599549 -13.890390 2.224983 10.373825 51.557738 -8.484662 9.978267 -24.730547 -0.050918 -9.786706 -0.311758 -0.000001 -0.000001 -0.000000 -0.000000 0.000000 
0.972978 93.806007 -2.524117 -14.054596 10.511718 -1.487355 -0.000001 10.181548 0.131520 1.832000 0.025221 -0.796162 3.647368 -1.018772 3.146255 3.635998 -1.059585 3.147327 -0.000000 16.740364 -2.049021 3.107868 -0.167624 -2.998674 -0.000005 9.617862 1.684978 -1.517780 0.123818 -15.395754 0.000005 22.037369 7.501073 -0.000000 0.000001 -0.000002 -4.569999 11.014870 -2.160841 0.914601 1.247197 -0.542153 -55.024072 16.078171 64.101086 0.000319 100.218888 -0.000268 55.399818 22.710826 -89.999962 -2.464791 -1.573991 2.681919 23.426675 8.329707 -18.518750 4.637199 -8.634151 -0.225379 -2.646266 -1.527798 1.527818 -1.273761 0.137316 -2.094874 -1.994601 -1.151556 1.151574 0.000003 -0.000003 0.000001 -9.108301 -0.517866 2.259805 0.224817 1.757237 -14.580599 -0.000008 -0.000000 0.000004 0.000010 0.000003 0.000004 -0.000001 -0.000001 0.000000 -9.532498 0.000013 0.000009 0.224817 1.757238 -14.580599 -0.000009 -0.000001 0.000005 0.000012 0.000003 0.000003 0.000000 0.000000 -0.000000 -9.103619 -0.043102 -1.865098 0.224817 1.757237 -14.580598 -0.000001 0.000005 0.000067 0.000002 0.000005 -0.000004 -0.000004 -0.000001 0.000002 -8.076698 -0.486714 -3.806288 0.224806 1.757230 -14.580599 -0.000002 0.000001 0.000010 0.000001 0.000006 -0.000003 -0.000001 -0.000000 -0.000001 4.570402 11.014665 -2.160816 1.067081 -2.739115 -10.020608 -34.700950 -10.368202 -47.889496 -0.000014 -108.207866 -0.000005 37.441089 -6.602375 89.999996 2.466099 -1.576216 2.681698 11.899855 3.218594 24.998113 3.939046 7.948721 0.746789 2.647887 -1.528757 1.528759 -0.579473 1.575007 2.538712 1.998925 -1.154073 1.154076 -0.000001 0.000001 -0.000000 9.109299 -0.518025 2.259896 0.090492 -1.114825 9.279451 -0.000001 0.000001 -0.000019 0.000000 0.000004 0.000000 0.000001 0.000003 0.000003 9.533404 -0.000007 -0.000004 0.090800 -1.116721 9.295428 0.000003 0.001924 -0.015980 0.000002 0.000002 -0.000005 0.000001 -0.000002 0.000002 9.104495 -0.043011 -1.865105 0.090493 -1.114824 9.279451 -0.000000 0.000002 -0.000236 0.000004 0.000001 -0.000009 0.000000 0.000001 -0.000000 8.077819 -0.486908 -3.806308 -0.581383 2.883447 9.800269 -0.018090 -4.054257 -0.511069 0.000000 0.000003 0.000000 0.000002 0.000003 -0.000002 -8.207801 -6.751705 -1.599546 -9.220070 -14.615872 -7.839630 49.323668 -9.858576 -1.449517 -24.197554 -3.282829 10.955808 -0.000004 -0.000003 -0.000003 -0.000000 0.000002 0.000000 8.207797 -6.751699 -1.599549 -13.890390 2.224983 10.373825 51.557738 -8.484662 9.978267 -24.730547 -0.050918 -9.786706 -0.311758 -0.000001 -0.000001 -0.000000 -0.000000 0.000000 
0.972978 93.806007 -2.524117 -14.054596 10.511718 -1.487355 -0.000001 10.181548 0.131520 1.832000 0.025221 -0.796162 3.647368 -1.018772 3.146255 3.635998 -1.059585 3.147327 -0.000000 16.740364 -2.049021 3.107868 -0.167624 -2.998674 -0.000005 9.617862 1.684978 -1.517780 0.123818 -15.395754 0.000005 22.037369 7.501073 -0.000000 0.000001 -0.000002 -4.569999 11.014870 -2.160841 0.914601 1.247197 -0.542153 -55.024072 16.078171 64.101086 0.000319 100.218888 -0.000268 55.399818 22.710826 -89.999962 -2.464791 -1.573991 2.681919 23.426675 8.329707 -18.518750 4.637199 -8.634151 -0.225379 -2.646266 -1.527798 1.527818 -1.273761 0.137316 -2.094874 -1.994601 -1.151556 1.151574 0.000003 -0.000003 0.000001 -9.108301 -0.517866 2.259805 0.224817 1.757237 -14.580599 -0.000008 -0.000000 0.000004 0.000010 0.000003 0.000004 -0.000001 -0.000001 0.000000 -9.532498 0.000013 0.000009 0.224817 1.757238 -14.580599 -0.000009 -0.000001 0.000005 0.000012 0.000003 0.000003 0.000000 0.000000 -0.000000 -9.103619 -0.043102 -1.865098 0.224817 1.757237 -14.580598 -0.000001 0.000005 0.000067 0.000002 0.000005 -0.000004 -0.000004 -0.000001 0.000002 -8.076698 -0.486714 -3.806288 0.224806 1.757230 -14.580599 -0.000002 0.000001 0.000010 0.000001 0.000006 -0.000003 -0.000001 -0.000000 -0.000001 4.570402 11.014665 -2.160816 1.067081 -2.739115 -10.020608 -34.700950 -10.368202 -47.889496 -0.000014 -108.207866 -0.000005 37.441089 -6.602375 89.999996 2.466099 -1.576216 2.681698 11.899855 3.218594 24.998113 3.939046 7.948721 0.746789 2.647887 -1.528757 1.528759 -0.579473 1.575007 2.538712 1.998925 -1.154073 1.154076 -0.000001 0.000001 -0.000000 9.109299 -0.518025 2.259896 0.090492 -1.114825 9.279451 -0.000001 0.000001 -0.000019 0.000000 0.000004 0.000000 0.000001 0.000003 0.000003 9.533404 -0.000007 -0.000004 0.090800 -1.116721 9.295428 0.000003 0.001924 -0.015980 0.000002 0.000002 -0.000005 0.000001 -0.000002 0.000002 9.104495 -0.043011 -1.865105 0.090493 -1.114824 9.279451 -0.000000 0.000002 -0.000236 0.000004 0.000001 -0.000009 0.000000 0.000001 -0.000000 8.077819 -0.486908 -3.806308 -0.581383 2.883447 9.800269 -0.018090 -4.054257 -0.511069 0.000000 0.000003 0.000000 0.000002 0.000003 -0.000002 -8.207801 -6.751705 -1.599546 -9.220070 -14.615872 -7.839630 49.323668 -9.858576 -1.449517 -24.197554 -3.282829 10.955808 -0.000004 -0.000003 -0.000003 -0.000000 0.000002 0.000000 8.207797 -6.751699 -1.599549 -13.890390 2.224983 10.373825 51.557738 -8.484662 9.978267 -24.730547 -0.050918 -9.786706 -0.311758 -0.000001 -0.000001 -0.000000 -0.000000 0.000000 
0.972978 93.806007 -2.524117 -14.054596 10.511718 -1.487355 -0.000001 10.181548 0.131520 1.832000 0.025221 -0.796162 3.647368 -1.018772 3.146255 3.635998 -1.059585 3.147327 -0.000000 16.740364 -2.049021 3.107868 -0.167624 -2.998674 -0.000005 9.617862 1.684978 -1.517780 0.123818 -15.395754 0.000005 22.037369 7.501073 -0.000000 0.000001 -0.000002 -4.569999 11.014870 -2.160841 0.914601 1.247197 -0.542153 -55.024072 16.078171 64.101086 0.000319 100.218888 -0.000268 55.399818 22.710826 -89.999962 -2.464791 -1.573991 2.681919 23.426675 8.329707 -18.518750 4.637199 -8.634151 -0.225379 -2.646266 -1.527798 1.527818 -1.273761 0.137316 -2.094874 -1.994601 -1.151556 1.151574 0.000003 -0.000003 0.000001 -9.108301 -0.517866 2.259805 0.224817 1.757237 -14.580599 -0.000008 -0.000000 0.000004 0.000010 0.000003 0.000004 -0.000001 -0.000001 0.000000 -9.532498 0.000013 0.000009 0.224817 1.757238 -14.580599 -0.000009 -0.000001 0.000005 0.000012 0.000003 0.000003 0.000000 0.000000 -0.000000 -9.103619 -0.043102 -1.865098 0.224817 1.757237 -14.580598 -0.000001 0.000005 0.000067 0.000002 0.000005 -0.000004 -0.000004 -0.000001 0.000002 -8.076698 -0.486714 -3.806288 0.224806 1.757230 -14.580599 -0.000002 0.000001 0.000010 0.000001 0.000006 -0.000003 -0.000001 -0.000000 -0.000001 4.570402 11.014665 -2.160816 1.067081 -2.739115 -10.020608 -34.700950 -10.368202 -47.889496 -0.000014 -108.207866 -0.000005 37.441089 -6.602375 89.999996 2.466099 -1.576216 2.681698 11.899855 3.218594 24.998113 3.939046 7.948721 0.746789 2.647887 -1.528757 1.528759 -0.579473 1.575007 2.538712 1.998925 -1.154073 1.154076 -0.000001 0.000001 -0.000000 9.109299 -0.518025 2.259896 0.090492 -1.114825 9.279451 -0.000001 0.000001 -0.000019 0.000000 0.000004 0.000000 0.000001 0.000003 0.000003 9.533404 -0.000007 -0.000004 0.090800 -1.116721 9.295428 0.000003 0.001924 -0.015980 0.000002 0.000002 -0.000005 0.000001 -0.000002 0.000002 9.104495 -0.043011 -1.865105 0.090493 -1.114824 9.279451 -0.000000 0.000002 -0.000236 0.000004 0.000001 -0.000009 0.000000 0.000001 -0.000000 8.077819 -0.486908 -3.806308 -0.581383 2.883447 9.800269 -0.018090 -4.054257 -0.511069 0.000000 0.000003 0.000000 0.000002 0.000003 -0.000002 -8.207801 -6.751705 -1.599546 -9.220070 -14.615872 -7.839630 49.323668 -9.858576 -1.449517 -24.197554 -3.282829 10.955808 -0.000004 -0.000003 -0.000003 -0.000000 0.000002 0.000000 8.207797 -6.751699 -1.599549 -13.890390 2.224983 10.373825 51.557738 -8.484662 9.978267 -24.730547 -0.050918 -9.786706 -0.311758 -0.000001 -0.000001 -0.000000 -0.000000 0.000000 
0.972978 93.806007 -2.524117 -14.054596 10.511718 -1.487355 -0.000001 10.181548 0.131520 1.832000 0.025221 -0.796162 3.647368 -1.018772 3.146255 3.635998 -1.059585 3.147327 -0.000000 16.740364 -2.049021 3.107868 -0.167624 -2.998674 -0.000005 9.617862 1.684978 -1.517780 0.123818 -15.395754 0.000005 22.037369 7.501073 -0.000000 0.000001 -0.000002 -4.569999 11.014870 -2.160841 0.914601 1.247197 -0.542153 -55.024072 16.078171 64.101086 0.000319 100.218888 -0.000268 55.399818 22.710826 -89.999962 -2.464791 -1.573991 2.681919 23.426675 8.329707 -18.518750 4.637199 -8.634151 -0.225379 -2.646266 -1.527798 1.527818 -1.273761 0.137316 -2.094874 -1.994601 -1.151556 1.151574 0.000003 -0.000003 0.000001 -9.108301 -0.517866 2.259805 0.224817 1.757237 -14.580599 -0.000008 -0.000000 0.000004 0.000010 0.000003 0.000004 -0.000001 -0.000001 0.000000 -9.532498 0.000013 0.000009 0.224817 1.757238 -14.580599 -0.000009 -0.000001 0.000005 0.000012 0.000003 0.000003 0.000000 0.000000 -0.000000 -9.103619 -0.043102 -1.865098 0.224817 1.757237 -14.580598 -0.000001 0.000005 0.000067 0.000002 0.000005 -0.000004 -0.000004 -0.000001 0.000002 -8.076698 -0.486714 -3.806288 0.224806 1.757230 -14.580599 -0.000002 0.000001 0.000010 0.000001 0.000006 -0.000003 -0.000001 -0.000000 -0.000001 4.570402 11.014665 -2.160816 1.067081 -2.739115 -10.020608 -34.700950 -10.368202 -47.889496 -0.000014 -108.207866 -0.000005 37.441089 -6.602375 89.999996 2.466099 -1.576216 2.681698 11.899855 3.218594 24.998113 3.939046 7.948721 0.746789 2.647887 -1.528757 1.528759 -0.579473 1.575007 2.538712 1.998925 -1.154073 1.154076 -0.000001 0.000001 -0.000000 9.109299 -0.518025 2.259896 0.090492 -1.114825 9.279451 -0.000001 0.000001 -0.000019 0.000000 0.000004 0.000000 0.000001 0.000003 0.000003 9.533404 -0.000007 -0.000004 0.090800 -1.116721 9.295428 0.000003 0.001924 -0.015980 0.000002 0.000002 -0.000005 0.000001 -0.000002 0.000002 9.104495 -0.043011 -1.865105 0.090493 -1.114824 9.279451 -0.000000 0.000002 -0.000236 0.000004 0.000001 -0.000009 0.000000 0.000001 -0.000000 8.077819 -0.486908 -3.806308 -0.581383 2.883447 9.800269 -0.018090 -4.054257 -0.511069 0.000000 0.000003 0.000000 0.000002 0.000003 -0.000002 -8.207801 -6.751705 -1.599546 -9.220070 -14.615872 -7.839630 49.323668 -9.858576 -1.449517 -24.197554 -3.282829 10.955808 -0.000004 -0.000003 -0.000003 -0.000000 0.000002 0.000000 8.207797 -6.751699 -1.599549 -13.890390 2.224983 10.373825 51.557738 -8.484662 9.978267 -24.730547 -0.050918 -9.786706 -0.311758 -0.000001 -0.000001 -0.000000 -0.000000 0.000000 
0.972978 93.806007 -2.524117 -14.054596 10.511718 -1.487355 -0.000001 10.181548 0.131520 1.832000 0.025221 -0.796162 3.647368 -1.018772 3.146255 3.635998 -1.059585 3.147327 -0.000000 16.740364 -2.049021 3.107868 -0.167624 -2.998674 -0.000005 9.617862 1.684978 -1.517780 0.123818 -15.395754 0.000005 22.037369 7.501073 -0.000000 0.000001 -0.000002 -4.569999 11.014870 -2.160841 0.914601 1.247197 -0.542153 -55.024072 16.078171 64.101086 0.000319 100.218888 -0.000268 55.399818 22.710826 -89.999962 -2.464791 -1.573991 2.681919 23.426675 8.329707 -18.518750 4.637199 -8.634151 -0.225379 -2.646266 -1.527798 1.527818 -1.273761 0.137316 -2.094874 -1.994601 -1.151556 1.151574 0.000003 -0.000003 0.000001 -9.108301 -0.517866 2.259805 0.224817 1.757237 -14.580599 -0.000008 -0.000000 0.000004 0.000010 0.000003 0.000004 -0.000001 -0.000001 0.000000 -9.532498 0.000013 0.000009 0.224817 1.757238 -14.580599 -0.000009 -0.000001 0.000005 0.000012 0.000003 0.000003 0.000000 0.000000 -0.000000 -9.103619 -0.043102 -1.865098 0.224817 1.757237 -14.580598 -0.000001 0.000005 0.000067 0.000002 0.000005 -0.000004 -0.000004 -0.000001 0.000002 -8.076698 -0.486714 -3.806288 0.224806 1.757230 -14.580599 -0.000002 0.000001 0.000010 0.000001 0.000006 -0.000003 -0.000001 -0.000000 -0.000001 4.570402 11.014665 -2.160816 1.067081 -2.739115 -10.020608 -34.700950 -10.368202 -47.889496 -0.000014 -108.207866 -0.000005 37.441089 -6.602375 89.999996 2.466099 -1.576216 2.681698 11.899855 3.218594 24.998113 3.939046 7.948721 0.746789 2.647887 -1.528757 1.528759 -0.579473 1.575007 2.538712 1.998925 -1.154073 1.154076 -0.000001 0.000001 -0.000000 9.109299 -0.518025 2.259896 0.090492 -1.114825 9.279451 -0.000001 0.000001 -0.000019 0.000000 0.000004 0.000000 0.000001 0.000003 0.000003 9.533404 -0.000007 -0.000004 0.090800 -1.116721 9.295428 0.000003 0.001924 -0.015980 0.000002 0.000002 -0.000005 0.000001 -0.000002 0.000002 9.104495 -0.043011 -1.865105 0.090493 -1.114824 9.279451 -0.000000 0.000002 -0.000236 0.000004 0.000001 -0.000009 0.000000 0.000001 -0.000000 8.077819 -0.486908 -3.806308 -0.581383 2.883447 9.800269 -0.018090 -4.054257 -0.511069 0.000000 0.000003 0.000000 0.000002 0.000003 -0.000002 -8.207801 -6.751705 -1.599546 -9.220070 -14.615872 -7.839630 49.323668 -9.858576 -1.449517 -24.197554 -3.282829 10.955808 -0.000004 -0.000003 -0.000003 -0.000000 0.000002 0.000000 8.207797 -6.751699 -1.599549 -13.890390 2.224983 10.373825 51.557738 -8.484662 9.978267 -24.730547 -0.050918 -9.786706 -0.311758 -0.000001 -0.000001 -0.000000 -0.000000 0.000000 
0.972978 93.806007 -2.524117 -14.054596 10.511718 -1.487355 -0.000001 10.181548 0.131520 1.832000 0.025221 -0.796162 3.647368 -1.018772 3.146255 3.635998 -1.059585 3.147327 -0.000000 16.740364 -2.049021 3.107868 -0.167624 -2.998674 -0.000005 9.617862 1.684978 -1.517780 0.123818 -15.395754 0.000005 22.037369 7.501073 -0.000000 0.000001 -0.000002 -4.569999 11.014870 -2.160841 0.914601 1.247197 -0.542153 -55.024072 16.078171 64.101086 0.000319 100.218888 -0.000268 55.399818 22.710826 -89.999962 -2.464791 -1.573991 2.681919 23.426675 8.329707 -18.518750 4.637199 -8.634151 -0.225379 -2.646266 -1.527798 1.527818 -1.273761 0.137316 -2.094874 -1.994601 -1.151556 1.151574 0.000003 -0.000003 0.000001 -9.108301 -0.517866 2.259805 0.224817 1.757237 -14.580599 -0.000008 -0.000000 0.000004 0.000010 0.000003 0.000004 -0.000001 -0.000001 0.000000 -9.532498 0.000013 0.000009 0.224817 1.757238 -14.580599 -0.000009 -0.000001 0.000005 0.000012 0.000003 0.000003 0.000000 0.000000 -0.000000 -9.103619 -0.043102 -1.865098 0.224817 1.757237 -14.580598 -0.000001 0.000005 0.000067 0.000002 0.000005 -0.000004 -0.000004 -0.000001 0.000002 -8.076698 -0.486714 -3.806288 0.224806 1.757230 -14.580599 -0.000002 0.000001 0.000010 0.000001 0.000006 -0.000003 -0.000001 -0.000000 -0.000001 4.570402 11.014665 -2.160816 1.067081 -2.739115 -10.020608 -34.700950 -10.368202 -47.889496 -0.000014 -108.207866 -0.000005 37.441089 -6.602375 89.999996 2.466099 -1.576216 2.681698 11.899855 3.218594 24.998113 3.939046 7.948721 0.746789 2.647887 -1.528757 1.528759 -0.579473 1.575007 2.538712 1.998925 -1.154073 1.154076 -0.000001 0.000001 -0.000000 9.109299 -0.518025 2.259896 0.090492 -1.114825 9.279451 -0.000001 0.000001 -0.000019 0.000000 0.000004 0.000000 0.000001 0.000003 0.000003 9.533404 -0.000007 -0.000004 0.090800 -1.116721 9.295428 0.000003 0.001924 -0.015980 0.000002 0.000002 -0.000005 0.000001 -0.000002 0.000002 9.104495 -0.043011 -1.865105 0.090493 -1.114824 9.279451 -0.000000 0.000002 -0.000236 0.000004 0.000001 -0.000009 0.000000 0.000001 -0.000000 8.077819 -0.486908 -3.806308 -0.581383 2.883447 9.800269 -0.018090 -4.054257 -0.511069 0.000000 0.000003 0.000000 0.000002 0.000003 -0.000002 -8.207801 -6.751705 -1.599546 -9.220070 -14.615872 -7.839630 49.323668 -9.858576 -1.449517 -24.197554 -3.282829 10.955808 -0.000004 -0.000003 -0.000003 -0.000000 0.000002 0.000000 8.207797 -6.751699 -1.599549 -13.890390 2.224983 10.373825 51.557738 -8.484662 9.978267 -24.730547 -0.050918 -9.786706 -0.311758 -0.000001 -0.000001 -0.000000 -0.000000 0.000000 
0.972978 93.806007 -2.524117 -14.054596 10.511718 -1.487355 -0.000001 10.181548 0.131520 1.832000 0.025221 -0.796162 3.647368 -1.018772 3.146255 3.635998 -1.059585 3.147327 -0.000000 16.740364 -2.049021 3.107868 -0.167624 -2.998674 -0.000005 9.617862 1.684978 -1.517780 0.123818 -15.395754 0.000005 22.037369 7.501073 -0.000000 0.000001 -0.000002 -4.569999 11.014870 -2.160841 0.914601 1.247197 -0.542153 -55.024072 16.078171 64.101086 0.000319 100.218888 -0.000268 55.399818 22.710826 -89.999962 -2.464791 -1.573991 2.681919 23.426675 8.329707 -18.518750 4.637199 -8.634151 -0.225379 -2.646266 -1.527798 1.527818 -1.273761 0.137316 -2.094874 -1.994601 -1.151556 1.151574 0.000003 -0.000003 0.000001 -9.108301 -0.517866 2.259805 0.224817 1.757237 -14.580599 -0.000008 -0.000000 0.000004 0.000010 0.000003 0.000004 -0.000001 -0.000001 0.000000 -9.532498 0.000013 0.000009 0.224817 1.757238 -14.580599 -0.000009 -0.000001 0.000005 0.000012 0.000003 0.000003 0.000000 0.000000 -0.000000 -9.103619 -0.043102 -1.865098 0.224817 1.757237 -14.580598 -0.000001 0.000005 0.000067 0.000002 0.000005 -0.000004 -0.000004 -0.000001 0.000002 -8.076698 -0.486714 -3.806288 0.224806 1.757230 -14.580599 -0.000002 0.000001 0.000010 0.000001 0.000006 -0.000003 -0.000001 -0.000000 -0.000001 4.570402 11.014665 -2.160816 1.067081 -2.739115 -10.020608 -34.700950 -10.368202 -47.889496 -0.000014 -108.207866 -0.000005 37.441089 -6.602375 89.999996 2.466099 -1.576216 2.681698 11.899855 3.218594 24.998113 3.939046 7.948721 0.746789 2.647887 -1.528757 1.528759 -0.579473 1.575007 2.538712 1.998925 -1.154073 1.154076 -0.000001 0.000001 -0.000000 9.109299 -0.518025 2.259896 0.090492 -1.114825 9.279451 -0.000001 0.000001 -0.000019 0.000000 0.000004 0.000000 0.000001 0.000003 0.000003 9.533404 -0.000007 -0.000004 0.090800 -1.116721 9.295428 0.000003 0.001924 -0.015980 0.000002 0.000002 -0.000005 0.000001 -0.000002 0.000002 9.104495 -0.043011 -1.865105 0.090493 -1.114824 9.279451 -0.000000 0.000002 -0.000236 0.000004 0.000001 -0.000009 0.000000 0.000001 -0.000000 8.077819 -0.486908 -3.806308 -0.581383 2.883447 9.800269 -0.018090 -4.054257 -0.511069 0.000000 0.000003 0.000000 0.000002 0.000003 -0.000002 -8.207801 -6.751705 -1.599546 -9.220070 -14.615872 -7.839630 49.323668 -9.858576 -1.449517 -24.197554 -3.282829 10.955808 -0.000004 -0.000003 -0.000003 -0.000000 0.000002 0.000000 8.207797 -6.751699 -1.599549 -13.890390 2.224983 10.373825 51.557738 -8.484662 9.978267 -24.730547 -0.050918 -9.786706 -0.311758 -0.000001 -0.000001 -0.000000 -0.000000 0.000000 
0.972978 93.806007 -2.524117 -14.054596 10.511718 -1.487355 -0.000001 10.181548 0.131520 1.832000 0.025221 -0.796162 3.647368 -1.018772 3.146255 3.635998 -1.059585 3.147327 -0.000000 16.740364 -2.049021 3.107868 -0.167624 -2.998674 -0.000005 9.617862 1.684978 -1.517780 0.123818 -15.395754 0.000005 22.037369 7.501073 -0.000000 0.000001 -0.000002 -4.569999 11.014870 -2.160841 0.914601 1.247197 -0.542153 -55.024072 16.078171 64.101086 0.000319 100.218888 -0.000268 55.399818 22.710826 -89.999962 -2.464791 -1.573991 2.681919 23.426675 8.329707 -18.518750 4.637199 -8.634151 -0.225379 -2.646266 -1.527798 1.527818 -1.273761 0.137316 -2.094874 -1.994601 -1.151556 1.151574 0.000003 -0.000003 0.000001 -9.108301 -0.517866 2.259805 0.224817 1.757237 -14.580599 -0.000008 -0.000000 0.000004 0.000010 0.000003 0.000004 -0.000001 -0.000001 0.000000 -9.532498 0.000013 0.000009 0.224817 1.757238 -14.580599 -0.000009 -0.000001 0.000005 0.000012 0.000003 0.000003 0.000000 0.000000 -0.000000 -9.103619 -0.043102 -1.865098 0.224817 1.757237 -14.580598 -0.000001 0.000005 0.000067 0.000002 0.000005 -0.000004 -0.000004 -0.000001 0.000002 -8.076698 -0.486714 -3.806288 0.224806 1.757230 -14.580599 -0.000002 0.000001 0.000010 0.000001 0.000006 -0.000003 -0.000001 -0.000000 -0.000001 4.570402 11.014665 -2.160816 1.067081 -2.739115 -10.020608 -34.700950 -10.368202 -47.889496 -0.000014 -108.207866 -0.000005 37.441089 -6.602375 89.999996 2.466099 -1.576216 2.681698 11.899855 3.218594 24.998113 3.939046 7.948721 0.746789 2.647887 -1.528757 1.528759 -0.579473 1.575007 2.538712 1.998925 -1.154073 1.154076 -0.000001 0.000001 -0.000000 9.109299 -0.518025 2.259896 0.090492 -1.114825 9.279451 -0.000001 0.000001 -0.000019 0.000000 0.000004 0.000000 0.000001 0.000003 0.000003 9.533404 -0.000007 -0.000004 0.090800 -1.116721 9.295428 0.000003 0.001924 -0.015980 0.000002 0.000002 -0.000005 0.000001 -0.000002 0.000002 9.104495 -0.043011 -1.865105 0.090493 -1.114824 9.279451 -0.000000 0.000002 -0.000236 0.000004 0.000001 -0.000009 0.000000 0.000001 -0.000000 8.077819 -0.486908 -3.806308 -0.581383 2.883447 9.800269 -0.018090 -4.054257 -0.511069 0.000000 0.000003 0.000000 0.000002 0.000003 -0.000002 -8.207801 -6.751705 -1.599546 -9.220070 -14.615872 -7.839630 49.323668 -9.858576 -1.449517 -24.197554 -3.282829 10.955808 -0.000004 -0.000003 -0.000003 -0.000000 0.000002 0.000000 8.207797 -6.751699 -1.599549 -13.890390 2.224983 10.373825 51.557738 -8.484662 9.978267 -24.730547 -0.050918 -9.786706 -0.311758 -0.000001 -0.000001 -0.000000 -0.000000 0.000000 
0.972978 93.806007 -2.524117 -14.054596 10.511718 -1.487355 -0.000001 10.181548 0.131520 1.832000 0.025221 -0.796162 3.647368 -1.018772 3.146255 3.635998 -1.059585 3.147327 -0.000000 16.740364 -2.049021 3.107868 -0.167624 -2.998674 -0.000005 9.617862 1.684978 -1.517780 0.123818 -15.395754 0.000005 22.037369 7.501073 -0.000000 0.000001 -0.000002 -4.569999 11.014870 -2.160841 0.914601 1.247197 -0.542153 -55.024072 16.078171 64.101086 0.000319 100.218888 -0.000268 55.399818 22.710826 -89.999962 -2.464791 -1.573991 2.681919 23.426675 8.329707 -18.518750 4.637199 -8.634151 -0.225379 -2.646266 -1.527798 1.527818 -1.273761 0.137316 -2.094874 -1.994601 -1.151556 1.151574 0.000003 -0.000003 0.000001 -9.108301 -0.517866 2.259805 0.224817 1.757237 -14.580599 -0.000008 -0.000000 0.000004 0.000010 0.000003 0.000004 -0.000001 -0.000001 0.000000 -9.532498 0.000013 0.000009 0.224817 1.757238 -14.580599 -0.000009 -0.000001 0.000005 0.000012 0.000003 0.000003 0.000000 0.000000 -0.000000 -9.103619 -0.043102 -1.865098 0.224817 1.757237 -14.580598 -0.000001 0.000005 0.000067 0.000002 0.000005 -0.000004 -0.000004 -0.000001 0.000002 -8.076698 -0.486714 -3.806288 0.224806 1.757230 -14.580599 -0.000002 0.000001 0.000010 0.000001 0.000006 -0.000003 -0.000001 -0.000000 -0.000001 4.570402 11.014665 -2.160816 1.067081 -2.739115 -10.020608 -34.700950 -10.368202 -47.889496 -0.000014 -108.207866 -0.000005 37.441089 -6.602375 89.999996 2.466099 -1.576216 2.681698 11.899855 3.218594 24.998113 3.939046 7.948721 0.746789 2.647887 -1.528757 1.528759 -0.579473 1.575007 2.538712 1.998925 -1.154073 1.154076 -0.000001 0.000001 -0.000000 9.109299 -0.518025 2.259896 0.090492 -1.114825 9.279451 -0.000001 0.000001 -0.000019 0.000000 0.000004 0.000000 0.000001 0.000003 0.000003 9.533404 -0.000007 -0.000004 0.090800 -1.116721 9.295428 0.000003 0.001924 -0.015980 0.000002 0.000002 -0.000005 0.000001 -0.000002 0.000002 9.104495 -0.043011 -1.865105 0.090493 -1.114824 9.279451 -0.000000 0.000002 -0.000236 0.000004 0.000001 -0.000009 0.000000 0.000001 -0.000000 8.077819 -0.486908 -3.806308 -0.581383 2.883447 9.800269 -0.018090 -4.054257 -0.511069 0.000000 0.000003 0.000000 0.000002 0.000003 -0.000002 -8.207801 -6.751705 -1.599546 -9.220070 -14.615872 -7.839630 49.323668 -9.858576 -1.449517 -24.197554 -3.282829 10.955808 -0.000004 -0.000003 -0.000003 -0.000000 0.000002 0.000000 8.207797 -6.751699 -1.599549 -13.890390 2.224983 10.373825 51.557738 -8.484662 9.978267 -24.730547 -0.050918 -9.786706 -0.311758 -0.000001 -0.000001 -0.000000 -0.000000 0.000000 
0.972978 93.806007 -2.524117 -14.054596 10.511718 -1.487355 -0.000001 10.181548 0.131520 1.832000 0.025221 -0.796162 3.647368 -1.018772 3.146255 3.635998 -1.059585 3.147327 -0.000000 16.740364 -2.049021 3.107868 -0.167624 -2.998674 -0.000005 9.617862 1.684978 -1.517780 0.123818 -15.395754 0.000005 22.037369 7.501073 -0.000000 0.000001 -0.000002 -4.569999 11.014870 -2.160841 0.914601 1.247197 -0.542153 -55.024072 16.078171 64.101086 0.000319 100.218888 -0.000268 55.399818 22.710826 -89.999962 -2.464791 -1.573991 2.681919 23.426675 8.329707 -18.518750 4.637199 -8.634151 -0.225379 -2.646266 -1.527798 1.527818 -1.273761 0.137316 -2.094874 -1.994601 -1.151556 1.151574 0.000003 -0.000003 0.000001 -9.108301 -0.517866 2.259805 0.224817 1.757237 -14.580599 -0.000008 -0.000000 0.000004 0.000010 0.000003 0.000004 -0.000001 -0.000001 0.000000 -9.532498 0.000013 0.000009 0.224817 1.757238 -14.580599 -0.000009 -0.000001 0.000005 0.000012 0.000003 0.000003 0.000000 0.000000 -0.000000 -9.103619 -0.043102 -1.865098 0.224817 1.757237 -14.580598 -0.000001 0.000005 0.000067 0.000002 0.000005 -0.000004 -0.000004 -0.000001 0.000002 -8.076698 -0.486714 -3.806288 0.224806 1.757230 -14.580599 -0.000002 0.000001 0.000010 0.000001 0.000006 -0.000003 -0.000001 -0.000000 -0.000001 4.570402 11.014665 -2.160816 1.067081 -2.739115 -10.020608 -34.700950 -10.368202 -47.889496 -0.000014 -108.207866 -0.000005 37.441089 -6.602375 89.999996 2.466099 -1.576216 2.681698 11.899855 3.218594 24.998113 3.939046 7.948721 0.746789 2.647887 -1.528757 1.528759 -0.579473 1.575007 2.538712 1.998925 -1.154073 1.154076 -0.000001 0.000001 -0.000000 9.109299 -0.518025 2.259896 0.090492 -1.114825 9.279451 -0.000001 0.000001 -0.000019 0.000000 0.000004 0.000000 0.000001 0.000003 0.000003 9.533404 -0.000007 -0.000004 0.090800 -1.116721 9.295428 0.000003 0.001924 -0.015980 0.000002 0.000002 -0.000005 0.000001 -0.000002 0.000002 9.104495 -0.043011 -1.865105 0.090493 -1.114824 9.279451 -0.000000 0.000002 -0.000236 0.000004 0.000001 -0.000009 0.000000 0.000001 -0.000000 8.077819 -0.486908 -3.806308 -0.581383 2.883447 9.800269 -0.018090 -4.054257 -0.511069 0.000000 0.000003 0.000000 0.000002 0.000003 -0.000002 -8.207801 -6.751705 -1.599546 -9.220070 -14.615872 -7.839630 49.323668 -9.858576 -1.449517 -24.197554 -3.282829 10.955808 -0.000004 -0.000003 -0.000003 -0.000000 0.000002 0.000000 8.207797 -6.751699 -1.599549 -13.890390 2.224983 10.373825 51.557738 -8.484662 9.978267 -24.730547 -0.050918 -9.786706 -0.311758 -0.000001 -0.000001 -0.000000 -0.000000 0.000000 
0.972978 93.806007 -2.524117 -14.054596 10.511718 -1.487355 -0.000001 10.181548 0.131520 1.832000 0.025221 -0.796162 3.647368 -1.018772 3.146255 3.635998 -1.059585 3.147327 -0.000000 16.740364 -2.049021 3.107868 -0.167624 -2.998674 -0.000005 9.617862 1.684978 -1.517780 0.123818 -15.395754 0.000005 22.037369 7.501073 -0.000000 0.000001 -0.000002 -4.569999 11.014870 -2.160841 0.914601 1.247197 -0.542153 -55.024072 16.078171 64.101086 0.000319 100.218888 -0.000268 55.399818 22.710826 -89.999962 -2.464791 -1.573991 2.681919 23.426675 8.329707 -18.518750 4.637199 -8.634151 -0.225379 -2.646266 -1.527798 1.527818 -1.273761 0.137316 -2.094874 -1.994601 -1.151556 1.151574 0.000003 -0.000003 0.000001 -9.108301 -0.517866 2.259805 0.224817 1.757237 -14.580599 -0.000008 -0.000000 0.000004 0.000010 0.000003 0.000004 -0.000001 -0.000001 0.000000 -9.532498 0.000013 0.000009 0.224817 1.757238 -14.580599 -0.000009 -0.000001 0.000005 0.000012 0.000003 0.000003 0.000000 0.000000 -0.000000 -9.103619 -0.043102 -1.865098 0.224817 1.757237 -14.580598 -0.000001 0.000005 0.000067 0.000002 0.000005 -0.000004 -0.000004 -0.000001 0.000002 -8.076698 -0.486714 -3.806288 0.224806 1.757230 -14.580599 -0.000002 0.000001 0.000010 0.000001 0.000006 -0.000003 -0.000001 -0.000000 -0.000001 4.570402 11.014665 -2.160816 1.067081 -2.739115 -10.020608 -34.700950 -10.368202 -47.889496 -0.000014 -108.207866 -0.000005 37.441089 -6.602375 89.999996 2.466099 -1.576216 2.681698 11.899855 3.218594 24.998113 3.939046 7.948721 0.746789 2.647887 -1.528757 1.528759 -0.579473 1.575007 2.538712 1.998925 -1.154073 1.154076 -0.000001 0.000001 -0.000000 9.109299 -0.518025 2.259896 0.090492 -1.114825 9.279451 -0.000001 0.000001 -0.000019 0.000000 0.000004 0.000000 0.000001 0.000003 0.000003 9.533404 -0.000007 -0.000004 0.090800 -1.116721 9.295428 0.000003 0.001924 -0.015980 0.000002 0.000002 -0.000005 0.000001 -0.000002 0.000002 9.104495 -0.043011 -1.865105 0.090493 -1.114824 9.279451 -0.000000 0.000002 -0.000236 0.000004 0.000001 -0.000009 0.000000 0.000001 -0.000000 8.077819 -0.486908 -3.806308 -0.581383 2.883447 9.800269 -0.018090 -4.054257 -0.511069 0.000000 0.000003 0.000000 0.000002 0.000003 -0.000002 -8.207801 -6.751705 -1.599546 -9.220070 -14.615872 -7.839630 49.323668 -9.858576 -1.449517 -24.197554 -3.282829 10.955808 -0.000004 -0.000003 -0.000003 -0.000000 0.000002 0.000000 8.207797 -6.751699 -1.599549 -13.890390 2.224983 10.373825 51.557738 -8.484662 9.978267 -24.730547 -0.050918 -9.786706 -0.311758 -0.000001 -0.000001 -0.000000 -0.000000 0.000000 
0.972978 93.806007 -2.524117 -14.054596 10.511718 -1.487355 -0.000001 10.181548 0.131520 1.832000 0.025221 -0.796162 3.647368 -1.018772 3.146255 3.635998 -1.059585 3.147327 -0.000000 16.740364 -2.049021 3.107868 -0.167624 -2.998674 -0.000005 9.617862 1.684978 -1.517780 0.123818 -15.395754 0.000005 22.037369 7.501073 -0.000000 0.000001 -0.000002 -4.569999 11.014870 -2.160841 0.914601 1.247197 -0.542153 -55.024072 16.078171 64.101086 0.000319 100.218888 -0.000268 55.399818 22.710826 -89.999962 -2.464791 -1.573991 2.681919 23.426675 8.329707 -18.518750 4.637199 -8.634151 -0.225379 -2.646266 -1.527798 1.527818 -1.273761 0.137316 -2.094874 -1.994601 -1.151556 1.151574 0.000003 -0.000003 0.000001 -9.108301 -0.517866 2.259805 0.224817 1.757237 -14.580599 -0.000008 -0.000000 0.000004 0.000010 0.000003 0.000004 -0.000001 -0.000001 0.000000 -9.532498 0.000013 0.000009 0.224817 1.757238 -14.580599 -0.000009 -0.000001 0.000005 0.000012 0.000003 0.000003 0.000000 0.000000 -0.000000 -9.103619 -0.043102 -1.865098 0.224817 1.757237 -14.580598 -0.000001 0.000005 0.000067 0.000002 0.000005 -0.000004 -0.000004 -0.000001 0.000002 -8.076698 -0.486714 -3.806288 0.224806 1.757230 -14.580599 -0.000002 0.000001 0.000010 0.000001 0.000006 -0.000003 -0.000001 -0.000000 -0.000001 4.570402 11.014665 -2.160816 1.067081 -2.739115 -10.020608 -34.700950 -10.368202 -47.889496 -0.000014 -108.207866 -0.000005 37.441089 -6.602375 89.999996 2.466099 -1.576216 2.681698 11.899855 3.218594 24.998113 3.939046 7.948721 0.746789 2.647887 -1.528757 1.528759 -0.579473 1.575007 2.538712 1.998925 -1.154073 1.154076 -0.000001 0.000001 -0.000000 9.109299 -0.518025 2.259896 0.090492 -1.114825 9.279451 -0.000001 0.000001 -0.000019 0.000000 0.000004 0.000000 0.000001 0.000003 0.000003 9.533404 -0.000007 -0.000004 0.090800 -1.116721 9.295428 0.000003 0.001924 -0.015980 0.000002 0.000002 -0.000005 0.000001 -0.000002 0.000002 9.104495 -0.043011 -1.865105 0.090493 -1.114824 9.279451 -0.000000 0.000002 -0.000236 0.000004 0.000001 -0.000009 0.000000 0.000001 -0.000000 8.077819 -0.486908 -3.806308 -0.581383 2.883447 9.800269 -0.018090 -4.054257 -0.511069 0.000000 0.000003 0.000000 0.000002 0.000003 -0.000002 -8.207801 -6.751705 -1.599546 -9.220070 -14.615872 -7.839630 49.323668 -9.858576 -1.449517 -24.197554 -3.282829 10.955808 -0.000004 -0.000003 -0.000003 -0.000000 0.000002 0.000000 8.207797 -6.751699 -1.599549 -13.890390 2.224983 10.373825 51.557738 -8.484662 9.978267 -24.730547 -0.050918 -9.786706 -0.311758 -0.000001 -0.000001 -0.000000 -0.000000 0.000000 
0.972978 93.806007 -2.524117 -14.054596 10.511718 -1.487355 -0.000001 10.181548 0.131520 1.832000 0.025221 -0.796162 3.647368 -1.018772 3.146255 3.635998 -1.059585 3.147327 -0.000000 16.740364 -2.049021 3.107868 -0.167624 -2.998674 -0.000005 9.617862 1.684978 -1.517780 0.123818 -15.395754 0.000005 22.037369 7.501073 -0.000000 0.000001 -0.000002 -4.569999 11.014870 -2.160841 0.914601 1.247197 -0.542153 -55.024072 16.078171 64.101086 0.000319 100.218888 -0.000268 55.399818 22.710826 -89.999962 -2.464791 -1.573991 2.681919 23.426675 8.329707 -18.518750 4.637199 -8.634151 -0.225379 -2.646266 -1.527798 1.527818 -1.273761 0.137316 -2.094874 -1.994601 -1.151556 1.151574 0.000003 -0.000003 0.000001 -9.108301 -0.517866 2.259805 0.224817 1.757237 -14.580599 -0.000008 -0.000000 0.000004 0.000010 0.000003 0.000004 -0.000001 -0.000001 0.000000 -9.532498 0.000013 0.000009 0.224817 1.757238 -14.580599 -0.000009 -0.000001 0.000005 0.000012 0.000003 0.000003 0.000000 0.000000 -0.000000 -9.103619 -0.043102 -1.865098 0.224817 1.757237 -14.580598 -0.000001 0.000005 0.000067 0.000002 0.000005 -0.000004 -0.000004 -0.000001 0.000002 -8.076698 -0.486714 -3.806288 0.224806 1.757230 -14.580599 -0.000002 0.000001 0.000010 0.000001 0.000006 -0.000003 -0.000001 -0.000000 -0.000001 4.570402 11.014665 -2.160816 1.067081 -2.739115 -10.020608 -34.700950 -10.368202 -47.889496 -0.000014 -108.207866 -0.000005 37.441089 -6.602375 89.999996 2.466099 -1.576216 2.681698 11.899855 3.218594 24.998113 3.939046 7.948721 0.746789 2.647887 -1.528757 1.528759 -0.579473 1.575007 2.538712 1.998925 -1.154073 1.154076 -0.000001 0.000001 -0.000000 9.109299 -0.518025 2.259896 0.090492 -1.114825 9.279451 -0.000001 0.000001 -0.000019 0.000000 0.000004 0.000000 0.000001 0.000003 0.000003 9.533404 -0.000007 -0.000004 0.090800 -1.116721 9.295428 0.000003 0.001924 -0.015980 0.000002 0.000002 -0.000005 0.000001 -0.000002 0.000002 9.104495 -0.043011 -1.865105 0.090493 -1.114824 9.279451 -0.000000 0.000002 -0.000236 0.000004 0.000001 -0.000009 0.000000 0.000001 -0.000000 8.077819 -0.486908 -3.806308 -0.581383 2.883447 9.800269 -0.018090 -4.054257 -0.511069 0.000000 0.000003 0.000000 0.000002 0.000003 -0.000002 -8.207801 -6.751705 -1.599546 -9.220070 -14.615872 -7.839630 49.323668 -9.858576 -1.449517 -24.197554 -3.282829 10.955808 -0.000004 -0.000003 -0.000003 -0.000000 0.000002 0.000000 8.207797 -6.751699 -1.599549 -13.890390 2.224983 10.373825 51.557738 -8.484662 9.978267 -24.730547 -0.050918 -9.786706 -0.311758 -0.000001 -0.000001 -0.000000 -0.000000 0.000000 
0.972978 93.806007 -2.524117 -14.054596 10.511718 -1.487355 -0.000001 10.181548 0.131520 1.832000 0.025221 -0.796162 3.647368 -1.018772 3.146255 3.635998 -1.059585 3.147327 -0.000000 16.740364 -2.049021 3.107868 -0.167624 -2.998674 -0.000005 9.617862 1.684978 -1.517780 0.123818 -15.395754 0.000005 22.037369 7.501073 -0.000000 0.000001 -0.000002 -4.569999 11.014870 -2.160841 0.914601 1.247197 -0.542153 -55.024072 16.078171 64.101086 0.000319 100.218888 -0.000268 55.399818 22.710826 -89.999962 -2.464791 -1.573991 2.681919 23.426675 8.329707 -18.518750 4.637199 -8.634151 -0.225379 -2.646266 -1.527798 1.527818 -1.273761 0.137316 -2.094874 -1.994601 -1.151556 1.151574 0.000003 -0.000003 0.000001 -9.108301 -0.517866 2.259805 0.224817 1.757237 -14.580599 -0.000008 -0.000000 0.000004 0.000010 0.000003 0.000004 -0.000001 -0.000001 0.000000 -9.532498 0.000013 0.000009 0.224817 1.757238 -14.580599 -0.000009 -0.000001 0.000005 0.000012 0.000003 0.000003 0.000000 0.000000 -0.000000 -9.103619 -0.043102 -1.865098 0.224817 1.757237 -14.580598 -0.000001 0.000005 0.000067 0.000002 0.000005 -0.000004 -0.000004 -0.000001 0.000002 -8.076698 -0.486714 -3.806288 0.224806 1.757230 -14.580599 -0.000002 0.000001 0.000010 0.000001 0.000006 -0.000003 -0.000001 -0.000000 -0.000001 4.570402 11.014665 -2.160816 1.067081 -2.739115 -10.020608 -34.700950 -10.368202 -47.889496 -0.000014 -108.207866 -0.000005 37.441089 -6.602375 89.999996 2.466099 -1.576216 2.681698 11.899855 3.218594 24.998113 3.939046 7.948721 0.746789 2.647887 -1.528757 1.528759 -0.579473 1.575007 2.538712 1.998925 -1.154073 1.154076 -0.000001 0.000001 -0.000000 9.109299 -0.518025 2.259896 0.090492 -1.114825 9.279451 -0.000001 0.000001 -0.000019 0.000000 0.000004 0.000000 0.000001 0.000003 0.000003 9.533404 -0.000007 -0.000004 0.090800 -1.116721 9.295428 0.000003 0.001924 -0.015980 0.000002 0.000002 -0.000005 0.000001 -0.000002 0.000002 9.104495 -0.043011 -1.865105 0.090493 -1.114824 9.279451 -0.000000 0.000002 -0.000236 0.000004 0.000001 -0.000009 0.000000 0.000001 -0.000000 8.077819 -0.486908 -3.806308 -0.581383 2.883447 9.800269 -0.018090 -4.054257 -0.511069 0.000000 0.000003 0.000000 0.000002 0.000003 -0.000002 -8.207801 -6.751705 -1.599546 -9.220070 -14.615872 -7.839630 49.323668 -9.858576 -1.449517 -24.197554 -3.282829 10.955808 -0.000004 -0.000003 -0.000003 -0.000000 0.000002 0.000000 8.207797 -6.751699 -1.599549 -13.890390 2.224983 10.373825 51.557738 -8.484662 9.978267 -24.730547 -0.050918 -9.786706 -0.311758 -0.000001 -0.000001 -0.000000 -0.000000 0.000000 
0.972978 93.806007 -2.524117 -14.054596 10.511718 -1.487355 -0.000001 10.181548 0.131520 1.832000 0.025221 -0.796162 3.647368 -1.018772 3.146255 3.635998 -1.059585 3.147327 -0.000000 16.740364 -2.049021 3.107868 -0.167624 -2.998674 -0.000005 9.617862 1.684978 -1.517780 0.123818 -15.395754 0.000005 22.037369 7.501073 -0.000000 0.000001 -0.000002 -4.569999 11.014870 -2.160841 0.914601 1.247197 -0.542153 -55.024072 16.078171 64.101086 0.000319 100.218888 -0.000268 55.399818 22.710826 -89.999962 -2.464791 -1.573991 2.681919 23.426675 8.329707 -18.518750 4.637199 -8.634151 -0.225379 -2.646266 -1.527798 1.527818 -1.273761 0.137316 -2.094874 -1.994601 -1.151556 1.151574 0.000003 -0.000003 0.000001 -9.108301 -0.517866 2.259805 0.224817 1.757237 -14.580599 -0.000008 -0.000000 0.000004 0.000010 0.000003 0.000004 -0.000001 -0.000001 0.000000 -9.532498 0.000013 0.000009 0.224817 1.757238 -14.580599 -0.000009 -0.000001 0.000005 0.000012 0.000003 0.000003 0.000000 0.000000 -0.000000 -9.103619 -0.043102 -1.865098 0.224817 1.757237 -14.580598 -0.000001 0.000005 0.000067 0.000002 0.000005 -0.000004 -0.000004 -0.000001 0.000002 -8.076698 -0.486714 -3.806288 0.224806 1.757230 -14.580599 -0.000002 0.000001 0.000010 0.000001 0.000006 -0.000003 -0.000001 -0.000000 -0.000001 4.570402 11.014665 -2.160816 1.067081 -2.739115 -10.020608 -34.700950 -10.368202 -47.889496 -0.000014 -108.207866 -0.000005 37.441089 -6.602375 89.999996 2.466099 -1.576216 2.681698 11.899855 3.218594 24.998113 3.939046 7.948721 0.746789 2.647887 -1.528757 1.528759 -0.579473 1.575007 2.538712 1.998925 -1.154073 1.154076 -0.000001 0.000001 -0.000000 9.109299 -0.518025 2.259896 0.090492 -1.114825 9.279451 -0.000001 0.000001 -0.000019 0.000000 0.000004 0.000000 0.000001 0.000003 0.000003 9.533404 -0.000007 -0.000004 0.090800 -1.116721 9.295428 0.000003 0.001924 -0.015980 0.000002 0.000002 -0.000005 0.000001 -0.000002 0.000002 9.104495 -0.043011 -1.865105 0.090493 -1.114824 9.279451 -0.000000 0.000002 -0.000236 0.000004 0.000001 -0.000009 0.000000 0.000001 -0.000000 8.077819 -0.486908 -3.806308 -0.581383 2.883447 9.800269 -0.018090 -4.054257 -0.511069 0.000000 0.000003 0.000000 0.000002 0.000003 -0.000002 -8.207801 -6.751705 -1.599546 -9.220070 -14.615872 -7.839630 49.323668 -9.858576 -1.449517 -24.197554 -3.282829 10.955808 -0.000004 -0.000003 -0.000003 -0.000000 0.000002 0.000000 8.207797 -6.751699 -1.599549 -13.890390 2.224983 10.373825 51.557738 -8.484662 9.978267 -24.730547 -0.050918 -9.786706 -0.311758 -0.000001 -0.000001 -0.000000 -0.000000 0.000000 
0.972978 93.806007 -2.524117 -14.054596 10.511718 -1.487355 -0.000001 10.181548 0.131520 1.832000 0.025221 -0.796162 3.647368 -1.018772 3.146255 3.635998 -1.059585 3.147327 -0.000000 16.740364 -2.049021 3.107868 -0.167624 -2.998674 -0.000005 9.617862 1.684978 -1.517780 0.123818 -15.395754 0.000005 22.037369 7.501073 -0.000000 0.000001 -0.000002 -4.569999 11.014870 -2.160841 0.914601 1.247197 -0.542153 -55.024072 16.078171 64.101086 0.000319 100.218888 -0.000268 55.399818 22.710826 -89.999962 -2.464791 -1.573991 2.681919 23.426675 8.329707 -18.518750 4.637199 -8.634151 -0.225379 -2.646266 -1.527798 1.527818 -1.273761 0.137316 -2.094874 -1.994601 -1.151556 1.151574 0.000003 -0.000003 0.000001 -9.108301 -0.517866 2.259805 0.224817 1.757237 -14.580599 -0.000008 -0.000000 0.000004 0.000010 0.000003 0.000004 -0.000001 -0.000001 0.000000 -9.532498 0.000013 0.000009 0.224817 1.757238 -14.580599 -0.000009 -0.000001 0.000005 0.000012 0.000003 0.000003 0.000000 0.000000 -0.000000 -9.103619 -0.043102 -1.865098 0.224817 1.757237 -14.580598 -0.000001 0.000005 0.000067 0.000002 0.000005 -0.000004 -0.000004 -0.000001 0.000002 -8.076698 -0.486714 -3.806288 0.224806 1.757230 -14.580599 -0.000002 0.000001 0.000010 0.000001 0.000006 -0.000003 -0.000001 -0.000000 -0.000001 4.570402 11.014665 -2.160816 1.067081 -2.739115 -10.020608 -34.700950 -10.368202 -47.889496 -0.000014 -108.207866 -0.000005 37.441089 -6.602375 89.999996 2.466099 -1.576216 2.681698 11.899855 3.218594 24.998113 3.939046 7.948721 0.746789 2.647887 -1.528757 1.528759 -0.579473 1.575007 2.538712 1.998925 -1.154073 1.154076 -0.000001 0.000001 -0.000000 9.109299 -0.518025 2.259896 0.090492 -1.114825 9.279451 -0.000001 0.000001 -0.000019 0.000000 0.000004 0.000000 0.000001 0.000003 0.000003 9.533404 -0.000007 -0.000004 0.090800 -1.116721 9.295428 0.000003 0.001924 -0.015980 0.000002 0.000002 -0.000005 0.000001 -0.000002 0.000002 9.104495 -0.043011 -1.865105 0.090493 -1.114824 9.279451 -0.000000 0.000002 -0.000236 0.000004 0.000001 -0.000009 0.000000 0.000001 -0.000000 8.077819 -0.486908 -3.806308 -0.581383 2.883447 9.800269 -0.018090 -4.054257 -0.511069 0.000000 0.000003 0.000000 0.000002 0.000003 -0.000002 -8.207801 -6.751705 -1.599546 -9.220070 -14.615872 -7.839630 49.323668 -9.858576 -1.449517 -24.197554 -3.282829 10.955808 -0.000004 -0.000003 -0.000003 -0.000000 0.000002 0.000000 8.207797 -6.751699 -1.599549 -13.890390 2.224983 10.373825 51.557738 -8.484662 9.978267 -24.730547 -0.050918 -9.786706 -0.311758 -0.000001 -0.000001 -0.000000 -0.000000 0.000000 
0.972978 93.806007 -2.524117 -14.054596 10.511718 -1.487355 -0.000001 10.181548 0.131520 1.832000 0.025221 -0.796162 3.647368 -1.018772 3.146255 3.635998 -1.059585 3.147327 -0.000000 16.740364 -2.049021 3.107868 -0.167624 -2.998674 -0.000005 9.617862 1.684978 -1.517780 0.123818 -15.395754 0.000005 22.037369 7.501073 -0.000000 0.000001 -0.000002 -4.569999 11.014870 -2.160841 0.914601 1.247197 -0.542153 -55.024072 16.078171 64.101086 0.000319 100.218888 -0.000268 55.399818 22.710826 -89.999962 -2.464791 -1.573991 2.681919 23.426675 8.329707 -18.518750 4.637199 -8.634151 -0.225379 -2.646266 -1.527798 1.527818 -1.273761 0.137316 -2.094874 -1.994601 -1.151556 1.151574 0.000003 -0.000003 0.000001 -9.108301 -0.517866 2.259805 0.224817 1.757237 -14.580599 -0.000008 -0.000000 0.000004 0.000010 0.000003 0.000004 -0.000001 -0.000001 0.000000 -9.532498 0.000013 0.000009 0.224817 1.757238 -14.580599 -0.000009 -0.000001 0.000005 0.000012 0.000003 0.000003 0.000000 0.000000 -0.000000 -9.103619 -0.043102 -1.865098 0.224817 1.757237 -14.580598 -0.000001 0.000005 0.000067 0.000002 0.000005 -0.000004 -0.000004 -0.000001 0.000002 -8.076698 -0.486714 -3.806288 0.224806 1.757230 -14.580599 -0.000002 0.000001 0.000010 0.000001 0.000006 -0.000003 -0.000001 -0.000000 -0.000001 4.570402 11.014665 -2.160816 1.067081 -2.739115 -10.020608 -34.700950 -10.368202 -47.889496 -0.000014 -108.207866 -0.000005 37.441089 -6.602375 89.999996 2.466099 -1.576216 2.681698 11.899855 3.218594 24.998113 3.939046 7.948721 0.746789 2.647887 -1.528757 1.528759 -0.579473 1.575007 2.538712 1.998925 -1.154073 1.154076 -0.000001 0.000001 -0.000000 9.109299 -0.518025 2.259896 0.090492 -1.114825 9.279451 -0.000001 0.000001 -0.000019 0.000000 0.000004 0.000000 0.000001 0.000003 0.000003 9.533404 -0.000007 -0.000004 0.090800 -1.116721 9.295428 0.000003 0.001924 -0.015980 0.000002 0.000002 -0.000005 0.000001 -0.000002 0.000002 9.104495 -0.043011 -1.865105 0.090493 -1.114824 9.279451 -0.000000 0.000002 -0.000236 0.000004 0.000001 -0.000009 0.000000 0.000001 -0.000000 8.077819 -0.486908 -3.806308 -0.581383 2.883447 9.800269 -0.018090 -4.054257 -0.511069 0.000000 0.000003 0.000000 0.000002 0.000003 -0.000002 -8.207801 -6.751705 -1.599546 -9.220070 -14.615872 -7.839630 49.323668 -9.858576 -1.449517 -24.197554 -3.282829 10.955808 -0.000004 -0.000003 -0.000003 -0.000000 0.000002 0.000000 8.207797 -6.751699 -1.599549 -13.890390 2.224983 10.373825 51.557738 -8.484662 9.978267 -24.730547 -0.050918 -9.786706 -0.311758 -0.000001 -0.000001 -0.000000 -0.000000 0.000000 
0.972978 93.806007 -2.524117 -14.054596 10.511718 -1.487355 -0.000001 10.181548 0.131520 1.832000 0.025221 -0.796162 3.647368 -1.018772 3.146255 3.635998 -1.059585 3.147327 -0.000000 16.740364 -2.049021 3.107868 -0.167624 -2.998674 -0.000005 9.617862 1.684978 -1.517780 0.123818 -15.395754 0.000005 22.037369 7.501073 -0.000000 0.000001 -0.000002 -4.569999 11.014870 -2.160841 0.914601 1.247197 -0.542153 -55.024072 16.078171 64.101086 0.000319 100.218888 -0.000268 55.399818 22.710826 -89.999962 -2.464791 -1.573991 2.681919 23.426675 8.329707 -18.518750 4.637199 -8.634151 -0.225379 -2.646266 -1.527798 1.527818 -1.273761 0.137316 -2.094874 -1.994601 -1.151556 1.151574 0.000003 -0.000003 0.000001 -9.108301 -0.517866 2.259805 0.224817 1.757237 -14.580599 -0.000008 -0.000000 0.000004 0.000010 0.000003 0.000004 -0.000001 -0.000001 0.000000 -9.532498 0.000013 0.000009 0.224817 1.757238 -14.580599 -0.000009 -0.000001 0.000005 0.000012 0.000003 0.000003 0.000000 0.000000 -0.000000 -9.103619 -0.043102 -1.865098 0.224817 1.757237 -14.580598 -0.000001 0.000005 0.000067 0.000002 0.000005 -0.000004 -0.000004 -0.000001 0.000002 -8.076698 -0.486714 -3.806288 0.224806 1.757230 -14.580599 -0.000002 0.000001 0.000010 0.000001 0.000006 -0.000003 -0.000001 -0.000000 -0.000001 4.570402 11.014665 -2.160816 1.067081 -2.739115 -10.020608 -34.700950 -10.368202 -47.889496 -0.000014 -108.207866 -0.000005 37.441089 -6.602375 89.999996 2.466099 -1.576216 2.681698 11.899855 3.218594 24.998113 3.939046 7.948721 0.746789 2.647887 -1.528757 1.528759 -0.579473 1.575007 2.538712 1.998925 -1.154073 1.154076 -0.000001 0.000001 -0.000000 9.109299 -0.518025 2.259896 0.090492 -1.114825 9.279451 -0.000001 0.000001 -0.000019 0.000000 0.000004 0.000000 0.000001 0.000003 0.000003 9.533404 -0.000007 -0.000004 0.090800 -1.116721 9.295428 0.000003 0.001924 -0.015980 0.000002 0.000002 -0.000005 0.000001 -0.000002 0.000002 9.104495 -0.043011 -1.865105 0.090493 -1.114824 9.279451 -0.000000 0.000002 -0.000236 0.000004 0.000001 -0.000009 0.000000 0.000001 -0.000000 8.077819 -0.486908 -3.806308 -0.581383 2.883447 9.800269 -0.018090 -4.054257 -0.511069 0.000000 0.000003 0.000000 0.000002 0.000003 -0.000002 -8.207801 -6.751705 -1.599546 -9.220070 -14.615872 -7.839630 49.323668 -9.858576 -1.449517 -24.197554 -3.282829 10.955808 -0.000004 -0.000003 -0.000003 -0.000000 0.000002 0.000000 8.207797 -6.751699 -1.599549 -13.890390 2.224983 10.373825 51.557738 -8.484662 9.978267 -24.730547 -0.050918 -9.786706 -0.311758 -0.000001 -0.000001 -0.000000 -0.000000 0.000000 
0.972978 93.806007 -2.524117 -14.054596 10.511718 -1.487355 -0.000001 10.181548 0.131520 1.832000 0.025221 -0.796162 3.647368 -1.018772 3.146255 3.635998 -1.059585 3.147327 -0.000000 16.740364 -2.049021 3.107868 -0.167624 -2.998674 -0.000005 9.617862 1.684978 -1.517780 0.123818 -15.395754 0.000005 22.037369 7.501073 -0.000000 0.000001 -0.000002 -4.569999 11.014870 -2.160841 0.914601 1.247197 -0.542153 -55.024072 16.078171 64.101086 0.000319 100.218888 -0.000268 55.399818 22.710826 -89.999962 -2.464791 -1.573991 2.681919 23.426675 8.329707 -18.518750 4.637199 -8.634151 -0.225379 -2.646266 -1.527798 1.527818 -1.273761 0.137316 -2.094874 -1.994601 -1.151556 1.151574 0.000003 -0.000003 0.000001 -9.108301 -0.517866 2.259805 0.224817 1.757237 -14.580599 -0.000008 -0.000000 0.000004 0.000010 0.000003 0.000004 -0.000001 -0.000001 0.000000 -9.532498 0.000013 0.000009 0.224817 1.757238 -14.580599 -0.000009 -0.000001 0.000005 0.000012 0.000003 0.000003 0.000000 0.000000 -0.000000 -9.103619 -0.043102 -1.865098 0.224817 1.757237 -14.580598 -0.000001 0.000005 0.000067 0.000002 0.000005 -0.000004 -0.000004 -0.000001 0.000002 -8.076698 -0.486714 -3.806288 0.224806 1.757230 -14.580599 -0.000002 0.000001 0.000010 0.000001 0.000006 -0.000003 -0.000001 -0.000000 -0.000001 4.570402 11.014665 -2.160816 1.067081 -2.739115 -10.020608 -34.700950 -10.368202 -47.889496 -0.000014 -108.207866 -0.000005 37.441089 -6.602375 89.999996 2.466099 -1.576216 2.681698 11.899855 3.218594 24.998113 3.939046 7.948721 0.746789 2.647887 -1.528757 1.528759 -0.579473 1.575007 2.538712 1.998925 -1.154073 1.154076 -0.000001 0.000001 -0.000000 9.109299 -0.518025 2.259896 0.090492 -1.114825 9.279451 -0.000001 0.000001 -0.000019 0.000000 0.000004 0.000000 0.000001 0.000003 0.000003 9.533404 -0.000007 -0.000004 0.090800 -1.116721 9.295428 0.000003 0.001924 -0.015980 0.000002 0.000002 -0.000005 0.000001 -0.000002 0.000002 9.104495 -0.043011 -1.865105 0.090493 -1.114824 9.279451 -0.000000 0.000002 -0.000236 0.000004 0.000001 -0.000009 0.000000 0.000001 -0.000000 8.077819 -0.486908 -3.806308 -0.581383 2.883447 9.800269 -0.018090 -4.054257 -0.511069 0.000000 0.000003 0.000000 0.000002 0.000003 -0.000002 -8.207801 -6.751705 -1.599546 -9.220070 -14.615872 -7.839630 49.323668 -9.858576 -1.449517 -24.197554 -3.282829 10.955808 -0.000004 -0.000003 -0.000003 -0.000000 0.000002 0.000000 8.207797 -6.751699 -1.599549 -13.890390 2.224983 10.373825 51.557738 -8.484662 9.978267 -24.730547 -0.050918 -9.786706 -0.311758 -0.000001 -0.000001 -0.000000 -0.000000 0.000000 
0.972978 93.806007 -2.524117 -14.054596 10.511718 -1.487355 -0.000001 10.181548 0.131520 1.832000 0.025221 -0.796162 3.647368 -1.018772 3.146255 3.635998 -1.059585 3.147327 -0.000000 16.740364 -2.049021 3.107868 -0.167624 -2.998674 -0.000005 9.617862 1.684978 -1.517780 0.123818 -15.395754 0.000005 22.037369 7.501073 -0.000000 0.000001 -0.000002 -4.569999 11.014870 -2.160841 0.914601 1.247197 -0.542153 -55.024072 16.078171 64.101086 0.000319 100.218888 -0.000268 55.399818 22.710826 -89.999962 -2.464791 -1.573991 2.681919 23.426675 8.329707 -18.518750 4.637199 -8.634151 -0.225379 -2.646266 -1.527798 1.527818 -1.273761 0.137316 -2.094874 -1.994601 -1.151556 1.151574 0.000003 -0.000003 0.000001 -9.108301 -0.517866 2.259805 0.224817 1.757237 -14.580599 -0.000008 -0.000000 0.000004 0.000010 0.000003 0.000004 -0.000001 -0.000001 0.000000 -9.532498 0.000013 0.000009 0.224817 1.757238 -14.580599 -0.000009 -0.000001 0.000005 0.000012 0.000003 0.000003 0.000000 0.000000 -0.000000 -9.103619 -0.043102 -1.865098 0.224817 1.757237 -14.580598 -0.000001 0.000005 0.000067 0.000002 0.000005 -0.000004 -0.000004 -0.000001 0.000002 -8.076698 -0.486714 -3.806288 0.224806 1.757230 -14.580599 -0.000002 0.000001 0.000010 0.000001 0.000006 -0.000003 -0.000001 -0.000000 -0.000001 4.570402 11.014665 -2.160816 1.067081 -2.739115 -10.020608 -34.700950 -10.368202 -47.889496 -0.000014 -108.207866 -0.000005 37.441089 -6.602375 89.999996 2.466099 -1.576216 2.681698 11.899855 3.218594 24.998113 3.939046 7.948721 0.746789 2.647887 -1.528757 1.528759 -0.579473 1.575007 2.538712 1.998925 -1.154073 1.154076 -0.000001 0.000001 -0.000000 9.109299 -0.518025 2.259896 0.090492 -1.114825 9.279451 -0.000001 0.000001 -0.000019 0.000000 0.000004 0.000000 0.000001 0.000003 0.000003 9.533404 -0.000007 -0.000004 0.090800 -1.116721 9.295428 0.000003 0.001924 -0.015980 0.000002 0.000002 -0.000005 0.000001 -0.000002 0.000002 9.104495 -0.043011 -1.865105 0.090493 -1.114824 9.279451 -0.000000 0.000002 -0.000236 0.000004 0.000001 -0.000009 0.000000 0.000001 -0.000000 8.077819 -0.486908 -3.806308 -0.581383 2.883447 9.800269 -0.018090 -4.054257 -0.511069 0.000000 0.000003 0.000000 0.000002 0.000003 -0.000002 -8.207801 -6.751705 -1.599546 -9.220070 -14.615872 -7.839630 49.323668 -9.858576 -1.449517 -24.197554 -3.282829 10.955808 -0.000004 -0.000003 -0.000003 -0.000000 0.000002 0.000000 8.207797 -6.751699 -1.599549 -13.890390 2.224983 10.373825 51.557738 -8.484662 9.978267 -24.730547 -0.050918 -9.786706 -0.311758 -0.000001 -0.000001 -0.000000 -0.000000 0.000000 
0.972978 93.806007 -2.524117 -14.054596 10.511718 -1.487355 -0.000001 10.181548 0.131520 1.832000 0.025221 -0.796162 3.647368 -1.018772 3.146255 3.635998 -1.059585 3.147327 -0.000000 16.740364 -2.049021 3.107868 -0.167624 -2.998674 -0.000005 9.617862 1.684978 -1.517780 0.123818 -15.395754 0.000005 22.037369 7.501073 -0.000000 0.000001 -0.000002 -4.569999 11.014870 -2.160841 0.914601 1.247197 -0.542153 -55.024072 16.078171 64.101086 0.000319 100.218888 -0.000268 55.399818 22.710826 -89.999962 -2.464791 -1.573991 2.681919 23.426675 8.329707 -18.518750 4.637199 -8.634151 -0.225379 -2.646266 -1.527798 1.527818 -1.273761 0.137316 -2.094874 -1.994601 -1.151556 1.151574 0.000003 -0.000003 0.000001 -9.108301 -0.517866 2.259805 0.224817 1.757237 -14.580599 -0.000008 -0.000000 0.000004 0.000010 0.000003 0.000004 -0.000001 -0.000001 0.000000 -9.532498 0.000013 0.000009 0.224817 1.757238 -14.580599 -0.000009 -0.000001 0.000005 0.000012 0.000003 0.000003 0.000000 0.000000 -0.000000 -9.103619 -0.043102 -1.865098 0.224817 1.757237 -14.580598 -0.000001 0.000005 0.000067 0.000002 0.000005 -0.000004 -0.000004 -0.000001 0.000002 -8.076698 -0.486714 -3.806288 0.224806 1.757230 -14.580599 -0.000002 0.000001 0.000010 0.000001 0.000006 -0.000003 -0.000001 -0.000000 -0.000001 4.570402 11.014665 -2.160816 1.067081 -2.739115 -10.020608 -34.700950 -10.368202 -47.889496 -0.000014 -108.207866 -0.000005 37.441089 -6.602375 89.999996 2.466099 -1.576216 2.681698 11.899855 3.218594 24.998113 3.939046 7.948721 0.746789 2.647887 -1.528757 1.528759 -0.579473 1.575007 2.538712 1.998925 -1.154073 1.154076 -0.000001 0.000001 -0.000000 9.109299 -0.518025 2.259896 0.090492 -1.114825 9.279451 -0.000001 0.000001 -0.000019 0.000000 0.000004 0.000000 0.000001 0.000003 0.000003 9.533404 -0.000007 -0.000004 0.090800 -1.116721 9.295428 0.000003 0.001924 -0.015980 0.000002 0.000002 -0.000005 0.000001 -0.000002 0.000002 9.104495 -0.043011 -1.865105 0.090493 -1.114824 9.279451 -0.000000 0.000002 -0.000236 0.000004 0.000001 -0.000009 0.000000 0.000001 -0.000000 8.077819 -0.486908 -3.806308 -0.581383 2.883447 9.800269 -0.018090 -4.054257 -0.511069 0.000000 0.000003 0.000000 0.000002 0.000003 -0.000002 -8.207801 -6.751705 -1.599546 -9.220070 -14.615872 -7.839630 49.323668 -9.858576 -1.449517 -24.197554 -3.282829 10.955808 -0.000004 -0.000003 -0.000003 -0.000000 0.000002 0.000000 8.207797 -6.751699 -1.599549 -13.890390 2.224983 10.373825 51.557738 -8.484662 9.978267 -24.730547 -0.050918 -9.786706 -0.311758 -0.000001 -0.000001 -0.000000 -0.000000 0.000000 
0.972978 93.806007 -2.524117 -14.054596 10.511718 -1.487355 -0.000001 10.181548 0.131520 1.832000 0.025221 -0.796162 3.647368 -1.018772 3.146255 3.635998 -1.059585 3.147327 -0.000000 16.740364 -2.049021 3.107868 -0.167624 -2.998674 -0.000005 9.617862 1.684978 -1.517780 0.123818 -15.395754 0.000005 22.037369 7.501073 -0.000000 0.000001 -0.000002 -4.569999 11.014870 -2.160841 0.914601 1.247197 -0.542153 -55.024072 16.078171 64.101086 0.000319 100.218888 -0.000268 55.399818 22.710826 -89.999962 -2.464791 -1.573991 2.681919 23.426675 8.329707 -18.518750 4.637199 -8.634151 -0.225379 -2.646266 -1.527798 1.527818 -1.273761 0.137316 -2.094874 -1.994601 -1.151556 1.151574 0.000003 -0.000003 0.000001 -9.108301 -0.517866 2.259805 0.224817 1.757237 -14.580599 -0.000008 -0.000000 0.000004 0.000010 0.000003 0.000004 -0.000001 -0.000001 0.000000 -9.532498 0.000013 0.000009 0.224817 1.757238 -14.580599 -0.000009 -0.000001 0.000005 0.000012 0.000003 0.000003 0.000000 0.000000 -0.000000 -9.103619 -0.043102 -1.865098 0.224817 1.757237 -14.580598 -0.000001 0.000005 0.000067 0.000002 0.000005 -0.000004 -0.000004 -0.000001 0.000002 -8.076698 -0.486714 -3.806288 0.224806 1.757230 -14.580599 -0.000002 0.000001 0.000010 0.000001 0.000006 -0.000003 -0.000001 -0.000000 -0.000001 4.570402 11.014665 -2.160816 1.067081 -2.739115 -10.020608 -34.700950 -10.368202 -47.889496 -0.000014 -108.207866 -0.000005 37.441089 -6.602375 89.999996 2.466099 -1.576216 2.681698 11.899855 3.218594 24.998113 3.939046 7.948721 0.746789 2.647887 -1.528757 1.528759 -0.579473 1.575007 2.538712 1.998925 -1.154073 1.154076 -0.000001 0.000001 -0.000000 9.109299 -0.518025 2.259896 0.090492 -1.114825 9.279451 -0.000001 0.000001 -0.000019 0.000000 0.000004 0.000000 0.000001 0.000003 0.000003 9.533404 -0.000007 -0.000004 0.090800 -1.116721 9.295428 0.000003 0.001924 -0.015980 0.000002 0.000002 -0.000005 0.000001 -0.000002 0.000002 9.104495 -0.043011 -1.865105 0.090493 -1.114824 9.279451 -0.000000 0.000002 -0.000236 0.000004 0.000001 -0.000009 0.000000 0.000001 -0.000000 8.077819 -0.486908 -3.806308 -0.581383 2.883447 9.800269 -0.018090 -4.054257 -0.511069 0.000000 0.000003 0.000000 0.000002 0.000003 -0.000002 -8.207801 -6.751705 -1.599546 -9.220070 -14.615872 -7.839630 49.323668 -9.858576 -1.449517 -24.197554 -3.282829 10.955808 -0.000004 -0.000003 -0.000003 -0.000000 0.000002 0.000000 8.207797 -6.751699 -1.599549 -13.890390 2.224983 10.373825 51.557738 -8.484662 9.978267 -24.730547 -0.050918 -9.786706 -0.311758 -0.000001 -0.000001 -0.000000 -0.000000 0.000000 
0.972978 93.806007 -2.524117 -14.054596 10.511718 -1.487355 -0.000001 10.181548 0.131520 1.832000 0.025221 -0.796162 3.647368 -1.018772 3.146255 3.635998 -1.059585 3.147327 -0.000000 16.740364 -2.049021 3.107868 -0.167624 -2.998674 -0.000005 9.617862 1.684978 -1.517780 0.123818 -15.395754 0.000005 22.037369 7.501073 -0.000000 0.000001 -0.000002 -4.569999 11.014870 -2.160841 0.914601 1.247197 -0.542153 -55.024072 16.078171 64.101086 0.000319 100.218888 -0.000268 55.399818 22.710826 -89.999962 -2.464791 -1.573991 2.681919 23.426675 8.329707 -18.518750 4.637199 -8.634151 -0.225379 -2.646266 -1.527798 1.527818 -1.273761 0.137316 -2.094874 -1.994601 -1.151556 1.151574 0.000003 -0.000003 0.000001 -9.108301 -0.517866 2.259805 0.224817 1.757237 -14.580599 -0.000008 -0.000000 0.000004 0.000010 0.000003 0.000004 -0.000001 -0.000001 0.000000 -9.532498 0.000013 0.000009 0.224817 1.757238 -14.580599 -0.000009 -0.000001 0.000005 0.000012 0.000003 0.000003 0.000000 0.000000 -0.000000 -9.103619 -0.043102 -1.865098 0.224817 1.757237 -14.580598 -0.000001 0.000005 0.000067 0.000002 0.000005 -0.000004 -0.000004 -0.000001 0.000002 -8.076698 -0.486714 -3.806288 0.224806 1.757230 -14.580599 -0.000002 0.000001 0.000010 0.000001 0.000006 -0.000003 -0.000001 -0.000000 -0.000001 4.570402 11.014665 -2.160816 1.067081 -2.739115 -10.020608 -34.700950 -10.368202 -47.889496 -0.000014 -108.207866 -0.000005 37.441089 -6.602375 89.999996 2.466099 -1.576216 2.681698 11.899855 3.218594 24.998113 3.939046 7.948721 0.746789 2.647887 -1.528757 1.528759 -0.579473 1.575007 2.538712 1.998925 -1.154073 1.154076 -0.000001 0.000001 -0.000000 9.109299 -0.518025 2.259896 0.090492 -1.114825 9.279451 -0.000001 0.000001 -0.000019 0.000000 0.000004 0.000000 0.000001 0.000003 0.000003 9.533404 -0.000007 -0.000004 0.090800 -1.116721 9.295428 0.000003 0.001924 -0.015980 0.000002 0.000002 -0.000005 0.000001 -0.000002 0.000002 9.104495 -0.043011 -1.865105 0.090493 -1.114824 9.279451 -0.000000 0.000002 -0.000236 0.000004 0.000001 -0.000009 0.000000 0.000001 -0.000000 8.077819 -0.486908 -3.806308 -0.581383 2.883447 9.800269 -0.018090 -4.054257 -0.511069 0.000000 0.000003 0.000000 0.000002 0.000003 -0.000002 -8.207801 -6.751705 -1.599546 -9.220070 -14.615872 -7.839630 49.323668 -9.858576 -1.449517 -24.197554 -3.282829 10.955808 -0.000004 -0.000003 -0.000003 -0.000000 0.000002 0.000000 8.207797 -6.751699 -1.599549 -13.890390 2.224983 10.373825 51.557738 -8.484662 9.978267 -24.730547 -0.050918 -9.786706 -0.311758 -0.000001 -0.000001 -0.000000 -0.000000 0.000000 
0.972978 93.806007 -2.524117 -14.054596 10.511718 -1.487355 -0.000001 10.181548 0.131520 1.832000 0.025221 -0.796162 3.647368 -1.018772 3.146255 3.635998 -1.059585 3.147327 -0.000000 16.740364 -2.049021 3.107868 -0.167624 -2.998674 -0.000005 9.617862 1.684978 -1.517780 0.123818 -15.395754 0.000005 22.037369 7.501073 -0.000000 0.000001 -0.000002 -4.569999 11.014870 -2.160841 0.914601 1.247197 -0.542153 -55.024072 16.078171 64.101086 0.000319 100.218888 -0.000268 55.399818 22.710826 -89.999962 -2.464791 -1.573991 2.681919 23.426675 8.329707 -18.518750 4.637199 -8.634151 -0.225379 -2.646266 -1.527798 1.527818 -1.273761 0.137316 -2.094874 -1.994601 -1.151556 1.151574 0.000003 -0.000003 0.000001 -9.108301 -0.517866 2.259805 0.224817 1.757237 -14.580599 -0.000008 -0.000000 0.000004 0.000010 0.000003 0.000004 -0.000001 -0.000001 0.000000 -9.532498 0.000013 0.000009 0.224817 1.757238 -14.580599 -0.000009 -0.000001 0.000005 0.000012 0.000003 0.000003 0.000000 0.000000 -0.000000 -9.103619 -0.043102 -1.865098 0.224817 1.757237 -14.580598 -0.000001 0.000005 0.000067 0.000002 0.000005 -0.000004 -0.000004 -0.000001 0.000002 -8.076698 -0.486714 -3.806288 0.224806 1.757230 -14.580599 -0.000002 0.000001 0.000010 0.000001 0.000006 -0.000003 -0.000001 -0.000000 -0.000001 4.570402 11.014665 -2.160816 1.067081 -2.739115 -10.020608 -34.700950 -10.368202 -47.889496 -0.000014 -108.207866 -0.000005 37.441089 -6.602375 89.999996 2.466099 -1.576216 2.681698 11.899855 3.218594 24.998113 3.939046 7.948721 0.746789 2.647887 -1.528757 1.528759 -0.579473 1.575007 2.538712 1.998925 -1.154073 1.154076 -0.000001 0.000001 -0.000000 9.109299 -0.518025 2.259896 0.090492 -1.114825 9.279451 -0.000001 0.000001 -0.000019 0.000000 0.000004 0.000000 0.000001 0.000003 0.000003 9.533404 -0.000007 -0.000004 0.090800 -1.116721 9.295428 0.000003 0.001924 -0.015980 0.000002 0.000002 -0.000005 0.000001 -0.000002 0.000002 9.104495 -0.043011 -1.865105 0.090493 -1.114824 9.279451 -0.000000 0.000002 -0.000236 0.000004 0.000001 -0.000009 0.000000 0.000001 -0.000000 8.077819 -0.486908 -3.806308 -0.581383 2.883447 9.800269 -0.018090 -4.054257 -0.511069 0.000000 0.000003 0.000000 0.000002 0.000003 -0.000002 -8.207801 -6.751705 -1.599546 -9.220070 -14.615872 -7.839630 49.323668 -9.858576 -1.449517 -24.197554 -3.282829 10.955808 -0.000004 -0.000003 -0.000003 -0.000000 0.000002 0.000000 8.207797 -6.751699 -1.599549 -13.890390 2.224983 10.373825 51.557738 -8.484662 9.978267 -24.730547 -0.050918 -9.786706 -0.311758 -0.000001 -0.000001 -0.000000 -0.000000 0.000000 
0.972978 93.806007 -2.524117 -14.054596 10.511718 -1.487355 -0.000001 10.181548 0.131520 1.832000 0.025221 -0.796162 3.647368 -1.018772 3.146255 3.635998 -1.059585 3.147327 -0.000000 16.740364 -2.049021 3.107868 -0.167624 -2.998674 -0.000005 9.617862 1.684978 -1.517780 0.123818 -15.395754 0.000005 22.037369 7.501073 -0.000000 0.000001 -0.000002 -4.569999 11.014870 -2.160841 0.914601 1.247197 -0.542153 -55.024072 16.078171 64.101086 0.000319 100.218888 -0.000268 55.399818 22.710826 -89.999962 -2.464791 -1.573991 2.681919 23.426675 8.329707 -18.518750 4.637199 -8.634151 -0.225379 -2.646266 -1.527798 1.527818 -1.273761 0.137316 -2.094874 -1.994601 -1.151556 1.151574 0.000003 -0.000003 0.000001 -9.108301 -0.517866 2.259805 0.224817 1.757237 -14.580599 -0.000008 -0.000000 0.000004 0.000010 0.000003 0.000004 -0.000001 -0.000001 0.000000 -9.532498 0.000013 0.000009 0.224817 1.757238 -14.580599 -0.000009 -0.000001 0.000005 0.000012 0.000003 0.000003 0.000000 0.000000 -0.000000 -9.103619 -0.043102 -1.865098 0.224817 1.757237 -14.580598 -0.000001 0.000005 0.000067 0.000002 0.000005 -0.000004 -0.000004 -0.000001 0.000002 -8.076698 -0.486714 -3.806288 0.224806 1.757230 -14.580599 -0.000002 0.000001 0.000010 0.000001 0.000006 -0.000003 -0.000001 -0.000000 -0.000001 4.570402 11.014665 -2.160816 1.067081 -2.739115 -10.020608 -34.700950 -10.368202 -47.889496 -0.000014 -108.207866 -0.000005 37.441089 -6.602375 89.999996 2.466099 -1.576216 2.681698 11.899855 3.218594 24.998113 3.939046 7.948721 0.746789 2.647887 -1.528757 1.528759 -0.579473 1.575007 2.538712 1.998925 -1.154073 1.154076 -0.000001 0.000001 -0.000000 9.109299 -0.518025 2.259896 0.090492 -1.114825 9.279451 -0.000001 0.000001 -0.000019 0.000000 0.000004 0.000000 0.000001 0.000003 0.000003 9.533404 -0.000007 -0.000004 0.090800 -1.116721 9.295428 0.000003 0.001924 -0.015980 0.000002 0.000002 -0.000005 0.000001 -0.000002 0.000002 9.104495 -0.043011 -1.865105 0.090493 -1.114824 9.279451 -0.000000 0.000002 -0.000236 0.000004 0.000001 -0.000009 0.000000 0.000001 -0.000000 8.077819 -0.486908 -3.806308 -0.581383 2.883447 9.800269 -0.018090 -4.054257 -0.511069 0.000000 0.000003 0.000000 0.000002 0.000003 -0.000002 -8.207801 -6.751705 -1.599546 -9.220070 -14.615872 -7.839630 49.323668 -9.858576 -1.449517 -24.197554 -3.282829 10.955808 -0.000004 -0.000003 -0.000003 -0.000000 0.000002 0.000000 8.207797 -6.751699 -1.599549 -13.890390 2.224983 10.373825 51.557738 -8.484662 9.978267 -24.730547 -0.050918 -9.786706 -0.311758 -0.000001 -0.000001 -0.000000 -0.000000 0.000000 
0.972978 93.806007 -2.524117 -14.054596 10.511718 -1.487355 -0.000001 10.181548 0.131520 1.832000 0.025221 -0.796162 3.647368 -1.018772 3.146255 3.635998 -1.059585 3.147327 -0.000000 16.740364 -2.049021 3.107868 -0.167624 -2.998674 -0.000005 9.617862 1.684978 -1.517780 0.123818 -15.395754 0.000005 22.037369 7.501073 -0.000000 0.000001 -0.000002 -4.569999 11.014870 -2.160841 0.914601 1.247197 -0.542153 -55.024072 16.078171 64.101086 0.000319 100.218888 -0.000268 55.399818 22.710826 -89.999962 -2.464791 -1.573991 2.681919 23.426675 8.329707 -18.518750 4.637199 -8.634151 -0.225379 -2.646266 -1.527798 1.527818 -1.273761 0.137316 -2.094874 -1.994601 -1.151556 1.151574 0.000003 -0.000003 0.000001 -9.108301 -0.517866 2.259805 0.224817 1.757237 -14.580599 -0.000008 -0.000000 0.000004 0.000010 0.000003 0.000004 -0.000001 -0.000001 0.000000 -9.532498 0.000013 0.000009 0.224817 1.757238 -14.580599 -0.000009 -0.000001 0.000005 0.000012 0.000003 0.000003 0.000000 0.000000 -0.000000 -9.103619 -0.043102 -1.865098 0.224817 1.757237 -14.580598 -0.000001 0.000005 0.000067 0.000002 0.000005 -0.000004 -0.000004 -0.000001 0.000002 -8.076698 -0.486714 -3.806288 0.224806 1.757230 -14.580599 -0.000002 0.000001 0.000010 0.000001 0.000006 -0.000003 -0.000001 -0.000000 -0.000001 4.570402 11.014665 -2.160816 1.067081 -2.739115 -10.020608 -34.700950 -10.368202 -47.889496 -0.000014 -108.207866 -0.000005 37.441089 -6.602375 89.999996 2.466099 -1.576216 2.681698 11.899855 3.218594 24.998113 3.939046 7.948721 0.746789 2.647887 -1.528757 1.528759 -0.579473 1.575007 2.538712 1.998925 -1.154073 1.154076 -0.000001 0.000001 -0.000000 9.109299 -0.518025 2.259896 0.090492 -1.114825 9.279451 -0.000001 0.000001 -0.000019 0.000000 0.000004 0.000000 0.000001 0.000003 0.000003 9.533404 -0.000007 -0.000004 0.090800 -1.116721 9.295428 0.000003 0.001924 -0.015980 0.000002 0.000002 -0.000005 0.000001 -0.000002 0.000002 9.104495 -0.043011 -1.865105 0.090493 -1.114824 9.279451 -0.000000 0.000002 -0.000236 0.000004 0.000001 -0.000009 0.000000 0.000001 -0.000000 8.077819 -0.486908 -3.806308 -0.581383 2.883447 9.800269 -0.018090 -4.054257 -0.511069 0.000000 0.000003 0.000000 0.000002 0.000003 -0.000002 -8.207801 -6.751705 -1.599546 -9.220070 -14.615872 -7.839630 49.323668 -9.858576 -1.449517 -24.197554 -3.282829 10.955808 -0.000004 -0.000003 -0.000003 -0.000000 0.000002 0.000000 8.207797 -6.751699 -1.599549 -13.890390 2.224983 10.373825 51.557738 -8.484662 9.978267 -24.730547 -0.050918 -9.786706 -0.311758 -0.000001 -0.000001 -0.000000 -0.000000 0.000000 
0.972978 93.806007 -2.524117 -14.054596 10.511718 -1.487355 -0.000001 10.181548 0.131520 1.832000 0.025221 -0.796162 3.647368 -1.018772 3.146255 3.635998 -1.059585 3.147327 -0.000000 16.740364 -2.049021 3.107868 -0.167624 -2.998674 -0.000005 9.617862 1.684978 -1.517780 0.123818 -15.395754 0.000005 22.037369 7.501073 -0.000000 0.000001 -0.000002 -4.569999 11.014870 -2.160841 0.914601 1.247197 -0.542153 -55.024072 16.078171 64.101086 0.000319 100.218888 -0.000268 55.399818 22.710826 -89.999962 -2.464791 -1.573991 2.681919 23.426675 8.329707 -18.518750 4.637199 -8.634151 -0.225379 -2.646266 -1.527798 1.527818 -1.273761 0.137316 -2.094874 -1.994601 -1.151556 1.151574 0.000003 -0.000003 0.000001 -9.108301 -0.517866 2.259805 0.224817 1.757237 -14.580599 -0.000008 -0.000000 0.000004 0.000010 0.000003 0.000004 -0.000001 -0.000001 0.000000 -9.532498 0.000013 0.000009 0.224817 1.757238 -14.580599 -0.000009 -0.000001 0.000005 0.000012 0.000003 0.000003 0.000000 0.000000 -0.000000 -9.103619 -0.043102 -1.865098 0.224817 1.757237 -14.580598 -0.000001 0.000005 0.000067 0.000002 0.000005 -0.000004 -0.000004 -0.000001 0.000002 -8.076698 -0.486714 -3.806288 0.224806 1.757230 -14.580599 -0.000002 0.000001 0.000010 0.000001 0.000006 -0.000003 -0.000001 -0.000000 -0.000001 4.570402 11.014665 -2.160816 1.067081 -2.739115 -10.020608 -34.700950 -10.368202 -47.889496 -0.000014 -108.207866 -0.000005 37.441089 -6.602375 89.999996 2.466099 -1.576216 2.681698 11.899855 3.218594 24.998113 3.939046 7.948721 0.746789 2.647887 -1.528757 1.528759 -0.579473 1.575007 2.538712 1.998925 -1.154073 1.154076 -0.000001 0.000001 -0.000000 9.109299 -0.518025 2.259896 0.090492 -1.114825 9.279451 -0.000001 0.000001 -0.000019 0.000000 0.000004 0.000000 0.000001 0.000003 0.000003 9.533404 -0.000007 -0.000004 0.090800 -1.116721 9.295428 0.000003 0.001924 -0.015980 0.000002 0.000002 -0.000005 0.000001 -0.000002 0.000002 9.104495 -0.043011 -1.865105 0.090493 -1.114824 9.279451 -0.000000 0.000002 -0.000236 0.000004 0.000001 -0.000009 0.000000 0.000001 -0.000000 8.077819 -0.486908 -3.806308 -0.581383 2.883447 9.800269 -0.018090 -4.054257 -0.511069 0.000000 0.000003 0.000000 0.000002 0.000003 -0.000002 -8.207801 -6.751705 -1.599546 -9.220070 -14.615872 -7.839630 49.323668 -9.858576 -1.449517 -24.197554 -3.282829 10.955808 -0.000004 -0.000003 -0.000003 -0.000000 0.000002 0.000000 8.207797 -6.751699 -1.599549 -13.890390 2.224983 10.373825 51.557738 -8.484662 9.978267 -24.730547 -0.050918 -9.786706 -0.311758 -0.000001 -0.000001 -0.000000 -0.000000 0.000000 
0.972978 93.806007 -2.524117 -14.054596 10.511718 -1.487355 -0.000001 10.181548 0.131520 1.832000 0.025221 -0.796162 3.647368 -1.018772 3.146255 3.635998 -1.059585 3.147327 -0.000000 16.740364 -2.049021 3.107868 -0.167624 -2.998674 -0.000005 9.617862 1.684978 -1.517780 0.123818 -15.395754 0.000005 22.037369 7.501073 -0.000000 0.000001 -0.000002 -4.569999 11.014870 -2.160841 0.914601 1.247197 -0.542153 -55.024072 16.078171 64.101086 0.000319 100.218888 -0.000268 55.399818 22.710826 -89.999962 -2.464791 -1.573991 2.681919 23.426675 8.329707 -18.518750 4.637199 -8.634151 -0.225379 -2.646266 -1.527798 1.527818 -1.273761 0.137316 -2.094874 -1.994601 -1.151556 1.151574 0.000003 -0.000003 0.000001 -9.108301 -0.517866 2.259805 0.224817 1.757237 -14.580599 -0.000008 -0.000000 0.000004 0.000010 0.000003 0.000004 -0.000001 -0.000001 0.000000 -9.532498 0.000013 0.000009 0.224817 1.757238 -14.580599 -0.000009 -0.000001 0.000005 0.000012 0.000003 0.000003 0.000000 0.000000 -0.000000 -9.103619 -0.043102 -1.865098 0.224817 1.757237 -14.580598 -0.000001 0.000005 0.000067 0.000002 0.000005 -0.000004 -0.000004 -0.000001 0.000002 -8.076698 -0.486714 -3.806288 0.224806 1.757230 -14.580599 -0.000002 0.000001 0.000010 0.000001 0.000006 -0.000003 -0.000001 -0.000000 -0.000001 4.570402 11.014665 -2.160816 1.067081 -2.739115 -10.020608 -34.700950 -10.368202 -47.889496 -0.000014 -108.207866 -0.000005 37.441089 -6.602375 89.999996 2.466099 -1.576216 2.681698 11.899855 3.218594 24.998113 3.939046 7.948721 0.746789 2.647887 -1.528757 1.528759 -0.579473 1.575007 2.538712 1.998925 -1.154073 1.154076 -0.000001 0.000001 -0.000000 9.109299 -0.518025 2.259896 0.090492 -1.114825 9.279451 -0.000001 0.000001 -0.000019 0.000000 0.000004 0.000000 0.000001 0.000003 0.000003 9.533404 -0.000007 -0.000004 0.090800 -1.116721 9.295428 0.000003 0.001924 -0.015980 0.000002 0.000002 -0.000005 0.000001 -0.000002 0.000002 9.104495 -0.043011 -1.865105 0.090493 -1.114824 9.279451 -0.000000 0.000002 -0.000236 0.000004 0.000001 -0.000009 0.000000 0.000001 -0.000000 8.077819 -0.486908 -3.806308 -0.581383 2.883447 9.800269 -0.018090 -4.054257 -0.511069 0.000000 0.000003 0.000000 0.000002 0.000003 -0.000002 -8.207801 -6.751705 -1.599546 -9.220070 -14.615872 -7.839630 49.323668 -9.858576 -1.449517 -24.197554 -3.282829 10.955808 -0.000004 -0.000003 -0.000003 -0.000000 0.000002 0.000000 8.207797 -6.751699 -1.599549 -13.890390 2.224983 10.373825 51.557738 -8.484662 9.978267 -24.730547 -0.050918 -9.786706 -0.311758 -0.000001 -0.000001 -0.000000 -0.000000 0.000000 
0.972978 93.806007 -2.524117 -14.054596 10.511718 -1.487355 -0.000001 10.181548 0.131520 1.832000 0.025221 -0.796162 3.647368 -1.018772 3.146255 3.635998 -1.059585 3.147327 -0.000000 16.740364 -2.049021 3.107868 -0.167624 -2.998674 -0.000005 9.617862 1.684978 -1.517780 0.123818 -15.395754 0.000005 22.037369 7.501073 -0.000000 0.000001 -0.000002 -4.569999 11.014870 -2.160841 0.914601 1.247197 -0.542153 -55.024072 16.078171 64.101086 0.000319 100.218888 -0.000268 55.399818 22.710826 -89.999962 -2.464791 -1.573991 2.681919 23.426675 8.329707 -18.518750 4.637199 -8.634151 -0.225379 -2.646266 -1.527798 1.527818 -1.273761 0.137316 -2.094874 -1.994601 -1.151556 1.151574 0.000003 -0.000003 0.000001 -9.108301 -0.517866 2.259805 0.224817 1.757237 -14.580599 -0.000008 -0.000000 0.000004 0.000010 0.000003 0.000004 -0.000001 -0.000001 0.000000 -9.532498 0.000013 0.000009 0.224817 1.757238 -14.580599 -0.000009 -0.000001 0.000005 0.000012 0.000003 0.000003 0.000000 0.000000 -0.000000 -9.103619 -0.043102 -1.865098 0.224817 1.757237 -14.580598 -0.000001 0.000005 0.000067 0.000002 0.000005 -0.000004 -0.000004 -0.000001 0.000002 -8.076698 -0.486714 -3.806288 0.224806 1.757230 -14.580599 -0.000002 0.000001 0.000010 0.000001 0.000006 -0.000003 -0.000001 -0.000000 -0.000001 4.570402 11.014665 -2.160816 1.067081 -2.739115 -10.020608 -34.700950 -10.368202 -47.889496 -0.000014 -108.207866 -0.000005 37.441089 -6.602375 89.999996 2.466099 -1.576216 2.681698 11.899855 3.218594 24.998113 3.939046 7.948721 0.746789 2.647887 -1.528757 1.528759 -0.579473 1.575007 2.538712 1.998925 -1.154073 1.154076 -0.000001 0.000001 -0.000000 9.109299 -0.518025 2.259896 0.090492 -1.114825 9.279451 -0.000001 0.000001 -0.000019 0.000000 0.000004 0.000000 0.000001 0.000003 0.000003 9.533404 -0.000007 -0.000004 0.090800 -1.116721 9.295428 0.000003 0.001924 -0.015980 0.000002 0.000002 -0.000005 0.000001 -0.000002 0.000002 9.104495 -0.043011 -1.865105 0.090493 -1.114824 9.279451 -0.000000 0.000002 -0.000236 0.000004 0.000001 -0.000009 0.000000 0.000001 -0.000000 8.077819 -0.486908 -3.806308 -0.581383 2.883447 9.800269 -0.018090 -4.054257 -0.511069 0.000000 0.000003 0.000000 0.000002 0.000003 -0.000002 -8.207801 -6.751705 -1.599546 -9.220070 -14.615872 -7.839630 49.323668 -9.858576 -1.449517 -24.197554 -3.282829 10.955808 -0.000004 -0.000003 -0.000003 -0.000000 0.000002 0.000000 8.207797 -6.751699 -1.599549 -13.890390 2.224983 10.373825 51.557738 -8.484662 9.978267 -24.730547 -0.050918 -9.786706 -0.311758 -0.000001 -0.000001 -0.000000 -0.000000 0.000000 
0.972978 93.806007 -2.524117 -14.054596 10.511718 -1.487355 -0.000001 10.181548 0.131520 1.832000 0.025221 -0.796162 3.647368 -1.018772 3.146255 3.635998 -1.059585 3.147327 -0.000000 16.740364 -2.049021 3.107868 -0.167624 -2.998674 -0.000005 9.617862 1.684978 -1.517780 0.123818 -15.395754 0.000005 22.037369 7.501073 -0.000000 0.000001 -0.000002 -4.569999 11.014870 -2.160841 0.914601 1.247197 -0.542153 -55.024072 16.078171 64.101086 0.000319 100.218888 -0.000268 55.399818 22.710826 -89.999962 -2.464791 -1.573991 2.681919 23.426675 8.329707 -18.518750 4.637199 -8.634151 -0.225379 -2.646266 -1.527798 1.527818 -1.273761 0.137316 -2.094874 -1.994601 -1.151556 1.151574 0.000003 -0.000003 0.000001 -9.108301 -0.517866 2.259805 0.224817 1.757237 -14.580599 -0.000008 -0.000000 0.000004 0.000010 0.000003 0.000004 -0.000001 -0.000001 0.000000 -9.532498 0.000013 0.000009 0.224817 1.757238 -14.580599 -0.000009 -0.000001 0.000005 0.000012 0.000003 0.000003 0.000000 0.000000 -0.000000 -9.103619 -0.043102 -1.865098 0.224817 1.757237 -14.580598 -0.000001 0.000005 0.000067 0.000002 0.000005 -0.000004 -0.000004 -0.000001 0.000002 -8.076698 -0.486714 -3.806288 0.224806 1.757230 -14.580599 -0.000002 0.000001 0.000010 0.000001 0.000006 -0.000003 -0.000001 -0.000000 -0.000001 4.570402 11.014665 -2.160816 1.067081 -2.739115 -10.020608 -34.700950 -10.368202 -47.889496 -0.000014 -108.207866 -0.000005 37.441089 -6.602375 89.999996 2.466099 -1.576216 2.681698 11.899855 3.218594 24.998113 3.939046 7.948721 0.746789 2.647887 -1.528757 1.528759 -0.579473 1.575007 2.538712 1.998925 -1.154073 1.154076 -0.000001 0.000001 -0.000000 9.109299 -0.518025 2.259896 0.090492 -1.114825 9.279451 -0.000001 0.000001 -0.000019 0.000000 0.000004 0.000000 0.000001 0.000003 0.000003 9.533404 -0.000007 -0.000004 0.090800 -1.116721 9.295428 0.000003 0.001924 -0.015980 0.000002 0.000002 -0.000005 0.000001 -0.000002 0.000002 9.104495 -0.043011 -1.865105 0.090493 -1.114824 9.279451 -0.000000 0.000002 -0.000236 0.000004 0.000001 -0.000009 0.000000 0.000001 -0.000000 8.077819 -0.486908 -3.806308 -0.581383 2.883447 9.800269 -0.018090 -4.054257 -0.511069 0.000000 0.000003 0.000000 0.000002 0.000003 -0.000002 -8.207801 -6.751705 -1.599546 -9.220070 -14.615872 -7.839630 49.323668 -9.858576 -1.449517 -24.197554 -3.282829 10.955808 -0.000004 -0.000003 -0.000003 -0.000000 0.000002 0.000000 8.207797 -6.751699 -1.599549 -13.890390 2.224983 10.373825 51.557738 -8.484662 9.978267 -24.730547 -0.050918 -9.786706 -0.311758 -0.000001 -0.000001 -0.000000 -0.000000 0.000000 
0.972978 93.806007 -2.524117 -14.054596 10.511718 -1.487355 -0.000001 10.181548 0.131520 1.832000 0.025221 -0.796162 3.647368 -1.018772 3.146255 3.635998 -1.059585 3.147327 -0.000000 16.740364 -2.049021 3.107868 -0.167624 -2.998674 -0.000005 9.617862 1.684978 -1.517780 0.123818 -15.395754 0.000005 22.037369 7.501073 -0.000000 0.000001 -0.000002 -4.569999 11.014870 -2.160841 0.914601 1.247197 -0.542153 -55.024072 16.078171 64.101086 0.000319 100.218888 -0.000268 55.399818 22.710826 -89.999962 -2.464791 -1.573991 2.681919 23.426675 8.329707 -18.518750 4.637199 -8.634151 -0.225379 -2.646266 -1.527798 1.527818 -1.273761 0.137316 -2.094874 -1.994601 -1.151556 1.151574 0.000003 -0.000003 0.000001 -9.108301 -0.517866 2.259805 0.224817 1.757237 -14.580599 -0.000008 -0.000000 0.000004 0.000010 0.000003 0.000004 -0.000001 -0.000001 0.000000 -9.532498 0.000013 0.000009 0.224817 1.757238 -14.580599 -0.000009 -0.000001 0.000005 0.000012 0.000003 0.000003 0.000000 0.000000 -0.000000 -9.103619 -0.043102 -1.865098 0.224817 1.757237 -14.580598 -0.000001 0.000005 0.000067 0.000002 0.000005 -0.000004 -0.000004 -0.000001 0.000002 -8.076698 -0.486714 -3.806288 0.224806 1.757230 -14.580599 -0.000002 0.000001 0.000010 0.000001 0.000006 -0.000003 -0.000001 -0.000000 -0.000001 4.570402 11.014665 -2.160816 1.067081 -2.739115 -10.020608 -34.700950 -10.368202 -47.889496 -0.000014 -108.207866 -0.000005 37.441089 -6.602375 89.999996 2.466099 -1.576216 2.681698 11.899855 3.218594 24.998113 3.939046 7.948721 0.746789 2.647887 -1.528757 1.528759 -0.579473 1.575007 2.538712 1.998925 -1.154073 1.154076 -0.000001 0.000001 -0.000000 9.109299 -0.518025 2.259896 0.090492 -1.114825 9.279451 -0.000001 0.000001 -0.000019 0.000000 0.000004 0.000000 0.000001 0.000003 0.000003 9.533404 -0.000007 -0.000004 0.090800 -1.116721 9.295428 0.000003 0.001924 -0.015980 0.000002 0.000002 -0.000005 0.000001 -0.000002 0.000002 9.104495 -0.043011 -1.865105 0.090493 -1.114824 9.279451 -0.000000 0.000002 -0.000236 0.000004 0.000001 -0.000009 0.000000 0.000001 -0.000000 8.077819 -0.486908 -3.806308 -0.581383 2.883447 9.800269 -0.018090 -4.054257 -0.511069 0.000000 0.000003 0.000000 0.000002 0.000003 -0.000002 -8.207801 -6.751705 -1.599546 -9.220070 -14.615872 -7.839630 49.323668 -9.858576 -1.449517 -24.197554 -3.282829 10.955808 -0.000004 -0.000003 -0.000003 -0.000000 0.000002 0.000000 8.207797 -6.751699 -1.599549 -13.890390 2.224983 10.373825 51.557738 -8.484662 9.978267 -24.730547 -0.050918 -9.786706 -0.311758 -0.000001 -0.000001 -0.000000 -0.000000 0.000000 
0.972978 93.806007 -2.524117 -14.054596 10.511718 -1.487355 -0.000001 10.181548 0.131520 1.832000 0.025221 -0.796162 3.647368 -1.018772 3.146255 3.635998 -1.059585 3.147327 -0.000000 16.740364 -2.049021 3.107868 -0.167624 -2.998674 -0.000005 9.617862 1.684978 -1.517780 0.123818 -15.395754 0.000005 22.037369 7.501073 -0.000000 0.000001 -0.000002 -4.569999 11.014870 -2.160841 0.914601 1.247197 -0.542153 -55.024072 16.078171 64.101086 0.000319 100.218888 -0.000268 55.399818 22.710826 -89.999962 -2.464791 -1.573991 2.681919 23.426675 8.329707 -18.518750 4.637199 -8.634151 -0.225379 -2.646266 -1.527798 1.527818 -1.273761 0.137316 -2.094874 -1.994601 -1.151556 1.151574 0.000003 -0.000003 0.000001 -9.108301 -0.517866 2.259805 0.224817 1.757237 -14.580599 -0.000008 -0.000000 0.000004 0.000010 0.000003 0.000004 -0.000001 -0.000001 0.000000 -9.532498 0.000013 0.000009 0.224817 1.757238 -14.580599 -0.000009 -0.000001 0.000005 0.000012 0.000003 0.000003 0.000000 0.000000 -0.000000 -9.103619 -0.043102 -1.865098 0.224817 1.757237 -14.580598 -0.000001 0.000005 0.000067 0.000002 0.000005 -0.000004 -0.000004 -0.000001 0.000002 -8.076698 -0.486714 -3.806288 0.224806 1.757230 -14.580599 -0.000002 0.000001 0.000010 0.000001 0.000006 -0.000003 -0.000001 -0.000000 -0.000001 4.570402 11.014665 -2.160816 1.067081 -2.739115 -10.020608 -34.700950 -10.368202 -47.889496 -0.000014 -108.207866 -0.000005 37.441089 -6.602375 89.999996 2.466099 -1.576216 2.681698 11.899855 3.218594 24.998113 3.939046 7.948721 0.746789 2.647887 -1.528757 1.528759 -0.579473 1.575007 2.538712 1.998925 -1.154073 1.154076 -0.000001 0.000001 -0.000000 9.109299 -0.518025 2.259896 0.090492 -1.114825 9.279451 -0.000001 0.000001 -0.000019 0.000000 0.000004 0.000000 0.000001 0.000003 0.000003 9.533404 -0.000007 -0.000004 0.090800 -1.116721 9.295428 0.000003 0.001924 -0.015980 0.000002 0.000002 -0.000005 0.000001 -0.000002 0.000002 9.104495 -0.043011 -1.865105 0.090493 -1.114824 9.279451 -0.000000 0.000002 -0.000236 0.000004 0.000001 -0.000009 0.000000 0.000001 -0.000000 8.077819 -0.486908 -3.806308 -0.581383 2.883447 9.800269 -0.018090 -4.054257 -0.511069 0.000000 0.000003 0.000000 0.000002 0.000003 -0.000002 -8.207801 -6.751705 -1.599546 -9.220070 -14.615872 -7.839630 49.323668 -9.858576 -1.449517 -24.197554 -3.282829 10.955808 -0.000004 -0.000003 -0.000003 -0.000000 0.000002 0.000000 8.207797 -6.751699 -1.599549 -13.890390 2.224983 10.373825 51.557738 -8.484662 9.978267 -24.730547 -0.050918 -9.786706 -0.311758 -0.000001 -0.000001 -0.000000 -0.000000 0.000000 
0.972978 93.806007 -2.524117 -14.054596 10.511718 -1.487355 -0.000001 10.181548 0.131520 1.832000 0.025221 -0.796162 3.647368 -1.018772 3.146255 3.635998 -1.059585 3.147327 -0.000000 16.740364 -2.049021 3.107868 -0.167624 -2.998674 -0.000005 9.617862 1.684978 -1.517780 0.123818 -15.395754 0.000005 22.037369 7.501073 -0.000000 0.000001 -0.000002 -4.569999 11.014870 -2.160841 0.914601 1.247197 -0.542153 -55.024072 16.078171 64.101086 0.000319 100.218888 -0.000268 55.399818 22.710826 -89.999962 -2.464791 -1.573991 2.681919 23.426675 8.329707 -18.518750 4.637199 -8.634151 -0.225379 -2.646266 -1.527798 1.527818 -1.273761 0.137316 -2.094874 -1.994601 -1.151556 1.151574 0.000003 -0.000003 0.000001 -9.108301 -0.517866 2.259805 0.224817 1.757237 -14.580599 -0.000008 -0.000000 0.000004 0.000010 0.000003 0.000004 -0.000001 -0.000001 0.000000 -9.532498 0.000013 0.000009 0.224817 1.757238 -14.580599 -0.000009 -0.000001 0.000005 0.000012 0.000003 0.000003 0.000000 0.000000 -0.000000 -9.103619 -0.043102 -1.865098 0.224817 1.757237 -14.580598 -0.000001 0.000005 0.000067 0.000002 0.000005 -0.000004 -0.000004 -0.000001 0.000002 -8.076698 -0.486714 -3.806288 0.224806 1.757230 -14.580599 -0.000002 0.000001 0.000010 0.000001 0.000006 -0.000003 -0.000001 -0.000000 -0.000001 4.570402 11.014665 -2.160816 1.067081 -2.739115 -10.020608 -34.700950 -10.368202 -47.889496 -0.000014 -108.207866 -0.000005 37.441089 -6.602375 89.999996 2.466099 -1.576216 2.681698 11.899855 3.218594 24.998113 3.939046 7.948721 0.746789 2.647887 -1.528757 1.528759 -0.579473 1.575007 2.538712 1.998925 -1.154073 1.154076 -0.000001 0.000001 -0.000000 9.109299 -0.518025 2.259896 0.090492 -1.114825 9.279451 -0.000001 0.000001 -0.000019 0.000000 0.000004 0.000000 0.000001 0.000003 0.000003 9.533404 -0.000007 -0.000004 0.090800 -1.116721 9.295428 0.000003 0.001924 -0.015980 0.000002 0.000002 -0.000005 0.000001 -0.000002 0.000002 9.104495 -0.043011 -1.865105 0.090493 -1.114824 9.279451 -0.000000 0.000002 -0.000236 0.000004 0.000001 -0.000009 0.000000 0.000001 -0.000000 8.077819 -0.486908 -3.806308 -0.581383 2.883447 9.800269 -0.018090 -4.054257 -0.511069 0.000000 0.000003 0.000000 0.000002 0.000003 -0.000002 -8.207801 -6.751705 -1.599546 -9.220070 -14.615872 -7.839630 49.323668 -9.858576 -1.449517 -24.197554 -3.282829 10.955808 -0.000004 -0.000003 -0.000003 -0.000000 0.000002 0.000000 8.207797 -6.751699 -1.599549 -13.890390 2.224983 10.373825 51.557738 -8.484662 9.978267 -24.730547 -0.050918 -9.786706 -0.311758 -0.000001 -0.000001 -0.000000 -0.000000 0.000000 
0.972978 93.806007 -2.524117 -14.054596 10.511718 -1.487355 -0.000001 10.181548 0.131520 1.832000 0.025221 -0.796162 3.647368 -1.018772 3.146255 3.635998 -1.059585 3.147327 -0.000000 16.740364 -2.049021 3.107868 -0.167624 -2.998674 -0.000005 9.617862 1.684978 -1.517780 0.123818 -15.395754 0.000005 22.037369 7.501073 -0.000000 0.000001 -0.000002 -4.569999 11.014870 -2.160841 0.914601 1.247197 -0.542153 -55.024072 16.078171 64.101086 0.000319 100.218888 -0.000268 55.399818 22.710826 -89.999962 -2.464791 -1.573991 2.681919 23.426675 8.329707 -18.518750 4.637199 -8.634151 -0.225379 -2.646266 -1.527798 1.527818 -1.273761 0.137316 -2.094874 -1.994601 -1.151556 1.151574 0.000003 -0.000003 0.000001 -9.108301 -0.517866 2.259805 0.224817 1.757237 -14.580599 -0.000008 -0.000000 0.000004 0.000010 0.000003 0.000004 -0.000001 -0.000001 0.000000 -9.532498 0.000013 0.000009 0.224817 1.757238 -14.580599 -0.000009 -0.000001 0.000005 0.000012 0.000003 0.000003 0.000000 0.000000 -0.000000 -9.103619 -0.043102 -1.865098 0.224817 1.757237 -14.580598 -0.000001 0.000005 0.000067 0.000002 0.000005 -0.000004 -0.000004 -0.000001 0.000002 -8.076698 -0.486714 -3.806288 0.224806 1.757230 -14.580599 -0.000002 0.000001 0.000010 0.000001 0.000006 -0.000003 -0.000001 -0.000000 -0.000001 4.570402 11.014665 -2.160816 1.067081 -2.739115 -10.020608 -34.700950 -10.368202 -47.889496 -0.000014 -108.207866 -0.000005 37.441089 -6.602375 89.999996 2.466099 -1.576216 2.681698 11.899855 3.218594 24.998113 3.939046 7.948721 0.746789 2.647887 -1.528757 1.528759 -0.579473 1.575007 2.538712 1.998925 -1.154073 1.154076 -0.000001 0.000001 -0.000000 9.109299 -0.518025 2.259896 0.090492 -1.114825 9.279451 -0.000001 0.000001 -0.000019 0.000000 0.000004 0.000000 0.000001 0.000003 0.000003 9.533404 -0.000007 -0.000004 0.090800 -1.116721 9.295428 0.000003 0.001924 -0.015980 0.000002 0.000002 -0.000005 0.000001 -0.000002 0.000002 9.104495 -0.043011 -1.865105 0.090493 -1.114824 9.279451 -0.000000 0.000002 -0.000236 0.000004 0.000001 -0.000009 0.000000 0.000001 -0.000000 8.077819 -0.486908 -3.806308 -0.581383 2.883447 9.800269 -0.018090 -4.054257 -0.511069 0.000000 0.000003 0.000000 0.000002 0.000003 -0.000002 -8.207801 -6.751705 -1.599546 -9.220070 -14.615872 -7.839630 49.323668 -9.858576 -1.449517 -24.197554 -3.282829 10.955808 -0.000004 -0.000003 -0.000003 -0.000000 0.000002 0.000000 8.207797 -6.751699 -1.599549 -13.890390 2.224983 10.373825 51.557738 -8.484662 9.978267 -24.730547 -0.050918 -9.786706 -0.311758 -0.000001 -0.000001 -0.000000 -0.000000 0.000000 
0.972978 93.806007 -2.524117 -14.054596 10.511718 -1.487355 -0.000001 10.181548 0.131520 1.832000 0.025221 -0.796162 3.647368 -1.018772 3.146255 3.635998 -1.059585 3.147327 -0.000000 16.740364 -2.049021 3.107868 -0.167624 -2.998674 -0.000005 9.617862 1.684978 -1.517780 0.123818 -15.395754 0.000005 22.037369 7.501073 -0.000000 0.000001 -0.000002 -4.569999 11.014870 -2.160841 0.914601 1.247197 -0.542153 -55.024072 16.078171 64.101086 0.000319 100.218888 -0.000268 55.399818 22.710826 -89.999962 -2.464791 -1.573991 2.681919 23.426675 8.329707 -18.518750 4.637199 -8.634151 -0.225379 -2.646266 -1.527798 1.527818 -1.273761 0.137316 -2.094874 -1.994601 -1.151556 1.151574 0.000003 -0.000003 0.000001 -9.108301 -0.517866 2.259805 0.224817 1.757237 -14.580599 -0.000008 -0.000000 0.000004 0.000010 0.000003 0.000004 -0.000001 -0.000001 0.000000 -9.532498 0.000013 0.000009 0.224817 1.757238 -14.580599 -0.000009 -0.000001 0.000005 0.000012 0.000003 0.000003 0.000000 0.000000 -0.000000 -9.103619 -0.043102 -1.865098 0.224817 1.757237 -14.580598 -0.000001 0.000005 0.000067 0.000002 0.000005 -0.000004 -0.000004 -0.000001 0.000002 -8.076698 -0.486714 -3.806288 0.224806 1.757230 -14.580599 -0.000002 0.000001 0.000010 0.000001 0.000006 -0.000003 -0.000001 -0.000000 -0.000001 4.570402 11.014665 -2.160816 1.067081 -2.739115 -10.020608 -34.700950 -10.368202 -47.889496 -0.000014 -108.207866 -0.000005 37.441089 -6.602375 89.999996 2.466099 -1.576216 2.681698 11.899855 3.218594 24.998113 3.939046 7.948721 0.746789 2.647887 -1.528757 1.528759 -0.579473 1.575007 2.538712 1.998925 -1.154073 1.154076 -0.000001 0.000001 -0.000000 9.109299 -0.518025 2.259896 0.090492 -1.114825 9.279451 -0.000001 0.000001 -0.000019 0.000000 0.000004 0.000000 0.000001 0.000003 0.000003 9.533404 -0.000007 -0.000004 0.090800 -1.116721 9.295428 0.000003 0.001924 -0.015980 0.000002 0.000002 -0.000005 0.000001 -0.000002 0.000002 9.104495 -0.043011 -1.865105 0.090493 -1.114824 9.279451 -0.000000 0.000002 -0.000236 0.000004 0.000001 -0.000009 0.000000 0.000001 -0.000000 8.077819 -0.486908 -3.806308 -0.581383 2.883447 9.800269 -0.018090 -4.054257 -0.511069 0.000000 0.000003 0.000000 0.000002 0.000003 -0.000002 -8.207801 -6.751705 -1.599546 -9.220070 -14.615872 -7.839630 49.323668 -9.858576 -1.449517 -24.197554 -3.282829 10.955808 -0.000004 -0.000003 -0.000003 -0.000000 0.000002 0.000000 8.207797 -6.751699 -1.599549 -13.890390 2.224983 10.373825 51.557738 -8.484662 9.978267 -24.730547 -0.050918 -9.786706 -0.311758 -0.000001 -0.000001 -0.000000 -0.000000 0.000000 
0.972978 93.806007 -2.524117 -14.054596 10.511718 -1.487355 -0.000001 10.181548 0.131520 1.832000 0.025221 -0.796162 3.647368 -1.018772 3.146255 3.635998 -1.059585 3.147327 -0.000000 16.740364 -2.049021 3.107868 -0.167624 -2.998674 -0.000005 9.617862 1.684978 -1.517780 0.123818 -15.395754 0.000005 22.037369 7.501073 -0.000000 0.000001 -0.000002 -4.569999 11.014870 -2.160841 0.914601 1.247197 -0.542153 -55.024072 16.078171 64.101086 0.000319 100.218888 -0.000268 55.399818 22.710826 -89.999962 -2.464791 -1.573991 2.681919 23.426675 8.329707 -18.518750 4.637199 -8.634151 -0.225379 -2.646266 -1.527798 1.527818 -1.273761 0.137316 -2.094874 -1.994601 -1.151556 1.151574 0.000003 -0.000003 0.000001 -9.108301 -0.517866 2.259805 0.224817 1.757237 -14.580599 -0.000008 -0.000000 0.000004 0.000010 0.000003 0.000004 -0.000001 -0.000001 0.000000 -9.532498 0.000013 0.000009 0.224817 1.757238 -14.580599 -0.000009 -0.000001 0.000005 0.000012 0.000003 0.000003 0.000000 0.000000 -0.000000 -9.103619 -0.043102 -1.865098 0.224817 1.757237 -14.580598 -0.000001 0.000005 0.000067 0.000002 0.000005 -0.000004 -0.000004 -0.000001 0.000002 -8.076698 -0.486714 -3.806288 0.224806 1.757230 -14.580599 -0.000002 0.000001 0.000010 0.000001 0.000006 -0.000003 -0.000001 -0.000000 -0.000001 4.570402 11.014665 -2.160816 1.067081 -2.739115 -10.020608 -34.700950 -10.368202 -47.889496 -0.000014 -108.207866 -0.000005 37.441089 -6.602375 89.999996 2.466099 -1.576216 2.681698 11.899855 3.218594 24.998113 3.939046 7.948721 0.746789 2.647887 -1.528757 1.528759 -0.579473 1.575007 2.538712 1.998925 -1.154073 1.154076 -0.000001 0.000001 -0.000000 9.109299 -0.518025 2.259896 0.090492 -1.114825 9.279451 -0.000001 0.000001 -0.000019 0.000000 0.000004 0.000000 0.000001 0.000003 0.000003 9.533404 -0.000007 -0.000004 0.090800 -1.116721 9.295428 0.000003 0.001924 -0.015980 0.000002 0.000002 -0.000005 0.000001 -0.000002 0.000002 9.104495 -0.043011 -1.865105 0.090493 -1.114824 9.279451 -0.000000 0.000002 -0.000236 0.000004 0.000001 -0.000009 0.000000 0.000001 -0.000000 8.077819 -0.486908 -3.806308 -0.581383 2.883447 9.800269 -0.018090 -4.054257 -0.511069 0.000000 0.000003 0.000000 0.000002 0.000003 -0.000002 -8.207801 -6.751705 -1.599546 -9.220070 -14.615872 -7.839630 49.323668 -9.858576 -1.449517 -24.197554 -3.282829 10.955808 -0.000004 -0.000003 -0.000003 -0.000000 0.000002 0.000000 8.207797 -6.751699 -1.599549 -13.890390 2.224983 10.373825 51.557738 -8.484662 9.978267 -24.730547 -0.050918 -9.786706 -0.311758 -0.000001 -0.000001 -0.000000 -0.000000 0.000000 
0.972978 93.806007 -2.524117 -14.054596 10.511718 -1.487355 -0.000001 10.181548 0.131520 1.832000 0.025221 -0.796162 3.647368 -1.018772 3.146255 3.635998 -1.059585 3.147327 -0.000000 16.740364 -2.049021 3.107868 -0.167624 -2.998674 -0.000005 9.617862 1.684978 -1.517780 0.123818 -15.395754 0.000005 22.037369 7.501073 -0.000000 0.000001 -0.000002 -4.569999 11.014870 -2.160841 0.914601 1.247197 -0.542153 -55.024072 16.078171 64.101086 0.000319 100.218888 -0.000268 55.399818 22.710826 -89.999962 -2.464791 -1.573991 2.681919 23.426675 8.329707 -18.518750 4.637199 -8.634151 -0.225379 -2.646266 -1.527798 1.527818 -1.273761 0.137316 -2.094874 -1.994601 -1.151556 1.151574 0.000003 -0.000003 0.000001 -9.108301 -0.517866 2.259805 0.224817 1.757237 -14.580599 -0.000008 -0.000000 0.000004 0.000010 0.000003 0.000004 -0.000001 -0.000001 0.000000 -9.532498 0.000013 0.000009 0.224817 1.757238 -14.580599 -0.000009 -0.000001 0.000005 0.000012 0.000003 0.000003 0.000000 0.000000 -0.000000 -9.103619 -0.043102 -1.865098 0.224817 1.757237 -14.580598 -0.000001 0.000005 0.000067 0.000002 0.000005 -0.000004 -0.000004 -0.000001 0.000002 -8.076698 -0.486714 -3.806288 0.224806 1.757230 -14.580599 -0.000002 0.000001 0.000010 0.000001 0.000006 -0.000003 -0.000001 -0.000000 -0.000001 4.570402 11.014665 -2.160816 1.067081 -2.739115 -10.020608 -34.700950 -10.368202 -47.889496 -0.000014 -108.207866 -0.000005 37.441089 -6.602375 89.999996 2.466099 -1.576216 2.681698 11.899855 3.218594 24.998113 3.939046 7.948721 0.746789 2.647887 -1.528757 1.528759 -0.579473 1.575007 2.538712 1.998925 -1.154073 1.154076 -0.000001 0.000001 -0.000000 9.109299 -0.518025 2.259896 0.090492 -1.114825 9.279451 -0.000001 0.000001 -0.000019 0.000000 0.000004 0.000000 0.000001 0.000003 0.000003 9.533404 -0.000007 -0.000004 0.090800 -1.116721 9.295428 0.000003 0.001924 -0.015980 0.000002 0.000002 -0.000005 0.000001 -0.000002 0.000002 9.104495 -0.043011 -1.865105 0.090493 -1.114824 9.279451 -0.000000 0.000002 -0.000236 0.000004 0.000001 -0.000009 0.000000 0.000001 -0.000000 8.077819 -0.486908 -3.806308 -0.581383 2.883447 9.800269 -0.018090 -4.054257 -0.511069 0.000000 0.000003 0.000000 0.000002 0.000003 -0.000002 -8.207801 -6.751705 -1.599546 -9.220070 -14.615872 -7.839630 49.323668 -9.858576 -1.449517 -24.197554 -3.282829 10.955808 -0.000004 -0.000003 -0.000003 -0.000000 0.000002 0.000000 8.207797 -6.751699 -1.599549 -13.890390 2.224983 10.373825 51.557738 -8.484662 9.978267 -24.730547 -0.050918 -9.786706 -0.311758 -0.000001 -0.000001 -0.000000 -0.000000 0.000000 
0.972978 93.806007 -2.524117 -14.054596 10.511718 -1.487355 -0.000001 10.181548 0.131520 1.832000 0.025221 -0.796162 3.647368 -1.018772 3.146255 3.635998 -1.059585 3.147327 -0.000000 16.740364 -2.049021 3.107868 -0.167624 -2.998674 -0.000005 9.617862 1.684978 -1.517780 0.123818 -15.395754 0.000005 22.037369 7.501073 -0.000000 0.000001 -0.000002 -4.569999 11.014870 -2.160841 0.914601 1.247197 -0.542153 -55.024072 16.078171 64.101086 0.000319 100.218888 -0.000268 55.399818 22.710826 -89.999962 -2.464791 -1.573991 2.681919 23.426675 8.329707 -18.518750 4.637199 -8.634151 -0.225379 -2.646266 -1.527798 1.527818 -1.273761 0.137316 -2.094874 -1.994601 -1.151556 1.151574 0.000003 -0.000003 0.000001 -9.108301 -0.517866 2.259805 0.224817 1.757237 -14.580599 -0.000008 -0.000000 0.000004 0.000010 0.000003 0.000004 -0.000001 -0.000001 0.000000 -9.532498 0.000013 0.000009 0.224817 1.757238 -14.580599 -0.000009 -0.000001 0.000005 0.000012 0.000003 0.000003 0.000000 0.000000 -0.000000 -9.103619 -0.043102 -1.865098 0.224817 1.757237 -14.580598 -0.000001 0.000005 0.000067 0.000002 0.000005 -0.000004 -0.000004 -0.000001 0.000002 -8.076698 -0.486714 -3.806288 0.224806 1.757230 -14.580599 -0.000002 0.000001 0.000010 0.000001 0.000006 -0.000003 -0.000001 -0.000000 -0.000001 4.570402 11.014665 -2.160816 1.067081 -2.739115 -10.020608 -34.700950 -10.368202 -47.889496 -0.000014 -108.207866 -0.000005 37.441089 -6.602375 89.999996 2.466099 -1.576216 2.681698 11.899855 3.218594 24.998113 3.939046 7.948721 0.746789 2.647887 -1.528757 1.528759 -0.579473 1.575007 2.538712 1.998925 -1.154073 1.154076 -0.000001 0.000001 -0.000000 9.109299 -0.518025 2.259896 0.090492 -1.114825 9.279451 -0.000001 0.000001 -0.000019 0.000000 0.000004 0.000000 0.000001 0.000003 0.000003 9.533404 -0.000007 -0.000004 0.090800 -1.116721 9.295428 0.000003 0.001924 -0.015980 0.000002 0.000002 -0.000005 0.000001 -0.000002 0.000002 9.104495 -0.043011 -1.865105 0.090493 -1.114824 9.279451 -0.000000 0.000002 -0.000236 0.000004 0.000001 -0.000009 0.000000 0.000001 -0.000000 8.077819 -0.486908 -3.806308 -0.581383 2.883447 9.800269 -0.018090 -4.054257 -0.511069 0.000000 0.000003 0.000000 0.000002 0.000003 -0.000002 -8.207801 -6.751705 -1.599546 -9.220070 -14.615872 -7.839630 49.323668 -9.858576 -1.449517 -24.197554 -3.282829 10.955808 -0.000004 -0.000003 -0.000003 -0.000000 0.000002 0.000000 8.207797 -6.751699 -1.599549 -13.890390 2.224983 10.373825 51.557738 -8.484662 9.978267 -24.730547 -0.050918 -9.786706 -0.311758 -0.000001 -0.000001 -0.000000 -0.000000 0.000000 
0.972978 93.806007 -2.524117 -14.054596 10.511718 -1.487355 -0.000001 10.181548 0.131520 1.832000 0.025221 -0.796162 3.647368 -1.018772 3.146255 3.635998 -1.059585 3.147327 -0.000000 16.740364 -2.049021 3.107868 -0.167624 -2.998674 -0.000005 9.617862 1.684978 -1.517780 0.123818 -15.395754 0.000005 22.037369 7.501073 -0.000000 0.000001 -0.000002 -4.569999 11.014870 -2.160841 0.914601 1.247197 -0.542153 -55.024072 16.078171 64.101086 0.000319 100.218888 -0.000268 55.399818 22.710826 -89.999962 -2.464791 -1.573991 2.681919 23.426675 8.329707 -18.518750 4.637199 -8.634151 -0.225379 -2.646266 -1.527798 1.527818 -1.273761 0.137316 -2.094874 -1.994601 -1.151556 1.151574 0.000003 -0.000003 0.000001 -9.108301 -0.517866 2.259805 0.224817 1.757237 -14.580599 -0.000008 -0.000000 0.000004 0.000010 0.000003 0.000004 -0.000001 -0.000001 0.000000 -9.532498 0.000013 0.000009 0.224817 1.757238 -14.580599 -0.000009 -0.000001 0.000005 0.000012 0.000003 0.000003 0.000000 0.000000 -0.000000 -9.103619 -0.043102 -1.865098 0.224817 1.757237 -14.580598 -0.000001 0.000005 0.000067 0.000002 0.000005 -0.000004 -0.000004 -0.000001 0.000002 -8.076698 -0.486714 -3.806288 0.224806 1.757230 -14.580599 -0.000002 0.000001 0.000010 0.000001 0.000006 -0.000003 -0.000001 -0.000000 -0.000001 4.570402 11.014665 -2.160816 1.067081 -2.739115 -10.020608 -34.700950 -10.368202 -47.889496 -0.000014 -108.207866 -0.000005 37.441089 -6.602375 89.999996 2.466099 -1.576216 2.681698 11.899855 3.218594 24.998113 3.939046 7.948721 0.746789 2.647887 -1.528757 1.528759 -0.579473 1.575007 2.538712 1.998925 -1.154073 1.154076 -0.000001 0.000001 -0.000000 9.109299 -0.518025 2.259896 0.090492 -1.114825 9.279451 -0.000001 0.000001 -0.000019 0.000000 0.000004 0.000000 0.000001 0.000003 0.000003 9.533404 -0.000007 -0.000004 0.090800 -1.116721 9.295428 0.000003 0.001924 -0.015980 0.000002 0.000002 -0.000005 0.000001 -0.000002 0.000002 9.104495 -0.043011 -1.865105 0.090493 -1.114824 9.279451 -0.000000 0.000002 -0.000236 0.000004 0.000001 -0.000009 0.000000 0.000001 -0.000000 8.077819 -0.486908 -3.806308 -0.581383 2.883447 9.800269 -0.018090 -4.054257 -0.511069 0.000000 0.000003 0.000000 0.000002 0.000003 -0.000002 -8.207801 -6.751705 -1.599546 -9.220070 -14.615872 -7.839630 49.323668 -9.858576 -1.449517 -24.197554 -3.282829 10.955808 -0.000004 -0.000003 -0.000003 -0.000000 0.000002 0.000000 8.207797 -6.751699 -1.599549 -13.890390 2.224983 10.373825 51.557738 -8.484662 9.978267 -24.730547 -0.050918 -9.786706 -0.311758 -0.000001 -0.000001 -0.000000 -0.000000 0.000000 
0.972978 93.806007 -2.524117 -14.054596 10.511718 -1.487355 -0.000001 10.181548 0.131520 1.832000 0.025221 -0.796162 3.647368 -1.018772 3.146255 3.635998 -1.059585 3.147327 -0.000000 16.740364 -2.049021 3.107868 -0.167624 -2.998674 -0.000005 9.617862 1.684978 -1.517780 0.123818 -15.395754 0.000005 22.037369 7.501073 -0.000000 0.000001 -0.000002 -4.569999 11.014870 -2.160841 0.914601 1.247197 -0.542153 -55.024072 16.078171 64.101086 0.000319 100.218888 -0.000268 55.399818 22.710826 -89.999962 -2.464791 -1.573991 2.681919 23.426675 8.329707 -18.518750 4.637199 -8.634151 -0.225379 -2.646266 -1.527798 1.527818 -1.273761 0.137316 -2.094874 -1.994601 -1.151556 1.151574 0.000003 -0.000003 0.000001 -9.108301 -0.517866 2.259805 0.224817 1.757237 -14.580599 -0.000008 -0.000000 0.000004 0.000010 0.000003 0.000004 -0.000001 -0.000001 0.000000 -9.532498 0.000013 0.000009 0.224817 1.757238 -14.580599 -0.000009 -0.000001 0.000005 0.000012 0.000003 0.000003 0.000000 0.000000 -0.000000 -9.103619 -0.043102 -1.865098 0.224817 1.757237 -14.580598 -0.000001 0.000005 0.000067 0.000002 0.000005 -0.000004 -0.000004 -0.000001 0.000002 -8.076698 -0.486714 -3.806288 0.224806 1.757230 -14.580599 -0.000002 0.000001 0.000010 0.000001 0.000006 -0.000003 -0.000001 -0.000000 -0.000001 4.570402 11.014665 -2.160816 1.067081 -2.739115 -10.020608 -34.700950 -10.368202 -47.889496 -0.000014 -108.207866 -0.000005 37.441089 -6.602375 89.999996 2.466099 -1.576216 2.681698 11.899855 3.218594 24.998113 3.939046 7.948721 0.746789 2.647887 -1.528757 1.528759 -0.579473 1.575007 2.538712 1.998925 -1.154073 1.154076 -0.000001 0.000001 -0.000000 9.109299 -0.518025 2.259896 0.090492 -1.114825 9.279451 -0.000001 0.000001 -0.000019 0.000000 0.000004 0.000000 0.000001 0.000003 0.000003 9.533404 -0.000007 -0.000004 0.090800 -1.116721 9.295428 0.000003 0.001924 -0.015980 0.000002 0.000002 -0.000005 0.000001 -0.000002 0.000002 9.104495 -0.043011 -1.865105 0.090493 -1.114824 9.279451 -0.000000 0.000002 -0.000236 0.000004 0.000001 -0.000009 0.000000 0.000001 -0.000000 8.077819 -0.486908 -3.806308 -0.581383 2.883447 9.800269 -0.018090 -4.054257 -0.511069 0.000000 0.000003 0.000000 0.000002 0.000003 -0.000002 -8.207801 -6.751705 -1.599546 -9.220070 -14.615872 -7.839630 49.323668 -9.858576 -1.449517 -24.197554 -3.282829 10.955808 -0.000004 -0.000003 -0.000003 -0.000000 0.000002 0.000000 8.207797 -6.751699 -1.599549 -13.890390 2.224983 10.373825 51.557738 -8.484662 9.978267 -24.730547 -0.050918 -9.786706 -0.311758 -0.000001 -0.000001 -0.000000 -0.000000 0.000000 
0.972978 93.806007 -2.524117 -14.054596 10.511718 -1.487355 -0.000001 10.181548 0.131520 1.832000 0.025221 -0.796162 3.647368 -1.018772 3.146255 3.635998 -1.059585 3.147327 -0.000000 16.740364 -2.049021 3.107868 -0.167624 -2.998674 -0.000005 9.617862 1.684978 -1.517780 0.123818 -15.395754 0.000005 22.037369 7.501073 -0.000000 0.000001 -0.000002 -4.569999 11.014870 -2.160841 0.914601 1.247197 -0.542153 -55.024072 16.078171 64.101086 0.000319 100.218888 -0.000268 55.399818 22.710826 -89.999962 -2.464791 -1.573991 2.681919 23.426675 8.329707 -18.518750 4.637199 -8.634151 -0.225379 -2.646266 -1.527798 1.527818 -1.273761 0.137316 -2.094874 -1.994601 -1.151556 1.151574 0.000003 -0.000003 0.000001 -9.108301 -0.517866 2.259805 0.224817 1.757237 -14.580599 -0.000008 -0.000000 0.000004 0.000010 0.000003 0.000004 -0.000001 -0.000001 0.000000 -9.532498 0.000013 0.000009 0.224817 1.757238 -14.580599 -0.000009 -0.000001 0.000005 0.000012 0.000003 0.000003 0.000000 0.000000 -0.000000 -9.103619 -0.043102 -1.865098 0.224817 1.757237 -14.580598 -0.000001 0.000005 0.000067 0.000002 0.000005 -0.000004 -0.000004 -0.000001 0.000002 -8.076698 -0.486714 -3.806288 0.224806 1.757230 -14.580599 -0.000002 0.000001 0.000010 0.000001 0.000006 -0.000003 -0.000001 -0.000000 -0.000001 4.570402 11.014665 -2.160816 1.067081 -2.739115 -10.020608 -34.700950 -10.368202 -47.889496 -0.000014 -108.207866 -0.000005 37.441089 -6.602375 89.999996 2.466099 -1.576216 2.681698 11.899855 3.218594 24.998113 3.939046 7.948721 0.746789 2.647887 -1.528757 1.528759 -0.579473 1.575007 2.538712 1.998925 -1.154073 1.154076 -0.000001 0.000001 -0.000000 9.109299 -0.518025 2.259896 0.090492 -1.114825 9.279451 -0.000001 0.000001 -0.000019 0.000000 0.000004 0.000000 0.000001 0.000003 0.000003 9.533404 -0.000007 -0.000004 0.090800 -1.116721 9.295428 0.000003 0.001924 -0.015980 0.000002 0.000002 -0.000005 0.000001 -0.000002 0.000002 9.104495 -0.043011 -1.865105 0.090493 -1.114824 9.279451 -0.000000 0.000002 -0.000236 0.000004 0.000001 -0.000009 0.000000 0.000001 -0.000000 8.077819 -0.486908 -3.806308 -0.581383 2.883447 9.800269 -0.018090 -4.054257 -0.511069 0.000000 0.000003 0.000000 0.000002 0.000003 -0.000002 -8.207801 -6.751705 -1.599546 -9.220070 -14.615872 -7.839630 49.323668 -9.858576 -1.449517 -24.197554 -3.282829 10.955808 -0.000004 -0.000003 -0.000003 -0.000000 0.000002 0.000000 8.207797 -6.751699 -1.599549 -13.890390 2.224983 10.373825 51.557738 -8.484662 9.978267 -24.730547 -0.050918 -9.786706 -0.311758 -0.000001 -0.000001 -0.000000 -0.000000 0.000000 
0.972978 93.806007 -2.524117 -14.054596 10.511718 -1.487355 -0.000001 10.181548 0.131520 1.832000 0.025221 -0.796162 3.647368 -1.018772 3.146255 3.635998 -1.059585 3.147327 -0.000000 16.740364 -2.049021 3.107868 -0.167624 -2.998674 -0.000005 9.617862 1.684978 -1.517780 0.123818 -15.395754 0.000005 22.037369 7.501073 -0.000000 0.000001 -0.000002 -4.569999 11.014870 -2.160841 0.914601 1.247197 -0.542153 -55.024072 16.078171 64.101086 0.000319 100.218888 -0.000268 55.399818 22.710826 -89.999962 -2.464791 -1.573991 2.681919 23.426675 8.329707 -18.518750 4.637199 -8.634151 -0.225379 -2.646266 -1.527798 1.527818 -1.273761 0.137316 -2.094874 -1.994601 -1.151556 1.151574 0.000003 -0.000003 0.000001 -9.108301 -0.517866 2.259805 0.224817 1.757237 -14.580599 -0.000008 -0.000000 0.000004 0.000010 0.000003 0.000004 -0.000001 -0.000001 0.000000 -9.532498 0.000013 0.000009 0.224817 1.757238 -14.580599 -0.000009 -0.000001 0.000005 0.000012 0.000003 0.000003 0.000000 0.000000 -0.000000 -9.103619 -0.043102 -1.865098 0.224817 1.757237 -14.580598 -0.000001 0.000005 0.000067 0.000002 0.000005 -0.000004 -0.000004 -0.000001 0.000002 -8.076698 -0.486714 -3.806288 0.224806 1.757230 -14.580599 -0.000002 0.000001 0.000010 0.000001 0.000006 -0.000003 -0.000001 -0.000000 -0.000001 4.570402 11.014665 -2.160816 1.067081 -2.739115 -10.020608 -34.700950 -10.368202 -47.889496 -0.000014 -108.207866 -0.000005 37.441089 -6.602375 89.999996 2.466099 -1.576216 2.681698 11.899855 3.218594 24.998113 3.939046 7.948721 0.746789 2.647887 -1.528757 1.528759 -0.579473 1.575007 2.538712 1.998925 -1.154073 1.154076 -0.000001 0.000001 -0.000000 9.109299 -0.518025 2.259896 0.090492 -1.114825 9.279451 -0.000001 0.000001 -0.000019 0.000000 0.000004 0.000000 0.000001 0.000003 0.000003 9.533404 -0.000007 -0.000004 0.090800 -1.116721 9.295428 0.000003 0.001924 -0.015980 0.000002 0.000002 -0.000005 0.000001 -0.000002 0.000002 9.104495 -0.043011 -1.865105 0.090493 -1.114824 9.279451 -0.000000 0.000002 -0.000236 0.000004 0.000001 -0.000009 0.000000 0.000001 -0.000000 8.077819 -0.486908 -3.806308 -0.581383 2.883447 9.800269 -0.018090 -4.054257 -0.511069 0.000000 0.000003 0.000000 0.000002 0.000003 -0.000002 -8.207801 -6.751705 -1.599546 -9.220070 -14.615872 -7.839630 49.323668 -9.858576 -1.449517 -24.197554 -3.282829 10.955808 -0.000004 -0.000003 -0.000003 -0.000000 0.000002 0.000000 8.207797 -6.751699 -1.599549 -13.890390 2.224983 10.373825 51.557738 -8.484662 9.978267 -24.730547 -0.050918 -9.786706 -0.311758 -0.000001 -0.000001 -0.000000 -0.000000 0.000000 
0.972978 93.806007 -2.524117 -14.054596 10.511718 -1.487355 -0.000001 10.181548 0.131520 1.832000 0.025221 -0.796162 3.647368 -1.018772 3.146255 3.635998 -1.059585 3.147327 -0.000000 16.740364 -2.049021 3.107868 -0.167624 -2.998674 -0.000005 9.617862 1.684978 -1.517780 0.123818 -15.395754 0.000005 22.037369 7.501073 -0.000000 0.000001 -0.000002 -4.569999 11.014870 -2.160841 0.914601 1.247197 -0.542153 -55.024072 16.078171 64.101086 0.000319 100.218888 -0.000268 55.399818 22.710826 -89.999962 -2.464791 -1.573991 2.681919 23.426675 8.329707 -18.518750 4.637199 -8.634151 -0.225379 -2.646266 -1.527798 1.527818 -1.273761 0.137316 -2.094874 -1.994601 -1.151556 1.151574 0.000003 -0.000003 0.000001 -9.108301 -0.517866 2.259805 0.224817 1.757237 -14.580599 -0.000008 -0.000000 0.000004 0.000010 0.000003 0.000004 -0.000001 -0.000001 0.000000 -9.532498 0.000013 0.000009 0.224817 1.757238 -14.580599 -0.000009 -0.000001 0.000005 0.000012 0.000003 0.000003 0.000000 0.000000 -0.000000 -9.103619 -0.043102 -1.865098 0.224817 1.757237 -14.580598 -0.000001 0.000005 0.000067 0.000002 0.000005 -0.000004 -0.000004 -0.000001 0.000002 -8.076698 -0.486714 -3.806288 0.224806 1.757230 -14.580599 -0.000002 0.000001 0.000010 0.000001 0.000006 -0.000003 -0.000001 -0.000000 -0.000001 4.570402 11.014665 -2.160816 1.067081 -2.739115 -10.020608 -34.700950 -10.368202 -47.889496 -0.000014 -108.207866 -0.000005 37.441089 -6.602375 89.999996 2.466099 -1.576216 2.681698 11.899855 3.218594 24.998113 3.939046 7.948721 0.746789 2.647887 -1.528757 1.528759 -0.579473 1.575007 2.538712 1.998925 -1.154073 1.154076 -0.000001 0.000001 -0.000000 9.109299 -0.518025 2.259896 0.090492 -1.114825 9.279451 -0.000001 0.000001 -0.000019 0.000000 0.000004 0.000000 0.000001 0.000003 0.000003 9.533404 -0.000007 -0.000004 0.090800 -1.116721 9.295428 0.000003 0.001924 -0.015980 0.000002 0.000002 -0.000005 0.000001 -0.000002 0.000002 9.104495 -0.043011 -1.865105 0.090493 -1.114824 9.279451 -0.000000 0.000002 -0.000236 0.000004 0.000001 -0.000009 0.000000 0.000001 -0.000000 8.077819 -0.486908 -3.806308 -0.581383 2.883447 9.800269 -0.018090 -4.054257 -0.511069 0.000000 0.000003 0.000000 0.000002 0.000003 -0.000002 -8.207801 -6.751705 -1.599546 -9.220070 -14.615872 -7.839630 49.323668 -9.858576 -1.449517 -24.197554 -3.282829 10.955808 -0.000004 -0.000003 -0.000003 -0.000000 0.000002 0.000000 8.207797 -6.751699 -1.599549 -13.890390 2.224983 10.373825 51.557738 -8.484662 9.978267 -24.730547 -0.050918 -9.786706 -0.311758 -0.000001 -0.000001 -0.000000 -0.000000 0.000000 
0.972978 93.806007 -2.524117 -14.054596 10.511718 -1.487355 -0.000001 10.181548 0.131520 1.832000 0.025221 -0.796162 3.647368 -1.018772 3.146255 3.635998 -1.059585 3.147327 -0.000000 16.740364 -2.049021 3.107868 -0.167624 -2.998674 -0.000005 9.617862 1.684978 -1.517780 0.123818 -15.395754 0.000005 22.037369 7.501073 -0.000000 0.000001 -0.000002 -4.569999 11.014870 -2.160841 0.914601 1.247197 -0.542153 -55.024072 16.078171 64.101086 0.000319 100.218888 -0.000268 55.399818 22.710826 -89.999962 -2.464791 -1.573991 2.681919 23.426675 8.329707 -18.518750 4.637199 -8.634151 -0.225379 -2.646266 -1.527798 1.527818 -1.273761 0.137316 -2.094874 -1.994601 -1.151556 1.151574 0.000003 -0.000003 0.000001 -9.108301 -0.517866 2.259805 0.224817 1.757237 -14.580599 -0.000008 -0.000000 0.000004 0.000010 0.000003 0.000004 -0.000001 -0.000001 0.000000 -9.532498 0.000013 0.000009 0.224817 1.757238 -14.580599 -0.000009 -0.000001 0.000005 0.000012 0.000003 0.000003 0.000000 0.000000 -0.000000 -9.103619 -0.043102 -1.865098 0.224817 1.757237 -14.580598 -0.000001 0.000005 0.000067 0.000002 0.000005 -0.000004 -0.000004 -0.000001 0.000002 -8.076698 -0.486714 -3.806288 0.224806 1.757230 -14.580599 -0.000002 0.000001 0.000010 0.000001 0.000006 -0.000003 -0.000001 -0.000000 -0.000001 4.570402 11.014665 -2.160816 1.067081 -2.739115 -10.020608 -34.700950 -10.368202 -47.889496 -0.000014 -108.207866 -0.000005 37.441089 -6.602375 89.999996 2.466099 -1.576216 2.681698 11.899855 3.218594 24.998113 3.939046 7.948721 0.746789 2.647887 -1.528757 1.528759 -0.579473 1.575007 2.538712 1.998925 -1.154073 1.154076 -0.000001 0.000001 -0.000000 9.109299 -0.518025 2.259896 0.090492 -1.114825 9.279451 -0.000001 0.000001 -0.000019 0.000000 0.000004 0.000000 0.000001 0.000003 0.000003 9.533404 -0.000007 -0.000004 0.090800 -1.116721 9.295428 0.000003 0.001924 -0.015980 0.000002 0.000002 -0.000005 0.000001 -0.000002 0.000002 9.104495 -0.043011 -1.865105 0.090493 -1.114824 9.279451 -0.000000 0.000002 -0.000236 0.000004 0.000001 -0.000009 0.000000 0.000001 -0.000000 8.077819 -0.486908 -3.806308 -0.581383 2.883447 9.800269 -0.018090 -4.054257 -0.511069 0.000000 0.000003 0.000000 0.000002 0.000003 -0.000002 -8.207801 -6.751705 -1.599546 -9.220070 -14.615872 -7.839630 49.323668 -9.858576 -1.449517 -24.197554 -3.282829 10.955808 -0.000004 -0.000003 -0.000003 -0.000000 0.000002 0.000000 8.207797 -6.751699 -1.599549 -13.890390 2.224983 10.373825 51.557738 -8.484662 9.978267 -24.730547 -0.050918 -9.786706 -0.311758 -0.000001 -0.000001 -0.000000 -0.000000 0.000000 
0.972978 93.806007 -2.524117 -14.054596 10.511718 -1.487355 -0.000001 10.181548 0.131520 1.832000 0.025221 -0.796162 3.647368 -1.018772 3.146255 3.635998 -1.059585 3.147327 -0.000000 16.740364 -2.049021 3.107868 -0.167624 -2.998674 -0.000005 9.617862 1.684978 -1.517780 0.123818 -15.395754 0.000005 22.037369 7.501073 -0.000000 0.000001 -0.000002 -4.569999 11.014870 -2.160841 0.914601 1.247197 -0.542153 -55.024072 16.078171 64.101086 0.000319 100.218888 -0.000268 55.399818 22.710826 -89.999962 -2.464791 -1.573991 2.681919 23.426675 8.329707 -18.518750 4.637199 -8.634151 -0.225379 -2.646266 -1.527798 1.527818 -1.273761 0.137316 -2.094874 -1.994601 -1.151556 1.151574 0.000003 -0.000003 0.000001 -9.108301 -0.517866 2.259805 0.224817 1.757237 -14.580599 -0.000008 -0.000000 0.000004 0.000010 0.000003 0.000004 -0.000001 -0.000001 0.000000 -9.532498 0.000013 0.000009 0.224817 1.757238 -14.580599 -0.000009 -0.000001 0.000005 0.000012 0.000003 0.000003 0.000000 0.000000 -0.000000 -9.103619 -0.043102 -1.865098 0.224817 1.757237 -14.580598 -0.000001 0.000005 0.000067 0.000002 0.000005 -0.000004 -0.000004 -0.000001 0.000002 -8.076698 -0.486714 -3.806288 0.224806 1.757230 -14.580599 -0.000002 0.000001 0.000010 0.000001 0.000006 -0.000003 -0.000001 -0.000000 -0.000001 4.570402 11.014665 -2.160816 1.067081 -2.739115 -10.020608 -34.700950 -10.368202 -47.889496 -0.000014 -108.207866 -0.000005 37.441089 -6.602375 89.999996 2.466099 -1.576216 2.681698 11.899855 3.218594 24.998113 3.939046 7.948721 0.746789 2.647887 -1.528757 1.528759 -0.579473 1.575007 2.538712 1.998925 -1.154073 1.154076 -0.000001 0.000001 -0.000000 9.109299 -0.518025 2.259896 0.090492 -1.114825 9.279451 -0.000001 0.000001 -0.000019 0.000000 0.000004 0.000000 0.000001 0.000003 0.000003 9.533404 -0.000007 -0.000004 0.090800 -1.116721 9.295428 0.000003 0.001924 -0.015980 0.000002 0.000002 -0.000005 0.000001 -0.000002 0.000002 9.104495 -0.043011 -1.865105 0.090493 -1.114824 9.279451 -0.000000 0.000002 -0.000236 0.000004 0.000001 -0.000009 0.000000 0.000001 -0.000000 8.077819 -0.486908 -3.806308 -0.581383 2.883447 9.800269 -0.018090 -4.054257 -0.511069 0.000000 0.000003 0.000000 0.000002 0.000003 -0.000002 -8.207801 -6.751705 -1.599546 -9.220070 -14.615872 -7.839630 49.323668 -9.858576 -1.449517 -24.197554 -3.282829 10.955808 -0.000004 -0.000003 -0.000003 -0.000000 0.000002 0.000000 8.207797 -6.751699 -1.599549 -13.890390 2.224983 10.373825 51.557738 -8.484662 9.978267 -24.730547 -0.050918 -9.786706 -0.311758 -0.000001 -0.000001 -0.000000 -0.000000 0.000000 
0.972978 93.806007 -2.524117 -14.054596 10.511718 -1.487355 -0.000001 10.181548 0.131520 1.832000 0.025221 -0.796162 3.647368 -1.018772 3.146255 3.635998 -1.059585 3.147327 -0.000000 16.740364 -2.049021 3.107868 -0.167624 -2.998674 -0.000005 9.617862 1.684978 -1.517780 0.123818 -15.395754 0.000005 22.037369 7.501073 -0.000000 0.000001 -0.000002 -4.569999 11.014870 -2.160841 0.914601 1.247197 -0.542153 -55.024072 16.078171 64.101086 0.000319 100.218888 -0.000268 55.399818 22.710826 -89.999962 -2.464791 -1.573991 2.681919 23.426675 8.329707 -18.518750 4.637199 -8.634151 -0.225379 -2.646266 -1.527798 1.527818 -1.273761 0.137316 -2.094874 -1.994601 -1.151556 1.151574 0.000003 -0.000003 0.000001 -9.108301 -0.517866 2.259805 0.224817 1.757237 -14.580599 -0.000008 -0.000000 0.000004 0.000010 0.000003 0.000004 -0.000001 -0.000001 0.000000 -9.532498 0.000013 0.000009 0.224817 1.757238 -14.580599 -0.000009 -0.000001 0.000005 0.000012 0.000003 0.000003 0.000000 0.000000 -0.000000 -9.103619 -0.043102 -1.865098 0.224817 1.757237 -14.580598 -0.000001 0.000005 0.000067 0.000002 0.000005 -0.000004 -0.000004 -0.000001 0.000002 -8.076698 -0.486714 -3.806288 0.224806 1.757230 -14.580599 -0.000002 0.000001 0.000010 0.000001 0.000006 -0.000003 -0.000001 -0.000000 -0.000001 4.570402 11.014665 -2.160816 1.067081 -2.739115 -10.020608 -34.700950 -10.368202 -47.889496 -0.000014 -108.207866 -0.000005 37.441089 -6.602375 89.999996 2.466099 -1.576216 2.681698 11.899855 3.218594 24.998113 3.939046 7.948721 0.746789 2.647887 -1.528757 1.528759 -0.579473 1.575007 2.538712 1.998925 -1.154073 1.154076 -0.000001 0.000001 -0.000000 9.109299 -0.518025 2.259896 0.090492 -1.114825 9.279451 -0.000001 0.000001 -0.000019 0.000000 0.000004 0.000000 0.000001 0.000003 0.000003 9.533404 -0.000007 -0.000004 0.090800 -1.116721 9.295428 0.000003 0.001924 -0.015980 0.000002 0.000002 -0.000005 0.000001 -0.000002 0.000002 9.104495 -0.043011 -1.865105 0.090493 -1.114824 9.279451 -0.000000 0.000002 -0.000236 0.000004 0.000001 -0.000009 0.000000 0.000001 -0.000000 8.077819 -0.486908 -3.806308 -0.581383 2.883447 9.800269 -0.018090 -4.054257 -0.511069 0.000000 0.000003 0.000000 0.000002 0.000003 -0.000002 -8.207801 -6.751705 -1.599546 -9.220070 -14.615872 -7.839630 49.323668 -9.858576 -1.449517 -24.197554 -3.282829 10.955808 -0.000004 -0.000003 -0.000003 -0.000000 0.000002 0.000000 8.207797 -6.751699 -1.599549 -13.890390 2.224983 10.373825 51.557738 -8.484662 9.978267 -24.730547 -0.050918 -9.786706 -0.311758 -0.000001 -0.000001 -0.000000 -0.000000 0.000000 
0.972978 93.806007 -2.524117 -14.054596 10.511718 -1.487355 -0.000001 10.181548 0.131520 1.832000 0.025221 -0.796162 3.647368 -1.018772 3.146255 3.635998 -1.059585 3.147327 -0.000000 16.740364 -2.049021 3.107868 -0.167624 -2.998674 -0.000005 9.617862 1.684978 -1.517780 0.123818 -15.395754 0.000005 22.037369 7.501073 -0.000000 0.000001 -0.000002 -4.569999 11.014870 -2.160841 0.914601 1.247197 -0.542153 -55.024072 16.078171 64.101086 0.000319 100.218888 -0.000268 55.399818 22.710826 -89.999962 -2.464791 -1.573991 2.681919 23.426675 8.329707 -18.518750 4.637199 -8.634151 -0.225379 -2.646266 -1.527798 1.527818 -1.273761 0.137316 -2.094874 -1.994601 -1.151556 1.151574 0.000003 -0.000003 0.000001 -9.108301 -0.517866 2.259805 0.224817 1.757237 -14.580599 -0.000008 -0.000000 0.000004 0.000010 0.000003 0.000004 -0.000001 -0.000001 0.000000 -9.532498 0.000013 0.000009 0.224817 1.757238 -14.580599 -0.000009 -0.000001 0.000005 0.000012 0.000003 0.000003 0.000000 0.000000 -0.000000 -9.103619 -0.043102 -1.865098 0.224817 1.757237 -14.580598 -0.000001 0.000005 0.000067 0.000002 0.000005 -0.000004 -0.000004 -0.000001 0.000002 -8.076698 -0.486714 -3.806288 0.224806 1.757230 -14.580599 -0.000002 0.000001 0.000010 0.000001 0.000006 -0.000003 -0.000001 -0.000000 -0.000001 4.570402 11.014665 -2.160816 1.067081 -2.739115 -10.020608 -34.700950 -10.368202 -47.889496 -0.000014 -108.207866 -0.000005 37.441089 -6.602375 89.999996 2.466099 -1.576216 2.681698 11.899855 3.218594 24.998113 3.939046 7.948721 0.746789 2.647887 -1.528757 1.528759 -0.579473 1.575007 2.538712 1.998925 -1.154073 1.154076 -0.000001 0.000001 -0.000000 9.109299 -0.518025 2.259896 0.090492 -1.114825 9.279451 -0.000001 0.000001 -0.000019 0.000000 0.000004 0.000000 0.000001 0.000003 0.000003 9.533404 -0.000007 -0.000004 0.090800 -1.116721 9.295428 0.000003 0.001924 -0.015980 0.000002 0.000002 -0.000005 0.000001 -0.000002 0.000002 9.104495 -0.043011 -1.865105 0.090493 -1.114824 9.279451 -0.000000 0.000002 -0.000236 0.000004 0.000001 -0.000009 0.000000 0.000001 -0.000000 8.077819 -0.486908 -3.806308 -0.581383 2.883447 9.800269 -0.018090 -4.054257 -0.511069 0.000000 0.000003 0.000000 0.000002 0.000003 -0.000002 -8.207801 -6.751705 -1.599546 -9.220070 -14.615872 -7.839630 49.323668 -9.858576 -1.449517 -24.197554 -3.282829 10.955808 -0.000004 -0.000003 -0.000003 -0.000000 0.000002 0.000000 8.207797 -6.751699 -1.599549 -13.890390 2.224983 10.373825 51.557738 -8.484662 9.978267 -24.730547 -0.050918 -9.786706 -0.311758 -0.000001 -0.000001 -0.000000 -0.000000 0.000000 
0.972978 93.806007 -2.524117 -14.054596 10.511718 -1.487355 -0.000001 10.181548 0.131520 1.832000 0.025221 -0.796162 3.647368 -1.018772 3.146255 3.635998 -1.059585 3.147327 -0.000000 16.740364 -2.049021 3.107868 -0.167624 -2.998674 -0.000005 9.617862 1.684978 -1.517780 0.123818 -15.395754 0.000005 22.037369 7.501073 -0.000000 0.000001 -0.000002 -4.569999 11.014870 -2.160841 0.914601 1.247197 -0.542153 -55.024072 16.078171 64.101086 0.000319 100.218888 -0.000268 55.399818 22.710826 -89.999962 -2.464791 -1.573991 2.681919 23.426675 8.329707 -18.518750 4.637199 -8.634151 -0.225379 -2.646266 -1.527798 1.527818 -1.273761 0.137316 -2.094874 -1.994601 -1.151556 1.151574 0.000003 -0.000003 0.000001 -9.108301 -0.517866 2.259805 0.224817 1.757237 -14.580599 -0.000008 -0.000000 0.000004 0.000010 0.000003 0.000004 -0.000001 -0.000001 0.000000 -9.532498 0.000013 0.000009 0.224817 1.757238 -14.580599 -0.000009 -0.000001 0.000005 0.000012 0.000003 0.000003 0.000000 0.000000 -0.000000 -9.103619 -0.043102 -1.865098 0.224817 1.757237 -14.580598 -0.000001 0.000005 0.000067 0.000002 0.000005 -0.000004 -0.000004 -0.000001 0.000002 -8.076698 -0.486714 -3.806288 0.224806 1.757230 -14.580599 -0.000002 0.000001 0.000010 0.000001 0.000006 -0.000003 -0.000001 -0.000000 -0.000001 4.570402 11.014665 -2.160816 1.067081 -2.739115 -10.020608 -34.700950 -10.368202 -47.889496 -0.000014 -108.207866 -0.000005 37.441089 -6.602375 89.999996 2.466099 -1.576216 2.681698 11.899855 3.218594 24.998113 3.939046 7.948721 0.746789 2.647887 -1.528757 1.528759 -0.579473 1.575007 2.538712 1.998925 -1.154073 1.154076 -0.000001 0.000001 -0.000000 9.109299 -0.518025 2.259896 0.090492 -1.114825 9.279451 -0.000001 0.000001 -0.000019 0.000000 0.000004 0.000000 0.000001 0.000003 0.000003 9.533404 -0.000007 -0.000004 0.090800 -1.116721 9.295428 0.000003 0.001924 -0.015980 0.000002 0.000002 -0.000005 0.000001 -0.000002 0.000002 9.104495 -0.043011 -1.865105 0.090493 -1.114824 9.279451 -0.000000 0.000002 -0.000236 0.000004 0.000001 -0.000009 0.000000 0.000001 -0.000000 8.077819 -0.486908 -3.806308 -0.581383 2.883447 9.800269 -0.018090 -4.054257 -0.511069 0.000000 0.000003 0.000000 0.000002 0.000003 -0.000002 -8.207801 -6.751705 -1.599546 -9.220070 -14.615872 -7.839630 49.323668 -9.858576 -1.449517 -24.197554 -3.282829 10.955808 -0.000004 -0.000003 -0.000003 -0.000000 0.000002 0.000000 8.207797 -6.751699 -1.599549 -13.890390 2.224983 10.373825 51.557738 -8.484662 9.978267 -24.730547 -0.050918 -9.786706 -0.311758 -0.000001 -0.000001 -0.000000 -0.000000 0.000000 
0.972978 93.806007 -2.524117 -14.054596 10.511718 -1.487355 -0.000001 10.181548 0.131520 1.832000 0.025221 -0.796162 3.647368 -1.018772 3.146255 3.635998 -1.059585 3.147327 -0.000000 16.740364 -2.049021 3.107868 -0.167624 -2.998674 -0.000005 9.617862 1.684978 -1.517780 0.123818 -15.395754 0.000005 22.037369 7.501073 -0.000000 0.000001 -0.000002 -4.569999 11.014870 -2.160841 0.914601 1.247197 -0.542153 -55.024072 16.078171 64.101086 0.000319 100.218888 -0.000268 55.399818 22.710826 -89.999962 -2.464791 -1.573991 2.681919 23.426675 8.329707 -18.518750 4.637199 -8.634151 -0.225379 -2.646266 -1.527798 1.527818 -1.273761 0.137316 -2.094874 -1.994601 -1.151556 1.151574 0.000003 -0.000003 0.000001 -9.108301 -0.517866 2.259805 0.224817 1.757237 -14.580599 -0.000008 -0.000000 0.000004 0.000010 0.000003 0.000004 -0.000001 -0.000001 0.000000 -9.532498 0.000013 0.000009 0.224817 1.757238 -14.580599 -0.000009 -0.000001 0.000005 0.000012 0.000003 0.000003 0.000000 0.000000 -0.000000 -9.103619 -0.043102 -1.865098 0.224817 1.757237 -14.580598 -0.000001 0.000005 0.000067 0.000002 0.000005 -0.000004 -0.000004 -0.000001 0.000002 -8.076698 -0.486714 -3.806288 0.224806 1.757230 -14.580599 -0.000002 0.000001 0.000010 0.000001 0.000006 -0.000003 -0.000001 -0.000000 -0.000001 4.570402 11.014665 -2.160816 1.067081 -2.739115 -10.020608 -34.700950 -10.368202 -47.889496 -0.000014 -108.207866 -0.000005 37.441089 -6.602375 89.999996 2.466099 -1.576216 2.681698 11.899855 3.218594 24.998113 3.939046 7.948721 0.746789 2.647887 -1.528757 1.528759 -0.579473 1.575007 2.538712 1.998925 -1.154073 1.154076 -0.000001 0.000001 -0.000000 9.109299 -0.518025 2.259896 0.090492 -1.114825 9.279451 -0.000001 0.000001 -0.000019 0.000000 0.000004 0.000000 0.000001 0.000003 0.000003 9.533404 -0.000007 -0.000004 0.090800 -1.116721 9.295428 0.000003 0.001924 -0.015980 0.000002 0.000002 -0.000005 0.000001 -0.000002 0.000002 9.104495 -0.043011 -1.865105 0.090493 -1.114824 9.279451 -0.000000 0.000002 -0.000236 0.000004 0.000001 -0.000009 0.000000 0.000001 -0.000000 8.077819 -0.486908 -3.806308 -0.581383 2.883447 9.800269 -0.018090 -4.054257 -0.511069 0.000000 0.000003 0.000000 0.000002 0.000003 -0.000002 -8.207801 -6.751705 -1.599546 -9.220070 -14.615872 -7.839630 49.323668 -9.858576 -1.449517 -24.197554 -3.282829 10.955808 -0.000004 -0.000003 -0.000003 -0.000000 0.000002 0.000000 8.207797 -6.751699 -1.599549 -13.890390 2.224983 10.373825 51.557738 -8.484662 9.978267 -24.730547 -0.050918 -9.786706 -0.311758 -0.000001 -0.000001 -0.000000 -0.000000 0.000000 
0.972978 93.806007 -2.524117 -14.054596 10.511718 -1.487355 -0.000001 10.181548 0.131520 1.832000 0.025221 -0.796162 3.647368 -1.018772 3.146255 3.635998 -1.059585 3.147327 -0.000000 16.740364 -2.049021 3.107868 -0.167624 -2.998674 -0.000005 9.617862 1.684978 -1.517780 0.123818 -15.395754 0.000005 22.037369 7.501073 -0.000000 0.000001 -0.000002 -4.569999 11.014870 -2.160841 0.914601 1.247197 -0.542153 -55.024072 16.078171 64.101086 0.000319 100.218888 -0.000268 55.399818 22.710826 -89.999962 -2.464791 -1.573991 2.681919 23.426675 8.329707 -18.518750 4.637199 -8.634151 -0.225379 -2.646266 -1.527798 1.527818 -1.273761 0.137316 -2.094874 -1.994601 -1.151556 1.151574 0.000003 -0.000003 0.000001 -9.108301 -0.517866 2.259805 0.224817 1.757237 -14.580599 -0.000008 -0.000000 0.000004 0.000010 0.000003 0.000004 -0.000001 -0.000001 0.000000 -9.532498 0.000013 0.000009 0.224817 1.757238 -14.580599 -0.000009 -0.000001 0.000005 0.000012 0.000003 0.000003 0.000000 0.000000 -0.000000 -9.103619 -0.043102 -1.865098 0.224817 1.757237 -14.580598 -0.000001 0.000005 0.000067 0.000002 0.000005 -0.000004 -0.000004 -0.000001 0.000002 -8.076698 -0.486714 -3.806288 0.224806 1.757230 -14.580599 -0.000002 0.000001 0.000010 0.000001 0.000006 -0.000003 -0.000001 -0.000000 -0.000001 4.570402 11.014665 -2.160816 1.067081 -2.739115 -10.020608 -34.700950 -10.368202 -47.889496 -0.000014 -108.207866 -0.000005 37.441089 -6.602375 89.999996 2.466099 -1.576216 2.681698 11.899855 3.218594 24.998113 3.939046 7.948721 0.746789 2.647887 -1.528757 1.528759 -0.579473 1.575007 2.538712 1.998925 -1.154073 1.154076 -0.000001 0.000001 -0.000000 9.109299 -0.518025 2.259896 0.090492 -1.114825 9.279451 -0.000001 0.000001 -0.000019 0.000000 0.000004 0.000000 0.000001 0.000003 0.000003 9.533404 -0.000007 -0.000004 0.090800 -1.116721 9.295428 0.000003 0.001924 -0.015980 0.000002 0.000002 -0.000005 0.000001 -0.000002 0.000002 9.104495 -0.043011 -1.865105 0.090493 -1.114824 9.279451 -0.000000 0.000002 -0.000236 0.000004 0.000001 -0.000009 0.000000 0.000001 -0.000000 8.077819 -0.486908 -3.806308 -0.581383 2.883447 9.800269 -0.018090 -4.054257 -0.511069 0.000000 0.000003 0.000000 0.000002 0.000003 -0.000002 -8.207801 -6.751705 -1.599546 -9.220070 -14.615872 -7.839630 49.323668 -9.858576 -1.449517 -24.197554 -3.282829 10.955808 -0.000004 -0.000003 -0.000003 -0.000000 0.000002 0.000000 8.207797 -6.751699 -1.599549 -13.890390 2.224983 10.373825 51.557738 -8.484662 9.978267 -24.730547 -0.050918 -9.786706 -0.311758 -0.000001 -0.000001 -0.000000 -0.000000 0.000000 
0.972978 93.806007 -2.524117 -14.054596 10.511718 -1.487355 -0.000001 10.181548 0.131520 1.832000 0.025221 -0.796162 3.647368 -1.018772 3.146255 3.635998 -1.059585 3.147327 -0.000000 16.740364 -2.049021 3.107868 -0.167624 -2.998674 -0.000005 9.617862 1.684978 -1.517780 0.123818 -15.395754 0.000005 22.037369 7.501073 -0.000000 0.000001 -0.000002 -4.569999 11.014870 -2.160841 0.914601 1.247197 -0.542153 -55.024072 16.078171 64.101086 0.000319 100.218888 -0.000268 55.399818 22.710826 -89.999962 -2.464791 -1.573991 2.681919 23.426675 8.329707 -18.518750 4.637199 -8.634151 -0.225379 -2.646266 -1.527798 1.527818 -1.273761 0.137316 -2.094874 -1.994601 -1.151556 1.151574 0.000003 -0.000003 0.000001 -9.108301 -0.517866 2.259805 0.224817 1.757237 -14.580599 -0.000008 -0.000000 0.000004 0.000010 0.000003 0.000004 -0.000001 -0.000001 0.000000 -9.532498 0.000013 0.000009 0.224817 1.757238 -14.580599 -0.000009 -0.000001 0.000005 0.000012 0.000003 0.000003 0.000000 0.000000 -0.000000 -9.103619 -0.043102 -1.865098 0.224817 1.757237 -14.580598 -0.000001 0.000005 0.000067 0.000002 0.000005 -0.000004 -0.000004 -0.000001 0.000002 -8.076698 -0.486714 -3.806288 0.224806 1.757230 -14.580599 -0.000002 0.000001 0.000010 0.000001 0.000006 -0.000003 -0.000001 -0.000000 -0.000001 4.570402 11.014665 -2.160816 1.067081 -2.739115 -10.020608 -34.700950 -10.368202 -47.889496 -0.000014 -108.207866 -0.000005 37.441089 -6.602375 89.999996 2.466099 -1.576216 2.681698 11.899855 3.218594 24.998113 3.939046 7.948721 0.746789 2.647887 -1.528757 1.528759 -0.579473 1.575007 2.538712 1.998925 -1.154073 1.154076 -0.000001 0.000001 -0.000000 9.109299 -0.518025 2.259896 0.090492 -1.114825 9.279451 -0.000001 0.000001 -0.000019 0.000000 0.000004 0.000000 0.000001 0.000003 0.000003 9.533404 -0.000007 -0.000004 0.090800 -1.116721 9.295428 0.000003 0.001924 -0.015980 0.000002 0.000002 -0.000005 0.000001 -0.000002 0.000002 9.104495 -0.043011 -1.865105 0.090493 -1.114824 9.279451 -0.000000 0.000002 -0.000236 0.000004 0.000001 -0.000009 0.000000 0.000001 -0.000000 8.077819 -0.486908 -3.806308 -0.581383 2.883447 9.800269 -0.018090 -4.054257 -0.511069 0.000000 0.000003 0.000000 0.000002 0.000003 -0.000002 -8.207801 -6.751705 -1.599546 -9.220070 -14.615872 -7.839630 49.323668 -9.858576 -1.449517 -24.197554 -3.282829 10.955808 -0.000004 -0.000003 -0.000003 -0.000000 0.000002 0.000000 8.207797 -6.751699 -1.599549 -13.890390 2.224983 10.373825 51.557738 -8.484662 9.978267 -24.730547 -0.050918 -9.786706 -0.311758 -0.000001 -0.000001 -0.000000 -0.000000 0.000000 
0.972978 93.806007 -2.524117 -14.054596 10.511718 -1.487355 -0.000001 10.181548 0.131520 1.832000 0.025221 -0.796162 3.647368 -1.018772 3.146255 3.635998 -1.059585 3.147327 -0.000000 16.740364 -2.049021 3.107868 -0.167624 -2.998674 -0.000005 9.617862 1.684978 -1.517780 0.123818 -15.395754 0.000005 22.037369 7.501073 -0.000000 0.000001 -0.000002 -4.569999 11.014870 -2.160841 0.914601 1.247197 -0.542153 -55.024072 16.078171 64.101086 0.000319 100.218888 -0.000268 55.399818 22.710826 -89.999962 -2.464791 -1.573991 2.681919 23.426675 8.329707 -18.518750 4.637199 -8.634151 -0.225379 -2.646266 -1.527798 1.527818 -1.273761 0.137316 -2.094874 -1.994601 -1.151556 1.151574 0.000003 -0.000003 0.000001 -9.108301 -0.517866 2.259805 0.224817 1.757237 -14.580599 -0.000008 -0.000000 0.000004 0.000010 0.000003 0.000004 -0.000001 -0.000001 0.000000 -9.532498 0.000013 0.000009 0.224817 1.757238 -14.580599 -0.000009 -0.000001 0.000005 0.000012 0.000003 0.000003 0.000000 0.000000 -0.000000 -9.103619 -0.043102 -1.865098 0.224817 1.757237 -14.580598 -0.000001 0.000005 0.000067 0.000002 0.000005 -0.000004 -0.000004 -0.000001 0.000002 -8.076698 -0.486714 -3.806288 0.224806 1.757230 -14.580599 -0.000002 0.000001 0.000010 0.000001 0.000006 -0.000003 -0.000001 -0.000000 -0.000001 4.570402 11.014665 -2.160816 1.067081 -2.739115 -10.020608 -34.700950 -10.368202 -47.889496 -0.000014 -108.207866 -0.000005 37.441089 -6.602375 89.999996 2.466099 -1.576216 2.681698 11.899855 3.218594 24.998113 3.939046 7.948721 0.746789 2.647887 -1.528757 1.528759 -0.579473 1.575007 2.538712 1.998925 -1.154073 1.154076 -0.000001 0.000001 -0.000000 9.109299 -0.518025 2.259896 0.090492 -1.114825 9.279451 -0.000001 0.000001 -0.000019 0.000000 0.000004 0.000000 0.000001 0.000003 0.000003 9.533404 -0.000007 -0.000004 0.090800 -1.116721 9.295428 0.000003 0.001924 -0.015980 0.000002 0.000002 -0.000005 0.000001 -0.000002 0.000002 9.104495 -0.043011 -1.865105 0.090493 -1.114824 9.279451 -0.000000 0.000002 -0.000236 0.000004 0.000001 -0.000009 0.000000 0.000001 -0.000000 8.077819 -0.486908 -3.806308 -0.581383 2.883447 9.800269 -0.018090 -4.054257 -0.511069 0.000000 0.000003 0.000000 0.000002 0.000003 -0.000002 -8.207801 -6.751705 -1.599546 -9.220070 -14.615872 -7.839630 49.323668 -9.858576 -1.449517 -24.197554 -3.282829 10.955808 -0.000004 -0.000003 -0.000003 -0.000000 0.000002 0.000000 8.207797 -6.751699 -1.599549 -13.890390 2.224983 10.373825 51.557738 -8.484662 9.978267 -24.730547 -0.050918 -9.786706 -0.311758 -0.000001 -0.000001 -0.000000 -0.000000 0.000000 
0.972978 93.806007 -2.524117 -14.054596 10.511718 -1.487355 -0.000001 10.181548 0.131520 1.832000 0.025221 -0.796162 3.647368 -1.018772 3.146255 3.635998 -1.059585 3.147327 -0.000000 16.740364 -2.049021 3.107868 -0.167624 -2.998674 -0.000005 9.617862 1.684978 -1.517780 0.123818 -15.395754 0.000005 22.037369 7.501073 -0.000000 0.000001 -0.000002 -4.569999 11.014870 -2.160841 0.914601 1.247197 -0.542153 -55.024072 16.078171 64.101086 0.000319 100.218888 -0.000268 55.399818 22.710826 -89.999962 -2.464791 -1.573991 2.681919 23.426675 8.329707 -18.518750 4.637199 -8.634151 -0.225379 -2.646266 -1.527798 1.527818 -1.273761 0.137316 -2.094874 -1.994601 -1.151556 1.151574 0.000003 -0.000003 0.000001 -9.108301 -0.517866 2.259805 0.224817 1.757237 -14.580599 -0.000008 -0.000000 0.000004 0.000010 0.000003 0.000004 -0.000001 -0.000001 0.000000 -9.532498 0.000013 0.000009 0.224817 1.757238 -14.580599 -0.000009 -0.000001 0.000005 0.000012 0.000003 0.000003 0.000000 0.000000 -0.000000 -9.103619 -0.043102 -1.865098 0.224817 1.757237 -14.580598 -0.000001 0.000005 0.000067 0.000002 0.000005 -0.000004 -0.000004 -0.000001 0.000002 -8.076698 -0.486714 -3.806288 0.224806 1.757230 -14.580599 -0.000002 0.000001 0.000010 0.000001 0.000006 -0.000003 -0.000001 -0.000000 -0.000001 4.570402 11.014665 -2.160816 1.067081 -2.739115 -10.020608 -34.700950 -10.368202 -47.889496 -0.000014 -108.207866 -0.000005 37.441089 -6.602375 89.999996 2.466099 -1.576216 2.681698 11.899855 3.218594 24.998113 3.939046 7.948721 0.746789 2.647887 -1.528757 1.528759 -0.579473 1.575007 2.538712 1.998925 -1.154073 1.154076 -0.000001 0.000001 -0.000000 9.109299 -0.518025 2.259896 0.090492 -1.114825 9.279451 -0.000001 0.000001 -0.000019 0.000000 0.000004 0.000000 0.000001 0.000003 0.000003 9.533404 -0.000007 -0.000004 0.090800 -1.116721 9.295428 0.000003 0.001924 -0.015980 0.000002 0.000002 -0.000005 0.000001 -0.000002 0.000002 9.104495 -0.043011 -1.865105 0.090493 -1.114824 9.279451 -0.000000 0.000002 -0.000236 0.000004 0.000001 -0.000009 0.000000 0.000001 -0.000000 8.077819 -0.486908 -3.806308 -0.581383 2.883447 9.800269 -0.018090 -4.054257 -0.511069 0.000000 0.000003 0.000000 0.000002 0.000003 -0.000002 -8.207801 -6.751705 -1.599546 -9.220070 -14.615872 -7.839630 49.323668 -9.858576 -1.449517 -24.197554 -3.282829 10.955808 -0.000004 -0.000003 -0.000003 -0.000000 0.000002 0.000000 8.207797 -6.751699 -1.599549 -13.890390 2.224983 10.373825 51.557738 -8.484662 9.978267 -24.730547 -0.050918 -9.786706 -0.311758 -0.000001 -0.000001 -0.000000 -0.000000 0.000000 
0.972978 93.806007 -2.524117 -14.054596 10.511718 -1.487355 -0.000001 10.181548 0.131520 1.832000 0.025221 -0.796162 3.647368 -1.018772 3.146255 3.635998 -1.059585 3.147327 -0.000000 16.740364 -2.049021 3.107868 -0.167624 -2.998674 -0.000005 9.617862 1.684978 -1.517780 0.123818 -15.395754 0.000005 22.037369 7.501073 -0.000000 0.000001 -0.000002 -4.569999 11.014870 -2.160841 0.914601 1.247197 -0.542153 -55.024072 16.078171 64.101086 0.000319 100.218888 -0.000268 55.399818 22.710826 -89.999962 -2.464791 -1.573991 2.681919 23.426675 8.329707 -18.518750 4.637199 -8.634151 -0.225379 -2.646266 -1.527798 1.527818 -1.273761 0.137316 -2.094874 -1.994601 -1.151556 1.151574 0.000003 -0.000003 0.000001 -9.108301 -0.517866 2.259805 0.224817 1.757237 -14.580599 -0.000008 -0.000000 0.000004 0.000010 0.000003 0.000004 -0.000001 -0.000001 0.000000 -9.532498 0.000013 0.000009 0.224817 1.757238 -14.580599 -0.000009 -0.000001 0.000005 0.000012 0.000003 0.000003 0.000000 0.000000 -0.000000 -9.103619 -0.043102 -1.865098 0.224817 1.757237 -14.580598 -0.000001 0.000005 0.000067 0.000002 0.000005 -0.000004 -0.000004 -0.000001 0.000002 -8.076698 -0.486714 -3.806288 0.224806 1.757230 -14.580599 -0.000002 0.000001 0.000010 0.000001 0.000006 -0.000003 -0.000001 -0.000000 -0.000001 4.570402 11.014665 -2.160816 1.067081 -2.739115 -10.020608 -34.700950 -10.368202 -47.889496 -0.000014 -108.207866 -0.000005 37.441089 -6.602375 89.999996 2.466099 -1.576216 2.681698 11.899855 3.218594 24.998113 3.939046 7.948721 0.746789 2.647887 -1.528757 1.528759 -0.579473 1.575007 2.538712 1.998925 -1.154073 1.154076 -0.000001 0.000001 -0.000000 9.109299 -0.518025 2.259896 0.090492 -1.114825 9.279451 -0.000001 0.000001 -0.000019 0.000000 0.000004 0.000000 0.000001 0.000003 0.000003 9.533404 -0.000007 -0.000004 0.090800 -1.116721 9.295428 0.000003 0.001924 -0.015980 0.000002 0.000002 -0.000005 0.000001 -0.000002 0.000002 9.104495 -0.043011 -1.865105 0.090493 -1.114824 9.279451 -0.000000 0.000002 -0.000236 0.000004 0.000001 -0.000009 0.000000 0.000001 -0.000000 8.077819 -0.486908 -3.806308 -0.581383 2.883447 9.800269 -0.018090 -4.054257 -0.511069 0.000000 0.000003 0.000000 0.000002 0.000003 -0.000002 -8.207801 -6.751705 -1.599546 -9.220070 -14.615872 -7.839630 49.323668 -9.858576 -1.449517 -24.197554 -3.282829 10.955808 -0.000004 -0.000003 -0.000003 -0.000000 0.000002 0.000000 8.207797 -6.751699 -1.599549 -13.890390 2.224983 10.373825 51.557738 -8.484662 9.978267 -24.730547 -0.050918 -9.786706 -0.311758 -0.000001 -0.000001 -0.000000 -0.000000 0.000000 
0.972978 93.806007 -2.524117 -14.054596 10.511718 -1.487355 -0.000001 10.181548 0.131520 1.832000 0.025221 -0.796162 3.647368 -1.018772 3.146255 3.635998 -1.059585 3.147327 -0.000000 16.740364 -2.049021 3.107868 -0.167624 -2.998674 -0.000005 9.617862 1.684978 -1.517780 0.123818 -15.395754 0.000005 22.037369 7.501073 -0.000000 0.000001 -0.000002 -4.569999 11.014870 -2.160841 0.914601 1.247197 -0.542153 -55.024072 16.078171 64.101086 0.000319 100.218888 -0.000268 55.399818 22.710826 -89.999962 -2.464791 -1.573991 2.681919 23.426675 8.329707 -18.518750 4.637199 -8.634151 -0.225379 -2.646266 -1.527798 1.527818 -1.273761 0.137316 -2.094874 -1.994601 -1.151556 1.151574 0.000003 -0.000003 0.000001 -9.108301 -0.517866 2.259805 0.224817 1.757237 -14.580599 -0.000008 -0.000000 0.000004 0.000010 0.000003 0.000004 -0.000001 -0.000001 0.000000 -9.532498 0.000013 0.000009 0.224817 1.757238 -14.580599 -0.000009 -0.000001 0.000005 0.000012 0.000003 0.000003 0.000000 0.000000 -0.000000 -9.103619 -0.043102 -1.865098 0.224817 1.757237 -14.580598 -0.000001 0.000005 0.000067 0.000002 0.000005 -0.000004 -0.000004 -0.000001 0.000002 -8.076698 -0.486714 -3.806288 0.224806 1.757230 -14.580599 -0.000002 0.000001 0.000010 0.000001 0.000006 -0.000003 -0.000001 -0.000000 -0.000001 4.570402 11.014665 -2.160816 1.067081 -2.739115 -10.020608 -34.700950 -10.368202 -47.889496 -0.000014 -108.207866 -0.000005 37.441089 -6.602375 89.999996 2.466099 -1.576216 2.681698 11.899855 3.218594 24.998113 3.939046 7.948721 0.746789 2.647887 -1.528757 1.528759 -0.579473 1.575007 2.538712 1.998925 -1.154073 1.154076 -0.000001 0.000001 -0.000000 9.109299 -0.518025 2.259896 0.090492 -1.114825 9.279451 -0.000001 0.000001 -0.000019 0.000000 0.000004 0.000000 0.000001 0.000003 0.000003 9.533404 -0.000007 -0.000004 0.090800 -1.116721 9.295428 0.000003 0.001924 -0.015980 0.000002 0.000002 -0.000005 0.000001 -0.000002 0.000002 9.104495 -0.043011 -1.865105 0.090493 -1.114824 9.279451 -0.000000 0.000002 -0.000236 0.000004 0.000001 -0.000009 0.000000 0.000001 -0.000000 8.077819 -0.486908 -3.806308 -0.581383 2.883447 9.800269 -0.018090 -4.054257 -0.511069 0.000000 0.000003 0.000000 0.000002 0.000003 -0.000002 -8.207801 -6.751705 -1.599546 -9.220070 -14.615872 -7.839630 49.323668 -9.858576 -1.449517 -24.197554 -3.282829 10.955808 -0.000004 -0.000003 -0.000003 -0.000000 0.000002 0.000000 8.207797 -6.751699 -1.599549 -13.890390 2.224983 10.373825 51.557738 -8.484662 9.978267 -24.730547 -0.050918 -9.786706 -0.311758 -0.000001 -0.000001 -0.000000 -0.000000 0.000000 
0.972978 93.806007 -2.524117 -14.054596 10.511718 -1.487355 -0.000001 10.181548 0.131520 1.832000 0.025221 -0.796162 3.647368 -1.018772 3.146255 3.635998 -1.059585 3.147327 -0.000000 16.740364 -2.049021 3.107868 -0.167624 -2.998674 -0.000005 9.617862 1.684978 -1.517780 0.123818 -15.395754 0.000005 22.037369 7.501073 -0.000000 0.000001 -0.000002 -4.569999 11.014870 -2.160841 0.914601 1.247197 -0.542153 -55.024072 16.078171 64.101086 0.000319 100.218888 -0.000268 55.399818 22.710826 -89.999962 -2.464791 -1.573991 2.681919 23.426675 8.329707 -18.518750 4.637199 -8.634151 -0.225379 -2.646266 -1.527798 1.527818 -1.273761 0.137316 -2.094874 -1.994601 -1.151556 1.151574 0.000003 -0.000003 0.000001 -9.108301 -0.517866 2.259805 0.224817 1.757237 -14.580599 -0.000008 -0.000000 0.000004 0.000010 0.000003 0.000004 -0.000001 -0.000001 0.000000 -9.532498 0.000013 0.000009 0.224817 1.757238 -14.580599 -0.000009 -0.000001 0.000005 0.000012 0.000003 0.000003 0.000000 0.000000 -0.000000 -9.103619 -0.043102 -1.865098 0.224817 1.757237 -14.580598 -0.000001 0.000005 0.000067 0.000002 0.000005 -0.000004 -0.000004 -0.000001 0.000002 -8.076698 -0.486714 -3.806288 0.224806 1.757230 -14.580599 -0.000002 0.000001 0.000010 0.000001 0.000006 -0.000003 -0.000001 -0.000000 -0.000001 4.570402 11.014665 -2.160816 1.067081 -2.739115 -10.020608 -34.700950 -10.368202 -47.889496 -0.000014 -108.207866 -0.000005 37.441089 -6.602375 89.999996 2.466099 -1.576216 2.681698 11.899855 3.218594 24.998113 3.939046 7.948721 0.746789 2.647887 -1.528757 1.528759 -0.579473 1.575007 2.538712 1.998925 -1.154073 1.154076 -0.000001 0.000001 -0.000000 9.109299 -0.518025 2.259896 0.090492 -1.114825 9.279451 -0.000001 0.000001 -0.000019 0.000000 0.000004 0.000000 0.000001 0.000003 0.000003 9.533404 -0.000007 -0.000004 0.090800 -1.116721 9.295428 0.000003 0.001924 -0.015980 0.000002 0.000002 -0.000005 0.000001 -0.000002 0.000002 9.104495 -0.043011 -1.865105 0.090493 -1.114824 9.279451 -0.000000 0.000002 -0.000236 0.000004 0.000001 -0.000009 0.000000 0.000001 -0.000000 8.077819 -0.486908 -3.806308 -0.581383 2.883447 9.800269 -0.018090 -4.054257 -0.511069 0.000000 0.000003 0.000000 0.000002 0.000003 -0.000002 -8.207801 -6.751705 -1.599546 -9.220070 -14.615872 -7.839630 49.323668 -9.858576 -1.449517 -24.197554 -3.282829 10.955808 -0.000004 -0.000003 -0.000003 -0.000000 0.000002 0.000000 8.207797 -6.751699 -1.599549 -13.890390 2.224983 10.373825 51.557738 -8.484662 9.978267 -24.730547 -0.050918 -9.786706 -0.311758 -0.000001 -0.000001 -0.000000 -0.000000 0.000000 
0.972978 93.806007 -2.524117 -14.054596 10.511718 -1.487355 -0.000001 10.181548 0.131520 1.832000 0.025221 -0.796162 3.647368 -1.018772 3.146255 3.635998 -1.059585 3.147327 -0.000000 16.740364 -2.049021 3.107868 -0.167624 -2.998674 -0.000005 9.617862 1.684978 -1.517780 0.123818 -15.395754 0.000005 22.037369 7.501073 -0.000000 0.000001 -0.000002 -4.569999 11.014870 -2.160841 0.914601 1.247197 -0.542153 -55.024072 16.078171 64.101086 0.000319 100.218888 -0.000268 55.399818 22.710826 -89.999962 -2.464791 -1.573991 2.681919 23.426675 8.329707 -18.518750 4.637199 -8.634151 -0.225379 -2.646266 -1.527798 1.527818 -1.273761 0.137316 -2.094874 -1.994601 -1.151556 1.151574 0.000003 -0.000003 0.000001 -9.108301 -0.517866 2.259805 0.224817 1.757237 -14.580599 -0.000008 -0.000000 0.000004 0.000010 0.000003 0.000004 -0.000001 -0.000001 0.000000 -9.532498 0.000013 0.000009 0.224817 1.757238 -14.580599 -0.000009 -0.000001 0.000005 0.000012 0.000003 0.000003 0.000000 0.000000 -0.000000 -9.103619 -0.043102 -1.865098 0.224817 1.757237 -14.580598 -0.000001 0.000005 0.000067 0.000002 0.000005 -0.000004 -0.000004 -0.000001 0.000002 -8.076698 -0.486714 -3.806288 0.224806 1.757230 -14.580599 -0.000002 0.000001 0.000010 0.000001 0.000006 -0.000003 -0.000001 -0.000000 -0.000001 4.570402 11.014665 -2.160816 1.067081 -2.739115 -10.020608 -34.700950 -10.368202 -47.889496 -0.000014 -108.207866 -0.000005 37.441089 -6.602375 89.999996 2.466099 -1.576216 2.681698 11.899855 3.218594 24.998113 3.939046 7.948721 0.746789 2.647887 -1.528757 1.528759 -0.579473 1.575007 2.538712 1.998925 -1.154073 1.154076 -0.000001 0.000001 -0.000000 9.109299 -0.518025 2.259896 0.090492 -1.114825 9.279451 -0.000001 0.000001 -0.000019 0.000000 0.000004 0.000000 0.000001 0.000003 0.000003 9.533404 -0.000007 -0.000004 0.090800 -1.116721 9.295428 0.000003 0.001924 -0.015980 0.000002 0.000002 -0.000005 0.000001 -0.000002 0.000002 9.104495 -0.043011 -1.865105 0.090493 -1.114824 9.279451 -0.000000 0.000002 -0.000236 0.000004 0.000001 -0.000009 0.000000 0.000001 -0.000000 8.077819 -0.486908 -3.806308 -0.581383 2.883447 9.800269 -0.018090 -4.054257 -0.511069 0.000000 0.000003 0.000000 0.000002 0.000003 -0.000002 -8.207801 -6.751705 -1.599546 -9.220070 -14.615872 -7.839630 49.323668 -9.858576 -1.449517 -24.197554 -3.282829 10.955808 -0.000004 -0.000003 -0.000003 -0.000000 0.000002 0.000000 8.207797 -6.751699 -1.599549 -13.890390 2.224983 10.373825 51.557738 -8.484662 9.978267 -24.730547 -0.050918 -9.786706 -0.311758 -0.000001 -0.000001 -0.000000 -0.000000 0.000000 
0.972978 93.806007 -2.524117 -14.054596 10.511718 -1.487355 -0.000001 10.181548 0.131520 1.832000 0.025221 -0.796162 3.647368 -1.018772 3.146255 3.635998 -1.059585 3.147327 -0.000000 16.740364 -2.049021 3.107868 -0.167624 -2.998674 -0.000005 9.617862 1.684978 -1.517780 0.123818 -15.395754 0.000005 22.037369 7.501073 -0.000000 0.000001 -0.000002 -4.569999 11.014870 -2.160841 0.914601 1.247197 -0.542153 -55.024072 16.078171 64.101086 0.000319 100.218888 -0.000268 55.399818 22.710826 -89.999962 -2.464791 -1.573991 2.681919 23.426675 8.329707 -18.518750 4.637199 -8.634151 -0.225379 -2.646266 -1.527798 1.527818 -1.273761 0.137316 -2.094874 -1.994601 -1.151556 1.151574 0.000003 -0.000003 0.000001 -9.108301 -0.517866 2.259805 0.224817 1.757237 -14.580599 -0.000008 -0.000000 0.000004 0.000010 0.000003 0.000004 -0.000001 -0.000001 0.000000 -9.532498 0.000013 0.000009 0.224817 1.757238 -14.580599 -0.000009 -0.000001 0.000005 0.000012 0.000003 0.000003 0.000000 0.000000 -0.000000 -9.103619 -0.043102 -1.865098 0.224817 1.757237 -14.580598 -0.000001 0.000005 0.000067 0.000002 0.000005 -0.000004 -0.000004 -0.000001 0.000002 -8.076698 -0.486714 -3.806288 0.224806 1.757230 -14.580599 -0.000002 0.000001 0.000010 0.000001 0.000006 -0.000003 -0.000001 -0.000000 -0.000001 4.570402 11.014665 -2.160816 1.067081 -2.739115 -10.020608 -34.700950 -10.368202 -47.889496 -0.000014 -108.207866 -0.000005 37.441089 -6.602375 89.999996 2.466099 -1.576216 2.681698 11.899855 3.218594 24.998113 3.939046 7.948721 0.746789 2.647887 -1.528757 1.528759 -0.579473 1.575007 2.538712 1.998925 -1.154073 1.154076 -0.000001 0.000001 -0.000000 9.109299 -0.518025 2.259896 0.090492 -1.114825 9.279451 -0.000001 0.000001 -0.000019 0.000000 0.000004 0.000000 0.000001 0.000003 0.000003 9.533404 -0.000007 -0.000004 0.090800 -1.116721 9.295428 0.000003 0.001924 -0.015980 0.000002 0.000002 -0.000005 0.000001 -0.000002 0.000002 9.104495 -0.043011 -1.865105 0.090493 -1.114824 9.279451 -0.000000 0.000002 -0.000236 0.000004 0.000001 -0.000009 0.000000 0.000001 -0.000000 8.077819 -0.486908 -3.806308 -0.581383 2.883447 9.800269 -0.018090 -4.054257 -0.511069 0.000000 0.000003 0.000000 0.000002 0.000003 -0.000002 -8.207801 -6.751705 -1.599546 -9.220070 -14.615872 -7.839630 49.323668 -9.858576 -1.449517 -24.197554 -3.282829 10.955808 -0.000004 -0.000003 -0.000003 -0.000000 0.000002 0.000000 8.207797 -6.751699 -1.599549 -13.890390 2.224983 10.373825 51.557738 -8.484662 9.978267 -24.730547 -0.050918 -9.786706 -0.311758 -0.000001 -0.000001 -0.000000 -0.000000 0.000000 
0.972978 93.806007 -2.524117 -14.054596 10.511718 -1.487355 -0.000001 10.181548 0.131520 1.832000 0.025221 -0.796162 3.647368 -1.018772 3.146255 3.635998 -1.059585 3.147327 -0.000000 16.740364 -2.049021 3.107868 -0.167624 -2.998674 -0.000005 9.617862 1.684978 -1.517780 0.123818 -15.395754 0.000005 22.037369 7.501073 -0.000000 0.000001 -0.000002 -4.569999 11.014870 -2.160841 0.914601 1.247197 -0.542153 -55.024072 16.078171 64.101086 0.000319 100.218888 -0.000268 55.399818 22.710826 -89.999962 -2.464791 -1.573991 2.681919 23.426675 8.329707 -18.518750 4.637199 -8.634151 -0.225379 -2.646266 -1.527798 1.527818 -1.273761 0.137316 -2.094874 -1.994601 -1.151556 1.151574 0.000003 -0.000003 0.000001 -9.108301 -0.517866 2.259805 0.224817 1.757237 -14.580599 -0.000008 -0.000000 0.000004 0.000010 0.000003 0.000004 -0.000001 -0.000001 0.000000 -9.532498 0.000013 0.000009 0.224817 1.757238 -14.580599 -0.000009 -0.000001 0.000005 0.000012 0.000003 0.000003 0.000000 0.000000 -0.000000 -9.103619 -0.043102 -1.865098 0.224817 1.757237 -14.580598 -0.000001 0.000005 0.000067 0.000002 0.000005 -0.000004 -0.000004 -0.000001 0.000002 -8.076698 -0.486714 -3.806288 0.224806 1.757230 -14.580599 -0.000002 0.000001 0.000010 0.000001 0.000006 -0.000003 -0.000001 -0.000000 -0.000001 4.570402 11.014665 -2.160816 1.067081 -2.739115 -10.020608 -34.700950 -10.368202 -47.889496 -0.000014 -108.207866 -0.000005 37.441089 -6.602375 89.999996 2.466099 -1.576216 2.681698 11.899855 3.218594 24.998113 3.939046 7.948721 0.746789 2.647887 -1.528757 1.528759 -0.579473 1.575007 2.538712 1.998925 -1.154073 1.154076 -0.000001 0.000001 -0.000000 9.109299 -0.518025 2.259896 0.090492 -1.114825 9.279451 -0.000001 0.000001 -0.000019 0.000000 0.000004 0.000000 0.000001 0.000003 0.000003 9.533404 -0.000007 -0.000004 0.090800 -1.116721 9.295428 0.000003 0.001924 -0.015980 0.000002 0.000002 -0.000005 0.000001 -0.000002 0.000002 9.104495 -0.043011 -1.865105 0.090493 -1.114824 9.279451 -0.000000 0.000002 -0.000236 0.000004 0.000001 -0.000009 0.000000 0.000001 -0.000000 8.077819 -0.486908 -3.806308 -0.581383 2.883447 9.800269 -0.018090 -4.054257 -0.511069 0.000000 0.000003 0.000000 0.000002 0.000003 -0.000002 -8.207801 -6.751705 -1.599546 -9.220070 -14.615872 -7.839630 49.323668 -9.858576 -1.449517 -24.197554 -3.282829 10.955808 -0.000004 -0.000003 -0.000003 -0.000000 0.000002 0.000000 8.207797 -6.751699 -1.599549 -13.890390 2.224983 10.373825 51.557738 -8.484662 9.978267 -24.730547 -0.050918 -9.786706 -0.311758 -0.000001 -0.000001 -0.000000 -0.000000 0.000000 
0.972978 93.806007 -2.524117 -14.054596 10.511718 -1.487355 -0.000001 10.181548 0.131520 1.832000 0.025221 -0.796162 3.647368 -1.018772 3.146255 3.635998 -1.059585 3.147327 -0.000000 16.740364 -2.049021 3.107868 -0.167624 -2.998674 -0.000005 9.617862 1.684978 -1.517780 0.123818 -15.395754 0.000005 22.037369 7.501073 -0.000000 0.000001 -0.000002 -4.569999 11.014870 -2.160841 0.914601 1.247197 -0.542153 -55.024072 16.078171 64.101086 0.000319 100.218888 -0.000268 55.399818 22.710826 -89.999962 -2.464791 -1.573991 2.681919 23.426675 8.329707 -18.518750 4.637199 -8.634151 -0.225379 -2.646266 -1.527798 1.527818 -1.273761 0.137316 -2.094874 -1.994601 -1.151556 1.151574 0.000003 -0.000003 0.000001 -9.108301 -0.517866 2.259805 0.224817 1.757237 -14.580599 -0.000008 -0.000000 0.000004 0.000010 0.000003 0.000004 -0.000001 -0.000001 0.000000 -9.532498 0.000013 0.000009 0.224817 1.757238 -14.580599 -0.000009 -0.000001 0.000005 0.000012 0.000003 0.000003 0.000000 0.000000 -0.000000 -9.103619 -0.043102 -1.865098 0.224817 1.757237 -14.580598 -0.000001 0.000005 0.000067 0.000002 0.000005 -0.000004 -0.000004 -0.000001 0.000002 -8.076698 -0.486714 -3.806288 0.224806 1.757230 -14.580599 -0.000002 0.000001 0.000010 0.000001 0.000006 -0.000003 -0.000001 -0.000000 -0.000001 4.570402 11.014665 -2.160816 1.067081 -2.739115 -10.020608 -34.700950 -10.368202 -47.889496 -0.000014 -108.207866 -0.000005 37.441089 -6.602375 89.999996 2.466099 -1.576216 2.681698 11.899855 3.218594 24.998113 3.939046 7.948721 0.746789 2.647887 -1.528757 1.528759 -0.579473 1.575007 2.538712 1.998925 -1.154073 1.154076 -0.000001 0.000001 -0.000000 9.109299 -0.518025 2.259896 0.090492 -1.114825 9.279451 -0.000001 0.000001 -0.000019 0.000000 0.000004 0.000000 0.000001 0.000003 0.000003 9.533404 -0.000007 -0.000004 0.090800 -1.116721 9.295428 0.000003 0.001924 -0.015980 0.000002 0.000002 -0.000005 0.000001 -0.000002 0.000002 9.104495 -0.043011 -1.865105 0.090493 -1.114824 9.279451 -0.000000 0.000002 -0.000236 0.000004 0.000001 -0.000009 0.000000 0.000001 -0.000000 8.077819 -0.486908 -3.806308 -0.581383 2.883447 9.800269 -0.018090 -4.054257 -0.511069 0.000000 0.000003 0.000000 0.000002 0.000003 -0.000002 -8.207801 -6.751705 -1.599546 -9.220070 -14.615872 -7.839630 49.323668 -9.858576 -1.449517 -24.197554 -3.282829 10.955808 -0.000004 -0.000003 -0.000003 -0.000000 0.000002 0.000000 8.207797 -6.751699 -1.599549 -13.890390 2.224983 10.373825 51.557738 -8.484662 9.978267 -24.730547 -0.050918 -9.786706 -0.311758 -0.000001 -0.000001 -0.000000 -0.000000 0.000000 
