HIERARCHY
ROOT hips
{
	OFFSET 0.000000 104.274902 0.000000
	CHANNELS 6 Xposition Yposition Zposition Xrotation Yrotation Zrotation
	JOINT spine
	{
		OFFSET 0.000000 10.181549 0.131524
		CHANNELS 6 Xposition Yposition Zposition Xrotation Yrotation Zrotation
		JOINT chest
		{
			OFFSET 0.000000 9.893990 -1.470706
			CHANNELS 3 Xrotation Yrotation Zrotation
			JOINT upperChest
			{
				OFFSET 0.000000 9.220787 -1.370637
				CHANNELS 3 Xrotation Yrotation Zrotation
				JOINT neck
				{
					OFFSET 0.000000 16.740372 -2.049022
					CHANNELS 6 Xposition Yposition Zposition Xrotation Yrotation Zrotation
					JOINT head
					{
						OFFSET 0.000000 9.617859 1.684976
						CHANNELS 6 Xposition Yposition Zposition Xrotation Yrotation Zrotation
						JOINT headEnd
						{
							OFFSET 0.000000 22.037384 7.501072
							CHANNELS 6 Xposition Yposition Zposition Xrotation Yrotation Zrotation
							End Site
							{
								OFFSET 0.000000 23.106567 -2.828246
							}
						}
					}
				}
				JOINT rightShoulder
				{
					OFFSET -4.570000 11.014877 -2.160840
					CHANNELS 6 Xposition Yposition Zposition Xrotation Yrotation Zrotation
					JOINT rightUpperArm
					{
						OFFSET -10.592867 -0.524796 -2.232105
						CHANNELS 3 Xrotation Yrotation Zrotation
						JOINT rightLowerArm
						{
							OFFSET -27.841497 0.000000 -0.000002
							CHANNELS 3 Xrotation Yrotation Zrotation
							JOINT rightHand
							{
								OFFSET -28.328812 0.000000 -0.000001
								CHANNELS 3 Xrotation Yrotation Zrotation
								JOINT rightThumbProximal
								{
									OFFSET -2.464798 -1.573990 2.681911
									CHANNELS 6 Xposition Yposition Zposition Xrotation Yrotation Zrotation
									JOINT rightThumbIntermediate
									{
										OFFSET -3.244781 -1.873383 1.873376
										CHANNELS 3 Xrotation Yrotation Zrotation
										JOINT rightThumbDistal
										{
											OFFSET -2.646263 -1.527817 1.527818
											CHANNELS 6 Xposition Yposition Zposition Xrotation Yrotation Zrotation
											JOINT rightHandThumb4
											{
												OFFSET -1.994591 -1.151581 1.151575
												CHANNELS 6 Xposition Yposition Zposition Xrotation Yrotation Zrotation
												End Site
												{
													OFFSET -1.860176 -1.142715 1.365483
												}
											}
										}
									}
								}
								JOINT rightIndexProximal
								{
									OFFSET -9.108299 -0.517883 2.259803
									CHANNELS 6 Xposition Yposition Zposition Xrotation Yrotation Zrotation
									JOINT rightIndexIntermediate
									{
										OFFSET -3.699997 0.000000 0.000000
										CHANNELS 3 Xrotation Yrotation Zrotation
										JOINT rightIndexDistal
										{
											OFFSET -2.850006 0.000000 0.000000
											CHANNELS 3 Xrotation Yrotation Zrotation
											JOINT rightHandIndex4
											{
												OFFSET -2.772194 0.000000 0.000000
												CHANNELS 3 Xrotation Yrotation Zrotation
												End Site
												{
													OFFSET -2.772202 0.000000 -0.000484
												}
											}
										}
									}
								}
								JOINT rightMiddleProximal
								{
									OFFSET -9.532501 0.000000 -0.000000
									CHANNELS 6 Xposition Yposition Zposition Xrotation Yrotation Zrotation
									JOINT rightMiddleIntermediate
									{
										OFFSET -3.699997 0.000000 0.000000
										CHANNELS 3 Xrotation Yrotation Zrotation
										JOINT rightMiddleDistal
										{
											OFFSET -2.949997 0.000000 0.000000
											CHANNELS 3 Xrotation Yrotation Zrotation
											JOINT rightHandMiddle4
											{
												OFFSET -2.946594 0.000000 0.000000
												CHANNELS 3 Xrotation Yrotation Zrotation
												End Site
												{
													OFFSET -2.946602 0.000000 -0.000982
												}
											}
										}
									}
								}
								JOINT rightRingProximal
								{
									OFFSET -9.103600 -0.043106 -1.865100
									CHANNELS 6 Xposition Yposition Zposition Xrotation Yrotation Zrotation
									JOINT rightRingIntermediate
									{
										OFFSET -3.379303 0.000000 0.000000
										CHANNELS 3 Xrotation Yrotation Zrotation
										JOINT rightRingDistal
										{
											OFFSET -2.889694 0.000000 0.000000
											CHANNELS 3 Xrotation Yrotation Zrotation
											JOINT rightHandRing4
											{
												OFFSET -2.638802 0.000000 0.000000
												CHANNELS 3 Xrotation Yrotation Zrotation
												End Site
												{
													OFFSET -2.638802 0.000000 0.004218
												}
											}
										}
									}
								}
								JOINT rightLittleProximal
								{
									OFFSET -8.076698 -0.486725 -3.806299
									CHANNELS 6 Xposition Yposition Zposition Xrotation Yrotation Zrotation
									JOINT rightLittleIntermediate
									{
										OFFSET -3.600006 0.000000 0.000000
										CHANNELS 3 Xrotation Yrotation Zrotation
										JOINT rightLittleDistal
										{
											OFFSET -2.099998 0.000000 0.000000
											CHANNELS 3 Xrotation Yrotation Zrotation
											JOINT rightHandPinky4
											{
												OFFSET -2.115791 0.000000 0.000000
												CHANNELS 3 Xrotation Yrotation Zrotation
												End Site
												{
													OFFSET -2.115799 0.000000 0.000174
												}
											}
										}
									}
								}
							}
						}
					}
				}
				JOINT leftShoulder
				{
					OFFSET 4.570400 11.014679 -2.160816
					CHANNELS 6 Xposition Yposition Zposition Xrotation Yrotation Zrotation
					JOINT leftUpperArm
					{
						OFFSET 10.592373 -0.524597 -2.232116
						CHANNELS 3 Xrotation Yrotation Zrotation
						JOINT leftLowerArm
						{
							OFFSET 27.841488 0.000000 0.000001
							CHANNELS 3 Xrotation Yrotation Zrotation
							JOINT leftHand
							{
								OFFSET 28.328808 0.000000 -0.000000
								CHANNELS 3 Xrotation Yrotation Zrotation
								JOINT leftThumbProximal
								{
									OFFSET 2.466103 -1.576202 2.681698
									CHANNELS 6 Xposition Yposition Zposition Xrotation Yrotation Zrotation
									JOINT leftThumbIntermediate
									{
										OFFSET 3.243317 -1.872528 1.872530
										CHANNELS 3 Xrotation Yrotation Zrotation
										JOINT leftThumbDistal
										{
											OFFSET 2.647881 -1.528763 1.528754
											CHANNELS 6 Xposition Yposition Zposition Xrotation Yrotation Zrotation
											JOINT leftHandThumb4
											{
												OFFSET 1.998924 -1.154083 1.154080
												CHANNELS 6 Xposition Yposition Zposition Xrotation Yrotation Zrotation
												End Site
												{
													OFFSET 1.884041 -1.149155 1.337651
												}
											}
										}
									}
								}
								JOINT leftIndexProximal
								{
									OFFSET 9.109299 -0.518005 2.259900
									CHANNELS 6 Xposition Yposition Zposition Xrotation Yrotation Zrotation
									JOINT leftIndexIntermediate
									{
										OFFSET 3.699997 0.000000 0.000000
										CHANNELS 3 Xrotation Yrotation Zrotation
										JOINT leftIndexDistal
										{
											OFFSET 2.850006 0.000000 0.000000
											CHANNELS 3 Xrotation Yrotation Zrotation
											JOINT leftHandIndex4
											{
												OFFSET 2.774895 0.000000 0.000000
												CHANNELS 3 Xrotation Yrotation Zrotation
												End Site
												{
													OFFSET 2.774902 0.000000 -0.000072
												}
											}
										}
									}
								}
								JOINT leftMiddleProximal
								{
									OFFSET 9.533401 0.000000 0.000000
									CHANNELS 6 Xposition Yposition Zposition Xrotation Yrotation Zrotation
									JOINT leftMiddleIntermediate
									{
										OFFSET 3.699997 0.000000 0.000000
										CHANNELS 3 Xrotation Yrotation Zrotation
										JOINT leftMiddleDistal
										{
											OFFSET 2.949997 0.000000 0.000000
											CHANNELS 3 Xrotation Yrotation Zrotation
											JOINT leftHandMiddle4
											{
												OFFSET 2.952896 0.000000 0.000000
												CHANNELS 3 Xrotation Yrotation Zrotation
												End Site
												{
													OFFSET 2.952904 0.000000 0.000165
												}
											}
										}
									}
								}
								JOINT leftRingProximal
								{
									OFFSET 9.104500 -0.042999 -1.865101
									CHANNELS 6 Xposition Yposition Zposition Xrotation Yrotation Zrotation
									JOINT leftRingIntermediate
									{
										OFFSET 3.149994 0.000000 0.000000
										CHANNELS 3 Xrotation Yrotation Zrotation
										JOINT leftRingDistal
										{
											OFFSET 2.950005 0.000000 0.000000
											CHANNELS 3 Xrotation Yrotation Zrotation
											JOINT leftHandRing4
											{
												OFFSET 2.644302 0.000000 0.000000
												CHANNELS 3 Xrotation Yrotation Zrotation
												End Site
												{
													OFFSET 2.644302 0.000000 0.000083
												}
											}
										}
									}
								}
								JOINT leftLittleProximal
								{
									OFFSET 8.077805 -0.486893 -3.806302
									CHANNELS 6 Xposition Yposition Zposition Xrotation Yrotation Zrotation
									JOINT leftLittleIntermediate
									{
										OFFSET 3.600006 0.000000 0.000000
										CHANNELS 3 Xrotation Yrotation Zrotation
										JOINT leftLittleDistal
										{
											OFFSET 2.099998 0.000000 0.000000
											CHANNELS 3 Xrotation Yrotation Zrotation
											JOINT leftHandPinky4
											{
												OFFSET 2.125496 0.000000 0.000000
												CHANNELS 3 Xrotation Yrotation Zrotation
												End Site
												{
													OFFSET 2.125504 0.000000 -0.001254
												}
											}
										}
									}
								}
							}
						}
					}
				}
			}
		}
	}
	JOINT rightUpperLeg
	{
		OFFSET -8.207800 -6.751701 -1.599544
		CHANNELS 6 Xposition Yposition Zposition Xrotation Yrotation Zrotation
		JOINT rightLowerLeg
		{
			OFFSET 0.000004 -44.370152 0.345934
			CHANNELS 3 Xrotation Yrotation Zrotation
			JOINT rightFoot
			{
				OFFSET 0.000004 -44.423664 -3.043535
				CHANNELS 3 Xrotation Yrotation Zrotation
				JOINT rightToes
				{
					OFFSET 0.000001 -8.728691 10.710592
					CHANNELS 3 Xrotation Yrotation Zrotation
					JOINT rightToesEnd
					{
						OFFSET 0.000000 -0.000665 9.278101
						CHANNELS 3 Xrotation Yrotation Zrotation
						End Site
						{
							OFFSET 0.000000 -0.000665 9.278103
						}
					}
				}
			}
		}
	}
	JOINT leftUpperLeg
	{
		OFFSET 8.207800 -6.751701 -1.599544
		CHANNELS 6 Xposition Yposition Zposition Xrotation Yrotation Zrotation
		JOINT leftLowerLeg
		{
			OFFSET 0.000004 -44.370037 0.346940
			CHANNELS 3 Xrotation Yrotation Zrotation
			JOINT leftFoot
			{
				OFFSET 0.000004 -44.423611 -3.044388
				CHANNELS 3 Xrotation Yrotation Zrotation
				JOINT leftToes
				{
					OFFSET 0.000001 -8.728690 10.710592
					CHANNELS 3 Xrotation Yrotation Zrotation
					JOINT leftToesEnd
					{
						OFFSET 0.000000 -0.000680 9.278101
						CHANNELS 3 Xrotation Yrotation Zrotation
						End Site
						{
							OFFSET 0.000000 -0.000680 9.278101
						}
					}
				}
			}
		}
	}
}
MOTION
Frames: 250
Frame Time: 0.033333
-1.618420 100.572159 0.894570 11.577516 -65.786326 10.003998 0.000000 10.181551 0.131525 5.891046 7.379625 -0.294866 4.207037 4.750649 -0.407737 4.180452 4.776989 -0.387804 0.000002 16.740366 -2.049012 4.751503 5.600986 1.899799 -0.000003 9.617838 1.684981 -4.997785 35.156128 -7.368575 -0.000003 22.037384 7.501075 0.000000 0.000001 0.000001 -4.570000 11.014865 -2.160832 -2.707391 6.648522 9.770635 0.059552 31.373108 55.948986 0.000002 12.602172 0.000021 5.346808 -4.578973 -20.860106 -2.464796 -1.573968 2.681907 -0.184853 0.811011 0.379091 14.555152 -10.338193 -17.751411 -2.646270 -1.527810 1.527817 3.082440 6.845672 -24.355254 -1.994599 -1.151591 1.151573 0.000002 -0.000001 0.000003 -9.108285 -0.517865 2.259802 -1.953993 1.211408 24.349874 0.102789 -0.974067 12.047025 0.106942 -0.993358 12.289314 -0.000001 0.000000 -0.000001 -9.532495 0.000013 -0.000001 -0.068668 -3.360488 30.624526 0.243107 -1.486462 18.575067 0.087627 -0.900172 11.120832 0.000000 0.000000 0.000000 -9.103576 -0.043108 -1.865104 2.118672 -6.841621 32.929189 0.379645 -1.843446 23.271899 0.273421 -1.573778 19.710427 -0.000001 -0.000001 0.000002 -8.076693 -0.486707 -3.806297 0.991096 -5.107814 35.939882 0.407283 -1.906396 24.116698 0.180031 -1.283654 15.966114 0.000000 -0.000000 0.000002 4.570400 11.014660 -2.160807 1.287952 2.046098 -7.556859 -1.901027 -19.818065 -67.839638 -0.000001 -29.221438 0.000001 5.898207 -13.966586 6.155449 2.466092 -1.576203 2.681701 34.633120 -11.154948 20.382241 10.317226 22.375519 -4.922749 2.647889 -1.528780 1.528744 -16.283847 5.393252 11.804519 1.998924 -1.154091 1.154079 -0.000006 -0.000003 0.000003 9.109298 -0.517997 2.259901 -2.909575 -5.343384 -19.893650 0.730449 2.834859 -28.894702 0.303367 1.862593 -18.501751 -0.000002 0.000001 0.000001 9.533419 0.000008 -0.000002 -0.724664 3.070718 -34.949863 0.579101 2.541653 -25.668133 0.407572 2.148875 -21.478331 0.000001 -0.000001 0.000000 9.104499 -0.043006 -1.865101 0.244378 4.333218 -32.106380 0.880801 3.091298 -31.802539 0.978993 3.244079 -33.579560 -0.000002 0.000001 -0.000001 8.077819 -0.486893 -3.806301 0.557549 4.785948 -28.297477 0.460908 2.279636 -22.858481 0.526838 2.430067 -24.463646 -0.000000 0.000000 -0.000001 -8.207800 -6.751704 -1.599538 -16.127368 -7.565088 3.227803 26.370250 2.238409 0.317219 -14.749399 0.586921 -4.965504 -8.080948 -0.000021 0.000000 0.000000 -0.000000 0.000000 8.207799 -6.751699 -1.599545 -34.281706 -0.963998 2.942279 55.851850 -3.279504 0.048539 -2.900343 0.145754 -4.018882 -7.573398 -0.000004 -0.000009 0.000000 0.000002 -0.000002 
-7.260331 100.700066 1.147105 13.747605 -67.610533 12.881724 -0.000000 10.181535 0.131522 5.807265 8.768931 -1.338931 4.080691 5.109809 -0.890843 4.040423 5.146040 -0.876892 -0.000000 16.740362 -2.049020 4.789011 5.597026 1.830999 0.000001 9.617834 1.684975 -5.011829 35.048153 -7.028477 0.000000 22.037384 7.501066 0.000001 0.000001 0.000001 -4.570002 11.014887 -2.160844 -3.388769 7.077416 9.605764 -1.064266 32.099724 54.957946 0.000001 15.143393 0.000013 3.639241 -3.296482 -21.827135 -2.464782 -1.574001 2.681911 -0.184853 0.811009 0.379091 13.116592 -10.255252 -18.306866 -2.646264 -1.527815 1.527818 3.037112 5.644896 -24.083730 -1.994594 -1.151590 1.151580 -0.000002 -0.000005 0.000001 -9.108301 -0.517886 2.259803 -2.065979 1.740163 23.278729 0.102379 -0.972149 12.022894 0.106518 -0.991432 12.265118 -0.000000 0.000000 0.000001 -9.532502 0.000013 0.000001 -0.256946 -2.998179 29.950205 0.242038 -1.483332 18.534430 0.087002 -0.896925 11.080143 0.000000 -0.000000 0.000000 -9.103589 -0.043105 -1.865100 2.017941 -6.743503 32.167438 0.381145 -1.846912 23.318240 0.274722 -1.577399 19.757774 -0.000001 0.000000 -0.000001 -8.076682 -0.486729 -3.806297 0.805581 -4.833996 35.515515 0.409049 -1.910348 24.169890 0.181304 -1.288078 16.022644 -0.000000 0.000000 0.000001 4.570399 11.014671 -2.160819 1.631119 3.428002 -7.487754 0.606343 -18.993588 -66.557905 0.000013 -26.115706 0.000013 5.148510 -9.935216 4.984582 2.466093 -1.576211 2.681699 34.633120 -11.154954 20.382242 11.098695 22.482189 -5.387527 2.647875 -1.528732 1.528745 -16.294115 5.346909 11.806677 1.998928 -1.154089 1.154073 -0.000003 0.000000 0.000005 9.109281 -0.518016 2.259904 -3.002395 -5.154592 -20.773008 0.730400 2.834723 -28.893367 0.303335 1.862464 -18.500385 0.000002 -0.000003 0.000004 9.533400 0.000008 0.000002 -0.708890 3.123074 -35.254076 0.582420 2.548553 -25.743072 0.410406 2.156084 -21.554040 0.000000 0.000000 -0.000001 9.104498 -0.042997 -1.865094 0.192796 4.269437 -32.495520 0.879580 3.089324 -31.780085 0.977710 3.242129 -33.556706 0.000001 0.000001 -0.000001 8.077806 -0.486898 -3.806295 0.434916 4.560071 -28.356895 0.461136 2.280247 -22.864594 0.527022 2.430439 -24.467539 -0.000000 0.000001 0.000005 -8.207799 -6.751729 -1.599543 -11.565418 -7.312681 3.719758 23.277978 3.648939 0.429046 -16.507066 1.347429 -6.130328 -7.606042 -0.000010 -0.000001 0.000000 0.000003 0.000000 8.207799 -6.751708 -1.599551 -36.342487 1.068962 0.098079 43.321902 -1.212535 0.121965 -4.265442 0.299542 -5.123472 -6.985073 0.000005 -0.000001 0.000000 0.000000 -0.000001 
-13.046754 99.807983 1.409922 16.995237 -70.544735 15.785040 -0.000000 10.181550 0.131524 5.540132 11.321087 -1.433570 3.806497 5.613236 -0.905736 3.749180 5.653850 -0.911365 0.000002 16.740366 -2.049026 4.672567 5.621337 1.569198 -0.000006 9.617834 1.684975 -4.862582 35.211743 -7.602392 0.000001 22.037369 7.501071 0.000000 0.000000 0.000001 -4.569998 11.014854 -2.160841 -3.858789 7.755777 9.535025 -0.169942 33.888188 52.539516 0.000000 17.712099 0.000030 1.883316 -2.674842 -22.898716 -2.464794 -1.574019 2.681909 -0.184853 0.811011 0.379093 11.332586 -9.519697 -18.605999 -2.646267 -1.527798 1.527818 3.021796 5.032179 -23.965223 -1.994594 -1.151586 1.151582 0.000001 -0.000003 0.000001 -9.108306 -0.517875 2.259803 -2.101477 1.937723 22.902125 0.102210 -0.971360 12.013031 0.106361 -0.990685 12.255726 -0.000000 -0.000002 -0.000000 -9.532499 0.000012 -0.000001 -0.359073 -2.787268 29.515880 0.241579 -1.481965 18.516745 0.086725 -0.895505 11.062379 0.000000 0.000000 0.000001 -9.103602 -0.043106 -1.865100 1.918486 -6.626658 31.598818 0.380896 -1.846354 23.310759 0.274536 -1.576882 19.750993 -0.000000 0.000000 -0.000003 -8.076699 -0.486727 -3.806296 0.513462 -4.418505 35.258891 0.406917 -1.905590 24.105787 0.179839 -1.282997 15.957736 -0.000000 0.000000 -0.000002 4.570402 11.014677 -2.160821 1.890777 4.678497 -7.546968 3.852854 -17.147578 -65.754129 0.000013 -24.794972 0.000013 5.721483 -5.669336 3.908894 2.466089 -1.576215 2.681691 34.633120 -11.154948 20.382239 12.096711 22.138142 -6.035564 2.647861 -1.528759 1.528746 -16.315457 5.250299 11.811209 1.998917 -1.154090 1.154075 0.000000 -0.000001 -0.000000 9.109303 -0.518011 2.259899 -3.246089 -5.006328 -22.284585 0.728336 2.830996 -28.851668 0.301963 1.858378 -18.458311 0.000002 0.000000 -0.000001 9.533409 0.000010 -0.000002 -0.691390 3.208738 -35.890124 0.584892 2.553670 -25.798543 0.412518 2.161408 -21.610088 0.000000 0.000001 0.000001 9.104496 -0.043000 -1.865102 0.109719 4.165680 -32.977369 0.876301 3.084040 -31.719105 0.974209 3.236864 -33.494824 -0.000000 -0.000002 -0.000000 8.077806 -0.486902 -3.806303 0.196529 4.141773 -28.803198 0.461998 2.282289 -22.886301 0.528170 2.432945 -24.494537 0.000001 0.000001 0.000004 -8.207801 -6.751704 -1.599543 -7.392314 -7.905598 4.577732 22.068616 5.973917 0.482558 -19.188404 3.768986 -7.894806 -7.508042 0.000008 0.000005 0.000000 0.000001 0.000000 8.207799 -6.751692 -1.599541 -36.407313 1.266601 -0.484765 27.787887 -0.184322 0.019473 -4.230256 0.334165 -6.153001 -7.080986 0.000010 0.000008 -0.000001 0.000001 0.000000 
-18.833172 98.915901 1.672738 21.304951 -73.404992 19.753418 0.000000 10.181552 0.131523 5.274665 13.873650 -1.516903 3.532190 6.116723 -0.918217 3.457977 6.161823 -0.943272 0.000002 16.740347 -2.049018 4.556230 5.646184 1.307434 0.000000 9.617848 1.684978 -4.711034 35.374086 -8.177983 0.000002 22.037369 7.501070 -0.000000 0.000000 -0.000000 -4.569995 11.014857 -2.160840 -4.328760 8.434688 9.469792 0.835804 35.642796 50.034605 -0.000003 20.280807 0.000046 0.140130 -2.020821 -23.950275 -2.464789 -1.574019 2.681910 -0.184853 0.811009 0.379092 9.556192 -8.775334 -18.881197 -2.646256 -1.527806 1.527818 3.007759 4.419435 -23.846981 -1.994609 -1.151600 1.151570 0.000003 0.000000 0.000001 -9.108290 -0.517888 2.259804 -2.135680 2.135513 22.525581 0.102041 -0.970565 12.003158 0.106204 -0.989935 12.246337 -0.000000 0.000003 -0.000000 -9.532505 -0.000010 0.000001 -0.459579 -2.575589 29.082000 0.241122 -1.480598 18.499055 0.086448 -0.894084 11.044612 0.000001 0.000002 -0.000001 -9.103597 -0.043133 -1.865103 1.820225 -6.508839 31.030526 0.380648 -1.845795 23.303268 0.274350 -1.576366 19.744214 0.000000 0.000001 0.000000 -8.076693 -0.486742 -3.806297 0.223368 -4.001720 35.004518 0.404792 -1.900832 24.041682 0.178380 -1.277915 15.892843 0.000000 -0.000000 0.000000 4.570401 11.014646 -2.160813 2.152257 5.928717 -7.612002 7.041646 -15.261588 -65.067558 0.000019 -23.474238 0.000015 6.371751 -1.415070 2.795573 2.466093 -1.576219 2.681686 34.633123 -11.154951 20.382241 13.088013 21.783732 -6.675461 2.647874 -1.528737 1.528741 -16.336786 5.153687 11.815694 1.998921 -1.154087 1.154077 0.000002 0.000001 0.000001 9.109299 -0.518002 2.259901 -3.485721 -4.851717 -23.795165 0.726273 2.827265 -28.809963 0.300595 1.854293 -18.416236 -0.000001 -0.000000 0.000003 9.533399 0.000013 0.000001 -0.672932 3.294202 -36.526257 0.587366 2.558788 -25.854026 0.414636 2.166733 -21.666139 -0.000001 -0.000000 -0.000001 9.104495 -0.042998 -1.865100 0.025783 4.062623 -33.459314 0.873035 3.078751 -31.658139 0.970718 3.231592 -33.432936 -0.000001 -0.000002 0.000000 8.077805 -0.486889 -3.806301 -0.044994 3.725343 -29.251023 0.462862 2.284329 -22.908009 0.529315 2.435451 -24.521542 -0.000001 0.000000 -0.000001 -8.207798 -6.751694 -1.599542 -3.204834 -8.434943 5.478246 20.850894 8.297240 0.585907 -21.803666 6.269394 -9.550113 -7.410035 0.000024 0.000009 0.000000 0.000001 -0.000000 8.207799 -6.751698 -1.599543 -36.470130 1.464893 -1.067432 12.254123 0.833777 0.196096 -4.194456 0.368150 -7.182550 -7.176895 0.000009 0.000018 -0.000001 0.000000 0.000001 
-25.121399 96.843765 1.805597 29.024585 -77.752155 26.384476 0.000000 10.181543 0.131524 4.874427 17.531962 -1.281712 3.244733 6.693076 -0.707795 3.172618 6.732027 -0.769438 0.000002 16.740358 -2.049021 4.268680 5.726119 1.368142 -0.000001 9.617835 1.684987 -4.453628 36.030266 -8.776387 -0.000003 22.037369 7.501072 -0.000001 -0.000000 0.000001 -4.570001 11.014862 -2.160839 -4.510986 9.241849 9.636340 2.743670 39.024269 46.588737 -0.000004 22.123237 0.000022 -0.529664 -1.196908 -24.578977 -2.464789 -1.574003 2.681910 -0.184850 0.811007 0.379088 8.115767 -7.373380 -19.057020 -2.646263 -1.527820 1.527821 2.999030 3.465812 -23.561462 -1.994597 -1.151584 1.151577 -0.000001 -0.000003 -0.000000 -9.108302 -0.517864 2.259804 -2.126190 2.494240 21.350434 0.101896 -0.969867 11.994364 0.106063 -0.989307 12.238408 -0.000000 -0.000000 -0.000000 -9.532508 0.000013 0.000002 -0.541138 -2.332365 28.000777 0.240941 -1.480013 18.491537 0.086317 -0.893486 11.037094 -0.000000 0.000001 0.000002 -9.103598 -0.043095 -1.865103 1.659232 -6.319545 29.859149 0.378717 -1.841272 23.242833 0.272699 -1.571767 19.684238 0.000000 -0.000001 -0.000003 -8.076675 -0.486723 -3.806296 -0.016552 -3.639247 34.590475 0.400583 -1.891392 23.914727 0.175479 -1.267648 15.761754 0.000000 -0.000001 0.000001 4.570399 11.014678 -2.160813 2.271662 6.765556 -7.649547 9.244436 -12.945655 -65.415857 -0.000006 -21.780848 -0.000002 6.480926 1.722085 2.081447 2.466093 -1.576194 2.681689 34.633120 -11.154951 20.382246 13.482034 20.478775 -6.798189 2.647874 -1.528743 1.528746 -16.351036 5.089018 11.818702 1.998925 -1.154093 1.154073 0.000002 -0.000001 -0.000000 9.109287 -0.517983 2.259900 -3.565318 -4.861958 -24.134663 0.722595 2.820584 -28.735518 0.298175 1.846997 -18.341080 -0.000001 -0.000000 0.000003 9.533393 -0.000000 0.000000 -0.620920 3.354910 -36.416605 0.581495 2.546651 -25.722260 0.409624 2.154069 -21.532909 -0.000000 0.000000 0.000000 9.104492 -0.042999 -1.865100 0.043100 4.071241 -33.149357 0.864545 3.064973 -31.499893 0.961684 3.217889 -33.272392 -0.000003 -0.000001 0.000000 8.077789 -0.486904 -3.806303 -0.195482 3.471356 -29.466867 0.464120 2.287289 -22.939515 0.529632 2.436176 -24.529356 -0.000000 -0.000002 -0.000000 -8.207797 -6.751715 -1.599545 1.034863 -9.250530 6.011760 21.778186 9.437008 0.734645 -25.905468 12.123355 -10.298170 -8.020005 -0.000037 -0.000000 0.000001 0.000001 0.000000 8.207799 -6.751706 -1.599549 -40.067150 1.959170 1.089491 7.814273 2.695908 0.273967 -9.076270 0.781549 -8.645193 -7.607595 -0.000016 0.000001 -0.000004 0.000001 0.000001 
-31.258263 94.961563 1.782398 40.799749 -81.139840 37.120616 -0.000001 10.181552 0.131527 4.858440 20.497633 -1.027482 3.157422 7.128603 -0.613117 3.080748 7.167110 -0.685340 -0.000000 16.740364 -2.049019 3.906181 5.842175 1.320237 -0.000002 9.617830 1.684987 -4.880917 36.687586 -8.829415 0.000004 22.037369 7.501074 -0.000000 -0.000000 -0.000001 -4.570002 11.014870 -2.160838 -4.486477 9.770028 9.870615 3.944354 42.866373 43.869666 0.000018 23.060454 0.000001 -0.735007 0.813383 -24.264838 -2.464792 -1.574028 2.681907 -0.184853 0.811009 0.379086 8.763394 -6.184630 -18.649077 -2.646265 -1.527797 1.527817 3.005972 3.215748 -23.279394 -1.994604 -1.151584 1.151575 -0.000001 0.000004 -0.000001 -9.108305 -0.517882 2.259803 -2.007883 2.342506 20.863019 0.101854 -0.969689 11.991959 0.106020 -0.989141 12.236326 0.000000 0.000000 -0.000000 -9.532498 -0.000013 -0.000001 -0.494213 -2.380304 27.532822 0.241191 -1.480752 18.501099 0.086478 -0.894248 11.046764 -0.000000 -0.000001 0.000000 -9.103603 -0.043122 -1.865105 1.550405 -6.169314 29.261213 0.375370 -1.833481 23.138654 0.269845 -1.563771 19.579968 -0.000002 -0.000000 -0.000001 -8.076697 -0.486740 -3.806300 -0.099461 -3.511863 34.456761 0.395261 -1.879332 23.752891 0.171779 -1.254443 15.593300 0.000002 -0.000001 -0.000000 4.570399 11.014685 -2.160816 2.284952 7.166683 -7.637373 9.596856 -11.602079 -65.835169 -0.000007 -17.601983 -0.000002 5.909019 2.633070 2.038361 2.466112 -1.576213 2.681685 34.633116 -11.154955 20.382241 13.770069 19.388534 -6.844039 2.647894 -1.528738 1.528746 -16.359275 5.051627 11.820441 1.998904 -1.154094 1.154072 0.000001 0.000001 0.000005 9.109314 -0.518011 2.259898 -3.487801 -4.881985 -23.724112 0.717292 2.810911 -28.627459 0.294672 1.836391 -18.232025 -0.000001 0.000002 -0.000005 9.533410 0.000004 -0.000001 -0.529215 3.421600 -35.743316 0.571865 2.526566 -25.504464 0.401383 2.133086 -21.312738 0.000002 -0.000003 0.000001 9.104505 -0.043000 -1.865103 0.113186 4.140846 -32.428690 0.855855 3.050741 -31.336853 0.952423 3.203759 -33.107023 -0.000001 -0.000001 -0.000000 8.077812 -0.486891 -3.806305 -0.205020 3.431493 -29.154714 0.465506 2.290574 -22.974403 0.530965 2.439069 -24.560411 -0.000000 0.000001 -0.000002 -8.207801 -6.751709 -1.599543 6.767627 -9.799200 6.247642 19.419536 9.327370 0.950060 -28.692785 18.312569 -9.860119 -8.863123 -0.000016 0.000001 -0.000000 -0.000002 0.000000 8.207799 -6.751701 -1.599547 -43.555307 1.844053 3.259732 9.813427 5.573402 0.382909 -12.997267 1.599053 -12.259784 -7.040160 -0.000037 0.000004 0.000002 -0.000000 0.000000 
-37.271839 93.213898 1.676378 49.695756 -82.315077 45.753532 -0.000000 10.181544 0.131523 5.033621 21.883644 -1.257969 3.329479 7.277205 -0.820350 3.244483 7.315937 -0.874955 0.000000 16.740355 -2.049023 3.747043 5.918528 1.198596 -0.000000 9.617833 1.684980 -6.334942 36.963003 -8.228013 -0.000002 22.037338 7.501075 -0.000000 0.000001 -0.000000 -4.570001 11.014873 -2.160839 -4.275619 9.875060 10.074308 3.109723 46.020244 43.747010 -0.000018 22.991965 0.000028 -0.812873 4.004863 -22.896126 -2.464786 -1.573999 2.681909 -0.184850 0.811014 0.379087 11.573551 -6.516482 -17.570020 -2.646264 -1.527783 1.527817 3.017787 4.779169 -23.507308 -1.994597 -1.151584 1.151578 0.000003 -0.000001 -0.000000 -9.108300 -0.517896 2.259804 -1.668925 1.218042 22.351707 0.102154 -0.971157 12.010310 0.106355 -0.990528 12.253908 0.000001 0.000002 0.000000 -9.532492 -0.000014 0.000001 -0.266852 -2.900342 28.737652 0.242121 -1.483533 18.537046 0.087031 -0.897140 11.082785 0.000000 0.000002 0.000000 -9.103587 -0.043107 -1.865097 1.602466 -6.209232 30.048697 0.371844 -1.825193 23.027986 0.266801 -1.555195 19.468244 0.000001 0.000002 -0.000001 -8.076693 -0.486732 -3.806298 -0.093561 -3.550385 35.029247 0.389087 -1.865259 23.563862 0.167466 -1.238973 15.396124 0.000002 -0.000001 0.000000 4.570401 11.014704 -2.160817 2.251447 7.175134 -7.812598 8.948538 -11.408479 -65.421792 -0.000004 -12.443032 -0.000003 5.216370 2.237437 2.624355 2.466097 -1.576215 2.681694 34.633120 -11.154954 20.382237 14.274797 19.504684 -7.216249 2.647896 -1.528746 1.528750 -16.366267 5.019776 11.821843 1.998920 -1.154096 1.154077 0.000001 0.000002 0.000005 9.109300 -0.518022 2.259901 -3.381771 -4.807301 -23.420652 0.714248 2.805318 -28.565345 0.292665 1.830298 -18.169328 -0.000002 -0.000001 0.000001 9.533402 0.000004 0.000000 -0.417873 3.518278 -35.023065 0.564836 2.511805 -25.344737 0.395392 2.117678 -21.151230 -0.000002 -0.000005 0.000002 9.104514 -0.042998 -1.865099 0.169263 4.201099 -31.853902 0.851179 3.043067 -31.248969 0.947445 3.196132 -33.017906 -0.000002 0.000002 0.000001 8.077801 -0.486904 -3.806299 -0.112495 3.551305 -28.455290 0.466501 2.292892 -22.998997 0.536296 2.450717 -24.685566 -0.000001 -0.000000 -0.000001 -8.207800 -6.751714 -1.599547 10.126399 -10.486957 5.740204 20.310442 9.515586 1.182330 -27.354228 21.632210 -9.978812 -10.350511 0.000022 0.000003 -0.000000 -0.000001 0.000000 8.207800 -6.751703 -1.599562 -46.275081 1.345304 2.721291 16.339947 5.242457 0.535333 -8.496674 -0.065460 -1.646695 -10.147279 0.000007 0.000007 -0.000001 0.000000 -0.000000 
-43.481003 92.367546 1.526644 46.163623 -81.394101 43.980025 -0.000001 10.181552 0.131529 5.455244 21.139808 -3.317643 3.457959 7.254868 -1.391379 3.372051 7.290232 -1.413897 0.000004 16.740370 -2.049017 3.724239 5.886030 1.331218 -0.000005 9.617855 1.684984 -7.975402 36.672143 -6.915742 -0.000002 22.037369 7.501075 -0.000000 0.000000 -0.000000 -4.569993 11.014866 -2.160841 -3.915029 9.636063 10.250122 -0.234778 47.582431 47.232694 -0.000010 22.064284 0.000039 -1.206872 7.387219 -20.642466 -2.464799 -1.573975 2.681912 -0.184856 0.811014 0.379086 14.315282 -9.359056 -16.600018 -2.646267 -1.527793 1.527814 3.149693 8.045108 -24.730631 -1.994589 -1.151583 1.151577 0.000001 0.000005 0.000003 -9.108294 -0.517863 2.259800 -1.082570 -0.347837 25.172444 0.102863 -0.974423 12.051566 0.107032 -0.993746 12.294227 -0.000001 0.000001 0.000000 -9.532490 0.000004 0.000000 0.078994 -3.632877 31.168759 0.243110 -1.486480 18.575186 0.087632 -0.900178 11.120878 0.000000 0.000002 0.000001 -9.103580 -0.043107 -1.865095 1.854022 -6.516067 31.709372 0.370285 -1.821552 22.979336 0.265426 -1.551298 19.417364 0.000001 0.000001 -0.000000 -8.076678 -0.486722 -3.806294 -0.082897 -3.626424 36.206997 0.384250 -1.854112 23.414647 0.164127 -1.226755 15.240604 0.000001 0.000003 0.000003 4.570404 11.014671 -2.160811 2.187698 6.812605 -8.221258 8.632320 -11.816615 -64.000689 -0.000003 -8.697495 0.000003 5.031410 2.317791 3.701208 2.466108 -1.576212 2.681693 34.633123 -11.154953 20.382241 14.809030 20.241522 -7.723197 2.647881 -1.528746 1.528740 -16.373931 4.984807 11.823393 1.998909 -1.154093 1.154078 0.000002 0.000003 0.000003 9.109319 -0.517999 2.259901 -3.369788 -4.674340 -23.699001 0.713247 2.803481 -28.544928 0.292014 1.828295 -18.148692 0.000002 0.000000 0.000001 9.533411 -0.000001 -0.000001 -0.349037 3.596338 -34.759888 0.562060 2.505960 -25.281508 0.393027 2.111584 -21.087191 0.000005 -0.000002 0.000001 9.104509 -0.042995 -1.865100 0.168719 4.196534 -31.777278 0.850465 3.041930 -31.235725 0.946697 3.194973 -33.004478 0.000001 0.000001 0.000000 8.077816 -0.486894 -3.806302 -0.058970 3.624217 -28.038895 0.476695 2.316805 -23.253026 0.544390 2.468192 -24.873771 -0.000004 0.000001 0.000001 -8.207799 -6.751710 -1.599545 14.283477 -11.691759 4.437542 18.170742 9.651039 1.327540 -20.251333 22.014292 -11.716974 -15.997305 0.000006 0.000004 -0.000000 0.000001 0.000000 8.207800 -6.751698 -1.599541 -46.153156 0.977063 -0.413348 18.358227 9.673113 0.605769 13.716395 1.178319 4.753761 -13.210880 -0.000017 -0.000005 -0.000000 0.000002 0.000001 
-50.057678 91.769135 1.486677 38.155291 -79.634589 37.481565 -0.000001 10.181546 0.131524 5.590598 20.174017 -4.745489 3.369503 6.990305 -2.041110 3.278329 7.027323 -2.041410 -0.000010 16.740376 -2.049017 3.790990 5.785949 1.316801 0.000002 9.617845 1.684986 -8.777947 35.681786 -5.403510 -0.000000 22.037354 7.501075 -0.000000 0.000000 0.000000 -4.570012 11.014876 -2.160837 -3.436309 9.259642 10.384162 -4.662235 47.504918 52.880062 -0.000009 20.562687 0.000043 -2.297191 9.433486 -17.791647 -2.464781 -1.574008 2.681914 -0.184851 0.811014 0.379091 15.061465 -13.773368 -16.418270 -2.646258 -1.527822 1.527814 3.499594 11.105874 -26.506923 -1.994594 -1.151602 1.151576 0.000000 -0.000000 0.000005 -9.108296 -0.517894 2.259800 -0.529722 -1.431000 27.234302 0.103451 -0.977214 12.086520 0.107616 -0.996500 12.328823 -0.000000 0.000002 -0.000000 -9.532493 -0.000005 -0.000001 0.346732 -4.123190 33.044687 0.243243 -1.486888 18.580418 0.087735 -0.900589 11.126041 -0.000000 0.000002 0.000000 -9.103595 -0.043116 -1.865101 2.164161 -6.905566 33.000554 0.371102 -1.823475 23.005085 0.266059 -1.553085 19.440595 -0.000001 0.000001 -0.000002 -8.076691 -0.486740 -3.806296 -0.130814 -3.624695 37.391106 0.382845 -1.850885 23.371359 0.163173 -1.223240 15.195820 -0.000004 0.000001 0.000001 4.570390 11.014685 -2.160812 2.056987 6.080522 -8.545757 8.662151 -12.391358 -62.229533 0.000004 -6.766307 0.000001 5.362777 3.281528 5.044455 2.466112 -1.576202 2.681685 34.633120 -11.154956 20.382241 15.031349 19.509424 -7.743140 2.647889 -1.528738 1.528748 -16.383810 4.939728 11.825358 1.998928 -1.154082 1.154081 -0.000001 -0.000003 0.000002 9.109305 -0.518014 2.259903 -3.528356 -4.588057 -24.654367 0.709869 2.797267 -28.475713 0.289787 1.821502 -18.078831 -0.000000 -0.000002 -0.000001 9.533409 0.000007 0.000001 -0.393304 3.575259 -35.292957 0.559596 2.500743 -25.225039 0.390933 2.106132 -21.030026 -0.000002 0.000000 -0.000001 9.104503 -0.043007 -1.865099 0.079194 4.081091 -32.315595 0.851093 3.042943 -31.247364 0.947358 3.195983 -33.016206 0.000004 -0.000000 0.000000 8.077813 -0.486901 -3.806300 -0.207132 3.387733 -28.613841 0.485397 2.336910 -23.467048 0.548437 2.476934 -24.968115 0.000001 -0.000002 -0.000000 -8.207798 -6.751706 -1.599547 18.505720 -14.142734 3.940311 16.198017 10.551854 1.054579 -8.632302 21.934596 -15.834305 -29.816395 -0.000007 -0.000003 -0.000000 -0.000000 -0.000000 8.207800 -6.751700 -1.599559 -48.815755 0.350970 -3.128973 30.308497 9.932555 0.725459 11.412525 2.199198 4.097655 -8.236147 -0.000001 0.000001 0.000000 0.000001 0.000001 
-56.330952 91.996323 1.316050 29.801406 -76.869264 31.192603 0.000001 10.181549 0.131525 6.072553 18.745138 -6.772988 3.589541 6.639705 -2.637400 3.508608 6.677803 -2.621475 0.000006 16.740391 -2.049019 3.830424 5.622000 1.468167 0.000001 9.617847 1.684978 -9.280608 34.469209 -4.272263 -0.000001 22.037384 7.501074 0.000000 0.000000 -0.000000 -4.569996 11.014887 -2.160837 -2.863464 8.982821 10.394291 -7.956242 46.613832 57.641927 -0.000013 18.759261 0.000040 -4.021624 9.070730 -14.718955 -2.464787 -1.574002 2.681911 -0.184854 0.811011 0.379094 14.426659 -16.588853 -16.674765 -2.646258 -1.527797 1.527820 3.674538 11.891572 -27.393534 -1.994590 -1.151582 1.151575 0.000001 -0.000000 -0.000000 -9.108294 -0.517884 2.259800 -0.340804 -1.673553 27.360097 0.103368 -0.976757 12.080854 0.107539 -0.996055 12.323195 -0.000000 0.000001 0.000001 -9.532487 0.000013 0.000000 0.408362 -4.221415 33.200327 0.242584 -1.484920 18.555040 0.087314 -0.898556 11.100596 0.000001 0.000000 -0.000000 -9.103582 -0.043105 -1.865102 2.286700 -7.059946 33.384892 0.372206 -1.826058 23.039522 0.266965 -1.555662 19.474263 -0.000001 -0.000000 0.000001 -8.076678 -0.486725 -3.806301 -0.170038 -3.607112 37.998928 0.384711 -1.855210 23.429359 0.164471 -1.228004 15.256445 0.000001 0.000000 -0.000000 4.570405 11.014699 -2.160812 1.852889 5.099833 -8.627983 8.171849 -13.169695 -60.892373 0.000001 -5.876118 0.000001 5.686928 3.882701 6.143479 2.466116 -1.576205 2.681699 34.633123 -11.154953 20.382244 14.999423 16.925952 -7.254622 2.647894 -1.528746 1.528744 -16.396334 4.882413 11.827804 1.998906 -1.154077 1.154079 -0.000001 0.000007 0.000001 9.109293 -0.518002 2.259902 -3.863153 -4.564552 -26.236295 0.705351 2.788925 -28.382887 0.286791 1.812365 -17.985160 -0.000001 -0.000002 -0.000002 9.533419 0.000008 0.000001 -0.551805 3.465738 -36.607075 0.555813 2.492701 -25.138294 0.387714 2.097727 -20.942248 -0.000002 0.000000 0.000000 9.104521 -0.043001 -1.865102 -0.097163 3.869745 -33.360604 0.853335 3.046611 -31.289575 0.949719 3.199632 -33.058754 -0.000003 0.000001 0.000001 8.077814 -0.486889 -3.806301 -0.562726 2.869120 -29.989520 0.477679 2.319059 -23.277208 0.547544 2.474988 -24.946957 0.000001 0.000001 -0.000001 -8.207799 -6.751711 -1.599537 12.030477 -16.792843 0.185155 30.372301 10.203476 1.018903 5.724788 20.744943 -6.739709 -32.833532 1.916725 -13.497420 -0.000002 0.000002 -0.000000 8.207801 -6.751700 -1.599535 -48.698904 0.927693 -5.649596 37.554456 9.035092 0.750797 4.157703 1.448099 2.736969 -5.374795 -0.000011 0.000003 0.000000 -0.000001 0.000000 
-62.004158 93.125732 1.301146 23.605591 -73.703465 26.688976 0.000000 10.181558 0.131525 6.569585 16.104813 -7.740571 3.971563 6.748386 -2.991005 3.894488 6.790176 -2.961030 -0.000003 16.740370 -2.049027 4.124676 5.580905 1.084539 0.000001 9.617829 1.684983 -9.678476 33.898243 -3.977286 0.000006 22.037354 7.501074 0.000001 0.000000 0.000000 -4.569999 11.014884 -2.160846 -2.224100 8.910064 10.263986 -9.044868 45.748464 59.548793 0.000022 16.866232 0.000018 -5.642904 6.639628 -11.805515 -2.464786 -1.573990 2.681909 -0.184855 0.811011 0.379087 14.106121 -15.209294 -16.776514 -2.646262 -1.527809 1.527813 3.448077 10.442136 -26.609211 -1.994586 -1.151598 1.151577 -0.000000 0.000002 0.000001 -9.108296 -0.517875 2.259797 -0.595038 -1.178522 26.255227 0.102769 -0.973951 12.045547 0.106903 -0.993237 12.287804 0.000001 0.000001 -0.000000 -9.532508 0.000001 -0.000005 0.350729 -4.105793 32.136566 0.242232 -1.483888 18.541595 0.087125 -0.897487 11.087177 0.000000 0.000001 0.000001 -9.103604 -0.043106 -1.865108 2.154661 -6.882038 33.115906 0.371814 -1.825138 23.027312 0.266671 -1.554826 19.463348 -0.000001 0.000001 0.000002 -8.076701 -0.486729 -3.806302 0.032150 -3.856116 37.783353 0.388265 -1.863349 23.538413 0.166889 -1.236860 15.369213 -0.000001 0.000002 0.000005 4.570403 11.014683 -2.160822 1.644517 4.310821 -8.957336 6.869061 -14.124747 -60.354325 -0.000006 -5.669291 0.000000 5.673084 2.733955 6.287067 2.466096 -1.576213 2.681691 34.633120 -11.154951 20.382242 14.923091 15.014320 -6.928123 2.647889 -1.528735 1.528740 -16.406500 4.836017 11.829770 1.998925 -1.154075 1.154084 0.000001 -0.000001 -0.000000 9.109286 -0.518011 2.259902 -4.223671 -4.562346 -27.831269 0.705012 2.788314 -28.376098 0.286590 1.811707 -17.978366 -0.000001 -0.000002 -0.000002 9.533396 0.000013 -0.000000 -0.719289 3.371502 -38.009822 0.553442 2.487641 -25.083467 0.385692 2.092426 -20.886841 -0.000000 -0.000000 -0.000001 9.104504 -0.042995 -1.865104 -0.261252 3.693018 -34.348608 0.859249 3.056362 -31.401054 0.956039 3.209276 -33.171647 0.000006 0.000001 0.000001 8.077806 -0.486894 -3.806304 -0.861716 2.472549 -31.063366 0.478826 2.321722 -23.305458 0.549820 2.479861 -24.999665 0.000000 -0.000001 -0.000000 -8.207801 -6.751711 -1.599539 2.202409 -16.694523 -2.982206 47.937437 10.032939 0.933388 14.957375 18.994498 5.019372 -15.207607 0.000006 0.000001 -0.000002 -0.000002 -0.000001 8.207801 -6.751699 -1.599549 -45.598158 2.194179 -7.514382 39.158458 6.116532 0.664336 -0.297530 0.997053 2.628701 -5.375448 0.000002 0.000002 -0.000000 -0.000001 -0.000000 
-67.215958 94.483795 1.360331 19.762737 -70.858595 24.045780 -0.000003 10.181546 0.131527 6.773616 12.851672 -7.747385 4.169557 6.957287 -3.119124 4.098422 6.993914 -3.090096 -0.000001 16.740376 -2.049024 4.422083 5.711740 0.543303 -0.000002 9.617835 1.684976 -9.144257 34.276143 -4.374878 -0.000001 22.037369 7.501076 0.000000 0.000001 0.000000 -4.569997 11.014883 -2.160841 -1.552321 8.915399 10.100169 -8.336424 45.050053 58.915648 0.000008 15.135409 0.000035 -5.993689 3.710735 -9.192659 -2.464790 -1.573998 2.681913 -0.184852 0.811009 0.379088 14.521566 -10.996924 -16.807127 -2.646262 -1.527809 1.527816 3.201724 8.626939 -25.115475 -1.994599 -1.151600 1.151578 0.000001 -0.000006 0.000003 -9.108296 -0.517869 2.259805 -1.118204 -0.283767 25.218255 0.102407 -0.972280 12.024633 0.106544 -0.991553 12.266754 -0.000000 0.000003 0.000002 -9.532502 0.000011 0.000001 0.277238 -3.956900 31.044139 0.242834 -1.485717 18.565445 0.087487 -0.899388 11.110948 0.000001 0.000000 0.000004 -9.103613 -0.043099 -1.865102 1.948133 -6.605001 32.569894 0.370697 -1.822521 22.992235 0.265763 -1.552276 19.430094 -0.000001 0.000001 0.000004 -8.076695 -0.486722 -3.806293 0.491854 -4.429695 37.007269 0.392163 -1.872267 23.657974 0.169539 -1.246447 15.491417 -0.000000 -0.000000 -0.000001 4.570401 11.014677 -2.160820 1.439698 3.704666 -9.580009 5.200123 -14.935018 -60.643740 -0.000009 -6.136630 0.000001 5.317892 -0.081423 5.004918 2.466089 -1.576196 2.681701 34.633123 -11.154951 20.382242 14.706427 15.531375 -6.996535 2.647875 -1.528728 1.528745 -16.406618 4.835306 11.829820 1.998913 -1.154080 1.154071 0.000001 0.000001 0.000001 9.109302 -0.518005 2.259902 -4.387183 -4.619573 -28.431912 0.709286 2.796197 -28.463784 0.289404 1.820332 -18.066993 0.000002 -0.000002 -0.000002 9.533401 0.000005 -0.000002 -0.796140 3.333788 -38.643421 0.553456 2.487667 -25.083830 0.385696 2.092477 -20.887244 0.000000 -0.000002 -0.000001 9.104491 -0.043003 -1.865102 -0.284767 3.679956 -34.634602 0.868530 3.071434 -31.574226 0.965899 3.224283 -33.347316 0.000001 -0.000001 -0.000000 8.077807 -0.486887 -3.806302 -0.842657 2.516949 -31.172720 0.491806 2.351594 -23.623676 0.557304 2.495869 -25.172247 -0.000000 -0.000000 0.000000 -8.207799 -6.751701 -1.599544 -7.661065 -15.059828 -5.094119 61.201739 9.732524 0.825348 12.315719 12.534585 9.922790 -11.941314 0.000013 -0.000001 0.000002 -0.000000 -0.000001 8.207799 -6.751678 -1.599545 -41.540726 3.602900 -8.342598 38.675810 2.746787 0.539803 -3.474535 0.289404 2.921431 -5.376594 -0.000004 -0.000006 -0.000000 0.000000 0.000000 
-72.326759 95.984543 1.188160 17.847289 -68.696711 22.313180 0.000001 10.181554 0.131524 6.874577 10.584842 -7.270324 4.300462 6.626993 -2.868939 4.248689 6.653896 -2.850861 -0.000001 16.740377 -2.049024 4.394892 5.809337 0.503838 -0.000003 9.617887 1.684971 -7.857857 34.728227 -5.145054 0.000002 22.037384 7.501073 -0.000000 -0.000000 -0.000000 -4.569999 11.014856 -2.160842 -0.885474 8.826362 9.986979 -6.793797 44.225854 57.240353 0.000013 13.976856 0.000025 -4.322247 1.698482 -6.858378 -2.464792 -1.573998 2.681910 -0.184852 0.811012 0.379089 14.975834 -7.888447 -16.997590 -2.646260 -1.527809 1.527821 3.112951 7.748004 -24.220655 -1.994601 -1.151580 1.151584 -0.000004 0.000005 0.000004 -9.108293 -0.517891 2.259803 -1.586279 0.477090 24.787303 0.102510 -0.972764 12.030777 0.106658 -0.992052 12.272872 0.000000 0.000001 0.000001 -9.532496 -0.000002 0.000000 0.198564 -3.810382 30.572753 0.243670 -1.488158 18.597015 0.087975 -0.901913 11.142532 0.000000 0.000000 -0.000001 -9.103596 -0.043111 -1.865102 1.848016 -6.477742 32.134435 0.370835 -1.822827 22.996385 0.265894 -1.552656 19.435126 0.000001 0.000001 0.000003 -8.076680 -0.486729 -3.806298 0.879641 -4.939676 36.315904 0.395858 -1.880682 23.770856 0.172062 -1.255480 15.606562 -0.000001 0.000001 0.000004 4.570406 11.014681 -2.160825 1.191970 3.036744 -9.864619 3.618582 -15.528478 -61.565973 0.000003 -7.145903 -0.000011 4.750140 -3.073711 2.590753 2.466108 -1.576205 2.681701 34.633123 -11.154948 20.382241 14.160340 17.301725 -7.028583 2.647894 -1.528757 1.528748 -16.394127 4.892538 11.827397 1.998909 -1.154076 1.154076 0.000000 0.000000 0.000003 9.109302 -0.518013 2.259898 -4.315592 -4.791386 -27.695259 0.713738 2.804379 -28.554878 0.292341 1.829302 -18.159074 -0.000002 0.000001 0.000000 9.533420 -0.000002 0.000003 -0.814474 3.291965 -38.450393 0.553754 2.488321 -25.090780 0.385950 2.093153 -20.894341 0.000004 -0.000004 0.000000 9.104505 -0.042999 -1.865097 -0.173837 3.813762 -34.238328 0.878859 3.088177 -31.766517 0.976906 3.240932 -33.542588 0.000001 0.000002 0.000001 8.077811 -0.486901 -3.806300 -0.599670 2.885105 -30.796824 0.492794 2.353853 -23.647751 0.561303 2.504324 -25.263727 -0.000000 0.000000 -0.000000 -8.207800 -6.751698 -1.599540 -16.591267 -13.784958 -6.568069 68.226097 9.662013 0.700817 4.440904 4.216792 3.867227 -10.745538 0.000025 -0.000036 0.000000 0.000001 -0.000000 8.207801 -6.751691 -1.599543 -37.220959 4.749302 -7.500956 37.120664 -0.648833 0.397483 -5.935072 -0.631135 2.960610 -5.378076 0.000001 0.000003 -0.000001 -0.000000 0.000000 
-77.593132 97.659454 1.009530 17.440009 -66.941564 20.693211 0.000001 10.181545 0.131525 6.618040 9.154244 -5.625046 4.323009 5.988138 -2.352347 4.286225 6.012540 -2.335075 -0.000001 16.740370 -2.049018 4.648628 5.881623 0.458191 -0.000001 9.617856 1.684976 -7.133975 34.945304 -5.422707 -0.000007 22.037369 7.501075 -0.000000 -0.000000 0.000000 -4.570003 11.014852 -2.160834 -0.278454 8.567885 9.842570 -4.709169 42.876806 55.453428 0.000006 14.349712 0.000018 -1.649063 1.123456 -5.368896 -2.464795 -1.573989 2.681911 -0.184854 0.811012 0.379091 14.870695 -8.313133 -17.187328 -2.646273 -1.527806 1.527821 3.096273 7.329474 -24.198500 -1.994594 -1.151575 1.151582 0.000001 -0.000002 0.000001 -9.108313 -0.517852 2.259803 -1.727076 0.675011 24.850072 0.102572 -0.973071 12.034562 0.106732 -0.992351 12.276674 -0.000000 0.000001 0.000001 -9.532512 0.000005 -0.000003 0.080853 -3.619199 30.751066 0.243147 -1.486628 18.577170 0.087669 -0.900332 11.122777 0.000001 0.000000 0.000002 -9.103610 -0.043105 -1.865103 1.866630 -6.497910 32.271828 0.373538 -1.829202 23.081470 0.268230 -1.559237 19.520896 0.000000 0.000000 0.000004 -8.076683 -0.486730 -3.806298 0.851049 -4.900325 36.213441 0.399442 -1.888790 23.879830 0.174561 -1.264403 15.720304 -0.000001 0.000001 0.000001 4.570398 11.014665 -2.160811 0.942125 2.365574 -9.818058 2.421640 -16.516518 -62.505308 -0.000001 -8.598417 -0.000007 4.501358 -4.767870 0.305855 2.466093 -1.576213 2.681697 34.633126 -11.154952 20.382244 13.010689 18.240244 -6.447792 2.647886 -1.528744 1.528747 -16.370920 4.998415 11.822739 1.998921 -1.154083 1.154078 0.000002 0.000002 0.000001 9.109288 -0.518015 2.259897 -4.084684 -5.041366 -26.039859 0.714605 2.805974 -28.572624 0.292910 1.831043 -18.176930 0.000001 0.000002 -0.000005 9.533384 0.000011 -0.000003 -0.864827 3.176729 -37.941981 0.552773 2.486217 -25.068118 0.385115 2.090959 -20.871499 0.000001 -0.000001 0.000001 9.104500 -0.043006 -1.865104 -0.063515 3.948738 -33.775647 0.886046 3.099734 -31.899774 0.984575 3.252456 -33.677955 -0.000001 0.000000 0.000000 8.077786 -0.486895 -3.806303 -0.374795 3.249560 -30.599073 0.484495 2.334815 -23.444793 0.554113 2.489057 -25.098816 -0.000004 -0.000000 -0.000000 -8.207800 -6.751725 -1.599539 -23.454904 -13.377542 -7.387317 66.618305 6.574854 0.544819 1.051291 2.090628 1.113875 -9.900641 0.000001 -0.000005 0.000000 0.000000 -0.000001 8.207799 -6.751718 -1.599546 -32.645367 5.285756 -4.929377 33.739007 -3.747621 0.308368 -7.401060 -1.704579 2.467358 -5.379779 -0.000015 0.000002 -0.000000 0.000000 0.000000 
-82.859505 99.334373 0.830899 17.178286 -65.182927 19.211189 0.000004 10.181561 0.131524 6.404002 7.717000 -3.992343 4.351314 5.349514 -1.836075 4.329522 5.371549 -1.819442 0.000002 16.740402 -2.049022 4.902456 5.953708 0.412217 -0.000002 9.617826 1.684984 -6.406908 35.159481 -5.704426 -0.000014 22.037384 7.501071 -0.000000 -0.000000 0.000001 -4.569997 11.014871 -2.160842 0.327495 8.307910 9.701031 -2.726391 41.482655 53.771453 -0.000003 14.722565 0.000014 1.037773 0.618689 -3.854438 -2.464804 -1.573997 2.681911 -0.184854 0.811016 0.379094 14.764009 -8.737472 -17.378052 -2.646267 -1.527780 1.527816 3.079768 6.910946 -24.176494 -1.994590 -1.151601 1.151578 -0.000002 -0.000006 -0.000000 -9.108295 -0.517883 2.259806 -1.868094 0.872774 24.913320 0.102635 -0.973375 12.038342 0.106805 -0.992653 12.280474 -0.000000 0.000001 0.000003 -9.532500 -0.000000 0.000002 -0.037427 -3.428386 30.929726 0.242625 -1.485093 18.557327 0.087361 -0.898755 11.103021 -0.000000 0.000000 -0.000001 -9.103617 -0.043111 -1.865098 1.885294 -6.518034 32.409224 0.376249 -1.835571 23.166540 0.270576 -1.565815 19.606664 0.000001 -0.000000 0.000002 -8.076689 -0.486725 -3.806296 0.822531 -4.860924 36.111009 0.403041 -1.896891 23.988815 0.177079 -1.273319 15.834052 0.000000 0.000001 0.000004 4.570401 11.014686 -2.160819 0.692934 1.694205 -9.774438 1.201614 -17.485300 -63.471001 0.000001 -10.050930 -0.000004 4.184097 -6.450753 -1.993045 2.466096 -1.576200 2.681691 34.633120 -11.154950 20.382246 11.844677 19.167394 -5.843976 2.647893 -1.528735 1.528748 -16.347699 5.104298 11.818041 1.998921 -1.154081 1.154076 0.000002 0.000001 0.000001 9.109290 -0.518017 2.259897 -3.846535 -5.284591 -24.382828 0.715472 2.807570 -28.590359 0.293479 1.832782 -18.194794 -0.000001 0.000001 -0.000002 9.533402 0.000013 0.000001 -0.914149 3.061051 -37.433729 0.551790 2.484109 -25.045455 0.384282 2.088766 -20.848662 -0.000003 -0.000001 0.000001 9.104490 -0.043005 -1.865100 0.045731 4.084594 -33.313138 0.893259 3.111269 -32.033027 0.992268 3.263958 -33.813326 -0.000000 -0.000001 -0.000000 8.077807 -0.486906 -3.806301 -0.151099 3.614784 -30.402668 0.476260 2.315749 -23.241831 0.546966 2.473776 -24.933903 0.000001 -0.000004 0.000002 -8.207798 -6.751697 -1.599539 -30.299211 -12.877998 -8.149257 65.009741 3.493243 0.302884 -2.434103 0.133138 -1.758379 -9.055738 -0.000028 0.000024 -0.000003 0.000000 -0.000001 8.207803 -6.751692 -1.599540 -28.093528 6.024370 -2.406183 30.335548 -6.835705 0.034956 -8.877313 -2.765011 1.946414 -5.381477 -0.000035 0.000004 -0.000000 -0.000001 0.000000 
-87.976524 100.055977 1.160931 17.610570 -64.789822 19.021476 0.000004 10.181539 0.131533 6.232373 7.049669 -3.113583 4.309397 5.061033 -1.454885 4.290484 5.081327 -1.434402 0.000002 16.740364 -2.049021 4.729629 5.998871 0.487170 0.000008 9.617830 1.684981 -6.356546 35.432303 -6.089063 0.000000 22.037384 7.501070 0.000000 -0.000000 0.000001 -4.570001 11.014895 -2.160840 0.545301 7.793215 9.725724 0.858016 38.298370 51.995840 0.000001 16.491601 0.000020 -0.211979 1.691361 -3.618260 -2.464803 -1.574004 2.681911 -0.184853 0.811011 0.379091 14.074525 -8.482171 -17.674146 -2.646265 -1.527814 1.527816 3.062715 6.430177 -24.076572 -1.994575 -1.151560 1.151575 -0.000000 -0.000005 -0.000000 -9.108301 -0.517902 2.259806 -1.931081 1.083039 24.615611 0.102616 -0.973270 12.037020 0.106774 -0.992546 12.279157 0.000001 0.000000 0.000002 -9.532511 -0.000010 0.000001 -0.121088 -3.278682 30.766744 0.242014 -1.483259 18.533534 0.086985 -0.896852 11.079235 0.000001 0.000000 0.000001 -9.103599 -0.043116 -1.865102 1.870962 -6.506866 32.239784 0.378152 -1.839999 23.225778 0.272212 -1.570406 19.666500 -0.000000 0.000000 0.000004 -8.076686 -0.486737 -3.806296 0.767842 -4.785359 35.902391 0.404689 -1.900595 24.038639 0.178243 -1.277412 15.886347 -0.000000 -0.000000 0.000002 4.570404 11.014704 -2.160816 0.497152 1.023772 -9.660094 0.245189 -18.466192 -63.925571 0.000001 -12.341280 -0.000006 4.573612 -7.222259 -2.359713 2.466116 -1.576210 2.681693 34.633123 -11.154953 20.382241 12.025043 19.338443 -5.965272 2.647902 -1.528767 1.528746 -16.349970 5.094131 11.818938 1.998917 -1.154081 1.154076 0.000001 0.000001 -0.000000 9.109298 -0.518021 2.259894 -3.852397 -5.188465 -24.625894 0.718571 2.813242 -28.653542 0.295517 1.838974 -18.258499 -0.000001 -0.000002 -0.000004 9.533424 0.000001 -0.000001 -0.911860 3.076716 -37.556113 0.552135 2.484837 -25.053322 0.384572 2.089531 -20.856626 -0.000000 -0.000001 0.000001 9.104510 -0.043010 -1.865102 0.014614 4.054605 -33.600286 0.891874 3.109051 -32.007359 0.990782 3.261741 -33.787238 -0.000001 -0.000001 0.000000 8.077814 -0.486902 -3.806305 -0.244122 3.462190 -30.484446 0.476607 2.316540 -23.250278 0.545119 2.469804 -24.891105 0.000001 0.000001 0.000000 -8.207793 -6.751715 -1.599534 -32.726011 -11.364597 -9.052973 53.698213 2.938926 0.377697 -2.860118 -0.043879 0.175158 -8.020169 -0.000010 0.000019 0.000001 -0.000001 0.000001 8.207803 -6.751708 -1.599537 -23.515868 6.421640 -0.590568 26.520863 -7.576141 -0.080209 -10.181687 -3.580583 0.801267 -5.382759 -0.000020 0.000001 -0.000000 -0.000001 0.000000 
-93.093544 100.777611 1.490963 18.039674 -64.397298 18.827596 0.000000 10.181557 0.131512 6.071289 6.379745 -2.237961 4.269422 4.772280 -1.074068 4.253430 4.790847 -1.049722 -0.000001 16.740349 -2.049016 4.556724 6.043809 0.562262 0.000002 9.617838 1.684981 -6.303761 35.704848 -6.475307 -0.000005 22.037384 7.501071 0.000001 -0.000000 -0.000000 -4.569997 11.014877 -2.160841 0.763072 7.278611 9.752360 4.177775 35.033427 50.537478 0.000004 18.261045 0.000026 -1.467319 2.758840 -3.358487 -2.464784 -1.574003 2.681910 -0.184856 0.811014 0.379092 13.386805 -8.223368 -17.966929 -2.646272 -1.527811 1.527814 3.046522 5.949366 -23.976889 -1.994590 -1.151581 1.151576 0.000002 -0.000004 -0.000004 -9.108302 -0.517891 2.259803 -1.992980 1.293628 24.318101 0.102597 -0.973165 12.035701 0.106744 -0.992443 12.277829 0.000001 0.000001 0.000004 -9.532499 0.000002 -0.000001 -0.204309 -3.128742 30.603998 0.241404 -1.481424 18.509751 0.086609 -0.894948 11.055456 -0.000000 0.000000 0.000001 -9.103580 -0.043108 -1.865101 1.856664 -6.495654 32.070340 0.380058 -1.844425 23.285001 0.273853 -1.574995 19.726314 0.000000 0.000000 0.000003 -8.076688 -0.486722 -3.806299 0.713436 -4.709598 35.693865 0.406338 -1.904297 24.088464 0.179413 -1.281504 15.938639 0.000000 0.000000 0.000002 4.570400 11.014679 -2.160810 0.302727 0.352943 -9.548057 -0.725208 -19.439798 -64.400153 -0.000001 -14.632540 -0.000007 4.958865 -7.996265 -2.721763 2.466093 -1.576203 2.681685 34.633123 -11.154954 20.382242 12.205994 19.509139 -6.087275 2.647901 -1.528761 1.528737 -16.352253 5.083964 11.819826 1.998918 -1.154101 1.154070 0.000001 0.000003 -0.000000 9.109291 -0.518010 2.259891 -3.857856 -5.092318 -24.868919 0.721677 2.818910 -28.716728 0.297562 1.845161 -18.322201 -0.000001 0.000001 -0.000001 9.533404 0.000007 -0.000001 -0.909542 3.092374 -37.678496 0.552476 2.485563 -25.061183 0.384861 2.090295 -20.864597 -0.000000 0.000000 0.000002 9.104507 -0.042994 -1.865103 -0.016654 4.024770 -33.887434 0.890483 3.106833 -31.981691 0.989299 3.259520 -33.761150 -0.000001 -0.000001 -0.000000 8.077785 -0.486900 -3.806312 -0.337355 3.309727 -30.566463 0.476950 2.317333 -23.258722 0.543274 2.465829 -24.848303 -0.000001 -0.000001 0.000001 -8.207801 -6.751695 -1.599548 -35.117677 -9.814443 -9.886853 42.280247 2.375236 0.341301 -3.280057 -0.235226 2.107923 -6.984509 0.000007 0.000014 0.000000 0.000001 0.000000 8.207801 -6.751713 -1.599560 -18.939631 6.962757 1.192576 22.693474 -8.308156 -0.245324 -11.503762 -4.369947 -0.363631 -5.384048 -0.000004 -0.000001 -0.000001 -0.000000 0.000000 
-98.210564 101.499237 1.820995 18.465758 -64.005430 18.629752 0.000003 10.181538 0.131513 5.920720 5.707522 -1.365403 4.231390 4.483271 -0.693614 4.218344 4.500126 -0.665395 -0.000004 16.740389 -2.049024 4.383752 6.088522 0.637502 -0.000009 9.617865 1.684971 -6.248523 35.977099 -6.863191 -0.000001 22.037384 7.501068 -0.000000 0.000000 0.000001 -4.570000 11.014893 -2.160846 0.980842 6.764107 9.780938 7.271398 31.712780 49.359168 0.000006 20.030086 0.000030 -2.728570 3.820138 -3.075126 -2.464784 -1.573971 2.681911 -0.184853 0.811014 0.379092 12.700908 -7.961115 -18.256355 -2.646268 -1.527816 1.527818 3.031180 5.468538 -23.877418 -1.994577 -1.151587 1.151581 -0.000001 0.000002 -0.000006 -9.108305 -0.517861 2.259802 -2.053789 1.504537 24.020800 0.102580 -0.973061 12.034373 0.106716 -0.992336 12.276506 -0.000000 -0.000002 0.000001 -9.532504 0.000031 -0.000001 -0.287090 -2.978565 30.441491 0.240794 -1.479589 18.485953 0.086235 -0.893045 11.031678 0.000001 0.000000 -0.000001 -9.103590 -0.043079 -1.865102 1.842399 -6.484399 31.900897 0.381969 -1.848849 23.344232 0.275500 -1.579583 19.786139 0.000000 -0.000000 0.000000 -8.076706 -0.486716 -3.806299 0.659312 -4.633638 35.485438 0.407992 -1.907998 24.138283 0.180586 -1.285595 15.990933 -0.000000 0.000001 0.000001 4.570400 11.014708 -2.160820 0.109626 -0.318257 -9.438291 -1.710014 -20.405486 -64.895137 -0.000003 -16.922888 -0.000007 5.339905 -8.772597 -3.079236 2.466097 -1.576217 2.681685 34.633120 -11.154952 20.382246 12.387509 19.679465 -6.209968 2.647869 -1.528732 1.528750 -16.354531 5.073801 11.820725 1.998925 -1.154089 1.154080 0.000001 0.000001 -0.000000 9.109277 -0.518017 2.259908 -3.862902 -4.996145 -25.111899 0.724786 2.824572 -28.779910 0.299613 1.851347 -18.385908 -0.000001 -0.000001 -0.000000 9.533404 0.000010 0.000002 -0.907188 3.108028 -37.800886 0.552817 2.486291 -25.069050 0.385150 2.091058 -20.872556 0.000000 0.000000 0.000001 9.104502 -0.043001 -1.865097 -0.048070 3.995093 -34.174585 0.889094 3.104614 -31.956037 0.987813 3.257297 -33.735056 -0.000000 0.000000 -0.000000 8.077812 -0.486903 -3.806294 -0.430787 3.157398 -30.648705 0.477293 2.318124 -23.267164 0.541434 2.461855 -24.805499 -0.000000 0.000000 0.000000 -8.207802 -6.751726 -1.599555 -37.474499 -8.232634 -10.650598 30.978241 1.835094 0.195964 -3.693178 -0.440555 4.038694 -5.948938 0.000026 0.000007 0.000001 -0.000001 -0.000000 8.207797 -6.751716 -1.599548 -14.385432 7.641770 2.925497 18.860944 -9.026781 -0.459590 -12.842806 -5.131913 -1.547492 -5.385332 0.000013 -0.000002 -0.000001 -0.000001 0.000000 
-103.604683 100.881012 2.022521 18.360981 -62.976694 19.295894 -0.000004 10.181548 0.131524 5.716587 4.370735 -2.078724 4.043376 4.189752 -0.809097 4.044453 4.190787 -0.784732 -0.000003 16.740362 -2.049008 3.984016 6.160522 0.843001 -0.000009 9.617846 1.684990 -6.863242 36.321764 -6.818015 -0.000004 22.037384 7.501071 -0.000001 0.000000 0.000001 -4.570004 11.014867 -2.160825 1.188005 6.165411 9.801485 9.985732 28.320153 49.839935 -0.000003 22.638875 0.000014 -3.645389 3.634975 -2.782827 -2.464785 -1.574001 2.681911 -0.184849 0.811011 0.379090 13.920873 -7.580672 -17.806115 -2.646265 -1.527813 1.527821 3.039258 5.786272 -23.878290 -1.994598 -1.151572 1.151581 -0.000000 -0.000002 0.000003 -9.108294 -0.517893 2.259803 -2.009334 1.332443 24.285098 0.102858 -0.974431 12.051532 0.107031 -0.993711 12.293761 0.000001 -0.000002 -0.000000 -9.532494 0.000003 0.000000 -0.176444 -3.173162 30.540948 0.241111 -1.480520 18.498049 0.086423 -0.894015 11.043817 -0.000001 0.000000 0.000003 -9.103583 -0.043099 -1.865099 1.886022 -6.541209 32.083782 0.380069 -1.844455 23.285351 0.273874 -1.574992 19.726276 -0.000000 0.000000 -0.000002 -8.076679 -0.486722 -3.806297 0.603391 -4.556636 35.563012 0.404637 -1.900464 24.036791 0.178232 -1.277356 15.885707 -0.000000 -0.000000 0.000000 4.570402 11.014688 -2.160806 -0.110684 -1.192131 -9.254918 -2.463946 -20.597658 -64.073677 -0.000004 -19.441729 0.000004 5.959430 -9.142992 -2.999773 2.466108 -1.576210 2.681691 34.633120 -11.154956 20.382244 13.846299 18.853653 -7.090058 2.647907 -1.528748 1.528743 -16.384212 4.937968 11.825605 1.998909 -1.154095 1.154069 -0.000001 0.000005 0.000007 9.109305 -0.518016 2.259909 -4.153861 -4.561760 -27.529262 0.722370 2.820175 -28.730941 0.298024 1.846545 -18.336457 0.000001 -0.000001 -0.000000 9.533408 0.000007 0.000004 -0.843618 3.282626 -38.730864 0.557681 2.496671 -25.181113 0.389310 2.101895 -20.985901 -0.000000 0.000000 0.000002 9.104508 -0.043006 -1.865095 -0.224547 3.814569 -35.292315 0.882854 3.094605 -31.840727 0.981147 3.247318 -33.617556 0.000000 -0.000000 0.000000 8.077818 -0.486894 -3.806295 -0.891858 2.434428 -31.169206 0.479283 2.322768 -23.316488 0.548120 2.476246 -24.960727 0.000000 -0.000000 0.000001 -8.207807 -6.751714 -1.599533 -36.729148 -6.169682 -13.173581 15.142014 2.168438 0.020902 -4.045918 -0.914253 9.178470 -3.509230 -0.000011 -0.000001 0.000002 -0.000001 -0.000000 8.207794 -6.751699 -1.599539 -10.856381 7.898845 3.432115 17.332715 -10.057623 -0.500272 -15.368950 -5.241383 -2.802165 -5.385675 -0.000030 -0.000001 -0.000000 -0.000001 0.000000 
-109.471039 99.049721 2.152546 16.948679 -61.253724 19.259001 0.000005 10.181537 0.131522 5.473276 2.586614 -3.139340 3.762240 3.721400 -1.165992 3.781223 3.698409 -1.156184 0.000006 16.740362 -2.049017 3.778676 6.246646 1.048398 -0.000005 9.617857 1.684974 -7.769037 36.607481 -6.440760 -0.000005 22.037384 7.501071 -0.000000 0.000002 0.000000 -4.569994 11.014856 -2.160842 1.393320 5.531659 9.794662 11.681574 25.463473 51.293399 -0.000001 23.838096 0.000026 -3.430043 3.366314 -2.515209 -2.464791 -1.573971 2.681914 -0.184854 0.811011 0.379092 15.264132 -7.154735 -17.189441 -2.646265 -1.527804 1.527814 3.056506 6.395235 -23.910500 -1.994594 -1.151580 1.151581 -0.000001 -0.000002 0.000001 -9.108307 -0.517871 2.259805 -1.902581 0.932574 24.998433 0.103090 -0.975516 12.065244 0.107274 -0.994810 12.307549 -0.000001 -0.000001 0.000000 -9.532507 0.000020 0.000002 -0.035072 -3.430305 30.887915 0.241567 -1.481903 18.515987 0.086713 -0.895464 11.061829 -0.000000 0.000001 0.000001 -9.103604 -0.043095 -1.865102 1.949540 -6.608100 32.556797 0.377553 -1.838599 23.207111 0.271690 -1.568908 19.646940 -0.000001 0.000000 0.000000 -8.076691 -0.486709 -3.806294 0.512808 -4.435185 35.799569 0.399812 -1.889662 23.891614 0.174890 -1.265571 15.735279 0.000001 0.000001 0.000002 4.570401 11.014684 -2.160819 -0.325616 -2.334079 -9.274380 -3.122741 -20.463569 -62.807578 -0.000005 -21.775743 0.000006 6.064869 -9.412021 -2.705114 2.466092 -1.576213 2.681684 34.633120 -11.154945 20.382246 15.278247 18.170159 -8.030468 2.647882 -1.528742 1.528761 -16.416797 4.788582 11.831406 1.998925 -1.154081 1.154065 0.000004 0.000003 -0.000000 9.109272 -0.518009 2.259892 -4.412942 -4.039068 -30.117989 0.717839 2.811908 -28.638650 0.295029 1.837497 -18.243333 0.000001 0.000001 0.000000 9.533392 0.000010 -0.000005 -0.747391 3.481489 -39.567245 0.562744 2.507379 -25.296582 0.393596 2.113045 -21.102716 -0.000001 0.000000 -0.000001 9.104486 -0.043003 -1.865109 -0.457021 3.585425 -36.503540 0.874659 3.081376 -31.688471 0.972360 3.234068 -33.462176 -0.000000 -0.000000 -0.000000 8.077805 -0.486890 -3.806314 -1.255524 1.865537 -31.449343 0.487726 2.342236 -23.523831 0.557828 2.496970 -25.184395 -0.000000 0.000000 0.000002 -8.207798 -6.751714 -1.599539 -39.545118 -3.955710 -17.319094 8.319102 0.606273 -0.047529 -7.586063 -0.975711 8.644329 -5.507300 0.000026 -0.000002 -0.000001 -0.000000 0.000000 8.207802 -6.751700 -1.599551 -9.237119 9.523689 4.613377 20.478128 -10.010451 -0.644437 -20.459198 -8.465360 -4.764636 -5.426230 -0.000024 -0.000000 -0.000001 0.000000 0.000000 
-115.330208 97.308304 2.291895 15.215368 -59.716993 18.664148 -0.000002 10.181542 0.131522 5.500040 1.315039 -3.530732 3.756911 3.283203 -1.405504 3.779011 3.251753 -1.402338 0.000001 16.740368 -2.049012 3.693114 6.263859 1.142338 0.000002 9.617864 1.684983 -8.531033 36.733768 -6.702178 0.000002 22.037384 7.501070 -0.000000 0.000001 0.000000 -4.570000 11.014893 -2.160825 1.571815 4.864626 9.706013 11.942831 23.415229 53.628801 -0.000006 22.653176 0.000007 -2.395641 3.376734 -2.201509 -2.464787 -1.573992 2.681919 -0.184853 0.811012 0.379091 16.109332 -7.079092 -16.612115 -2.646256 -1.527822 1.527816 3.104337 7.617333 -24.137484 -1.994594 -1.151586 1.151581 -0.000000 -0.000004 -0.000002 -9.108280 -0.517892 2.259808 -1.575995 0.177409 26.242051 0.103344 -0.976626 12.079133 0.107496 -0.995917 12.321530 0.000001 -0.000001 0.000002 -9.532495 -0.000011 0.000008 0.170084 -3.799783 31.623195 0.242285 -1.484024 18.543441 0.087141 -0.897656 11.089268 -0.000000 -0.000001 -0.000003 -9.103613 -0.043099 -1.865093 2.068638 -6.731621 33.389031 0.375105 -1.832871 23.130526 0.269554 -1.562934 19.568871 -0.000000 0.000000 0.000001 -8.076686 -0.486735 -3.806293 0.445718 -4.352707 36.218116 0.394645 -1.877915 23.733903 0.171292 -1.252736 15.571523 0.000001 -0.000001 -0.000002 4.570409 11.014698 -2.160805 -0.531075 -3.565617 -9.488602 -4.069376 -20.122711 -62.050424 -0.000011 -23.762315 -0.000013 5.712586 -9.745632 -2.121808 2.466089 -1.576218 2.681714 34.633120 -11.154952 20.382242 15.927711 17.561513 -8.462072 2.647890 -1.528727 1.528766 -16.437656 4.692759 11.835604 1.998921 -1.154090 1.154088 0.000000 0.000001 0.000001 9.109288 -0.518013 2.259919 -4.523651 -3.712208 -31.520876 0.714885 2.806487 -28.578259 0.293069 1.831557 -18.182360 0.000002 -0.000001 0.000002 9.533405 0.000013 0.000012 -0.669199 3.599278 -39.820239 0.564964 2.512071 -25.347489 0.395514 2.117973 -21.154247 0.000001 0.000000 0.000003 9.104498 -0.042994 -1.865083 -0.616261 3.426294 -37.138095 0.866932 3.068857 -31.544576 0.964120 3.221587 -33.315532 -0.000002 0.000000 -0.000000 8.077804 -0.486892 -3.806286 -1.341043 1.722499 -31.440563 0.498188 2.366105 -23.778696 0.566467 2.515271 -25.382156 0.000001 0.000000 0.000000 -8.207801 -6.751708 -1.599542 -43.486524 -2.730838 -20.581809 8.700457 -1.477740 0.085034 -12.443929 -0.687253 7.484598 -7.820723 0.000039 0.000017 0.000000 0.000001 0.000001 8.207800 -6.751699 -1.599542 -6.066379 10.368036 5.947758 20.835825 -10.078363 -0.784183 -24.290770 -10.667047 -7.124020 -5.894743 0.000027 0.000003 -0.000000 -0.000001 0.000000 
-120.969810 95.882027 2.338006 14.498774 -59.197345 18.325727 -0.000004 10.181561 0.131523 5.627857 0.925279 -3.215857 3.877805 3.026121 -1.358031 3.893435 3.002659 -1.353443 0.000008 16.740368 -2.049021 3.634271 6.268213 1.058556 -0.000007 9.617867 1.684979 -8.780167 36.877677 -7.465141 0.000007 22.037384 7.501070 -0.000001 -0.000000 -0.000000 -4.569993 11.014879 -2.160840 1.701210 4.228365 9.567341 10.893040 22.053434 56.527629 -0.000012 19.329340 0.000030 -1.297023 3.107372 -1.951504 -2.464801 -1.574003 2.681906 -0.184853 0.811011 0.379090 16.202044 -7.659926 -16.256888 -2.646275 -1.527807 1.527817 3.211908 9.350745 -24.645035 -1.994603 -1.151568 1.151579 0.000003 -0.000004 0.000005 -9.108322 -0.517865 2.259810 -1.060872 -0.770768 27.572258 0.103606 -0.977941 12.095674 0.107800 -0.997247 12.338172 -0.000003 0.000001 0.000002 -9.532510 0.000003 -0.000002 0.427882 -4.236596 32.527311 0.243059 -1.486338 18.573403 0.087609 -0.900043 11.119097 -0.000002 0.000002 -0.000000 -9.103596 -0.043093 -1.865100 2.235221 -6.912043 34.293045 0.373119 -1.828217 23.068378 0.267789 -1.558015 19.504824 0.000001 -0.000001 0.000001 -8.076694 -0.486745 -3.806302 0.428863 -4.342735 36.715702 0.390465 -1.868419 23.606322 0.168417 -1.242306 15.438603 0.000001 -0.000000 -0.000001 4.570412 11.014725 -2.160811 -0.707520 -4.432571 -9.602775 -5.422464 -19.724623 -62.414392 -0.000004 -25.430198 -0.000009 5.346973 -10.306302 -1.177475 2.466093 -1.576202 2.681699 34.633120 -11.154956 20.382244 15.439228 16.524447 -7.990123 2.647882 -1.528730 1.528740 -16.436020 4.700477 11.835488 1.998924 -1.154085 1.154067 -0.000000 -0.000002 -0.000000 9.109284 -0.518017 2.259903 -4.445066 -3.790954 -30.930686 0.715358 2.807348 -28.587846 0.293382 1.832509 -18.192024 0.000000 -0.000000 0.000000 9.533409 0.000006 0.000003 -0.663002 3.563670 -39.337518 0.563231 2.508423 -25.308327 0.394043 2.114201 -21.114693 0.000000 0.000000 -0.000001 9.104500 -0.043005 -1.865097 -0.586472 3.431509 -36.750086 0.862553 3.061724 -31.462580 0.959445 3.214461 -33.232419 -0.000001 0.000000 0.000000 8.077802 -0.486885 -3.806293 -1.143981 2.023118 -31.245435 0.501187 2.372881 -23.851094 0.568140 2.518767 -25.419951 0.000001 -0.000000 0.000001 -8.207808 -6.751704 -1.599544 -43.848336 -3.602321 -21.086753 8.586520 -3.249855 0.301448 -12.219023 -1.451733 10.341966 -6.884849 0.000006 -0.000007 -0.000002 -0.000000 0.000002 8.207795 -6.751696 -1.599545 -1.771157 10.875053 7.432953 18.550379 -10.181290 -0.882220 -26.853406 -11.180190 -7.904608 -7.024210 0.000000 0.000006 -0.000001 0.000001 0.000000 
-126.943130 94.769699 2.248007 13.753199 -59.604657 16.702536 -0.000003 10.181544 0.131527 5.789573 1.209189 -1.968719 4.041680 2.989214 -0.911743 4.049124 2.979399 -0.903666 0.000012 16.740362 -2.049015 3.768550 6.281400 0.859488 -0.000017 9.617829 1.684997 -8.160696 37.101543 -8.448096 -0.000001 22.037415 7.501070 0.000001 0.000000 -0.000000 -4.569977 11.014862 -2.160835 1.767520 3.703744 9.520051 9.244385 20.908995 59.479364 -0.000014 15.096958 0.000038 -0.627783 1.961342 -2.010176 -2.464793 -1.574019 2.681914 -0.184853 0.811011 0.379090 16.074676 -8.576458 -16.121762 -2.646262 -1.527803 1.527816 3.346607 10.799328 -25.199641 -1.994582 -1.151579 1.151575 -0.000002 -0.000002 -0.000004 -9.108305 -0.517884 2.259808 -0.665585 -1.408064 28.343033 0.103784 -0.978687 12.105009 0.107949 -0.997983 12.347535 -0.000001 0.000002 -0.000001 -9.532510 -0.000010 0.000001 0.631834 -4.560965 33.083124 0.243475 -1.487565 18.589395 0.087856 -0.901306 11.134955 -0.000001 -0.000001 0.000002 -9.103607 -0.043126 -1.865103 2.368786 -7.061702 34.848609 0.371917 -1.825365 23.030201 0.266705 -1.554949 19.465079 -0.000002 0.000002 -0.000001 -8.076700 -0.486754 -3.806296 0.472016 -4.409554 37.084095 0.388455 -1.863771 23.543946 0.166984 -1.237185 15.373412 -0.000001 -0.000001 0.000002 4.570415 11.014683 -2.160818 -0.835121 -4.935821 -9.614890 -6.792075 -19.530036 -63.586070 -0.000002 -27.081135 0.000000 5.709285 -11.117799 0.163703 2.466108 -1.576202 2.681695 34.633123 -11.154951 20.382244 14.281157 15.475218 -7.001921 2.647856 -1.528737 1.528751 -16.416353 4.790757 11.831762 1.998921 -1.154070 1.154069 -0.000001 0.000001 0.000001 9.109301 -0.518006 2.259910 -4.247101 -4.165551 -29.000761 0.717736 2.811674 -28.636113 0.294936 1.837234 -18.240707 -0.000001 0.000000 0.000001 9.533408 0.000009 0.000001 -0.721853 3.416529 -38.527571 0.559790 2.501132 -25.229343 0.391102 2.106572 -21.034835 0.000000 0.000000 0.000002 9.104520 -0.042997 -1.865094 -0.416590 3.571633 -35.654311 0.862917 3.062305 -31.469222 0.959865 3.215116 -33.240034 0.000001 0.000000 0.000001 8.077819 -0.486897 -3.806295 -0.839609 2.500761 -30.985986 0.492596 2.353381 -23.642780 0.562895 2.507728 -25.300769 0.000001 -0.000001 0.000003 -8.207812 -6.751713 -1.599537 -42.761035 -4.934220 -18.393163 11.649046 -1.805170 0.143104 -6.778149 -1.003256 8.532836 -8.948367 -0.000017 0.000001 0.000001 0.000002 0.000000 8.207793 -6.751705 -1.599536 1.255704 11.847711 10.668434 18.619951 -9.868145 -0.966989 -25.546668 -12.113481 -8.210368 -9.366630 -0.000017 -0.000002 0.000000 -0.000003 -0.000000 
-133.536804 93.889381 1.954497 12.403727 -59.941863 13.629657 -0.000008 10.181562 0.131546 5.752979 1.725961 -0.232561 4.113143 3.124780 -0.328591 4.112039 3.128212 -0.313309 0.000011 16.740376 -2.049025 3.992047 6.220983 0.810133 0.000003 9.617895 1.684968 -6.489381 37.018119 -9.317709 -0.000013 22.037399 7.501070 -0.000000 0.000001 0.000000 -4.569985 11.014872 -2.160837 1.758271 3.353573 9.633779 7.762022 19.761064 62.005215 -0.000010 11.260786 0.000011 -0.404662 0.307601 -2.569973 -2.464780 -1.573989 2.681910 -0.184849 0.811011 0.379088 15.989418 -9.047707 -16.141103 -2.646251 -1.527830 1.527818 3.394343 11.184351 -25.404593 -1.994578 -1.151587 1.151566 0.000003 -0.000005 -0.000002 -9.108287 -0.517861 2.259804 -0.671996 -1.394644 28.305830 0.103614 -0.977962 12.096014 0.107793 -0.997272 12.338495 -0.000000 -0.000000 0.000004 -9.532494 0.000017 -0.000000 0.673821 -4.624379 32.965447 0.243540 -1.487747 18.591669 0.087891 -0.901482 11.137162 -0.000004 0.000001 -0.000001 -9.103594 -0.043102 -1.865100 2.388175 -7.086837 34.880147 0.371414 -1.824186 23.014579 0.266282 -1.553741 19.449187 0.000000 -0.000000 0.000001 -8.076685 -0.486718 -3.806298 0.554324 -4.520428 37.189871 0.388385 -1.863653 23.542291 0.166960 -1.237081 15.372114 -0.000003 -0.000000 0.000001 4.570412 11.014690 -2.160810 -0.894565 -5.130354 -9.492077 -7.780853 -19.590630 -64.900649 -0.000024 -29.014425 -0.000011 7.149521 -12.135308 1.877770 2.466096 -1.576218 2.681699 34.633120 -11.154948 20.382242 13.172510 15.530050 -6.261904 2.647898 -1.528727 1.528767 -16.393806 4.894018 11.827328 1.998928 -1.154109 1.154079 0.000000 0.000001 0.000001 9.109306 -0.518015 2.259907 -4.013819 -4.569556 -26.877752 0.719483 2.814897 -28.672045 0.296108 1.840750 -18.277001 0.000001 0.000001 -0.000000 9.533390 0.000012 0.000008 -0.760534 3.286655 -37.678356 0.557382 2.496045 -25.174344 0.389061 2.101258 -20.979218 0.000002 -0.000000 -0.000002 9.104506 -0.042992 -1.865097 -0.227859 3.748687 -34.440826 0.864982 3.065686 -31.508113 0.962121 3.218551 -33.280281 0.000000 0.000000 0.000000 8.077806 -0.486895 -3.806299 -0.585059 2.894682 -30.642623 0.484480 2.334768 -23.444162 0.556227 2.493561 -25.147703 -0.000000 -0.000000 -0.000002 -8.207805 -6.751701 -1.599531 -44.841063 -4.428046 -14.758908 21.832385 1.744114 -0.179939 7.966973 -0.249744 6.703893 -11.954532 0.000002 -0.000005 0.000000 0.000002 0.000001 8.207796 -6.751693 -1.599535 2.948619 12.463690 15.370007 20.701721 -9.868254 -1.016353 -18.687022 -13.358210 -8.768770 -17.947504 0.000013 0.000001 0.000000 0.000001 0.000000 
-140.045532 93.163315 1.504480 12.530732 -60.071309 12.243767 -0.000005 10.181554 0.131534 5.320752 2.270666 1.065419 3.931229 3.384600 0.027847 3.916398 3.403479 0.055766 -0.000017 16.740347 -2.049029 3.992968 6.120238 0.877525 -0.000018 9.617867 1.684978 -5.018479 36.833206 -10.202092 0.000010 22.037384 7.501070 0.000000 0.000001 -0.000000 -4.570014 11.014886 -2.160856 1.643979 3.272040 9.808773 6.732561 19.071748 63.838083 -0.000003 8.552371 0.000005 -0.557082 -0.950581 -3.602666 -2.464796 -1.573987 2.681909 -0.184850 0.811014 0.379091 16.037472 -8.827120 -16.232838 -2.646258 -1.527788 1.527813 3.317805 10.442953 -25.148594 -1.994586 -1.151588 1.151578 0.000002 -0.000001 -0.000002 -9.108307 -0.517864 2.259805 -0.966410 -0.900128 27.573971 0.103328 -0.976615 12.078965 0.107514 -0.995909 12.321343 -0.000000 -0.000001 -0.000001 -9.532524 0.000008 0.000001 0.550226 -4.424850 32.290925 0.243694 -1.488220 18.597794 0.087992 -0.901979 11.143367 -0.000002 -0.000002 -0.000000 -9.103595 -0.043106 -1.865106 2.284163 -6.975445 34.393541 0.371208 -1.823714 23.008240 0.266150 -1.553334 19.443926 0.000001 0.000001 -0.000001 -8.076712 -0.486719 -3.806296 0.576123 -4.546354 37.051679 0.388851 -1.864705 23.556552 0.167303 -1.238344 15.388158 -0.000001 0.000002 -0.000000 4.570382 11.014690 -2.160827 -0.872547 -5.182678 -9.262201 -8.449346 -19.631376 -66.212086 0.000013 -31.095143 0.000011 8.720891 -13.716907 3.819902 2.466123 -1.576213 2.681693 34.633123 -11.154953 20.382241 12.471697 16.285109 -5.904381 2.647900 -1.528763 1.528762 -16.375075 4.979526 11.823571 1.998910 -1.154079 1.154079 -0.000004 0.000003 -0.000000 9.109304 -0.518019 2.259898 -3.705386 -4.891700 -24.689010 0.718665 2.813411 -28.655447 0.295569 1.839139 -18.260246 -0.000002 0.000001 0.000003 9.533422 0.000012 0.000002 -0.693314 3.254558 -36.399765 0.555015 2.490946 -25.119303 0.387011 2.095950 -20.923711 0.000002 -0.000001 -0.000002 9.104505 -0.042995 -1.865095 -0.032906 3.952077 -33.107904 0.862875 3.062253 -31.468778 0.959904 3.215185 -33.240779 -0.000000 -0.000000 -0.000001 8.077823 -0.486904 -3.806300 -0.337622 3.266665 -30.050541 0.484158 2.334039 -23.436387 0.548904 2.477899 -24.978519 0.000000 -0.000000 0.000001 -8.207809 -6.751719 -1.599530 -46.414950 -3.542372 -11.544017 31.625200 2.502008 -0.183572 8.372063 -0.420102 5.770262 -10.319464 0.000010 0.000003 0.000000 0.000001 -0.000000 8.207796 -6.751707 -1.599540 2.165485 9.915994 18.936834 26.759481 -10.157132 -0.843954 -7.981544 -10.749384 -7.602947 -26.157523 0.173000 -2.755502 0.000000 -0.000000 -0.000000 
-146.259735 92.820839 1.079284 13.021344 -60.318418 11.606700 0.000005 10.181547 0.131533 5.188073 2.646159 1.932606 3.895070 3.544680 0.479652 3.865411 3.575477 0.514379 -0.000002 16.740385 -2.049036 3.824896 6.092019 0.799260 0.000002 9.617832 1.684965 -5.007377 37.085755 -11.398771 -0.000012 22.037369 7.501072 -0.000000 0.000001 -0.000000 -4.570011 11.014866 -2.160846 1.380751 3.514921 9.932505 6.251011 19.578266 64.330874 -0.000005 7.132060 0.000000 -1.144204 -1.493161 -5.009815 -2.464793 -1.574004 2.681912 -0.184857 0.811012 0.379093 16.108390 -8.362695 -16.316933 -2.646253 -1.527800 1.527821 3.210946 9.246533 -24.711317 -1.994590 -1.151599 1.151574 0.000003 -0.000005 -0.000000 -9.108304 -0.517861 2.259808 -1.225376 -0.403237 26.670770 0.103204 -0.976043 12.071862 0.107385 -0.995343 12.314226 0.000001 0.000001 0.000001 -9.532507 0.000011 0.000003 0.371769 -4.126412 31.594488 0.243850 -1.488713 18.604180 0.088092 -0.902492 11.149867 0.000003 0.000001 0.000001 -9.103591 -0.043092 -1.865095 2.133283 -6.806714 33.689433 0.371102 -1.823467 23.004897 0.266076 -1.553148 19.441585 0.000002 0.000001 0.000001 -8.076684 -0.486707 -3.806293 0.480247 -4.414062 36.821341 0.389036 -1.865119 23.562068 0.167436 -1.238840 15.394502 0.000001 -0.000003 0.000000 4.570394 11.014667 -2.160827 -0.760961 -5.085999 -9.052191 -9.005195 -19.687283 -67.764772 0.000001 -32.845666 -0.000003 9.276660 -16.711279 5.812771 2.466100 -1.576216 2.681708 34.633120 -11.154951 20.382239 12.183906 16.121634 -5.478859 2.647872 -1.528754 1.528751 -16.354364 5.073930 11.819320 1.998946 -1.154091 1.154068 -0.000001 0.000002 0.000007 9.109288 -0.518012 2.259912 -3.322777 -5.176706 -22.247453 0.715975 2.808485 -28.600647 0.293803 1.833759 -18.204945 -0.000001 -0.000001 0.000004 9.533407 -0.000002 0.000011 -0.568757 3.271076 -34.681949 0.550521 2.481366 -25.015920 0.383225 2.085994 -20.819409 -0.000001 0.000001 0.000002 9.104494 -0.042996 -1.865085 0.181376 4.205721 -31.541370 0.855886 3.050799 -31.337437 0.952440 3.203787 -33.107512 0.000003 0.000000 -0.000000 8.077808 -0.486894 -3.806283 -0.035387 3.748855 -29.354637 0.472511 2.306987 -23.148976 0.537830 2.454070 -24.721494 -0.000000 0.000001 0.000005 -8.207792 -6.751713 -1.599544 -47.460386 -4.307610 -9.125118 40.552927 1.793481 -0.026796 0.365205 -0.571130 3.862319 -8.609229 -0.000017 -0.000005 -0.000000 0.000000 0.000001 8.207808 -6.751717 -1.599540 -1.895417 3.880997 20.747529 40.419632 -10.245871 -0.434266 3.644095 -3.619274 -6.274292 -24.888946 0.183665 -4.232313 0.000002 0.000001 -0.000000 
-152.201065 93.409149 0.765671 12.229197 -60.104285 9.387778 0.000012 10.181540 0.131528 5.436576 2.923764 3.072340 4.070461 3.432269 1.110919 4.038127 3.463463 1.142295 -0.000007 16.740349 -2.049006 3.717590 6.035437 0.777642 -0.000010 9.617852 1.684977 -5.680127 37.047721 -11.908671 0.000029 22.037369 7.501070 -0.000000 0.000001 0.000000 -4.570011 11.014862 -2.160837 0.942563 3.973755 10.020513 6.545152 21.513829 62.570830 -0.000003 6.789372 0.000006 -1.904545 -1.770238 -6.960557 -2.464797 -1.573987 2.681899 -0.184855 0.811014 0.379094 16.114843 -8.153747 -16.285939 -2.646266 -1.527817 1.527824 3.167051 8.662893 -24.492321 -1.994579 -1.151601 1.151574 0.000000 -0.000003 0.000001 -9.108309 -0.517875 2.259791 -1.283995 -0.299190 26.564498 0.103274 -0.976404 12.076307 0.107459 -0.995692 12.318659 0.000004 -0.000000 0.000001 -9.532510 0.000004 -0.000008 0.303881 -4.015385 31.566775 0.243883 -1.488846 18.605917 0.088128 -0.902633 11.151596 -0.000000 0.000000 0.000004 -9.103602 -0.043093 -1.865108 2.066004 -6.720399 33.491836 0.371257 -1.823842 23.009949 0.266242 -1.553608 19.447355 -0.000003 0.000000 -0.000001 -8.076694 -0.486704 -3.806300 0.403741 -4.309282 36.721675 0.389704 -1.866649 23.582522 0.167882 -1.240439 15.414922 0.000001 -0.000001 0.000001 4.570402 11.014664 -2.160813 -0.535410 -4.637627 -8.759430 -9.317611 -20.180742 -69.357887 -0.000005 -33.980860 -0.000013 9.551646 -21.045227 7.776462 2.466104 -1.576217 2.681691 34.633123 -11.154950 20.382241 11.971990 15.378120 -4.904717 2.647883 -1.528756 1.528741 -16.329106 5.188564 11.814038 1.998917 -1.154098 1.154079 -0.000005 0.000003 0.000003 9.109315 -0.518022 2.259901 -3.042669 -5.449436 -20.296814 0.715095 2.806887 -28.582709 0.293224 1.831981 -18.186832 0.000005 -0.000001 -0.000001 9.533391 0.000009 -0.000010 -0.526918 3.237857 -33.624813 0.547314 2.474505 -24.941969 0.380509 2.078835 -20.744775 -0.000003 0.000000 0.000001 9.104516 -0.042999 -1.865099 0.333917 4.411425 -30.387566 0.851992 3.044437 -31.264440 0.948300 3.197444 -33.033346 0.000005 -0.000001 -0.000000 8.077806 -0.486894 -3.806314 0.215949 4.182187 -29.018636 0.458165 2.273185 -22.789925 0.526503 2.429298 -24.455352 -0.000002 -0.000000 -0.000003 -8.207788 -6.751701 -1.599529 -44.877615 -6.572434 -6.495341 43.875387 1.282481 0.081123 -5.184478 -0.553015 2.000403 -8.638827 0.000018 -0.000003 0.000000 0.000002 0.000000 8.207813 -6.751710 -1.599543 -7.713096 -3.149033 20.834941 55.967646 -7.466624 -0.120572 12.726154 -0.245844 -3.844747 -11.812180 -0.000014 -0.000010 0.000002 -0.000000 0.000001 
-157.905457 94.588074 0.577450 11.610385 -60.200645 8.036650 0.000006 10.181551 0.131487 5.545897 3.629066 3.382054 4.128421 3.553817 1.177675 4.102431 3.577163 1.205198 0.000002 16.740366 -2.049028 3.695489 5.856645 1.070342 -0.000007 9.617880 1.684977 -6.126416 36.178733 -10.819425 -0.000003 22.037369 7.501079 -0.000000 0.000001 -0.000001 -4.570007 11.014869 -2.160844 0.342896 4.488621 10.116835 7.146397 24.383538 59.652243 0.000002 7.142031 0.000011 -1.835825 -2.361553 -9.813519 -2.464802 -1.573986 2.681910 -0.184858 0.811011 0.379090 16.072017 -8.353204 -16.146453 -2.646266 -1.527788 1.527821 3.213866 9.325482 -24.691844 -1.994594 -1.151571 1.151579 0.000001 -0.000005 0.000001 -9.108325 -0.517847 2.259806 -1.187465 -0.600307 27.659532 0.103501 -0.977502 12.090161 0.107697 -0.996802 12.332649 0.000002 -0.000002 0.000002 -9.532500 0.000031 -0.000005 0.427737 -4.233467 32.389884 0.243951 -1.488971 18.607493 0.088142 -0.902759 11.153129 0.000001 -0.000002 0.000002 -9.103618 -0.043072 -1.865095 2.160659 -6.807670 34.235657 0.371940 -1.825433 23.031287 0.266806 -1.555215 19.468367 -0.000000 -0.000001 0.000002 -8.076702 -0.486688 -3.806299 0.545182 -4.501688 36.874808 0.391787 -1.871433 23.646866 0.169289 -1.245546 15.479953 0.000003 0.000002 0.000000 4.570399 11.014684 -2.160816 -0.229323 -3.738263 -8.522392 -9.016701 -21.042848 -70.327774 -0.000003 -34.565405 -0.000003 10.903804 -24.569147 9.639573 2.466100 -1.576204 2.681682 34.633120 -11.154946 20.382242 11.439565 16.124191 -4.573655 2.647861 -1.528730 1.528743 -16.307478 5.286537 11.809458 1.998905 -1.154086 1.154074 0.000000 -0.000003 0.000002 9.109305 -0.518022 2.259894 -2.986592 -5.635327 -19.616918 0.717421 2.811153 -28.630288 0.294762 1.836688 -18.234880 -0.000005 0.000003 -0.000001 9.533405 0.000012 -0.000001 -0.604825 3.148675 -33.930498 0.551012 2.482439 -25.027574 0.383642 2.087118 -20.831182 0.000002 0.000000 0.000000 9.104513 -0.042997 -1.865106 0.363190 4.459259 -30.327095 0.857722 3.053796 -31.371885 0.954393 3.206774 -33.142356 -0.000002 -0.000000 0.000002 8.077824 -0.486899 -3.806304 0.327083 4.385499 -29.103778 0.455062 2.265762 -22.711238 0.522174 2.419779 -24.353309 0.000005 -0.000002 0.000001 -8.207795 -6.751719 -1.599568 -40.673391 -8.228186 -4.010715 43.903565 0.930811 0.156854 -9.055293 -0.475972 0.336977 -8.818146 -0.000012 -0.000005 0.000000 0.000001 0.000000 8.207797 -6.751694 -1.599576 -14.302162 -7.649687 18.126028 66.943265 -7.400328 -0.115411 11.521971 -0.046488 -1.286875 -11.261566 -0.000006 0.000004 0.000000 0.000001 -0.000000 
-163.558975 96.314072 0.515238 11.539729 -61.642703 8.042236 0.000004 10.181556 0.131502 5.600077 4.893627 2.719641 4.138167 4.091140 0.789783 4.113273 4.106477 0.815178 -0.000000 16.740353 -2.048995 3.813315 5.677057 1.466370 -0.000009 9.617850 1.684963 -6.061323 35.355549 -9.363843 0.000021 22.037384 7.501068 -0.000000 -0.000001 0.000001 -4.569999 11.014866 -2.160825 -0.374664 5.026626 10.163601 6.999071 27.249982 57.180926 0.000011 7.893148 0.000018 -0.025238 -3.508026 -13.441435 -2.464801 -1.574004 2.681913 -0.184854 0.811011 0.379090 16.041449 -8.824432 -16.093239 -2.646266 -1.527827 1.527816 3.312736 10.462428 -25.077975 -1.994601 -1.151598 1.151569 -0.000000 -0.000002 0.000001 -9.108303 -0.517917 2.259803 -1.116186 -0.872911 28.869475 0.103786 -0.978758 12.105913 0.107971 -0.998067 12.348472 -0.000000 -0.000001 0.000003 -9.532493 -0.000017 -0.000001 0.601642 -4.517208 33.288013 0.244180 -1.489672 18.616609 0.088284 -0.903479 11.162170 0.000001 -0.000001 0.000005 -9.103624 -0.043109 -1.865097 2.328296 -6.973043 35.262163 0.373075 -1.828136 23.067244 0.267770 -1.557916 19.503503 0.000001 -0.000000 -0.000002 -8.076686 -0.486735 -3.806296 0.867763 -4.940613 37.115764 0.395160 -1.879105 23.749828 0.171591 -1.253793 15.585071 -0.000004 -0.000002 0.000004 4.570403 11.014673 -2.160800 0.131251 -2.410825 -8.321671 -7.885500 -21.566251 -70.380878 0.000003 -34.640356 0.000013 12.180599 -25.034546 10.549033 2.466100 -1.576215 2.681706 34.633120 -11.154954 20.382244 10.736473 18.610800 -4.640141 2.647892 -1.528737 1.528764 -16.295766 5.339351 11.806925 1.998948 -1.154108 1.154070 0.000001 0.000005 -0.000000 9.109292 -0.518015 2.259904 -3.045290 -5.659523 -19.844421 0.720744 2.817200 -28.697890 0.296952 1.843312 -18.303078 -0.000001 0.000004 -0.000002 9.533395 0.000006 0.000008 -0.708878 3.081265 -34.825161 0.560805 2.503310 -25.252842 0.391972 2.108850 -21.058665 -0.000003 0.000000 -0.000004 9.104501 -0.042994 -1.865091 0.309863 4.395880 -31.050139 0.869098 3.072387 -31.585052 0.966530 3.225252 -33.358712 -0.000001 0.000002 0.000002 8.077810 -0.486878 -3.806287 0.368285 4.461931 -29.183196 0.461576 2.281280 -22.875641 0.524683 2.425295 -24.412221 -0.000000 -0.000001 0.000000 -8.207800 -6.751725 -1.599537 -35.140674 -8.696115 -1.506370 41.027215 1.338772 0.223716 -11.350526 -0.301016 -1.352717 -8.804739 0.000003 -0.000002 0.000001 0.000003 0.000000 8.207806 -6.751728 -1.599558 -20.791429 -7.635328 14.284404 71.223676 -9.951265 -0.273195 6.751133 -0.667594 -1.338235 -10.915098 -0.000007 -0.000011 -0.000001 0.000000 0.000000 
-169.272125 98.092865 0.600674 11.290743 -63.256342 8.074358 0.000003 10.181562 0.131496 5.674108 5.939708 1.948514 4.142809 4.466271 0.460119 4.125916 4.480581 0.480416 0.000022 16.740360 -2.049021 4.160673 5.610730 1.732745 -0.000008 9.617832 1.684986 -5.582517 35.157644 -8.496058 -0.000008 22.037369 7.501070 -0.000000 0.000001 0.000001 -4.569979 11.014871 -2.160837 -1.155782 5.611566 10.090425 5.286366 29.403811 56.139162 0.000005 8.977066 0.000040 2.953958 -4.832357 -16.924568 -2.464787 -1.574003 2.681909 -0.184856 0.811012 0.379087 15.966894 -9.413900 -16.355395 -2.646257 -1.527797 1.527813 3.323246 10.486728 -25.176579 -1.994614 -1.151595 1.151575 0.000000 -0.000004 0.000006 -9.108310 -0.517889 2.259801 -1.282820 -0.614748 28.591874 0.103787 -0.978809 12.106493 0.107990 -0.998112 12.349104 -0.000002 -0.000001 0.000001 -9.532498 0.000005 -0.000006 0.560559 -4.453577 33.203950 0.244481 -1.490580 18.628426 0.088481 -0.904426 11.173992 0.000002 -0.000000 -0.000000 -9.103580 -0.043122 -1.865106 2.383997 -7.041598 35.387996 0.374787 -1.832120 23.120544 0.269213 -1.561993 19.556700 -0.000000 -0.000001 0.000005 -8.076672 -0.486743 -3.806303 1.111945 -5.280734 37.078365 0.399171 -1.888165 23.871405 0.174328 -1.263624 15.710449 -0.000000 -0.000002 0.000002 4.570419 11.014658 -2.160814 0.520985 -0.902678 -7.998798 -6.101174 -21.313117 -69.823391 0.000003 -33.959082 0.000009 11.168642 -22.446990 9.616017 2.466120 -1.576203 2.681693 34.633120 -11.154954 20.382246 10.266573 21.000783 -4.815846 2.647890 -1.528759 1.528734 -16.290030 5.365197 11.805451 1.998925 -1.154081 1.154063 0.000001 0.000002 -0.000000 9.109298 -0.518021 2.259889 -3.050698 -5.574374 -20.054112 0.724015 2.823157 -28.764215 0.299100 1.849811 -18.370026 -0.000001 0.000001 -0.000001 9.533396 0.000009 -0.000001 -0.754232 3.059933 -35.268491 0.570543 2.523810 -25.474709 0.400267 2.130243 -21.282825 -0.000002 0.000003 -0.000001 9.104499 -0.042992 -1.865103 0.257373 4.337765 -31.731481 0.878060 3.086907 -31.751944 0.976084 3.239699 -33.528135 -0.000003 0.000002 0.000002 8.077807 -0.486898 -3.806310 0.440863 4.586392 -28.974345 0.460933 2.279750 -22.859393 0.527527 2.431521 -24.479372 -0.000002 -0.000001 -0.000000 -8.207796 -6.751704 -1.599559 -28.653699 -8.558026 0.800751 36.508089 1.719760 0.276407 -12.798627 -0.090044 -2.791767 -8.654341 -0.000017 -0.000003 -0.000001 -0.000000 -0.000000 8.207808 -6.751686 -1.599576 -26.454984 -5.628007 10.543530 70.382968 -9.299168 -0.220303 3.419563 -0.061172 -2.505163 -9.202429 -0.000003 0.000023 -0.000005 0.000002 0.000000 
-174.928314 99.633072 0.738731 11.076716 -64.418635 8.462668 0.000001 10.181548 0.131543 5.785049 6.588789 1.027136 4.182494 4.571361 0.110133 4.161464 4.591114 0.128980 -0.000017 16.740366 -2.049013 4.545789 5.606650 1.846991 -0.000001 9.617872 1.684969 -5.164928 35.193462 -7.934813 -0.000007 22.037384 7.501070 -0.000001 0.000000 0.000001 -4.570015 11.014853 -2.160848 -1.948440 6.180233 9.936058 2.512311 30.662676 56.102283 0.000000 10.512016 0.000011 5.220792 -5.348213 -19.407190 -2.464795 -1.573969 2.681910 -0.184856 0.811011 0.379094 15.655647 -10.010955 -16.970409 -2.646273 -1.527808 1.527817 3.198764 8.881485 -24.827545 -1.994605 -1.151589 1.151573 -0.000002 0.000001 0.000003 -9.108310 -0.517847 2.259802 -1.651730 0.247435 26.588209 0.103385 -0.976853 12.082015 0.107550 -0.996153 12.324433 0.000000 -0.000000 0.000000 -9.532504 0.000012 0.000000 0.259354 -3.956087 31.994471 0.244131 -1.489544 18.615025 0.088268 -0.903365 11.160697 -0.000002 -0.000001 0.000003 -9.103607 -0.043074 -1.865103 2.274135 -6.967900 34.302559 0.377182 -1.837711 23.195165 0.271276 -1.567788 19.632342 0.000002 0.000000 0.000001 -8.076681 -0.486698 -3.806302 1.126472 -5.305273 36.590730 0.403451 -1.897838 24.001578 0.177351 -1.274236 15.845803 0.000002 -0.000000 0.000002 4.570384 11.014651 -2.160811 0.911261 0.601291 -7.702190 -4.051644 -20.573223 -68.962706 -0.000019 -32.148420 -0.000009 8.321747 -18.283050 7.738020 2.466111 -1.576219 2.681678 34.633123 -11.154946 20.382236 10.096332 22.121393 -4.842076 2.647884 -1.528747 1.528737 -16.285104 5.387754 11.805258 1.998925 -1.154075 1.154041 0.000001 0.000001 -0.000000 9.109311 -0.518007 2.259884 -2.969074 -5.471650 -19.893626 0.727727 2.829883 -28.839231 0.301555 1.857167 -18.445747 0.000002 0.000002 0.000001 9.533426 0.000011 -0.000009 -0.746448 3.056916 -35.126754 0.576222 2.535703 -25.603502 0.405123 2.142652 -21.412997 0.000003 -0.000001 -0.000002 9.104510 -0.042998 -1.865128 0.246876 4.332218 -31.992688 0.881314 3.092118 -31.811965 0.979535 3.244893 -33.589074 -0.000003 0.000000 -0.000000 8.077805 -0.486896 -3.806326 0.535955 4.750798 -28.582146 0.460905 2.279688 -22.858792 0.527676 2.431859 -24.483025 -0.000000 -0.000001 0.000001 -8.207801 -6.751720 -1.599516 -21.994968 -8.148598 2.432993 31.110361 1.731429 0.292665 -13.697903 0.160872 -3.894208 -8.421999 -0.000039 -0.000006 -0.000001 0.000003 0.000001 8.207801 -6.751703 -1.599525 -31.031076 -3.428043 6.653723 65.073521 -5.824211 -0.058095 -0.031441 0.050145 -3.149839 -8.623300 0.000011 -0.000011 0.000003 -0.000000 0.000001 
-180.540848 100.572144 0.894567 11.577512 -65.786340 10.004001 0.000008 10.181551 0.131543 5.891045 7.379646 -0.294875 4.207033 4.750665 -0.407742 4.180449 4.776967 -0.387796 0.000001 16.740366 -2.049029 4.751500 5.601002 1.899789 -0.000027 9.617838 1.684980 -4.997784 35.156121 -7.368572 -0.000002 22.037369 7.501077 -0.000001 -0.000000 0.000001 -4.569994 11.014879 -2.160856 -2.707389 6.648525 9.770654 0.059549 31.373132 55.948996 0.000002 12.602169 0.000016 5.346803 -4.578970 -20.860115 -2.464806 -1.573949 2.681907 -0.184855 0.811014 0.379089 14.555157 -10.338189 -17.751404 -2.646266 -1.527810 1.527819 3.082443 6.845677 -24.355264 -1.994586 -1.151582 1.151594 0.000002 -0.000003 0.000001 -9.108315 -0.517872 2.259801 -1.953985 1.211413 24.349884 0.102774 -0.974068 12.047025 0.106950 -0.993362 12.289313 -0.000001 -0.000000 0.000001 -9.532526 0.000024 -0.000003 -0.068666 -3.360483 30.624540 0.243089 -1.486467 18.575051 0.087635 -0.900177 11.120835 -0.000001 0.000000 0.000001 -9.103592 -0.043077 -1.865102 2.118676 -6.841610 32.929189 0.379628 -1.843450 23.271892 0.273419 -1.573775 19.710425 -0.000000 -0.000000 0.000003 -8.076701 -0.486710 -3.806299 0.991103 -5.107808 35.939882 0.407274 -1.906395 24.116689 0.180034 -1.283656 15.966120 -0.000001 -0.000001 -0.000001 4.570409 11.014674 -2.160819 1.287955 2.046100 -7.556872 -1.901029 -19.818070 -67.839624 -0.000011 -29.221434 -0.000003 5.898197 -13.966571 6.155450 2.466100 -1.576220 2.681682 34.633123 -11.154949 20.382239 10.317226 22.375524 -4.922742 2.647883 -1.528764 1.528759 -16.283839 5.393256 11.804527 1.998913 -1.154078 1.154080 -0.000003 -0.000003 0.000001 9.109294 -0.518012 2.259891 -2.909576 -5.343379 -19.893648 0.730460 2.834864 -28.894699 0.303374 1.862604 -18.501762 -0.000001 -0.000001 -0.000003 9.533396 0.000008 -0.000010 -0.724664 3.070716 -34.949856 0.579096 2.541651 -25.668138 0.407568 2.148889 -21.478351 0.000001 0.000000 -0.000001 9.104514 -0.042995 -1.865108 0.244378 4.333218 -32.106370 0.880801 3.091304 -31.802539 0.978993 3.244073 -33.579546 -0.000003 0.000000 -0.000001 8.077804 -0.486901 -3.806307 0.557548 4.785952 -28.297472 0.460897 2.279635 -22.858487 0.526838 2.430072 -24.463654 -0.000001 -0.000003 0.000000 -8.207801 -6.751716 -1.599519 -16.127284 -7.565109 3.227803 26.370100 2.238429 0.317214 -14.749332 0.586886 -4.965500 -8.080943 0.000010 0.000010 0.000001 0.000000 0.000000 8.207799 -6.751707 -1.599520 -34.281672 -0.963971 2.942293 55.851789 -3.279518 0.048550 -2.900302 0.145710 -4.018894 -7.573397 0.000031 -0.000004 -0.000001 0.000001 -0.000001 
-180.540848 100.572144 0.894567 11.577512 -65.786340 10.004001 0.000008 10.181551 0.131543 5.891045 7.379646 -0.294875 4.207033 4.750665 -0.407742 4.180449 4.776967 -0.387796 0.000001 16.740366 -2.049029 4.751500 5.601002 1.899789 -0.000027 9.617838 1.684980 -4.997784 35.156121 -7.368572 -0.000002 22.037369 7.501077 -0.000001 -0.000000 0.000001 -4.569994 11.014879 -2.160856 -2.707389 6.648525 9.770654 0.059549 31.373132 55.948996 0.000002 12.602169 0.000016 5.346803 -4.578970 -20.860115 -2.464806 -1.573949 2.681907 -0.184855 0.811014 0.379089 14.555157 -10.338189 -17.751404 -2.646266 -1.527810 1.527819 3.082443 6.845677 -24.355264 -1.994586 -1.151582 1.151594 0.000002 -0.000003 0.000001 -9.108315 -0.517872 2.259801 -1.953985 1.211413 24.349884 0.102774 -0.974068 12.047025 0.106950 -0.993362 12.289313 -0.000001 -0.000000 0.000001 -9.532526 0.000024 -0.000003 -0.068666 -3.360483 30.624540 0.243089 -1.486467 18.575051 0.087635 -0.900177 11.120835 -0.000001 0.000000 0.000001 -9.103592 -0.043077 -1.865102 2.118676 -6.841610 32.929189 0.379628 -1.843450 23.271892 0.273419 -1.573775 19.710425 -0.000000 -0.000000 0.000003 -8.076701 -0.486710 -3.806299 0.991103 -5.107808 35.939882 0.407274 -1.906395 24.116689 0.180034 -1.283656 15.966120 -0.000001 -0.000001 -0.000001 4.570409 11.014674 -2.160819 1.287955 2.046100 -7.556872 -1.901029 -19.818070 -67.839624 -0.000011 -29.221434 -0.000003 5.898197 -13.966571 6.155450 2.466100 -1.576220 2.681682 34.633123 -11.154949 20.382239 10.317226 22.375524 -4.922742 2.647883 -1.528764 1.528759 -16.283839 5.393256 11.804527 1.998913 -1.154078 1.154080 -0.000003 -0.000003 0.000001 9.109294 -0.518012 2.259891 -2.909576 -5.343379 -19.893648 0.730460 2.834864 -28.894699 0.303374 1.862604 -18.501762 -0.000001 -0.000001 -0.000003 9.533396 0.000008 -0.000010 -0.724664 3.070716 -34.949856 0.579096 2.541651 -25.668138 0.407568 2.148889 -21.478351 0.000001 0.000000 -0.000001 9.104514 -0.042995 -1.865108 0.244378 4.333218 -32.106370 0.880801 3.091304 -31.802539 0.978993 3.244073 -33.579546 -0.000003 0.000000 -0.000001 8.077804 -0.486901 -3.806307 0.557548 4.785952 -28.297472 0.460897 2.279635 -22.858487 0.526838 2.430072 -24.463654 -0.000001 -0.000003 0.000000 -8.207801 -6.751716 -1.599519 -16.127284 -7.565109 3.227803 26.370100 2.238429 0.317214 -14.749332 0.586886 -4.965500 -8.080943 0.000010 0.000010 0.000001 0.000000 0.000000 8.207799 -6.751707 -1.599520 -34.281672 -0.963971 2.942293 55.851789 -3.279518 0.048550 -2.900302 0.145710 -4.018894 -7.573397 0.000031 -0.000004 -0.000001 0.000001 -0.000001 
-180.540848 100.572144 0.894567 11.577512 -65.786340 10.004001 0.000008 10.181551 0.131543 5.891045 7.379646 -0.294875 4.207033 4.750665 -0.407742 4.180449 4.776967 -0.387796 0.000001 16.740366 -2.049029 4.751500 5.601002 1.899789 -0.000027 9.617838 1.684980 -4.997784 35.156121 -7.368572 -0.000002 22.037369 7.501077 -0.000001 -0.000000 0.000001 -4.569994 11.014879 -2.160856 -2.707389 6.648525 9.770654 0.059549 31.373132 55.948996 0.000002 12.602169 0.000016 5.346803 -4.578970 -20.860115 -2.464806 -1.573949 2.681907 -0.184855 0.811014 0.379089 14.555157 -10.338189 -17.751404 -2.646266 -1.527810 1.527819 3.082443 6.845677 -24.355264 -1.994586 -1.151582 1.151594 0.000002 -0.000003 0.000001 -9.108315 -0.517872 2.259801 -1.953985 1.211413 24.349884 0.102774 -0.974068 12.047025 0.106950 -0.993362 12.289313 -0.000001 -0.000000 0.000001 -9.532526 0.000024 -0.000003 -0.068666 -3.360483 30.624540 0.243089 -1.486467 18.575051 0.087635 -0.900177 11.120835 -0.000001 0.000000 0.000001 -9.103592 -0.043077 -1.865102 2.118676 -6.841610 32.929189 0.379628 -1.843450 23.271892 0.273419 -1.573775 19.710425 -0.000000 -0.000000 0.000003 -8.076701 -0.486710 -3.806299 0.991103 -5.107808 35.939882 0.407274 -1.906395 24.116689 0.180034 -1.283656 15.966120 -0.000001 -0.000001 -0.000001 4.570409 11.014674 -2.160819 1.287955 2.046100 -7.556872 -1.901029 -19.818070 -67.839624 -0.000011 -29.221434 -0.000003 5.898197 -13.966571 6.155450 2.466100 -1.576220 2.681682 34.633123 -11.154949 20.382239 10.317226 22.375524 -4.922742 2.647883 -1.528764 1.528759 -16.283839 5.393256 11.804527 1.998913 -1.154078 1.154080 -0.000003 -0.000003 0.000001 9.109294 -0.518012 2.259891 -2.909576 -5.343379 -19.893648 0.730460 2.834864 -28.894699 0.303374 1.862604 -18.501762 -0.000001 -0.000001 -0.000003 9.533396 0.000008 -0.000010 -0.724664 3.070716 -34.949856 0.579096 2.541651 -25.668138 0.407568 2.148889 -21.478351 0.000001 0.000000 -0.000001 9.104514 -0.042995 -1.865108 0.244378 4.333218 -32.106370 0.880801 3.091304 -31.802539 0.978993 3.244073 -33.579546 -0.000003 0.000000 -0.000001 8.077804 -0.486901 -3.806307 0.557548 4.785952 -28.297472 0.460897 2.279635 -22.858487 0.526838 2.430072 -24.463654 -0.000001 -0.000003 0.000000 -8.207801 -6.751716 -1.599519 -16.127284 -7.565109 3.227803 26.370100 2.238429 0.317214 -14.749332 0.586886 -4.965500 -8.080943 0.000010 0.000010 0.000001 0.000000 0.000000 8.207799 -6.751707 -1.599520 -34.281672 -0.963971 2.942293 55.851789 -3.279518 0.048550 -2.900302 0.145710 -4.018894 -7.573397 0.000031 -0.000004 -0.000001 0.000001 -0.000001 
-180.540848 100.572144 0.894567 11.577512 -65.786340 10.004001 0.000008 10.181551 0.131543 5.891045 7.379646 -0.294875 4.207033 4.750665 -0.407742 4.180449 4.776967 -0.387796 0.000001 16.740366 -2.049029 4.751500 5.601002 1.899789 -0.000027 9.617838 1.684980 -4.997784 35.156121 -7.368572 -0.000002 22.037369 7.501077 -0.000001 -0.000000 0.000001 -4.569994 11.014879 -2.160856 -2.707389 6.648525 9.770654 0.059549 31.373132 55.948996 0.000002 12.602169 0.000016 5.346803 -4.578970 -20.860115 -2.464806 -1.573949 2.681907 -0.184855 0.811014 0.379089 14.555157 -10.338189 -17.751404 -2.646266 -1.527810 1.527819 3.082443 6.845677 -24.355264 -1.994586 -1.151582 1.151594 0.000002 -0.000003 0.000001 -9.108315 -0.517872 2.259801 -1.953985 1.211413 24.349884 0.102774 -0.974068 12.047025 0.106950 -0.993362 12.289313 -0.000001 -0.000000 0.000001 -9.532526 0.000024 -0.000003 -0.068666 -3.360483 30.624540 0.243089 -1.486467 18.575051 0.087635 -0.900177 11.120835 -0.000001 0.000000 0.000001 -9.103592 -0.043077 -1.865102 2.118676 -6.841610 32.929189 0.379628 -1.843450 23.271892 0.273419 -1.573775 19.710425 -0.000000 -0.000000 0.000003 -8.076701 -0.486710 -3.806299 0.991103 -5.107808 35.939882 0.407274 -1.906395 24.116689 0.180034 -1.283656 15.966120 -0.000001 -0.000001 -0.000001 4.570409 11.014674 -2.160819 1.287955 2.046100 -7.556872 -1.901029 -19.818070 -67.839624 -0.000011 -29.221434 -0.000003 5.898197 -13.966571 6.155450 2.466100 -1.576220 2.681682 34.633123 -11.154949 20.382239 10.317226 22.375524 -4.922742 2.647883 -1.528764 1.528759 -16.283839 5.393256 11.804527 1.998913 -1.154078 1.154080 -0.000003 -0.000003 0.000001 9.109294 -0.518012 2.259891 -2.909576 -5.343379 -19.893648 0.730460 2.834864 -28.894699 0.303374 1.862604 -18.501762 -0.000001 -0.000001 -0.000003 9.533396 0.000008 -0.000010 -0.724664 3.070716 -34.949856 0.579096 2.541651 -25.668138 0.407568 2.148889 -21.478351 0.000001 0.000000 -0.000001 9.104514 -0.042995 -1.865108 0.244378 4.333218 -32.106370 0.880801 3.091304 -31.802539 0.978993 3.244073 -33.579546 -0.000003 0.000000 -0.000001 8.077804 -0.486901 -3.806307 0.557548 4.785952 -28.297472 0.460897 2.279635 -22.858487 0.526838 2.430072 -24.463654 -0.000001 -0.000003 0.000000 -8.207801 -6.751716 -1.599519 -16.127284 -7.565109 3.227803 26.370100 2.238429 0.317214 -14.749332 0.586886 -4.965500 -8.080943 0.000010 0.000010 0.000001 0.000000 0.000000 8.207799 -6.751707 -1.599520 -34.281672 -0.963971 2.942293 55.851789 -3.279518 0.048550 -2.900302 0.145710 -4.018894 -7.573397 0.000031 -0.000004 -0.000001 0.000001 -0.000001 
-180.540848 100.572144 0.894567 11.577512 -65.786340 10.004001 0.000008 10.181551 0.131543 5.891045 7.379646 -0.294875 4.207033 4.750665 -0.407742 4.180449 4.776967 -0.387796 0.000001 16.740366 -2.049029 4.751500 5.601002 1.899789 -0.000027 9.617838 1.684980 -4.997784 35.156121 -7.368572 -0.000002 22.037369 7.501077 -0.000001 -0.000000 0.000001 -4.569994 11.014879 -2.160856 -2.707389 6.648525 9.770654 0.059549 31.373132 55.948996 0.000002 12.602169 0.000016 5.346803 -4.578970 -20.860115 -2.464806 -1.573949 2.681907 -0.184855 0.811014 0.379089 14.555157 -10.338189 -17.751404 -2.646266 -1.527810 1.527819 3.082443 6.845677 -24.355264 -1.994586 -1.151582 1.151594 0.000002 -0.000003 0.000001 -9.108315 -0.517872 2.259801 -1.953985 1.211413 24.349884 0.102774 -0.974068 12.047025 0.106950 -0.993362 12.289313 -0.000001 -0.000000 0.000001 -9.532526 0.000024 -0.000003 -0.068666 -3.360483 30.624540 0.243089 -1.486467 18.575051 0.087635 -0.900177 11.120835 -0.000001 0.000000 0.000001 -9.103592 -0.043077 -1.865102 2.118676 -6.841610 32.929189 0.379628 -1.843450 23.271892 0.273419 -1.573775 19.710425 -0.000000 -0.000000 0.000003 -8.076701 -0.486710 -3.806299 0.991103 -5.107808 35.939882 0.407274 -1.906395 24.116689 0.180034 -1.283656 15.966120 -0.000001 -0.000001 -0.000001 4.570409 11.014674 -2.160819 1.287955 2.046100 -7.556872 -1.901029 -19.818070 -67.839624 -0.000011 -29.221434 -0.000003 5.898197 -13.966571 6.155450 2.466100 -1.576220 2.681682 34.633123 -11.154949 20.382239 10.317226 22.375524 -4.922742 2.647883 -1.528764 1.528759 -16.283839 5.393256 11.804527 1.998913 -1.154078 1.154080 -0.000003 -0.000003 0.000001 9.109294 -0.518012 2.259891 -2.909576 -5.343379 -19.893648 0.730460 2.834864 -28.894699 0.303374 1.862604 -18.501762 -0.000001 -0.000001 -0.000003 9.533396 0.000008 -0.000010 -0.724664 3.070716 -34.949856 0.579096 2.541651 -25.668138 0.407568 2.148889 -21.478351 0.000001 0.000000 -0.000001 9.104514 -0.042995 -1.865108 0.244378 4.333218 -32.106370 0.880801 3.091304 -31.802539 0.978993 3.244073 -33.579546 -0.000003 0.000000 -0.000001 8.077804 -0.486901 -3.806307 0.557548 4.785952 -28.297472 0.460897 2.279635 -22.858487 0.526838 2.430072 -24.463654 -0.000001 -0.000003 0.000000 -8.207801 -6.751716 -1.599519 -16.127284 -7.565109 3.227803 26.370100 2.238429 0.317214 -14.749332 0.586886 -4.965500 -8.080943 0.000010 0.000010 0.000001 0.000000 0.000000 8.207799 -6.751707 -1.599520 -34.281672 -0.963971 2.942293 55.851789 -3.279518 0.048550 -2.900302 0.145710 -4.018894 -7.573397 0.000031 -0.000004 -0.000001 0.000001 -0.000001 
-180.540848 100.572144 0.894567 11.577512 -65.786340 10.004001 0.000008 10.181551 0.131543 5.891045 7.379646 -0.294875 4.207033 4.750665 -0.407742 4.180449 4.776967 -0.387796 0.000001 16.740366 -2.049029 4.751500 5.601002 1.899789 -0.000027 9.617838 1.684980 -4.997784 35.156121 -7.368572 -0.000002 22.037369 7.501077 -0.000001 -0.000000 0.000001 -4.569994 11.014879 -2.160856 -2.707389 6.648525 9.770654 0.059549 31.373132 55.948996 0.000002 12.602169 0.000016 5.346803 -4.578970 -20.860115 -2.464806 -1.573949 2.681907 -0.184855 0.811014 0.379089 14.555157 -10.338189 -17.751404 -2.646266 -1.527810 1.527819 3.082443 6.845677 -24.355264 -1.994586 -1.151582 1.151594 0.000002 -0.000003 0.000001 -9.108315 -0.517872 2.259801 -1.953985 1.211413 24.349884 0.102774 -0.974068 12.047025 0.106950 -0.993362 12.289313 -0.000001 -0.000000 0.000001 -9.532526 0.000024 -0.000003 -0.068666 -3.360483 30.624540 0.243089 -1.486467 18.575051 0.087635 -0.900177 11.120835 -0.000001 0.000000 0.000001 -9.103592 -0.043077 -1.865102 2.118676 -6.841610 32.929189 0.379628 -1.843450 23.271892 0.273419 -1.573775 19.710425 -0.000000 -0.000000 0.000003 -8.076701 -0.486710 -3.806299 0.991103 -5.107808 35.939882 0.407274 -1.906395 24.116689 0.180034 -1.283656 15.966120 -0.000001 -0.000001 -0.000001 4.570409 11.014674 -2.160819 1.287955 2.046100 -7.556872 -1.901029 -19.818070 -67.839624 -0.000011 -29.221434 -0.000003 5.898197 -13.966571 6.155450 2.466100 -1.576220 2.681682 34.633123 -11.154949 20.382239 10.317226 22.375524 -4.922742 2.647883 -1.528764 1.528759 -16.283839 5.393256 11.804527 1.998913 -1.154078 1.154080 -0.000003 -0.000003 0.000001 9.109294 -0.518012 2.259891 -2.909576 -5.343379 -19.893648 0.730460 2.834864 -28.894699 0.303374 1.862604 -18.501762 -0.000001 -0.000001 -0.000003 9.533396 0.000008 -0.000010 -0.724664 3.070716 -34.949856 0.579096 2.541651 -25.668138 0.407568 2.148889 -21.478351 0.000001 0.000000 -0.000001 9.104514 -0.042995 -1.865108 0.244378 4.333218 -32.106370 0.880801 3.091304 -31.802539 0.978993 3.244073 -33.579546 -0.000003 0.000000 -0.000001 8.077804 -0.486901 -3.806307 0.557548 4.785952 -28.297472 0.460897 2.279635 -22.858487 0.526838 2.430072 -24.463654 -0.000001 -0.000003 0.000000 -8.207801 -6.751716 -1.599519 -16.127284 -7.565109 3.227803 26.370100 2.238429 0.317214 -14.749332 0.586886 -4.965500 -8.080943 0.000010 0.000010 0.000001 0.000000 0.000000 8.207799 -6.751707 -1.599520 -34.281672 -0.963971 2.942293 55.851789 -3.279518 0.048550 -2.900302 0.145710 -4.018894 -7.573397 0.000031 -0.000004 -0.000001 0.000001 -0.000001 
-180.540848 100.572144 0.894567 11.577512 -65.786340 10.004001 0.000008 10.181551 0.131543 5.891045 7.379646 -0.294875 4.207033 4.750665 -0.407742 4.180449 4.776967 -0.387796 0.000001 16.740366 -2.049029 4.751500 5.601002 1.899789 -0.000027 9.617838 1.684980 -4.997784 35.156121 -7.368572 -0.000002 22.037369 7.501077 -0.000001 -0.000000 0.000001 -4.569994 11.014879 -2.160856 -2.707389 6.648525 9.770654 0.059549 31.373132 55.948996 0.000002 12.602169 0.000016 5.346803 -4.578970 -20.860115 -2.464806 -1.573949 2.681907 -0.184855 0.811014 0.379089 14.555157 -10.338189 -17.751404 -2.646266 -1.527810 1.527819 3.082443 6.845677 -24.355264 -1.994586 -1.151582 1.151594 0.000002 -0.000003 0.000001 -9.108315 -0.517872 2.259801 -1.953985 1.211413 24.349884 0.102774 -0.974068 12.047025 0.106950 -0.993362 12.289313 -0.000001 -0.000000 0.000001 -9.532526 0.000024 -0.000003 -0.068666 -3.360483 30.624540 0.243089 -1.486467 18.575051 0.087635 -0.900177 11.120835 -0.000001 0.000000 0.000001 -9.103592 -0.043077 -1.865102 2.118676 -6.841610 32.929189 0.379628 -1.843450 23.271892 0.273419 -1.573775 19.710425 -0.000000 -0.000000 0.000003 -8.076701 -0.486710 -3.806299 0.991103 -5.107808 35.939882 0.407274 -1.906395 24.116689 0.180034 -1.283656 15.966120 -0.000001 -0.000001 -0.000001 4.570409 11.014674 -2.160819 1.287955 2.046100 -7.556872 -1.901029 -19.818070 -67.839624 -0.000011 -29.221434 -0.000003 5.898197 -13.966571 6.155450 2.466100 -1.576220 2.681682 34.633123 -11.154949 20.382239 10.317226 22.375524 -4.922742 2.647883 -1.528764 1.528759 -16.283839 5.393256 11.804527 1.998913 -1.154078 1.154080 -0.000003 -0.000003 0.000001 9.109294 -0.518012 2.259891 -2.909576 -5.343379 -19.893648 0.730460 2.834864 -28.894699 0.303374 1.862604 -18.501762 -0.000001 -0.000001 -0.000003 9.533396 0.000008 -0.000010 -0.724664 3.070716 -34.949856 0.579096 2.541651 -25.668138 0.407568 2.148889 -21.478351 0.000001 0.000000 -0.000001 9.104514 -0.042995 -1.865108 0.244378 4.333218 -32.106370 0.880801 3.091304 -31.802539 0.978993 3.244073 -33.579546 -0.000003 0.000000 -0.000001 8.077804 -0.486901 -3.806307 0.557548 4.785952 -28.297472 0.460897 2.279635 -22.858487 0.526838 2.430072 -24.463654 -0.000001 -0.000003 0.000000 -8.207801 -6.751716 -1.599519 -16.127284 -7.565109 3.227803 26.370100 2.238429 0.317214 -14.749332 0.586886 -4.965500 -8.080943 0.000010 0.000010 0.000001 0.000000 0.000000 8.207799 -6.751707 -1.599520 -34.281672 -0.963971 2.942293 55.851789 -3.279518 0.048550 -2.900302 0.145710 -4.018894 -7.573397 0.000031 -0.000004 -0.000001 0.000001 -0.000001 
-180.540848 100.572144 0.894567 11.577512 -65.786340 10.004001 0.000008 10.181551 0.131543 5.891045 7.379646 -0.294875 4.207033 4.750665 -0.407742 4.180449 4.776967 -0.387796 0.000001 16.740366 -2.049029 4.751500 5.601002 1.899789 -0.000027 9.617838 1.684980 -4.997784 35.156121 -7.368572 -0.000002 22.037369 7.501077 -0.000001 -0.000000 0.000001 -4.569994 11.014879 -2.160856 -2.707389 6.648525 9.770654 0.059549 31.373132 55.948996 0.000002 12.602169 0.000016 5.346803 -4.578970 -20.860115 -2.464806 -1.573949 2.681907 -0.184855 0.811014 0.379089 14.555157 -10.338189 -17.751404 -2.646266 -1.527810 1.527819 3.082443 6.845677 -24.355264 -1.994586 -1.151582 1.151594 0.000002 -0.000003 0.000001 -9.108315 -0.517872 2.259801 -1.953985 1.211413 24.349884 0.102774 -0.974068 12.047025 0.106950 -0.993362 12.289313 -0.000001 -0.000000 0.000001 -9.532526 0.000024 -0.000003 -0.068666 -3.360483 30.624540 0.243089 -1.486467 18.575051 0.087635 -0.900177 11.120835 -0.000001 0.000000 0.000001 -9.103592 -0.043077 -1.865102 2.118676 -6.841610 32.929189 0.379628 -1.843450 23.271892 0.273419 -1.573775 19.710425 -0.000000 -0.000000 0.000003 -8.076701 -0.486710 -3.806299 0.991103 -5.107808 35.939882 0.407274 -1.906395 24.116689 0.180034 -1.283656 15.966120 -0.000001 -0.000001 -0.000001 4.570409 11.014674 -2.160819 1.287955 2.046100 -7.556872 -1.901029 -19.818070 -67.839624 -0.000011 -29.221434 -0.000003 5.898197 -13.966571 6.155450 2.466100 -1.576220 2.681682 34.633123 -11.154949 20.382239 10.317226 22.375524 -4.922742 2.647883 -1.528764 1.528759 -16.283839 5.393256 11.804527 1.998913 -1.154078 1.154080 -0.000003 -0.000003 0.000001 9.109294 -0.518012 2.259891 -2.909576 -5.343379 -19.893648 0.730460 2.834864 -28.894699 0.303374 1.862604 -18.501762 -0.000001 -0.000001 -0.000003 9.533396 0.000008 -0.000010 -0.724664 3.070716 -34.949856 0.579096 2.541651 -25.668138 0.407568 2.148889 -21.478351 0.000001 0.000000 -0.000001 9.104514 -0.042995 -1.865108 0.244378 4.333218 -32.106370 0.880801 3.091304 -31.802539 0.978993 3.244073 -33.579546 -0.000003 0.000000 -0.000001 8.077804 -0.486901 -3.806307 0.557548 4.785952 -28.297472 0.460897 2.279635 -22.858487 0.526838 2.430072 -24.463654 -0.000001 -0.000003 0.000000 -8.207801 -6.751716 -1.599519 -16.127284 -7.565109 3.227803 26.370100 2.238429 0.317214 -14.749332 0.586886 -4.965500 -8.080943 0.000010 0.000010 0.000001 0.000000 0.000000 8.207799 -6.751707 -1.599520 -34.281672 -0.963971 2.942293 55.851789 -3.279518 0.048550 -2.900302 0.145710 -4.018894 -7.573397 0.000031 -0.000004 -0.000001 0.000001 -0.000001 
-180.540848 100.572144 0.894567 11.577512 -65.786340 10.004001 0.000008 10.181551 0.131543 5.891045 7.379646 -0.294875 4.207033 4.750665 -0.407742 4.180449 4.776967 -0.387796 0.000001 16.740366 -2.049029 4.751500 5.601002 1.899789 -0.000027 9.617838 1.684980 -4.997784 35.156121 -7.368572 -0.000002 22.037369 7.501077 -0.000001 -0.000000 0.000001 -4.569994 11.014879 -2.160856 -2.707389 6.648525 9.770654 0.059549 31.373132 55.948996 0.000002 12.602169 0.000016 5.346803 -4.578970 -20.860115 -2.464806 -1.573949 2.681907 -0.184855 0.811014 0.379089 14.555157 -10.338189 -17.751404 -2.646266 -1.527810 1.527819 3.082443 6.845677 -24.355264 -1.994586 -1.151582 1.151594 0.000002 -0.000003 0.000001 -9.108315 -0.517872 2.259801 -1.953985 1.211413 24.349884 0.102774 -0.974068 12.047025 0.106950 -0.993362 12.289313 -0.000001 -0.000000 0.000001 -9.532526 0.000024 -0.000003 -0.068666 -3.360483 30.624540 0.243089 -1.486467 18.575051 0.087635 -0.900177 11.120835 -0.000001 0.000000 0.000001 -9.103592 -0.043077 -1.865102 2.118676 -6.841610 32.929189 0.379628 -1.843450 23.271892 0.273419 -1.573775 19.710425 -0.000000 -0.000000 0.000003 -8.076701 -0.486710 -3.806299 0.991103 -5.107808 35.939882 0.407274 -1.906395 24.116689 0.180034 -1.283656 15.966120 -0.000001 -0.000001 -0.000001 4.570409 11.014674 -2.160819 1.287955 2.046100 -7.556872 -1.901029 -19.818070 -67.839624 -0.000011 -29.221434 -0.000003 5.898197 -13.966571 6.155450 2.466100 -1.576220 2.681682 34.633123 -11.154949 20.382239 10.317226 22.375524 -4.922742 2.647883 -1.528764 1.528759 -16.283839 5.393256 11.804527 1.998913 -1.154078 1.154080 -0.000003 -0.000003 0.000001 9.109294 -0.518012 2.259891 -2.909576 -5.343379 -19.893648 0.730460 2.834864 -28.894699 0.303374 1.862604 -18.501762 -0.000001 -0.000001 -0.000003 9.533396 0.000008 -0.000010 -0.724664 3.070716 -34.949856 0.579096 2.541651 -25.668138 0.407568 2.148889 -21.478351 0.000001 0.000000 -0.000001 9.104514 -0.042995 -1.865108 0.244378 4.333218 -32.106370 0.880801 3.091304 -31.802539 0.978993 3.244073 -33.579546 -0.000003 0.000000 -0.000001 8.077804 -0.486901 -3.806307 0.557548 4.785952 -28.297472 0.460897 2.279635 -22.858487 0.526838 2.430072 -24.463654 -0.000001 -0.000003 0.000000 -8.207801 -6.751716 -1.599519 -16.127284 -7.565109 3.227803 26.370100 2.238429 0.317214 -14.749332 0.586886 -4.965500 -8.080943 0.000010 0.000010 0.000001 0.000000 0.000000 8.207799 -6.751707 -1.599520 -34.281672 -0.963971 2.942293 55.851789 -3.279518 0.048550 -2.900302 0.145710 -4.018894 -7.573397 0.000031 -0.000004 -0.000001 0.000001 -0.000001 
-180.540848 100.572144 0.894567 11.577512 -65.786340 10.004001 0.000008 10.181551 0.131543 5.891045 7.379646 -0.294875 4.207033 4.750665 -0.407742 4.180449 4.776967 -0.387796 0.000001 16.740366 -2.049029 4.751500 5.601002 1.899789 -0.000027 9.617838 1.684980 -4.997784 35.156121 -7.368572 -0.000002 22.037369 7.501077 -0.000001 -0.000000 0.000001 -4.569994 11.014879 -2.160856 -2.707389 6.648525 9.770654 0.059549 31.373132 55.948996 0.000002 12.602169 0.000016 5.346803 -4.578970 -20.860115 -2.464806 -1.573949 2.681907 -0.184855 0.811014 0.379089 14.555157 -10.338189 -17.751404 -2.646266 -1.527810 1.527819 3.082443 6.845677 -24.355264 -1.994586 -1.151582 1.151594 0.000002 -0.000003 0.000001 -9.108315 -0.517872 2.259801 -1.953985 1.211413 24.349884 0.102774 -0.974068 12.047025 0.106950 -0.993362 12.289313 -0.000001 -0.000000 0.000001 -9.532526 0.000024 -0.000003 -0.068666 -3.360483 30.624540 0.243089 -1.486467 18.575051 0.087635 -0.900177 11.120835 -0.000001 0.000000 0.000001 -9.103592 -0.043077 -1.865102 2.118676 -6.841610 32.929189 0.379628 -1.843450 23.271892 0.273419 -1.573775 19.710425 -0.000000 -0.000000 0.000003 -8.076701 -0.486710 -3.806299 0.991103 -5.107808 35.939882 0.407274 -1.906395 24.116689 0.180034 -1.283656 15.966120 -0.000001 -0.000001 -0.000001 4.570409 11.014674 -2.160819 1.287955 2.046100 -7.556872 -1.901029 -19.818070 -67.839624 -0.000011 -29.221434 -0.000003 5.898197 -13.966571 6.155450 2.466100 -1.576220 2.681682 34.633123 -11.154949 20.382239 10.317226 22.375524 -4.922742 2.647883 -1.528764 1.528759 -16.283839 5.393256 11.804527 1.998913 -1.154078 1.154080 -0.000003 -0.000003 0.000001 9.109294 -0.518012 2.259891 -2.909576 -5.343379 -19.893648 0.730460 2.834864 -28.894699 0.303374 1.862604 -18.501762 -0.000001 -0.000001 -0.000003 9.533396 0.000008 -0.000010 -0.724664 3.070716 -34.949856 0.579096 2.541651 -25.668138 0.407568 2.148889 -21.478351 0.000001 0.000000 -0.000001 9.104514 -0.042995 -1.865108 0.244378 4.333218 -32.106370 0.880801 3.091304 -31.802539 0.978993 3.244073 -33.579546 -0.000003 0.000000 -0.000001 8.077804 -0.486901 -3.806307 0.557548 4.785952 -28.297472 0.460897 2.279635 -22.858487 0.526838 2.430072 -24.463654 -0.000001 -0.000003 0.000000 -8.207801 -6.751716 -1.599519 -16.127284 -7.565109 3.227803 26.370100 2.238429 0.317214 -14.749332 0.586886 -4.965500 -8.080943 0.000010 0.000010 0.000001 0.000000 0.000000 8.207799 -6.751707 -1.599520 -34.281672 -0.963971 2.942293 55.851789 -3.279518 0.048550 -2.900302 0.145710 -4.018894 -7.573397 0.000031 -0.000004 -0.000001 0.000001 -0.000001 
-180.540848 100.572144 0.894567 11.577512 -65.786340 10.004001 0.000008 10.181551 0.131543 5.891045 7.379646 -0.294875 4.207033 4.750665 -0.407742 4.180449 4.776967 -0.387796 0.000001 16.740366 -2.049029 4.751500 5.601002 1.899789 -0.000027 9.617838 1.684980 -4.997784 35.156121 -7.368572 -0.000002 22.037369 7.501077 -0.000001 -0.000000 0.000001 -4.569994 11.014879 -2.160856 -2.707389 6.648525 9.770654 0.059549 31.373132 55.948996 0.000002 12.602169 0.000016 5.346803 -4.578970 -20.860115 -2.464806 -1.573949 2.681907 -0.184855 0.811014 0.379089 14.555157 -10.338189 -17.751404 -2.646266 -1.527810 1.527819 3.082443 6.845677 -24.355264 -1.994586 -1.151582 1.151594 0.000002 -0.000003 0.000001 -9.108315 -0.517872 2.259801 -1.953985 1.211413 24.349884 0.102774 -0.974068 12.047025 0.106950 -0.993362 12.289313 -0.000001 -0.000000 0.000001 -9.532526 0.000024 -0.000003 -0.068666 -3.360483 30.624540 0.243089 -1.486467 18.575051 0.087635 -0.900177 11.120835 -0.000001 0.000000 0.000001 -9.103592 -0.043077 -1.865102 2.118676 -6.841610 32.929189 0.379628 -1.843450 23.271892 0.273419 -1.573775 19.710425 -0.000000 -0.000000 0.000003 -8.076701 -0.486710 -3.806299 0.991103 -5.107808 35.939882 0.407274 -1.906395 24.116689 0.180034 -1.283656 15.966120 -0.000001 -0.000001 -0.000001 4.570409 11.014674 -2.160819 1.287955 2.046100 -7.556872 -1.901029 -19.818070 -67.839624 -0.000011 -29.221434 -0.000003 5.898197 -13.966571 6.155450 2.466100 -1.576220 2.681682 34.633123 -11.154949 20.382239 10.317226 22.375524 -4.922742 2.647883 -1.528764 1.528759 -16.283839 5.393256 11.804527 1.998913 -1.154078 1.154080 -0.000003 -0.000003 0.000001 9.109294 -0.518012 2.259891 -2.909576 -5.343379 -19.893648 0.730460 2.834864 -28.894699 0.303374 1.862604 -18.501762 -0.000001 -0.000001 -0.000003 9.533396 0.000008 -0.000010 -0.724664 3.070716 -34.949856 0.579096 2.541651 -25.668138 0.407568 2.148889 -21.478351 0.000001 0.000000 -0.000001 9.104514 -0.042995 -1.865108 0.244378 4.333218 -32.106370 0.880801 3.091304 -31.802539 0.978993 3.244073 -33.579546 -0.000003 0.000000 -0.000001 8.077804 -0.486901 -3.806307 0.557548 4.785952 -28.297472 0.460897 2.279635 -22.858487 0.526838 2.430072 -24.463654 -0.000001 -0.000003 0.000000 -8.207801 -6.751716 -1.599519 -16.127284 -7.565109 3.227803 26.370100 2.238429 0.317214 -14.749332 0.586886 -4.965500 -8.080943 0.000010 0.000010 0.000001 0.000000 0.000000 8.207799 -6.751707 -1.599520 -34.281672 -0.963971 2.942293 55.851789 -3.279518 0.048550 -2.900302 0.145710 -4.018894 -7.573397 0.000031 -0.000004 -0.000001 0.000001 -0.000001 
-180.540848 100.572144 0.894567 11.577512 -65.786340 10.004001 0.000008 10.181551 0.131543 5.891045 7.379646 -0.294875 4.207033 4.750665 -0.407742 4.180449 4.776967 -0.387796 0.000001 16.740366 -2.049029 4.751500 5.601002 1.899789 -0.000027 9.617838 1.684980 -4.997784 35.156121 -7.368572 -0.000002 22.037369 7.501077 -0.000001 -0.000000 0.000001 -4.569994 11.014879 -2.160856 -2.707389 6.648525 9.770654 0.059549 31.373132 55.948996 0.000002 12.602169 0.000016 5.346803 -4.578970 -20.860115 -2.464806 -1.573949 2.681907 -0.184855 0.811014 0.379089 14.555157 -10.338189 -17.751404 -2.646266 -1.527810 1.527819 3.082443 6.845677 -24.355264 -1.994586 -1.151582 1.151594 0.000002 -0.000003 0.000001 -9.108315 -0.517872 2.259801 -1.953985 1.211413 24.349884 0.102774 -0.974068 12.047025 0.106950 -0.993362 12.289313 -0.000001 -0.000000 0.000001 -9.532526 0.000024 -0.000003 -0.068666 -3.360483 30.624540 0.243089 -1.486467 18.575051 0.087635 -0.900177 11.120835 -0.000001 0.000000 0.000001 -9.103592 -0.043077 -1.865102 2.118676 -6.841610 32.929189 0.379628 -1.843450 23.271892 0.273419 -1.573775 19.710425 -0.000000 -0.000000 0.000003 -8.076701 -0.486710 -3.806299 0.991103 -5.107808 35.939882 0.407274 -1.906395 24.116689 0.180034 -1.283656 15.966120 -0.000001 -0.000001 -0.000001 4.570409 11.014674 -2.160819 1.287955 2.046100 -7.556872 -1.901029 -19.818070 -67.839624 -0.000011 -29.221434 -0.000003 5.898197 -13.966571 6.155450 2.466100 -1.576220 2.681682 34.633123 -11.154949 20.382239 10.317226 22.375524 -4.922742 2.647883 -1.528764 1.528759 -16.283839 5.393256 11.804527 1.998913 -1.154078 1.154080 -0.000003 -0.000003 0.000001 9.109294 -0.518012 2.259891 -2.909576 -5.343379 -19.893648 0.730460 2.834864 -28.894699 0.303374 1.862604 -18.501762 -0.000001 -0.000001 -0.000003 9.533396 0.000008 -0.000010 -0.724664 3.070716 -34.949856 0.579096 2.541651 -25.668138 0.407568 2.148889 -21.478351 0.000001 0.000000 -0.000001 9.104514 -0.042995 -1.865108 0.244378 4.333218 -32.106370 0.880801 3.091304 -31.802539 0.978993 3.244073 -33.579546 -0.000003 0.000000 -0.000001 8.077804 -0.486901 -3.806307 0.557548 4.785952 -28.297472 0.460897 2.279635 -22.858487 0.526838 2.430072 -24.463654 -0.000001 -0.000003 0.000000 -8.207801 -6.751716 -1.599519 -16.127284 -7.565109 3.227803 26.370100 2.238429 0.317214 -14.749332 0.586886 -4.965500 -8.080943 0.000010 0.000010 0.000001 0.000000 0.000000 8.207799 -6.751707 -1.599520 -34.281672 -0.963971 2.942293 55.851789 -3.279518 0.048550 -2.900302 0.145710 -4.018894 -7.573397 0.000031 -0.000004 -0.000001 0.000001 -0.000001 
-180.540848 100.572144 0.894567 11.577512 -65.786340 10.004001 0.000008 10.181551 0.131543 5.891045 7.379646 -0.294875 4.207033 4.750665 -0.407742 4.180449 4.776967 -0.387796 0.000001 16.740366 -2.049029 4.751500 5.601002 1.899789 -0.000027 9.617838 1.684980 -4.997784 35.156121 -7.368572 -0.000002 22.037369 7.501077 -0.000001 -0.000000 0.000001 -4.569994 11.014879 -2.160856 -2.707389 6.648525 9.770654 0.059549 31.373132 55.948996 0.000002 12.602169 0.000016 5.346803 -4.578970 -20.860115 -2.464806 -1.573949 2.681907 -0.184855 0.811014 0.379089 14.555157 -10.338189 -17.751404 -2.646266 -1.527810 1.527819 3.082443 6.845677 -24.355264 -1.994586 -1.151582 1.151594 0.000002 -0.000003 0.000001 -9.108315 -0.517872 2.259801 -1.953985 1.211413 24.349884 0.102774 -0.974068 12.047025 0.106950 -0.993362 12.289313 -0.000001 -0.000000 0.000001 -9.532526 0.000024 -0.000003 -0.068666 -3.360483 30.624540 0.243089 -1.486467 18.575051 0.087635 -0.900177 11.120835 -0.000001 0.000000 0.000001 -9.103592 -0.043077 -1.865102 2.118676 -6.841610 32.929189 0.379628 -1.843450 23.271892 0.273419 -1.573775 19.710425 -0.000000 -0.000000 0.000003 -8.076701 -0.486710 -3.806299 0.991103 -5.107808 35.939882 0.407274 -1.906395 24.116689 0.180034 -1.283656 15.966120 -0.000001 -0.000001 -0.000001 4.570409 11.014674 -2.160819 1.287955 2.046100 -7.556872 -1.901029 -19.818070 -67.839624 -0.000011 -29.221434 -0.000003 5.898197 -13.966571 6.155450 2.466100 -1.576220 2.681682 34.633123 -11.154949 20.382239 10.317226 22.375524 -4.922742 2.647883 -1.528764 1.528759 -16.283839 5.393256 11.804527 1.998913 -1.154078 1.154080 -0.000003 -0.000003 0.000001 9.109294 -0.518012 2.259891 -2.909576 -5.343379 -19.893648 0.730460 2.834864 -28.894699 0.303374 1.862604 -18.501762 -0.000001 -0.000001 -0.000003 9.533396 0.000008 -0.000010 -0.724664 3.070716 -34.949856 0.579096 2.541651 -25.668138 0.407568 2.148889 -21.478351 0.000001 0.000000 -0.000001 9.104514 -0.042995 -1.865108 0.244378 4.333218 -32.106370 0.880801 3.091304 -31.802539 0.978993 3.244073 -33.579546 -0.000003 0.000000 -0.000001 8.077804 -0.486901 -3.806307 0.557548 4.785952 -28.297472 0.460897 2.279635 -22.858487 0.526838 2.430072 -24.463654 -0.000001 -0.000003 0.000000 -8.207801 -6.751716 -1.599519 -16.127284 -7.565109 3.227803 26.370100 2.238429 0.317214 -14.749332 0.586886 -4.965500 -8.080943 0.000010 0.000010 0.000001 0.000000 0.000000 8.207799 -6.751707 -1.599520 -34.281672 -0.963971 2.942293 55.851789 -3.279518 0.048550 -2.900302 0.145710 -4.018894 -7.573397 0.000031 -0.000004 -0.000001 0.000001 -0.000001 
-180.540848 100.572144 0.894567 11.577512 -65.786340 10.004001 0.000008 10.181551 0.131543 5.891045 7.379646 -0.294875 4.207033 4.750665 -0.407742 4.180449 4.776967 -0.387796 0.000001 16.740366 -2.049029 4.751500 5.601002 1.899789 -0.000027 9.617838 1.684980 -4.997784 35.156121 -7.368572 -0.000002 22.037369 7.501077 -0.000001 -0.000000 0.000001 -4.569994 11.014879 -2.160856 -2.707389 6.648525 9.770654 0.059549 31.373132 55.948996 0.000002 12.602169 0.000016 5.346803 -4.578970 -20.860115 -2.464806 -1.573949 2.681907 -0.184855 0.811014 0.379089 14.555157 -10.338189 -17.751404 -2.646266 -1.527810 1.527819 3.082443 6.845677 -24.355264 -1.994586 -1.151582 1.151594 0.000002 -0.000003 0.000001 -9.108315 -0.517872 2.259801 -1.953985 1.211413 24.349884 0.102774 -0.974068 12.047025 0.106950 -0.993362 12.289313 -0.000001 -0.000000 0.000001 -9.532526 0.000024 -0.000003 -0.068666 -3.360483 30.624540 0.243089 -1.486467 18.575051 0.087635 -0.900177 11.120835 -0.000001 0.000000 0.000001 -9.103592 -0.043077 -1.865102 2.118676 -6.841610 32.929189 0.379628 -1.843450 23.271892 0.273419 -1.573775 19.710425 -0.000000 -0.000000 0.000003 -8.076701 -0.486710 -3.806299 0.991103 -5.107808 35.939882 0.407274 -1.906395 24.116689 0.180034 -1.283656 15.966120 -0.000001 -0.000001 -0.000001 4.570409 11.014674 -2.160819 1.287955 2.046100 -7.556872 -1.901029 -19.818070 -67.839624 -0.000011 -29.221434 -0.000003 5.898197 -13.966571 6.155450 2.466100 -1.576220 2.681682 34.633123 -11.154949 20.382239 10.317226 22.375524 -4.922742 2.647883 -1.528764 1.528759 -16.283839 5.393256 11.804527 1.998913 -1.154078 1.154080 -0.000003 -0.000003 0.000001 9.109294 -0.518012 2.259891 -2.909576 -5.343379 -19.893648 0.730460 2.834864 -28.894699 0.303374 1.862604 -18.501762 -0.000001 -0.000001 -0.000003 9.533396 0.000008 -0.000010 -0.724664 3.070716 -34.949856 0.579096 2.541651 -25.668138 0.407568 2.148889 -21.478351 0.000001 0.000000 -0.000001 9.104514 -0.042995 -1.865108 0.244378 4.333218 -32.106370 0.880801 3.091304 -31.802539 0.978993 3.244073 -33.579546 -0.000003 0.000000 -0.000001 8.077804 -0.486901 -3.806307 0.557548 4.785952 -28.297472 0.460897 2.279635 -22.858487 0.526838 2.430072 -24.463654 -0.000001 -0.000003 0.000000 -8.207801 -6.751716 -1.599519 -16.127284 -7.565109 3.227803 26.370100 2.238429 0.317214 -14.749332 0.586886 -4.965500 -8.080943 0.000010 0.000010 0.000001 0.000000 0.000000 8.207799 -6.751707 -1.599520 -34.281672 -0.963971 2.942293 55.851789 -3.279518 0.048550 -2.900302 0.145710 -4.018894 -7.573397 0.000031 -0.000004 -0.000001 0.000001 -0.000001 
-180.540848 100.572144 0.894567 11.577512 -65.786340 10.004001 0.000008 10.181551 0.131543 5.891045 7.379646 -0.294875 4.207033 4.750665 -0.407742 4.180449 4.776967 -0.387796 0.000001 16.740366 -2.049029 4.751500 5.601002 1.899789 -0.000027 9.617838 1.684980 -4.997784 35.156121 -7.368572 -0.000002 22.037369 7.501077 -0.000001 -0.000000 0.000001 -4.569994 11.014879 -2.160856 -2.707389 6.648525 9.770654 0.059549 31.373132 55.948996 0.000002 12.602169 0.000016 5.346803 -4.578970 -20.860115 -2.464806 -1.573949 2.681907 -0.184855 0.811014 0.379089 14.555157 -10.338189 -17.751404 -2.646266 -1.527810 1.527819 3.082443 6.845677 -24.355264 -1.994586 -1.151582 1.151594 0.000002 -0.000003 0.000001 -9.108315 -0.517872 2.259801 -1.953985 1.211413 24.349884 0.102774 -0.974068 12.047025 0.106950 -0.993362 12.289313 -0.000001 -0.000000 0.000001 -9.532526 0.000024 -0.000003 -0.068666 -3.360483 30.624540 0.243089 -1.486467 18.575051 0.087635 -0.900177 11.120835 -0.000001 0.000000 0.000001 -9.103592 -0.043077 -1.865102 2.118676 -6.841610 32.929189 0.379628 -1.843450 23.271892 0.273419 -1.573775 19.710425 -0.000000 -0.000000 0.000003 -8.076701 -0.486710 -3.806299 0.991103 -5.107808 35.939882 0.407274 -1.906395 24.116689 0.180034 -1.283656 15.966120 -0.000001 -0.000001 -0.000001 4.570409 11.014674 -2.160819 1.287955 2.046100 -7.556872 -1.901029 -19.818070 -67.839624 -0.000011 -29.221434 -0.000003 5.898197 -13.966571 6.155450 2.466100 -1.576220 2.681682 34.633123 -11.154949 20.382239 10.317226 22.375524 -4.922742 2.647883 -1.528764 1.528759 -16.283839 5.393256 11.804527 1.998913 -1.154078 1.154080 -0.000003 -0.000003 0.000001 9.109294 -0.518012 2.259891 -2.909576 -5.343379 -19.893648 0.730460 2.834864 -28.894699 0.303374 1.862604 -18.501762 -0.000001 -0.000001 -0.000003 9.533396 0.000008 -0.000010 -0.724664 3.070716 -34.949856 0.579096 2.541651 -25.668138 0.407568 2.148889 -21.478351 0.000001 0.000000 -0.000001 9.104514 -0.042995 -1.865108 0.244378 4.333218 -32.106370 0.880801 3.091304 -31.802539 0.978993 3.244073 -33.579546 -0.000003 0.000000 -0.000001 8.077804 -0.486901 -3.806307 0.557548 4.785952 -28.297472 0.460897 2.279635 -22.858487 0.526838 2.430072 -24.463654 -0.000001 -0.000003 0.000000 -8.207801 -6.751716 -1.599519 -16.127284 -7.565109 3.227803 26.370100 2.238429 0.317214 -14.749332 0.586886 -4.965500 -8.080943 0.000010 0.000010 0.000001 0.000000 0.000000 8.207799 -6.751707 -1.599520 -34.281672 -0.963971 2.942293 55.851789 -3.279518 0.048550 -2.900302 0.145710 -4.018894 -7.573397 0.000031 -0.000004 -0.000001 0.000001 -0.000001 
-180.540848 100.572144 0.894567 11.577512 -65.786340 10.004001 0.000008 10.181551 0.131543 5.891045 7.379646 -0.294875 4.207033 4.750665 -0.407742 4.180449 4.776967 -0.387796 0.000001 16.740366 -2.049029 4.751500 5.601002 1.899789 -0.000027 9.617838 1.684980 -4.997784 35.156121 -7.368572 -0.000002 22.037369 7.501077 -0.000001 -0.000000 0.000001 -4.569994 11.014879 -2.160856 -2.707389 6.648525 9.770654 0.059549 31.373132 55.948996 0.000002 12.602169 0.000016 5.346803 -4.578970 -20.860115 -2.464806 -1.573949 2.681907 -0.184855 0.811014 0.379089 14.555157 -10.338189 -17.751404 -2.646266 -1.527810 1.527819 3.082443 6.845677 -24.355264 -1.994586 -1.151582 1.151594 0.000002 -0.000003 0.000001 -9.108315 -0.517872 2.259801 -1.953985 1.211413 24.349884 0.102774 -0.974068 12.047025 0.106950 -0.993362 12.289313 -0.000001 -0.000000 0.000001 -9.532526 0.000024 -0.000003 -0.068666 -3.360483 30.624540 0.243089 -1.486467 18.575051 0.087635 -0.900177 11.120835 -0.000001 0.000000 0.000001 -9.103592 -0.043077 -1.865102 2.118676 -6.841610 32.929189 0.379628 -1.843450 23.271892 0.273419 -1.573775 19.710425 -0.000000 -0.000000 0.000003 -8.076701 -0.486710 -3.806299 0.991103 -5.107808 35.939882 0.407274 -1.906395 24.116689 0.180034 -1.283656 15.966120 -0.000001 -0.000001 -0.000001 4.570409 11.014674 -2.160819 1.287955 2.046100 -7.556872 -1.901029 -19.818070 -67.839624 -0.000011 -29.221434 -0.000003 5.898197 -13.966571 6.155450 2.466100 -1.576220 2.681682 34.633123 -11.154949 20.382239 10.317226 22.375524 -4.922742 2.647883 -1.528764 1.528759 -16.283839 5.393256 11.804527 1.998913 -1.154078 1.154080 -0.000003 -0.000003 0.000001 9.109294 -0.518012 2.259891 -2.909576 -5.343379 -19.893648 0.730460 2.834864 -28.894699 0.303374 1.862604 -18.501762 -0.000001 -0.000001 -0.000003 9.533396 0.000008 -0.000010 -0.724664 3.070716 -34.949856 0.579096 2.541651 -25.668138 0.407568 2.148889 -21.478351 0.000001 0.000000 -0.000001 9.104514 -0.042995 -1.865108 0.244378 4.333218 -32.106370 0.880801 3.091304 -31.802539 0.978993 3.244073 -33.579546 -0.000003 0.000000 -0.000001 8.077804 -0.486901 -3.806307 0.557548 4.785952 -28.297472 0.460897 2.279635 -22.858487 0.526838 2.430072 -24.463654 -0.000001 -0.000003 0.000000 -8.207801 -6.751716 -1.599519 -16.127284 -7.565109 3.227803 26.370100 2.238429 0.317214 -14.749332 0.586886 -4.965500 -8.080943 0.000010 0.000010 0.000001 0.000000 0.000000 8.207799 -6.751707 -1.599520 -34.281672 -0.963971 2.942293 55.851789 -3.279518 0.048550 -2.900302 0.145710 -4.018894 -7.573397 0.000031 -0.000004 -0.000001 0.000001 -0.000001 
-180.540848 100.572144 0.894567 11.577512 -65.786340 10.004001 0.000008 10.181551 0.131543 5.891045 7.379646 -0.294875 4.207033 4.750665 -0.407742 4.180449 4.776967 -0.387796 0.000001 16.740366 -2.049029 4.751500 5.601002 1.899789 -0.000027 9.617838 1.684980 -4.997784 35.156121 -7.368572 -0.000002 22.037369 7.501077 -0.000001 -0.000000 0.000001 -4.569994 11.014879 -2.160856 -2.707389 6.648525 9.770654 0.059549 31.373132 55.948996 0.000002 12.602169 0.000016 5.346803 -4.578970 -20.860115 -2.464806 -1.573949 2.681907 -0.184855 0.811014 0.379089 14.555157 -10.338189 -17.751404 -2.646266 -1.527810 1.527819 3.082443 6.845677 -24.355264 -1.994586 -1.151582 1.151594 0.000002 -0.000003 0.000001 -9.108315 -0.517872 2.259801 -1.953985 1.211413 24.349884 0.102774 -0.974068 12.047025 0.106950 -0.993362 12.289313 -0.000001 -0.000000 0.000001 -9.532526 0.000024 -0.000003 -0.068666 -3.360483 30.624540 0.243089 -1.486467 18.575051 0.087635 -0.900177 11.120835 -0.000001 0.000000 0.000001 -9.103592 -0.043077 -1.865102 2.118676 -6.841610 32.929189 0.379628 -1.843450 23.271892 0.273419 -1.573775 19.710425 -0.000000 -0.000000 0.000003 -8.076701 -0.486710 -3.806299 0.991103 -5.107808 35.939882 0.407274 -1.906395 24.116689 0.180034 -1.283656 15.966120 -0.000001 -0.000001 -0.000001 4.570409 11.014674 -2.160819 1.287955 2.046100 -7.556872 -1.901029 -19.818070 -67.839624 -0.000011 -29.221434 -0.000003 5.898197 -13.966571 6.155450 2.466100 -1.576220 2.681682 34.633123 -11.154949 20.382239 10.317226 22.375524 -4.922742 2.647883 -1.528764 1.528759 -16.283839 5.393256 11.804527 1.998913 -1.154078 1.154080 -0.000003 -0.000003 0.000001 9.109294 -0.518012 2.259891 -2.909576 -5.343379 -19.893648 0.730460 2.834864 -28.894699 0.303374 1.862604 -18.501762 -0.000001 -0.000001 -0.000003 9.533396 0.000008 -0.000010 -0.724664 3.070716 -34.949856 0.579096 2.541651 -25.668138 0.407568 2.148889 -21.478351 0.000001 0.000000 -0.000001 9.104514 -0.042995 -1.865108 0.244378 4.333218 -32.106370 0.880801 3.091304 -31.802539 0.978993 3.244073 -33.579546 -0.000003 0.000000 -0.000001 8.077804 -0.486901 -3.806307 0.557548 4.785952 -28.297472 0.460897 2.279635 -22.858487 0.526838 2.430072 -24.463654 -0.000001 -0.000003 0.000000 -8.207801 -6.751716 -1.599519 -16.127284 -7.565109 3.227803 26.370100 2.238429 0.317214 -14.749332 0.586886 -4.965500 -8.080943 0.000010 0.000010 0.000001 0.000000 0.000000 8.207799 -6.751707 -1.599520 -34.281672 -0.963971 2.942293 55.851789 -3.279518 0.048550 -2.900302 0.145710 -4.018894 -7.573397 0.000031 -0.000004 -0.000001 0.000001 -0.000001 
-180.540848 100.572144 0.894567 11.577512 -65.786340 10.004001 0.000008 10.181551 0.131543 5.891045 7.379646 -0.294875 4.207033 4.750665 -0.407742 4.180449 4.776967 -0.387796 0.000001 16.740366 -2.049029 4.751500 5.601002 1.899789 -0.000027 9.617838 1.684980 -4.997784 35.156121 -7.368572 -0.000002 22.037369 7.501077 -0.000001 -0.000000 0.000001 -4.569994 11.014879 -2.160856 -2.707389 6.648525 9.770654 0.059549 31.373132 55.948996 0.000002 12.602169 0.000016 5.346803 -4.578970 -20.860115 -2.464806 -1.573949 2.681907 -0.184855 0.811014 0.379089 14.555157 -10.338189 -17.751404 -2.646266 -1.527810 1.527819 3.082443 6.845677 -24.355264 -1.994586 -1.151582 1.151594 0.000002 -0.000003 0.000001 -9.108315 -0.517872 2.259801 -1.953985 1.211413 24.349884 0.102774 -0.974068 12.047025 0.106950 -0.993362 12.289313 -0.000001 -0.000000 0.000001 -9.532526 0.000024 -0.000003 -0.068666 -3.360483 30.624540 0.243089 -1.486467 18.575051 0.087635 -0.900177 11.120835 -0.000001 0.000000 0.000001 -9.103592 -0.043077 -1.865102 2.118676 -6.841610 32.929189 0.379628 -1.843450 23.271892 0.273419 -1.573775 19.710425 -0.000000 -0.000000 0.000003 -8.076701 -0.486710 -3.806299 0.991103 -5.107808 35.939882 0.407274 -1.906395 24.116689 0.180034 -1.283656 15.966120 -0.000001 -0.000001 -0.000001 4.570409 11.014674 -2.160819 1.287955 2.046100 -7.556872 -1.901029 -19.818070 -67.839624 -0.000011 -29.221434 -0.000003 5.898197 -13.966571 6.155450 2.466100 -1.576220 2.681682 34.633123 -11.154949 20.382239 10.317226 22.375524 -4.922742 2.647883 -1.528764 1.528759 -16.283839 5.393256 11.804527 1.998913 -1.154078 1.154080 -0.000003 -0.000003 0.000001 9.109294 -0.518012 2.259891 -2.909576 -5.343379 -19.893648 0.730460 2.834864 -28.894699 0.303374 1.862604 -18.501762 -0.000001 -0.000001 -0.000003 9.533396 0.000008 -0.000010 -0.724664 3.070716 -34.949856 0.579096 2.541651 -25.668138 0.407568 2.148889 -21.478351 0.000001 0.000000 -0.000001 9.104514 -0.042995 -1.865108 0.244378 4.333218 -32.106370 0.880801 3.091304 -31.802539 0.978993 3.244073 -33.579546 -0.000003 0.000000 -0.000001 8.077804 -0.486901 -3.806307 0.557548 4.785952 -28.297472 0.460897 2.279635 -22.858487 0.526838 2.430072 -24.463654 -0.000001 -0.000003 0.000000 -8.207801 -6.751716 -1.599519 -16.127284 -7.565109 3.227803 26.370100 2.238429 0.317214 -14.749332 0.586886 -4.965500 -8.080943 0.000010 0.000010 0.000001 0.000000 0.000000 8.207799 -6.751707 -1.599520 -34.281672 -0.963971 2.942293 55.851789 -3.279518 0.048550 -2.900302 0.145710 -4.018894 -7.573397 0.000031 -0.000004 -0.000001 0.000001 -0.000001 
-180.540848 100.572144 0.894567 11.577512 -65.786340 10.004001 0.000008 10.181551 0.131543 5.891045 7.379646 -0.294875 4.207033 4.750665 -0.407742 4.180449 4.776967 -0.387796 0.000001 16.740366 -2.049029 4.751500 5.601002 1.899789 -0.000027 9.617838 1.684980 -4.997784 35.156121 -7.368572 -0.000002 22.037369 7.501077 -0.000001 -0.000000 0.000001 -4.569994 11.014879 -2.160856 -2.707389 6.648525 9.770654 0.059549 31.373132 55.948996 0.000002 12.602169 0.000016 5.346803 -4.578970 -20.860115 -2.464806 -1.573949 2.681907 -0.184855 0.811014 0.379089 14.555157 -10.338189 -17.751404 -2.646266 -1.527810 1.527819 3.082443 6.845677 -24.355264 -1.994586 -1.151582 1.151594 0.000002 -0.000003 0.000001 -9.108315 -0.517872 2.259801 -1.953985 1.211413 24.349884 0.102774 -0.974068 12.047025 0.106950 -0.993362 12.289313 -0.000001 -0.000000 0.000001 -9.532526 0.000024 -0.000003 -0.068666 -3.360483 30.624540 0.243089 -1.486467 18.575051 0.087635 -0.900177 11.120835 -0.000001 0.000000 0.000001 -9.103592 -0.043077 -1.865102 2.118676 -6.841610 32.929189 0.379628 -1.843450 23.271892 0.273419 -1.573775 19.710425 -0.000000 -0.000000 0.000003 -8.076701 -0.486710 -3.806299 0.991103 -5.107808 35.939882 0.407274 -1.906395 24.116689 0.180034 -1.283656 15.966120 -0.000001 -0.000001 -0.000001 4.570409 11.014674 -2.160819 1.287955 2.046100 -7.556872 -1.901029 -19.818070 -67.839624 -0.000011 -29.221434 -0.000003 5.898197 -13.966571 6.155450 2.466100 -1.576220 2.681682 34.633123 -11.154949 20.382239 10.317226 22.375524 -4.922742 2.647883 -1.528764 1.528759 -16.283839 5.393256 11.804527 1.998913 -1.154078 1.154080 -0.000003 -0.000003 0.000001 9.109294 -0.518012 2.259891 -2.909576 -5.343379 -19.893648 0.730460 2.834864 -28.894699 0.303374 1.862604 -18.501762 -0.000001 -0.000001 -0.000003 9.533396 0.000008 -0.000010 -0.724664 3.070716 -34.949856 0.579096 2.541651 -25.668138 0.407568 2.148889 -21.478351 0.000001 0.000000 -0.000001 9.104514 -0.042995 -1.865108 0.244378 4.333218 -32.106370 0.880801 3.091304 -31.802539 0.978993 3.244073 -33.579546 -0.000003 0.000000 -0.000001 8.077804 -0.486901 -3.806307 0.557548 4.785952 -28.297472 0.460897 2.279635 -22.858487 0.526838 2.430072 -24.463654 -0.000001 -0.000003 0.000000 -8.207801 -6.751716 -1.599519 -16.127284 -7.565109 3.227803 26.370100 2.238429 0.317214 -14.749332 0.586886 -4.965500 -8.080943 0.000010 0.000010 0.000001 0.000000 0.000000 8.207799 -6.751707 -1.599520 -34.281672 -0.963971 2.942293 55.851789 -3.279518 0.048550 -2.900302 0.145710 -4.018894 -7.573397 0.000031 -0.000004 -0.000001 0.000001 -0.000001 
-180.540848 100.572144 0.894567 11.577512 -65.786340 10.004001 0.000008 10.181551 0.131543 5.891045 7.379646 -0.294875 4.207033 4.750665 -0.407742 4.180449 4.776967 -0.387796 0.000001 16.740366 -2.049029 4.751500 5.601002 1.899789 -0.000027 9.617838 1.684980 -4.997784 35.156121 -7.368572 -0.000002 22.037369 7.501077 -0.000001 -0.000000 0.000001 -4.569994 11.014879 -2.160856 -2.707389 6.648525 9.770654 0.059549 31.373132 55.948996 0.000002 12.602169 0.000016 5.346803 -4.578970 -20.860115 -2.464806 -1.573949 2.681907 -0.184855 0.811014 0.379089 14.555157 -10.338189 -17.751404 -2.646266 -1.527810 1.527819 3.082443 6.845677 -24.355264 -1.994586 -1.151582 1.151594 0.000002 -0.000003 0.000001 -9.108315 -0.517872 2.259801 -1.953985 1.211413 24.349884 0.102774 -0.974068 12.047025 0.106950 -0.993362 12.289313 -0.000001 -0.000000 0.000001 -9.532526 0.000024 -0.000003 -0.068666 -3.360483 30.624540 0.243089 -1.486467 18.575051 0.087635 -0.900177 11.120835 -0.000001 0.000000 0.000001 -9.103592 -0.043077 -1.865102 2.118676 -6.841610 32.929189 0.379628 -1.843450 23.271892 0.273419 -1.573775 19.710425 -0.000000 -0.000000 0.000003 -8.076701 -0.486710 -3.806299 0.991103 -5.107808 35.939882 0.407274 -1.906395 24.116689 0.180034 -1.283656 15.966120 -0.000001 -0.000001 -0.000001 4.570409 11.014674 -2.160819 1.287955 2.046100 -7.556872 -1.901029 -19.818070 -67.839624 -0.000011 -29.221434 -0.000003 5.898197 -13.966571 6.155450 2.466100 -1.576220 2.681682 34.633123 -11.154949 20.382239 10.317226 22.375524 -4.922742 2.647883 -1.528764 1.528759 -16.283839 5.393256 11.804527 1.998913 -1.154078 1.154080 -0.000003 -0.000003 0.000001 9.109294 -0.518012 2.259891 -2.909576 -5.343379 -19.893648 0.730460 2.834864 -28.894699 0.303374 1.862604 -18.501762 -0.000001 -0.000001 -0.000003 9.533396 0.000008 -0.000010 -0.724664 3.070716 -34.949856 0.579096 2.541651 -25.668138 0.407568 2.148889 -21.478351 0.000001 0.000000 -0.000001 9.104514 -0.042995 -1.865108 0.244378 4.333218 -32.106370 0.880801 3.091304 -31.802539 0.978993 3.244073 -33.579546 -0.000003 0.000000 -0.000001 8.077804 -0.486901 -3.806307 0.557548 4.785952 -28.297472 0.460897 2.279635 -22.858487 0.526838 2.430072 -24.463654 -0.000001 -0.000003 0.000000 -8.207801 -6.751716 -1.599519 -16.127284 -7.565109 3.227803 26.370100 2.238429 0.317214 -14.749332 0.586886 -4.965500 -8.080943 0.000010 0.000010 0.000001 0.000000 0.000000 8.207799 -6.751707 -1.599520 -34.281672 -0.963971 2.942293 55.851789 -3.279518 0.048550 -2.900302 0.145710 -4.018894 -7.573397 0.000031 -0.000004 -0.000001 0.000001 -0.000001 
-180.540848 100.572144 0.894567 11.577512 -65.786340 10.004001 0.000008 10.181551 0.131543 5.891045 7.379646 -0.294875 4.207033 4.750665 -0.407742 4.180449 4.776967 -0.387796 0.000001 16.740366 -2.049029 4.751500 5.601002 1.899789 -0.000027 9.617838 1.684980 -4.997784 35.156121 -7.368572 -0.000002 22.037369 7.501077 -0.000001 -0.000000 0.000001 -4.569994 11.014879 -2.160856 -2.707389 6.648525 9.770654 0.059549 31.373132 55.948996 0.000002 12.602169 0.000016 5.346803 -4.578970 -20.860115 -2.464806 -1.573949 2.681907 -0.184855 0.811014 0.379089 14.555157 -10.338189 -17.751404 -2.646266 -1.527810 1.527819 3.082443 6.845677 -24.355264 -1.994586 -1.151582 1.151594 0.000002 -0.000003 0.000001 -9.108315 -0.517872 2.259801 -1.953985 1.211413 24.349884 0.102774 -0.974068 12.047025 0.106950 -0.993362 12.289313 -0.000001 -0.000000 0.000001 -9.532526 0.000024 -0.000003 -0.068666 -3.360483 30.624540 0.243089 -1.486467 18.575051 0.087635 -0.900177 11.120835 -0.000001 0.000000 0.000001 -9.103592 -0.043077 -1.865102 2.118676 -6.841610 32.929189 0.379628 -1.843450 23.271892 0.273419 -1.573775 19.710425 -0.000000 -0.000000 0.000003 -8.076701 -0.486710 -3.806299 0.991103 -5.107808 35.939882 0.407274 -1.906395 24.116689 0.180034 -1.283656 15.966120 -0.000001 -0.000001 -0.000001 4.570409 11.014674 -2.160819 1.287955 2.046100 -7.556872 -1.901029 -19.818070 -67.839624 -0.000011 -29.221434 -0.000003 5.898197 -13.966571 6.155450 2.466100 -1.576220 2.681682 34.633123 -11.154949 20.382239 10.317226 22.375524 -4.922742 2.647883 -1.528764 1.528759 -16.283839 5.393256 11.804527 1.998913 -1.154078 1.154080 -0.000003 -0.000003 0.000001 9.109294 -0.518012 2.259891 -2.909576 -5.343379 -19.893648 0.730460 2.834864 -28.894699 0.303374 1.862604 -18.501762 -0.000001 -0.000001 -0.000003 9.533396 0.000008 -0.000010 -0.724664 3.070716 -34.949856 0.579096 2.541651 -25.668138 0.407568 2.148889 -21.478351 0.000001 0.000000 -0.000001 9.104514 -0.042995 -1.865108 0.244378 4.333218 -32.106370 0.880801 3.091304 -31.802539 0.978993 3.244073 -33.579546 -0.000003 0.000000 -0.000001 8.077804 -0.486901 -3.806307 0.557548 4.785952 -28.297472 0.460897 2.279635 -22.858487 0.526838 2.430072 -24.463654 -0.000001 -0.000003 0.000000 -8.207801 -6.751716 -1.599519 -16.127284 -7.565109 3.227803 26.370100 2.238429 0.317214 -14.749332 0.586886 -4.965500 -8.080943 0.000010 0.000010 0.000001 0.000000 0.000000 8.207799 -6.751707 -1.599520 -34.281672 -0.963971 2.942293 55.851789 -3.279518 0.048550 -2.900302 0.145710 -4.018894 -7.573397 0.000031 -0.000004 -0.000001 0.000001 -0.000001 
-180.540848 100.572144 0.894567 11.577512 -65.786340 10.004001 0.000008 10.181551 0.131543 5.891045 7.379646 -0.294875 4.207033 4.750665 -0.407742 4.180449 4.776967 -0.387796 0.000001 16.740366 -2.049029 4.751500 5.601002 1.899789 -0.000027 9.617838 1.684980 -4.997784 35.156121 -7.368572 -0.000002 22.037369 7.501077 -0.000001 -0.000000 0.000001 -4.569994 11.014879 -2.160856 -2.707389 6.648525 9.770654 0.059549 31.373132 55.948996 0.000002 12.602169 0.000016 5.346803 -4.578970 -20.860115 -2.464806 -1.573949 2.681907 -0.184855 0.811014 0.379089 14.555157 -10.338189 -17.751404 -2.646266 -1.527810 1.527819 3.082443 6.845677 -24.355264 -1.994586 -1.151582 1.151594 0.000002 -0.000003 0.000001 -9.108315 -0.517872 2.259801 -1.953985 1.211413 24.349884 0.102774 -0.974068 12.047025 0.106950 -0.993362 12.289313 -0.000001 -0.000000 0.000001 -9.532526 0.000024 -0.000003 -0.068666 -3.360483 30.624540 0.243089 -1.486467 18.575051 0.087635 -0.900177 11.120835 -0.000001 0.000000 0.000001 -9.103592 -0.043077 -1.865102 2.118676 -6.841610 32.929189 0.379628 -1.843450 23.271892 0.273419 -1.573775 19.710425 -0.000000 -0.000000 0.000003 -8.076701 -0.486710 -3.806299 0.991103 -5.107808 35.939882 0.407274 -1.906395 24.116689 0.180034 -1.283656 15.966120 -0.000001 -0.000001 -0.000001 4.570409 11.014674 -2.160819 1.287955 2.046100 -7.556872 -1.901029 -19.818070 -67.839624 -0.000011 -29.221434 -0.000003 5.898197 -13.966571 6.155450 2.466100 -1.576220 2.681682 34.633123 -11.154949 20.382239 10.317226 22.375524 -4.922742 2.647883 -1.528764 1.528759 -16.283839 5.393256 11.804527 1.998913 -1.154078 1.154080 -0.000003 -0.000003 0.000001 9.109294 -0.518012 2.259891 -2.909576 -5.343379 -19.893648 0.730460 2.834864 -28.894699 0.303374 1.862604 -18.501762 -0.000001 -0.000001 -0.000003 9.533396 0.000008 -0.000010 -0.724664 3.070716 -34.949856 0.579096 2.541651 -25.668138 0.407568 2.148889 -21.478351 0.000001 0.000000 -0.000001 9.104514 -0.042995 -1.865108 0.244378 4.333218 -32.106370 0.880801 3.091304 -31.802539 0.978993 3.244073 -33.579546 -0.000003 0.000000 -0.000001 8.077804 -0.486901 -3.806307 0.557548 4.785952 -28.297472 0.460897 2.279635 -22.858487 0.526838 2.430072 -24.463654 -0.000001 -0.000003 0.000000 -8.207801 -6.751716 -1.599519 -16.127284 -7.565109 3.227803 26.370100 2.238429 0.317214 -14.749332 0.586886 -4.965500 -8.080943 0.000010 0.000010 0.000001 0.000000 0.000000 8.207799 -6.751707 -1.599520 -34.281672 -0.963971 2.942293 55.851789 -3.279518 0.048550 -2.900302 0.145710 -4.018894 -7.573397 0.000031 -0.000004 -0.000001 0.000001 -0.000001 
-180.540848 100.572144 0.894567 11.577512 -65.786340 10.004001 0.000008 10.181551 0.131543 5.891045 7.379646 -0.294875 4.207033 4.750665 -0.407742 4.180449 4.776967 -0.387796 0.000001 16.740366 -2.049029 4.751500 5.601002 1.899789 -0.000027 9.617838 1.684980 -4.997784 35.156121 -7.368572 -0.000002 22.037369 7.501077 -0.000001 -0.000000 0.000001 -4.569994 11.014879 -2.160856 -2.707389 6.648525 9.770654 0.059549 31.373132 55.948996 0.000002 12.602169 0.000016 5.346803 -4.578970 -20.860115 -2.464806 -1.573949 2.681907 -0.184855 0.811014 0.379089 14.555157 -10.338189 -17.751404 -2.646266 -1.527810 1.527819 3.082443 6.845677 -24.355264 -1.994586 -1.151582 1.151594 0.000002 -0.000003 0.000001 -9.108315 -0.517872 2.259801 -1.953985 1.211413 24.349884 0.102774 -0.974068 12.047025 0.106950 -0.993362 12.289313 -0.000001 -0.000000 0.000001 -9.532526 0.000024 -0.000003 -0.068666 -3.360483 30.624540 0.243089 -1.486467 18.575051 0.087635 -0.900177 11.120835 -0.000001 0.000000 0.000001 -9.103592 -0.043077 -1.865102 2.118676 -6.841610 32.929189 0.379628 -1.843450 23.271892 0.273419 -1.573775 19.710425 -0.000000 -0.000000 0.000003 -8.076701 -0.486710 -3.806299 0.991103 -5.107808 35.939882 0.407274 -1.906395 24.116689 0.180034 -1.283656 15.966120 -0.000001 -0.000001 -0.000001 4.570409 11.014674 -2.160819 1.287955 2.046100 -7.556872 -1.901029 -19.818070 -67.839624 -0.000011 -29.221434 -0.000003 5.898197 -13.966571 6.155450 2.466100 -1.576220 2.681682 34.633123 -11.154949 20.382239 10.317226 22.375524 -4.922742 2.647883 -1.528764 1.528759 -16.283839 5.393256 11.804527 1.998913 -1.154078 1.154080 -0.000003 -0.000003 0.000001 9.109294 -0.518012 2.259891 -2.909576 -5.343379 -19.893648 0.730460 2.834864 -28.894699 0.303374 1.862604 -18.501762 -0.000001 -0.000001 -0.000003 9.533396 0.000008 -0.000010 -0.724664 3.070716 -34.949856 0.579096 2.541651 -25.668138 0.407568 2.148889 -21.478351 0.000001 0.000000 -0.000001 9.104514 -0.042995 -1.865108 0.244378 4.333218 -32.106370 0.880801 3.091304 -31.802539 0.978993 3.244073 -33.579546 -0.000003 0.000000 -0.000001 8.077804 -0.486901 -3.806307 0.557548 4.785952 -28.297472 0.460897 2.279635 -22.858487 0.526838 2.430072 -24.463654 -0.000001 -0.000003 0.000000 -8.207801 -6.751716 -1.599519 -16.127284 -7.565109 3.227803 26.370100 2.238429 0.317214 -14.749332 0.586886 -4.965500 -8.080943 0.000010 0.000010 0.000001 0.000000 0.000000 8.207799 -6.751707 -1.599520 -34.281672 -0.963971 2.942293 55.851789 -3.279518 0.048550 -2.900302 0.145710 -4.018894 -7.573397 0.000031 -0.000004 -0.000001 0.000001 -0.000001 
-180.540848 100.572144 0.894567 11.577512 -65.786340 10.004001 0.000008 10.181551 0.131543 5.891045 7.379646 -0.294875 4.207033 4.750665 -0.407742 4.180449 4.776967 -0.387796 0.000001 16.740366 -2.049029 4.751500 5.601002 1.899789 -0.000027 9.617838 1.684980 -4.997784 35.156121 -7.368572 -0.000002 22.037369 7.501077 -0.000001 -0.000000 0.000001 -4.569994 11.014879 -2.160856 -2.707389 6.648525 9.770654 0.059549 31.373132 55.948996 0.000002 12.602169 0.000016 5.346803 -4.578970 -20.860115 -2.464806 -1.573949 2.681907 -0.184855 0.811014 0.379089 14.555157 -10.338189 -17.751404 -2.646266 -1.527810 1.527819 3.082443 6.845677 -24.355264 -1.994586 -1.151582 1.151594 0.000002 -0.000003 0.000001 -9.108315 -0.517872 2.259801 -1.953985 1.211413 24.349884 0.102774 -0.974068 12.047025 0.106950 -0.993362 12.289313 -0.000001 -0.000000 0.000001 -9.532526 0.000024 -0.000003 -0.068666 -3.360483 30.624540 0.243089 -1.486467 18.575051 0.087635 -0.900177 11.120835 -0.000001 0.000000 0.000001 -9.103592 -0.043077 -1.865102 2.118676 -6.841610 32.929189 0.379628 -1.843450 23.271892 0.273419 -1.573775 19.710425 -0.000000 -0.000000 0.000003 -8.076701 -0.486710 -3.806299 0.991103 -5.107808 35.939882 0.407274 -1.906395 24.116689 0.180034 -1.283656 15.966120 -0.000001 -0.000001 -0.000001 4.570409 11.014674 -2.160819 1.287955 2.046100 -7.556872 -1.901029 -19.818070 -67.839624 -0.000011 -29.221434 -0.000003 5.898197 -13.966571 6.155450 2.466100 -1.576220 2.681682 34.633123 -11.154949 20.382239 10.317226 22.375524 -4.922742 2.647883 -1.528764 1.528759 -16.283839 5.393256 11.804527 1.998913 -1.154078 1.154080 -0.000003 -0.000003 0.000001 9.109294 -0.518012 2.259891 -2.909576 -5.343379 -19.893648 0.730460 2.834864 -28.894699 0.303374 1.862604 -18.501762 -0.000001 -0.000001 -0.000003 9.533396 0.000008 -0.000010 -0.724664 3.070716 -34.949856 0.579096 2.541651 -25.668138 0.407568 2.148889 -21.478351 0.000001 0.000000 -0.000001 9.104514 -0.042995 -1.865108 0.244378 4.333218 -32.106370 0.880801 3.091304 -31.802539 0.978993 3.244073 -33.579546 -0.000003 0.000000 -0.000001 8.077804 -0.486901 -3.806307 0.557548 4.785952 -28.297472 0.460897 2.279635 -22.858487 0.526838 2.430072 -24.463654 -0.000001 -0.000003 0.000000 -8.207801 -6.751716 -1.599519 -16.127284 -7.565109 3.227803 26.370100 2.238429 0.317214 -14.749332 0.586886 -4.965500 -8.080943 0.000010 0.000010 0.000001 0.000000 0.000000 8.207799 -6.751707 -1.599520 -34.281672 -0.963971 2.942293 55.851789 -3.279518 0.048550 -2.900302 0.145710 -4.018894 -7.573397 0.000031 -0.000004 -0.000001 0.000001 -0.000001 
-180.540848 100.572144 0.894567 11.577512 -65.786340 10.004001 0.000008 10.181551 0.131543 5.891045 7.379646 -0.294875 4.207033 4.750665 -0.407742 4.180449 4.776967 -0.387796 0.000001 16.740366 -2.049029 4.751500 5.601002 1.899789 -0.000027 9.617838 1.684980 -4.997784 35.156121 -7.368572 -0.000002 22.037369 7.501077 -0.000001 -0.000000 0.000001 -4.569994 11.014879 -2.160856 -2.707389 6.648525 9.770654 0.059549 31.373132 55.948996 0.000002 12.602169 0.000016 5.346803 -4.578970 -20.860115 -2.464806 -1.573949 2.681907 -0.184855 0.811014 0.379089 14.555157 -10.338189 -17.751404 -2.646266 -1.527810 1.527819 3.082443 6.845677 -24.355264 -1.994586 -1.151582 1.151594 0.000002 -0.000003 0.000001 -9.108315 -0.517872 2.259801 -1.953985 1.211413 24.349884 0.102774 -0.974068 12.047025 0.106950 -0.993362 12.289313 -0.000001 -0.000000 0.000001 -9.532526 0.000024 -0.000003 -0.068666 -3.360483 30.624540 0.243089 -1.486467 18.575051 0.087635 -0.900177 11.120835 -0.000001 0.000000 0.000001 -9.103592 -0.043077 -1.865102 2.118676 -6.841610 32.929189 0.379628 -1.843450 23.271892 0.273419 -1.573775 19.710425 -0.000000 -0.000000 0.000003 -8.076701 -0.486710 -3.806299 0.991103 -5.107808 35.939882 0.407274 -1.906395 24.116689 0.180034 -1.283656 15.966120 -0.000001 -0.000001 -0.000001 4.570409 11.014674 -2.160819 1.287955 2.046100 -7.556872 -1.901029 -19.818070 -67.839624 -0.000011 -29.221434 -0.000003 5.898197 -13.966571 6.155450 2.466100 -1.576220 2.681682 34.633123 -11.154949 20.382239 10.317226 22.375524 -4.922742 2.647883 -1.528764 1.528759 -16.283839 5.393256 11.804527 1.998913 -1.154078 1.154080 -0.000003 -0.000003 0.000001 9.109294 -0.518012 2.259891 -2.909576 -5.343379 -19.893648 0.730460 2.834864 -28.894699 0.303374 1.862604 -18.501762 -0.000001 -0.000001 -0.000003 9.533396 0.000008 -0.000010 -0.724664 3.070716 -34.949856 0.579096 2.541651 -25.668138 0.407568 2.148889 -21.478351 0.000001 0.000000 -0.000001 9.104514 -0.042995 -1.865108 0.244378 4.333218 -32.106370 0.880801 3.091304 -31.802539 0.978993 3.244073 -33.579546 -0.000003 0.000000 -0.000001 8.077804 -0.486901 -3.806307 0.557548 4.785952 -28.297472 0.460897 2.279635 -22.858487 0.526838 2.430072 -24.463654 -0.000001 -0.000003 0.000000 -8.207801 -6.751716 -1.599519 -16.127284 -7.565109 3.227803 26.370100 2.238429 0.317214 -14.749332 0.586886 -4.965500 -8.080943 0.000010 0.000010 0.000001 0.000000 0.000000 8.207799 -6.751707 -1.599520 -34.281672 -0.963971 2.942293 55.851789 -3.279518 0.048550 -2.900302 0.145710 -4.018894 -7.573397 0.000031 -0.000004 -0.000001 0.000001 -0.000001 
-180.540848 100.572144 0.894567 11.577512 -65.786340 10.004001 0.000008 10.181551 0.131543 5.891045 7.379646 -0.294875 4.207033 4.750665 -0.407742 4.180449 4.776967 -0.387796 0.000001 16.740366 -2.049029 4.751500 5.601002 1.899789 -0.000027 9.617838 1.684980 -4.997784 35.156121 -7.368572 -0.000002 22.037369 7.501077 -0.000001 -0.000000 0.000001 -4.569994 11.014879 -2.160856 -2.707389 6.648525 9.770654 0.059549 31.373132 55.948996 0.000002 12.602169 0.000016 5.346803 -4.578970 -20.860115 -2.464806 -1.573949 2.681907 -0.184855 0.811014 0.379089 14.555157 -10.338189 -17.751404 -2.646266 -1.527810 1.527819 3.082443 6.845677 -24.355264 -1.994586 -1.151582 1.151594 0.000002 -0.000003 0.000001 -9.108315 -0.517872 2.259801 -1.953985 1.211413 24.349884 0.102774 -0.974068 12.047025 0.106950 -0.993362 12.289313 -0.000001 -0.000000 0.000001 -9.532526 0.000024 -0.000003 -0.068666 -3.360483 30.624540 0.243089 -1.486467 18.575051 0.087635 -0.900177 11.120835 -0.000001 0.000000 0.000001 -9.103592 -0.043077 -1.865102 2.118676 -6.841610 32.929189 0.379628 -1.843450 23.271892 0.273419 -1.573775 19.710425 -0.000000 -0.000000 0.000003 -8.076701 -0.486710 -3.806299 0.991103 -5.107808 35.939882 0.407274 -1.906395 24.116689 0.180034 -1.283656 15.966120 -0.000001 -0.000001 -0.000001 4.570409 11.014674 -2.160819 1.287955 2.046100 -7.556872 -1.901029 -19.818070 -67.839624 -0.000011 -29.221434 -0.000003 5.898197 -13.966571 6.155450 2.466100 -1.576220 2.681682 34.633123 -11.154949 20.382239 10.317226 22.375524 -4.922742 2.647883 -1.528764 1.528759 -16.283839 5.393256 11.804527 1.998913 -1.154078 1.154080 -0.000003 -0.000003 0.000001 9.109294 -0.518012 2.259891 -2.909576 -5.343379 -19.893648 0.730460 2.834864 -28.894699 0.303374 1.862604 -18.501762 -0.000001 -0.000001 -0.000003 9.533396 0.000008 -0.000010 -0.724664 3.070716 -34.949856 0.579096 2.541651 -25.668138 0.407568 2.148889 -21.478351 0.000001 0.000000 -0.000001 9.104514 -0.042995 -1.865108 0.244378 4.333218 -32.106370 0.880801 3.091304 -31.802539 0.978993 3.244073 -33.579546 -0.000003 0.000000 -0.000001 8.077804 -0.486901 -3.806307 0.557548 4.785952 -28.297472 0.460897 2.279635 -22.858487 0.526838 2.430072 -24.463654 -0.000001 -0.000003 0.000000 -8.207801 -6.751716 -1.599519 -16.127284 -7.565109 3.227803 26.370100 2.238429 0.317214 -14.749332 0.586886 -4.965500 -8.080943 0.000010 0.000010 0.000001 0.000000 0.000000 8.207799 -6.751707 -1.599520 -34.281672 -0.963971 2.942293 55.851789 -3.279518 0.048550 -2.900302 0.145710 -4.018894 -7.573397 0.000031 -0.000004 -0.000001 0.000001 -0.000001 
-180.540848 100.572144 0.894567 11.577512 -65.786340 10.004001 0.000008 10.181551 0.131543 5.891045 7.379646 -0.294875 4.207033 4.750665 -0.407742 4.180449 4.776967 -0.387796 0.000001 16.740366 -2.049029 4.751500 5.601002 1.899789 -0.000027 9.617838 1.684980 -4.997784 35.156121 -7.368572 -0.000002 22.037369 7.501077 -0.000001 -0.000000 0.000001 -4.569994 11.014879 -2.160856 -2.707389 6.648525 9.770654 0.059549 31.373132 55.948996 0.000002 12.602169 0.000016 5.346803 -4.578970 -20.860115 -2.464806 -1.573949 2.681907 -0.184855 0.811014 0.379089 14.555157 -10.338189 -17.751404 -2.646266 -1.527810 1.527819 3.082443 6.845677 -24.355264 -1.994586 -1.151582 1.151594 0.000002 -0.000003 0.000001 -9.108315 -0.517872 2.259801 -1.953985 1.211413 24.349884 0.102774 -0.974068 12.047025 0.106950 -0.993362 12.289313 -0.000001 -0.000000 0.000001 -9.532526 0.000024 -0.000003 -0.068666 -3.360483 30.624540 0.243089 -1.486467 18.575051 0.087635 -0.900177 11.120835 -0.000001 0.000000 0.000001 -9.103592 -0.043077 -1.865102 2.118676 -6.841610 32.929189 0.379628 -1.843450 23.271892 0.273419 -1.573775 19.710425 -0.000000 -0.000000 0.000003 -8.076701 -0.486710 -3.806299 0.991103 -5.107808 35.939882 0.407274 -1.906395 24.116689 0.180034 -1.283656 15.966120 -0.000001 -0.000001 -0.000001 4.570409 11.014674 -2.160819 1.287955 2.046100 -7.556872 -1.901029 -19.818070 -67.839624 -0.000011 -29.221434 -0.000003 5.898197 -13.966571 6.155450 2.466100 -1.576220 2.681682 34.633123 -11.154949 20.382239 10.317226 22.375524 -4.922742 2.647883 -1.528764 1.528759 -16.283839 5.393256 11.804527 1.998913 -1.154078 1.154080 -0.000003 -0.000003 0.000001 9.109294 -0.518012 2.259891 -2.909576 -5.343379 -19.893648 0.730460 2.834864 -28.894699 0.303374 1.862604 -18.501762 -0.000001 -0.000001 -0.000003 9.533396 0.000008 -0.000010 -0.724664 3.070716 -34.949856 0.579096 2.541651 -25.668138 0.407568 2.148889 -21.478351 0.000001 0.000000 -0.000001 9.104514 -0.042995 -1.865108 0.244378 4.333218 -32.106370 0.880801 3.091304 -31.802539 0.978993 3.244073 -33.579546 -0.000003 0.000000 -0.000001 8.077804 -0.486901 -3.806307 0.557548 4.785952 -28.297472 0.460897 2.279635 -22.858487 0.526838 2.430072 -24.463654 -0.000001 -0.000003 0.000000 -8.207801 -6.751716 -1.599519 -16.127284 -7.565109 3.227803 26.370100 2.238429 0.317214 -14.749332 0.586886 -4.965500 -8.080943 0.000010 0.000010 0.000001 0.000000 0.000000 8.207799 -6.751707 -1.599520 -34.281672 -0.963971 2.942293 55.851789 -3.279518 0.048550 -2.900302 0.145710 -4.018894 -7.573397 0.000031 -0.000004 -0.000001 0.000001 -0.000001 
-180.540848 100.572144 0.894567 11.577512 -65.786340 10.004001 0.000008 10.181551 0.131543 5.891045 7.379646 -0.294875 4.207033 4.750665 -0.407742 4.180449 4.776967 -0.387796 0.000001 16.740366 -2.049029 4.751500 5.601002 1.899789 -0.000027 9.617838 1.684980 -4.997784 35.156121 -7.368572 -0.000002 22.037369 7.501077 -0.000001 -0.000000 0.000001 -4.569994 11.014879 -2.160856 -2.707389 6.648525 9.770654 0.059549 31.373132 55.948996 0.000002 12.602169 0.000016 5.346803 -4.578970 -20.860115 -2.464806 -1.573949 2.681907 -0.184855 0.811014 0.379089 14.555157 -10.338189 -17.751404 -2.646266 -1.527810 1.527819 3.082443 6.845677 -24.355264 -1.994586 -1.151582 1.151594 0.000002 -0.000003 0.000001 -9.108315 -0.517872 2.259801 -1.953985 1.211413 24.349884 0.102774 -0.974068 12.047025 0.106950 -0.993362 12.289313 -0.000001 -0.000000 0.000001 -9.532526 0.000024 -0.000003 -0.068666 -3.360483 30.624540 0.243089 -1.486467 18.575051 0.087635 -0.900177 11.120835 -0.000001 0.000000 0.000001 -9.103592 -0.043077 -1.865102 2.118676 -6.841610 32.929189 0.379628 -1.843450 23.271892 0.273419 -1.573775 19.710425 -0.000000 -0.000000 0.000003 -8.076701 -0.486710 -3.806299 0.991103 -5.107808 35.939882 0.407274 -1.906395 24.116689 0.180034 -1.283656 15.966120 -0.000001 -0.000001 -0.000001 4.570409 11.014674 -2.160819 1.287955 2.046100 -7.556872 -1.901029 -19.818070 -67.839624 -0.000011 -29.221434 -0.000003 5.898197 -13.966571 6.155450 2.466100 -1.576220 2.681682 34.633123 -11.154949 20.382239 10.317226 22.375524 -4.922742 2.647883 -1.528764 1.528759 -16.283839 5.393256 11.804527 1.998913 -1.154078 1.154080 -0.000003 -0.000003 0.000001 9.109294 -0.518012 2.259891 -2.909576 -5.343379 -19.893648 0.730460 2.834864 -28.894699 0.303374 1.862604 -18.501762 -0.000001 -0.000001 -0.000003 9.533396 0.000008 -0.000010 -0.724664 3.070716 -34.949856 0.579096 2.541651 -25.668138 0.407568 2.148889 -21.478351 0.000001 0.000000 -0.000001 9.104514 -0.042995 -1.865108 0.244378 4.333218 -32.106370 0.880801 3.091304 -31.802539 0.978993 3.244073 -33.579546 -0.000003 0.000000 -0.000001 8.077804 -0.486901 -3.806307 0.557548 4.785952 -28.297472 0.460897 2.279635 -22.858487 0.526838 2.430072 -24.463654 -0.000001 -0.000003 0.000000 -8.207801 -6.751716 -1.599519 -16.127284 -7.565109 3.227803 26.370100 2.238429 0.317214 -14.749332 0.586886 -4.965500 -8.080943 0.000010 0.000010 0.000001 0.000000 0.000000 8.207799 -6.751707 -1.599520 -34.281672 -0.963971 2.942293 55.851789 -3.279518 0.048550 -2.900302 0.145710 -4.018894 -7.573397 0.000031 -0.000004 -0.000001 0.000001 -0.000001 
-180.540848 100.572144 0.894567 11.577512 -65.786340 10.004001 0.000008 10.181551 0.131543 5.891045 7.379646 -0.294875 4.207033 4.750665 -0.407742 4.180449 4.776967 -0.387796 0.000001 16.740366 -2.049029 4.751500 5.601002 1.899789 -0.000027 9.617838 1.684980 -4.997784 35.156121 -7.368572 -0.000002 22.037369 7.501077 -0.000001 -0.000000 0.000001 -4.569994 11.014879 -2.160856 -2.707389 6.648525 9.770654 0.059549 31.373132 55.948996 0.000002 12.602169 0.000016 5.346803 -4.578970 -20.860115 -2.464806 -1.573949 2.681907 -0.184855 0.811014 0.379089 14.555157 -10.338189 -17.751404 -2.646266 -1.527810 1.527819 3.082443 6.845677 -24.355264 -1.994586 -1.151582 1.151594 0.000002 -0.000003 0.000001 -9.108315 -0.517872 2.259801 -1.953985 1.211413 24.349884 0.102774 -0.974068 12.047025 0.106950 -0.993362 12.289313 -0.000001 -0.000000 0.000001 -9.532526 0.000024 -0.000003 -0.068666 -3.360483 30.624540 0.243089 -1.486467 18.575051 0.087635 -0.900177 11.120835 -0.000001 0.000000 0.000001 -9.103592 -0.043077 -1.865102 2.118676 -6.841610 32.929189 0.379628 -1.843450 23.271892 0.273419 -1.573775 19.710425 -0.000000 -0.000000 0.000003 -8.076701 -0.486710 -3.806299 0.991103 -5.107808 35.939882 0.407274 -1.906395 24.116689 0.180034 -1.283656 15.966120 -0.000001 -0.000001 -0.000001 4.570409 11.014674 -2.160819 1.287955 2.046100 -7.556872 -1.901029 -19.818070 -67.839624 -0.000011 -29.221434 -0.000003 5.898197 -13.966571 6.155450 2.466100 -1.576220 2.681682 34.633123 -11.154949 20.382239 10.317226 22.375524 -4.922742 2.647883 -1.528764 1.528759 -16.283839 5.393256 11.804527 1.998913 -1.154078 1.154080 -0.000003 -0.000003 0.000001 9.109294 -0.518012 2.259891 -2.909576 -5.343379 -19.893648 0.730460 2.834864 -28.894699 0.303374 1.862604 -18.501762 -0.000001 -0.000001 -0.000003 9.533396 0.000008 -0.000010 -0.724664 3.070716 -34.949856 0.579096 2.541651 -25.668138 0.407568 2.148889 -21.478351 0.000001 0.000000 -0.000001 9.104514 -0.042995 -1.865108 0.244378 4.333218 -32.106370 0.880801 3.091304 -31.802539 0.978993 3.244073 -33.579546 -0.000003 0.000000 -0.000001 8.077804 -0.486901 -3.806307 0.557548 4.785952 -28.297472 0.460897 2.279635 -22.858487 0.526838 2.430072 -24.463654 -0.000001 -0.000003 0.000000 -8.207801 -6.751716 -1.599519 -16.127284 -7.565109 3.227803 26.370100 2.238429 0.317214 -14.749332 0.586886 -4.965500 -8.080943 0.000010 0.000010 0.000001 0.000000 0.000000 8.207799 -6.751707 -1.599520 -34.281672 -0.963971 2.942293 55.851789 -3.279518 0.048550 -2.900302 0.145710 -4.018894 -7.573397 0.000031 -0.000004 -0.000001 0.000001 -0.000001 
-180.540848 100.572144 0.894567 11.577512 -65.786340 10.004001 0.000008 10.181551 0.131543 5.891045 7.379646 -0.294875 4.207033 4.750665 -0.407742 4.180449 4.776967 -0.387796 0.000001 16.740366 -2.049029 4.751500 5.601002 1.899789 -0.000027 9.617838 1.684980 -4.997784 35.156121 -7.368572 -0.000002 22.037369 7.501077 -0.000001 -0.000000 0.000001 -4.569994 11.014879 -2.160856 -2.707389 6.648525 9.770654 0.059549 31.373132 55.948996 0.000002 12.602169 0.000016 5.346803 -4.578970 -20.860115 -2.464806 -1.573949 2.681907 -0.184855 0.811014 0.379089 14.555157 -10.338189 -17.751404 -2.646266 -1.527810 1.527819 3.082443 6.845677 -24.355264 -1.994586 -1.151582 1.151594 0.000002 -0.000003 0.000001 -9.108315 -0.517872 2.259801 -1.953985 1.211413 24.349884 0.102774 -0.974068 12.047025 0.106950 -0.993362 12.289313 -0.000001 -0.000000 0.000001 -9.532526 0.000024 -0.000003 -0.068666 -3.360483 30.624540 0.243089 -1.486467 18.575051 0.087635 -0.900177 11.120835 -0.000001 0.000000 0.000001 -9.103592 -0.043077 -1.865102 2.118676 -6.841610 32.929189 0.379628 -1.843450 23.271892 0.273419 -1.573775 19.710425 -0.000000 -0.000000 0.000003 -8.076701 -0.486710 -3.806299 0.991103 -5.107808 35.939882 0.407274 -1.906395 24.116689 0.180034 -1.283656 15.966120 -0.000001 -0.000001 -0.000001 4.570409 11.014674 -2.160819 1.287955 2.046100 -7.556872 -1.901029 -19.818070 -67.839624 -0.000011 -29.221434 -0.000003 5.898197 -13.966571 6.155450 2.466100 -1.576220 2.681682 34.633123 -11.154949 20.382239 10.317226 22.375524 -4.922742 2.647883 -1.528764 1.528759 -16.283839 5.393256 11.804527 1.998913 -1.154078 1.154080 -0.000003 -0.000003 0.000001 9.109294 -0.518012 2.259891 -2.909576 -5.343379 -19.893648 0.730460 2.834864 -28.894699 0.303374 1.862604 -18.501762 -0.000001 -0.000001 -0.000003 9.533396 0.000008 -0.000010 -0.724664 3.070716 -34.949856 0.579096 2.541651 -25.668138 0.407568 2.148889 -21.478351 0.000001 0.000000 -0.000001 9.104514 -0.042995 -1.865108 0.244378 4.333218 -32.106370 0.880801 3.091304 -31.802539 0.978993 3.244073 -33.579546 -0.000003 0.000000 -0.000001 8.077804 -0.486901 -3.806307 0.557548 4.785952 -28.297472 0.460897 2.279635 -22.858487 0.526838 2.430072 -24.463654 -0.000001 -0.000003 0.000000 -8.207801 -6.751716 -1.599519 -16.127284 -7.565109 3.227803 26.370100 2.238429 0.317214 -14.749332 0.586886 -4.965500 -8.080943 0.000010 0.000010 0.000001 0.000000 0.000000 8.207799 -6.751707 -1.599520 -34.281672 -0.963971 2.942293 55.851789 -3.279518 0.048550 -2.900302 0.145710 -4.018894 -7.573397 0.000031 -0.000004 -0.000001 0.000001 -0.000001 
-180.540848 100.572144 0.894567 11.577512 -65.786340 10.004001 0.000008 10.181551 0.131543 5.891045 7.379646 -0.294875 4.207033 4.750665 -0.407742 4.180449 4.776967 -0.387796 0.000001 16.740366 -2.049029 4.751500 5.601002 1.899789 -0.000027 9.617838 1.684980 -4.997784 35.156121 -7.368572 -0.000002 22.037369 7.501077 -0.000001 -0.000000 0.000001 -4.569994 11.014879 -2.160856 -2.707389 6.648525 9.770654 0.059549 31.373132 55.948996 0.000002 12.602169 0.000016 5.346803 -4.578970 -20.860115 -2.464806 -1.573949 2.681907 -0.184855 0.811014 0.379089 14.555157 -10.338189 -17.751404 -2.646266 -1.527810 1.527819 3.082443 6.845677 -24.355264 -1.994586 -1.151582 1.151594 0.000002 -0.000003 0.000001 -9.108315 -0.517872 2.259801 -1.953985 1.211413 24.349884 0.102774 -0.974068 12.047025 0.106950 -0.993362 12.289313 -0.000001 -0.000000 0.000001 -9.532526 0.000024 -0.000003 -0.068666 -3.360483 30.624540 0.243089 -1.486467 18.575051 0.087635 -0.900177 11.120835 -0.000001 0.000000 0.000001 -9.103592 -0.043077 -1.865102 2.118676 -6.841610 32.929189 0.379628 -1.843450 23.271892 0.273419 -1.573775 19.710425 -0.000000 -0.000000 0.000003 -8.076701 -0.486710 -3.806299 0.991103 -5.107808 35.939882 0.407274 -1.906395 24.116689 0.180034 -1.283656 15.966120 -0.000001 -0.000001 -0.000001 4.570409 11.014674 -2.160819 1.287955 2.046100 -7.556872 -1.901029 -19.818070 -67.839624 -0.000011 -29.221434 -0.000003 5.898197 -13.966571 6.155450 2.466100 -1.576220 2.681682 34.633123 -11.154949 20.382239 10.317226 22.375524 -4.922742 2.647883 -1.528764 1.528759 -16.283839 5.393256 11.804527 1.998913 -1.154078 1.154080 -0.000003 -0.000003 0.000001 9.109294 -0.518012 2.259891 -2.909576 -5.343379 -19.893648 0.730460 2.834864 -28.894699 0.303374 1.862604 -18.501762 -0.000001 -0.000001 -0.000003 9.533396 0.000008 -0.000010 -0.724664 3.070716 -34.949856 0.579096 2.541651 -25.668138 0.407568 2.148889 -21.478351 0.000001 0.000000 -0.000001 9.104514 -0.042995 -1.865108 0.244378 4.333218 -32.106370 0.880801 3.091304 -31.802539 0.978993 3.244073 -33.579546 -0.000003 0.000000 -0.000001 8.077804 -0.486901 -3.806307 0.557548 4.785952 -28.297472 0.460897 2.279635 -22.858487 0.526838 2.430072 -24.463654 -0.000001 -0.000003 0.000000 -8.207801 -6.751716 -1.599519 -16.127284 -7.565109 3.227803 26.370100 2.238429 0.317214 -14.749332 0.586886 -4.965500 -8.080943 0.000010 0.000010 0.000001 0.000000 0.000000 8.207799 -6.751707 -1.599520 -34.281672 -0.963971 2.942293 55.851789 -3.279518 0.048550 -2.900302 0.145710 -4.018894 -7.573397 0.000031 -0.000004 -0.000001 0.000001 -0.000001 
-180.540848 100.572144 0.894567 11.577512 -65.786340 10.004001 0.000008 10.181551 0.131543 5.891045 7.379646 -0.294875 4.207033 4.750665 -0.407742 4.180449 4.776967 -0.387796 0.000001 16.740366 -2.049029 4.751500 5.601002 1.899789 -0.000027 9.617838 1.684980 -4.997784 35.156121 -7.368572 -0.000002 22.037369 7.501077 -0.000001 -0.000000 0.000001 -4.569994 11.014879 -2.160856 -2.707389 6.648525 9.770654 0.059549 31.373132 55.948996 0.000002 12.602169 0.000016 5.346803 -4.578970 -20.860115 -2.464806 -1.573949 2.681907 -0.184855 0.811014 0.379089 14.555157 -10.338189 -17.751404 -2.646266 -1.527810 1.527819 3.082443 6.845677 -24.355264 -1.994586 -1.151582 1.151594 0.000002 -0.000003 0.000001 -9.108315 -0.517872 2.259801 -1.953985 1.211413 24.349884 0.102774 -0.974068 12.047025 0.106950 -0.993362 12.289313 -0.000001 -0.000000 0.000001 -9.532526 0.000024 -0.000003 -0.068666 -3.360483 30.624540 0.243089 -1.486467 18.575051 0.087635 -0.900177 11.120835 -0.000001 0.000000 0.000001 -9.103592 -0.043077 -1.865102 2.118676 -6.841610 32.929189 0.379628 -1.843450 23.271892 0.273419 -1.573775 19.710425 -0.000000 -0.000000 0.000003 -8.076701 -0.486710 -3.806299 0.991103 -5.107808 35.939882 0.407274 -1.906395 24.116689 0.180034 -1.283656 15.966120 -0.000001 -0.000001 -0.000001 4.570409 11.014674 -2.160819 1.287955 2.046100 -7.556872 -1.901029 -19.818070 -67.839624 -0.000011 -29.221434 -0.000003 5.898197 -13.966571 6.155450 2.466100 -1.576220 2.681682 34.633123 -11.154949 20.382239 10.317226 22.375524 -4.922742 2.647883 -1.528764 1.528759 -16.283839 5.393256 11.804527 1.998913 -1.154078 1.154080 -0.000003 -0.000003 0.000001 9.109294 -0.518012 2.259891 -2.909576 -5.343379 -19.893648 0.730460 2.834864 -28.894699 0.303374 1.862604 -18.501762 -0.000001 -0.000001 -0.000003 9.533396 0.000008 -0.000010 -0.724664 3.070716 -34.949856 0.579096 2.541651 -25.668138 0.407568 2.148889 -21.478351 0.000001 0.000000 -0.000001 9.104514 -0.042995 -1.865108 0.244378 4.333218 -32.106370 0.880801 3.091304 -31.802539 0.978993 3.244073 -33.579546 -0.000003 0.000000 -0.000001 8.077804 -0.486901 -3.806307 0.557548 4.785952 -28.297472 0.460897 2.279635 -22.858487 0.526838 2.430072 -24.463654 -0.000001 -0.000003 0.000000 -8.207801 -6.751716 -1.599519 -16.127284 -7.565109 3.227803 26.370100 2.238429 0.317214 -14.749332 0.586886 -4.965500 -8.080943 0.000010 0.000010 0.000001 0.000000 0.000000 8.207799 -6.751707 -1.599520 -34.281672 -0.963971 2.942293 55.851789 -3.279518 0.048550 -2.900302 0.145710 -4.018894 -7.573397 0.000031 -0.000004 -0.000001 0.000001 -0.000001 
-180.540848 100.572144 0.894567 11.577512 -65.786340 10.004001 0.000008 10.181551 0.131543 5.891045 7.379646 -0.294875 4.207033 4.750665 -0.407742 4.180449 4.776967 -0.387796 0.000001 16.740366 -2.049029 4.751500 5.601002 1.899789 -0.000027 9.617838 1.684980 -4.997784 35.156121 -7.368572 -0.000002 22.037369 7.501077 -0.000001 -0.000000 0.000001 -4.569994 11.014879 -2.160856 -2.707389 6.648525 9.770654 0.059549 31.373132 55.948996 0.000002 12.602169 0.000016 5.346803 -4.578970 -20.860115 -2.464806 -1.573949 2.681907 -0.184855 0.811014 0.379089 14.555157 -10.338189 -17.751404 -2.646266 -1.527810 1.527819 3.082443 6.845677 -24.355264 -1.994586 -1.151582 1.151594 0.000002 -0.000003 0.000001 -9.108315 -0.517872 2.259801 -1.953985 1.211413 24.349884 0.102774 -0.974068 12.047025 0.106950 -0.993362 12.289313 -0.000001 -0.000000 0.000001 -9.532526 0.000024 -0.000003 -0.068666 -3.360483 30.624540 0.243089 -1.486467 18.575051 0.087635 -0.900177 11.120835 -0.000001 0.000000 0.000001 -9.103592 -0.043077 -1.865102 2.118676 -6.841610 32.929189 0.379628 -1.843450 23.271892 0.273419 -1.573775 19.710425 -0.000000 -0.000000 0.000003 -8.076701 -0.486710 -3.806299 0.991103 -5.107808 35.939882 0.407274 -1.906395 24.116689 0.180034 -1.283656 15.966120 -0.000001 -0.000001 -0.000001 4.570409 11.014674 -2.160819 1.287955 2.046100 -7.556872 -1.901029 -19.818070 -67.839624 -0.000011 -29.221434 -0.000003 5.898197 -13.966571 6.155450 2.466100 -1.576220 2.681682 34.633123 -11.154949 20.382239 10.317226 22.375524 -4.922742 2.647883 -1.528764 1.528759 -16.283839 5.393256 11.804527 1.998913 -1.154078 1.154080 -0.000003 -0.000003 0.000001 9.109294 -0.518012 2.259891 -2.909576 -5.343379 -19.893648 0.730460 2.834864 -28.894699 0.303374 1.862604 -18.501762 -0.000001 -0.000001 -0.000003 9.533396 0.000008 -0.000010 -0.724664 3.070716 -34.949856 0.579096 2.541651 -25.668138 0.407568 2.148889 -21.478351 0.000001 0.000000 -0.000001 9.104514 -0.042995 -1.865108 0.244378 4.333218 -32.106370 0.880801 3.091304 -31.802539 0.978993 3.244073 -33.579546 -0.000003 0.000000 -0.000001 8.077804 -0.486901 -3.806307 0.557548 4.785952 -28.297472 0.460897 2.279635 -22.858487 0.526838 2.430072 -24.463654 -0.000001 -0.000003 0.000000 -8.207801 -6.751716 -1.599519 -16.127284 -7.565109 3.227803 26.370100 2.238429 0.317214 -14.749332 0.586886 -4.965500 -8.080943 0.000010 0.000010 0.000001 0.000000 0.000000 8.207799 -6.751707 -1.599520 -34.281672 -0.963971 2.942293 55.851789 -3.279518 0.048550 -2.900302 0.145710 -4.018894 -7.573397 0.000031 -0.000004 -0.000001 0.000001 -0.000001 
-180.540848 100.572144 0.894567 11.577512 -65.786340 10.004001 0.000008 10.181551 0.131543 5.891045 7.379646 -0.294875 4.207033 4.750665 -0.407742 4.180449 4.776967 -0.387796 0.000001 16.740366 -2.049029 4.751500 5.601002 1.899789 -0.000027 9.617838 1.684980 -4.997784 35.156121 -7.368572 -0.000002 22.037369 7.501077 -0.000001 -0.000000 0.000001 -4.569994 11.014879 -2.160856 -2.707389 6.648525 9.770654 0.059549 31.373132 55.948996 0.000002 12.602169 0.000016 5.346803 -4.578970 -20.860115 -2.464806 -1.573949 2.681907 -0.184855 0.811014 0.379089 14.555157 -10.338189 -17.751404 -2.646266 -1.527810 1.527819 3.082443 6.845677 -24.355264 -1.994586 -1.151582 1.151594 0.000002 -0.000003 0.000001 -9.108315 -0.517872 2.259801 -1.953985 1.211413 24.349884 0.102774 -0.974068 12.047025 0.106950 -0.993362 12.289313 -0.000001 -0.000000 0.000001 -9.532526 0.000024 -0.000003 -0.068666 -3.360483 30.624540 0.243089 -1.486467 18.575051 0.087635 -0.900177 11.120835 -0.000001 0.000000 0.000001 -9.103592 -0.043077 -1.865102 2.118676 -6.841610 32.929189 0.379628 -1.843450 23.271892 0.273419 -1.573775 19.710425 -0.000000 -0.000000 0.000003 -8.076701 -0.486710 -3.806299 0.991103 -5.107808 35.939882 0.407274 -1.906395 24.116689 0.180034 -1.283656 15.966120 -0.000001 -0.000001 -0.000001 4.570409 11.014674 -2.160819 1.287955 2.046100 -7.556872 -1.901029 -19.818070 -67.839624 -0.000011 -29.221434 -0.000003 5.898197 -13.966571 6.155450 2.466100 -1.576220 2.681682 34.633123 -11.154949 20.382239 10.317226 22.375524 -4.922742 2.647883 -1.528764 1.528759 -16.283839 5.393256 11.804527 1.998913 -1.154078 1.154080 -0.000003 -0.000003 0.000001 9.109294 -0.518012 2.259891 -2.909576 -5.343379 -19.893648 0.730460 2.834864 -28.894699 0.303374 1.862604 -18.501762 -0.000001 -0.000001 -0.000003 9.533396 0.000008 -0.000010 -0.724664 3.070716 -34.949856 0.579096 2.541651 -25.668138 0.407568 2.148889 -21.478351 0.000001 0.000000 -0.000001 9.104514 -0.042995 -1.865108 0.244378 4.333218 -32.106370 0.880801 3.091304 -31.802539 0.978993 3.244073 -33.579546 -0.000003 0.000000 -0.000001 8.077804 -0.486901 -3.806307 0.557548 4.785952 -28.297472 0.460897 2.279635 -22.858487 0.526838 2.430072 -24.463654 -0.000001 -0.000003 0.000000 -8.207801 -6.751716 -1.599519 -16.127284 -7.565109 3.227803 26.370100 2.238429 0.317214 -14.749332 0.586886 -4.965500 -8.080943 0.000010 0.000010 0.000001 0.000000 0.000000 8.207799 -6.751707 -1.599520 -34.281672 -0.963971 2.942293 55.851789 -3.279518 0.048550 -2.900302 0.145710 -4.018894 -7.573397 0.000031 -0.000004 -0.000001 0.000001 -0.000001 
-180.540848 100.572144 0.894567 11.577512 -65.786340 10.004001 0.000008 10.181551 0.131543 5.891045 7.379646 -0.294875 4.207033 4.750665 -0.407742 4.180449 4.776967 -0.387796 0.000001 16.740366 -2.049029 4.751500 5.601002 1.899789 -0.000027 9.617838 1.684980 -4.997784 35.156121 -7.368572 -0.000002 22.037369 7.501077 -0.000001 -0.000000 0.000001 -4.569994 11.014879 -2.160856 -2.707389 6.648525 9.770654 0.059549 31.373132 55.948996 0.000002 12.602169 0.000016 5.346803 -4.578970 -20.860115 -2.464806 -1.573949 2.681907 -0.184855 0.811014 0.379089 14.555157 -10.338189 -17.751404 -2.646266 -1.527810 1.527819 3.082443 6.845677 -24.355264 -1.994586 -1.151582 1.151594 0.000002 -0.000003 0.000001 -9.108315 -0.517872 2.259801 -1.953985 1.211413 24.349884 0.102774 -0.974068 12.047025 0.106950 -0.993362 12.289313 -0.000001 -0.000000 0.000001 -9.532526 0.000024 -0.000003 -0.068666 -3.360483 30.624540 0.243089 -1.486467 18.575051 0.087635 -0.900177 11.120835 -0.000001 0.000000 0.000001 -9.103592 -0.043077 -1.865102 2.118676 -6.841610 32.929189 0.379628 -1.843450 23.271892 0.273419 -1.573775 19.710425 -0.000000 -0.000000 0.000003 -8.076701 -0.486710 -3.806299 0.991103 -5.107808 35.939882 0.407274 -1.906395 24.116689 0.180034 -1.283656 15.966120 -0.000001 -0.000001 -0.000001 4.570409 11.014674 -2.160819 1.287955 2.046100 -7.556872 -1.901029 -19.818070 -67.839624 -0.000011 -29.221434 -0.000003 5.898197 -13.966571 6.155450 2.466100 -1.576220 2.681682 34.633123 -11.154949 20.382239 10.317226 22.375524 -4.922742 2.647883 -1.528764 1.528759 -16.283839 5.393256 11.804527 1.998913 -1.154078 1.154080 -0.000003 -0.000003 0.000001 9.109294 -0.518012 2.259891 -2.909576 -5.343379 -19.893648 0.730460 2.834864 -28.894699 0.303374 1.862604 -18.501762 -0.000001 -0.000001 -0.000003 9.533396 0.000008 -0.000010 -0.724664 3.070716 -34.949856 0.579096 2.541651 -25.668138 0.407568 2.148889 -21.478351 0.000001 0.000000 -0.000001 9.104514 -0.042995 -1.865108 0.244378 4.333218 -32.106370 0.880801 3.091304 -31.802539 0.978993 3.244073 -33.579546 -0.000003 0.000000 -0.000001 8.077804 -0.486901 -3.806307 0.557548 4.785952 -28.297472 0.460897 2.279635 -22.858487 0.526838 2.430072 -24.463654 -0.000001 -0.000003 0.000000 -8.207801 -6.751716 -1.599519 -16.127284 -7.565109 3.227803 26.370100 2.238429 0.317214 -14.749332 0.586886 -4.965500 -8.080943 0.000010 0.000010 0.000001 0.000000 0.000000 8.207799 -6.751707 -1.599520 -34.281672 -0.963971 2.942293 55.851789 -3.279518 0.048550 -2.900302 0.145710 -4.018894 -7.573397 0.000031 -0.000004 -0.000001 0.000001 -0.000001 
-180.540848 100.572144 0.894567 11.577512 -65.786340 10.004001 0.000008 10.181551 0.131543 5.891045 7.379646 -0.294875 4.207033 4.750665 -0.407742 4.180449 4.776967 -0.387796 0.000001 16.740366 -2.049029 4.751500 5.601002 1.899789 -0.000027 9.617838 1.684980 -4.997784 35.156121 -7.368572 -0.000002 22.037369 7.501077 -0.000001 -0.000000 0.000001 -4.569994 11.014879 -2.160856 -2.707389 6.648525 9.770654 0.059549 31.373132 55.948996 0.000002 12.602169 0.000016 5.346803 -4.578970 -20.860115 -2.464806 -1.573949 2.681907 -0.184855 0.811014 0.379089 14.555157 -10.338189 -17.751404 -2.646266 -1.527810 1.527819 3.082443 6.845677 -24.355264 -1.994586 -1.151582 1.151594 0.000002 -0.000003 0.000001 -9.108315 -0.517872 2.259801 -1.953985 1.211413 24.349884 0.102774 -0.974068 12.047025 0.106950 -0.993362 12.289313 -0.000001 -0.000000 0.000001 -9.532526 0.000024 -0.000003 -0.068666 -3.360483 30.624540 0.243089 -1.486467 18.575051 0.087635 -0.900177 11.120835 -0.000001 0.000000 0.000001 -9.103592 -0.043077 -1.865102 2.118676 -6.841610 32.929189 0.379628 -1.843450 23.271892 0.273419 -1.573775 19.710425 -0.000000 -0.000000 0.000003 -8.076701 -0.486710 -3.806299 0.991103 -5.107808 35.939882 0.407274 -1.906395 24.116689 0.180034 -1.283656 15.966120 -0.000001 -0.000001 -0.000001 4.570409 11.014674 -2.160819 1.287955 2.046100 -7.556872 -1.901029 -19.818070 -67.839624 -0.000011 -29.221434 -0.000003 5.898197 -13.966571 6.155450 2.466100 -1.576220 2.681682 34.633123 -11.154949 20.382239 10.317226 22.375524 -4.922742 2.647883 -1.528764 1.528759 -16.283839 5.393256 11.804527 1.998913 -1.154078 1.154080 -0.000003 -0.000003 0.000001 9.109294 -0.518012 2.259891 -2.909576 -5.343379 -19.893648 0.730460 2.834864 -28.894699 0.303374 1.862604 -18.501762 -0.000001 -0.000001 -0.000003 9.533396 0.000008 -0.000010 -0.724664 3.070716 -34.949856 0.579096 2.541651 -25.668138 0.407568 2.148889 -21.478351 0.000001 0.000000 -0.000001 9.104514 -0.042995 -1.865108 0.244378 4.333218 -32.106370 0.880801 3.091304 -31.802539 0.978993 3.244073 -33.579546 -0.000003 0.000000 -0.000001 8.077804 -0.486901 -3.806307 0.557548 4.785952 -28.297472 0.460897 2.279635 -22.858487 0.526838 2.430072 -24.463654 -0.000001 -0.000003 0.000000 -8.207801 -6.751716 -1.599519 -16.127284 -7.565109 3.227803 26.370100 2.238429 0.317214 -14.749332 0.586886 -4.965500 -8.080943 0.000010 0.000010 0.000001 0.000000 0.000000 8.207799 -6.751707 -1.599520 -34.281672 -0.963971 2.942293 55.851789 -3.279518 0.048550 -2.900302 0.145710 -4.018894 -7.573397 0.000031 -0.000004 -0.000001 0.000001 -0.000001 
-180.540848 100.572144 0.894567 11.577512 -65.786340 10.004001 0.000008 10.181551 0.131543 5.891045 7.379646 -0.294875 4.207033 4.750665 -0.407742 4.180449 4.776967 -0.387796 0.000001 16.740366 -2.049029 4.751500 5.601002 1.899789 -0.000027 9.617838 1.684980 -4.997784 35.156121 -7.368572 -0.000002 22.037369 7.501077 -0.000001 -0.000000 0.000001 -4.569994 11.014879 -2.160856 -2.707389 6.648525 9.770654 0.059549 31.373132 55.948996 0.000002 12.602169 0.000016 5.346803 -4.578970 -20.860115 -2.464806 -1.573949 2.681907 -0.184855 0.811014 0.379089 14.555157 -10.338189 -17.751404 -2.646266 -1.527810 1.527819 3.082443 6.845677 -24.355264 -1.994586 -1.151582 1.151594 0.000002 -0.000003 0.000001 -9.108315 -0.517872 2.259801 -1.953985 1.211413 24.349884 0.102774 -0.974068 12.047025 0.106950 -0.993362 12.289313 -0.000001 -0.000000 0.000001 -9.532526 0.000024 -0.000003 -0.068666 -3.360483 30.624540 0.243089 -1.486467 18.575051 0.087635 -0.900177 11.120835 -0.000001 0.000000 0.000001 -9.103592 -0.043077 -1.865102 2.118676 -6.841610 32.929189 0.379628 -1.843450 23.271892 0.273419 -1.573775 19.710425 -0.000000 -0.000000 0.000003 -8.076701 -0.486710 -3.806299 0.991103 -5.107808 35.939882 0.407274 -1.906395 24.116689 0.180034 -1.283656 15.966120 -0.000001 -0.000001 -0.000001 4.570409 11.014674 -2.160819 1.287955 2.046100 -7.556872 -1.901029 -19.818070 -67.839624 -0.000011 -29.221434 -0.000003 5.898197 -13.966571 6.155450 2.466100 -1.576220 2.681682 34.633123 -11.154949 20.382239 10.317226 22.375524 -4.922742 2.647883 -1.528764 1.528759 -16.283839 5.393256 11.804527 1.998913 -1.154078 1.154080 -0.000003 -0.000003 0.000001 9.109294 -0.518012 2.259891 -2.909576 -5.343379 -19.893648 0.730460 2.834864 -28.894699 0.303374 1.862604 -18.501762 -0.000001 -0.000001 -0.000003 9.533396 0.000008 -0.000010 -0.724664 3.070716 -34.949856 0.579096 2.541651 -25.668138 0.407568 2.148889 -21.478351 0.000001 0.000000 -0.000001 9.104514 -0.042995 -1.865108 0.244378 4.333218 -32.106370 0.880801 3.091304 -31.802539 0.978993 3.244073 -33.579546 -0.000003 0.000000 -0.000001 8.077804 -0.486901 -3.806307 0.557548 4.785952 -28.297472 0.460897 2.279635 -22.858487 0.526838 2.430072 -24.463654 -0.000001 -0.000003 0.000000 -8.207801 -6.751716 -1.599519 -16.127284 -7.565109 3.227803 26.370100 2.238429 0.317214 -14.749332 0.586886 -4.965500 -8.080943 0.000010 0.000010 0.000001 0.000000 0.000000 8.207799 -6.751707 -1.599520 -34.281672 -0.963971 2.942293 55.851789 -3.279518 0.048550 -2.900302 0.145710 -4.018894 -7.573397 0.000031 -0.000004 -0.000001 0.000001 -0.000001 
-180.540848 100.572144 0.894567 11.577512 -65.786340 10.004001 0.000008 10.181551 0.131543 5.891045 7.379646 -0.294875 4.207033 4.750665 -0.407742 4.180449 4.776967 -0.387796 0.000001 16.740366 -2.049029 4.751500 5.601002 1.899789 -0.000027 9.617838 1.684980 -4.997784 35.156121 -7.368572 -0.000002 22.037369 7.501077 -0.000001 -0.000000 0.000001 -4.569994 11.014879 -2.160856 -2.707389 6.648525 9.770654 0.059549 31.373132 55.948996 0.000002 12.602169 0.000016 5.346803 -4.578970 -20.860115 -2.464806 -1.573949 2.681907 -0.184855 0.811014 0.379089 14.555157 -10.338189 -17.751404 -2.646266 -1.527810 1.527819 3.082443 6.845677 -24.355264 -1.994586 -1.151582 1.151594 0.000002 -0.000003 0.000001 -9.108315 -0.517872 2.259801 -1.953985 1.211413 24.349884 0.102774 -0.974068 12.047025 0.106950 -0.993362 12.289313 -0.000001 -0.000000 0.000001 -9.532526 0.000024 -0.000003 -0.068666 -3.360483 30.624540 0.243089 -1.486467 18.575051 0.087635 -0.900177 11.120835 -0.000001 0.000000 0.000001 -9.103592 -0.043077 -1.865102 2.118676 -6.841610 32.929189 0.379628 -1.843450 23.271892 0.273419 -1.573775 19.710425 -0.000000 -0.000000 0.000003 -8.076701 -0.486710 -3.806299 0.991103 -5.107808 35.939882 0.407274 -1.906395 24.116689 0.180034 -1.283656 15.966120 -0.000001 -0.000001 -0.000001 4.570409 11.014674 -2.160819 1.287955 2.046100 -7.556872 -1.901029 -19.818070 -67.839624 -0.000011 -29.221434 -0.000003 5.898197 -13.966571 6.155450 2.466100 -1.576220 2.681682 34.633123 -11.154949 20.382239 10.317226 22.375524 -4.922742 2.647883 -1.528764 1.528759 -16.283839 5.393256 11.804527 1.998913 -1.154078 1.154080 -0.000003 -0.000003 0.000001 9.109294 -0.518012 2.259891 -2.909576 -5.343379 -19.893648 0.730460 2.834864 -28.894699 0.303374 1.862604 -18.501762 -0.000001 -0.000001 -0.000003 9.533396 0.000008 -0.000010 -0.724664 3.070716 -34.949856 0.579096 2.541651 -25.668138 0.407568 2.148889 -21.478351 0.000001 0.000000 -0.000001 9.104514 -0.042995 -1.865108 0.244378 4.333218 -32.106370 0.880801 3.091304 -31.802539 0.978993 3.244073 -33.579546 -0.000003 0.000000 -0.000001 8.077804 -0.486901 -3.806307 0.557548 4.785952 -28.297472 0.460897 2.279635 -22.858487 0.526838 2.430072 -24.463654 -0.000001 -0.000003 0.000000 -8.207801 -6.751716 -1.599519 -16.127284 -7.565109 3.227803 26.370100 2.238429 0.317214 -14.749332 0.586886 -4.965500 -8.080943 0.000010 0.000010 0.000001 0.000000 0.000000 8.207799 -6.751707 -1.599520 -34.281672 -0.963971 2.942293 55.851789 -3.279518 0.048550 -2.900302 0.145710 -4.018894 -7.573397 0.000031 -0.000004 -0.000001 0.000001 -0.000001 
-180.540848 100.572144 0.894567 11.577512 -65.786340 10.004001 0.000008 10.181551 0.131543 5.891045 7.379646 -0.294875 4.207033 4.750665 -0.407742 4.180449 4.776967 -0.387796 0.000001 16.740366 -2.049029 4.751500 5.601002 1.899789 -0.000027 9.617838 1.684980 -4.997784 35.156121 -7.368572 -0.000002 22.037369 7.501077 -0.000001 -0.000000 0.000001 -4.569994 11.014879 -2.160856 -2.707389 6.648525 9.770654 0.059549 31.373132 55.948996 0.000002 12.602169 0.000016 5.346803 -4.578970 -20.860115 -2.464806 -1.573949 2.681907 -0.184855 0.811014 0.379089 14.555157 -10.338189 -17.751404 -2.646266 -1.527810 1.527819 3.082443 6.845677 -24.355264 -1.994586 -1.151582 1.151594 0.000002 -0.000003 0.000001 -9.108315 -0.517872 2.259801 -1.953985 1.211413 24.349884 0.102774 -0.974068 12.047025 0.106950 -0.993362 12.289313 -0.000001 -0.000000 0.000001 -9.532526 0.000024 -0.000003 -0.068666 -3.360483 30.624540 0.243089 -1.486467 18.575051 0.087635 -0.900177 11.120835 -0.000001 0.000000 0.000001 -9.103592 -0.043077 -1.865102 2.118676 -6.841610 32.929189 0.379628 -1.843450 23.271892 0.273419 -1.573775 19.710425 -0.000000 -0.000000 0.000003 -8.076701 -0.486710 -3.806299 0.991103 -5.107808 35.939882 0.407274 -1.906395 24.116689 0.180034 -1.283656 15.966120 -0.000001 -0.000001 -0.000001 4.570409 11.014674 -2.160819 1.287955 2.046100 -7.556872 -1.901029 -19.818070 -67.839624 -0.000011 -29.221434 -0.000003 5.898197 -13.966571 6.155450 2.466100 -1.576220 2.681682 34.633123 -11.154949 20.382239 10.317226 22.375524 -4.922742 2.647883 -1.528764 1.528759 -16.283839 5.393256 11.804527 1.998913 -1.154078 1.154080 -0.000003 -0.000003 0.000001 9.109294 -0.518012 2.259891 -2.909576 -5.343379 -19.893648 0.730460 2.834864 -28.894699 0.303374 1.862604 -18.501762 -0.000001 -0.000001 -0.000003 9.533396 0.000008 -0.000010 -0.724664 3.070716 -34.949856 0.579096 2.541651 -25.668138 0.407568 2.148889 -21.478351 0.000001 0.000000 -0.000001 9.104514 -0.042995 -1.865108 0.244378 4.333218 -32.106370 0.880801 3.091304 -31.802539 0.978993 3.244073 -33.579546 -0.000003 0.000000 -0.000001 8.077804 -0.486901 -3.806307 0.557548 4.785952 -28.297472 0.460897 2.279635 -22.858487 0.526838 2.430072 -24.463654 -0.000001 -0.000003 0.000000 -8.207801 -6.751716 -1.599519 -16.127284 -7.565109 3.227803 26.370100 2.238429 0.317214 -14.749332 0.586886 -4.965500 -8.080943 0.000010 0.000010 0.000001 0.000000 0.000000 8.207799 -6.751707 -1.599520 -34.281672 -0.963971 2.942293 55.851789 -3.279518 0.048550 -2.900302 0.145710 -4.018894 -7.573397 0.000031 -0.000004 -0.000001 0.000001 -0.000001 
-180.540848 100.572144 0.894567 11.577512 -65.786340 10.004001 0.000008 10.181551 0.131543 5.891045 7.379646 -0.294875 4.207033 4.750665 -0.407742 4.180449 4.776967 -0.387796 0.000001 16.740366 -2.049029 4.751500 5.601002 1.899789 -0.000027 9.617838 1.684980 -4.997784 35.156121 -7.368572 -0.000002 22.037369 7.501077 -0.000001 -0.000000 0.000001 -4.569994 11.014879 -2.160856 -2.707389 6.648525 9.770654 0.059549 31.373132 55.948996 0.000002 12.602169 0.000016 5.346803 -4.578970 -20.860115 -2.464806 -1.573949 2.681907 -0.184855 0.811014 0.379089 14.555157 -10.338189 -17.751404 -2.646266 -1.527810 1.527819 3.082443 6.845677 -24.355264 -1.994586 -1.151582 1.151594 0.000002 -0.000003 0.000001 -9.108315 -0.517872 2.259801 -1.953985 1.211413 24.349884 0.102774 -0.974068 12.047025 0.106950 -0.993362 12.289313 -0.000001 -0.000000 0.000001 -9.532526 0.000024 -0.000003 -0.068666 -3.360483 30.624540 0.243089 -1.486467 18.575051 0.087635 -0.900177 11.120835 -0.000001 0.000000 0.000001 -9.103592 -0.043077 -1.865102 2.118676 -6.841610 32.929189 0.379628 -1.843450 23.271892 0.273419 -1.573775 19.710425 -0.000000 -0.000000 0.000003 -8.076701 -0.486710 -3.806299 0.991103 -5.107808 35.939882 0.407274 -1.906395 24.116689 0.180034 -1.283656 15.966120 -0.000001 -0.000001 -0.000001 4.570409 11.014674 -2.160819 1.287955 2.046100 -7.556872 -1.901029 -19.818070 -67.839624 -0.000011 -29.221434 -0.000003 5.898197 -13.966571 6.155450 2.466100 -1.576220 2.681682 34.633123 -11.154949 20.382239 10.317226 22.375524 -4.922742 2.647883 -1.528764 1.528759 -16.283839 5.393256 11.804527 1.998913 -1.154078 1.154080 -0.000003 -0.000003 0.000001 9.109294 -0.518012 2.259891 -2.909576 -5.343379 -19.893648 0.730460 2.834864 -28.894699 0.303374 1.862604 -18.501762 -0.000001 -0.000001 -0.000003 9.533396 0.000008 -0.000010 -0.724664 3.070716 -34.949856 0.579096 2.541651 -25.668138 0.407568 2.148889 -21.478351 0.000001 0.000000 -0.000001 9.104514 -0.042995 -1.865108 0.244378 4.333218 -32.106370 0.880801 3.091304 -31.802539 0.978993 3.244073 -33.579546 -0.000003 0.000000 -0.000001 8.077804 -0.486901 -3.806307 0.557548 4.785952 -28.297472 0.460897 2.279635 -22.858487 0.526838 2.430072 -24.463654 -0.000001 -0.000003 0.000000 -8.207801 -6.751716 -1.599519 -16.127284 -7.565109 3.227803 26.370100 2.238429 0.317214 -14.749332 0.586886 -4.965500 -8.080943 0.000010 0.000010 0.000001 0.000000 0.000000 8.207799 -6.751707 -1.599520 -34.281672 -0.963971 2.942293 55.851789 -3.279518 0.048550 -2.900302 0.145710 -4.018894 -7.573397 0.000031 -0.000004 -0.000001 0.000001 -0.000001 
-180.540848 100.572144 0.894567 11.577512 -65.786340 10.004001 0.000008 10.181551 0.131543 5.891045 7.379646 -0.294875 4.207033 4.750665 -0.407742 4.180449 4.776967 -0.387796 0.000001 16.740366 -2.049029 4.751500 5.601002 1.899789 -0.000027 9.617838 1.684980 -4.997784 35.156121 -7.368572 -0.000002 22.037369 7.501077 -0.000001 -0.000000 0.000001 -4.569994 11.014879 -2.160856 -2.707389 6.648525 9.770654 0.059549 31.373132 55.948996 0.000002 12.602169 0.000016 5.346803 -4.578970 -20.860115 -2.464806 -1.573949 2.681907 -0.184855 0.811014 0.379089 14.555157 -10.338189 -17.751404 -2.646266 -1.527810 1.527819 3.082443 6.845677 -24.355264 -1.994586 -1.151582 1.151594 0.000002 -0.000003 0.000001 -9.108315 -0.517872 2.259801 -1.953985 1.211413 24.349884 0.102774 -0.974068 12.047025 0.106950 -0.993362 12.289313 -0.000001 -0.000000 0.000001 -9.532526 0.000024 -0.000003 -0.068666 -3.360483 30.624540 0.243089 -1.486467 18.575051 0.087635 -0.900177 11.120835 -0.000001 0.000000 0.000001 -9.103592 -0.043077 -1.865102 2.118676 -6.841610 32.929189 0.379628 -1.843450 23.271892 0.273419 -1.573775 19.710425 -0.000000 -0.000000 0.000003 -8.076701 -0.486710 -3.806299 0.991103 -5.107808 35.939882 0.407274 -1.906395 24.116689 0.180034 -1.283656 15.966120 -0.000001 -0.000001 -0.000001 4.570409 11.014674 -2.160819 1.287955 2.046100 -7.556872 -1.901029 -19.818070 -67.839624 -0.000011 -29.221434 -0.000003 5.898197 -13.966571 6.155450 2.466100 -1.576220 2.681682 34.633123 -11.154949 20.382239 10.317226 22.375524 -4.922742 2.647883 -1.528764 1.528759 -16.283839 5.393256 11.804527 1.998913 -1.154078 1.154080 -0.000003 -0.000003 0.000001 9.109294 -0.518012 2.259891 -2.909576 -5.343379 -19.893648 0.730460 2.834864 -28.894699 0.303374 1.862604 -18.501762 -0.000001 -0.000001 -0.000003 9.533396 0.000008 -0.000010 -0.724664 3.070716 -34.949856 0.579096 2.541651 -25.668138 0.407568 2.148889 -21.478351 0.000001 0.000000 -0.000001 9.104514 -0.042995 -1.865108 0.244378 4.333218 -32.106370 0.880801 3.091304 -31.802539 0.978993 3.244073 -33.579546 -0.000003 0.000000 -0.000001 8.077804 -0.486901 -3.806307 0.557548 4.785952 -28.297472 0.460897 2.279635 -22.858487 0.526838 2.430072 -24.463654 -0.000001 -0.000003 0.000000 -8.207801 -6.751716 -1.599519 -16.127284 -7.565109 3.227803 26.370100 2.238429 0.317214 -14.749332 0.586886 -4.965500 -8.080943 0.000010 0.000010 0.000001 0.000000 0.000000 8.207799 -6.751707 -1.599520 -34.281672 -0.963971 2.942293 55.851789 -3.279518 0.048550 -2.900302 0.145710 -4.018894 -7.573397 0.000031 -0.000004 -0.000001 0.000001 -0.000001 
-180.540848 100.572144 0.894567 11.577512 -65.786340 10.004001 0.000008 10.181551 0.131543 5.891045 7.379646 -0.294875 4.207033 4.750665 -0.407742 4.180449 4.776967 -0.387796 0.000001 16.740366 -2.049029 4.751500 5.601002 1.899789 -0.000027 9.617838 1.684980 -4.997784 35.156121 -7.368572 -0.000002 22.037369 7.501077 -0.000001 -0.000000 0.000001 -4.569994 11.014879 -2.160856 -2.707389 6.648525 9.770654 0.059549 31.373132 55.948996 0.000002 12.602169 0.000016 5.346803 -4.578970 -20.860115 -2.464806 -1.573949 2.681907 -0.184855 0.811014 0.379089 14.555157 -10.338189 -17.751404 -2.646266 -1.527810 1.527819 3.082443 6.845677 -24.355264 -1.994586 -1.151582 1.151594 0.000002 -0.000003 0.000001 -9.108315 -0.517872 2.259801 -1.953985 1.211413 24.349884 0.102774 -0.974068 12.047025 0.106950 -0.993362 12.289313 -0.000001 -0.000000 0.000001 -9.532526 0.000024 -0.000003 -0.068666 -3.360483 30.624540 0.243089 -1.486467 18.575051 0.087635 -0.900177 11.120835 -0.000001 0.000000 0.000001 -9.103592 -0.043077 -1.865102 2.118676 -6.841610 32.929189 0.379628 -1.843450 23.271892 0.273419 -1.573775 19.710425 -0.000000 -0.000000 0.000003 -8.076701 -0.486710 -3.806299 0.991103 -5.107808 35.939882 0.407274 -1.906395 24.116689 0.180034 -1.283656 15.966120 -0.000001 -0.000001 -0.000001 4.570409 11.014674 -2.160819 1.287955 2.046100 -7.556872 -1.901029 -19.818070 -67.839624 -0.000011 -29.221434 -0.000003 5.898197 -13.966571 6.155450 2.466100 -1.576220 2.681682 34.633123 -11.154949 20.382239 10.317226 22.375524 -4.922742 2.647883 -1.528764 1.528759 -16.283839 5.393256 11.804527 1.998913 -1.154078 1.154080 -0.000003 -0.000003 0.000001 9.109294 -0.518012 2.259891 -2.909576 -5.343379 -19.893648 0.730460 2.834864 -28.894699 0.303374 1.862604 -18.501762 -0.000001 -0.000001 -0.000003 9.533396 0.000008 -0.000010 -0.724664 3.070716 -34.949856 0.579096 2.541651 -25.668138 0.407568 2.148889 -21.478351 0.000001 0.000000 -0.000001 9.104514 -0.042995 -1.865108 0.244378 4.333218 -32.106370 0.880801 3.091304 -31.802539 0.978993 3.244073 -33.579546 -0.000003 0.000000 -0.000001 8.077804 -0.486901 -3.806307 0.557548 4.785952 -28.297472 0.460897 2.279635 -22.858487 0.526838 2.430072 -24.463654 -0.000001 -0.000003 0.000000 -8.207801 -6.751716 -1.599519 -16.127284 -7.565109 3.227803 26.370100 2.238429 0.317214 -14.749332 0.586886 -4.965500 -8.080943 0.000010 0.000010 0.000001 0.000000 0.000000 8.207799 -6.751707 -1.599520 -34.281672 -0.963971 2.942293 55.851789 -3.279518 0.048550 -2.900302 0.145710 -4.018894 -7.573397 0.000031 -0.000004 -0.000001 0.000001 -0.000001 
-180.540848 100.572144 0.894567 11.577512 -65.786340 10.004001 0.000008 10.181551 0.131543 5.891045 7.379646 -0.294875 4.207033 4.750665 -0.407742 4.180449 4.776967 -0.387796 0.000001 16.740366 -2.049029 4.751500 5.601002 1.899789 -0.000027 9.617838 1.684980 -4.997784 35.156121 -7.368572 -0.000002 22.037369 7.501077 -0.000001 -0.000000 0.000001 -4.569994 11.014879 -2.160856 -2.707389 6.648525 9.770654 0.059549 31.373132 55.948996 0.000002 12.602169 0.000016 5.346803 -4.578970 -20.860115 -2.464806 -1.573949 2.681907 -0.184855 0.811014 0.379089 14.555157 -10.338189 -17.751404 -2.646266 -1.527810 1.527819 3.082443 6.845677 -24.355264 -1.994586 -1.151582 1.151594 0.000002 -0.000003 0.000001 -9.108315 -0.517872 2.259801 -1.953985 1.211413 24.349884 0.102774 -0.974068 12.047025 0.106950 -0.993362 12.289313 -0.000001 -0.000000 0.000001 -9.532526 0.000024 -0.000003 -0.068666 -3.360483 30.624540 0.243089 -1.486467 18.575051 0.087635 -0.900177 11.120835 -0.000001 0.000000 0.000001 -9.103592 -0.043077 -1.865102 2.118676 -6.841610 32.929189 0.379628 -1.843450 23.271892 0.273419 -1.573775 19.710425 -0.000000 -0.000000 0.000003 -8.076701 -0.486710 -3.806299 0.991103 -5.107808 35.939882 0.407274 -1.906395 24.116689 0.180034 -1.283656 15.966120 -0.000001 -0.000001 -0.000001 4.570409 11.014674 -2.160819 1.287955 2.046100 -7.556872 -1.901029 -19.818070 -67.839624 -0.000011 -29.221434 -0.000003 5.898197 -13.966571 6.155450 2.466100 -1.576220 2.681682 34.633123 -11.154949 20.382239 10.317226 22.375524 -4.922742 2.647883 -1.528764 1.528759 -16.283839 5.393256 11.804527 1.998913 -1.154078 1.154080 -0.000003 -0.000003 0.000001 9.109294 -0.518012 2.259891 -2.909576 -5.343379 -19.893648 0.730460 2.834864 -28.894699 0.303374 1.862604 -18.501762 -0.000001 -0.000001 -0.000003 9.533396 0.000008 -0.000010 -0.724664 3.070716 -34.949856 0.579096 2.541651 -25.668138 0.407568 2.148889 -21.478351 0.000001 0.000000 -0.000001 9.104514 -0.042995 -1.865108 0.244378 4.333218 -32.106370 0.880801 3.091304 -31.802539 0.978993 3.244073 -33.579546 -0.000003 0.000000 -0.000001 8.077804 -0.486901 -3.806307 0.557548 4.785952 -28.297472 0.460897 2.279635 -22.858487 0.526838 2.430072 -24.463654 -0.000001 -0.000003 0.000000 -8.207801 -6.751716 -1.599519 -16.127284 -7.565109 3.227803 26.370100 2.238429 0.317214 -14.749332 0.586886 -4.965500 -8.080943 0.000010 0.000010 0.000001 0.000000 0.000000 8.207799 -6.751707 -1.599520 -34.281672 -0.963971 2.942293 55.851789 -3.279518 0.048550 -2.900302 0.145710 -4.018894 -7.573397 0.000031 -0.000004 -0.000001 0.000001 -0.000001 
-180.540848 100.572144 0.894567 11.577512 -65.786340 10.004001 0.000008 10.181551 0.131543 5.891045 7.379646 -0.294875 4.207033 4.750665 -0.407742 4.180449 4.776967 -0.387796 0.000001 16.740366 -2.049029 4.751500 5.601002 1.899789 -0.000027 9.617838 1.684980 -4.997784 35.156121 -7.368572 -0.000002 22.037369 7.501077 -0.000001 -0.000000 0.000001 -4.569994 11.014879 -2.160856 -2.707389 6.648525 9.770654 0.059549 31.373132 55.948996 0.000002 12.602169 0.000016 5.346803 -4.578970 -20.860115 -2.464806 -1.573949 2.681907 -0.184855 0.811014 0.379089 14.555157 -10.338189 -17.751404 -2.646266 -1.527810 1.527819 3.082443 6.845677 -24.355264 -1.994586 -1.151582 1.151594 0.000002 -0.000003 0.000001 -9.108315 -0.517872 2.259801 -1.953985 1.211413 24.349884 0.102774 -0.974068 12.047025 0.106950 -0.993362 12.289313 -0.000001 -0.000000 0.000001 -9.532526 0.000024 -0.000003 -0.068666 -3.360483 30.624540 0.243089 -1.486467 18.575051 0.087635 -0.900177 11.120835 -0.000001 0.000000 0.000001 -9.103592 -0.043077 -1.865102 2.118676 -6.841610 32.929189 0.379628 -1.843450 23.271892 0.273419 -1.573775 19.710425 -0.000000 -0.000000 0.000003 -8.076701 -0.486710 -3.806299 0.991103 -5.107808 35.939882 0.407274 -1.906395 24.116689 0.180034 -1.283656 15.966120 -0.000001 -0.000001 -0.000001 4.570409 11.014674 -2.160819 1.287955 2.046100 -7.556872 -1.901029 -19.818070 -67.839624 -0.000011 -29.221434 -0.000003 5.898197 -13.966571 6.155450 2.466100 -1.576220 2.681682 34.633123 -11.154949 20.382239 10.317226 22.375524 -4.922742 2.647883 -1.528764 1.528759 -16.283839 5.393256 11.804527 1.998913 -1.154078 1.154080 -0.000003 -0.000003 0.000001 9.109294 -0.518012 2.259891 -2.909576 -5.343379 -19.893648 0.730460 2.834864 -28.894699 0.303374 1.862604 -18.501762 -0.000001 -0.000001 -0.000003 9.533396 0.000008 -0.000010 -0.724664 3.070716 -34.949856 0.579096 2.541651 -25.668138 0.407568 2.148889 -21.478351 0.000001 0.000000 -0.000001 9.104514 -0.042995 -1.865108 0.244378 4.333218 -32.106370 0.880801 3.091304 -31.802539 0.978993 3.244073 -33.579546 -0.000003 0.000000 -0.000001 8.077804 -0.486901 -3.806307 0.557548 4.785952 -28.297472 0.460897 2.279635 -22.858487 0.526838 2.430072 -24.463654 -0.000001 -0.000003 0.000000 -8.207801 -6.751716 -1.599519 -16.127284 -7.565109 3.227803 26.370100 2.238429 0.317214 -14.749332 0.586886 -4.965500 -8.080943 0.000010 0.000010 0.000001 0.000000 0.000000 8.207799 -6.751707 -1.599520 -34.281672 -0.963971 2.942293 55.851789 -3.279518 0.048550 -2.900302 0.145710 -4.018894 -7.573397 0.000031 -0.000004 -0.000001 0.000001 -0.000001 
-180.540848 100.572144 0.894567 11.577512 -65.786340 10.004001 0.000008 10.181551 0.131543 5.891045 7.379646 -0.294875 4.207033 4.750665 -0.407742 4.180449 4.776967 -0.387796 0.000001 16.740366 -2.049029 4.751500 5.601002 1.899789 -0.000027 9.617838 1.684980 -4.997784 35.156121 -7.368572 -0.000002 22.037369 7.501077 -0.000001 -0.000000 0.000001 -4.569994 11.014879 -2.160856 -2.707389 6.648525 9.770654 0.059549 31.373132 55.948996 0.000002 12.602169 0.000016 5.346803 -4.578970 -20.860115 -2.464806 -1.573949 2.681907 -0.184855 0.811014 0.379089 14.555157 -10.338189 -17.751404 -2.646266 -1.527810 1.527819 3.082443 6.845677 -24.355264 -1.994586 -1.151582 1.151594 0.000002 -0.000003 0.000001 -9.108315 -0.517872 2.259801 -1.953985 1.211413 24.349884 0.102774 -0.974068 12.047025 0.106950 -0.993362 12.289313 -0.000001 -0.000000 0.000001 -9.532526 0.000024 -0.000003 -0.068666 -3.360483 30.624540 0.243089 -1.486467 18.575051 0.087635 -0.900177 11.120835 -0.000001 0.000000 0.000001 -9.103592 -0.043077 -1.865102 2.118676 -6.841610 32.929189 0.379628 -1.843450 23.271892 0.273419 -1.573775 19.710425 -0.000000 -0.000000 0.000003 -8.076701 -0.486710 -3.806299 0.991103 -5.107808 35.939882 0.407274 -1.906395 24.116689 0.180034 -1.283656 15.966120 -0.000001 -0.000001 -0.000001 4.570409 11.014674 -2.160819 1.287955 2.046100 -7.556872 -1.901029 -19.818070 -67.839624 -0.000011 -29.221434 -0.000003 5.898197 -13.966571 6.155450 2.466100 -1.576220 2.681682 34.633123 -11.154949 20.382239 10.317226 22.375524 -4.922742 2.647883 -1.528764 1.528759 -16.283839 5.393256 11.804527 1.998913 -1.154078 1.154080 -0.000003 -0.000003 0.000001 9.109294 -0.518012 2.259891 -2.909576 -5.343379 -19.893648 0.730460 2.834864 -28.894699 0.303374 1.862604 -18.501762 -0.000001 -0.000001 -0.000003 9.533396 0.000008 -0.000010 -0.724664 3.070716 -34.949856 0.579096 2.541651 -25.668138 0.407568 2.148889 -21.478351 0.000001 0.000000 -0.000001 9.104514 -0.042995 -1.865108 0.244378 4.333218 -32.106370 0.880801 3.091304 -31.802539 0.978993 3.244073 -33.579546 -0.000003 0.000000 -0.000001 8.077804 -0.486901 -3.806307 0.557548 4.785952 -28.297472 0.460897 2.279635 -22.858487 0.526838 2.430072 -24.463654 -0.000001 -0.000003 0.000000 -8.207801 -6.751716 -1.599519 -16.127284 -7.565109 3.227803 26.370100 2.238429 0.317214 -14.749332 0.586886 -4.965500 -8.080943 0.000010 0.000010 0.000001 0.000000 0.000000 8.207799 -6.751707 -1.599520 -34.281672 -0.963971 2.942293 55.851789 -3.279518 0.048550 -2.900302 0.145710 -4.018894 -7.573397 0.000031 -0.000004 -0.000001 0.000001 -0.000001 
-180.540848 100.572144 0.894567 11.577512 -65.786340 10.004001 0.000008 10.181551 0.131543 5.891045 7.379646 -0.294875 4.207033 4.750665 -0.407742 4.180449 4.776967 -0.387796 0.000001 16.740366 -2.049029 4.751500 5.601002 1.899789 -0.000027 9.617838 1.684980 -4.997784 35.156121 -7.368572 -0.000002 22.037369 7.501077 -0.000001 -0.000000 0.000001 -4.569994 11.014879 -2.160856 -2.707389 6.648525 9.770654 0.059549 31.373132 55.948996 0.000002 12.602169 0.000016 5.346803 -4.578970 -20.860115 -2.464806 -1.573949 2.681907 -0.184855 0.811014 0.379089 14.555157 -10.338189 -17.751404 -2.646266 -1.527810 1.527819 3.082443 6.845677 -24.355264 -1.994586 -1.151582 1.151594 0.000002 -0.000003 0.000001 -9.108315 -0.517872 2.259801 -1.953985 1.211413 24.349884 0.102774 -0.974068 12.047025 0.106950 -0.993362 12.289313 -0.000001 -0.000000 0.000001 -9.532526 0.000024 -0.000003 -0.068666 -3.360483 30.624540 0.243089 -1.486467 18.575051 0.087635 -0.900177 11.120835 -0.000001 0.000000 0.000001 -9.103592 -0.043077 -1.865102 2.118676 -6.841610 32.929189 0.379628 -1.843450 23.271892 0.273419 -1.573775 19.710425 -0.000000 -0.000000 0.000003 -8.076701 -0.486710 -3.806299 0.991103 -5.107808 35.939882 0.407274 -1.906395 24.116689 0.180034 -1.283656 15.966120 -0.000001 -0.000001 -0.000001 4.570409 11.014674 -2.160819 1.287955 2.046100 -7.556872 -1.901029 -19.818070 -67.839624 -0.000011 -29.221434 -0.000003 5.898197 -13.966571 6.155450 2.466100 -1.576220 2.681682 34.633123 -11.154949 20.382239 10.317226 22.375524 -4.922742 2.647883 -1.528764 1.528759 -16.283839 5.393256 11.804527 1.998913 -1.154078 1.154080 -0.000003 -0.000003 0.000001 9.109294 -0.518012 2.259891 -2.909576 -5.343379 -19.893648 0.730460 2.834864 -28.894699 0.303374 1.862604 -18.501762 -0.000001 -0.000001 -0.000003 9.533396 0.000008 -0.000010 -0.724664 3.070716 -34.949856 0.579096 2.541651 -25.668138 0.407568 2.148889 -21.478351 0.000001 0.000000 -0.000001 9.104514 -0.042995 -1.865108 0.244378 4.333218 -32.106370 0.880801 3.091304 -31.802539 0.978993 3.244073 -33.579546 -0.000003 0.000000 -0.000001 8.077804 -0.486901 -3.806307 0.557548 4.785952 -28.297472 0.460897 2.279635 -22.858487 0.526838 2.430072 -24.463654 -0.000001 -0.000003 0.000000 -8.207801 -6.751716 -1.599519 -16.127284 -7.565109 3.227803 26.370100 2.238429 0.317214 -14.749332 0.586886 -4.965500 -8.080943 0.000010 0.000010 0.000001 0.000000 0.000000 8.207799 -6.751707 -1.599520 -34.281672 -0.963971 2.942293 55.851789 -3.279518 0.048550 -2.900302 0.145710 -4.018894 -7.573397 0.000031 -0.000004 -0.000001 0.000001 -0.000001 
-180.540848 100.572144 0.894567 11.577512 -65.786340 10.004001 0.000008 10.181551 0.131543 5.891045 7.379646 -0.294875 4.207033 4.750665 -0.407742 4.180449 4.776967 -0.387796 0.000001 16.740366 -2.049029 4.751500 5.601002 1.899789 -0.000027 9.617838 1.684980 -4.997784 35.156121 -7.368572 -0.000002 22.037369 7.501077 -0.000001 -0.000000 0.000001 -4.569994 11.014879 -2.160856 -2.707389 6.648525 9.770654 0.059549 31.373132 55.948996 0.000002 12.602169 0.000016 5.346803 -4.578970 -20.860115 -2.464806 -1.573949 2.681907 -0.184855 0.811014 0.379089 14.555157 -10.338189 -17.751404 -2.646266 -1.527810 1.527819 3.082443 6.845677 -24.355264 -1.994586 -1.151582 1.151594 0.000002 -0.000003 0.000001 -9.108315 -0.517872 2.259801 -1.953985 1.211413 24.349884 0.102774 -0.974068 12.047025 0.106950 -0.993362 12.289313 -0.000001 -0.000000 0.000001 -9.532526 0.000024 -0.000003 -0.068666 -3.360483 30.624540 0.243089 -1.486467 18.575051 0.087635 -0.900177 11.120835 -0.000001 0.000000 0.000001 -9.103592 -0.043077 -1.865102 2.118676 -6.841610 32.929189 0.379628 -1.843450 23.271892 0.273419 -1.573775 19.710425 -0.000000 -0.000000 0.000003 -8.076701 -0.486710 -3.806299 0.991103 -5.107808 35.939882 0.407274 -1.906395 24.116689 0.180034 -1.283656 15.966120 -0.000001 -0.000001 -0.000001 4.570409 11.014674 -2.160819 1.287955 2.046100 -7.556872 -1.901029 -19.818070 -67.839624 -0.000011 -29.221434 -0.000003 5.898197 -13.966571 6.155450 2.466100 -1.576220 2.681682 34.633123 -11.154949 20.382239 10.317226 22.375524 -4.922742 2.647883 -1.528764 1.528759 -16.283839 5.393256 11.804527 1.998913 -1.154078 1.154080 -0.000003 -0.000003 0.000001 9.109294 -0.518012 2.259891 -2.909576 -5.343379 -19.893648 0.730460 2.834864 -28.894699 0.303374 1.862604 -18.501762 -0.000001 -0.000001 -0.000003 9.533396 0.000008 -0.000010 -0.724664 3.070716 -34.949856 0.579096 2.541651 -25.668138 0.407568 2.148889 -21.478351 0.000001 0.000000 -0.000001 9.104514 -0.042995 -1.865108 0.244378 4.333218 -32.106370 0.880801 3.091304 -31.802539 0.978993 3.244073 -33.579546 -0.000003 0.000000 -0.000001 8.077804 -0.486901 -3.806307 0.557548 4.785952 -28.297472 0.460897 2.279635 -22.858487 0.526838 2.430072 -24.463654 -0.000001 -0.000003 0.000000 -8.207801 -6.751716 -1.599519 -16.127284 -7.565109 3.227803 26.370100 2.238429 0.317214 -14.749332 0.586886 -4.965500 -8.080943 0.000010 0.000010 0.000001 0.000000 0.000000 8.207799 -6.751707 -1.599520 -34.281672 -0.963971 2.942293 55.851789 -3.279518 0.048550 -2.900302 0.145710 -4.018894 -7.573397 0.000031 -0.000004 -0.000001 0.000001 -0.000001 
-180.540848 100.572144 0.894567 11.577512 -65.786340 10.004001 0.000008 10.181551 0.131543 5.891045 7.379646 -0.294875 4.207033 4.750665 -0.407742 4.180449 4.776967 -0.387796 0.000001 16.740366 -2.049029 4.751500 5.601002 1.899789 -0.000027 9.617838 1.684980 -4.997784 35.156121 -7.368572 -0.000002 22.037369 7.501077 -0.000001 -0.000000 0.000001 -4.569994 11.014879 -2.160856 -2.707389 6.648525 9.770654 0.059549 31.373132 55.948996 0.000002 12.602169 0.000016 5.346803 -4.578970 -20.860115 -2.464806 -1.573949 2.681907 -0.184855 0.811014 0.379089 14.555157 -10.338189 -17.751404 -2.646266 -1.527810 1.527819 3.082443 6.845677 -24.355264 -1.994586 -1.151582 1.151594 0.000002 -0.000003 0.000001 -9.108315 -0.517872 2.259801 -1.953985 1.211413 24.349884 0.102774 -0.974068 12.047025 0.106950 -0.993362 12.289313 -0.000001 -0.000000 0.000001 -9.532526 0.000024 -0.000003 -0.068666 -3.360483 30.624540 0.243089 -1.486467 18.575051 0.087635 -0.900177 11.120835 -0.000001 0.000000 0.000001 -9.103592 -0.043077 -1.865102 2.118676 -6.841610 32.929189 0.379628 -1.843450 23.271892 0.273419 -1.573775 19.710425 -0.000000 -0.000000 0.000003 -8.076701 -0.486710 -3.806299 0.991103 -5.107808 35.939882 0.407274 -1.906395 24.116689 0.180034 -1.283656 15.966120 -0.000001 -0.000001 -0.000001 4.570409 11.014674 -2.160819 1.287955 2.046100 -7.556872 -1.901029 -19.818070 -67.839624 -0.000011 -29.221434 -0.000003 5.898197 -13.966571 6.155450 2.466100 -1.576220 2.681682 34.633123 -11.154949 20.382239 10.317226 22.375524 -4.922742 2.647883 -1.528764 1.528759 -16.283839 5.393256 11.804527 1.998913 -1.154078 1.154080 -0.000003 -0.000003 0.000001 9.109294 -0.518012 2.259891 -2.909576 -5.343379 -19.893648 0.730460 2.834864 -28.894699 0.303374 1.862604 -18.501762 -0.000001 -0.000001 -0.000003 9.533396 0.000008 -0.000010 -0.724664 3.070716 -34.949856 0.579096 2.541651 -25.668138 0.407568 2.148889 -21.478351 0.000001 0.000000 -0.000001 9.104514 -0.042995 -1.865108 0.244378 4.333218 -32.106370 0.880801 3.091304 -31.802539 0.978993 3.244073 -33.579546 -0.000003 0.000000 -0.000001 8.077804 -0.486901 -3.806307 0.557548 4.785952 -28.297472 0.460897 2.279635 -22.858487 0.526838 2.430072 -24.463654 -0.000001 -0.000003 0.000000 -8.207801 -6.751716 -1.599519 -16.127284 -7.565109 3.227803 26.370100 2.238429 0.317214 -14.749332 0.586886 -4.965500 -8.080943 0.000010 0.000010 0.000001 0.000000 0.000000 8.207799 -6.751707 -1.599520 -34.281672 -0.963971 2.942293 55.851789 -3.279518 0.048550 -2.900302 0.145710 -4.018894 -7.573397 0.000031 -0.000004 -0.000001 0.000001 -0.000001 
-180.540848 100.572144 0.894567 11.577512 -65.786340 10.004001 0.000008 10.181551 0.131543 5.891045 7.379646 -0.294875 4.207033 4.750665 -0.407742 4.180449 4.776967 -0.387796 0.000001 16.740366 -2.049029 4.751500 5.601002 1.899789 -0.000027 9.617838 1.684980 -4.997784 35.156121 -7.368572 -0.000002 22.037369 7.501077 -0.000001 -0.000000 0.000001 -4.569994 11.014879 -2.160856 -2.707389 6.648525 9.770654 0.059549 31.373132 55.948996 0.000002 12.602169 0.000016 5.346803 -4.578970 -20.860115 -2.464806 -1.573949 2.681907 -0.184855 0.811014 0.379089 14.555157 -10.338189 -17.751404 -2.646266 -1.527810 1.527819 3.082443 6.845677 -24.355264 -1.994586 -1.151582 1.151594 0.000002 -0.000003 0.000001 -9.108315 -0.517872 2.259801 -1.953985 1.211413 24.349884 0.102774 -0.974068 12.047025 0.106950 -0.993362 12.289313 -0.000001 -0.000000 0.000001 -9.532526 0.000024 -0.000003 -0.068666 -3.360483 30.624540 0.243089 -1.486467 18.575051 0.087635 -0.900177 11.120835 -0.000001 0.000000 0.000001 -9.103592 -0.043077 -1.865102 2.118676 -6.841610 32.929189 0.379628 -1.843450 23.271892 0.273419 -1.573775 19.710425 -0.000000 -0.000000 0.000003 -8.076701 -0.486710 -3.806299 0.991103 -5.107808 35.939882 0.407274 -1.906395 24.116689 0.180034 -1.283656 15.966120 -0.000001 -0.000001 -0.000001 4.570409 11.014674 -2.160819 1.287955 2.046100 -7.556872 -1.901029 -19.818070 -67.839624 -0.000011 -29.221434 -0.000003 5.898197 -13.966571 6.155450 2.466100 -1.576220 2.681682 34.633123 -11.154949 20.382239 10.317226 22.375524 -4.922742 2.647883 -1.528764 1.528759 -16.283839 5.393256 11.804527 1.998913 -1.154078 1.154080 -0.000003 -0.000003 0.000001 9.109294 -0.518012 2.259891 -2.909576 -5.343379 -19.893648 0.730460 2.834864 -28.894699 0.303374 1.862604 -18.501762 -0.000001 -0.000001 -0.000003 9.533396 0.000008 -0.000010 -0.724664 3.070716 -34.949856 0.579096 2.541651 -25.668138 0.407568 2.148889 -21.478351 0.000001 0.000000 -0.000001 9.104514 -0.042995 -1.865108 0.244378 4.333218 -32.106370 0.880801 3.091304 -31.802539 0.978993 3.244073 -33.579546 -0.000003 0.000000 -0.000001 8.077804 -0.486901 -3.806307 0.557548 4.785952 -28.297472 0.460897 2.279635 -22.858487 0.526838 2.430072 -24.463654 -0.000001 -0.000003 0.000000 -8.207801 -6.751716 -1.599519 -16.127284 -7.565109 3.227803 26.370100 2.238429 0.317214 -14.749332 0.586886 -4.965500 -8.080943 0.000010 0.000010 0.000001 0.000000 0.000000 8.207799 -6.751707 -1.599520 -34.281672 -0.963971 2.942293 55.851789 -3.279518 0.048550 -2.900302 0.145710 -4.018894 -7.573397 0.000031 -0.000004 -0.000001 0.000001 -0.000001 
-180.540848 100.572144 0.894567 11.577512 -65.786340 10.004001 0.000008 10.181551 0.131543 5.891045 7.379646 -0.294875 4.207033 4.750665 -0.407742 4.180449 4.776967 -0.387796 0.000001 16.740366 -2.049029 4.751500 5.601002 1.899789 -0.000027 9.617838 1.684980 -4.997784 35.156121 -7.368572 -0.000002 22.037369 7.501077 -0.000001 -0.000000 0.000001 -4.569994 11.014879 -2.160856 -2.707389 6.648525 9.770654 0.059549 31.373132 55.948996 0.000002 12.602169 0.000016 5.346803 -4.578970 -20.860115 -2.464806 -1.573949 2.681907 -0.184855 0.811014 0.379089 14.555157 -10.338189 -17.751404 -2.646266 -1.527810 1.527819 3.082443 6.845677 -24.355264 -1.994586 -1.151582 1.151594 0.000002 -0.000003 0.000001 -9.108315 -0.517872 2.259801 -1.953985 1.211413 24.349884 0.102774 -0.974068 12.047025 0.106950 -0.993362 12.289313 -0.000001 -0.000000 0.000001 -9.532526 0.000024 -0.000003 -0.068666 -3.360483 30.624540 0.243089 -1.486467 18.575051 0.087635 -0.900177 11.120835 -0.000001 0.000000 0.000001 -9.103592 -0.043077 -1.865102 2.118676 -6.841610 32.929189 0.379628 -1.843450 23.271892 0.273419 -1.573775 19.710425 -0.000000 -0.000000 0.000003 -8.076701 -0.486710 -3.806299 0.991103 -5.107808 35.939882 0.407274 -1.906395 24.116689 0.180034 -1.283656 15.966120 -0.000001 -0.000001 -0.000001 4.570409 11.014674 -2.160819 1.287955 2.046100 -7.556872 -1.901029 -19.818070 -67.839624 -0.000011 -29.221434 -0.000003 5.898197 -13.966571 6.155450 2.466100 -1.576220 2.681682 34.633123 -11.154949 20.382239 10.317226 22.375524 -4.922742 2.647883 -1.528764 1.528759 -16.283839 5.393256 11.804527 1.998913 -1.154078 1.154080 -0.000003 -0.000003 0.000001 9.109294 -0.518012 2.259891 -2.909576 -5.343379 -19.893648 0.730460 2.834864 -28.894699 0.303374 1.862604 -18.501762 -0.000001 -0.000001 -0.000003 9.533396 0.000008 -0.000010 -0.724664 3.070716 -34.949856 0.579096 2.541651 -25.668138 0.407568 2.148889 -21.478351 0.000001 0.000000 -0.000001 9.104514 -0.042995 -1.865108 0.244378 4.333218 -32.106370 0.880801 3.091304 -31.802539 0.978993 3.244073 -33.579546 -0.000003 0.000000 -0.000001 8.077804 -0.486901 -3.806307 0.557548 4.785952 -28.297472 0.460897 2.279635 -22.858487 0.526838 2.430072 -24.463654 -0.000001 -0.000003 0.000000 -8.207801 -6.751716 -1.599519 -16.127284 -7.565109 3.227803 26.370100 2.238429 0.317214 -14.749332 0.586886 -4.965500 -8.080943 0.000010 0.000010 0.000001 0.000000 0.000000 8.207799 -6.751707 -1.599520 -34.281672 -0.963971 2.942293 55.851789 -3.279518 0.048550 -2.900302 0.145710 -4.018894 -7.573397 0.000031 -0.000004 -0.000001 0.000001 -0.000001 
-180.540848 100.572144 0.894567 11.577512 -65.786340 10.004001 0.000008 10.181551 0.131543 5.891045 7.379646 -0.294875 4.207033 4.750665 -0.407742 4.180449 4.776967 -0.387796 0.000001 16.740366 -2.049029 4.751500 5.601002 1.899789 -0.000027 9.617838 1.684980 -4.997784 35.156121 -7.368572 -0.000002 22.037369 7.501077 -0.000001 -0.000000 0.000001 -4.569994 11.014879 -2.160856 -2.707389 6.648525 9.770654 0.059549 31.373132 55.948996 0.000002 12.602169 0.000016 5.346803 -4.578970 -20.860115 -2.464806 -1.573949 2.681907 -0.184855 0.811014 0.379089 14.555157 -10.338189 -17.751404 -2.646266 -1.527810 1.527819 3.082443 6.845677 -24.355264 -1.994586 -1.151582 1.151594 0.000002 -0.000003 0.000001 -9.108315 -0.517872 2.259801 -1.953985 1.211413 24.349884 0.102774 -0.974068 12.047025 0.106950 -0.993362 12.289313 -0.000001 -0.000000 0.000001 -9.532526 0.000024 -0.000003 -0.068666 -3.360483 30.624540 0.243089 -1.486467 18.575051 0.087635 -0.900177 11.120835 -0.000001 0.000000 0.000001 -9.103592 -0.043077 -1.865102 2.118676 -6.841610 32.929189 0.379628 -1.843450 23.271892 0.273419 -1.573775 19.710425 -0.000000 -0.000000 0.000003 -8.076701 -0.486710 -3.806299 0.991103 -5.107808 35.939882 0.407274 -1.906395 24.116689 0.180034 -1.283656 15.966120 -0.000001 -0.000001 -0.000001 4.570409 11.014674 -2.160819 1.287955 2.046100 -7.556872 -1.901029 -19.818070 -67.839624 -0.000011 -29.221434 -0.000003 5.898197 -13.966571 6.155450 2.466100 -1.576220 2.681682 34.633123 -11.154949 20.382239 10.317226 22.375524 -4.922742 2.647883 -1.528764 1.528759 -16.283839 5.393256 11.804527 1.998913 -1.154078 1.154080 -0.000003 -0.000003 0.000001 9.109294 -0.518012 2.259891 -2.909576 -5.343379 -19.893648 0.730460 2.834864 -28.894699 0.303374 1.862604 -18.501762 -0.000001 -0.000001 -0.000003 9.533396 0.000008 -0.000010 -0.724664 3.070716 -34.949856 0.579096 2.541651 -25.668138 0.407568 2.148889 -21.478351 0.000001 0.000000 -0.000001 9.104514 -0.042995 -1.865108 0.244378 4.333218 -32.106370 0.880801 3.091304 -31.802539 0.978993 3.244073 -33.579546 -0.000003 0.000000 -0.000001 8.077804 -0.486901 -3.806307 0.557548 4.785952 -28.297472 0.460897 2.279635 -22.858487 0.526838 2.430072 -24.463654 -0.000001 -0.000003 0.000000 -8.207801 -6.751716 -1.599519 -16.127284 -7.565109 3.227803 26.370100 2.238429 0.317214 -14.749332 0.586886 -4.965500 -8.080943 0.000010 0.000010 0.000001 0.000000 0.000000 8.207799 -6.751707 -1.599520 -34.281672 -0.963971 2.942293 55.851789 -3.279518 0.048550 -2.900302 0.145710 -4.018894 -7.573397 0.000031 -0.000004 -0.000001 0.000001 -0.000001 
-180.540848 100.572144 0.894567 11.577512 -65.786340 10.004001 0.000008 10.181551 0.131543 5.891045 7.379646 -0.294875 4.207033 4.750665 -0.407742 4.180449 4.776967 -0.387796 0.000001 16.740366 -2.049029 4.751500 5.601002 1.899789 -0.000027 9.617838 1.684980 -4.997784 35.156121 -7.368572 -0.000002 22.037369 7.501077 -0.000001 -0.000000 0.000001 -4.569994 11.014879 -2.160856 -2.707389 6.648525 9.770654 0.059549 31.373132 55.948996 0.000002 12.602169 0.000016 5.346803 -4.578970 -20.860115 -2.464806 -1.573949 2.681907 -0.184855 0.811014 0.379089 14.555157 -10.338189 -17.751404 -2.646266 -1.527810 1.527819 3.082443 6.845677 -24.355264 -1.994586 -1.151582 1.151594 0.000002 -0.000003 0.000001 -9.108315 -0.517872 2.259801 -1.953985 1.211413 24.349884 0.102774 -0.974068 12.047025 0.106950 -0.993362 12.289313 -0.000001 -0.000000 0.000001 -9.532526 0.000024 -0.000003 -0.068666 -3.360483 30.624540 0.243089 -1.486467 18.575051 0.087635 -0.900177 11.120835 -0.000001 0.000000 0.000001 -9.103592 -0.043077 -1.865102 2.118676 -6.841610 32.929189 0.379628 -1.843450 23.271892 0.273419 -1.573775 19.710425 -0.000000 -0.000000 0.000003 -8.076701 -0.486710 -3.806299 0.991103 -5.107808 35.939882 0.407274 -1.906395 24.116689 0.180034 -1.283656 15.966120 -0.000001 -0.000001 -0.000001 4.570409 11.014674 -2.160819 1.287955 2.046100 -7.556872 -1.901029 -19.818070 -67.839624 -0.000011 -29.221434 -0.000003 5.898197 -13.966571 6.155450 2.466100 -1.576220 2.681682 34.633123 -11.154949 20.382239 10.317226 22.375524 -4.922742 2.647883 -1.528764 1.528759 -16.283839 5.393256 11.804527 1.998913 -1.154078 1.154080 -0.000003 -0.000003 0.000001 9.109294 -0.518012 2.259891 -2.909576 -5.343379 -19.893648 0.730460 2.834864 -28.894699 0.303374 1.862604 -18.501762 -0.000001 -0.000001 -0.000003 9.533396 0.000008 -0.000010 -0.724664 3.070716 -34.949856 0.579096 2.541651 -25.668138 0.407568 2.148889 -21.478351 0.000001 0.000000 -0.000001 9.104514 -0.042995 -1.865108 0.244378 4.333218 -32.106370 0.880801 3.091304 -31.802539 0.978993 3.244073 -33.579546 -0.000003 0.000000 -0.000001 8.077804 -0.486901 -3.806307 0.557548 4.785952 -28.297472 0.460897 2.279635 -22.858487 0.526838 2.430072 -24.463654 -0.000001 -0.000003 0.000000 -8.207801 -6.751716 -1.599519 -16.127284 -7.565109 3.227803 26.370100 2.238429 0.317214 -14.749332 0.586886 -4.965500 -8.080943 0.000010 0.000010 0.000001 0.000000 0.000000 8.207799 -6.751707 -1.599520 -34.281672 -0.963971 2.942293 55.851789 -3.279518 0.048550 -2.900302 0.145710 -4.018894 -7.573397 0.000031 -0.000004 -0.000001 0.000001 -0.000001 
-180.540848 100.572144 0.894567 11.577512 -65.786340 10.004001 0.000008 10.181551 0.131543 5.891045 7.379646 -0.294875 4.207033 4.750665 -0.407742 4.180449 4.776967 -0.387796 0.000001 16.740366 -2.049029 4.751500 5.601002 1.899789 -0.000027 9.617838 1.684980 -4.997784 35.156121 -7.368572 -0.000002 22.037369 7.501077 -0.000001 -0.000000 0.000001 -4.569994 11.014879 -2.160856 -2.707389 6.648525 9.770654 0.059549 31.373132 55.948996 0.000002 12.602169 0.000016 5.346803 -4.578970 -20.860115 -2.464806 -1.573949 2.681907 -0.184855 0.811014 0.379089 14.555157 -10.338189 -17.751404 -2.646266 -1.527810 1.527819 3.082443 6.845677 -24.355264 -1.994586 -1.151582 1.151594 0.000002 -0.000003 0.000001 -9.108315 -0.517872 2.259801 -1.953985 1.211413 24.349884 0.102774 -0.974068 12.047025 0.106950 -0.993362 12.289313 -0.000001 -0.000000 0.000001 -9.532526 0.000024 -0.000003 -0.068666 -3.360483 30.624540 0.243089 -1.486467 18.575051 0.087635 -0.900177 11.120835 -0.000001 0.000000 0.000001 -9.103592 -0.043077 -1.865102 2.118676 -6.841610 32.929189 0.379628 -1.843450 23.271892 0.273419 -1.573775 19.710425 -0.000000 -0.000000 0.000003 -8.076701 -0.486710 -3.806299 0.991103 -5.107808 35.939882 0.407274 -1.906395 24.116689 0.180034 -1.283656 15.966120 -0.000001 -0.000001 -0.000001 4.570409 11.014674 -2.160819 1.287955 2.046100 -7.556872 -1.901029 -19.818070 -67.839624 -0.000011 -29.221434 -0.000003 5.898197 -13.966571 6.155450 2.466100 -1.576220 2.681682 34.633123 -11.154949 20.382239 10.317226 22.375524 -4.922742 2.647883 -1.528764 1.528759 -16.283839 5.393256 11.804527 1.998913 -1.154078 1.154080 -0.000003 -0.000003 0.000001 9.109294 -0.518012 2.259891 -2.909576 -5.343379 -19.893648 0.730460 2.834864 -28.894699 0.303374 1.862604 -18.501762 -0.000001 -0.000001 -0.000003 9.533396 0.000008 -0.000010 -0.724664 3.070716 -34.949856 0.579096 2.541651 -25.668138 0.407568 2.148889 -21.478351 0.000001 0.000000 -0.000001 9.104514 -0.042995 -1.865108 0.244378 4.333218 -32.106370 0.880801 3.091304 -31.802539 0.978993 3.244073 -33.579546 -0.000003 0.000000 -0.000001 8.077804 -0.486901 -3.806307 0.557548 4.785952 -28.297472 0.460897 2.279635 -22.858487 0.526838 2.430072 -24.463654 -0.000001 -0.000003 0.000000 -8.207801 -6.751716 -1.599519 -16.127284 -7.565109 3.227803 26.370100 2.238429 0.317214 -14.749332 0.586886 -4.965500 -8.080943 0.000010 0.000010 0.000001 0.000000 0.000000 8.207799 -6.751707 -1.599520 -34.281672 -0.963971 2.942293 55.851789 -3.279518 0.048550 -2.900302 0.145710 -4.018894 -7.573397 0.000031 -0.000004 -0.000001 0.000001 -0.000001 
-180.540848 100.572144 0.894567 11.577512 -65.786340 10.004001 0.000008 10.181551 0.131543 5.891045 7.379646 -0.294875 4.207033 4.750665 -0.407742 4.180449 4.776967 -0.387796 0.000001 16.740366 -2.049029 4.751500 5.601002 1.899789 -0.000027 9.617838 1.684980 -4.997784 35.156121 -7.368572 -0.000002 22.037369 7.501077 -0.000001 -0.000000 0.000001 -4.569994 11.014879 -2.160856 -2.707389 6.648525 9.770654 0.059549 31.373132 55.948996 0.000002 12.602169 0.000016 5.346803 -4.578970 -20.860115 -2.464806 -1.573949 2.681907 -0.184855 0.811014 0.379089 14.555157 -10.338189 -17.751404 -2.646266 -1.527810 1.527819 3.082443 6.845677 -24.355264 -1.994586 -1.151582 1.151594 0.000002 -0.000003 0.000001 -9.108315 -0.517872 2.259801 -1.953985 1.211413 24.349884 0.102774 -0.974068 12.047025 0.106950 -0.993362 12.289313 -0.000001 -0.000000 0.000001 -9.532526 0.000024 -0.000003 -0.068666 -3.360483 30.624540 0.243089 -1.486467 18.575051 0.087635 -0.900177 11.120835 -0.000001 0.000000 0.000001 -9.103592 -0.043077 -1.865102 2.118676 -6.841610 32.929189 0.379628 -1.843450 23.271892 0.273419 -1.573775 19.710425 -0.000000 -0.000000 0.000003 -8.076701 -0.486710 -3.806299 0.991103 -5.107808 35.939882 0.407274 -1.906395 24.116689 0.180034 -1.283656 15.966120 -0.000001 -0.000001 -0.000001 4.570409 11.014674 -2.160819 1.287955 2.046100 -7.556872 -1.901029 -19.818070 -67.839624 -0.000011 -29.221434 -0.000003 5.898197 -13.966571 6.155450 2.466100 -1.576220 2.681682 34.633123 -11.154949 20.382239 10.317226 22.375524 -4.922742 2.647883 -1.528764 1.528759 -16.283839 5.393256 11.804527 1.998913 -1.154078 1.154080 -0.000003 -0.000003 0.000001 9.109294 -0.518012 2.259891 -2.909576 -5.343379 -19.893648 0.730460 2.834864 -28.894699 0.303374 1.862604 -18.501762 -0.000001 -0.000001 -0.000003 9.533396 0.000008 -0.000010 -0.724664 3.070716 -34.949856 0.579096 2.541651 -25.668138 0.407568 2.148889 -21.478351 0.000001 0.000000 -0.000001 9.104514 -0.042995 -1.865108 0.244378 4.333218 -32.106370 0.880801 3.091304 -31.802539 0.978993 3.244073 -33.579546 -0.000003 0.000000 -0.000001 8.077804 -0.486901 -3.806307 0.557548 4.785952 -28.297472 0.460897 2.279635 -22.858487 0.526838 2.430072 -24.463654 -0.000001 -0.000003 0.000000 -8.207801 -6.751716 -1.599519 -16.127284 -7.565109 3.227803 26.370100 2.238429 0.317214 -14.749332 0.586886 -4.965500 -8.080943 0.000010 0.000010 0.000001 0.000000 0.000000 8.207799 -6.751707 -1.599520 -34.281672 -0.963971 2.942293 55.851789 -3.279518 0.048550 -2.900302 0.145710 -4.018894 -7.573397 0.000031 -0.000004 -0.000001 0.000001 -0.000001 
-180.540848 100.572144 0.894567 11.577512 -65.786340 10.004001 0.000008 10.181551 0.131543 5.891045 7.379646 -0.294875 4.207033 4.750665 -0.407742 4.180449 4.776967 -0.387796 0.000001 16.740366 -2.049029 4.751500 5.601002 1.899789 -0.000027 9.617838 1.684980 -4.997784 35.156121 -7.368572 -0.000002 22.037369 7.501077 -0.000001 -0.000000 0.000001 -4.569994 11.014879 -2.160856 -2.707389 6.648525 9.770654 0.059549 31.373132 55.948996 0.000002 12.602169 0.000016 5.346803 -4.578970 -20.860115 -2.464806 -1.573949 2.681907 -0.184855 0.811014 0.379089 14.555157 -10.338189 -17.751404 -2.646266 -1.527810 1.527819 3.082443 6.845677 -24.355264 -1.994586 -1.151582 1.151594 0.000002 -0.000003 0.000001 -9.108315 -0.517872 2.259801 -1.953985 1.211413 24.349884 0.102774 -0.974068 12.047025 0.106950 -0.993362 12.289313 -0.000001 -0.000000 0.000001 -9.532526 0.000024 -0.000003 -0.068666 -3.360483 30.624540 0.243089 -1.486467 18.575051 0.087635 -0.900177 11.120835 -0.000001 0.000000 0.000001 -9.103592 -0.043077 -1.865102 2.118676 -6.841610 32.929189 0.379628 -1.843450 23.271892 0.273419 -1.573775 19.710425 -0.000000 -0.000000 0.000003 -8.076701 -0.486710 -3.806299 0.991103 -5.107808 35.939882 0.407274 -1.906395 24.116689 0.180034 -1.283656 15.966120 -0.000001 -0.000001 -0.000001 4.570409 11.014674 -2.160819 1.287955 2.046100 -7.556872 -1.901029 -19.818070 -67.839624 -0.000011 -29.221434 -0.000003 5.898197 -13.966571 6.155450 2.466100 -1.576220 2.681682 34.633123 -11.154949 20.382239 10.317226 22.375524 -4.922742 2.647883 -1.528764 1.528759 -16.283839 5.393256 11.804527 1.998913 -1.154078 1.154080 -0.000003 -0.000003 0.000001 9.109294 -0.518012 2.259891 -2.909576 -5.343379 -19.893648 0.730460 2.834864 -28.894699 0.303374 1.862604 -18.501762 -0.000001 -0.000001 -0.000003 9.533396 0.000008 -0.000010 -0.724664 3.070716 -34.949856 0.579096 2.541651 -25.668138 0.407568 2.148889 -21.478351 0.000001 0.000000 -0.000001 9.104514 -0.042995 -1.865108 0.244378 4.333218 -32.106370 0.880801 3.091304 -31.802539 0.978993 3.244073 -33.579546 -0.000003 0.000000 -0.000001 8.077804 -0.486901 -3.806307 0.557548 4.785952 -28.297472 0.460897 2.279635 -22.858487 0.526838 2.430072 -24.463654 -0.000001 -0.000003 0.000000 -8.207801 -6.751716 -1.599519 -16.127284 -7.565109 3.227803 26.370100 2.238429 0.317214 -14.749332 0.586886 -4.965500 -8.080943 0.000010 0.000010 0.000001 0.000000 0.000000 8.207799 -6.751707 -1.599520 -34.281672 -0.963971 2.942293 55.851789 -3.279518 0.048550 -2.900302 0.145710 -4.018894 -7.573397 0.000031 -0.000004 -0.000001 0.000001 -0.000001 
-180.540848 100.572144 0.894567 11.577512 -65.786340 10.004001 0.000008 10.181551 0.131543 5.891045 7.379646 -0.294875 4.207033 4.750665 -0.407742 4.180449 4.776967 -0.387796 0.000001 16.740366 -2.049029 4.751500 5.601002 1.899789 -0.000027 9.617838 1.684980 -4.997784 35.156121 -7.368572 -0.000002 22.037369 7.501077 -0.000001 -0.000000 0.000001 -4.569994 11.014879 -2.160856 -2.707389 6.648525 9.770654 0.059549 31.373132 55.948996 0.000002 12.602169 0.000016 5.346803 -4.578970 -20.860115 -2.464806 -1.573949 2.681907 -0.184855 0.811014 0.379089 14.555157 -10.338189 -17.751404 -2.646266 -1.527810 1.527819 3.082443 6.845677 -24.355264 -1.994586 -1.151582 1.151594 0.000002 -0.000003 0.000001 -9.108315 -0.517872 2.259801 -1.953985 1.211413 24.349884 0.102774 -0.974068 12.047025 0.106950 -0.993362 12.289313 -0.000001 -0.000000 0.000001 -9.532526 0.000024 -0.000003 -0.068666 -3.360483 30.624540 0.243089 -1.486467 18.575051 0.087635 -0.900177 11.120835 -0.000001 0.000000 0.000001 -9.103592 -0.043077 -1.865102 2.118676 -6.841610 32.929189 0.379628 -1.843450 23.271892 0.273419 -1.573775 19.710425 -0.000000 -0.000000 0.000003 -8.076701 -0.486710 -3.806299 0.991103 -5.107808 35.939882 0.407274 -1.906395 24.116689 0.180034 -1.283656 15.966120 -0.000001 -0.000001 -0.000001 4.570409 11.014674 -2.160819 1.287955 2.046100 -7.556872 -1.901029 -19.818070 -67.839624 -0.000011 -29.221434 -0.000003 5.898197 -13.966571 6.155450 2.466100 -1.576220 2.681682 34.633123 -11.154949 20.382239 10.317226 22.375524 -4.922742 2.647883 -1.528764 1.528759 -16.283839 5.393256 11.804527 1.998913 -1.154078 1.154080 -0.000003 -0.000003 0.000001 9.109294 -0.518012 2.259891 -2.909576 -5.343379 -19.893648 0.730460 2.834864 -28.894699 0.303374 1.862604 -18.501762 -0.000001 -0.000001 -0.000003 9.533396 0.000008 -0.000010 -0.724664 3.070716 -34.949856 0.579096 2.541651 -25.668138 0.407568 2.148889 -21.478351 0.000001 0.000000 -0.000001 9.104514 -0.042995 -1.865108 0.244378 4.333218 -32.106370 0.880801 3.091304 -31.802539 0.978993 3.244073 -33.579546 -0.000003 0.000000 -0.000001 8.077804 -0.486901 -3.806307 0.557548 4.785952 -28.297472 0.460897 2.279635 -22.858487 0.526838 2.430072 -24.463654 -0.000001 -0.000003 0.000000 -8.207801 -6.751716 -1.599519 -16.127284 -7.565109 3.227803 26.370100 2.238429 0.317214 -14.749332 0.586886 -4.965500 -8.080943 0.000010 0.000010 0.000001 0.000000 0.000000 8.207799 -6.751707 -1.599520 -34.281672 -0.963971 2.942293 55.851789 -3.279518 0.048550 -2.900302 0.145710 -4.018894 -7.573397 0.000031 -0.000004 -0.000001 0.000001 -0.000001 
-180.540848 100.572144 0.894567 11.577512 -65.786340 10.004001 0.000008 10.181551 0.131543 5.891045 7.379646 -0.294875 4.207033 4.750665 -0.407742 4.180449 4.776967 -0.387796 0.000001 16.740366 -2.049029 4.751500 5.601002 1.899789 -0.000027 9.617838 1.684980 -4.997784 35.156121 -7.368572 -0.000002 22.037369 7.501077 -0.000001 -0.000000 0.000001 -4.569994 11.014879 -2.160856 -2.707389 6.648525 9.770654 0.059549 31.373132 55.948996 0.000002 12.602169 0.000016 5.346803 -4.578970 -20.860115 -2.464806 -1.573949 2.681907 -0.184855 0.811014 0.379089 14.555157 -10.338189 -17.751404 -2.646266 -1.527810 1.527819 3.082443 6.845677 -24.355264 -1.994586 -1.151582 1.151594 0.000002 -0.000003 0.000001 -9.108315 -0.517872 2.259801 -1.953985 1.211413 24.349884 0.102774 -0.974068 12.047025 0.106950 -0.993362 12.289313 -0.000001 -0.000000 0.000001 -9.532526 0.000024 -0.000003 -0.068666 -3.360483 30.624540 0.243089 -1.486467 18.575051 0.087635 -0.900177 11.120835 -0.000001 0.000000 0.000001 -9.103592 -0.043077 -1.865102 2.118676 -6.841610 32.929189 0.379628 -1.843450 23.271892 0.273419 -1.573775 19.710425 -0.000000 -0.000000 0.000003 -8.076701 -0.486710 -3.806299 0.991103 -5.107808 35.939882 0.407274 -1.906395 24.116689 0.180034 -1.283656 15.966120 -0.000001 -0.000001 -0.000001 4.570409 11.014674 -2.160819 1.287955 2.046100 -7.556872 -1.901029 -19.818070 -67.839624 -0.000011 -29.221434 -0.000003 5.898197 -13.966571 6.155450 2.466100 -1.576220 2.681682 34.633123 -11.154949 20.382239 10.317226 22.375524 -4.922742 2.647883 -1.528764 1.528759 -16.283839 5.393256 11.804527 1.998913 -1.154078 1.154080 -0.000003 -0.000003 0.000001 9.109294 -0.518012 2.259891 -2.909576 -5.343379 -19.893648 0.730460 2.834864 -28.894699 0.303374 1.862604 -18.501762 -0.000001 -0.000001 -0.000003 9.533396 0.000008 -0.000010 -0.724664 3.070716 -34.949856 0.579096 2.541651 -25.668138 0.407568 2.148889 -21.478351 0.000001 0.000000 -0.000001 9.104514 -0.042995 -1.865108 0.244378 4.333218 -32.106370 0.880801 3.091304 -31.802539 0.978993 3.244073 -33.579546 -0.000003 0.000000 -0.000001 8.077804 -0.486901 -3.806307 0.557548 4.785952 -28.297472 0.460897 2.279635 -22.858487 0.526838 2.430072 -24.463654 -0.000001 -0.000003 0.000000 -8.207801 -6.751716 -1.599519 -16.127284 -7.565109 3.227803 26.370100 2.238429 0.317214 -14.749332 0.586886 -4.965500 -8.080943 0.000010 0.000010 0.000001 0.000000 0.000000 8.207799 -6.751707 -1.599520 -34.281672 -0.963971 2.942293 55.851789 -3.279518 0.048550 -2.900302 0.145710 -4.018894 -7.573397 0.000031 -0.000004 -0.000001 0.000001 -0.000001 
-180.540848 100.572144 0.894567 11.577512 -65.786340 10.004001 0.000008 10.181551 0.131543 5.891045 7.379646 -0.294875 4.207033 4.750665 -0.407742 4.180449 4.776967 -0.387796 0.000001 16.740366 -2.049029 4.751500 5.601002 1.899789 -0.000027 9.617838 1.684980 -4.997784 35.156121 -7.368572 -0.000002 22.037369 7.501077 -0.000001 -0.000000 0.000001 -4.569994 11.014879 -2.160856 -2.707389 6.648525 9.770654 0.059549 31.373132 55.948996 0.000002 12.602169 0.000016 5.346803 -4.578970 -20.860115 -2.464806 -1.573949 2.681907 -0.184855 0.811014 0.379089 14.555157 -10.338189 -17.751404 -2.646266 -1.527810 1.527819 3.082443 6.845677 -24.355264 -1.994586 -1.151582 1.151594 0.000002 -0.000003 0.000001 -9.108315 -0.517872 2.259801 -1.953985 1.211413 24.349884 0.102774 -0.974068 12.047025 0.106950 -0.993362 12.289313 -0.000001 -0.000000 0.000001 -9.532526 0.000024 -0.000003 -0.068666 -3.360483 30.624540 0.243089 -1.486467 18.575051 0.087635 -0.900177 11.120835 -0.000001 0.000000 0.000001 -9.103592 -0.043077 -1.865102 2.118676 -6.841610 32.929189 0.379628 -1.843450 23.271892 0.273419 -1.573775 19.710425 -0.000000 -0.000000 0.000003 -8.076701 -0.486710 -3.806299 0.991103 -5.107808 35.939882 0.407274 -1.906395 24.116689 0.180034 -1.283656 15.966120 -0.000001 -0.000001 -0.000001 4.570409 11.014674 -2.160819 1.287955 2.046100 -7.556872 -1.901029 -19.818070 -67.839624 -0.000011 -29.221434 -0.000003 5.898197 -13.966571 6.155450 2.466100 -1.576220 2.681682 34.633123 -11.154949 20.382239 10.317226 22.375524 -4.922742 2.647883 -1.528764 1.528759 -16.283839 5.393256 11.804527 1.998913 -1.154078 1.154080 -0.000003 -0.000003 0.000001 9.109294 -0.518012 2.259891 -2.909576 -5.343379 -19.893648 0.730460 2.834864 -28.894699 0.303374 1.862604 -18.501762 -0.000001 -0.000001 -0.000003 9.533396 0.000008 -0.000010 -0.724664 3.070716 -34.949856 0.579096 2.541651 -25.668138 0.407568 2.148889 -21.478351 0.000001 0.000000 -0.000001 9.104514 -0.042995 -1.865108 0.244378 4.333218 -32.106370 0.880801 3.091304 -31.802539 0.978993 3.244073 -33.579546 -0.000003 0.000000 -0.000001 8.077804 -0.486901 -3.806307 0.557548 4.785952 -28.297472 0.460897 2.279635 -22.858487 0.526838 2.430072 -24.463654 -0.000001 -0.000003 0.000000 -8.207801 -6.751716 -1.599519 -16.127284 -7.565109 3.227803 26.370100 2.238429 0.317214 -14.749332 0.586886 -4.965500 -8.080943 0.000010 0.000010 0.000001 0.000000 0.000000 8.207799 -6.751707 -1.599520 -34.281672 -0.963971 2.942293 55.851789 -3.279518 0.048550 -2.900302 0.145710 -4.018894 -7.573397 0.000031 -0.000004 -0.000001 0.000001 -0.000001 
-180.540848 100.572144 0.894567 11.577512 -65.786340 10.004001 0.000008 10.181551 0.131543 5.891045 7.379646 -0.294875 4.207033 4.750665 -0.407742 4.180449 4.776967 -0.387796 0.000001 16.740366 -2.049029 4.751500 5.601002 1.899789 -0.000027 9.617838 1.684980 -4.997784 35.156121 -7.368572 -0.000002 22.037369 7.501077 -0.000001 -0.000000 0.000001 -4.569994 11.014879 -2.160856 -2.707389 6.648525 9.770654 0.059549 31.373132 55.948996 0.000002 12.602169 0.000016 5.346803 -4.578970 -20.860115 -2.464806 -1.573949 2.681907 -0.184855 0.811014 0.379089 14.555157 -10.338189 -17.751404 -2.646266 -1.527810 1.527819 3.082443 6.845677 -24.355264 -1.994586 -1.151582 1.151594 0.000002 -0.000003 0.000001 -9.108315 -0.517872 2.259801 -1.953985 1.211413 24.349884 0.102774 -0.974068 12.047025 0.106950 -0.993362 12.289313 -0.000001 -0.000000 0.000001 -9.532526 0.000024 -0.000003 -0.068666 -3.360483 30.624540 0.243089 -1.486467 18.575051 0.087635 -0.900177 11.120835 -0.000001 0.000000 0.000001 -9.103592 -0.043077 -1.865102 2.118676 -6.841610 32.929189 0.379628 -1.843450 23.271892 0.273419 -1.573775 19.710425 -0.000000 -0.000000 0.000003 -8.076701 -0.486710 -3.806299 0.991103 -5.107808 35.939882 0.407274 -1.906395 24.116689 0.180034 -1.283656 15.966120 -0.000001 -0.000001 -0.000001 4.570409 11.014674 -2.160819 1.287955 2.046100 -7.556872 -1.901029 -19.818070 -67.839624 -0.000011 -29.221434 -0.000003 5.898197 -13.966571 6.155450 2.466100 -1.576220 2.681682 34.633123 -11.154949 20.382239 10.317226 22.375524 -4.922742 2.647883 -1.528764 1.528759 -16.283839 5.393256 11.804527 1.998913 -1.154078 1.154080 -0.000003 -0.000003 0.000001 9.109294 -0.518012 2.259891 -2.909576 -5.343379 -19.893648 0.730460 2.834864 -28.894699 0.303374 1.862604 -18.501762 -0.000001 -0.000001 -0.000003 9.533396 0.000008 -0.000010 -0.724664 3.070716 -34.949856 0.579096 2.541651 -25.668138 0.407568 2.148889 -21.478351 0.000001 0.000000 -0.000001 9.104514 -0.042995 -1.865108 0.244378 4.333218 -32.106370 0.880801 3.091304 -31.802539 0.978993 3.244073 -33.579546 -0.000003 0.000000 -0.000001 8.077804 -0.486901 -3.806307 0.557548 4.785952 -28.297472 0.460897 2.279635 -22.858487 0.526838 2.430072 -24.463654 -0.000001 -0.000003 0.000000 -8.207801 -6.751716 -1.599519 -16.127284 -7.565109 3.227803 26.370100 2.238429 0.317214 -14.749332 0.586886 -4.965500 -8.080943 0.000010 0.000010 0.000001 0.000000 0.000000 8.207799 -6.751707 -1.599520 -34.281672 -0.963971 2.942293 55.851789 -3.279518 0.048550 -2.900302 0.145710 -4.018894 -7.573397 0.000031 -0.000004 -0.000001 0.000001 -0.000001 
-180.540848 100.572144 0.894567 11.577512 -65.786340 10.004001 0.000008 10.181551 0.131543 5.891045 7.379646 -0.294875 4.207033 4.750665 -0.407742 4.180449 4.776967 -0.387796 0.000001 16.740366 -2.049029 4.751500 5.601002 1.899789 -0.000027 9.617838 1.684980 -4.997784 35.156121 -7.368572 -0.000002 22.037369 7.501077 -0.000001 -0.000000 0.000001 -4.569994 11.014879 -2.160856 -2.707389 6.648525 9.770654 0.059549 31.373132 55.948996 0.000002 12.602169 0.000016 5.346803 -4.578970 -20.860115 -2.464806 -1.573949 2.681907 -0.184855 0.811014 0.379089 14.555157 -10.338189 -17.751404 -2.646266 -1.527810 1.527819 3.082443 6.845677 -24.355264 -1.994586 -1.151582 1.151594 0.000002 -0.000003 0.000001 -9.108315 -0.517872 2.259801 -1.953985 1.211413 24.349884 0.102774 -0.974068 12.047025 0.106950 -0.993362 12.289313 -0.000001 -0.000000 0.000001 -9.532526 0.000024 -0.000003 -0.068666 -3.360483 30.624540 0.243089 -1.486467 18.575051 0.087635 -0.900177 11.120835 -0.000001 0.000000 0.000001 -9.103592 -0.043077 -1.865102 2.118676 -6.841610 32.929189 0.379628 -1.843450 23.271892 0.273419 -1.573775 19.710425 -0.000000 -0.000000 0.000003 -8.076701 -0.486710 -3.806299 0.991103 -5.107808 35.939882 0.407274 -1.906395 24.116689 0.180034 -1.283656 15.966120 -0.000001 -0.000001 -0.000001 4.570409 11.014674 -2.160819 1.287955 2.046100 -7.556872 -1.901029 -19.818070 -67.839624 -0.000011 -29.221434 -0.000003 5.898197 -13.966571 6.155450 2.466100 -1.576220 2.681682 34.633123 -11.154949 20.382239 10.317226 22.375524 -4.922742 2.647883 -1.528764 1.528759 -16.283839 5.393256 11.804527 1.998913 -1.154078 1.154080 -0.000003 -0.000003 0.000001 9.109294 -0.518012 2.259891 -2.909576 -5.343379 -19.893648 0.730460 2.834864 -28.894699 0.303374 1.862604 -18.501762 -0.000001 -0.000001 -0.000003 9.533396 0.000008 -0.000010 -0.724664 3.070716 -34.949856 0.579096 2.541651 -25.668138 0.407568 2.148889 -21.478351 0.000001 0.000000 -0.000001 9.104514 -0.042995 -1.865108 0.244378 4.333218 -32.106370 0.880801 3.091304 -31.802539 0.978993 3.244073 -33.579546 -0.000003 0.000000 -0.000001 8.077804 -0.486901 -3.806307 0.557548 4.785952 -28.297472 0.460897 2.279635 -22.858487 0.526838 2.430072 -24.463654 -0.000001 -0.000003 0.000000 -8.207801 -6.751716 -1.599519 -16.127284 -7.565109 3.227803 26.370100 2.238429 0.317214 -14.749332 0.586886 -4.965500 -8.080943 0.000010 0.000010 0.000001 0.000000 0.000000 8.207799 -6.751707 -1.599520 -34.281672 -0.963971 2.942293 55.851789 -3.279518 0.048550 -2.900302 0.145710 -4.018894 -7.573397 0.000031 -0.000004 -0.000001 0.000001 -0.000001 
-180.540848 100.572144 0.894567 11.577512 -65.786340 10.004001 0.000008 10.181551 0.131543 5.891045 7.379646 -0.294875 4.207033 4.750665 -0.407742 4.180449 4.776967 -0.387796 0.000001 16.740366 -2.049029 4.751500 5.601002 1.899789 -0.000027 9.617838 1.684980 -4.997784 35.156121 -7.368572 -0.000002 22.037369 7.501077 -0.000001 -0.000000 0.000001 -4.569994 11.014879 -2.160856 -2.707389 6.648525 9.770654 0.059549 31.373132 55.948996 0.000002 12.602169 0.000016 5.346803 -4.578970 -20.860115 -2.464806 -1.573949 2.681907 -0.184855 0.811014 0.379089 14.555157 -10.338189 -17.751404 -2.646266 -1.527810 1.527819 3.082443 6.845677 -24.355264 -1.994586 -1.151582 1.151594 0.000002 -0.000003 0.000001 -9.108315 -0.517872 2.259801 -1.953985 1.211413 24.349884 0.102774 -0.974068 12.047025 0.106950 -0.993362 12.289313 -0.000001 -0.000000 0.000001 -9.532526 0.000024 -0.000003 -0.068666 -3.360483 30.624540 0.243089 -1.486467 18.575051 0.087635 -0.900177 11.120835 -0.000001 0.000000 0.000001 -9.103592 -0.043077 -1.865102 2.118676 -6.841610 32.929189 0.379628 -1.843450 23.271892 0.273419 -1.573775 19.710425 -0.000000 -0.000000 0.000003 -8.076701 -0.486710 -3.806299 0.991103 -5.107808 35.939882 0.407274 -1.906395 24.116689 0.180034 -1.283656 15.966120 -0.000001 -0.000001 -0.000001 4.570409 11.014674 -2.160819 1.287955 2.046100 -7.556872 -1.901029 -19.818070 -67.839624 -0.000011 -29.221434 -0.000003 5.898197 -13.966571 6.155450 2.466100 -1.576220 2.681682 34.633123 -11.154949 20.382239 10.317226 22.375524 -4.922742 2.647883 -1.528764 1.528759 -16.283839 5.393256 11.804527 1.998913 -1.154078 1.154080 -0.000003 -0.000003 0.000001 9.109294 -0.518012 2.259891 -2.909576 -5.343379 -19.893648 0.730460 2.834864 -28.894699 0.303374 1.862604 -18.501762 -0.000001 -0.000001 -0.000003 9.533396 0.000008 -0.000010 -0.724664 3.070716 -34.949856 0.579096 2.541651 -25.668138 0.407568 2.148889 -21.478351 0.000001 0.000000 -0.000001 9.104514 -0.042995 -1.865108 0.244378 4.333218 -32.106370 0.880801 3.091304 -31.802539 0.978993 3.244073 -33.579546 -0.000003 0.000000 -0.000001 8.077804 -0.486901 -3.806307 0.557548 4.785952 -28.297472 0.460897 2.279635 -22.858487 0.526838 2.430072 -24.463654 -0.000001 -0.000003 0.000000 -8.207801 -6.751716 -1.599519 -16.127284 -7.565109 3.227803 26.370100 2.238429 0.317214 -14.749332 0.586886 -4.965500 -8.080943 0.000010 0.000010 0.000001 0.000000 0.000000 8.207799 -6.751707 -1.599520 -34.281672 -0.963971 2.942293 55.851789 -3.279518 0.048550 -2.900302 0.145710 -4.018894 -7.573397 0.000031 -0.000004 -0.000001 0.000001 -0.000001 
-180.540848 100.572144 0.894567 11.577512 -65.786340 10.004001 0.000008 10.181551 0.131543 5.891045 7.379646 -0.294875 4.207033 4.750665 -0.407742 4.180449 4.776967 -0.387796 0.000001 16.740366 -2.049029 4.751500 5.601002 1.899789 -0.000027 9.617838 1.684980 -4.997784 35.156121 -7.368572 -0.000002 22.037369 7.501077 -0.000001 -0.000000 0.000001 -4.569994 11.014879 -2.160856 -2.707389 6.648525 9.770654 0.059549 31.373132 55.948996 0.000002 12.602169 0.000016 5.346803 -4.578970 -20.860115 -2.464806 -1.573949 2.681907 -0.184855 0.811014 0.379089 14.555157 -10.338189 -17.751404 -2.646266 -1.527810 1.527819 3.082443 6.845677 -24.355264 -1.994586 -1.151582 1.151594 0.000002 -0.000003 0.000001 -9.108315 -0.517872 2.259801 -1.953985 1.211413 24.349884 0.102774 -0.974068 12.047025 0.106950 -0.993362 12.289313 -0.000001 -0.000000 0.000001 -9.532526 0.000024 -0.000003 -0.068666 -3.360483 30.624540 0.243089 -1.486467 18.575051 0.087635 -0.900177 11.120835 -0.000001 0.000000 0.000001 -9.103592 -0.043077 -1.865102 2.118676 -6.841610 32.929189 0.379628 -1.843450 23.271892 0.273419 -1.573775 19.710425 -0.000000 -0.000000 0.000003 -8.076701 -0.486710 -3.806299 0.991103 -5.107808 35.939882 0.407274 -1.906395 24.116689 0.180034 -1.283656 15.966120 -0.000001 -0.000001 -0.000001 4.570409 11.014674 -2.160819 1.287955 2.046100 -7.556872 -1.901029 -19.818070 -67.839624 -0.000011 -29.221434 -0.000003 5.898197 -13.966571 6.155450 2.466100 -1.576220 2.681682 34.633123 -11.154949 20.382239 10.317226 22.375524 -4.922742 2.647883 -1.528764 1.528759 -16.283839 5.393256 11.804527 1.998913 -1.154078 1.154080 -0.000003 -0.000003 0.000001 9.109294 -0.518012 2.259891 -2.909576 -5.343379 -19.893648 0.730460 2.834864 -28.894699 0.303374 1.862604 -18.501762 -0.000001 -0.000001 -0.000003 9.533396 0.000008 -0.000010 -0.724664 3.070716 -34.949856 0.579096 2.541651 -25.668138 0.407568 2.148889 -21.478351 0.000001 0.000000 -0.000001 9.104514 -0.042995 -1.865108 0.244378 4.333218 -32.106370 0.880801 3.091304 -31.802539 0.978993 3.244073 -33.579546 -0.000003 0.000000 -0.000001 8.077804 -0.486901 -3.806307 0.557548 4.785952 -28.297472 0.460897 2.279635 -22.858487 0.526838 2.430072 -24.463654 -0.000001 -0.000003 0.000000 -8.207801 -6.751716 -1.599519 -16.127284 -7.565109 3.227803 26.370100 2.238429 0.317214 -14.749332 0.586886 -4.965500 -8.080943 0.000010 0.000010 0.000001 0.000000 0.000000 8.207799 -6.751707 -1.599520 -34.281672 -0.963971 2.942293 55.851789 -3.279518 0.048550 -2.900302 0.145710 -4.018894 -7.573397 0.000031 -0.000004 -0.000001 0.000001 -0.000001 
-180.540848 100.572144 0.894567 11.577512 -65.786340 10.004001 0.000008 10.181551 0.131543 5.891045 7.379646 -0.294875 4.207033 4.750665 -0.407742 4.180449 4.776967 -0.387796 0.000001 16.740366 -2.049029 4.751500 5.601002 1.899789 -0.000027 9.617838 1.684980 -4.997784 35.156121 -7.368572 -0.000002 22.037369 7.501077 -0.000001 -0.000000 0.000001 -4.569994 11.014879 -2.160856 -2.707389 6.648525 9.770654 0.059549 31.373132 55.948996 0.000002 12.602169 0.000016 5.346803 -4.578970 -20.860115 -2.464806 -1.573949 2.681907 -0.184855 0.811014 0.379089 14.555157 -10.338189 -17.751404 -2.646266 -1.527810 1.527819 3.082443 6.845677 -24.355264 -1.994586 -1.151582 1.151594 0.000002 -0.000003 0.000001 -9.108315 -0.517872 2.259801 -1.953985 1.211413 24.349884 0.102774 -0.974068 12.047025 0.106950 -0.993362 12.289313 -0.000001 -0.000000 0.000001 -9.532526 0.000024 -0.000003 -0.068666 -3.360483 30.624540 0.243089 -1.486467 18.575051 0.087635 -0.900177 11.120835 -0.000001 0.000000 0.000001 -9.103592 -0.043077 -1.865102 2.118676 -6.841610 32.929189 0.379628 -1.843450 23.271892 0.273419 -1.573775 19.710425 -0.000000 -0.000000 0.000003 -8.076701 -0.486710 -3.806299 0.991103 -5.107808 35.939882 0.407274 -1.906395 24.116689 0.180034 -1.283656 15.966120 -0.000001 -0.000001 -0.000001 4.570409 11.014674 -2.160819 1.287955 2.046100 -7.556872 -1.901029 -19.818070 -67.839624 -0.000011 -29.221434 -0.000003 5.898197 -13.966571 6.155450 2.466100 -1.576220 2.681682 34.633123 -11.154949 20.382239 10.317226 22.375524 -4.922742 2.647883 -1.528764 1.528759 -16.283839 5.393256 11.804527 1.998913 -1.154078 1.154080 -0.000003 -0.000003 0.000001 9.109294 -0.518012 2.259891 -2.909576 -5.343379 -19.893648 0.730460 2.834864 -28.894699 0.303374 1.862604 -18.501762 -0.000001 -0.000001 -0.000003 9.533396 0.000008 -0.000010 -0.724664 3.070716 -34.949856 0.579096 2.541651 -25.668138 0.407568 2.148889 -21.478351 0.000001 0.000000 -0.000001 9.104514 -0.042995 -1.865108 0.244378 4.333218 -32.106370 0.880801 3.091304 -31.802539 0.978993 3.244073 -33.579546 -0.000003 0.000000 -0.000001 8.077804 -0.486901 -3.806307 0.557548 4.785952 -28.297472 0.460897 2.279635 -22.858487 0.526838 2.430072 -24.463654 -0.000001 -0.000003 0.000000 -8.207801 -6.751716 -1.599519 -16.127284 -7.565109 3.227803 26.370100 2.238429 0.317214 -14.749332 0.586886 -4.965500 -8.080943 0.000010 0.000010 0.000001 0.000000 0.000000 8.207799 -6.751707 -1.599520 -34.281672 -0.963971 2.942293 55.851789 -3.279518 0.048550 -2.900302 0.145710 -4.018894 -7.573397 0.000031 -0.000004 -0.000001 0.000001 -0.000001 
-180.540848 100.572144 0.894567 11.577512 -65.786340 10.004001 0.000008 10.181551 0.131543 5.891045 7.379646 -0.294875 4.207033 4.750665 -0.407742 4.180449 4.776967 -0.387796 0.000001 16.740366 -2.049029 4.751500 5.601002 1.899789 -0.000027 9.617838 1.684980 -4.997784 35.156121 -7.368572 -0.000002 22.037369 7.501077 -0.000001 -0.000000 0.000001 -4.569994 11.014879 -2.160856 -2.707389 6.648525 9.770654 0.059549 31.373132 55.948996 0.000002 12.602169 0.000016 5.346803 -4.578970 -20.860115 -2.464806 -1.573949 2.681907 -0.184855 0.811014 0.379089 14.555157 -10.338189 -17.751404 -2.646266 -1.527810 1.527819 3.082443 6.845677 -24.355264 -1.994586 -1.151582 1.151594 0.000002 -0.000003 0.000001 -9.108315 -0.517872 2.259801 -1.953985 1.211413 24.349884 0.102774 -0.974068 12.047025 0.106950 -0.993362 12.289313 -0.000001 -0.000000 0.000001 -9.532526 0.000024 -0.000003 -0.068666 -3.360483 30.624540 0.243089 -1.486467 18.575051 0.087635 -0.900177 11.120835 -0.000001 0.000000 0.000001 -9.103592 -0.043077 -1.865102 2.118676 -6.841610 32.929189 0.379628 -1.843450 23.271892 0.273419 -1.573775 19.710425 -0.000000 -0.000000 0.000003 -8.076701 -0.486710 -3.806299 0.991103 -5.107808 35.939882 0.407274 -1.906395 24.116689 0.180034 -1.283656 15.966120 -0.000001 -0.000001 -0.000001 4.570409 11.014674 -2.160819 1.287955 2.046100 -7.556872 -1.901029 -19.818070 -67.839624 -0.000011 -29.221434 -0.000003 5.898197 -13.966571 6.155450 2.466100 -1.576220 2.681682 34.633123 -11.154949 20.382239 10.317226 22.375524 -4.922742 2.647883 -1.528764 1.528759 -16.283839 5.393256 11.804527 1.998913 -1.154078 1.154080 -0.000003 -0.000003 0.000001 9.109294 -0.518012 2.259891 -2.909576 -5.343379 -19.893648 0.730460 2.834864 -28.894699 0.303374 1.862604 -18.501762 -0.000001 -0.000001 -0.000003 9.533396 0.000008 -0.000010 -0.724664 3.070716 -34.949856 0.579096 2.541651 -25.668138 0.407568 2.148889 -21.478351 0.000001 0.000000 -0.000001 9.104514 -0.042995 -1.865108 0.244378 4.333218 -32.106370 0.880801 3.091304 -31.802539 0.978993 3.244073 -33.579546 -0.000003 0.000000 -0.000001 8.077804 -0.486901 -3.806307 0.557548 4.785952 -28.297472 0.460897 2.279635 -22.858487 0.526838 2.430072 -24.463654 -0.000001 -0.000003 0.000000 -8.207801 -6.751716 -1.599519 -16.127284 -7.565109 3.227803 26.370100 2.238429 0.317214 -14.749332 0.586886 -4.965500 -8.080943 0.000010 0.000010 0.000001 0.000000 0.000000 8.207799 -6.751707 -1.599520 -34.281672 -0.963971 2.942293 55.851789 -3.279518 0.048550 -2.900302 0.145710 -4.018894 -7.573397 0.000031 -0.000004 -0.000001 0.000001 -0.000001 
-180.540848 100.572144 0.894567 11.577512 -65.786340 10.004001 0.000008 10.181551 0.131543 5.891045 7.379646 -0.294875 4.207033 4.750665 -0.407742 4.180449 4.776967 -0.387796 0.000001 16.740366 -2.049029 4.751500 5.601002 1.899789 -0.000027 9.617838 1.684980 -4.997784 35.156121 -7.368572 -0.000002 22.037369 7.501077 -0.000001 -0.000000 0.000001 -4.569994 11.014879 -2.160856 -2.707389 6.648525 9.770654 0.059549 31.373132 55.948996 0.000002 12.602169 0.000016 5.346803 -4.578970 -20.860115 -2.464806 -1.573949 2.681907 -0.184855 0.811014 0.379089 14.555157 -10.338189 -17.751404 -2.646266 -1.527810 1.527819 3.082443 6.845677 -24.355264 -1.994586 -1.151582 1.151594 0.000002 -0.000003 0.000001 -9.108315 -0.517872 2.259801 -1.953985 1.211413 24.349884 0.102774 -0.974068 12.047025 0.106950 -0.993362 12.289313 -0.000001 -0.000000 0.000001 -9.532526 0.000024 -0.000003 -0.068666 -3.360483 30.624540 0.243089 -1.486467 18.575051 0.087635 -0.900177 11.120835 -0.000001 0.000000 0.000001 -9.103592 -0.043077 -1.865102 2.118676 -6.841610 32.929189 0.379628 -1.843450 23.271892 0.273419 -1.573775 19.710425 -0.000000 -0.000000 0.000003 -8.076701 -0.486710 -3.806299 0.991103 -5.107808 35.939882 0.407274 -1.906395 24.116689 0.180034 -1.283656 15.966120 -0.000001 -0.000001 -0.000001 4.570409 11.014674 -2.160819 1.287955 2.046100 -7.556872 -1.901029 -19.818070 -67.839624 -0.000011 -29.221434 -0.000003 5.898197 -13.966571 6.155450 2.466100 -1.576220 2.681682 34.633123 -11.154949 20.382239 10.317226 22.375524 -4.922742 2.647883 -1.528764 1.528759 -16.283839 5.393256 11.804527 1.998913 -1.154078 1.154080 -0.000003 -0.000003 0.000001 9.109294 -0.518012 2.259891 -2.909576 -5.343379 -19.893648 0.730460 2.834864 -28.894699 0.303374 1.862604 -18.501762 -0.000001 -0.000001 -0.000003 9.533396 0.000008 -0.000010 -0.724664 3.070716 -34.949856 0.579096 2.541651 -25.668138 0.407568 2.148889 -21.478351 0.000001 0.000000 -0.000001 9.104514 -0.042995 -1.865108 0.244378 4.333218 -32.106370 0.880801 3.091304 -31.802539 0.978993 3.244073 -33.579546 -0.000003 0.000000 -0.000001 8.077804 -0.486901 -3.806307 0.557548 4.785952 -28.297472 0.460897 2.279635 -22.858487 0.526838 2.430072 -24.463654 -0.000001 -0.000003 0.000000 -8.207801 -6.751716 -1.599519 -16.127284 -7.565109 3.227803 26.370100 2.238429 0.317214 -14.749332 0.586886 -4.965500 -8.080943 0.000010 0.000010 0.000001 0.000000 0.000000 8.207799 -6.751707 -1.599520 -34.281672 -0.963971 2.942293 55.851789 -3.279518 0.048550 -2.900302 0.145710 -4.018894 -7.573397 0.000031 -0.000004 -0.000001 0.000001 -0.000001 
-180.540848 100.572144 0.894567 11.577512 -65.786340 10.004001 0.000008 10.181551 0.131543 5.891045 7.379646 -0.294875 4.207033 4.750665 -0.407742 4.180449 4.776967 -0.387796 0.000001 16.740366 -2.049029 4.751500 5.601002 1.899789 -0.000027 9.617838 1.684980 -4.997784 35.156121 -7.368572 -0.000002 22.037369 7.501077 -0.000001 -0.000000 0.000001 -4.569994 11.014879 -2.160856 -2.707389 6.648525 9.770654 0.059549 31.373132 55.948996 0.000002 12.602169 0.000016 5.346803 -4.578970 -20.860115 -2.464806 -1.573949 2.681907 -0.184855 0.811014 0.379089 14.555157 -10.338189 -17.751404 -2.646266 -1.527810 1.527819 3.082443 6.845677 -24.355264 -1.994586 -1.151582 1.151594 0.000002 -0.000003 0.000001 -9.108315 -0.517872 2.259801 -1.953985 1.211413 24.349884 0.102774 -0.974068 12.047025 0.106950 -0.993362 12.289313 -0.000001 -0.000000 0.000001 -9.532526 0.000024 -0.000003 -0.068666 -3.360483 30.624540 0.243089 -1.486467 18.575051 0.087635 -0.900177 11.120835 -0.000001 0.000000 0.000001 -9.103592 -0.043077 -1.865102 2.118676 -6.841610 32.929189 0.379628 -1.843450 23.271892 0.273419 -1.573775 19.710425 -0.000000 -0.000000 0.000003 -8.076701 -0.486710 -3.806299 0.991103 -5.107808 35.939882 0.407274 -1.906395 24.116689 0.180034 -1.283656 15.966120 -0.000001 -0.000001 -0.000001 4.570409 11.014674 -2.160819 1.287955 2.046100 -7.556872 -1.901029 -19.818070 -67.839624 -0.000011 -29.221434 -0.000003 5.898197 -13.966571 6.155450 2.466100 -1.576220 2.681682 34.633123 -11.154949 20.382239 10.317226 22.375524 -4.922742 2.647883 -1.528764 1.528759 -16.283839 5.393256 11.804527 1.998913 -1.154078 1.154080 -0.000003 -0.000003 0.000001 9.109294 -0.518012 2.259891 -2.909576 -5.343379 -19.893648 0.730460 2.834864 -28.894699 0.303374 1.862604 -18.501762 -0.000001 -0.000001 -0.000003 9.533396 0.000008 -0.000010 -0.724664 3.070716 -34.949856 0.579096 2.541651 -25.668138 0.407568 2.148889 -21.478351 0.000001 0.000000 -0.000001 9.104514 -0.042995 -1.865108 0.244378 4.333218 -32.106370 0.880801 3.091304 -31.802539 0.978993 3.244073 -33.579546 -0.000003 0.000000 -0.000001 8.077804 -0.486901 -3.806307 0.557548 4.785952 -28.297472 0.460897 2.279635 -22.858487 0.526838 2.430072 -24.463654 -0.000001 -0.000003 0.000000 -8.207801 -6.751716 -1.599519 -16.127284 -7.565109 3.227803 26.370100 2.238429 0.317214 -14.749332 0.586886 -4.965500 -8.080943 0.000010 0.000010 0.000001 0.000000 0.000000 8.207799 -6.751707 -1.599520 -34.281672 -0.963971 2.942293 55.851789 -3.279518 0.048550 -2.900302 0.145710 -4.018894 -7.573397 0.000031 -0.000004 -0.000001 0.000001 -0.000001 
-180.540848 100.572144 0.894567 11.577512 -65.786340 10.004001 0.000008 10.181551 0.131543 5.891045 7.379646 -0.294875 4.207033 4.750665 -0.407742 4.180449 4.776967 -0.387796 0.000001 16.740366 -2.049029 4.751500 5.601002 1.899789 -0.000027 9.617838 1.684980 -4.997784 35.156121 -7.368572 -0.000002 22.037369 7.501077 -0.000001 -0.000000 0.000001 -4.569994 11.014879 -2.160856 -2.707389 6.648525 9.770654 0.059549 31.373132 55.948996 0.000002 12.602169 0.000016 5.346803 -4.578970 -20.860115 -2.464806 -1.573949 2.681907 -0.184855 0.811014 0.379089 14.555157 -10.338189 -17.751404 -2.646266 -1.527810 1.527819 3.082443 6.845677 -24.355264 -1.994586 -1.151582 1.151594 0.000002 -0.000003 0.000001 -9.108315 -0.517872 2.259801 -1.953985 1.211413 24.349884 0.102774 -0.974068 12.047025 0.106950 -0.993362 12.289313 -0.000001 -0.000000 0.000001 -9.532526 0.000024 -0.000003 -0.068666 -3.360483 30.624540 0.243089 -1.486467 18.575051 0.087635 -0.900177 11.120835 -0.000001 0.000000 0.000001 -9.103592 -0.043077 -1.865102 2.118676 -6.841610 32.929189 0.379628 -1.843450 23.271892 0.273419 -1.573775 19.710425 -0.000000 -0.000000 0.000003 -8.076701 -0.486710 -3.806299 0.991103 -5.107808 35.939882 0.407274 -1.906395 24.116689 0.180034 -1.283656 15.966120 -0.000001 -0.000001 -0.000001 4.570409 11.014674 -2.160819 1.287955 2.046100 -7.556872 -1.901029 -19.818070 -67.839624 -0.000011 -29.221434 -0.000003 5.898197 -13.966571 6.155450 2.466100 -1.576220 2.681682 34.633123 -11.154949 20.382239 10.317226 22.375524 -4.922742 2.647883 -1.528764 1.528759 -16.283839 5.393256 11.804527 1.998913 -1.154078 1.154080 -0.000003 -0.000003 0.000001 9.109294 -0.518012 2.259891 -2.909576 -5.343379 -19.893648 0.730460 2.834864 -28.894699 0.303374 1.862604 -18.501762 -0.000001 -0.000001 -0.000003 9.533396 0.000008 -0.000010 -0.724664 3.070716 -34.949856 0.579096 2.541651 -25.668138 0.407568 2.148889 -21.478351 0.000001 0.000000 -0.000001 9.104514 -0.042995 -1.865108 0.244378 4.333218 -32.106370 0.880801 3.091304 -31.802539 0.978993 3.244073 -33.579546 -0.000003 0.000000 -0.000001 8.077804 -0.486901 -3.806307 0.557548 4.785952 -28.297472 0.460897 2.279635 -22.858487 0.526838 2.430072 -24.463654 -0.000001 -0.000003 0.000000 -8.207801 -6.751716 -1.599519 -16.127284 -7.565109 3.227803 26.370100 2.238429 0.317214 -14.749332 0.586886 -4.965500 -8.080943 0.000010 0.000010 0.000001 0.000000 0.000000 8.207799 -6.751707 -1.599520 -34.281672 -0.963971 2.942293 55.851789 -3.279518 0.048550 -2.900302 0.145710 -4.018894 -7.573397 0.000031 -0.000004 -0.000001 0.000001 -0.000001 
-180.540848 100.572144 0.894567 11.577512 -65.786340 10.004001 0.000008 10.181551 0.131543 5.891045 7.379646 -0.294875 4.207033 4.750665 -0.407742 4.180449 4.776967 -0.387796 0.000001 16.740366 -2.049029 4.751500 5.601002 1.899789 -0.000027 9.617838 1.684980 -4.997784 35.156121 -7.368572 -0.000002 22.037369 7.501077 -0.000001 -0.000000 0.000001 -4.569994 11.014879 -2.160856 -2.707389 6.648525 9.770654 0.059549 31.373132 55.948996 0.000002 12.602169 0.000016 5.346803 -4.578970 -20.860115 -2.464806 -1.573949 2.681907 -0.184855 0.811014 0.379089 14.555157 -10.338189 -17.751404 -2.646266 -1.527810 1.527819 3.082443 6.845677 -24.355264 -1.994586 -1.151582 1.151594 0.000002 -0.000003 0.000001 -9.108315 -0.517872 2.259801 -1.953985 1.211413 24.349884 0.102774 -0.974068 12.047025 0.106950 -0.993362 12.289313 -0.000001 -0.000000 0.000001 -9.532526 0.000024 -0.000003 -0.068666 -3.360483 30.624540 0.243089 -1.486467 18.575051 0.087635 -0.900177 11.120835 -0.000001 0.000000 0.000001 -9.103592 -0.043077 -1.865102 2.118676 -6.841610 32.929189 0.379628 -1.843450 23.271892 0.273419 -1.573775 19.710425 -0.000000 -0.000000 0.000003 -8.076701 -0.486710 -3.806299 0.991103 -5.107808 35.939882 0.407274 -1.906395 24.116689 0.180034 -1.283656 15.966120 -0.000001 -0.000001 -0.000001 4.570409 11.014674 -2.160819 1.287955 2.046100 -7.556872 -1.901029 -19.818070 -67.839624 -0.000011 -29.221434 -0.000003 5.898197 -13.966571 6.155450 2.466100 -1.576220 2.681682 34.633123 -11.154949 20.382239 10.317226 22.375524 -4.922742 2.647883 -1.528764 1.528759 -16.283839 5.393256 11.804527 1.998913 -1.154078 1.154080 -0.000003 -0.000003 0.000001 9.109294 -0.518012 2.259891 -2.909576 -5.343379 -19.893648 0.730460 2.834864 -28.894699 0.303374 1.862604 -18.501762 -0.000001 -0.000001 -0.000003 9.533396 0.000008 -0.000010 -0.724664 3.070716 -34.949856 0.579096 2.541651 -25.668138 0.407568 2.148889 -21.478351 0.000001 0.000000 -0.000001 9.104514 -0.042995 -1.865108 0.244378 4.333218 -32.106370 0.880801 3.091304 -31.802539 0.978993 3.244073 -33.579546 -0.000003 0.000000 -0.000001 8.077804 -0.486901 -3.806307 0.557548 4.785952 -28.297472 0.460897 2.279635 -22.858487 0.526838 2.430072 -24.463654 -0.000001 -0.000003 0.000000 -8.207801 -6.751716 -1.599519 -16.127284 -7.565109 3.227803 26.370100 2.238429 0.317214 -14.749332 0.586886 -4.965500 -8.080943 0.000010 0.000010 0.000001 0.000000 0.000000 8.207799 -6.751707 -1.599520 -34.281672 -0.963971 2.942293 55.851789 -3.279518 0.048550 -2.900302 0.145710 -4.018894 -7.573397 0.000031 -0.000004 -0.000001 0.000001 -0.000001 
-180.540848 100.572144 0.894567 11.577512 -65.786340 10.004001 0.000008 10.181551 0.131543 5.891045 7.379646 -0.294875 4.207033 4.750665 -0.407742 4.180449 4.776967 -0.387796 0.000001 16.740366 -2.049029 4.751500 5.601002 1.899789 -0.000027 9.617838 1.684980 -4.997784 35.156121 -7.368572 -0.000002 22.037369 7.501077 -0.000001 -0.000000 0.000001 -4.569994 11.014879 -2.160856 -2.707389 6.648525 9.770654 0.059549 31.373132 55.948996 0.000002 12.602169 0.000016 5.346803 -4.578970 -20.860115 -2.464806 -1.573949 2.681907 -0.184855 0.811014 0.379089 14.555157 -10.338189 -17.751404 -2.646266 -1.527810 1.527819 3.082443 6.845677 -24.355264 -1.994586 -1.151582 1.151594 0.000002 -0.000003 0.000001 -9.108315 -0.517872 2.259801 -1.953985 1.211413 24.349884 0.102774 -0.974068 12.047025 0.106950 -0.993362 12.289313 -0.000001 -0.000000 0.000001 -9.532526 0.000024 -0.000003 -0.068666 -3.360483 30.624540 0.243089 -1.486467 18.575051 0.087635 -0.900177 11.120835 -0.000001 0.000000 0.000001 -9.103592 -0.043077 -1.865102 2.118676 -6.841610 32.929189 0.379628 -1.843450 23.271892 0.273419 -1.573775 19.710425 -0.000000 -0.000000 0.000003 -8.076701 -0.486710 -3.806299 0.991103 -5.107808 35.939882 0.407274 -1.906395 24.116689 0.180034 -1.283656 15.966120 -0.000001 -0.000001 -0.000001 4.570409 11.014674 -2.160819 1.287955 2.046100 -7.556872 -1.901029 -19.818070 -67.839624 -0.000011 -29.221434 -0.000003 5.898197 -13.966571 6.155450 2.466100 -1.576220 2.681682 34.633123 -11.154949 20.382239 10.317226 22.375524 -4.922742 2.647883 -1.528764 1.528759 -16.283839 5.393256 11.804527 1.998913 -1.154078 1.154080 -0.000003 -0.000003 0.000001 9.109294 -0.518012 2.259891 -2.909576 -5.343379 -19.893648 0.730460 2.834864 -28.894699 0.303374 1.862604 -18.501762 -0.000001 -0.000001 -0.000003 9.533396 0.000008 -0.000010 -0.724664 3.070716 -34.949856 0.579096 2.541651 -25.668138 0.407568 2.148889 -21.478351 0.000001 0.000000 -0.000001 9.104514 -0.042995 -1.865108 0.244378 4.333218 -32.106370 0.880801 3.091304 -31.802539 0.978993 3.244073 -33.579546 -0.000003 0.000000 -0.000001 8.077804 -0.486901 -3.806307 0.557548 4.785952 -28.297472 0.460897 2.279635 -22.858487 0.526838 2.430072 -24.463654 -0.000001 -0.000003 0.000000 -8.207801 -6.751716 -1.599519 -16.127284 -7.565109 3.227803 26.370100 2.238429 0.317214 -14.749332 0.586886 -4.965500 -8.080943 0.000010 0.000010 0.000001 0.000000 0.000000 8.207799 -6.751707 -1.599520 -34.281672 -0.963971 2.942293 55.851789 -3.279518 0.048550 -2.900302 0.145710 -4.018894 -7.573397 0.000031 -0.000004 -0.000001 0.000001 -0.000001 
-180.540848 100.572144 0.894567 11.577512 -65.786340 10.004001 0.000008 10.181551 0.131543 5.891045 7.379646 -0.294875 4.207033 4.750665 -0.407742 4.180449 4.776967 -0.387796 0.000001 16.740366 -2.049029 4.751500 5.601002 1.899789 -0.000027 9.617838 1.684980 -4.997784 35.156121 -7.368572 -0.000002 22.037369 7.501077 -0.000001 -0.000000 0.000001 -4.569994 11.014879 -2.160856 -2.707389 6.648525 9.770654 0.059549 31.373132 55.948996 0.000002 12.602169 0.000016 5.346803 -4.578970 -20.860115 -2.464806 -1.573949 2.681907 -0.184855 0.811014 0.379089 14.555157 -10.338189 -17.751404 -2.646266 -1.527810 1.527819 3.082443 6.845677 -24.355264 -1.994586 -1.151582 1.151594 0.000002 -0.000003 0.000001 -9.108315 -0.517872 2.259801 -1.953985 1.211413 24.349884 0.102774 -0.974068 12.047025 0.106950 -0.993362 12.289313 -0.000001 -0.000000 0.000001 -9.532526 0.000024 -0.000003 -0.068666 -3.360483 30.624540 0.243089 -1.486467 18.575051 0.087635 -0.900177 11.120835 -0.000001 0.000000 0.000001 -9.103592 -0.043077 -1.865102 2.118676 -6.841610 32.929189 0.379628 -1.843450 23.271892 0.273419 -1.573775 19.710425 -0.000000 -0.000000 0.000003 -8.076701 -0.486710 -3.806299 0.991103 -5.107808 35.939882 0.407274 -1.906395 24.116689 0.180034 -1.283656 15.966120 -0.000001 -0.000001 -0.000001 4.570409 11.014674 -2.160819 1.287955 2.046100 -7.556872 -1.901029 -19.818070 -67.839624 -0.000011 -29.221434 -0.000003 5.898197 -13.966571 6.155450 2.466100 -1.576220 2.681682 34.633123 -11.154949 20.382239 10.317226 22.375524 -4.922742 2.647883 -1.528764 1.528759 -16.283839 5.393256 11.804527 1.998913 -1.154078 1.154080 -0.000003 -0.000003 0.000001 9.109294 -0.518012 2.259891 -2.909576 -5.343379 -19.893648 0.730460 2.834864 -28.894699 0.303374 1.862604 -18.501762 -0.000001 -0.000001 -0.000003 9.533396 0.000008 -0.000010 -0.724664 3.070716 -34.949856 0.579096 2.541651 -25.668138 0.407568 2.148889 -21.478351 0.000001 0.000000 -0.000001 9.104514 -0.042995 -1.865108 0.244378 4.333218 -32.106370 0.880801 3.091304 -31.802539 0.978993 3.244073 -33.579546 -0.000003 0.000000 -0.000001 8.077804 -0.486901 -3.806307 0.557548 4.785952 -28.297472 0.460897 2.279635 -22.858487 0.526838 2.430072 -24.463654 -0.000001 -0.000003 0.000000 -8.207801 -6.751716 -1.599519 -16.127284 -7.565109 3.227803 26.370100 2.238429 0.317214 -14.749332 0.586886 -4.965500 -8.080943 0.000010 0.000010 0.000001 0.000000 0.000000 8.207799 -6.751707 -1.599520 -34.281672 -0.963971 2.942293 55.851789 -3.279518 0.048550 -2.900302 0.145710 -4.018894 -7.573397 0.000031 -0.000004 -0.000001 0.000001 -0.000001 
-180.540848 100.572144 0.894567 11.577512 -65.786340 10.004001 0.000008 10.181551 0.131543 5.891045 7.379646 -0.294875 4.207033 4.750665 -0.407742 4.180449 4.776967 -0.387796 0.000001 16.740366 -2.049029 4.751500 5.601002 1.899789 -0.000027 9.617838 1.684980 -4.997784 35.156121 -7.368572 -0.000002 22.037369 7.501077 -0.000001 -0.000000 0.000001 -4.569994 11.014879 -2.160856 -2.707389 6.648525 9.770654 0.059549 31.373132 55.948996 0.000002 12.602169 0.000016 5.346803 -4.578970 -20.860115 -2.464806 -1.573949 2.681907 -0.184855 0.811014 0.379089 14.555157 -10.338189 -17.751404 -2.646266 -1.527810 1.527819 3.082443 6.845677 -24.355264 -1.994586 -1.151582 1.151594 0.000002 -0.000003 0.000001 -9.108315 -0.517872 2.259801 -1.953985 1.211413 24.349884 0.102774 -0.974068 12.047025 0.106950 -0.993362 12.289313 -0.000001 -0.000000 0.000001 -9.532526 0.000024 -0.000003 -0.068666 -3.360483 30.624540 0.243089 -1.486467 18.575051 0.087635 -0.900177 11.120835 -0.000001 0.000000 0.000001 -9.103592 -0.043077 -1.865102 2.118676 -6.841610 32.929189 0.379628 -1.843450 23.271892 0.273419 -1.573775 19.710425 -0.000000 -0.000000 0.000003 -8.076701 -0.486710 -3.806299 0.991103 -5.107808 35.939882 0.407274 -1.906395 24.116689 0.180034 -1.283656 15.966120 -0.000001 -0.000001 -0.000001 4.570409 11.014674 -2.160819 1.287955 2.046100 -7.556872 -1.901029 -19.818070 -67.839624 -0.000011 -29.221434 -0.000003 5.898197 -13.966571 6.155450 2.466100 -1.576220 2.681682 34.633123 -11.154949 20.382239 10.317226 22.375524 -4.922742 2.647883 -1.528764 1.528759 -16.283839 5.393256 11.804527 1.998913 -1.154078 1.154080 -0.000003 -0.000003 0.000001 9.109294 -0.518012 2.259891 -2.909576 -5.343379 -19.893648 0.730460 2.834864 -28.894699 0.303374 1.862604 -18.501762 -0.000001 -0.000001 -0.000003 9.533396 0.000008 -0.000010 -0.724664 3.070716 -34.949856 0.579096 2.541651 -25.668138 0.407568 2.148889 -21.478351 0.000001 0.000000 -0.000001 9.104514 -0.042995 -1.865108 0.244378 4.333218 -32.106370 0.880801 3.091304 -31.802539 0.978993 3.244073 -33.579546 -0.000003 0.000000 -0.000001 8.077804 -0.486901 -3.806307 0.557548 4.785952 -28.297472 0.460897 2.279635 -22.858487 0.526838 2.430072 -24.463654 -0.000001 -0.000003 0.000000 -8.207801 -6.751716 -1.599519 -16.127284 -7.565109 3.227803 26.370100 2.238429 0.317214 -14.749332 0.586886 -4.965500 -8.080943 0.000010 0.000010 0.000001 0.000000 0.000000 8.207799 -6.751707 -1.599520 -34.281672 -0.963971 2.942293 55.851789 -3.279518 0.048550 -2.900302 0.145710 -4.018894 -7.573397 0.000031 -0.000004 -0.000001 0.000001 -0.000001 
-180.540848 100.572144 0.894567 11.577512 -65.786340 10.004001 0.000008 10.181551 0.131543 5.891045 7.379646 -0.294875 4.207033 4.750665 -0.407742 4.180449 4.776967 -0.387796 0.000001 16.740366 -2.049029 4.751500 5.601002 1.899789 -0.000027 9.617838 1.684980 -4.997784 35.156121 -7.368572 -0.000002 22.037369 7.501077 -0.000001 -0.000000 0.000001 -4.569994 11.014879 -2.160856 -2.707389 6.648525 9.770654 0.059549 31.373132 55.948996 0.000002 12.602169 0.000016 5.346803 -4.578970 -20.860115 -2.464806 -1.573949 2.681907 -0.184855 0.811014 0.379089 14.555157 -10.338189 -17.751404 -2.646266 -1.527810 1.527819 3.082443 6.845677 -24.355264 -1.994586 -1.151582 1.151594 0.000002 -0.000003 0.000001 -9.108315 -0.517872 2.259801 -1.953985 1.211413 24.349884 0.102774 -0.974068 12.047025 0.106950 -0.993362 12.289313 -0.000001 -0.000000 0.000001 -9.532526 0.000024 -0.000003 -0.068666 -3.360483 30.624540 0.243089 -1.486467 18.575051 0.087635 -0.900177 11.120835 -0.000001 0.000000 0.000001 -9.103592 -0.043077 -1.865102 2.118676 -6.841610 32.929189 0.379628 -1.843450 23.271892 0.273419 -1.573775 19.710425 -0.000000 -0.000000 0.000003 -8.076701 -0.486710 -3.806299 0.991103 -5.107808 35.939882 0.407274 -1.906395 24.116689 0.180034 -1.283656 15.966120 -0.000001 -0.000001 -0.000001 4.570409 11.014674 -2.160819 1.287955 2.046100 -7.556872 -1.901029 -19.818070 -67.839624 -0.000011 -29.221434 -0.000003 5.898197 -13.966571 6.155450 2.466100 -1.576220 2.681682 34.633123 -11.154949 20.382239 10.317226 22.375524 -4.922742 2.647883 -1.528764 1.528759 -16.283839 5.393256 11.804527 1.998913 -1.154078 1.154080 -0.000003 -0.000003 0.000001 9.109294 -0.518012 2.259891 -2.909576 -5.343379 -19.893648 0.730460 2.834864 -28.894699 0.303374 1.862604 -18.501762 -0.000001 -0.000001 -0.000003 9.533396 0.000008 -0.000010 -0.724664 3.070716 -34.949856 0.579096 2.541651 -25.668138 0.407568 2.148889 -21.478351 0.000001 0.000000 -0.000001 9.104514 -0.042995 -1.865108 0.244378 4.333218 -32.106370 0.880801 3.091304 -31.802539 0.978993 3.244073 -33.579546 -0.000003 0.000000 -0.000001 8.077804 -0.486901 -3.806307 0.557548 4.785952 -28.297472 0.460897 2.279635 -22.858487 0.526838 2.430072 -24.463654 -0.000001 -0.000003 0.000000 -8.207801 -6.751716 -1.599519 -16.127284 -7.565109 3.227803 26.370100 2.238429 0.317214 -14.749332 0.586886 -4.965500 -8.080943 0.000010 0.000010 0.000001 0.000000 0.000000 8.207799 -6.751707 -1.599520 -34.281672 -0.963971 2.942293 55.851789 -3.279518 0.048550 -2.900302 0.145710 -4.018894 -7.573397 0.000031 -0.000004 -0.000001 0.000001 -0.000001 
-180.540848 100.572144 0.894567 11.577512 -65.786340 10.004001 0.000008 10.181551 0.131543 5.891045 7.379646 -0.294875 4.207033 4.750665 -0.407742 4.180449 4.776967 -0.387796 0.000001 16.740366 -2.049029 4.751500 5.601002 1.899789 -0.000027 9.617838 1.684980 -4.997784 35.156121 -7.368572 -0.000002 22.037369 7.501077 -0.000001 -0.000000 0.000001 -4.569994 11.014879 -2.160856 -2.707389 6.648525 9.770654 0.059549 31.373132 55.948996 0.000002 12.602169 0.000016 5.346803 -4.578970 -20.860115 -2.464806 -1.573949 2.681907 -0.184855 0.811014 0.379089 14.555157 -10.338189 -17.751404 -2.646266 -1.527810 1.527819 3.082443 6.845677 -24.355264 -1.994586 -1.151582 1.151594 0.000002 -0.000003 0.000001 -9.108315 -0.517872 2.259801 -1.953985 1.211413 24.349884 0.102774 -0.974068 12.047025 0.106950 -0.993362 12.289313 -0.000001 -0.000000 0.000001 -9.532526 0.000024 -0.000003 -0.068666 -3.360483 30.624540 0.243089 -1.486467 18.575051 0.087635 -0.900177 11.120835 -0.000001 0.000000 0.000001 -9.103592 -0.043077 -1.865102 2.118676 -6.841610 32.929189 0.379628 -1.843450 23.271892 0.273419 -1.573775 19.710425 -0.000000 -0.000000 0.000003 -8.076701 -0.486710 -3.806299 0.991103 -5.107808 35.939882 0.407274 -1.906395 24.116689 0.180034 -1.283656 15.966120 -0.000001 -0.000001 -0.000001 4.570409 11.014674 -2.160819 1.287955 2.046100 -7.556872 -1.901029 -19.818070 -67.839624 -0.000011 -29.221434 -0.000003 5.898197 -13.966571 6.155450 2.466100 -1.576220 2.681682 34.633123 -11.154949 20.382239 10.317226 22.375524 -4.922742 2.647883 -1.528764 1.528759 -16.283839 5.393256 11.804527 1.998913 -1.154078 1.154080 -0.000003 -0.000003 0.000001 9.109294 -0.518012 2.259891 -2.909576 -5.343379 -19.893648 0.730460 2.834864 -28.894699 0.303374 1.862604 -18.501762 -0.000001 -0.000001 -0.000003 9.533396 0.000008 -0.000010 -0.724664 3.070716 -34.949856 0.579096 2.541651 -25.668138 0.407568 2.148889 -21.478351 0.000001 0.000000 -0.000001 9.104514 -0.042995 -1.865108 0.244378 4.333218 -32.106370 0.880801 3.091304 -31.802539 0.978993 3.244073 -33.579546 -0.000003 0.000000 -0.000001 8.077804 -0.486901 -3.806307 0.557548 4.785952 -28.297472 0.460897 2.279635 -22.858487 0.526838 2.430072 -24.463654 -0.000001 -0.000003 0.000000 -8.207801 -6.751716 -1.599519 -16.127284 -7.565109 3.227803 26.370100 2.238429 0.317214 -14.749332 0.586886 -4.965500 -8.080943 0.000010 0.000010 0.000001 0.000000 0.000000 8.207799 -6.751707 -1.599520 -34.281672 -0.963971 2.942293 55.851789 -3.279518 0.048550 -2.900302 0.145710 -4.018894 -7.573397 0.000031 -0.000004 -0.000001 0.000001 -0.000001 
-180.540848 100.572144 0.894567 11.577512 -65.786340 10.004001 0.000008 10.181551 0.131543 5.891045 7.379646 -0.294875 4.207033 4.750665 -0.407742 4.180449 4.776967 -0.387796 0.000001 16.740366 -2.049029 4.751500 5.601002 1.899789 -0.000027 9.617838 1.684980 -4.997784 35.156121 -7.368572 -0.000002 22.037369 7.501077 -0.000001 -0.000000 0.000001 -4.569994 11.014879 -2.160856 -2.707389 6.648525 9.770654 0.059549 31.373132 55.948996 0.000002 12.602169 0.000016 5.346803 -4.578970 -20.860115 -2.464806 -1.573949 2.681907 -0.184855 0.811014 0.379089 14.555157 -10.338189 -17.751404 -2.646266 -1.527810 1.527819 3.082443 6.845677 -24.355264 -1.994586 -1.151582 1.151594 0.000002 -0.000003 0.000001 -9.108315 -0.517872 2.259801 -1.953985 1.211413 24.349884 0.102774 -0.974068 12.047025 0.106950 -0.993362 12.289313 -0.000001 -0.000000 0.000001 -9.532526 0.000024 -0.000003 -0.068666 -3.360483 30.624540 0.243089 -1.486467 18.575051 0.087635 -0.900177 11.120835 -0.000001 0.000000 0.000001 -9.103592 -0.043077 -1.865102 2.118676 -6.841610 32.929189 0.379628 -1.843450 23.271892 0.273419 -1.573775 19.710425 -0.000000 -0.000000 0.000003 -8.076701 -0.486710 -3.806299 0.991103 -5.107808 35.939882 0.407274 -1.906395 24.116689 0.180034 -1.283656 15.966120 -0.000001 -0.000001 -0.000001 4.570409 11.014674 -2.160819 1.287955 2.046100 -7.556872 -1.901029 -19.818070 -67.839624 -0.000011 -29.221434 -0.000003 5.898197 -13.966571 6.155450 2.466100 -1.576220 2.681682 34.633123 -11.154949 20.382239 10.317226 22.375524 -4.922742 2.647883 -1.528764 1.528759 -16.283839 5.393256 11.804527 1.998913 -1.154078 1.154080 -0.000003 -0.000003 0.000001 9.109294 -0.518012 2.259891 -2.909576 -5.343379 -19.893648 0.730460 2.834864 -28.894699 0.303374 1.862604 -18.501762 -0.000001 -0.000001 -0.000003 9.533396 0.000008 -0.000010 -0.724664 3.070716 -34.949856 0.579096 2.541651 -25.668138 0.407568 2.148889 -21.478351 0.000001 0.000000 -0.000001 9.104514 -0.042995 -1.865108 0.244378 4.333218 -32.106370 0.880801 3.091304 -31.802539 0.978993 3.244073 -33.579546 -0.000003 0.000000 -0.000001 8.077804 -0.486901 -3.806307 0.557548 4.785952 -28.297472 0.460897 2.279635 -22.858487 0.526838 2.430072 -24.463654 -0.000001 -0.000003 0.000000 -8.207801 -6.751716 -1.599519 -16.127284 -7.565109 3.227803 26.370100 2.238429 0.317214 -14.749332 0.586886 -4.965500 -8.080943 0.000010 0.000010 0.000001 0.000000 0.000000 8.207799 -6.751707 -1.599520 -34.281672 -0.963971 2.942293 55.851789 -3.279518 0.048550 -2.900302 0.145710 -4.018894 -7.573397 0.000031 -0.000004 -0.000001 0.000001 -0.000001 
-180.540848 100.572144 0.894567 11.577512 -65.786340 10.004001 0.000008 10.181551 0.131543 5.891045 7.379646 -0.294875 4.207033 4.750665 -0.407742 4.180449 4.776967 -0.387796 0.000001 16.740366 -2.049029 4.751500 5.601002 1.899789 -0.000027 9.617838 1.684980 -4.997784 35.156121 -7.368572 -0.000002 22.037369 7.501077 -0.000001 -0.000000 0.000001 -4.569994 11.014879 -2.160856 -2.707389 6.648525 9.770654 0.059549 31.373132 55.948996 0.000002 12.602169 0.000016 5.346803 -4.578970 -20.860115 -2.464806 -1.573949 2.681907 -0.184855 0.811014 0.379089 14.555157 -10.338189 -17.751404 -2.646266 -1.527810 1.527819 3.082443 6.845677 -24.355264 -1.994586 -1.151582 1.151594 0.000002 -0.000003 0.000001 -9.108315 -0.517872 2.259801 -1.953985 1.211413 24.349884 0.102774 -0.974068 12.047025 0.106950 -0.993362 12.289313 -0.000001 -0.000000 0.000001 -9.532526 0.000024 -0.000003 -0.068666 -3.360483 30.624540 0.243089 -1.486467 18.575051 0.087635 -0.900177 11.120835 -0.000001 0.000000 0.000001 -9.103592 -0.043077 -1.865102 2.118676 -6.841610 32.929189 0.379628 -1.843450 23.271892 0.273419 -1.573775 19.710425 -0.000000 -0.000000 0.000003 -8.076701 -0.486710 -3.806299 0.991103 -5.107808 35.939882 0.407274 -1.906395 24.116689 0.180034 -1.283656 15.966120 -0.000001 -0.000001 -0.000001 4.570409 11.014674 -2.160819 1.287955 2.046100 -7.556872 -1.901029 -19.818070 -67.839624 -0.000011 -29.221434 -0.000003 5.898197 -13.966571 6.155450 2.466100 -1.576220 2.681682 34.633123 -11.154949 20.382239 10.317226 22.375524 -4.922742 2.647883 -1.528764 1.528759 -16.283839 5.393256 11.804527 1.998913 -1.154078 1.154080 -0.000003 -0.000003 0.000001 9.109294 -0.518012 2.259891 -2.909576 -5.343379 -19.893648 0.730460 2.834864 -28.894699 0.303374 1.862604 -18.501762 -0.000001 -0.000001 -0.000003 9.533396 0.000008 -0.000010 -0.724664 3.070716 -34.949856 0.579096 2.541651 -25.668138 0.407568 2.148889 -21.478351 0.000001 0.000000 -0.000001 9.104514 -0.042995 -1.865108 0.244378 4.333218 -32.106370 0.880801 3.091304 -31.802539 0.978993 3.244073 -33.579546 -0.000003 0.000000 -0.000001 8.077804 -0.486901 -3.806307 0.557548 4.785952 -28.297472 0.460897 2.279635 -22.858487 0.526838 2.430072 -24.463654 -0.000001 -0.000003 0.000000 -8.207801 -6.751716 -1.599519 -16.127284 -7.565109 3.227803 26.370100 2.238429 0.317214 -14.749332 0.586886 -4.965500 -8.080943 0.000010 0.000010 0.000001 0.000000 0.000000 8.207799 -6.751707 -1.599520 -34.281672 -0.963971 2.942293 55.851789 -3.279518 0.048550 -2.900302 0.145710 -4.018894 -7.573397 0.000031 -0.000004 -0.000001 0.000001 -0.000001 
-180.540848 100.572144 0.894567 11.577512 -65.786340 10.004001 0.000008 10.181551 0.131543 5.891045 7.379646 -0.294875 4.207033 4.750665 -0.407742 4.180449 4.776967 -0.387796 0.000001 16.740366 -2.049029 4.751500 5.601002 1.899789 -0.000027 9.617838 1.684980 -4.997784 35.156121 -7.368572 -0.000002 22.037369 7.501077 -0.000001 -0.000000 0.000001 -4.569994 11.014879 -2.160856 -2.707389 6.648525 9.770654 0.059549 31.373132 55.948996 0.000002 12.602169 0.000016 5.346803 -4.578970 -20.860115 -2.464806 -1.573949 2.681907 -0.184855 0.811014 0.379089 14.555157 -10.338189 -17.751404 -2.646266 -1.527810 1.527819 3.082443 6.845677 -24.355264 -1.994586 -1.151582 1.151594 0.000002 -0.000003 0.000001 -9.108315 -0.517872 2.259801 -1.953985 1.211413 24.349884 0.102774 -0.974068 12.047025 0.106950 -0.993362 12.289313 -0.000001 -0.000000 0.000001 -9.532526 0.000024 -0.000003 -0.068666 -3.360483 30.624540 0.243089 -1.486467 18.575051 0.087635 -0.900177 11.120835 -0.000001 0.000000 0.000001 -9.103592 -0.043077 -1.865102 2.118676 -6.841610 32.929189 0.379628 -1.843450 23.271892 0.273419 -1.573775 19.710425 -0.000000 -0.000000 0.000003 -8.076701 -0.486710 -3.806299 0.991103 -5.107808 35.939882 0.407274 -1.906395 24.116689 0.180034 -1.283656 15.966120 -0.000001 -0.000001 -0.000001 4.570409 11.014674 -2.160819 1.287955 2.046100 -7.556872 -1.901029 -19.818070 -67.839624 -0.000011 -29.221434 -0.000003 5.898197 -13.966571 6.155450 2.466100 -1.576220 2.681682 34.633123 -11.154949 20.382239 10.317226 22.375524 -4.922742 2.647883 -1.528764 1.528759 -16.283839 5.393256 11.804527 1.998913 -1.154078 1.154080 -0.000003 -0.000003 0.000001 9.109294 -0.518012 2.259891 -2.909576 -5.343379 -19.893648 0.730460 2.834864 -28.894699 0.303374 1.862604 -18.501762 -0.000001 -0.000001 -0.000003 9.533396 0.000008 -0.000010 -0.724664 3.070716 -34.949856 0.579096 2.541651 -25.668138 0.407568 2.148889 -21.478351 0.000001 0.000000 -0.000001 9.104514 -0.042995 -1.865108 0.244378 4.333218 -32.106370 0.880801 3.091304 -31.802539 0.978993 3.244073 -33.579546 -0.000003 0.000000 -0.000001 8.077804 -0.486901 -3.806307 0.557548 4.785952 -28.297472 0.460897 2.279635 -22.858487 0.526838 2.430072 -24.463654 -0.000001 -0.000003 0.000000 -8.207801 -6.751716 -1.599519 -16.127284 -7.565109 3.227803 26.370100 2.238429 0.317214 -14.749332 0.586886 -4.965500 -8.080943 0.000010 0.000010 0.000001 0.000000 0.000000 8.207799 -6.751707 -1.599520 -34.281672 -0.963971 2.942293 55.851789 -3.279518 0.048550 -2.900302 0.145710 -4.018894 -7.573397 0.000031 -0.000004 -0.000001 0.000001 -0.000001 
-180.540848 100.572144 0.894567 11.577512 -65.786340 10.004001 0.000008 10.181551 0.131543 5.891045 7.379646 -0.294875 4.207033 4.750665 -0.407742 4.180449 4.776967 -0.387796 0.000001 16.740366 -2.049029 4.751500 5.601002 1.899789 -0.000027 9.617838 1.684980 -4.997784 35.156121 -7.368572 -0.000002 22.037369 7.501077 -0.000001 -0.000000 0.000001 -4.569994 11.014879 -2.160856 -2.707389 6.648525 9.770654 0.059549 31.373132 55.948996 0.000002 12.602169 0.000016 5.346803 -4.578970 -20.860115 -2.464806 -1.573949 2.681907 -0.184855 0.811014 0.379089 14.555157 -10.338189 -17.751404 -2.646266 -1.527810 1.527819 3.082443 6.845677 -24.355264 -1.994586 -1.151582 1.151594 0.000002 -0.000003 0.000001 -9.108315 -0.517872 2.259801 -1.953985 1.211413 24.349884 0.102774 -0.974068 12.047025 0.106950 -0.993362 12.289313 -0.000001 -0.000000 0.000001 -9.532526 0.000024 -0.000003 -0.068666 -3.360483 30.624540 0.243089 -1.486467 18.575051 0.087635 -0.900177 11.120835 -0.000001 0.000000 0.000001 -9.103592 -0.043077 -1.865102 2.118676 -6.841610 32.929189 0.379628 -1.843450 23.271892 0.273419 -1.573775 19.710425 -0.000000 -0.000000 0.000003 -8.076701 -0.486710 -3.806299 0.991103 -5.107808 35.939882 0.407274 -1.906395 24.116689 0.180034 -1.283656 15.966120 -0.000001 -0.000001 -0.000001 4.570409 11.014674 -2.160819 1.287955 2.046100 -7.556872 -1.901029 -19.818070 -67.839624 -0.000011 -29.221434 -0.000003 5.898197 -13.966571 6.155450 2.466100 -1.576220 2.681682 34.633123 -11.154949 20.382239 10.317226 22.375524 -4.922742 2.647883 -1.528764 1.528759 -16.283839 5.393256 11.804527 1.998913 -1.154078 1.154080 -0.000003 -0.000003 0.000001 9.109294 -0.518012 2.259891 -2.909576 -5.343379 -19.893648 0.730460 2.834864 -28.894699 0.303374 1.862604 -18.501762 -0.000001 -0.000001 -0.000003 9.533396 0.000008 -0.000010 -0.724664 3.070716 -34.949856 0.579096 2.541651 -25.668138 0.407568 2.148889 -21.478351 0.000001 0.000000 -0.000001 9.104514 -0.042995 -1.865108 0.244378 4.333218 -32.106370 0.880801 3.091304 -31.802539 0.978993 3.244073 -33.579546 -0.000003 0.000000 -0.000001 8.077804 -0.486901 -3.806307 0.557548 4.785952 -28.297472 0.460897 2.279635 -22.858487 0.526838 2.430072 -24.463654 -0.000001 -0.000003 0.000000 -8.207801 -6.751716 -1.599519 -16.127284 -7.565109 3.227803 26.370100 2.238429 0.317214 -14.749332 0.586886 -4.965500 -8.080943 0.000010 0.000010 0.000001 0.000000 0.000000 8.207799 -6.751707 -1.599520 -34.281672 -0.963971 2.942293 55.851789 -3.279518 0.048550 -2.900302 0.145710 -4.018894 -7.573397 0.000031 -0.000004 -0.000001 0.000001 -0.000001 
-180.540848 100.572144 0.894567 11.577512 -65.786340 10.004001 0.000008 10.181551 0.131543 5.891045 7.379646 -0.294875 4.207033 4.750665 -0.407742 4.180449 4.776967 -0.387796 0.000001 16.740366 -2.049029 4.751500 5.601002 1.899789 -0.000027 9.617838 1.684980 -4.997784 35.156121 -7.368572 -0.000002 22.037369 7.501077 -0.000001 -0.000000 0.000001 -4.569994 11.014879 -2.160856 -2.707389 6.648525 9.770654 0.059549 31.373132 55.948996 0.000002 12.602169 0.000016 5.346803 -4.578970 -20.860115 -2.464806 -1.573949 2.681907 -0.184855 0.811014 0.379089 14.555157 -10.338189 -17.751404 -2.646266 -1.527810 1.527819 3.082443 6.845677 -24.355264 -1.994586 -1.151582 1.151594 0.000002 -0.000003 0.000001 -9.108315 -0.517872 2.259801 -1.953985 1.211413 24.349884 0.102774 -0.974068 12.047025 0.106950 -0.993362 12.289313 -0.000001 -0.000000 0.000001 -9.532526 0.000024 -0.000003 -0.068666 -3.360483 30.624540 0.243089 -1.486467 18.575051 0.087635 -0.900177 11.120835 -0.000001 0.000000 0.000001 -9.103592 -0.043077 -1.865102 2.118676 -6.841610 32.929189 0.379628 -1.843450 23.271892 0.273419 -1.573775 19.710425 -0.000000 -0.000000 0.000003 -8.076701 -0.486710 -3.806299 0.991103 -5.107808 35.939882 0.407274 -1.906395 24.116689 0.180034 -1.283656 15.966120 -0.000001 -0.000001 -0.000001 4.570409 11.014674 -2.160819 1.287955 2.046100 -7.556872 -1.901029 -19.818070 -67.839624 -0.000011 -29.221434 -0.000003 5.898197 -13.966571 6.155450 2.466100 -1.576220 2.681682 34.633123 -11.154949 20.382239 10.317226 22.375524 -4.922742 2.647883 -1.528764 1.528759 -16.283839 5.393256 11.804527 1.998913 -1.154078 1.154080 -0.000003 -0.000003 0.000001 9.109294 -0.518012 2.259891 -2.909576 -5.343379 -19.893648 0.730460 2.834864 -28.894699 0.303374 1.862604 -18.501762 -0.000001 -0.000001 -0.000003 9.533396 0.000008 -0.000010 -0.724664 3.070716 -34.949856 0.579096 2.541651 -25.668138 0.407568 2.148889 -21.478351 0.000001 0.000000 -0.000001 9.104514 -0.042995 -1.865108 0.244378 4.333218 -32.106370 0.880801 3.091304 -31.802539 0.978993 3.244073 -33.579546 -0.000003 0.000000 -0.000001 8.077804 -0.486901 -3.806307 0.557548 4.785952 -28.297472 0.460897 2.279635 -22.858487 0.526838 2.430072 -24.463654 -0.000001 -0.000003 0.000000 -8.207801 -6.751716 -1.599519 -16.127284 -7.565109 3.227803 26.370100 2.238429 0.317214 -14.749332 0.586886 -4.965500 -8.080943 0.000010 0.000010 0.000001 0.000000 0.000000 8.207799 -6.751707 -1.599520 -34.281672 -0.963971 2.942293 55.851789 -3.279518 0.048550 -2.900302 0.145710 -4.018894 -7.573397 0.000031 -0.000004 -0.000001 0.000001 -0.000001 
-180.540848 100.572144 0.894567 11.577512 -65.786340 10.004001 0.000008 10.181551 0.131543 5.891045 7.379646 -0.294875 4.207033 4.750665 -0.407742 4.180449 4.776967 -0.387796 0.000001 16.740366 -2.049029 4.751500 5.601002 1.899789 -0.000027 9.617838 1.684980 -4.997784 35.156121 -7.368572 -0.000002 22.037369 7.501077 -0.000001 -0.000000 0.000001 -4.569994 11.014879 -2.160856 -2.707389 6.648525 9.770654 0.059549 31.373132 55.948996 0.000002 12.602169 0.000016 5.346803 -4.578970 -20.860115 -2.464806 -1.573949 2.681907 -0.184855 0.811014 0.379089 14.555157 -10.338189 -17.751404 -2.646266 -1.527810 1.527819 3.082443 6.845677 -24.355264 -1.994586 -1.151582 1.151594 0.000002 -0.000003 0.000001 -9.108315 -0.517872 2.259801 -1.953985 1.211413 24.349884 0.102774 -0.974068 12.047025 0.106950 -0.993362 12.289313 -0.000001 -0.000000 0.000001 -9.532526 0.000024 -0.000003 -0.068666 -3.360483 30.624540 0.243089 -1.486467 18.575051 0.087635 -0.900177 11.120835 -0.000001 0.000000 0.000001 -9.103592 -0.043077 -1.865102 2.118676 -6.841610 32.929189 0.379628 -1.843450 23.271892 0.273419 -1.573775 19.710425 -0.000000 -0.000000 0.000003 -8.076701 -0.486710 -3.806299 0.991103 -5.107808 35.939882 0.407274 -1.906395 24.116689 0.180034 -1.283656 15.966120 -0.000001 -0.000001 -0.000001 4.570409 11.014674 -2.160819 1.287955 2.046100 -7.556872 -1.901029 -19.818070 -67.839624 -0.000011 -29.221434 -0.000003 5.898197 -13.966571 6.155450 2.466100 -1.576220 2.681682 34.633123 -11.154949 20.382239 10.317226 22.375524 -4.922742 2.647883 -1.528764 1.528759 -16.283839 5.393256 11.804527 1.998913 -1.154078 1.154080 -0.000003 -0.000003 0.000001 9.109294 -0.518012 2.259891 -2.909576 -5.343379 -19.893648 0.730460 2.834864 -28.894699 0.303374 1.862604 -18.501762 -0.000001 -0.000001 -0.000003 9.533396 0.000008 -0.000010 -0.724664 3.070716 -34.949856 0.579096 2.541651 -25.668138 0.407568 2.148889 -21.478351 0.000001 0.000000 -0.000001 9.104514 -0.042995 -1.865108 0.244378 4.333218 -32.106370 0.880801 3.091304 -31.802539 0.978993 3.244073 -33.579546 -0.000003 0.000000 -0.000001 8.077804 -0.486901 -3.806307 0.557548 4.785952 -28.297472 0.460897 2.279635 -22.858487 0.526838 2.430072 -24.463654 -0.000001 -0.000003 0.000000 -8.207801 -6.751716 -1.599519 -16.127284 -7.565109 3.227803 26.370100 2.238429 0.317214 -14.749332 0.586886 -4.965500 -8.080943 0.000010 0.000010 0.000001 0.000000 0.000000 8.207799 -6.751707 -1.599520 -34.281672 -0.963971 2.942293 55.851789 -3.279518 0.048550 -2.900302 0.145710 -4.018894 -7.573397 0.000031 -0.000004 -0.000001 0.000001 -0.000001 
-180.540848 100.572144 0.894567 11.577512 -65.786340 10.004001 0.000008 10.181551 0.131543 5.891045 7.379646 -0.294875 4.207033 4.750665 -0.407742 4.180449 4.776967 -0.387796 0.000001 16.740366 -2.049029 4.751500 5.601002 1.899789 -0.000027 9.617838 1.684980 -4.997784 35.156121 -7.368572 -0.000002 22.037369 7.501077 -0.000001 -0.000000 0.000001 -4.569994 11.014879 -2.160856 -2.707389 6.648525 9.770654 0.059549 31.373132 55.948996 0.000002 12.602169 0.000016 5.346803 -4.578970 -20.860115 -2.464806 -1.573949 2.681907 -0.184855 0.811014 0.379089 14.555157 -10.338189 -17.751404 -2.646266 -1.527810 1.527819 3.082443 6.845677 -24.355264 -1.994586 -1.151582 1.151594 0.000002 -0.000003 0.000001 -9.108315 -0.517872 2.259801 -1.953985 1.211413 24.349884 0.102774 -0.974068 12.047025 0.106950 -0.993362 12.289313 -0.000001 -0.000000 0.000001 -9.532526 0.000024 -0.000003 -0.068666 -3.360483 30.624540 0.243089 -1.486467 18.575051 0.087635 -0.900177 11.120835 -0.000001 0.000000 0.000001 -9.103592 -0.043077 -1.865102 2.118676 -6.841610 32.929189 0.379628 -1.843450 23.271892 0.273419 -1.573775 19.710425 -0.000000 -0.000000 0.000003 -8.076701 -0.486710 -3.806299 0.991103 -5.107808 35.939882 0.407274 -1.906395 24.116689 0.180034 -1.283656 15.966120 -0.000001 -0.000001 -0.000001 4.570409 11.014674 -2.160819 1.287955 2.046100 -7.556872 -1.901029 -19.818070 -67.839624 -0.000011 -29.221434 -0.000003 5.898197 -13.966571 6.155450 2.466100 -1.576220 2.681682 34.633123 -11.154949 20.382239 10.317226 22.375524 -4.922742 2.647883 -1.528764 1.528759 -16.283839 5.393256 11.804527 1.998913 -1.154078 1.154080 -0.000003 -0.000003 0.000001 9.109294 -0.518012 2.259891 -2.909576 -5.343379 -19.893648 0.730460 2.834864 -28.894699 0.303374 1.862604 -18.501762 -0.000001 -0.000001 -0.000003 9.533396 0.000008 -0.000010 -0.724664 3.070716 -34.949856 0.579096 2.541651 -25.668138 0.407568 2.148889 -21.478351 0.000001 0.000000 -0.000001 9.104514 -0.042995 -1.865108 0.244378 4.333218 -32.106370 0.880801 3.091304 -31.802539 0.978993 3.244073 -33.579546 -0.000003 0.000000 -0.000001 8.077804 -0.486901 -3.806307 0.557548 4.785952 -28.297472 0.460897 2.279635 -22.858487 0.526838 2.430072 -24.463654 -0.000001 -0.000003 0.000000 -8.207801 -6.751716 -1.599519 -16.127284 -7.565109 3.227803 26.370100 2.238429 0.317214 -14.749332 0.586886 -4.965500 -8.080943 0.000010 0.000010 0.000001 0.000000 0.000000 8.207799 -6.751707 -1.599520 -34.281672 -0.963971 2.942293 55.851789 -3.279518 0.048550 -2.900302 0.145710 -4.018894 -7.573397 0.000031 -0.000004 -0.000001 0.000001 -0.000001 
-180.540848 100.572144 0.894567 11.577512 -65.786340 10.004001 0.000008 10.181551 0.131543 5.891045 7.379646 -0.294875 4.207033 4.750665 -0.407742 4.180449 4.776967 -0.387796 0.000001 16.740366 -2.049029 4.751500 5.601002 1.899789 -0.000027 9.617838 1.684980 -4.997784 35.156121 -7.368572 -0.000002 22.037369 7.501077 -0.000001 -0.000000 0.000001 -4.569994 11.014879 -2.160856 -2.707389 6.648525 9.770654 0.059549 31.373132 55.948996 0.000002 12.602169 0.000016 5.346803 -4.578970 -20.860115 -2.464806 -1.573949 2.681907 -0.184855 0.811014 0.379089 14.555157 -10.338189 -17.751404 -2.646266 -1.527810 1.527819 3.082443 6.845677 -24.355264 -1.994586 -1.151582 1.151594 0.000002 -0.000003 0.000001 -9.108315 -0.517872 2.259801 -1.953985 1.211413 24.349884 0.102774 -0.974068 12.047025 0.106950 -0.993362 12.289313 -0.000001 -0.000000 0.000001 -9.532526 0.000024 -0.000003 -0.068666 -3.360483 30.624540 0.243089 -1.486467 18.575051 0.087635 -0.900177 11.120835 -0.000001 0.000000 0.000001 -9.103592 -0.043077 -1.865102 2.118676 -6.841610 32.929189 0.379628 -1.843450 23.271892 0.273419 -1.573775 19.710425 -0.000000 -0.000000 0.000003 -8.076701 -0.486710 -3.806299 0.991103 -5.107808 35.939882 0.407274 -1.906395 24.116689 0.180034 -1.283656 15.966120 -0.000001 -0.000001 -0.000001 4.570409 11.014674 -2.160819 1.287955 2.046100 -7.556872 -1.901029 -19.818070 -67.839624 -0.000011 -29.221434 -0.000003 5.898197 -13.966571 6.155450 2.466100 -1.576220 2.681682 34.633123 -11.154949 20.382239 10.317226 22.375524 -4.922742 2.647883 -1.528764 1.528759 -16.283839 5.393256 11.804527 1.998913 -1.154078 1.154080 -0.000003 -0.000003 0.000001 9.109294 -0.518012 2.259891 -2.909576 -5.343379 -19.893648 0.730460 2.834864 -28.894699 0.303374 1.862604 -18.501762 -0.000001 -0.000001 -0.000003 9.533396 0.000008 -0.000010 -0.724664 3.070716 -34.949856 0.579096 2.541651 -25.668138 0.407568 2.148889 -21.478351 0.000001 0.000000 -0.000001 9.104514 -0.042995 -1.865108 0.244378 4.333218 -32.106370 0.880801 3.091304 -31.802539 0.978993 3.244073 -33.579546 -0.000003 0.000000 -0.000001 8.077804 -0.486901 -3.806307 0.557548 4.785952 -28.297472 0.460897 2.279635 -22.858487 0.526838 2.430072 -24.463654 -0.000001 -0.000003 0.000000 -8.207801 -6.751716 -1.599519 -16.127284 -7.565109 3.227803 26.370100 2.238429 0.317214 -14.749332 0.586886 -4.965500 -8.080943 0.000010 0.000010 0.000001 0.000000 0.000000 8.207799 -6.751707 -1.599520 -34.281672 -0.963971 2.942293 55.851789 -3.279518 0.048550 -2.900302 0.145710 -4.018894 -7.573397 0.000031 -0.000004 -0.000001 0.000001 -0.000001 
-180.540848 100.572144 0.894567 11.577512 -65.786340 10.004001 0.000008 10.181551 0.131543 5.891045 7.379646 -0.294875 4.207033 4.750665 -0.407742 4.180449 4.776967 -0.387796 0.000001 16.740366 -2.049029 4.751500 5.601002 1.899789 -0.000027 9.617838 1.684980 -4.997784 35.156121 -7.368572 -0.000002 22.037369 7.501077 -0.000001 -0.000000 0.000001 -4.569994 11.014879 -2.160856 -2.707389 6.648525 9.770654 0.059549 31.373132 55.948996 0.000002 12.602169 0.000016 5.346803 -4.578970 -20.860115 -2.464806 -1.573949 2.681907 -0.184855 0.811014 0.379089 14.555157 -10.338189 -17.751404 -2.646266 -1.527810 1.527819 3.082443 6.845677 -24.355264 -1.994586 -1.151582 1.151594 0.000002 -0.000003 0.000001 -9.108315 -0.517872 2.259801 -1.953985 1.211413 24.349884 0.102774 -0.974068 12.047025 0.106950 -0.993362 12.289313 -0.000001 -0.000000 0.000001 -9.532526 0.000024 -0.000003 -0.068666 -3.360483 30.624540 0.243089 -1.486467 18.575051 0.087635 -0.900177 11.120835 -0.000001 0.000000 0.000001 -9.103592 -0.043077 -1.865102 2.118676 -6.841610 32.929189 0.379628 -1.843450 23.271892 0.273419 -1.573775 19.710425 -0.000000 -0.000000 0.000003 -8.076701 -0.486710 -3.806299 0.991103 -5.107808 35.939882 0.407274 -1.906395 24.116689 0.180034 -1.283656 15.966120 -0.000001 -0.000001 -0.000001 4.570409 11.014674 -2.160819 1.287955 2.046100 -7.556872 -1.901029 -19.818070 -67.839624 -0.000011 -29.221434 -0.000003 5.898197 -13.966571 6.155450 2.466100 -1.576220 2.681682 34.633123 -11.154949 20.382239 10.317226 22.375524 -4.922742 2.647883 -1.528764 1.528759 -16.283839 5.393256 11.804527 1.998913 -1.154078 1.154080 -0.000003 -0.000003 0.000001 9.109294 -0.518012 2.259891 -2.909576 -5.343379 -19.893648 0.730460 2.834864 -28.894699 0.303374 1.862604 -18.501762 -0.000001 -0.000001 -0.000003 9.533396 0.000008 -0.000010 -0.724664 3.070716 -34.949856 0.579096 2.541651 -25.668138 0.407568 2.148889 -21.478351 0.000001 0.000000 -0.000001 9.104514 -0.042995 -1.865108 0.244378 4.333218 -32.106370 0.880801 3.091304 -31.802539 0.978993 3.244073 -33.579546 -0.000003 0.000000 -0.000001 8.077804 -0.486901 -3.806307 0.557548 4.785952 -28.297472 0.460897 2.279635 -22.858487 0.526838 2.430072 -24.463654 -0.000001 -0.000003 0.000000 -8.207801 -6.751716 -1.599519 -16.127284 -7.565109 3.227803 26.370100 2.238429 0.317214 -14.749332 0.586886 -4.965500 -8.080943 0.000010 0.000010 0.000001 0.000000 0.000000 8.207799 -6.751707 -1.599520 -34.281672 -0.963971 2.942293 55.851789 -3.279518 0.048550 -2.900302 0.145710 -4.018894 -7.573397 0.000031 -0.000004 -0.000001 0.000001 -0.000001 
-180.540848 100.572144 0.894567 11.577512 -65.786340 10.004001 0.000008 10.181551 0.131543 5.891045 7.379646 -0.294875 4.207033 4.750665 -0.407742 4.180449 4.776967 -0.387796 0.000001 16.740366 -2.049029 4.751500 5.601002 1.899789 -0.000027 9.617838 1.684980 -4.997784 35.156121 -7.368572 -0.000002 22.037369 7.501077 -0.000001 -0.000000 0.000001 -4.569994 11.014879 -2.160856 -2.707389 6.648525 9.770654 0.059549 31.373132 55.948996 0.000002 12.602169 0.000016 5.346803 -4.578970 -20.860115 -2.464806 -1.573949 2.681907 -0.184855 0.811014 0.379089 14.555157 -10.338189 -17.751404 -2.646266 -1.527810 1.527819 3.082443 6.845677 -24.355264 -1.994586 -1.151582 1.151594 0.000002 -0.000003 0.000001 -9.108315 -0.517872 2.259801 -1.953985 1.211413 24.349884 0.102774 -0.974068 12.047025 0.106950 -0.993362 12.289313 -0.000001 -0.000000 0.000001 -9.532526 0.000024 -0.000003 -0.068666 -3.360483 30.624540 0.243089 -1.486467 18.575051 0.087635 -0.900177 11.120835 -0.000001 0.000000 0.000001 -9.103592 -0.043077 -1.865102 2.118676 -6.841610 32.929189 0.379628 -1.843450 23.271892 0.273419 -1.573775 19.710425 -0.000000 -0.000000 0.000003 -8.076701 -0.486710 -3.806299 0.991103 -5.107808 35.939882 0.407274 -1.906395 24.116689 0.180034 -1.283656 15.966120 -0.000001 -0.000001 -0.000001 4.570409 11.014674 -2.160819 1.287955 2.046100 -7.556872 -1.901029 -19.818070 -67.839624 -0.000011 -29.221434 -0.000003 5.898197 -13.966571 6.155450 2.466100 -1.576220 2.681682 34.633123 -11.154949 20.382239 10.317226 22.375524 -4.922742 2.647883 -1.528764 1.528759 -16.283839 5.393256 11.804527 1.998913 -1.154078 1.154080 -0.000003 -0.000003 0.000001 9.109294 -0.518012 2.259891 -2.909576 -5.343379 -19.893648 0.730460 2.834864 -28.894699 0.303374 1.862604 -18.501762 -0.000001 -0.000001 -0.000003 9.533396 0.000008 -0.000010 -0.724664 3.070716 -34.949856 0.579096 2.541651 -25.668138 0.407568 2.148889 -21.478351 0.000001 0.000000 -0.000001 9.104514 -0.042995 -1.865108 0.244378 4.333218 -32.106370 0.880801 3.091304 -31.802539 0.978993 3.244073 -33.579546 -0.000003 0.000000 -0.000001 8.077804 -0.486901 -3.806307 0.557548 4.785952 -28.297472 0.460897 2.279635 -22.858487 0.526838 2.430072 -24.463654 -0.000001 -0.000003 0.000000 -8.207801 -6.751716 -1.599519 -16.127284 -7.565109 3.227803 26.370100 2.238429 0.317214 -14.749332 0.586886 -4.965500 -8.080943 0.000010 0.000010 0.000001 0.000000 0.000000 8.207799 -6.751707 -1.599520 -34.281672 -0.963971 2.942293 55.851789 -3.279518 0.048550 -2.900302 0.145710 -4.018894 -7.573397 0.000031 -0.000004 -0.000001 0.000001 -0.000001 
-180.540848 100.572144 0.894567 11.577512 -65.786340 10.004001 0.000008 10.181551 0.131543 5.891045 7.379646 -0.294875 4.207033 4.750665 -0.407742 4.180449 4.776967 -0.387796 0.000001 16.740366 -2.049029 4.751500 5.601002 1.899789 -0.000027 9.617838 1.684980 -4.997784 35.156121 -7.368572 -0.000002 22.037369 7.501077 -0.000001 -0.000000 0.000001 -4.569994 11.014879 -2.160856 -2.707389 6.648525 9.770654 0.059549 31.373132 55.948996 0.000002 12.602169 0.000016 5.346803 -4.578970 -20.860115 -2.464806 -1.573949 2.681907 -0.184855 0.811014 0.379089 14.555157 -10.338189 -17.751404 -2.646266 -1.527810 1.527819 3.082443 6.845677 -24.355264 -1.994586 -1.151582 1.151594 0.000002 -0.000003 0.000001 -9.108315 -0.517872 2.259801 -1.953985 1.211413 24.349884 0.102774 -0.974068 12.047025 0.106950 -0.993362 12.289313 -0.000001 -0.000000 0.000001 -9.532526 0.000024 -0.000003 -0.068666 -3.360483 30.624540 0.243089 -1.486467 18.575051 0.087635 -0.900177 11.120835 -0.000001 0.000000 0.000001 -9.103592 -0.043077 -1.865102 2.118676 -6.841610 32.929189 0.379628 -1.843450 23.271892 0.273419 -1.573775 19.710425 -0.000000 -0.000000 0.000003 -8.076701 -0.486710 -3.806299 0.991103 -5.107808 35.939882 0.407274 -1.906395 24.116689 0.180034 -1.283656 15.966120 -0.000001 -0.000001 -0.000001 4.570409 11.014674 -2.160819 1.287955 2.046100 -7.556872 -1.901029 -19.818070 -67.839624 -0.000011 -29.221434 -0.000003 5.898197 -13.966571 6.155450 2.466100 -1.576220 2.681682 34.633123 -11.154949 20.382239 10.317226 22.375524 -4.922742 2.647883 -1.528764 1.528759 -16.283839 5.393256 11.804527 1.998913 -1.154078 1.154080 -0.000003 -0.000003 0.000001 9.109294 -0.518012 2.259891 -2.909576 -5.343379 -19.893648 0.730460 2.834864 -28.894699 0.303374 1.862604 -18.501762 -0.000001 -0.000001 -0.000003 9.533396 0.000008 -0.000010 -0.724664 3.070716 -34.949856 0.579096 2.541651 -25.668138 0.407568 2.148889 -21.478351 0.000001 0.000000 -0.000001 9.104514 -0.042995 -1.865108 0.244378 4.333218 -32.106370 0.880801 3.091304 -31.802539 0.978993 3.244073 -33.579546 -0.000003 0.000000 -0.000001 8.077804 -0.486901 -3.806307 0.557548 4.785952 -28.297472 0.460897 2.279635 -22.858487 0.526838 2.430072 -24.463654 -0.000001 -0.000003 0.000000 -8.207801 -6.751716 -1.599519 -16.127284 -7.565109 3.227803 26.370100 2.238429 0.317214 -14.749332 0.586886 -4.965500 -8.080943 0.000010 0.000010 0.000001 0.000000 0.000000 8.207799 -6.751707 -1.599520 -34.281672 -0.963971 2.942293 55.851789 -3.279518 0.048550 -2.900302 0.145710 -4.018894 -7.573397 0.000031 -0.000004 -0.000001 0.000001 -0.000001 
-180.540848 100.572144 0.894567 11.577512 -65.786340 10.004001 0.000008 10.181551 0.131543 5.891045 7.379646 -0.294875 4.207033 4.750665 -0.407742 4.180449 4.776967 -0.387796 0.000001 16.740366 -2.049029 4.751500 5.601002 1.899789 -0.000027 9.617838 1.684980 -4.997784 35.156121 -7.368572 -0.000002 22.037369 7.501077 -0.000001 -0.000000 0.000001 -4.569994 11.014879 -2.160856 -2.707389 6.648525 9.770654 0.059549 31.373132 55.948996 0.000002 12.602169 0.000016 5.346803 -4.578970 -20.860115 -2.464806 -1.573949 2.681907 -0.184855 0.811014 0.379089 14.555157 -10.338189 -17.751404 -2.646266 -1.527810 1.527819 3.082443 6.845677 -24.355264 -1.994586 -1.151582 1.151594 0.000002 -0.000003 0.000001 -9.108315 -0.517872 2.259801 -1.953985 1.211413 24.349884 0.102774 -0.974068 12.047025 0.106950 -0.993362 12.289313 -0.000001 -0.000000 0.000001 -9.532526 0.000024 -0.000003 -0.068666 -3.360483 30.624540 0.243089 -1.486467 18.575051 0.087635 -0.900177 11.120835 -0.000001 0.000000 0.000001 -9.103592 -0.043077 -1.865102 2.118676 -6.841610 32.929189 0.379628 -1.843450 23.271892 0.273419 -1.573775 19.710425 -0.000000 -0.000000 0.000003 -8.076701 -0.486710 -3.806299 0.991103 -5.107808 35.939882 0.407274 -1.906395 24.116689 0.180034 -1.283656 15.966120 -0.000001 -0.000001 -0.000001 4.570409 11.014674 -2.160819 1.287955 2.046100 -7.556872 -1.901029 -19.818070 -67.839624 -0.000011 -29.221434 -0.000003 5.898197 -13.966571 6.155450 2.466100 -1.576220 2.681682 34.633123 -11.154949 20.382239 10.317226 22.375524 -4.922742 2.647883 -1.528764 1.528759 -16.283839 5.393256 11.804527 1.998913 -1.154078 1.154080 -0.000003 -0.000003 0.000001 9.109294 -0.518012 2.259891 -2.909576 -5.343379 -19.893648 0.730460 2.834864 -28.894699 0.303374 1.862604 -18.501762 -0.000001 -0.000001 -0.000003 9.533396 0.000008 -0.000010 -0.724664 3.070716 -34.949856 0.579096 2.541651 -25.668138 0.407568 2.148889 -21.478351 0.000001 0.000000 -0.000001 9.104514 -0.042995 -1.865108 0.244378 4.333218 -32.106370 0.880801 3.091304 -31.802539 0.978993 3.244073 -33.579546 -0.000003 0.000000 -0.000001 8.077804 -0.486901 -3.806307 0.557548 4.785952 -28.297472 0.460897 2.279635 -22.858487 0.526838 2.430072 -24.463654 -0.000001 -0.000003 0.000000 -8.207801 -6.751716 -1.599519 -16.127284 -7.565109 3.227803 26.370100 2.238429 0.317214 -14.749332 0.586886 -4.965500 -8.080943 0.000010 0.000010 0.000001 0.000000 0.000000 8.207799 -6.751707 -1.599520 -34.281672 -0.963971 2.942293 55.851789 -3.279518 0.048550 -2.900302 0.145710 -4.018894 -7.573397 0.000031 -0.000004 -0.000001 0.000001 -0.000001 
-180.540848 100.572144 0.894567 11.577512 -65.786340 10.004001 0.000008 10.181551 0.131543 5.891045 7.379646 -0.294875 4.207033 4.750665 -0.407742 4.180449 4.776967 -0.387796 0.000001 16.740366 -2.049029 4.751500 5.601002 1.899789 -0.000027 9.617838 1.684980 -4.997784 35.156121 -7.368572 -0.000002 22.037369 7.501077 -0.000001 -0.000000 0.000001 -4.569994 11.014879 -2.160856 -2.707389 6.648525 9.770654 0.059549 31.373132 55.948996 0.000002 12.602169 0.000016 5.346803 -4.578970 -20.860115 -2.464806 -1.573949 2.681907 -0.184855 0.811014 0.379089 14.555157 -10.338189 -17.751404 -2.646266 -1.527810 1.527819 3.082443 6.845677 -24.355264 -1.994586 -1.151582 1.151594 0.000002 -0.000003 0.000001 -9.108315 -0.517872 2.259801 -1.953985 1.211413 24.349884 0.102774 -0.974068 12.047025 0.106950 -0.993362 12.289313 -0.000001 -0.000000 0.000001 -9.532526 0.000024 -0.000003 -0.068666 -3.360483 30.624540 0.243089 -1.486467 18.575051 0.087635 -0.900177 11.120835 -0.000001 0.000000 0.000001 -9.103592 -0.043077 -1.865102 2.118676 -6.841610 32.929189 0.379628 -1.843450 23.271892 0.273419 -1.573775 19.710425 -0.000000 -0.000000 0.000003 -8.076701 -0.486710 -3.806299 0.991103 -5.107808 35.939882 0.407274 -1.906395 24.116689 0.180034 -1.283656 15.966120 -0.000001 -0.000001 -0.000001 4.570409 11.014674 -2.160819 1.287955 2.046100 -7.556872 -1.901029 -19.818070 -67.839624 -0.000011 -29.221434 -0.000003 5.898197 -13.966571 6.155450 2.466100 -1.576220 2.681682 34.633123 -11.154949 20.382239 10.317226 22.375524 -4.922742 2.647883 -1.528764 1.528759 -16.283839 5.393256 11.804527 1.998913 -1.154078 1.154080 -0.000003 -0.000003 0.000001 9.109294 -0.518012 2.259891 -2.909576 -5.343379 -19.893648 0.730460 2.834864 -28.894699 0.303374 1.862604 -18.501762 -0.000001 -0.000001 -0.000003 9.533396 0.000008 -0.000010 -0.724664 3.070716 -34.949856 0.579096 2.541651 -25.668138 0.407568 2.148889 -21.478351 0.000001 0.000000 -0.000001 9.104514 -0.042995 -1.865108 0.244378 4.333218 -32.106370 0.880801 3.091304 -31.802539 0.978993 3.244073 -33.579546 -0.000003 0.000000 -0.000001 8.077804 -0.486901 -3.806307 0.557548 4.785952 -28.297472 0.460897 2.279635 -22.858487 0.526838 2.430072 -24.463654 -0.000001 -0.000003 0.000000 -8.207801 -6.751716 -1.599519 -16.127284 -7.565109 3.227803 26.370100 2.238429 0.317214 -14.749332 0.586886 -4.965500 -8.080943 0.000010 0.000010 0.000001 0.000000 0.000000 8.207799 -6.751707 -1.599520 -34.281672 -0.963971 2.942293 55.851789 -3.279518 0.048550 -2.900302 0.145710 -4.018894 -7.573397 0.000031 -0.000004 -0.000001 0.000001 -0.000001 
-180.540848 100.572144 0.894567 11.577512 -65.786340 10.004001 0.000008 10.181551 0.131543 5.891045 7.379646 -0.294875 4.207033 4.750665 -0.407742 4.180449 4.776967 -0.387796 0.000001 16.740366 -2.049029 4.751500 5.601002 1.899789 -0.000027 9.617838 1.684980 -4.997784 35.156121 -7.368572 -0.000002 22.037369 7.501077 -0.000001 -0.000000 0.000001 -4.569994 11.014879 -2.160856 -2.707389 6.648525 9.770654 0.059549 31.373132 55.948996 0.000002 12.602169 0.000016 5.346803 -4.578970 -20.860115 -2.464806 -1.573949 2.681907 -0.184855 0.811014 0.379089 14.555157 -10.338189 -17.751404 -2.646266 -1.527810 1.527819 3.082443 6.845677 -24.355264 -1.994586 -1.151582 1.151594 0.000002 -0.000003 0.000001 -9.108315 -0.517872 2.259801 -1.953985 1.211413 24.349884 0.102774 -0.974068 12.047025 0.106950 -0.993362 12.289313 -0.000001 -0.000000 0.000001 -9.532526 0.000024 -0.000003 -0.068666 -3.360483 30.624540 0.243089 -1.486467 18.575051 0.087635 -0.900177 11.120835 -0.000001 0.000000 0.000001 -9.103592 -0.043077 -1.865102 2.118676 -6.841610 32.929189 0.379628 -1.843450 23.271892 0.273419 -1.573775 19.710425 -0.000000 -0.000000 0.000003 -8.076701 -0.486710 -3.806299 0.991103 -5.107808 35.939882 0.407274 -1.906395 24.116689 0.180034 -1.283656 15.966120 -0.000001 -0.000001 -0.000001 4.570409 11.014674 -2.160819 1.287955 2.046100 -7.556872 -1.901029 -19.818070 -67.839624 -0.000011 -29.221434 -0.000003 5.898197 -13.966571 6.155450 2.466100 -1.576220 2.681682 34.633123 -11.154949 20.382239 10.317226 22.375524 -4.922742 2.647883 -1.528764 1.528759 -16.283839 5.393256 11.804527 1.998913 -1.154078 1.154080 -0.000003 -0.000003 0.000001 9.109294 -0.518012 2.259891 -2.909576 -5.343379 -19.893648 0.730460 2.834864 -28.894699 0.303374 1.862604 -18.501762 -0.000001 -0.000001 -0.000003 9.533396 0.000008 -0.000010 -0.724664 3.070716 -34.949856 0.579096 2.541651 -25.668138 0.407568 2.148889 -21.478351 0.000001 0.000000 -0.000001 9.104514 -0.042995 -1.865108 0.244378 4.333218 -32.106370 0.880801 3.091304 -31.802539 0.978993 3.244073 -33.579546 -0.000003 0.000000 -0.000001 8.077804 -0.486901 -3.806307 0.557548 4.785952 -28.297472 0.460897 2.279635 -22.858487 0.526838 2.430072 -24.463654 -0.000001 -0.000003 0.000000 -8.207801 -6.751716 -1.599519 -16.127284 -7.565109 3.227803 26.370100 2.238429 0.317214 -14.749332 0.586886 -4.965500 -8.080943 0.000010 0.000010 0.000001 0.000000 0.000000 8.207799 -6.751707 -1.599520 -34.281672 -0.963971 2.942293 55.851789 -3.279518 0.048550 -2.900302 0.145710 -4.018894 -7.573397 0.000031 -0.000004 -0.000001 0.000001 -0.000001 
-180.540848 100.572144 0.894567 11.577512 -65.786340 10.004001 0.000008 10.181551 0.131543 5.891045 7.379646 -0.294875 4.207033 4.750665 -0.407742 4.180449 4.776967 -0.387796 0.000001 16.740366 -2.049029 4.751500 5.601002 1.899789 -0.000027 9.617838 1.684980 -4.997784 35.156121 -7.368572 -0.000002 22.037369 7.501077 -0.000001 -0.000000 0.000001 -4.569994 11.014879 -2.160856 -2.707389 6.648525 9.770654 0.059549 31.373132 55.948996 0.000002 12.602169 0.000016 5.346803 -4.578970 -20.860115 -2.464806 -1.573949 2.681907 -0.184855 0.811014 0.379089 14.555157 -10.338189 -17.751404 -2.646266 -1.527810 1.527819 3.082443 6.845677 -24.355264 -1.994586 -1.151582 1.151594 0.000002 -0.000003 0.000001 -9.108315 -0.517872 2.259801 -1.953985 1.211413 24.349884 0.102774 -0.974068 12.047025 0.106950 -0.993362 12.289313 -0.000001 -0.000000 0.000001 -9.532526 0.000024 -0.000003 -0.068666 -3.360483 30.624540 0.243089 -1.486467 18.575051 0.087635 -0.900177 11.120835 -0.000001 0.000000 0.000001 -9.103592 -0.043077 -1.865102 2.118676 -6.841610 32.929189 0.379628 -1.843450 23.271892 0.273419 -1.573775 19.710425 -0.000000 -0.000000 0.000003 -8.076701 -0.486710 -3.806299 0.991103 -5.107808 35.939882 0.407274 -1.906395 24.116689 0.180034 -1.283656 15.966120 -0.000001 -0.000001 -0.000001 4.570409 11.014674 -2.160819 1.287955 2.046100 -7.556872 -1.901029 -19.818070 -67.839624 -0.000011 -29.221434 -0.000003 5.898197 -13.966571 6.155450 2.466100 -1.576220 2.681682 34.633123 -11.154949 20.382239 10.317226 22.375524 -4.922742 2.647883 -1.528764 1.528759 -16.283839 5.393256 11.804527 1.998913 -1.154078 1.154080 -0.000003 -0.000003 0.000001 9.109294 -0.518012 2.259891 -2.909576 -5.343379 -19.893648 0.730460 2.834864 -28.894699 0.303374 1.862604 -18.501762 -0.000001 -0.000001 -0.000003 9.533396 0.000008 -0.000010 -0.724664 3.070716 -34.949856 0.579096 2.541651 -25.668138 0.407568 2.148889 -21.478351 0.000001 0.000000 -0.000001 9.104514 -0.042995 -1.865108 0.244378 4.333218 -32.106370 0.880801 3.091304 -31.802539 0.978993 3.244073 -33.579546 -0.000003 0.000000 -0.000001 8.077804 -0.486901 -3.806307 0.557548 4.785952 -28.297472 0.460897 2.279635 -22.858487 0.526838 2.430072 -24.463654 -0.000001 -0.000003 0.000000 -8.207801 -6.751716 -1.599519 -16.127284 -7.565109 3.227803 26.370100 2.238429 0.317214 -14.749332 0.586886 -4.965500 -8.080943 0.000010 0.000010 0.000001 0.000000 0.000000 8.207799 -6.751707 -1.599520 -34.281672 -0.963971 2.942293 55.851789 -3.279518 0.048550 -2.900302 0.145710 -4.018894 -7.573397 0.000031 -0.000004 -0.000001 0.000001 -0.000001 
-180.540848 100.572144 0.894567 11.577512 -65.786340 10.004001 0.000008 10.181551 0.131543 5.891045 7.379646 -0.294875 4.207033 4.750665 -0.407742 4.180449 4.776967 -0.387796 0.000001 16.740366 -2.049029 4.751500 5.601002 1.899789 -0.000027 9.617838 1.684980 -4.997784 35.156121 -7.368572 -0.000002 22.037369 7.501077 -0.000001 -0.000000 0.000001 -4.569994 11.014879 -2.160856 -2.707389 6.648525 9.770654 0.059549 31.373132 55.948996 0.000002 12.602169 0.000016 5.346803 -4.578970 -20.860115 -2.464806 -1.573949 2.681907 -0.184855 0.811014 0.379089 14.555157 -10.338189 -17.751404 -2.646266 -1.527810 1.527819 3.082443 6.845677 -24.355264 -1.994586 -1.151582 1.151594 0.000002 -0.000003 0.000001 -9.108315 -0.517872 2.259801 -1.953985 1.211413 24.349884 0.102774 -0.974068 12.047025 0.106950 -0.993362 12.289313 -0.000001 -0.000000 0.000001 -9.532526 0.000024 -0.000003 -0.068666 -3.360483 30.624540 0.243089 -1.486467 18.575051 0.087635 -0.900177 11.120835 -0.000001 0.000000 0.000001 -9.103592 -0.043077 -1.865102 2.118676 -6.841610 32.929189 0.379628 -1.843450 23.271892 0.273419 -1.573775 19.710425 -0.000000 -0.000000 0.000003 -8.076701 -0.486710 -3.806299 0.991103 -5.107808 35.939882 0.407274 -1.906395 24.116689 0.180034 -1.283656 15.966120 -0.000001 -0.000001 -0.000001 4.570409 11.014674 -2.160819 1.287955 2.046100 -7.556872 -1.901029 -19.818070 -67.839624 -0.000011 -29.221434 -0.000003 5.898197 -13.966571 6.155450 2.466100 -1.576220 2.681682 34.633123 -11.154949 20.382239 10.317226 22.375524 -4.922742 2.647883 -1.528764 1.528759 -16.283839 5.393256 11.804527 1.998913 -1.154078 1.154080 -0.000003 -0.000003 0.000001 9.109294 -0.518012 2.259891 -2.909576 -5.343379 -19.893648 0.730460 2.834864 -28.894699 0.303374 1.862604 -18.501762 -0.000001 -0.000001 -0.000003 9.533396 0.000008 -0.000010 -0.724664 3.070716 -34.949856 0.579096 2.541651 -25.668138 0.407568 2.148889 -21.478351 0.000001 0.000000 -0.000001 9.104514 -0.042995 -1.865108 0.244378 4.333218 -32.106370 0.880801 3.091304 -31.802539 0.978993 3.244073 -33.579546 -0.000003 0.000000 -0.000001 8.077804 -0.486901 -3.806307 0.557548 4.785952 -28.297472 0.460897 2.279635 -22.858487 0.526838 2.430072 -24.463654 -0.000001 -0.000003 0.000000 -8.207801 -6.751716 -1.599519 -16.127284 -7.565109 3.227803 26.370100 2.238429 0.317214 -14.749332 0.586886 -4.965500 -8.080943 0.000010 0.000010 0.000001 0.000000 0.000000 8.207799 -6.751707 -1.599520 -34.281672 -0.963971 2.942293 55.851789 -3.279518 0.048550 -2.900302 0.145710 -4.018894 -7.573397 0.000031 -0.000004 -0.000001 0.000001 -0.000001 
-180.540848 100.572144 0.894567 11.577512 -65.786340 10.004001 0.000008 10.181551 0.131543 5.891045 7.379646 -0.294875 4.207033 4.750665 -0.407742 4.180449 4.776967 -0.387796 0.000001 16.740366 -2.049029 4.751500 5.601002 1.899789 -0.000027 9.617838 1.684980 -4.997784 35.156121 -7.368572 -0.000002 22.037369 7.501077 -0.000001 -0.000000 0.000001 -4.569994 11.014879 -2.160856 -2.707389 6.648525 9.770654 0.059549 31.373132 55.948996 0.000002 12.602169 0.000016 5.346803 -4.578970 -20.860115 -2.464806 -1.573949 2.681907 -0.184855 0.811014 0.379089 14.555157 -10.338189 -17.751404 -2.646266 -1.527810 1.527819 3.082443 6.845677 -24.355264 -1.994586 -1.151582 1.151594 0.000002 -0.000003 0.000001 -9.108315 -0.517872 2.259801 -1.953985 1.211413 24.349884 0.102774 -0.974068 12.047025 0.106950 -0.993362 12.289313 -0.000001 -0.000000 0.000001 -9.532526 0.000024 -0.000003 -0.068666 -3.360483 30.624540 0.243089 -1.486467 18.575051 0.087635 -0.900177 11.120835 -0.000001 0.000000 0.000001 -9.103592 -0.043077 -1.865102 2.118676 -6.841610 32.929189 0.379628 -1.843450 23.271892 0.273419 -1.573775 19.710425 -0.000000 -0.000000 0.000003 -8.076701 -0.486710 -3.806299 0.991103 -5.107808 35.939882 0.407274 -1.906395 24.116689 0.180034 -1.283656 15.966120 -0.000001 -0.000001 -0.000001 4.570409 11.014674 -2.160819 1.287955 2.046100 -7.556872 -1.901029 -19.818070 -67.839624 -0.000011 -29.221434 -0.000003 5.898197 -13.966571 6.155450 2.466100 -1.576220 2.681682 34.633123 -11.154949 20.382239 10.317226 22.375524 -4.922742 2.647883 -1.528764 1.528759 -16.283839 5.393256 11.804527 1.998913 -1.154078 1.154080 -0.000003 -0.000003 0.000001 9.109294 -0.518012 2.259891 -2.909576 -5.343379 -19.893648 0.730460 2.834864 -28.894699 0.303374 1.862604 -18.501762 -0.000001 -0.000001 -0.000003 9.533396 0.000008 -0.000010 -0.724664 3.070716 -34.949856 0.579096 2.541651 -25.668138 0.407568 2.148889 -21.478351 0.000001 0.000000 -0.000001 9.104514 -0.042995 -1.865108 0.244378 4.333218 -32.106370 0.880801 3.091304 -31.802539 0.978993 3.244073 -33.579546 -0.000003 0.000000 -0.000001 8.077804 -0.486901 -3.806307 0.557548 4.785952 -28.297472 0.460897 2.279635 -22.858487 0.526838 2.430072 -24.463654 -0.000001 -0.000003 0.000000 -8.207801 -6.751716 -1.599519 -16.127284 -7.565109 3.227803 26.370100 2.238429 0.317214 -14.749332 0.586886 -4.965500 -8.080943 0.000010 0.000010 0.000001 0.000000 0.000000 8.207799 -6.751707 -1.599520 -34.281672 -0.963971 2.942293 55.851789 -3.279518 0.048550 -2.900302 0.145710 -4.018894 -7.573397 0.000031 -0.000004 -0.000001 0.000001 -0.000001 
-180.540848 100.572144 0.894567 11.577512 -65.786340 10.004001 0.000008 10.181551 0.131543 5.891045 7.379646 -0.294875 4.207033 4.750665 -0.407742 4.180449 4.776967 -0.387796 0.000001 16.740366 -2.049029 4.751500 5.601002 1.899789 -0.000027 9.617838 1.684980 -4.997784 35.156121 -7.368572 -0.000002 22.037369 7.501077 -0.000001 -0.000000 0.000001 -4.569994 11.014879 -2.160856 -2.707389 6.648525 9.770654 0.059549 31.373132 55.948996 0.000002 12.602169 0.000016 5.346803 -4.578970 -20.860115 -2.464806 -1.573949 2.681907 -0.184855 0.811014 0.379089 14.555157 -10.338189 -17.751404 -2.646266 -1.527810 1.527819 3.082443 6.845677 -24.355264 -1.994586 -1.151582 1.151594 0.000002 -0.000003 0.000001 -9.108315 -0.517872 2.259801 -1.953985 1.211413 24.349884 0.102774 -0.974068 12.047025 0.106950 -0.993362 12.289313 -0.000001 -0.000000 0.000001 -9.532526 0.000024 -0.000003 -0.068666 -3.360483 30.624540 0.243089 -1.486467 18.575051 0.087635 -0.900177 11.120835 -0.000001 0.000000 0.000001 -9.103592 -0.043077 -1.865102 2.118676 -6.841610 32.929189 0.379628 -1.843450 23.271892 0.273419 -1.573775 19.710425 -0.000000 -0.000000 0.000003 -8.076701 -0.486710 -3.806299 0.991103 -5.107808 35.939882 0.407274 -1.906395 24.116689 0.180034 -1.283656 15.966120 -0.000001 -0.000001 -0.000001 4.570409 11.014674 -2.160819 1.287955 2.046100 -7.556872 -1.901029 -19.818070 -67.839624 -0.000011 -29.221434 -0.000003 5.898197 -13.966571 6.155450 2.466100 -1.576220 2.681682 34.633123 -11.154949 20.382239 10.317226 22.375524 -4.922742 2.647883 -1.528764 1.528759 -16.283839 5.393256 11.804527 1.998913 -1.154078 1.154080 -0.000003 -0.000003 0.000001 9.109294 -0.518012 2.259891 -2.909576 -5.343379 -19.893648 0.730460 2.834864 -28.894699 0.303374 1.862604 -18.501762 -0.000001 -0.000001 -0.000003 9.533396 0.000008 -0.000010 -0.724664 3.070716 -34.949856 0.579096 2.541651 -25.668138 0.407568 2.148889 -21.478351 0.000001 0.000000 -0.000001 9.104514 -0.042995 -1.865108 0.244378 4.333218 -32.106370 0.880801 3.091304 -31.802539 0.978993 3.244073 -33.579546 -0.000003 0.000000 -0.000001 8.077804 -0.486901 -3.806307 0.557548 4.785952 -28.297472 0.460897 2.279635 -22.858487 0.526838 2.430072 -24.463654 -0.000001 -0.000003 0.000000 -8.207801 -6.751716 -1.599519 -16.127284 -7.565109 3.227803 26.370100 2.238429 0.317214 -14.749332 0.586886 -4.965500 -8.080943 0.000010 0.000010 0.000001 0.000000 0.000000 8.207799 -6.751707 -1.599520 -34.281672 -0.963971 2.942293 55.851789 -3.279518 0.048550 -2.900302 0.145710 -4.018894 -7.573397 0.000031 -0.000004 -0.000001 0.000001 -0.000001 
-180.540848 100.572144 0.894567 11.577512 -65.786340 10.004001 0.000008 10.181551 0.131543 5.891045 7.379646 -0.294875 4.207033 4.750665 -0.407742 4.180449 4.776967 -0.387796 0.000001 16.740366 -2.049029 4.751500 5.601002 1.899789 -0.000027 9.617838 1.684980 -4.997784 35.156121 -7.368572 -0.000002 22.037369 7.501077 -0.000001 -0.000000 0.000001 -4.569994 11.014879 -2.160856 -2.707389 6.648525 9.770654 0.059549 31.373132 55.948996 0.000002 12.602169 0.000016 5.346803 -4.578970 -20.860115 -2.464806 -1.573949 2.681907 -0.184855 0.811014 0.379089 14.555157 -10.338189 -17.751404 -2.646266 -1.527810 1.527819 3.082443 6.845677 -24.355264 -1.994586 -1.151582 1.151594 0.000002 -0.000003 0.000001 -9.108315 -0.517872 2.259801 -1.953985 1.211413 24.349884 0.102774 -0.974068 12.047025 0.106950 -0.993362 12.289313 -0.000001 -0.000000 0.000001 -9.532526 0.000024 -0.000003 -0.068666 -3.360483 30.624540 0.243089 -1.486467 18.575051 0.087635 -0.900177 11.120835 -0.000001 0.000000 0.000001 -9.103592 -0.043077 -1.865102 2.118676 -6.841610 32.929189 0.379628 -1.843450 23.271892 0.273419 -1.573775 19.710425 -0.000000 -0.000000 0.000003 -8.076701 -0.486710 -3.806299 0.991103 -5.107808 35.939882 0.407274 -1.906395 24.116689 0.180034 -1.283656 15.966120 -0.000001 -0.000001 -0.000001 4.570409 11.014674 -2.160819 1.287955 2.046100 -7.556872 -1.901029 -19.818070 -67.839624 -0.000011 -29.221434 -0.000003 5.898197 -13.966571 6.155450 2.466100 -1.576220 2.681682 34.633123 -11.154949 20.382239 10.317226 22.375524 -4.922742 2.647883 -1.528764 1.528759 -16.283839 5.393256 11.804527 1.998913 -1.154078 1.154080 -0.000003 -0.000003 0.000001 9.109294 -0.518012 2.259891 -2.909576 -5.343379 -19.893648 0.730460 2.834864 -28.894699 0.303374 1.862604 -18.501762 -0.000001 -0.000001 -0.000003 9.533396 0.000008 -0.000010 -0.724664 3.070716 -34.949856 0.579096 2.541651 -25.668138 0.407568 2.148889 -21.478351 0.000001 0.000000 -0.000001 9.104514 -0.042995 -1.865108 0.244378 4.333218 -32.106370 0.880801 3.091304 -31.802539 0.978993 3.244073 -33.579546 -0.000003 0.000000 -0.000001 8.077804 -0.486901 -3.806307 0.557548 4.785952 -28.297472 0.460897 2.279635 -22.858487 0.526838 2.430072 -24.463654 -0.000001 -0.000003 0.000000 -8.207801 -6.751716 -1.599519 -16.127284 -7.565109 3.227803 26.370100 2.238429 0.317214 -14.749332 0.586886 -4.965500 -8.080943 0.000010 0.000010 0.000001 0.000000 0.000000 8.207799 -6.751707 -1.599520 -34.281672 -0.963971 2.942293 55.851789 -3.279518 0.048550 -2.900302 0.145710 -4.018894 -7.573397 0.000031 -0.000004 -0.000001 0.000001 -0.000001 
-180.540848 100.572144 0.894567 11.577512 -65.786340 10.004001 0.000008 10.181551 0.131543 5.891045 7.379646 -0.294875 4.207033 4.750665 -0.407742 4.180449 4.776967 -0.387796 0.000001 16.740366 -2.049029 4.751500 5.601002 1.899789 -0.000027 9.617838 1.684980 -4.997784 35.156121 -7.368572 -0.000002 22.037369 7.501077 -0.000001 -0.000000 0.000001 -4.569994 11.014879 -2.160856 -2.707389 6.648525 9.770654 0.059549 31.373132 55.948996 0.000002 12.602169 0.000016 5.346803 -4.578970 -20.860115 -2.464806 -1.573949 2.681907 -0.184855 0.811014 0.379089 14.555157 -10.338189 -17.751404 -2.646266 -1.527810 1.527819 3.082443 6.845677 -24.355264 -1.994586 -1.151582 1.151594 0.000002 -0.000003 0.000001 -9.108315 -0.517872 2.259801 -1.953985 1.211413 24.349884 0.102774 -0.974068 12.047025 0.106950 -0.993362 12.289313 -0.000001 -0.000000 0.000001 -9.532526 0.000024 -0.000003 -0.068666 -3.360483 30.624540 0.243089 -1.486467 18.575051 0.087635 -0.900177 11.120835 -0.000001 0.000000 0.000001 -9.103592 -0.043077 -1.865102 2.118676 -6.841610 32.929189 0.379628 -1.843450 23.271892 0.273419 -1.573775 19.710425 -0.000000 -0.000000 0.000003 -8.076701 -0.486710 -3.806299 0.991103 -5.107808 35.939882 0.407274 -1.906395 24.116689 0.180034 -1.283656 15.966120 -0.000001 -0.000001 -0.000001 4.570409 11.014674 -2.160819 1.287955 2.046100 -7.556872 -1.901029 -19.818070 -67.839624 -0.000011 -29.221434 -0.000003 5.898197 -13.966571 6.155450 2.466100 -1.576220 2.681682 34.633123 -11.154949 20.382239 10.317226 22.375524 -4.922742 2.647883 -1.528764 1.528759 -16.283839 5.393256 11.804527 1.998913 -1.154078 1.154080 -0.000003 -0.000003 0.000001 9.109294 -0.518012 2.259891 -2.909576 -5.343379 -19.893648 0.730460 2.834864 -28.894699 0.303374 1.862604 -18.501762 -0.000001 -0.000001 -0.000003 9.533396 0.000008 -0.000010 -0.724664 3.070716 -34.949856 0.579096 2.541651 -25.668138 0.407568 2.148889 -21.478351 0.000001 0.000000 -0.000001 9.104514 -0.042995 -1.865108 0.244378 4.333218 -32.106370 0.880801 3.091304 -31.802539 0.978993 3.244073 -33.579546 -0.000003 0.000000 -0.000001 8.077804 -0.486901 -3.806307 0.557548 4.785952 -28.297472 0.460897 2.279635 -22.858487 0.526838 2.430072 -24.463654 -0.000001 -0.000003 0.000000 -8.207801 -6.751716 -1.599519 -16.127284 -7.565109 3.227803 26.370100 2.238429 0.317214 -14.749332 0.586886 -4.965500 -8.080943 0.000010 0.000010 0.000001 0.000000 0.000000 8.207799 -6.751707 -1.599520 -34.281672 -0.963971 2.942293 55.851789 -3.279518 0.048550 -2.900302 0.145710 -4.018894 -7.573397 0.000031 -0.000004 -0.000001 0.000001 -0.000001 
-180.540848 100.572144 0.894567 11.577512 -65.786340 10.004001 0.000008 10.181551 0.131543 5.891045 7.379646 -0.294875 4.207033 4.750665 -0.407742 4.180449 4.776967 -0.387796 0.000001 16.740366 -2.049029 4.751500 5.601002 1.899789 -0.000027 9.617838 1.684980 -4.997784 35.156121 -7.368572 -0.000002 22.037369 7.501077 -0.000001 -0.000000 0.000001 -4.569994 11.014879 -2.160856 -2.707389 6.648525 9.770654 0.059549 31.373132 55.948996 0.000002 12.602169 0.000016 5.346803 -4.578970 -20.860115 -2.464806 -1.573949 2.681907 -0.184855 0.811014 0.379089 14.555157 -10.338189 -17.751404 -2.646266 -1.527810 1.527819 3.082443 6.845677 -24.355264 -1.994586 -1.151582 1.151594 0.000002 -0.000003 0.000001 -9.108315 -0.517872 2.259801 -1.953985 1.211413 24.349884 0.102774 -0.974068 12.047025 0.106950 -0.993362 12.289313 -0.000001 -0.000000 0.000001 -9.532526 0.000024 -0.000003 -0.068666 -3.360483 30.624540 0.243089 -1.486467 18.575051 0.087635 -0.900177 11.120835 -0.000001 0.000000 0.000001 -9.103592 -0.043077 -1.865102 2.118676 -6.841610 32.929189 0.379628 -1.843450 23.271892 0.273419 -1.573775 19.710425 -0.000000 -0.000000 0.000003 -8.076701 -0.486710 -3.806299 0.991103 -5.107808 35.939882 0.407274 -1.906395 24.116689 0.180034 -1.283656 15.966120 -0.000001 -0.000001 -0.000001 4.570409 11.014674 -2.160819 1.287955 2.046100 -7.556872 -1.901029 -19.818070 -67.839624 -0.000011 -29.221434 -0.000003 5.898197 -13.966571 6.155450 2.466100 -1.576220 2.681682 34.633123 -11.154949 20.382239 10.317226 22.375524 -4.922742 2.647883 -1.528764 1.528759 -16.283839 5.393256 11.804527 1.998913 -1.154078 1.154080 -0.000003 -0.000003 0.000001 9.109294 -0.518012 2.259891 -2.909576 -5.343379 -19.893648 0.730460 2.834864 -28.894699 0.303374 1.862604 -18.501762 -0.000001 -0.000001 -0.000003 9.533396 0.000008 -0.000010 -0.724664 3.070716 -34.949856 0.579096 2.541651 -25.668138 0.407568 2.148889 -21.478351 0.000001 0.000000 -0.000001 9.104514 -0.042995 -1.865108 0.244378 4.333218 -32.106370 0.880801 3.091304 -31.802539 0.978993 3.244073 -33.579546 -0.000003 0.000000 -0.000001 8.077804 -0.486901 -3.806307 0.557548 4.785952 -28.297472 0.460897 2.279635 -22.858487 0.526838 2.430072 -24.463654 -0.000001 -0.000003 0.000000 -8.207801 -6.751716 -1.599519 -16.127284 -7.565109 3.227803 26.370100 2.238429 0.317214 -14.749332 0.586886 -4.965500 -8.080943 0.000010 0.000010 0.000001 0.000000 0.000000 8.207799 -6.751707 -1.599520 -34.281672 -0.963971 2.942293 55.851789 -3.279518 0.048550 -2.900302 0.145710 -4.018894 -7.573397 0.000031 -0.000004 -0.000001 0.000001 -0.000001 
-180.540848 100.572144 0.894567 11.577512 -65.786340 10.004001 0.000008 10.181551 0.131543 5.891045 7.379646 -0.294875 4.207033 4.750665 -0.407742 4.180449 4.776967 -0.387796 0.000001 16.740366 -2.049029 4.751500 5.601002 1.899789 -0.000027 9.617838 1.684980 -4.997784 35.156121 -7.368572 -0.000002 22.037369 7.501077 -0.000001 -0.000000 0.000001 -4.569994 11.014879 -2.160856 -2.707389 6.648525 9.770654 0.059549 31.373132 55.948996 0.000002 12.602169 0.000016 5.346803 -4.578970 -20.860115 -2.464806 -1.573949 2.681907 -0.184855 0.811014 0.379089 14.555157 -10.338189 -17.751404 -2.646266 -1.527810 1.527819 3.082443 6.845677 -24.355264 -1.994586 -1.151582 1.151594 0.000002 -0.000003 0.000001 -9.108315 -0.517872 2.259801 -1.953985 1.211413 24.349884 0.102774 -0.974068 12.047025 0.106950 -0.993362 12.289313 -0.000001 -0.000000 0.000001 -9.532526 0.000024 -0.000003 -0.068666 -3.360483 30.624540 0.243089 -1.486467 18.575051 0.087635 -0.900177 11.120835 -0.000001 0.000000 0.000001 -9.103592 -0.043077 -1.865102 2.118676 -6.841610 32.929189 0.379628 -1.843450 23.271892 0.273419 -1.573775 19.710425 -0.000000 -0.000000 0.000003 -8.076701 -0.486710 -3.806299 0.991103 -5.107808 35.939882 0.407274 -1.906395 24.116689 0.180034 -1.283656 15.966120 -0.000001 -0.000001 -0.000001 4.570409 11.014674 -2.160819 1.287955 2.046100 -7.556872 -1.901029 -19.818070 -67.839624 -0.000011 -29.221434 -0.000003 5.898197 -13.966571 6.155450 2.466100 -1.576220 2.681682 34.633123 -11.154949 20.382239 10.317226 22.375524 -4.922742 2.647883 -1.528764 1.528759 -16.283839 5.393256 11.804527 1.998913 -1.154078 1.154080 -0.000003 -0.000003 0.000001 9.109294 -0.518012 2.259891 -2.909576 -5.343379 -19.893648 0.730460 2.834864 -28.894699 0.303374 1.862604 -18.501762 -0.000001 -0.000001 -0.000003 9.533396 0.000008 -0.000010 -0.724664 3.070716 -34.949856 0.579096 2.541651 -25.668138 0.407568 2.148889 -21.478351 0.000001 0.000000 -0.000001 9.104514 -0.042995 -1.865108 0.244378 4.333218 -32.106370 0.880801 3.091304 -31.802539 0.978993 3.244073 -33.579546 -0.000003 0.000000 -0.000001 8.077804 -0.486901 -3.806307 0.557548 4.785952 -28.297472 0.460897 2.279635 -22.858487 0.526838 2.430072 -24.463654 -0.000001 -0.000003 0.000000 -8.207801 -6.751716 -1.599519 -16.127284 -7.565109 3.227803 26.370100 2.238429 0.317214 -14.749332 0.586886 -4.965500 -8.080943 0.000010 0.000010 0.000001 0.000000 0.000000 8.207799 -6.751707 -1.599520 -34.281672 -0.963971 2.942293 55.851789 -3.279518 0.048550 -2.900302 0.145710 -4.018894 -7.573397 0.000031 -0.000004 -0.000001 0.000001 -0.000001 
-180.540848 100.572144 0.894567 11.577512 -65.786340 10.004001 0.000008 10.181551 0.131543 5.891045 7.379646 -0.294875 4.207033 4.750665 -0.407742 4.180449 4.776967 -0.387796 0.000001 16.740366 -2.049029 4.751500 5.601002 1.899789 -0.000027 9.617838 1.684980 -4.997784 35.156121 -7.368572 -0.000002 22.037369 7.501077 -0.000001 -0.000000 0.000001 -4.569994 11.014879 -2.160856 -2.707389 6.648525 9.770654 0.059549 31.373132 55.948996 0.000002 12.602169 0.000016 5.346803 -4.578970 -20.860115 -2.464806 -1.573949 2.681907 -0.184855 0.811014 0.379089 14.555157 -10.338189 -17.751404 -2.646266 -1.527810 1.527819 3.082443 6.845677 -24.355264 -1.994586 -1.151582 1.151594 0.000002 -0.000003 0.000001 -9.108315 -0.517872 2.259801 -1.953985 1.211413 24.349884 0.102774 -0.974068 12.047025 0.106950 -0.993362 12.289313 -0.000001 -0.000000 0.000001 -9.532526 0.000024 -0.000003 -0.068666 -3.360483 30.624540 0.243089 -1.486467 18.575051 0.087635 -0.900177 11.120835 -0.000001 0.000000 0.000001 -9.103592 -0.043077 -1.865102 2.118676 -6.841610 32.929189 0.379628 -1.843450 23.271892 0.273419 -1.573775 19.710425 -0.000000 -0.000000 0.000003 -8.076701 -0.486710 -3.806299 0.991103 -5.107808 35.939882 0.407274 -1.906395 24.116689 0.180034 -1.283656 15.966120 -0.000001 -0.000001 -0.000001 4.570409 11.014674 -2.160819 1.287955 2.046100 -7.556872 -1.901029 -19.818070 -67.839624 -0.000011 -29.221434 -0.000003 5.898197 -13.966571 6.155450 2.466100 -1.576220 2.681682 34.633123 -11.154949 20.382239 10.317226 22.375524 -4.922742 2.647883 -1.528764 1.528759 -16.283839 5.393256 11.804527 1.998913 -1.154078 1.154080 -0.000003 -0.000003 0.000001 9.109294 -0.518012 2.259891 -2.909576 -5.343379 -19.893648 0.730460 2.834864 -28.894699 0.303374 1.862604 -18.501762 -0.000001 -0.000001 -0.000003 9.533396 0.000008 -0.000010 -0.724664 3.070716 -34.949856 0.579096 2.541651 -25.668138 0.407568 2.148889 -21.478351 0.000001 0.000000 -0.000001 9.104514 -0.042995 -1.865108 0.244378 4.333218 -32.106370 0.880801 3.091304 -31.802539 0.978993 3.244073 -33.579546 -0.000003 0.000000 -0.000001 8.077804 -0.486901 -3.806307 0.557548 4.785952 -28.297472 0.460897 2.279635 -22.858487 0.526838 2.430072 -24.463654 -0.000001 -0.000003 0.000000 -8.207801 -6.751716 -1.599519 -16.127284 -7.565109 3.227803 26.370100 2.238429 0.317214 -14.749332 0.586886 -4.965500 -8.080943 0.000010 0.000010 0.000001 0.000000 0.000000 8.207799 -6.751707 -1.599520 -34.281672 -0.963971 2.942293 55.851789 -3.279518 0.048550 -2.900302 0.145710 -4.018894 -7.573397 0.000031 -0.000004 -0.000001 0.000001 -0.000001 
-180.540848 100.572144 0.894567 11.577512 -65.786340 10.004001 0.000008 10.181551 0.131543 5.891045 7.379646 -0.294875 4.207033 4.750665 -0.407742 4.180449 4.776967 -0.387796 0.000001 16.740366 -2.049029 4.751500 5.601002 1.899789 -0.000027 9.617838 1.684980 -4.997784 35.156121 -7.368572 -0.000002 22.037369 7.501077 -0.000001 -0.000000 0.000001 -4.569994 11.014879 -2.160856 -2.707389 6.648525 9.770654 0.059549 31.373132 55.948996 0.000002 12.602169 0.000016 5.346803 -4.578970 -20.860115 -2.464806 -1.573949 2.681907 -0.184855 0.811014 0.379089 14.555157 -10.338189 -17.751404 -2.646266 -1.527810 1.527819 3.082443 6.845677 -24.355264 -1.994586 -1.151582 1.151594 0.000002 -0.000003 0.000001 -9.108315 -0.517872 2.259801 -1.953985 1.211413 24.349884 0.102774 -0.974068 12.047025 0.106950 -0.993362 12.289313 -0.000001 -0.000000 0.000001 -9.532526 0.000024 -0.000003 -0.068666 -3.360483 30.624540 0.243089 -1.486467 18.575051 0.087635 -0.900177 11.120835 -0.000001 0.000000 0.000001 -9.103592 -0.043077 -1.865102 2.118676 -6.841610 32.929189 0.379628 -1.843450 23.271892 0.273419 -1.573775 19.710425 -0.000000 -0.000000 0.000003 -8.076701 -0.486710 -3.806299 0.991103 -5.107808 35.939882 0.407274 -1.906395 24.116689 0.180034 -1.283656 15.966120 -0.000001 -0.000001 -0.000001 4.570409 11.014674 -2.160819 1.287955 2.046100 -7.556872 -1.901029 -19.818070 -67.839624 -0.000011 -29.221434 -0.000003 5.898197 -13.966571 6.155450 2.466100 -1.576220 2.681682 34.633123 -11.154949 20.382239 10.317226 22.375524 -4.922742 2.647883 -1.528764 1.528759 -16.283839 5.393256 11.804527 1.998913 -1.154078 1.154080 -0.000003 -0.000003 0.000001 9.109294 -0.518012 2.259891 -2.909576 -5.343379 -19.893648 0.730460 2.834864 -28.894699 0.303374 1.862604 -18.501762 -0.000001 -0.000001 -0.000003 9.533396 0.000008 -0.000010 -0.724664 3.070716 -34.949856 0.579096 2.541651 -25.668138 0.407568 2.148889 -21.478351 0.000001 0.000000 -0.000001 9.104514 -0.042995 -1.865108 0.244378 4.333218 -32.106370 0.880801 3.091304 -31.802539 0.978993 3.244073 -33.579546 -0.000003 0.000000 -0.000001 8.077804 -0.486901 -3.806307 0.557548 4.785952 -28.297472 0.460897 2.279635 -22.858487 0.526838 2.430072 -24.463654 -0.000001 -0.000003 0.000000 -8.207801 -6.751716 -1.599519 -16.127284 -7.565109 3.227803 26.370100 2.238429 0.317214 -14.749332 0.586886 -4.965500 -8.080943 0.000010 0.000010 0.000001 0.000000 0.000000 8.207799 -6.751707 -1.599520 -34.281672 -0.963971 2.942293 55.851789 -3.279518 0.048550 -2.900302 0.145710 -4.018894 -7.573397 0.000031 -0.000004 -0.000001 0.000001 -0.000001 
-180.540848 100.572144 0.894567 11.577512 -65.786340 10.004001 0.000008 10.181551 0.131543 5.891045 7.379646 -0.294875 4.207033 4.750665 -0.407742 4.180449 4.776967 -0.387796 0.000001 16.740366 -2.049029 4.751500 5.601002 1.899789 -0.000027 9.617838 1.684980 -4.997784 35.156121 -7.368572 -0.000002 22.037369 7.501077 -0.000001 -0.000000 0.000001 -4.569994 11.014879 -2.160856 -2.707389 6.648525 9.770654 0.059549 31.373132 55.948996 0.000002 12.602169 0.000016 5.346803 -4.578970 -20.860115 -2.464806 -1.573949 2.681907 -0.184855 0.811014 0.379089 14.555157 -10.338189 -17.751404 -2.646266 -1.527810 1.527819 3.082443 6.845677 -24.355264 -1.994586 -1.151582 1.151594 0.000002 -0.000003 0.000001 -9.108315 -0.517872 2.259801 -1.953985 1.211413 24.349884 0.102774 -0.974068 12.047025 0.106950 -0.993362 12.289313 -0.000001 -0.000000 0.000001 -9.532526 0.000024 -0.000003 -0.068666 -3.360483 30.624540 0.243089 -1.486467 18.575051 0.087635 -0.900177 11.120835 -0.000001 0.000000 0.000001 -9.103592 -0.043077 -1.865102 2.118676 -6.841610 32.929189 0.379628 -1.843450 23.271892 0.273419 -1.573775 19.710425 -0.000000 -0.000000 0.000003 -8.076701 -0.486710 -3.806299 0.991103 -5.107808 35.939882 0.407274 -1.906395 24.116689 0.180034 -1.283656 15.966120 -0.000001 -0.000001 -0.000001 4.570409 11.014674 -2.160819 1.287955 2.046100 -7.556872 -1.901029 -19.818070 -67.839624 -0.000011 -29.221434 -0.000003 5.898197 -13.966571 6.155450 2.466100 -1.576220 2.681682 34.633123 -11.154949 20.382239 10.317226 22.375524 -4.922742 2.647883 -1.528764 1.528759 -16.283839 5.393256 11.804527 1.998913 -1.154078 1.154080 -0.000003 -0.000003 0.000001 9.109294 -0.518012 2.259891 -2.909576 -5.343379 -19.893648 0.730460 2.834864 -28.894699 0.303374 1.862604 -18.501762 -0.000001 -0.000001 -0.000003 9.533396 0.000008 -0.000010 -0.724664 3.070716 -34.949856 0.579096 2.541651 -25.668138 0.407568 2.148889 -21.478351 0.000001 0.000000 -0.000001 9.104514 -0.042995 -1.865108 0.244378 4.333218 -32.106370 0.880801 3.091304 -31.802539 0.978993 3.244073 -33.579546 -0.000003 0.000000 -0.000001 8.077804 -0.486901 -3.806307 0.557548 4.785952 -28.297472 0.460897 2.279635 -22.858487 0.526838 2.430072 -24.463654 -0.000001 -0.000003 0.000000 -8.207801 -6.751716 -1.599519 -16.127284 -7.565109 3.227803 26.370100 2.238429 0.317214 -14.749332 0.586886 -4.965500 -8.080943 0.000010 0.000010 0.000001 0.000000 0.000000 8.207799 -6.751707 -1.599520 -34.281672 -0.963971 2.942293 55.851789 -3.279518 0.048550 -2.900302 0.145710 -4.018894 -7.573397 0.000031 -0.000004 -0.000001 0.000001 -0.000001 
-180.540848 100.572144 0.894567 11.577512 -65.786340 10.004001 0.000008 10.181551 0.131543 5.891045 7.379646 -0.294875 4.207033 4.750665 -0.407742 4.180449 4.776967 -0.387796 0.000001 16.740366 -2.049029 4.751500 5.601002 1.899789 -0.000027 9.617838 1.684980 -4.997784 35.156121 -7.368572 -0.000002 22.037369 7.501077 -0.000001 -0.000000 0.000001 -4.569994 11.014879 -2.160856 -2.707389 6.648525 9.770654 0.059549 31.373132 55.948996 0.000002 12.602169 0.000016 5.346803 -4.578970 -20.860115 -2.464806 -1.573949 2.681907 -0.184855 0.811014 0.379089 14.555157 -10.338189 -17.751404 -2.646266 -1.527810 1.527819 3.082443 6.845677 -24.355264 -1.994586 -1.151582 1.151594 0.000002 -0.000003 0.000001 -9.108315 -0.517872 2.259801 -1.953985 1.211413 24.349884 0.102774 -0.974068 12.047025 0.106950 -0.993362 12.289313 -0.000001 -0.000000 0.000001 -9.532526 0.000024 -0.000003 -0.068666 -3.360483 30.624540 0.243089 -1.486467 18.575051 0.087635 -0.900177 11.120835 -0.000001 0.000000 0.000001 -9.103592 -0.043077 -1.865102 2.118676 -6.841610 32.929189 0.379628 -1.843450 23.271892 0.273419 -1.573775 19.710425 -0.000000 -0.000000 0.000003 -8.076701 -0.486710 -3.806299 0.991103 -5.107808 35.939882 0.407274 -1.906395 24.116689 0.180034 -1.283656 15.966120 -0.000001 -0.000001 -0.000001 4.570409 11.014674 -2.160819 1.287955 2.046100 -7.556872 -1.901029 -19.818070 -67.839624 -0.000011 -29.221434 -0.000003 5.898197 -13.966571 6.155450 2.466100 -1.576220 2.681682 34.633123 -11.154949 20.382239 10.317226 22.375524 -4.922742 2.647883 -1.528764 1.528759 -16.283839 5.393256 11.804527 1.998913 -1.154078 1.154080 -0.000003 -0.000003 0.000001 9.109294 -0.518012 2.259891 -2.909576 -5.343379 -19.893648 0.730460 2.834864 -28.894699 0.303374 1.862604 -18.501762 -0.000001 -0.000001 -0.000003 9.533396 0.000008 -0.000010 -0.724664 3.070716 -34.949856 0.579096 2.541651 -25.668138 0.407568 2.148889 -21.478351 0.000001 0.000000 -0.000001 9.104514 -0.042995 -1.865108 0.244378 4.333218 -32.106370 0.880801 3.091304 -31.802539 0.978993 3.244073 -33.579546 -0.000003 0.000000 -0.000001 8.077804 -0.486901 -3.806307 0.557548 4.785952 -28.297472 0.460897 2.279635 -22.858487 0.526838 2.430072 -24.463654 -0.000001 -0.000003 0.000000 -8.207801 -6.751716 -1.599519 -16.127284 -7.565109 3.227803 26.370100 2.238429 0.317214 -14.749332 0.586886 -4.965500 -8.080943 0.000010 0.000010 0.000001 0.000000 0.000000 8.207799 -6.751707 -1.599520 -34.281672 -0.963971 2.942293 55.851789 -3.279518 0.048550 -2.900302 0.145710 -4.018894 -7.573397 0.000031 -0.000004 -0.000001 0.000001 -0.000001 
-180.540848 100.572144 0.894567 11.577512 -65.786340 10.004001 0.000008 10.181551 0.131543 5.891045 7.379646 -0.294875 4.207033 4.750665 -0.407742 4.180449 4.776967 -0.387796 0.000001 16.740366 -2.049029 4.751500 5.601002 1.899789 -0.000027 9.617838 1.684980 -4.997784 35.156121 -7.368572 -0.000002 22.037369 7.501077 -0.000001 -0.000000 0.000001 -4.569994 11.014879 -2.160856 -2.707389 6.648525 9.770654 0.059549 31.373132 55.948996 0.000002 12.602169 0.000016 5.346803 -4.578970 -20.860115 -2.464806 -1.573949 2.681907 -0.184855 0.811014 0.379089 14.555157 -10.338189 -17.751404 -2.646266 -1.527810 1.527819 3.082443 6.845677 -24.355264 -1.994586 -1.151582 1.151594 0.000002 -0.000003 0.000001 -9.108315 -0.517872 2.259801 -1.953985 1.211413 24.349884 0.102774 -0.974068 12.047025 0.106950 -0.993362 12.289313 -0.000001 -0.000000 0.000001 -9.532526 0.000024 -0.000003 -0.068666 -3.360483 30.624540 0.243089 -1.486467 18.575051 0.087635 -0.900177 11.120835 -0.000001 0.000000 0.000001 -9.103592 -0.043077 -1.865102 2.118676 -6.841610 32.929189 0.379628 -1.843450 23.271892 0.273419 -1.573775 19.710425 -0.000000 -0.000000 0.000003 -8.076701 -0.486710 -3.806299 0.991103 -5.107808 35.939882 0.407274 -1.906395 24.116689 0.180034 -1.283656 15.966120 -0.000001 -0.000001 -0.000001 4.570409 11.014674 -2.160819 1.287955 2.046100 -7.556872 -1.901029 -19.818070 -67.839624 -0.000011 -29.221434 -0.000003 5.898197 -13.966571 6.155450 2.466100 -1.576220 2.681682 34.633123 -11.154949 20.382239 10.317226 22.375524 -4.922742 2.647883 -1.528764 1.528759 -16.283839 5.393256 11.804527 1.998913 -1.154078 1.154080 -0.000003 -0.000003 0.000001 9.109294 -0.518012 2.259891 -2.909576 -5.343379 -19.893648 0.730460 2.834864 -28.894699 0.303374 1.862604 -18.501762 -0.000001 -0.000001 -0.000003 9.533396 0.000008 -0.000010 -0.724664 3.070716 -34.949856 0.579096 2.541651 -25.668138 0.407568 2.148889 -21.478351 0.000001 0.000000 -0.000001 9.104514 -0.042995 -1.865108 0.244378 4.333218 -32.106370 0.880801 3.091304 -31.802539 0.978993 3.244073 -33.579546 -0.000003 0.000000 -0.000001 8.077804 -0.486901 -3.806307 0.557548 4.785952 -28.297472 0.460897 2.279635 -22.858487 0.526838 2.430072 -24.463654 -0.000001 -0.000003 0.000000 -8.207801 -6.751716 -1.599519 -16.127284 -7.565109 3.227803 26.370100 2.238429 0.317214 -14.749332 0.586886 -4.965500 -8.080943 0.000010 0.000010 0.000001 0.000000 0.000000 8.207799 -6.751707 -1.599520 -34.281672 -0.963971 2.942293 55.851789 -3.279518 0.048550 -2.900302 0.145710 -4.018894 -7.573397 0.000031 -0.000004 -0.000001 0.000001 -0.000001 
-180.540848 100.572144 0.894567 11.577512 -65.786340 10.004001 0.000008 10.181551 0.131543 5.891045 7.379646 -0.294875 4.207033 4.750665 -0.407742 4.180449 4.776967 -0.387796 0.000001 16.740366 -2.049029 4.751500 5.601002 1.899789 -0.000027 9.617838 1.684980 -4.997784 35.156121 -7.368572 -0.000002 22.037369 7.501077 -0.000001 -0.000000 0.000001 -4.569994 11.014879 -2.160856 -2.707389 6.648525 9.770654 0.059549 31.373132 55.948996 0.000002 12.602169 0.000016 5.346803 -4.578970 -20.860115 -2.464806 -1.573949 2.681907 -0.184855 0.811014 0.379089 14.555157 -10.338189 -17.751404 -2.646266 -1.527810 1.527819 3.082443 6.845677 -24.355264 -1.994586 -1.151582 1.151594 0.000002 -0.000003 0.000001 -9.108315 -0.517872 2.259801 -1.953985 1.211413 24.349884 0.102774 -0.974068 12.047025 0.106950 -0.993362 12.289313 -0.000001 -0.000000 0.000001 -9.532526 0.000024 -0.000003 -0.068666 -3.360483 30.624540 0.243089 -1.486467 18.575051 0.087635 -0.900177 11.120835 -0.000001 0.000000 0.000001 -9.103592 -0.043077 -1.865102 2.118676 -6.841610 32.929189 0.379628 -1.843450 23.271892 0.273419 -1.573775 19.710425 -0.000000 -0.000000 0.000003 -8.076701 -0.486710 -3.806299 0.991103 -5.107808 35.939882 0.407274 -1.906395 24.116689 0.180034 -1.283656 15.966120 -0.000001 -0.000001 -0.000001 4.570409 11.014674 -2.160819 1.287955 2.046100 -7.556872 -1.901029 -19.818070 -67.839624 -0.000011 -29.221434 -0.000003 5.898197 -13.966571 6.155450 2.466100 -1.576220 2.681682 34.633123 -11.154949 20.382239 10.317226 22.375524 -4.922742 2.647883 -1.528764 1.528759 -16.283839 5.393256 11.804527 1.998913 -1.154078 1.154080 -0.000003 -0.000003 0.000001 9.109294 -0.518012 2.259891 -2.909576 -5.343379 -19.893648 0.730460 2.834864 -28.894699 0.303374 1.862604 -18.501762 -0.000001 -0.000001 -0.000003 9.533396 0.000008 -0.000010 -0.724664 3.070716 -34.949856 0.579096 2.541651 -25.668138 0.407568 2.148889 -21.478351 0.000001 0.000000 -0.000001 9.104514 -0.042995 -1.865108 0.244378 4.333218 -32.106370 0.880801 3.091304 -31.802539 0.978993 3.244073 -33.579546 -0.000003 0.000000 -0.000001 8.077804 -0.486901 -3.806307 0.557548 4.785952 -28.297472 0.460897 2.279635 -22.858487 0.526838 2.430072 -24.463654 -0.000001 -0.000003 0.000000 -8.207801 -6.751716 -1.599519 -16.127284 -7.565109 3.227803 26.370100 2.238429 0.317214 -14.749332 0.586886 -4.965500 -8.080943 0.000010 0.000010 0.000001 0.000000 0.000000 8.207799 -6.751707 -1.599520 -34.281672 -0.963971 2.942293 55.851789 -3.279518 0.048550 -2.900302 0.145710 -4.018894 -7.573397 0.000031 -0.000004 -0.000001 0.000001 -0.000001 
-180.540848 100.572144 0.894567 11.577512 -65.786340 10.004001 0.000008 10.181551 0.131543 5.891045 7.379646 -0.294875 4.207033 4.750665 -0.407742 4.180449 4.776967 -0.387796 0.000001 16.740366 -2.049029 4.751500 5.601002 1.899789 -0.000027 9.617838 1.684980 -4.997784 35.156121 -7.368572 -0.000002 22.037369 7.501077 -0.000001 -0.000000 0.000001 -4.569994 11.014879 -2.160856 -2.707389 6.648525 9.770654 0.059549 31.373132 55.948996 0.000002 12.602169 0.000016 5.346803 -4.578970 -20.860115 -2.464806 -1.573949 2.681907 -0.184855 0.811014 0.379089 14.555157 -10.338189 -17.751404 -2.646266 -1.527810 1.527819 3.082443 6.845677 -24.355264 -1.994586 -1.151582 1.151594 0.000002 -0.000003 0.000001 -9.108315 -0.517872 2.259801 -1.953985 1.211413 24.349884 0.102774 -0.974068 12.047025 0.106950 -0.993362 12.289313 -0.000001 -0.000000 0.000001 -9.532526 0.000024 -0.000003 -0.068666 -3.360483 30.624540 0.243089 -1.486467 18.575051 0.087635 -0.900177 11.120835 -0.000001 0.000000 0.000001 -9.103592 -0.043077 -1.865102 2.118676 -6.841610 32.929189 0.379628 -1.843450 23.271892 0.273419 -1.573775 19.710425 -0.000000 -0.000000 0.000003 -8.076701 -0.486710 -3.806299 0.991103 -5.107808 35.939882 0.407274 -1.906395 24.116689 0.180034 -1.283656 15.966120 -0.000001 -0.000001 -0.000001 4.570409 11.014674 -2.160819 1.287955 2.046100 -7.556872 -1.901029 -19.818070 -67.839624 -0.000011 -29.221434 -0.000003 5.898197 -13.966571 6.155450 2.466100 -1.576220 2.681682 34.633123 -11.154949 20.382239 10.317226 22.375524 -4.922742 2.647883 -1.528764 1.528759 -16.283839 5.393256 11.804527 1.998913 -1.154078 1.154080 -0.000003 -0.000003 0.000001 9.109294 -0.518012 2.259891 -2.909576 -5.343379 -19.893648 0.730460 2.834864 -28.894699 0.303374 1.862604 -18.501762 -0.000001 -0.000001 -0.000003 9.533396 0.000008 -0.000010 -0.724664 3.070716 -34.949856 0.579096 2.541651 -25.668138 0.407568 2.148889 -21.478351 0.000001 0.000000 -0.000001 9.104514 -0.042995 -1.865108 0.244378 4.333218 -32.106370 0.880801 3.091304 -31.802539 0.978993 3.244073 -33.579546 -0.000003 0.000000 -0.000001 8.077804 -0.486901 -3.806307 0.557548 4.785952 -28.297472 0.460897 2.279635 -22.858487 0.526838 2.430072 -24.463654 -0.000001 -0.000003 0.000000 -8.207801 -6.751716 -1.599519 -16.127284 -7.565109 3.227803 26.370100 2.238429 0.317214 -14.749332 0.586886 -4.965500 -8.080943 0.000010 0.000010 0.000001 0.000000 0.000000 8.207799 -6.751707 -1.599520 -34.281672 -0.963971 2.942293 55.851789 -3.279518 0.048550 -2.900302 0.145710 -4.018894 -7.573397 0.000031 -0.000004 -0.000001 0.000001 -0.000001 
-180.540848 100.572144 0.894567 11.577512 -65.786340 10.004001 0.000008 10.181551 0.131543 5.891045 7.379646 -0.294875 4.207033 4.750665 -0.407742 4.180449 4.776967 -0.387796 0.000001 16.740366 -2.049029 4.751500 5.601002 1.899789 -0.000027 9.617838 1.684980 -4.997784 35.156121 -7.368572 -0.000002 22.037369 7.501077 -0.000001 -0.000000 0.000001 -4.569994 11.014879 -2.160856 -2.707389 6.648525 9.770654 0.059549 31.373132 55.948996 0.000002 12.602169 0.000016 5.346803 -4.578970 -20.860115 -2.464806 -1.573949 2.681907 -0.184855 0.811014 0.379089 14.555157 -10.338189 -17.751404 -2.646266 -1.527810 1.527819 3.082443 6.845677 -24.355264 -1.994586 -1.151582 1.151594 0.000002 -0.000003 0.000001 -9.108315 -0.517872 2.259801 -1.953985 1.211413 24.349884 0.102774 -0.974068 12.047025 0.106950 -0.993362 12.289313 -0.000001 -0.000000 0.000001 -9.532526 0.000024 -0.000003 -0.068666 -3.360483 30.624540 0.243089 -1.486467 18.575051 0.087635 -0.900177 11.120835 -0.000001 0.000000 0.000001 -9.103592 -0.043077 -1.865102 2.118676 -6.841610 32.929189 0.379628 -1.843450 23.271892 0.273419 -1.573775 19.710425 -0.000000 -0.000000 0.000003 -8.076701 -0.486710 -3.806299 0.991103 -5.107808 35.939882 0.407274 -1.906395 24.116689 0.180034 -1.283656 15.966120 -0.000001 -0.000001 -0.000001 4.570409 11.014674 -2.160819 1.287955 2.046100 -7.556872 -1.901029 -19.818070 -67.839624 -0.000011 -29.221434 -0.000003 5.898197 -13.966571 6.155450 2.466100 -1.576220 2.681682 34.633123 -11.154949 20.382239 10.317226 22.375524 -4.922742 2.647883 -1.528764 1.528759 -16.283839 5.393256 11.804527 1.998913 -1.154078 1.154080 -0.000003 -0.000003 0.000001 9.109294 -0.518012 2.259891 -2.909576 -5.343379 -19.893648 0.730460 2.834864 -28.894699 0.303374 1.862604 -18.501762 -0.000001 -0.000001 -0.000003 9.533396 0.000008 -0.000010 -0.724664 3.070716 -34.949856 0.579096 2.541651 -25.668138 0.407568 2.148889 -21.478351 0.000001 0.000000 -0.000001 9.104514 -0.042995 -1.865108 0.244378 4.333218 -32.106370 0.880801 3.091304 -31.802539 0.978993 3.244073 -33.579546 -0.000003 0.000000 -0.000001 8.077804 -0.486901 -3.806307 0.557548 4.785952 -28.297472 0.460897 2.279635 -22.858487 0.526838 2.430072 -24.463654 -0.000001 -0.000003 0.000000 -8.207801 -6.751716 -1.599519 -16.127284 -7.565109 3.227803 26.370100 2.238429 0.317214 -14.749332 0.586886 -4.965500 -8.080943 0.000010 0.000010 0.000001 0.000000 0.000000 8.207799 -6.751707 -1.599520 -34.281672 -0.963971 2.942293 55.851789 -3.279518 0.048550 -2.900302 0.145710 -4.018894 -7.573397 0.000031 -0.000004 -0.000001 0.000001 -0.000001 
-180.540848 100.572144 0.894567 11.577512 -65.786340 10.004001 0.000008 10.181551 0.131543 5.891045 7.379646 -0.294875 4.207033 4.750665 -0.407742 4.180449 4.776967 -0.387796 0.000001 16.740366 -2.049029 4.751500 5.601002 1.899789 -0.000027 9.617838 1.684980 -4.997784 35.156121 -7.368572 -0.000002 22.037369 7.501077 -0.000001 -0.000000 0.000001 -4.569994 11.014879 -2.160856 -2.707389 6.648525 9.770654 0.059549 31.373132 55.948996 0.000002 12.602169 0.000016 5.346803 -4.578970 -20.860115 -2.464806 -1.573949 2.681907 -0.184855 0.811014 0.379089 14.555157 -10.338189 -17.751404 -2.646266 -1.527810 1.527819 3.082443 6.845677 -24.355264 -1.994586 -1.151582 1.151594 0.000002 -0.000003 0.000001 -9.108315 -0.517872 2.259801 -1.953985 1.211413 24.349884 0.102774 -0.974068 12.047025 0.106950 -0.993362 12.289313 -0.000001 -0.000000 0.000001 -9.532526 0.000024 -0.000003 -0.068666 -3.360483 30.624540 0.243089 -1.486467 18.575051 0.087635 -0.900177 11.120835 -0.000001 0.000000 0.000001 -9.103592 -0.043077 -1.865102 2.118676 -6.841610 32.929189 0.379628 -1.843450 23.271892 0.273419 -1.573775 19.710425 -0.000000 -0.000000 0.000003 -8.076701 -0.486710 -3.806299 0.991103 -5.107808 35.939882 0.407274 -1.906395 24.116689 0.180034 -1.283656 15.966120 -0.000001 -0.000001 -0.000001 4.570409 11.014674 -2.160819 1.287955 2.046100 -7.556872 -1.901029 -19.818070 -67.839624 -0.000011 -29.221434 -0.000003 5.898197 -13.966571 6.155450 2.466100 -1.576220 2.681682 34.633123 -11.154949 20.382239 10.317226 22.375524 -4.922742 2.647883 -1.528764 1.528759 -16.283839 5.393256 11.804527 1.998913 -1.154078 1.154080 -0.000003 -0.000003 0.000001 9.109294 -0.518012 2.259891 -2.909576 -5.343379 -19.893648 0.730460 2.834864 -28.894699 0.303374 1.862604 -18.501762 -0.000001 -0.000001 -0.000003 9.533396 0.000008 -0.000010 -0.724664 3.070716 -34.949856 0.579096 2.541651 -25.668138 0.407568 2.148889 -21.478351 0.000001 0.000000 -0.000001 9.104514 -0.042995 -1.865108 0.244378 4.333218 -32.106370 0.880801 3.091304 -31.802539 0.978993 3.244073 -33.579546 -0.000003 0.000000 -0.000001 8.077804 -0.486901 -3.806307 0.557548 4.785952 -28.297472 0.460897 2.279635 -22.858487 0.526838 2.430072 -24.463654 -0.000001 -0.000003 0.000000 -8.207801 -6.751716 -1.599519 -16.127284 -7.565109 3.227803 26.370100 2.238429 0.317214 -14.749332 0.586886 -4.965500 -8.080943 0.000010 0.000010 0.000001 0.000000 0.000000 8.207799 -6.751707 -1.599520 -34.281672 -0.963971 2.942293 55.851789 -3.279518 0.048550 -2.900302 0.145710 -4.018894 -7.573397 0.000031 -0.000004 -0.000001 0.000001 -0.000001 
-180.540848 100.572144 0.894567 11.577512 -65.786340 10.004001 0.000008 10.181551 0.131543 5.891045 7.379646 -0.294875 4.207033 4.750665 -0.407742 4.180449 4.776967 -0.387796 0.000001 16.740366 -2.049029 4.751500 5.601002 1.899789 -0.000027 9.617838 1.684980 -4.997784 35.156121 -7.368572 -0.000002 22.037369 7.501077 -0.000001 -0.000000 0.000001 -4.569994 11.014879 -2.160856 -2.707389 6.648525 9.770654 0.059549 31.373132 55.948996 0.000002 12.602169 0.000016 5.346803 -4.578970 -20.860115 -2.464806 -1.573949 2.681907 -0.184855 0.811014 0.379089 14.555157 -10.338189 -17.751404 -2.646266 -1.527810 1.527819 3.082443 6.845677 -24.355264 -1.994586 -1.151582 1.151594 0.000002 -0.000003 0.000001 -9.108315 -0.517872 2.259801 -1.953985 1.211413 24.349884 0.102774 -0.974068 12.047025 0.106950 -0.993362 12.289313 -0.000001 -0.000000 0.000001 -9.532526 0.000024 -0.000003 -0.068666 -3.360483 30.624540 0.243089 -1.486467 18.575051 0.087635 -0.900177 11.120835 -0.000001 0.000000 0.000001 -9.103592 -0.043077 -1.865102 2.118676 -6.841610 32.929189 0.379628 -1.843450 23.271892 0.273419 -1.573775 19.710425 -0.000000 -0.000000 0.000003 -8.076701 -0.486710 -3.806299 0.991103 -5.107808 35.939882 0.407274 -1.906395 24.116689 0.180034 -1.283656 15.966120 -0.000001 -0.000001 -0.000001 4.570409 11.014674 -2.160819 1.287955 2.046100 -7.556872 -1.901029 -19.818070 -67.839624 -0.000011 -29.221434 -0.000003 5.898197 -13.966571 6.155450 2.466100 -1.576220 2.681682 34.633123 -11.154949 20.382239 10.317226 22.375524 -4.922742 2.647883 -1.528764 1.528759 -16.283839 5.393256 11.804527 1.998913 -1.154078 1.154080 -0.000003 -0.000003 0.000001 9.109294 -0.518012 2.259891 -2.909576 -5.343379 -19.893648 0.730460 2.834864 -28.894699 0.303374 1.862604 -18.501762 -0.000001 -0.000001 -0.000003 9.533396 0.000008 -0.000010 -0.724664 3.070716 -34.949856 0.579096 2.541651 -25.668138 0.407568 2.148889 -21.478351 0.000001 0.000000 -0.000001 9.104514 -0.042995 -1.865108 0.244378 4.333218 -32.106370 0.880801 3.091304 -31.802539 0.978993 3.244073 -33.579546 -0.000003 0.000000 -0.000001 8.077804 -0.486901 -3.806307 0.557548 4.785952 -28.297472 0.460897 2.279635 -22.858487 0.526838 2.430072 -24.463654 -0.000001 -0.000003 0.000000 -8.207801 -6.751716 -1.599519 -16.127284 -7.565109 3.227803 26.370100 2.238429 0.317214 -14.749332 0.586886 -4.965500 -8.080943 0.000010 0.000010 0.000001 0.000000 0.000000 8.207799 -6.751707 -1.599520 -34.281672 -0.963971 2.942293 55.851789 -3.279518 0.048550 -2.900302 0.145710 -4.018894 -7.573397 0.000031 -0.000004 -0.000001 0.000001 -0.000001 
-180.540848 100.572144 0.894567 11.577512 -65.786340 10.004001 0.000008 10.181551 0.131543 5.891045 7.379646 -0.294875 4.207033 4.750665 -0.407742 4.180449 4.776967 -0.387796 0.000001 16.740366 -2.049029 4.751500 5.601002 1.899789 -0.000027 9.617838 1.684980 -4.997784 35.156121 -7.368572 -0.000002 22.037369 7.501077 -0.000001 -0.000000 0.000001 -4.569994 11.014879 -2.160856 -2.707389 6.648525 9.770654 0.059549 31.373132 55.948996 0.000002 12.602169 0.000016 5.346803 -4.578970 -20.860115 -2.464806 -1.573949 2.681907 -0.184855 0.811014 0.379089 14.555157 -10.338189 -17.751404 -2.646266 -1.527810 1.527819 3.082443 6.845677 -24.355264 -1.994586 -1.151582 1.151594 0.000002 -0.000003 0.000001 -9.108315 -0.517872 2.259801 -1.953985 1.211413 24.349884 0.102774 -0.974068 12.047025 0.106950 -0.993362 12.289313 -0.000001 -0.000000 0.000001 -9.532526 0.000024 -0.000003 -0.068666 -3.360483 30.624540 0.243089 -1.486467 18.575051 0.087635 -0.900177 11.120835 -0.000001 0.000000 0.000001 -9.103592 -0.043077 -1.865102 2.118676 -6.841610 32.929189 0.379628 -1.843450 23.271892 0.273419 -1.573775 19.710425 -0.000000 -0.000000 0.000003 -8.076701 -0.486710 -3.806299 0.991103 -5.107808 35.939882 0.407274 -1.906395 24.116689 0.180034 -1.283656 15.966120 -0.000001 -0.000001 -0.000001 4.570409 11.014674 -2.160819 1.287955 2.046100 -7.556872 -1.901029 -19.818070 -67.839624 -0.000011 -29.221434 -0.000003 5.898197 -13.966571 6.155450 2.466100 -1.576220 2.681682 34.633123 -11.154949 20.382239 10.317226 22.375524 -4.922742 2.647883 -1.528764 1.528759 -16.283839 5.393256 11.804527 1.998913 -1.154078 1.154080 -0.000003 -0.000003 0.000001 9.109294 -0.518012 2.259891 -2.909576 -5.343379 -19.893648 0.730460 2.834864 -28.894699 0.303374 1.862604 -18.501762 -0.000001 -0.000001 -0.000003 9.533396 0.000008 -0.000010 -0.724664 3.070716 -34.949856 0.579096 2.541651 -25.668138 0.407568 2.148889 -21.478351 0.000001 0.000000 -0.000001 9.104514 -0.042995 -1.865108 0.244378 4.333218 -32.106370 0.880801 3.091304 -31.802539 0.978993 3.244073 -33.579546 -0.000003 0.000000 -0.000001 8.077804 -0.486901 -3.806307 0.557548 4.785952 -28.297472 0.460897 2.279635 -22.858487 0.526838 2.430072 -24.463654 -0.000001 -0.000003 0.000000 -8.207801 -6.751716 -1.599519 -16.127284 -7.565109 3.227803 26.370100 2.238429 0.317214 -14.749332 0.586886 -4.965500 -8.080943 0.000010 0.000010 0.000001 0.000000 0.000000 8.207799 -6.751707 -1.599520 -34.281672 -0.963971 2.942293 55.851789 -3.279518 0.048550 -2.900302 0.145710 -4.018894 -7.573397 0.000031 -0.000004 -0.000001 0.000001 -0.000001 
-180.540848 100.572144 0.894567 11.577512 -65.786340 10.004001 0.000008 10.181551 0.131543 5.891045 7.379646 -0.294875 4.207033 4.750665 -0.407742 4.180449 4.776967 -0.387796 0.000001 16.740366 -2.049029 4.751500 5.601002 1.899789 -0.000027 9.617838 1.684980 -4.997784 35.156121 -7.368572 -0.000002 22.037369 7.501077 -0.000001 -0.000000 0.000001 -4.569994 11.014879 -2.160856 -2.707389 6.648525 9.770654 0.059549 31.373132 55.948996 0.000002 12.602169 0.000016 5.346803 -4.578970 -20.860115 -2.464806 -1.573949 2.681907 -0.184855 0.811014 0.379089 14.555157 -10.338189 -17.751404 -2.646266 -1.527810 1.527819 3.082443 6.845677 -24.355264 -1.994586 -1.151582 1.151594 0.000002 -0.000003 0.000001 -9.108315 -0.517872 2.259801 -1.953985 1.211413 24.349884 0.102774 -0.974068 12.047025 0.106950 -0.993362 12.289313 -0.000001 -0.000000 0.000001 -9.532526 0.000024 -0.000003 -0.068666 -3.360483 30.624540 0.243089 -1.486467 18.575051 0.087635 -0.900177 11.120835 -0.000001 0.000000 0.000001 -9.103592 -0.043077 -1.865102 2.118676 -6.841610 32.929189 0.379628 -1.843450 23.271892 0.273419 -1.573775 19.710425 -0.000000 -0.000000 0.000003 -8.076701 -0.486710 -3.806299 0.991103 -5.107808 35.939882 0.407274 -1.906395 24.116689 0.180034 -1.283656 15.966120 -0.000001 -0.000001 -0.000001 4.570409 11.014674 -2.160819 1.287955 2.046100 -7.556872 -1.901029 -19.818070 -67.839624 -0.000011 -29.221434 -0.000003 5.898197 -13.966571 6.155450 2.466100 -1.576220 2.681682 34.633123 -11.154949 20.382239 10.317226 22.375524 -4.922742 2.647883 -1.528764 1.528759 -16.283839 5.393256 11.804527 1.998913 -1.154078 1.154080 -0.000003 -0.000003 0.000001 9.109294 -0.518012 2.259891 -2.909576 -5.343379 -19.893648 0.730460 2.834864 -28.894699 0.303374 1.862604 -18.501762 -0.000001 -0.000001 -0.000003 9.533396 0.000008 -0.000010 -0.724664 3.070716 -34.949856 0.579096 2.541651 -25.668138 0.407568 2.148889 -21.478351 0.000001 0.000000 -0.000001 9.104514 -0.042995 -1.865108 0.244378 4.333218 -32.106370 0.880801 3.091304 -31.802539 0.978993 3.244073 -33.579546 -0.000003 0.000000 -0.000001 8.077804 -0.486901 -3.806307 0.557548 4.785952 -28.297472 0.460897 2.279635 -22.858487 0.526838 2.430072 -24.463654 -0.000001 -0.000003 0.000000 -8.207801 -6.751716 -1.599519 -16.127284 -7.565109 3.227803 26.370100 2.238429 0.317214 -14.749332 0.586886 -4.965500 -8.080943 0.000010 0.000010 0.000001 0.000000 0.000000 8.207799 -6.751707 -1.599520 -34.281672 -0.963971 2.942293 55.851789 -3.279518 0.048550 -2.900302 0.145710 -4.018894 -7.573397 0.000031 -0.000004 -0.000001 0.000001 -0.000001 
-180.540848 100.572144 0.894567 11.577512 -65.786340 10.004001 0.000008 10.181551 0.131543 5.891045 7.379646 -0.294875 4.207033 4.750665 -0.407742 4.180449 4.776967 -0.387796 0.000001 16.740366 -2.049029 4.751500 5.601002 1.899789 -0.000027 9.617838 1.684980 -4.997784 35.156121 -7.368572 -0.000002 22.037369 7.501077 -0.000001 -0.000000 0.000001 -4.569994 11.014879 -2.160856 -2.707389 6.648525 9.770654 0.059549 31.373132 55.948996 0.000002 12.602169 0.000016 5.346803 -4.578970 -20.860115 -2.464806 -1.573949 2.681907 -0.184855 0.811014 0.379089 14.555157 -10.338189 -17.751404 -2.646266 -1.527810 1.527819 3.082443 6.845677 -24.355264 -1.994586 -1.151582 1.151594 0.000002 -0.000003 0.000001 -9.108315 -0.517872 2.259801 -1.953985 1.211413 24.349884 0.102774 -0.974068 12.047025 0.106950 -0.993362 12.289313 -0.000001 -0.000000 0.000001 -9.532526 0.000024 -0.000003 -0.068666 -3.360483 30.624540 0.243089 -1.486467 18.575051 0.087635 -0.900177 11.120835 -0.000001 0.000000 0.000001 -9.103592 -0.043077 -1.865102 2.118676 -6.841610 32.929189 0.379628 -1.843450 23.271892 0.273419 -1.573775 19.710425 -0.000000 -0.000000 0.000003 -8.076701 -0.486710 -3.806299 0.991103 -5.107808 35.939882 0.407274 -1.906395 24.116689 0.180034 -1.283656 15.966120 -0.000001 -0.000001 -0.000001 4.570409 11.014674 -2.160819 1.287955 2.046100 -7.556872 -1.901029 -19.818070 -67.839624 -0.000011 -29.221434 -0.000003 5.898197 -13.966571 6.155450 2.466100 -1.576220 2.681682 34.633123 -11.154949 20.382239 10.317226 22.375524 -4.922742 2.647883 -1.528764 1.528759 -16.283839 5.393256 11.804527 1.998913 -1.154078 1.154080 -0.000003 -0.000003 0.000001 9.109294 -0.518012 2.259891 -2.909576 -5.343379 -19.893648 0.730460 2.834864 -28.894699 0.303374 1.862604 -18.501762 -0.000001 -0.000001 -0.000003 9.533396 0.000008 -0.000010 -0.724664 3.070716 -34.949856 0.579096 2.541651 -25.668138 0.407568 2.148889 -21.478351 0.000001 0.000000 -0.000001 9.104514 -0.042995 -1.865108 0.244378 4.333218 -32.106370 0.880801 3.091304 -31.802539 0.978993 3.244073 -33.579546 -0.000003 0.000000 -0.000001 8.077804 -0.486901 -3.806307 0.557548 4.785952 -28.297472 0.460897 2.279635 -22.858487 0.526838 2.430072 -24.463654 -0.000001 -0.000003 0.000000 -8.207801 -6.751716 -1.599519 -16.127284 -7.565109 3.227803 26.370100 2.238429 0.317214 -14.749332 0.586886 -4.965500 -8.080943 0.000010 0.000010 0.000001 0.000000 0.000000 8.207799 -6.751707 -1.599520 -34.281672 -0.963971 2.942293 55.851789 -3.279518 0.048550 -2.900302 0.145710 -4.018894 -7.573397 0.000031 -0.000004 -0.000001 0.000001 -0.000001 
-180.540848 100.572144 0.894567 11.577512 -65.786340 10.004001 0.000008 10.181551 0.131543 5.891045 7.379646 -0.294875 4.207033 4.750665 -0.407742 4.180449 4.776967 -0.387796 0.000001 16.740366 -2.049029 4.751500 5.601002 1.899789 -0.000027 9.617838 1.684980 -4.997784 35.156121 -7.368572 -0.000002 22.037369 7.501077 -0.000001 -0.000000 0.000001 -4.569994 11.014879 -2.160856 -2.707389 6.648525 9.770654 0.059549 31.373132 55.948996 0.000002 12.602169 0.000016 5.346803 -4.578970 -20.860115 -2.464806 -1.573949 2.681907 -0.184855 0.811014 0.379089 14.555157 -10.338189 -17.751404 -2.646266 -1.527810 1.527819 3.082443 6.845677 -24.355264 -1.994586 -1.151582 1.151594 0.000002 -0.000003 0.000001 -9.108315 -0.517872 2.259801 -1.953985 1.211413 24.349884 0.102774 -0.974068 12.047025 0.106950 -0.993362 12.289313 -0.000001 -0.000000 0.000001 -9.532526 0.000024 -0.000003 -0.068666 -3.360483 30.624540 0.243089 -1.486467 18.575051 0.087635 -0.900177 11.120835 -0.000001 0.000000 0.000001 -9.103592 -0.043077 -1.865102 2.118676 -6.841610 32.929189 0.379628 -1.843450 23.271892 0.273419 -1.573775 19.710425 -0.000000 -0.000000 0.000003 -8.076701 -0.486710 -3.806299 0.991103 -5.107808 35.939882 0.407274 -1.906395 24.116689 0.180034 -1.283656 15.966120 -0.000001 -0.000001 -0.000001 4.570409 11.014674 -2.160819 1.287955 2.046100 -7.556872 -1.901029 -19.818070 -67.839624 -0.000011 -29.221434 -0.000003 5.898197 -13.966571 6.155450 2.466100 -1.576220 2.681682 34.633123 -11.154949 20.382239 10.317226 22.375524 -4.922742 2.647883 -1.528764 1.528759 -16.283839 5.393256 11.804527 1.998913 -1.154078 1.154080 -0.000003 -0.000003 0.000001 9.109294 -0.518012 2.259891 -2.909576 -5.343379 -19.893648 0.730460 2.834864 -28.894699 0.303374 1.862604 -18.501762 -0.000001 -0.000001 -0.000003 9.533396 0.000008 -0.000010 -0.724664 3.070716 -34.949856 0.579096 2.541651 -25.668138 0.407568 2.148889 -21.478351 0.000001 0.000000 -0.000001 9.104514 -0.042995 -1.865108 0.244378 4.333218 -32.106370 0.880801 3.091304 -31.802539 0.978993 3.244073 -33.579546 -0.000003 0.000000 -0.000001 8.077804 -0.486901 -3.806307 0.557548 4.785952 -28.297472 0.460897 2.279635 -22.858487 0.526838 2.430072 -24.463654 -0.000001 -0.000003 0.000000 -8.207801 -6.751716 -1.599519 -16.127284 -7.565109 3.227803 26.370100 2.238429 0.317214 -14.749332 0.586886 -4.965500 -8.080943 0.000010 0.000010 0.000001 0.000000 0.000000 8.207799 -6.751707 -1.599520 -34.281672 -0.963971 2.942293 55.851789 -3.279518 0.048550 -2.900302 0.145710 -4.018894 -7.573397 0.000031 -0.000004 -0.000001 0.000001 -0.000001 
-180.540848 100.572144 0.894567 11.577512 -65.786340 10.004001 0.000008 10.181551 0.131543 5.891045 7.379646 -0.294875 4.207033 4.750665 -0.407742 4.180449 4.776967 -0.387796 0.000001 16.740366 -2.049029 4.751500 5.601002 1.899789 -0.000027 9.617838 1.684980 -4.997784 35.156121 -7.368572 -0.000002 22.037369 7.501077 -0.000001 -0.000000 0.000001 -4.569994 11.014879 -2.160856 -2.707389 6.648525 9.770654 0.059549 31.373132 55.948996 0.000002 12.602169 0.000016 5.346803 -4.578970 -20.860115 -2.464806 -1.573949 2.681907 -0.184855 0.811014 0.379089 14.555157 -10.338189 -17.751404 -2.646266 -1.527810 1.527819 3.082443 6.845677 -24.355264 -1.994586 -1.151582 1.151594 0.000002 -0.000003 0.000001 -9.108315 -0.517872 2.259801 -1.953985 1.211413 24.349884 0.102774 -0.974068 12.047025 0.106950 -0.993362 12.289313 -0.000001 -0.000000 0.000001 -9.532526 0.000024 -0.000003 -0.068666 -3.360483 30.624540 0.243089 -1.486467 18.575051 0.087635 -0.900177 11.120835 -0.000001 0.000000 0.000001 -9.103592 -0.043077 -1.865102 2.118676 -6.841610 32.929189 0.379628 -1.843450 23.271892 0.273419 -1.573775 19.710425 -0.000000 -0.000000 0.000003 -8.076701 -0.486710 -3.806299 0.991103 -5.107808 35.939882 0.407274 -1.906395 24.116689 0.180034 -1.283656 15.966120 -0.000001 -0.000001 -0.000001 4.570409 11.014674 -2.160819 1.287955 2.046100 -7.556872 -1.901029 -19.818070 -67.839624 -0.000011 -29.221434 -0.000003 5.898197 -13.966571 6.155450 2.466100 -1.576220 2.681682 34.633123 -11.154949 20.382239 10.317226 22.375524 -4.922742 2.647883 -1.528764 1.528759 -16.283839 5.393256 11.804527 1.998913 -1.154078 1.154080 -0.000003 -0.000003 0.000001 9.109294 -0.518012 2.259891 -2.909576 -5.343379 -19.893648 0.730460 2.834864 -28.894699 0.303374 1.862604 -18.501762 -0.000001 -0.000001 -0.000003 9.533396 0.000008 -0.000010 -0.724664 3.070716 -34.949856 0.579096 2.541651 -25.668138 0.407568 2.148889 -21.478351 0.000001 0.000000 -0.000001 9.104514 -0.042995 -1.865108 0.244378 4.333218 -32.106370 0.880801 3.091304 -31.802539 0.978993 3.244073 -33.579546 -0.000003 0.000000 -0.000001 8.077804 -0.486901 -3.806307 0.557548 4.785952 -28.297472 0.460897 2.279635 -22.858487 0.526838 2.430072 -24.463654 -0.000001 -0.000003 0.000000 -8.207801 -6.751716 -1.599519 -16.127284 -7.565109 3.227803 26.370100 2.238429 0.317214 -14.749332 0.586886 -4.965500 -8.080943 0.000010 0.000010 0.000001 0.000000 0.000000 8.207799 -6.751707 -1.599520 -34.281672 -0.963971 2.942293 55.851789 -3.279518 0.048550 -2.900302 0.145710 -4.018894 -7.573397 0.000031 -0.000004 -0.000001 0.000001 -0.000001 
-180.540848 100.572144 0.894567 11.577512 -65.786340 10.004001 0.000008 10.181551 0.131543 5.891045 7.379646 -0.294875 4.207033 4.750665 -0.407742 4.180449 4.776967 -0.387796 0.000001 16.740366 -2.049029 4.751500 5.601002 1.899789 -0.000027 9.617838 1.684980 -4.997784 35.156121 -7.368572 -0.000002 22.037369 7.501077 -0.000001 -0.000000 0.000001 -4.569994 11.014879 -2.160856 -2.707389 6.648525 9.770654 0.059549 31.373132 55.948996 0.000002 12.602169 0.000016 5.346803 -4.578970 -20.860115 -2.464806 -1.573949 2.681907 -0.184855 0.811014 0.379089 14.555157 -10.338189 -17.751404 -2.646266 -1.527810 1.527819 3.082443 6.845677 -24.355264 -1.994586 -1.151582 1.151594 0.000002 -0.000003 0.000001 -9.108315 -0.517872 2.259801 -1.953985 1.211413 24.349884 0.102774 -0.974068 12.047025 0.106950 -0.993362 12.289313 -0.000001 -0.000000 0.000001 -9.532526 0.000024 -0.000003 -0.068666 -3.360483 30.624540 0.243089 -1.486467 18.575051 0.087635 -0.900177 11.120835 -0.000001 0.000000 0.000001 -9.103592 -0.043077 -1.865102 2.118676 -6.841610 32.929189 0.379628 -1.843450 23.271892 0.273419 -1.573775 19.710425 -0.000000 -0.000000 0.000003 -8.076701 -0.486710 -3.806299 0.991103 -5.107808 35.939882 0.407274 -1.906395 24.116689 0.180034 -1.283656 15.966120 -0.000001 -0.000001 -0.000001 4.570409 11.014674 -2.160819 1.287955 2.046100 -7.556872 -1.901029 -19.818070 -67.839624 -0.000011 -29.221434 -0.000003 5.898197 -13.966571 6.155450 2.466100 -1.576220 2.681682 34.633123 -11.154949 20.382239 10.317226 22.375524 -4.922742 2.647883 -1.528764 1.528759 -16.283839 5.393256 11.804527 1.998913 -1.154078 1.154080 -0.000003 -0.000003 0.000001 9.109294 -0.518012 2.259891 -2.909576 -5.343379 -19.893648 0.730460 2.834864 -28.894699 0.303374 1.862604 -18.501762 -0.000001 -0.000001 -0.000003 9.533396 0.000008 -0.000010 -0.724664 3.070716 -34.949856 0.579096 2.541651 -25.668138 0.407568 2.148889 -21.478351 0.000001 0.000000 -0.000001 9.104514 -0.042995 -1.865108 0.244378 4.333218 -32.106370 0.880801 3.091304 -31.802539 0.978993 3.244073 -33.579546 -0.000003 0.000000 -0.000001 8.077804 -0.486901 -3.806307 0.557548 4.785952 -28.297472 0.460897 2.279635 -22.858487 0.526838 2.430072 -24.463654 -0.000001 -0.000003 0.000000 -8.207801 -6.751716 -1.599519 -16.127284 -7.565109 3.227803 26.370100 2.238429 0.317214 -14.749332 0.586886 -4.965500 -8.080943 0.000010 0.000010 0.000001 0.000000 0.000000 8.207799 -6.751707 -1.599520 -34.281672 -0.963971 2.942293 55.851789 -3.279518 0.048550 -2.900302 0.145710 -4.018894 -7.573397 0.000031 -0.000004 -0.000001 0.000001 -0.000001 
-180.540848 100.572144 0.894567 11.577512 -65.786340 10.004001 0.000008 10.181551 0.131543 5.891045 7.379646 -0.294875 4.207033 4.750665 -0.407742 4.180449 4.776967 -0.387796 0.000001 16.740366 -2.049029 4.751500 5.601002 1.899789 -0.000027 9.617838 1.684980 -4.997784 35.156121 -7.368572 -0.000002 22.037369 7.501077 -0.000001 -0.000000 0.000001 -4.569994 11.014879 -2.160856 -2.707389 6.648525 9.770654 0.059549 31.373132 55.948996 0.000002 12.602169 0.000016 5.346803 -4.578970 -20.860115 -2.464806 -1.573949 2.681907 -0.184855 0.811014 0.379089 14.555157 -10.338189 -17.751404 -2.646266 -1.527810 1.527819 3.082443 6.845677 -24.355264 -1.994586 -1.151582 1.151594 0.000002 -0.000003 0.000001 -9.108315 -0.517872 2.259801 -1.953985 1.211413 24.349884 0.102774 -0.974068 12.047025 0.106950 -0.993362 12.289313 -0.000001 -0.000000 0.000001 -9.532526 0.000024 -0.000003 -0.068666 -3.360483 30.624540 0.243089 -1.486467 18.575051 0.087635 -0.900177 11.120835 -0.000001 0.000000 0.000001 -9.103592 -0.043077 -1.865102 2.118676 -6.841610 32.929189 0.379628 -1.843450 23.271892 0.273419 -1.573775 19.710425 -0.000000 -0.000000 0.000003 -8.076701 -0.486710 -3.806299 0.991103 -5.107808 35.939882 0.407274 -1.906395 24.116689 0.180034 -1.283656 15.966120 -0.000001 -0.000001 -0.000001 4.570409 11.014674 -2.160819 1.287955 2.046100 -7.556872 -1.901029 -19.818070 -67.839624 -0.000011 -29.221434 -0.000003 5.898197 -13.966571 6.155450 2.466100 -1.576220 2.681682 34.633123 -11.154949 20.382239 10.317226 22.375524 -4.922742 2.647883 -1.528764 1.528759 -16.283839 5.393256 11.804527 1.998913 -1.154078 1.154080 -0.000003 -0.000003 0.000001 9.109294 -0.518012 2.259891 -2.909576 -5.343379 -19.893648 0.730460 2.834864 -28.894699 0.303374 1.862604 -18.501762 -0.000001 -0.000001 -0.000003 9.533396 0.000008 -0.000010 -0.724664 3.070716 -34.949856 0.579096 2.541651 -25.668138 0.407568 2.148889 -21.478351 0.000001 0.000000 -0.000001 9.104514 -0.042995 -1.865108 0.244378 4.333218 -32.106370 0.880801 3.091304 -31.802539 0.978993 3.244073 -33.579546 -0.000003 0.000000 -0.000001 8.077804 -0.486901 -3.806307 0.557548 4.785952 -28.297472 0.460897 2.279635 -22.858487 0.526838 2.430072 -24.463654 -0.000001 -0.000003 0.000000 -8.207801 -6.751716 -1.599519 -16.127284 -7.565109 3.227803 26.370100 2.238429 0.317214 -14.749332 0.586886 -4.965500 -8.080943 0.000010 0.000010 0.000001 0.000000 0.000000 8.207799 -6.751707 -1.599520 -34.281672 -0.963971 2.942293 55.851789 -3.279518 0.048550 -2.900302 0.145710 -4.018894 -7.573397 0.000031 -0.000004 -0.000001 0.000001 -0.000001 
-180.540848 100.572144 0.894567 11.577512 -65.786340 10.004001 0.000008 10.181551 0.131543 5.891045 7.379646 -0.294875 4.207033 4.750665 -0.407742 4.180449 4.776967 -0.387796 0.000001 16.740366 -2.049029 4.751500 5.601002 1.899789 -0.000027 9.617838 1.684980 -4.997784 35.156121 -7.368572 -0.000002 22.037369 7.501077 -0.000001 -0.000000 0.000001 -4.569994 11.014879 -2.160856 -2.707389 6.648525 9.770654 0.059549 31.373132 55.948996 0.000002 12.602169 0.000016 5.346803 -4.578970 -20.860115 -2.464806 -1.573949 2.681907 -0.184855 0.811014 0.379089 14.555157 -10.338189 -17.751404 -2.646266 -1.527810 1.527819 3.082443 6.845677 -24.355264 -1.994586 -1.151582 1.151594 0.000002 -0.000003 0.000001 -9.108315 -0.517872 2.259801 -1.953985 1.211413 24.349884 0.102774 -0.974068 12.047025 0.106950 -0.993362 12.289313 -0.000001 -0.000000 0.000001 -9.532526 0.000024 -0.000003 -0.068666 -3.360483 30.624540 0.243089 -1.486467 18.575051 0.087635 -0.900177 11.120835 -0.000001 0.000000 0.000001 -9.103592 -0.043077 -1.865102 2.118676 -6.841610 32.929189 0.379628 -1.843450 23.271892 0.273419 -1.573775 19.710425 -0.000000 -0.000000 0.000003 -8.076701 -0.486710 -3.806299 0.991103 -5.107808 35.939882 0.407274 -1.906395 24.116689 0.180034 -1.283656 15.966120 -0.000001 -0.000001 -0.000001 4.570409 11.014674 -2.160819 1.287955 2.046100 -7.556872 -1.901029 -19.818070 -67.839624 -0.000011 -29.221434 -0.000003 5.898197 -13.966571 6.155450 2.466100 -1.576220 2.681682 34.633123 -11.154949 20.382239 10.317226 22.375524 -4.922742 2.647883 -1.528764 1.528759 -16.283839 5.393256 11.804527 1.998913 -1.154078 1.154080 -0.000003 -0.000003 0.000001 9.109294 -0.518012 2.259891 -2.909576 -5.343379 -19.893648 0.730460 2.834864 -28.894699 0.303374 1.862604 -18.501762 -0.000001 -0.000001 -0.000003 9.533396 0.000008 -0.000010 -0.724664 3.070716 -34.949856 0.579096 2.541651 -25.668138 0.407568 2.148889 -21.478351 0.000001 0.000000 -0.000001 9.104514 -0.042995 -1.865108 0.244378 4.333218 -32.106370 0.880801 3.091304 -31.802539 0.978993 3.244073 -33.579546 -0.000003 0.000000 -0.000001 8.077804 -0.486901 -3.806307 0.557548 4.785952 -28.297472 0.460897 2.279635 -22.858487 0.526838 2.430072 -24.463654 -0.000001 -0.000003 0.000000 -8.207801 -6.751716 -1.599519 -16.127284 -7.565109 3.227803 26.370100 2.238429 0.317214 -14.749332 0.586886 -4.965500 -8.080943 0.000010 0.000010 0.000001 0.000000 0.000000 8.207799 -6.751707 -1.599520 -34.281672 -0.963971 2.942293 55.851789 -3.279518 0.048550 -2.900302 0.145710 -4.018894 -7.573397 0.000031 -0.000004 -0.000001 0.000001 -0.000001 
-180.540848 100.572144 0.894567 11.577512 -65.786340 10.004001 0.000008 10.181551 0.131543 5.891045 7.379646 -0.294875 4.207033 4.750665 -0.407742 4.180449 4.776967 -0.387796 0.000001 16.740366 -2.049029 4.751500 5.601002 1.899789 -0.000027 9.617838 1.684980 -4.997784 35.156121 -7.368572 -0.000002 22.037369 7.501077 -0.000001 -0.000000 0.000001 -4.569994 11.014879 -2.160856 -2.707389 6.648525 9.770654 0.059549 31.373132 55.948996 0.000002 12.602169 0.000016 5.346803 -4.578970 -20.860115 -2.464806 -1.573949 2.681907 -0.184855 0.811014 0.379089 14.555157 -10.338189 -17.751404 -2.646266 -1.527810 1.527819 3.082443 6.845677 -24.355264 -1.994586 -1.151582 1.151594 0.000002 -0.000003 0.000001 -9.108315 -0.517872 2.259801 -1.953985 1.211413 24.349884 0.102774 -0.974068 12.047025 0.106950 -0.993362 12.289313 -0.000001 -0.000000 0.000001 -9.532526 0.000024 -0.000003 -0.068666 -3.360483 30.624540 0.243089 -1.486467 18.575051 0.087635 -0.900177 11.120835 -0.000001 0.000000 0.000001 -9.103592 -0.043077 -1.865102 2.118676 -6.841610 32.929189 0.379628 -1.843450 23.271892 0.273419 -1.573775 19.710425 -0.000000 -0.000000 0.000003 -8.076701 -0.486710 -3.806299 0.991103 -5.107808 35.939882 0.407274 -1.906395 24.116689 0.180034 -1.283656 15.966120 -0.000001 -0.000001 -0.000001 4.570409 11.014674 -2.160819 1.287955 2.046100 -7.556872 -1.901029 -19.818070 -67.839624 -0.000011 -29.221434 -0.000003 5.898197 -13.966571 6.155450 2.466100 -1.576220 2.681682 34.633123 -11.154949 20.382239 10.317226 22.375524 -4.922742 2.647883 -1.528764 1.528759 -16.283839 5.393256 11.804527 1.998913 -1.154078 1.154080 -0.000003 -0.000003 0.000001 9.109294 -0.518012 2.259891 -2.909576 -5.343379 -19.893648 0.730460 2.834864 -28.894699 0.303374 1.862604 -18.501762 -0.000001 -0.000001 -0.000003 9.533396 0.000008 -0.000010 -0.724664 3.070716 -34.949856 0.579096 2.541651 -25.668138 0.407568 2.148889 -21.478351 0.000001 0.000000 -0.000001 9.104514 -0.042995 -1.865108 0.244378 4.333218 -32.106370 0.880801 3.091304 -31.802539 0.978993 3.244073 -33.579546 -0.000003 0.000000 -0.000001 8.077804 -0.486901 -3.806307 0.557548 4.785952 -28.297472 0.460897 2.279635 -22.858487 0.526838 2.430072 -24.463654 -0.000001 -0.000003 0.000000 -8.207801 -6.751716 -1.599519 -16.127284 -7.565109 3.227803 26.370100 2.238429 0.317214 -14.749332 0.586886 -4.965500 -8.080943 0.000010 0.000010 0.000001 0.000000 0.000000 8.207799 -6.751707 -1.599520 -34.281672 -0.963971 2.942293 55.851789 -3.279518 0.048550 -2.900302 0.145710 -4.018894 -7.573397 0.000031 -0.000004 -0.000001 0.000001 -0.000001 
-180.540848 100.572144 0.894567 11.577512 -65.786340 10.004001 0.000008 10.181551 0.131543 5.891045 7.379646 -0.294875 4.207033 4.750665 -0.407742 4.180449 4.776967 -0.387796 0.000001 16.740366 -2.049029 4.751500 5.601002 1.899789 -0.000027 9.617838 1.684980 -4.997784 35.156121 -7.368572 -0.000002 22.037369 7.501077 -0.000001 -0.000000 0.000001 -4.569994 11.014879 -2.160856 -2.707389 6.648525 9.770654 0.059549 31.373132 55.948996 0.000002 12.602169 0.000016 5.346803 -4.578970 -20.860115 -2.464806 -1.573949 2.681907 -0.184855 0.811014 0.379089 14.555157 -10.338189 -17.751404 -2.646266 -1.527810 1.527819 3.082443 6.845677 -24.355264 -1.994586 -1.151582 1.151594 0.000002 -0.000003 0.000001 -9.108315 -0.517872 2.259801 -1.953985 1.211413 24.349884 0.102774 -0.974068 12.047025 0.106950 -0.993362 12.289313 -0.000001 -0.000000 0.000001 -9.532526 0.000024 -0.000003 -0.068666 -3.360483 30.624540 0.243089 -1.486467 18.575051 0.087635 -0.900177 11.120835 -0.000001 0.000000 0.000001 -9.103592 -0.043077 -1.865102 2.118676 -6.841610 32.929189 0.379628 -1.843450 23.271892 0.273419 -1.573775 19.710425 -0.000000 -0.000000 0.000003 -8.076701 -0.486710 -3.806299 0.991103 -5.107808 35.939882 0.407274 -1.906395 24.116689 0.180034 -1.283656 15.966120 -0.000001 -0.000001 -0.000001 4.570409 11.014674 -2.160819 1.287955 2.046100 -7.556872 -1.901029 -19.818070 -67.839624 -0.000011 -29.221434 -0.000003 5.898197 -13.966571 6.155450 2.466100 -1.576220 2.681682 34.633123 -11.154949 20.382239 10.317226 22.375524 -4.922742 2.647883 -1.528764 1.528759 -16.283839 5.393256 11.804527 1.998913 -1.154078 1.154080 -0.000003 -0.000003 0.000001 9.109294 -0.518012 2.259891 -2.909576 -5.343379 -19.893648 0.730460 2.834864 -28.894699 0.303374 1.862604 -18.501762 -0.000001 -0.000001 -0.000003 9.533396 0.000008 -0.000010 -0.724664 3.070716 -34.949856 0.579096 2.541651 -25.668138 0.407568 2.148889 -21.478351 0.000001 0.000000 -0.000001 9.104514 -0.042995 -1.865108 0.244378 4.333218 -32.106370 0.880801 3.091304 -31.802539 0.978993 3.244073 -33.579546 -0.000003 0.000000 -0.000001 8.077804 -0.486901 -3.806307 0.557548 4.785952 -28.297472 0.460897 2.279635 -22.858487 0.526838 2.430072 -24.463654 -0.000001 -0.000003 0.000000 -8.207801 -6.751716 -1.599519 -16.127284 -7.565109 3.227803 26.370100 2.238429 0.317214 -14.749332 0.586886 -4.965500 -8.080943 0.000010 0.000010 0.000001 0.000000 0.000000 8.207799 -6.751707 -1.599520 -34.281672 -0.963971 2.942293 55.851789 -3.279518 0.048550 -2.900302 0.145710 -4.018894 -7.573397 0.000031 -0.000004 -0.000001 0.000001 -0.000001 
-180.540848 100.572144 0.894567 11.577512 -65.786340 10.004001 0.000008 10.181551 0.131543 5.891045 7.379646 -0.294875 4.207033 4.750665 -0.407742 4.180449 4.776967 -0.387796 0.000001 16.740366 -2.049029 4.751500 5.601002 1.899789 -0.000027 9.617838 1.684980 -4.997784 35.156121 -7.368572 -0.000002 22.037369 7.501077 -0.000001 -0.000000 0.000001 -4.569994 11.014879 -2.160856 -2.707389 6.648525 9.770654 0.059549 31.373132 55.948996 0.000002 12.602169 0.000016 5.346803 -4.578970 -20.860115 -2.464806 -1.573949 2.681907 -0.184855 0.811014 0.379089 14.555157 -10.338189 -17.751404 -2.646266 -1.527810 1.527819 3.082443 6.845677 -24.355264 -1.994586 -1.151582 1.151594 0.000002 -0.000003 0.000001 -9.108315 -0.517872 2.259801 -1.953985 1.211413 24.349884 0.102774 -0.974068 12.047025 0.106950 -0.993362 12.289313 -0.000001 -0.000000 0.000001 -9.532526 0.000024 -0.000003 -0.068666 -3.360483 30.624540 0.243089 -1.486467 18.575051 0.087635 -0.900177 11.120835 -0.000001 0.000000 0.000001 -9.103592 -0.043077 -1.865102 2.118676 -6.841610 32.929189 0.379628 -1.843450 23.271892 0.273419 -1.573775 19.710425 -0.000000 -0.000000 0.000003 -8.076701 -0.486710 -3.806299 0.991103 -5.107808 35.939882 0.407274 -1.906395 24.116689 0.180034 -1.283656 15.966120 -0.000001 -0.000001 -0.000001 4.570409 11.014674 -2.160819 1.287955 2.046100 -7.556872 -1.901029 -19.818070 -67.839624 -0.000011 -29.221434 -0.000003 5.898197 -13.966571 6.155450 2.466100 -1.576220 2.681682 34.633123 -11.154949 20.382239 10.317226 22.375524 -4.922742 2.647883 -1.528764 1.528759 -16.283839 5.393256 11.804527 1.998913 -1.154078 1.154080 -0.000003 -0.000003 0.000001 9.109294 -0.518012 2.259891 -2.909576 -5.343379 -19.893648 0.730460 2.834864 -28.894699 0.303374 1.862604 -18.501762 -0.000001 -0.000001 -0.000003 9.533396 0.000008 -0.000010 -0.724664 3.070716 -34.949856 0.579096 2.541651 -25.668138 0.407568 2.148889 -21.478351 0.000001 0.000000 -0.000001 9.104514 -0.042995 -1.865108 0.244378 4.333218 -32.106370 0.880801 3.091304 -31.802539 0.978993 3.244073 -33.579546 -0.000003 0.000000 -0.000001 8.077804 -0.486901 -3.806307 0.557548 4.785952 -28.297472 0.460897 2.279635 -22.858487 0.526838 2.430072 -24.463654 -0.000001 -0.000003 0.000000 -8.207801 -6.751716 -1.599519 -16.127284 -7.565109 3.227803 26.370100 2.238429 0.317214 -14.749332 0.586886 -4.965500 -8.080943 0.000010 0.000010 0.000001 0.000000 0.000000 8.207799 -6.751707 -1.599520 -34.281672 -0.963971 2.942293 55.851789 -3.279518 0.048550 -2.900302 0.145710 -4.018894 -7.573397 0.000031 -0.000004 -0.000001 0.000001 -0.000001 
-180.540848 100.572144 0.894567 11.577512 -65.786340 10.004001 0.000008 10.181551 0.131543 5.891045 7.379646 -0.294875 4.207033 4.750665 -0.407742 4.180449 4.776967 -0.387796 0.000001 16.740366 -2.049029 4.751500 5.601002 1.899789 -0.000027 9.617838 1.684980 -4.997784 35.156121 -7.368572 -0.000002 22.037369 7.501077 -0.000001 -0.000000 0.000001 -4.569994 11.014879 -2.160856 -2.707389 6.648525 9.770654 0.059549 31.373132 55.948996 0.000002 12.602169 0.000016 5.346803 -4.578970 -20.860115 -2.464806 -1.573949 2.681907 -0.184855 0.811014 0.379089 14.555157 -10.338189 -17.751404 -2.646266 -1.527810 1.527819 3.082443 6.845677 -24.355264 -1.994586 -1.151582 1.151594 0.000002 -0.000003 0.000001 -9.108315 -0.517872 2.259801 -1.953985 1.211413 24.349884 0.102774 -0.974068 12.047025 0.106950 -0.993362 12.289313 -0.000001 -0.000000 0.000001 -9.532526 0.000024 -0.000003 -0.068666 -3.360483 30.624540 0.243089 -1.486467 18.575051 0.087635 -0.900177 11.120835 -0.000001 0.000000 0.000001 -9.103592 -0.043077 -1.865102 2.118676 -6.841610 32.929189 0.379628 -1.843450 23.271892 0.273419 -1.573775 19.710425 -0.000000 -0.000000 0.000003 -8.076701 -0.486710 -3.806299 0.991103 -5.107808 35.939882 0.407274 -1.906395 24.116689 0.180034 -1.283656 15.966120 -0.000001 -0.000001 -0.000001 4.570409 11.014674 -2.160819 1.287955 2.046100 -7.556872 -1.901029 -19.818070 -67.839624 -0.000011 -29.221434 -0.000003 5.898197 -13.966571 6.155450 2.466100 -1.576220 2.681682 34.633123 -11.154949 20.382239 10.317226 22.375524 -4.922742 2.647883 -1.528764 1.528759 -16.283839 5.393256 11.804527 1.998913 -1.154078 1.154080 -0.000003 -0.000003 0.000001 9.109294 -0.518012 2.259891 -2.909576 -5.343379 -19.893648 0.730460 2.834864 -28.894699 0.303374 1.862604 -18.501762 -0.000001 -0.000001 -0.000003 9.533396 0.000008 -0.000010 -0.724664 3.070716 -34.949856 0.579096 2.541651 -25.668138 0.407568 2.148889 -21.478351 0.000001 0.000000 -0.000001 9.104514 -0.042995 -1.865108 0.244378 4.333218 -32.106370 0.880801 3.091304 -31.802539 0.978993 3.244073 -33.579546 -0.000003 0.000000 -0.000001 8.077804 -0.486901 -3.806307 0.557548 4.785952 -28.297472 0.460897 2.279635 -22.858487 0.526838 2.430072 -24.463654 -0.000001 -0.000003 0.000000 -8.207801 -6.751716 -1.599519 -16.127284 -7.565109 3.227803 26.370100 2.238429 0.317214 -14.749332 0.586886 -4.965500 -8.080943 0.000010 0.000010 0.000001 0.000000 0.000000 8.207799 -6.751707 -1.599520 -34.281672 -0.963971 2.942293 55.851789 -3.279518 0.048550 -2.900302 0.145710 -4.018894 -7.573397 0.000031 -0.000004 -0.000001 0.000001 -0.000001 
-180.540848 100.572144 0.894567 11.577512 -65.786340 10.004001 0.000008 10.181551 0.131543 5.891045 7.379646 -0.294875 4.207033 4.750665 -0.407742 4.180449 4.776967 -0.387796 0.000001 16.740366 -2.049029 4.751500 5.601002 1.899789 -0.000027 9.617838 1.684980 -4.997784 35.156121 -7.368572 -0.000002 22.037369 7.501077 -0.000001 -0.000000 0.000001 -4.569994 11.014879 -2.160856 -2.707389 6.648525 9.770654 0.059549 31.373132 55.948996 0.000002 12.602169 0.000016 5.346803 -4.578970 -20.860115 -2.464806 -1.573949 2.681907 -0.184855 0.811014 0.379089 14.555157 -10.338189 -17.751404 -2.646266 -1.527810 1.527819 3.082443 6.845677 -24.355264 -1.994586 -1.151582 1.151594 0.000002 -0.000003 0.000001 -9.108315 -0.517872 2.259801 -1.953985 1.211413 24.349884 0.102774 -0.974068 12.047025 0.106950 -0.993362 12.289313 -0.000001 -0.000000 0.000001 -9.532526 0.000024 -0.000003 -0.068666 -3.360483 30.624540 0.243089 -1.486467 18.575051 0.087635 -0.900177 11.120835 -0.000001 0.000000 0.000001 -9.103592 -0.043077 -1.865102 2.118676 -6.841610 32.929189 0.379628 -1.843450 23.271892 0.273419 -1.573775 19.710425 -0.000000 -0.000000 0.000003 -8.076701 -0.486710 -3.806299 0.991103 -5.107808 35.939882 0.407274 -1.906395 24.116689 0.180034 -1.283656 15.966120 -0.000001 -0.000001 -0.000001 4.570409 11.014674 -2.160819 1.287955 2.046100 -7.556872 -1.901029 -19.818070 -67.839624 -0.000011 -29.221434 -0.000003 5.898197 -13.966571 6.155450 2.466100 -1.576220 2.681682 34.633123 -11.154949 20.382239 10.317226 22.375524 -4.922742 2.647883 -1.528764 1.528759 -16.283839 5.393256 11.804527 1.998913 -1.154078 1.154080 -0.000003 -0.000003 0.000001 9.109294 -0.518012 2.259891 -2.909576 -5.343379 -19.893648 0.730460 2.834864 -28.894699 0.303374 1.862604 -18.501762 -0.000001 -0.000001 -0.000003 9.533396 0.000008 -0.000010 -0.724664 3.070716 -34.949856 0.579096 2.541651 -25.668138 0.407568 2.148889 -21.478351 0.000001 0.000000 -0.000001 9.104514 -0.042995 -1.865108 0.244378 4.333218 -32.106370 0.880801 3.091304 -31.802539 0.978993 3.244073 -33.579546 -0.000003 0.000000 -0.000001 8.077804 -0.486901 -3.806307 0.557548 4.785952 -28.297472 0.460897 2.279635 -22.858487 0.526838 2.430072 -24.463654 -0.000001 -0.000003 0.000000 -8.207801 -6.751716 -1.599519 -16.127284 -7.565109 3.227803 26.370100 2.238429 0.317214 -14.749332 0.586886 -4.965500 -8.080943 0.000010 0.000010 0.000001 0.000000 0.000000 8.207799 -6.751707 -1.599520 -34.281672 -0.963971 2.942293 55.851789 -3.279518 0.048550 -2.900302 0.145710 -4.018894 -7.573397 0.000031 -0.000004 -0.000001 0.000001 -0.000001 
-180.540848 100.572144 0.894567 11.577512 -65.786340 10.004001 0.000008 10.181551 0.131543 5.891045 7.379646 -0.294875 4.207033 4.750665 -0.407742 4.180449 4.776967 -0.387796 0.000001 16.740366 -2.049029 4.751500 5.601002 1.899789 -0.000027 9.617838 1.684980 -4.997784 35.156121 -7.368572 -0.000002 22.037369 7.501077 -0.000001 -0.000000 0.000001 -4.569994 11.014879 -2.160856 -2.707389 6.648525 9.770654 0.059549 31.373132 55.948996 0.000002 12.602169 0.000016 5.346803 -4.578970 -20.860115 -2.464806 -1.573949 2.681907 -0.184855 0.811014 0.379089 14.555157 -10.338189 -17.751404 -2.646266 -1.527810 1.527819 3.082443 6.845677 -24.355264 -1.994586 -1.151582 1.151594 0.000002 -0.000003 0.000001 -9.108315 -0.517872 2.259801 -1.953985 1.211413 24.349884 0.102774 -0.974068 12.047025 0.106950 -0.993362 12.289313 -0.000001 -0.000000 0.000001 -9.532526 0.000024 -0.000003 -0.068666 -3.360483 30.624540 0.243089 -1.486467 18.575051 0.087635 -0.900177 11.120835 -0.000001 0.000000 0.000001 -9.103592 -0.043077 -1.865102 2.118676 -6.841610 32.929189 0.379628 -1.843450 23.271892 0.273419 -1.573775 19.710425 -0.000000 -0.000000 0.000003 -8.076701 -0.486710 -3.806299 0.991103 -5.107808 35.939882 0.407274 -1.906395 24.116689 0.180034 -1.283656 15.966120 -0.000001 -0.000001 -0.000001 4.570409 11.014674 -2.160819 1.287955 2.046100 -7.556872 -1.901029 -19.818070 -67.839624 -0.000011 -29.221434 -0.000003 5.898197 -13.966571 6.155450 2.466100 -1.576220 2.681682 34.633123 -11.154949 20.382239 10.317226 22.375524 -4.922742 2.647883 -1.528764 1.528759 -16.283839 5.393256 11.804527 1.998913 -1.154078 1.154080 -0.000003 -0.000003 0.000001 9.109294 -0.518012 2.259891 -2.909576 -5.343379 -19.893648 0.730460 2.834864 -28.894699 0.303374 1.862604 -18.501762 -0.000001 -0.000001 -0.000003 9.533396 0.000008 -0.000010 -0.724664 3.070716 -34.949856 0.579096 2.541651 -25.668138 0.407568 2.148889 -21.478351 0.000001 0.000000 -0.000001 9.104514 -0.042995 -1.865108 0.244378 4.333218 -32.106370 0.880801 3.091304 -31.802539 0.978993 3.244073 -33.579546 -0.000003 0.000000 -0.000001 8.077804 -0.486901 -3.806307 0.557548 4.785952 -28.297472 0.460897 2.279635 -22.858487 0.526838 2.430072 -24.463654 -0.000001 -0.000003 0.000000 -8.207801 -6.751716 -1.599519 -16.127284 -7.565109 3.227803 26.370100 2.238429 0.317214 -14.749332 0.586886 -4.965500 -8.080943 0.000010 0.000010 0.000001 0.000000 0.000000 8.207799 -6.751707 -1.599520 -34.281672 -0.963971 2.942293 55.851789 -3.279518 0.048550 -2.900302 0.145710 -4.018894 -7.573397 0.000031 -0.000004 -0.000001 0.000001 -0.000001 
-180.540848 100.572144 0.894567 11.577512 -65.786340 10.004001 0.000008 10.181551 0.131543 5.891045 7.379646 -0.294875 4.207033 4.750665 -0.407742 4.180449 4.776967 -0.387796 0.000001 16.740366 -2.049029 4.751500 5.601002 1.899789 -0.000027 9.617838 1.684980 -4.997784 35.156121 -7.368572 -0.000002 22.037369 7.501077 -0.000001 -0.000000 0.000001 -4.569994 11.014879 -2.160856 -2.707389 6.648525 9.770654 0.059549 31.373132 55.948996 0.000002 12.602169 0.000016 5.346803 -4.578970 -20.860115 -2.464806 -1.573949 2.681907 -0.184855 0.811014 0.379089 14.555157 -10.338189 -17.751404 -2.646266 -1.527810 1.527819 3.082443 6.845677 -24.355264 -1.994586 -1.151582 1.151594 0.000002 -0.000003 0.000001 -9.108315 -0.517872 2.259801 -1.953985 1.211413 24.349884 0.102774 -0.974068 12.047025 0.106950 -0.993362 12.289313 -0.000001 -0.000000 0.000001 -9.532526 0.000024 -0.000003 -0.068666 -3.360483 30.624540 0.243089 -1.486467 18.575051 0.087635 -0.900177 11.120835 -0.000001 0.000000 0.000001 -9.103592 -0.043077 -1.865102 2.118676 -6.841610 32.929189 0.379628 -1.843450 23.271892 0.273419 -1.573775 19.710425 -0.000000 -0.000000 0.000003 -8.076701 -0.486710 -3.806299 0.991103 -5.107808 35.939882 0.407274 -1.906395 24.116689 0.180034 -1.283656 15.966120 -0.000001 -0.000001 -0.000001 4.570409 11.014674 -2.160819 1.287955 2.046100 -7.556872 -1.901029 -19.818070 -67.839624 -0.000011 -29.221434 -0.000003 5.898197 -13.966571 6.155450 2.466100 -1.576220 2.681682 34.633123 -11.154949 20.382239 10.317226 22.375524 -4.922742 2.647883 -1.528764 1.528759 -16.283839 5.393256 11.804527 1.998913 -1.154078 1.154080 -0.000003 -0.000003 0.000001 9.109294 -0.518012 2.259891 -2.909576 -5.343379 -19.893648 0.730460 2.834864 -28.894699 0.303374 1.862604 -18.501762 -0.000001 -0.000001 -0.000003 9.533396 0.000008 -0.000010 -0.724664 3.070716 -34.949856 0.579096 2.541651 -25.668138 0.407568 2.148889 -21.478351 0.000001 0.000000 -0.000001 9.104514 -0.042995 -1.865108 0.244378 4.333218 -32.106370 0.880801 3.091304 -31.802539 0.978993 3.244073 -33.579546 -0.000003 0.000000 -0.000001 8.077804 -0.486901 -3.806307 0.557548 4.785952 -28.297472 0.460897 2.279635 -22.858487 0.526838 2.430072 -24.463654 -0.000001 -0.000003 0.000000 -8.207801 -6.751716 -1.599519 -16.127284 -7.565109 3.227803 26.370100 2.238429 0.317214 -14.749332 0.586886 -4.965500 -8.080943 0.000010 0.000010 0.000001 0.000000 0.000000 8.207799 -6.751707 -1.599520 -34.281672 -0.963971 2.942293 55.851789 -3.279518 0.048550 -2.900302 0.145710 -4.018894 -7.573397 0.000031 -0.000004 -0.000001 0.000001 -0.000001 
-180.540848 100.572144 0.894567 11.577512 -65.786340 10.004001 0.000008 10.181551 0.131543 5.891045 7.379646 -0.294875 4.207033 4.750665 -0.407742 4.180449 4.776967 -0.387796 0.000001 16.740366 -2.049029 4.751500 5.601002 1.899789 -0.000027 9.617838 1.684980 -4.997784 35.156121 -7.368572 -0.000002 22.037369 7.501077 -0.000001 -0.000000 0.000001 -4.569994 11.014879 -2.160856 -2.707389 6.648525 9.770654 0.059549 31.373132 55.948996 0.000002 12.602169 0.000016 5.346803 -4.578970 -20.860115 -2.464806 -1.573949 2.681907 -0.184855 0.811014 0.379089 14.555157 -10.338189 -17.751404 -2.646266 -1.527810 1.527819 3.082443 6.845677 -24.355264 -1.994586 -1.151582 1.151594 0.000002 -0.000003 0.000001 -9.108315 -0.517872 2.259801 -1.953985 1.211413 24.349884 0.102774 -0.974068 12.047025 0.106950 -0.993362 12.289313 -0.000001 -0.000000 0.000001 -9.532526 0.000024 -0.000003 -0.068666 -3.360483 30.624540 0.243089 -1.486467 18.575051 0.087635 -0.900177 11.120835 -0.000001 0.000000 0.000001 -9.103592 -0.043077 -1.865102 2.118676 -6.841610 32.929189 0.379628 -1.843450 23.271892 0.273419 -1.573775 19.710425 -0.000000 -0.000000 0.000003 -8.076701 -0.486710 -3.806299 0.991103 -5.107808 35.939882 0.407274 -1.906395 24.116689 0.180034 -1.283656 15.966120 -0.000001 -0.000001 -0.000001 4.570409 11.014674 -2.160819 1.287955 2.046100 -7.556872 -1.901029 -19.818070 -67.839624 -0.000011 -29.221434 -0.000003 5.898197 -13.966571 6.155450 2.466100 -1.576220 2.681682 34.633123 -11.154949 20.382239 10.317226 22.375524 -4.922742 2.647883 -1.528764 1.528759 -16.283839 5.393256 11.804527 1.998913 -1.154078 1.154080 -0.000003 -0.000003 0.000001 9.109294 -0.518012 2.259891 -2.909576 -5.343379 -19.893648 0.730460 2.834864 -28.894699 0.303374 1.862604 -18.501762 -0.000001 -0.000001 -0.000003 9.533396 0.000008 -0.000010 -0.724664 3.070716 -34.949856 0.579096 2.541651 -25.668138 0.407568 2.148889 -21.478351 0.000001 0.000000 -0.000001 9.104514 -0.042995 -1.865108 0.244378 4.333218 -32.106370 0.880801 3.091304 -31.802539 0.978993 3.244073 -33.579546 -0.000003 0.000000 -0.000001 8.077804 -0.486901 -3.806307 0.557548 4.785952 -28.297472 0.460897 2.279635 -22.858487 0.526838 2.430072 -24.463654 -0.000001 -0.000003 0.000000 -8.207801 -6.751716 -1.599519 -16.127284 -7.565109 3.227803 26.370100 2.238429 0.317214 -14.749332 0.586886 -4.965500 -8.080943 0.000010 0.000010 0.000001 0.000000 0.000000 8.207799 -6.751707 -1.599520 -34.281672 -0.963971 2.942293 55.851789 -3.279518 0.048550 -2.900302 0.145710 -4.018894 -7.573397 0.000031 -0.000004 -0.000001 0.000001 -0.000001 
-180.540848 100.572144 0.894567 11.577512 -65.786340 10.004001 0.000008 10.181551 0.131543 5.891045 7.379646 -0.294875 4.207033 4.750665 -0.407742 4.180449 4.776967 -0.387796 0.000001 16.740366 -2.049029 4.751500 5.601002 1.899789 -0.000027 9.617838 1.684980 -4.997784 35.156121 -7.368572 -0.000002 22.037369 7.501077 -0.000001 -0.000000 0.000001 -4.569994 11.014879 -2.160856 -2.707389 6.648525 9.770654 0.059549 31.373132 55.948996 0.000002 12.602169 0.000016 5.346803 -4.578970 -20.860115 -2.464806 -1.573949 2.681907 -0.184855 0.811014 0.379089 14.555157 -10.338189 -17.751404 -2.646266 -1.527810 1.527819 3.082443 6.845677 -24.355264 -1.994586 -1.151582 1.151594 0.000002 -0.000003 0.000001 -9.108315 -0.517872 2.259801 -1.953985 1.211413 24.349884 0.102774 -0.974068 12.047025 0.106950 -0.993362 12.289313 -0.000001 -0.000000 0.000001 -9.532526 0.000024 -0.000003 -0.068666 -3.360483 30.624540 0.243089 -1.486467 18.575051 0.087635 -0.900177 11.120835 -0.000001 0.000000 0.000001 -9.103592 -0.043077 -1.865102 2.118676 -6.841610 32.929189 0.379628 -1.843450 23.271892 0.273419 -1.573775 19.710425 -0.000000 -0.000000 0.000003 -8.076701 -0.486710 -3.806299 0.991103 -5.107808 35.939882 0.407274 -1.906395 24.116689 0.180034 -1.283656 15.966120 -0.000001 -0.000001 -0.000001 4.570409 11.014674 -2.160819 1.287955 2.046100 -7.556872 -1.901029 -19.818070 -67.839624 -0.000011 -29.221434 -0.000003 5.898197 -13.966571 6.155450 2.466100 -1.576220 2.681682 34.633123 -11.154949 20.382239 10.317226 22.375524 -4.922742 2.647883 -1.528764 1.528759 -16.283839 5.393256 11.804527 1.998913 -1.154078 1.154080 -0.000003 -0.000003 0.000001 9.109294 -0.518012 2.259891 -2.909576 -5.343379 -19.893648 0.730460 2.834864 -28.894699 0.303374 1.862604 -18.501762 -0.000001 -0.000001 -0.000003 9.533396 0.000008 -0.000010 -0.724664 3.070716 -34.949856 0.579096 2.541651 -25.668138 0.407568 2.148889 -21.478351 0.000001 0.000000 -0.000001 9.104514 -0.042995 -1.865108 0.244378 4.333218 -32.106370 0.880801 3.091304 -31.802539 0.978993 3.244073 -33.579546 -0.000003 0.000000 -0.000001 8.077804 -0.486901 -3.806307 0.557548 4.785952 -28.297472 0.460897 2.279635 -22.858487 0.526838 2.430072 -24.463654 -0.000001 -0.000003 0.000000 -8.207801 -6.751716 -1.599519 -16.127284 -7.565109 3.227803 26.370100 2.238429 0.317214 -14.749332 0.586886 -4.965500 -8.080943 0.000010 0.000010 0.000001 0.000000 0.000000 8.207799 -6.751707 -1.599520 -34.281672 -0.963971 2.942293 55.851789 -3.279518 0.048550 -2.900302 0.145710 -4.018894 -7.573397 0.000031 -0.000004 -0.000001 0.000001 -0.000001 
-180.540848 100.572144 0.894567 11.577512 -65.786340 10.004001 0.000008 10.181551 0.131543 5.891045 7.379646 -0.294875 4.207033 4.750665 -0.407742 4.180449 4.776967 -0.387796 0.000001 16.740366 -2.049029 4.751500 5.601002 1.899789 -0.000027 9.617838 1.684980 -4.997784 35.156121 -7.368572 -0.000002 22.037369 7.501077 -0.000001 -0.000000 0.000001 -4.569994 11.014879 -2.160856 -2.707389 6.648525 9.770654 0.059549 31.373132 55.948996 0.000002 12.602169 0.000016 5.346803 -4.578970 -20.860115 -2.464806 -1.573949 2.681907 -0.184855 0.811014 0.379089 14.555157 -10.338189 -17.751404 -2.646266 -1.527810 1.527819 3.082443 6.845677 -24.355264 -1.994586 -1.151582 1.151594 0.000002 -0.000003 0.000001 -9.108315 -0.517872 2.259801 -1.953985 1.211413 24.349884 0.102774 -0.974068 12.047025 0.106950 -0.993362 12.289313 -0.000001 -0.000000 0.000001 -9.532526 0.000024 -0.000003 -0.068666 -3.360483 30.624540 0.243089 -1.486467 18.575051 0.087635 -0.900177 11.120835 -0.000001 0.000000 0.000001 -9.103592 -0.043077 -1.865102 2.118676 -6.841610 32.929189 0.379628 -1.843450 23.271892 0.273419 -1.573775 19.710425 -0.000000 -0.000000 0.000003 -8.076701 -0.486710 -3.806299 0.991103 -5.107808 35.939882 0.407274 -1.906395 24.116689 0.180034 -1.283656 15.966120 -0.000001 -0.000001 -0.000001 4.570409 11.014674 -2.160819 1.287955 2.046100 -7.556872 -1.901029 -19.818070 -67.839624 -0.000011 -29.221434 -0.000003 5.898197 -13.966571 6.155450 2.466100 -1.576220 2.681682 34.633123 -11.154949 20.382239 10.317226 22.375524 -4.922742 2.647883 -1.528764 1.528759 -16.283839 5.393256 11.804527 1.998913 -1.154078 1.154080 -0.000003 -0.000003 0.000001 9.109294 -0.518012 2.259891 -2.909576 -5.343379 -19.893648 0.730460 2.834864 -28.894699 0.303374 1.862604 -18.501762 -0.000001 -0.000001 -0.000003 9.533396 0.000008 -0.000010 -0.724664 3.070716 -34.949856 0.579096 2.541651 -25.668138 0.407568 2.148889 -21.478351 0.000001 0.000000 -0.000001 9.104514 -0.042995 -1.865108 0.244378 4.333218 -32.106370 0.880801 3.091304 -31.802539 0.978993 3.244073 -33.579546 -0.000003 0.000000 -0.000001 8.077804 -0.486901 -3.806307 0.557548 4.785952 -28.297472 0.460897 2.279635 -22.858487 0.526838 2.430072 -24.463654 -0.000001 -0.000003 0.000000 -8.207801 -6.751716 -1.599519 -16.127284 -7.565109 3.227803 26.370100 2.238429 0.317214 -14.749332 0.586886 -4.965500 -8.080943 0.000010 0.000010 0.000001 0.000000 0.000000 8.207799 -6.751707 -1.599520 -34.281672 -0.963971 2.942293 55.851789 -3.279518 0.048550 -2.900302 0.145710 -4.018894 -7.573397 0.000031 -0.000004 -0.000001 0.000001 -0.000001 
-180.540848 100.572144 0.894567 11.577512 -65.786340 10.004001 0.000008 10.181551 0.131543 5.891045 7.379646 -0.294875 4.207033 4.750665 -0.407742 4.180449 4.776967 -0.387796 0.000001 16.740366 -2.049029 4.751500 5.601002 1.899789 -0.000027 9.617838 1.684980 -4.997784 35.156121 -7.368572 -0.000002 22.037369 7.501077 -0.000001 -0.000000 0.000001 -4.569994 11.014879 -2.160856 -2.707389 6.648525 9.770654 0.059549 31.373132 55.948996 0.000002 12.602169 0.000016 5.346803 -4.578970 -20.860115 -2.464806 -1.573949 2.681907 -0.184855 0.811014 0.379089 14.555157 -10.338189 -17.751404 -2.646266 -1.527810 1.527819 3.082443 6.845677 -24.355264 -1.994586 -1.151582 1.151594 0.000002 -0.000003 0.000001 -9.108315 -0.517872 2.259801 -1.953985 1.211413 24.349884 0.102774 -0.974068 12.047025 0.106950 -0.993362 12.289313 -0.000001 -0.000000 0.000001 -9.532526 0.000024 -0.000003 -0.068666 -3.360483 30.624540 0.243089 -1.486467 18.575051 0.087635 -0.900177 11.120835 -0.000001 0.000000 0.000001 -9.103592 -0.043077 -1.865102 2.118676 -6.841610 32.929189 0.379628 -1.843450 23.271892 0.273419 -1.573775 19.710425 -0.000000 -0.000000 0.000003 -8.076701 -0.486710 -3.806299 0.991103 -5.107808 35.939882 0.407274 -1.906395 24.116689 0.180034 -1.283656 15.966120 -0.000001 -0.000001 -0.000001 4.570409 11.014674 -2.160819 1.287955 2.046100 -7.556872 -1.901029 -19.818070 -67.839624 -0.000011 -29.221434 -0.000003 5.898197 -13.966571 6.155450 2.466100 -1.576220 2.681682 34.633123 -11.154949 20.382239 10.317226 22.375524 -4.922742 2.647883 -1.528764 1.528759 -16.283839 5.393256 11.804527 1.998913 -1.154078 1.154080 -0.000003 -0.000003 0.000001 9.109294 -0.518012 2.259891 -2.909576 -5.343379 -19.893648 0.730460 2.834864 -28.894699 0.303374 1.862604 -18.501762 -0.000001 -0.000001 -0.000003 9.533396 0.000008 -0.000010 -0.724664 3.070716 -34.949856 0.579096 2.541651 -25.668138 0.407568 2.148889 -21.478351 0.000001 0.000000 -0.000001 9.104514 -0.042995 -1.865108 0.244378 4.333218 -32.106370 0.880801 3.091304 -31.802539 0.978993 3.244073 -33.579546 -0.000003 0.000000 -0.000001 8.077804 -0.486901 -3.806307 0.557548 4.785952 -28.297472 0.460897 2.279635 -22.858487 0.526838 2.430072 -24.463654 -0.000001 -0.000003 0.000000 -8.207801 -6.751716 -1.599519 -16.127284 -7.565109 3.227803 26.370100 2.238429 0.317214 -14.749332 0.586886 -4.965500 -8.080943 0.000010 0.000010 0.000001 0.000000 0.000000 8.207799 -6.751707 -1.599520 -34.281672 -0.963971 2.942293 55.851789 -3.279518 0.048550 -2.900302 0.145710 -4.018894 -7.573397 0.000031 -0.000004 -0.000001 0.000001 -0.000001 
-180.540848 100.572144 0.894567 11.577512 -65.786340 10.004001 0.000008 10.181551 0.131543 5.891045 7.379646 -0.294875 4.207033 4.750665 -0.407742 4.180449 4.776967 -0.387796 0.000001 16.740366 -2.049029 4.751500 5.601002 1.899789 -0.000027 9.617838 1.684980 -4.997784 35.156121 -7.368572 -0.000002 22.037369 7.501077 -0.000001 -0.000000 0.000001 -4.569994 11.014879 -2.160856 -2.707389 6.648525 9.770654 0.059549 31.373132 55.948996 0.000002 12.602169 0.000016 5.346803 -4.578970 -20.860115 -2.464806 -1.573949 2.681907 -0.184855 0.811014 0.379089 14.555157 -10.338189 -17.751404 -2.646266 -1.527810 1.527819 3.082443 6.845677 -24.355264 -1.994586 -1.151582 1.151594 0.000002 -0.000003 0.000001 -9.108315 -0.517872 2.259801 -1.953985 1.211413 24.349884 0.102774 -0.974068 12.047025 0.106950 -0.993362 12.289313 -0.000001 -0.000000 0.000001 -9.532526 0.000024 -0.000003 -0.068666 -3.360483 30.624540 0.243089 -1.486467 18.575051 0.087635 -0.900177 11.120835 -0.000001 0.000000 0.000001 -9.103592 -0.043077 -1.865102 2.118676 -6.841610 32.929189 0.379628 -1.843450 23.271892 0.273419 -1.573775 19.710425 -0.000000 -0.000000 0.000003 -8.076701 -0.486710 -3.806299 0.991103 -5.107808 35.939882 0.407274 -1.906395 24.116689 0.180034 -1.283656 15.966120 -0.000001 -0.000001 -0.000001 4.570409 11.014674 -2.160819 1.287955 2.046100 -7.556872 -1.901029 -19.818070 -67.839624 -0.000011 -29.221434 -0.000003 5.898197 -13.966571 6.155450 2.466100 -1.576220 2.681682 34.633123 -11.154949 20.382239 10.317226 22.375524 -4.922742 2.647883 -1.528764 1.528759 -16.283839 5.393256 11.804527 1.998913 -1.154078 1.154080 -0.000003 -0.000003 0.000001 9.109294 -0.518012 2.259891 -2.909576 -5.343379 -19.893648 0.730460 2.834864 -28.894699 0.303374 1.862604 -18.501762 -0.000001 -0.000001 -0.000003 9.533396 0.000008 -0.000010 -0.724664 3.070716 -34.949856 0.579096 2.541651 -25.668138 0.407568 2.148889 -21.478351 0.000001 0.000000 -0.000001 9.104514 -0.042995 -1.865108 0.244378 4.333218 -32.106370 0.880801 3.091304 -31.802539 0.978993 3.244073 -33.579546 -0.000003 0.000000 -0.000001 8.077804 -0.486901 -3.806307 0.557548 4.785952 -28.297472 0.460897 2.279635 -22.858487 0.526838 2.430072 -24.463654 -0.000001 -0.000003 0.000000 -8.207801 -6.751716 -1.599519 -16.127284 -7.565109 3.227803 26.370100 2.238429 0.317214 -14.749332 0.586886 -4.965500 -8.080943 0.000010 0.000010 0.000001 0.000000 0.000000 8.207799 -6.751707 -1.599520 -34.281672 -0.963971 2.942293 55.851789 -3.279518 0.048550 -2.900302 0.145710 -4.018894 -7.573397 0.000031 -0.000004 -0.000001 0.000001 -0.000001 
-180.540848 100.572144 0.894567 11.577512 -65.786340 10.004001 0.000008 10.181551 0.131543 5.891045 7.379646 -0.294875 4.207033 4.750665 -0.407742 4.180449 4.776967 -0.387796 0.000001 16.740366 -2.049029 4.751500 5.601002 1.899789 -0.000027 9.617838 1.684980 -4.997784 35.156121 -7.368572 -0.000002 22.037369 7.501077 -0.000001 -0.000000 0.000001 -4.569994 11.014879 -2.160856 -2.707389 6.648525 9.770654 0.059549 31.373132 55.948996 0.000002 12.602169 0.000016 5.346803 -4.578970 -20.860115 -2.464806 -1.573949 2.681907 -0.184855 0.811014 0.379089 14.555157 -10.338189 -17.751404 -2.646266 -1.527810 1.527819 3.082443 6.845677 -24.355264 -1.994586 -1.151582 1.151594 0.000002 -0.000003 0.000001 -9.108315 -0.517872 2.259801 -1.953985 1.211413 24.349884 0.102774 -0.974068 12.047025 0.106950 -0.993362 12.289313 -0.000001 -0.000000 0.000001 -9.532526 0.000024 -0.000003 -0.068666 -3.360483 30.624540 0.243089 -1.486467 18.575051 0.087635 -0.900177 11.120835 -0.000001 0.000000 0.000001 -9.103592 -0.043077 -1.865102 2.118676 -6.841610 32.929189 0.379628 -1.843450 23.271892 0.273419 -1.573775 19.710425 -0.000000 -0.000000 0.000003 -8.076701 -0.486710 -3.806299 0.991103 -5.107808 35.939882 0.407274 -1.906395 24.116689 0.180034 -1.283656 15.966120 -0.000001 -0.000001 -0.000001 4.570409 11.014674 -2.160819 1.287955 2.046100 -7.556872 -1.901029 -19.818070 -67.839624 -0.000011 -29.221434 -0.000003 5.898197 -13.966571 6.155450 2.466100 -1.576220 2.681682 34.633123 -11.154949 20.382239 10.317226 22.375524 -4.922742 2.647883 -1.528764 1.528759 -16.283839 5.393256 11.804527 1.998913 -1.154078 1.154080 -0.000003 -0.000003 0.000001 9.109294 -0.518012 2.259891 -2.909576 -5.343379 -19.893648 0.730460 2.834864 -28.894699 0.303374 1.862604 -18.501762 -0.000001 -0.000001 -0.000003 9.533396 0.000008 -0.000010 -0.724664 3.070716 -34.949856 0.579096 2.541651 -25.668138 0.407568 2.148889 -21.478351 0.000001 0.000000 -0.000001 9.104514 -0.042995 -1.865108 0.244378 4.333218 -32.106370 0.880801 3.091304 -31.802539 0.978993 3.244073 -33.579546 -0.000003 0.000000 -0.000001 8.077804 -0.486901 -3.806307 0.557548 4.785952 -28.297472 0.460897 2.279635 -22.858487 0.526838 2.430072 -24.463654 -0.000001 -0.000003 0.000000 -8.207801 -6.751716 -1.599519 -16.127284 -7.565109 3.227803 26.370100 2.238429 0.317214 -14.749332 0.586886 -4.965500 -8.080943 0.000010 0.000010 0.000001 0.000000 0.000000 8.207799 -6.751707 -1.599520 -34.281672 -0.963971 2.942293 55.851789 -3.279518 0.048550 -2.900302 0.145710 -4.018894 -7.573397 0.000031 -0.000004 -0.000001 0.000001 -0.000001 
-180.540848 100.572144 0.894567 11.577512 -65.786340 10.004001 0.000008 10.181551 0.131543 5.891045 7.379646 -0.294875 4.207033 4.750665 -0.407742 4.180449 4.776967 -0.387796 0.000001 16.740366 -2.049029 4.751500 5.601002 1.899789 -0.000027 9.617838 1.684980 -4.997784 35.156121 -7.368572 -0.000002 22.037369 7.501077 -0.000001 -0.000000 0.000001 -4.569994 11.014879 -2.160856 -2.707389 6.648525 9.770654 0.059549 31.373132 55.948996 0.000002 12.602169 0.000016 5.346803 -4.578970 -20.860115 -2.464806 -1.573949 2.681907 -0.184855 0.811014 0.379089 14.555157 -10.338189 -17.751404 -2.646266 -1.527810 1.527819 3.082443 6.845677 -24.355264 -1.994586 -1.151582 1.151594 0.000002 -0.000003 0.000001 -9.108315 -0.517872 2.259801 -1.953985 1.211413 24.349884 0.102774 -0.974068 12.047025 0.106950 -0.993362 12.289313 -0.000001 -0.000000 0.000001 -9.532526 0.000024 -0.000003 -0.068666 -3.360483 30.624540 0.243089 -1.486467 18.575051 0.087635 -0.900177 11.120835 -0.000001 0.000000 0.000001 -9.103592 -0.043077 -1.865102 2.118676 -6.841610 32.929189 0.379628 -1.843450 23.271892 0.273419 -1.573775 19.710425 -0.000000 -0.000000 0.000003 -8.076701 -0.486710 -3.806299 0.991103 -5.107808 35.939882 0.407274 -1.906395 24.116689 0.180034 -1.283656 15.966120 -0.000001 -0.000001 -0.000001 4.570409 11.014674 -2.160819 1.287955 2.046100 -7.556872 -1.901029 -19.818070 -67.839624 -0.000011 -29.221434 -0.000003 5.898197 -13.966571 6.155450 2.466100 -1.576220 2.681682 34.633123 -11.154949 20.382239 10.317226 22.375524 -4.922742 2.647883 -1.528764 1.528759 -16.283839 5.393256 11.804527 1.998913 -1.154078 1.154080 -0.000003 -0.000003 0.000001 9.109294 -0.518012 2.259891 -2.909576 -5.343379 -19.893648 0.730460 2.834864 -28.894699 0.303374 1.862604 -18.501762 -0.000001 -0.000001 -0.000003 9.533396 0.000008 -0.000010 -0.724664 3.070716 -34.949856 0.579096 2.541651 -25.668138 0.407568 2.148889 -21.478351 0.000001 0.000000 -0.000001 9.104514 -0.042995 -1.865108 0.244378 4.333218 -32.106370 0.880801 3.091304 -31.802539 0.978993 3.244073 -33.579546 -0.000003 0.000000 -0.000001 8.077804 -0.486901 -3.806307 0.557548 4.785952 -28.297472 0.460897 2.279635 -22.858487 0.526838 2.430072 -24.463654 -0.000001 -0.000003 0.000000 -8.207801 -6.751716 -1.599519 -16.127284 -7.565109 3.227803 26.370100 2.238429 0.317214 -14.749332 0.586886 -4.965500 -8.080943 0.000010 0.000010 0.000001 0.000000 0.000000 8.207799 -6.751707 -1.599520 -34.281672 -0.963971 2.942293 55.851789 -3.279518 0.048550 -2.900302 0.145710 -4.018894 -7.573397 0.000031 -0.000004 -0.000001 0.000001 -0.000001 
-180.540848 100.572144 0.894567 11.577512 -65.786340 10.004001 0.000008 10.181551 0.131543 5.891045 7.379646 -0.294875 4.207033 4.750665 -0.407742 4.180449 4.776967 -0.387796 0.000001 16.740366 -2.049029 4.751500 5.601002 1.899789 -0.000027 9.617838 1.684980 -4.997784 35.156121 -7.368572 -0.000002 22.037369 7.501077 -0.000001 -0.000000 0.000001 -4.569994 11.014879 -2.160856 -2.707389 6.648525 9.770654 0.059549 31.373132 55.948996 0.000002 12.602169 0.000016 5.346803 -4.578970 -20.860115 -2.464806 -1.573949 2.681907 -0.184855 0.811014 0.379089 14.555157 -10.338189 -17.751404 -2.646266 -1.527810 1.527819 3.082443 6.845677 -24.355264 -1.994586 -1.151582 1.151594 0.000002 -0.000003 0.000001 -9.108315 -0.517872 2.259801 -1.953985 1.211413 24.349884 0.102774 -0.974068 12.047025 0.106950 -0.993362 12.289313 -0.000001 -0.000000 0.000001 -9.532526 0.000024 -0.000003 -0.068666 -3.360483 30.624540 0.243089 -1.486467 18.575051 0.087635 -0.900177 11.120835 -0.000001 0.000000 0.000001 -9.103592 -0.043077 -1.865102 2.118676 -6.841610 32.929189 0.379628 -1.843450 23.271892 0.273419 -1.573775 19.710425 -0.000000 -0.000000 0.000003 -8.076701 -0.486710 -3.806299 0.991103 -5.107808 35.939882 0.407274 -1.906395 24.116689 0.180034 -1.283656 15.966120 -0.000001 -0.000001 -0.000001 4.570409 11.014674 -2.160819 1.287955 2.046100 -7.556872 -1.901029 -19.818070 -67.839624 -0.000011 -29.221434 -0.000003 5.898197 -13.966571 6.155450 2.466100 -1.576220 2.681682 34.633123 -11.154949 20.382239 10.317226 22.375524 -4.922742 2.647883 -1.528764 1.528759 -16.283839 5.393256 11.804527 1.998913 -1.154078 1.154080 -0.000003 -0.000003 0.000001 9.109294 -0.518012 2.259891 -2.909576 -5.343379 -19.893648 0.730460 2.834864 -28.894699 0.303374 1.862604 -18.501762 -0.000001 -0.000001 -0.000003 9.533396 0.000008 -0.000010 -0.724664 3.070716 -34.949856 0.579096 2.541651 -25.668138 0.407568 2.148889 -21.478351 0.000001 0.000000 -0.000001 9.104514 -0.042995 -1.865108 0.244378 4.333218 -32.106370 0.880801 3.091304 -31.802539 0.978993 3.244073 -33.579546 -0.000003 0.000000 -0.000001 8.077804 -0.486901 -3.806307 0.557548 4.785952 -28.297472 0.460897 2.279635 -22.858487 0.526838 2.430072 -24.463654 -0.000001 -0.000003 0.000000 -8.207801 -6.751716 -1.599519 -16.127284 -7.565109 3.227803 26.370100 2.238429 0.317214 -14.749332 0.586886 -4.965500 -8.080943 0.000010 0.000010 0.000001 0.000000 0.000000 8.207799 -6.751707 -1.599520 -34.281672 -0.963971 2.942293 55.851789 -3.279518 0.048550 -2.900302 0.145710 -4.018894 -7.573397 0.000031 -0.000004 -0.000001 0.000001 -0.000001 
-180.540848 100.572144 0.894567 11.577512 -65.786340 10.004001 0.000008 10.181551 0.131543 5.891045 7.379646 -0.294875 4.207033 4.750665 -0.407742 4.180449 4.776967 -0.387796 0.000001 16.740366 -2.049029 4.751500 5.601002 1.899789 -0.000027 9.617838 1.684980 -4.997784 35.156121 -7.368572 -0.000002 22.037369 7.501077 -0.000001 -0.000000 0.000001 -4.569994 11.014879 -2.160856 -2.707389 6.648525 9.770654 0.059549 31.373132 55.948996 0.000002 12.602169 0.000016 5.346803 -4.578970 -20.860115 -2.464806 -1.573949 2.681907 -0.184855 0.811014 0.379089 14.555157 -10.338189 -17.751404 -2.646266 -1.527810 1.527819 3.082443 6.845677 -24.355264 -1.994586 -1.151582 1.151594 0.000002 -0.000003 0.000001 -9.108315 -0.517872 2.259801 -1.953985 1.211413 24.349884 0.102774 -0.974068 12.047025 0.106950 -0.993362 12.289313 -0.000001 -0.000000 0.000001 -9.532526 0.000024 -0.000003 -0.068666 -3.360483 30.624540 0.243089 -1.486467 18.575051 0.087635 -0.900177 11.120835 -0.000001 0.000000 0.000001 -9.103592 -0.043077 -1.865102 2.118676 -6.841610 32.929189 0.379628 -1.843450 23.271892 0.273419 -1.573775 19.710425 -0.000000 -0.000000 0.000003 -8.076701 -0.486710 -3.806299 0.991103 -5.107808 35.939882 0.407274 -1.906395 24.116689 0.180034 -1.283656 15.966120 -0.000001 -0.000001 -0.000001 4.570409 11.014674 -2.160819 1.287955 2.046100 -7.556872 -1.901029 -19.818070 -67.839624 -0.000011 -29.221434 -0.000003 5.898197 -13.966571 6.155450 2.466100 -1.576220 2.681682 34.633123 -11.154949 20.382239 10.317226 22.375524 -4.922742 2.647883 -1.528764 1.528759 -16.283839 5.393256 11.804527 1.998913 -1.154078 1.154080 -0.000003 -0.000003 0.000001 9.109294 -0.518012 2.259891 -2.909576 -5.343379 -19.893648 0.730460 2.834864 -28.894699 0.303374 1.862604 -18.501762 -0.000001 -0.000001 -0.000003 9.533396 0.000008 -0.000010 -0.724664 3.070716 -34.949856 0.579096 2.541651 -25.668138 0.407568 2.148889 -21.478351 0.000001 0.000000 -0.000001 9.104514 -0.042995 -1.865108 0.244378 4.333218 -32.106370 0.880801 3.091304 -31.802539 0.978993 3.244073 -33.579546 -0.000003 0.000000 -0.000001 8.077804 -0.486901 -3.806307 0.557548 4.785952 -28.297472 0.460897 2.279635 -22.858487 0.526838 2.430072 -24.463654 -0.000001 -0.000003 0.000000 -8.207801 -6.751716 -1.599519 -16.127284 -7.565109 3.227803 26.370100 2.238429 0.317214 -14.749332 0.586886 -4.965500 -8.080943 0.000010 0.000010 0.000001 0.000000 0.000000 8.207799 -6.751707 -1.599520 -34.281672 -0.963971 2.942293 55.851789 -3.279518 0.048550 -2.900302 0.145710 -4.018894 -7.573397 0.000031 -0.000004 -0.000001 0.000001 -0.000001 
-180.540848 100.572144 0.894567 11.577512 -65.786340 10.004001 0.000008 10.181551 0.131543 5.891045 7.379646 -0.294875 4.207033 4.750665 -0.407742 4.180449 4.776967 -0.387796 0.000001 16.740366 -2.049029 4.751500 5.601002 1.899789 -0.000027 9.617838 1.684980 -4.997784 35.156121 -7.368572 -0.000002 22.037369 7.501077 -0.000001 -0.000000 0.000001 -4.569994 11.014879 -2.160856 -2.707389 6.648525 9.770654 0.059549 31.373132 55.948996 0.000002 12.602169 0.000016 5.346803 -4.578970 -20.860115 -2.464806 -1.573949 2.681907 -0.184855 0.811014 0.379089 14.555157 -10.338189 -17.751404 -2.646266 -1.527810 1.527819 3.082443 6.845677 -24.355264 -1.994586 -1.151582 1.151594 0.000002 -0.000003 0.000001 -9.108315 -0.517872 2.259801 -1.953985 1.211413 24.349884 0.102774 -0.974068 12.047025 0.106950 -0.993362 12.289313 -0.000001 -0.000000 0.000001 -9.532526 0.000024 -0.000003 -0.068666 -3.360483 30.624540 0.243089 -1.486467 18.575051 0.087635 -0.900177 11.120835 -0.000001 0.000000 0.000001 -9.103592 -0.043077 -1.865102 2.118676 -6.841610 32.929189 0.379628 -1.843450 23.271892 0.273419 -1.573775 19.710425 -0.000000 -0.000000 0.000003 -8.076701 -0.486710 -3.806299 0.991103 -5.107808 35.939882 0.407274 -1.906395 24.116689 0.180034 -1.283656 15.966120 -0.000001 -0.000001 -0.000001 4.570409 11.014674 -2.160819 1.287955 2.046100 -7.556872 -1.901029 -19.818070 -67.839624 -0.000011 -29.221434 -0.000003 5.898197 -13.966571 6.155450 2.466100 -1.576220 2.681682 34.633123 -11.154949 20.382239 10.317226 22.375524 -4.922742 2.647883 -1.528764 1.528759 -16.283839 5.393256 11.804527 1.998913 -1.154078 1.154080 -0.000003 -0.000003 0.000001 9.109294 -0.518012 2.259891 -2.909576 -5.343379 -19.893648 0.730460 2.834864 -28.894699 0.303374 1.862604 -18.501762 -0.000001 -0.000001 -0.000003 9.533396 0.000008 -0.000010 -0.724664 3.070716 -34.949856 0.579096 2.541651 -25.668138 0.407568 2.148889 -21.478351 0.000001 0.000000 -0.000001 9.104514 -0.042995 -1.865108 0.244378 4.333218 -32.106370 0.880801 3.091304 -31.802539 0.978993 3.244073 -33.579546 -0.000003 0.000000 -0.000001 8.077804 -0.486901 -3.806307 0.557548 4.785952 -28.297472 0.460897 2.279635 -22.858487 0.526838 2.430072 -24.463654 -0.000001 -0.000003 0.000000 -8.207801 -6.751716 -1.599519 -16.127284 -7.565109 3.227803 26.370100 2.238429 0.317214 -14.749332 0.586886 -4.965500 -8.080943 0.000010 0.000010 0.000001 0.000000 0.000000 8.207799 -6.751707 -1.599520 -34.281672 -0.963971 2.942293 55.851789 -3.279518 0.048550 -2.900302 0.145710 -4.018894 -7.573397 0.000031 -0.000004 -0.000001 0.000001 -0.000001 
-180.540848 100.572144 0.894567 11.577512 -65.786340 10.004001 0.000008 10.181551 0.131543 5.891045 7.379646 -0.294875 4.207033 4.750665 -0.407742 4.180449 4.776967 -0.387796 0.000001 16.740366 -2.049029 4.751500 5.601002 1.899789 -0.000027 9.617838 1.684980 -4.997784 35.156121 -7.368572 -0.000002 22.037369 7.501077 -0.000001 -0.000000 0.000001 -4.569994 11.014879 -2.160856 -2.707389 6.648525 9.770654 0.059549 31.373132 55.948996 0.000002 12.602169 0.000016 5.346803 -4.578970 -20.860115 -2.464806 -1.573949 2.681907 -0.184855 0.811014 0.379089 14.555157 -10.338189 -17.751404 -2.646266 -1.527810 1.527819 3.082443 6.845677 -24.355264 -1.994586 -1.151582 1.151594 0.000002 -0.000003 0.000001 -9.108315 -0.517872 2.259801 -1.953985 1.211413 24.349884 0.102774 -0.974068 12.047025 0.106950 -0.993362 12.289313 -0.000001 -0.000000 0.000001 -9.532526 0.000024 -0.000003 -0.068666 -3.360483 30.624540 0.243089 -1.486467 18.575051 0.087635 -0.900177 11.120835 -0.000001 0.000000 0.000001 -9.103592 -0.043077 -1.865102 2.118676 -6.841610 32.929189 0.379628 -1.843450 23.271892 0.273419 -1.573775 19.710425 -0.000000 -0.000000 0.000003 -8.076701 -0.486710 -3.806299 0.991103 -5.107808 35.939882 0.407274 -1.906395 24.116689 0.180034 -1.283656 15.966120 -0.000001 -0.000001 -0.000001 4.570409 11.014674 -2.160819 1.287955 2.046100 -7.556872 -1.901029 -19.818070 -67.839624 -0.000011 -29.221434 -0.000003 5.898197 -13.966571 6.155450 2.466100 -1.576220 2.681682 34.633123 -11.154949 20.382239 10.317226 22.375524 -4.922742 2.647883 -1.528764 1.528759 -16.283839 5.393256 11.804527 1.998913 -1.154078 1.154080 -0.000003 -0.000003 0.000001 9.109294 -0.518012 2.259891 -2.909576 -5.343379 -19.893648 0.730460 2.834864 -28.894699 0.303374 1.862604 -18.501762 -0.000001 -0.000001 -0.000003 9.533396 0.000008 -0.000010 -0.724664 3.070716 -34.949856 0.579096 2.541651 -25.668138 0.407568 2.148889 -21.478351 0.000001 0.000000 -0.000001 9.104514 -0.042995 -1.865108 0.244378 4.333218 -32.106370 0.880801 3.091304 -31.802539 0.978993 3.244073 -33.579546 -0.000003 0.000000 -0.000001 8.077804 -0.486901 -3.806307 0.557548 4.785952 -28.297472 0.460897 2.279635 -22.858487 0.526838 2.430072 -24.463654 -0.000001 -0.000003 0.000000 -8.207801 -6.751716 -1.599519 -16.127284 -7.565109 3.227803 26.370100 2.238429 0.317214 -14.749332 0.586886 -4.965500 -8.080943 0.000010 0.000010 0.000001 0.000000 0.000000 8.207799 -6.751707 -1.599520 -34.281672 -0.963971 2.942293 55.851789 -3.279518 0.048550 -2.900302 0.145710 -4.018894 -7.573397 0.000031 -0.000004 -0.000001 0.000001 -0.000001 
-180.540848 100.572144 0.894567 11.577512 -65.786340 10.004001 0.000008 10.181551 0.131543 5.891045 7.379646 -0.294875 4.207033 4.750665 -0.407742 4.180449 4.776967 -0.387796 0.000001 16.740366 -2.049029 4.751500 5.601002 1.899789 -0.000027 9.617838 1.684980 -4.997784 35.156121 -7.368572 -0.000002 22.037369 7.501077 -0.000001 -0.000000 0.000001 -4.569994 11.014879 -2.160856 -2.707389 6.648525 9.770654 0.059549 31.373132 55.948996 0.000002 12.602169 0.000016 5.346803 -4.578970 -20.860115 -2.464806 -1.573949 2.681907 -0.184855 0.811014 0.379089 14.555157 -10.338189 -17.751404 -2.646266 -1.527810 1.527819 3.082443 6.845677 -24.355264 -1.994586 -1.151582 1.151594 0.000002 -0.000003 0.000001 -9.108315 -0.517872 2.259801 -1.953985 1.211413 24.349884 0.102774 -0.974068 12.047025 0.106950 -0.993362 12.289313 -0.000001 -0.000000 0.000001 -9.532526 0.000024 -0.000003 -0.068666 -3.360483 30.624540 0.243089 -1.486467 18.575051 0.087635 -0.900177 11.120835 -0.000001 0.000000 0.000001 -9.103592 -0.043077 -1.865102 2.118676 -6.841610 32.929189 0.379628 -1.843450 23.271892 0.273419 -1.573775 19.710425 -0.000000 -0.000000 0.000003 -8.076701 -0.486710 -3.806299 0.991103 -5.107808 35.939882 0.407274 -1.906395 24.116689 0.180034 -1.283656 15.966120 -0.000001 -0.000001 -0.000001 4.570409 11.014674 -2.160819 1.287955 2.046100 -7.556872 -1.901029 -19.818070 -67.839624 -0.000011 -29.221434 -0.000003 5.898197 -13.966571 6.155450 2.466100 -1.576220 2.681682 34.633123 -11.154949 20.382239 10.317226 22.375524 -4.922742 2.647883 -1.528764 1.528759 -16.283839 5.393256 11.804527 1.998913 -1.154078 1.154080 -0.000003 -0.000003 0.000001 9.109294 -0.518012 2.259891 -2.909576 -5.343379 -19.893648 0.730460 2.834864 -28.894699 0.303374 1.862604 -18.501762 -0.000001 -0.000001 -0.000003 9.533396 0.000008 -0.000010 -0.724664 3.070716 -34.949856 0.579096 2.541651 -25.668138 0.407568 2.148889 -21.478351 0.000001 0.000000 -0.000001 9.104514 -0.042995 -1.865108 0.244378 4.333218 -32.106370 0.880801 3.091304 -31.802539 0.978993 3.244073 -33.579546 -0.000003 0.000000 -0.000001 8.077804 -0.486901 -3.806307 0.557548 4.785952 -28.297472 0.460897 2.279635 -22.858487 0.526838 2.430072 -24.463654 -0.000001 -0.000003 0.000000 -8.207801 -6.751716 -1.599519 -16.127284 -7.565109 3.227803 26.370100 2.238429 0.317214 -14.749332 0.586886 -4.965500 -8.080943 0.000010 0.000010 0.000001 0.000000 0.000000 8.207799 -6.751707 -1.599520 -34.281672 -0.963971 2.942293 55.851789 -3.279518 0.048550 -2.900302 0.145710 -4.018894 -7.573397 0.000031 -0.000004 -0.000001 0.000001 -0.000001 
-180.540848 100.572144 0.894567 11.577512 -65.786340 10.004001 0.000008 10.181551 0.131543 5.891045 7.379646 -0.294875 4.207033 4.750665 -0.407742 4.180449 4.776967 -0.387796 0.000001 16.740366 -2.049029 4.751500 5.601002 1.899789 -0.000027 9.617838 1.684980 -4.997784 35.156121 -7.368572 -0.000002 22.037369 7.501077 -0.000001 -0.000000 0.000001 -4.569994 11.014879 -2.160856 -2.707389 6.648525 9.770654 0.059549 31.373132 55.948996 0.000002 12.602169 0.000016 5.346803 -4.578970 -20.860115 -2.464806 -1.573949 2.681907 -0.184855 0.811014 0.379089 14.555157 -10.338189 -17.751404 -2.646266 -1.527810 1.527819 3.082443 6.845677 -24.355264 -1.994586 -1.151582 1.151594 0.000002 -0.000003 0.000001 -9.108315 -0.517872 2.259801 -1.953985 1.211413 24.349884 0.102774 -0.974068 12.047025 0.106950 -0.993362 12.289313 -0.000001 -0.000000 0.000001 -9.532526 0.000024 -0.000003 -0.068666 -3.360483 30.624540 0.243089 -1.486467 18.575051 0.087635 -0.900177 11.120835 -0.000001 0.000000 0.000001 -9.103592 -0.043077 -1.865102 2.118676 -6.841610 32.929189 0.379628 -1.843450 23.271892 0.273419 -1.573775 19.710425 -0.000000 -0.000000 0.000003 -8.076701 -0.486710 -3.806299 0.991103 -5.107808 35.939882 0.407274 -1.906395 24.116689 0.180034 -1.283656 15.966120 -0.000001 -0.000001 -0.000001 4.570409 11.014674 -2.160819 1.287955 2.046100 -7.556872 -1.901029 -19.818070 -67.839624 -0.000011 -29.221434 -0.000003 5.898197 -13.966571 6.155450 2.466100 -1.576220 2.681682 34.633123 -11.154949 20.382239 10.317226 22.375524 -4.922742 2.647883 -1.528764 1.528759 -16.283839 5.393256 11.804527 1.998913 -1.154078 1.154080 -0.000003 -0.000003 0.000001 9.109294 -0.518012 2.259891 -2.909576 -5.343379 -19.893648 0.730460 2.834864 -28.894699 0.303374 1.862604 -18.501762 -0.000001 -0.000001 -0.000003 9.533396 0.000008 -0.000010 -0.724664 3.070716 -34.949856 0.579096 2.541651 -25.668138 0.407568 2.148889 -21.478351 0.000001 0.000000 -0.000001 9.104514 -0.042995 -1.865108 0.244378 4.333218 -32.106370 0.880801 3.091304 -31.802539 0.978993 3.244073 -33.579546 -0.000003 0.000000 -0.000001 8.077804 -0.486901 -3.806307 0.557548 4.785952 -28.297472 0.460897 2.279635 -22.858487 0.526838 2.430072 -24.463654 -0.000001 -0.000003 0.000000 -8.207801 -6.751716 -1.599519 -16.127284 -7.565109 3.227803 26.370100 2.238429 0.317214 -14.749332 0.586886 -4.965500 -8.080943 0.000010 0.000010 0.000001 0.000000 0.000000 8.207799 -6.751707 -1.599520 -34.281672 -0.963971 2.942293 55.851789 -3.279518 0.048550 -2.900302 0.145710 -4.018894 -7.573397 0.000031 -0.000004 -0.000001 0.000001 -0.000001 
-180.540848 100.572144 0.894567 11.577512 -65.786340 10.004001 0.000008 10.181551 0.131543 5.891045 7.379646 -0.294875 4.207033 4.750665 -0.407742 4.180449 4.776967 -0.387796 0.000001 16.740366 -2.049029 4.751500 5.601002 1.899789 -0.000027 9.617838 1.684980 -4.997784 35.156121 -7.368572 -0.000002 22.037369 7.501077 -0.000001 -0.000000 0.000001 -4.569994 11.014879 -2.160856 -2.707389 6.648525 9.770654 0.059549 31.373132 55.948996 0.000002 12.602169 0.000016 5.346803 -4.578970 -20.860115 -2.464806 -1.573949 2.681907 -0.184855 0.811014 0.379089 14.555157 -10.338189 -17.751404 -2.646266 -1.527810 1.527819 3.082443 6.845677 -24.355264 -1.994586 -1.151582 1.151594 0.000002 -0.000003 0.000001 -9.108315 -0.517872 2.259801 -1.953985 1.211413 24.349884 0.102774 -0.974068 12.047025 0.106950 -0.993362 12.289313 -0.000001 -0.000000 0.000001 -9.532526 0.000024 -0.000003 -0.068666 -3.360483 30.624540 0.243089 -1.486467 18.575051 0.087635 -0.900177 11.120835 -0.000001 0.000000 0.000001 -9.103592 -0.043077 -1.865102 2.118676 -6.841610 32.929189 0.379628 -1.843450 23.271892 0.273419 -1.573775 19.710425 -0.000000 -0.000000 0.000003 -8.076701 -0.486710 -3.806299 0.991103 -5.107808 35.939882 0.407274 -1.906395 24.116689 0.180034 -1.283656 15.966120 -0.000001 -0.000001 -0.000001 4.570409 11.014674 -2.160819 1.287955 2.046100 -7.556872 -1.901029 -19.818070 -67.839624 -0.000011 -29.221434 -0.000003 5.898197 -13.966571 6.155450 2.466100 -1.576220 2.681682 34.633123 -11.154949 20.382239 10.317226 22.375524 -4.922742 2.647883 -1.528764 1.528759 -16.283839 5.393256 11.804527 1.998913 -1.154078 1.154080 -0.000003 -0.000003 0.000001 9.109294 -0.518012 2.259891 -2.909576 -5.343379 -19.893648 0.730460 2.834864 -28.894699 0.303374 1.862604 -18.501762 -0.000001 -0.000001 -0.000003 9.533396 0.000008 -0.000010 -0.724664 3.070716 -34.949856 0.579096 2.541651 -25.668138 0.407568 2.148889 -21.478351 0.000001 0.000000 -0.000001 9.104514 -0.042995 -1.865108 0.244378 4.333218 -32.106370 0.880801 3.091304 -31.802539 0.978993 3.244073 -33.579546 -0.000003 0.000000 -0.000001 8.077804 -0.486901 -3.806307 0.557548 4.785952 -28.297472 0.460897 2.279635 -22.858487 0.526838 2.430072 -24.463654 -0.000001 -0.000003 0.000000 -8.207801 -6.751716 -1.599519 -16.127284 -7.565109 3.227803 26.370100 2.238429 0.317214 -14.749332 0.586886 -4.965500 -8.080943 0.000010 0.000010 0.000001 0.000000 0.000000 8.207799 -6.751707 -1.599520 -34.281672 -0.963971 2.942293 55.851789 -3.279518 0.048550 -2.900302 0.145710 -4.018894 -7.573397 0.000031 -0.000004 -0.000001 0.000001 -0.000001 
-180.540848 100.572144 0.894567 11.577512 -65.786340 10.004001 0.000008 10.181551 0.131543 5.891045 7.379646 -0.294875 4.207033 4.750665 -0.407742 4.180449 4.776967 -0.387796 0.000001 16.740366 -2.049029 4.751500 5.601002 1.899789 -0.000027 9.617838 1.684980 -4.997784 35.156121 -7.368572 -0.000002 22.037369 7.501077 -0.000001 -0.000000 0.000001 -4.569994 11.014879 -2.160856 -2.707389 6.648525 9.770654 0.059549 31.373132 55.948996 0.000002 12.602169 0.000016 5.346803 -4.578970 -20.860115 -2.464806 -1.573949 2.681907 -0.184855 0.811014 0.379089 14.555157 -10.338189 -17.751404 -2.646266 -1.527810 1.527819 3.082443 6.845677 -24.355264 -1.994586 -1.151582 1.151594 0.000002 -0.000003 0.000001 -9.108315 -0.517872 2.259801 -1.953985 1.211413 24.349884 0.102774 -0.974068 12.047025 0.106950 -0.993362 12.289313 -0.000001 -0.000000 0.000001 -9.532526 0.000024 -0.000003 -0.068666 -3.360483 30.624540 0.243089 -1.486467 18.575051 0.087635 -0.900177 11.120835 -0.000001 0.000000 0.000001 -9.103592 -0.043077 -1.865102 2.118676 -6.841610 32.929189 0.379628 -1.843450 23.271892 0.273419 -1.573775 19.710425 -0.000000 -0.000000 0.000003 -8.076701 -0.486710 -3.806299 0.991103 -5.107808 35.939882 0.407274 -1.906395 24.116689 0.180034 -1.283656 15.966120 -0.000001 -0.000001 -0.000001 4.570409 11.014674 -2.160819 1.287955 2.046100 -7.556872 -1.901029 -19.818070 -67.839624 -0.000011 -29.221434 -0.000003 5.898197 -13.966571 6.155450 2.466100 -1.576220 2.681682 34.633123 -11.154949 20.382239 10.317226 22.375524 -4.922742 2.647883 -1.528764 1.528759 -16.283839 5.393256 11.804527 1.998913 -1.154078 1.154080 -0.000003 -0.000003 0.000001 9.109294 -0.518012 2.259891 -2.909576 -5.343379 -19.893648 0.730460 2.834864 -28.894699 0.303374 1.862604 -18.501762 -0.000001 -0.000001 -0.000003 9.533396 0.000008 -0.000010 -0.724664 3.070716 -34.949856 0.579096 2.541651 -25.668138 0.407568 2.148889 -21.478351 0.000001 0.000000 -0.000001 9.104514 -0.042995 -1.865108 0.244378 4.333218 -32.106370 0.880801 3.091304 -31.802539 0.978993 3.244073 -33.579546 -0.000003 0.000000 -0.000001 8.077804 -0.486901 -3.806307 0.557548 4.785952 -28.297472 0.460897 2.279635 -22.858487 0.526838 2.430072 -24.463654 -0.000001 -0.000003 0.000000 -8.207801 -6.751716 -1.599519 -16.127284 -7.565109 3.227803 26.370100 2.238429 0.317214 -14.749332 0.586886 -4.965500 -8.080943 0.000010 0.000010 0.000001 0.000000 0.000000 8.207799 -6.751707 -1.599520 -34.281672 -0.963971 2.942293 55.851789 -3.279518 0.048550 -2.900302 0.145710 -4.018894 -7.573397 0.000031 -0.000004 -0.000001 0.000001 -0.000001 
-180.540848 100.572144 0.894567 11.577512 -65.786340 10.004001 0.000008 10.181551 0.131543 5.891045 7.379646 -0.294875 4.207033 4.750665 -0.407742 4.180449 4.776967 -0.387796 0.000001 16.740366 -2.049029 4.751500 5.601002 1.899789 -0.000027 9.617838 1.684980 -4.997784 35.156121 -7.368572 -0.000002 22.037369 7.501077 -0.000001 -0.000000 0.000001 -4.569994 11.014879 -2.160856 -2.707389 6.648525 9.770654 0.059549 31.373132 55.948996 0.000002 12.602169 0.000016 5.346803 -4.578970 -20.860115 -2.464806 -1.573949 2.681907 -0.184855 0.811014 0.379089 14.555157 -10.338189 -17.751404 -2.646266 -1.527810 1.527819 3.082443 6.845677 -24.355264 -1.994586 -1.151582 1.151594 0.000002 -0.000003 0.000001 -9.108315 -0.517872 2.259801 -1.953985 1.211413 24.349884 0.102774 -0.974068 12.047025 0.106950 -0.993362 12.289313 -0.000001 -0.000000 0.000001 -9.532526 0.000024 -0.000003 -0.068666 -3.360483 30.624540 0.243089 -1.486467 18.575051 0.087635 -0.900177 11.120835 -0.000001 0.000000 0.000001 -9.103592 -0.043077 -1.865102 2.118676 -6.841610 32.929189 0.379628 -1.843450 23.271892 0.273419 -1.573775 19.710425 -0.000000 -0.000000 0.000003 -8.076701 -0.486710 -3.806299 0.991103 -5.107808 35.939882 0.407274 -1.906395 24.116689 0.180034 -1.283656 15.966120 -0.000001 -0.000001 -0.000001 4.570409 11.014674 -2.160819 1.287955 2.046100 -7.556872 -1.901029 -19.818070 -67.839624 -0.000011 -29.221434 -0.000003 5.898197 -13.966571 6.155450 2.466100 -1.576220 2.681682 34.633123 -11.154949 20.382239 10.317226 22.375524 -4.922742 2.647883 -1.528764 1.528759 -16.283839 5.393256 11.804527 1.998913 -1.154078 1.154080 -0.000003 -0.000003 0.000001 9.109294 -0.518012 2.259891 -2.909576 -5.343379 -19.893648 0.730460 2.834864 -28.894699 0.303374 1.862604 -18.501762 -0.000001 -0.000001 -0.000003 9.533396 0.000008 -0.000010 -0.724664 3.070716 -34.949856 0.579096 2.541651 -25.668138 0.407568 2.148889 -21.478351 0.000001 0.000000 -0.000001 9.104514 -0.042995 -1.865108 0.244378 4.333218 -32.106370 0.880801 3.091304 -31.802539 0.978993 3.244073 -33.579546 -0.000003 0.000000 -0.000001 8.077804 -0.486901 -3.806307 0.557548 4.785952 -28.297472 0.460897 2.279635 -22.858487 0.526838 2.430072 -24.463654 -0.000001 -0.000003 0.000000 -8.207801 -6.751716 -1.599519 -16.127284 -7.565109 3.227803 26.370100 2.238429 0.317214 -14.749332 0.586886 -4.965500 -8.080943 0.000010 0.000010 0.000001 0.000000 0.000000 8.207799 -6.751707 -1.599520 -34.281672 -0.963971 2.942293 55.851789 -3.279518 0.048550 -2.900302 0.145710 -4.018894 -7.573397 0.000031 -0.000004 -0.000001 0.000001 -0.000001 
-180.540848 100.572144 0.894567 11.577512 -65.786340 10.004001 0.000008 10.181551 0.131543 5.891045 7.379646 -0.294875 4.207033 4.750665 -0.407742 4.180449 4.776967 -0.387796 0.000001 16.740366 -2.049029 4.751500 5.601002 1.899789 -0.000027 9.617838 1.684980 -4.997784 35.156121 -7.368572 -0.000002 22.037369 7.501077 -0.000001 -0.000000 0.000001 -4.569994 11.014879 -2.160856 -2.707389 6.648525 9.770654 0.059549 31.373132 55.948996 0.000002 12.602169 0.000016 5.346803 -4.578970 -20.860115 -2.464806 -1.573949 2.681907 -0.184855 0.811014 0.379089 14.555157 -10.338189 -17.751404 -2.646266 -1.527810 1.527819 3.082443 6.845677 -24.355264 -1.994586 -1.151582 1.151594 0.000002 -0.000003 0.000001 -9.108315 -0.517872 2.259801 -1.953985 1.211413 24.349884 0.102774 -0.974068 12.047025 0.106950 -0.993362 12.289313 -0.000001 -0.000000 0.000001 -9.532526 0.000024 -0.000003 -0.068666 -3.360483 30.624540 0.243089 -1.486467 18.575051 0.087635 -0.900177 11.120835 -0.000001 0.000000 0.000001 -9.103592 -0.043077 -1.865102 2.118676 -6.841610 32.929189 0.379628 -1.843450 23.271892 0.273419 -1.573775 19.710425 -0.000000 -0.000000 0.000003 -8.076701 -0.486710 -3.806299 0.991103 -5.107808 35.939882 0.407274 -1.906395 24.116689 0.180034 -1.283656 15.966120 -0.000001 -0.000001 -0.000001 4.570409 11.014674 -2.160819 1.287955 2.046100 -7.556872 -1.901029 -19.818070 -67.839624 -0.000011 -29.221434 -0.000003 5.898197 -13.966571 6.155450 2.466100 -1.576220 2.681682 34.633123 -11.154949 20.382239 10.317226 22.375524 -4.922742 2.647883 -1.528764 1.528759 -16.283839 5.393256 11.804527 1.998913 -1.154078 1.154080 -0.000003 -0.000003 0.000001 9.109294 -0.518012 2.259891 -2.909576 -5.343379 -19.893648 0.730460 2.834864 -28.894699 0.303374 1.862604 -18.501762 -0.000001 -0.000001 -0.000003 9.533396 0.000008 -0.000010 -0.724664 3.070716 -34.949856 0.579096 2.541651 -25.668138 0.407568 2.148889 -21.478351 0.000001 0.000000 -0.000001 9.104514 -0.042995 -1.865108 0.244378 4.333218 -32.106370 0.880801 3.091304 -31.802539 0.978993 3.244073 -33.579546 -0.000003 0.000000 -0.000001 8.077804 -0.486901 -3.806307 0.557548 4.785952 -28.297472 0.460897 2.279635 -22.858487 0.526838 2.430072 -24.463654 -0.000001 -0.000003 0.000000 -8.207801 -6.751716 -1.599519 -16.127284 -7.565109 3.227803 26.370100 2.238429 0.317214 -14.749332 0.586886 -4.965500 -8.080943 0.000010 0.000010 0.000001 0.000000 0.000000 8.207799 -6.751707 -1.599520 -34.281672 -0.963971 2.942293 55.851789 -3.279518 0.048550 -2.900302 0.145710 -4.018894 -7.573397 0.000031 -0.000004 -0.000001 0.000001 -0.000001 
-180.540848 100.572144 0.894567 11.577512 -65.786340 10.004001 0.000008 10.181551 0.131543 5.891045 7.379646 -0.294875 4.207033 4.750665 -0.407742 4.180449 4.776967 -0.387796 0.000001 16.740366 -2.049029 4.751500 5.601002 1.899789 -0.000027 9.617838 1.684980 -4.997784 35.156121 -7.368572 -0.000002 22.037369 7.501077 -0.000001 -0.000000 0.000001 -4.569994 11.014879 -2.160856 -2.707389 6.648525 9.770654 0.059549 31.373132 55.948996 0.000002 12.602169 0.000016 5.346803 -4.578970 -20.860115 -2.464806 -1.573949 2.681907 -0.184855 0.811014 0.379089 14.555157 -10.338189 -17.751404 -2.646266 -1.527810 1.527819 3.082443 6.845677 -24.355264 -1.994586 -1.151582 1.151594 0.000002 -0.000003 0.000001 -9.108315 -0.517872 2.259801 -1.953985 1.211413 24.349884 0.102774 -0.974068 12.047025 0.106950 -0.993362 12.289313 -0.000001 -0.000000 0.000001 -9.532526 0.000024 -0.000003 -0.068666 -3.360483 30.624540 0.243089 -1.486467 18.575051 0.087635 -0.900177 11.120835 -0.000001 0.000000 0.000001 -9.103592 -0.043077 -1.865102 2.118676 -6.841610 32.929189 0.379628 -1.843450 23.271892 0.273419 -1.573775 19.710425 -0.000000 -0.000000 0.000003 -8.076701 -0.486710 -3.806299 0.991103 -5.107808 35.939882 0.407274 -1.906395 24.116689 0.180034 -1.283656 15.966120 -0.000001 -0.000001 -0.000001 4.570409 11.014674 -2.160819 1.287955 2.046100 -7.556872 -1.901029 -19.818070 -67.839624 -0.000011 -29.221434 -0.000003 5.898197 -13.966571 6.155450 2.466100 -1.576220 2.681682 34.633123 -11.154949 20.382239 10.317226 22.375524 -4.922742 2.647883 -1.528764 1.528759 -16.283839 5.393256 11.804527 1.998913 -1.154078 1.154080 -0.000003 -0.000003 0.000001 9.109294 -0.518012 2.259891 -2.909576 -5.343379 -19.893648 0.730460 2.834864 -28.894699 0.303374 1.862604 -18.501762 -0.000001 -0.000001 -0.000003 9.533396 0.000008 -0.000010 -0.724664 3.070716 -34.949856 0.579096 2.541651 -25.668138 0.407568 2.148889 -21.478351 0.000001 0.000000 -0.000001 9.104514 -0.042995 -1.865108 0.244378 4.333218 -32.106370 0.880801 3.091304 -31.802539 0.978993 3.244073 -33.579546 -0.000003 0.000000 -0.000001 8.077804 -0.486901 -3.806307 0.557548 4.785952 -28.297472 0.460897 2.279635 -22.858487 0.526838 2.430072 -24.463654 -0.000001 -0.000003 0.000000 -8.207801 -6.751716 -1.599519 -16.127284 -7.565109 3.227803 26.370100 2.238429 0.317214 -14.749332 0.586886 -4.965500 -8.080943 0.000010 0.000010 0.000001 0.000000 0.000000 8.207799 -6.751707 -1.599520 -34.281672 -0.963971 2.942293 55.851789 -3.279518 0.048550 -2.900302 0.145710 -4.018894 -7.573397 0.000031 -0.000004 -0.000001 0.000001 -0.000001 
-180.540848 100.572144 0.894567 11.577512 -65.786340 10.004001 0.000008 10.181551 0.131543 5.891045 7.379646 -0.294875 4.207033 4.750665 -0.407742 4.180449 4.776967 -0.387796 0.000001 16.740366 -2.049029 4.751500 5.601002 1.899789 -0.000027 9.617838 1.684980 -4.997784 35.156121 -7.368572 -0.000002 22.037369 7.501077 -0.000001 -0.000000 0.000001 -4.569994 11.014879 -2.160856 -2.707389 6.648525 9.770654 0.059549 31.373132 55.948996 0.000002 12.602169 0.000016 5.346803 -4.578970 -20.860115 -2.464806 -1.573949 2.681907 -0.184855 0.811014 0.379089 14.555157 -10.338189 -17.751404 -2.646266 -1.527810 1.527819 3.082443 6.845677 -24.355264 -1.994586 -1.151582 1.151594 0.000002 -0.000003 0.000001 -9.108315 -0.517872 2.259801 -1.953985 1.211413 24.349884 0.102774 -0.974068 12.047025 0.106950 -0.993362 12.289313 -0.000001 -0.000000 0.000001 -9.532526 0.000024 -0.000003 -0.068666 -3.360483 30.624540 0.243089 -1.486467 18.575051 0.087635 -0.900177 11.120835 -0.000001 0.000000 0.000001 -9.103592 -0.043077 -1.865102 2.118676 -6.841610 32.929189 0.379628 -1.843450 23.271892 0.273419 -1.573775 19.710425 -0.000000 -0.000000 0.000003 -8.076701 -0.486710 -3.806299 0.991103 -5.107808 35.939882 0.407274 -1.906395 24.116689 0.180034 -1.283656 15.966120 -0.000001 -0.000001 -0.000001 4.570409 11.014674 -2.160819 1.287955 2.046100 -7.556872 -1.901029 -19.818070 -67.839624 -0.000011 -29.221434 -0.000003 5.898197 -13.966571 6.155450 2.466100 -1.576220 2.681682 34.633123 -11.154949 20.382239 10.317226 22.375524 -4.922742 2.647883 -1.528764 1.528759 -16.283839 5.393256 11.804527 1.998913 -1.154078 1.154080 -0.000003 -0.000003 0.000001 9.109294 -0.518012 2.259891 -2.909576 -5.343379 -19.893648 0.730460 2.834864 -28.894699 0.303374 1.862604 -18.501762 -0.000001 -0.000001 -0.000003 9.533396 0.000008 -0.000010 -0.724664 3.070716 -34.949856 0.579096 2.541651 -25.668138 0.407568 2.148889 -21.478351 0.000001 0.000000 -0.000001 9.104514 -0.042995 -1.865108 0.244378 4.333218 -32.106370 0.880801 3.091304 -31.802539 0.978993 3.244073 -33.579546 -0.000003 0.000000 -0.000001 8.077804 -0.486901 -3.806307 0.557548 4.785952 -28.297472 0.460897 2.279635 -22.858487 0.526838 2.430072 -24.463654 -0.000001 -0.000003 0.000000 -8.207801 -6.751716 -1.599519 -16.127284 -7.565109 3.227803 26.370100 2.238429 0.317214 -14.749332 0.586886 -4.965500 -8.080943 0.000010 0.000010 0.000001 0.000000 0.000000 8.207799 -6.751707 -1.599520 -34.281672 -0.963971 2.942293 55.851789 -3.279518 0.048550 -2.900302 0.145710 -4.018894 -7.573397 0.000031 -0.000004 -0.000001 0.000001 -0.000001 
-180.540848 100.572144 0.894567 11.577512 -65.786340 10.004001 0.000008 10.181551 0.131543 5.891045 7.379646 -0.294875 4.207033 4.750665 -0.407742 4.180449 4.776967 -0.387796 0.000001 16.740366 -2.049029 4.751500 5.601002 1.899789 -0.000027 9.617838 1.684980 -4.997784 35.156121 -7.368572 -0.000002 22.037369 7.501077 -0.000001 -0.000000 0.000001 -4.569994 11.014879 -2.160856 -2.707389 6.648525 9.770654 0.059549 31.373132 55.948996 0.000002 12.602169 0.000016 5.346803 -4.578970 -20.860115 -2.464806 -1.573949 2.681907 -0.184855 0.811014 0.379089 14.555157 -10.338189 -17.751404 -2.646266 -1.527810 1.527819 3.082443 6.845677 -24.355264 -1.994586 -1.151582 1.151594 0.000002 -0.000003 0.000001 -9.108315 -0.517872 2.259801 -1.953985 1.211413 24.349884 0.102774 -0.974068 12.047025 0.106950 -0.993362 12.289313 -0.000001 -0.000000 0.000001 -9.532526 0.000024 -0.000003 -0.068666 -3.360483 30.624540 0.243089 -1.486467 18.575051 0.087635 -0.900177 11.120835 -0.000001 0.000000 0.000001 -9.103592 -0.043077 -1.865102 2.118676 -6.841610 32.929189 0.379628 -1.843450 23.271892 0.273419 -1.573775 19.710425 -0.000000 -0.000000 0.000003 -8.076701 -0.486710 -3.806299 0.991103 -5.107808 35.939882 0.407274 -1.906395 24.116689 0.180034 -1.283656 15.966120 -0.000001 -0.000001 -0.000001 4.570409 11.014674 -2.160819 1.287955 2.046100 -7.556872 -1.901029 -19.818070 -67.839624 -0.000011 -29.221434 -0.000003 5.898197 -13.966571 6.155450 2.466100 -1.576220 2.681682 34.633123 -11.154949 20.382239 10.317226 22.375524 -4.922742 2.647883 -1.528764 1.528759 -16.283839 5.393256 11.804527 1.998913 -1.154078 1.154080 -0.000003 -0.000003 0.000001 9.109294 -0.518012 2.259891 -2.909576 -5.343379 -19.893648 0.730460 2.834864 -28.894699 0.303374 1.862604 -18.501762 -0.000001 -0.000001 -0.000003 9.533396 0.000008 -0.000010 -0.724664 3.070716 -34.949856 0.579096 2.541651 -25.668138 0.407568 2.148889 -21.478351 0.000001 0.000000 -0.000001 9.104514 -0.042995 -1.865108 0.244378 4.333218 -32.106370 0.880801 3.091304 -31.802539 0.978993 3.244073 -33.579546 -0.000003 0.000000 -0.000001 8.077804 -0.486901 -3.806307 0.557548 4.785952 -28.297472 0.460897 2.279635 -22.858487 0.526838 2.430072 -24.463654 -0.000001 -0.000003 0.000000 -8.207801 -6.751716 -1.599519 -16.127284 -7.565109 3.227803 26.370100 2.238429 0.317214 -14.749332 0.586886 -4.965500 -8.080943 0.000010 0.000010 0.000001 0.000000 0.000000 8.207799 -6.751707 -1.599520 -34.281672 -0.963971 2.942293 55.851789 -3.279518 0.048550 -2.900302 0.145710 -4.018894 -7.573397 0.000031 -0.000004 -0.000001 0.000001 -0.000001 
-180.540848 100.572144 0.894567 11.577512 -65.786340 10.004001 0.000008 10.181551 0.131543 5.891045 7.379646 -0.294875 4.207033 4.750665 -0.407742 4.180449 4.776967 -0.387796 0.000001 16.740366 -2.049029 4.751500 5.601002 1.899789 -0.000027 9.617838 1.684980 -4.997784 35.156121 -7.368572 -0.000002 22.037369 7.501077 -0.000001 -0.000000 0.000001 -4.569994 11.014879 -2.160856 -2.707389 6.648525 9.770654 0.059549 31.373132 55.948996 0.000002 12.602169 0.000016 5.346803 -4.578970 -20.860115 -2.464806 -1.573949 2.681907 -0.184855 0.811014 0.379089 14.555157 -10.338189 -17.751404 -2.646266 -1.527810 1.527819 3.082443 6.845677 -24.355264 -1.994586 -1.151582 1.151594 0.000002 -0.000003 0.000001 -9.108315 -0.517872 2.259801 -1.953985 1.211413 24.349884 0.102774 -0.974068 12.047025 0.106950 -0.993362 12.289313 -0.000001 -0.000000 0.000001 -9.532526 0.000024 -0.000003 -0.068666 -3.360483 30.624540 0.243089 -1.486467 18.575051 0.087635 -0.900177 11.120835 -0.000001 0.000000 0.000001 -9.103592 -0.043077 -1.865102 2.118676 -6.841610 32.929189 0.379628 -1.843450 23.271892 0.273419 -1.573775 19.710425 -0.000000 -0.000000 0.000003 -8.076701 -0.486710 -3.806299 0.991103 -5.107808 35.939882 0.407274 -1.906395 24.116689 0.180034 -1.283656 15.966120 -0.000001 -0.000001 -0.000001 4.570409 11.014674 -2.160819 1.287955 2.046100 -7.556872 -1.901029 -19.818070 -67.839624 -0.000011 -29.221434 -0.000003 5.898197 -13.966571 6.155450 2.466100 -1.576220 2.681682 34.633123 -11.154949 20.382239 10.317226 22.375524 -4.922742 2.647883 -1.528764 1.528759 -16.283839 5.393256 11.804527 1.998913 -1.154078 1.154080 -0.000003 -0.000003 0.000001 9.109294 -0.518012 2.259891 -2.909576 -5.343379 -19.893648 0.730460 2.834864 -28.894699 0.303374 1.862604 -18.501762 -0.000001 -0.000001 -0.000003 9.533396 0.000008 -0.000010 -0.724664 3.070716 -34.949856 0.579096 2.541651 -25.668138 0.407568 2.148889 -21.478351 0.000001 0.000000 -0.000001 9.104514 -0.042995 -1.865108 0.244378 4.333218 -32.106370 0.880801 3.091304 -31.802539 0.978993 3.244073 -33.579546 -0.000003 0.000000 -0.000001 8.077804 -0.486901 -3.806307 0.557548 4.785952 -28.297472 0.460897 2.279635 -22.858487 0.526838 2.430072 -24.463654 -0.000001 -0.000003 0.000000 -8.207801 -6.751716 -1.599519 -16.127284 -7.565109 3.227803 26.370100 2.238429 0.317214 -14.749332 0.586886 -4.965500 -8.080943 0.000010 0.000010 0.000001 0.000000 0.000000 8.207799 -6.751707 -1.599520 -34.281672 -0.963971 2.942293 55.851789 -3.279518 0.048550 -2.900302 0.145710 -4.018894 -7.573397 0.000031 -0.000004 -0.000001 0.000001 -0.000001 
-180.540848 100.572144 0.894567 11.577512 -65.786340 10.004001 0.000008 10.181551 0.131543 5.891045 7.379646 -0.294875 4.207033 4.750665 -0.407742 4.180449 4.776967 -0.387796 0.000001 16.740366 -2.049029 4.751500 5.601002 1.899789 -0.000027 9.617838 1.684980 -4.997784 35.156121 -7.368572 -0.000002 22.037369 7.501077 -0.000001 -0.000000 0.000001 -4.569994 11.014879 -2.160856 -2.707389 6.648525 9.770654 0.059549 31.373132 55.948996 0.000002 12.602169 0.000016 5.346803 -4.578970 -20.860115 -2.464806 -1.573949 2.681907 -0.184855 0.811014 0.379089 14.555157 -10.338189 -17.751404 -2.646266 -1.527810 1.527819 3.082443 6.845677 -24.355264 -1.994586 -1.151582 1.151594 0.000002 -0.000003 0.000001 -9.108315 -0.517872 2.259801 -1.953985 1.211413 24.349884 0.102774 -0.974068 12.047025 0.106950 -0.993362 12.289313 -0.000001 -0.000000 0.000001 -9.532526 0.000024 -0.000003 -0.068666 -3.360483 30.624540 0.243089 -1.486467 18.575051 0.087635 -0.900177 11.120835 -0.000001 0.000000 0.000001 -9.103592 -0.043077 -1.865102 2.118676 -6.841610 32.929189 0.379628 -1.843450 23.271892 0.273419 -1.573775 19.710425 -0.000000 -0.000000 0.000003 -8.076701 -0.486710 -3.806299 0.991103 -5.107808 35.939882 0.407274 -1.906395 24.116689 0.180034 -1.283656 15.966120 -0.000001 -0.000001 -0.000001 4.570409 11.014674 -2.160819 1.287955 2.046100 -7.556872 -1.901029 -19.818070 -67.839624 -0.000011 -29.221434 -0.000003 5.898197 -13.966571 6.155450 2.466100 -1.576220 2.681682 34.633123 -11.154949 20.382239 10.317226 22.375524 -4.922742 2.647883 -1.528764 1.528759 -16.283839 5.393256 11.804527 1.998913 -1.154078 1.154080 -0.000003 -0.000003 0.000001 9.109294 -0.518012 2.259891 -2.909576 -5.343379 -19.893648 0.730460 2.834864 -28.894699 0.303374 1.862604 -18.501762 -0.000001 -0.000001 -0.000003 9.533396 0.000008 -0.000010 -0.724664 3.070716 -34.949856 0.579096 2.541651 -25.668138 0.407568 2.148889 -21.478351 0.000001 0.000000 -0.000001 9.104514 -0.042995 -1.865108 0.244378 4.333218 -32.106370 0.880801 3.091304 -31.802539 0.978993 3.244073 -33.579546 -0.000003 0.000000 -0.000001 8.077804 -0.486901 -3.806307 0.557548 4.785952 -28.297472 0.460897 2.279635 -22.858487 0.526838 2.430072 -24.463654 -0.000001 -0.000003 0.000000 -8.207801 -6.751716 -1.599519 -16.127284 -7.565109 3.227803 26.370100 2.238429 0.317214 -14.749332 0.586886 -4.965500 -8.080943 0.000010 0.000010 0.000001 0.000000 0.000000 8.207799 -6.751707 -1.599520 -34.281672 -0.963971 2.942293 55.851789 -3.279518 0.048550 -2.900302 0.145710 -4.018894 -7.573397 0.000031 -0.000004 -0.000001 0.000001 -0.000001 
-180.540848 100.572144 0.894567 11.577512 -65.786340 10.004001 0.000008 10.181551 0.131543 5.891045 7.379646 -0.294875 4.207033 4.750665 -0.407742 4.180449 4.776967 -0.387796 0.000001 16.740366 -2.049029 4.751500 5.601002 1.899789 -0.000027 9.617838 1.684980 -4.997784 35.156121 -7.368572 -0.000002 22.037369 7.501077 -0.000001 -0.000000 0.000001 -4.569994 11.014879 -2.160856 -2.707389 6.648525 9.770654 0.059549 31.373132 55.948996 0.000002 12.602169 0.000016 5.346803 -4.578970 -20.860115 -2.464806 -1.573949 2.681907 -0.184855 0.811014 0.379089 14.555157 -10.338189 -17.751404 -2.646266 -1.527810 1.527819 3.082443 6.845677 -24.355264 -1.994586 -1.151582 1.151594 0.000002 -0.000003 0.000001 -9.108315 -0.517872 2.259801 -1.953985 1.211413 24.349884 0.102774 -0.974068 12.047025 0.106950 -0.993362 12.289313 -0.000001 -0.000000 0.000001 -9.532526 0.000024 -0.000003 -0.068666 -3.360483 30.624540 0.243089 -1.486467 18.575051 0.087635 -0.900177 11.120835 -0.000001 0.000000 0.000001 -9.103592 -0.043077 -1.865102 2.118676 -6.841610 32.929189 0.379628 -1.843450 23.271892 0.273419 -1.573775 19.710425 -0.000000 -0.000000 0.000003 -8.076701 -0.486710 -3.806299 0.991103 -5.107808 35.939882 0.407274 -1.906395 24.116689 0.180034 -1.283656 15.966120 -0.000001 -0.000001 -0.000001 4.570409 11.014674 -2.160819 1.287955 2.046100 -7.556872 -1.901029 -19.818070 -67.839624 -0.000011 -29.221434 -0.000003 5.898197 -13.966571 6.155450 2.466100 -1.576220 2.681682 34.633123 -11.154949 20.382239 10.317226 22.375524 -4.922742 2.647883 -1.528764 1.528759 -16.283839 5.393256 11.804527 1.998913 -1.154078 1.154080 -0.000003 -0.000003 0.000001 9.109294 -0.518012 2.259891 -2.909576 -5.343379 -19.893648 0.730460 2.834864 -28.894699 0.303374 1.862604 -18.501762 -0.000001 -0.000001 -0.000003 9.533396 0.000008 -0.000010 -0.724664 3.070716 -34.949856 0.579096 2.541651 -25.668138 0.407568 2.148889 -21.478351 0.000001 0.000000 -0.000001 9.104514 -0.042995 -1.865108 0.244378 4.333218 -32.106370 0.880801 3.091304 -31.802539 0.978993 3.244073 -33.579546 -0.000003 0.000000 -0.000001 8.077804 -0.486901 -3.806307 0.557548 4.785952 -28.297472 0.460897 2.279635 -22.858487 0.526838 2.430072 -24.463654 -0.000001 -0.000003 0.000000 -8.207801 -6.751716 -1.599519 -16.127284 -7.565109 3.227803 26.370100 2.238429 0.317214 -14.749332 0.586886 -4.965500 -8.080943 0.000010 0.000010 0.000001 0.000000 0.000000 8.207799 -6.751707 -1.599520 -34.281672 -0.963971 2.942293 55.851789 -3.279518 0.048550 -2.900302 0.145710 -4.018894 -7.573397 0.000031 -0.000004 -0.000001 0.000001 -0.000001 
-180.540848 100.572144 0.894567 11.577512 -65.786340 10.004001 0.000008 10.181551 0.131543 5.891045 7.379646 -0.294875 4.207033 4.750665 -0.407742 4.180449 4.776967 -0.387796 0.000001 16.740366 -2.049029 4.751500 5.601002 1.899789 -0.000027 9.617838 1.684980 -4.997784 35.156121 -7.368572 -0.000002 22.037369 7.501077 -0.000001 -0.000000 0.000001 -4.569994 11.014879 -2.160856 -2.707389 6.648525 9.770654 0.059549 31.373132 55.948996 0.000002 12.602169 0.000016 5.346803 -4.578970 -20.860115 -2.464806 -1.573949 2.681907 -0.184855 0.811014 0.379089 14.555157 -10.338189 -17.751404 -2.646266 -1.527810 1.527819 3.082443 6.845677 -24.355264 -1.994586 -1.151582 1.151594 0.000002 -0.000003 0.000001 -9.108315 -0.517872 2.259801 -1.953985 1.211413 24.349884 0.102774 -0.974068 12.047025 0.106950 -0.993362 12.289313 -0.000001 -0.000000 0.000001 -9.532526 0.000024 -0.000003 -0.068666 -3.360483 30.624540 0.243089 -1.486467 18.575051 0.087635 -0.900177 11.120835 -0.000001 0.000000 0.000001 -9.103592 -0.043077 -1.865102 2.118676 -6.841610 32.929189 0.379628 -1.843450 23.271892 0.273419 -1.573775 19.710425 -0.000000 -0.000000 0.000003 -8.076701 -0.486710 -3.806299 0.991103 -5.107808 35.939882 0.407274 -1.906395 24.116689 0.180034 -1.283656 15.966120 -0.000001 -0.000001 -0.000001 4.570409 11.014674 -2.160819 1.287955 2.046100 -7.556872 -1.901029 -19.818070 -67.839624 -0.000011 -29.221434 -0.000003 5.898197 -13.966571 6.155450 2.466100 -1.576220 2.681682 34.633123 -11.154949 20.382239 10.317226 22.375524 -4.922742 2.647883 -1.528764 1.528759 -16.283839 5.393256 11.804527 1.998913 -1.154078 1.154080 -0.000003 -0.000003 0.000001 9.109294 -0.518012 2.259891 -2.909576 -5.343379 -19.893648 0.730460 2.834864 -28.894699 0.303374 1.862604 -18.501762 -0.000001 -0.000001 -0.000003 9.533396 0.000008 -0.000010 -0.724664 3.070716 -34.949856 0.579096 2.541651 -25.668138 0.407568 2.148889 -21.478351 0.000001 0.000000 -0.000001 9.104514 -0.042995 -1.865108 0.244378 4.333218 -32.106370 0.880801 3.091304 -31.802539 0.978993 3.244073 -33.579546 -0.000003 0.000000 -0.000001 8.077804 -0.486901 -3.806307 0.557548 4.785952 -28.297472 0.460897 2.279635 -22.858487 0.526838 2.430072 -24.463654 -0.000001 -0.000003 0.000000 -8.207801 -6.751716 -1.599519 -16.127284 -7.565109 3.227803 26.370100 2.238429 0.317214 -14.749332 0.586886 -4.965500 -8.080943 0.000010 0.000010 0.000001 0.000000 0.000000 8.207799 -6.751707 -1.599520 -34.281672 -0.963971 2.942293 55.851789 -3.279518 0.048550 -2.900302 0.145710 -4.018894 -7.573397 0.000031 -0.000004 -0.000001 0.000001 -0.000001 
-180.540848 100.572144 0.894567 11.577512 -65.786340 10.004001 0.000008 10.181551 0.131543 5.891045 7.379646 -0.294875 4.207033 4.750665 -0.407742 4.180449 4.776967 -0.387796 0.000001 16.740366 -2.049029 4.751500 5.601002 1.899789 -0.000027 9.617838 1.684980 -4.997784 35.156121 -7.368572 -0.000002 22.037369 7.501077 -0.000001 -0.000000 0.000001 -4.569994 11.014879 -2.160856 -2.707389 6.648525 9.770654 0.059549 31.373132 55.948996 0.000002 12.602169 0.000016 5.346803 -4.578970 -20.860115 -2.464806 -1.573949 2.681907 -0.184855 0.811014 0.379089 14.555157 -10.338189 -17.751404 -2.646266 -1.527810 1.527819 3.082443 6.845677 -24.355264 -1.994586 -1.151582 1.151594 0.000002 -0.000003 0.000001 -9.108315 -0.517872 2.259801 -1.953985 1.211413 24.349884 0.102774 -0.974068 12.047025 0.106950 -0.993362 12.289313 -0.000001 -0.000000 0.000001 -9.532526 0.000024 -0.000003 -0.068666 -3.360483 30.624540 0.243089 -1.486467 18.575051 0.087635 -0.900177 11.120835 -0.000001 0.000000 0.000001 -9.103592 -0.043077 -1.865102 2.118676 -6.841610 32.929189 0.379628 -1.843450 23.271892 0.273419 -1.573775 19.710425 -0.000000 -0.000000 0.000003 -8.076701 -0.486710 -3.806299 0.991103 -5.107808 35.939882 0.407274 -1.906395 24.116689 0.180034 -1.283656 15.966120 -0.000001 -0.000001 -0.000001 4.570409 11.014674 -2.160819 1.287955 2.046100 -7.556872 -1.901029 -19.818070 -67.839624 -0.000011 -29.221434 -0.000003 5.898197 -13.966571 6.155450 2.466100 -1.576220 2.681682 34.633123 -11.154949 20.382239 10.317226 22.375524 -4.922742 2.647883 -1.528764 1.528759 -16.283839 5.393256 11.804527 1.998913 -1.154078 1.154080 -0.000003 -0.000003 0.000001 9.109294 -0.518012 2.259891 -2.909576 -5.343379 -19.893648 0.730460 2.834864 -28.894699 0.303374 1.862604 -18.501762 -0.000001 -0.000001 -0.000003 9.533396 0.000008 -0.000010 -0.724664 3.070716 -34.949856 0.579096 2.541651 -25.668138 0.407568 2.148889 -21.478351 0.000001 0.000000 -0.000001 9.104514 -0.042995 -1.865108 0.244378 4.333218 -32.106370 0.880801 3.091304 -31.802539 0.978993 3.244073 -33.579546 -0.000003 0.000000 -0.000001 8.077804 -0.486901 -3.806307 0.557548 4.785952 -28.297472 0.460897 2.279635 -22.858487 0.526838 2.430072 -24.463654 -0.000001 -0.000003 0.000000 -8.207801 -6.751716 -1.599519 -16.127284 -7.565109 3.227803 26.370100 2.238429 0.317214 -14.749332 0.586886 -4.965500 -8.080943 0.000010 0.000010 0.000001 0.000000 0.000000 8.207799 -6.751707 -1.599520 -34.281672 -0.963971 2.942293 55.851789 -3.279518 0.048550 -2.900302 0.145710 -4.018894 -7.573397 0.000031 -0.000004 -0.000001 0.000001 -0.000001 
-180.540848 100.572144 0.894567 11.577512 -65.786340 10.004001 0.000008 10.181551 0.131543 5.891045 7.379646 -0.294875 4.207033 4.750665 -0.407742 4.180449 4.776967 -0.387796 0.000001 16.740366 -2.049029 4.751500 5.601002 1.899789 -0.000027 9.617838 1.684980 -4.997784 35.156121 -7.368572 -0.000002 22.037369 7.501077 -0.000001 -0.000000 0.000001 -4.569994 11.014879 -2.160856 -2.707389 6.648525 9.770654 0.059549 31.373132 55.948996 0.000002 12.602169 0.000016 5.346803 -4.578970 -20.860115 -2.464806 -1.573949 2.681907 -0.184855 0.811014 0.379089 14.555157 -10.338189 -17.751404 -2.646266 -1.527810 1.527819 3.082443 6.845677 -24.355264 -1.994586 -1.151582 1.151594 0.000002 -0.000003 0.000001 -9.108315 -0.517872 2.259801 -1.953985 1.211413 24.349884 0.102774 -0.974068 12.047025 0.106950 -0.993362 12.289313 -0.000001 -0.000000 0.000001 -9.532526 0.000024 -0.000003 -0.068666 -3.360483 30.624540 0.243089 -1.486467 18.575051 0.087635 -0.900177 11.120835 -0.000001 0.000000 0.000001 -9.103592 -0.043077 -1.865102 2.118676 -6.841610 32.929189 0.379628 -1.843450 23.271892 0.273419 -1.573775 19.710425 -0.000000 -0.000000 0.000003 -8.076701 -0.486710 -3.806299 0.991103 -5.107808 35.939882 0.407274 -1.906395 24.116689 0.180034 -1.283656 15.966120 -0.000001 -0.000001 -0.000001 4.570409 11.014674 -2.160819 1.287955 2.046100 -7.556872 -1.901029 -19.818070 -67.839624 -0.000011 -29.221434 -0.000003 5.898197 -13.966571 6.155450 2.466100 -1.576220 2.681682 34.633123 -11.154949 20.382239 10.317226 22.375524 -4.922742 2.647883 -1.528764 1.528759 -16.283839 5.393256 11.804527 1.998913 -1.154078 1.154080 -0.000003 -0.000003 0.000001 9.109294 -0.518012 2.259891 -2.909576 -5.343379 -19.893648 0.730460 2.834864 -28.894699 0.303374 1.862604 -18.501762 -0.000001 -0.000001 -0.000003 9.533396 0.000008 -0.000010 -0.724664 3.070716 -34.949856 0.579096 2.541651 -25.668138 0.407568 2.148889 -21.478351 0.000001 0.000000 -0.000001 9.104514 -0.042995 -1.865108 0.244378 4.333218 -32.106370 0.880801 3.091304 -31.802539 0.978993 3.244073 -33.579546 -0.000003 0.000000 -0.000001 8.077804 -0.486901 -3.806307 0.557548 4.785952 -28.297472 0.460897 2.279635 -22.858487 0.526838 2.430072 -24.463654 -0.000001 -0.000003 0.000000 -8.207801 -6.751716 -1.599519 -16.127284 -7.565109 3.227803 26.370100 2.238429 0.317214 -14.749332 0.586886 -4.965500 -8.080943 0.000010 0.000010 0.000001 0.000000 0.000000 8.207799 -6.751707 -1.599520 -34.281672 -0.963971 2.942293 55.851789 -3.279518 0.048550 -2.900302 0.145710 -4.018894 -7.573397 0.000031 -0.000004 -0.000001 0.000001 -0.000001 
-180.540848 100.572144 0.894567 11.577512 -65.786340 10.004001 0.000008 10.181551 0.131543 5.891045 7.379646 -0.294875 4.207033 4.750665 -0.407742 4.180449 4.776967 -0.387796 0.000001 16.740366 -2.049029 4.751500 5.601002 1.899789 -0.000027 9.617838 1.684980 -4.997784 35.156121 -7.368572 -0.000002 22.037369 7.501077 -0.000001 -0.000000 0.000001 -4.569994 11.014879 -2.160856 -2.707389 6.648525 9.770654 0.059549 31.373132 55.948996 0.000002 12.602169 0.000016 5.346803 -4.578970 -20.860115 -2.464806 -1.573949 2.681907 -0.184855 0.811014 0.379089 14.555157 -10.338189 -17.751404 -2.646266 -1.527810 1.527819 3.082443 6.845677 -24.355264 -1.994586 -1.151582 1.151594 0.000002 -0.000003 0.000001 -9.108315 -0.517872 2.259801 -1.953985 1.211413 24.349884 0.102774 -0.974068 12.047025 0.106950 -0.993362 12.289313 -0.000001 -0.000000 0.000001 -9.532526 0.000024 -0.000003 -0.068666 -3.360483 30.624540 0.243089 -1.486467 18.575051 0.087635 -0.900177 11.120835 -0.000001 0.000000 0.000001 -9.103592 -0.043077 -1.865102 2.118676 -6.841610 32.929189 0.379628 -1.843450 23.271892 0.273419 -1.573775 19.710425 -0.000000 -0.000000 0.000003 -8.076701 -0.486710 -3.806299 0.991103 -5.107808 35.939882 0.407274 -1.906395 24.116689 0.180034 -1.283656 15.966120 -0.000001 -0.000001 -0.000001 4.570409 11.014674 -2.160819 1.287955 2.046100 -7.556872 -1.901029 -19.818070 -67.839624 -0.000011 -29.221434 -0.000003 5.898197 -13.966571 6.155450 2.466100 -1.576220 2.681682 34.633123 -11.154949 20.382239 10.317226 22.375524 -4.922742 2.647883 -1.528764 1.528759 -16.283839 5.393256 11.804527 1.998913 -1.154078 1.154080 -0.000003 -0.000003 0.000001 9.109294 -0.518012 2.259891 -2.909576 -5.343379 -19.893648 0.730460 2.834864 -28.894699 0.303374 1.862604 -18.501762 -0.000001 -0.000001 -0.000003 9.533396 0.000008 -0.000010 -0.724664 3.070716 -34.949856 0.579096 2.541651 -25.668138 0.407568 2.148889 -21.478351 0.000001 0.000000 -0.000001 9.104514 -0.042995 -1.865108 0.244378 4.333218 -32.106370 0.880801 3.091304 -31.802539 0.978993 3.244073 -33.579546 -0.000003 0.000000 -0.000001 8.077804 -0.486901 -3.806307 0.557548 4.785952 -28.297472 0.460897 2.279635 -22.858487 0.526838 2.430072 -24.463654 -0.000001 -0.000003 0.000000 -8.207801 -6.751716 -1.599519 -16.127284 -7.565109 3.227803 26.370100 2.238429 0.317214 -14.749332 0.586886 -4.965500 -8.080943 0.000010 0.000010 0.000001 0.000000 0.000000 8.207799 -6.751707 -1.599520 -34.281672 -0.963971 2.942293 55.851789 -3.279518 0.048550 -2.900302 0.145710 -4.018894 -7.573397 0.000031 -0.000004 -0.000001 0.000001 -0.000001 
-180.540848 100.572144 0.894567 11.577512 -65.786340 10.004001 0.000008 10.181551 0.131543 5.891045 7.379646 -0.294875 4.207033 4.750665 -0.407742 4.180449 4.776967 -0.387796 0.000001 16.740366 -2.049029 4.751500 5.601002 1.899789 -0.000027 9.617838 1.684980 -4.997784 35.156121 -7.368572 -0.000002 22.037369 7.501077 -0.000001 -0.000000 0.000001 -4.569994 11.014879 -2.160856 -2.707389 6.648525 9.770654 0.059549 31.373132 55.948996 0.000002 12.602169 0.000016 5.346803 -4.578970 -20.860115 -2.464806 -1.573949 2.681907 -0.184855 0.811014 0.379089 14.555157 -10.338189 -17.751404 -2.646266 -1.527810 1.527819 3.082443 6.845677 -24.355264 -1.994586 -1.151582 1.151594 0.000002 -0.000003 0.000001 -9.108315 -0.517872 2.259801 -1.953985 1.211413 24.349884 0.102774 -0.974068 12.047025 0.106950 -0.993362 12.289313 -0.000001 -0.000000 0.000001 -9.532526 0.000024 -0.000003 -0.068666 -3.360483 30.624540 0.243089 -1.486467 18.575051 0.087635 -0.900177 11.120835 -0.000001 0.000000 0.000001 -9.103592 -0.043077 -1.865102 2.118676 -6.841610 32.929189 0.379628 -1.843450 23.271892 0.273419 -1.573775 19.710425 -0.000000 -0.000000 0.000003 -8.076701 -0.486710 -3.806299 0.991103 -5.107808 35.939882 0.407274 -1.906395 24.116689 0.180034 -1.283656 15.966120 -0.000001 -0.000001 -0.000001 4.570409 11.014674 -2.160819 1.287955 2.046100 -7.556872 -1.901029 -19.818070 -67.839624 -0.000011 -29.221434 -0.000003 5.898197 -13.966571 6.155450 2.466100 -1.576220 2.681682 34.633123 -11.154949 20.382239 10.317226 22.375524 -4.922742 2.647883 -1.528764 1.528759 -16.283839 5.393256 11.804527 1.998913 -1.154078 1.154080 -0.000003 -0.000003 0.000001 9.109294 -0.518012 2.259891 -2.909576 -5.343379 -19.893648 0.730460 2.834864 -28.894699 0.303374 1.862604 -18.501762 -0.000001 -0.000001 -0.000003 9.533396 0.000008 -0.000010 -0.724664 3.070716 -34.949856 0.579096 2.541651 -25.668138 0.407568 2.148889 -21.478351 0.000001 0.000000 -0.000001 9.104514 -0.042995 -1.865108 0.244378 4.333218 -32.106370 0.880801 3.091304 -31.802539 0.978993 3.244073 -33.579546 -0.000003 0.000000 -0.000001 8.077804 -0.486901 -3.806307 0.557548 4.785952 -28.297472 0.460897 2.279635 -22.858487 0.526838 2.430072 -24.463654 -0.000001 -0.000003 0.000000 -8.207801 -6.751716 -1.599519 -16.127284 -7.565109 3.227803 26.370100 2.238429 0.317214 -14.749332 0.586886 -4.965500 -8.080943 0.000010 0.000010 0.000001 0.000000 0.000000 8.207799 -6.751707 -1.599520 -34.281672 -0.963971 2.942293 55.851789 -3.279518 0.048550 -2.900302 0.145710 -4.018894 -7.573397 0.000031 -0.000004 -0.000001 0.000001 -0.000001 
-180.540848 100.572144 0.894567 11.577512 -65.786340 10.004001 0.000008 10.181551 0.131543 5.891045 7.379646 -0.294875 4.207033 4.750665 -0.407742 4.180449 4.776967 -0.387796 0.000001 16.740366 -2.049029 4.751500 5.601002 1.899789 -0.000027 9.617838 1.684980 -4.997784 35.156121 -7.368572 -0.000002 22.037369 7.501077 -0.000001 -0.000000 0.000001 -4.569994 11.014879 -2.160856 -2.707389 6.648525 9.770654 0.059549 31.373132 55.948996 0.000002 12.602169 0.000016 5.346803 -4.578970 -20.860115 -2.464806 -1.573949 2.681907 -0.184855 0.811014 0.379089 14.555157 -10.338189 -17.751404 -2.646266 -1.527810 1.527819 3.082443 6.845677 -24.355264 -1.994586 -1.151582 1.151594 0.000002 -0.000003 0.000001 -9.108315 -0.517872 2.259801 -1.953985 1.211413 24.349884 0.102774 -0.974068 12.047025 0.106950 -0.993362 12.289313 -0.000001 -0.000000 0.000001 -9.532526 0.000024 -0.000003 -0.068666 -3.360483 30.624540 0.243089 -1.486467 18.575051 0.087635 -0.900177 11.120835 -0.000001 0.000000 0.000001 -9.103592 -0.043077 -1.865102 2.118676 -6.841610 32.929189 0.379628 -1.843450 23.271892 0.273419 -1.573775 19.710425 -0.000000 -0.000000 0.000003 -8.076701 -0.486710 -3.806299 0.991103 -5.107808 35.939882 0.407274 -1.906395 24.116689 0.180034 -1.283656 15.966120 -0.000001 -0.000001 -0.000001 4.570409 11.014674 -2.160819 1.287955 2.046100 -7.556872 -1.901029 -19.818070 -67.839624 -0.000011 -29.221434 -0.000003 5.898197 -13.966571 6.155450 2.466100 -1.576220 2.681682 34.633123 -11.154949 20.382239 10.317226 22.375524 -4.922742 2.647883 -1.528764 1.528759 -16.283839 5.393256 11.804527 1.998913 -1.154078 1.154080 -0.000003 -0.000003 0.000001 9.109294 -0.518012 2.259891 -2.909576 -5.343379 -19.893648 0.730460 2.834864 -28.894699 0.303374 1.862604 -18.501762 -0.000001 -0.000001 -0.000003 9.533396 0.000008 -0.000010 -0.724664 3.070716 -34.949856 0.579096 2.541651 -25.668138 0.407568 2.148889 -21.478351 0.000001 0.000000 -0.000001 9.104514 -0.042995 -1.865108 0.244378 4.333218 -32.106370 0.880801 3.091304 -31.802539 0.978993 3.244073 -33.579546 -0.000003 0.000000 -0.000001 8.077804 -0.486901 -3.806307 0.557548 4.785952 -28.297472 0.460897 2.279635 -22.858487 0.526838 2.430072 -24.463654 -0.000001 -0.000003 0.000000 -8.207801 -6.751716 -1.599519 -16.127284 -7.565109 3.227803 26.370100 2.238429 0.317214 -14.749332 0.586886 -4.965500 -8.080943 0.000010 0.000010 0.000001 0.000000 0.000000 8.207799 -6.751707 -1.599520 -34.281672 -0.963971 2.942293 55.851789 -3.279518 0.048550 -2.900302 0.145710 -4.018894 -7.573397 0.000031 -0.000004 -0.000001 0.000001 -0.000001 
-180.540848 100.572144 0.894567 11.577512 -65.786340 10.004001 0.000008 10.181551 0.131543 5.891045 7.379646 -0.294875 4.207033 4.750665 -0.407742 4.180449 4.776967 -0.387796 0.000001 16.740366 -2.049029 4.751500 5.601002 1.899789 -0.000027 9.617838 1.684980 -4.997784 35.156121 -7.368572 -0.000002 22.037369 7.501077 -0.000001 -0.000000 0.000001 -4.569994 11.014879 -2.160856 -2.707389 6.648525 9.770654 0.059549 31.373132 55.948996 0.000002 12.602169 0.000016 5.346803 -4.578970 -20.860115 -2.464806 -1.573949 2.681907 -0.184855 0.811014 0.379089 14.555157 -10.338189 -17.751404 -2.646266 -1.527810 1.527819 3.082443 6.845677 -24.355264 -1.994586 -1.151582 1.151594 0.000002 -0.000003 0.000001 -9.108315 -0.517872 2.259801 -1.953985 1.211413 24.349884 0.102774 -0.974068 12.047025 0.106950 -0.993362 12.289313 -0.000001 -0.000000 0.000001 -9.532526 0.000024 -0.000003 -0.068666 -3.360483 30.624540 0.243089 -1.486467 18.575051 0.087635 -0.900177 11.120835 -0.000001 0.000000 0.000001 -9.103592 -0.043077 -1.865102 2.118676 -6.841610 32.929189 0.379628 -1.843450 23.271892 0.273419 -1.573775 19.710425 -0.000000 -0.000000 0.000003 -8.076701 -0.486710 -3.806299 0.991103 -5.107808 35.939882 0.407274 -1.906395 24.116689 0.180034 -1.283656 15.966120 -0.000001 -0.000001 -0.000001 4.570409 11.014674 -2.160819 1.287955 2.046100 -7.556872 -1.901029 -19.818070 -67.839624 -0.000011 -29.221434 -0.000003 5.898197 -13.966571 6.155450 2.466100 -1.576220 2.681682 34.633123 -11.154949 20.382239 10.317226 22.375524 -4.922742 2.647883 -1.528764 1.528759 -16.283839 5.393256 11.804527 1.998913 -1.154078 1.154080 -0.000003 -0.000003 0.000001 9.109294 -0.518012 2.259891 -2.909576 -5.343379 -19.893648 0.730460 2.834864 -28.894699 0.303374 1.862604 -18.501762 -0.000001 -0.000001 -0.000003 9.533396 0.000008 -0.000010 -0.724664 3.070716 -34.949856 0.579096 2.541651 -25.668138 0.407568 2.148889 -21.478351 0.000001 0.000000 -0.000001 9.104514 -0.042995 -1.865108 0.244378 4.333218 -32.106370 0.880801 3.091304 -31.802539 0.978993 3.244073 -33.579546 -0.000003 0.000000 -0.000001 8.077804 -0.486901 -3.806307 0.557548 4.785952 -28.297472 0.460897 2.279635 -22.858487 0.526838 2.430072 -24.463654 -0.000001 -0.000003 0.000000 -8.207801 -6.751716 -1.599519 -16.127284 -7.565109 3.227803 26.370100 2.238429 0.317214 -14.749332 0.586886 -4.965500 -8.080943 0.000010 0.000010 0.000001 0.000000 0.000000 8.207799 -6.751707 -1.599520 -34.281672 -0.963971 2.942293 55.851789 -3.279518 0.048550 -2.900302 0.145710 -4.018894 -7.573397 0.000031 -0.000004 -0.000001 0.000001 -0.000001 
-180.540848 100.572144 0.894567 11.577512 -65.786340 10.004001 0.000008 10.181551 0.131543 5.891045 7.379646 -0.294875 4.207033 4.750665 -0.407742 4.180449 4.776967 -0.387796 0.000001 16.740366 -2.049029 4.751500 5.601002 1.899789 -0.000027 9.617838 1.684980 -4.997784 35.156121 -7.368572 -0.000002 22.037369 7.501077 -0.000001 -0.000000 0.000001 -4.569994 11.014879 -2.160856 -2.707389 6.648525 9.770654 0.059549 31.373132 55.948996 0.000002 12.602169 0.000016 5.346803 -4.578970 -20.860115 -2.464806 -1.573949 2.681907 -0.184855 0.811014 0.379089 14.555157 -10.338189 -17.751404 -2.646266 -1.527810 1.527819 3.082443 6.845677 -24.355264 -1.994586 -1.151582 1.151594 0.000002 -0.000003 0.000001 -9.108315 -0.517872 2.259801 -1.953985 1.211413 24.349884 0.102774 -0.974068 12.047025 0.106950 -0.993362 12.289313 -0.000001 -0.000000 0.000001 -9.532526 0.000024 -0.000003 -0.068666 -3.360483 30.624540 0.243089 -1.486467 18.575051 0.087635 -0.900177 11.120835 -0.000001 0.000000 0.000001 -9.103592 -0.043077 -1.865102 2.118676 -6.841610 32.929189 0.379628 -1.843450 23.271892 0.273419 -1.573775 19.710425 -0.000000 -0.000000 0.000003 -8.076701 -0.486710 -3.806299 0.991103 -5.107808 35.939882 0.407274 -1.906395 24.116689 0.180034 -1.283656 15.966120 -0.000001 -0.000001 -0.000001 4.570409 11.014674 -2.160819 1.287955 2.046100 -7.556872 -1.901029 -19.818070 -67.839624 -0.000011 -29.221434 -0.000003 5.898197 -13.966571 6.155450 2.466100 -1.576220 2.681682 34.633123 -11.154949 20.382239 10.317226 22.375524 -4.922742 2.647883 -1.528764 1.528759 -16.283839 5.393256 11.804527 1.998913 -1.154078 1.154080 -0.000003 -0.000003 0.000001 9.109294 -0.518012 2.259891 -2.909576 -5.343379 -19.893648 0.730460 2.834864 -28.894699 0.303374 1.862604 -18.501762 -0.000001 -0.000001 -0.000003 9.533396 0.000008 -0.000010 -0.724664 3.070716 -34.949856 0.579096 2.541651 -25.668138 0.407568 2.148889 -21.478351 0.000001 0.000000 -0.000001 9.104514 -0.042995 -1.865108 0.244378 4.333218 -32.106370 0.880801 3.091304 -31.802539 0.978993 3.244073 -33.579546 -0.000003 0.000000 -0.000001 8.077804 -0.486901 -3.806307 0.557548 4.785952 -28.297472 0.460897 2.279635 -22.858487 0.526838 2.430072 -24.463654 -0.000001 -0.000003 0.000000 -8.207801 -6.751716 -1.599519 -16.127284 -7.565109 3.227803 26.370100 2.238429 0.317214 -14.749332 0.586886 -4.965500 -8.080943 0.000010 0.000010 0.000001 0.000000 0.000000 8.207799 -6.751707 -1.599520 -34.281672 -0.963971 2.942293 55.851789 -3.279518 0.048550 -2.900302 0.145710 -4.018894 -7.573397 0.000031 -0.000004 -0.000001 0.000001 -0.000001 
-180.540848 100.572144 0.894567 11.577512 -65.786340 10.004001 0.000008 10.181551 0.131543 5.891045 7.379646 -0.294875 4.207033 4.750665 -0.407742 4.180449 4.776967 -0.387796 0.000001 16.740366 -2.049029 4.751500 5.601002 1.899789 -0.000027 9.617838 1.684980 -4.997784 35.156121 -7.368572 -0.000002 22.037369 7.501077 -0.000001 -0.000000 0.000001 -4.569994 11.014879 -2.160856 -2.707389 6.648525 9.770654 0.059549 31.373132 55.948996 0.000002 12.602169 0.000016 5.346803 -4.578970 -20.860115 -2.464806 -1.573949 2.681907 -0.184855 0.811014 0.379089 14.555157 -10.338189 -17.751404 -2.646266 -1.527810 1.527819 3.082443 6.845677 -24.355264 -1.994586 -1.151582 1.151594 0.000002 -0.000003 0.000001 -9.108315 -0.517872 2.259801 -1.953985 1.211413 24.349884 0.102774 -0.974068 12.047025 0.106950 -0.993362 12.289313 -0.000001 -0.000000 0.000001 -9.532526 0.000024 -0.000003 -0.068666 -3.360483 30.624540 0.243089 -1.486467 18.575051 0.087635 -0.900177 11.120835 -0.000001 0.000000 0.000001 -9.103592 -0.043077 -1.865102 2.118676 -6.841610 32.929189 0.379628 -1.843450 23.271892 0.273419 -1.573775 19.710425 -0.000000 -0.000000 0.000003 -8.076701 -0.486710 -3.806299 0.991103 -5.107808 35.939882 0.407274 -1.906395 24.116689 0.180034 -1.283656 15.966120 -0.000001 -0.000001 -0.000001 4.570409 11.014674 -2.160819 1.287955 2.046100 -7.556872 -1.901029 -19.818070 -67.839624 -0.000011 -29.221434 -0.000003 5.898197 -13.966571 6.155450 2.466100 -1.576220 2.681682 34.633123 -11.154949 20.382239 10.317226 22.375524 -4.922742 2.647883 -1.528764 1.528759 -16.283839 5.393256 11.804527 1.998913 -1.154078 1.154080 -0.000003 -0.000003 0.000001 9.109294 -0.518012 2.259891 -2.909576 -5.343379 -19.893648 0.730460 2.834864 -28.894699 0.303374 1.862604 -18.501762 -0.000001 -0.000001 -0.000003 9.533396 0.000008 -0.000010 -0.724664 3.070716 -34.949856 0.579096 2.541651 -25.668138 0.407568 2.148889 -21.478351 0.000001 0.000000 -0.000001 9.104514 -0.042995 -1.865108 0.244378 4.333218 -32.106370 0.880801 3.091304 -31.802539 0.978993 3.244073 -33.579546 -0.000003 0.000000 -0.000001 8.077804 -0.486901 -3.806307 0.557548 4.785952 -28.297472 0.460897 2.279635 -22.858487 0.526838 2.430072 -24.463654 -0.000001 -0.000003 0.000000 -8.207801 -6.751716 -1.599519 -16.127284 -7.565109 3.227803 26.370100 2.238429 0.317214 -14.749332 0.586886 -4.965500 -8.080943 0.000010 0.000010 0.000001 0.000000 0.000000 8.207799 -6.751707 -1.599520 -34.281672 -0.963971 2.942293 55.851789 -3.279518 0.048550 -2.900302 0.145710 -4.018894 -7.573397 0.000031 -0.000004 -0.000001 0.000001 -0.000001 
-180.540848 100.572144 0.894567 11.577512 -65.786340 10.004001 0.000008 10.181551 0.131543 5.891045 7.379646 -0.294875 4.207033 4.750665 -0.407742 4.180449 4.776967 -0.387796 0.000001 16.740366 -2.049029 4.751500 5.601002 1.899789 -0.000027 9.617838 1.684980 -4.997784 35.156121 -7.368572 -0.000002 22.037369 7.501077 -0.000001 -0.000000 0.000001 -4.569994 11.014879 -2.160856 -2.707389 6.648525 9.770654 0.059549 31.373132 55.948996 0.000002 12.602169 0.000016 5.346803 -4.578970 -20.860115 -2.464806 -1.573949 2.681907 -0.184855 0.811014 0.379089 14.555157 -10.338189 -17.751404 -2.646266 -1.527810 1.527819 3.082443 6.845677 -24.355264 -1.994586 -1.151582 1.151594 0.000002 -0.000003 0.000001 -9.108315 -0.517872 2.259801 -1.953985 1.211413 24.349884 0.102774 -0.974068 12.047025 0.106950 -0.993362 12.289313 -0.000001 -0.000000 0.000001 -9.532526 0.000024 -0.000003 -0.068666 -3.360483 30.624540 0.243089 -1.486467 18.575051 0.087635 -0.900177 11.120835 -0.000001 0.000000 0.000001 -9.103592 -0.043077 -1.865102 2.118676 -6.841610 32.929189 0.379628 -1.843450 23.271892 0.273419 -1.573775 19.710425 -0.000000 -0.000000 0.000003 -8.076701 -0.486710 -3.806299 0.991103 -5.107808 35.939882 0.407274 -1.906395 24.116689 0.180034 -1.283656 15.966120 -0.000001 -0.000001 -0.000001 4.570409 11.014674 -2.160819 1.287955 2.046100 -7.556872 -1.901029 -19.818070 -67.839624 -0.000011 -29.221434 -0.000003 5.898197 -13.966571 6.155450 2.466100 -1.576220 2.681682 34.633123 -11.154949 20.382239 10.317226 22.375524 -4.922742 2.647883 -1.528764 1.528759 -16.283839 5.393256 11.804527 1.998913 -1.154078 1.154080 -0.000003 -0.000003 0.000001 9.109294 -0.518012 2.259891 -2.909576 -5.343379 -19.893648 0.730460 2.834864 -28.894699 0.303374 1.862604 -18.501762 -0.000001 -0.000001 -0.000003 9.533396 0.000008 -0.000010 -0.724664 3.070716 -34.949856 0.579096 2.541651 -25.668138 0.407568 2.148889 -21.478351 0.000001 0.000000 -0.000001 9.104514 -0.042995 -1.865108 0.244378 4.333218 -32.106370 0.880801 3.091304 -31.802539 0.978993 3.244073 -33.579546 -0.000003 0.000000 -0.000001 8.077804 -0.486901 -3.806307 0.557548 4.785952 -28.297472 0.460897 2.279635 -22.858487 0.526838 2.430072 -24.463654 -0.000001 -0.000003 0.000000 -8.207801 -6.751716 -1.599519 -16.127284 -7.565109 3.227803 26.370100 2.238429 0.317214 -14.749332 0.586886 -4.965500 -8.080943 0.000010 0.000010 0.000001 0.000000 0.000000 8.207799 -6.751707 -1.599520 -34.281672 -0.963971 2.942293 55.851789 -3.279518 0.048550 -2.900302 0.145710 -4.018894 -7.573397 0.000031 -0.000004 -0.000001 0.000001 -0.000001 
-180.540848 100.572144 0.894567 11.577512 -65.786340 10.004001 0.000008 10.181551 0.131543 5.891045 7.379646 -0.294875 4.207033 4.750665 -0.407742 4.180449 4.776967 -0.387796 0.000001 16.740366 -2.049029 4.751500 5.601002 1.899789 -0.000027 9.617838 1.684980 -4.997784 35.156121 -7.368572 -0.000002 22.037369 7.501077 -0.000001 -0.000000 0.000001 -4.569994 11.014879 -2.160856 -2.707389 6.648525 9.770654 0.059549 31.373132 55.948996 0.000002 12.602169 0.000016 5.346803 -4.578970 -20.860115 -2.464806 -1.573949 2.681907 -0.184855 0.811014 0.379089 14.555157 -10.338189 -17.751404 -2.646266 -1.527810 1.527819 3.082443 6.845677 -24.355264 -1.994586 -1.151582 1.151594 0.000002 -0.000003 0.000001 -9.108315 -0.517872 2.259801 -1.953985 1.211413 24.349884 0.102774 -0.974068 12.047025 0.106950 -0.993362 12.289313 -0.000001 -0.000000 0.000001 -9.532526 0.000024 -0.000003 -0.068666 -3.360483 30.624540 0.243089 -1.486467 18.575051 0.087635 -0.900177 11.120835 -0.000001 0.000000 0.000001 -9.103592 -0.043077 -1.865102 2.118676 -6.841610 32.929189 0.379628 -1.843450 23.271892 0.273419 -1.573775 19.710425 -0.000000 -0.000000 0.000003 -8.076701 -0.486710 -3.806299 0.991103 -5.107808 35.939882 0.407274 -1.906395 24.116689 0.180034 -1.283656 15.966120 -0.000001 -0.000001 -0.000001 4.570409 11.014674 -2.160819 1.287955 2.046100 -7.556872 -1.901029 -19.818070 -67.839624 -0.000011 -29.221434 -0.000003 5.898197 -13.966571 6.155450 2.466100 -1.576220 2.681682 34.633123 -11.154949 20.382239 10.317226 22.375524 -4.922742 2.647883 -1.528764 1.528759 -16.283839 5.393256 11.804527 1.998913 -1.154078 1.154080 -0.000003 -0.000003 0.000001 9.109294 -0.518012 2.259891 -2.909576 -5.343379 -19.893648 0.730460 2.834864 -28.894699 0.303374 1.862604 -18.501762 -0.000001 -0.000001 -0.000003 9.533396 0.000008 -0.000010 -0.724664 3.070716 -34.949856 0.579096 2.541651 -25.668138 0.407568 2.148889 -21.478351 0.000001 0.000000 -0.000001 9.104514 -0.042995 -1.865108 0.244378 4.333218 -32.106370 0.880801 3.091304 -31.802539 0.978993 3.244073 -33.579546 -0.000003 0.000000 -0.000001 8.077804 -0.486901 -3.806307 0.557548 4.785952 -28.297472 0.460897 2.279635 -22.858487 0.526838 2.430072 -24.463654 -0.000001 -0.000003 0.000000 -8.207801 -6.751716 -1.599519 -16.127284 -7.565109 3.227803 26.370100 2.238429 0.317214 -14.749332 0.586886 -4.965500 -8.080943 0.000010 0.000010 0.000001 0.000000 0.000000 8.207799 -6.751707 -1.599520 -34.281672 -0.963971 2.942293 55.851789 -3.279518 0.048550 -2.900302 0.145710 -4.018894 -7.573397 0.000031 -0.000004 -0.000001 0.000001 -0.000001 
-180.540848 100.572144 0.894567 11.577512 -65.786340 10.004001 0.000008 10.181551 0.131543 5.891045 7.379646 -0.294875 4.207033 4.750665 -0.407742 4.180449 4.776967 -0.387796 0.000001 16.740366 -2.049029 4.751500 5.601002 1.899789 -0.000027 9.617838 1.684980 -4.997784 35.156121 -7.368572 -0.000002 22.037369 7.501077 -0.000001 -0.000000 0.000001 -4.569994 11.014879 -2.160856 -2.707389 6.648525 9.770654 0.059549 31.373132 55.948996 0.000002 12.602169 0.000016 5.346803 -4.578970 -20.860115 -2.464806 -1.573949 2.681907 -0.184855 0.811014 0.379089 14.555157 -10.338189 -17.751404 -2.646266 -1.527810 1.527819 3.082443 6.845677 -24.355264 -1.994586 -1.151582 1.151594 0.000002 -0.000003 0.000001 -9.108315 -0.517872 2.259801 -1.953985 1.211413 24.349884 0.102774 -0.974068 12.047025 0.106950 -0.993362 12.289313 -0.000001 -0.000000 0.000001 -9.532526 0.000024 -0.000003 -0.068666 -3.360483 30.624540 0.243089 -1.486467 18.575051 0.087635 -0.900177 11.120835 -0.000001 0.000000 0.000001 -9.103592 -0.043077 -1.865102 2.118676 -6.841610 32.929189 0.379628 -1.843450 23.271892 0.273419 -1.573775 19.710425 -0.000000 -0.000000 0.000003 -8.076701 -0.486710 -3.806299 0.991103 -5.107808 35.939882 0.407274 -1.906395 24.116689 0.180034 -1.283656 15.966120 -0.000001 -0.000001 -0.000001 4.570409 11.014674 -2.160819 1.287955 2.046100 -7.556872 -1.901029 -19.818070 -67.839624 -0.000011 -29.221434 -0.000003 5.898197 -13.966571 6.155450 2.466100 -1.576220 2.681682 34.633123 -11.154949 20.382239 10.317226 22.375524 -4.922742 2.647883 -1.528764 1.528759 -16.283839 5.393256 11.804527 1.998913 -1.154078 1.154080 -0.000003 -0.000003 0.000001 9.109294 -0.518012 2.259891 -2.909576 -5.343379 -19.893648 0.730460 2.834864 -28.894699 0.303374 1.862604 -18.501762 -0.000001 -0.000001 -0.000003 9.533396 0.000008 -0.000010 -0.724664 3.070716 -34.949856 0.579096 2.541651 -25.668138 0.407568 2.148889 -21.478351 0.000001 0.000000 -0.000001 9.104514 -0.042995 -1.865108 0.244378 4.333218 -32.106370 0.880801 3.091304 -31.802539 0.978993 3.244073 -33.579546 -0.000003 0.000000 -0.000001 8.077804 -0.486901 -3.806307 0.557548 4.785952 -28.297472 0.460897 2.279635 -22.858487 0.526838 2.430072 -24.463654 -0.000001 -0.000003 0.000000 -8.207801 -6.751716 -1.599519 -16.127284 -7.565109 3.227803 26.370100 2.238429 0.317214 -14.749332 0.586886 -4.965500 -8.080943 0.000010 0.000010 0.000001 0.000000 0.000000 8.207799 -6.751707 -1.599520 -34.281672 -0.963971 2.942293 55.851789 -3.279518 0.048550 -2.900302 0.145710 -4.018894 -7.573397 0.000031 -0.000004 -0.000001 0.000001 -0.000001 
-180.540848 100.572144 0.894567 11.577512 -65.786340 10.004001 0.000008 10.181551 0.131543 5.891045 7.379646 -0.294875 4.207033 4.750665 -0.407742 4.180449 4.776967 -0.387796 0.000001 16.740366 -2.049029 4.751500 5.601002 1.899789 -0.000027 9.617838 1.684980 -4.997784 35.156121 -7.368572 -0.000002 22.037369 7.501077 -0.000001 -0.000000 0.000001 -4.569994 11.014879 -2.160856 -2.707389 6.648525 9.770654 0.059549 31.373132 55.948996 0.000002 12.602169 0.000016 5.346803 -4.578970 -20.860115 -2.464806 -1.573949 2.681907 -0.184855 0.811014 0.379089 14.555157 -10.338189 -17.751404 -2.646266 -1.527810 1.527819 3.082443 6.845677 -24.355264 -1.994586 -1.151582 1.151594 0.000002 -0.000003 0.000001 -9.108315 -0.517872 2.259801 -1.953985 1.211413 24.349884 0.102774 -0.974068 12.047025 0.106950 -0.993362 12.289313 -0.000001 -0.000000 0.000001 -9.532526 0.000024 -0.000003 -0.068666 -3.360483 30.624540 0.243089 -1.486467 18.575051 0.087635 -0.900177 11.120835 -0.000001 0.000000 0.000001 -9.103592 -0.043077 -1.865102 2.118676 -6.841610 32.929189 0.379628 -1.843450 23.271892 0.273419 -1.573775 19.710425 -0.000000 -0.000000 0.000003 -8.076701 -0.486710 -3.806299 0.991103 -5.107808 35.939882 0.407274 -1.906395 24.116689 0.180034 -1.283656 15.966120 -0.000001 -0.000001 -0.000001 4.570409 11.014674 -2.160819 1.287955 2.046100 -7.556872 -1.901029 -19.818070 -67.839624 -0.000011 -29.221434 -0.000003 5.898197 -13.966571 6.155450 2.466100 -1.576220 2.681682 34.633123 -11.154949 20.382239 10.317226 22.375524 -4.922742 2.647883 -1.528764 1.528759 -16.283839 5.393256 11.804527 1.998913 -1.154078 1.154080 -0.000003 -0.000003 0.000001 9.109294 -0.518012 2.259891 -2.909576 -5.343379 -19.893648 0.730460 2.834864 -28.894699 0.303374 1.862604 -18.501762 -0.000001 -0.000001 -0.000003 9.533396 0.000008 -0.000010 -0.724664 3.070716 -34.949856 0.579096 2.541651 -25.668138 0.407568 2.148889 -21.478351 0.000001 0.000000 -0.000001 9.104514 -0.042995 -1.865108 0.244378 4.333218 -32.106370 0.880801 3.091304 -31.802539 0.978993 3.244073 -33.579546 -0.000003 0.000000 -0.000001 8.077804 -0.486901 -3.806307 0.557548 4.785952 -28.297472 0.460897 2.279635 -22.858487 0.526838 2.430072 -24.463654 -0.000001 -0.000003 0.000000 -8.207801 -6.751716 -1.599519 -16.127284 -7.565109 3.227803 26.370100 2.238429 0.317214 -14.749332 0.586886 -4.965500 -8.080943 0.000010 0.000010 0.000001 0.000000 0.000000 8.207799 -6.751707 -1.599520 -34.281672 -0.963971 2.942293 55.851789 -3.279518 0.048550 -2.900302 0.145710 -4.018894 -7.573397 0.000031 -0.000004 -0.000001 0.000001 -0.000001 
-180.540848 100.572144 0.894567 11.577512 -65.786340 10.004001 0.000008 10.181551 0.131543 5.891045 7.379646 -0.294875 4.207033 4.750665 -0.407742 4.180449 4.776967 -0.387796 0.000001 16.740366 -2.049029 4.751500 5.601002 1.899789 -0.000027 9.617838 1.684980 -4.997784 35.156121 -7.368572 -0.000002 22.037369 7.501077 -0.000001 -0.000000 0.000001 -4.569994 11.014879 -2.160856 -2.707389 6.648525 9.770654 0.059549 31.373132 55.948996 0.000002 12.602169 0.000016 5.346803 -4.578970 -20.860115 -2.464806 -1.573949 2.681907 -0.184855 0.811014 0.379089 14.555157 -10.338189 -17.751404 -2.646266 -1.527810 1.527819 3.082443 6.845677 -24.355264 -1.994586 -1.151582 1.151594 0.000002 -0.000003 0.000001 -9.108315 -0.517872 2.259801 -1.953985 1.211413 24.349884 0.102774 -0.974068 12.047025 0.106950 -0.993362 12.289313 -0.000001 -0.000000 0.000001 -9.532526 0.000024 -0.000003 -0.068666 -3.360483 30.624540 0.243089 -1.486467 18.575051 0.087635 -0.900177 11.120835 -0.000001 0.000000 0.000001 -9.103592 -0.043077 -1.865102 2.118676 -6.841610 32.929189 0.379628 -1.843450 23.271892 0.273419 -1.573775 19.710425 -0.000000 -0.000000 0.000003 -8.076701 -0.486710 -3.806299 0.991103 -5.107808 35.939882 0.407274 -1.906395 24.116689 0.180034 -1.283656 15.966120 -0.000001 -0.000001 -0.000001 4.570409 11.014674 -2.160819 1.287955 2.046100 -7.556872 -1.901029 -19.818070 -67.839624 -0.000011 -29.221434 -0.000003 5.898197 -13.966571 6.155450 2.466100 -1.576220 2.681682 34.633123 -11.154949 20.382239 10.317226 22.375524 -4.922742 2.647883 -1.528764 1.528759 -16.283839 5.393256 11.804527 1.998913 -1.154078 1.154080 -0.000003 -0.000003 0.000001 9.109294 -0.518012 2.259891 -2.909576 -5.343379 -19.893648 0.730460 2.834864 -28.894699 0.303374 1.862604 -18.501762 -0.000001 -0.000001 -0.000003 9.533396 0.000008 -0.000010 -0.724664 3.070716 -34.949856 0.579096 2.541651 -25.668138 0.407568 2.148889 -21.478351 0.000001 0.000000 -0.000001 9.104514 -0.042995 -1.865108 0.244378 4.333218 -32.106370 0.880801 3.091304 -31.802539 0.978993 3.244073 -33.579546 -0.000003 0.000000 -0.000001 8.077804 -0.486901 -3.806307 0.557548 4.785952 -28.297472 0.460897 2.279635 -22.858487 0.526838 2.430072 -24.463654 -0.000001 -0.000003 0.000000 -8.207801 -6.751716 -1.599519 -16.127284 -7.565109 3.227803 26.370100 2.238429 0.317214 -14.749332 0.586886 -4.965500 -8.080943 0.000010 0.000010 0.000001 0.000000 0.000000 8.207799 -6.751707 -1.599520 -34.281672 -0.963971 2.942293 55.851789 -3.279518 0.048550 -2.900302 0.145710 -4.018894 -7.573397 0.000031 -0.000004 -0.000001 0.000001 -0.000001 
-180.540848 100.572144 0.894567 11.577512 -65.786340 10.004001 0.000008 10.181551 0.131543 5.891045 7.379646 -0.294875 4.207033 4.750665 -0.407742 4.180449 4.776967 -0.387796 0.000001 16.740366 -2.049029 4.751500 5.601002 1.899789 -0.000027 9.617838 1.684980 -4.997784 35.156121 -7.368572 -0.000002 22.037369 7.501077 -0.000001 -0.000000 0.000001 -4.569994 11.014879 -2.160856 -2.707389 6.648525 9.770654 0.059549 31.373132 55.948996 0.000002 12.602169 0.000016 5.346803 -4.578970 -20.860115 -2.464806 -1.573949 2.681907 -0.184855 0.811014 0.379089 14.555157 -10.338189 -17.751404 -2.646266 -1.527810 1.527819 3.082443 6.845677 -24.355264 -1.994586 -1.151582 1.151594 0.000002 -0.000003 0.000001 -9.108315 -0.517872 2.259801 -1.953985 1.211413 24.349884 0.102774 -0.974068 12.047025 0.106950 -0.993362 12.289313 -0.000001 -0.000000 0.000001 -9.532526 0.000024 -0.000003 -0.068666 -3.360483 30.624540 0.243089 -1.486467 18.575051 0.087635 -0.900177 11.120835 -0.000001 0.000000 0.000001 -9.103592 -0.043077 -1.865102 2.118676 -6.841610 32.929189 0.379628 -1.843450 23.271892 0.273419 -1.573775 19.710425 -0.000000 -0.000000 0.000003 -8.076701 -0.486710 -3.806299 0.991103 -5.107808 35.939882 0.407274 -1.906395 24.116689 0.180034 -1.283656 15.966120 -0.000001 -0.000001 -0.000001 4.570409 11.014674 -2.160819 1.287955 2.046100 -7.556872 -1.901029 -19.818070 -67.839624 -0.000011 -29.221434 -0.000003 5.898197 -13.966571 6.155450 2.466100 -1.576220 2.681682 34.633123 -11.154949 20.382239 10.317226 22.375524 -4.922742 2.647883 -1.528764 1.528759 -16.283839 5.393256 11.804527 1.998913 -1.154078 1.154080 -0.000003 -0.000003 0.000001 9.109294 -0.518012 2.259891 -2.909576 -5.343379 -19.893648 0.730460 2.834864 -28.894699 0.303374 1.862604 -18.501762 -0.000001 -0.000001 -0.000003 9.533396 0.000008 -0.000010 -0.724664 3.070716 -34.949856 0.579096 2.541651 -25.668138 0.407568 2.148889 -21.478351 0.000001 0.000000 -0.000001 9.104514 -0.042995 -1.865108 0.244378 4.333218 -32.106370 0.880801 3.091304 -31.802539 0.978993 3.244073 -33.579546 -0.000003 0.000000 -0.000001 8.077804 -0.486901 -3.806307 0.557548 4.785952 -28.297472 0.460897 2.279635 -22.858487 0.526838 2.430072 -24.463654 -0.000001 -0.000003 0.000000 -8.207801 -6.751716 -1.599519 -16.127284 -7.565109 3.227803 26.370100 2.238429 0.317214 -14.749332 0.586886 -4.965500 -8.080943 0.000010 0.000010 0.000001 0.000000 0.000000 8.207799 -6.751707 -1.599520 -34.281672 -0.963971 2.942293 55.851789 -3.279518 0.048550 -2.900302 0.145710 -4.018894 -7.573397 0.000031 -0.000004 -0.000001 0.000001 -0.000001 
-180.540848 100.572144 0.894567 11.577512 -65.786340 10.004001 0.000008 10.181551 0.131543 5.891045 7.379646 -0.294875 4.207033 4.750665 -0.407742 4.180449 4.776967 -0.387796 0.000001 16.740366 -2.049029 4.751500 5.601002 1.899789 -0.000027 9.617838 1.684980 -4.997784 35.156121 -7.368572 -0.000002 22.037369 7.501077 -0.000001 -0.000000 0.000001 -4.569994 11.014879 -2.160856 -2.707389 6.648525 9.770654 0.059549 31.373132 55.948996 0.000002 12.602169 0.000016 5.346803 -4.578970 -20.860115 -2.464806 -1.573949 2.681907 -0.184855 0.811014 0.379089 14.555157 -10.338189 -17.751404 -2.646266 -1.527810 1.527819 3.082443 6.845677 -24.355264 -1.994586 -1.151582 1.151594 0.000002 -0.000003 0.000001 -9.108315 -0.517872 2.259801 -1.953985 1.211413 24.349884 0.102774 -0.974068 12.047025 0.106950 -0.993362 12.289313 -0.000001 -0.000000 0.000001 -9.532526 0.000024 -0.000003 -0.068666 -3.360483 30.624540 0.243089 -1.486467 18.575051 0.087635 -0.900177 11.120835 -0.000001 0.000000 0.000001 -9.103592 -0.043077 -1.865102 2.118676 -6.841610 32.929189 0.379628 -1.843450 23.271892 0.273419 -1.573775 19.710425 -0.000000 -0.000000 0.000003 -8.076701 -0.486710 -3.806299 0.991103 -5.107808 35.939882 0.407274 -1.906395 24.116689 0.180034 -1.283656 15.966120 -0.000001 -0.000001 -0.000001 4.570409 11.014674 -2.160819 1.287955 2.046100 -7.556872 -1.901029 -19.818070 -67.839624 -0.000011 -29.221434 -0.000003 5.898197 -13.966571 6.155450 2.466100 -1.576220 2.681682 34.633123 -11.154949 20.382239 10.317226 22.375524 -4.922742 2.647883 -1.528764 1.528759 -16.283839 5.393256 11.804527 1.998913 -1.154078 1.154080 -0.000003 -0.000003 0.000001 9.109294 -0.518012 2.259891 -2.909576 -5.343379 -19.893648 0.730460 2.834864 -28.894699 0.303374 1.862604 -18.501762 -0.000001 -0.000001 -0.000003 9.533396 0.000008 -0.000010 -0.724664 3.070716 -34.949856 0.579096 2.541651 -25.668138 0.407568 2.148889 -21.478351 0.000001 0.000000 -0.000001 9.104514 -0.042995 -1.865108 0.244378 4.333218 -32.106370 0.880801 3.091304 -31.802539 0.978993 3.244073 -33.579546 -0.000003 0.000000 -0.000001 8.077804 -0.486901 -3.806307 0.557548 4.785952 -28.297472 0.460897 2.279635 -22.858487 0.526838 2.430072 -24.463654 -0.000001 -0.000003 0.000000 -8.207801 -6.751716 -1.599519 -16.127284 -7.565109 3.227803 26.370100 2.238429 0.317214 -14.749332 0.586886 -4.965500 -8.080943 0.000010 0.000010 0.000001 0.000000 0.000000 8.207799 -6.751707 -1.599520 -34.281672 -0.963971 2.942293 55.851789 -3.279518 0.048550 -2.900302 0.145710 -4.018894 -7.573397 0.000031 -0.000004 -0.000001 0.000001 -0.000001 
-180.540848 100.572144 0.894567 11.577512 -65.786340 10.004001 0.000008 10.181551 0.131543 5.891045 7.379646 -0.294875 4.207033 4.750665 -0.407742 4.180449 4.776967 -0.387796 0.000001 16.740366 -2.049029 4.751500 5.601002 1.899789 -0.000027 9.617838 1.684980 -4.997784 35.156121 -7.368572 -0.000002 22.037369 7.501077 -0.000001 -0.000000 0.000001 -4.569994 11.014879 -2.160856 -2.707389 6.648525 9.770654 0.059549 31.373132 55.948996 0.000002 12.602169 0.000016 5.346803 -4.578970 -20.860115 -2.464806 -1.573949 2.681907 -0.184855 0.811014 0.379089 14.555157 -10.338189 -17.751404 -2.646266 -1.527810 1.527819 3.082443 6.845677 -24.355264 -1.994586 -1.151582 1.151594 0.000002 -0.000003 0.000001 -9.108315 -0.517872 2.259801 -1.953985 1.211413 24.349884 0.102774 -0.974068 12.047025 0.106950 -0.993362 12.289313 -0.000001 -0.000000 0.000001 -9.532526 0.000024 -0.000003 -0.068666 -3.360483 30.624540 0.243089 -1.486467 18.575051 0.087635 -0.900177 11.120835 -0.000001 0.000000 0.000001 -9.103592 -0.043077 -1.865102 2.118676 -6.841610 32.929189 0.379628 -1.843450 23.271892 0.273419 -1.573775 19.710425 -0.000000 -0.000000 0.000003 -8.076701 -0.486710 -3.806299 0.991103 -5.107808 35.939882 0.407274 -1.906395 24.116689 0.180034 -1.283656 15.966120 -0.000001 -0.000001 -0.000001 4.570409 11.014674 -2.160819 1.287955 2.046100 -7.556872 -1.901029 -19.818070 -67.839624 -0.000011 -29.221434 -0.000003 5.898197 -13.966571 6.155450 2.466100 -1.576220 2.681682 34.633123 -11.154949 20.382239 10.317226 22.375524 -4.922742 2.647883 -1.528764 1.528759 -16.283839 5.393256 11.804527 1.998913 -1.154078 1.154080 -0.000003 -0.000003 0.000001 9.109294 -0.518012 2.259891 -2.909576 -5.343379 -19.893648 0.730460 2.834864 -28.894699 0.303374 1.862604 -18.501762 -0.000001 -0.000001 -0.000003 9.533396 0.000008 -0.000010 -0.724664 3.070716 -34.949856 0.579096 2.541651 -25.668138 0.407568 2.148889 -21.478351 0.000001 0.000000 -0.000001 9.104514 -0.042995 -1.865108 0.244378 4.333218 -32.106370 0.880801 3.091304 -31.802539 0.978993 3.244073 -33.579546 -0.000003 0.000000 -0.000001 8.077804 -0.486901 -3.806307 0.557548 4.785952 -28.297472 0.460897 2.279635 -22.858487 0.526838 2.430072 -24.463654 -0.000001 -0.000003 0.000000 -8.207801 -6.751716 -1.599519 -16.127284 -7.565109 3.227803 26.370100 2.238429 0.317214 -14.749332 0.586886 -4.965500 -8.080943 0.000010 0.000010 0.000001 0.000000 0.000000 8.207799 -6.751707 -1.599520 -34.281672 -0.963971 2.942293 55.851789 -3.279518 0.048550 -2.900302 0.145710 -4.018894 -7.573397 0.000031 -0.000004 -0.000001 0.000001 -0.000001 
-180.540848 100.572144 0.894567 11.577512 -65.786340 10.004001 0.000008 10.181551 0.131543 5.891045 7.379646 -0.294875 4.207033 4.750665 -0.407742 4.180449 4.776967 -0.387796 0.000001 16.740366 -2.049029 4.751500 5.601002 1.899789 -0.000027 9.617838 1.684980 -4.997784 35.156121 -7.368572 -0.000002 22.037369 7.501077 -0.000001 -0.000000 0.000001 -4.569994 11.014879 -2.160856 -2.707389 6.648525 9.770654 0.059549 31.373132 55.948996 0.000002 12.602169 0.000016 5.346803 -4.578970 -20.860115 -2.464806 -1.573949 2.681907 -0.184855 0.811014 0.379089 14.555157 -10.338189 -17.751404 -2.646266 -1.527810 1.527819 3.082443 6.845677 -24.355264 -1.994586 -1.151582 1.151594 0.000002 -0.000003 0.000001 -9.108315 -0.517872 2.259801 -1.953985 1.211413 24.349884 0.102774 -0.974068 12.047025 0.106950 -0.993362 12.289313 -0.000001 -0.000000 0.000001 -9.532526 0.000024 -0.000003 -0.068666 -3.360483 30.624540 0.243089 -1.486467 18.575051 0.087635 -0.900177 11.120835 -0.000001 0.000000 0.000001 -9.103592 -0.043077 -1.865102 2.118676 -6.841610 32.929189 0.379628 -1.843450 23.271892 0.273419 -1.573775 19.710425 -0.000000 -0.000000 0.000003 -8.076701 -0.486710 -3.806299 0.991103 -5.107808 35.939882 0.407274 -1.906395 24.116689 0.180034 -1.283656 15.966120 -0.000001 -0.000001 -0.000001 4.570409 11.014674 -2.160819 1.287955 2.046100 -7.556872 -1.901029 -19.818070 -67.839624 -0.000011 -29.221434 -0.000003 5.898197 -13.966571 6.155450 2.466100 -1.576220 2.681682 34.633123 -11.154949 20.382239 10.317226 22.375524 -4.922742 2.647883 -1.528764 1.528759 -16.283839 5.393256 11.804527 1.998913 -1.154078 1.154080 -0.000003 -0.000003 0.000001 9.109294 -0.518012 2.259891 -2.909576 -5.343379 -19.893648 0.730460 2.834864 -28.894699 0.303374 1.862604 -18.501762 -0.000001 -0.000001 -0.000003 9.533396 0.000008 -0.000010 -0.724664 3.070716 -34.949856 0.579096 2.541651 -25.668138 0.407568 2.148889 -21.478351 0.000001 0.000000 -0.000001 9.104514 -0.042995 -1.865108 0.244378 4.333218 -32.106370 0.880801 3.091304 -31.802539 0.978993 3.244073 -33.579546 -0.000003 0.000000 -0.000001 8.077804 -0.486901 -3.806307 0.557548 4.785952 -28.297472 0.460897 2.279635 -22.858487 0.526838 2.430072 -24.463654 -0.000001 -0.000003 0.000000 -8.207801 -6.751716 -1.599519 -16.127284 -7.565109 3.227803 26.370100 2.238429 0.317214 -14.749332 0.586886 -4.965500 -8.080943 0.000010 0.000010 0.000001 0.000000 0.000000 8.207799 -6.751707 -1.599520 -34.281672 -0.963971 2.942293 55.851789 -3.279518 0.048550 -2.900302 0.145710 -4.018894 -7.573397 0.000031 -0.000004 -0.000001 0.000001 -0.000001 
-180.540848 100.572144 0.894567 11.577512 -65.786340 10.004001 0.000008 10.181551 0.131543 5.891045 7.379646 -0.294875 4.207033 4.750665 -0.407742 4.180449 4.776967 -0.387796 0.000001 16.740366 -2.049029 4.751500 5.601002 1.899789 -0.000027 9.617838 1.684980 -4.997784 35.156121 -7.368572 -0.000002 22.037369 7.501077 -0.000001 -0.000000 0.000001 -4.569994 11.014879 -2.160856 -2.707389 6.648525 9.770654 0.059549 31.373132 55.948996 0.000002 12.602169 0.000016 5.346803 -4.578970 -20.860115 -2.464806 -1.573949 2.681907 -0.184855 0.811014 0.379089 14.555157 -10.338189 -17.751404 -2.646266 -1.527810 1.527819 3.082443 6.845677 -24.355264 -1.994586 -1.151582 1.151594 0.000002 -0.000003 0.000001 -9.108315 -0.517872 2.259801 -1.953985 1.211413 24.349884 0.102774 -0.974068 12.047025 0.106950 -0.993362 12.289313 -0.000001 -0.000000 0.000001 -9.532526 0.000024 -0.000003 -0.068666 -3.360483 30.624540 0.243089 -1.486467 18.575051 0.087635 -0.900177 11.120835 -0.000001 0.000000 0.000001 -9.103592 -0.043077 -1.865102 2.118676 -6.841610 32.929189 0.379628 -1.843450 23.271892 0.273419 -1.573775 19.710425 -0.000000 -0.000000 0.000003 -8.076701 -0.486710 -3.806299 0.991103 -5.107808 35.939882 0.407274 -1.906395 24.116689 0.180034 -1.283656 15.966120 -0.000001 -0.000001 -0.000001 4.570409 11.014674 -2.160819 1.287955 2.046100 -7.556872 -1.901029 -19.818070 -67.839624 -0.000011 -29.221434 -0.000003 5.898197 -13.966571 6.155450 2.466100 -1.576220 2.681682 34.633123 -11.154949 20.382239 10.317226 22.375524 -4.922742 2.647883 -1.528764 1.528759 -16.283839 5.393256 11.804527 1.998913 -1.154078 1.154080 -0.000003 -0.000003 0.000001 9.109294 -0.518012 2.259891 -2.909576 -5.343379 -19.893648 0.730460 2.834864 -28.894699 0.303374 1.862604 -18.501762 -0.000001 -0.000001 -0.000003 9.533396 0.000008 -0.000010 -0.724664 3.070716 -34.949856 0.579096 2.541651 -25.668138 0.407568 2.148889 -21.478351 0.000001 0.000000 -0.000001 9.104514 -0.042995 -1.865108 0.244378 4.333218 -32.106370 0.880801 3.091304 -31.802539 0.978993 3.244073 -33.579546 -0.000003 0.000000 -0.000001 8.077804 -0.486901 -3.806307 0.557548 4.785952 -28.297472 0.460897 2.279635 -22.858487 0.526838 2.430072 -24.463654 -0.000001 -0.000003 0.000000 -8.207801 -6.751716 -1.599519 -16.127284 -7.565109 3.227803 26.370100 2.238429 0.317214 -14.749332 0.586886 -4.965500 -8.080943 0.000010 0.000010 0.000001 0.000000 0.000000 8.207799 -6.751707 -1.599520 -34.281672 -0.963971 2.942293 55.851789 -3.279518 0.048550 -2.900302 0.145710 -4.018894 -7.573397 0.000031 -0.000004 -0.000001 0.000001 -0.000001 
-180.540848 100.572144 0.894567 11.577512 -65.786340 10.004001 0.000008 10.181551 0.131543 5.891045 7.379646 -0.294875 4.207033 4.750665 -0.407742 4.180449 4.776967 -0.387796 0.000001 16.740366 -2.049029 4.751500 5.601002 1.899789 -0.000027 9.617838 1.684980 -4.997784 35.156121 -7.368572 -0.000002 22.037369 7.501077 -0.000001 -0.000000 0.000001 -4.569994 11.014879 -2.160856 -2.707389 6.648525 9.770654 0.059549 31.373132 55.948996 0.000002 12.602169 0.000016 5.346803 -4.578970 -20.860115 -2.464806 -1.573949 2.681907 -0.184855 0.811014 0.379089 14.555157 -10.338189 -17.751404 -2.646266 -1.527810 1.527819 3.082443 6.845677 -24.355264 -1.994586 -1.151582 1.151594 0.000002 -0.000003 0.000001 -9.108315 -0.517872 2.259801 -1.953985 1.211413 24.349884 0.102774 -0.974068 12.047025 0.106950 -0.993362 12.289313 -0.000001 -0.000000 0.000001 -9.532526 0.000024 -0.000003 -0.068666 -3.360483 30.624540 0.243089 -1.486467 18.575051 0.087635 -0.900177 11.120835 -0.000001 0.000000 0.000001 -9.103592 -0.043077 -1.865102 2.118676 -6.841610 32.929189 0.379628 -1.843450 23.271892 0.273419 -1.573775 19.710425 -0.000000 -0.000000 0.000003 -8.076701 -0.486710 -3.806299 0.991103 -5.107808 35.939882 0.407274 -1.906395 24.116689 0.180034 -1.283656 15.966120 -0.000001 -0.000001 -0.000001 4.570409 11.014674 -2.160819 1.287955 2.046100 -7.556872 -1.901029 -19.818070 -67.839624 -0.000011 -29.221434 -0.000003 5.898197 -13.966571 6.155450 2.466100 -1.576220 2.681682 34.633123 -11.154949 20.382239 10.317226 22.375524 -4.922742 2.647883 -1.528764 1.528759 -16.283839 5.393256 11.804527 1.998913 -1.154078 1.154080 -0.000003 -0.000003 0.000001 9.109294 -0.518012 2.259891 -2.909576 -5.343379 -19.893648 0.730460 2.834864 -28.894699 0.303374 1.862604 -18.501762 -0.000001 -0.000001 -0.000003 9.533396 0.000008 -0.000010 -0.724664 3.070716 -34.949856 0.579096 2.541651 -25.668138 0.407568 2.148889 -21.478351 0.000001 0.000000 -0.000001 9.104514 -0.042995 -1.865108 0.244378 4.333218 -32.106370 0.880801 3.091304 -31.802539 0.978993 3.244073 -33.579546 -0.000003 0.000000 -0.000001 8.077804 -0.486901 -3.806307 0.557548 4.785952 -28.297472 0.460897 2.279635 -22.858487 0.526838 2.430072 -24.463654 -0.000001 -0.000003 0.000000 -8.207801 -6.751716 -1.599519 -16.127284 -7.565109 3.227803 26.370100 2.238429 0.317214 -14.749332 0.586886 -4.965500 -8.080943 0.000010 0.000010 0.000001 0.000000 0.000000 8.207799 -6.751707 -1.599520 -34.281672 -0.963971 2.942293 55.851789 -3.279518 0.048550 -2.900302 0.145710 -4.018894 -7.573397 0.000031 -0.000004 -0.000001 0.000001 -0.000001 
-180.540848 100.572144 0.894567 11.577512 -65.786340 10.004001 0.000008 10.181551 0.131543 5.891045 7.379646 -0.294875 4.207033 4.750665 -0.407742 4.180449 4.776967 -0.387796 0.000001 16.740366 -2.049029 4.751500 5.601002 1.899789 -0.000027 9.617838 1.684980 -4.997784 35.156121 -7.368572 -0.000002 22.037369 7.501077 -0.000001 -0.000000 0.000001 -4.569994 11.014879 -2.160856 -2.707389 6.648525 9.770654 0.059549 31.373132 55.948996 0.000002 12.602169 0.000016 5.346803 -4.578970 -20.860115 -2.464806 -1.573949 2.681907 -0.184855 0.811014 0.379089 14.555157 -10.338189 -17.751404 -2.646266 -1.527810 1.527819 3.082443 6.845677 -24.355264 -1.994586 -1.151582 1.151594 0.000002 -0.000003 0.000001 -9.108315 -0.517872 2.259801 -1.953985 1.211413 24.349884 0.102774 -0.974068 12.047025 0.106950 -0.993362 12.289313 -0.000001 -0.000000 0.000001 -9.532526 0.000024 -0.000003 -0.068666 -3.360483 30.624540 0.243089 -1.486467 18.575051 0.087635 -0.900177 11.120835 -0.000001 0.000000 0.000001 -9.103592 -0.043077 -1.865102 2.118676 -6.841610 32.929189 0.379628 -1.843450 23.271892 0.273419 -1.573775 19.710425 -0.000000 -0.000000 0.000003 -8.076701 -0.486710 -3.806299 0.991103 -5.107808 35.939882 0.407274 -1.906395 24.116689 0.180034 -1.283656 15.966120 -0.000001 -0.000001 -0.000001 4.570409 11.014674 -2.160819 1.287955 2.046100 -7.556872 -1.901029 -19.818070 -67.839624 -0.000011 -29.221434 -0.000003 5.898197 -13.966571 6.155450 2.466100 -1.576220 2.681682 34.633123 -11.154949 20.382239 10.317226 22.375524 -4.922742 2.647883 -1.528764 1.528759 -16.283839 5.393256 11.804527 1.998913 -1.154078 1.154080 -0.000003 -0.000003 0.000001 9.109294 -0.518012 2.259891 -2.909576 -5.343379 -19.893648 0.730460 2.834864 -28.894699 0.303374 1.862604 -18.501762 -0.000001 -0.000001 -0.000003 9.533396 0.000008 -0.000010 -0.724664 3.070716 -34.949856 0.579096 2.541651 -25.668138 0.407568 2.148889 -21.478351 0.000001 0.000000 -0.000001 9.104514 -0.042995 -1.865108 0.244378 4.333218 -32.106370 0.880801 3.091304 -31.802539 0.978993 3.244073 -33.579546 -0.000003 0.000000 -0.000001 8.077804 -0.486901 -3.806307 0.557548 4.785952 -28.297472 0.460897 2.279635 -22.858487 0.526838 2.430072 -24.463654 -0.000001 -0.000003 0.000000 -8.207801 -6.751716 -1.599519 -16.127284 -7.565109 3.227803 26.370100 2.238429 0.317214 -14.749332 0.586886 -4.965500 -8.080943 0.000010 0.000010 0.000001 0.000000 0.000000 8.207799 -6.751707 -1.599520 -34.281672 -0.963971 2.942293 55.851789 -3.279518 0.048550 -2.900302 0.145710 -4.018894 -7.573397 0.000031 -0.000004 -0.000001 0.000001 -0.000001 
-180.540848 100.572144 0.894567 11.577512 -65.786340 10.004001 0.000008 10.181551 0.131543 5.891045 7.379646 -0.294875 4.207033 4.750665 -0.407742 4.180449 4.776967 -0.387796 0.000001 16.740366 -2.049029 4.751500 5.601002 1.899789 -0.000027 9.617838 1.684980 -4.997784 35.156121 -7.368572 -0.000002 22.037369 7.501077 -0.000001 -0.000000 0.000001 -4.569994 11.014879 -2.160856 -2.707389 6.648525 9.770654 0.059549 31.373132 55.948996 0.000002 12.602169 0.000016 5.346803 -4.578970 -20.860115 -2.464806 -1.573949 2.681907 -0.184855 0.811014 0.379089 14.555157 -10.338189 -17.751404 -2.646266 -1.527810 1.527819 3.082443 6.845677 -24.355264 -1.994586 -1.151582 1.151594 0.000002 -0.000003 0.000001 -9.108315 -0.517872 2.259801 -1.953985 1.211413 24.349884 0.102774 -0.974068 12.047025 0.106950 -0.993362 12.289313 -0.000001 -0.000000 0.000001 -9.532526 0.000024 -0.000003 -0.068666 -3.360483 30.624540 0.243089 -1.486467 18.575051 0.087635 -0.900177 11.120835 -0.000001 0.000000 0.000001 -9.103592 -0.043077 -1.865102 2.118676 -6.841610 32.929189 0.379628 -1.843450 23.271892 0.273419 -1.573775 19.710425 -0.000000 -0.000000 0.000003 -8.076701 -0.486710 -3.806299 0.991103 -5.107808 35.939882 0.407274 -1.906395 24.116689 0.180034 -1.283656 15.966120 -0.000001 -0.000001 -0.000001 4.570409 11.014674 -2.160819 1.287955 2.046100 -7.556872 -1.901029 -19.818070 -67.839624 -0.000011 -29.221434 -0.000003 5.898197 -13.966571 6.155450 2.466100 -1.576220 2.681682 34.633123 -11.154949 20.382239 10.317226 22.375524 -4.922742 2.647883 -1.528764 1.528759 -16.283839 5.393256 11.804527 1.998913 -1.154078 1.154080 -0.000003 -0.000003 0.000001 9.109294 -0.518012 2.259891 -2.909576 -5.343379 -19.893648 0.730460 2.834864 -28.894699 0.303374 1.862604 -18.501762 -0.000001 -0.000001 -0.000003 9.533396 0.000008 -0.000010 -0.724664 3.070716 -34.949856 0.579096 2.541651 -25.668138 0.407568 2.148889 -21.478351 0.000001 0.000000 -0.000001 9.104514 -0.042995 -1.865108 0.244378 4.333218 -32.106370 0.880801 3.091304 -31.802539 0.978993 3.244073 -33.579546 -0.000003 0.000000 -0.000001 8.077804 -0.486901 -3.806307 0.557548 4.785952 -28.297472 0.460897 2.279635 -22.858487 0.526838 2.430072 -24.463654 -0.000001 -0.000003 0.000000 -8.207801 -6.751716 -1.599519 -16.127284 -7.565109 3.227803 26.370100 2.238429 0.317214 -14.749332 0.586886 -4.965500 -8.080943 0.000010 0.000010 0.000001 0.000000 0.000000 8.207799 -6.751707 -1.599520 -34.281672 -0.963971 2.942293 55.851789 -3.279518 0.048550 -2.900302 0.145710 -4.018894 -7.573397 0.000031 -0.000004 -0.000001 0.000001 -0.000001 
-180.540848 100.572144 0.894567 11.577512 -65.786340 10.004001 0.000008 10.181551 0.131543 5.891045 7.379646 -0.294875 4.207033 4.750665 -0.407742 4.180449 4.776967 -0.387796 0.000001 16.740366 -2.049029 4.751500 5.601002 1.899789 -0.000027 9.617838 1.684980 -4.997784 35.156121 -7.368572 -0.000002 22.037369 7.501077 -0.000001 -0.000000 0.000001 -4.569994 11.014879 -2.160856 -2.707389 6.648525 9.770654 0.059549 31.373132 55.948996 0.000002 12.602169 0.000016 5.346803 -4.578970 -20.860115 -2.464806 -1.573949 2.681907 -0.184855 0.811014 0.379089 14.555157 -10.338189 -17.751404 -2.646266 -1.527810 1.527819 3.082443 6.845677 -24.355264 -1.994586 -1.151582 1.151594 0.000002 -0.000003 0.000001 -9.108315 -0.517872 2.259801 -1.953985 1.211413 24.349884 0.102774 -0.974068 12.047025 0.106950 -0.993362 12.289313 -0.000001 -0.000000 0.000001 -9.532526 0.000024 -0.000003 -0.068666 -3.360483 30.624540 0.243089 -1.486467 18.575051 0.087635 -0.900177 11.120835 -0.000001 0.000000 0.000001 -9.103592 -0.043077 -1.865102 2.118676 -6.841610 32.929189 0.379628 -1.843450 23.271892 0.273419 -1.573775 19.710425 -0.000000 -0.000000 0.000003 -8.076701 -0.486710 -3.806299 0.991103 -5.107808 35.939882 0.407274 -1.906395 24.116689 0.180034 -1.283656 15.966120 -0.000001 -0.000001 -0.000001 4.570409 11.014674 -2.160819 1.287955 2.046100 -7.556872 -1.901029 -19.818070 -67.839624 -0.000011 -29.221434 -0.000003 5.898197 -13.966571 6.155450 2.466100 -1.576220 2.681682 34.633123 -11.154949 20.382239 10.317226 22.375524 -4.922742 2.647883 -1.528764 1.528759 -16.283839 5.393256 11.804527 1.998913 -1.154078 1.154080 -0.000003 -0.000003 0.000001 9.109294 -0.518012 2.259891 -2.909576 -5.343379 -19.893648 0.730460 2.834864 -28.894699 0.303374 1.862604 -18.501762 -0.000001 -0.000001 -0.000003 9.533396 0.000008 -0.000010 -0.724664 3.070716 -34.949856 0.579096 2.541651 -25.668138 0.407568 2.148889 -21.478351 0.000001 0.000000 -0.000001 9.104514 -0.042995 -1.865108 0.244378 4.333218 -32.106370 0.880801 3.091304 -31.802539 0.978993 3.244073 -33.579546 -0.000003 0.000000 -0.000001 8.077804 -0.486901 -3.806307 0.557548 4.785952 -28.297472 0.460897 2.279635 -22.858487 0.526838 2.430072 -24.463654 -0.000001 -0.000003 0.000000 -8.207801 -6.751716 -1.599519 -16.127284 -7.565109 3.227803 26.370100 2.238429 0.317214 -14.749332 0.586886 -4.965500 -8.080943 0.000010 0.000010 0.000001 0.000000 0.000000 8.207799 -6.751707 -1.599520 -34.281672 -0.963971 2.942293 55.851789 -3.279518 0.048550 -2.900302 0.145710 -4.018894 -7.573397 0.000031 -0.000004 -0.000001 0.000001 -0.000001 
-180.540848 100.572144 0.894567 11.577512 -65.786340 10.004001 0.000008 10.181551 0.131543 5.891045 7.379646 -0.294875 4.207033 4.750665 -0.407742 4.180449 4.776967 -0.387796 0.000001 16.740366 -2.049029 4.751500 5.601002 1.899789 -0.000027 9.617838 1.684980 -4.997784 35.156121 -7.368572 -0.000002 22.037369 7.501077 -0.000001 -0.000000 0.000001 -4.569994 11.014879 -2.160856 -2.707389 6.648525 9.770654 0.059549 31.373132 55.948996 0.000002 12.602169 0.000016 5.346803 -4.578970 -20.860115 -2.464806 -1.573949 2.681907 -0.184855 0.811014 0.379089 14.555157 -10.338189 -17.751404 -2.646266 -1.527810 1.527819 3.082443 6.845677 -24.355264 -1.994586 -1.151582 1.151594 0.000002 -0.000003 0.000001 -9.108315 -0.517872 2.259801 -1.953985 1.211413 24.349884 0.102774 -0.974068 12.047025 0.106950 -0.993362 12.289313 -0.000001 -0.000000 0.000001 -9.532526 0.000024 -0.000003 -0.068666 -3.360483 30.624540 0.243089 -1.486467 18.575051 0.087635 -0.900177 11.120835 -0.000001 0.000000 0.000001 -9.103592 -0.043077 -1.865102 2.118676 -6.841610 32.929189 0.379628 -1.843450 23.271892 0.273419 -1.573775 19.710425 -0.000000 -0.000000 0.000003 -8.076701 -0.486710 -3.806299 0.991103 -5.107808 35.939882 0.407274 -1.906395 24.116689 0.180034 -1.283656 15.966120 -0.000001 -0.000001 -0.000001 4.570409 11.014674 -2.160819 1.287955 2.046100 -7.556872 -1.901029 -19.818070 -67.839624 -0.000011 -29.221434 -0.000003 5.898197 -13.966571 6.155450 2.466100 -1.576220 2.681682 34.633123 -11.154949 20.382239 10.317226 22.375524 -4.922742 2.647883 -1.528764 1.528759 -16.283839 5.393256 11.804527 1.998913 -1.154078 1.154080 -0.000003 -0.000003 0.000001 9.109294 -0.518012 2.259891 -2.909576 -5.343379 -19.893648 0.730460 2.834864 -28.894699 0.303374 1.862604 -18.501762 -0.000001 -0.000001 -0.000003 9.533396 0.000008 -0.000010 -0.724664 3.070716 -34.949856 0.579096 2.541651 -25.668138 0.407568 2.148889 -21.478351 0.000001 0.000000 -0.000001 9.104514 -0.042995 -1.865108 0.244378 4.333218 -32.106370 0.880801 3.091304 -31.802539 0.978993 3.244073 -33.579546 -0.000003 0.000000 -0.000001 8.077804 -0.486901 -3.806307 0.557548 4.785952 -28.297472 0.460897 2.279635 -22.858487 0.526838 2.430072 -24.463654 -0.000001 -0.000003 0.000000 -8.207801 -6.751716 -1.599519 -16.127284 -7.565109 3.227803 26.370100 2.238429 0.317214 -14.749332 0.586886 -4.965500 -8.080943 0.000010 0.000010 0.000001 0.000000 0.000000 8.207799 -6.751707 -1.599520 -34.281672 -0.963971 2.942293 55.851789 -3.279518 0.048550 -2.900302 0.145710 -4.018894 -7.573397 0.000031 -0.000004 -0.000001 0.000001 -0.000001 
-180.540848 100.572144 0.894567 11.577512 -65.786340 10.004001 0.000008 10.181551 0.131543 5.891045 7.379646 -0.294875 4.207033 4.750665 -0.407742 4.180449 4.776967 -0.387796 0.000001 16.740366 -2.049029 4.751500 5.601002 1.899789 -0.000027 9.617838 1.684980 -4.997784 35.156121 -7.368572 -0.000002 22.037369 7.501077 -0.000001 -0.000000 0.000001 -4.569994 11.014879 -2.160856 -2.707389 6.648525 9.770654 0.059549 31.373132 55.948996 0.000002 12.602169 0.000016 5.346803 -4.578970 -20.860115 -2.464806 -1.573949 2.681907 -0.184855 0.811014 0.379089 14.555157 -10.338189 -17.751404 -2.646266 -1.527810 1.527819 3.082443 6.845677 -24.355264 -1.994586 -1.151582 1.151594 0.000002 -0.000003 0.000001 -9.108315 -0.517872 2.259801 -1.953985 1.211413 24.349884 0.102774 -0.974068 12.047025 0.106950 -0.993362 12.289313 -0.000001 -0.000000 0.000001 -9.532526 0.000024 -0.000003 -0.068666 -3.360483 30.624540 0.243089 -1.486467 18.575051 0.087635 -0.900177 11.120835 -0.000001 0.000000 0.000001 -9.103592 -0.043077 -1.865102 2.118676 -6.841610 32.929189 0.379628 -1.843450 23.271892 0.273419 -1.573775 19.710425 -0.000000 -0.000000 0.000003 -8.076701 -0.486710 -3.806299 0.991103 -5.107808 35.939882 0.407274 -1.906395 24.116689 0.180034 -1.283656 15.966120 -0.000001 -0.000001 -0.000001 4.570409 11.014674 -2.160819 1.287955 2.046100 -7.556872 -1.901029 -19.818070 -67.839624 -0.000011 -29.221434 -0.000003 5.898197 -13.966571 6.155450 2.466100 -1.576220 2.681682 34.633123 -11.154949 20.382239 10.317226 22.375524 -4.922742 2.647883 -1.528764 1.528759 -16.283839 5.393256 11.804527 1.998913 -1.154078 1.154080 -0.000003 -0.000003 0.000001 9.109294 -0.518012 2.259891 -2.909576 -5.343379 -19.893648 0.730460 2.834864 -28.894699 0.303374 1.862604 -18.501762 -0.000001 -0.000001 -0.000003 9.533396 0.000008 -0.000010 -0.724664 3.070716 -34.949856 0.579096 2.541651 -25.668138 0.407568 2.148889 -21.478351 0.000001 0.000000 -0.000001 9.104514 -0.042995 -1.865108 0.244378 4.333218 -32.106370 0.880801 3.091304 -31.802539 0.978993 3.244073 -33.579546 -0.000003 0.000000 -0.000001 8.077804 -0.486901 -3.806307 0.557548 4.785952 -28.297472 0.460897 2.279635 -22.858487 0.526838 2.430072 -24.463654 -0.000001 -0.000003 0.000000 -8.207801 -6.751716 -1.599519 -16.127284 -7.565109 3.227803 26.370100 2.238429 0.317214 -14.749332 0.586886 -4.965500 -8.080943 0.000010 0.000010 0.000001 0.000000 0.000000 8.207799 -6.751707 -1.599520 -34.281672 -0.963971 2.942293 55.851789 -3.279518 0.048550 -2.900302 0.145710 -4.018894 -7.573397 0.000031 -0.000004 -0.000001 0.000001 -0.000001 
-180.540848 100.572144 0.894567 11.577512 -65.786340 10.004001 0.000008 10.181551 0.131543 5.891045 7.379646 -0.294875 4.207033 4.750665 -0.407742 4.180449 4.776967 -0.387796 0.000001 16.740366 -2.049029 4.751500 5.601002 1.899789 -0.000027 9.617838 1.684980 -4.997784 35.156121 -7.368572 -0.000002 22.037369 7.501077 -0.000001 -0.000000 0.000001 -4.569994 11.014879 -2.160856 -2.707389 6.648525 9.770654 0.059549 31.373132 55.948996 0.000002 12.602169 0.000016 5.346803 -4.578970 -20.860115 -2.464806 -1.573949 2.681907 -0.184855 0.811014 0.379089 14.555157 -10.338189 -17.751404 -2.646266 -1.527810 1.527819 3.082443 6.845677 -24.355264 -1.994586 -1.151582 1.151594 0.000002 -0.000003 0.000001 -9.108315 -0.517872 2.259801 -1.953985 1.211413 24.349884 0.102774 -0.974068 12.047025 0.106950 -0.993362 12.289313 -0.000001 -0.000000 0.000001 -9.532526 0.000024 -0.000003 -0.068666 -3.360483 30.624540 0.243089 -1.486467 18.575051 0.087635 -0.900177 11.120835 -0.000001 0.000000 0.000001 -9.103592 -0.043077 -1.865102 2.118676 -6.841610 32.929189 0.379628 -1.843450 23.271892 0.273419 -1.573775 19.710425 -0.000000 -0.000000 0.000003 -8.076701 -0.486710 -3.806299 0.991103 -5.107808 35.939882 0.407274 -1.906395 24.116689 0.180034 -1.283656 15.966120 -0.000001 -0.000001 -0.000001 4.570409 11.014674 -2.160819 1.287955 2.046100 -7.556872 -1.901029 -19.818070 -67.839624 -0.000011 -29.221434 -0.000003 5.898197 -13.966571 6.155450 2.466100 -1.576220 2.681682 34.633123 -11.154949 20.382239 10.317226 22.375524 -4.922742 2.647883 -1.528764 1.528759 -16.283839 5.393256 11.804527 1.998913 -1.154078 1.154080 -0.000003 -0.000003 0.000001 9.109294 -0.518012 2.259891 -2.909576 -5.343379 -19.893648 0.730460 2.834864 -28.894699 0.303374 1.862604 -18.501762 -0.000001 -0.000001 -0.000003 9.533396 0.000008 -0.000010 -0.724664 3.070716 -34.949856 0.579096 2.541651 -25.668138 0.407568 2.148889 -21.478351 0.000001 0.000000 -0.000001 9.104514 -0.042995 -1.865108 0.244378 4.333218 -32.106370 0.880801 3.091304 -31.802539 0.978993 3.244073 -33.579546 -0.000003 0.000000 -0.000001 8.077804 -0.486901 -3.806307 0.557548 4.785952 -28.297472 0.460897 2.279635 -22.858487 0.526838 2.430072 -24.463654 -0.000001 -0.000003 0.000000 -8.207801 -6.751716 -1.599519 -16.127284 -7.565109 3.227803 26.370100 2.238429 0.317214 -14.749332 0.586886 -4.965500 -8.080943 0.000010 0.000010 0.000001 0.000000 0.000000 8.207799 -6.751707 -1.599520 -34.281672 -0.963971 2.942293 55.851789 -3.279518 0.048550 -2.900302 0.145710 -4.018894 -7.573397 0.000031 -0.000004 -0.000001 0.000001 -0.000001 
-180.540848 100.572144 0.894567 11.577512 -65.786340 10.004001 0.000008 10.181551 0.131543 5.891045 7.379646 -0.294875 4.207033 4.750665 -0.407742 4.180449 4.776967 -0.387796 0.000001 16.740366 -2.049029 4.751500 5.601002 1.899789 -0.000027 9.617838 1.684980 -4.997784 35.156121 -7.368572 -0.000002 22.037369 7.501077 -0.000001 -0.000000 0.000001 -4.569994 11.014879 -2.160856 -2.707389 6.648525 9.770654 0.059549 31.373132 55.948996 0.000002 12.602169 0.000016 5.346803 -4.578970 -20.860115 -2.464806 -1.573949 2.681907 -0.184855 0.811014 0.379089 14.555157 -10.338189 -17.751404 -2.646266 -1.527810 1.527819 3.082443 6.845677 -24.355264 -1.994586 -1.151582 1.151594 0.000002 -0.000003 0.000001 -9.108315 -0.517872 2.259801 -1.953985 1.211413 24.349884 0.102774 -0.974068 12.047025 0.106950 -0.993362 12.289313 -0.000001 -0.000000 0.000001 -9.532526 0.000024 -0.000003 -0.068666 -3.360483 30.624540 0.243089 -1.486467 18.575051 0.087635 -0.900177 11.120835 -0.000001 0.000000 0.000001 -9.103592 -0.043077 -1.865102 2.118676 -6.841610 32.929189 0.379628 -1.843450 23.271892 0.273419 -1.573775 19.710425 -0.000000 -0.000000 0.000003 -8.076701 -0.486710 -3.806299 0.991103 -5.107808 35.939882 0.407274 -1.906395 24.116689 0.180034 -1.283656 15.966120 -0.000001 -0.000001 -0.000001 4.570409 11.014674 -2.160819 1.287955 2.046100 -7.556872 -1.901029 -19.818070 -67.839624 -0.000011 -29.221434 -0.000003 5.898197 -13.966571 6.155450 2.466100 -1.576220 2.681682 34.633123 -11.154949 20.382239 10.317226 22.375524 -4.922742 2.647883 -1.528764 1.528759 -16.283839 5.393256 11.804527 1.998913 -1.154078 1.154080 -0.000003 -0.000003 0.000001 9.109294 -0.518012 2.259891 -2.909576 -5.343379 -19.893648 0.730460 2.834864 -28.894699 0.303374 1.862604 -18.501762 -0.000001 -0.000001 -0.000003 9.533396 0.000008 -0.000010 -0.724664 3.070716 -34.949856 0.579096 2.541651 -25.668138 0.407568 2.148889 -21.478351 0.000001 0.000000 -0.000001 9.104514 -0.042995 -1.865108 0.244378 4.333218 -32.106370 0.880801 3.091304 -31.802539 0.978993 3.244073 -33.579546 -0.000003 0.000000 -0.000001 8.077804 -0.486901 -3.806307 0.557548 4.785952 -28.297472 0.460897 2.279635 -22.858487 0.526838 2.430072 -24.463654 -0.000001 -0.000003 0.000000 -8.207801 -6.751716 -1.599519 -16.127284 -7.565109 3.227803 26.370100 2.238429 0.317214 -14.749332 0.586886 -4.965500 -8.080943 0.000010 0.000010 0.000001 0.000000 0.000000 8.207799 -6.751707 -1.599520 -34.281672 -0.963971 2.942293 55.851789 -3.279518 0.048550 -2.900302 0.145710 -4.018894 -7.573397 0.000031 -0.000004 -0.000001 0.000001 -0.000001 
-180.540848 100.572144 0.894567 11.577512 -65.786340 10.004001 0.000008 10.181551 0.131543 5.891045 7.379646 -0.294875 4.207033 4.750665 -0.407742 4.180449 4.776967 -0.387796 0.000001 16.740366 -2.049029 4.751500 5.601002 1.899789 -0.000027 9.617838 1.684980 -4.997784 35.156121 -7.368572 -0.000002 22.037369 7.501077 -0.000001 -0.000000 0.000001 -4.569994 11.014879 -2.160856 -2.707389 6.648525 9.770654 0.059549 31.373132 55.948996 0.000002 12.602169 0.000016 5.346803 -4.578970 -20.860115 -2.464806 -1.573949 2.681907 -0.184855 0.811014 0.379089 14.555157 -10.338189 -17.751404 -2.646266 -1.527810 1.527819 3.082443 6.845677 -24.355264 -1.994586 -1.151582 1.151594 0.000002 -0.000003 0.000001 -9.108315 -0.517872 2.259801 -1.953985 1.211413 24.349884 0.102774 -0.974068 12.047025 0.106950 -0.993362 12.289313 -0.000001 -0.000000 0.000001 -9.532526 0.000024 -0.000003 -0.068666 -3.360483 30.624540 0.243089 -1.486467 18.575051 0.087635 -0.900177 11.120835 -0.000001 0.000000 0.000001 -9.103592 -0.043077 -1.865102 2.118676 -6.841610 32.929189 0.379628 -1.843450 23.271892 0.273419 -1.573775 19.710425 -0.000000 -0.000000 0.000003 -8.076701 -0.486710 -3.806299 0.991103 -5.107808 35.939882 0.407274 -1.906395 24.116689 0.180034 -1.283656 15.966120 -0.000001 -0.000001 -0.000001 4.570409 11.014674 -2.160819 1.287955 2.046100 -7.556872 -1.901029 -19.818070 -67.839624 -0.000011 -29.221434 -0.000003 5.898197 -13.966571 6.155450 2.466100 -1.576220 2.681682 34.633123 -11.154949 20.382239 10.317226 22.375524 -4.922742 2.647883 -1.528764 1.528759 -16.283839 5.393256 11.804527 1.998913 -1.154078 1.154080 -0.000003 -0.000003 0.000001 9.109294 -0.518012 2.259891 -2.909576 -5.343379 -19.893648 0.730460 2.834864 -28.894699 0.303374 1.862604 -18.501762 -0.000001 -0.000001 -0.000003 9.533396 0.000008 -0.000010 -0.724664 3.070716 -34.949856 0.579096 2.541651 -25.668138 0.407568 2.148889 -21.478351 0.000001 0.000000 -0.000001 9.104514 -0.042995 -1.865108 0.244378 4.333218 -32.106370 0.880801 3.091304 -31.802539 0.978993 3.244073 -33.579546 -0.000003 0.000000 -0.000001 8.077804 -0.486901 -3.806307 0.557548 4.785952 -28.297472 0.460897 2.279635 -22.858487 0.526838 2.430072 -24.463654 -0.000001 -0.000003 0.000000 -8.207801 -6.751716 -1.599519 -16.127284 -7.565109 3.227803 26.370100 2.238429 0.317214 -14.749332 0.586886 -4.965500 -8.080943 0.000010 0.000010 0.000001 0.000000 0.000000 8.207799 -6.751707 -1.599520 -34.281672 -0.963971 2.942293 55.851789 -3.279518 0.048550 -2.900302 0.145710 -4.018894 -7.573397 0.000031 -0.000004 -0.000001 0.000001 -0.000001 
-180.540848 100.572144 0.894567 11.577512 -65.786340 10.004001 0.000008 10.181551 0.131543 5.891045 7.379646 -0.294875 4.207033 4.750665 -0.407742 4.180449 4.776967 -0.387796 0.000001 16.740366 -2.049029 4.751500 5.601002 1.899789 -0.000027 9.617838 1.684980 -4.997784 35.156121 -7.368572 -0.000002 22.037369 7.501077 -0.000001 -0.000000 0.000001 -4.569994 11.014879 -2.160856 -2.707389 6.648525 9.770654 0.059549 31.373132 55.948996 0.000002 12.602169 0.000016 5.346803 -4.578970 -20.860115 -2.464806 -1.573949 2.681907 -0.184855 0.811014 0.379089 14.555157 -10.338189 -17.751404 -2.646266 -1.527810 1.527819 3.082443 6.845677 -24.355264 -1.994586 -1.151582 1.151594 0.000002 -0.000003 0.000001 -9.108315 -0.517872 2.259801 -1.953985 1.211413 24.349884 0.102774 -0.974068 12.047025 0.106950 -0.993362 12.289313 -0.000001 -0.000000 0.000001 -9.532526 0.000024 -0.000003 -0.068666 -3.360483 30.624540 0.243089 -1.486467 18.575051 0.087635 -0.900177 11.120835 -0.000001 0.000000 0.000001 -9.103592 -0.043077 -1.865102 2.118676 -6.841610 32.929189 0.379628 -1.843450 23.271892 0.273419 -1.573775 19.710425 -0.000000 -0.000000 0.000003 -8.076701 -0.486710 -3.806299 0.991103 -5.107808 35.939882 0.407274 -1.906395 24.116689 0.180034 -1.283656 15.966120 -0.000001 -0.000001 -0.000001 4.570409 11.014674 -2.160819 1.287955 2.046100 -7.556872 -1.901029 -19.818070 -67.839624 -0.000011 -29.221434 -0.000003 5.898197 -13.966571 6.155450 2.466100 -1.576220 2.681682 34.633123 -11.154949 20.382239 10.317226 22.375524 -4.922742 2.647883 -1.528764 1.528759 -16.283839 5.393256 11.804527 1.998913 -1.154078 1.154080 -0.000003 -0.000003 0.000001 9.109294 -0.518012 2.259891 -2.909576 -5.343379 -19.893648 0.730460 2.834864 -28.894699 0.303374 1.862604 -18.501762 -0.000001 -0.000001 -0.000003 9.533396 0.000008 -0.000010 -0.724664 3.070716 -34.949856 0.579096 2.541651 -25.668138 0.407568 2.148889 -21.478351 0.000001 0.000000 -0.000001 9.104514 -0.042995 -1.865108 0.244378 4.333218 -32.106370 0.880801 3.091304 -31.802539 0.978993 3.244073 -33.579546 -0.000003 0.000000 -0.000001 8.077804 -0.486901 -3.806307 0.557548 4.785952 -28.297472 0.460897 2.279635 -22.858487 0.526838 2.430072 -24.463654 -0.000001 -0.000003 0.000000 -8.207801 -6.751716 -1.599519 -16.127284 -7.565109 3.227803 26.370100 2.238429 0.317214 -14.749332 0.586886 -4.965500 -8.080943 0.000010 0.000010 0.000001 0.000000 0.000000 8.207799 -6.751707 -1.599520 -34.281672 -0.963971 2.942293 55.851789 -3.279518 0.048550 -2.900302 0.145710 -4.018894 -7.573397 0.000031 -0.000004 -0.000001 0.000001 -0.000001 
-180.540848 100.572144 0.894567 11.577512 -65.786340 10.004001 0.000008 10.181551 0.131543 5.891045 7.379646 -0.294875 4.207033 4.750665 -0.407742 4.180449 4.776967 -0.387796 0.000001 16.740366 -2.049029 4.751500 5.601002 1.899789 -0.000027 9.617838 1.684980 -4.997784 35.156121 -7.368572 -0.000002 22.037369 7.501077 -0.000001 -0.000000 0.000001 -4.569994 11.014879 -2.160856 -2.707389 6.648525 9.770654 0.059549 31.373132 55.948996 0.000002 12.602169 0.000016 5.346803 -4.578970 -20.860115 -2.464806 -1.573949 2.681907 -0.184855 0.811014 0.379089 14.555157 -10.338189 -17.751404 -2.646266 -1.527810 1.527819 3.082443 6.845677 -24.355264 -1.994586 -1.151582 1.151594 0.000002 -0.000003 0.000001 -9.108315 -0.517872 2.259801 -1.953985 1.211413 24.349884 0.102774 -0.974068 12.047025 0.106950 -0.993362 12.289313 -0.000001 -0.000000 0.000001 -9.532526 0.000024 -0.000003 -0.068666 -3.360483 30.624540 0.243089 -1.486467 18.575051 0.087635 -0.900177 11.120835 -0.000001 0.000000 0.000001 -9.103592 -0.043077 -1.865102 2.118676 -6.841610 32.929189 0.379628 -1.843450 23.271892 0.273419 -1.573775 19.710425 -0.000000 -0.000000 0.000003 -8.076701 -0.486710 -3.806299 0.991103 -5.107808 35.939882 0.407274 -1.906395 24.116689 0.180034 -1.283656 15.966120 -0.000001 -0.000001 -0.000001 4.570409 11.014674 -2.160819 1.287955 2.046100 -7.556872 -1.901029 -19.818070 -67.839624 -0.000011 -29.221434 -0.000003 5.898197 -13.966571 6.155450 2.466100 -1.576220 2.681682 34.633123 -11.154949 20.382239 10.317226 22.375524 -4.922742 2.647883 -1.528764 1.528759 -16.283839 5.393256 11.804527 1.998913 -1.154078 1.154080 -0.000003 -0.000003 0.000001 9.109294 -0.518012 2.259891 -2.909576 -5.343379 -19.893648 0.730460 2.834864 -28.894699 0.303374 1.862604 -18.501762 -0.000001 -0.000001 -0.000003 9.533396 0.000008 -0.000010 -0.724664 3.070716 -34.949856 0.579096 2.541651 -25.668138 0.407568 2.148889 -21.478351 0.000001 0.000000 -0.000001 9.104514 -0.042995 -1.865108 0.244378 4.333218 -32.106370 0.880801 3.091304 -31.802539 0.978993 3.244073 -33.579546 -0.000003 0.000000 -0.000001 8.077804 -0.486901 -3.806307 0.557548 4.785952 -28.297472 0.460897 2.279635 -22.858487 0.526838 2.430072 -24.463654 -0.000001 -0.000003 0.000000 -8.207801 -6.751716 -1.599519 -16.127284 -7.565109 3.227803 26.370100 2.238429 0.317214 -14.749332 0.586886 -4.965500 -8.080943 0.000010 0.000010 0.000001 0.000000 0.000000 8.207799 -6.751707 -1.599520 -34.281672 -0.963971 2.942293 55.851789 -3.279518 0.048550 -2.900302 0.145710 -4.018894 -7.573397 0.000031 -0.000004 -0.000001 0.000001 -0.000001 
-180.540848 100.572144 0.894567 11.577512 -65.786340 10.004001 0.000008 10.181551 0.131543 5.891045 7.379646 -0.294875 4.207033 4.750665 -0.407742 4.180449 4.776967 -0.387796 0.000001 16.740366 -2.049029 4.751500 5.601002 1.899789 -0.000027 9.617838 1.684980 -4.997784 35.156121 -7.368572 -0.000002 22.037369 7.501077 -0.000001 -0.000000 0.000001 -4.569994 11.014879 -2.160856 -2.707389 6.648525 9.770654 0.059549 31.373132 55.948996 0.000002 12.602169 0.000016 5.346803 -4.578970 -20.860115 -2.464806 -1.573949 2.681907 -0.184855 0.811014 0.379089 14.555157 -10.338189 -17.751404 -2.646266 -1.527810 1.527819 3.082443 6.845677 -24.355264 -1.994586 -1.151582 1.151594 0.000002 -0.000003 0.000001 -9.108315 -0.517872 2.259801 -1.953985 1.211413 24.349884 0.102774 -0.974068 12.047025 0.106950 -0.993362 12.289313 -0.000001 -0.000000 0.000001 -9.532526 0.000024 -0.000003 -0.068666 -3.360483 30.624540 0.243089 -1.486467 18.575051 0.087635 -0.900177 11.120835 -0.000001 0.000000 0.000001 -9.103592 -0.043077 -1.865102 2.118676 -6.841610 32.929189 0.379628 -1.843450 23.271892 0.273419 -1.573775 19.710425 -0.000000 -0.000000 0.000003 -8.076701 -0.486710 -3.806299 0.991103 -5.107808 35.939882 0.407274 -1.906395 24.116689 0.180034 -1.283656 15.966120 -0.000001 -0.000001 -0.000001 4.570409 11.014674 -2.160819 1.287955 2.046100 -7.556872 -1.901029 -19.818070 -67.839624 -0.000011 -29.221434 -0.000003 5.898197 -13.966571 6.155450 2.466100 -1.576220 2.681682 34.633123 -11.154949 20.382239 10.317226 22.375524 -4.922742 2.647883 -1.528764 1.528759 -16.283839 5.393256 11.804527 1.998913 -1.154078 1.154080 -0.000003 -0.000003 0.000001 9.109294 -0.518012 2.259891 -2.909576 -5.343379 -19.893648 0.730460 2.834864 -28.894699 0.303374 1.862604 -18.501762 -0.000001 -0.000001 -0.000003 9.533396 0.000008 -0.000010 -0.724664 3.070716 -34.949856 0.579096 2.541651 -25.668138 0.407568 2.148889 -21.478351 0.000001 0.000000 -0.000001 9.104514 -0.042995 -1.865108 0.244378 4.333218 -32.106370 0.880801 3.091304 -31.802539 0.978993 3.244073 -33.579546 -0.000003 0.000000 -0.000001 8.077804 -0.486901 -3.806307 0.557548 4.785952 -28.297472 0.460897 2.279635 -22.858487 0.526838 2.430072 -24.463654 -0.000001 -0.000003 0.000000 -8.207801 -6.751716 -1.599519 -16.127284 -7.565109 3.227803 26.370100 2.238429 0.317214 -14.749332 0.586886 -4.965500 -8.080943 0.000010 0.000010 0.000001 0.000000 0.000000 8.207799 -6.751707 -1.599520 -34.281672 -0.963971 2.942293 55.851789 -3.279518 0.048550 -2.900302 0.145710 -4.018894 -7.573397 0.000031 -0.000004 -0.000001 0.000001 -0.000001 
-180.540848 100.572144 0.894567 11.577512 -65.786340 10.004001 0.000008 10.181551 0.131543 5.891045 7.379646 -0.294875 4.207033 4.750665 -0.407742 4.180449 4.776967 -0.387796 0.000001 16.740366 -2.049029 4.751500 5.601002 1.899789 -0.000027 9.617838 1.684980 -4.997784 35.156121 -7.368572 -0.000002 22.037369 7.501077 -0.000001 -0.000000 0.000001 -4.569994 11.014879 -2.160856 -2.707389 6.648525 9.770654 0.059549 31.373132 55.948996 0.000002 12.602169 0.000016 5.346803 -4.578970 -20.860115 -2.464806 -1.573949 2.681907 -0.184855 0.811014 0.379089 14.555157 -10.338189 -17.751404 -2.646266 -1.527810 1.527819 3.082443 6.845677 -24.355264 -1.994586 -1.151582 1.151594 0.000002 -0.000003 0.000001 -9.108315 -0.517872 2.259801 -1.953985 1.211413 24.349884 0.102774 -0.974068 12.047025 0.106950 -0.993362 12.289313 -0.000001 -0.000000 0.000001 -9.532526 0.000024 -0.000003 -0.068666 -3.360483 30.624540 0.243089 -1.486467 18.575051 0.087635 -0.900177 11.120835 -0.000001 0.000000 0.000001 -9.103592 -0.043077 -1.865102 2.118676 -6.841610 32.929189 0.379628 -1.843450 23.271892 0.273419 -1.573775 19.710425 -0.000000 -0.000000 0.000003 -8.076701 -0.486710 -3.806299 0.991103 -5.107808 35.939882 0.407274 -1.906395 24.116689 0.180034 -1.283656 15.966120 -0.000001 -0.000001 -0.000001 4.570409 11.014674 -2.160819 1.287955 2.046100 -7.556872 -1.901029 -19.818070 -67.839624 -0.000011 -29.221434 -0.000003 5.898197 -13.966571 6.155450 2.466100 -1.576220 2.681682 34.633123 -11.154949 20.382239 10.317226 22.375524 -4.922742 2.647883 -1.528764 1.528759 -16.283839 5.393256 11.804527 1.998913 -1.154078 1.154080 -0.000003 -0.000003 0.000001 9.109294 -0.518012 2.259891 -2.909576 -5.343379 -19.893648 0.730460 2.834864 -28.894699 0.303374 1.862604 -18.501762 -0.000001 -0.000001 -0.000003 9.533396 0.000008 -0.000010 -0.724664 3.070716 -34.949856 0.579096 2.541651 -25.668138 0.407568 2.148889 -21.478351 0.000001 0.000000 -0.000001 9.104514 -0.042995 -1.865108 0.244378 4.333218 -32.106370 0.880801 3.091304 -31.802539 0.978993 3.244073 -33.579546 -0.000003 0.000000 -0.000001 8.077804 -0.486901 -3.806307 0.557548 4.785952 -28.297472 0.460897 2.279635 -22.858487 0.526838 2.430072 -24.463654 -0.000001 -0.000003 0.000000 -8.207801 -6.751716 -1.599519 -16.127284 -7.565109 3.227803 26.370100 2.238429 0.317214 -14.749332 0.586886 -4.965500 -8.080943 0.000010 0.000010 0.000001 0.000000 0.000000 8.207799 -6.751707 -1.599520 -34.281672 -0.963971 2.942293 55.851789 -3.279518 0.048550 -2.900302 0.145710 -4.018894 -7.573397 0.000031 -0.000004 -0.000001 0.000001 -0.000001 
-180.540848 100.572144 0.894567 11.577512 -65.786340 10.004001 0.000008 10.181551 0.131543 5.891045 7.379646 -0.294875 4.207033 4.750665 -0.407742 4.180449 4.776967 -0.387796 0.000001 16.740366 -2.049029 4.751500 5.601002 1.899789 -0.000027 9.617838 1.684980 -4.997784 35.156121 -7.368572 -0.000002 22.037369 7.501077 -0.000001 -0.000000 0.000001 -4.569994 11.014879 -2.160856 -2.707389 6.648525 9.770654 0.059549 31.373132 55.948996 0.000002 12.602169 0.000016 5.346803 -4.578970 -20.860115 -2.464806 -1.573949 2.681907 -0.184855 0.811014 0.379089 14.555157 -10.338189 -17.751404 -2.646266 -1.527810 1.527819 3.082443 6.845677 -24.355264 -1.994586 -1.151582 1.151594 0.000002 -0.000003 0.000001 -9.108315 -0.517872 2.259801 -1.953985 1.211413 24.349884 0.102774 -0.974068 12.047025 0.106950 -0.993362 12.289313 -0.000001 -0.000000 0.000001 -9.532526 0.000024 -0.000003 -0.068666 -3.360483 30.624540 0.243089 -1.486467 18.575051 0.087635 -0.900177 11.120835 -0.000001 0.000000 0.000001 -9.103592 -0.043077 -1.865102 2.118676 -6.841610 32.929189 0.379628 -1.843450 23.271892 0.273419 -1.573775 19.710425 -0.000000 -0.000000 0.000003 -8.076701 -0.486710 -3.806299 0.991103 -5.107808 35.939882 0.407274 -1.906395 24.116689 0.180034 -1.283656 15.966120 -0.000001 -0.000001 -0.000001 4.570409 11.014674 -2.160819 1.287955 2.046100 -7.556872 -1.901029 -19.818070 -67.839624 -0.000011 -29.221434 -0.000003 5.898197 -13.966571 6.155450 2.466100 -1.576220 2.681682 34.633123 -11.154949 20.382239 10.317226 22.375524 -4.922742 2.647883 -1.528764 1.528759 -16.283839 5.393256 11.804527 1.998913 -1.154078 1.154080 -0.000003 -0.000003 0.000001 9.109294 -0.518012 2.259891 -2.909576 -5.343379 -19.893648 0.730460 2.834864 -28.894699 0.303374 1.862604 -18.501762 -0.000001 -0.000001 -0.000003 9.533396 0.000008 -0.000010 -0.724664 3.070716 -34.949856 0.579096 2.541651 -25.668138 0.407568 2.148889 -21.478351 0.000001 0.000000 -0.000001 9.104514 -0.042995 -1.865108 0.244378 4.333218 -32.106370 0.880801 3.091304 -31.802539 0.978993 3.244073 -33.579546 -0.000003 0.000000 -0.000001 8.077804 -0.486901 -3.806307 0.557548 4.785952 -28.297472 0.460897 2.279635 -22.858487 0.526838 2.430072 -24.463654 -0.000001 -0.000003 0.000000 -8.207801 -6.751716 -1.599519 -16.127284 -7.565109 3.227803 26.370100 2.238429 0.317214 -14.749332 0.586886 -4.965500 -8.080943 0.000010 0.000010 0.000001 0.000000 0.000000 8.207799 -6.751707 -1.599520 -34.281672 -0.963971 2.942293 55.851789 -3.279518 0.048550 -2.900302 0.145710 -4.018894 -7.573397 0.000031 -0.000004 -0.000001 0.000001 -0.000001 
-180.540848 100.572144 0.894567 11.577512 -65.786340 10.004001 0.000008 10.181551 0.131543 5.891045 7.379646 -0.294875 4.207033 4.750665 -0.407742 4.180449 4.776967 -0.387796 0.000001 16.740366 -2.049029 4.751500 5.601002 1.899789 -0.000027 9.617838 1.684980 -4.997784 35.156121 -7.368572 -0.000002 22.037369 7.501077 -0.000001 -0.000000 0.000001 -4.569994 11.014879 -2.160856 -2.707389 6.648525 9.770654 0.059549 31.373132 55.948996 0.000002 12.602169 0.000016 5.346803 -4.578970 -20.860115 -2.464806 -1.573949 2.681907 -0.184855 0.811014 0.379089 14.555157 -10.338189 -17.751404 -2.646266 -1.527810 1.527819 3.082443 6.845677 -24.355264 -1.994586 -1.151582 1.151594 0.000002 -0.000003 0.000001 -9.108315 -0.517872 2.259801 -1.953985 1.211413 24.349884 0.102774 -0.974068 12.047025 0.106950 -0.993362 12.289313 -0.000001 -0.000000 0.000001 -9.532526 0.000024 -0.000003 -0.068666 -3.360483 30.624540 0.243089 -1.486467 18.575051 0.087635 -0.900177 11.120835 -0.000001 0.000000 0.000001 -9.103592 -0.043077 -1.865102 2.118676 -6.841610 32.929189 0.379628 -1.843450 23.271892 0.273419 -1.573775 19.710425 -0.000000 -0.000000 0.000003 -8.076701 -0.486710 -3.806299 0.991103 -5.107808 35.939882 0.407274 -1.906395 24.116689 0.180034 -1.283656 15.966120 -0.000001 -0.000001 -0.000001 4.570409 11.014674 -2.160819 1.287955 2.046100 -7.556872 -1.901029 -19.818070 -67.839624 -0.000011 -29.221434 -0.000003 5.898197 -13.966571 6.155450 2.466100 -1.576220 2.681682 34.633123 -11.154949 20.382239 10.317226 22.375524 -4.922742 2.647883 -1.528764 1.528759 -16.283839 5.393256 11.804527 1.998913 -1.154078 1.154080 -0.000003 -0.000003 0.000001 9.109294 -0.518012 2.259891 -2.909576 -5.343379 -19.893648 0.730460 2.834864 -28.894699 0.303374 1.862604 -18.501762 -0.000001 -0.000001 -0.000003 9.533396 0.000008 -0.000010 -0.724664 3.070716 -34.949856 0.579096 2.541651 -25.668138 0.407568 2.148889 -21.478351 0.000001 0.000000 -0.000001 9.104514 -0.042995 -1.865108 0.244378 4.333218 -32.106370 0.880801 3.091304 -31.802539 0.978993 3.244073 -33.579546 -0.000003 0.000000 -0.000001 8.077804 -0.486901 -3.806307 0.557548 4.785952 -28.297472 0.460897 2.279635 -22.858487 0.526838 2.430072 -24.463654 -0.000001 -0.000003 0.000000 -8.207801 -6.751716 -1.599519 -16.127284 -7.565109 3.227803 26.370100 2.238429 0.317214 -14.749332 0.586886 -4.965500 -8.080943 0.000010 0.000010 0.000001 0.000000 0.000000 8.207799 -6.751707 -1.599520 -34.281672 -0.963971 2.942293 55.851789 -3.279518 0.048550 -2.900302 0.145710 -4.018894 -7.573397 0.000031 -0.000004 -0.000001 0.000001 -0.000001 
-180.540848 100.572144 0.894567 11.577512 -65.786340 10.004001 0.000008 10.181551 0.131543 5.891045 7.379646 -0.294875 4.207033 4.750665 -0.407742 4.180449 4.776967 -0.387796 0.000001 16.740366 -2.049029 4.751500 5.601002 1.899789 -0.000027 9.617838 1.684980 -4.997784 35.156121 -7.368572 -0.000002 22.037369 7.501077 -0.000001 -0.000000 0.000001 -4.569994 11.014879 -2.160856 -2.707389 6.648525 9.770654 0.059549 31.373132 55.948996 0.000002 12.602169 0.000016 5.346803 -4.578970 -20.860115 -2.464806 -1.573949 2.681907 -0.184855 0.811014 0.379089 14.555157 -10.338189 -17.751404 -2.646266 -1.527810 1.527819 3.082443 6.845677 -24.355264 -1.994586 -1.151582 1.151594 0.000002 -0.000003 0.000001 -9.108315 -0.517872 2.259801 -1.953985 1.211413 24.349884 0.102774 -0.974068 12.047025 0.106950 -0.993362 12.289313 -0.000001 -0.000000 0.000001 -9.532526 0.000024 -0.000003 -0.068666 -3.360483 30.624540 0.243089 -1.486467 18.575051 0.087635 -0.900177 11.120835 -0.000001 0.000000 0.000001 -9.103592 -0.043077 -1.865102 2.118676 -6.841610 32.929189 0.379628 -1.843450 23.271892 0.273419 -1.573775 19.710425 -0.000000 -0.000000 0.000003 -8.076701 -0.486710 -3.806299 0.991103 -5.107808 35.939882 0.407274 -1.906395 24.116689 0.180034 -1.283656 15.966120 -0.000001 -0.000001 -0.000001 4.570409 11.014674 -2.160819 1.287955 2.046100 -7.556872 -1.901029 -19.818070 -67.839624 -0.000011 -29.221434 -0.000003 5.898197 -13.966571 6.155450 2.466100 -1.576220 2.681682 34.633123 -11.154949 20.382239 10.317226 22.375524 -4.922742 2.647883 -1.528764 1.528759 -16.283839 5.393256 11.804527 1.998913 -1.154078 1.154080 -0.000003 -0.000003 0.000001 9.109294 -0.518012 2.259891 -2.909576 -5.343379 -19.893648 0.730460 2.834864 -28.894699 0.303374 1.862604 -18.501762 -0.000001 -0.000001 -0.000003 9.533396 0.000008 -0.000010 -0.724664 3.070716 -34.949856 0.579096 2.541651 -25.668138 0.407568 2.148889 -21.478351 0.000001 0.000000 -0.000001 9.104514 -0.042995 -1.865108 0.244378 4.333218 -32.106370 0.880801 3.091304 -31.802539 0.978993 3.244073 -33.579546 -0.000003 0.000000 -0.000001 8.077804 -0.486901 -3.806307 0.557548 4.785952 -28.297472 0.460897 2.279635 -22.858487 0.526838 2.430072 -24.463654 -0.000001 -0.000003 0.000000 -8.207801 -6.751716 -1.599519 -16.127284 -7.565109 3.227803 26.370100 2.238429 0.317214 -14.749332 0.586886 -4.965500 -8.080943 0.000010 0.000010 0.000001 0.000000 0.000000 8.207799 -6.751707 -1.599520 -34.281672 -0.963971 2.942293 55.851789 -3.279518 0.048550 -2.900302 0.145710 -4.018894 -7.573397 0.000031 -0.000004 -0.000001 0.000001 -0.000001 
-180.540848 100.572144 0.894567 11.577512 -65.786340 10.004001 0.000008 10.181551 0.131543 5.891045 7.379646 -0.294875 4.207033 4.750665 -0.407742 4.180449 4.776967 -0.387796 0.000001 16.740366 -2.049029 4.751500 5.601002 1.899789 -0.000027 9.617838 1.684980 -4.997784 35.156121 -7.368572 -0.000002 22.037369 7.501077 -0.000001 -0.000000 0.000001 -4.569994 11.014879 -2.160856 -2.707389 6.648525 9.770654 0.059549 31.373132 55.948996 0.000002 12.602169 0.000016 5.346803 -4.578970 -20.860115 -2.464806 -1.573949 2.681907 -0.184855 0.811014 0.379089 14.555157 -10.338189 -17.751404 -2.646266 -1.527810 1.527819 3.082443 6.845677 -24.355264 -1.994586 -1.151582 1.151594 0.000002 -0.000003 0.000001 -9.108315 -0.517872 2.259801 -1.953985 1.211413 24.349884 0.102774 -0.974068 12.047025 0.106950 -0.993362 12.289313 -0.000001 -0.000000 0.000001 -9.532526 0.000024 -0.000003 -0.068666 -3.360483 30.624540 0.243089 -1.486467 18.575051 0.087635 -0.900177 11.120835 -0.000001 0.000000 0.000001 -9.103592 -0.043077 -1.865102 2.118676 -6.841610 32.929189 0.379628 -1.843450 23.271892 0.273419 -1.573775 19.710425 -0.000000 -0.000000 0.000003 -8.076701 -0.486710 -3.806299 0.991103 -5.107808 35.939882 0.407274 -1.906395 24.116689 0.180034 -1.283656 15.966120 -0.000001 -0.000001 -0.000001 4.570409 11.014674 -2.160819 1.287955 2.046100 -7.556872 -1.901029 -19.818070 -67.839624 -0.000011 -29.221434 -0.000003 5.898197 -13.966571 6.155450 2.466100 -1.576220 2.681682 34.633123 -11.154949 20.382239 10.317226 22.375524 -4.922742 2.647883 -1.528764 1.528759 -16.283839 5.393256 11.804527 1.998913 -1.154078 1.154080 -0.000003 -0.000003 0.000001 9.109294 -0.518012 2.259891 -2.909576 -5.343379 -19.893648 0.730460 2.834864 -28.894699 0.303374 1.862604 -18.501762 -0.000001 -0.000001 -0.000003 9.533396 0.000008 -0.000010 -0.724664 3.070716 -34.949856 0.579096 2.541651 -25.668138 0.407568 2.148889 -21.478351 0.000001 0.000000 -0.000001 9.104514 -0.042995 -1.865108 0.244378 4.333218 -32.106370 0.880801 3.091304 -31.802539 0.978993 3.244073 -33.579546 -0.000003 0.000000 -0.000001 8.077804 -0.486901 -3.806307 0.557548 4.785952 -28.297472 0.460897 2.279635 -22.858487 0.526838 2.430072 -24.463654 -0.000001 -0.000003 0.000000 -8.207801 -6.751716 -1.599519 -16.127284 -7.565109 3.227803 26.370100 2.238429 0.317214 -14.749332 0.586886 -4.965500 -8.080943 0.000010 0.000010 0.000001 0.000000 0.000000 8.207799 -6.751707 -1.599520 -34.281672 -0.963971 2.942293 55.851789 -3.279518 0.048550 -2.900302 0.145710 -4.018894 -7.573397 0.000031 -0.000004 -0.000001 0.000001 -0.000001 
-180.540848 100.572144 0.894567 11.577512 -65.786340 10.004001 0.000008 10.181551 0.131543 5.891045 7.379646 -0.294875 4.207033 4.750665 -0.407742 4.180449 4.776967 -0.387796 0.000001 16.740366 -2.049029 4.751500 5.601002 1.899789 -0.000027 9.617838 1.684980 -4.997784 35.156121 -7.368572 -0.000002 22.037369 7.501077 -0.000001 -0.000000 0.000001 -4.569994 11.014879 -2.160856 -2.707389 6.648525 9.770654 0.059549 31.373132 55.948996 0.000002 12.602169 0.000016 5.346803 -4.578970 -20.860115 -2.464806 -1.573949 2.681907 -0.184855 0.811014 0.379089 14.555157 -10.338189 -17.751404 -2.646266 -1.527810 1.527819 3.082443 6.845677 -24.355264 -1.994586 -1.151582 1.151594 0.000002 -0.000003 0.000001 -9.108315 -0.517872 2.259801 -1.953985 1.211413 24.349884 0.102774 -0.974068 12.047025 0.106950 -0.993362 12.289313 -0.000001 -0.000000 0.000001 -9.532526 0.000024 -0.000003 -0.068666 -3.360483 30.624540 0.243089 -1.486467 18.575051 0.087635 -0.900177 11.120835 -0.000001 0.000000 0.000001 -9.103592 -0.043077 -1.865102 2.118676 -6.841610 32.929189 0.379628 -1.843450 23.271892 0.273419 -1.573775 19.710425 -0.000000 -0.000000 0.000003 -8.076701 -0.486710 -3.806299 0.991103 -5.107808 35.939882 0.407274 -1.906395 24.116689 0.180034 -1.283656 15.966120 -0.000001 -0.000001 -0.000001 4.570409 11.014674 -2.160819 1.287955 2.046100 -7.556872 -1.901029 -19.818070 -67.839624 -0.000011 -29.221434 -0.000003 5.898197 -13.966571 6.155450 2.466100 -1.576220 2.681682 34.633123 -11.154949 20.382239 10.317226 22.375524 -4.922742 2.647883 -1.528764 1.528759 -16.283839 5.393256 11.804527 1.998913 -1.154078 1.154080 -0.000003 -0.000003 0.000001 9.109294 -0.518012 2.259891 -2.909576 -5.343379 -19.893648 0.730460 2.834864 -28.894699 0.303374 1.862604 -18.501762 -0.000001 -0.000001 -0.000003 9.533396 0.000008 -0.000010 -0.724664 3.070716 -34.949856 0.579096 2.541651 -25.668138 0.407568 2.148889 -21.478351 0.000001 0.000000 -0.000001 9.104514 -0.042995 -1.865108 0.244378 4.333218 -32.106370 0.880801 3.091304 -31.802539 0.978993 3.244073 -33.579546 -0.000003 0.000000 -0.000001 8.077804 -0.486901 -3.806307 0.557548 4.785952 -28.297472 0.460897 2.279635 -22.858487 0.526838 2.430072 -24.463654 -0.000001 -0.000003 0.000000 -8.207801 -6.751716 -1.599519 -16.127284 -7.565109 3.227803 26.370100 2.238429 0.317214 -14.749332 0.586886 -4.965500 -8.080943 0.000010 0.000010 0.000001 0.000000 0.000000 8.207799 -6.751707 -1.599520 -34.281672 -0.963971 2.942293 55.851789 -3.279518 0.048550 -2.900302 0.145710 -4.018894 -7.573397 0.000031 -0.000004 -0.000001 0.000001 -0.000001 
-180.540848 100.572144 0.894567 11.577512 -65.786340 10.004001 0.000008 10.181551 0.131543 5.891045 7.379646 -0.294875 4.207033 4.750665 -0.407742 4.180449 4.776967 -0.387796 0.000001 16.740366 -2.049029 4.751500 5.601002 1.899789 -0.000027 9.617838 1.684980 -4.997784 35.156121 -7.368572 -0.000002 22.037369 7.501077 -0.000001 -0.000000 0.000001 -4.569994 11.014879 -2.160856 -2.707389 6.648525 9.770654 0.059549 31.373132 55.948996 0.000002 12.602169 0.000016 5.346803 -4.578970 -20.860115 -2.464806 -1.573949 2.681907 -0.184855 0.811014 0.379089 14.555157 -10.338189 -17.751404 -2.646266 -1.527810 1.527819 3.082443 6.845677 -24.355264 -1.994586 -1.151582 1.151594 0.000002 -0.000003 0.000001 -9.108315 -0.517872 2.259801 -1.953985 1.211413 24.349884 0.102774 -0.974068 12.047025 0.106950 -0.993362 12.289313 -0.000001 -0.000000 0.000001 -9.532526 0.000024 -0.000003 -0.068666 -3.360483 30.624540 0.243089 -1.486467 18.575051 0.087635 -0.900177 11.120835 -0.000001 0.000000 0.000001 -9.103592 -0.043077 -1.865102 2.118676 -6.841610 32.929189 0.379628 -1.843450 23.271892 0.273419 -1.573775 19.710425 -0.000000 -0.000000 0.000003 -8.076701 -0.486710 -3.806299 0.991103 -5.107808 35.939882 0.407274 -1.906395 24.116689 0.180034 -1.283656 15.966120 -0.000001 -0.000001 -0.000001 4.570409 11.014674 -2.160819 1.287955 2.046100 -7.556872 -1.901029 -19.818070 -67.839624 -0.000011 -29.221434 -0.000003 5.898197 -13.966571 6.155450 2.466100 -1.576220 2.681682 34.633123 -11.154949 20.382239 10.317226 22.375524 -4.922742 2.647883 -1.528764 1.528759 -16.283839 5.393256 11.804527 1.998913 -1.154078 1.154080 -0.000003 -0.000003 0.000001 9.109294 -0.518012 2.259891 -2.909576 -5.343379 -19.893648 0.730460 2.834864 -28.894699 0.303374 1.862604 -18.501762 -0.000001 -0.000001 -0.000003 9.533396 0.000008 -0.000010 -0.724664 3.070716 -34.949856 0.579096 2.541651 -25.668138 0.407568 2.148889 -21.478351 0.000001 0.000000 -0.000001 9.104514 -0.042995 -1.865108 0.244378 4.333218 -32.106370 0.880801 3.091304 -31.802539 0.978993 3.244073 -33.579546 -0.000003 0.000000 -0.000001 8.077804 -0.486901 -3.806307 0.557548 4.785952 -28.297472 0.460897 2.279635 -22.858487 0.526838 2.430072 -24.463654 -0.000001 -0.000003 0.000000 -8.207801 -6.751716 -1.599519 -16.127284 -7.565109 3.227803 26.370100 2.238429 0.317214 -14.749332 0.586886 -4.965500 -8.080943 0.000010 0.000010 0.000001 0.000000 0.000000 8.207799 -6.751707 -1.599520 -34.281672 -0.963971 2.942293 55.851789 -3.279518 0.048550 -2.900302 0.145710 -4.018894 -7.573397 0.000031 -0.000004 -0.000001 0.000001 -0.000001 
-180.540848 100.572144 0.894567 11.577512 -65.786340 10.004001 0.000008 10.181551 0.131543 5.891045 7.379646 -0.294875 4.207033 4.750665 -0.407742 4.180449 4.776967 -0.387796 0.000001 16.740366 -2.049029 4.751500 5.601002 1.899789 -0.000027 9.617838 1.684980 -4.997784 35.156121 -7.368572 -0.000002 22.037369 7.501077 -0.000001 -0.000000 0.000001 -4.569994 11.014879 -2.160856 -2.707389 6.648525 9.770654 0.059549 31.373132 55.948996 0.000002 12.602169 0.000016 5.346803 -4.578970 -20.860115 -2.464806 -1.573949 2.681907 -0.184855 0.811014 0.379089 14.555157 -10.338189 -17.751404 -2.646266 -1.527810 1.527819 3.082443 6.845677 -24.355264 -1.994586 -1.151582 1.151594 0.000002 -0.000003 0.000001 -9.108315 -0.517872 2.259801 -1.953985 1.211413 24.349884 0.102774 -0.974068 12.047025 0.106950 -0.993362 12.289313 -0.000001 -0.000000 0.000001 -9.532526 0.000024 -0.000003 -0.068666 -3.360483 30.624540 0.243089 -1.486467 18.575051 0.087635 -0.900177 11.120835 -0.000001 0.000000 0.000001 -9.103592 -0.043077 -1.865102 2.118676 -6.841610 32.929189 0.379628 -1.843450 23.271892 0.273419 -1.573775 19.710425 -0.000000 -0.000000 0.000003 -8.076701 -0.486710 -3.806299 0.991103 -5.107808 35.939882 0.407274 -1.906395 24.116689 0.180034 -1.283656 15.966120 -0.000001 -0.000001 -0.000001 4.570409 11.014674 -2.160819 1.287955 2.046100 -7.556872 -1.901029 -19.818070 -67.839624 -0.000011 -29.221434 -0.000003 5.898197 -13.966571 6.155450 2.466100 -1.576220 2.681682 34.633123 -11.154949 20.382239 10.317226 22.375524 -4.922742 2.647883 -1.528764 1.528759 -16.283839 5.393256 11.804527 1.998913 -1.154078 1.154080 -0.000003 -0.000003 0.000001 9.109294 -0.518012 2.259891 -2.909576 -5.343379 -19.893648 0.730460 2.834864 -28.894699 0.303374 1.862604 -18.501762 -0.000001 -0.000001 -0.000003 9.533396 0.000008 -0.000010 -0.724664 3.070716 -34.949856 0.579096 2.541651 -25.668138 0.407568 2.148889 -21.478351 0.000001 0.000000 -0.000001 9.104514 -0.042995 -1.865108 0.244378 4.333218 -32.106370 0.880801 3.091304 -31.802539 0.978993 3.244073 -33.579546 -0.000003 0.000000 -0.000001 8.077804 -0.486901 -3.806307 0.557548 4.785952 -28.297472 0.460897 2.279635 -22.858487 0.526838 2.430072 -24.463654 -0.000001 -0.000003 0.000000 -8.207801 -6.751716 -1.599519 -16.127284 -7.565109 3.227803 26.370100 2.238429 0.317214 -14.749332 0.586886 -4.965500 -8.080943 0.000010 0.000010 0.000001 0.000000 0.000000 8.207799 -6.751707 -1.599520 -34.281672 -0.963971 2.942293 55.851789 -3.279518 0.048550 -2.900302 0.145710 -4.018894 -7.573397 0.000031 -0.000004 -0.000001 0.000001 -0.000001 
-180.540848 100.572144 0.894567 11.577512 -65.786340 10.004001 0.000008 10.181551 0.131543 5.891045 7.379646 -0.294875 4.207033 4.750665 -0.407742 4.180449 4.776967 -0.387796 0.000001 16.740366 -2.049029 4.751500 5.601002 1.899789 -0.000027 9.617838 1.684980 -4.997784 35.156121 -7.368572 -0.000002 22.037369 7.501077 -0.000001 -0.000000 0.000001 -4.569994 11.014879 -2.160856 -2.707389 6.648525 9.770654 0.059549 31.373132 55.948996 0.000002 12.602169 0.000016 5.346803 -4.578970 -20.860115 -2.464806 -1.573949 2.681907 -0.184855 0.811014 0.379089 14.555157 -10.338189 -17.751404 -2.646266 -1.527810 1.527819 3.082443 6.845677 -24.355264 -1.994586 -1.151582 1.151594 0.000002 -0.000003 0.000001 -9.108315 -0.517872 2.259801 -1.953985 1.211413 24.349884 0.102774 -0.974068 12.047025 0.106950 -0.993362 12.289313 -0.000001 -0.000000 0.000001 -9.532526 0.000024 -0.000003 -0.068666 -3.360483 30.624540 0.243089 -1.486467 18.575051 0.087635 -0.900177 11.120835 -0.000001 0.000000 0.000001 -9.103592 -0.043077 -1.865102 2.118676 -6.841610 32.929189 0.379628 -1.843450 23.271892 0.273419 -1.573775 19.710425 -0.000000 -0.000000 0.000003 -8.076701 -0.486710 -3.806299 0.991103 -5.107808 35.939882 0.407274 -1.906395 24.116689 0.180034 -1.283656 15.966120 -0.000001 -0.000001 -0.000001 4.570409 11.014674 -2.160819 1.287955 2.046100 -7.556872 -1.901029 -19.818070 -67.839624 -0.000011 -29.221434 -0.000003 5.898197 -13.966571 6.155450 2.466100 -1.576220 2.681682 34.633123 -11.154949 20.382239 10.317226 22.375524 -4.922742 2.647883 -1.528764 1.528759 -16.283839 5.393256 11.804527 1.998913 -1.154078 1.154080 -0.000003 -0.000003 0.000001 9.109294 -0.518012 2.259891 -2.909576 -5.343379 -19.893648 0.730460 2.834864 -28.894699 0.303374 1.862604 -18.501762 -0.000001 -0.000001 -0.000003 9.533396 0.000008 -0.000010 -0.724664 3.070716 -34.949856 0.579096 2.541651 -25.668138 0.407568 2.148889 -21.478351 0.000001 0.000000 -0.000001 9.104514 -0.042995 -1.865108 0.244378 4.333218 -32.106370 0.880801 3.091304 -31.802539 0.978993 3.244073 -33.579546 -0.000003 0.000000 -0.000001 8.077804 -0.486901 -3.806307 0.557548 4.785952 -28.297472 0.460897 2.279635 -22.858487 0.526838 2.430072 -24.463654 -0.000001 -0.000003 0.000000 -8.207801 -6.751716 -1.599519 -16.127284 -7.565109 3.227803 26.370100 2.238429 0.317214 -14.749332 0.586886 -4.965500 -8.080943 0.000010 0.000010 0.000001 0.000000 0.000000 8.207799 -6.751707 -1.599520 -34.281672 -0.963971 2.942293 55.851789 -3.279518 0.048550 -2.900302 0.145710 -4.018894 -7.573397 0.000031 -0.000004 -0.000001 0.000001 -0.000001 
-180.540848 100.572144 0.894567 11.577512 -65.786340 10.004001 0.000008 10.181551 0.131543 5.891045 7.379646 -0.294875 4.207033 4.750665 -0.407742 4.180449 4.776967 -0.387796 0.000001 16.740366 -2.049029 4.751500 5.601002 1.899789 -0.000027 9.617838 1.684980 -4.997784 35.156121 -7.368572 -0.000002 22.037369 7.501077 -0.000001 -0.000000 0.000001 -4.569994 11.014879 -2.160856 -2.707389 6.648525 9.770654 0.059549 31.373132 55.948996 0.000002 12.602169 0.000016 5.346803 -4.578970 -20.860115 -2.464806 -1.573949 2.681907 -0.184855 0.811014 0.379089 14.555157 -10.338189 -17.751404 -2.646266 -1.527810 1.527819 3.082443 6.845677 -24.355264 -1.994586 -1.151582 1.151594 0.000002 -0.000003 0.000001 -9.108315 -0.517872 2.259801 -1.953985 1.211413 24.349884 0.102774 -0.974068 12.047025 0.106950 -0.993362 12.289313 -0.000001 -0.000000 0.000001 -9.532526 0.000024 -0.000003 -0.068666 -3.360483 30.624540 0.243089 -1.486467 18.575051 0.087635 -0.900177 11.120835 -0.000001 0.000000 0.000001 -9.103592 -0.043077 -1.865102 2.118676 -6.841610 32.929189 0.379628 -1.843450 23.271892 0.273419 -1.573775 19.710425 -0.000000 -0.000000 0.000003 -8.076701 -0.486710 -3.806299 0.991103 -5.107808 35.939882 0.407274 -1.906395 24.116689 0.180034 -1.283656 15.966120 -0.000001 -0.000001 -0.000001 4.570409 11.014674 -2.160819 1.287955 2.046100 -7.556872 -1.901029 -19.818070 -67.839624 -0.000011 -29.221434 -0.000003 5.898197 -13.966571 6.155450 2.466100 -1.576220 2.681682 34.633123 -11.154949 20.382239 10.317226 22.375524 -4.922742 2.647883 -1.528764 1.528759 -16.283839 5.393256 11.804527 1.998913 -1.154078 1.154080 -0.000003 -0.000003 0.000001 9.109294 -0.518012 2.259891 -2.909576 -5.343379 -19.893648 0.730460 2.834864 -28.894699 0.303374 1.862604 -18.501762 -0.000001 -0.000001 -0.000003 9.533396 0.000008 -0.000010 -0.724664 3.070716 -34.949856 0.579096 2.541651 -25.668138 0.407568 2.148889 -21.478351 0.000001 0.000000 -0.000001 9.104514 -0.042995 -1.865108 0.244378 4.333218 -32.106370 0.880801 3.091304 -31.802539 0.978993 3.244073 -33.579546 -0.000003 0.000000 -0.000001 8.077804 -0.486901 -3.806307 0.557548 4.785952 -28.297472 0.460897 2.279635 -22.858487 0.526838 2.430072 -24.463654 -0.000001 -0.000003 0.000000 -8.207801 -6.751716 -1.599519 -16.127284 -7.565109 3.227803 26.370100 2.238429 0.317214 -14.749332 0.586886 -4.965500 -8.080943 0.000010 0.000010 0.000001 0.000000 0.000000 8.207799 -6.751707 -1.599520 -34.281672 -0.963971 2.942293 55.851789 -3.279518 0.048550 -2.900302 0.145710 -4.018894 -7.573397 0.000031 -0.000004 -0.000001 0.000001 -0.000001 
-180.540848 100.572144 0.894567 11.577512 -65.786340 10.004001 0.000008 10.181551 0.131543 5.891045 7.379646 -0.294875 4.207033 4.750665 -0.407742 4.180449 4.776967 -0.387796 0.000001 16.740366 -2.049029 4.751500 5.601002 1.899789 -0.000027 9.617838 1.684980 -4.997784 35.156121 -7.368572 -0.000002 22.037369 7.501077 -0.000001 -0.000000 0.000001 -4.569994 11.014879 -2.160856 -2.707389 6.648525 9.770654 0.059549 31.373132 55.948996 0.000002 12.602169 0.000016 5.346803 -4.578970 -20.860115 -2.464806 -1.573949 2.681907 -0.184855 0.811014 0.379089 14.555157 -10.338189 -17.751404 -2.646266 -1.527810 1.527819 3.082443 6.845677 -24.355264 -1.994586 -1.151582 1.151594 0.000002 -0.000003 0.000001 -9.108315 -0.517872 2.259801 -1.953985 1.211413 24.349884 0.102774 -0.974068 12.047025 0.106950 -0.993362 12.289313 -0.000001 -0.000000 0.000001 -9.532526 0.000024 -0.000003 -0.068666 -3.360483 30.624540 0.243089 -1.486467 18.575051 0.087635 -0.900177 11.120835 -0.000001 0.000000 0.000001 -9.103592 -0.043077 -1.865102 2.118676 -6.841610 32.929189 0.379628 -1.843450 23.271892 0.273419 -1.573775 19.710425 -0.000000 -0.000000 0.000003 -8.076701 -0.486710 -3.806299 0.991103 -5.107808 35.939882 0.407274 -1.906395 24.116689 0.180034 -1.283656 15.966120 -0.000001 -0.000001 -0.000001 4.570409 11.014674 -2.160819 1.287955 2.046100 -7.556872 -1.901029 -19.818070 -67.839624 -0.000011 -29.221434 -0.000003 5.898197 -13.966571 6.155450 2.466100 -1.576220 2.681682 34.633123 -11.154949 20.382239 10.317226 22.375524 -4.922742 2.647883 -1.528764 1.528759 -16.283839 5.393256 11.804527 1.998913 -1.154078 1.154080 -0.000003 -0.000003 0.000001 9.109294 -0.518012 2.259891 -2.909576 -5.343379 -19.893648 0.730460 2.834864 -28.894699 0.303374 1.862604 -18.501762 -0.000001 -0.000001 -0.000003 9.533396 0.000008 -0.000010 -0.724664 3.070716 -34.949856 0.579096 2.541651 -25.668138 0.407568 2.148889 -21.478351 0.000001 0.000000 -0.000001 9.104514 -0.042995 -1.865108 0.244378 4.333218 -32.106370 0.880801 3.091304 -31.802539 0.978993 3.244073 -33.579546 -0.000003 0.000000 -0.000001 8.077804 -0.486901 -3.806307 0.557548 4.785952 -28.297472 0.460897 2.279635 -22.858487 0.526838 2.430072 -24.463654 -0.000001 -0.000003 0.000000 -8.207801 -6.751716 -1.599519 -16.127284 -7.565109 3.227803 26.370100 2.238429 0.317214 -14.749332 0.586886 -4.965500 -8.080943 0.000010 0.000010 0.000001 0.000000 0.000000 8.207799 -6.751707 -1.599520 -34.281672 -0.963971 2.942293 55.851789 -3.279518 0.048550 -2.900302 0.145710 -4.018894 -7.573397 0.000031 -0.000004 -0.000001 0.000001 -0.000001 
-180.540848 100.572144 0.894567 11.577512 -65.786340 10.004001 0.000008 10.181551 0.131543 5.891045 7.379646 -0.294875 4.207033 4.750665 -0.407742 4.180449 4.776967 -0.387796 0.000001 16.740366 -2.049029 4.751500 5.601002 1.899789 -0.000027 9.617838 1.684980 -4.997784 35.156121 -7.368572 -0.000002 22.037369 7.501077 -0.000001 -0.000000 0.000001 -4.569994 11.014879 -2.160856 -2.707389 6.648525 9.770654 0.059549 31.373132 55.948996 0.000002 12.602169 0.000016 5.346803 -4.578970 -20.860115 -2.464806 -1.573949 2.681907 -0.184855 0.811014 0.379089 14.555157 -10.338189 -17.751404 -2.646266 -1.527810 1.527819 3.082443 6.845677 -24.355264 -1.994586 -1.151582 1.151594 0.000002 -0.000003 0.000001 -9.108315 -0.517872 2.259801 -1.953985 1.211413 24.349884 0.102774 -0.974068 12.047025 0.106950 -0.993362 12.289313 -0.000001 -0.000000 0.000001 -9.532526 0.000024 -0.000003 -0.068666 -3.360483 30.624540 0.243089 -1.486467 18.575051 0.087635 -0.900177 11.120835 -0.000001 0.000000 0.000001 -9.103592 -0.043077 -1.865102 2.118676 -6.841610 32.929189 0.379628 -1.843450 23.271892 0.273419 -1.573775 19.710425 -0.000000 -0.000000 0.000003 -8.076701 -0.486710 -3.806299 0.991103 -5.107808 35.939882 0.407274 -1.906395 24.116689 0.180034 -1.283656 15.966120 -0.000001 -0.000001 -0.000001 4.570409 11.014674 -2.160819 1.287955 2.046100 -7.556872 -1.901029 -19.818070 -67.839624 -0.000011 -29.221434 -0.000003 5.898197 -13.966571 6.155450 2.466100 -1.576220 2.681682 34.633123 -11.154949 20.382239 10.317226 22.375524 -4.922742 2.647883 -1.528764 1.528759 -16.283839 5.393256 11.804527 1.998913 -1.154078 1.154080 -0.000003 -0.000003 0.000001 9.109294 -0.518012 2.259891 -2.909576 -5.343379 -19.893648 0.730460 2.834864 -28.894699 0.303374 1.862604 -18.501762 -0.000001 -0.000001 -0.000003 9.533396 0.000008 -0.000010 -0.724664 3.070716 -34.949856 0.579096 2.541651 -25.668138 0.407568 2.148889 -21.478351 0.000001 0.000000 -0.000001 9.104514 -0.042995 -1.865108 0.244378 4.333218 -32.106370 0.880801 3.091304 -31.802539 0.978993 3.244073 -33.579546 -0.000003 0.000000 -0.000001 8.077804 -0.486901 -3.806307 0.557548 4.785952 -28.297472 0.460897 2.279635 -22.858487 0.526838 2.430072 -24.463654 -0.000001 -0.000003 0.000000 -8.207801 -6.751716 -1.599519 -16.127284 -7.565109 3.227803 26.370100 2.238429 0.317214 -14.749332 0.586886 -4.965500 -8.080943 0.000010 0.000010 0.000001 0.000000 0.000000 8.207799 -6.751707 -1.599520 -34.281672 -0.963971 2.942293 55.851789 -3.279518 0.048550 -2.900302 0.145710 -4.018894 -7.573397 0.000031 -0.000004 -0.000001 0.000001 -0.000001 
-180.540848 100.572144 0.894567 11.577512 -65.786340 10.004001 0.000008 10.181551 0.131543 5.891045 7.379646 -0.294875 4.207033 4.750665 -0.407742 4.180449 4.776967 -0.387796 0.000001 16.740366 -2.049029 4.751500 5.601002 1.899789 -0.000027 9.617838 1.684980 -4.997784 35.156121 -7.368572 -0.000002 22.037369 7.501077 -0.000001 -0.000000 0.000001 -4.569994 11.014879 -2.160856 -2.707389 6.648525 9.770654 0.059549 31.373132 55.948996 0.000002 12.602169 0.000016 5.346803 -4.578970 -20.860115 -2.464806 -1.573949 2.681907 -0.184855 0.811014 0.379089 14.555157 -10.338189 -17.751404 -2.646266 -1.527810 1.527819 3.082443 6.845677 -24.355264 -1.994586 -1.151582 1.151594 0.000002 -0.000003 0.000001 -9.108315 -0.517872 2.259801 -1.953985 1.211413 24.349884 0.102774 -0.974068 12.047025 0.106950 -0.993362 12.289313 -0.000001 -0.000000 0.000001 -9.532526 0.000024 -0.000003 -0.068666 -3.360483 30.624540 0.243089 -1.486467 18.575051 0.087635 -0.900177 11.120835 -0.000001 0.000000 0.000001 -9.103592 -0.043077 -1.865102 2.118676 -6.841610 32.929189 0.379628 -1.843450 23.271892 0.273419 -1.573775 19.710425 -0.000000 -0.000000 0.000003 -8.076701 -0.486710 -3.806299 0.991103 -5.107808 35.939882 0.407274 -1.906395 24.116689 0.180034 -1.283656 15.966120 -0.000001 -0.000001 -0.000001 4.570409 11.014674 -2.160819 1.287955 2.046100 -7.556872 -1.901029 -19.818070 -67.839624 -0.000011 -29.221434 -0.000003 5.898197 -13.966571 6.155450 2.466100 -1.576220 2.681682 34.633123 -11.154949 20.382239 10.317226 22.375524 -4.922742 2.647883 -1.528764 1.528759 -16.283839 5.393256 11.804527 1.998913 -1.154078 1.154080 -0.000003 -0.000003 0.000001 9.109294 -0.518012 2.259891 -2.909576 -5.343379 -19.893648 0.730460 2.834864 -28.894699 0.303374 1.862604 -18.501762 -0.000001 -0.000001 -0.000003 9.533396 0.000008 -0.000010 -0.724664 3.070716 -34.949856 0.579096 2.541651 -25.668138 0.407568 2.148889 -21.478351 0.000001 0.000000 -0.000001 9.104514 -0.042995 -1.865108 0.244378 4.333218 -32.106370 0.880801 3.091304 -31.802539 0.978993 3.244073 -33.579546 -0.000003 0.000000 -0.000001 8.077804 -0.486901 -3.806307 0.557548 4.785952 -28.297472 0.460897 2.279635 -22.858487 0.526838 2.430072 -24.463654 -0.000001 -0.000003 0.000000 -8.207801 -6.751716 -1.599519 -16.127284 -7.565109 3.227803 26.370100 2.238429 0.317214 -14.749332 0.586886 -4.965500 -8.080943 0.000010 0.000010 0.000001 0.000000 0.000000 8.207799 -6.751707 -1.599520 -34.281672 -0.963971 2.942293 55.851789 -3.279518 0.048550 -2.900302 0.145710 -4.018894 -7.573397 0.000031 -0.000004 -0.000001 0.000001 -0.000001 
-180.540848 100.572144 0.894567 11.577512 -65.786340 10.004001 0.000008 10.181551 0.131543 5.891045 7.379646 -0.294875 4.207033 4.750665 -0.407742 4.180449 4.776967 -0.387796 0.000001 16.740366 -2.049029 4.751500 5.601002 1.899789 -0.000027 9.617838 1.684980 -4.997784 35.156121 -7.368572 -0.000002 22.037369 7.501077 -0.000001 -0.000000 0.000001 -4.569994 11.014879 -2.160856 -2.707389 6.648525 9.770654 0.059549 31.373132 55.948996 0.000002 12.602169 0.000016 5.346803 -4.578970 -20.860115 -2.464806 -1.573949 2.681907 -0.184855 0.811014 0.379089 14.555157 -10.338189 -17.751404 -2.646266 -1.527810 1.527819 3.082443 6.845677 -24.355264 -1.994586 -1.151582 1.151594 0.000002 -0.000003 0.000001 -9.108315 -0.517872 2.259801 -1.953985 1.211413 24.349884 0.102774 -0.974068 12.047025 0.106950 -0.993362 12.289313 -0.000001 -0.000000 0.000001 -9.532526 0.000024 -0.000003 -0.068666 -3.360483 30.624540 0.243089 -1.486467 18.575051 0.087635 -0.900177 11.120835 -0.000001 0.000000 0.000001 -9.103592 -0.043077 -1.865102 2.118676 -6.841610 32.929189 0.379628 -1.843450 23.271892 0.273419 -1.573775 19.710425 -0.000000 -0.000000 0.000003 -8.076701 -0.486710 -3.806299 0.991103 -5.107808 35.939882 0.407274 -1.906395 24.116689 0.180034 -1.283656 15.966120 -0.000001 -0.000001 -0.000001 4.570409 11.014674 -2.160819 1.287955 2.046100 -7.556872 -1.901029 -19.818070 -67.839624 -0.000011 -29.221434 -0.000003 5.898197 -13.966571 6.155450 2.466100 -1.576220 2.681682 34.633123 -11.154949 20.382239 10.317226 22.375524 -4.922742 2.647883 -1.528764 1.528759 -16.283839 5.393256 11.804527 1.998913 -1.154078 1.154080 -0.000003 -0.000003 0.000001 9.109294 -0.518012 2.259891 -2.909576 -5.343379 -19.893648 0.730460 2.834864 -28.894699 0.303374 1.862604 -18.501762 -0.000001 -0.000001 -0.000003 9.533396 0.000008 -0.000010 -0.724664 3.070716 -34.949856 0.579096 2.541651 -25.668138 0.407568 2.148889 -21.478351 0.000001 0.000000 -0.000001 9.104514 -0.042995 -1.865108 0.244378 4.333218 -32.106370 0.880801 3.091304 -31.802539 0.978993 3.244073 -33.579546 -0.000003 0.000000 -0.000001 8.077804 -0.486901 -3.806307 0.557548 4.785952 -28.297472 0.460897 2.279635 -22.858487 0.526838 2.430072 -24.463654 -0.000001 -0.000003 0.000000 -8.207801 -6.751716 -1.599519 -16.127284 -7.565109 3.227803 26.370100 2.238429 0.317214 -14.749332 0.586886 -4.965500 -8.080943 0.000010 0.000010 0.000001 0.000000 0.000000 8.207799 -6.751707 -1.599520 -34.281672 -0.963971 2.942293 55.851789 -3.279518 0.048550 -2.900302 0.145710 -4.018894 -7.573397 0.000031 -0.000004 -0.000001 0.000001 -0.000001 
-180.540848 100.572144 0.894567 11.577512 -65.786340 10.004001 0.000008 10.181551 0.131543 5.891045 7.379646 -0.294875 4.207033 4.750665 -0.407742 4.180449 4.776967 -0.387796 0.000001 16.740366 -2.049029 4.751500 5.601002 1.899789 -0.000027 9.617838 1.684980 -4.997784 35.156121 -7.368572 -0.000002 22.037369 7.501077 -0.000001 -0.000000 0.000001 -4.569994 11.014879 -2.160856 -2.707389 6.648525 9.770654 0.059549 31.373132 55.948996 0.000002 12.602169 0.000016 5.346803 -4.578970 -20.860115 -2.464806 -1.573949 2.681907 -0.184855 0.811014 0.379089 14.555157 -10.338189 -17.751404 -2.646266 -1.527810 1.527819 3.082443 6.845677 -24.355264 -1.994586 -1.151582 1.151594 0.000002 -0.000003 0.000001 -9.108315 -0.517872 2.259801 -1.953985 1.211413 24.349884 0.102774 -0.974068 12.047025 0.106950 -0.993362 12.289313 -0.000001 -0.000000 0.000001 -9.532526 0.000024 -0.000003 -0.068666 -3.360483 30.624540 0.243089 -1.486467 18.575051 0.087635 -0.900177 11.120835 -0.000001 0.000000 0.000001 -9.103592 -0.043077 -1.865102 2.118676 -6.841610 32.929189 0.379628 -1.843450 23.271892 0.273419 -1.573775 19.710425 -0.000000 -0.000000 0.000003 -8.076701 -0.486710 -3.806299 0.991103 -5.107808 35.939882 0.407274 -1.906395 24.116689 0.180034 -1.283656 15.966120 -0.000001 -0.000001 -0.000001 4.570409 11.014674 -2.160819 1.287955 2.046100 -7.556872 -1.901029 -19.818070 -67.839624 -0.000011 -29.221434 -0.000003 5.898197 -13.966571 6.155450 2.466100 -1.576220 2.681682 34.633123 -11.154949 20.382239 10.317226 22.375524 -4.922742 2.647883 -1.528764 1.528759 -16.283839 5.393256 11.804527 1.998913 -1.154078 1.154080 -0.000003 -0.000003 0.000001 9.109294 -0.518012 2.259891 -2.909576 -5.343379 -19.893648 0.730460 2.834864 -28.894699 0.303374 1.862604 -18.501762 -0.000001 -0.000001 -0.000003 9.533396 0.000008 -0.000010 -0.724664 3.070716 -34.949856 0.579096 2.541651 -25.668138 0.407568 2.148889 -21.478351 0.000001 0.000000 -0.000001 9.104514 -0.042995 -1.865108 0.244378 4.333218 -32.106370 0.880801 3.091304 -31.802539 0.978993 3.244073 -33.579546 -0.000003 0.000000 -0.000001 8.077804 -0.486901 -3.806307 0.557548 4.785952 -28.297472 0.460897 2.279635 -22.858487 0.526838 2.430072 -24.463654 -0.000001 -0.000003 0.000000 -8.207801 -6.751716 -1.599519 -16.127284 -7.565109 3.227803 26.370100 2.238429 0.317214 -14.749332 0.586886 -4.965500 -8.080943 0.000010 0.000010 0.000001 0.000000 0.000000 8.207799 -6.751707 -1.599520 -34.281672 -0.963971 2.942293 55.851789 -3.279518 0.048550 -2.900302 0.145710 -4.018894 -7.573397 0.000031 -0.000004 -0.000001 0.000001 -0.000001 
-180.540848 100.572144 0.894567 11.577512 -65.786340 10.004001 0.000008 10.181551 0.131543 5.891045 7.379646 -0.294875 4.207033 4.750665 -0.407742 4.180449 4.776967 -0.387796 0.000001 16.740366 -2.049029 4.751500 5.601002 1.899789 -0.000027 9.617838 1.684980 -4.997784 35.156121 -7.368572 -0.000002 22.037369 7.501077 -0.000001 -0.000000 0.000001 -4.569994 11.014879 -2.160856 -2.707389 6.648525 9.770654 0.059549 31.373132 55.948996 0.000002 12.602169 0.000016 5.346803 -4.578970 -20.860115 -2.464806 -1.573949 2.681907 -0.184855 0.811014 0.379089 14.555157 -10.338189 -17.751404 -2.646266 -1.527810 1.527819 3.082443 6.845677 -24.355264 -1.994586 -1.151582 1.151594 0.000002 -0.000003 0.000001 -9.108315 -0.517872 2.259801 -1.953985 1.211413 24.349884 0.102774 -0.974068 12.047025 0.106950 -0.993362 12.289313 -0.000001 -0.000000 0.000001 -9.532526 0.000024 -0.000003 -0.068666 -3.360483 30.624540 0.243089 -1.486467 18.575051 0.087635 -0.900177 11.120835 -0.000001 0.000000 0.000001 -9.103592 -0.043077 -1.865102 2.118676 -6.841610 32.929189 0.379628 -1.843450 23.271892 0.273419 -1.573775 19.710425 -0.000000 -0.000000 0.000003 -8.076701 -0.486710 -3.806299 0.991103 -5.107808 35.939882 0.407274 -1.906395 24.116689 0.180034 -1.283656 15.966120 -0.000001 -0.000001 -0.000001 4.570409 11.014674 -2.160819 1.287955 2.046100 -7.556872 -1.901029 -19.818070 -67.839624 -0.000011 -29.221434 -0.000003 5.898197 -13.966571 6.155450 2.466100 -1.576220 2.681682 34.633123 -11.154949 20.382239 10.317226 22.375524 -4.922742 2.647883 -1.528764 1.528759 -16.283839 5.393256 11.804527 1.998913 -1.154078 1.154080 -0.000003 -0.000003 0.000001 9.109294 -0.518012 2.259891 -2.909576 -5.343379 -19.893648 0.730460 2.834864 -28.894699 0.303374 1.862604 -18.501762 -0.000001 -0.000001 -0.000003 9.533396 0.000008 -0.000010 -0.724664 3.070716 -34.949856 0.579096 2.541651 -25.668138 0.407568 2.148889 -21.478351 0.000001 0.000000 -0.000001 9.104514 -0.042995 -1.865108 0.244378 4.333218 -32.106370 0.880801 3.091304 -31.802539 0.978993 3.244073 -33.579546 -0.000003 0.000000 -0.000001 8.077804 -0.486901 -3.806307 0.557548 4.785952 -28.297472 0.460897 2.279635 -22.858487 0.526838 2.430072 -24.463654 -0.000001 -0.000003 0.000000 -8.207801 -6.751716 -1.599519 -16.127284 -7.565109 3.227803 26.370100 2.238429 0.317214 -14.749332 0.586886 -4.965500 -8.080943 0.000010 0.000010 0.000001 0.000000 0.000000 8.207799 -6.751707 -1.599520 -34.281672 -0.963971 2.942293 55.851789 -3.279518 0.048550 -2.900302 0.145710 -4.018894 -7.573397 0.000031 -0.000004 -0.000001 0.000001 -0.000001 
-180.540848 100.572144 0.894567 11.577512 -65.786340 10.004001 0.000008 10.181551 0.131543 5.891045 7.379646 -0.294875 4.207033 4.750665 -0.407742 4.180449 4.776967 -0.387796 0.000001 16.740366 -2.049029 4.751500 5.601002 1.899789 -0.000027 9.617838 1.684980 -4.997784 35.156121 -7.368572 -0.000002 22.037369 7.501077 -0.000001 -0.000000 0.000001 -4.569994 11.014879 -2.160856 -2.707389 6.648525 9.770654 0.059549 31.373132 55.948996 0.000002 12.602169 0.000016 5.346803 -4.578970 -20.860115 -2.464806 -1.573949 2.681907 -0.184855 0.811014 0.379089 14.555157 -10.338189 -17.751404 -2.646266 -1.527810 1.527819 3.082443 6.845677 -24.355264 -1.994586 -1.151582 1.151594 0.000002 -0.000003 0.000001 -9.108315 -0.517872 2.259801 -1.953985 1.211413 24.349884 0.102774 -0.974068 12.047025 0.106950 -0.993362 12.289313 -0.000001 -0.000000 0.000001 -9.532526 0.000024 -0.000003 -0.068666 -3.360483 30.624540 0.243089 -1.486467 18.575051 0.087635 -0.900177 11.120835 -0.000001 0.000000 0.000001 -9.103592 -0.043077 -1.865102 2.118676 -6.841610 32.929189 0.379628 -1.843450 23.271892 0.273419 -1.573775 19.710425 -0.000000 -0.000000 0.000003 -8.076701 -0.486710 -3.806299 0.991103 -5.107808 35.939882 0.407274 -1.906395 24.116689 0.180034 -1.283656 15.966120 -0.000001 -0.000001 -0.000001 4.570409 11.014674 -2.160819 1.287955 2.046100 -7.556872 -1.901029 -19.818070 -67.839624 -0.000011 -29.221434 -0.000003 5.898197 -13.966571 6.155450 2.466100 -1.576220 2.681682 34.633123 -11.154949 20.382239 10.317226 22.375524 -4.922742 2.647883 -1.528764 1.528759 -16.283839 5.393256 11.804527 1.998913 -1.154078 1.154080 -0.000003 -0.000003 0.000001 9.109294 -0.518012 2.259891 -2.909576 -5.343379 -19.893648 0.730460 2.834864 -28.894699 0.303374 1.862604 -18.501762 -0.000001 -0.000001 -0.000003 9.533396 0.000008 -0.000010 -0.724664 3.070716 -34.949856 0.579096 2.541651 -25.668138 0.407568 2.148889 -21.478351 0.000001 0.000000 -0.000001 9.104514 -0.042995 -1.865108 0.244378 4.333218 -32.106370 0.880801 3.091304 -31.802539 0.978993 3.244073 -33.579546 -0.000003 0.000000 -0.000001 8.077804 -0.486901 -3.806307 0.557548 4.785952 -28.297472 0.460897 2.279635 -22.858487 0.526838 2.430072 -24.463654 -0.000001 -0.000003 0.000000 -8.207801 -6.751716 -1.599519 -16.127284 -7.565109 3.227803 26.370100 2.238429 0.317214 -14.749332 0.586886 -4.965500 -8.080943 0.000010 0.000010 0.000001 0.000000 0.000000 8.207799 -6.751707 -1.599520 -34.281672 -0.963971 2.942293 55.851789 -3.279518 0.048550 -2.900302 0.145710 -4.018894 -7.573397 0.000031 -0.000004 -0.000001 0.000001 -0.000001 
-180.540848 100.572144 0.894567 11.577512 -65.786340 10.004001 0.000008 10.181551 0.131543 5.891045 7.379646 -0.294875 4.207033 4.750665 -0.407742 4.180449 4.776967 -0.387796 0.000001 16.740366 -2.049029 4.751500 5.601002 1.899789 -0.000027 9.617838 1.684980 -4.997784 35.156121 -7.368572 -0.000002 22.037369 7.501077 -0.000001 -0.000000 0.000001 -4.569994 11.014879 -2.160856 -2.707389 6.648525 9.770654 0.059549 31.373132 55.948996 0.000002 12.602169 0.000016 5.346803 -4.578970 -20.860115 -2.464806 -1.573949 2.681907 -0.184855 0.811014 0.379089 14.555157 -10.338189 -17.751404 -2.646266 -1.527810 1.527819 3.082443 6.845677 -24.355264 -1.994586 -1.151582 1.151594 0.000002 -0.000003 0.000001 -9.108315 -0.517872 2.259801 -1.953985 1.211413 24.349884 0.102774 -0.974068 12.047025 0.106950 -0.993362 12.289313 -0.000001 -0.000000 0.000001 -9.532526 0.000024 -0.000003 -0.068666 -3.360483 30.624540 0.243089 -1.486467 18.575051 0.087635 -0.900177 11.120835 -0.000001 0.000000 0.000001 -9.103592 -0.043077 -1.865102 2.118676 -6.841610 32.929189 0.379628 -1.843450 23.271892 0.273419 -1.573775 19.710425 -0.000000 -0.000000 0.000003 -8.076701 -0.486710 -3.806299 0.991103 -5.107808 35.939882 0.407274 -1.906395 24.116689 0.180034 -1.283656 15.966120 -0.000001 -0.000001 -0.000001 4.570409 11.014674 -2.160819 1.287955 2.046100 -7.556872 -1.901029 -19.818070 -67.839624 -0.000011 -29.221434 -0.000003 5.898197 -13.966571 6.155450 2.466100 -1.576220 2.681682 34.633123 -11.154949 20.382239 10.317226 22.375524 -4.922742 2.647883 -1.528764 1.528759 -16.283839 5.393256 11.804527 1.998913 -1.154078 1.154080 -0.000003 -0.000003 0.000001 9.109294 -0.518012 2.259891 -2.909576 -5.343379 -19.893648 0.730460 2.834864 -28.894699 0.303374 1.862604 -18.501762 -0.000001 -0.000001 -0.000003 9.533396 0.000008 -0.000010 -0.724664 3.070716 -34.949856 0.579096 2.541651 -25.668138 0.407568 2.148889 -21.478351 0.000001 0.000000 -0.000001 9.104514 -0.042995 -1.865108 0.244378 4.333218 -32.106370 0.880801 3.091304 -31.802539 0.978993 3.244073 -33.579546 -0.000003 0.000000 -0.000001 8.077804 -0.486901 -3.806307 0.557548 4.785952 -28.297472 0.460897 2.279635 -22.858487 0.526838 2.430072 -24.463654 -0.000001 -0.000003 0.000000 -8.207801 -6.751716 -1.599519 -16.127284 -7.565109 3.227803 26.370100 2.238429 0.317214 -14.749332 0.586886 -4.965500 -8.080943 0.000010 0.000010 0.000001 0.000000 0.000000 8.207799 -6.751707 -1.599520 -34.281672 -0.963971 2.942293 55.851789 -3.279518 0.048550 -2.900302 0.145710 -4.018894 -7.573397 0.000031 -0.000004 -0.000001 0.000001 -0.000001 
-180.540848 100.572144 0.894567 11.577512 -65.786340 10.004001 0.000008 10.181551 0.131543 5.891045 7.379646 -0.294875 4.207033 4.750665 -0.407742 4.180449 4.776967 -0.387796 0.000001 16.740366 -2.049029 4.751500 5.601002 1.899789 -0.000027 9.617838 1.684980 -4.997784 35.156121 -7.368572 -0.000002 22.037369 7.501077 -0.000001 -0.000000 0.000001 -4.569994 11.014879 -2.160856 -2.707389 6.648525 9.770654 0.059549 31.373132 55.948996 0.000002 12.602169 0.000016 5.346803 -4.578970 -20.860115 -2.464806 -1.573949 2.681907 -0.184855 0.811014 0.379089 14.555157 -10.338189 -17.751404 -2.646266 -1.527810 1.527819 3.082443 6.845677 -24.355264 -1.994586 -1.151582 1.151594 0.000002 -0.000003 0.000001 -9.108315 -0.517872 2.259801 -1.953985 1.211413 24.349884 0.102774 -0.974068 12.047025 0.106950 -0.993362 12.289313 -0.000001 -0.000000 0.000001 -9.532526 0.000024 -0.000003 -0.068666 -3.360483 30.624540 0.243089 -1.486467 18.575051 0.087635 -0.900177 11.120835 -0.000001 0.000000 0.000001 -9.103592 -0.043077 -1.865102 2.118676 -6.841610 32.929189 0.379628 -1.843450 23.271892 0.273419 -1.573775 19.710425 -0.000000 -0.000000 0.000003 -8.076701 -0.486710 -3.806299 0.991103 -5.107808 35.939882 0.407274 -1.906395 24.116689 0.180034 -1.283656 15.966120 -0.000001 -0.000001 -0.000001 4.570409 11.014674 -2.160819 1.287955 2.046100 -7.556872 -1.901029 -19.818070 -67.839624 -0.000011 -29.221434 -0.000003 5.898197 -13.966571 6.155450 2.466100 -1.576220 2.681682 34.633123 -11.154949 20.382239 10.317226 22.375524 -4.922742 2.647883 -1.528764 1.528759 -16.283839 5.393256 11.804527 1.998913 -1.154078 1.154080 -0.000003 -0.000003 0.000001 9.109294 -0.518012 2.259891 -2.909576 -5.343379 -19.893648 0.730460 2.834864 -28.894699 0.303374 1.862604 -18.501762 -0.000001 -0.000001 -0.000003 9.533396 0.000008 -0.000010 -0.724664 3.070716 -34.949856 0.579096 2.541651 -25.668138 0.407568 2.148889 -21.478351 0.000001 0.000000 -0.000001 9.104514 -0.042995 -1.865108 0.244378 4.333218 -32.106370 0.880801 3.091304 -31.802539 0.978993 3.244073 -33.579546 -0.000003 0.000000 -0.000001 8.077804 -0.486901 -3.806307 0.557548 4.785952 -28.297472 0.460897 2.279635 -22.858487 0.526838 2.430072 -24.463654 -0.000001 -0.000003 0.000000 -8.207801 -6.751716 -1.599519 -16.127284 -7.565109 3.227803 26.370100 2.238429 0.317214 -14.749332 0.586886 -4.965500 -8.080943 0.000010 0.000010 0.000001 0.000000 0.000000 8.207799 -6.751707 -1.599520 -34.281672 -0.963971 2.942293 55.851789 -3.279518 0.048550 -2.900302 0.145710 -4.018894 -7.573397 0.000031 -0.000004 -0.000001 0.000001 -0.000001 
-180.540848 100.572144 0.894567 11.577512 -65.786340 10.004001 0.000008 10.181551 0.131543 5.891045 7.379646 -0.294875 4.207033 4.750665 -0.407742 4.180449 4.776967 -0.387796 0.000001 16.740366 -2.049029 4.751500 5.601002 1.899789 -0.000027 9.617838 1.684980 -4.997784 35.156121 -7.368572 -0.000002 22.037369 7.501077 -0.000001 -0.000000 0.000001 -4.569994 11.014879 -2.160856 -2.707389 6.648525 9.770654 0.059549 31.373132 55.948996 0.000002 12.602169 0.000016 5.346803 -4.578970 -20.860115 -2.464806 -1.573949 2.681907 -0.184855 0.811014 0.379089 14.555157 -10.338189 -17.751404 -2.646266 -1.527810 1.527819 3.082443 6.845677 -24.355264 -1.994586 -1.151582 1.151594 0.000002 -0.000003 0.000001 -9.108315 -0.517872 2.259801 -1.953985 1.211413 24.349884 0.102774 -0.974068 12.047025 0.106950 -0.993362 12.289313 -0.000001 -0.000000 0.000001 -9.532526 0.000024 -0.000003 -0.068666 -3.360483 30.624540 0.243089 -1.486467 18.575051 0.087635 -0.900177 11.120835 -0.000001 0.000000 0.000001 -9.103592 -0.043077 -1.865102 2.118676 -6.841610 32.929189 0.379628 -1.843450 23.271892 0.273419 -1.573775 19.710425 -0.000000 -0.000000 0.000003 -8.076701 -0.486710 -3.806299 0.991103 -5.107808 35.939882 0.407274 -1.906395 24.116689 0.180034 -1.283656 15.966120 -0.000001 -0.000001 -0.000001 4.570409 11.014674 -2.160819 1.287955 2.046100 -7.556872 -1.901029 -19.818070 -67.839624 -0.000011 -29.221434 -0.000003 5.898197 -13.966571 6.155450 2.466100 -1.576220 2.681682 34.633123 -11.154949 20.382239 10.317226 22.375524 -4.922742 2.647883 -1.528764 1.528759 -16.283839 5.393256 11.804527 1.998913 -1.154078 1.154080 -0.000003 -0.000003 0.000001 9.109294 -0.518012 2.259891 -2.909576 -5.343379 -19.893648 0.730460 2.834864 -28.894699 0.303374 1.862604 -18.501762 -0.000001 -0.000001 -0.000003 9.533396 0.000008 -0.000010 -0.724664 3.070716 -34.949856 0.579096 2.541651 -25.668138 0.407568 2.148889 -21.478351 0.000001 0.000000 -0.000001 9.104514 -0.042995 -1.865108 0.244378 4.333218 -32.106370 0.880801 3.091304 -31.802539 0.978993 3.244073 -33.579546 -0.000003 0.000000 -0.000001 8.077804 -0.486901 -3.806307 0.557548 4.785952 -28.297472 0.460897 2.279635 -22.858487 0.526838 2.430072 -24.463654 -0.000001 -0.000003 0.000000 -8.207801 -6.751716 -1.599519 -16.127284 -7.565109 3.227803 26.370100 2.238429 0.317214 -14.749332 0.586886 -4.965500 -8.080943 0.000010 0.000010 0.000001 0.000000 0.000000 8.207799 -6.751707 -1.599520 -34.281672 -0.963971 2.942293 55.851789 -3.279518 0.048550 -2.900302 0.145710 -4.018894 -7.573397 0.000031 -0.000004 -0.000001 0.000001 -0.000001 
-180.540848 100.572144 0.894567 11.577512 -65.786340 10.004001 0.000008 10.181551 0.131543 5.891045 7.379646 -0.294875 4.207033 4.750665 -0.407742 4.180449 4.776967 -0.387796 0.000001 16.740366 -2.049029 4.751500 5.601002 1.899789 -0.000027 9.617838 1.684980 -4.997784 35.156121 -7.368572 -0.000002 22.037369 7.501077 -0.000001 -0.000000 0.000001 -4.569994 11.014879 -2.160856 -2.707389 6.648525 9.770654 0.059549 31.373132 55.948996 0.000002 12.602169 0.000016 5.346803 -4.578970 -20.860115 -2.464806 -1.573949 2.681907 -0.184855 0.811014 0.379089 14.555157 -10.338189 -17.751404 -2.646266 -1.527810 1.527819 3.082443 6.845677 -24.355264 -1.994586 -1.151582 1.151594 0.000002 -0.000003 0.000001 -9.108315 -0.517872 2.259801 -1.953985 1.211413 24.349884 0.102774 -0.974068 12.047025 0.106950 -0.993362 12.289313 -0.000001 -0.000000 0.000001 -9.532526 0.000024 -0.000003 -0.068666 -3.360483 30.624540 0.243089 -1.486467 18.575051 0.087635 -0.900177 11.120835 -0.000001 0.000000 0.000001 -9.103592 -0.043077 -1.865102 2.118676 -6.841610 32.929189 0.379628 -1.843450 23.271892 0.273419 -1.573775 19.710425 -0.000000 -0.000000 0.000003 -8.076701 -0.486710 -3.806299 0.991103 -5.107808 35.939882 0.407274 -1.906395 24.116689 0.180034 -1.283656 15.966120 -0.000001 -0.000001 -0.000001 4.570409 11.014674 -2.160819 1.287955 2.046100 -7.556872 -1.901029 -19.818070 -67.839624 -0.000011 -29.221434 -0.000003 5.898197 -13.966571 6.155450 2.466100 -1.576220 2.681682 34.633123 -11.154949 20.382239 10.317226 22.375524 -4.922742 2.647883 -1.528764 1.528759 -16.283839 5.393256 11.804527 1.998913 -1.154078 1.154080 -0.000003 -0.000003 0.000001 9.109294 -0.518012 2.259891 -2.909576 -5.343379 -19.893648 0.730460 2.834864 -28.894699 0.303374 1.862604 -18.501762 -0.000001 -0.000001 -0.000003 9.533396 0.000008 -0.000010 -0.724664 3.070716 -34.949856 0.579096 2.541651 -25.668138 0.407568 2.148889 -21.478351 0.000001 0.000000 -0.000001 9.104514 -0.042995 -1.865108 0.244378 4.333218 -32.106370 0.880801 3.091304 -31.802539 0.978993 3.244073 -33.579546 -0.000003 0.000000 -0.000001 8.077804 -0.486901 -3.806307 0.557548 4.785952 -28.297472 0.460897 2.279635 -22.858487 0.526838 2.430072 -24.463654 -0.000001 -0.000003 0.000000 -8.207801 -6.751716 -1.599519 -16.127284 -7.565109 3.227803 26.370100 2.238429 0.317214 -14.749332 0.586886 -4.965500 -8.080943 0.000010 0.000010 0.000001 0.000000 0.000000 8.207799 -6.751707 -1.599520 -34.281672 -0.963971 2.942293 55.851789 -3.279518 0.048550 -2.900302 0.145710 -4.018894 -7.573397 0.000031 -0.000004 -0.000001 0.000001 -0.000001 
-180.540848 100.572144 0.894567 11.577512 -65.786340 10.004001 0.000008 10.181551 0.131543 5.891045 7.379646 -0.294875 4.207033 4.750665 -0.407742 4.180449 4.776967 -0.387796 0.000001 16.740366 -2.049029 4.751500 5.601002 1.899789 -0.000027 9.617838 1.684980 -4.997784 35.156121 -7.368572 -0.000002 22.037369 7.501077 -0.000001 -0.000000 0.000001 -4.569994 11.014879 -2.160856 -2.707389 6.648525 9.770654 0.059549 31.373132 55.948996 0.000002 12.602169 0.000016 5.346803 -4.578970 -20.860115 -2.464806 -1.573949 2.681907 -0.184855 0.811014 0.379089 14.555157 -10.338189 -17.751404 -2.646266 -1.527810 1.527819 3.082443 6.845677 -24.355264 -1.994586 -1.151582 1.151594 0.000002 -0.000003 0.000001 -9.108315 -0.517872 2.259801 -1.953985 1.211413 24.349884 0.102774 -0.974068 12.047025 0.106950 -0.993362 12.289313 -0.000001 -0.000000 0.000001 -9.532526 0.000024 -0.000003 -0.068666 -3.360483 30.624540 0.243089 -1.486467 18.575051 0.087635 -0.900177 11.120835 -0.000001 0.000000 0.000001 -9.103592 -0.043077 -1.865102 2.118676 -6.841610 32.929189 0.379628 -1.843450 23.271892 0.273419 -1.573775 19.710425 -0.000000 -0.000000 0.000003 -8.076701 -0.486710 -3.806299 0.991103 -5.107808 35.939882 0.407274 -1.906395 24.116689 0.180034 -1.283656 15.966120 -0.000001 -0.000001 -0.000001 4.570409 11.014674 -2.160819 1.287955 2.046100 -7.556872 -1.901029 -19.818070 -67.839624 -0.000011 -29.221434 -0.000003 5.898197 -13.966571 6.155450 2.466100 -1.576220 2.681682 34.633123 -11.154949 20.382239 10.317226 22.375524 -4.922742 2.647883 -1.528764 1.528759 -16.283839 5.393256 11.804527 1.998913 -1.154078 1.154080 -0.000003 -0.000003 0.000001 9.109294 -0.518012 2.259891 -2.909576 -5.343379 -19.893648 0.730460 2.834864 -28.894699 0.303374 1.862604 -18.501762 -0.000001 -0.000001 -0.000003 9.533396 0.000008 -0.000010 -0.724664 3.070716 -34.949856 0.579096 2.541651 -25.668138 0.407568 2.148889 -21.478351 0.000001 0.000000 -0.000001 9.104514 -0.042995 -1.865108 0.244378 4.333218 -32.106370 0.880801 3.091304 -31.802539 0.978993 3.244073 -33.579546 -0.000003 0.000000 -0.000001 8.077804 -0.486901 -3.806307 0.557548 4.785952 -28.297472 0.460897 2.279635 -22.858487 0.526838 2.430072 -24.463654 -0.000001 -0.000003 0.000000 -8.207801 -6.751716 -1.599519 -16.127284 -7.565109 3.227803 26.370100 2.238429 0.317214 -14.749332 0.586886 -4.965500 -8.080943 0.000010 0.000010 0.000001 0.000000 0.000000 8.207799 -6.751707 -1.599520 -34.281672 -0.963971 2.942293 55.851789 -3.279518 0.048550 -2.900302 0.145710 -4.018894 -7.573397 0.000031 -0.000004 -0.000001 0.000001 -0.000001 
-180.540848 100.572144 0.894567 11.577512 -65.786340 10.004001 0.000008 10.181551 0.131543 5.891045 7.379646 -0.294875 4.207033 4.750665 -0.407742 4.180449 4.776967 -0.387796 0.000001 16.740366 -2.049029 4.751500 5.601002 1.899789 -0.000027 9.617838 1.684980 -4.997784 35.156121 -7.368572 -0.000002 22.037369 7.501077 -0.000001 -0.000000 0.000001 -4.569994 11.014879 -2.160856 -2.707389 6.648525 9.770654 0.059549 31.373132 55.948996 0.000002 12.602169 0.000016 5.346803 -4.578970 -20.860115 -2.464806 -1.573949 2.681907 -0.184855 0.811014 0.379089 14.555157 -10.338189 -17.751404 -2.646266 -1.527810 1.527819 3.082443 6.845677 -24.355264 -1.994586 -1.151582 1.151594 0.000002 -0.000003 0.000001 -9.108315 -0.517872 2.259801 -1.953985 1.211413 24.349884 0.102774 -0.974068 12.047025 0.106950 -0.993362 12.289313 -0.000001 -0.000000 0.000001 -9.532526 0.000024 -0.000003 -0.068666 -3.360483 30.624540 0.243089 -1.486467 18.575051 0.087635 -0.900177 11.120835 -0.000001 0.000000 0.000001 -9.103592 -0.043077 -1.865102 2.118676 -6.841610 32.929189 0.379628 -1.843450 23.271892 0.273419 -1.573775 19.710425 -0.000000 -0.000000 0.000003 -8.076701 -0.486710 -3.806299 0.991103 -5.107808 35.939882 0.407274 -1.906395 24.116689 0.180034 -1.283656 15.966120 -0.000001 -0.000001 -0.000001 4.570409 11.014674 -2.160819 1.287955 2.046100 -7.556872 -1.901029 -19.818070 -67.839624 -0.000011 -29.221434 -0.000003 5.898197 -13.966571 6.155450 2.466100 -1.576220 2.681682 34.633123 -11.154949 20.382239 10.317226 22.375524 -4.922742 2.647883 -1.528764 1.528759 -16.283839 5.393256 11.804527 1.998913 -1.154078 1.154080 -0.000003 -0.000003 0.000001 9.109294 -0.518012 2.259891 -2.909576 -5.343379 -19.893648 0.730460 2.834864 -28.894699 0.303374 1.862604 -18.501762 -0.000001 -0.000001 -0.000003 9.533396 0.000008 -0.000010 -0.724664 3.070716 -34.949856 0.579096 2.541651 -25.668138 0.407568 2.148889 -21.478351 0.000001 0.000000 -0.000001 9.104514 -0.042995 -1.865108 0.244378 4.333218 -32.106370 0.880801 3.091304 -31.802539 0.978993 3.244073 -33.579546 -0.000003 0.000000 -0.000001 8.077804 -0.486901 -3.806307 0.557548 4.785952 -28.297472 0.460897 2.279635 -22.858487 0.526838 2.430072 -24.463654 -0.000001 -0.000003 0.000000 -8.207801 -6.751716 -1.599519 -16.127284 -7.565109 3.227803 26.370100 2.238429 0.317214 -14.749332 0.586886 -4.965500 -8.080943 0.000010 0.000010 0.000001 0.000000 0.000000 8.207799 -6.751707 -1.599520 -34.281672 -0.963971 2.942293 55.851789 -3.279518 0.048550 -2.900302 0.145710 -4.018894 -7.573397 0.000031 -0.000004 -0.000001 0.000001 -0.000001 
-180.540848 100.572144 0.894567 11.577512 -65.786340 10.004001 0.000008 10.181551 0.131543 5.891045 7.379646 -0.294875 4.207033 4.750665 -0.407742 4.180449 4.776967 -0.387796 0.000001 16.740366 -2.049029 4.751500 5.601002 1.899789 -0.000027 9.617838 1.684980 -4.997784 35.156121 -7.368572 -0.000002 22.037369 7.501077 -0.000001 -0.000000 0.000001 -4.569994 11.014879 -2.160856 -2.707389 6.648525 9.770654 0.059549 31.373132 55.948996 0.000002 12.602169 0.000016 5.346803 -4.578970 -20.860115 -2.464806 -1.573949 2.681907 -0.184855 0.811014 0.379089 14.555157 -10.338189 -17.751404 -2.646266 -1.527810 1.527819 3.082443 6.845677 -24.355264 -1.994586 -1.151582 1.151594 0.000002 -0.000003 0.000001 -9.108315 -0.517872 2.259801 -1.953985 1.211413 24.349884 0.102774 -0.974068 12.047025 0.106950 -0.993362 12.289313 -0.000001 -0.000000 0.000001 -9.532526 0.000024 -0.000003 -0.068666 -3.360483 30.624540 0.243089 -1.486467 18.575051 0.087635 -0.900177 11.120835 -0.000001 0.000000 0.000001 -9.103592 -0.043077 -1.865102 2.118676 -6.841610 32.929189 0.379628 -1.843450 23.271892 0.273419 -1.573775 19.710425 -0.000000 -0.000000 0.000003 -8.076701 -0.486710 -3.806299 0.991103 -5.107808 35.939882 0.407274 -1.906395 24.116689 0.180034 -1.283656 15.966120 -0.000001 -0.000001 -0.000001 4.570409 11.014674 -2.160819 1.287955 2.046100 -7.556872 -1.901029 -19.818070 -67.839624 -0.000011 -29.221434 -0.000003 5.898197 -13.966571 6.155450 2.466100 -1.576220 2.681682 34.633123 -11.154949 20.382239 10.317226 22.375524 -4.922742 2.647883 -1.528764 1.528759 -16.283839 5.393256 11.804527 1.998913 -1.154078 1.154080 -0.000003 -0.000003 0.000001 9.109294 -0.518012 2.259891 -2.909576 -5.343379 -19.893648 0.730460 2.834864 -28.894699 0.303374 1.862604 -18.501762 -0.000001 -0.000001 -0.000003 9.533396 0.000008 -0.000010 -0.724664 3.070716 -34.949856 0.579096 2.541651 -25.668138 0.407568 2.148889 -21.478351 0.000001 0.000000 -0.000001 9.104514 -0.042995 -1.865108 0.244378 4.333218 -32.106370 0.880801 3.091304 -31.802539 0.978993 3.244073 -33.579546 -0.000003 0.000000 -0.000001 8.077804 -0.486901 -3.806307 0.557548 4.785952 -28.297472 0.460897 2.279635 -22.858487 0.526838 2.430072 -24.463654 -0.000001 -0.000003 0.000000 -8.207801 -6.751716 -1.599519 -16.127284 -7.565109 3.227803 26.370100 2.238429 0.317214 -14.749332 0.586886 -4.965500 -8.080943 0.000010 0.000010 0.000001 0.000000 0.000000 8.207799 -6.751707 -1.599520 -34.281672 -0.963971 2.942293 55.851789 -3.279518 0.048550 -2.900302 0.145710 -4.018894 -7.573397 0.000031 -0.000004 -0.000001 0.000001 -0.000001 
-180.540848 100.572144 0.894567 11.577512 -65.786340 10.004001 0.000008 10.181551 0.131543 5.891045 7.379646 -0.294875 4.207033 4.750665 -0.407742 4.180449 4.776967 -0.387796 0.000001 16.740366 -2.049029 4.751500 5.601002 1.899789 -0.000027 9.617838 1.684980 -4.997784 35.156121 -7.368572 -0.000002 22.037369 7.501077 -0.000001 -0.000000 0.000001 -4.569994 11.014879 -2.160856 -2.707389 6.648525 9.770654 0.059549 31.373132 55.948996 0.000002 12.602169 0.000016 5.346803 -4.578970 -20.860115 -2.464806 -1.573949 2.681907 -0.184855 0.811014 0.379089 14.555157 -10.338189 -17.751404 -2.646266 -1.527810 1.527819 3.082443 6.845677 -24.355264 -1.994586 -1.151582 1.151594 0.000002 -0.000003 0.000001 -9.108315 -0.517872 2.259801 -1.953985 1.211413 24.349884 0.102774 -0.974068 12.047025 0.106950 -0.993362 12.289313 -0.000001 -0.000000 0.000001 -9.532526 0.000024 -0.000003 -0.068666 -3.360483 30.624540 0.243089 -1.486467 18.575051 0.087635 -0.900177 11.120835 -0.000001 0.000000 0.000001 -9.103592 -0.043077 -1.865102 2.118676 -6.841610 32.929189 0.379628 -1.843450 23.271892 0.273419 -1.573775 19.710425 -0.000000 -0.000000 0.000003 -8.076701 -0.486710 -3.806299 0.991103 -5.107808 35.939882 0.407274 -1.906395 24.116689 0.180034 -1.283656 15.966120 -0.000001 -0.000001 -0.000001 4.570409 11.014674 -2.160819 1.287955 2.046100 -7.556872 -1.901029 -19.818070 -67.839624 -0.000011 -29.221434 -0.000003 5.898197 -13.966571 6.155450 2.466100 -1.576220 2.681682 34.633123 -11.154949 20.382239 10.317226 22.375524 -4.922742 2.647883 -1.528764 1.528759 -16.283839 5.393256 11.804527 1.998913 -1.154078 1.154080 -0.000003 -0.000003 0.000001 9.109294 -0.518012 2.259891 -2.909576 -5.343379 -19.893648 0.730460 2.834864 -28.894699 0.303374 1.862604 -18.501762 -0.000001 -0.000001 -0.000003 9.533396 0.000008 -0.000010 -0.724664 3.070716 -34.949856 0.579096 2.541651 -25.668138 0.407568 2.148889 -21.478351 0.000001 0.000000 -0.000001 9.104514 -0.042995 -1.865108 0.244378 4.333218 -32.106370 0.880801 3.091304 -31.802539 0.978993 3.244073 -33.579546 -0.000003 0.000000 -0.000001 8.077804 -0.486901 -3.806307 0.557548 4.785952 -28.297472 0.460897 2.279635 -22.858487 0.526838 2.430072 -24.463654 -0.000001 -0.000003 0.000000 -8.207801 -6.751716 -1.599519 -16.127284 -7.565109 3.227803 26.370100 2.238429 0.317214 -14.749332 0.586886 -4.965500 -8.080943 0.000010 0.000010 0.000001 0.000000 0.000000 8.207799 -6.751707 -1.599520 -34.281672 -0.963971 2.942293 55.851789 -3.279518 0.048550 -2.900302 0.145710 -4.018894 -7.573397 0.000031 -0.000004 -0.000001 0.000001 -0.000001 
-180.540848 100.572144 0.894567 11.577512 -65.786340 10.004001 0.000008 10.181551 0.131543 5.891045 7.379646 -0.294875 4.207033 4.750665 -0.407742 4.180449 4.776967 -0.387796 0.000001 16.740366 -2.049029 4.751500 5.601002 1.899789 -0.000027 9.617838 1.684980 -4.997784 35.156121 -7.368572 -0.000002 22.037369 7.501077 -0.000001 -0.000000 0.000001 -4.569994 11.014879 -2.160856 -2.707389 6.648525 9.770654 0.059549 31.373132 55.948996 0.000002 12.602169 0.000016 5.346803 -4.578970 -20.860115 -2.464806 -1.573949 2.681907 -0.184855 0.811014 0.379089 14.555157 -10.338189 -17.751404 -2.646266 -1.527810 1.527819 3.082443 6.845677 -24.355264 -1.994586 -1.151582 1.151594 0.000002 -0.000003 0.000001 -9.108315 -0.517872 2.259801 -1.953985 1.211413 24.349884 0.102774 -0.974068 12.047025 0.106950 -0.993362 12.289313 -0.000001 -0.000000 0.000001 -9.532526 0.000024 -0.000003 -0.068666 -3.360483 30.624540 0.243089 -1.486467 18.575051 0.087635 -0.900177 11.120835 -0.000001 0.000000 0.000001 -9.103592 -0.043077 -1.865102 2.118676 -6.841610 32.929189 0.379628 -1.843450 23.271892 0.273419 -1.573775 19.710425 -0.000000 -0.000000 0.000003 -8.076701 -0.486710 -3.806299 0.991103 -5.107808 35.939882 0.407274 -1.906395 24.116689 0.180034 -1.283656 15.966120 -0.000001 -0.000001 -0.000001 4.570409 11.014674 -2.160819 1.287955 2.046100 -7.556872 -1.901029 -19.818070 -67.839624 -0.000011 -29.221434 -0.000003 5.898197 -13.966571 6.155450 2.466100 -1.576220 2.681682 34.633123 -11.154949 20.382239 10.317226 22.375524 -4.922742 2.647883 -1.528764 1.528759 -16.283839 5.393256 11.804527 1.998913 -1.154078 1.154080 -0.000003 -0.000003 0.000001 9.109294 -0.518012 2.259891 -2.909576 -5.343379 -19.893648 0.730460 2.834864 -28.894699 0.303374 1.862604 -18.501762 -0.000001 -0.000001 -0.000003 9.533396 0.000008 -0.000010 -0.724664 3.070716 -34.949856 0.579096 2.541651 -25.668138 0.407568 2.148889 -21.478351 0.000001 0.000000 -0.000001 9.104514 -0.042995 -1.865108 0.244378 4.333218 -32.106370 0.880801 3.091304 -31.802539 0.978993 3.244073 -33.579546 -0.000003 0.000000 -0.000001 8.077804 -0.486901 -3.806307 0.557548 4.785952 -28.297472 0.460897 2.279635 -22.858487 0.526838 2.430072 -24.463654 -0.000001 -0.000003 0.000000 -8.207801 -6.751716 -1.599519 -16.127284 -7.565109 3.227803 26.370100 2.238429 0.317214 -14.749332 0.586886 -4.965500 -8.080943 0.000010 0.000010 0.000001 0.000000 0.000000 8.207799 -6.751707 -1.599520 -34.281672 -0.963971 2.942293 55.851789 -3.279518 0.048550 -2.900302 0.145710 -4.018894 -7.573397 0.000031 -0.000004 -0.000001 0.000001 -0.000001 
-180.540848 100.572144 0.894567 11.577512 -65.786340 10.004001 0.000008 10.181551 0.131543 5.891045 7.379646 -0.294875 4.207033 4.750665 -0.407742 4.180449 4.776967 -0.387796 0.000001 16.740366 -2.049029 4.751500 5.601002 1.899789 -0.000027 9.617838 1.684980 -4.997784 35.156121 -7.368572 -0.000002 22.037369 7.501077 -0.000001 -0.000000 0.000001 -4.569994 11.014879 -2.160856 -2.707389 6.648525 9.770654 0.059549 31.373132 55.948996 0.000002 12.602169 0.000016 5.346803 -4.578970 -20.860115 -2.464806 -1.573949 2.681907 -0.184855 0.811014 0.379089 14.555157 -10.338189 -17.751404 -2.646266 -1.527810 1.527819 3.082443 6.845677 -24.355264 -1.994586 -1.151582 1.151594 0.000002 -0.000003 0.000001 -9.108315 -0.517872 2.259801 -1.953985 1.211413 24.349884 0.102774 -0.974068 12.047025 0.106950 -0.993362 12.289313 -0.000001 -0.000000 0.000001 -9.532526 0.000024 -0.000003 -0.068666 -3.360483 30.624540 0.243089 -1.486467 18.575051 0.087635 -0.900177 11.120835 -0.000001 0.000000 0.000001 -9.103592 -0.043077 -1.865102 2.118676 -6.841610 32.929189 0.379628 -1.843450 23.271892 0.273419 -1.573775 19.710425 -0.000000 -0.000000 0.000003 -8.076701 -0.486710 -3.806299 0.991103 -5.107808 35.939882 0.407274 -1.906395 24.116689 0.180034 -1.283656 15.966120 -0.000001 -0.000001 -0.000001 4.570409 11.014674 -2.160819 1.287955 2.046100 -7.556872 -1.901029 -19.818070 -67.839624 -0.000011 -29.221434 -0.000003 5.898197 -13.966571 6.155450 2.466100 -1.576220 2.681682 34.633123 -11.154949 20.382239 10.317226 22.375524 -4.922742 2.647883 -1.528764 1.528759 -16.283839 5.393256 11.804527 1.998913 -1.154078 1.154080 -0.000003 -0.000003 0.000001 9.109294 -0.518012 2.259891 -2.909576 -5.343379 -19.893648 0.730460 2.834864 -28.894699 0.303374 1.862604 -18.501762 -0.000001 -0.000001 -0.000003 9.533396 0.000008 -0.000010 -0.724664 3.070716 -34.949856 0.579096 2.541651 -25.668138 0.407568 2.148889 -21.478351 0.000001 0.000000 -0.000001 9.104514 -0.042995 -1.865108 0.244378 4.333218 -32.106370 0.880801 3.091304 -31.802539 0.978993 3.244073 -33.579546 -0.000003 0.000000 -0.000001 8.077804 -0.486901 -3.806307 0.557548 4.785952 -28.297472 0.460897 2.279635 -22.858487 0.526838 2.430072 -24.463654 -0.000001 -0.000003 0.000000 -8.207801 -6.751716 -1.599519 -16.127284 -7.565109 3.227803 26.370100 2.238429 0.317214 -14.749332 0.586886 -4.965500 -8.080943 0.000010 0.000010 0.000001 0.000000 0.000000 8.207799 -6.751707 -1.599520 -34.281672 -0.963971 2.942293 55.851789 -3.279518 0.048550 -2.900302 0.145710 -4.018894 -7.573397 0.000031 -0.000004 -0.000001 0.000001 -0.000001 
-180.540848 100.572144 0.894567 11.577512 -65.786340 10.004001 0.000008 10.181551 0.131543 5.891045 7.379646 -0.294875 4.207033 4.750665 -0.407742 4.180449 4.776967 -0.387796 0.000001 16.740366 -2.049029 4.751500 5.601002 1.899789 -0.000027 9.617838 1.684980 -4.997784 35.156121 -7.368572 -0.000002 22.037369 7.501077 -0.000001 -0.000000 0.000001 -4.569994 11.014879 -2.160856 -2.707389 6.648525 9.770654 0.059549 31.373132 55.948996 0.000002 12.602169 0.000016 5.346803 -4.578970 -20.860115 -2.464806 -1.573949 2.681907 -0.184855 0.811014 0.379089 14.555157 -10.338189 -17.751404 -2.646266 -1.527810 1.527819 3.082443 6.845677 -24.355264 -1.994586 -1.151582 1.151594 0.000002 -0.000003 0.000001 -9.108315 -0.517872 2.259801 -1.953985 1.211413 24.349884 0.102774 -0.974068 12.047025 0.106950 -0.993362 12.289313 -0.000001 -0.000000 0.000001 -9.532526 0.000024 -0.000003 -0.068666 -3.360483 30.624540 0.243089 -1.486467 18.575051 0.087635 -0.900177 11.120835 -0.000001 0.000000 0.000001 -9.103592 -0.043077 -1.865102 2.118676 -6.841610 32.929189 0.379628 -1.843450 23.271892 0.273419 -1.573775 19.710425 -0.000000 -0.000000 0.000003 -8.076701 -0.486710 -3.806299 0.991103 -5.107808 35.939882 0.407274 -1.906395 24.116689 0.180034 -1.283656 15.966120 -0.000001 -0.000001 -0.000001 4.570409 11.014674 -2.160819 1.287955 2.046100 -7.556872 -1.901029 -19.818070 -67.839624 -0.000011 -29.221434 -0.000003 5.898197 -13.966571 6.155450 2.466100 -1.576220 2.681682 34.633123 -11.154949 20.382239 10.317226 22.375524 -4.922742 2.647883 -1.528764 1.528759 -16.283839 5.393256 11.804527 1.998913 -1.154078 1.154080 -0.000003 -0.000003 0.000001 9.109294 -0.518012 2.259891 -2.909576 -5.343379 -19.893648 0.730460 2.834864 -28.894699 0.303374 1.862604 -18.501762 -0.000001 -0.000001 -0.000003 9.533396 0.000008 -0.000010 -0.724664 3.070716 -34.949856 0.579096 2.541651 -25.668138 0.407568 2.148889 -21.478351 0.000001 0.000000 -0.000001 9.104514 -0.042995 -1.865108 0.244378 4.333218 -32.106370 0.880801 3.091304 -31.802539 0.978993 3.244073 -33.579546 -0.000003 0.000000 -0.000001 8.077804 -0.486901 -3.806307 0.557548 4.785952 -28.297472 0.460897 2.279635 -22.858487 0.526838 2.430072 -24.463654 -0.000001 -0.000003 0.000000 -8.207801 -6.751716 -1.599519 -16.127284 -7.565109 3.227803 26.370100 2.238429 0.317214 -14.749332 0.586886 -4.965500 -8.080943 0.000010 0.000010 0.000001 0.000000 0.000000 8.207799 -6.751707 -1.599520 -34.281672 -0.963971 2.942293 55.851789 -3.279518 0.048550 -2.900302 0.145710 -4.018894 -7.573397 0.000031 -0.000004 -0.000001 0.000001 -0.000001 
-180.540848 100.572144 0.894567 11.577512 -65.786340 10.004001 0.000008 10.181551 0.131543 5.891045 7.379646 -0.294875 4.207033 4.750665 -0.407742 4.180449 4.776967 -0.387796 0.000001 16.740366 -2.049029 4.751500 5.601002 1.899789 -0.000027 9.617838 1.684980 -4.997784 35.156121 -7.368572 -0.000002 22.037369 7.501077 -0.000001 -0.000000 0.000001 -4.569994 11.014879 -2.160856 -2.707389 6.648525 9.770654 0.059549 31.373132 55.948996 0.000002 12.602169 0.000016 5.346803 -4.578970 -20.860115 -2.464806 -1.573949 2.681907 -0.184855 0.811014 0.379089 14.555157 -10.338189 -17.751404 -2.646266 -1.527810 1.527819 3.082443 6.845677 -24.355264 -1.994586 -1.151582 1.151594 0.000002 -0.000003 0.000001 -9.108315 -0.517872 2.259801 -1.953985 1.211413 24.349884 0.102774 -0.974068 12.047025 0.106950 -0.993362 12.289313 -0.000001 -0.000000 0.000001 -9.532526 0.000024 -0.000003 -0.068666 -3.360483 30.624540 0.243089 -1.486467 18.575051 0.087635 -0.900177 11.120835 -0.000001 0.000000 0.000001 -9.103592 -0.043077 -1.865102 2.118676 -6.841610 32.929189 0.379628 -1.843450 23.271892 0.273419 -1.573775 19.710425 -0.000000 -0.000000 0.000003 -8.076701 -0.486710 -3.806299 0.991103 -5.107808 35.939882 0.407274 -1.906395 24.116689 0.180034 -1.283656 15.966120 -0.000001 -0.000001 -0.000001 4.570409 11.014674 -2.160819 1.287955 2.046100 -7.556872 -1.901029 -19.818070 -67.839624 -0.000011 -29.221434 -0.000003 5.898197 -13.966571 6.155450 2.466100 -1.576220 2.681682 34.633123 -11.154949 20.382239 10.317226 22.375524 -4.922742 2.647883 -1.528764 1.528759 -16.283839 5.393256 11.804527 1.998913 -1.154078 1.154080 -0.000003 -0.000003 0.000001 9.109294 -0.518012 2.259891 -2.909576 -5.343379 -19.893648 0.730460 2.834864 -28.894699 0.303374 1.862604 -18.501762 -0.000001 -0.000001 -0.000003 9.533396 0.000008 -0.000010 -0.724664 3.070716 -34.949856 0.579096 2.541651 -25.668138 0.407568 2.148889 -21.478351 0.000001 0.000000 -0.000001 9.104514 -0.042995 -1.865108 0.244378 4.333218 -32.106370 0.880801 3.091304 -31.802539 0.978993 3.244073 -33.579546 -0.000003 0.000000 -0.000001 8.077804 -0.486901 -3.806307 0.557548 4.785952 -28.297472 0.460897 2.279635 -22.858487 0.526838 2.430072 -24.463654 -0.000001 -0.000003 0.000000 -8.207801 -6.751716 -1.599519 -16.127284 -7.565109 3.227803 26.370100 2.238429 0.317214 -14.749332 0.586886 -4.965500 -8.080943 0.000010 0.000010 0.000001 0.000000 0.000000 8.207799 -6.751707 -1.599520 -34.281672 -0.963971 2.942293 55.851789 -3.279518 0.048550 -2.900302 0.145710 -4.018894 -7.573397 0.000031 -0.000004 -0.000001 0.000001 -0.000001 
-180.540848 100.572144 0.894567 11.577512 -65.786340 10.004001 0.000008 10.181551 0.131543 5.891045 7.379646 -0.294875 4.207033 4.750665 -0.407742 4.180449 4.776967 -0.387796 0.000001 16.740366 -2.049029 4.751500 5.601002 1.899789 -0.000027 9.617838 1.684980 -4.997784 35.156121 -7.368572 -0.000002 22.037369 7.501077 -0.000001 -0.000000 0.000001 -4.569994 11.014879 -2.160856 -2.707389 6.648525 9.770654 0.059549 31.373132 55.948996 0.000002 12.602169 0.000016 5.346803 -4.578970 -20.860115 -2.464806 -1.573949 2.681907 -0.184855 0.811014 0.379089 14.555157 -10.338189 -17.751404 -2.646266 -1.527810 1.527819 3.082443 6.845677 -24.355264 -1.994586 -1.151582 1.151594 0.000002 -0.000003 0.000001 -9.108315 -0.517872 2.259801 -1.953985 1.211413 24.349884 0.102774 -0.974068 12.047025 0.106950 -0.993362 12.289313 -0.000001 -0.000000 0.000001 -9.532526 0.000024 -0.000003 -0.068666 -3.360483 30.624540 0.243089 -1.486467 18.575051 0.087635 -0.900177 11.120835 -0.000001 0.000000 0.000001 -9.103592 -0.043077 -1.865102 2.118676 -6.841610 32.929189 0.379628 -1.843450 23.271892 0.273419 -1.573775 19.710425 -0.000000 -0.000000 0.000003 -8.076701 -0.486710 -3.806299 0.991103 -5.107808 35.939882 0.407274 -1.906395 24.116689 0.180034 -1.283656 15.966120 -0.000001 -0.000001 -0.000001 4.570409 11.014674 -2.160819 1.287955 2.046100 -7.556872 -1.901029 -19.818070 -67.839624 -0.000011 -29.221434 -0.000003 5.898197 -13.966571 6.155450 2.466100 -1.576220 2.681682 34.633123 -11.154949 20.382239 10.317226 22.375524 -4.922742 2.647883 -1.528764 1.528759 -16.283839 5.393256 11.804527 1.998913 -1.154078 1.154080 -0.000003 -0.000003 0.000001 9.109294 -0.518012 2.259891 -2.909576 -5.343379 -19.893648 0.730460 2.834864 -28.894699 0.303374 1.862604 -18.501762 -0.000001 -0.000001 -0.000003 9.533396 0.000008 -0.000010 -0.724664 3.070716 -34.949856 0.579096 2.541651 -25.668138 0.407568 2.148889 -21.478351 0.000001 0.000000 -0.000001 9.104514 -0.042995 -1.865108 0.244378 4.333218 -32.106370 0.880801 3.091304 -31.802539 0.978993 3.244073 -33.579546 -0.000003 0.000000 -0.000001 8.077804 -0.486901 -3.806307 0.557548 4.785952 -28.297472 0.460897 2.279635 -22.858487 0.526838 2.430072 -24.463654 -0.000001 -0.000003 0.000000 -8.207801 -6.751716 -1.599519 -16.127284 -7.565109 3.227803 26.370100 2.238429 0.317214 -14.749332 0.586886 -4.965500 -8.080943 0.000010 0.000010 0.000001 0.000000 0.000000 8.207799 -6.751707 -1.599520 -34.281672 -0.963971 2.942293 55.851789 -3.279518 0.048550 -2.900302 0.145710 -4.018894 -7.573397 0.000031 -0.000004 -0.000001 0.000001 -0.000001 
-180.540848 100.572144 0.894567 11.577512 -65.786340 10.004001 0.000008 10.181551 0.131543 5.891045 7.379646 -0.294875 4.207033 4.750665 -0.407742 4.180449 4.776967 -0.387796 0.000001 16.740366 -2.049029 4.751500 5.601002 1.899789 -0.000027 9.617838 1.684980 -4.997784 35.156121 -7.368572 -0.000002 22.037369 7.501077 -0.000001 -0.000000 0.000001 -4.569994 11.014879 -2.160856 -2.707389 6.648525 9.770654 0.059549 31.373132 55.948996 0.000002 12.602169 0.000016 5.346803 -4.578970 -20.860115 -2.464806 -1.573949 2.681907 -0.184855 0.811014 0.379089 14.555157 -10.338189 -17.751404 -2.646266 -1.527810 1.527819 3.082443 6.845677 -24.355264 -1.994586 -1.151582 1.151594 0.000002 -0.000003 0.000001 -9.108315 -0.517872 2.259801 -1.953985 1.211413 24.349884 0.102774 -0.974068 12.047025 0.106950 -0.993362 12.289313 -0.000001 -0.000000 0.000001 -9.532526 0.000024 -0.000003 -0.068666 -3.360483 30.624540 0.243089 -1.486467 18.575051 0.087635 -0.900177 11.120835 -0.000001 0.000000 0.000001 -9.103592 -0.043077 -1.865102 2.118676 -6.841610 32.929189 0.379628 -1.843450 23.271892 0.273419 -1.573775 19.710425 -0.000000 -0.000000 0.000003 -8.076701 -0.486710 -3.806299 0.991103 -5.107808 35.939882 0.407274 -1.906395 24.116689 0.180034 -1.283656 15.966120 -0.000001 -0.000001 -0.000001 4.570409 11.014674 -2.160819 1.287955 2.046100 -7.556872 -1.901029 -19.818070 -67.839624 -0.000011 -29.221434 -0.000003 5.898197 -13.966571 6.155450 2.466100 -1.576220 2.681682 34.633123 -11.154949 20.382239 10.317226 22.375524 -4.922742 2.647883 -1.528764 1.528759 -16.283839 5.393256 11.804527 1.998913 -1.154078 1.154080 -0.000003 -0.000003 0.000001 9.109294 -0.518012 2.259891 -2.909576 -5.343379 -19.893648 0.730460 2.834864 -28.894699 0.303374 1.862604 -18.501762 -0.000001 -0.000001 -0.000003 9.533396 0.000008 -0.000010 -0.724664 3.070716 -34.949856 0.579096 2.541651 -25.668138 0.407568 2.148889 -21.478351 0.000001 0.000000 -0.000001 9.104514 -0.042995 -1.865108 0.244378 4.333218 -32.106370 0.880801 3.091304 -31.802539 0.978993 3.244073 -33.579546 -0.000003 0.000000 -0.000001 8.077804 -0.486901 -3.806307 0.557548 4.785952 -28.297472 0.460897 2.279635 -22.858487 0.526838 2.430072 -24.463654 -0.000001 -0.000003 0.000000 -8.207801 -6.751716 -1.599519 -16.127284 -7.565109 3.227803 26.370100 2.238429 0.317214 -14.749332 0.586886 -4.965500 -8.080943 0.000010 0.000010 0.000001 0.000000 0.000000 8.207799 -6.751707 -1.599520 -34.281672 -0.963971 2.942293 55.851789 -3.279518 0.048550 -2.900302 0.145710 -4.018894 -7.573397 0.000031 -0.000004 -0.000001 0.000001 -0.000001 
-180.540848 100.572144 0.894567 11.577512 -65.786340 10.004001 0.000008 10.181551 0.131543 5.891045 7.379646 -0.294875 4.207033 4.750665 -0.407742 4.180449 4.776967 -0.387796 0.000001 16.740366 -2.049029 4.751500 5.601002 1.899789 -0.000027 9.617838 1.684980 -4.997784 35.156121 -7.368572 -0.000002 22.037369 7.501077 -0.000001 -0.000000 0.000001 -4.569994 11.014879 -2.160856 -2.707389 6.648525 9.770654 0.059549 31.373132 55.948996 0.000002 12.602169 0.000016 5.346803 -4.578970 -20.860115 -2.464806 -1.573949 2.681907 -0.184855 0.811014 0.379089 14.555157 -10.338189 -17.751404 -2.646266 -1.527810 1.527819 3.082443 6.845677 -24.355264 -1.994586 -1.151582 1.151594 0.000002 -0.000003 0.000001 -9.108315 -0.517872 2.259801 -1.953985 1.211413 24.349884 0.102774 -0.974068 12.047025 0.106950 -0.993362 12.289313 -0.000001 -0.000000 0.000001 -9.532526 0.000024 -0.000003 -0.068666 -3.360483 30.624540 0.243089 -1.486467 18.575051 0.087635 -0.900177 11.120835 -0.000001 0.000000 0.000001 -9.103592 -0.043077 -1.865102 2.118676 -6.841610 32.929189 0.379628 -1.843450 23.271892 0.273419 -1.573775 19.710425 -0.000000 -0.000000 0.000003 -8.076701 -0.486710 -3.806299 0.991103 -5.107808 35.939882 0.407274 -1.906395 24.116689 0.180034 -1.283656 15.966120 -0.000001 -0.000001 -0.000001 4.570409 11.014674 -2.160819 1.287955 2.046100 -7.556872 -1.901029 -19.818070 -67.839624 -0.000011 -29.221434 -0.000003 5.898197 -13.966571 6.155450 2.466100 -1.576220 2.681682 34.633123 -11.154949 20.382239 10.317226 22.375524 -4.922742 2.647883 -1.528764 1.528759 -16.283839 5.393256 11.804527 1.998913 -1.154078 1.154080 -0.000003 -0.000003 0.000001 9.109294 -0.518012 2.259891 -2.909576 -5.343379 -19.893648 0.730460 2.834864 -28.894699 0.303374 1.862604 -18.501762 -0.000001 -0.000001 -0.000003 9.533396 0.000008 -0.000010 -0.724664 3.070716 -34.949856 0.579096 2.541651 -25.668138 0.407568 2.148889 -21.478351 0.000001 0.000000 -0.000001 9.104514 -0.042995 -1.865108 0.244378 4.333218 -32.106370 0.880801 3.091304 -31.802539 0.978993 3.244073 -33.579546 -0.000003 0.000000 -0.000001 8.077804 -0.486901 -3.806307 0.557548 4.785952 -28.297472 0.460897 2.279635 -22.858487 0.526838 2.430072 -24.463654 -0.000001 -0.000003 0.000000 -8.207801 -6.751716 -1.599519 -16.127284 -7.565109 3.227803 26.370100 2.238429 0.317214 -14.749332 0.586886 -4.965500 -8.080943 0.000010 0.000010 0.000001 0.000000 0.000000 8.207799 -6.751707 -1.599520 -34.281672 -0.963971 2.942293 55.851789 -3.279518 0.048550 -2.900302 0.145710 -4.018894 -7.573397 0.000031 -0.000004 -0.000001 0.000001 -0.000001 
-180.540848 100.572144 0.894567 11.577512 -65.786340 10.004001 0.000008 10.181551 0.131543 5.891045 7.379646 -0.294875 4.207033 4.750665 -0.407742 4.180449 4.776967 -0.387796 0.000001 16.740366 -2.049029 4.751500 5.601002 1.899789 -0.000027 9.617838 1.684980 -4.997784 35.156121 -7.368572 -0.000002 22.037369 7.501077 -0.000001 -0.000000 0.000001 -4.569994 11.014879 -2.160856 -2.707389 6.648525 9.770654 0.059549 31.373132 55.948996 0.000002 12.602169 0.000016 5.346803 -4.578970 -20.860115 -2.464806 -1.573949 2.681907 -0.184855 0.811014 0.379089 14.555157 -10.338189 -17.751404 -2.646266 -1.527810 1.527819 3.082443 6.845677 -24.355264 -1.994586 -1.151582 1.151594 0.000002 -0.000003 0.000001 -9.108315 -0.517872 2.259801 -1.953985 1.211413 24.349884 0.102774 -0.974068 12.047025 0.106950 -0.993362 12.289313 -0.000001 -0.000000 0.000001 -9.532526 0.000024 -0.000003 -0.068666 -3.360483 30.624540 0.243089 -1.486467 18.575051 0.087635 -0.900177 11.120835 -0.000001 0.000000 0.000001 -9.103592 -0.043077 -1.865102 2.118676 -6.841610 32.929189 0.379628 -1.843450 23.271892 0.273419 -1.573775 19.710425 -0.000000 -0.000000 0.000003 -8.076701 -0.486710 -3.806299 0.991103 -5.107808 35.939882 0.407274 -1.906395 24.116689 0.180034 -1.283656 15.966120 -0.000001 -0.000001 -0.000001 4.570409 11.014674 -2.160819 1.287955 2.046100 -7.556872 -1.901029 -19.818070 -67.839624 -0.000011 -29.221434 -0.000003 5.898197 -13.966571 6.155450 2.466100 -1.576220 2.681682 34.633123 -11.154949 20.382239 10.317226 22.375524 -4.922742 2.647883 -1.528764 1.528759 -16.283839 5.393256 11.804527 1.998913 -1.154078 1.154080 -0.000003 -0.000003 0.000001 9.109294 -0.518012 2.259891 -2.909576 -5.343379 -19.893648 0.730460 2.834864 -28.894699 0.303374 1.862604 -18.501762 -0.000001 -0.000001 -0.000003 9.533396 0.000008 -0.000010 -0.724664 3.070716 -34.949856 0.579096 2.541651 -25.668138 0.407568 2.148889 -21.478351 0.000001 0.000000 -0.000001 9.104514 -0.042995 -1.865108 0.244378 4.333218 -32.106370 0.880801 3.091304 -31.802539 0.978993 3.244073 -33.579546 -0.000003 0.000000 -0.000001 8.077804 -0.486901 -3.806307 0.557548 4.785952 -28.297472 0.460897 2.279635 -22.858487 0.526838 2.430072 -24.463654 -0.000001 -0.000003 0.000000 -8.207801 -6.751716 -1.599519 -16.127284 -7.565109 3.227803 26.370100 2.238429 0.317214 -14.749332 0.586886 -4.965500 -8.080943 0.000010 0.000010 0.000001 0.000000 0.000000 8.207799 -6.751707 -1.599520 -34.281672 -0.963971 2.942293 55.851789 -3.279518 0.048550 -2.900302 0.145710 -4.018894 -7.573397 0.000031 -0.000004 -0.000001 0.000001 -0.000001 
-180.540848 100.572144 0.894567 11.577512 -65.786340 10.004001 0.000008 10.181551 0.131543 5.891045 7.379646 -0.294875 4.207033 4.750665 -0.407742 4.180449 4.776967 -0.387796 0.000001 16.740366 -2.049029 4.751500 5.601002 1.899789 -0.000027 9.617838 1.684980 -4.997784 35.156121 -7.368572 -0.000002 22.037369 7.501077 -0.000001 -0.000000 0.000001 -4.569994 11.014879 -2.160856 -2.707389 6.648525 9.770654 0.059549 31.373132 55.948996 0.000002 12.602169 0.000016 5.346803 -4.578970 -20.860115 -2.464806 -1.573949 2.681907 -0.184855 0.811014 0.379089 14.555157 -10.338189 -17.751404 -2.646266 -1.527810 1.527819 3.082443 6.845677 -24.355264 -1.994586 -1.151582 1.151594 0.000002 -0.000003 0.000001 -9.108315 -0.517872 2.259801 -1.953985 1.211413 24.349884 0.102774 -0.974068 12.047025 0.106950 -0.993362 12.289313 -0.000001 -0.000000 0.000001 -9.532526 0.000024 -0.000003 -0.068666 -3.360483 30.624540 0.243089 -1.486467 18.575051 0.087635 -0.900177 11.120835 -0.000001 0.000000 0.000001 -9.103592 -0.043077 -1.865102 2.118676 -6.841610 32.929189 0.379628 -1.843450 23.271892 0.273419 -1.573775 19.710425 -0.000000 -0.000000 0.000003 -8.076701 -0.486710 -3.806299 0.991103 -5.107808 35.939882 0.407274 -1.906395 24.116689 0.180034 -1.283656 15.966120 -0.000001 -0.000001 -0.000001 4.570409 11.014674 -2.160819 1.287955 2.046100 -7.556872 -1.901029 -19.818070 -67.839624 -0.000011 -29.221434 -0.000003 5.898197 -13.966571 6.155450 2.466100 -1.576220 2.681682 34.633123 -11.154949 20.382239 10.317226 22.375524 -4.922742 2.647883 -1.528764 1.528759 -16.283839 5.393256 11.804527 1.998913 -1.154078 1.154080 -0.000003 -0.000003 0.000001 9.109294 -0.518012 2.259891 -2.909576 -5.343379 -19.893648 0.730460 2.834864 -28.894699 0.303374 1.862604 -18.501762 -0.000001 -0.000001 -0.000003 9.533396 0.000008 -0.000010 -0.724664 3.070716 -34.949856 0.579096 2.541651 -25.668138 0.407568 2.148889 -21.478351 0.000001 0.000000 -0.000001 9.104514 -0.042995 -1.865108 0.244378 4.333218 -32.106370 0.880801 3.091304 -31.802539 0.978993 3.244073 -33.579546 -0.000003 0.000000 -0.000001 8.077804 -0.486901 -3.806307 0.557548 4.785952 -28.297472 0.460897 2.279635 -22.858487 0.526838 2.430072 -24.463654 -0.000001 -0.000003 0.000000 -8.207801 -6.751716 -1.599519 -16.127284 -7.565109 3.227803 26.370100 2.238429 0.317214 -14.749332 0.586886 -4.965500 -8.080943 0.000010 0.000010 0.000001 0.000000 0.000000 8.207799 -6.751707 -1.599520 -34.281672 -0.963971 2.942293 55.851789 -3.279518 0.048550 -2.900302 0.145710 -4.018894 -7.573397 0.000031 -0.000004 -0.000001 0.000001 -0.000001 
-180.540848 100.572144 0.894567 11.577512 -65.786340 10.004001 0.000008 10.181551 0.131543 5.891045 7.379646 -0.294875 4.207033 4.750665 -0.407742 4.180449 4.776967 -0.387796 0.000001 16.740366 -2.049029 4.751500 5.601002 1.899789 -0.000027 9.617838 1.684980 -4.997784 35.156121 -7.368572 -0.000002 22.037369 7.501077 -0.000001 -0.000000 0.000001 -4.569994 11.014879 -2.160856 -2.707389 6.648525 9.770654 0.059549 31.373132 55.948996 0.000002 12.602169 0.000016 5.346803 -4.578970 -20.860115 -2.464806 -1.573949 2.681907 -0.184855 0.811014 0.379089 14.555157 -10.338189 -17.751404 -2.646266 -1.527810 1.527819 3.082443 6.845677 -24.355264 -1.994586 -1.151582 1.151594 0.000002 -0.000003 0.000001 -9.108315 -0.517872 2.259801 -1.953985 1.211413 24.349884 0.102774 -0.974068 12.047025 0.106950 -0.993362 12.289313 -0.000001 -0.000000 0.000001 -9.532526 0.000024 -0.000003 -0.068666 -3.360483 30.624540 0.243089 -1.486467 18.575051 0.087635 -0.900177 11.120835 -0.000001 0.000000 0.000001 -9.103592 -0.043077 -1.865102 2.118676 -6.841610 32.929189 0.379628 -1.843450 23.271892 0.273419 -1.573775 19.710425 -0.000000 -0.000000 0.000003 -8.076701 -0.486710 -3.806299 0.991103 -5.107808 35.939882 0.407274 -1.906395 24.116689 0.180034 -1.283656 15.966120 -0.000001 -0.000001 -0.000001 4.570409 11.014674 -2.160819 1.287955 2.046100 -7.556872 -1.901029 -19.818070 -67.839624 -0.000011 -29.221434 -0.000003 5.898197 -13.966571 6.155450 2.466100 -1.576220 2.681682 34.633123 -11.154949 20.382239 10.317226 22.375524 -4.922742 2.647883 -1.528764 1.528759 -16.283839 5.393256 11.804527 1.998913 -1.154078 1.154080 -0.000003 -0.000003 0.000001 9.109294 -0.518012 2.259891 -2.909576 -5.343379 -19.893648 0.730460 2.834864 -28.894699 0.303374 1.862604 -18.501762 -0.000001 -0.000001 -0.000003 9.533396 0.000008 -0.000010 -0.724664 3.070716 -34.949856 0.579096 2.541651 -25.668138 0.407568 2.148889 -21.478351 0.000001 0.000000 -0.000001 9.104514 -0.042995 -1.865108 0.244378 4.333218 -32.106370 0.880801 3.091304 -31.802539 0.978993 3.244073 -33.579546 -0.000003 0.000000 -0.000001 8.077804 -0.486901 -3.806307 0.557548 4.785952 -28.297472 0.460897 2.279635 -22.858487 0.526838 2.430072 -24.463654 -0.000001 -0.000003 0.000000 -8.207801 -6.751716 -1.599519 -16.127284 -7.565109 3.227803 26.370100 2.238429 0.317214 -14.749332 0.586886 -4.965500 -8.080943 0.000010 0.000010 0.000001 0.000000 0.000000 8.207799 -6.751707 -1.599520 -34.281672 -0.963971 2.942293 55.851789 -3.279518 0.048550 -2.900302 0.145710 -4.018894 -7.573397 0.000031 -0.000004 -0.000001 0.000001 -0.000001 
-180.540848 100.572144 0.894567 11.577512 -65.786340 10.004001 0.000008 10.181551 0.131543 5.891045 7.379646 -0.294875 4.207033 4.750665 -0.407742 4.180449 4.776967 -0.387796 0.000001 16.740366 -2.049029 4.751500 5.601002 1.899789 -0.000027 9.617838 1.684980 -4.997784 35.156121 -7.368572 -0.000002 22.037369 7.501077 -0.000001 -0.000000 0.000001 -4.569994 11.014879 -2.160856 -2.707389 6.648525 9.770654 0.059549 31.373132 55.948996 0.000002 12.602169 0.000016 5.346803 -4.578970 -20.860115 -2.464806 -1.573949 2.681907 -0.184855 0.811014 0.379089 14.555157 -10.338189 -17.751404 -2.646266 -1.527810 1.527819 3.082443 6.845677 -24.355264 -1.994586 -1.151582 1.151594 0.000002 -0.000003 0.000001 -9.108315 -0.517872 2.259801 -1.953985 1.211413 24.349884 0.102774 -0.974068 12.047025 0.106950 -0.993362 12.289313 -0.000001 -0.000000 0.000001 -9.532526 0.000024 -0.000003 -0.068666 -3.360483 30.624540 0.243089 -1.486467 18.575051 0.087635 -0.900177 11.120835 -0.000001 0.000000 0.000001 -9.103592 -0.043077 -1.865102 2.118676 -6.841610 32.929189 0.379628 -1.843450 23.271892 0.273419 -1.573775 19.710425 -0.000000 -0.000000 0.000003 -8.076701 -0.486710 -3.806299 0.991103 -5.107808 35.939882 0.407274 -1.906395 24.116689 0.180034 -1.283656 15.966120 -0.000001 -0.000001 -0.000001 4.570409 11.014674 -2.160819 1.287955 2.046100 -7.556872 -1.901029 -19.818070 -67.839624 -0.000011 -29.221434 -0.000003 5.898197 -13.966571 6.155450 2.466100 -1.576220 2.681682 34.633123 -11.154949 20.382239 10.317226 22.375524 -4.922742 2.647883 -1.528764 1.528759 -16.283839 5.393256 11.804527 1.998913 -1.154078 1.154080 -0.000003 -0.000003 0.000001 9.109294 -0.518012 2.259891 -2.909576 -5.343379 -19.893648 0.730460 2.834864 -28.894699 0.303374 1.862604 -18.501762 -0.000001 -0.000001 -0.000003 9.533396 0.000008 -0.000010 -0.724664 3.070716 -34.949856 0.579096 2.541651 -25.668138 0.407568 2.148889 -21.478351 0.000001 0.000000 -0.000001 9.104514 -0.042995 -1.865108 0.244378 4.333218 -32.106370 0.880801 3.091304 -31.802539 0.978993 3.244073 -33.579546 -0.000003 0.000000 -0.000001 8.077804 -0.486901 -3.806307 0.557548 4.785952 -28.297472 0.460897 2.279635 -22.858487 0.526838 2.430072 -24.463654 -0.000001 -0.000003 0.000000 -8.207801 -6.751716 -1.599519 -16.127284 -7.565109 3.227803 26.370100 2.238429 0.317214 -14.749332 0.586886 -4.965500 -8.080943 0.000010 0.000010 0.000001 0.000000 0.000000 8.207799 -6.751707 -1.599520 -34.281672 -0.963971 2.942293 55.851789 -3.279518 0.048550 -2.900302 0.145710 -4.018894 -7.573397 0.000031 -0.000004 -0.000001 0.000001 -0.000001 
-180.540848 100.572144 0.894567 11.577512 -65.786340 10.004001 0.000008 10.181551 0.131543 5.891045 7.379646 -0.294875 4.207033 4.750665 -0.407742 4.180449 4.776967 -0.387796 0.000001 16.740366 -2.049029 4.751500 5.601002 1.899789 -0.000027 9.617838 1.684980 -4.997784 35.156121 -7.368572 -0.000002 22.037369 7.501077 -0.000001 -0.000000 0.000001 -4.569994 11.014879 -2.160856 -2.707389 6.648525 9.770654 0.059549 31.373132 55.948996 0.000002 12.602169 0.000016 5.346803 -4.578970 -20.860115 -2.464806 -1.573949 2.681907 -0.184855 0.811014 0.379089 14.555157 -10.338189 -17.751404 -2.646266 -1.527810 1.527819 3.082443 6.845677 -24.355264 -1.994586 -1.151582 1.151594 0.000002 -0.000003 0.000001 -9.108315 -0.517872 2.259801 -1.953985 1.211413 24.349884 0.102774 -0.974068 12.047025 0.106950 -0.993362 12.289313 -0.000001 -0.000000 0.000001 -9.532526 0.000024 -0.000003 -0.068666 -3.360483 30.624540 0.243089 -1.486467 18.575051 0.087635 -0.900177 11.120835 -0.000001 0.000000 0.000001 -9.103592 -0.043077 -1.865102 2.118676 -6.841610 32.929189 0.379628 -1.843450 23.271892 0.273419 -1.573775 19.710425 -0.000000 -0.000000 0.000003 -8.076701 -0.486710 -3.806299 0.991103 -5.107808 35.939882 0.407274 -1.906395 24.116689 0.180034 -1.283656 15.966120 -0.000001 -0.000001 -0.000001 4.570409 11.014674 -2.160819 1.287955 2.046100 -7.556872 -1.901029 -19.818070 -67.839624 -0.000011 -29.221434 -0.000003 5.898197 -13.966571 6.155450 2.466100 -1.576220 2.681682 34.633123 -11.154949 20.382239 10.317226 22.375524 -4.922742 2.647883 -1.528764 1.528759 -16.283839 5.393256 11.804527 1.998913 -1.154078 1.154080 -0.000003 -0.000003 0.000001 9.109294 -0.518012 2.259891 -2.909576 -5.343379 -19.893648 0.730460 2.834864 -28.894699 0.303374 1.862604 -18.501762 -0.000001 -0.000001 -0.000003 9.533396 0.000008 -0.000010 -0.724664 3.070716 -34.949856 0.579096 2.541651 -25.668138 0.407568 2.148889 -21.478351 0.000001 0.000000 -0.000001 9.104514 -0.042995 -1.865108 0.244378 4.333218 -32.106370 0.880801 3.091304 -31.802539 0.978993 3.244073 -33.579546 -0.000003 0.000000 -0.000001 8.077804 -0.486901 -3.806307 0.557548 4.785952 -28.297472 0.460897 2.279635 -22.858487 0.526838 2.430072 -24.463654 -0.000001 -0.000003 0.000000 -8.207801 -6.751716 -1.599519 -16.127284 -7.565109 3.227803 26.370100 2.238429 0.317214 -14.749332 0.586886 -4.965500 -8.080943 0.000010 0.000010 0.000001 0.000000 0.000000 8.207799 -6.751707 -1.599520 -34.281672 -0.963971 2.942293 55.851789 -3.279518 0.048550 -2.900302 0.145710 -4.018894 -7.573397 0.000031 -0.000004 -0.000001 0.000001 -0.000001 
-180.540848 100.572144 0.894567 11.577512 -65.786340 10.004001 0.000008 10.181551 0.131543 5.891045 7.379646 -0.294875 4.207033 4.750665 -0.407742 4.180449 4.776967 -0.387796 0.000001 16.740366 -2.049029 4.751500 5.601002 1.899789 -0.000027 9.617838 1.684980 -4.997784 35.156121 -7.368572 -0.000002 22.037369 7.501077 -0.000001 -0.000000 0.000001 -4.569994 11.014879 -2.160856 -2.707389 6.648525 9.770654 0.059549 31.373132 55.948996 0.000002 12.602169 0.000016 5.346803 -4.578970 -20.860115 -2.464806 -1.573949 2.681907 -0.184855 0.811014 0.379089 14.555157 -10.338189 -17.751404 -2.646266 -1.527810 1.527819 3.082443 6.845677 -24.355264 -1.994586 -1.151582 1.151594 0.000002 -0.000003 0.000001 -9.108315 -0.517872 2.259801 -1.953985 1.211413 24.349884 0.102774 -0.974068 12.047025 0.106950 -0.993362 12.289313 -0.000001 -0.000000 0.000001 -9.532526 0.000024 -0.000003 -0.068666 -3.360483 30.624540 0.243089 -1.486467 18.575051 0.087635 -0.900177 11.120835 -0.000001 0.000000 0.000001 -9.103592 -0.043077 -1.865102 2.118676 -6.841610 32.929189 0.379628 -1.843450 23.271892 0.273419 -1.573775 19.710425 -0.000000 -0.000000 0.000003 -8.076701 -0.486710 -3.806299 0.991103 -5.107808 35.939882 0.407274 -1.906395 24.116689 0.180034 -1.283656 15.966120 -0.000001 -0.000001 -0.000001 4.570409 11.014674 -2.160819 1.287955 2.046100 -7.556872 -1.901029 -19.818070 -67.839624 -0.000011 -29.221434 -0.000003 5.898197 -13.966571 6.155450 2.466100 -1.576220 2.681682 34.633123 -11.154949 20.382239 10.317226 22.375524 -4.922742 2.647883 -1.528764 1.528759 -16.283839 5.393256 11.804527 1.998913 -1.154078 1.154080 -0.000003 -0.000003 0.000001 9.109294 -0.518012 2.259891 -2.909576 -5.343379 -19.893648 0.730460 2.834864 -28.894699 0.303374 1.862604 -18.501762 -0.000001 -0.000001 -0.000003 9.533396 0.000008 -0.000010 -0.724664 3.070716 -34.949856 0.579096 2.541651 -25.668138 0.407568 2.148889 -21.478351 0.000001 0.000000 -0.000001 9.104514 -0.042995 -1.865108 0.244378 4.333218 -32.106370 0.880801 3.091304 -31.802539 0.978993 3.244073 -33.579546 -0.000003 0.000000 -0.000001 8.077804 -0.486901 -3.806307 0.557548 4.785952 -28.297472 0.460897 2.279635 -22.858487 0.526838 2.430072 -24.463654 -0.000001 -0.000003 0.000000 -8.207801 -6.751716 -1.599519 -16.127284 -7.565109 3.227803 26.370100 2.238429 0.317214 -14.749332 0.586886 -4.965500 -8.080943 0.000010 0.000010 0.000001 0.000000 0.000000 8.207799 -6.751707 -1.599520 -34.281672 -0.963971 2.942293 55.851789 -3.279518 0.048550 -2.900302 0.145710 -4.018894 -7.573397 0.000031 -0.000004 -0.000001 0.000001 -0.000001 
-180.540848 100.572144 0.894567 11.577512 -65.786340 10.004001 0.000008 10.181551 0.131543 5.891045 7.379646 -0.294875 4.207033 4.750665 -0.407742 4.180449 4.776967 -0.387796 0.000001 16.740366 -2.049029 4.751500 5.601002 1.899789 -0.000027 9.617838 1.684980 -4.997784 35.156121 -7.368572 -0.000002 22.037369 7.501077 -0.000001 -0.000000 0.000001 -4.569994 11.014879 -2.160856 -2.707389 6.648525 9.770654 0.059549 31.373132 55.948996 0.000002 12.602169 0.000016 5.346803 -4.578970 -20.860115 -2.464806 -1.573949 2.681907 -0.184855 0.811014 0.379089 14.555157 -10.338189 -17.751404 -2.646266 -1.527810 1.527819 3.082443 6.845677 -24.355264 -1.994586 -1.151582 1.151594 0.000002 -0.000003 0.000001 -9.108315 -0.517872 2.259801 -1.953985 1.211413 24.349884 0.102774 -0.974068 12.047025 0.106950 -0.993362 12.289313 -0.000001 -0.000000 0.000001 -9.532526 0.000024 -0.000003 -0.068666 -3.360483 30.624540 0.243089 -1.486467 18.575051 0.087635 -0.900177 11.120835 -0.000001 0.000000 0.000001 -9.103592 -0.043077 -1.865102 2.118676 -6.841610 32.929189 0.379628 -1.843450 23.271892 0.273419 -1.573775 19.710425 -0.000000 -0.000000 0.000003 -8.076701 -0.486710 -3.806299 0.991103 -5.107808 35.939882 0.407274 -1.906395 24.116689 0.180034 -1.283656 15.966120 -0.000001 -0.000001 -0.000001 4.570409 11.014674 -2.160819 1.287955 2.046100 -7.556872 -1.901029 -19.818070 -67.839624 -0.000011 -29.221434 -0.000003 5.898197 -13.966571 6.155450 2.466100 -1.576220 2.681682 34.633123 -11.154949 20.382239 10.317226 22.375524 -4.922742 2.647883 -1.528764 1.528759 -16.283839 5.393256 11.804527 1.998913 -1.154078 1.154080 -0.000003 -0.000003 0.000001 9.109294 -0.518012 2.259891 -2.909576 -5.343379 -19.893648 0.730460 2.834864 -28.894699 0.303374 1.862604 -18.501762 -0.000001 -0.000001 -0.000003 9.533396 0.000008 -0.000010 -0.724664 3.070716 -34.949856 0.579096 2.541651 -25.668138 0.407568 2.148889 -21.478351 0.000001 0.000000 -0.000001 9.104514 -0.042995 -1.865108 0.244378 4.333218 -32.106370 0.880801 3.091304 -31.802539 0.978993 3.244073 -33.579546 -0.000003 0.000000 -0.000001 8.077804 -0.486901 -3.806307 0.557548 4.785952 -28.297472 0.460897 2.279635 -22.858487 0.526838 2.430072 -24.463654 -0.000001 -0.000003 0.000000 -8.207801 -6.751716 -1.599519 -16.127284 -7.565109 3.227803 26.370100 2.238429 0.317214 -14.749332 0.586886 -4.965500 -8.080943 0.000010 0.000010 0.000001 0.000000 0.000000 8.207799 -6.751707 -1.599520 -34.281672 -0.963971 2.942293 55.851789 -3.279518 0.048550 -2.900302 0.145710 -4.018894 -7.573397 0.000031 -0.000004 -0.000001 0.000001 -0.000001 
-180.540848 100.572144 0.894567 11.577512 -65.786340 10.004001 0.000008 10.181551 0.131543 5.891045 7.379646 -0.294875 4.207033 4.750665 -0.407742 4.180449 4.776967 -0.387796 0.000001 16.740366 -2.049029 4.751500 5.601002 1.899789 -0.000027 9.617838 1.684980 -4.997784 35.156121 -7.368572 -0.000002 22.037369 7.501077 -0.000001 -0.000000 0.000001 -4.569994 11.014879 -2.160856 -2.707389 6.648525 9.770654 0.059549 31.373132 55.948996 0.000002 12.602169 0.000016 5.346803 -4.578970 -20.860115 -2.464806 -1.573949 2.681907 -0.184855 0.811014 0.379089 14.555157 -10.338189 -17.751404 -2.646266 -1.527810 1.527819 3.082443 6.845677 -24.355264 -1.994586 -1.151582 1.151594 0.000002 -0.000003 0.000001 -9.108315 -0.517872 2.259801 -1.953985 1.211413 24.349884 0.102774 -0.974068 12.047025 0.106950 -0.993362 12.289313 -0.000001 -0.000000 0.000001 -9.532526 0.000024 -0.000003 -0.068666 -3.360483 30.624540 0.243089 -1.486467 18.575051 0.087635 -0.900177 11.120835 -0.000001 0.000000 0.000001 -9.103592 -0.043077 -1.865102 2.118676 -6.841610 32.929189 0.379628 -1.843450 23.271892 0.273419 -1.573775 19.710425 -0.000000 -0.000000 0.000003 -8.076701 -0.486710 -3.806299 0.991103 -5.107808 35.939882 0.407274 -1.906395 24.116689 0.180034 -1.283656 15.966120 -0.000001 -0.000001 -0.000001 4.570409 11.014674 -2.160819 1.287955 2.046100 -7.556872 -1.901029 -19.818070 -67.839624 -0.000011 -29.221434 -0.000003 5.898197 -13.966571 6.155450 2.466100 -1.576220 2.681682 34.633123 -11.154949 20.382239 10.317226 22.375524 -4.922742 2.647883 -1.528764 1.528759 -16.283839 5.393256 11.804527 1.998913 -1.154078 1.154080 -0.000003 -0.000003 0.000001 9.109294 -0.518012 2.259891 -2.909576 -5.343379 -19.893648 0.730460 2.834864 -28.894699 0.303374 1.862604 -18.501762 -0.000001 -0.000001 -0.000003 9.533396 0.000008 -0.000010 -0.724664 3.070716 -34.949856 0.579096 2.541651 -25.668138 0.407568 2.148889 -21.478351 0.000001 0.000000 -0.000001 9.104514 -0.042995 -1.865108 0.244378 4.333218 -32.106370 0.880801 3.091304 -31.802539 0.978993 3.244073 -33.579546 -0.000003 0.000000 -0.000001 8.077804 -0.486901 -3.806307 0.557548 4.785952 -28.297472 0.460897 2.279635 -22.858487 0.526838 2.430072 -24.463654 -0.000001 -0.000003 0.000000 -8.207801 -6.751716 -1.599519 -16.127284 -7.565109 3.227803 26.370100 2.238429 0.317214 -14.749332 0.586886 -4.965500 -8.080943 0.000010 0.000010 0.000001 0.000000 0.000000 8.207799 -6.751707 -1.599520 -34.281672 -0.963971 2.942293 55.851789 -3.279518 0.048550 -2.900302 0.145710 -4.018894 -7.573397 0.000031 -0.000004 -0.000001 0.000001 -0.000001 
-180.540848 100.572144 0.894567 11.577512 -65.786340 10.004001 0.000008 10.181551 0.131543 5.891045 7.379646 -0.294875 4.207033 4.750665 -0.407742 4.180449 4.776967 -0.387796 0.000001 16.740366 -2.049029 4.751500 5.601002 1.899789 -0.000027 9.617838 1.684980 -4.997784 35.156121 -7.368572 -0.000002 22.037369 7.501077 -0.000001 -0.000000 0.000001 -4.569994 11.014879 -2.160856 -2.707389 6.648525 9.770654 0.059549 31.373132 55.948996 0.000002 12.602169 0.000016 5.346803 -4.578970 -20.860115 -2.464806 -1.573949 2.681907 -0.184855 0.811014 0.379089 14.555157 -10.338189 -17.751404 -2.646266 -1.527810 1.527819 3.082443 6.845677 -24.355264 -1.994586 -1.151582 1.151594 0.000002 -0.000003 0.000001 -9.108315 -0.517872 2.259801 -1.953985 1.211413 24.349884 0.102774 -0.974068 12.047025 0.106950 -0.993362 12.289313 -0.000001 -0.000000 0.000001 -9.532526 0.000024 -0.000003 -0.068666 -3.360483 30.624540 0.243089 -1.486467 18.575051 0.087635 -0.900177 11.120835 -0.000001 0.000000 0.000001 -9.103592 -0.043077 -1.865102 2.118676 -6.841610 32.929189 0.379628 -1.843450 23.271892 0.273419 -1.573775 19.710425 -0.000000 -0.000000 0.000003 -8.076701 -0.486710 -3.806299 0.991103 -5.107808 35.939882 0.407274 -1.906395 24.116689 0.180034 -1.283656 15.966120 -0.000001 -0.000001 -0.000001 4.570409 11.014674 -2.160819 1.287955 2.046100 -7.556872 -1.901029 -19.818070 -67.839624 -0.000011 -29.221434 -0.000003 5.898197 -13.966571 6.155450 2.466100 -1.576220 2.681682 34.633123 -11.154949 20.382239 10.317226 22.375524 -4.922742 2.647883 -1.528764 1.528759 -16.283839 5.393256 11.804527 1.998913 -1.154078 1.154080 -0.000003 -0.000003 0.000001 9.109294 -0.518012 2.259891 -2.909576 -5.343379 -19.893648 0.730460 2.834864 -28.894699 0.303374 1.862604 -18.501762 -0.000001 -0.000001 -0.000003 9.533396 0.000008 -0.000010 -0.724664 3.070716 -34.949856 0.579096 2.541651 -25.668138 0.407568 2.148889 -21.478351 0.000001 0.000000 -0.000001 9.104514 -0.042995 -1.865108 0.244378 4.333218 -32.106370 0.880801 3.091304 -31.802539 0.978993 3.244073 -33.579546 -0.000003 0.000000 -0.000001 8.077804 -0.486901 -3.806307 0.557548 4.785952 -28.297472 0.460897 2.279635 -22.858487 0.526838 2.430072 -24.463654 -0.000001 -0.000003 0.000000 -8.207801 -6.751716 -1.599519 -16.127284 -7.565109 3.227803 26.370100 2.238429 0.317214 -14.749332 0.586886 -4.965500 -8.080943 0.000010 0.000010 0.000001 0.000000 0.000000 8.207799 -6.751707 -1.599520 -34.281672 -0.963971 2.942293 55.851789 -3.279518 0.048550 -2.900302 0.145710 -4.018894 -7.573397 0.000031 -0.000004 -0.000001 0.000001 -0.000001 
-180.540848 100.572144 0.894567 11.577512 -65.786340 10.004001 0.000008 10.181551 0.131543 5.891045 7.379646 -0.294875 4.207033 4.750665 -0.407742 4.180449 4.776967 -0.387796 0.000001 16.740366 -2.049029 4.751500 5.601002 1.899789 -0.000027 9.617838 1.684980 -4.997784 35.156121 -7.368572 -0.000002 22.037369 7.501077 -0.000001 -0.000000 0.000001 -4.569994 11.014879 -2.160856 -2.707389 6.648525 9.770654 0.059549 31.373132 55.948996 0.000002 12.602169 0.000016 5.346803 -4.578970 -20.860115 -2.464806 -1.573949 2.681907 -0.184855 0.811014 0.379089 14.555157 -10.338189 -17.751404 -2.646266 -1.527810 1.527819 3.082443 6.845677 -24.355264 -1.994586 -1.151582 1.151594 0.000002 -0.000003 0.000001 -9.108315 -0.517872 2.259801 -1.953985 1.211413 24.349884 0.102774 -0.974068 12.047025 0.106950 -0.993362 12.289313 -0.000001 -0.000000 0.000001 -9.532526 0.000024 -0.000003 -0.068666 -3.360483 30.624540 0.243089 -1.486467 18.575051 0.087635 -0.900177 11.120835 -0.000001 0.000000 0.000001 -9.103592 -0.043077 -1.865102 2.118676 -6.841610 32.929189 0.379628 -1.843450 23.271892 0.273419 -1.573775 19.710425 -0.000000 -0.000000 0.000003 -8.076701 -0.486710 -3.806299 0.991103 -5.107808 35.939882 0.407274 -1.906395 24.116689 0.180034 -1.283656 15.966120 -0.000001 -0.000001 -0.000001 4.570409 11.014674 -2.160819 1.287955 2.046100 -7.556872 -1.901029 -19.818070 -67.839624 -0.000011 -29.221434 -0.000003 5.898197 -13.966571 6.155450 2.466100 -1.576220 2.681682 34.633123 -11.154949 20.382239 10.317226 22.375524 -4.922742 2.647883 -1.528764 1.528759 -16.283839 5.393256 11.804527 1.998913 -1.154078 1.154080 -0.000003 -0.000003 0.000001 9.109294 -0.518012 2.259891 -2.909576 -5.343379 -19.893648 0.730460 2.834864 -28.894699 0.303374 1.862604 -18.501762 -0.000001 -0.000001 -0.000003 9.533396 0.000008 -0.000010 -0.724664 3.070716 -34.949856 0.579096 2.541651 -25.668138 0.407568 2.148889 -21.478351 0.000001 0.000000 -0.000001 9.104514 -0.042995 -1.865108 0.244378 4.333218 -32.106370 0.880801 3.091304 -31.802539 0.978993 3.244073 -33.579546 -0.000003 0.000000 -0.000001 8.077804 -0.486901 -3.806307 0.557548 4.785952 -28.297472 0.460897 2.279635 -22.858487 0.526838 2.430072 -24.463654 -0.000001 -0.000003 0.000000 -8.207801 -6.751716 -1.599519 -16.127284 -7.565109 3.227803 26.370100 2.238429 0.317214 -14.749332 0.586886 -4.965500 -8.080943 0.000010 0.000010 0.000001 0.000000 0.000000 8.207799 -6.751707 -1.599520 -34.281672 -0.963971 2.942293 55.851789 -3.279518 0.048550 -2.900302 0.145710 -4.018894 -7.573397 0.000031 -0.000004 -0.000001 0.000001 -0.000001 
-180.540848 100.572144 0.894567 11.577512 -65.786340 10.004001 0.000008 10.181551 0.131543 5.891045 7.379646 -0.294875 4.207033 4.750665 -0.407742 4.180449 4.776967 -0.387796 0.000001 16.740366 -2.049029 4.751500 5.601002 1.899789 -0.000027 9.617838 1.684980 -4.997784 35.156121 -7.368572 -0.000002 22.037369 7.501077 -0.000001 -0.000000 0.000001 -4.569994 11.014879 -2.160856 -2.707389 6.648525 9.770654 0.059549 31.373132 55.948996 0.000002 12.602169 0.000016 5.346803 -4.578970 -20.860115 -2.464806 -1.573949 2.681907 -0.184855 0.811014 0.379089 14.555157 -10.338189 -17.751404 -2.646266 -1.527810 1.527819 3.082443 6.845677 -24.355264 -1.994586 -1.151582 1.151594 0.000002 -0.000003 0.000001 -9.108315 -0.517872 2.259801 -1.953985 1.211413 24.349884 0.102774 -0.974068 12.047025 0.106950 -0.993362 12.289313 -0.000001 -0.000000 0.000001 -9.532526 0.000024 -0.000003 -0.068666 -3.360483 30.624540 0.243089 -1.486467 18.575051 0.087635 -0.900177 11.120835 -0.000001 0.000000 0.000001 -9.103592 -0.043077 -1.865102 2.118676 -6.841610 32.929189 0.379628 -1.843450 23.271892 0.273419 -1.573775 19.710425 -0.000000 -0.000000 0.000003 -8.076701 -0.486710 -3.806299 0.991103 -5.107808 35.939882 0.407274 -1.906395 24.116689 0.180034 -1.283656 15.966120 -0.000001 -0.000001 -0.000001 4.570409 11.014674 -2.160819 1.287955 2.046100 -7.556872 -1.901029 -19.818070 -67.839624 -0.000011 -29.221434 -0.000003 5.898197 -13.966571 6.155450 2.466100 -1.576220 2.681682 34.633123 -11.154949 20.382239 10.317226 22.375524 -4.922742 2.647883 -1.528764 1.528759 -16.283839 5.393256 11.804527 1.998913 -1.154078 1.154080 -0.000003 -0.000003 0.000001 9.109294 -0.518012 2.259891 -2.909576 -5.343379 -19.893648 0.730460 2.834864 -28.894699 0.303374 1.862604 -18.501762 -0.000001 -0.000001 -0.000003 9.533396 0.000008 -0.000010 -0.724664 3.070716 -34.949856 0.579096 2.541651 -25.668138 0.407568 2.148889 -21.478351 0.000001 0.000000 -0.000001 9.104514 -0.042995 -1.865108 0.244378 4.333218 -32.106370 0.880801 3.091304 -31.802539 0.978993 3.244073 -33.579546 -0.000003 0.000000 -0.000001 8.077804 -0.486901 -3.806307 0.557548 4.785952 -28.297472 0.460897 2.279635 -22.858487 0.526838 2.430072 -24.463654 -0.000001 -0.000003 0.000000 -8.207801 -6.751716 -1.599519 -16.127284 -7.565109 3.227803 26.370100 2.238429 0.317214 -14.749332 0.586886 -4.965500 -8.080943 0.000010 0.000010 0.000001 0.000000 0.000000 8.207799 -6.751707 -1.599520 -34.281672 -0.963971 2.942293 55.851789 -3.279518 0.048550 -2.900302 0.145710 -4.018894 -7.573397 0.000031 -0.000004 -0.000001 0.000001 -0.000001 
-180.540848 100.572144 0.894567 11.577512 -65.786340 10.004001 0.000008 10.181551 0.131543 5.891045 7.379646 -0.294875 4.207033 4.750665 -0.407742 4.180449 4.776967 -0.387796 0.000001 16.740366 -2.049029 4.751500 5.601002 1.899789 -0.000027 9.617838 1.684980 -4.997784 35.156121 -7.368572 -0.000002 22.037369 7.501077 -0.000001 -0.000000 0.000001 -4.569994 11.014879 -2.160856 -2.707389 6.648525 9.770654 0.059549 31.373132 55.948996 0.000002 12.602169 0.000016 5.346803 -4.578970 -20.860115 -2.464806 -1.573949 2.681907 -0.184855 0.811014 0.379089 14.555157 -10.338189 -17.751404 -2.646266 -1.527810 1.527819 3.082443 6.845677 -24.355264 -1.994586 -1.151582 1.151594 0.000002 -0.000003 0.000001 -9.108315 -0.517872 2.259801 -1.953985 1.211413 24.349884 0.102774 -0.974068 12.047025 0.106950 -0.993362 12.289313 -0.000001 -0.000000 0.000001 -9.532526 0.000024 -0.000003 -0.068666 -3.360483 30.624540 0.243089 -1.486467 18.575051 0.087635 -0.900177 11.120835 -0.000001 0.000000 0.000001 -9.103592 -0.043077 -1.865102 2.118676 -6.841610 32.929189 0.379628 -1.843450 23.271892 0.273419 -1.573775 19.710425 -0.000000 -0.000000 0.000003 -8.076701 -0.486710 -3.806299 0.991103 -5.107808 35.939882 0.407274 -1.906395 24.116689 0.180034 -1.283656 15.966120 -0.000001 -0.000001 -0.000001 4.570409 11.014674 -2.160819 1.287955 2.046100 -7.556872 -1.901029 -19.818070 -67.839624 -0.000011 -29.221434 -0.000003 5.898197 -13.966571 6.155450 2.466100 -1.576220 2.681682 34.633123 -11.154949 20.382239 10.317226 22.375524 -4.922742 2.647883 -1.528764 1.528759 -16.283839 5.393256 11.804527 1.998913 -1.154078 1.154080 -0.000003 -0.000003 0.000001 9.109294 -0.518012 2.259891 -2.909576 -5.343379 -19.893648 0.730460 2.834864 -28.894699 0.303374 1.862604 -18.501762 -0.000001 -0.000001 -0.000003 9.533396 0.000008 -0.000010 -0.724664 3.070716 -34.949856 0.579096 2.541651 -25.668138 0.407568 2.148889 -21.478351 0.000001 0.000000 -0.000001 9.104514 -0.042995 -1.865108 0.244378 4.333218 -32.106370 0.880801 3.091304 -31.802539 0.978993 3.244073 -33.579546 -0.000003 0.000000 -0.000001 8.077804 -0.486901 -3.806307 0.557548 4.785952 -28.297472 0.460897 2.279635 -22.858487 0.526838 2.430072 -24.463654 -0.000001 -0.000003 0.000000 -8.207801 -6.751716 -1.599519 -16.127284 -7.565109 3.227803 26.370100 2.238429 0.317214 -14.749332 0.586886 -4.965500 -8.080943 0.000010 0.000010 0.000001 0.000000 0.000000 8.207799 -6.751707 -1.599520 -34.281672 -0.963971 2.942293 55.851789 -3.279518 0.048550 -2.900302 0.145710 -4.018894 -7.573397 0.000031 -0.000004 -0.000001 0.000001 -0.000001 
-180.540848 100.572144 0.894567 11.577512 -65.786340 10.004001 0.000008 10.181551 0.131543 5.891045 7.379646 -0.294875 4.207033 4.750665 -0.407742 4.180449 4.776967 -0.387796 0.000001 16.740366 -2.049029 4.751500 5.601002 1.899789 -0.000027 9.617838 1.684980 -4.997784 35.156121 -7.368572 -0.000002 22.037369 7.501077 -0.000001 -0.000000 0.000001 -4.569994 11.014879 -2.160856 -2.707389 6.648525 9.770654 0.059549 31.373132 55.948996 0.000002 12.602169 0.000016 5.346803 -4.578970 -20.860115 -2.464806 -1.573949 2.681907 -0.184855 0.811014 0.379089 14.555157 -10.338189 -17.751404 -2.646266 -1.527810 1.527819 3.082443 6.845677 -24.355264 -1.994586 -1.151582 1.151594 0.000002 -0.000003 0.000001 -9.108315 -0.517872 2.259801 -1.953985 1.211413 24.349884 0.102774 -0.974068 12.047025 0.106950 -0.993362 12.289313 -0.000001 -0.000000 0.000001 -9.532526 0.000024 -0.000003 -0.068666 -3.360483 30.624540 0.243089 -1.486467 18.575051 0.087635 -0.900177 11.120835 -0.000001 0.000000 0.000001 -9.103592 -0.043077 -1.865102 2.118676 -6.841610 32.929189 0.379628 -1.843450 23.271892 0.273419 -1.573775 19.710425 -0.000000 -0.000000 0.000003 -8.076701 -0.486710 -3.806299 0.991103 -5.107808 35.939882 0.407274 -1.906395 24.116689 0.180034 -1.283656 15.966120 -0.000001 -0.000001 -0.000001 4.570409 11.014674 -2.160819 1.287955 2.046100 -7.556872 -1.901029 -19.818070 -67.839624 -0.000011 -29.221434 -0.000003 5.898197 -13.966571 6.155450 2.466100 -1.576220 2.681682 34.633123 -11.154949 20.382239 10.317226 22.375524 -4.922742 2.647883 -1.528764 1.528759 -16.283839 5.393256 11.804527 1.998913 -1.154078 1.154080 -0.000003 -0.000003 0.000001 9.109294 -0.518012 2.259891 -2.909576 -5.343379 -19.893648 0.730460 2.834864 -28.894699 0.303374 1.862604 -18.501762 -0.000001 -0.000001 -0.000003 9.533396 0.000008 -0.000010 -0.724664 3.070716 -34.949856 0.579096 2.541651 -25.668138 0.407568 2.148889 -21.478351 0.000001 0.000000 -0.000001 9.104514 -0.042995 -1.865108 0.244378 4.333218 -32.106370 0.880801 3.091304 -31.802539 0.978993 3.244073 -33.579546 -0.000003 0.000000 -0.000001 8.077804 -0.486901 -3.806307 0.557548 4.785952 -28.297472 0.460897 2.279635 -22.858487 0.526838 2.430072 -24.463654 -0.000001 -0.000003 0.000000 -8.207801 -6.751716 -1.599519 -16.127284 -7.565109 3.227803 26.370100 2.238429 0.317214 -14.749332 0.586886 -4.965500 -8.080943 0.000010 0.000010 0.000001 0.000000 0.000000 8.207799 -6.751707 -1.599520 -34.281672 -0.963971 2.942293 55.851789 -3.279518 0.048550 -2.900302 0.145710 -4.018894 -7.573397 0.000031 -0.000004 -0.000001 0.000001 -0.000001 
