HIERARCHY
ROOT hips
{
	OFFSET 0.000000 104.274902 0.000000
	CHANNELS 6 Xposition Yposition Zposition Xrotation Yrotation Zrotation
	JOINT spine
	{
		OFFSET 0.000000 10.181549 0.131524
		CHANNELS 6 Xposition Yposition Zposition Xrotation Yrotation Zrotation
		JOINT chest
		{
			OFFSET 0.000000 9.893990 -1.470706
			CHANNELS 3 Xrotation Yrotation Zrotation
			JOINT upperChest
			{
				OFFSET 0.000000 9.220787 -1.370637
				CHANNELS 3 Xrotation Yrotation Zrotation
				JOINT neck
				{
					OFFSET 0.000000 16.740372 -2.049022
					CHANNELS 6 Xposition Yposition Zposition Xrotation Yrotation Zrotation
					JOINT head
					{
						OFFSET 0.000000 9.617859 1.684976
						CHANNELS 6 Xposition Yposition Zposition Xrotation Yrotation Zrotation
						JOINT headEnd
						{
							OFFSET 0.000000 22.037384 7.501072
							CHANNELS 6 Xposition Yposition Zposition Xrotation Yrotation Zrotation
							End Site
							{
								OFFSET 0.000000 23.106567 -2.828246
							}
						}
					}
				}
				JOINT rightShoulder
				{
					OFFSET -4.570000 11.014877 -2.160840
					CHANNELS 6 Xposition Yposition Zposition Xrotation Yrotation Zrotation
					JOINT rightUpperArm
					{
						OFFSET -10.592867 -0.524796 -2.232105
						CHANNELS 3 Xrotation Yrotation Zrotation
						JOINT rightLowerArm
						{
							OFFSET -27.841497 0.000000 -0.000002
							CHANNELS 3 Xrotation Yrotation Zrotation
							JOINT rightHand
							{
								OFFSET -28.328812 0.000000 -0.000001
								CHANNELS 3 Xrotation Yrotation Zrotation
								JOINT rightThumbProximal
								{
									OFFSET -2.464798 -1.573990 2.681911
									CHANNELS 6 Xposition Yposition Zposition Xrotation Yrotation Zrotation
									JOINT rightThumbIntermediate
									{
										OFFSET -3.244781 -1.873383 1.873376
										CHANNELS 3 Xrotation Yrotation Zrotation
										JOINT rightThumbDistal
										{
											OFFSET -2.646263 -1.527817 1.527818
											CHANNELS 6 Xposition Yposition Zposition Xrotation Yrotation Zrotation
											JOINT rightHandThumb4
											{
												OFFSET -1.994591 -1.151581 1.151575
												CHANNELS 6 Xposition Yposition Zposition Xrotation Yrotation Zrotation
												End Site
												{
													OFFSET -1.860176 -1.142715 1.365483
												}
											}
										}
									}
								}
								JOINT rightIndexProximal
								{
									OFFSET -9.108299 -0.517883 2.259803
									CHANNELS 6 Xposition Yposition Zposition Xrotation Yrotation Zrotation
									JOINT rightIndexIntermediate
									{
										OFFSET -3.699997 0.000000 0.000000
										CHANNELS 3 Xrotation Yrotation Zrotation
										JOINT rightIndexDistal
										{
											OFFSET -2.850006 0.000000 0.000000
											CHANNELS 3 Xrotation Yrotation Zrotation
											JOINT rightHandIndex4
											{
												OFFSET -2.772194 0.000000 0.000000
												CHANNELS 3 Xrotation Yrotation Zrotation
												End Site
												{
													OFFSET -2.772202 0.000000 -0.000484
												}
											}
										}
									}
								}
								JOINT rightMiddleProximal
								{
									OFFSET -9.532501 0.000000 -0.000000
									CHANNELS 6 Xposition Yposition Zposition Xrotation Yrotation Zrotation
									JOINT rightMiddleIntermediate
									{
										OFFSET -3.699997 0.000000 0.000000
										CHANNELS 3 Xrotation Yrotation Zrotation
										JOINT rightMiddleDistal
										{
											OFFSET -2.949997 0.000000 0.000000
											CHANNELS 3 Xrotation Yrotation Zrotation
											JOINT rightHandMiddle4
											{
												OFFSET -2.946594 0.000000 0.000000
												CHANNELS 3 Xrotation Yrotation Zrotation
												End Site
												{
													OFFSET -2.946602 0.000000 -0.000982
												}
											}
										}
									}
								}
								JOINT rightRingProximal
								{
									OFFSET -9.103600 -0.043106 -1.865100
									CHANNELS 6 Xposition Yposition Zposition Xrotation Yrotation Zrotation
									JOINT rightRingIntermediate
									{
										OFFSET -3.379303 0.000000 0.000000
										CHANNELS 3 Xrotation Yrotation Zrotation
										JOINT rightRingDistal
										{
											OFFSET -2.889694 0.000000 0.000000
											CHANNELS 3 Xrotation Yrotation Zrotation
											JOINT rightHandRing4
											{
												OFFSET -2.638802 0.000000 0.000000
												CHANNELS 3 Xrotation Yrotation Zrotation
												End Site
												{
													OFFSET -2.638802 0.000000 0.004218
												}
											}
										}
									}
								}
								JOINT rightLittleProximal
								{
									OFFSET -8.076698 -0.486725 -3.806299
									CHANNELS 6 Xposition Yposition Zposition Xrotation Yrotation Zrotation
									JOINT rightLittleIntermediate
									{
										OFFSET -3.600006 0.000000 0.000000
										CHANNELS 3 Xrotation Yrotation Zrotation
										JOINT rightLittleDistal
										{
											OFFSET -2.099998 0.000000 0.000000
											CHANNELS 3 Xrotation Yrotation Zrotation
											JOINT rightHandPinky4
											{
												OFFSET -2.115791 0.000000 0.000000
												CHANNELS 3 Xrotation Yrotation Zrotation
												End Site
												{
													OFFSET -2.115799 0.000000 0.000174
												}
											}
										}
									}
								}
							}
						}
					}
				}
				JOINT leftShoulder
				{
					OFFSET 4.570400 11.014679 -2.160816
					CHANNELS 6 Xposition Yposition Zposition Xrotation Yrotation Zrotation
					JOINT leftUpperArm
					{
						OFFSET 10.592373 -0.524597 -2.232116
						CHANNELS 3 Xrotation Yrotation Zrotation
						JOINT leftLowerArm
						{
							OFFSET 27.841488 0.000000 0.000001
							CHANNELS 3 Xrotation Yrotation Zrotation
							JOINT leftHand
							{
								OFFSET 28.328808 0.000000 -0.000000
								CHANNELS 3 Xrotation Yrotation Zrotation
								JOINT leftThumbProximal
								{
									OFFSET 2.466103 -1.576202 2.681698
									CHANNELS 6 Xposition Yposition Zposition Xrotation Yrotation Zrotation
									JOINT leftThumbIntermediate
									{
										OFFSET 3.243317 -1.872528 1.872530
										CHANNELS 3 Xrotation Yrotation Zrotation
										JOINT leftThumbDistal
										{
											OFFSET 2.647881 -1.528763 1.528754
											CHANNELS 6 Xposition Yposition Zposition Xrotation Yrotation Zrotation
											JOINT leftHandThumb4
											{
												OFFSET 1.998924 -1.154083 1.154080
												CHANNELS 6 Xposition Yposition Zposition Xrotation Yrotation Zrotation
												End Site
												{
													OFFSET 1.884041 -1.149155 1.337651
												}
											}
										}
									}
								}
								JOINT leftIndexProximal
								{
									OFFSET 9.109299 -0.518005 2.259900
									CHANNELS 6 Xposition Yposition Zposition Xrotation Yrotation Zrotation
									JOINT leftIndexIntermediate
									{
										OFFSET 3.699997 0.000000 0.000000
										CHANNELS 3 Xrotation Yrotation Zrotation
										JOINT leftIndexDistal
										{
											OFFSET 2.850006 0.000000 0.000000
											CHANNELS 3 Xrotation Yrotation Zrotation
											JOINT leftHandIndex4
											{
												OFFSET 2.774895 0.000000 0.000000
												CHANNELS 3 Xrotation Yrotation Zrotation
												End Site
												{
													OFFSET 2.774902 0.000000 -0.000072
												}
											}
										}
									}
								}
								JOINT leftMiddleProximal
								{
									OFFSET 9.533401 0.000000 0.000000
									CHANNELS 6 Xposition Yposition Zposition Xrotation Yrotation Zrotation
									JOINT leftMiddleIntermediate
									{
										OFFSET 3.699997 0.000000 0.000000
										CHANNELS 3 Xrotation Yrotation Zrotation
										JOINT leftMiddleDistal
										{
											OFFSET 2.949997 0.000000 0.000000
											CHANNELS 3 Xrotation Yrotation Zrotation
											JOINT leftHandMiddle4
											{
												OFFSET 2.952896 0.000000 0.000000
												CHANNELS 3 Xrotation Yrotation Zrotation
												End Site
												{
													OFFSET 2.952904 0.000000 0.000165
												}
											}
										}
									}
								}
								JOINT leftRingProximal
								{
									OFFSET 9.104500 -0.042999 -1.865101
									CHANNELS 6 Xposition Yposition Zposition Xrotation Yrotation Zrotation
									JOINT leftRingIntermediate
									{
										OFFSET 3.149994 0.000000 0.000000
										CHANNELS 3 Xrotation Yrotation Zrotation
										JOINT leftRingDistal
										{
											OFFSET 2.950005 0.000000 0.000000
											CHANNELS 3 Xrotation Yrotation Zrotation
											JOINT leftHandRing4
											{
												OFFSET 2.644302 0.000000 0.000000
												CHANNELS 3 Xrotation Yrotation Zrotation
												End Site
												{
													OFFSET 2.644302 0.000000 0.000083
												}
											}
										}
									}
								}
								JOINT leftLittleProximal
								{
									OFFSET 8.077805 -0.486893 -3.806302
									CHANNELS 6 Xposition Yposition Zposition Xrotation Yrotation Zrotation
									JOINT leftLittleIntermediate
									{
										OFFSET 3.600006 0.000000 0.000000
										CHANNELS 3 Xrotation Yrotation Zrotation
										JOINT leftLittleDistal
										{
											OFFSET 2.099998 0.000000 0.000000
											CHANNELS 3 Xrotation Yrotation Zrotation
											JOINT leftHandPinky4
											{
												OFFSET 2.125496 0.000000 0.000000
												CHANNELS 3 Xrotation Yrotation Zrotation
												End Site
												{
													OFFSET 2.125504 0.000000 -0.001254
												}
											}
										}
									}
								}
							}
						}
					}
				}
			}
		}
	}
	JOINT rightUpperLeg
	{
		OFFSET -8.207800 -6.751701 -1.599544
		CHANNELS 6 Xposition Yposition Zposition Xrotation Yrotation Zrotation
		JOINT rightLowerLeg
		{
			OFFSET 0.000004 -44.370152 0.345934
			CHANNELS 3 Xrotation Yrotation Zrotation
			JOINT rightFoot
			{
				OFFSET 0.000004 -44.423664 -3.043535
				CHANNELS 3 Xrotation Yrotation Zrotation
				JOINT rightToes
				{
					OFFSET 0.000001 -8.728691 10.710592
					CHANNELS 3 Xrotation Yrotation Zrotation
					JOINT rightToesEnd
					{
						OFFSET 0.000000 -0.000665 9.278101
						CHANNELS 3 Xrotation Yrotation Zrotation
						End Site
						{
							OFFSET 0.000000 -0.000665 9.278103
						}
					}
				}
			}
		}
	}
	JOINT leftUpperLeg
	{
		OFFSET 8.207800 -6.751701 -1.599544
		CHANNELS 6 Xposition Yposition Zposition Xrotation Yrotation Zrotation
		JOINT leftLowerLeg
		{
			OFFSET 0.000004 -44.370037 0.346940
			CHANNELS 3 Xrotation Yrotation Zrotation
			JOINT leftFoot
			{
				OFFSET 0.000004 -44.423611 -3.044388
				CHANNELS 3 Xrotation Yrotation Zrotation
				JOINT leftToes
				{
					OFFSET 0.000001 -8.728690 10.710592
					CHANNELS 3 Xrotation Yrotation Zrotation
					JOINT leftToesEnd
					{
						OFFSET 0.000000 -0.000680 9.278101
						CHANNELS 3 Xrotation Yrotation Zrotation
						End Site
						{
							OFFSET 0.000000 -0.000680 9.278101
						}
					}
				}
			}
		}
	}
}
MOTION
Frames: 250
Frame Time: 0.033333
0.145437 103.385376 1.423461 -3.753025 -5.218092 -3.769917 -0.000000 10.181549 0.131524 3.296628 1.543092 2.742657 1.151891 0.339457 1.552798 1.126014 0.361543 1.555886 0.000001 16.740376 -2.049021 5.626309 -0.078963 0.454683 -0.000000 9.617836 1.684975 -7.563342 1.375725 -0.080565 -0.000001 22.037354 7.501077 -0.000000 0.000000 -0.000000 -4.569996 11.014881 -2.160841 1.203183 15.343670 14.705985 13.158777 27.555102 58.785218 0.000007 6.693737 0.000004 -20.179049 -0.514130 6.782782 -2.464782 -1.573995 2.681909 -1.665246 -0.174471 -4.219028 12.710979 -29.825380 -16.130859 -2.646267 -1.527816 1.527821 -15.549426 -3.559425 -12.707125 -1.994598 -1.151581 1.151575 0.000001 -0.000002 0.000003 -9.108294 -0.517886 2.259803 0.038562 1.262298 6.823725 0.213720 -1.396030 17.407039 0.046039 -0.653851 8.053225 0.000005 0.000001 0.000005 -9.532495 0.000001 0.000000 -0.136229 -2.205099 14.998873 0.214439 -1.398347 17.436898 0.239781 -1.476526 18.446275 -0.000001 0.000002 0.000004 -9.103591 -0.043093 -1.865100 0.030604 -3.075762 20.451002 0.308448 -1.668277 20.948520 0.225810 -1.434042 17.897082 -0.000001 -0.000001 0.000007 -8.076680 -0.486741 -3.806300 0.748872 -4.885239 26.473759 0.214469 -1.398377 17.437251 0.192995 -1.328166 16.535809 0.000001 -0.000002 -0.000003 4.570402 11.014684 -2.160816 1.049450 -17.442068 -12.319451 3.916267 -19.989240 -69.765239 0.000001 -1.459369 -0.000002 -33.230506 -1.364895 -6.186629 2.466104 -1.576206 2.681697 -0.662916 2.160399 4.832522 11.853550 25.421652 17.058278 2.647882 -1.528743 1.528745 -13.813929 3.537295 9.036002 1.998925 -1.154082 1.154077 -0.000000 0.000002 -0.000000 9.109310 -0.518017 2.259898 0.019847 -0.969571 -7.593546 0.267843 1.752923 -17.375718 0.057677 0.820970 -8.038013 0.000002 0.000000 0.000002 9.533400 0.000004 -0.000000 -0.076319 2.665805 -15.696827 0.268745 1.755830 -17.405538 0.300503 1.854010 -18.413324 0.000000 -0.000000 0.000004 9.104510 -0.043002 -1.865103 0.136862 3.641810 -21.133507 0.386608 2.094826 -20.911908 0.283017 1.800671 -17.864995 0.000001 -0.000000 0.000002 8.077808 -0.486888 -3.806303 0.927689 5.555972 -27.128034 0.268777 1.755871 -17.405883 0.241883 1.667724 -16.505874 0.000001 0.000001 -0.000002 -8.207800 -6.751717 -1.599544 0.649014 -10.391029 3.516226 7.326378 -9.763696 -3.277841 -3.648935 -1.650133 3.201997 -7.282875 -0.000005 -0.000001 -0.000001 0.000000 0.000000 8.207799 -6.751708 -1.599545 -10.775298 14.739031 10.344561 12.136489 2.032046 4.168243 1.287468 0.513464 -7.110653 -4.928526 0.000003 0.000001 0.000000 -0.000000 0.000000 
0.422593 103.392357 1.334135 -3.050942 -6.119526 -3.658710 -0.000001 10.181556 0.131522 3.427225 1.655570 2.816655 1.205577 0.357724 1.579361 1.179615 0.379752 1.582896 -0.000000 16.740370 -2.049021 5.423218 -0.024142 0.436799 0.000001 9.617858 1.684982 -8.133391 1.766417 -0.412627 0.000001 22.037354 7.501075 0.000000 0.000000 -0.000000 -4.570003 11.014878 -2.160839 1.181090 15.331835 14.626753 13.418636 26.288450 57.517808 0.000010 9.473370 0.000003 -19.991598 0.121397 3.861893 -2.464817 -1.573998 2.681909 -1.665248 -0.174475 -4.219046 12.695742 -29.052961 -16.217540 -2.646273 -1.527815 1.527811 -15.565129 -3.511318 -12.786300 -1.994594 -1.151582 1.151578 0.000001 -0.000003 0.000001 -9.108319 -0.517879 2.259804 -0.062891 1.271532 7.667942 0.214664 -1.399041 17.445796 0.046487 -0.657034 8.092692 -0.000001 -0.000001 -0.000001 -9.532510 -0.000007 0.000001 -0.165356 -2.165066 15.680781 0.216027 -1.403364 17.501496 0.241461 -1.481560 18.511513 -0.000001 0.000000 -0.000002 -9.103623 -0.043096 -1.865101 -0.048411 -2.905908 21.086230 0.312147 -1.677903 21.075204 0.229007 -1.443886 18.024178 -0.000002 0.000001 0.000000 -8.076726 -0.486724 -3.806299 0.504930 -4.606837 27.217308 0.213428 -1.395060 17.394590 0.191929 -1.324572 16.489701 0.000000 -0.000002 0.000003 4.570399 11.014711 -2.160812 1.188948 -17.441124 -11.936361 3.483836 -21.142028 -68.992588 0.000003 -1.584882 0.000006 -33.405639 -1.097247 -5.629431 2.466093 -1.576211 2.681700 -0.662920 2.160404 4.832520 12.194863 25.749175 16.881185 2.647882 -1.528741 1.528750 -13.866624 3.306082 9.111518 1.998921 -1.154088 1.154072 -0.000000 -0.000003 -0.000002 9.109281 -0.518010 2.259899 0.115309 -0.666080 -8.422760 0.267793 1.752766 -17.374102 0.057649 0.820807 -8.036394 -0.000001 -0.000000 -0.000002 9.533398 0.000010 0.000000 -0.050849 2.798416 -16.256518 0.267688 1.752424 -17.370660 0.299366 1.850601 -18.378244 0.000000 -0.000001 0.000005 9.104490 -0.043002 -1.865101 0.149610 3.695055 -21.621814 0.388291 2.099247 -20.958166 0.284480 1.805190 -17.911360 -0.000001 0.000000 0.000002 8.077808 -0.486891 -3.806301 0.851143 5.422652 -27.452057 0.270712 1.762034 -17.468984 0.243724 1.673920 -16.569013 -0.000001 -0.000003 0.000002 -8.207800 -6.751715 -1.599544 -0.328185 -10.251669 3.193148 7.325263 -9.514219 -3.194410 -3.400481 -1.166977 3.266913 -7.292724 -0.000009 -0.000001 0.000000 0.000001 0.000000 8.207799 -6.751699 -1.599545 -11.475751 15.110651 10.449829 12.161464 2.510920 3.681387 1.260442 0.517350 -6.721249 -4.928526 0.000001 0.000001 -0.000000 0.000001 0.000000 
0.699749 103.399315 1.244809 -2.345757 -7.019624 -3.536168 -0.000000 10.181547 0.131523 3.557684 1.768216 2.890402 1.259254 0.376015 1.605907 1.233208 0.397988 1.609889 -0.000000 16.740376 -2.049022 5.220141 0.030744 0.419110 -0.000000 9.617840 1.684971 -8.701322 2.160404 -0.740876 0.000001 22.037369 7.501077 -0.000000 0.000000 -0.000000 -4.570004 11.014893 -2.160842 1.158979 15.320024 14.547514 13.644814 25.016734 56.269892 0.000009 12.254640 0.000001 -19.771847 0.746964 0.936697 -2.464791 -1.574002 2.681911 -1.665247 -0.174469 -4.219056 12.681933 -28.280484 -16.303347 -2.646264 -1.527807 1.527809 -15.580771 -3.463191 -12.865457 -1.994594 -1.151585 1.151580 -0.000002 -0.000002 0.000001 -9.108302 -0.517878 2.259804 -0.164467 1.279272 8.512222 0.215616 -1.402052 17.484552 0.046937 -0.660216 8.132158 0.000001 -0.000001 0.000002 -9.532505 0.000010 0.000000 -0.194960 -2.125379 16.362714 0.217619 -1.408379 17.566089 0.243142 -1.486589 18.576750 -0.000003 0.000002 0.000002 -9.103604 -0.043092 -1.865100 -0.129294 -2.736930 21.721624 0.315863 -1.687520 21.201877 0.232221 -1.453722 18.151265 -0.000002 0.000004 0.000005 -8.076702 -0.486733 -3.806296 0.257468 -4.331600 27.961807 0.212388 -1.391744 17.351933 0.190870 -1.320978 16.443587 -0.000001 -0.000000 0.000000 4.570402 11.014688 -2.160815 1.328438 -17.439283 -11.553274 3.064680 -22.300364 -68.223003 -0.000000 -1.710395 0.000014 -33.583367 -0.831307 -5.071439 2.466084 -1.576201 2.681698 -0.662918 2.160404 4.832520 12.538262 26.075743 16.701426 2.647885 -1.528755 1.528745 -13.919001 3.074806 9.186801 1.998922 -1.154088 1.154070 -0.000003 0.000003 -0.000002 9.109287 -0.518015 2.259900 0.215159 -0.363985 -9.252488 0.267745 1.752609 -17.372496 0.057623 0.820644 -8.034779 0.000001 0.000000 -0.000001 9.533390 0.000000 0.000000 -0.024078 2.930777 -16.816353 0.266634 1.749018 -17.335789 0.298232 1.847193 -18.343161 -0.000001 -0.000002 -0.000002 9.104485 -0.043003 -1.865099 0.162816 3.748191 -22.110181 0.389979 2.103665 -21.004411 0.285947 1.809707 -17.957723 0.000000 -0.000000 -0.000002 8.077806 -0.486884 -3.806300 0.773861 5.289763 -27.776192 0.272655 1.768196 -17.532086 0.245570 1.680118 -16.632139 0.000000 0.000001 0.000003 -8.207801 -6.751710 -1.599544 -1.304208 -10.106901 2.872650 7.323781 -9.264752 -3.111033 -3.152607 -0.683532 3.329728 -7.302586 -0.000009 -0.000002 0.000000 -0.000000 -0.000000 8.207800 -6.751694 -1.599544 -12.178183 15.481020 10.559995 12.190517 2.989580 3.194107 1.233393 0.521053 -6.331840 -4.928526 -0.000004 0.000001 -0.000000 0.000001 0.000000 
0.976905 103.406273 1.155483 -1.637248 -7.918065 -3.402213 -0.000000 10.181562 0.131524 3.688006 1.881028 2.963895 1.312924 0.394331 1.632436 1.286792 0.416247 1.636865 -0.000001 16.740347 -2.049020 5.017083 0.085691 0.401615 -0.000000 9.617821 1.684978 -9.267125 2.557600 -1.065278 0.000001 22.037384 7.501073 -0.000000 0.000000 -0.000000 -4.569999 11.014862 -2.160840 1.136855 15.308254 14.468274 13.838380 23.741196 55.040253 0.000008 15.034271 -0.000000 -19.520582 1.360081 -1.989451 -2.464794 -1.574004 2.681910 -1.665244 -0.174473 -4.219059 12.669537 -27.508018 -16.388339 -2.646265 -1.527804 1.527808 -15.596336 -3.415048 -12.944594 -1.994598 -1.151586 1.151572 -0.000000 -0.000000 -0.000000 -9.108305 -0.517891 2.259804 -0.266151 1.285514 9.356475 0.216562 -1.405063 17.523310 0.047392 -0.663398 8.171623 -0.000001 0.000001 0.000005 -9.532507 -0.000006 -0.000001 -0.225031 -2.086049 17.044628 0.219214 -1.413394 17.630682 0.244830 -1.491616 18.641985 0.000001 0.000001 0.000004 -9.103609 -0.043113 -1.865101 -0.212038 -2.568867 22.357142 0.319601 -1.697126 21.328557 0.235456 -1.463550 18.278358 0.000000 0.000002 0.000004 -8.076692 -0.486716 -3.806300 0.006535 -4.059609 28.707189 0.211350 -1.388426 17.309272 0.189808 -1.317378 16.397469 -0.000003 -0.000001 0.000004 4.570405 11.014684 -2.160812 1.467910 -17.436549 -11.170201 2.658999 -23.463609 -67.456191 0.000001 -1.835908 0.000022 -33.763640 -0.567121 -4.512675 2.466094 -1.576203 2.681700 -0.662921 2.160404 4.832516 12.883751 26.401324 16.518983 2.647874 -1.528740 1.528740 -13.971057 2.843454 9.261852 1.998925 -1.154087 1.154074 0.000001 0.000001 -0.000000 9.109291 -0.518013 2.259901 0.319364 -0.063386 -10.082675 0.267697 1.752452 -17.370879 0.057595 0.820481 -8.033151 -0.000001 -0.000000 0.000004 9.533406 0.000001 -0.000001 0.003984 3.062866 -17.376298 0.265582 1.745612 -17.300907 0.297098 1.843784 -18.308080 0.000001 0.000001 0.000002 9.104493 -0.043004 -1.865100 0.176474 3.801209 -22.598576 0.391670 2.108084 -21.050667 0.287416 1.814224 -18.004087 0.000001 0.000000 0.000003 8.077805 -0.486896 -3.806301 0.695839 5.157314 -28.100438 0.274603 1.774356 -17.595192 0.247424 1.686313 -16.695277 -0.000001 -0.000000 0.000001 -8.207800 -6.751701 -1.599543 -2.278878 -9.956794 2.554871 7.321930 -9.015282 -3.027710 -2.905287 -0.199826 3.390446 -7.312438 -0.000010 -0.000001 0.000001 -0.000000 -0.000000 8.207799 -6.751687 -1.599543 -12.882592 15.850033 10.675066 12.223663 3.467960 2.706374 1.206318 0.524572 -5.942429 -4.928531 -0.000004 0.000001 0.000000 -0.000000 0.000000 
1.466575 103.303749 0.871304 -0.210548 -9.510036 -3.088260 -0.000000 10.181553 0.131522 3.911552 1.724733 2.959930 1.411775 0.298077 1.651662 1.385561 0.319463 1.657708 0.000001 16.740379 -2.049019 4.766580 0.295017 0.605326 0.000001 9.617847 1.684978 -10.044229 3.733920 -1.360008 0.000000 22.037369 7.501071 -0.000000 -0.000000 -0.000000 -4.569999 11.014879 -2.160842 1.098998 15.395593 14.390216 13.897617 22.229278 53.487447 0.000002 18.040650 0.000009 -19.781621 2.343010 -5.585534 -2.464816 -1.573997 2.681911 -1.665251 -0.174475 -4.219053 12.812567 -27.090035 -15.949827 -2.646281 -1.527809 1.527817 -15.607221 -3.339223 -12.906811 -1.994590 -1.151582 1.151579 0.000001 -0.000003 -0.000000 -9.108305 -0.517872 2.259804 -0.436500 1.282948 10.414982 0.217488 -1.407980 17.560922 0.047775 -0.666084 8.204935 0.000003 -0.000000 0.000005 -9.532499 -0.000004 0.000001 -0.161885 -2.308169 17.237719 0.226392 -1.435743 17.918996 0.252348 -1.513734 18.928920 -0.000000 0.000001 0.000001 -9.103608 -0.043102 -1.865098 -0.279827 -2.456265 22.979533 0.329912 -1.723304 21.674234 0.244376 -1.490245 18.624063 0.000000 0.000000 0.000001 -8.076700 -0.486727 -3.806295 -0.174096 -3.872511 29.088888 0.217553 -1.408166 17.563370 0.195630 -1.336995 16.648784 0.000001 0.000003 0.000006 4.570402 11.014669 -2.160812 1.699486 -17.197342 -10.385664 2.393863 -24.172121 -66.559251 0.000002 -2.569681 0.000017 -33.992646 -0.428736 -2.581455 2.466088 -1.576199 2.681693 -0.662918 2.160404 4.832510 12.976647 27.975065 16.664210 2.647873 -1.528758 1.528742 -13.287487 2.736624 8.989186 1.998917 -1.154091 1.154075 -0.000001 0.000000 0.000003 9.109290 -0.518015 2.259899 0.271282 -0.046768 -10.615139 0.267174 1.750807 -17.354099 0.057362 0.818778 -8.016395 0.000001 -0.000000 -0.000001 9.533396 0.000009 -0.000002 0.017882 3.117994 -17.552131 0.265539 1.745535 -17.300140 0.297050 1.843624 -18.306432 -0.000002 0.000000 -0.000000 9.104484 -0.043001 -1.865103 0.294956 4.097684 -23.169434 0.396130 2.119615 -21.171472 0.291177 1.825765 -18.122724 -0.000001 0.000001 -0.000003 8.077802 -0.486905 -3.806303 0.608000 4.992112 -27.784815 0.275054 1.775778 -17.609753 0.247851 1.687726 -16.709723 0.000000 -0.000002 0.000004 -8.207800 -6.751704 -1.599543 -4.757139 -9.058474 2.182159 8.216089 -8.443270 -3.129575 -2.791335 -0.186591 3.625447 -7.331565 -0.000002 -0.000000 0.000000 0.000000 0.000000 8.207798 -6.751696 -1.599545 -14.654956 15.984808 10.801859 12.921865 4.815674 2.149642 0.937596 0.509554 -5.471097 -4.928530 -0.000000 -0.000000 0.000000 0.000000 0.000000 
1.956244 103.201225 0.587125 1.232222 -11.093741 -2.732432 -0.000000 10.181567 0.131524 4.135071 1.568423 2.956575 1.510662 0.201856 1.671055 1.484363 0.222713 1.678718 0.000001 16.740366 -2.049020 4.515325 0.503444 0.809956 0.000001 9.617865 1.684969 -10.816460 4.914112 -1.639158 0.000000 22.037399 7.501072 -0.000000 0.000000 -0.000000 -4.570001 11.014870 -2.160837 1.061244 15.482982 14.312183 13.912423 20.716433 51.952352 0.000000 21.047028 0.000017 -19.980619 3.340366 -9.180189 -2.464784 -1.574001 2.681912 -1.665258 -0.174471 -4.219043 12.951481 -26.671084 -15.514110 -2.646260 -1.527801 1.527808 -15.618153 -3.263405 -12.869022 -1.994594 -1.151579 1.151576 0.000004 0.000000 0.000001 -9.108299 -0.517876 2.259804 -0.606770 1.277236 11.473476 0.218412 -1.410894 17.598534 0.048165 -0.668768 8.238252 -0.000000 0.000000 -0.000002 -9.532503 0.000014 -0.000002 -0.097975 -2.530077 17.431092 0.233677 -1.458056 18.207310 0.259984 -1.535813 19.215853 0.000000 0.000000 0.000002 -9.103603 -0.043097 -1.865102 -0.348829 -2.344402 23.601994 0.340382 -1.749416 22.019908 0.253457 -1.516887 18.969781 0.000000 0.000002 0.000003 -8.076699 -0.486726 -3.806296 -0.355932 -3.686621 29.471102 0.223848 -1.427875 17.817474 0.201546 -1.356588 16.900104 -0.000000 -0.000000 0.000001 4.570401 11.014688 -2.160814 1.927316 -16.955130 -9.603149 2.139482 -24.884351 -65.660862 0.000001 -3.303457 0.000011 -34.226184 -0.298148 -0.649727 2.466088 -1.576209 2.681696 -0.662916 2.160399 4.832500 13.066357 29.549007 16.808711 2.647881 -1.528749 1.528744 -12.604488 2.626542 8.717838 1.998925 -1.154086 1.154077 0.000002 0.000003 -0.000000 9.109282 -0.518019 2.259900 0.223355 -0.029706 -11.147589 0.266653 1.749161 -17.337317 0.057128 0.817076 -7.999633 0.000001 0.000000 0.000001 9.533398 0.000005 -0.000001 0.031950 3.173078 -17.727981 0.265501 1.745458 -17.299375 0.296999 1.843467 -18.304781 -0.000000 0.000001 0.000002 9.104490 -0.042998 -1.865099 0.416439 4.392965 -23.741128 0.400618 2.131137 -21.292287 0.294963 1.837302 -18.241374 -0.000001 -0.000002 0.000001 8.077791 -0.486895 -3.806302 0.521097 4.826428 -27.469513 0.275501 1.777198 -17.624306 0.248281 1.689139 -16.724169 -0.000001 0.000000 0.000002 -8.207802 -6.751711 -1.599542 -7.223526 -8.145135 1.849923 9.109996 -7.872897 -3.240295 -2.677428 -0.172882 3.860424 -7.350698 0.000007 0.000001 0.000000 -0.000002 -0.000000 8.207800 -6.751699 -1.599543 -16.428804 16.115744 10.933016 13.634785 6.156453 1.575184 0.669000 0.492324 -4.999842 -4.928530 0.000002 -0.000001 0.000000 0.000001 0.000000 
2.597828 102.750389 0.029454 3.503094 -13.291703 -2.073406 0.000000 10.181549 0.131523 4.362550 1.358590 2.715633 1.628650 0.081689 1.631631 1.602145 0.101776 1.641677 -0.000001 16.740366 -2.049022 3.926057 0.818815 1.134551 -0.000002 9.617869 1.684978 -11.838753 6.583581 -1.694797 0.000000 22.037354 7.501075 -0.000000 0.000001 -0.000000 -4.570003 11.014911 -2.160842 1.042243 15.456812 14.272958 13.713253 19.634455 50.372177 -0.000002 23.899230 0.000017 -19.989828 3.683344 -12.980886 -2.464789 -1.573979 2.681911 -1.665259 -0.174474 -4.219031 13.073826 -25.428133 -15.054545 -2.646253 -1.527803 1.527810 -15.628067 -3.163552 -12.759945 -1.994606 -1.151577 1.151576 0.000001 -0.000007 0.000003 -9.108317 -0.517864 2.259801 -0.938725 1.477684 13.603453 0.217333 -1.407418 17.553876 0.047761 -0.665978 8.203718 -0.000001 -0.000001 -0.000001 -9.532505 -0.000003 -0.000003 -0.076823 -2.653210 18.285456 0.249127 -1.504251 18.805640 0.276275 -1.581698 19.813844 -0.000001 0.000001 0.000004 -9.103613 -0.043109 -1.865103 -0.571135 -1.961965 24.808174 0.349326 -1.771356 22.311009 0.261287 -1.539524 19.264176 0.000002 0.000002 0.000001 -8.076718 -0.486723 -3.806301 -0.519578 -3.535720 29.982922 0.226378 -1.435750 17.919138 0.203879 -1.364261 16.998531 -0.000000 -0.000001 0.000003 4.570400 11.014717 -2.160819 2.176261 -16.629086 -8.753826 1.909927 -24.861839 -64.283234 -0.000005 -5.149472 0.000000 -35.965041 0.551598 1.092858 2.466072 -1.576208 2.681698 -0.662923 2.160399 4.832496 12.685914 34.242429 16.955188 2.647887 -1.528755 1.528747 -12.049031 -2.165076 10.636209 1.998925 -1.154089 1.154082 -0.000001 -0.000001 -0.000000 9.109278 -0.518019 2.259901 0.459323 0.690554 -13.926016 0.267407 1.751504 -17.361222 0.057471 0.819496 -8.023497 -0.000000 -0.000002 0.000002 9.533383 0.000004 0.000000 0.224879 3.827775 -19.720875 0.264134 1.741033 -17.253990 0.295578 1.839191 -18.260851 0.000001 0.000002 0.000002 9.104479 -0.042999 -1.865101 0.864687 5.360396 -25.532767 0.410246 2.155651 -21.549512 0.303280 1.862330 -18.499088 -0.000001 -0.000000 0.000000 8.077791 -0.486902 -3.806301 0.668337 5.093334 -27.899677 0.278455 1.786483 -17.719418 0.251066 1.698371 -16.818321 0.000002 -0.000001 0.000002 -8.207799 -6.751700 -1.599545 -12.153871 -6.696911 1.353897 12.661205 -7.310783 -3.248686 -3.555136 -0.175402 4.205722 -7.370251 0.000003 0.000001 0.000000 -0.000001 -0.000000 8.207798 -6.751696 -1.599549 -20.245803 16.032303 11.520244 16.532898 7.994183 0.737257 -0.498292 0.533484 -4.494702 -4.928531 0.000008 -0.000002 -0.000001 0.000001 0.000000 
3.370397 101.541557 -0.867567 6.660776 -15.896200 -1.020108 -0.000000 10.181538 0.131524 4.790544 0.973679 2.139085 1.828271 -0.091971 1.496918 1.802164 -0.072117 1.509700 0.000001 16.740372 -2.049021 2.450790 1.266392 1.569819 0.000002 9.617844 1.684981 -13.291672 8.723193 -1.354183 0.000001 22.037384 7.501070 -0.000000 0.000000 0.000000 -4.570002 11.014880 -2.160840 1.107283 15.212114 13.848137 13.242494 19.294081 49.518069 -0.000003 27.247993 0.000019 -19.638245 3.799807 -17.983495 -2.464792 -1.573999 2.681910 -1.665250 -0.174490 -4.219046 12.961367 -23.257042 -15.375063 -2.646271 -1.527800 1.527810 -15.681997 -3.053370 -13.186330 -1.994597 -1.151586 1.151586 -0.000000 -0.000004 -0.000004 -9.108309 -0.517893 2.259801 -1.394904 2.162388 16.014980 0.218462 -1.411042 17.600393 0.049005 -0.674516 8.309623 -0.000000 0.000001 0.000001 -9.532511 0.000010 -0.000002 -0.257546 -2.298069 20.132425 0.276324 -1.581837 19.815661 0.304969 -1.659179 20.828947 -0.000001 0.000001 0.000004 -9.103610 -0.043099 -1.865102 -1.055211 -1.178070 26.442840 0.360758 -1.798915 22.677558 0.271501 -1.568440 19.640894 -0.000001 0.000000 0.000002 -8.076694 -0.486720 -3.806301 -1.045911 -3.107530 31.576586 0.221809 -1.421555 17.735993 0.199253 -1.349044 16.803193 -0.000001 0.000001 0.000002 4.570402 11.014677 -2.160817 2.352855 -16.719897 -7.930001 1.394257 -24.273796 -62.114526 0.000002 -7.623236 -0.000004 -40.613070 2.896193 4.119257 2.466103 -1.576197 2.681697 -0.662923 2.160406 4.832496 12.401160 38.811761 16.784754 2.647887 -1.528745 1.528744 -10.145520 -13.007562 16.693857 1.998928 -1.154091 1.154074 0.000004 0.000001 0.000001 9.109295 -0.518007 2.259899 1.575932 2.371946 -18.879439 0.266638 1.749056 -17.336162 0.057107 0.816949 -7.998406 0.000003 -0.000001 -0.000001 9.533394 0.000003 0.000001 0.622698 4.809314 -23.232011 0.264129 1.741008 -17.253766 0.295691 1.839540 -18.264450 0.000001 -0.000001 0.000001 9.104492 -0.042989 -1.865103 1.446509 6.503882 -26.190113 0.407348 2.148283 -21.472108 0.300962 1.855403 -18.427724 0.000001 0.000001 0.000000 8.077808 -0.486886 -3.806301 1.779078 6.878781 -29.881193 0.268595 1.755317 -17.400170 0.241774 1.667347 -16.502043 0.000000 -0.000002 0.000004 -8.207800 -6.751719 -1.599540 -19.671476 -5.132677 0.738275 19.085714 -6.415223 -2.657719 -5.490950 -0.211231 4.306311 -7.385952 0.000007 0.000001 -0.000000 0.000003 0.000000 8.207798 -6.751707 -1.599549 -26.765013 15.832800 12.943027 22.499634 9.085995 -0.350059 -2.882291 1.377100 -4.079491 -4.928528 0.000003 -0.000000 0.000000 -0.000000 0.000000 
4.142965 100.332718 -1.764587 9.912479 -18.439665 0.197451 0.000000 10.181551 0.131525 5.214600 0.584496 1.565483 2.027489 -0.266097 1.362810 2.001784 -0.246469 1.378328 0.000001 16.740379 -2.049018 0.971870 1.702598 2.016557 -0.000002 9.617841 1.684978 -14.766886 10.853481 -0.956257 0.000002 22.037415 7.501070 -0.000000 -0.000001 0.000000 -4.570003 11.014886 -2.160840 1.170370 14.966953 13.424085 12.767379 18.960368 48.662786 -0.000005 30.596748 0.000022 -19.277775 3.885229 -22.987323 -2.464796 -1.573979 2.681911 -1.665247 -0.174498 -4.219051 12.863657 -21.085427 -15.686110 -2.646268 -1.527790 1.527810 -15.735100 -2.942793 -13.612562 -1.994594 -1.151582 1.151578 0.000000 0.000000 0.000001 -9.108311 -0.517877 2.259802 -1.879758 2.827270 18.433130 0.219595 -1.414652 17.646914 0.050263 -0.683048 8.415528 -0.000000 0.000001 -0.000000 -9.532519 0.000022 -0.000001 -0.449586 -1.948928 21.980090 0.304885 -1.658935 20.825756 0.335039 -1.736143 21.844127 -0.000002 0.000001 0.000005 -9.103601 -0.043094 -1.865100 -1.561360 -0.408324 28.083766 0.372365 -1.826404 23.044128 0.281903 -1.597288 20.017621 -0.000001 0.000001 0.000003 -8.076683 -0.486708 -3.806298 -1.583766 -2.694133 33.173532 0.217286 -1.407347 17.552845 0.194676 -1.333811 16.607853 0.000001 0.000001 -0.000001 4.570404 11.014688 -2.160812 2.530878 -16.808264 -7.105494 0.856966 -23.703900 -59.949854 0.000010 -10.097007 -0.000006 -45.391036 4.984299 7.334289 2.466104 -1.576199 2.681696 -0.662919 2.160406 4.832492 12.114570 43.381731 16.633244 2.647875 -1.528733 1.528739 -6.890883 -23.571430 23.525024 1.998925 -1.154092 1.154079 0.000001 -0.000003 -0.000000 9.109296 -0.518006 2.259900 2.835615 3.950250 -23.872496 0.265878 1.746608 -17.311102 0.056751 0.814404 -7.973318 0.000002 0.000001 0.000001 9.533414 0.000012 0.000001 1.080804 5.764668 -26.755396 0.264129 1.740981 -17.253539 0.295803 1.839895 -18.268048 0.000001 0.000001 0.000006 9.104501 -0.043011 -1.865098 2.042967 7.640584 -26.860754 0.404457 2.140914 -21.394714 0.298651 1.848473 -18.356349 -0.000000 -0.000002 0.000001 8.077815 -0.486890 -3.806302 2.956245 8.624533 -31.905654 0.258900 1.724096 -17.080923 0.232655 1.636267 -16.185772 0.000002 -0.000001 -0.000003 -8.207799 -6.751713 -1.599541 -27.156053 -3.501898 0.334217 25.489848 -5.459723 -2.172103 -7.426696 -0.250435 4.405630 -7.401651 0.000011 0.000002 0.000000 -0.000001 -0.000000 8.207797 -6.751704 -1.599544 -33.268284 15.479435 14.331217 28.504463 10.059728 -1.550020 -5.273427 2.202688 -3.629336 -4.928520 0.000000 0.000002 -0.000000 -0.000000 0.000000 
4.918820 98.086197 -2.964853 13.812623 -20.835461 1.496174 -0.000000 10.181576 0.131524 6.062122 -0.257282 0.958214 2.372998 -0.581678 1.199049 2.348078 -0.562964 1.217596 0.000000 16.740347 -2.049020 -1.260556 2.272946 2.526303 0.000003 9.617852 1.684979 -17.227446 13.418833 -0.363245 0.000000 22.037338 7.501075 -0.000000 0.000001 -0.000000 -4.570001 11.014870 -2.160840 1.304599 14.702962 12.345518 11.323265 18.883947 49.610420 -0.000033 33.945921 0.000047 -18.819184 4.551135 -28.365931 -2.464793 -1.573989 2.681909 -1.665241 -0.174481 -4.219035 12.706543 -19.798130 -16.463346 -2.646260 -1.527793 1.527810 -15.921415 -2.423523 -14.903346 -1.994587 -1.151584 1.151578 0.000003 -0.000005 0.000001 -9.108302 -0.517874 2.259801 -2.091614 3.345703 18.851175 0.230358 -1.448016 18.077579 0.056081 -0.721317 8.890702 0.000001 0.000001 0.000001 -9.532504 0.000005 -0.000001 -0.503989 -1.833193 22.160516 0.356095 -1.787739 22.528749 0.388607 -1.864129 23.548918 0.000001 -0.000000 0.000002 -9.103611 -0.043087 -1.865102 -1.721208 -0.196170 28.587658 0.390104 -1.867574 23.595100 0.297565 -1.639612 20.571932 -0.000000 -0.000000 -0.000002 -8.076692 -0.486730 -3.806300 -1.943657 -2.452419 34.183919 0.221769 -1.421440 17.734415 0.198753 -1.347376 16.781903 -0.000000 -0.000000 -0.000000 4.570401 11.014696 -2.160816 2.554151 -17.759154 -6.567570 -0.441064 -23.403426 -56.361512 -0.000017 -11.619980 0.000002 -47.595446 6.921184 14.265567 2.466096 -1.576208 2.681698 -0.662906 2.160418 4.832510 12.406135 43.051461 16.704046 2.647882 -1.528736 1.528756 -5.593602 -26.167834 24.346855 1.998917 -1.154075 1.154078 0.000001 0.000005 -0.000000 9.109306 -0.518025 2.259901 3.073656 4.175719 -24.470679 0.266575 1.748873 -17.334305 0.057085 0.816753 -7.996459 0.000000 -0.000001 -0.000001 9.533411 0.000019 0.000003 0.821549 5.251995 -26.903130 0.269939 1.759559 -17.443635 0.301886 1.858166 -18.456122 -0.000001 0.000000 0.000004 9.104521 -0.043012 -1.865102 1.687085 7.222298 -24.043683 0.382696 2.084581 -20.804719 0.279870 1.790887 -17.764718 0.000002 0.000001 0.000005 8.077820 -0.486890 -3.806300 3.670615 9.546571 -32.751245 0.225158 1.610279 -15.921577 0.200838 1.522376 -15.030782 -0.000002 -0.000000 -0.000001 -8.207799 -6.751697 -1.599544 -36.326173 -2.037935 0.469938 33.650696 -4.497190 -1.273500 -9.942407 -0.321325 4.210488 -7.410065 -0.000004 -0.000000 0.000000 -0.000000 0.000000 8.207799 -6.751693 -1.599541 -42.131148 15.048706 17.053181 36.978456 10.066964 -2.897628 -8.558649 2.940798 -3.228508 -4.928521 0.000004 -0.000000 -0.000000 -0.000000 0.000000 
5.638375 95.072227 -4.287119 17.950891 -22.766880 2.538670 0.000001 10.181548 0.131529 7.203914 -1.441833 0.683081 2.810604 -0.986239 1.092145 2.784975 -0.971421 1.111885 0.000001 16.740349 -2.049014 -3.409564 2.893553 3.007009 0.000001 9.617864 1.684983 -20.886553 16.173888 0.129440 0.000000 22.037384 7.501073 -0.000000 -0.000000 -0.000000 -4.570001 11.014879 -2.160832 1.431675 14.479835 11.197737 8.970806 17.968974 51.847416 -0.000025 36.621593 0.000040 -18.446020 5.446395 -31.967710 -2.464791 -1.573989 2.681908 -1.665269 -0.174398 -4.219023 12.593081 -19.530373 -17.081077 -2.646260 -1.527803 1.527809 -16.129372 -1.639543 -16.199354 -1.994602 -1.151561 1.151578 -0.000003 -0.000005 0.000001 -9.108290 -0.517883 2.259802 -1.963264 3.247780 18.143861 0.248323 -1.501878 18.775029 0.064996 -0.776206 9.573528 0.000000 -0.000000 -0.000000 -9.532489 -0.000006 -0.000000 -0.309219 -2.165388 20.497459 0.428011 -1.951991 24.732120 0.463230 -2.026680 25.746972 0.000000 0.000001 0.000003 -9.103599 -0.043109 -1.865104 -1.354498 -0.753904 27.780061 0.414395 -1.922216 24.329831 0.318715 -1.694843 21.298487 0.000000 -0.000000 -0.000001 -8.076687 -0.486735 -3.806300 -1.462875 -2.818637 33.280414 0.242188 -1.483757 18.539994 0.218375 -1.410812 17.597407 -0.000000 0.000002 0.000003 4.570400 11.014676 -2.160802 2.466570 -19.113770 -6.547772 -2.872038 -23.639525 -51.370064 -0.000005 -12.658871 -0.000011 -44.357933 7.937333 21.253602 2.466097 -1.576205 2.681696 -0.662917 2.160423 4.832515 12.980388 39.466254 16.992601 2.647881 -1.528743 1.528745 -9.260482 -18.860232 17.895727 1.998920 -1.154081 1.154079 -0.000000 -0.000003 0.000002 9.109290 -0.518004 2.259900 1.988997 3.056104 -21.110750 0.281629 1.796395 -17.821254 0.064232 0.866082 -8.482872 -0.000000 -0.000002 -0.000002 9.533403 -0.000004 -0.000003 0.211355 3.981706 -25.165120 0.280067 1.791456 -17.770469 0.312464 1.889526 -18.779445 0.000001 0.000000 -0.000002 9.104506 -0.043005 -1.865103 0.950292 5.682797 -22.043850 0.377284 2.070338 -20.655875 0.275043 1.775698 -17.609029 0.000001 0.000001 0.000002 8.077810 -0.486904 -3.806301 2.423541 7.806084 -32.822703 0.214851 1.573579 -15.549306 0.190875 1.484812 -14.651411 -0.000001 -0.000002 0.000003 -8.207798 -6.751719 -1.599541 -46.048340 -1.070094 1.224119 42.349034 -3.747976 -0.283757 -12.598213 -0.414536 3.927535 -7.411361 0.000000 -0.000001 0.000001 0.000000 0.000000 8.207802 -6.751707 -1.599544 -52.042739 14.030687 20.488327 46.336236 10.064046 -3.933024 -11.987208 2.775646 -3.029931 -4.928521 0.000002 0.000001 0.000000 0.000001 0.000000 
6.321190 91.403137 -5.591156 22.171769 -24.034013 3.221592 0.000001 10.181558 0.131518 8.472098 -2.725596 0.864723 3.275631 -1.329981 1.063545 3.246783 -1.324017 1.076195 0.000000 16.740385 -2.049017 -5.073060 3.440677 3.415047 0.000000 9.617853 1.684969 -25.919600 18.708976 0.574594 -0.000000 22.037354 7.501076 -0.000001 -0.000000 0.000000 -4.570004 11.014891 -2.160837 1.470478 14.291239 10.731198 6.609971 15.544728 54.342785 -0.000006 38.143526 0.000044 -19.188646 5.714951 -32.569296 -2.464800 -1.573979 2.681910 -1.665255 -0.174413 -4.219016 12.574196 -19.683120 -17.165467 -2.646280 -1.527803 1.527818 -16.227701 -1.472662 -17.217141 -1.994594 -1.151586 1.151583 0.000001 -0.000003 0.000001 -9.108301 -0.517885 2.259803 -1.825843 2.669882 18.478978 0.272205 -1.570379 19.666099 0.076942 -0.843925 10.417757 -0.000001 0.000001 -0.000000 -9.532507 0.000001 -0.000001 -0.172761 -2.426247 19.098319 0.506621 -2.114225 26.947810 0.544513 -2.187134 27.957866 -0.000002 0.000000 0.000002 -9.103606 -0.043103 -1.865102 -0.833697 -1.608537 26.551846 0.447998 -1.994779 25.312529 0.348033 -1.768194 22.269074 -0.000001 0.000000 -0.000000 -8.076690 -0.486733 -3.806298 -0.346328 -3.788589 31.176002 0.275483 -1.579539 19.785627 0.250662 -1.508776 18.864450 -0.000000 -0.000000 0.000003 4.570400 11.014703 -2.160809 2.286930 -20.454342 -7.218017 -6.578940 -24.914244 -45.266092 -0.000005 -15.354957 -0.000000 -37.273114 7.693198 24.355522 2.466079 -1.576193 2.681697 -0.662928 2.160373 4.832483 12.342286 33.295509 17.153158 2.647885 -1.528726 1.528746 -12.144147 -6.177276 11.631028 1.998917 -1.154076 1.154078 0.000001 0.000000 0.000003 9.109278 -0.518017 2.259897 0.624327 1.230718 -16.639572 0.316636 1.901740 -18.905417 0.081632 0.975706 -9.566319 -0.000000 0.000000 -0.000001 9.533398 -0.000003 -0.000002 -0.164798 3.071412 -23.770838 0.291404 1.826457 -18.129945 0.324388 1.924286 -19.138444 -0.000001 0.000001 0.000001 9.104493 -0.043001 -1.865104 0.318811 4.155581 -23.119468 0.406613 2.146435 -21.452695 0.300200 1.853110 -18.404126 -0.000001 0.000001 -0.000000 8.077795 -0.486904 -3.806304 -0.189289 4.321754 -33.126499 0.266399 1.748293 -17.328361 0.239067 1.658207 -16.408920 -0.000002 0.000001 0.000001 -8.207797 -6.751713 -1.599529 -55.921317 -0.984861 2.026257 51.147588 -3.002018 0.889326 -15.260436 -0.511409 3.540391 -7.403788 -0.000003 -0.000000 -0.000000 0.000000 0.000000 8.207800 -6.751699 -1.599551 -62.302732 11.946240 23.708222 55.778894 10.039494 -4.313685 -15.167803 2.331383 -3.093922 -4.928521 0.000008 0.000002 -0.000000 -0.000000 0.000000 
7.004493 87.385521 -6.708443 26.283118 -24.455619 3.658462 0.000000 10.181555 0.131522 9.601337 -3.716657 1.380319 3.678102 -1.394277 1.074877 3.644793 -1.402703 1.064543 -0.000002 16.740341 -2.049024 -6.287815 3.707187 3.787217 -0.000001 9.617849 1.684995 -31.988867 20.269613 1.257545 -0.000001 22.037369 7.501078 -0.000000 -0.000001 -0.000000 -4.570003 11.014858 -2.160840 1.333119 14.324614 11.587968 5.325043 12.162110 55.872344 0.000005 37.479133 0.000016 -22.502181 4.311704 -30.253698 -2.464789 -1.574014 2.681908 -1.665201 -0.174647 -4.219105 12.670605 -19.835397 -16.635728 -2.646262 -1.527804 1.527803 -16.293923 -2.410533 -18.916904 -1.994594 -1.151581 1.151573 0.000002 -0.000002 0.000005 -9.108292 -0.517881 2.259803 -1.965178 2.192662 20.956644 0.300757 -1.648072 20.683013 0.092350 -0.923844 11.417088 0.000003 -0.000000 -0.000001 -9.532496 -0.000009 -0.000002 -0.313955 -2.087425 19.815280 0.561587 -2.218949 28.401629 0.601540 -2.291248 29.416860 0.000001 -0.000001 0.000004 -9.103601 -0.043111 -1.865101 -0.633400 -1.941944 25.875799 0.479839 -2.060756 26.212833 0.376208 -1.835424 23.164651 -0.000002 0.000001 0.000001 -8.076695 -0.486728 -3.806299 0.674627 -4.859300 29.670717 0.308063 -1.667254 20.935086 0.282305 -1.598358 20.031512 0.000001 -0.000001 0.000001 4.570400 11.014677 -2.160815 2.059231 -21.557537 -8.375763 -10.327792 -28.609996 -38.944482 -0.000005 -22.000837 -0.000005 -29.899034 4.486248 21.165015 2.466109 -1.576205 2.681697 -0.662941 2.160329 4.832468 8.678761 25.460326 17.036363 2.647880 -1.528747 1.528748 -13.035384 4.167700 8.926562 1.998917 -1.154086 1.154069 0.000002 -0.000002 -0.000000 9.109314 -0.518012 2.259898 -0.362656 -0.524532 -13.054167 0.354001 2.007511 -20.001340 0.101340 1.086231 -10.662304 -0.000002 -0.000000 -0.000002 9.533408 0.000004 -0.000002 -0.200614 2.914393 -22.865254 0.295983 1.840465 -18.273963 0.329321 1.938384 -19.284196 -0.000001 -0.000002 0.000001 9.104524 -0.042998 -1.865102 -0.155344 3.219910 -25.446196 0.455968 2.267962 -22.734433 0.343263 1.977754 -19.692274 0.000001 -0.000001 0.000001 8.077813 -0.486895 -3.806303 -2.270259 1.630005 -33.049913 0.374986 2.064207 -20.591900 0.341868 1.973837 -19.651706 0.000001 0.000004 0.000003 -8.207800 -6.751715 -1.599545 -65.419449 -1.810611 1.955201 59.503003 -1.884192 2.286097 -17.787877 -0.569759 2.963626 -7.385674 -0.000009 0.000000 -0.000001 -0.000000 -0.000000 8.207795 -6.751711 -1.599555 -72.091335 9.026822 25.727659 64.566994 9.987828 -4.146111 -17.908684 2.049521 -3.244069 -4.928522 0.000010 0.000004 0.000000 0.000000 0.000000 
7.693134 83.418266 -7.528683 29.980521 -24.006440 4.001398 -0.000001 10.181557 0.131528 10.376661 -4.152306 1.949321 3.957095 -1.109077 1.061240 3.920670 -1.136181 1.014108 0.000003 16.740349 -2.049023 -7.465782 3.550907 4.281674 0.000002 9.617855 1.684981 -38.252266 20.251753 2.373724 0.000000 22.037384 7.501074 0.000000 0.000000 -0.000000 -4.569999 11.014857 -2.160850 0.962693 14.910218 13.769784 4.882967 9.615090 55.856638 0.000009 33.081485 0.000014 -27.893349 0.658258 -26.056193 -2.464785 -1.574003 2.681909 -1.665164 -0.174799 -4.219161 12.679290 -19.827261 -16.598301 -2.646255 -1.527799 1.527808 -16.669736 -2.243798 -22.135682 -1.994582 -1.151585 1.151572 0.000002 -0.000004 -0.000004 -9.108292 -0.517884 2.259802 -2.445092 2.451020 23.886223 0.337374 -1.741942 21.920903 0.114412 -1.027069 12.713362 -0.000001 0.000000 -0.000001 -9.532489 0.000004 -0.000000 -0.701113 -1.277090 21.667566 0.579423 -2.251600 28.858980 0.620584 -2.324698 29.890240 -0.000003 -0.000001 0.000001 -9.103594 -0.043113 -1.865103 -0.927516 -1.316295 25.771337 0.490469 -2.082178 26.506822 0.385923 -1.857967 23.466244 0.000001 -0.000000 -0.000001 -8.076687 -0.486719 -3.806296 1.196047 -5.494817 29.860549 0.323063 -1.705908 21.444583 0.296863 -1.637770 20.547721 0.000003 0.000001 0.000000 4.570401 11.014679 -2.160816 1.865480 -22.528173 -9.328099 -11.439315 -36.231930 -32.911249 0.000004 -32.621359 0.000003 -24.779156 -0.778256 11.813099 2.466098 -1.576214 2.681695 -0.662933 2.160421 4.832505 2.928648 18.862291 16.603859 2.647891 -1.528768 1.528746 -13.597477 8.740285 9.302509 1.998920 -1.154089 1.154077 -0.000006 0.000003 0.000005 9.109297 -0.518011 2.259898 -0.684245 -1.324954 -11.307923 0.361761 2.028668 -20.221463 0.105585 1.108512 -10.883651 -0.000001 -0.000002 0.000001 9.533404 0.000009 -0.000002 -0.008744 3.312895 -21.915326 0.286500 1.811406 -17.975217 0.319273 1.909476 -18.985334 0.000001 -0.000001 -0.000002 9.104506 -0.042994 -1.865100 -0.444640 2.677485 -26.132587 0.493705 2.355915 -23.669708 0.376561 2.068386 -20.635740 0.000001 -0.000002 0.000001 8.077806 -0.486899 -3.806300 -2.719975 0.897171 -31.944385 0.469786 2.300581 -23.080707 0.432563 2.211304 -22.135410 -0.000002 -0.000004 -0.000000 -8.207802 -6.751705 -1.599544 -73.977875 -3.060409 0.509197 66.941762 -0.271836 3.731612 -20.068595 -0.553638 2.200281 -7.355259 -0.000002 0.000001 0.000000 0.000001 0.000000 8.207792 -6.751701 -1.599537 -80.827864 6.250065 26.412575 72.141619 9.912116 -3.864222 -20.142764 1.663657 -3.157484 -4.928523 -0.000000 0.000000 0.000000 0.000001 0.000000 
8.348740 79.822304 -8.012669 32.861659 -23.000122 4.292988 -0.000002 10.181536 0.131530 10.771995 -4.110882 2.366536 4.114374 -0.688888 1.000938 4.076949 -0.735751 0.919725 0.000002 16.740372 -2.049013 -8.963018 3.058173 5.100127 -0.000001 9.617854 1.684982 -43.688697 18.841733 3.785824 0.000001 22.037354 7.501067 -0.000001 -0.000000 -0.000000 -4.569998 11.014865 -2.160841 0.356124 16.124974 16.636027 3.894437 9.528166 54.106184 -0.000014 24.932530 0.000028 -32.004887 -4.421321 -20.506712 -2.464798 -1.574005 2.681912 -1.665312 -0.174182 -4.218975 12.256213 -19.396332 -19.003193 -2.646270 -1.527802 1.527807 -16.931305 3.433318 -25.302403 -1.994589 -1.151580 1.151575 -0.000004 -0.000004 -0.000004 -9.108311 -0.517889 2.259805 -3.066083 3.433471 25.157810 0.390344 -1.868135 23.602537 0.148778 -1.169004 14.506810 0.000001 -0.000001 0.000000 -9.532506 0.000014 0.000002 -1.060385 -0.484564 22.344834 0.589690 -2.270125 29.119426 0.631933 -2.344293 30.168461 -0.000001 0.000000 -0.000000 -9.103598 -0.043113 -1.865101 -1.435773 -0.196868 25.484291 0.480166 -2.061391 26.221468 0.377146 -1.837637 23.194173 -0.000001 -0.000002 0.000001 -8.076694 -0.486738 -3.806293 1.282986 -5.618534 31.564121 0.318833 -1.695188 21.303039 0.292831 -1.626910 20.405238 -0.000000 -0.000002 0.000005 4.570403 11.014688 -2.160818 1.812947 -23.505568 -9.276861 -7.216003 -47.411273 -26.132369 0.000002 -44.342117 -0.000002 -19.781225 -4.534430 0.019559 2.466099 -1.576211 2.681702 -0.662823 2.160691 4.832583 -1.571553 16.315256 15.595846 2.647885 -1.528756 1.528751 -14.245668 9.589714 11.689674 1.998909 -1.154081 1.154086 0.000000 0.000005 0.000007 9.109291 -0.518010 2.259902 -0.129544 -0.444575 -11.854915 0.339700 1.967793 -19.588872 0.093713 1.044868 -10.251607 -0.000001 -0.000005 -0.000002 9.533399 0.000003 0.000003 0.256539 3.967218 -21.692983 0.271745 1.765355 -17.502848 0.303591 1.863287 -18.508763 0.000003 0.000000 -0.000002 9.104499 -0.042996 -1.865100 -0.554577 2.346241 -25.193277 0.516562 2.407361 -24.219984 0.396826 2.121404 -21.190078 0.000000 0.000002 -0.000000 8.077804 -0.486889 -3.806300 -2.565715 1.057886 -31.492216 0.499479 2.369033 -23.810063 0.461080 2.280090 -22.863150 0.000005 0.000001 -0.000000 -8.207801 -6.751701 -1.599537 -81.081060 -4.083823 -1.942584 73.259530 1.598678 4.949032 -22.073271 -0.472182 1.405167 -7.310871 0.000007 0.000002 -0.000000 -0.000001 -0.000000 8.207795 -6.751701 -1.599541 -88.099960 4.477265 26.413586 78.356149 9.051191 -3.757894 -22.057309 1.493442 -2.390745 -4.928522 -0.000002 -0.000000 0.000001 0.000001 0.000000 
8.895596 76.927299 -8.095509 34.518314 -22.025408 4.526091 -0.000001 10.181557 0.131520 10.909303 -3.910588 2.652671 4.176984 -0.434553 0.951970 4.139378 -0.497683 0.856126 0.000001 16.740379 -2.049015 -10.654957 2.511033 6.247726 -0.000001 9.617872 1.684983 -47.369107 17.096962 5.056317 0.000001 22.037369 7.501081 -0.000001 0.000001 0.000000 -4.569998 11.014876 -2.160836 -0.368747 17.570824 19.447715 1.527522 12.013865 50.413220 -0.000008 16.668559 0.000018 -31.330593 -8.984570 -13.097433 -2.464796 -1.573997 2.681910 -1.665572 -0.173265 -4.218628 11.482349 -18.317031 -24.158726 -2.646258 -1.527807 1.527806 -16.067127 15.314611 -26.372301 -1.994593 -1.151580 1.151573 -0.000001 -0.000005 -0.000002 -9.108319 -0.517879 2.259808 -3.368267 4.109931 25.142196 0.456144 -2.011944 25.546005 0.192482 -1.326405 16.512995 0.000000 -0.000001 0.000000 -9.532514 -0.000004 0.000005 -1.155138 -0.066612 21.410850 0.630248 -2.341410 30.127579 0.674129 -2.415395 31.184919 -0.000004 0.000002 -0.000002 -9.103606 -0.043104 -1.865098 -1.632500 0.425362 24.525372 0.471482 -2.043702 25.979533 0.369603 -1.819949 22.957929 0.000001 -0.000001 0.000002 -8.076712 -0.486721 -3.806295 1.166421 -5.481926 33.869102 0.311150 -1.675321 21.041386 0.285357 -1.606696 20.140590 0.000001 0.000000 0.000001 4.570403 11.014686 -2.160811 1.977385 -24.373537 -8.106773 2.886894 -58.253734 -17.181679 -0.000013 -53.298814 -0.000019 -10.782470 -6.948218 -8.799463 2.466112 -1.576208 2.681688 -0.662881 2.160515 4.832541 -2.883102 17.449427 13.412093 2.647882 -1.528746 1.528738 -15.022707 10.438395 15.372546 1.998924 -1.154096 1.154074 0.000000 -0.000002 0.000003 9.109297 -0.518002 2.259893 1.043376 1.438428 -14.087655 0.328113 1.934880 -19.247955 0.087581 1.010348 -9.909536 -0.000001 0.000000 0.000002 9.533401 -0.000000 -0.000006 0.355283 4.243710 -23.255081 0.272439 1.767526 -17.525248 0.304221 1.865098 -18.527416 0.000002 -0.000002 -0.000001 9.104507 -0.042996 -1.865108 -0.602813 2.252714 -25.279234 0.551253 2.482975 -25.033195 0.427529 2.198885 -22.004436 -0.000000 0.000001 0.000000 8.077813 -0.486891 -3.806306 -3.072306 1.007460 -34.613018 0.511884 2.396911 -24.108138 0.472307 2.306510 -23.143683 0.000001 0.000000 0.000001 -8.207800 -6.751703 -1.599540 -86.039394 -4.479743 -4.432500 78.247269 3.349812 5.733598 -23.811481 -0.380763 0.796401 -7.222806 0.000008 -0.000003 -0.000000 0.000000 0.000000 8.207797 -6.751702 -1.599559 -93.174094 3.796841 26.299751 83.173235 8.022266 -3.751554 -23.791610 1.322302 -1.415998 -4.928517 0.000004 0.000001 0.000000 0.000001 0.000000 
9.304297 75.311699 -7.759995 34.538204 -21.609542 4.786231 0.000001 10.181542 0.131519 10.869798 -3.777937 2.976064 4.136622 -0.446386 1.015793 4.099220 -0.516398 0.926198 0.000002 16.740370 -2.049016 -11.884146 2.224300 7.290942 0.000002 9.617850 1.684993 -48.598613 16.364780 5.661952 0.000000 22.037369 7.501072 0.000002 0.000001 -0.000000 -4.569998 11.014889 -2.160843 -0.999173 18.699876 21.798757 -1.518499 16.183028 44.433519 -0.000006 13.771022 0.000007 -25.381635 -11.398208 -4.470167 -2.464802 -1.573993 2.681911 -1.665268 -0.174423 -4.219045 10.901108 -16.867902 -29.806987 -2.646270 -1.527816 1.527806 -14.847071 26.880705 -25.860966 -1.994606 -1.151575 1.151577 -0.000001 -0.000002 0.000003 -9.108298 -0.517870 2.259801 -3.144345 3.414877 25.688884 0.512385 -2.125521 27.103816 0.228619 -1.442661 18.008304 -0.000001 -0.000002 0.000001 -9.532507 0.000018 -0.000000 -1.036329 -0.155754 20.287255 0.690347 -2.441928 31.567410 0.735828 -2.514410 32.619621 -0.000006 0.000000 -0.000003 -9.103599 -0.043125 -1.865103 -1.345523 0.024562 23.289347 0.479386 -2.059826 26.200180 0.376411 -1.835904 23.171062 0.000003 0.000000 -0.000000 -8.076681 -0.486721 -3.806298 1.073437 -5.372763 35.556285 0.311931 -1.677369 21.068183 0.286059 -1.608614 20.165683 -0.000004 0.000001 0.000001 4.570402 11.014686 -2.160814 2.251411 -24.828427 -6.810890 11.895717 -63.866073 -10.364669 0.000021 -57.058198 0.000011 -1.685288 -10.360384 -12.197990 2.466091 -1.576206 2.681706 -0.663158 2.159589 4.832239 -1.920753 20.058515 9.739330 2.647875 -1.528746 1.528748 -16.025082 13.183566 19.375112 1.998909 -1.154090 1.154070 0.000001 0.000002 -0.000000 9.109301 -0.518018 2.259910 1.893458 2.707122 -16.900688 0.353297 2.005557 -19.981119 0.100946 1.084088 -10.641082 0.000001 -0.000001 0.000001 9.533389 0.000003 0.000010 -0.012429 3.596694 -26.686498 0.294259 1.835188 -18.219627 0.327548 1.933310 -19.231678 -0.000001 0.000002 -0.000001 9.104511 -0.042991 -1.865094 -0.725872 2.401487 -28.652159 0.610236 2.605398 -26.361728 0.480076 2.324601 -23.336021 0.000000 -0.000002 0.000003 8.077795 -0.486896 -3.806297 -4.300223 1.092719 -41.650716 0.563963 2.509974 -25.324996 0.521263 2.417736 -24.331321 0.000002 -0.000000 -0.000000 -8.207799 -6.751705 -1.599535 -88.251727 -4.172603 -6.056261 81.651326 4.254536 5.974766 -24.039300 -0.248463 0.067007 -8.721269 -0.000001 0.000005 -0.000000 0.000002 0.000000 8.207792 -6.751690 -1.599555 -94.841883 3.943038 25.958180 86.059072 7.820116 -3.617378 -25.234006 1.308262 -1.118358 -4.928533 0.000002 -0.000002 0.000000 0.000000 0.000000 
9.665643 75.442177 -7.110138 32.699739 -22.087640 5.314657 0.000001 10.181561 0.131520 10.599378 -3.658158 3.379241 3.971641 -0.645031 1.253829 3.936088 -0.706400 1.184733 0.000002 16.740362 -2.049026 -11.850344 2.416064 7.451458 0.000003 9.617870 1.684986 -47.130856 17.393321 5.160773 -0.000001 22.037369 7.501065 -0.000002 0.000000 0.000000 -4.570001 11.014855 -2.160849 -1.375730 19.302593 23.392450 -3.724695 21.868994 36.067873 -0.000004 18.599520 0.000002 -16.795068 -11.386762 3.220644 -2.464783 -1.574002 2.681907 -1.664272 -0.178161 -4.220330 10.715311 -15.713077 -33.593316 -2.646249 -1.527815 1.527804 -14.631312 30.920359 -24.983340 -1.994593 -1.151587 1.151579 -0.000000 0.000003 -0.000002 -9.108293 -0.517881 2.259802 -2.488697 1.706835 26.764762 0.533847 -2.166900 27.676584 0.239601 -1.476010 18.439583 -0.000000 -0.000000 0.000000 -9.532491 0.000002 -0.000002 -0.803534 -0.650928 19.452771 0.715207 -2.481883 32.146009 0.760793 -2.552967 33.184365 -0.000002 -0.000001 -0.000000 -9.103598 -0.043117 -1.865102 -0.814395 -1.042883 22.022753 0.492065 -2.085390 26.550900 0.387304 -1.861151 23.508946 -0.000001 0.000001 -0.000002 -8.076694 -0.486727 -3.806296 0.919152 -5.208424 35.732971 0.321102 -1.700945 21.378969 0.294791 -1.632193 20.474588 0.000001 0.000000 0.000000 4.570403 11.014693 -2.160827 2.348097 -24.642798 -6.749730 8.949129 -62.219035 -14.463924 0.000029 -55.231939 0.000022 -1.946824 -14.533256 -10.264409 2.466096 -1.576214 2.681706 -0.663182 2.159445 4.832188 -0.598132 22.691693 5.901616 2.647872 -1.528735 1.528755 -16.889186 16.736327 22.190569 1.998925 -1.154092 1.154070 -0.000002 -0.000003 -0.000000 9.109305 -0.518004 2.259902 1.748514 2.704491 -19.300887 0.387876 2.098167 -20.946945 0.120011 1.181103 -11.606061 -0.000001 0.000003 0.000000 9.533415 0.000009 0.000003 -0.906938 2.263272 -30.213383 0.317347 1.903826 -18.927089 0.352923 2.004528 -19.970365 -0.000001 0.000001 0.000001 9.104496 -0.043001 -1.865099 -0.928482 2.619043 -33.534624 0.668357 2.719442 -27.613217 0.532354 2.442082 -24.592880 0.000000 0.000002 -0.000004 8.077797 -0.486895 -3.806297 -5.251236 1.683027 -48.351384 0.627277 2.639466 -26.734078 0.581484 2.546635 -25.722052 0.000000 0.000002 -0.000004 -8.207800 -6.751698 -1.599547 -86.870068 -3.182930 -6.528590 82.527222 4.461761 5.667708 -23.142269 -0.183529 -0.385581 -10.831240 -0.000009 -0.000001 0.000000 0.000001 0.000000 8.207800 -6.751698 -1.599552 -92.275432 4.893150 25.052155 86.409830 9.186593 -3.309215 -26.135599 1.591078 -2.041198 -4.928517 0.000001 0.000000 -0.000000 0.000000 0.000000 
9.990376 77.171135 -6.161171 29.325779 -23.617795 6.435297 0.000001 10.181533 0.131524 10.004407 -3.234260 3.616619 3.714052 -0.885172 1.597746 3.682494 -0.922173 1.559678 -0.000003 16.740374 -2.049009 -10.129358 2.996394 6.174171 -0.000002 9.617853 1.684997 -43.215413 19.498465 3.148512 -0.000000 22.037369 7.501076 -0.000001 0.000000 -0.000000 -4.570007 11.014877 -2.160835 -1.424413 19.572056 23.488049 -3.889771 29.558521 26.247382 -0.000012 28.493597 0.000021 -8.770595 -9.437205 9.008734 -2.464782 -1.573996 2.681911 -1.664427 -0.177480 -4.220109 10.716679 -15.469859 -34.196391 -2.646272 -1.527811 1.527818 -15.326816 26.964745 -24.357291 -1.994587 -1.151580 1.151577 0.000003 -0.000003 0.000001 -9.108302 -0.517886 2.259802 -1.818496 0.513673 25.986421 0.513800 -2.128290 27.141975 0.223378 -1.426477 17.799403 -0.000001 0.000000 0.000000 -9.532491 0.000007 -0.000000 -0.502370 -1.308589 17.950512 0.684383 -2.432213 31.427203 0.728449 -2.502831 32.450652 0.000000 -0.000000 -0.000002 -9.103592 -0.043117 -1.865101 -0.330451 -2.096106 20.372118 0.486547 -2.074291 26.398497 0.382088 -1.849116 23.347764 0.000000 0.000001 0.000000 -8.076702 -0.486726 -3.806297 0.510186 -4.749652 34.000405 0.325458 -1.712069 21.525790 0.298863 -1.643046 20.617013 -0.000000 -0.000001 0.000003 4.570401 11.014686 -2.160807 2.143661 -23.837843 -8.210660 1.190454 -53.149301 -23.680172 0.000003 -48.572795 0.000007 -15.013937 -19.098027 -7.085305 2.466112 -1.576220 2.681692 -0.662420 2.162186 4.833073 -0.276276 24.572560 4.885621 2.647889 -1.528737 1.528741 -16.807777 18.528051 22.249939 1.998929 -1.154087 1.154075 0.000000 -0.000000 -0.000002 9.109302 -0.517996 2.259898 0.993229 1.951973 -19.719934 0.373851 2.061280 -20.561427 0.112239 1.142451 -11.221122 0.000001 0.000000 0.000004 9.533391 0.000005 0.000001 -1.711095 0.800740 -29.873837 0.313547 1.892702 -18.811929 0.350146 1.996857 -19.890605 0.000002 -0.000001 0.000000 9.104510 -0.043002 -1.865104 -1.018226 2.547663 -34.080298 0.674358 2.730817 -27.738800 0.537804 2.453946 -24.720596 0.000000 0.000001 0.000001 8.077816 -0.486902 -3.806302 -4.655276 2.204908 -48.833329 0.617706 2.620430 -26.525752 0.572847 2.528687 -25.527514 0.000000 -0.000001 0.000001 -8.207801 -6.751710 -1.599541 -82.379656 -1.562248 -6.417531 81.044552 4.826449 5.023057 -21.235075 -0.115145 -0.950050 -13.152941 -0.000011 -0.000004 -0.000000 0.000000 0.000000 8.207799 -6.751707 -1.599544 -85.870996 6.909299 23.558192 84.282642 9.703313 -3.071719 -26.602602 4.138718 -2.862674 -4.928521 0.000001 -0.000002 0.000000 -0.000001 0.000000 
10.188081 80.161972 -4.853176 25.003975 -25.706455 8.289391 -0.000001 10.181541 0.131525 9.081711 -2.214409 3.213633 3.431057 -0.902433 1.851512 3.403438 -0.908827 1.847700 -0.000000 16.740353 -2.049026 -6.908961 3.397573 3.708632 0.000003 9.617866 1.684976 -37.466439 20.528456 -0.475929 -0.000000 22.037369 7.501074 0.000002 -0.000000 -0.000000 -4.570001 11.014890 -2.160843 -1.060100 19.720460 20.899400 -2.615859 38.620755 17.210482 -0.000013 38.986289 0.000046 -3.247934 -5.840181 14.268327 -2.464795 -1.574000 2.681907 -1.667480 -0.166003 -4.216097 10.842405 -16.386942 -31.093408 -2.646256 -1.527789 1.527811 -16.008336 19.740555 -24.372816 -1.994581 -1.151571 1.151576 -0.000003 -0.000000 -0.000004 -9.108311 -0.517882 2.259798 -1.594208 0.878276 22.199146 0.469829 -2.040288 25.932915 0.194207 -1.332213 16.587382 -0.000004 0.000001 -0.000001 -9.532493 -0.000005 -0.000002 -0.250259 -1.876231 15.860406 0.637868 -2.354454 30.313151 0.680120 -2.425229 31.326625 0.000002 0.000003 -0.000001 -9.103592 -0.043111 -1.865105 -0.087740 -2.645904 18.681317 0.457063 -2.013871 25.572303 0.355810 -1.787039 22.519257 -0.000006 0.000005 0.000002 -8.076694 -0.486727 -3.806304 0.238719 -4.355759 30.256433 0.306078 -1.662072 20.866918 0.280208 -1.592637 19.956804 -0.000001 0.000001 0.000004 4.570400 11.014683 -2.160817 1.829952 -22.820248 -9.976080 0.190498 -40.720222 -29.609953 -0.000009 -38.780837 -0.000017 -35.006830 -22.126263 -9.061062 2.466113 -1.576201 2.681700 -0.661673 2.164726 4.833904 -1.406220 25.116537 8.362869 2.647877 -1.528743 1.528752 -15.752964 17.454053 19.342566 1.998917 -1.154094 1.154076 -0.000000 -0.000006 -0.000000 9.109309 -0.518015 2.259904 0.508279 1.097546 -16.648689 0.309874 1.881875 -18.700418 0.078167 0.955034 -9.361786 -0.000004 0.000002 0.000001 9.533407 -0.000007 0.000002 -1.628350 -0.504499 -22.955458 0.281248 1.795202 -17.809110 0.316439 1.901191 -18.899707 -0.000001 -0.000001 0.000002 9.104509 -0.042992 -1.865100 -0.748378 2.138215 -26.791648 0.608738 2.602429 -26.329162 0.478800 2.321652 -23.304599 0.000000 0.000002 -0.000003 8.077819 -0.486888 -3.806301 -2.369725 2.817161 -41.451865 0.520175 2.415304 -24.305312 0.480684 2.326011 -23.351093 -0.000000 0.000000 0.000001 -8.207802 -6.751709 -1.599536 -75.569268 0.656651 -6.996338 77.572787 6.275686 4.367240 -18.767837 0.002722 -1.799849 -14.522958 -0.000014 -0.000005 0.000000 0.000003 0.000000 8.207794 -6.751714 -1.599545 -77.666395 9.658632 21.686940 81.362996 10.006078 -3.109042 -21.651257 4.027273 -2.393531 -6.618649 -0.000009 0.000000 0.000000 0.000001 0.000000 
10.050175 84.351761 -3.355003 20.059036 -27.289966 10.141772 -0.000001 10.181533 0.131530 8.003206 -0.398545 2.132856 3.150449 -0.447763 1.863488 3.122817 -0.427841 1.883826 -0.000004 16.740366 -2.049019 -2.798999 2.957049 1.023727 0.000001 9.617860 1.684984 -30.919512 18.314370 -4.698007 0.000000 22.037369 7.501078 -0.000000 -0.000000 -0.000000 -4.570002 11.014873 -2.160849 -0.145670 19.614743 14.776537 -4.266449 47.230529 13.120972 -0.000022 47.544797 0.000064 -1.149539 -1.685187 21.317282 -2.464791 -1.573993 2.681911 -1.669015 -0.160346 -4.214113 11.291145 -17.908787 -25.759674 -2.646262 -1.527811 1.527804 -16.394720 12.859370 -25.345145 -1.994606 -1.151584 1.151575 -0.000001 -0.000006 0.000003 -9.108298 -0.517895 2.259800 -1.636063 2.361078 17.707535 0.426855 -1.949475 24.698210 0.168096 -1.241236 15.425268 0.000000 0.000002 0.000000 -9.532502 0.000009 -0.000001 -0.137580 -2.177691 14.754317 0.618673 -2.321319 29.842473 0.660189 -2.392207 30.852548 -0.000002 0.000000 0.000000 -9.103598 -0.043099 -1.865101 -0.115893 -2.520247 18.086349 0.418656 -1.931583 24.456338 0.321872 -1.702888 21.404647 -0.000001 0.000000 -0.000000 -8.076698 -0.486732 -3.806296 0.587936 -4.858805 25.715770 0.271898 -1.569544 19.655121 0.247806 -1.500393 18.755559 0.000002 -0.000001 -0.000001 4.570400 11.014678 -2.160822 1.593691 -22.516820 -10.518917 7.160888 -30.498874 -32.076771 -0.000007 -28.975937 -0.000006 -51.778472 -18.366247 -15.719561 2.466100 -1.576199 2.681701 -0.663486 2.158426 4.831882 -2.998782 24.452639 13.598641 2.647883 -1.528751 1.528740 -14.872768 15.316930 15.888758 1.998916 -1.154090 1.154072 0.000000 -0.000003 0.000003 9.109305 -0.518017 2.259902 0.565452 0.262457 -9.858551 0.257409 1.719182 -17.030792 0.052832 0.785973 -7.693349 0.000002 -0.000002 -0.000002 9.533407 0.000007 0.000002 -0.820203 -1.412441 -11.703752 0.253142 1.705174 -16.887762 0.286146 1.810346 -17.964400 -0.000003 -0.000000 0.000003 9.104504 -0.042997 -1.865099 -0.284595 1.914424 -15.649347 0.523113 2.421886 -24.375822 0.402371 2.135611 -21.339077 -0.000001 0.000003 -0.000003 8.077808 -0.486891 -3.806301 -0.124136 4.153689 -30.983896 0.413567 2.164049 -21.637737 0.379860 2.077127 -20.726942 0.000001 -0.000001 -0.000000 -8.207802 -6.751721 -1.599535 -66.555228 2.553298 -9.078289 71.693825 8.352988 3.794277 -16.043985 0.059101 -2.160960 -13.883451 -0.000005 0.000005 0.000000 -0.000001 -0.000001 8.207793 -6.751711 -1.599543 -69.458325 12.088053 19.303933 77.097898 9.913251 -3.245139 -6.738575 2.657899 -2.781914 -16.769463 0.426380 -3.107993 0.000000 -0.000000 0.000000 
9.412825 89.963791 -2.067175 14.648538 -26.909414 10.747642 0.000002 10.181554 0.131520 7.041792 1.766090 0.727721 2.846171 0.342119 1.660758 2.812759 0.381767 1.687948 0.000000 16.740372 -2.049021 1.610568 1.631473 -0.919067 -0.000003 9.617840 1.684976 -24.720364 12.590015 -7.407717 -0.000000 22.037369 7.501072 -0.000000 -0.000001 0.000000 -4.570001 11.014892 -2.160843 1.325345 18.689363 5.466743 -15.496642 52.495304 19.543324 -0.000058 54.384292 0.000081 -2.274836 0.498913 30.067336 -2.464798 -1.573981 2.681894 -1.661009 -0.190672 -4.224663 11.887616 -19.087018 -21.228474 -2.646261 -1.527783 1.527816 -16.736480 7.433841 -27.086481 -1.994594 -1.151574 1.151581 -0.000000 -0.000003 0.000001 -9.108286 -0.517874 2.259794 -1.645775 3.707794 14.747630 0.394961 -1.878618 23.743327 0.149598 -1.172126 14.546459 -0.000001 -0.000004 -0.000001 -9.532493 0.000008 -0.000011 -0.122901 -2.250817 14.948651 0.627386 -2.336459 30.057262 0.669197 -2.407199 31.067648 -0.000001 0.000002 0.000004 -9.103594 -0.043103 -1.865106 -0.288388 -2.051489 18.701485 0.388215 -1.863265 23.537122 0.295160 -1.633169 20.487443 -0.000002 -0.000003 -0.000001 -8.076690 -0.486730 -3.806310 1.277655 -6.222947 23.002757 0.258768 -1.532245 19.169329 0.235690 -1.464323 18.288395 -0.000000 -0.000001 0.000003 4.570403 11.014698 -2.160811 1.532925 -23.934561 -9.257349 19.312430 -24.220863 -30.801479 0.000004 -22.457201 -0.000011 -59.045715 -9.080887 -22.365982 2.466084 -1.576215 2.681704 -0.666856 2.146629 4.828040 -3.700304 23.221182 16.420929 2.647882 -1.528772 1.528744 -14.670343 14.542834 14.544495 1.998917 -1.154092 1.154079 -0.000002 -0.000003 -0.000000 9.109305 -0.518010 2.259901 0.956725 -0.507290 -1.252533 0.247973 1.688126 -16.713664 0.048573 0.753788 -7.376393 0.000004 0.000001 0.000000 9.533398 0.000011 0.000003 -0.021725 -1.825476 -1.375217 0.250895 1.697825 -16.812726 0.283126 1.800983 -17.868311 -0.000000 -0.000000 0.000004 9.104482 -0.042990 -1.865094 -0.042156 1.930527 -7.492933 0.466454 2.292771 -22.997607 0.352275 2.002750 -19.951864 -0.000001 0.000001 -0.000003 8.077793 -0.486910 -3.806294 0.752800 5.183947 -23.687043 0.349873 1.996081 -19.882525 0.319400 1.909844 -18.989169 0.000001 0.000002 -0.000000 -8.207801 -6.751700 -1.599545 -55.142877 2.152040 -12.285245 62.032960 9.009365 2.922100 -11.879316 -0.023195 -0.458716 -12.032670 -0.000007 -0.000005 -0.000000 -0.000001 -0.000000 8.207803 -6.751702 -1.599555 -63.048677 12.526310 16.476986 73.712508 6.973765 -2.620904 8.834829 -0.029377 -3.277687 -9.667194 0.083095 -2.790852 -0.000001 -0.000000 0.000000 
8.329034 96.819435 -1.150204 9.360660 -23.411614 9.247148 -0.000002 10.181558 0.131520 6.365051 3.349181 -0.549203 2.491993 0.936157 1.322717 2.452131 0.988203 1.344741 -0.000002 16.740370 -2.049023 6.015719 0.116026 -1.781423 -0.000000 9.617828 1.684975 -19.259358 5.222513 -6.889368 -0.000000 22.037354 7.501081 -0.000000 0.000001 -0.000000 -4.570002 11.014869 -2.160841 2.896077 16.156462 -5.306689 -33.948916 49.709680 33.868166 -0.000057 60.713777 0.000086 -4.293696 -0.406237 36.420082 -2.464796 -1.574027 2.681911 -1.654736 -0.213898 -4.232751 12.179507 -19.489079 -19.392266 -2.646258 -1.527817 1.527825 -17.025809 4.594754 -28.408451 -1.994582 -1.151578 1.151585 0.000001 -0.000004 -0.000004 -9.108295 -0.517891 2.259805 -1.493207 4.470077 12.352714 0.366026 -1.811469 22.844517 0.132556 -1.104398 13.688859 -0.000002 -0.000001 -0.000001 -9.532503 0.000001 -0.000002 -0.104596 -2.292799 14.622996 0.626179 -2.334374 30.027680 0.667948 -2.405138 31.037848 -0.000004 -0.000002 0.000001 -9.103596 -0.043128 -1.865098 -0.366918 -1.864775 19.122966 0.372264 -1.826216 23.041541 0.281219 -1.595386 19.992577 0.000001 -0.000002 -0.000002 -8.076689 -0.486747 -3.806301 1.866902 -7.395408 23.243163 0.279143 -1.589662 19.917955 0.255604 -1.523169 19.051358 -0.000000 0.000000 -0.000000 4.570395 11.014675 -2.160810 1.916157 -27.162595 -6.603107 31.749656 -19.893927 -24.340293 0.000002 -20.195522 -0.000003 -59.467937 -1.081118 -26.937906 2.466106 -1.576225 2.681694 -0.663662 2.157664 4.831568 -3.380400 21.684580 16.012509 2.647877 -1.528761 1.528754 -14.899047 15.328377 15.484382 1.998921 -1.154079 1.154083 0.000002 -0.000000 -0.000002 9.109303 -0.518022 2.259894 1.369060 -0.877716 5.337757 0.258709 1.723431 -17.074218 0.053428 0.790393 -7.736717 -0.000003 0.000000 -0.000000 9.533417 -0.000013 -0.000004 0.369127 -1.798099 4.247161 0.260215 1.728369 -17.124616 0.292521 1.829845 -18.164736 -0.000001 0.000000 -0.000001 9.104499 -0.043007 -1.865105 -0.005860 1.745976 -4.736312 0.432723 2.211696 -22.139621 0.322879 1.919902 -19.093113 0.000003 0.000002 0.000004 8.077803 -0.486897 -3.806307 0.623698 4.939196 -21.308780 0.316179 1.900371 -18.891368 0.287118 1.813331 -17.994876 -0.000000 -0.000002 0.000002 -8.207806 -6.751706 -1.599545 -41.899457 -2.276688 -14.472754 47.552327 6.735420 1.454202 -3.485202 0.406627 2.329778 -11.575097 0.000166 -0.024594 -0.000000 0.000000 0.000000 8.207795 -6.751696 -1.599558 -59.653014 10.331443 13.621307 72.765352 -0.179102 -1.074956 17.728029 -0.634050 -4.998723 -3.928026 -0.000000 -0.000001 -0.000002 0.000000 0.000000 
6.866566 104.151817 -0.486660 5.278443 -16.383240 6.648016 0.000000 10.181546 0.131525 6.001639 3.338050 -1.846210 2.133510 0.899328 0.829937 2.095468 0.949606 0.846637 0.000001 16.740372 -2.049026 10.201497 -0.800754 -1.868664 -0.000000 9.617848 1.684971 -14.251646 -1.419406 -3.004187 0.000000 22.037384 7.501078 -0.000000 0.000000 -0.000000 -4.569996 11.014893 -2.160844 3.717262 11.702589 -15.284469 -45.421458 39.107331 42.479320 -0.000085 66.490840 0.000130 -5.461327 -2.053726 36.672146 -2.464793 -1.573977 2.681905 -1.701518 -0.038656 -4.171749 12.078096 -18.977602 -20.259282 -2.646266 -1.527817 1.527810 -16.980999 4.850263 -27.993049 -1.994586 -1.151577 1.151578 0.000002 -0.000001 -0.000002 -9.108300 -0.517855 2.259790 -1.229452 5.265342 9.524131 0.330540 -1.724834 21.694685 0.111864 -1.015722 12.570423 0.000004 0.000003 -0.000001 -9.532497 0.000030 -0.000004 -0.067345 -2.306735 12.942204 0.578522 -2.249938 28.835843 0.618748 -2.321474 29.844450 -0.000002 0.000000 -0.000000 -9.103599 -0.043078 -1.865103 -0.248848 -2.157180 18.574160 0.368936 -1.818371 22.937054 0.278291 -1.587309 19.887113 0.000001 -0.000001 0.000000 -8.076701 -0.486701 -3.806302 2.343103 -8.274835 24.410290 0.304090 -1.656862 20.798320 0.279885 -1.591740 19.944813 -0.000001 0.000002 -0.000001 4.570403 11.014712 -2.160816 2.896575 -31.102130 -3.426191 39.468596 -15.211880 -13.096150 0.000003 -20.467476 -0.000020 -57.448598 2.356374 -27.382271 2.466086 -1.576207 2.681700 -0.652460 2.196878 4.844294 -2.672584 20.210979 13.829418 2.647878 -1.528741 1.528749 -15.491429 16.591868 17.915363 1.998928 -1.154093 1.154079 0.000003 0.000003 0.000001 9.109290 -0.518007 2.259901 1.427734 -0.979458 6.926301 0.260588 1.729551 -17.136651 0.054297 0.796728 -7.799131 -0.000004 0.000000 0.000000 9.533394 0.000004 -0.000001 0.327229 -1.407714 4.067592 0.260704 1.729948 -17.140776 0.292773 1.830661 -18.173007 -0.000000 -0.000000 -0.000001 9.104486 -0.043012 -1.865100 -0.062353 1.446155 -5.998121 0.411694 2.159307 -21.587971 0.304785 1.866827 -18.545236 -0.000000 0.000001 0.000001 8.077796 -0.486921 -3.806296 -0.081159 3.596298 -21.592704 0.299243 1.850251 -18.374464 0.270715 1.762028 -17.469001 0.000000 0.000000 0.000000 -8.207800 -6.751722 -1.599537 -28.654358 -8.353348 -14.022947 30.205641 3.258925 -0.227427 10.844845 0.811438 8.982643 -13.449424 0.113058 -3.345009 0.000000 -0.000001 0.000000 8.207801 -6.751713 -1.599544 -60.677270 6.166210 10.559820 77.058263 -4.460006 0.591109 17.591005 -0.692488 -6.246681 -2.275539 -0.000000 -0.000002 -0.000000 -0.000000 0.000000 
5.213007 110.691597 -0.178437 3.453939 -6.951077 4.863731 0.000000 10.181559 0.131523 6.118136 1.493286 -3.745919 1.920613 0.314322 0.186615 1.893054 0.344767 0.205512 -0.000000 16.740360 -2.049020 13.765104 -0.894861 -1.755989 0.000000 9.617840 1.684978 -9.876759 -6.014294 2.739646 0.000000 22.037369 7.501075 -0.000001 -0.000000 0.000000 -4.570003 11.014859 -2.160837 3.401976 6.369719 -23.019384 -45.976592 26.818555 42.068935 -0.000101 70.007185 0.000141 -6.359393 -2.073643 31.516866 -2.464802 -1.573986 2.681903 -1.866661 0.566428 -3.960428 11.882943 -17.332225 -22.998348 -2.646255 -1.527833 1.527817 -16.793473 6.590127 -25.869403 -1.994587 -1.151582 1.151571 0.000001 -0.000003 0.000001 -9.108288 -0.517867 2.259806 -1.159469 6.704946 7.825388 0.288817 -1.616105 20.263821 0.088854 -0.906282 11.197340 0.000004 -0.000001 -0.000003 -9.532491 0.000027 0.000000 -0.107908 -2.002928 11.700468 0.479302 -2.059639 26.197341 0.516231 -2.133002 27.207147 0.000000 0.000002 -0.000001 -9.103611 -0.043084 -1.865103 -0.079541 -2.618847 17.884611 0.373401 -1.828888 23.077307 0.282131 -1.597889 20.025232 0.000003 -0.000002 0.000001 -8.076694 -0.486701 -3.806307 2.993577 -9.823511 24.034049 0.300330 -1.646921 20.667778 0.277003 -1.583729 19.840397 -0.000000 0.000000 0.000000 4.570401 11.014662 -2.160812 4.165994 -34.105170 -0.335855 40.813126 -11.159534 1.427511 -0.000003 -21.319372 0.000002 -54.260116 2.956105 -24.737094 2.466091 -1.576216 2.681699 -0.665922 2.149980 4.829158 -1.989519 19.259096 11.106784 2.647901 -1.528752 1.528738 -16.548556 17.347082 21.325725 1.998913 -1.154095 1.154069 -0.000001 0.000001 0.000001 9.109313 -0.518028 2.259898 1.070001 -1.567785 4.605271 0.252296 1.702453 -16.859998 0.050521 0.768656 -7.522625 0.000006 -0.000000 -0.000000 9.533408 -0.000015 0.000002 0.089987 -0.925052 0.291410 0.254686 1.710344 -16.940416 0.286354 1.810990 -17.970991 -0.000002 -0.000000 -0.000000 9.104511 -0.043011 -1.865101 -0.136045 1.480918 -8.688941 0.408389 2.150949 -21.500093 0.302004 1.858512 -18.459746 0.000003 -0.000000 -0.000002 8.077806 -0.486905 -3.806301 -0.845419 2.204759 -21.692157 0.300197 1.853112 -18.403993 0.271359 1.764106 -17.490072 -0.000001 -0.000001 -0.000002 -8.207798 -6.751712 -1.599543 -19.509261 -10.636137 -10.658450 17.988106 -3.325858 -3.457771 22.066565 2.451771 13.014060 -10.073203 0.000003 -0.000002 -0.000002 -0.000001 -0.000001 8.207800 -6.751694 -1.599553 -67.457885 1.743552 6.070151 87.665758 -4.076832 1.543508 11.298804 -0.164160 -5.143816 -3.140009 -0.000002 -0.000002 -0.000000 0.000000 0.000000 
3.885970 115.541206 -0.592154 4.165794 2.272648 4.219913 -0.000001 10.181547 0.131524 6.955676 -1.098711 -5.580531 2.042174 -0.300588 -0.419799 2.021947 -0.298067 -0.398519 -0.000000 16.740374 -2.049021 16.297016 -0.570045 -1.865613 0.000000 9.617845 1.684977 -7.423530 -8.588252 8.000052 -0.000001 22.037399 7.501070 -0.000002 -0.000001 0.000000 -4.570000 11.014854 -2.160837 2.658325 2.545158 -28.248563 -38.594619 15.791660 36.046672 -0.000111 69.554029 0.000145 -8.175230 -0.265659 23.792822 -2.464794 -1.574005 2.681910 -2.177574 1.662140 -3.575193 12.057058 -14.662227 -26.275972 -2.646273 -1.527799 1.527812 -16.788086 7.046255 -23.437912 -1.994602 -1.151580 1.151584 -0.000001 -0.000005 0.000001 -9.108298 -0.517877 2.259808 -1.596303 8.563242 8.882179 0.248108 -1.501295 18.767575 0.067478 -0.790790 9.754789 0.000000 -0.000001 0.000002 -9.532498 0.000012 0.000001 -0.291060 -1.265711 12.584391 0.360538 -1.798398 22.670690 0.393132 -1.874493 23.687882 -0.000000 0.000001 0.000000 -9.103595 -0.043092 -1.865098 0.094905 -3.154647 17.702358 0.380017 -1.844320 23.283463 0.287825 -1.613422 20.228497 0.000000 0.000001 -0.000001 -8.076699 -0.486733 -3.806299 3.732621 -12.253494 21.862268 0.275273 -1.578942 19.777894 0.253804 -1.517936 18.983391 -0.000001 -0.000000 0.000000 4.570400 11.014648 -2.160809 5.460443 -34.357774 3.116557 37.575357 -10.731415 17.611680 -0.000012 -22.718831 -0.000004 -49.742031 3.013419 -22.504223 2.466110 -1.576216 2.681697 -0.767885 1.794133 4.713289 -1.521967 18.044071 9.061286 2.647882 -1.528719 1.528744 -17.543131 16.350718 23.904243 1.998924 -1.154084 1.154079 0.000005 -0.000004 -0.000000 9.109301 -0.518027 2.259901 0.528002 -3.108013 1.789396 0.246325 1.682581 -16.657238 0.047845 0.748054 -7.319991 -0.000001 -0.000001 0.000000 9.533416 0.000009 -0.000002 -0.102306 -0.661463 -3.166244 0.252790 1.704031 -16.876071 0.284373 1.804874 -17.908155 0.000003 -0.000000 -0.000000 9.104495 -0.042997 -1.865104 -0.074911 2.159883 -10.630368 0.415593 2.169154 -21.691518 0.308210 1.876989 -18.649838 0.000002 -0.000000 0.000000 8.077813 -0.486906 -3.806301 -0.853687 2.390440 -20.835974 0.309474 1.880731 -18.688680 0.280031 1.791362 -17.769550 -0.000000 -0.000000 -0.000000 -8.207802 -6.751713 -1.599541 -23.104530 -7.799238 -9.259127 24.597857 -8.156574 -6.037878 23.237494 1.736464 15.628736 -5.912606 -0.000005 -0.000003 0.000001 -0.000001 0.000001 8.207797 -6.751711 -1.599552 -80.165281 -0.497519 0.456932 102.577810 -1.222526 1.575144 3.443609 0.216008 -2.176765 -4.179971 0.000001 0.000002 0.000001 -0.000001 0.000000 
3.630899 120.480194 -1.894504 6.702289 7.844851 1.375603 0.000001 10.181546 0.131523 8.629859 -2.933647 -5.694210 2.584709 -0.473439 -0.771457 2.558425 -0.491597 -0.766382 0.000001 16.740377 -2.049023 17.787544 -0.368111 -2.206714 0.000001 9.617867 1.684986 -8.392364 -9.779013 11.046873 0.000001 22.037338 7.501073 -0.000000 -0.000000 -0.000000 -4.570004 11.014874 -2.160844 2.650588 2.456376 -31.262671 -26.757787 4.359774 28.102935 -0.000095 64.907998 0.000137 -11.531233 2.566975 15.677562 -2.464794 -1.573972 2.681912 -2.611292 3.108476 -3.060819 12.780640 -11.631346 -28.423161 -2.646253 -1.527805 1.527814 -16.806362 4.792324 -21.747578 -1.994608 -1.151599 1.151577 0.000002 0.000001 -0.000002 -9.108305 -0.517846 2.259804 -2.501848 10.191231 11.803217 0.217265 -1.407271 17.551971 0.051460 -0.691106 8.515563 -0.000000 0.000001 0.000004 -9.532495 0.000023 -0.000001 -0.560359 -0.524905 14.615526 0.269816 -1.563677 19.578811 0.298540 -1.642185 20.605571 0.000000 0.000000 -0.000003 -9.103599 -0.043071 -1.865106 0.392568 -4.089638 17.533907 0.383084 -1.851424 23.378785 0.290442 -1.620488 20.321153 -0.000000 -0.000000 0.000001 -8.076695 -0.486687 -3.806298 4.200990 -14.782525 19.183341 0.258836 -1.532491 19.172628 0.238411 -1.472454 18.393442 0.000000 -0.000001 -0.000001 4.570399 11.014691 -2.160820 6.642167 -30.471123 7.837529 31.357986 -15.033765 31.530622 0.000002 -25.885953 -0.000002 -44.817748 2.736846 -21.638384 2.466110 -1.576213 2.681698 -1.001291 0.989562 4.449186 -1.387034 15.147239 8.701832 2.647890 -1.528755 1.528740 -17.554814 12.723028 23.359588 1.998933 -1.154079 1.154073 -0.000001 0.000005 -0.000000 9.109306 -0.517993 2.259900 0.149249 -5.318774 -0.077888 0.247511 1.686598 -16.698184 0.048376 0.752215 -7.361004 0.000001 -0.000001 0.000003 9.533411 0.000002 0.000004 -0.185883 -0.494334 -4.788852 0.257094 1.718180 -17.020345 0.288915 1.818856 -18.051990 0.000001 0.000000 0.000001 9.104510 -0.042983 -1.865100 0.200492 3.620014 -11.668471 0.419962 2.180071 -21.806386 0.311864 1.887784 -18.761450 0.000000 -0.000000 -0.000000 8.077809 -0.486879 -3.806296 0.085494 4.900408 -19.848168 0.312562 1.889833 -18.782446 0.282922 1.800377 -17.862010 -0.000001 -0.000000 -0.000001 -8.207800 -6.751712 -1.599536 -30.726719 -7.172472 -9.787343 33.154636 -9.263560 -3.160940 23.037769 1.490908 12.781675 -2.643316 0.000004 -0.000002 -0.000002 0.000000 -0.000000 8.207802 -6.751700 -1.599555 -94.993226 -0.788095 -2.419727 116.388145 1.865916 1.376672 -3.018369 0.066104 2.114204 -5.105382 -0.000000 -0.000001 0.000003 0.000000 0.000000 
3.866008 124.021271 -3.539024 9.745983 9.234068 -1.349476 0.000001 10.181558 0.131518 10.875520 -3.677128 -4.401514 3.426945 -0.197229 -0.859564 3.384300 -0.223560 -0.896255 0.000002 16.740372 -2.049003 18.622048 -0.463269 -2.478378 0.000003 9.617854 1.684971 -12.908994 -10.031482 11.670122 0.000001 22.037399 7.501071 -0.000000 0.000000 -0.000000 -4.570000 11.014895 -2.160836 3.738618 6.125727 -32.721691 -14.264165 -8.525749 21.959579 -0.000068 57.292460 0.000101 -15.155886 5.345009 8.585411 -2.464805 -1.573991 2.681909 -3.121923 4.703706 -2.484017 13.712006 -8.949044 -28.118173 -2.646256 -1.527819 1.527813 -16.651588 1.075734 -20.486925 -1.994595 -1.151617 1.151574 0.000001 -0.000004 0.000005 -9.108305 -0.517903 2.259802 -3.388387 11.590699 14.174076 0.202835 -1.360836 16.954736 0.043323 -0.634417 7.812282 -0.000001 -0.000000 -0.000000 -9.532496 0.000000 -0.000002 -0.669481 -0.325974 15.601110 0.229344 -1.444908 18.037377 0.256022 -1.524342 19.066798 0.000002 0.000000 -0.000001 -9.103600 -0.043129 -1.865105 0.843962 -5.561826 17.056427 0.380828 -1.846213 23.308922 0.288454 -1.615127 20.250944 0.000000 0.000002 0.000001 -8.076703 -0.486705 -3.806304 4.510240 -16.890853 17.403652 0.263606 -1.546101 19.349680 0.242666 -1.485184 18.558389 0.000003 -0.000001 -0.000000 4.570398 11.014709 -2.160809 6.999055 -22.952972 13.588591 21.205847 -22.260970 38.275137 -0.000011 -31.070005 -0.000001 -40.899084 1.575576 -19.792153 2.466109 -1.576205 2.681691 -1.349122 -0.182067 4.060008 -1.293431 10.762228 9.485397 2.647864 -1.528747 1.528749 -17.030619 6.943962 19.885703 1.998914 -1.154104 1.154062 0.000001 -0.000000 -0.000002 9.109303 -0.517994 2.259897 -0.024934 -7.595865 -1.955283 0.252402 1.702773 -16.863121 0.050567 0.768976 -7.526015 0.000000 0.000000 -0.000002 9.533408 0.000009 -0.000000 -0.210361 -0.150147 -5.755271 0.264121 1.740980 -17.253657 0.296225 1.841134 -18.280778 0.000001 -0.000000 0.000001 9.104504 -0.043002 -1.865107 0.660468 5.684995 -12.417053 0.420335 2.180999 -21.816177 0.312131 1.888573 -18.769450 -0.000001 0.000000 0.000000 8.077819 -0.486903 -3.806305 1.502240 8.910166 -18.942958 0.306905 1.873075 -18.609740 0.277523 1.783531 -17.689215 0.000001 -0.000001 -0.000000 -8.207802 -6.751691 -1.599542 -42.406886 -7.010259 -13.406814 46.722384 -7.108138 3.156047 19.421599 1.834688 8.188197 -2.364441 0.000002 -0.000000 -0.000001 -0.000000 -0.000000 8.207801 -6.751689 -1.599552 -110.216556 1.903836 -2.484768 128.015872 5.556572 1.883233 -8.514415 -0.403183 5.658107 -6.234224 -0.000004 0.000002 0.000001 -0.000001 -0.000001 
4.099755 125.949142 -4.708664 12.395755 8.301187 -3.308192 0.000001 10.181533 0.131530 12.991022 -3.735592 -2.828400 4.284150 0.158549 -0.819506 4.226209 0.131973 -0.905315 -0.000004 16.740381 -2.049026 19.158810 -0.669975 -2.478120 0.000004 9.617850 1.684992 -19.322597 -9.680503 10.800763 -0.000002 22.037399 7.501062 0.000002 -0.000000 0.000000 -4.570009 11.014898 -2.160857 5.188819 10.982520 -33.382645 -4.341884 -19.417883 19.804268 -0.000047 48.812927 0.000086 -16.175525 6.442985 2.569904 -2.464802 -1.573984 2.681906 -3.658885 6.273093 -1.904767 14.404198 -6.854851 -25.350187 -2.646267 -1.527812 1.527813 -16.368697 -1.685875 -19.088456 -1.994597 -1.151567 1.151569 0.000001 -0.000001 -0.000000 -9.108315 -0.517852 2.259798 -3.847672 13.343797 14.420054 0.203089 -1.361664 16.965215 0.042234 -0.626503 7.714131 -0.000001 0.000002 -0.000001 -9.532497 0.000009 -0.000005 -0.529593 -0.717837 14.981897 0.223657 -1.427334 17.810615 0.249841 -1.506404 18.833540 -0.000004 -0.000001 -0.000001 -9.103606 -0.043102 -1.865109 1.344349 -7.231044 16.773165 0.376321 -1.835715 23.168526 0.284587 -1.604589 20.112887 -0.000001 0.000000 -0.000001 -8.076694 -0.486733 -3.806302 5.099556 -18.656223 17.461387 0.280238 -1.592669 19.957082 0.257901 -1.529765 19.137133 0.000001 -0.000004 -0.000000 4.570396 11.014674 -2.160820 6.096381 -14.675689 19.067409 7.120488 -28.738352 36.349556 -0.000002 -36.839622 -0.000003 -38.150797 -0.405803 -14.408708 2.466105 -1.576228 2.681703 -1.747322 -1.484812 3.620551 -0.975049 6.576686 9.750229 2.647892 -1.528745 1.528748 -17.142646 0.709480 16.013119 1.998921 -1.154058 1.154083 -0.000001 -0.000001 0.000001 9.109296 -0.518019 2.259894 -0.112333 -9.625283 -3.909671 0.256345 1.715752 -16.995778 0.052356 0.782447 -7.658417 -0.000000 0.000001 -0.000001 9.533410 -0.000004 0.000003 -0.214466 0.204290 -6.534897 0.269644 1.758657 -17.434357 0.301915 1.858218 -18.456616 0.000001 -0.000000 0.000000 9.104505 -0.043003 -1.865096 1.167986 7.876620 -12.568065 0.419994 2.180150 -21.807310 0.311890 1.887886 -18.762431 0.000000 -0.000000 0.000000 8.077809 -0.486923 -3.806298 2.870488 13.208397 -18.006860 0.298573 1.848213 -18.353751 0.269584 1.758449 -17.432291 0.000001 0.000001 0.000002 -8.207801 -6.751702 -1.599544 -55.885728 -5.228977 -14.993730 62.361949 -3.591479 5.337804 13.278953 1.565687 9.454012 -3.538017 -0.000001 -0.000000 0.000000 0.000001 0.000000 8.207799 -6.751692 -1.599554 -123.058986 6.373480 -0.522814 135.825306 8.355329 3.164351 -13.084458 0.387927 7.726004 -6.782575 0.000000 0.000001 0.000000 -0.000000 0.000000 
4.239870 127.539055 -5.599089 14.632217 6.958862 -4.660784 0.000001 10.181545 0.131527 14.257504 -3.318990 -1.664205 4.886897 0.333785 -0.724302 4.822917 0.309659 -0.842730 0.000000 16.740351 -2.049015 19.475560 -0.839493 -2.341157 0.000003 9.617867 1.685002 -25.409449 -9.348644 9.536491 0.000001 22.037384 7.501081 -0.000000 -0.000001 -0.000000 -4.569998 11.014872 -2.160833 6.052469 14.022360 -33.462500 0.047312 -24.669598 20.421692 -0.000021 41.876156 0.000050 -13.455227 4.906014 -3.388634 -2.464787 -1.573965 2.681901 -4.159635 7.651322 -1.384926 14.770740 -5.166967 -21.927074 -2.646286 -1.527811 1.527819 -16.177335 -2.481667 -17.862335 -1.994601 -1.151585 1.151584 -0.000001 -0.000002 0.000001 -9.108290 -0.517868 2.259790 -3.843882 15.547093 12.974835 0.206477 -1.372715 17.107290 0.043324 -0.634395 7.812136 0.000001 -0.000001 -0.000002 -9.532503 0.000027 -0.000015 -0.358219 -1.225908 14.077723 0.218205 -1.410243 17.590056 0.243902 -1.488799 18.605297 0.000002 -0.000001 0.000002 -9.103596 -0.043085 -1.865112 1.792578 -8.600236 17.056628 0.370797 -1.822738 22.995285 0.279839 -1.591569 19.942704 0.000004 0.000000 0.000003 -8.076687 -0.486707 -3.806308 6.100767 -20.037873 19.240308 0.289923 -1.619130 20.303038 0.266396 -1.554014 19.452898 0.000001 -0.000000 0.000004 4.570400 11.014681 -2.160805 4.773365 -8.717966 22.862600 -6.692113 -32.065293 30.192650 -0.000005 -41.399604 -0.000021 -36.078203 -2.898747 -4.961023 2.466099 -1.576234 2.681698 -2.113204 -2.647401 3.221898 -0.611708 3.473772 8.900700 2.647893 -1.528753 1.528746 -17.883124 -4.257125 13.853348 1.998936 -1.154090 1.154070 -0.000000 0.000004 0.000001 9.109306 -0.518030 2.259899 0.020207 -11.536753 -4.346077 0.256972 1.717806 -17.016595 0.052640 0.784475 -7.678541 0.000000 0.000001 -0.000004 9.533398 0.000004 -0.000001 -0.197924 0.266919 -6.333964 0.271287 1.763889 -17.487786 0.303578 1.863206 -18.508085 -0.000000 -0.000000 0.000003 9.104493 -0.043003 -1.865100 1.520992 9.696340 -11.940242 0.417336 2.173540 -21.737489 0.309714 1.881453 -18.696121 0.000000 0.000000 -0.000003 8.077812 -0.486890 -3.806302 4.134907 17.035981 -17.866849 0.292601 1.830100 -18.167267 0.263870 1.740176 -17.245427 -0.000000 0.000001 -0.000000 -8.207803 -6.751709 -1.599546 -69.570586 -2.735198 -14.697770 77.257028 -1.182909 4.792320 6.839309 1.138837 13.092510 -5.032784 -0.000000 -0.000001 -0.000001 -0.000002 0.000001 8.207800 -6.751703 -1.599556 -128.686119 9.785767 2.773020 137.961475 8.434770 4.382361 -16.713884 1.582818 8.310883 -6.475965 0.000002 0.000004 -0.000000 0.000000 -0.000000 
4.323261 128.931122 -6.561817 16.607152 6.000123 -5.390535 0.000001 10.181547 0.131521 14.443197 -2.319220 -0.996490 5.132803 0.439242 -0.535976 5.073085 0.418293 -0.665914 0.000001 16.740366 -2.049020 19.529700 -1.060384 -2.367094 0.000002 9.617846 1.684999 -29.765452 -9.671986 8.401894 0.000000 22.037384 7.501085 0.000000 -0.000000 -0.000001 -4.569997 11.014863 -2.160842 6.035124 14.306821 -32.956783 -2.845633 -25.417567 20.549717 -0.000028 38.051629 0.000051 -9.881270 1.851140 -9.316747 -2.464806 -1.573998 2.681913 -4.548193 8.671232 -0.992788 14.987525 -3.768590 -19.906610 -2.646262 -1.527784 1.527814 -16.161302 -2.193845 -17.375424 -1.994605 -1.151600 1.151582 0.000002 -0.000001 -0.000000 -9.108308 -0.517873 2.259807 -3.600780 17.487646 11.316477 0.199904 -1.351204 16.830908 0.040377 -0.612451 7.540280 -0.000001 0.000002 -0.000000 -9.532509 0.000011 0.000004 -0.295727 -1.429877 13.749204 0.191149 -1.321885 16.455101 0.215206 -1.400785 17.468248 0.000003 0.000001 0.000002 -9.103608 -0.043094 -1.865103 2.095542 -9.460657 17.349625 0.358994 -1.794698 22.621358 0.269607 -1.563087 19.571074 0.000000 -0.000000 0.000002 -8.076700 -0.486727 -3.806289 7.067665 -20.806016 21.342080 0.279318 -1.590149 19.924118 0.255764 -1.523583 19.056764 -0.000002 0.000003 -0.000000 4.570398 11.014672 -2.160816 3.988074 -5.972244 24.334965 -15.353642 -33.211802 25.346221 -0.000009 -44.100930 -0.000022 -34.922508 -5.851471 6.529216 2.466099 -1.576203 2.681694 -2.370968 -3.447591 2.943638 -0.377003 1.135789 8.628219 2.647887 -1.528751 1.528748 -18.592174 -7.481993 13.009093 1.998921 -1.154127 1.154065 -0.000002 -0.000003 -0.000002 9.109299 -0.517995 2.259898 0.289361 -13.552584 -2.986929 0.255013 1.711389 -16.951239 0.051747 0.777864 -7.613210 0.000001 -0.000002 -0.000002 9.533400 0.000008 -0.000001 -0.167076 0.195004 -5.539540 0.271275 1.763839 -17.487349 0.303535 1.863120 -18.507046 -0.000000 -0.000000 0.000003 9.104487 -0.043019 -1.865103 1.713813 10.834611 -11.477795 0.411114 2.157846 -21.572710 0.304382 1.865620 -18.532941 -0.000000 0.000000 -0.000002 8.077799 -0.486868 -3.806299 5.573039 19.989682 -19.203437 0.288705 1.818217 -18.045353 0.260272 1.728546 -17.126279 -0.000000 0.000001 -0.000001 -8.207802 -6.751699 -1.599538 -83.607130 0.407151 -14.164137 91.016157 0.210519 3.760122 1.353250 0.257900 14.074687 -6.304552 -0.000009 0.000003 -0.000001 0.000001 -0.000000 8.207798 -6.751716 -1.599545 -125.907598 9.456810 7.218031 134.803755 7.527909 4.510770 -18.277228 -0.719247 6.492140 -6.226008 0.000001 -0.000001 -0.000000 -0.000001 0.000000 
4.438458 129.603989 -7.184639 17.862806 5.113655 -5.653552 0.000001 10.181547 0.131527 13.914757 -0.756988 -0.636823 5.101914 0.718441 -0.198677 5.054116 0.701487 -0.330811 0.000001 16.740362 -2.049021 19.365740 -1.460943 -2.687858 0.000001 9.617836 1.684995 -32.125515 -10.675544 7.311850 0.000001 22.037369 7.501072 0.000003 -0.000000 -0.000000 -4.569998 11.014877 -2.160843 5.602180 13.211812 -32.119934 -10.342243 -24.508561 18.561367 -0.000007 37.043821 0.000050 -9.135429 -0.080357 -14.356317 -2.464805 -1.573994 2.681914 -4.767837 9.229863 -0.774954 15.173569 -2.840191 -19.667550 -2.646267 -1.527814 1.527824 -16.219730 -1.873995 -17.648994 -1.994578 -1.151584 1.151577 0.000003 -0.000001 -0.000005 -9.108315 -0.517884 2.259809 -3.354984 18.451140 10.315233 0.179030 -1.280147 15.921285 0.031219 -0.539003 6.631562 0.000001 -0.000003 -0.000001 -9.532499 0.000023 0.000002 -0.289143 -1.404221 13.396742 0.150936 -1.177261 14.611617 0.172480 -1.256994 15.625873 0.000002 0.000001 0.000001 -9.103605 -0.043076 -1.865107 2.174230 -9.869867 16.906754 0.333509 -1.732337 21.793653 0.247512 -1.499514 18.744375 0.000000 -0.000000 0.000001 -8.076688 -0.486703 -3.806300 7.442534 -20.942308 22.276599 0.250303 -1.507761 18.851143 0.228083 -1.441014 17.986999 -0.000001 0.000004 0.000001 4.570394 11.014677 -2.160823 3.717670 -5.169792 24.366978 -17.530104 -33.044739 23.073190 0.000010 -45.706540 0.000013 -35.097077 -9.651353 16.431299 2.466095 -1.576183 2.681699 -2.490421 -3.813427 2.815250 -0.290784 -0.092188 10.758297 2.647900 -1.528723 1.528747 -19.081817 -9.776125 11.484269 1.998928 -1.154080 1.154070 0.000001 -0.000001 0.000001 9.109307 -0.517993 2.259897 0.285095 -15.411769 -1.667878 0.253229 1.705532 -16.891213 0.050969 0.772020 -7.555803 -0.000001 0.000001 0.000000 9.533410 0.000040 0.000000 -0.150535 0.468602 -5.742064 0.273348 1.770395 -17.554542 0.305675 1.869484 -18.572526 0.000000 -0.000001 0.000001 9.104508 -0.042957 -1.865102 1.910801 11.344236 -12.095041 0.404540 2.141161 -21.397403 0.298700 1.848562 -18.357310 -0.000000 0.000001 -0.000004 8.077805 -0.486854 -3.806305 7.042867 22.017257 -21.032178 0.283477 1.802084 -17.879610 0.255488 1.712969 -16.967296 0.000000 0.000001 -0.000004 -8.207801 -6.751699 -1.599538 -97.292049 3.867364 -13.358716 103.666808 0.588863 2.851877 -3.007804 -0.587750 11.681064 -7.121268 0.000004 -0.000002 0.000000 0.000000 0.000000 8.207799 -6.751710 -1.599548 -117.332664 6.970064 12.016132 127.402658 2.949342 3.465801 -16.001163 -0.472306 5.197995 -6.422219 -0.000003 0.000000 0.000001 -0.000001 0.000001 
4.639976 128.920776 -6.942381 17.746718 3.882034 -5.703535 -0.000001 10.181537 0.131522 13.243425 1.021807 -0.329399 4.953893 1.210894 0.272543 4.922278 1.199208 0.138167 -0.000000 16.740366 -2.048999 19.104748 -1.980794 -3.141402 0.000001 9.617874 1.684979 -32.793128 -11.703309 6.075553 0.000001 22.037399 7.501074 0.000003 -0.000000 -0.000000 -4.569995 11.014873 -2.160825 5.329027 12.660281 -31.217489 -17.249569 -23.082998 15.383041 -0.000015 37.185561 0.000041 -11.206144 0.540414 -17.688710 -2.464818 -1.573982 2.681907 -4.818125 9.355586 -0.725499 15.279463 -2.562586 -20.250242 -2.646266 -1.527810 1.527801 -16.335528 -1.620989 -18.684898 -1.994598 -1.151584 1.151575 0.000000 -0.000008 0.000003 -9.108306 -0.517860 2.259803 -3.225202 18.507890 10.009471 0.150100 -1.174079 14.571082 0.019914 -0.430716 5.294723 -0.000000 -0.000001 0.000001 -9.532509 0.000008 0.000008 -0.257148 -1.409115 12.517292 0.117700 -1.041451 12.894478 0.136824 -1.121768 13.908410 -0.000002 0.000001 -0.000002 -9.103599 -0.043095 -1.865094 2.037369 -9.744066 16.067953 0.293830 -1.629590 20.440588 0.213254 -1.394515 17.387471 -0.000001 -0.000001 0.000001 -8.076702 -0.486741 -3.806291 7.217318 -20.459997 22.162050 0.215398 -1.401354 17.475676 0.194905 -1.334557 16.617391 -0.000001 0.000001 0.000004 4.570396 11.014666 -2.160803 3.592954 -4.482310 24.631069 -14.654553 -31.027999 21.620791 0.000012 -47.477533 0.000005 -35.985528 -14.183856 22.169862 2.466090 -1.576205 2.681704 -2.507249 -3.864728 2.797176 -0.306053 0.360877 13.960579 2.647878 -1.528749 1.528740 -19.564460 -12.242924 8.463392 1.998917 -1.154104 1.154063 -0.000001 0.000001 -0.000000 9.109292 -0.518030 2.259904 -0.092192 -16.157892 -2.019811 0.253659 1.706924 -16.905575 0.051210 0.773844 -7.573811 0.000000 -0.000002 -0.000002 9.533396 0.000005 0.000003 -0.129223 1.198705 -7.284377 0.277106 1.782220 -17.675855 0.309547 1.880943 -18.690901 0.000001 -0.000000 -0.000003 9.104496 -0.043019 -1.865095 2.153185 11.536720 -13.475845 0.399771 2.128954 -21.269429 0.294606 1.836219 -18.230110 -0.000000 -0.000000 0.000004 8.077804 -0.486919 -3.806293 7.938104 23.242661 -21.761616 0.275562 1.777390 -17.626225 0.248203 1.688898 -16.721548 0.000001 0.000001 0.000002 -8.207804 -6.751709 -1.599545 -109.207724 5.916593 -11.763001 115.087882 -0.263163 1.662392 -5.884078 -1.117214 8.505664 -7.782791 -0.000004 0.000000 0.000000 0.000000 -0.000000 8.207798 -6.751698 -1.599549 -105.782029 4.930224 16.604970 117.207084 1.667405 1.917549 -12.067079 -0.343950 3.639701 -6.515324 -0.000001 0.000001 -0.000000 0.000002 -0.000001 
4.993487 127.010513 -5.986383 16.291733 2.131148 -5.711928 0.000001 10.181557 0.131524 12.670000 2.685148 0.212407 4.775223 1.734539 0.795897 4.759612 1.730859 0.659372 0.000000 16.740374 -2.049011 18.892124 -2.434473 -3.480466 0.000000 9.617861 1.684993 -32.079114 -12.052986 4.724302 0.000004 22.037369 7.501076 -0.000000 0.000000 -0.000000 -4.569998 11.014849 -2.160832 5.390589 13.391231 -30.425583 -20.084209 -21.247240 12.575654 -0.000021 37.291825 0.000053 -13.022650 2.493813 -19.686936 -2.464804 -1.574012 2.681907 -4.741405 9.162732 -0.801111 15.231110 -2.885571 -20.801196 -2.646252 -1.527813 1.527813 -16.578594 -0.923255 -20.825354 -1.994593 -1.151572 1.151574 0.000006 -0.000001 -0.000002 -9.108305 -0.517883 2.259806 -3.265489 18.349967 10.165850 0.122754 -1.063325 13.170199 0.011478 -0.327097 4.018587 -0.000000 0.000001 -0.000001 -9.532502 -0.000005 0.000002 -0.230513 -1.409734 11.729603 0.101884 -0.969819 11.993697 0.119771 -1.050504 13.008522 0.000001 0.000002 0.000002 -9.103613 -0.043100 -1.865098 1.758808 -8.824969 16.001491 0.246490 -1.496520 18.705441 0.172764 -1.257999 15.638685 0.000001 0.000003 0.000004 -8.076703 -0.486738 -3.806293 6.821006 -19.298799 22.464072 0.180898 -1.286697 16.004901 0.161811 -1.218186 15.131594 0.000002 0.000002 0.000005 4.570395 11.014674 -2.160808 3.423957 -2.884552 26.006592 -8.967263 -27.511491 18.998479 -0.000010 -50.370842 -0.000006 -36.019214 -18.528734 24.651683 2.466086 -1.576241 2.681701 -2.482863 -3.790496 2.823264 0.398359 1.622054 15.209482 2.647892 -1.528729 1.528746 -20.197812 -15.046570 5.148938 1.998917 -1.154080 1.154076 0.000001 -0.000002 -0.000000 9.109294 -0.518019 2.259899 -0.366362 -15.221396 -3.746375 0.258155 1.721648 -17.055833 0.053257 0.789097 -7.723948 0.000002 -0.000002 -0.000003 9.533388 -0.000021 0.000002 -0.082791 1.814669 -8.565066 0.279613 1.790069 -17.756351 0.312128 1.888566 -18.769350 0.000000 0.000000 0.000004 9.104490 -0.043004 -1.865102 2.299742 11.592179 -14.394924 0.393958 2.113982 -21.112431 0.289661 1.821129 -18.075107 0.000000 -0.000000 0.000005 8.077801 -0.486904 -3.806306 7.902599 23.606908 -21.069047 0.269551 1.758342 -17.431280 0.242601 1.670146 -16.530424 0.000001 -0.000000 -0.000002 -8.207801 -6.751691 -1.599537 -117.122854 4.926468 -9.710509 123.870467 -2.343748 0.127670 -6.185953 -1.391780 6.603000 -8.738325 0.000002 -0.000001 -0.000000 0.000000 0.000000 8.207801 -6.751700 -1.599547 -92.972863 4.928392 20.592267 104.805619 2.972826 0.361272 -8.279423 -0.264218 1.662867 -5.955468 -0.000004 0.000003 0.000001 0.000001 0.000001 
5.607969 124.600372 -4.841238 14.281939 0.190430 -5.680393 -0.000001 10.181527 0.131530 11.993040 3.892156 1.077339 4.503661 2.117869 1.284018 4.498389 2.128144 1.147963 -0.000001 16.740381 -2.049023 18.928763 -2.724387 -3.619616 0.000003 9.617854 1.684987 -30.158509 -11.603422 3.398322 -0.000000 22.037369 7.501085 -0.000000 -0.000000 0.000000 -4.570002 11.014885 -2.160845 5.615186 14.800972 -29.922027 -18.118361 -19.323619 10.981172 -0.000007 37.939799 0.000025 -12.231314 4.076496 -22.306273 -2.464786 -1.573954 2.681909 -4.578492 8.748775 -0.962625 15.024260 -3.669191 -20.991902 -2.646273 -1.527802 1.527811 -16.884429 0.315239 -23.796698 -1.994598 -1.151580 1.151576 -0.000001 -0.000002 0.000003 -9.108294 -0.517843 2.259801 -3.215119 18.427087 9.932127 0.099172 -0.956984 11.832637 0.006215 -0.240716 2.956320 0.000001 -0.000002 0.000002 -9.532495 0.000026 -0.000002 -0.286836 -1.110595 11.599988 0.097484 -0.948902 11.731251 0.115188 -1.030475 12.756125 0.000000 0.000001 0.000001 -9.103592 -0.043086 -1.865102 1.366726 -7.343229 16.602421 0.197106 -1.341906 16.711707 0.131367 -1.099472 13.626609 -0.000002 -0.000001 0.000001 -8.076686 -0.486700 -3.806300 6.435007 -18.066014 23.108659 0.139503 -1.132492 14.044016 0.122938 -1.064096 13.180147 0.000001 0.000003 -0.000000 4.570390 11.014714 -2.160820 3.009301 -0.348735 27.917124 -2.294492 -24.207188 14.429012 -0.000003 -55.080920 -0.000010 -33.106770 -22.287607 27.612356 2.466098 -1.576214 2.681696 -2.466400 -3.740924 2.840354 2.547946 2.149624 14.222303 2.647886 -1.528747 1.528748 -20.779638 -17.382517 2.995896 1.998928 -1.154089 1.154066 -0.000002 -0.000004 -0.000002 9.109298 -0.518007 2.259901 -0.201893 -13.771937 -5.104486 0.268474 1.754911 -17.396084 0.057991 0.823227 -8.060279 0.000001 -0.000003 -0.000002 9.533401 0.000010 -0.000001 -0.086758 1.706516 -8.111770 0.280508 1.792878 -17.784990 0.313083 1.891362 -18.798354 0.000001 -0.000000 0.000003 9.104495 -0.043010 -1.865102 2.229162 11.556027 -13.970790 0.385818 2.092793 -20.890605 0.282692 1.799647 -17.854521 0.000000 -0.000000 -0.000004 8.077814 -0.486902 -3.806301 7.367687 23.328434 -19.965727 0.273511 1.770929 -17.560123 0.246365 1.682734 -16.658787 -0.000000 0.000001 0.000001 -8.207804 -6.751708 -1.599538 -117.985057 2.079492 -8.345753 128.080049 -4.527422 -0.791713 -3.926870 -1.447204 6.014991 -9.983072 0.000007 -0.000002 0.000001 0.000000 0.000000 8.207801 -6.751725 -1.599538 -79.872082 7.040877 22.917332 89.380682 2.772422 -1.392284 -3.281816 -0.319178 -0.264492 -5.537466 -0.000008 -0.000003 0.000000 0.000001 -0.000001 
6.513654 122.118042 -3.528749 12.325181 -1.355413 -5.580583 -0.000000 10.181539 0.131522 10.944254 4.606362 2.204983 4.028742 2.357120 1.669497 4.024596 2.387543 1.536169 0.000001 16.740370 -2.049019 19.391385 -2.891232 -3.544938 0.000000 9.617846 1.684998 -27.087764 -10.843549 2.256276 0.000001 22.037354 7.501072 -0.000001 -0.000000 0.000000 -4.569993 11.014862 -2.160832 5.803972 16.028367 -29.722302 -12.066850 -18.629792 11.129576 -0.000015 40.664641 0.000046 -9.481616 4.538294 -26.592527 -2.464808 -1.573992 2.681908 -4.352748 8.163597 -1.188884 14.677619 -4.849508 -20.580945 -2.646267 -1.527804 1.527815 -17.090940 1.140664 -26.185087 -1.994586 -1.151574 1.151585 0.000001 -0.000001 -0.000002 -9.108305 -0.517863 2.259805 -2.584185 18.261265 8.223082 0.073562 -0.825384 10.186288 0.001747 -0.127605 1.566640 -0.000001 -0.000000 0.000000 -9.532506 0.000021 0.000002 -0.390407 -0.511662 11.244726 0.087866 -0.901339 11.135350 0.105025 -0.984516 12.178229 0.000000 -0.000006 0.000001 -9.103610 -0.043112 -1.865099 0.981843 -6.257556 15.503804 0.148675 -1.168561 14.501079 0.092201 -0.923117 11.408045 0.000001 0.000002 -0.000002 -8.076709 -0.486703 -3.806298 5.832865 -18.005543 21.140953 0.091503 -0.919621 11.364222 0.080173 -0.861350 10.635204 -0.000002 -0.000000 -0.000000 4.570402 11.014686 -2.160815 2.261477 2.642309 29.073800 3.814078 -22.071444 8.194646 -0.000035 -62.203844 -0.000005 -26.415115 -25.293022 33.659807 2.466100 -1.576204 2.681702 -2.496443 -3.832709 2.808011 4.351647 1.066244 13.188633 2.647885 -1.528768 1.528747 -21.152312 -18.622646 2.238951 1.998936 -1.154066 1.154074 -0.000000 0.000001 0.000001 9.109297 -0.518032 2.259900 -0.068963 -13.513962 -5.342429 0.281537 1.796062 -17.817769 0.064160 0.865692 -8.479111 0.000000 0.000004 -0.000000 9.533408 0.000005 -0.000000 -0.124113 1.093480 -6.762059 0.281961 1.797413 -17.831548 0.314679 1.896049 -18.846532 0.000002 0.000000 0.000001 9.104506 -0.043019 -1.865098 2.131782 11.636564 -13.155007 0.383458 2.086603 -20.825790 0.280667 1.793366 -17.790134 0.000001 -0.000000 -0.000001 8.077815 -0.486870 -3.806303 7.119383 23.209937 -19.553428 0.290680 1.824295 -18.107696 0.262646 1.736205 -17.204470 0.000002 0.000001 0.000001 -8.207803 -6.751712 -1.599539 -110.004103 0.373806 -8.230544 126.711033 -5.363354 -0.140330 -0.494023 -1.260941 6.354629 -10.513593 0.000008 0.000000 -0.000001 0.000001 0.000000 8.207800 -6.751709 -1.599543 -66.140055 9.803601 22.125445 70.177755 -0.519153 -3.080387 4.915816 -0.685752 -3.019170 -5.661490 -0.000007 -0.000002 0.000002 -0.000001 0.000000 
7.545405 119.001045 -1.440210 10.194926 -2.145677 -5.625023 -0.000001 10.181557 0.131518 9.555386 5.173799 3.349757 3.379995 2.557932 1.888831 3.370652 2.605884 1.760185 0.000002 16.740368 -2.049026 20.110119 -2.989985 -3.069994 0.000001 9.617834 1.684981 -22.935070 -10.471825 1.705435 0.000000 22.037384 7.501078 -0.000001 0.000000 -0.000000 -4.570001 11.014891 -2.160843 5.870826 16.729333 -29.432890 -3.238113 -20.598590 13.617411 -0.000037 45.838906 0.000063 -7.232066 3.880792 -31.259594 -2.464796 -1.573990 2.681901 -4.081246 7.440983 -1.465137 14.264165 -6.367282 -19.614246 -2.646275 -1.527811 1.527801 -17.202163 0.542323 -27.017326 -1.994599 -1.151580 1.151572 -0.000001 -0.000001 0.000003 -9.108307 -0.517877 2.259793 -1.520679 17.028519 5.489619 0.045723 -0.651732 8.026861 0.000231 0.045733 -0.561219 0.000002 -0.000000 -0.000001 -9.532510 0.000003 -0.000006 -0.366646 -0.089139 9.289033 0.070080 -0.805720 9.941162 0.085660 -0.890089 10.994588 0.000001 -0.000001 0.000001 -9.103612 -0.043097 -1.865108 0.732225 -6.113433 11.370545 0.107879 -0.997657 12.343442 0.060801 -0.750886 9.258304 0.000001 0.000005 0.000001 -8.076694 -0.486727 -3.806302 4.645541 -18.945606 15.392907 0.055238 -0.715956 8.823979 0.049187 -0.675757 8.325096 0.000002 0.000002 0.000000 4.570396 11.014695 -2.160819 1.437179 5.474251 28.619881 8.127311 -19.776669 0.986484 -0.000058 -71.807090 -0.000047 -18.702164 -26.957426 40.628714 2.466101 -1.576206 2.681693 -2.550840 -3.995715 2.751718 3.842168 -0.889765 13.222173 2.647896 -1.528749 1.528746 -21.261846 -18.644212 2.341087 1.998925 -1.154089 1.154075 -0.000003 0.000001 -0.000000 9.109304 -0.518019 2.259901 -0.313793 -14.407094 -5.250398 0.290269 1.822996 -18.094378 0.068404 0.893694 -8.755503 -0.000000 0.000003 0.000002 9.533407 0.000010 -0.000001 -0.153464 0.613158 -6.151460 0.285291 1.807705 -17.937325 0.318241 1.906442 -18.953966 0.000002 -0.000001 0.000001 9.104520 -0.042987 -1.865102 2.225992 11.884356 -13.375030 0.395217 2.117239 -21.146546 0.290810 1.824655 -18.111341 -0.000000 -0.000000 -0.000004 8.077822 -0.486894 -3.806300 7.380725 23.535020 -20.011624 0.314241 1.894772 -18.833511 0.285033 1.806926 -17.929153 0.000000 -0.000001 0.000002 -8.207803 -6.751695 -1.599554 -94.984770 -0.327242 -9.096336 119.977805 -5.987801 1.368759 3.187276 -0.846515 7.521135 -9.444342 0.000009 0.000001 0.000000 0.000002 -0.000001 8.207798 -6.751694 -1.599545 -50.890025 10.946015 17.934046 48.974208 -3.446236 -2.765002 14.345643 -1.695152 -7.982608 -5.075087 0.000000 -0.000006 0.000000 0.000001 0.000000 
8.285890 114.341393 1.456634 7.482859 -1.668881 -6.021234 -0.000000 10.181542 0.131523 8.177046 5.699202 3.878545 2.778292 2.777236 1.892354 2.766425 2.826212 1.773120 0.000001 16.740387 -2.049027 20.352821 -3.027407 -1.964388 -0.000002 9.617846 1.684978 -18.197593 -11.041919 2.540165 -0.000000 22.037369 7.501077 0.000001 0.000000 -0.000000 -4.570005 11.014873 -2.160840 5.691262 16.736832 -28.195619 6.255428 -24.695433 18.674314 -0.000043 51.624851 0.000077 -7.059503 2.186091 -34.691893 -2.464792 -1.573984 2.681912 -3.782545 6.620898 -1.774715 13.898044 -8.019481 -18.982033 -2.646272 -1.527803 1.527813 -17.233071 -0.592190 -26.842585 -1.994579 -1.151583 1.151577 -0.000000 -0.000003 0.000001 -9.108296 -0.517864 2.259799 -0.936501 14.924399 4.023567 0.025665 -0.488772 6.011104 0.005149 0.219042 -2.689958 0.000001 -0.000001 -0.000000 -9.532502 0.000018 -0.000004 -0.216325 -0.140602 6.395416 0.065076 -0.776633 9.579125 0.080060 -0.860766 10.628064 0.000001 -0.000001 0.000001 -9.103596 -0.043084 -1.865103 0.501756 -6.122369 7.159085 0.083419 -0.878446 10.849284 0.042933 -0.631587 7.777175 0.000001 0.000004 -0.000000 -8.076689 -0.486714 -3.806300 3.317565 -18.495503 10.542953 0.039627 -0.606946 7.472105 0.035608 -0.575427 7.081981 0.000000 0.000003 0.000000 4.570399 11.014676 -2.160816 0.924527 7.568029 26.483150 10.417610 -14.979546 -6.453309 0.000026 -82.799508 0.000025 -14.599669 -27.894042 43.301050 2.466095 -1.576188 2.681697 -2.461390 -3.722057 2.848686 2.569196 -0.530043 13.761323 2.647879 -1.528751 1.528749 -20.594794 -16.843682 3.116646 1.998925 -1.154076 1.154082 -0.000001 0.000001 -0.000000 9.109306 -0.517977 2.259894 -0.591965 -14.453042 -5.208217 0.292601 1.830108 -18.167555 0.069558 0.901181 -8.829303 -0.000001 -0.000000 -0.000001 9.533402 0.000016 -0.000006 -0.176349 0.327199 -6.008232 0.288667 1.818116 -18.044142 0.321893 1.917003 -19.063277 -0.000000 -0.000001 -0.000002 9.104498 -0.042960 -1.865107 2.218381 11.581034 -13.850492 0.413566 2.164057 -21.637735 0.306657 1.872387 -18.602570 0.000000 -0.000000 0.000001 8.077820 -0.486856 -3.806309 7.483374 22.939516 -20.810084 0.332249 1.946734 -19.370685 0.302242 1.859229 -18.467139 0.000000 0.000000 0.000001 -8.207800 -6.751704 -1.599547 -76.673941 -2.364140 -10.391259 108.718553 -8.084389 2.207651 6.090906 -0.281513 9.300908 -7.964665 0.000002 -0.000005 -0.000001 0.000000 -0.000000 8.207797 -6.751698 -1.599551 -35.627366 9.892198 12.356698 30.746848 -2.923044 0.892049 19.768685 -2.805045 -12.034532 -4.972850 -0.000000 0.000005 0.000002 -0.000000 0.000001 
8.240116 108.225922 4.140208 4.779934 0.797244 -6.780336 0.000000 10.181537 0.131521 7.157543 5.890350 3.539808 2.460809 2.932482 1.698185 2.455207 2.961585 1.595793 -0.000001 16.740381 -2.049027 19.215711 -3.041319 -0.410052 0.000002 9.617864 1.684977 -14.097284 -12.829852 5.381652 0.000001 22.037384 7.501070 0.000003 -0.000000 0.000000 -4.570004 11.014897 -2.160848 4.998192 15.529584 -24.944932 12.877303 -28.479947 25.358780 -0.000045 55.236447 0.000086 -9.319027 -1.225405 -36.937134 -2.464789 -1.574007 2.681918 -3.476082 5.750010 -2.099254 13.584182 -9.508210 -19.877596 -2.646247 -1.527819 1.527810 -17.147963 0.802279 -26.635149 -1.994578 -1.151600 1.151585 -0.000002 -0.000002 -0.000002 -9.108308 -0.517862 2.259811 -1.134298 13.124140 5.033620 0.018045 -0.409981 5.039394 0.009373 0.295666 -3.631964 0.000002 0.000001 0.000001 -9.532497 0.000012 0.000007 -0.129669 -0.300690 4.770795 0.090894 -0.916598 11.326466 0.108376 -0.999903 12.371411 0.000001 0.000004 -0.000001 -9.103604 -0.043086 -1.865096 0.352386 -5.114660 6.690006 0.075469 -0.835891 10.317515 0.037398 -0.589652 7.258013 0.000000 0.000002 0.000000 -8.076691 -0.486719 -3.806292 2.616215 -14.951098 11.866806 0.035958 -0.578204 7.116455 0.030744 -0.534874 6.580628 0.000000 -0.000001 -0.000000 4.570397 11.014707 -2.160822 0.946250 8.430485 22.806381 11.013636 -6.974311 -13.831103 0.000063 -92.764358 0.000064 -15.649992 -28.675310 39.623601 2.466100 -1.576220 2.681703 -2.036225 -2.408312 3.303144 2.970747 5.457931 14.199115 2.647873 -1.528742 1.528753 -18.598622 -11.771274 4.845575 1.998922 -1.154077 1.154062 -0.000002 0.000003 -0.000002 9.109310 -0.518012 2.259909 -0.606424 -11.573806 -5.582014 0.292756 1.830596 -18.172413 0.069640 0.901665 -8.834304 -0.000001 0.000002 -0.000001 9.533401 0.000012 0.000008 -0.200161 0.034457 -5.900241 0.290025 1.822267 -18.086886 0.323457 1.921538 -19.110113 -0.000002 0.000000 0.000000 9.104514 -0.042973 -1.865090 1.741193 9.793918 -13.712482 0.423148 2.188024 -21.890101 0.314886 1.896644 -18.852861 -0.000001 -0.000001 0.000001 8.077806 -0.486882 -3.806298 6.368345 19.157615 -21.796928 0.336999 1.960173 -19.510111 0.306863 1.872972 -18.608675 0.000000 -0.000001 0.000002 -8.207800 -6.751728 -1.599538 -58.417966 -6.475505 -10.939639 93.773778 -10.416157 2.114969 6.778981 -0.261229 11.474966 -8.662930 -0.000007 -0.000001 -0.000004 0.000001 -0.000000 8.207801 -6.751729 -1.599546 -25.936600 8.627249 9.093353 22.914120 -1.971240 4.541990 16.426566 -2.008264 -10.862040 -7.201947 -0.000005 -0.000001 0.000001 0.000001 -0.000001 
7.134229 101.621849 5.600111 3.512736 5.434812 -7.987588 0.000000 10.181555 0.131524 6.649244 5.415009 2.842833 2.472662 2.885221 1.422089 2.476388 2.887513 1.341627 0.000001 16.740376 -2.049010 16.434629 -3.157712 0.905729 0.000002 9.617898 1.684966 -12.089438 -15.852842 9.656374 -0.000000 22.037323 7.501079 0.000001 0.000000 0.000001 -4.569999 11.014880 -2.160838 3.835782 12.728700 -19.039577 12.597628 -30.034401 31.349014 -0.000037 54.887427 0.000069 -14.674938 -6.749577 -38.936473 -2.464790 -1.574000 2.681913 -3.182131 4.884300 -2.417932 13.238515 -10.609807 -22.635556 -2.646260 -1.527828 1.527806 -16.803785 6.997574 -26.915590 -1.994580 -1.151569 1.151579 0.000003 -0.000004 0.000005 -9.108293 -0.517876 2.259809 -1.349059 12.328351 6.024930 0.018035 -0.409945 5.039037 0.008084 0.274589 -3.372771 -0.000001 -0.000002 0.000001 -9.532495 0.000015 0.000006 -0.116416 -0.187695 4.251795 0.136162 -1.119107 13.874574 0.157499 -1.202128 14.927399 0.000000 0.000006 -0.000001 -9.103616 -0.043091 -1.865098 0.136970 -3.210193 8.987352 0.070966 -0.810765 10.004061 0.034406 -0.565666 6.961238 0.000000 0.000002 0.000000 -8.076694 -0.486697 -3.806296 1.269378 -9.809717 17.770750 0.031672 -0.542832 6.678860 0.024536 -0.477944 5.877425 0.000000 0.000000 -0.000001 4.570403 11.014680 -2.160810 1.548901 7.566555 17.457856 9.588802 2.428716 -21.665965 0.000051 -98.529597 0.000036 -19.018245 -28.461820 32.847124 2.466101 -1.576177 2.681700 -1.376459 -0.278897 4.025156 4.124442 15.117376 14.393481 2.647898 -1.528754 1.528744 -15.961418 -3.326692 7.328761 1.998928 -1.154092 1.154064 0.000003 -0.000001 -0.000002 9.109304 -0.518003 2.259902 -0.279749 -6.181854 -6.863760 0.294422 1.835633 -18.224381 0.070460 0.906912 -8.886049 0.000002 0.000000 0.000000 9.533401 0.000027 0.000002 -0.252123 -0.114984 -6.585998 0.290831 1.824717 -18.111988 0.324420 1.924324 -19.138576 0.000001 0.000000 0.000001 9.104509 -0.042969 -1.865101 1.008623 6.806367 -14.096839 0.421580 2.184119 -21.848891 0.313371 1.892191 -18.806887 -0.000002 -0.000000 0.000001 8.077805 -0.486865 -3.806299 3.757950 12.136556 -23.451791 0.329203 1.938042 -19.280661 0.299438 1.850789 -18.380223 -0.000001 0.000004 -0.000005 -8.207801 -6.751709 -1.599540 -42.953629 -11.170878 -8.779009 77.137322 -10.366859 1.846229 4.328562 -3.503981 13.684511 -12.103492 -0.000001 0.000003 0.000003 -0.000002 0.000001 8.207800 -6.751711 -1.599542 -28.730856 7.748040 9.949916 34.498005 -4.257518 5.286697 -1.009663 -0.073544 -2.696900 -9.692434 -0.001251 0.042950 0.000000 -0.000001 0.000000 
5.275261 95.239494 5.583775 4.503141 11.208645 -10.124691 -0.000001 10.181551 0.131523 6.629960 4.654003 2.447140 2.652306 2.651874 1.206084 2.655999 2.642319 1.145571 0.000000 16.740368 -2.049024 12.760935 -3.499371 1.344991 0.000003 9.617842 1.684980 -12.701657 -19.733830 13.500193 -0.000001 22.037369 7.501071 -0.000000 -0.000000 0.000000 -4.570003 11.014863 -2.160841 2.946765 9.280893 -10.925012 4.746261 -28.411564 34.325857 -0.000035 50.126888 0.000071 -23.916216 -12.514968 -40.833637 -2.464797 -1.573998 2.681908 -2.920177 4.085959 -2.708629 12.852872 -11.254640 -26.422749 -2.646251 -1.527808 1.527814 -15.958040 15.693919 -27.554361 -1.994595 -1.151583 1.151571 0.000001 -0.000004 0.000005 -9.108309 -0.517878 2.259804 -0.793930 11.809396 4.014057 0.018480 -0.414942 5.100650 0.006861 0.253048 -3.107702 -0.000002 0.000000 -0.000000 -9.532503 0.000014 -0.000002 -0.034094 -0.162539 2.224166 0.150006 -1.173685 14.566205 0.172346 -1.256520 15.619876 0.000001 0.000002 0.000001 -9.103612 -0.043123 -1.865105 -0.072894 -1.929828 9.392738 0.054312 -0.710004 8.750137 0.023250 -0.465192 5.720294 0.000001 0.000000 -0.000002 -8.076694 -0.486708 -3.806300 -0.427959 -6.359100 21.614407 0.021812 -0.450749 5.542010 0.014929 -0.373021 4.584075 0.000001 -0.000000 0.000003 4.570399 11.014657 -2.160812 2.490462 4.545180 10.478968 5.370774 10.421661 -30.153711 0.000055 -97.448057 0.000033 -22.231074 -27.174606 27.298847 2.466093 -1.576212 2.681703 -0.838030 1.551507 4.634183 3.230529 22.203779 14.416391 2.647868 -1.528774 1.528739 -14.180851 5.539463 9.774778 1.998933 -1.154086 1.154073 0.000001 0.000000 -0.000004 9.109295 -0.518021 2.259903 0.404123 -1.414300 -7.281496 0.295146 1.837845 -18.246922 0.070811 0.909177 -8.908505 -0.000002 0.000001 -0.000001 9.533392 0.000009 0.000001 -0.271420 0.000489 -7.181597 0.290602 1.823992 -18.104837 0.324141 1.923530 -19.130578 0.000000 0.000001 -0.000003 9.104488 -0.043012 -1.865090 0.339356 4.159277 -14.957578 0.413639 2.164214 -21.639697 0.306351 1.871472 -18.593170 -0.000000 0.000001 0.000003 8.077801 -0.486896 -3.806296 0.819788 5.517970 -25.428443 0.311475 1.886633 -18.749516 0.282486 1.799018 -17.848049 0.000001 0.000002 -0.000001 -8.207800 -6.751703 -1.599538 -33.215046 -13.758441 -3.886627 64.117581 -10.115220 2.284237 -2.313939 -9.651941 14.114589 -15.117130 -0.000003 -0.000006 -0.000001 -0.000001 0.000001 8.207799 -6.751715 -1.599546 -38.693599 4.715746 13.017290 51.734691 -8.274539 5.008044 -16.362526 -0.088533 -1.130707 -5.720681 0.000003 0.000001 -0.000000 0.000001 0.000000 
3.584406 89.872131 4.640022 7.020897 15.711742 -12.448950 -0.000001 10.181546 0.131522 6.925163 4.415589 2.146324 2.800641 2.457237 1.089314 2.790751 2.458839 1.041593 -0.000000 16.740377 -2.049025 9.438761 -4.024456 0.877730 0.000004 9.617834 1.684972 -14.817436 -23.427214 15.185500 -0.000001 22.037369 7.501071 -0.000001 0.000000 -0.000000 -4.569998 11.014887 -2.160842 2.777730 7.461767 -2.205825 -5.306292 -22.133237 34.883391 -0.000006 41.067219 0.000042 -35.181201 -14.661235 -41.066068 -2.464801 -1.573995 2.681919 -2.697717 3.386502 -2.961054 12.498270 -11.494684 -30.288231 -2.646271 -1.527807 1.527822 -15.130242 22.289825 -27.585696 -1.994597 -1.151582 1.151563 0.000001 -0.000001 -0.000000 -9.108299 -0.517845 2.259815 0.166108 10.408956 0.152834 0.016225 -0.388803 4.778357 0.008927 0.288695 -3.546155 0.000002 -0.000001 -0.000001 -9.532490 -0.000006 0.000005 0.086485 -0.579039 -1.270004 0.116064 -1.034258 12.803781 0.135463 -1.116212 13.838201 -0.000002 -0.000001 -0.000000 -9.103597 -0.043113 -1.865096 -0.000025 -2.124170 6.514797 0.032419 -0.549201 6.757776 0.009852 -0.303185 3.724259 0.000000 0.000000 0.000002 -8.076694 -0.486725 -3.806292 -0.438817 -5.558687 20.339462 0.011686 -0.330139 4.056096 0.006876 -0.253117 3.108719 -0.000002 -0.000002 0.000001 4.570402 11.014684 -2.160816 3.126489 -0.393296 2.688829 -1.433097 14.892375 -37.834160 -0.000399 -88.733672 -0.000493 -27.852033 -24.679022 24.333420 2.466102 -1.576200 2.681690 -0.623039 2.304358 4.880679 0.370762 23.796729 14.869696 2.647881 -1.528752 1.528739 -13.750405 10.930322 11.378331 1.998925 -1.154094 1.154085 -0.000001 0.000001 -0.000000 9.109306 -0.518015 2.259896 0.764319 0.238477 -4.931805 0.288183 1.816659 -18.029218 0.067405 0.887150 -8.690961 -0.000004 -0.000000 0.000000 9.533393 0.000009 0.000000 -0.179826 0.258128 -5.935439 0.282747 1.799853 -17.856744 0.315693 1.898990 -18.877109 0.000000 0.000001 0.000000 9.104492 -0.042997 -1.865105 -0.005552 2.818953 -14.271289 0.398425 2.125512 -21.233088 0.293181 1.831835 -18.185179 0.000000 -0.000005 0.000001 8.077792 -0.486891 -3.806303 -0.542497 2.793209 -26.169233 0.288064 1.816220 -18.024849 0.260160 1.728199 -17.122610 0.000001 -0.000001 0.000001 -8.207800 -6.751722 -1.599542 -31.862846 -14.446115 0.436749 61.793343 -10.999897 2.455085 -19.759027 -17.855021 10.986106 -13.888270 -0.000007 -0.000004 0.000000 0.000000 0.000000 8.207798 -6.751705 -1.599542 -48.843157 0.787836 14.545236 63.736252 -8.420742 4.357195 -22.484269 -3.965005 -0.587312 -4.928510 0.000011 -0.000000 0.000000 -0.000000 0.000000 
2.576344 86.804665 3.289684 9.365984 17.094169 -13.547165 -0.000001 10.181564 0.131526 7.259321 5.026764 1.813386 2.844453 2.468126 0.997387 2.816664 2.490075 0.957495 -0.000003 16.740366 -2.049024 7.286227 -4.489451 -0.007857 0.000005 9.617833 1.684978 -16.437241 -25.680029 14.604555 -0.000000 22.037384 7.501072 0.000001 -0.000001 -0.000000 -4.570000 11.014876 -2.160840 2.651240 8.731833 5.021698 -11.030893 -10.441524 36.242404 -0.000008 29.043863 0.000037 -44.681691 -11.069434 -35.641587 -2.464794 -1.574010 2.681910 -2.499307 2.744222 -3.191097 12.181007 -11.605663 -33.641584 -2.646276 -1.527782 1.527815 -15.194113 24.646524 -26.211280 -1.994599 -1.151585 1.151580 -0.000002 -0.000006 0.000003 -9.108299 -0.517865 2.259803 0.628570 8.469322 -2.363950 0.015585 -0.380960 4.681792 0.010952 0.319657 -3.927171 0.000003 -0.000001 0.000002 -9.532495 0.000029 0.000002 0.108051 -1.002838 -2.920469 0.082900 -0.875735 10.815049 0.099131 -0.956808 11.830485 0.000002 -0.000001 0.000002 -9.103604 -0.043090 -1.865104 0.066273 -2.700227 4.241067 0.024172 -0.474382 5.833487 0.005533 -0.227086 2.788911 -0.000003 0.000001 0.000001 -8.076699 -0.486713 -3.806300 0.380543 -5.848581 18.085561 0.007385 -0.262255 3.221097 0.003867 -0.189943 2.332345 0.000001 -0.000001 -0.000001 4.570400 11.014688 -2.160812 2.979410 -5.950580 -4.660418 -8.303067 14.405709 -43.300787 -0.000076 -73.865101 -0.000062 -39.731139 -20.258391 23.600901 2.466100 -1.576208 2.681703 -0.631335 2.271502 4.868650 -0.949797 23.527859 16.110866 2.647871 -1.528763 1.528747 -13.867350 11.303154 11.552906 1.998933 -1.154075 1.154080 0.000001 0.000005 -0.000000 9.109295 -0.518013 2.259899 0.654055 -0.420721 -2.959640 0.274420 1.773777 -17.589248 0.060762 0.842609 -8.251419 -0.000001 -0.000000 0.000004 9.533408 0.000012 -0.000003 -0.088411 0.763198 -4.837649 0.266079 1.747234 -17.317455 0.297841 1.846003 -18.331010 0.000000 -0.000001 0.000000 9.104505 -0.042995 -1.865103 -0.050141 2.493932 -12.605031 0.381762 2.082161 -20.779438 0.278900 1.787788 -17.732785 -0.000000 -0.000000 -0.000000 8.077806 -0.486891 -3.806293 -0.160925 3.452115 -25.571030 0.271580 1.764831 -17.497645 0.244537 1.676610 -16.596444 -0.000001 0.000001 -0.000001 -8.207800 -6.751710 -1.599538 -35.234685 -14.999898 1.624918 64.411819 -10.777308 2.442539 -32.660896 -21.867062 6.540133 -9.817051 -0.000015 0.000003 0.000001 -0.000000 0.000001 8.207798 -6.751703 -1.599544 -56.071127 -0.602938 15.612714 69.463891 -8.889680 2.987601 -23.047329 -6.689211 0.340667 -4.928517 0.000008 -0.000000 -0.000000 0.000000 0.000000 
1.945187 86.066902 1.792185 10.485607 16.173473 -12.992204 -0.000000 10.181556 0.131526 7.462137 5.883903 1.336771 2.830425 2.537227 0.897402 2.792597 2.570379 0.867100 -0.000002 16.740366 -2.049021 6.243559 -4.624709 -0.824435 0.000003 9.617844 1.684981 -16.471056 -26.007736 13.077750 -0.000001 22.037384 7.501074 -0.000001 -0.000000 -0.000000 -4.570002 11.014860 -2.160837 2.060364 12.101627 9.599138 -11.904378 4.581070 39.404768 0.000011 18.319220 0.000008 -51.207400 -5.157573 -22.424035 -2.464795 -1.574010 2.681911 -2.299746 2.079225 -3.427609 11.764316 -12.153729 -35.565246 -2.646262 -1.527808 1.527814 -15.945572 22.542452 -24.279338 -1.994597 -1.151581 1.151587 -0.000001 0.000003 0.000003 -9.108297 -0.517876 2.259801 0.588815 6.970663 -2.762410 0.022977 -0.462399 5.685702 0.006909 0.254090 -3.120641 0.000003 0.000000 0.000002 -9.532498 0.000018 -0.000001 0.075189 -1.103426 -1.341145 0.082846 -0.875445 10.811559 0.099013 -0.956249 11.823390 0.000000 0.000003 0.000002 -9.103602 -0.043098 -1.865101 0.051275 -2.537193 5.435724 0.036219 -0.580372 7.143156 0.011919 -0.333289 4.094861 -0.000000 -0.000002 0.000001 -8.076693 -0.486718 -3.806300 0.621825 -5.516185 18.794345 0.010062 -0.306344 3.763358 0.005927 -0.235206 2.888548 0.000000 0.000002 -0.000001 4.570401 11.014669 -2.160810 2.267495 -10.664132 -10.507586 -11.860804 8.337186 -47.628364 -0.000030 -55.977027 -0.000020 -55.943662 -14.678188 24.916718 2.466096 -1.576213 2.681710 -0.673949 2.120426 4.819033 1.415696 26.224694 16.984524 2.647900 -1.528746 1.528748 -13.905308 8.425830 10.644178 1.998918 -1.154078 1.154082 0.000000 0.000003 -0.000000 9.109292 -0.518021 2.259906 0.383026 -0.654529 -6.106962 0.264531 1.742336 -17.267282 0.056126 0.809977 -7.929671 -0.000001 0.000002 0.000000 9.533398 -0.000001 0.000008 -0.074290 1.722014 -7.707274 0.251921 1.701205 -16.847191 0.282709 1.799740 -17.855728 0.000001 0.000003 0.000004 9.104502 -0.042996 -1.865093 -0.032074 2.672950 -13.762333 0.379388 2.075895 -20.713939 0.276876 1.781524 -17.668723 -0.000001 -0.000001 -0.000000 8.077798 -0.486892 -3.806295 0.339168 4.419533 -25.668397 0.272074 1.766363 -17.513472 0.245028 1.678280 -16.613332 -0.000000 0.000001 -0.000000 -8.207799 -6.751698 -1.599538 -38.830670 -15.087038 0.447998 66.301138 -9.545149 2.536905 -33.080372 -22.656316 6.091777 -6.878254 -0.000008 -0.000007 0.000001 -0.000001 -0.000000 8.207802 -6.751691 -1.599542 -59.200911 0.627593 16.735908 69.982835 -9.595565 1.761078 -21.679693 -7.687639 1.322912 -4.928523 0.000009 0.000002 0.000000 -0.000000 0.000000 
1.407297 86.916908 0.481690 10.667098 15.245607 -11.974131 0.000000 10.181528 0.131523 7.457180 6.096987 1.053971 2.793985 2.347474 0.876917 2.756233 2.379922 0.861948 -0.000001 16.740372 -2.049022 5.704632 -4.353123 -1.384217 0.000002 9.617854 1.684982 -15.570552 -24.895095 11.861025 0.000000 22.037384 7.501073 -0.000000 0.000000 -0.000000 -4.569997 11.014883 -2.160838 1.426206 15.275634 12.047509 -10.793820 18.553874 42.394421 0.000002 14.546040 0.000005 -51.856750 -1.182773 -7.014669 -2.464800 -1.573992 2.681911 -2.093419 1.370849 -3.677941 11.180983 -13.596870 -35.051544 -2.646266 -1.527787 1.527813 -16.567180 16.546241 -23.219161 -1.994582 -1.151585 1.151568 0.000001 0.000001 -0.000000 -9.108304 -0.517881 2.259799 0.362845 5.866486 -1.847183 0.045081 -0.647022 7.968686 0.000644 0.077131 -0.946891 0.000002 0.000002 -0.000001 -9.532506 0.000002 -0.000004 0.009171 -1.147074 1.891569 0.114974 -1.029528 12.744175 0.133930 -1.109983 13.759324 0.000000 0.000001 -0.000000 -9.103594 -0.043095 -1.865102 -0.051999 -1.975507 8.668121 0.070864 -0.810128 9.996187 0.034305 -0.564810 6.950624 -0.000002 -0.000005 0.000000 -8.076707 -0.486729 -3.806300 0.364482 -4.732454 21.271743 0.021879 -0.451163 5.547005 0.015390 -0.378761 4.654744 0.000000 -0.000002 0.000001 4.570402 11.014693 -2.160817 1.493794 -14.027122 -14.210565 -11.755109 -1.495216 -51.994655 -0.000001 -39.127794 -0.000009 -69.223537 -8.989572 25.902154 2.466096 -1.576221 2.681699 -0.676115 2.113830 4.817244 5.738500 31.354537 16.371487 2.647890 -1.528763 1.528754 -13.895529 5.418810 9.834700 1.998925 -1.154088 1.154083 -0.000000 -0.000001 -0.000000 9.109286 -0.518015 2.259901 0.499265 0.664093 -12.928681 0.264141 1.741035 -17.254132 0.055939 0.808636 -7.916516 -0.000001 0.000001 0.000003 9.533391 0.000006 0.000000 0.002787 2.822714 -13.855007 0.249604 1.693528 -16.768765 0.280192 1.791915 -17.775118 0.000004 0.000002 0.000000 9.104482 -0.042992 -1.865098 0.015952 3.174928 -18.580193 0.392793 2.111019 -21.081379 0.288424 1.817327 -18.036182 0.000001 -0.000001 -0.000001 8.077790 -0.486891 -3.806301 0.105541 4.074961 -27.334144 0.282545 1.799184 -17.849801 0.254954 1.711209 -16.949140 -0.000001 0.000001 0.000002 -8.207799 -6.751722 -1.599544 -39.872025 -15.204729 -0.836483 65.238531 -9.694792 2.864048 -31.777786 -20.583224 5.499550 -7.282876 0.000003 -0.000001 -0.000000 0.000001 -0.000000 8.207799 -6.751717 -1.599553 -59.077940 1.947688 16.756450 67.337619 -9.835104 1.310494 -19.522619 -7.300657 1.441688 -4.928530 0.000004 -0.000000 -0.000000 0.000000 0.000000 
0.969353 88.813339 -0.574990 10.720682 15.422299 -11.490842 0.000002 10.181537 0.131523 7.223127 5.483317 1.322373 2.700725 1.813221 1.002328 2.665922 1.843310 1.005626 -0.000000 16.740347 -2.049019 5.178483 -3.835903 -1.684540 0.000001 9.617838 1.684975 -14.968098 -23.170978 11.256982 -0.000001 22.037369 7.501074 0.000000 0.000000 -0.000000 -4.570003 11.014883 -2.160840 1.122260 16.775595 13.556322 -8.939619 28.607616 43.268323 -0.000017 19.573753 0.000015 -43.328026 1.808281 3.142972 -2.464803 -1.573986 2.681910 -1.902614 0.695608 -3.915165 10.720154 -15.796320 -32.116810 -2.646263 -1.527800 1.527802 -16.821959 8.532048 -23.114740 -1.994590 -1.151582 1.151580 0.000001 -0.000000 -0.000000 -9.108293 -0.517888 2.259802 0.098040 4.710358 -0.148619 0.086466 -0.894212 11.046206 0.002858 -0.163159 2.003380 -0.000001 -0.000002 0.000002 -9.532496 0.000000 -0.000000 -0.065121 -1.298765 5.430597 0.165663 -1.232397 15.312427 0.188243 -1.311995 16.328500 -0.000001 -0.000000 0.000001 -9.103603 -0.043110 -1.865102 -0.170793 -1.701020 11.733610 0.124644 -1.071417 13.272231 0.074174 -0.828742 10.228244 -0.000001 -0.000003 -0.000002 -8.076699 -0.486718 -3.806298 0.253014 -4.340518 23.465378 0.047659 -0.665461 8.197201 0.037769 -0.592518 7.293522 -0.000002 0.000002 -0.000002 4.570400 11.014689 -2.160819 0.932818 -16.313656 -15.723280 -10.364954 -11.433115 -55.644513 0.000010 -27.324580 -0.000003 -74.641906 -3.158095 22.398816 2.466095 -1.576214 2.681699 -0.662194 2.163263 4.833558 8.699040 35.091326 15.198843 2.647873 -1.528751 1.528751 -13.911026 3.992417 9.766085 1.998924 -1.154093 1.154073 0.000000 0.000002 0.000003 9.109298 -0.518001 2.259902 1.193245 2.209662 -17.759568 0.268370 1.754610 -17.393102 0.057926 0.822732 -8.055392 0.000000 -0.000001 -0.000004 9.533405 0.000006 -0.000002 0.100714 3.436715 -18.771435 0.255433 1.712799 -16.965616 0.286370 1.811062 -17.971696 -0.000001 -0.000000 -0.000002 9.104511 -0.043013 -1.865101 0.152946 3.763843 -23.046600 0.405635 2.143926 -21.426346 0.299414 1.850745 -18.379776 -0.000001 -0.000002 -0.000002 8.077795 -0.486893 -3.806303 -0.442977 3.291136 -29.157637 0.288598 1.817870 -18.041588 0.260671 1.729828 -17.139557 -0.000001 0.000001 0.000004 -8.207799 -6.751711 -1.599546 -38.757632 -16.009996 -1.801749 61.298509 -9.731085 3.659696 -29.491790 -18.822017 4.462082 -7.282880 0.000001 -0.000001 0.000000 -0.000001 -0.000000 8.207801 -6.751704 -1.599549 -56.971608 2.002767 15.213603 62.492222 -9.843215 1.656037 -16.770899 -5.761752 0.731255 -4.928510 0.000007 -0.000004 0.000000 0.000000 0.000000 
0.737627 91.240768 -1.436571 10.918290 15.644572 -11.237342 -0.000001 10.181545 0.131524 6.804104 4.695895 1.828028 2.515560 1.224848 1.195183 2.480417 1.257621 1.212862 -0.000004 16.740351 -2.049015 4.644294 -3.332717 -1.716112 0.000000 9.617870 1.684973 -15.004447 -21.375722 10.845762 -0.000001 22.037354 7.501077 -0.000000 0.000000 -0.000000 -4.570007 11.014863 -2.160834 1.082025 16.881263 14.651381 -5.809890 35.672138 41.946251 -0.000013 29.587054 0.000031 -29.078813 4.347540 7.690216 -2.464793 -1.573988 2.681911 -1.759434 0.175228 -4.097153 10.694520 -17.947027 -28.268075 -2.646261 -1.527787 1.527808 -16.807801 1.743899 -22.598039 -1.994578 -1.151571 1.151581 -0.000003 -0.000004 -0.000002 -9.108285 -0.517883 2.259806 -0.119668 3.594014 1.760528 0.144000 -1.150361 14.270386 0.018310 -0.412970 5.076268 0.000001 -0.000001 0.000001 -9.532501 0.000016 -0.000001 -0.167018 -1.341183 9.321940 0.219788 -1.415173 17.653718 0.245576 -1.493802 18.670163 -0.000004 0.000000 -0.000001 -9.103612 -0.043113 -1.865097 -0.210829 -1.852623 14.357766 0.194331 -1.332646 16.592917 0.129852 -1.093174 13.546913 -0.000002 -0.000000 -0.000000 -8.076691 -0.486729 -3.806297 0.514191 -4.555791 25.506464 0.092923 -0.926757 11.453777 0.078921 -0.854634 10.551239 0.000000 0.000002 0.000001 4.570397 11.014673 -2.160812 0.667773 -17.707561 -15.646864 -9.357482 -19.097354 -57.395746 -0.000007 -22.302026 -0.000009 -72.382691 0.947568 13.330119 2.466086 -1.576207 2.681697 -0.658299 2.176836 4.837916 9.426739 36.062507 14.834594 2.647887 -1.528739 1.528750 -13.946974 3.673536 10.018411 1.998932 -1.154093 1.154076 -0.000002 0.000002 0.000003 9.109296 -0.518019 2.259896 1.685264 2.880107 -18.439381 0.271376 1.764120 -17.490322 0.059322 0.832585 -8.152538 -0.000002 -0.000000 0.000001 9.533392 0.000007 -0.000001 0.061967 3.396005 -20.161730 0.260535 1.729433 -17.135322 0.291787 1.827645 -18.142157 -0.000000 -0.000003 0.000004 9.104490 -0.043004 -1.865101 0.269573 4.075626 -24.254856 0.407643 2.149060 -21.480397 0.301114 1.855867 -18.432480 0.000002 0.000003 -0.000000 8.077793 -0.486892 -3.806303 -0.653240 3.039355 -29.933089 0.286760 1.812221 -17.983500 0.258892 1.724075 -17.080809 -0.000001 0.000002 -0.000003 -8.207802 -6.751705 -1.599540 -36.609974 -16.894876 -2.311998 55.575740 -9.772532 4.521997 -26.483891 -17.252037 3.321198 -7.282876 0.000004 0.000004 -0.000000 -0.000001 0.000000 8.207799 -6.751702 -1.599545 -53.892928 1.704249 13.398682 56.154626 -9.639998 2.188637 -13.583472 -4.002951 -0.281027 -4.928519 0.000003 0.000001 0.000000 -0.000000 0.000000 
0.789465 93.846443 -2.083226 10.868385 14.293106 -10.536070 -0.000001 10.181561 0.131523 6.271378 4.486534 2.075739 2.263360 0.935154 1.324564 2.225195 0.972757 1.348254 0.000001 16.740377 -2.049019 4.397167 -3.013523 -1.449164 0.000000 9.617850 1.684970 -15.061190 -19.625871 10.119342 0.000000 22.037369 7.501075 -0.000000 -0.000000 0.000000 -4.570001 11.014859 -2.160840 1.109161 16.782711 15.052840 -0.298962 41.675659 39.164175 -0.000015 39.519806 0.000042 -15.858103 6.792086 10.211917 -2.464804 -1.573994 2.681910 -1.682158 -0.111110 -4.196978 10.935266 -19.273361 -25.321799 -2.646260 -1.527825 1.527805 -16.543403 -1.563221 -20.860419 -1.994594 -1.151584 1.151582 -0.000000 -0.000005 0.000001 -9.108311 -0.517878 2.259806 -0.259432 2.778060 3.401719 0.211337 -1.388388 17.308784 0.045368 -0.649204 7.995609 0.000003 0.000004 0.000001 -9.532504 0.000012 0.000002 -0.361533 -1.161851 13.774092 0.275499 -1.579552 19.785847 0.304280 -1.657383 20.805309 -0.000000 0.000001 -0.000000 -9.103614 -0.043113 -1.865103 -0.193082 -2.217645 17.341497 0.282136 -1.597909 20.025430 0.203355 -1.362512 16.976230 -0.000001 -0.000003 -0.000001 -8.076701 -0.486726 -3.806295 0.908706 -5.060820 28.129617 0.160248 -1.212383 15.057710 0.141771 -1.141520 14.158309 0.000001 -0.000001 -0.000000 4.570408 11.014671 -2.160813 0.688834 -18.113972 -14.879905 -8.321870 -24.957836 -56.925535 0.000000 -22.162350 0.000020 -65.452412 1.200946 1.615324 2.466086 -1.576220 2.681695 -0.661970 2.163623 4.833521 9.612638 35.255872 15.038673 2.647883 -1.528758 1.528744 -13.959647 3.566585 10.037445 1.998921 -1.154090 1.154076 0.000004 -0.000001 0.000001 9.109307 -0.518003 2.259899 1.653493 2.735507 -17.077291 0.272292 1.767104 -17.521035 0.059782 0.835701 -8.183263 -0.000000 0.000005 -0.000003 9.533401 0.000001 -0.000003 -0.062635 3.000754 -19.404655 0.261957 1.733988 -17.181961 0.293325 1.832317 -18.190221 0.000002 0.000006 -0.000002 9.104483 -0.042995 -1.865099 0.236272 3.972568 -23.420836 0.402827 2.136802 -21.351651 0.296975 1.843387 -18.303980 -0.000000 -0.000001 0.000002 8.077809 -0.486892 -3.806302 -0.533727 3.222989 -29.874192 0.282164 1.798006 -17.837794 0.254546 1.709847 -16.935446 -0.000000 0.000003 -0.000001 -8.207800 -6.751707 -1.599535 -33.759371 -16.921117 -2.164210 48.578283 -9.814532 4.900489 -22.699862 -15.391821 2.384516 -7.282879 -0.000006 -0.000000 -0.000001 -0.000001 -0.000000 8.207800 -6.751707 -1.599549 -50.037935 2.518093 12.651136 48.925912 -9.439487 2.316520 -10.302299 -2.280083 -1.035270 -4.928530 0.000001 -0.000002 -0.000000 -0.000000 0.000000 
1.033345 96.322838 -2.416445 10.108977 11.355494 -9.287990 0.000001 10.181536 0.131526 5.692650 4.888575 1.963175 2.002210 0.987090 1.352500 1.961576 1.026746 1.374924 0.000001 16.740364 -2.049019 4.649249 -2.873705 -0.917763 0.000001 9.617816 1.684983 -14.493675 -17.888578 8.997422 -0.000001 22.037369 7.501073 0.000000 -0.000000 0.000000 -4.570000 11.014863 -2.160840 1.107523 17.132123 14.565196 7.518222 46.783070 35.434827 -0.000025 47.232862 0.000059 -8.149625 9.543238 12.223147 -2.464797 -1.573992 2.681907 -1.660350 -0.192882 -4.225441 11.115094 -19.715153 -23.968647 -2.646260 -1.527808 1.527816 -16.301570 -2.164757 -18.873472 -1.994593 -1.151586 1.151574 0.000004 0.000002 0.000001 -9.108303 -0.517878 2.259799 -0.306200 2.166417 5.020372 0.290622 -1.620951 20.327189 0.084927 -0.886190 10.945919 0.000000 0.000001 -0.000002 -9.532502 0.000004 -0.000004 -0.627242 -0.999640 18.443587 0.345329 -1.761537 22.180612 0.377395 -1.838257 23.202402 0.000002 0.000002 0.000001 -9.103590 -0.043093 -1.865102 -0.179210 -2.566743 21.201635 0.392303 -1.872603 23.662294 0.298688 -1.642556 20.610752 0.000002 0.000002 0.000001 -8.076694 -0.486722 -3.806300 1.179655 -5.488171 31.302562 0.250017 -1.506918 18.840273 0.226925 -1.437403 17.940329 0.000003 0.000002 0.000002 4.570404 11.014695 -2.160811 0.883358 -17.690735 -14.023796 -5.992222 -30.062927 -55.246590 0.000000 -23.687574 0.000002 -57.120585 -1.161157 -8.750472 2.466094 -1.576216 2.681694 -0.664163 2.155838 4.831006 9.739156 33.532848 15.157170 2.647886 -1.528739 1.528749 -13.925307 3.729618 9.801076 1.998925 -1.154087 1.154076 0.000000 0.000001 -0.000000 9.109304 -0.518003 2.259896 1.292027 2.129508 -15.458308 0.272085 1.766405 -17.513696 0.059661 0.834951 -8.175870 0.000002 -0.000003 -0.000001 9.533406 0.000002 -0.000003 -0.168555 2.606175 -18.400811 0.262546 1.735918 -17.201794 0.294012 1.834410 -18.211689 -0.000002 0.000004 -0.000000 9.104493 -0.042994 -1.865104 0.084587 3.590954 -22.813470 0.396996 2.121795 -21.194412 0.291993 1.828296 -18.148854 0.000001 0.000000 0.000001 8.077814 -0.486899 -3.806304 -0.408971 3.384515 -29.552941 0.278030 1.785147 -17.705665 0.250635 1.696958 -16.803870 0.000001 -0.000000 -0.000001 -8.207798 -6.751717 -1.599542 -30.014006 -15.992731 -1.395609 40.914500 -9.846033 4.553629 -18.473922 -13.271314 1.826149 -7.282867 -0.000003 -0.000001 -0.000000 -0.000001 -0.000000 8.207803 -6.751708 -1.599547 -45.299491 4.565240 12.831479 41.553249 -9.411930 2.049607 -7.306428 -0.330699 -1.498895 -4.928518 0.000005 0.000000 -0.000000 0.000001 0.000000 
1.253922 98.320961 -2.419921 8.647335 8.413903 -8.033303 0.000001 10.181543 0.131524 5.112592 5.273257 1.757849 1.769561 1.129464 1.333890 1.728534 1.168058 1.351966 -0.000001 16.740376 -2.049028 5.284579 -2.798485 -0.260314 0.000001 9.617865 1.684971 -13.259941 -16.217256 7.875716 -0.000001 22.037369 7.501070 0.000001 0.000001 -0.000000 -4.569995 11.014877 -2.160846 1.126270 17.599034 13.631582 15.335562 50.239935 31.833278 -0.000046 53.030548 0.000067 -6.562386 11.932772 14.425353 -2.464782 -1.573992 2.681912 -1.663367 -0.181687 -4.221540 11.163104 -19.735070 -23.700797 -2.646263 -1.527812 1.527810 -16.199184 -2.088467 -17.692481 -1.994589 -1.151601 1.151572 0.000004 -0.000001 -0.000004 -9.108289 -0.517867 2.259812 -0.255862 1.551277 7.542218 0.393983 -1.876420 23.713635 0.144520 -1.152405 14.296301 -0.000001 -0.000003 -0.000002 -9.532487 -0.000000 0.000011 -0.868787 -1.075600 23.128272 0.445059 -1.988579 25.228210 0.481037 -2.063179 26.246144 -0.000004 0.000001 0.000002 -9.103582 -0.043107 -1.865089 -0.221425 -2.800559 25.946828 0.531389 -2.162262 27.612143 0.422097 -1.939112 24.558034 -0.000001 0.000002 -0.000001 -8.076680 -0.486722 -3.806291 1.291021 -5.749324 34.823832 0.365701 -1.810741 22.835117 0.337746 -1.742850 21.932803 -0.000003 0.000000 0.000002 4.570399 11.014670 -2.160820 1.098855 -17.079018 -13.165814 -2.225259 -33.722225 -54.175162 0.000003 -25.211099 0.000015 -48.638989 -3.704760 -15.013743 2.466080 -1.576198 2.681705 -0.663523 2.158247 4.831822 8.798713 31.158319 15.418092 2.647898 -1.528746 1.528741 -13.863461 4.500690 9.592838 1.998913 -1.154093 1.154069 0.000001 0.000000 0.000002 9.109288 -0.518012 2.259908 0.776138 1.212179 -13.508480 0.270675 1.761905 -17.467671 0.058996 0.830298 -8.129903 0.000001 -0.000002 -0.000002 9.533380 0.000005 0.000006 -0.216720 2.386653 -17.693586 0.264154 1.741086 -17.254516 0.295746 1.839637 -18.265447 -0.000003 -0.000001 0.000000 9.104489 -0.042998 -1.865098 -0.087745 3.182148 -22.845176 0.392631 2.110510 -21.075974 0.288323 1.817034 -18.033183 0.000000 -0.000000 0.000000 8.077786 -0.486895 -3.806296 -0.356735 3.416615 -29.104437 0.275052 1.775788 -17.609751 0.247821 1.687601 -16.708403 0.000002 0.000001 0.000001 -8.207799 -6.751705 -1.599545 -25.601369 -14.750309 -0.295956 33.785176 -9.864207 3.601941 -14.656999 -11.650574 1.675133 -7.282881 -0.000006 -0.000000 -0.000001 0.000001 0.000000 8.207799 -6.751705 -1.599544 -40.110545 6.641748 12.956476 35.052927 -8.507111 1.935139 -4.885686 0.722201 -2.141361 -4.928519 0.000005 -0.000000 -0.000000 0.000001 0.000000 
1.320283 99.651985 -2.270957 6.897226 6.741991 -7.170905 -0.000001 10.181557 0.131523 4.562854 5.099692 1.696111 1.571080 1.128295 1.326301 1.531276 1.165244 1.340273 -0.000000 16.740381 -2.049024 5.955320 -2.678216 0.316049 0.000003 9.617858 1.684973 -11.756170 -14.694981 7.170543 -0.000003 22.037338 7.501079 -0.000001 -0.000000 0.000000 -4.569997 11.014872 -2.160840 1.195167 17.595686 12.964346 20.641844 52.018021 29.678388 -0.000043 57.381662 0.000067 -9.197863 13.820468 17.346526 -2.464789 -1.573982 2.681916 -1.667069 -0.167730 -4.216685 11.166298 -19.740357 -23.690388 -2.646252 -1.527805 1.527821 -16.137766 -2.245688 -17.203141 -1.994581 -1.151587 1.151581 -0.000000 -0.000000 -0.000004 -9.108290 -0.517870 2.259816 -0.158674 0.949732 11.671077 0.532698 -2.164721 27.646471 0.233694 -1.458204 18.209219 0.000002 -0.000000 -0.000001 -9.532495 0.000004 0.000008 -1.051804 -1.364361 28.000191 0.584417 -2.260655 28.986158 0.624776 -2.331976 29.993406 0.000001 0.000000 -0.000000 -9.103585 -0.043110 -1.865093 -0.322463 -2.972973 31.241302 0.705185 -2.465909 31.913847 0.579250 -2.251306 28.854763 -0.000001 0.000002 -0.000001 -8.076691 -0.486727 -3.806285 1.373039 -5.964548 38.765121 0.513154 -2.127027 27.124740 0.480141 -2.061362 26.220961 -0.000005 0.000000 -0.000000 4.570406 11.014667 -2.160812 1.217728 -16.938499 -12.308524 1.627538 -34.626358 -54.985584 0.000004 -26.398534 -0.000001 -40.488006 -5.344108 -16.183983 2.466100 -1.576215 2.681694 -0.662649 2.161372 4.832837 6.719995 28.705916 16.296275 2.647887 -1.528735 1.528750 -13.813068 5.570998 9.584740 1.998905 -1.154090 1.154073 0.000000 -0.000000 0.000002 9.109295 -0.518009 2.259898 0.234992 0.051117 -11.084505 0.268566 1.755202 -17.399120 0.058009 0.823344 -8.061396 -0.000001 -0.000000 -0.000001 9.533385 0.000005 -0.000001 -0.211109 2.340839 -17.097736 0.265755 1.746205 -17.307028 0.297425 1.844736 -18.317850 -0.000002 0.000000 -0.000001 9.104488 -0.043003 -1.865098 -0.181615 2.937063 -22.588426 0.390955 2.106197 -21.030825 0.286953 1.812805 -17.989559 -0.000002 -0.000000 -0.000001 8.077787 -0.486875 -3.806305 -0.239683 3.531464 -28.473949 0.273928 1.772261 -17.573648 0.246765 1.684099 -16.672825 -0.000003 0.000000 0.000000 -8.207798 -6.751701 -1.599543 -21.436544 -13.614976 0.893745 28.424857 -9.876552 2.261040 -11.947354 -11.264681 1.880848 -7.282871 -0.000011 -0.000004 0.000001 0.000001 -0.000000 8.207799 -6.751682 -1.599547 -35.410771 7.747175 12.558938 30.270036 -7.017543 2.263173 -3.146281 0.816389 -2.952472 -4.928523 0.000009 -0.000001 -0.000001 0.000000 0.000000 
1.294840 100.399841 -2.138500 5.240028 6.108890 -6.636421 -0.000001 10.181544 0.131525 4.099263 4.446273 1.812282 1.409440 0.973899 1.349429 1.371467 1.010046 1.360646 -0.000000 16.740370 -2.049023 6.361294 -2.471816 0.629978 0.000002 9.617862 1.684969 -10.367323 -13.281039 6.870343 0.000001 22.037399 7.501072 -0.000001 0.000000 0.000000 -4.570002 11.014875 -2.160842 1.270195 17.089547 12.913354 23.312122 52.582341 29.035339 -0.000065 60.166665 0.000097 -13.281725 15.740244 20.435923 -2.464795 -1.574010 2.681915 -1.666289 -0.170598 -4.217686 11.197736 -19.804668 -23.483457 -2.646260 -1.527795 1.527808 -16.071131 -2.501614 -16.807337 -1.994590 -1.151581 1.151583 0.000002 -0.000005 -0.000000 -9.108302 -0.517866 2.259812 -0.052442 0.473052 16.875391 0.706954 -2.468710 31.954815 0.355508 -1.786328 22.510140 -0.000003 -0.000000 -0.000002 -9.532498 0.000010 0.000010 -1.147917 -1.787918 32.784030 0.761247 -2.553628 33.193913 0.806094 -2.620811 34.187764 -0.000002 0.000000 0.000000 -9.103599 -0.043106 -1.865094 -0.389723 -3.223018 36.452853 0.909707 -2.767078 36.392061 0.767117 -2.562592 33.325856 0.000002 0.000000 -0.000001 -8.076696 -0.486720 -3.806292 1.558704 -6.276039 42.944968 0.694321 -2.448400 31.660567 0.656215 -2.385545 30.756939 -0.000003 -0.000000 0.000001 4.570404 11.014707 -2.160817 1.207913 -17.394685 -11.721229 4.489221 -32.659782 -57.433483 0.000002 -26.865467 0.000001 -34.491475 -5.943579 -13.183179 2.466096 -1.576206 2.681701 -0.662641 2.161344 4.832819 4.917339 27.007823 17.450005 2.647877 -1.528741 1.528748 -13.799927 6.259400 9.693611 1.998917 -1.154094 1.154075 0.000001 -0.000001 -0.000000 9.109283 -0.518010 2.259906 -0.192170 -1.049057 -9.014474 0.266833 1.749678 -17.342569 0.057188 0.817606 -8.004876 -0.000001 -0.000002 -0.000000 9.533388 0.000006 0.000001 -0.164856 2.451723 -16.690237 0.266600 1.748930 -17.334790 0.298277 1.847322 -18.344495 -0.000001 -0.000001 -0.000000 9.104489 -0.043009 -1.865093 -0.171531 2.893176 -21.758216 0.391736 2.108213 -21.051929 0.287593 1.814814 -18.010335 0.000003 0.000001 0.000000 8.077797 -0.486894 -3.806299 -0.010029 3.842603 -27.820520 0.274492 1.773995 -17.591396 0.247306 1.685906 -16.691147 -0.000000 0.000002 0.000000 -8.207800 -6.751719 -1.599538 -18.241536 -12.614062 1.975768 25.153259 -9.890070 0.812115 -10.340495 -11.784821 2.323266 -7.282865 -0.000001 -0.000002 -0.000001 0.000001 0.000000 8.207796 -6.751713 -1.599543 -31.825246 8.008483 11.939600 27.367190 -5.894446 2.796100 -2.098647 0.832548 -3.658885 -4.928522 0.000003 -0.000000 0.000000 -0.000000 0.000000 
1.302253 100.818336 -2.031858 3.769068 5.418667 -6.236661 0.000002 10.181535 0.131522 3.806120 3.807591 2.041558 1.302249 0.812268 1.400908 1.266002 0.847844 1.410357 -0.000000 16.740377 -2.049018 6.428969 -2.201914 0.632568 -0.000000 9.617859 1.684969 -9.279936 -11.832793 6.591468 -0.000001 22.037338 7.501076 -0.000001 0.000000 0.000000 -4.570002 11.014828 -2.160834 1.298257 16.584225 13.332605 24.867769 52.268470 29.051428 -0.000024 61.174664 0.000066 -16.532970 18.069267 22.450979 -2.464798 -1.574004 2.681908 -1.664859 -0.175947 -4.219554 11.272961 -19.820534 -23.065465 -2.646268 -1.527805 1.527807 -15.994015 -2.675135 -16.199214 -1.994594 -1.151583 1.151573 -0.000000 0.000000 0.000001 -9.108307 -0.517860 2.259802 0.104756 0.134359 21.719300 0.905146 -2.760874 36.297500 0.503274 -2.107644 26.856826 -0.000001 0.000000 -0.000000 -9.532503 0.000007 -0.000005 -1.057559 -2.333449 36.636896 0.960328 -2.834350 37.427541 1.009482 -2.897420 38.411358 0.000001 -0.000002 0.000005 -9.103583 -0.043102 -1.865100 -0.270714 -3.646909 40.824877 1.128942 -3.041787 40.716581 0.971105 -2.848380 37.645004 0.000004 -0.000001 -0.000001 -8.076696 -0.486731 -3.806301 1.893467 -6.740810 46.733319 0.899653 -2.753386 36.183299 0.856775 -2.693854 35.280830 -0.000001 -0.000002 0.000004 4.570398 11.014647 -2.160810 1.111738 -18.027861 -11.658651 6.283222 -29.106448 -60.226702 -0.000010 -26.222995 0.000014 -32.462540 -5.864944 -8.430199 2.466097 -1.576193 2.681699 -0.662941 2.160322 4.832473 4.748118 26.401239 18.023269 2.647883 -1.528748 1.528747 -13.808586 6.212781 9.724433 1.998936 -1.154093 1.154078 0.000001 0.000001 0.000001 9.109292 -0.518007 2.259901 -0.409917 -1.611380 -8.235492 0.266083 1.747263 -17.317777 0.056844 0.815090 -7.980109 0.000001 -0.000001 0.000000 9.533400 -0.000007 0.000003 -0.086272 2.719592 -16.735002 0.267102 1.750558 -17.351426 0.298763 1.848787 -18.359642 0.000002 -0.000000 0.000000 9.104505 -0.043007 -1.865099 -0.116502 2.981348 -21.099812 0.392982 2.111467 -21.086029 0.288651 1.818013 -18.043258 0.000001 0.000000 0.000001 8.077813 -0.486903 -3.806303 0.225193 4.217142 -27.404088 0.275104 1.775940 -17.611305 0.247897 1.687872 -16.711335 -0.000002 0.000001 0.000003 -8.207798 -6.751718 -1.599541 -15.887920 -11.817354 2.733611 23.216590 -9.904265 -0.370896 -9.366689 -11.958508 2.783271 -7.282874 -0.000000 -0.000001 -0.000000 -0.000000 0.000000 8.207802 -6.751719 -1.599544 -29.189585 8.242367 11.574434 25.771603 -4.918856 3.204271 -1.624764 0.807940 -4.145967 -4.928525 0.000007 0.000001 0.000000 -0.000001 0.000000 
1.347969 101.127472 -1.880073 2.403835 3.994854 -5.833289 0.000001 10.181552 0.131523 3.731031 3.522802 2.306827 1.263576 0.753729 1.467426 1.228843 0.787935 1.475321 0.000000 16.740400 -2.049026 6.281416 -1.911666 0.436151 0.000003 9.617818 1.684980 -8.557162 -10.247219 6.004241 0.000002 22.037369 7.501073 0.000000 -0.000000 -0.000000 -4.570002 11.014905 -2.160845 1.245598 16.495001 13.912020 26.233916 51.340445 29.331916 -0.000075 60.388885 0.000128 -18.016746 20.427899 22.763458 -2.464806 -1.574006 2.681902 -1.664811 -0.176179 -4.219633 11.369538 -19.867919 -22.522844 -2.646264 -1.527813 1.527804 -15.904587 -2.823878 -15.421061 -1.994594 -1.151581 1.151584 -0.000001 -0.000002 0.000001 -9.108296 -0.517872 2.259809 0.352107 -0.111016 25.326220 1.108359 -3.017751 40.327138 0.662124 -2.395430 30.898574 0.000000 -0.000000 -0.000000 -9.532493 0.000001 -0.000001 -0.736542 -2.970676 39.114366 1.159360 -3.076739 41.286386 1.212547 -3.136141 42.267547 0.000002 -0.000002 0.000002 -9.103595 -0.043111 -1.865105 0.091492 -4.207665 43.960016 1.342189 -3.272918 44.586693 1.171624 -3.090622 41.514566 0.000001 -0.000001 0.000002 -8.076693 -0.486727 -3.806303 2.310576 -7.281499 49.701227 1.105133 -3.013959 40.266042 1.058207 -2.957729 39.365068 0.000004 0.000001 0.000005 4.570398 11.014724 -2.160820 1.014989 -18.360990 -11.952139 7.077939 -25.875063 -62.129873 0.000004 -24.766865 0.000006 -33.664134 -5.579354 -4.655173 2.466100 -1.576209 2.681699 -0.663010 2.160073 4.832409 6.220121 26.411746 17.721219 2.647884 -1.528740 1.528742 -13.813524 5.630720 9.596978 1.998925 -1.154090 1.154072 -0.000000 0.000003 -0.000000 9.109288 -0.518030 2.259902 -0.393462 -1.483244 -8.660895 0.266047 1.747152 -17.316727 0.056824 0.814988 -7.979065 -0.000002 -0.000000 -0.000001 9.533396 -0.000012 0.000002 0.005432 3.053861 -17.163234 0.267776 1.752687 -17.373336 0.299440 1.850806 -18.380263 0.000000 -0.000000 0.000000 9.104511 -0.042998 -1.865099 -0.064648 3.120987 -21.164620 0.393047 2.111624 -21.087707 0.288663 1.818094 -18.043949 -0.000001 0.000001 -0.000001 8.077799 -0.486889 -3.806300 0.367269 4.475537 -27.302230 0.274674 1.774590 -17.597542 0.247500 1.686533 -16.697588 -0.000001 -0.000001 -0.000000 -8.207800 -6.751706 -1.599541 -13.924567 -11.203969 3.121971 21.787286 -9.917429 -1.198499 -8.645347 -11.098993 3.139019 -7.282875 -0.000002 0.000002 -0.000001 -0.000002 -0.000000 8.207801 -6.751690 -1.599545 -26.960085 9.041407 11.619578 24.707354 -3.960778 3.335377 -1.489370 0.795781 -4.433406 -4.928528 0.000008 -0.000002 -0.000000 0.000000 0.000000 
1.353095 101.397652 -1.653053 1.112962 2.083331 -5.408812 0.000000 10.181554 0.131523 3.826917 3.502920 2.537009 1.280921 0.777159 1.527729 1.247718 0.809101 1.533906 0.000000 16.740379 -2.049024 6.092729 -1.625904 0.223050 0.000000 9.617843 1.684979 -8.214254 -8.524617 5.098294 -0.000002 22.037399 7.501073 -0.000000 0.000000 0.000000 -4.570002 11.014891 -2.160842 1.129804 16.759865 14.472674 27.084386 50.134985 30.244494 -0.000022 57.850685 0.000046 -18.136920 21.877941 22.092896 -2.464802 -1.574001 2.681911 -1.665265 -0.174430 -4.219026 11.468759 -20.356368 -21.803243 -2.646261 -1.527810 1.527822 -15.805418 -3.020674 -14.621642 -1.994602 -1.151573 1.151565 0.000001 -0.000003 0.000001 -9.108297 -0.517868 2.259796 0.626572 -0.301225 28.091846 1.295434 -3.224869 43.761469 0.813484 -2.631658 34.348837 0.000001 0.000000 -0.000001 -9.532493 0.000001 0.000005 -0.297161 -3.609330 40.710690 1.337741 -3.268447 44.509088 1.394381 -3.324951 45.493827 -0.000002 -0.000001 0.000001 -9.103601 -0.043099 -1.865097 0.569702 -4.767468 46.157151 1.531809 -3.454441 47.817697 1.351440 -3.282266 44.748326 -0.000001 -0.000001 0.000004 -8.076691 -0.486727 -3.806288 2.674420 -7.710992 52.064780 1.285659 -3.214640 43.587470 1.235638 -3.161337 42.688020 -0.000001 -0.000001 0.000003 4.570404 11.014698 -2.160816 0.993162 -18.290521 -12.160756 6.960028 -24.183712 -62.722030 -0.000000 -23.239439 -0.000008 -35.294787 -5.035928 -3.097978 2.466100 -1.576213 2.681691 -0.662933 2.160344 4.832476 8.343006 26.434980 16.953925 2.647885 -1.528766 1.528748 -13.809749 4.924125 9.383375 1.998928 -1.154075 1.154077 0.000001 0.000003 0.000001 9.109303 -0.518009 2.259892 -0.180953 -0.926395 -9.518789 0.266226 1.747722 -17.322516 0.056911 0.815563 -7.984847 0.000001 -0.000000 -0.000001 9.533394 0.000008 -0.000005 0.076154 3.308972 -17.669889 0.268601 1.755287 -17.399914 0.300280 1.853321 -18.406199 0.000000 0.000000 -0.000001 9.104492 -0.043000 -1.865107 -0.026968 3.257635 -21.763860 0.391904 2.108637 -21.056406 0.287672 1.815003 -18.012136 0.000001 -0.000000 -0.000001 8.077806 -0.486893 -3.806304 0.399683 4.548455 -27.421207 0.273501 1.770890 -17.559697 0.246384 1.682809 -16.659677 -0.000000 -0.000000 0.000001 -8.207798 -6.751701 -1.599542 -12.146794 -10.669828 3.298486 20.576636 -9.931088 -1.869139 -8.082612 -9.622589 3.422861 -7.282867 -0.000014 -0.000003 -0.000000 0.000001 0.000000 8.207803 -6.751694 -1.599545 -24.848093 10.251024 11.856994 23.786347 -3.018549 3.295734 -1.497472 0.813141 -4.657602 -4.928528 -0.000001 -0.000000 0.000000 0.000000 0.000000 
1.290776 101.637138 -1.381634 0.039327 0.545888 -5.077130 0.000000 10.181542 0.131523 3.964516 3.363428 2.661810 1.318467 0.763668 1.558159 1.286842 0.793563 1.562917 -0.000000 16.740393 -2.049022 6.008804 -1.354141 0.178551 0.000001 9.617827 1.684976 -8.266878 -6.755174 4.092282 -0.000001 22.037338 7.501078 -0.000000 0.000001 0.000000 -4.570002 11.014887 -2.160840 1.033075 16.925569 14.962737 25.979121 48.969608 32.824199 -0.000020 52.881193 0.000048 -17.678978 21.228633 21.845530 -2.464793 -1.573995 2.681917 -1.665265 -0.174392 -4.219019 11.605688 -21.843695 -20.750861 -2.646254 -1.527802 1.527815 -15.721398 -3.214880 -14.010421 -1.994598 -1.151591 1.151566 -0.000003 -0.000006 -0.000000 -9.108299 -0.517875 2.259810 0.773864 -0.458801 30.709285 1.418210 -3.348171 45.903041 0.915111 -2.774375 36.503724 0.000002 -0.000001 0.000002 -9.532495 0.000008 0.000006 0.044425 -4.061434 42.064557 1.450044 -3.378688 46.445659 1.508794 -3.433464 47.434595 -0.000001 -0.000002 0.000004 -9.103588 -0.043109 -1.865094 0.871804 -5.085998 47.798565 1.652291 -3.559713 49.787131 1.466193 -3.393931 46.719013 -0.000000 0.000000 -0.000000 -8.076687 -0.486729 -3.806291 2.799094 -7.753793 53.950858 1.403508 -3.333895 45.650911 1.351676 -3.282487 44.752421 -0.000002 0.000001 -0.000001 4.570402 11.014680 -2.160814 1.035732 -18.115784 -11.997918 6.379106 -23.892973 -62.649364 0.000003 -21.870636 0.000001 -34.198856 -4.442936 -2.881561 2.466076 -1.576194 2.681702 -0.662921 2.160392 4.832491 9.777265 26.463341 16.419341 2.647892 -1.528750 1.528748 -13.807541 4.455018 9.244438 1.998920 -1.154080 1.154074 0.000001 0.000003 0.000005 9.109279 -0.518012 2.259904 0.051551 -0.450815 -9.960699 0.266418 1.748358 -17.329030 0.057003 0.816228 -7.991350 -0.000001 -0.000002 -0.000003 9.533384 0.000003 0.000004 0.102463 3.404390 -17.962086 0.268911 1.756274 -17.410029 0.300601 1.854299 -18.416260 0.000002 -0.000001 -0.000001 9.104477 -0.043000 -1.865097 -0.007804 3.334998 -22.239904 0.390587 2.105228 -21.020734 0.286532 1.811513 -17.976301 0.000001 0.000001 0.000000 8.077787 -0.486902 -3.806296 0.388734 4.533557 -27.617831 0.272280 1.767040 -17.520296 0.245231 1.678952 -16.620307 0.000003 -0.000000 -0.000002 -8.207799 -6.751719 -1.599542 -10.529393 -10.379780 3.372451 19.441748 -9.948174 -2.383737 -7.650038 -8.265888 3.620478 -7.282875 -0.000009 -0.000001 0.000000 -0.000000 -0.000000 8.207798 -6.751704 -1.599543 -22.878885 11.130044 11.868967 22.796019 -2.081488 3.374437 -1.426730 0.813219 -4.980575 -4.928526 0.000002 -0.000000 0.000000 -0.000000 0.000000 
1.228454 101.876625 -1.110215 -1.025503 -0.997474 -4.774279 0.000001 10.181554 0.131524 4.102402 3.224236 2.786930 1.356018 0.750197 1.588598 1.325972 0.778043 1.591940 0.000000 16.740366 -2.049020 5.925098 -1.082313 0.134455 0.000000 9.617824 1.684981 -8.288147 -4.985091 3.091093 0.000003 22.037369 7.501070 -0.000000 0.000000 -0.000000 -4.569996 11.014871 -2.160838 0.934780 17.090472 15.453527 24.978318 47.773693 35.310886 -0.000020 47.911697 0.000047 -17.226009 20.577504 21.604778 -2.464798 -1.574027 2.681903 -1.665264 -0.174355 -4.219004 11.773815 -23.328383 -19.683191 -2.646272 -1.527799 1.527800 -15.635285 -3.408184 -13.398791 -1.994594 -1.151587 1.151576 -0.000001 -0.000001 0.000001 -9.108312 -0.517876 2.259793 0.928203 -0.609487 33.327184 1.545528 -3.466806 48.045145 1.022048 -2.913175 38.659113 -0.000001 0.000001 -0.000001 -9.532508 -0.000008 0.000001 0.396831 -4.505353 43.421903 1.566022 -3.485079 48.382649 1.626837 -3.538046 49.375803 0.000004 -0.000000 -0.000000 -9.103596 -0.043111 -1.865093 1.183100 -5.395773 49.442479 1.776336 -3.660785 51.756995 1.584740 -3.501587 48.690130 0.000002 -0.000000 0.000003 -8.076689 -0.486732 -3.806293 2.925134 -7.792507 55.837186 1.525607 -3.448841 47.714855 1.472027 -3.399385 46.817306 0.000003 -0.000001 0.000003 4.570404 11.014654 -2.160812 1.077735 -17.940935 -11.835385 5.799074 -23.602911 -62.573624 -0.000003 -20.501827 0.000013 -33.106005 -3.845928 -2.676711 2.466089 -1.576206 2.681697 -0.662910 2.160437 4.832518 11.212035 26.479708 15.884037 2.647887 -1.528751 1.528754 -13.806480 3.985914 9.105604 1.998921 -1.154092 1.154080 0.000003 0.000004 0.000001 9.109294 -0.518014 2.259901 0.287710 0.022958 -10.404523 0.266609 1.748990 -17.335541 0.057093 0.816889 -7.997858 -0.000000 0.000001 -0.000000 9.533403 0.000007 0.000000 0.129262 3.499679 -18.254348 0.269218 1.757264 -17.420145 0.300927 1.855282 -18.426327 -0.000003 0.000000 -0.000002 9.104488 -0.043002 -1.865100 0.012006 3.412199 -22.716002 0.389277 2.101817 -20.985060 0.285392 1.808021 -17.940470 0.000002 0.000001 -0.000002 8.077800 -0.486898 -3.806300 0.377733 4.518701 -27.814448 0.271061 1.763192 -17.480881 0.244078 1.675092 -16.580925 0.000000 -0.000000 0.000001 -8.207800 -6.751701 -1.599542 -8.913859 -10.087793 3.438002 18.306707 -9.955227 -2.898597 -7.223548 -6.907762 3.807154 -7.282880 -0.000004 0.000002 -0.000000 0.000000 0.000000 8.207800 -6.751711 -1.599548 -20.903676 12.008947 11.850091 21.804855 -1.145929 3.469293 -1.355984 0.812898 -5.303548 -4.928525 0.000004 -0.000001 -0.000000 -0.000001 0.000000 
1.152596 102.199821 -0.772265 -1.544956 -1.902995 -4.581837 -0.000001 10.181561 0.131524 3.974841 3.011483 2.795614 1.324546 0.709380 1.585987 1.295378 0.736065 1.588786 -0.000000 16.740370 -2.049020 5.951255 -0.905478 0.231208 0.000000 9.617840 1.684977 -8.038464 -3.737231 2.464928 -0.000000 22.037369 7.501072 -0.000000 0.000000 0.000000 -4.569994 11.014862 -2.160838 0.916710 16.981964 15.625103 21.864767 45.892010 39.352780 -0.000016 41.293060 0.000040 -16.922227 18.300442 19.596274 -2.464799 -1.574006 2.681906 -1.665263 -0.174375 -4.219006 11.974234 -25.017069 -18.780292 -2.646255 -1.527803 1.527813 -15.615715 -3.438038 -13.228138 -1.994598 -1.151582 1.151569 0.000002 -0.000002 0.000003 -9.108291 -0.517883 2.259798 0.784206 -0.536985 32.626004 1.438754 -3.367927 46.254027 0.932976 -2.798336 36.871376 -0.000001 -0.000000 -0.000001 -9.532500 0.000004 -0.000001 0.385262 -4.450877 42.089627 1.456036 -3.384348 46.547025 1.515208 -3.439332 47.541542 0.000002 -0.000000 -0.000002 -9.103596 -0.043097 -1.865102 1.044701 -5.249105 48.108291 1.661465 -3.567431 49.934786 1.475026 -3.402220 46.868242 0.000001 0.000003 0.000005 -8.076697 -0.486720 -3.806300 2.631172 -7.434379 54.412562 1.426682 -3.356366 46.048142 1.374484 -3.305301 45.149521 0.000000 -0.000001 -0.000001 4.570401 11.014691 -2.160814 1.077399 -17.904497 -11.817532 5.670716 -23.338273 -63.275228 0.000002 -17.835934 0.000008 -32.711979 -3.419457 -2.962428 2.466089 -1.576217 2.681696 -0.662909 2.160432 4.832515 11.475532 26.095125 16.171769 2.647878 -1.528748 1.528747 -13.808727 3.833926 9.080913 1.998912 -1.154093 1.154074 0.000002 0.000001 0.000005 9.109287 -0.518015 2.259901 0.200408 -0.259728 -9.660667 0.266768 1.749504 -17.340740 0.057168 0.817419 -8.003056 0.000001 -0.000001 0.000001 9.533401 0.000004 0.000001 0.124329 3.464701 -17.753934 0.269262 1.757412 -17.421658 0.300973 1.855425 -18.427838 -0.000001 0.000001 0.000002 9.104500 -0.043001 -1.865099 0.032826 3.436614 -22.219171 0.388706 2.100332 -20.969495 0.284887 1.806464 -17.924445 0.000000 -0.000000 0.000001 8.077793 -0.486895 -3.806299 0.553206 4.847171 -27.661692 0.270718 1.762094 -17.469636 0.243751 1.673988 -16.569670 -0.000001 0.000000 -0.000001 -8.207801 -6.751714 -1.599545 -7.138652 -10.077858 3.461082 16.029650 -9.981938 -3.072869 -6.321315 -5.807054 3.788113 -7.282878 -0.000004 0.000001 -0.000000 0.000001 0.000001 8.207800 -6.751697 -1.599545 -19.009779 12.574699 11.564456 19.858509 -0.445989 3.528765 -0.739643 0.754354 -5.548402 -4.928527 0.000007 0.000000 0.000000 0.000000 0.000000 
1.076735 102.523010 -0.434315 -2.061788 -2.810375 -4.397466 -0.000000 10.181546 0.131524 3.847334 2.798708 2.803821 1.293075 0.668565 1.583354 1.264781 0.694088 1.585609 0.000001 16.740393 -2.049024 5.977110 -0.728598 0.327875 -0.000000 9.617826 1.684976 -7.775363 -2.491792 1.833872 -0.000000 22.037399 7.501070 -0.000000 -0.000000 0.000000 -4.570003 11.014935 -2.160845 0.898989 16.873407 15.796554 19.041693 43.866296 43.118755 -0.000011 34.629660 0.000035 -16.705108 16.011707 17.622235 -2.464794 -1.573995 2.681918 -1.665260 -0.174406 -4.219013 12.207429 -26.703536 -17.857291 -2.646277 -1.527802 1.527820 -15.596057 -3.467828 -13.057448 -1.994599 -1.151578 1.151578 -0.000001 -0.000003 0.000003 -9.108295 -0.517881 2.259810 0.641098 -0.462730 31.924953 1.335086 -3.265718 44.462397 0.847507 -2.680722 35.083116 -0.000004 0.000000 -0.000001 -9.532491 0.000013 0.000010 0.374966 -4.396139 40.757095 1.349286 -3.280104 44.710869 1.406764 -3.337050 45.706707 -0.000002 0.000000 -0.000000 -9.103608 -0.043104 -1.865088 0.909762 -5.099228 46.774426 1.549577 -3.470437 48.112034 1.368497 -3.299370 45.045822 -0.000000 -0.000001 -0.000001 -8.076703 -0.486726 -3.806291 2.346420 -7.069008 52.990496 1.330462 -3.261021 44.381067 1.279707 -3.208383 43.481363 0.000001 0.000001 -0.000000 4.570405 11.014729 -2.160820 1.077048 -17.868051 -11.799686 5.546134 -23.072184 -63.974844 -0.000002 -15.167151 0.000006 -32.315951 -2.994934 -3.250976 2.466089 -1.576205 2.681703 -0.662904 2.160423 4.832509 11.740326 25.711718 16.460537 2.647873 -1.528748 1.528748 -13.811038 3.681939 9.056217 1.998913 -1.154094 1.154074 0.000001 0.000001 0.000001 9.109282 -0.518018 2.259905 0.116774 -0.543552 -8.917143 0.266930 1.750010 -17.345945 0.057240 0.817948 -8.008260 -0.000001 0.000001 -0.000002 9.533394 0.000005 0.000003 0.119708 3.429682 -17.253517 0.269304 1.757560 -17.423165 0.301021 1.855569 -18.429353 -0.000000 0.000001 0.000002 9.104486 -0.043012 -1.865098 0.053438 3.461210 -21.722307 0.388138 2.098843 -20.953922 0.284383 1.804904 -17.908416 0.000002 0.000001 0.000004 8.077803 -0.486895 -3.806299 0.727893 5.176115 -27.509868 0.270373 1.760996 -17.458390 0.243418 1.672885 -16.558402 -0.000001 0.000000 0.000000 -8.207799 -6.751714 -1.599543 -5.362659 -10.067219 3.483849 13.750597 -10.001824 -3.248230 -5.420045 -4.706442 3.751709 -7.282876 -0.000004 -0.000000 -0.000000 -0.000000 0.000000 8.207802 -6.751710 -1.599546 -17.107681 13.131218 11.258963 17.910214 0.251979 3.612036 -0.123527 0.693174 -5.792620 -4.928522 0.000006 0.000000 -0.000000 -0.000000 0.000000 
1.000876 102.846207 -0.096364 -2.576159 -3.719376 -4.221138 0.000002 10.181539 0.131523 3.719882 2.585916 2.811552 1.261601 0.627751 1.580699 1.234183 0.652112 1.582411 -0.000000 16.740337 -2.049017 6.002666 -0.551675 0.424460 0.000001 9.617863 1.684970 -7.498743 -1.249334 1.197550 -0.000001 22.037369 7.501075 -0.000000 -0.000000 0.000000 -4.570003 11.014842 -2.160839 0.881614 16.764792 15.967866 16.496136 41.717908 46.621963 -0.000003 27.966257 0.000032 -16.571543 13.717213 15.677984 -2.464793 -1.573987 2.681905 -1.665263 -0.174427 -4.219012 12.475074 -28.386377 -16.912238 -2.646267 -1.527801 1.527814 -15.576311 -3.497569 -12.886760 -1.994590 -1.151573 1.151576 0.000002 -0.000001 -0.000000 -9.108289 -0.517881 2.259801 0.498913 -0.386721 31.224107 1.234681 -3.160330 42.671142 0.765752 -2.560497 33.295215 0.000001 -0.000000 0.000000 -9.532484 -0.000004 -0.000002 0.365945 -4.341170 39.424665 1.245951 -3.172496 42.875078 1.301660 -3.231354 43.872279 -0.000004 -0.000002 0.000002 -9.103579 -0.043102 -1.865100 0.778394 -4.946262 45.441221 1.440848 -3.369927 46.289667 1.265311 -3.193190 43.223776 0.000002 -0.000001 0.000001 -8.076690 -0.486724 -3.806301 2.071105 -6.696742 51.571381 1.237075 -3.162917 42.714275 1.187798 -3.108754 41.813510 -0.000001 0.000002 0.000002 4.570401 11.014688 -2.160812 1.076685 -17.831614 -11.781843 5.425330 -22.804730 -64.672479 0.000001 -12.498372 0.000004 -31.917952 -2.572417 -3.542348 2.466088 -1.576201 2.681695 -0.662899 2.160418 4.832507 12.006417 25.329524 16.750346 2.647887 -1.528741 1.528744 -13.813408 3.529961 9.031527 1.998925 -1.154088 1.154077 0.000003 0.000001 -0.000000 9.109283 -0.518020 2.259896 0.036825 -0.828439 -8.173990 0.267091 1.750520 -17.351148 0.057312 0.818478 -8.013459 0.000001 0.000000 0.000002 9.533383 -0.000001 -0.000003 0.115391 3.394624 -16.753120 0.269346 1.757708 -17.424673 0.301071 1.855715 -18.430864 -0.000001 0.000000 -0.000000 9.104488 -0.042995 -1.865107 0.073838 3.485982 -21.225438 0.387565 2.097358 -20.938360 0.283879 1.803342 -17.892394 0.000001 -0.000001 -0.000004 8.077781 -0.486885 -3.806304 0.901798 5.505519 -27.358977 0.270029 1.759900 -17.447143 0.243091 1.671782 -16.547148 0.000001 0.000000 0.000002 -8.207799 -6.751712 -1.599544 -3.586732 -10.055891 3.506269 11.471376 -10.014828 -3.424265 -4.519328 -3.606536 3.698013 -7.282874 -0.000008 -0.000000 -0.000001 -0.000001 0.000000 8.207798 -6.751700 -1.599543 -15.198182 13.677520 10.933921 15.960646 0.946716 3.719001 0.492321 0.629374 -6.036169 -4.928524 0.000007 0.000001 0.000000 -0.000000 0.000000 
0.925017 103.169403 0.241586 -3.088229 -4.629760 -4.052827 -0.000001 10.181547 0.131522 3.592482 2.373110 2.818810 1.230126 0.586939 1.578020 1.203581 0.610139 1.579189 -0.000000 16.740376 -2.049021 6.027923 -0.374710 0.520962 0.000001 9.617846 1.684976 -7.208502 -0.010423 0.555590 -0.000000 22.037369 7.501074 -0.000000 0.000000 0.000000 -4.570001 11.014876 -2.160841 0.864594 16.656133 16.139054 14.211193 39.467036 49.879540 -0.000003 21.347616 0.000028 -16.518654 11.422790 13.759079 -2.464793 -1.573989 2.681904 -1.665259 -0.174445 -4.219014 12.778998 -30.064099 -15.943010 -2.646274 -1.527806 1.527812 -15.556475 -3.527246 -12.716059 -1.994589 -1.151569 1.151573 0.000002 0.000002 -0.000001 -9.108305 -0.517878 2.259795 0.357679 -0.308991 30.523504 1.137679 -3.051911 40.881131 0.687845 -2.437843 31.508516 0.000001 -0.000003 0.000001 -9.532498 0.000002 -0.000008 0.358220 -4.286032 38.092720 1.146190 -3.061696 41.040633 1.200064 -3.122412 42.039169 -0.000001 0.000000 -0.000000 -9.103600 -0.043107 -1.865104 0.650702 -4.790343 44.109051 1.335446 -3.266079 44.468582 1.165613 -3.083845 41.403032 0.000000 -0.000001 0.000001 -8.076702 -0.486721 -3.806308 1.805440 -6.317954 50.155602 1.146628 -3.062187 41.048528 1.098882 -3.006540 40.146687 0.000002 -0.000000 -0.000001 4.570399 11.014707 -2.160816 1.076313 -17.795175 -11.764006 5.308308 -22.535951 -65.368066 -0.000003 -9.832483 0.000002 -31.517949 -2.151966 -3.836544 2.466080 -1.576207 2.681695 -0.662897 2.160413 4.832503 12.273785 24.948565 17.041190 2.647878 -1.528750 1.528743 -13.815851 3.377979 9.006831 1.998925 -1.154092 1.154077 0.000002 0.000002 -0.000000 9.109266 -0.518006 2.259901 -0.039422 -1.114308 -7.431245 0.267250 1.751029 -17.356349 0.057389 0.819006 -8.018662 -0.000000 0.000000 -0.000001 9.533385 0.000005 0.000000 0.111379 3.359529 -16.252765 0.269387 1.757856 -17.426184 0.301119 1.855859 -18.432374 0.000000 0.000000 0.000001 9.104482 -0.042996 -1.865099 0.094018 3.510929 -20.728591 0.386995 2.095870 -20.922794 0.283376 1.801781 -17.876364 0.000003 0.000001 0.000000 8.077793 -0.486887 -3.806300 1.074925 5.835364 -27.208996 0.269683 1.758800 -17.435905 0.242761 1.670678 -16.535891 -0.000000 0.000001 0.000004 -8.207800 -6.751706 -1.599544 -1.811722 -10.043891 3.528311 9.193822 -10.020920 -3.600552 -3.618775 -2.507943 3.627097 -7.282872 -0.000008 -0.000003 -0.000001 0.000002 0.000000 8.207798 -6.751701 -1.599542 -13.282150 14.212659 10.589727 14.010534 1.636957 3.849484 1.107842 0.562964 -6.278996 -4.928522 0.000005 0.000001 -0.000000 0.000000 0.000000 
0.827321 103.293663 0.536899 -3.295707 -5.142293 -3.892623 0.000000 10.181546 0.131524 3.435704 2.257663 2.798400 1.191339 0.565907 1.571979 1.165176 0.588405 1.573156 -0.000001 16.740356 -2.049021 5.941911 -0.282159 0.529171 -0.000000 9.617861 1.684978 -7.018841 0.592082 0.215198 0.000001 22.037399 7.501071 -0.000000 -0.000000 0.000000 -4.570002 11.014851 -2.160838 0.918246 16.412717 15.925165 12.703131 36.652660 52.315066 -0.000010 16.418759 0.000019 -17.896530 8.713003 11.610539 -2.464798 -1.573991 2.681908 -1.665236 -0.174478 -4.219051 12.829283 -30.407616 -15.806615 -2.646268 -1.527803 1.527821 -15.558652 -3.516844 -12.717735 -1.994590 -1.151582 1.151576 0.000002 0.000003 0.000003 -9.108287 -0.517869 2.259802 0.121071 0.064881 26.242065 0.913355 -2.772002 36.467391 0.512225 -2.125210 27.099366 0.000000 0.000003 -0.000002 -9.532503 -0.000005 0.000004 0.144115 -3.854620 34.143026 0.916631 -2.776434 36.535204 0.965650 -2.841308 37.535366 0.000001 -0.000001 0.000001 -9.103610 -0.043104 -1.865098 0.439769 -4.440419 39.868501 1.091500 -2.997802 40.005863 0.936481 -2.803001 36.943014 -0.000001 0.000002 -0.000001 -8.076682 -0.486730 -3.806297 1.463546 -5.930346 45.946017 0.918754 -2.779279 36.578825 0.875448 -2.720019 35.676158 0.000001 0.000000 0.000001 4.570398 11.014643 -2.160812 1.076638 -17.650804 -11.906144 5.130561 -22.315405 -66.324299 -0.000014 -7.329761 0.000001 -32.105407 -1.374608 -5.009224 2.466094 -1.576219 2.681700 -0.662919 2.160411 4.832481 12.243624 24.859616 17.075936 2.647887 -1.528739 1.528751 -13.811742 3.418947 8.989400 1.998928 -1.154094 1.154069 -0.000000 0.000001 0.000001 9.109296 -0.518009 2.259900 -0.014206 -1.083322 -7.356947 0.267820 1.752744 -17.373870 0.057632 0.820779 -8.036185 -0.000000 0.000000 -0.000001 9.533407 0.000005 -0.000001 0.053000 3.147886 -16.053390 0.269628 1.758591 -17.433853 0.301366 1.856621 -18.440199 0.000000 -0.000000 0.000002 9.104507 -0.042992 -1.865103 0.099988 3.525248 -20.696269 0.386887 2.095610 -20.920180 0.283301 1.801524 -17.873661 -0.000001 0.000000 0.000001 8.077798 -0.486888 -3.806302 1.048866 5.787166 -27.152906 0.269361 1.757764 -17.425269 0.242452 1.669638 -16.525308 -0.000001 -0.000001 0.000003 -8.207799 -6.751708 -1.599544 -0.973627 -10.163207 3.321865 8.229393 -10.026310 -3.439309 -3.344299 -1.770179 3.508917 -7.282876 0.000003 -0.000000 -0.000000 -0.000000 -0.000000 8.207799 -6.751688 -1.599545 -12.213938 14.332699 10.253065 12.982512 2.223374 4.014402 1.375914 0.530650 -6.511554 -4.928525 0.000012 -0.000004 -0.000000 0.000001 0.000000 
0.656849 103.316597 0.758539 -3.410046 -5.161151 -3.861889 -0.000000 10.181534 0.131523 3.400995 2.079007 2.784624 1.181484 0.509293 1.567199 1.155390 0.531688 1.568853 0.000001 16.740368 -2.049021 5.862987 -0.231398 0.510443 0.000000 9.617873 1.684977 -7.155333 0.787727 0.140565 -0.000001 22.037384 7.501074 -0.000000 0.000000 0.000000 -4.569998 11.014905 -2.160839 0.991843 16.146009 15.619248 12.704757 34.376400 53.988038 -0.000012 13.988599 0.000017 -18.396766 6.390129 10.431803 -2.464786 -1.573991 2.681910 -1.665242 -0.174478 -4.219045 12.799274 -30.262109 -15.887992 -2.646268 -1.527786 1.527812 -15.556342 -3.527494 -12.715082 -1.994591 -1.151583 1.151577 0.000001 -0.000007 0.000003 -9.108291 -0.517880 2.259804 0.062482 0.359994 21.396389 0.696314 -2.451618 31.707312 0.350354 -1.773823 22.343693 -0.000002 -0.000004 0.000002 -9.532491 0.000011 -0.000003 0.022559 -3.453184 29.361679 0.698813 -2.455656 31.765673 0.742372 -2.524563 32.768058 -0.000002 0.000001 0.000000 -9.103594 -0.043106 -1.865103 0.294466 -4.114077 35.018967 0.855156 -2.691567 35.246300 0.716949 -2.484690 32.186495 0.000001 -0.000002 0.000000 -8.076678 -0.486726 -3.806298 1.252245 -5.693173 41.082328 0.700231 -2.457924 31.798519 0.662019 -2.395256 30.896228 0.000003 -0.000001 -0.000002 4.570402 11.014721 -2.160815 1.069692 -17.598638 -12.009529 4.811121 -21.740361 -67.194602 -0.000010 -5.862403 -0.000001 -32.386691 -1.374345 -5.303587 2.466094 -1.576190 2.681697 -0.662919 2.160409 4.832490 12.146256 25.000113 17.071131 2.647886 -1.528736 1.528746 -13.812277 3.448534 9.001054 1.998916 -1.154093 1.154077 0.000000 -0.000001 0.000007 9.109286 -0.518018 2.259899 -0.005737 -1.054871 -7.416085 0.267828 1.752790 -17.374328 0.057644 0.820825 -8.036640 0.000001 -0.000000 0.000001 9.533390 0.000003 -0.000000 0.020380 3.027441 -15.964129 0.269411 1.757902 -17.426765 0.301152 1.855969 -18.433484 0.000000 0.000001 0.000001 9.104494 -0.042996 -1.865101 0.109125 3.554414 -20.805564 0.386815 2.095413 -20.918112 0.283229 1.801309 -17.871490 -0.000000 -0.000002 0.000000 8.077790 -0.486887 -3.806300 1.018557 5.729374 -27.146636 0.269213 1.757291 -17.420427 0.242310 1.669159 -16.520450 -0.000001 -0.000001 0.000002 -8.207800 -6.751715 -1.599544 -0.568247 -10.220674 3.369812 8.003826 -9.960427 -3.399325 -3.420607 -1.740324 3.432135 -7.282875 -0.000003 0.000000 -0.000000 0.000001 0.000000 8.207799 -6.751700 -1.599544 -11.854494 14.434068 10.276921 12.771000 2.175757 4.053126 1.353793 0.526266 -6.661328 -4.928522 0.000009 -0.000004 0.000000 0.000000 0.000000 
0.486377 103.339523 0.980179 -3.524380 -5.180071 -3.831195 -0.000000 10.181543 0.131524 3.366245 1.900360 2.770740 1.171625 0.452680 1.562408 1.145605 0.474972 1.564541 0.000000 16.740381 -2.049023 5.784077 -0.180613 0.491787 -0.000001 9.617846 1.684979 -7.291580 0.983552 0.066394 -0.000001 22.037354 7.501075 0.000000 0.000000 -0.000000 -4.569999 11.014858 -2.160842 1.063858 15.878921 15.314088 12.784909 32.098354 55.620075 -0.000008 11.556248 0.000013 -18.943574 4.075487 9.235823 -2.464789 -1.573992 2.681912 -1.665240 -0.174480 -4.219041 12.769550 -30.116579 -15.969156 -2.646268 -1.527795 1.527811 -15.554031 -3.538140 -12.712433 -1.994601 -1.151582 1.151580 0.000000 0.000000 0.000001 -9.108283 -0.517879 2.259805 0.028961 0.660088 16.533272 0.506070 -2.113152 26.933012 0.217785 -1.408938 17.573305 0.000001 -0.000001 -0.000000 -9.532486 0.000015 0.000000 -0.065267 -3.041578 24.566290 0.507870 -2.116694 26.981829 0.545617 -2.189188 27.986499 0.000000 0.000004 -0.000001 -9.103595 -0.043107 -1.865100 0.177027 -3.775422 30.154711 0.644424 -2.365643 30.472653 0.524015 -2.148096 27.415812 0.000001 0.000003 0.000000 -8.076677 -0.486723 -3.806297 1.061347 -5.438089 36.204026 0.508693 -2.118287 27.003795 0.475857 -2.052638 26.101850 -0.000001 0.000005 -0.000000 4.570402 11.014672 -2.160816 1.062843 -17.546457 -12.112870 4.502302 -21.160823 -68.058143 -0.000005 -4.394564 -0.000001 -32.667979 -1.372640 -5.597953 2.466099 -1.576193 2.681699 -0.662922 2.160404 4.832495 12.048785 25.140615 17.066585 2.647892 -1.528745 1.528743 -13.812820 3.478121 9.012708 1.998921 -1.154086 1.154071 -0.000001 -0.000001 0.000001 9.109288 -0.518007 2.259899 0.002761 -1.026431 -7.475234 0.267834 1.752835 -17.374794 0.057652 0.820873 -8.037095 -0.000001 -0.000001 -0.000000 9.533400 0.000004 0.000000 -0.012050 2.906946 -15.874949 0.269196 1.757213 -17.419691 0.300938 1.855316 -18.426770 -0.000000 -0.000000 -0.000000 9.104495 -0.042993 -1.865100 0.118317 3.583564 -20.914862 0.386740 2.095216 -20.916042 0.283160 1.801095 -17.869324 0.000000 0.000001 -0.000001 8.077800 -0.486893 -3.806302 0.988260 5.671576 -27.140402 0.269065 1.756818 -17.415579 0.242167 1.668680 -16.515594 0.000000 -0.000000 -0.000001 -8.207798 -6.751703 -1.599544 -0.162734 -10.277807 3.418181 7.778254 -9.894698 -3.359084 -3.496872 -1.710364 3.355399 -7.282872 -0.000002 0.000000 -0.000001 0.000001 0.000000 8.207799 -6.751708 -1.599544 -11.494922 14.535580 10.300128 12.559527 2.127998 4.091679 1.331661 0.521940 -6.811104 -4.928526 0.000009 -0.000004 0.000000 0.000000 0.000000 
0.315905 103.362450 1.201819 -3.638705 -5.199049 -3.800535 0.000001 10.181554 0.131524 3.331458 1.721719 2.756749 1.161760 0.396069 1.557608 1.135811 0.418257 1.560219 -0.000000 16.740347 -2.049017 5.705185 -0.129801 0.473200 -0.000001 9.617838 1.684983 -7.427586 1.179552 -0.007316 -0.000001 22.037369 7.501076 -0.000000 0.000000 -0.000000 -4.570000 11.014861 -2.160838 1.134304 15.611470 15.009681 12.937913 29.823106 57.217321 -0.000012 9.123900 0.000010 -19.537459 1.772815 8.020267 -2.464785 -1.573990 2.681909 -1.665240 -0.174475 -4.219042 12.740098 -29.971003 -16.050116 -2.646270 -1.527803 1.527824 -15.551714 -3.548782 -12.709780 -1.994598 -1.151575 1.151579 0.000003 -0.000006 -0.000000 -9.108299 -0.517886 2.259802 0.021000 0.961939 11.669970 0.344707 -1.760041 22.160834 0.116060 -1.034302 12.804433 0.000001 0.000003 0.000002 -9.532499 0.000014 -0.000001 -0.118310 -2.624085 19.773244 0.345919 -1.763004 22.200109 0.377562 -1.838599 23.207130 -0.000000 0.000000 -0.000000 -9.103601 -0.043095 -1.865104 0.088821 -3.428055 25.292996 0.461618 -2.023335 25.701302 0.359802 -1.796640 22.647261 0.000000 0.000000 0.000000 -8.076689 -0.486724 -3.806302 0.892997 -5.167778 31.328681 0.346265 -1.763847 22.211208 0.319036 -1.695675 21.309555 0.000001 -0.000000 0.000002 4.570401 11.014695 -2.160812 1.056095 -17.494273 -12.216185 4.204037 -20.577031 -68.914997 -0.000006 -2.926724 -0.000003 -32.949246 -1.369489 -5.892306 2.466108 -1.576210 2.681700 -0.662921 2.160399 4.832506 11.951225 25.281136 17.062297 2.647893 -1.528735 1.528757 -13.813376 3.507706 9.024355 1.998924 -1.154083 1.154081 0.000002 0.000002 0.000003 9.109295 -0.518019 2.259899 0.011287 -0.997998 -7.534381 0.267840 1.752880 -17.375252 0.057662 0.820920 -8.037548 -0.000001 -0.000000 -0.000001 9.533409 0.000008 -0.000002 -0.044287 2.786401 -15.785851 0.268979 1.756524 -17.412608 0.300722 1.854664 -18.420047 -0.000001 -0.000001 0.000005 9.104496 -0.043002 -1.865102 0.127565 3.612696 -21.024179 0.386667 2.095019 -20.913974 0.283089 1.800882 -17.867153 0.000000 -0.000001 0.000000 8.077804 -0.486887 -3.806303 0.957971 5.613775 -27.134202 0.268917 1.756344 -17.410724 0.242022 1.668199 -16.510738 0.000000 -0.000001 0.000000 -8.207800 -6.751709 -1.599543 0.242901 -10.334603 3.466967 7.552681 -9.829124 -3.318590 -3.573102 -1.680307 3.278703 -7.282875 -0.000004 0.000001 -0.000000 0.000001 0.000000 8.207800 -6.751706 -1.599542 -11.135223 14.637227 10.322688 12.348098 2.080096 4.130051 1.309509 0.517673 -6.960881 -4.928523 0.000009 -0.000002 -0.000001 0.000001 0.000000 
0.145432 103.385368 1.423460 -3.753024 -5.218091 -3.769914 -0.000000 10.181541 0.131526 3.296628 1.543090 2.742651 1.151891 0.339458 1.552798 1.126014 0.361543 1.555887 0.000000 16.740345 -2.049021 5.626309 -0.078963 0.454683 -0.000001 9.617805 1.684979 -7.563342 1.375724 -0.080566 0.000000 22.037354 7.501071 -0.000000 -0.000000 -0.000000 -4.569999 11.014879 -2.160840 1.203181 15.343668 14.706010 13.158781 27.555118 58.785218 -0.000007 6.693740 0.000008 -20.179053 -0.514128 6.782823 -2.464807 -1.574002 2.681909 -1.665241 -0.174476 -4.219036 12.710941 -29.825397 -16.130877 -2.646281 -1.527805 1.527815 -15.549407 -3.559428 -12.707123 -1.994597 -1.151579 1.151577 -0.000002 -0.000001 -0.000000 -9.108304 -0.517879 2.259802 0.038555 1.262300 6.823740 0.213716 -1.396026 17.407041 0.046021 -0.653840 8.053242 0.000000 0.000001 0.000002 -9.532502 0.000009 0.000000 -0.136239 -2.205103 14.998885 0.214451 -1.398347 17.436892 0.239775 -1.476522 18.446290 -0.000002 -0.000001 0.000004 -9.103614 -0.043092 -1.865102 0.030599 -3.075760 20.450997 0.308446 -1.668278 20.948539 0.225820 -1.434045 17.897102 -0.000001 0.000002 0.000002 -8.076706 -0.486742 -3.806300 0.748865 -4.885244 26.473759 0.214470 -1.398384 17.437253 0.192999 -1.328173 16.535837 0.000001 -0.000001 0.000001 4.570407 11.014683 -2.160813 1.049447 -17.442066 -12.319461 3.916265 -19.989242 -69.765246 0.000001 -1.459367 -0.000003 -33.230499 -1.364892 -6.186633 2.466103 -1.576207 2.681699 -0.662920 2.160394 4.832512 11.853555 25.421664 17.058283 2.647875 -1.528731 1.528750 -13.813931 3.537292 9.036009 1.998905 -1.154081 1.154074 0.000001 0.000003 0.000001 9.109302 -0.518014 2.259901 0.019846 -0.969576 -7.593533 0.267847 1.752926 -17.375713 0.057670 0.820968 -8.037999 0.000000 0.000001 0.000005 9.533396 0.000010 -0.000000 -0.076334 2.665806 -15.696823 0.268761 1.755834 -17.405525 0.300508 1.854010 -18.413331 -0.000000 -0.000001 0.000001 9.104506 -0.042992 -1.865101 0.136870 3.641811 -21.133500 0.386596 2.094822 -20.911907 0.283018 1.800668 -17.864988 -0.000000 -0.000001 0.000002 8.077801 -0.486895 -3.806302 0.927692 5.555973 -27.128039 0.268768 1.755869 -17.405873 0.241880 1.667721 -16.505886 0.000000 0.000000 -0.000001 -8.207798 -6.751713 -1.599543 0.648648 -10.391049 3.516169 7.327109 -9.763709 -3.277842 -3.649289 -1.650149 3.202045 -7.282869 -0.000007 -0.000000 -0.000001 0.000002 0.000000 8.207800 -6.751718 -1.599544 -10.775406 14.739010 10.344595 12.136703 2.032052 4.168245 1.287348 0.513466 -7.110659 -4.928524 0.000008 -0.000002 0.000000 0.000000 0.000000 
0.145432 103.385368 1.423460 -3.753024 -5.218091 -3.769914 -0.000000 10.181541 0.131526 3.296628 1.543090 2.742651 1.151891 0.339458 1.552798 1.126014 0.361543 1.555887 0.000000 16.740345 -2.049021 5.626309 -0.078963 0.454683 -0.000001 9.617805 1.684979 -7.563342 1.375724 -0.080566 0.000000 22.037354 7.501071 -0.000000 -0.000000 -0.000000 -4.569999 11.014879 -2.160840 1.203181 15.343668 14.706010 13.158781 27.555118 58.785218 -0.000007 6.693740 0.000008 -20.179053 -0.514128 6.782823 -2.464807 -1.574002 2.681909 -1.665241 -0.174476 -4.219036 12.710941 -29.825397 -16.130877 -2.646281 -1.527805 1.527815 -15.549407 -3.559428 -12.707123 -1.994597 -1.151579 1.151577 -0.000002 -0.000001 -0.000000 -9.108304 -0.517879 2.259802 0.038555 1.262300 6.823740 0.213716 -1.396026 17.407041 0.046021 -0.653840 8.053242 0.000000 0.000001 0.000002 -9.532502 0.000009 0.000000 -0.136239 -2.205103 14.998885 0.214451 -1.398347 17.436892 0.239775 -1.476522 18.446290 -0.000002 -0.000001 0.000004 -9.103614 -0.043092 -1.865102 0.030599 -3.075760 20.450997 0.308446 -1.668278 20.948539 0.225820 -1.434045 17.897102 -0.000001 0.000002 0.000002 -8.076706 -0.486742 -3.806300 0.748865 -4.885244 26.473759 0.214470 -1.398384 17.437253 0.192999 -1.328173 16.535837 0.000001 -0.000001 0.000001 4.570407 11.014683 -2.160813 1.049447 -17.442066 -12.319461 3.916265 -19.989242 -69.765246 0.000001 -1.459367 -0.000003 -33.230499 -1.364892 -6.186633 2.466103 -1.576207 2.681699 -0.662920 2.160394 4.832512 11.853555 25.421664 17.058283 2.647875 -1.528731 1.528750 -13.813931 3.537292 9.036009 1.998905 -1.154081 1.154074 0.000001 0.000003 0.000001 9.109302 -0.518014 2.259901 0.019846 -0.969576 -7.593533 0.267847 1.752926 -17.375713 0.057670 0.820968 -8.037999 0.000000 0.000001 0.000005 9.533396 0.000010 -0.000000 -0.076334 2.665806 -15.696823 0.268761 1.755834 -17.405525 0.300508 1.854010 -18.413331 -0.000000 -0.000001 0.000001 9.104506 -0.042992 -1.865101 0.136870 3.641811 -21.133500 0.386596 2.094822 -20.911907 0.283018 1.800668 -17.864988 -0.000000 -0.000001 0.000002 8.077801 -0.486895 -3.806302 0.927692 5.555973 -27.128039 0.268768 1.755869 -17.405873 0.241880 1.667721 -16.505886 0.000000 0.000000 -0.000001 -8.207798 -6.751713 -1.599543 0.648648 -10.391049 3.516169 7.327109 -9.763709 -3.277842 -3.649289 -1.650149 3.202045 -7.282869 -0.000007 -0.000000 -0.000001 0.000002 0.000000 8.207800 -6.751718 -1.599544 -10.775406 14.739010 10.344595 12.136703 2.032052 4.168245 1.287348 0.513466 -7.110659 -4.928524 0.000008 -0.000002 0.000000 0.000000 0.000000 
0.145432 103.385368 1.423460 -3.753024 -5.218091 -3.769914 -0.000000 10.181541 0.131526 3.296628 1.543090 2.742651 1.151891 0.339458 1.552798 1.126014 0.361543 1.555887 0.000000 16.740345 -2.049021 5.626309 -0.078963 0.454683 -0.000001 9.617805 1.684979 -7.563342 1.375724 -0.080566 0.000000 22.037354 7.501071 -0.000000 -0.000000 -0.000000 -4.569999 11.014879 -2.160840 1.203181 15.343668 14.706010 13.158781 27.555118 58.785218 -0.000007 6.693740 0.000008 -20.179053 -0.514128 6.782823 -2.464807 -1.574002 2.681909 -1.665241 -0.174476 -4.219036 12.710941 -29.825397 -16.130877 -2.646281 -1.527805 1.527815 -15.549407 -3.559428 -12.707123 -1.994597 -1.151579 1.151577 -0.000002 -0.000001 -0.000000 -9.108304 -0.517879 2.259802 0.038555 1.262300 6.823740 0.213716 -1.396026 17.407041 0.046021 -0.653840 8.053242 0.000000 0.000001 0.000002 -9.532502 0.000009 0.000000 -0.136239 -2.205103 14.998885 0.214451 -1.398347 17.436892 0.239775 -1.476522 18.446290 -0.000002 -0.000001 0.000004 -9.103614 -0.043092 -1.865102 0.030599 -3.075760 20.450997 0.308446 -1.668278 20.948539 0.225820 -1.434045 17.897102 -0.000001 0.000002 0.000002 -8.076706 -0.486742 -3.806300 0.748865 -4.885244 26.473759 0.214470 -1.398384 17.437253 0.192999 -1.328173 16.535837 0.000001 -0.000001 0.000001 4.570407 11.014683 -2.160813 1.049447 -17.442066 -12.319461 3.916265 -19.989242 -69.765246 0.000001 -1.459367 -0.000003 -33.230499 -1.364892 -6.186633 2.466103 -1.576207 2.681699 -0.662920 2.160394 4.832512 11.853555 25.421664 17.058283 2.647875 -1.528731 1.528750 -13.813931 3.537292 9.036009 1.998905 -1.154081 1.154074 0.000001 0.000003 0.000001 9.109302 -0.518014 2.259901 0.019846 -0.969576 -7.593533 0.267847 1.752926 -17.375713 0.057670 0.820968 -8.037999 0.000000 0.000001 0.000005 9.533396 0.000010 -0.000000 -0.076334 2.665806 -15.696823 0.268761 1.755834 -17.405525 0.300508 1.854010 -18.413331 -0.000000 -0.000001 0.000001 9.104506 -0.042992 -1.865101 0.136870 3.641811 -21.133500 0.386596 2.094822 -20.911907 0.283018 1.800668 -17.864988 -0.000000 -0.000001 0.000002 8.077801 -0.486895 -3.806302 0.927692 5.555973 -27.128039 0.268768 1.755869 -17.405873 0.241880 1.667721 -16.505886 0.000000 0.000000 -0.000001 -8.207798 -6.751713 -1.599543 0.648648 -10.391049 3.516169 7.327109 -9.763709 -3.277842 -3.649289 -1.650149 3.202045 -7.282869 -0.000007 -0.000000 -0.000001 0.000002 0.000000 8.207800 -6.751718 -1.599544 -10.775406 14.739010 10.344595 12.136703 2.032052 4.168245 1.287348 0.513466 -7.110659 -4.928524 0.000008 -0.000002 0.000000 0.000000 0.000000 
0.145432 103.385368 1.423460 -3.753024 -5.218091 -3.769914 -0.000000 10.181541 0.131526 3.296628 1.543090 2.742651 1.151891 0.339458 1.552798 1.126014 0.361543 1.555887 0.000000 16.740345 -2.049021 5.626309 -0.078963 0.454683 -0.000001 9.617805 1.684979 -7.563342 1.375724 -0.080566 0.000000 22.037354 7.501071 -0.000000 -0.000000 -0.000000 -4.569999 11.014879 -2.160840 1.203181 15.343668 14.706010 13.158781 27.555118 58.785218 -0.000007 6.693740 0.000008 -20.179053 -0.514128 6.782823 -2.464807 -1.574002 2.681909 -1.665241 -0.174476 -4.219036 12.710941 -29.825397 -16.130877 -2.646281 -1.527805 1.527815 -15.549407 -3.559428 -12.707123 -1.994597 -1.151579 1.151577 -0.000002 -0.000001 -0.000000 -9.108304 -0.517879 2.259802 0.038555 1.262300 6.823740 0.213716 -1.396026 17.407041 0.046021 -0.653840 8.053242 0.000000 0.000001 0.000002 -9.532502 0.000009 0.000000 -0.136239 -2.205103 14.998885 0.214451 -1.398347 17.436892 0.239775 -1.476522 18.446290 -0.000002 -0.000001 0.000004 -9.103614 -0.043092 -1.865102 0.030599 -3.075760 20.450997 0.308446 -1.668278 20.948539 0.225820 -1.434045 17.897102 -0.000001 0.000002 0.000002 -8.076706 -0.486742 -3.806300 0.748865 -4.885244 26.473759 0.214470 -1.398384 17.437253 0.192999 -1.328173 16.535837 0.000001 -0.000001 0.000001 4.570407 11.014683 -2.160813 1.049447 -17.442066 -12.319461 3.916265 -19.989242 -69.765246 0.000001 -1.459367 -0.000003 -33.230499 -1.364892 -6.186633 2.466103 -1.576207 2.681699 -0.662920 2.160394 4.832512 11.853555 25.421664 17.058283 2.647875 -1.528731 1.528750 -13.813931 3.537292 9.036009 1.998905 -1.154081 1.154074 0.000001 0.000003 0.000001 9.109302 -0.518014 2.259901 0.019846 -0.969576 -7.593533 0.267847 1.752926 -17.375713 0.057670 0.820968 -8.037999 0.000000 0.000001 0.000005 9.533396 0.000010 -0.000000 -0.076334 2.665806 -15.696823 0.268761 1.755834 -17.405525 0.300508 1.854010 -18.413331 -0.000000 -0.000001 0.000001 9.104506 -0.042992 -1.865101 0.136870 3.641811 -21.133500 0.386596 2.094822 -20.911907 0.283018 1.800668 -17.864988 -0.000000 -0.000001 0.000002 8.077801 -0.486895 -3.806302 0.927692 5.555973 -27.128039 0.268768 1.755869 -17.405873 0.241880 1.667721 -16.505886 0.000000 0.000000 -0.000001 -8.207798 -6.751713 -1.599543 0.648648 -10.391049 3.516169 7.327109 -9.763709 -3.277842 -3.649289 -1.650149 3.202045 -7.282869 -0.000007 -0.000000 -0.000001 0.000002 0.000000 8.207800 -6.751718 -1.599544 -10.775406 14.739010 10.344595 12.136703 2.032052 4.168245 1.287348 0.513466 -7.110659 -4.928524 0.000008 -0.000002 0.000000 0.000000 0.000000 
0.145432 103.385368 1.423460 -3.753024 -5.218091 -3.769914 -0.000000 10.181541 0.131526 3.296628 1.543090 2.742651 1.151891 0.339458 1.552798 1.126014 0.361543 1.555887 0.000000 16.740345 -2.049021 5.626309 -0.078963 0.454683 -0.000001 9.617805 1.684979 -7.563342 1.375724 -0.080566 0.000000 22.037354 7.501071 -0.000000 -0.000000 -0.000000 -4.569999 11.014879 -2.160840 1.203181 15.343668 14.706010 13.158781 27.555118 58.785218 -0.000007 6.693740 0.000008 -20.179053 -0.514128 6.782823 -2.464807 -1.574002 2.681909 -1.665241 -0.174476 -4.219036 12.710941 -29.825397 -16.130877 -2.646281 -1.527805 1.527815 -15.549407 -3.559428 -12.707123 -1.994597 -1.151579 1.151577 -0.000002 -0.000001 -0.000000 -9.108304 -0.517879 2.259802 0.038555 1.262300 6.823740 0.213716 -1.396026 17.407041 0.046021 -0.653840 8.053242 0.000000 0.000001 0.000002 -9.532502 0.000009 0.000000 -0.136239 -2.205103 14.998885 0.214451 -1.398347 17.436892 0.239775 -1.476522 18.446290 -0.000002 -0.000001 0.000004 -9.103614 -0.043092 -1.865102 0.030599 -3.075760 20.450997 0.308446 -1.668278 20.948539 0.225820 -1.434045 17.897102 -0.000001 0.000002 0.000002 -8.076706 -0.486742 -3.806300 0.748865 -4.885244 26.473759 0.214470 -1.398384 17.437253 0.192999 -1.328173 16.535837 0.000001 -0.000001 0.000001 4.570407 11.014683 -2.160813 1.049447 -17.442066 -12.319461 3.916265 -19.989242 -69.765246 0.000001 -1.459367 -0.000003 -33.230499 -1.364892 -6.186633 2.466103 -1.576207 2.681699 -0.662920 2.160394 4.832512 11.853555 25.421664 17.058283 2.647875 -1.528731 1.528750 -13.813931 3.537292 9.036009 1.998905 -1.154081 1.154074 0.000001 0.000003 0.000001 9.109302 -0.518014 2.259901 0.019846 -0.969576 -7.593533 0.267847 1.752926 -17.375713 0.057670 0.820968 -8.037999 0.000000 0.000001 0.000005 9.533396 0.000010 -0.000000 -0.076334 2.665806 -15.696823 0.268761 1.755834 -17.405525 0.300508 1.854010 -18.413331 -0.000000 -0.000001 0.000001 9.104506 -0.042992 -1.865101 0.136870 3.641811 -21.133500 0.386596 2.094822 -20.911907 0.283018 1.800668 -17.864988 -0.000000 -0.000001 0.000002 8.077801 -0.486895 -3.806302 0.927692 5.555973 -27.128039 0.268768 1.755869 -17.405873 0.241880 1.667721 -16.505886 0.000000 0.000000 -0.000001 -8.207798 -6.751713 -1.599543 0.648648 -10.391049 3.516169 7.327109 -9.763709 -3.277842 -3.649289 -1.650149 3.202045 -7.282869 -0.000007 -0.000000 -0.000001 0.000002 0.000000 8.207800 -6.751718 -1.599544 -10.775406 14.739010 10.344595 12.136703 2.032052 4.168245 1.287348 0.513466 -7.110659 -4.928524 0.000008 -0.000002 0.000000 0.000000 0.000000 
0.145432 103.385368 1.423460 -3.753024 -5.218091 -3.769914 -0.000000 10.181541 0.131526 3.296628 1.543090 2.742651 1.151891 0.339458 1.552798 1.126014 0.361543 1.555887 0.000000 16.740345 -2.049021 5.626309 -0.078963 0.454683 -0.000001 9.617805 1.684979 -7.563342 1.375724 -0.080566 0.000000 22.037354 7.501071 -0.000000 -0.000000 -0.000000 -4.569999 11.014879 -2.160840 1.203181 15.343668 14.706010 13.158781 27.555118 58.785218 -0.000007 6.693740 0.000008 -20.179053 -0.514128 6.782823 -2.464807 -1.574002 2.681909 -1.665241 -0.174476 -4.219036 12.710941 -29.825397 -16.130877 -2.646281 -1.527805 1.527815 -15.549407 -3.559428 -12.707123 -1.994597 -1.151579 1.151577 -0.000002 -0.000001 -0.000000 -9.108304 -0.517879 2.259802 0.038555 1.262300 6.823740 0.213716 -1.396026 17.407041 0.046021 -0.653840 8.053242 0.000000 0.000001 0.000002 -9.532502 0.000009 0.000000 -0.136239 -2.205103 14.998885 0.214451 -1.398347 17.436892 0.239775 -1.476522 18.446290 -0.000002 -0.000001 0.000004 -9.103614 -0.043092 -1.865102 0.030599 -3.075760 20.450997 0.308446 -1.668278 20.948539 0.225820 -1.434045 17.897102 -0.000001 0.000002 0.000002 -8.076706 -0.486742 -3.806300 0.748865 -4.885244 26.473759 0.214470 -1.398384 17.437253 0.192999 -1.328173 16.535837 0.000001 -0.000001 0.000001 4.570407 11.014683 -2.160813 1.049447 -17.442066 -12.319461 3.916265 -19.989242 -69.765246 0.000001 -1.459367 -0.000003 -33.230499 -1.364892 -6.186633 2.466103 -1.576207 2.681699 -0.662920 2.160394 4.832512 11.853555 25.421664 17.058283 2.647875 -1.528731 1.528750 -13.813931 3.537292 9.036009 1.998905 -1.154081 1.154074 0.000001 0.000003 0.000001 9.109302 -0.518014 2.259901 0.019846 -0.969576 -7.593533 0.267847 1.752926 -17.375713 0.057670 0.820968 -8.037999 0.000000 0.000001 0.000005 9.533396 0.000010 -0.000000 -0.076334 2.665806 -15.696823 0.268761 1.755834 -17.405525 0.300508 1.854010 -18.413331 -0.000000 -0.000001 0.000001 9.104506 -0.042992 -1.865101 0.136870 3.641811 -21.133500 0.386596 2.094822 -20.911907 0.283018 1.800668 -17.864988 -0.000000 -0.000001 0.000002 8.077801 -0.486895 -3.806302 0.927692 5.555973 -27.128039 0.268768 1.755869 -17.405873 0.241880 1.667721 -16.505886 0.000000 0.000000 -0.000001 -8.207798 -6.751713 -1.599543 0.648648 -10.391049 3.516169 7.327109 -9.763709 -3.277842 -3.649289 -1.650149 3.202045 -7.282869 -0.000007 -0.000000 -0.000001 0.000002 0.000000 8.207800 -6.751718 -1.599544 -10.775406 14.739010 10.344595 12.136703 2.032052 4.168245 1.287348 0.513466 -7.110659 -4.928524 0.000008 -0.000002 0.000000 0.000000 0.000000 
0.145432 103.385368 1.423460 -3.753024 -5.218091 -3.769914 -0.000000 10.181541 0.131526 3.296628 1.543090 2.742651 1.151891 0.339458 1.552798 1.126014 0.361543 1.555887 0.000000 16.740345 -2.049021 5.626309 -0.078963 0.454683 -0.000001 9.617805 1.684979 -7.563342 1.375724 -0.080566 0.000000 22.037354 7.501071 -0.000000 -0.000000 -0.000000 -4.569999 11.014879 -2.160840 1.203181 15.343668 14.706010 13.158781 27.555118 58.785218 -0.000007 6.693740 0.000008 -20.179053 -0.514128 6.782823 -2.464807 -1.574002 2.681909 -1.665241 -0.174476 -4.219036 12.710941 -29.825397 -16.130877 -2.646281 -1.527805 1.527815 -15.549407 -3.559428 -12.707123 -1.994597 -1.151579 1.151577 -0.000002 -0.000001 -0.000000 -9.108304 -0.517879 2.259802 0.038555 1.262300 6.823740 0.213716 -1.396026 17.407041 0.046021 -0.653840 8.053242 0.000000 0.000001 0.000002 -9.532502 0.000009 0.000000 -0.136239 -2.205103 14.998885 0.214451 -1.398347 17.436892 0.239775 -1.476522 18.446290 -0.000002 -0.000001 0.000004 -9.103614 -0.043092 -1.865102 0.030599 -3.075760 20.450997 0.308446 -1.668278 20.948539 0.225820 -1.434045 17.897102 -0.000001 0.000002 0.000002 -8.076706 -0.486742 -3.806300 0.748865 -4.885244 26.473759 0.214470 -1.398384 17.437253 0.192999 -1.328173 16.535837 0.000001 -0.000001 0.000001 4.570407 11.014683 -2.160813 1.049447 -17.442066 -12.319461 3.916265 -19.989242 -69.765246 0.000001 -1.459367 -0.000003 -33.230499 -1.364892 -6.186633 2.466103 -1.576207 2.681699 -0.662920 2.160394 4.832512 11.853555 25.421664 17.058283 2.647875 -1.528731 1.528750 -13.813931 3.537292 9.036009 1.998905 -1.154081 1.154074 0.000001 0.000003 0.000001 9.109302 -0.518014 2.259901 0.019846 -0.969576 -7.593533 0.267847 1.752926 -17.375713 0.057670 0.820968 -8.037999 0.000000 0.000001 0.000005 9.533396 0.000010 -0.000000 -0.076334 2.665806 -15.696823 0.268761 1.755834 -17.405525 0.300508 1.854010 -18.413331 -0.000000 -0.000001 0.000001 9.104506 -0.042992 -1.865101 0.136870 3.641811 -21.133500 0.386596 2.094822 -20.911907 0.283018 1.800668 -17.864988 -0.000000 -0.000001 0.000002 8.077801 -0.486895 -3.806302 0.927692 5.555973 -27.128039 0.268768 1.755869 -17.405873 0.241880 1.667721 -16.505886 0.000000 0.000000 -0.000001 -8.207798 -6.751713 -1.599543 0.648648 -10.391049 3.516169 7.327109 -9.763709 -3.277842 -3.649289 -1.650149 3.202045 -7.282869 -0.000007 -0.000000 -0.000001 0.000002 0.000000 8.207800 -6.751718 -1.599544 -10.775406 14.739010 10.344595 12.136703 2.032052 4.168245 1.287348 0.513466 -7.110659 -4.928524 0.000008 -0.000002 0.000000 0.000000 0.000000 
0.145432 103.385368 1.423460 -3.753024 -5.218091 -3.769914 -0.000000 10.181541 0.131526 3.296628 1.543090 2.742651 1.151891 0.339458 1.552798 1.126014 0.361543 1.555887 0.000000 16.740345 -2.049021 5.626309 -0.078963 0.454683 -0.000001 9.617805 1.684979 -7.563342 1.375724 -0.080566 0.000000 22.037354 7.501071 -0.000000 -0.000000 -0.000000 -4.569999 11.014879 -2.160840 1.203181 15.343668 14.706010 13.158781 27.555118 58.785218 -0.000007 6.693740 0.000008 -20.179053 -0.514128 6.782823 -2.464807 -1.574002 2.681909 -1.665241 -0.174476 -4.219036 12.710941 -29.825397 -16.130877 -2.646281 -1.527805 1.527815 -15.549407 -3.559428 -12.707123 -1.994597 -1.151579 1.151577 -0.000002 -0.000001 -0.000000 -9.108304 -0.517879 2.259802 0.038555 1.262300 6.823740 0.213716 -1.396026 17.407041 0.046021 -0.653840 8.053242 0.000000 0.000001 0.000002 -9.532502 0.000009 0.000000 -0.136239 -2.205103 14.998885 0.214451 -1.398347 17.436892 0.239775 -1.476522 18.446290 -0.000002 -0.000001 0.000004 -9.103614 -0.043092 -1.865102 0.030599 -3.075760 20.450997 0.308446 -1.668278 20.948539 0.225820 -1.434045 17.897102 -0.000001 0.000002 0.000002 -8.076706 -0.486742 -3.806300 0.748865 -4.885244 26.473759 0.214470 -1.398384 17.437253 0.192999 -1.328173 16.535837 0.000001 -0.000001 0.000001 4.570407 11.014683 -2.160813 1.049447 -17.442066 -12.319461 3.916265 -19.989242 -69.765246 0.000001 -1.459367 -0.000003 -33.230499 -1.364892 -6.186633 2.466103 -1.576207 2.681699 -0.662920 2.160394 4.832512 11.853555 25.421664 17.058283 2.647875 -1.528731 1.528750 -13.813931 3.537292 9.036009 1.998905 -1.154081 1.154074 0.000001 0.000003 0.000001 9.109302 -0.518014 2.259901 0.019846 -0.969576 -7.593533 0.267847 1.752926 -17.375713 0.057670 0.820968 -8.037999 0.000000 0.000001 0.000005 9.533396 0.000010 -0.000000 -0.076334 2.665806 -15.696823 0.268761 1.755834 -17.405525 0.300508 1.854010 -18.413331 -0.000000 -0.000001 0.000001 9.104506 -0.042992 -1.865101 0.136870 3.641811 -21.133500 0.386596 2.094822 -20.911907 0.283018 1.800668 -17.864988 -0.000000 -0.000001 0.000002 8.077801 -0.486895 -3.806302 0.927692 5.555973 -27.128039 0.268768 1.755869 -17.405873 0.241880 1.667721 -16.505886 0.000000 0.000000 -0.000001 -8.207798 -6.751713 -1.599543 0.648648 -10.391049 3.516169 7.327109 -9.763709 -3.277842 -3.649289 -1.650149 3.202045 -7.282869 -0.000007 -0.000000 -0.000001 0.000002 0.000000 8.207800 -6.751718 -1.599544 -10.775406 14.739010 10.344595 12.136703 2.032052 4.168245 1.287348 0.513466 -7.110659 -4.928524 0.000008 -0.000002 0.000000 0.000000 0.000000 
0.145432 103.385368 1.423460 -3.753024 -5.218091 -3.769914 -0.000000 10.181541 0.131526 3.296628 1.543090 2.742651 1.151891 0.339458 1.552798 1.126014 0.361543 1.555887 0.000000 16.740345 -2.049021 5.626309 -0.078963 0.454683 -0.000001 9.617805 1.684979 -7.563342 1.375724 -0.080566 0.000000 22.037354 7.501071 -0.000000 -0.000000 -0.000000 -4.569999 11.014879 -2.160840 1.203181 15.343668 14.706010 13.158781 27.555118 58.785218 -0.000007 6.693740 0.000008 -20.179053 -0.514128 6.782823 -2.464807 -1.574002 2.681909 -1.665241 -0.174476 -4.219036 12.710941 -29.825397 -16.130877 -2.646281 -1.527805 1.527815 -15.549407 -3.559428 -12.707123 -1.994597 -1.151579 1.151577 -0.000002 -0.000001 -0.000000 -9.108304 -0.517879 2.259802 0.038555 1.262300 6.823740 0.213716 -1.396026 17.407041 0.046021 -0.653840 8.053242 0.000000 0.000001 0.000002 -9.532502 0.000009 0.000000 -0.136239 -2.205103 14.998885 0.214451 -1.398347 17.436892 0.239775 -1.476522 18.446290 -0.000002 -0.000001 0.000004 -9.103614 -0.043092 -1.865102 0.030599 -3.075760 20.450997 0.308446 -1.668278 20.948539 0.225820 -1.434045 17.897102 -0.000001 0.000002 0.000002 -8.076706 -0.486742 -3.806300 0.748865 -4.885244 26.473759 0.214470 -1.398384 17.437253 0.192999 -1.328173 16.535837 0.000001 -0.000001 0.000001 4.570407 11.014683 -2.160813 1.049447 -17.442066 -12.319461 3.916265 -19.989242 -69.765246 0.000001 -1.459367 -0.000003 -33.230499 -1.364892 -6.186633 2.466103 -1.576207 2.681699 -0.662920 2.160394 4.832512 11.853555 25.421664 17.058283 2.647875 -1.528731 1.528750 -13.813931 3.537292 9.036009 1.998905 -1.154081 1.154074 0.000001 0.000003 0.000001 9.109302 -0.518014 2.259901 0.019846 -0.969576 -7.593533 0.267847 1.752926 -17.375713 0.057670 0.820968 -8.037999 0.000000 0.000001 0.000005 9.533396 0.000010 -0.000000 -0.076334 2.665806 -15.696823 0.268761 1.755834 -17.405525 0.300508 1.854010 -18.413331 -0.000000 -0.000001 0.000001 9.104506 -0.042992 -1.865101 0.136870 3.641811 -21.133500 0.386596 2.094822 -20.911907 0.283018 1.800668 -17.864988 -0.000000 -0.000001 0.000002 8.077801 -0.486895 -3.806302 0.927692 5.555973 -27.128039 0.268768 1.755869 -17.405873 0.241880 1.667721 -16.505886 0.000000 0.000000 -0.000001 -8.207798 -6.751713 -1.599543 0.648648 -10.391049 3.516169 7.327109 -9.763709 -3.277842 -3.649289 -1.650149 3.202045 -7.282869 -0.000007 -0.000000 -0.000001 0.000002 0.000000 8.207800 -6.751718 -1.599544 -10.775406 14.739010 10.344595 12.136703 2.032052 4.168245 1.287348 0.513466 -7.110659 -4.928524 0.000008 -0.000002 0.000000 0.000000 0.000000 
0.145432 103.385368 1.423460 -3.753024 -5.218091 -3.769914 -0.000000 10.181541 0.131526 3.296628 1.543090 2.742651 1.151891 0.339458 1.552798 1.126014 0.361543 1.555887 0.000000 16.740345 -2.049021 5.626309 -0.078963 0.454683 -0.000001 9.617805 1.684979 -7.563342 1.375724 -0.080566 0.000000 22.037354 7.501071 -0.000000 -0.000000 -0.000000 -4.569999 11.014879 -2.160840 1.203181 15.343668 14.706010 13.158781 27.555118 58.785218 -0.000007 6.693740 0.000008 -20.179053 -0.514128 6.782823 -2.464807 -1.574002 2.681909 -1.665241 -0.174476 -4.219036 12.710941 -29.825397 -16.130877 -2.646281 -1.527805 1.527815 -15.549407 -3.559428 -12.707123 -1.994597 -1.151579 1.151577 -0.000002 -0.000001 -0.000000 -9.108304 -0.517879 2.259802 0.038555 1.262300 6.823740 0.213716 -1.396026 17.407041 0.046021 -0.653840 8.053242 0.000000 0.000001 0.000002 -9.532502 0.000009 0.000000 -0.136239 -2.205103 14.998885 0.214451 -1.398347 17.436892 0.239775 -1.476522 18.446290 -0.000002 -0.000001 0.000004 -9.103614 -0.043092 -1.865102 0.030599 -3.075760 20.450997 0.308446 -1.668278 20.948539 0.225820 -1.434045 17.897102 -0.000001 0.000002 0.000002 -8.076706 -0.486742 -3.806300 0.748865 -4.885244 26.473759 0.214470 -1.398384 17.437253 0.192999 -1.328173 16.535837 0.000001 -0.000001 0.000001 4.570407 11.014683 -2.160813 1.049447 -17.442066 -12.319461 3.916265 -19.989242 -69.765246 0.000001 -1.459367 -0.000003 -33.230499 -1.364892 -6.186633 2.466103 -1.576207 2.681699 -0.662920 2.160394 4.832512 11.853555 25.421664 17.058283 2.647875 -1.528731 1.528750 -13.813931 3.537292 9.036009 1.998905 -1.154081 1.154074 0.000001 0.000003 0.000001 9.109302 -0.518014 2.259901 0.019846 -0.969576 -7.593533 0.267847 1.752926 -17.375713 0.057670 0.820968 -8.037999 0.000000 0.000001 0.000005 9.533396 0.000010 -0.000000 -0.076334 2.665806 -15.696823 0.268761 1.755834 -17.405525 0.300508 1.854010 -18.413331 -0.000000 -0.000001 0.000001 9.104506 -0.042992 -1.865101 0.136870 3.641811 -21.133500 0.386596 2.094822 -20.911907 0.283018 1.800668 -17.864988 -0.000000 -0.000001 0.000002 8.077801 -0.486895 -3.806302 0.927692 5.555973 -27.128039 0.268768 1.755869 -17.405873 0.241880 1.667721 -16.505886 0.000000 0.000000 -0.000001 -8.207798 -6.751713 -1.599543 0.648648 -10.391049 3.516169 7.327109 -9.763709 -3.277842 -3.649289 -1.650149 3.202045 -7.282869 -0.000007 -0.000000 -0.000001 0.000002 0.000000 8.207800 -6.751718 -1.599544 -10.775406 14.739010 10.344595 12.136703 2.032052 4.168245 1.287348 0.513466 -7.110659 -4.928524 0.000008 -0.000002 0.000000 0.000000 0.000000 
0.145432 103.385368 1.423460 -3.753024 -5.218091 -3.769914 -0.000000 10.181541 0.131526 3.296628 1.543090 2.742651 1.151891 0.339458 1.552798 1.126014 0.361543 1.555887 0.000000 16.740345 -2.049021 5.626309 -0.078963 0.454683 -0.000001 9.617805 1.684979 -7.563342 1.375724 -0.080566 0.000000 22.037354 7.501071 -0.000000 -0.000000 -0.000000 -4.569999 11.014879 -2.160840 1.203181 15.343668 14.706010 13.158781 27.555118 58.785218 -0.000007 6.693740 0.000008 -20.179053 -0.514128 6.782823 -2.464807 -1.574002 2.681909 -1.665241 -0.174476 -4.219036 12.710941 -29.825397 -16.130877 -2.646281 -1.527805 1.527815 -15.549407 -3.559428 -12.707123 -1.994597 -1.151579 1.151577 -0.000002 -0.000001 -0.000000 -9.108304 -0.517879 2.259802 0.038555 1.262300 6.823740 0.213716 -1.396026 17.407041 0.046021 -0.653840 8.053242 0.000000 0.000001 0.000002 -9.532502 0.000009 0.000000 -0.136239 -2.205103 14.998885 0.214451 -1.398347 17.436892 0.239775 -1.476522 18.446290 -0.000002 -0.000001 0.000004 -9.103614 -0.043092 -1.865102 0.030599 -3.075760 20.450997 0.308446 -1.668278 20.948539 0.225820 -1.434045 17.897102 -0.000001 0.000002 0.000002 -8.076706 -0.486742 -3.806300 0.748865 -4.885244 26.473759 0.214470 -1.398384 17.437253 0.192999 -1.328173 16.535837 0.000001 -0.000001 0.000001 4.570407 11.014683 -2.160813 1.049447 -17.442066 -12.319461 3.916265 -19.989242 -69.765246 0.000001 -1.459367 -0.000003 -33.230499 -1.364892 -6.186633 2.466103 -1.576207 2.681699 -0.662920 2.160394 4.832512 11.853555 25.421664 17.058283 2.647875 -1.528731 1.528750 -13.813931 3.537292 9.036009 1.998905 -1.154081 1.154074 0.000001 0.000003 0.000001 9.109302 -0.518014 2.259901 0.019846 -0.969576 -7.593533 0.267847 1.752926 -17.375713 0.057670 0.820968 -8.037999 0.000000 0.000001 0.000005 9.533396 0.000010 -0.000000 -0.076334 2.665806 -15.696823 0.268761 1.755834 -17.405525 0.300508 1.854010 -18.413331 -0.000000 -0.000001 0.000001 9.104506 -0.042992 -1.865101 0.136870 3.641811 -21.133500 0.386596 2.094822 -20.911907 0.283018 1.800668 -17.864988 -0.000000 -0.000001 0.000002 8.077801 -0.486895 -3.806302 0.927692 5.555973 -27.128039 0.268768 1.755869 -17.405873 0.241880 1.667721 -16.505886 0.000000 0.000000 -0.000001 -8.207798 -6.751713 -1.599543 0.648648 -10.391049 3.516169 7.327109 -9.763709 -3.277842 -3.649289 -1.650149 3.202045 -7.282869 -0.000007 -0.000000 -0.000001 0.000002 0.000000 8.207800 -6.751718 -1.599544 -10.775406 14.739010 10.344595 12.136703 2.032052 4.168245 1.287348 0.513466 -7.110659 -4.928524 0.000008 -0.000002 0.000000 0.000000 0.000000 
0.145432 103.385368 1.423460 -3.753024 -5.218091 -3.769914 -0.000000 10.181541 0.131526 3.296628 1.543090 2.742651 1.151891 0.339458 1.552798 1.126014 0.361543 1.555887 0.000000 16.740345 -2.049021 5.626309 -0.078963 0.454683 -0.000001 9.617805 1.684979 -7.563342 1.375724 -0.080566 0.000000 22.037354 7.501071 -0.000000 -0.000000 -0.000000 -4.569999 11.014879 -2.160840 1.203181 15.343668 14.706010 13.158781 27.555118 58.785218 -0.000007 6.693740 0.000008 -20.179053 -0.514128 6.782823 -2.464807 -1.574002 2.681909 -1.665241 -0.174476 -4.219036 12.710941 -29.825397 -16.130877 -2.646281 -1.527805 1.527815 -15.549407 -3.559428 -12.707123 -1.994597 -1.151579 1.151577 -0.000002 -0.000001 -0.000000 -9.108304 -0.517879 2.259802 0.038555 1.262300 6.823740 0.213716 -1.396026 17.407041 0.046021 -0.653840 8.053242 0.000000 0.000001 0.000002 -9.532502 0.000009 0.000000 -0.136239 -2.205103 14.998885 0.214451 -1.398347 17.436892 0.239775 -1.476522 18.446290 -0.000002 -0.000001 0.000004 -9.103614 -0.043092 -1.865102 0.030599 -3.075760 20.450997 0.308446 -1.668278 20.948539 0.225820 -1.434045 17.897102 -0.000001 0.000002 0.000002 -8.076706 -0.486742 -3.806300 0.748865 -4.885244 26.473759 0.214470 -1.398384 17.437253 0.192999 -1.328173 16.535837 0.000001 -0.000001 0.000001 4.570407 11.014683 -2.160813 1.049447 -17.442066 -12.319461 3.916265 -19.989242 -69.765246 0.000001 -1.459367 -0.000003 -33.230499 -1.364892 -6.186633 2.466103 -1.576207 2.681699 -0.662920 2.160394 4.832512 11.853555 25.421664 17.058283 2.647875 -1.528731 1.528750 -13.813931 3.537292 9.036009 1.998905 -1.154081 1.154074 0.000001 0.000003 0.000001 9.109302 -0.518014 2.259901 0.019846 -0.969576 -7.593533 0.267847 1.752926 -17.375713 0.057670 0.820968 -8.037999 0.000000 0.000001 0.000005 9.533396 0.000010 -0.000000 -0.076334 2.665806 -15.696823 0.268761 1.755834 -17.405525 0.300508 1.854010 -18.413331 -0.000000 -0.000001 0.000001 9.104506 -0.042992 -1.865101 0.136870 3.641811 -21.133500 0.386596 2.094822 -20.911907 0.283018 1.800668 -17.864988 -0.000000 -0.000001 0.000002 8.077801 -0.486895 -3.806302 0.927692 5.555973 -27.128039 0.268768 1.755869 -17.405873 0.241880 1.667721 -16.505886 0.000000 0.000000 -0.000001 -8.207798 -6.751713 -1.599543 0.648648 -10.391049 3.516169 7.327109 -9.763709 -3.277842 -3.649289 -1.650149 3.202045 -7.282869 -0.000007 -0.000000 -0.000001 0.000002 0.000000 8.207800 -6.751718 -1.599544 -10.775406 14.739010 10.344595 12.136703 2.032052 4.168245 1.287348 0.513466 -7.110659 -4.928524 0.000008 -0.000002 0.000000 0.000000 0.000000 
0.145432 103.385368 1.423460 -3.753024 -5.218091 -3.769914 -0.000000 10.181541 0.131526 3.296628 1.543090 2.742651 1.151891 0.339458 1.552798 1.126014 0.361543 1.555887 0.000000 16.740345 -2.049021 5.626309 -0.078963 0.454683 -0.000001 9.617805 1.684979 -7.563342 1.375724 -0.080566 0.000000 22.037354 7.501071 -0.000000 -0.000000 -0.000000 -4.569999 11.014879 -2.160840 1.203181 15.343668 14.706010 13.158781 27.555118 58.785218 -0.000007 6.693740 0.000008 -20.179053 -0.514128 6.782823 -2.464807 -1.574002 2.681909 -1.665241 -0.174476 -4.219036 12.710941 -29.825397 -16.130877 -2.646281 -1.527805 1.527815 -15.549407 -3.559428 -12.707123 -1.994597 -1.151579 1.151577 -0.000002 -0.000001 -0.000000 -9.108304 -0.517879 2.259802 0.038555 1.262300 6.823740 0.213716 -1.396026 17.407041 0.046021 -0.653840 8.053242 0.000000 0.000001 0.000002 -9.532502 0.000009 0.000000 -0.136239 -2.205103 14.998885 0.214451 -1.398347 17.436892 0.239775 -1.476522 18.446290 -0.000002 -0.000001 0.000004 -9.103614 -0.043092 -1.865102 0.030599 -3.075760 20.450997 0.308446 -1.668278 20.948539 0.225820 -1.434045 17.897102 -0.000001 0.000002 0.000002 -8.076706 -0.486742 -3.806300 0.748865 -4.885244 26.473759 0.214470 -1.398384 17.437253 0.192999 -1.328173 16.535837 0.000001 -0.000001 0.000001 4.570407 11.014683 -2.160813 1.049447 -17.442066 -12.319461 3.916265 -19.989242 -69.765246 0.000001 -1.459367 -0.000003 -33.230499 -1.364892 -6.186633 2.466103 -1.576207 2.681699 -0.662920 2.160394 4.832512 11.853555 25.421664 17.058283 2.647875 -1.528731 1.528750 -13.813931 3.537292 9.036009 1.998905 -1.154081 1.154074 0.000001 0.000003 0.000001 9.109302 -0.518014 2.259901 0.019846 -0.969576 -7.593533 0.267847 1.752926 -17.375713 0.057670 0.820968 -8.037999 0.000000 0.000001 0.000005 9.533396 0.000010 -0.000000 -0.076334 2.665806 -15.696823 0.268761 1.755834 -17.405525 0.300508 1.854010 -18.413331 -0.000000 -0.000001 0.000001 9.104506 -0.042992 -1.865101 0.136870 3.641811 -21.133500 0.386596 2.094822 -20.911907 0.283018 1.800668 -17.864988 -0.000000 -0.000001 0.000002 8.077801 -0.486895 -3.806302 0.927692 5.555973 -27.128039 0.268768 1.755869 -17.405873 0.241880 1.667721 -16.505886 0.000000 0.000000 -0.000001 -8.207798 -6.751713 -1.599543 0.648648 -10.391049 3.516169 7.327109 -9.763709 -3.277842 -3.649289 -1.650149 3.202045 -7.282869 -0.000007 -0.000000 -0.000001 0.000002 0.000000 8.207800 -6.751718 -1.599544 -10.775406 14.739010 10.344595 12.136703 2.032052 4.168245 1.287348 0.513466 -7.110659 -4.928524 0.000008 -0.000002 0.000000 0.000000 0.000000 
0.145432 103.385368 1.423460 -3.753024 -5.218091 -3.769914 -0.000000 10.181541 0.131526 3.296628 1.543090 2.742651 1.151891 0.339458 1.552798 1.126014 0.361543 1.555887 0.000000 16.740345 -2.049021 5.626309 -0.078963 0.454683 -0.000001 9.617805 1.684979 -7.563342 1.375724 -0.080566 0.000000 22.037354 7.501071 -0.000000 -0.000000 -0.000000 -4.569999 11.014879 -2.160840 1.203181 15.343668 14.706010 13.158781 27.555118 58.785218 -0.000007 6.693740 0.000008 -20.179053 -0.514128 6.782823 -2.464807 -1.574002 2.681909 -1.665241 -0.174476 -4.219036 12.710941 -29.825397 -16.130877 -2.646281 -1.527805 1.527815 -15.549407 -3.559428 -12.707123 -1.994597 -1.151579 1.151577 -0.000002 -0.000001 -0.000000 -9.108304 -0.517879 2.259802 0.038555 1.262300 6.823740 0.213716 -1.396026 17.407041 0.046021 -0.653840 8.053242 0.000000 0.000001 0.000002 -9.532502 0.000009 0.000000 -0.136239 -2.205103 14.998885 0.214451 -1.398347 17.436892 0.239775 -1.476522 18.446290 -0.000002 -0.000001 0.000004 -9.103614 -0.043092 -1.865102 0.030599 -3.075760 20.450997 0.308446 -1.668278 20.948539 0.225820 -1.434045 17.897102 -0.000001 0.000002 0.000002 -8.076706 -0.486742 -3.806300 0.748865 -4.885244 26.473759 0.214470 -1.398384 17.437253 0.192999 -1.328173 16.535837 0.000001 -0.000001 0.000001 4.570407 11.014683 -2.160813 1.049447 -17.442066 -12.319461 3.916265 -19.989242 -69.765246 0.000001 -1.459367 -0.000003 -33.230499 -1.364892 -6.186633 2.466103 -1.576207 2.681699 -0.662920 2.160394 4.832512 11.853555 25.421664 17.058283 2.647875 -1.528731 1.528750 -13.813931 3.537292 9.036009 1.998905 -1.154081 1.154074 0.000001 0.000003 0.000001 9.109302 -0.518014 2.259901 0.019846 -0.969576 -7.593533 0.267847 1.752926 -17.375713 0.057670 0.820968 -8.037999 0.000000 0.000001 0.000005 9.533396 0.000010 -0.000000 -0.076334 2.665806 -15.696823 0.268761 1.755834 -17.405525 0.300508 1.854010 -18.413331 -0.000000 -0.000001 0.000001 9.104506 -0.042992 -1.865101 0.136870 3.641811 -21.133500 0.386596 2.094822 -20.911907 0.283018 1.800668 -17.864988 -0.000000 -0.000001 0.000002 8.077801 -0.486895 -3.806302 0.927692 5.555973 -27.128039 0.268768 1.755869 -17.405873 0.241880 1.667721 -16.505886 0.000000 0.000000 -0.000001 -8.207798 -6.751713 -1.599543 0.648648 -10.391049 3.516169 7.327109 -9.763709 -3.277842 -3.649289 -1.650149 3.202045 -7.282869 -0.000007 -0.000000 -0.000001 0.000002 0.000000 8.207800 -6.751718 -1.599544 -10.775406 14.739010 10.344595 12.136703 2.032052 4.168245 1.287348 0.513466 -7.110659 -4.928524 0.000008 -0.000002 0.000000 0.000000 0.000000 
0.145432 103.385368 1.423460 -3.753024 -5.218091 -3.769914 -0.000000 10.181541 0.131526 3.296628 1.543090 2.742651 1.151891 0.339458 1.552798 1.126014 0.361543 1.555887 0.000000 16.740345 -2.049021 5.626309 -0.078963 0.454683 -0.000001 9.617805 1.684979 -7.563342 1.375724 -0.080566 0.000000 22.037354 7.501071 -0.000000 -0.000000 -0.000000 -4.569999 11.014879 -2.160840 1.203181 15.343668 14.706010 13.158781 27.555118 58.785218 -0.000007 6.693740 0.000008 -20.179053 -0.514128 6.782823 -2.464807 -1.574002 2.681909 -1.665241 -0.174476 -4.219036 12.710941 -29.825397 -16.130877 -2.646281 -1.527805 1.527815 -15.549407 -3.559428 -12.707123 -1.994597 -1.151579 1.151577 -0.000002 -0.000001 -0.000000 -9.108304 -0.517879 2.259802 0.038555 1.262300 6.823740 0.213716 -1.396026 17.407041 0.046021 -0.653840 8.053242 0.000000 0.000001 0.000002 -9.532502 0.000009 0.000000 -0.136239 -2.205103 14.998885 0.214451 -1.398347 17.436892 0.239775 -1.476522 18.446290 -0.000002 -0.000001 0.000004 -9.103614 -0.043092 -1.865102 0.030599 -3.075760 20.450997 0.308446 -1.668278 20.948539 0.225820 -1.434045 17.897102 -0.000001 0.000002 0.000002 -8.076706 -0.486742 -3.806300 0.748865 -4.885244 26.473759 0.214470 -1.398384 17.437253 0.192999 -1.328173 16.535837 0.000001 -0.000001 0.000001 4.570407 11.014683 -2.160813 1.049447 -17.442066 -12.319461 3.916265 -19.989242 -69.765246 0.000001 -1.459367 -0.000003 -33.230499 -1.364892 -6.186633 2.466103 -1.576207 2.681699 -0.662920 2.160394 4.832512 11.853555 25.421664 17.058283 2.647875 -1.528731 1.528750 -13.813931 3.537292 9.036009 1.998905 -1.154081 1.154074 0.000001 0.000003 0.000001 9.109302 -0.518014 2.259901 0.019846 -0.969576 -7.593533 0.267847 1.752926 -17.375713 0.057670 0.820968 -8.037999 0.000000 0.000001 0.000005 9.533396 0.000010 -0.000000 -0.076334 2.665806 -15.696823 0.268761 1.755834 -17.405525 0.300508 1.854010 -18.413331 -0.000000 -0.000001 0.000001 9.104506 -0.042992 -1.865101 0.136870 3.641811 -21.133500 0.386596 2.094822 -20.911907 0.283018 1.800668 -17.864988 -0.000000 -0.000001 0.000002 8.077801 -0.486895 -3.806302 0.927692 5.555973 -27.128039 0.268768 1.755869 -17.405873 0.241880 1.667721 -16.505886 0.000000 0.000000 -0.000001 -8.207798 -6.751713 -1.599543 0.648648 -10.391049 3.516169 7.327109 -9.763709 -3.277842 -3.649289 -1.650149 3.202045 -7.282869 -0.000007 -0.000000 -0.000001 0.000002 0.000000 8.207800 -6.751718 -1.599544 -10.775406 14.739010 10.344595 12.136703 2.032052 4.168245 1.287348 0.513466 -7.110659 -4.928524 0.000008 -0.000002 0.000000 0.000000 0.000000 
0.145432 103.385368 1.423460 -3.753024 -5.218091 -3.769914 -0.000000 10.181541 0.131526 3.296628 1.543090 2.742651 1.151891 0.339458 1.552798 1.126014 0.361543 1.555887 0.000000 16.740345 -2.049021 5.626309 -0.078963 0.454683 -0.000001 9.617805 1.684979 -7.563342 1.375724 -0.080566 0.000000 22.037354 7.501071 -0.000000 -0.000000 -0.000000 -4.569999 11.014879 -2.160840 1.203181 15.343668 14.706010 13.158781 27.555118 58.785218 -0.000007 6.693740 0.000008 -20.179053 -0.514128 6.782823 -2.464807 -1.574002 2.681909 -1.665241 -0.174476 -4.219036 12.710941 -29.825397 -16.130877 -2.646281 -1.527805 1.527815 -15.549407 -3.559428 -12.707123 -1.994597 -1.151579 1.151577 -0.000002 -0.000001 -0.000000 -9.108304 -0.517879 2.259802 0.038555 1.262300 6.823740 0.213716 -1.396026 17.407041 0.046021 -0.653840 8.053242 0.000000 0.000001 0.000002 -9.532502 0.000009 0.000000 -0.136239 -2.205103 14.998885 0.214451 -1.398347 17.436892 0.239775 -1.476522 18.446290 -0.000002 -0.000001 0.000004 -9.103614 -0.043092 -1.865102 0.030599 -3.075760 20.450997 0.308446 -1.668278 20.948539 0.225820 -1.434045 17.897102 -0.000001 0.000002 0.000002 -8.076706 -0.486742 -3.806300 0.748865 -4.885244 26.473759 0.214470 -1.398384 17.437253 0.192999 -1.328173 16.535837 0.000001 -0.000001 0.000001 4.570407 11.014683 -2.160813 1.049447 -17.442066 -12.319461 3.916265 -19.989242 -69.765246 0.000001 -1.459367 -0.000003 -33.230499 -1.364892 -6.186633 2.466103 -1.576207 2.681699 -0.662920 2.160394 4.832512 11.853555 25.421664 17.058283 2.647875 -1.528731 1.528750 -13.813931 3.537292 9.036009 1.998905 -1.154081 1.154074 0.000001 0.000003 0.000001 9.109302 -0.518014 2.259901 0.019846 -0.969576 -7.593533 0.267847 1.752926 -17.375713 0.057670 0.820968 -8.037999 0.000000 0.000001 0.000005 9.533396 0.000010 -0.000000 -0.076334 2.665806 -15.696823 0.268761 1.755834 -17.405525 0.300508 1.854010 -18.413331 -0.000000 -0.000001 0.000001 9.104506 -0.042992 -1.865101 0.136870 3.641811 -21.133500 0.386596 2.094822 -20.911907 0.283018 1.800668 -17.864988 -0.000000 -0.000001 0.000002 8.077801 -0.486895 -3.806302 0.927692 5.555973 -27.128039 0.268768 1.755869 -17.405873 0.241880 1.667721 -16.505886 0.000000 0.000000 -0.000001 -8.207798 -6.751713 -1.599543 0.648648 -10.391049 3.516169 7.327109 -9.763709 -3.277842 -3.649289 -1.650149 3.202045 -7.282869 -0.000007 -0.000000 -0.000001 0.000002 0.000000 8.207800 -6.751718 -1.599544 -10.775406 14.739010 10.344595 12.136703 2.032052 4.168245 1.287348 0.513466 -7.110659 -4.928524 0.000008 -0.000002 0.000000 0.000000 0.000000 
0.145432 103.385368 1.423460 -3.753024 -5.218091 -3.769914 -0.000000 10.181541 0.131526 3.296628 1.543090 2.742651 1.151891 0.339458 1.552798 1.126014 0.361543 1.555887 0.000000 16.740345 -2.049021 5.626309 -0.078963 0.454683 -0.000001 9.617805 1.684979 -7.563342 1.375724 -0.080566 0.000000 22.037354 7.501071 -0.000000 -0.000000 -0.000000 -4.569999 11.014879 -2.160840 1.203181 15.343668 14.706010 13.158781 27.555118 58.785218 -0.000007 6.693740 0.000008 -20.179053 -0.514128 6.782823 -2.464807 -1.574002 2.681909 -1.665241 -0.174476 -4.219036 12.710941 -29.825397 -16.130877 -2.646281 -1.527805 1.527815 -15.549407 -3.559428 -12.707123 -1.994597 -1.151579 1.151577 -0.000002 -0.000001 -0.000000 -9.108304 -0.517879 2.259802 0.038555 1.262300 6.823740 0.213716 -1.396026 17.407041 0.046021 -0.653840 8.053242 0.000000 0.000001 0.000002 -9.532502 0.000009 0.000000 -0.136239 -2.205103 14.998885 0.214451 -1.398347 17.436892 0.239775 -1.476522 18.446290 -0.000002 -0.000001 0.000004 -9.103614 -0.043092 -1.865102 0.030599 -3.075760 20.450997 0.308446 -1.668278 20.948539 0.225820 -1.434045 17.897102 -0.000001 0.000002 0.000002 -8.076706 -0.486742 -3.806300 0.748865 -4.885244 26.473759 0.214470 -1.398384 17.437253 0.192999 -1.328173 16.535837 0.000001 -0.000001 0.000001 4.570407 11.014683 -2.160813 1.049447 -17.442066 -12.319461 3.916265 -19.989242 -69.765246 0.000001 -1.459367 -0.000003 -33.230499 -1.364892 -6.186633 2.466103 -1.576207 2.681699 -0.662920 2.160394 4.832512 11.853555 25.421664 17.058283 2.647875 -1.528731 1.528750 -13.813931 3.537292 9.036009 1.998905 -1.154081 1.154074 0.000001 0.000003 0.000001 9.109302 -0.518014 2.259901 0.019846 -0.969576 -7.593533 0.267847 1.752926 -17.375713 0.057670 0.820968 -8.037999 0.000000 0.000001 0.000005 9.533396 0.000010 -0.000000 -0.076334 2.665806 -15.696823 0.268761 1.755834 -17.405525 0.300508 1.854010 -18.413331 -0.000000 -0.000001 0.000001 9.104506 -0.042992 -1.865101 0.136870 3.641811 -21.133500 0.386596 2.094822 -20.911907 0.283018 1.800668 -17.864988 -0.000000 -0.000001 0.000002 8.077801 -0.486895 -3.806302 0.927692 5.555973 -27.128039 0.268768 1.755869 -17.405873 0.241880 1.667721 -16.505886 0.000000 0.000000 -0.000001 -8.207798 -6.751713 -1.599543 0.648648 -10.391049 3.516169 7.327109 -9.763709 -3.277842 -3.649289 -1.650149 3.202045 -7.282869 -0.000007 -0.000000 -0.000001 0.000002 0.000000 8.207800 -6.751718 -1.599544 -10.775406 14.739010 10.344595 12.136703 2.032052 4.168245 1.287348 0.513466 -7.110659 -4.928524 0.000008 -0.000002 0.000000 0.000000 0.000000 
0.145432 103.385368 1.423460 -3.753024 -5.218091 -3.769914 -0.000000 10.181541 0.131526 3.296628 1.543090 2.742651 1.151891 0.339458 1.552798 1.126014 0.361543 1.555887 0.000000 16.740345 -2.049021 5.626309 -0.078963 0.454683 -0.000001 9.617805 1.684979 -7.563342 1.375724 -0.080566 0.000000 22.037354 7.501071 -0.000000 -0.000000 -0.000000 -4.569999 11.014879 -2.160840 1.203181 15.343668 14.706010 13.158781 27.555118 58.785218 -0.000007 6.693740 0.000008 -20.179053 -0.514128 6.782823 -2.464807 -1.574002 2.681909 -1.665241 -0.174476 -4.219036 12.710941 -29.825397 -16.130877 -2.646281 -1.527805 1.527815 -15.549407 -3.559428 -12.707123 -1.994597 -1.151579 1.151577 -0.000002 -0.000001 -0.000000 -9.108304 -0.517879 2.259802 0.038555 1.262300 6.823740 0.213716 -1.396026 17.407041 0.046021 -0.653840 8.053242 0.000000 0.000001 0.000002 -9.532502 0.000009 0.000000 -0.136239 -2.205103 14.998885 0.214451 -1.398347 17.436892 0.239775 -1.476522 18.446290 -0.000002 -0.000001 0.000004 -9.103614 -0.043092 -1.865102 0.030599 -3.075760 20.450997 0.308446 -1.668278 20.948539 0.225820 -1.434045 17.897102 -0.000001 0.000002 0.000002 -8.076706 -0.486742 -3.806300 0.748865 -4.885244 26.473759 0.214470 -1.398384 17.437253 0.192999 -1.328173 16.535837 0.000001 -0.000001 0.000001 4.570407 11.014683 -2.160813 1.049447 -17.442066 -12.319461 3.916265 -19.989242 -69.765246 0.000001 -1.459367 -0.000003 -33.230499 -1.364892 -6.186633 2.466103 -1.576207 2.681699 -0.662920 2.160394 4.832512 11.853555 25.421664 17.058283 2.647875 -1.528731 1.528750 -13.813931 3.537292 9.036009 1.998905 -1.154081 1.154074 0.000001 0.000003 0.000001 9.109302 -0.518014 2.259901 0.019846 -0.969576 -7.593533 0.267847 1.752926 -17.375713 0.057670 0.820968 -8.037999 0.000000 0.000001 0.000005 9.533396 0.000010 -0.000000 -0.076334 2.665806 -15.696823 0.268761 1.755834 -17.405525 0.300508 1.854010 -18.413331 -0.000000 -0.000001 0.000001 9.104506 -0.042992 -1.865101 0.136870 3.641811 -21.133500 0.386596 2.094822 -20.911907 0.283018 1.800668 -17.864988 -0.000000 -0.000001 0.000002 8.077801 -0.486895 -3.806302 0.927692 5.555973 -27.128039 0.268768 1.755869 -17.405873 0.241880 1.667721 -16.505886 0.000000 0.000000 -0.000001 -8.207798 -6.751713 -1.599543 0.648648 -10.391049 3.516169 7.327109 -9.763709 -3.277842 -3.649289 -1.650149 3.202045 -7.282869 -0.000007 -0.000000 -0.000001 0.000002 0.000000 8.207800 -6.751718 -1.599544 -10.775406 14.739010 10.344595 12.136703 2.032052 4.168245 1.287348 0.513466 -7.110659 -4.928524 0.000008 -0.000002 0.000000 0.000000 0.000000 
0.145432 103.385368 1.423460 -3.753024 -5.218091 -3.769914 -0.000000 10.181541 0.131526 3.296628 1.543090 2.742651 1.151891 0.339458 1.552798 1.126014 0.361543 1.555887 0.000000 16.740345 -2.049021 5.626309 -0.078963 0.454683 -0.000001 9.617805 1.684979 -7.563342 1.375724 -0.080566 0.000000 22.037354 7.501071 -0.000000 -0.000000 -0.000000 -4.569999 11.014879 -2.160840 1.203181 15.343668 14.706010 13.158781 27.555118 58.785218 -0.000007 6.693740 0.000008 -20.179053 -0.514128 6.782823 -2.464807 -1.574002 2.681909 -1.665241 -0.174476 -4.219036 12.710941 -29.825397 -16.130877 -2.646281 -1.527805 1.527815 -15.549407 -3.559428 -12.707123 -1.994597 -1.151579 1.151577 -0.000002 -0.000001 -0.000000 -9.108304 -0.517879 2.259802 0.038555 1.262300 6.823740 0.213716 -1.396026 17.407041 0.046021 -0.653840 8.053242 0.000000 0.000001 0.000002 -9.532502 0.000009 0.000000 -0.136239 -2.205103 14.998885 0.214451 -1.398347 17.436892 0.239775 -1.476522 18.446290 -0.000002 -0.000001 0.000004 -9.103614 -0.043092 -1.865102 0.030599 -3.075760 20.450997 0.308446 -1.668278 20.948539 0.225820 -1.434045 17.897102 -0.000001 0.000002 0.000002 -8.076706 -0.486742 -3.806300 0.748865 -4.885244 26.473759 0.214470 -1.398384 17.437253 0.192999 -1.328173 16.535837 0.000001 -0.000001 0.000001 4.570407 11.014683 -2.160813 1.049447 -17.442066 -12.319461 3.916265 -19.989242 -69.765246 0.000001 -1.459367 -0.000003 -33.230499 -1.364892 -6.186633 2.466103 -1.576207 2.681699 -0.662920 2.160394 4.832512 11.853555 25.421664 17.058283 2.647875 -1.528731 1.528750 -13.813931 3.537292 9.036009 1.998905 -1.154081 1.154074 0.000001 0.000003 0.000001 9.109302 -0.518014 2.259901 0.019846 -0.969576 -7.593533 0.267847 1.752926 -17.375713 0.057670 0.820968 -8.037999 0.000000 0.000001 0.000005 9.533396 0.000010 -0.000000 -0.076334 2.665806 -15.696823 0.268761 1.755834 -17.405525 0.300508 1.854010 -18.413331 -0.000000 -0.000001 0.000001 9.104506 -0.042992 -1.865101 0.136870 3.641811 -21.133500 0.386596 2.094822 -20.911907 0.283018 1.800668 -17.864988 -0.000000 -0.000001 0.000002 8.077801 -0.486895 -3.806302 0.927692 5.555973 -27.128039 0.268768 1.755869 -17.405873 0.241880 1.667721 -16.505886 0.000000 0.000000 -0.000001 -8.207798 -6.751713 -1.599543 0.648648 -10.391049 3.516169 7.327109 -9.763709 -3.277842 -3.649289 -1.650149 3.202045 -7.282869 -0.000007 -0.000000 -0.000001 0.000002 0.000000 8.207800 -6.751718 -1.599544 -10.775406 14.739010 10.344595 12.136703 2.032052 4.168245 1.287348 0.513466 -7.110659 -4.928524 0.000008 -0.000002 0.000000 0.000000 0.000000 
0.145432 103.385368 1.423460 -3.753024 -5.218091 -3.769914 -0.000000 10.181541 0.131526 3.296628 1.543090 2.742651 1.151891 0.339458 1.552798 1.126014 0.361543 1.555887 0.000000 16.740345 -2.049021 5.626309 -0.078963 0.454683 -0.000001 9.617805 1.684979 -7.563342 1.375724 -0.080566 0.000000 22.037354 7.501071 -0.000000 -0.000000 -0.000000 -4.569999 11.014879 -2.160840 1.203181 15.343668 14.706010 13.158781 27.555118 58.785218 -0.000007 6.693740 0.000008 -20.179053 -0.514128 6.782823 -2.464807 -1.574002 2.681909 -1.665241 -0.174476 -4.219036 12.710941 -29.825397 -16.130877 -2.646281 -1.527805 1.527815 -15.549407 -3.559428 -12.707123 -1.994597 -1.151579 1.151577 -0.000002 -0.000001 -0.000000 -9.108304 -0.517879 2.259802 0.038555 1.262300 6.823740 0.213716 -1.396026 17.407041 0.046021 -0.653840 8.053242 0.000000 0.000001 0.000002 -9.532502 0.000009 0.000000 -0.136239 -2.205103 14.998885 0.214451 -1.398347 17.436892 0.239775 -1.476522 18.446290 -0.000002 -0.000001 0.000004 -9.103614 -0.043092 -1.865102 0.030599 -3.075760 20.450997 0.308446 -1.668278 20.948539 0.225820 -1.434045 17.897102 -0.000001 0.000002 0.000002 -8.076706 -0.486742 -3.806300 0.748865 -4.885244 26.473759 0.214470 -1.398384 17.437253 0.192999 -1.328173 16.535837 0.000001 -0.000001 0.000001 4.570407 11.014683 -2.160813 1.049447 -17.442066 -12.319461 3.916265 -19.989242 -69.765246 0.000001 -1.459367 -0.000003 -33.230499 -1.364892 -6.186633 2.466103 -1.576207 2.681699 -0.662920 2.160394 4.832512 11.853555 25.421664 17.058283 2.647875 -1.528731 1.528750 -13.813931 3.537292 9.036009 1.998905 -1.154081 1.154074 0.000001 0.000003 0.000001 9.109302 -0.518014 2.259901 0.019846 -0.969576 -7.593533 0.267847 1.752926 -17.375713 0.057670 0.820968 -8.037999 0.000000 0.000001 0.000005 9.533396 0.000010 -0.000000 -0.076334 2.665806 -15.696823 0.268761 1.755834 -17.405525 0.300508 1.854010 -18.413331 -0.000000 -0.000001 0.000001 9.104506 -0.042992 -1.865101 0.136870 3.641811 -21.133500 0.386596 2.094822 -20.911907 0.283018 1.800668 -17.864988 -0.000000 -0.000001 0.000002 8.077801 -0.486895 -3.806302 0.927692 5.555973 -27.128039 0.268768 1.755869 -17.405873 0.241880 1.667721 -16.505886 0.000000 0.000000 -0.000001 -8.207798 -6.751713 -1.599543 0.648648 -10.391049 3.516169 7.327109 -9.763709 -3.277842 -3.649289 -1.650149 3.202045 -7.282869 -0.000007 -0.000000 -0.000001 0.000002 0.000000 8.207800 -6.751718 -1.599544 -10.775406 14.739010 10.344595 12.136703 2.032052 4.168245 1.287348 0.513466 -7.110659 -4.928524 0.000008 -0.000002 0.000000 0.000000 0.000000 
0.145432 103.385368 1.423460 -3.753024 -5.218091 -3.769914 -0.000000 10.181541 0.131526 3.296628 1.543090 2.742651 1.151891 0.339458 1.552798 1.126014 0.361543 1.555887 0.000000 16.740345 -2.049021 5.626309 -0.078963 0.454683 -0.000001 9.617805 1.684979 -7.563342 1.375724 -0.080566 0.000000 22.037354 7.501071 -0.000000 -0.000000 -0.000000 -4.569999 11.014879 -2.160840 1.203181 15.343668 14.706010 13.158781 27.555118 58.785218 -0.000007 6.693740 0.000008 -20.179053 -0.514128 6.782823 -2.464807 -1.574002 2.681909 -1.665241 -0.174476 -4.219036 12.710941 -29.825397 -16.130877 -2.646281 -1.527805 1.527815 -15.549407 -3.559428 -12.707123 -1.994597 -1.151579 1.151577 -0.000002 -0.000001 -0.000000 -9.108304 -0.517879 2.259802 0.038555 1.262300 6.823740 0.213716 -1.396026 17.407041 0.046021 -0.653840 8.053242 0.000000 0.000001 0.000002 -9.532502 0.000009 0.000000 -0.136239 -2.205103 14.998885 0.214451 -1.398347 17.436892 0.239775 -1.476522 18.446290 -0.000002 -0.000001 0.000004 -9.103614 -0.043092 -1.865102 0.030599 -3.075760 20.450997 0.308446 -1.668278 20.948539 0.225820 -1.434045 17.897102 -0.000001 0.000002 0.000002 -8.076706 -0.486742 -3.806300 0.748865 -4.885244 26.473759 0.214470 -1.398384 17.437253 0.192999 -1.328173 16.535837 0.000001 -0.000001 0.000001 4.570407 11.014683 -2.160813 1.049447 -17.442066 -12.319461 3.916265 -19.989242 -69.765246 0.000001 -1.459367 -0.000003 -33.230499 -1.364892 -6.186633 2.466103 -1.576207 2.681699 -0.662920 2.160394 4.832512 11.853555 25.421664 17.058283 2.647875 -1.528731 1.528750 -13.813931 3.537292 9.036009 1.998905 -1.154081 1.154074 0.000001 0.000003 0.000001 9.109302 -0.518014 2.259901 0.019846 -0.969576 -7.593533 0.267847 1.752926 -17.375713 0.057670 0.820968 -8.037999 0.000000 0.000001 0.000005 9.533396 0.000010 -0.000000 -0.076334 2.665806 -15.696823 0.268761 1.755834 -17.405525 0.300508 1.854010 -18.413331 -0.000000 -0.000001 0.000001 9.104506 -0.042992 -1.865101 0.136870 3.641811 -21.133500 0.386596 2.094822 -20.911907 0.283018 1.800668 -17.864988 -0.000000 -0.000001 0.000002 8.077801 -0.486895 -3.806302 0.927692 5.555973 -27.128039 0.268768 1.755869 -17.405873 0.241880 1.667721 -16.505886 0.000000 0.000000 -0.000001 -8.207798 -6.751713 -1.599543 0.648648 -10.391049 3.516169 7.327109 -9.763709 -3.277842 -3.649289 -1.650149 3.202045 -7.282869 -0.000007 -0.000000 -0.000001 0.000002 0.000000 8.207800 -6.751718 -1.599544 -10.775406 14.739010 10.344595 12.136703 2.032052 4.168245 1.287348 0.513466 -7.110659 -4.928524 0.000008 -0.000002 0.000000 0.000000 0.000000 
0.145432 103.385368 1.423460 -3.753024 -5.218091 -3.769914 -0.000000 10.181541 0.131526 3.296628 1.543090 2.742651 1.151891 0.339458 1.552798 1.126014 0.361543 1.555887 0.000000 16.740345 -2.049021 5.626309 -0.078963 0.454683 -0.000001 9.617805 1.684979 -7.563342 1.375724 -0.080566 0.000000 22.037354 7.501071 -0.000000 -0.000000 -0.000000 -4.569999 11.014879 -2.160840 1.203181 15.343668 14.706010 13.158781 27.555118 58.785218 -0.000007 6.693740 0.000008 -20.179053 -0.514128 6.782823 -2.464807 -1.574002 2.681909 -1.665241 -0.174476 -4.219036 12.710941 -29.825397 -16.130877 -2.646281 -1.527805 1.527815 -15.549407 -3.559428 -12.707123 -1.994597 -1.151579 1.151577 -0.000002 -0.000001 -0.000000 -9.108304 -0.517879 2.259802 0.038555 1.262300 6.823740 0.213716 -1.396026 17.407041 0.046021 -0.653840 8.053242 0.000000 0.000001 0.000002 -9.532502 0.000009 0.000000 -0.136239 -2.205103 14.998885 0.214451 -1.398347 17.436892 0.239775 -1.476522 18.446290 -0.000002 -0.000001 0.000004 -9.103614 -0.043092 -1.865102 0.030599 -3.075760 20.450997 0.308446 -1.668278 20.948539 0.225820 -1.434045 17.897102 -0.000001 0.000002 0.000002 -8.076706 -0.486742 -3.806300 0.748865 -4.885244 26.473759 0.214470 -1.398384 17.437253 0.192999 -1.328173 16.535837 0.000001 -0.000001 0.000001 4.570407 11.014683 -2.160813 1.049447 -17.442066 -12.319461 3.916265 -19.989242 -69.765246 0.000001 -1.459367 -0.000003 -33.230499 -1.364892 -6.186633 2.466103 -1.576207 2.681699 -0.662920 2.160394 4.832512 11.853555 25.421664 17.058283 2.647875 -1.528731 1.528750 -13.813931 3.537292 9.036009 1.998905 -1.154081 1.154074 0.000001 0.000003 0.000001 9.109302 -0.518014 2.259901 0.019846 -0.969576 -7.593533 0.267847 1.752926 -17.375713 0.057670 0.820968 -8.037999 0.000000 0.000001 0.000005 9.533396 0.000010 -0.000000 -0.076334 2.665806 -15.696823 0.268761 1.755834 -17.405525 0.300508 1.854010 -18.413331 -0.000000 -0.000001 0.000001 9.104506 -0.042992 -1.865101 0.136870 3.641811 -21.133500 0.386596 2.094822 -20.911907 0.283018 1.800668 -17.864988 -0.000000 -0.000001 0.000002 8.077801 -0.486895 -3.806302 0.927692 5.555973 -27.128039 0.268768 1.755869 -17.405873 0.241880 1.667721 -16.505886 0.000000 0.000000 -0.000001 -8.207798 -6.751713 -1.599543 0.648648 -10.391049 3.516169 7.327109 -9.763709 -3.277842 -3.649289 -1.650149 3.202045 -7.282869 -0.000007 -0.000000 -0.000001 0.000002 0.000000 8.207800 -6.751718 -1.599544 -10.775406 14.739010 10.344595 12.136703 2.032052 4.168245 1.287348 0.513466 -7.110659 -4.928524 0.000008 -0.000002 0.000000 0.000000 0.000000 
0.145432 103.385368 1.423460 -3.753024 -5.218091 -3.769914 -0.000000 10.181541 0.131526 3.296628 1.543090 2.742651 1.151891 0.339458 1.552798 1.126014 0.361543 1.555887 0.000000 16.740345 -2.049021 5.626309 -0.078963 0.454683 -0.000001 9.617805 1.684979 -7.563342 1.375724 -0.080566 0.000000 22.037354 7.501071 -0.000000 -0.000000 -0.000000 -4.569999 11.014879 -2.160840 1.203181 15.343668 14.706010 13.158781 27.555118 58.785218 -0.000007 6.693740 0.000008 -20.179053 -0.514128 6.782823 -2.464807 -1.574002 2.681909 -1.665241 -0.174476 -4.219036 12.710941 -29.825397 -16.130877 -2.646281 -1.527805 1.527815 -15.549407 -3.559428 -12.707123 -1.994597 -1.151579 1.151577 -0.000002 -0.000001 -0.000000 -9.108304 -0.517879 2.259802 0.038555 1.262300 6.823740 0.213716 -1.396026 17.407041 0.046021 -0.653840 8.053242 0.000000 0.000001 0.000002 -9.532502 0.000009 0.000000 -0.136239 -2.205103 14.998885 0.214451 -1.398347 17.436892 0.239775 -1.476522 18.446290 -0.000002 -0.000001 0.000004 -9.103614 -0.043092 -1.865102 0.030599 -3.075760 20.450997 0.308446 -1.668278 20.948539 0.225820 -1.434045 17.897102 -0.000001 0.000002 0.000002 -8.076706 -0.486742 -3.806300 0.748865 -4.885244 26.473759 0.214470 -1.398384 17.437253 0.192999 -1.328173 16.535837 0.000001 -0.000001 0.000001 4.570407 11.014683 -2.160813 1.049447 -17.442066 -12.319461 3.916265 -19.989242 -69.765246 0.000001 -1.459367 -0.000003 -33.230499 -1.364892 -6.186633 2.466103 -1.576207 2.681699 -0.662920 2.160394 4.832512 11.853555 25.421664 17.058283 2.647875 -1.528731 1.528750 -13.813931 3.537292 9.036009 1.998905 -1.154081 1.154074 0.000001 0.000003 0.000001 9.109302 -0.518014 2.259901 0.019846 -0.969576 -7.593533 0.267847 1.752926 -17.375713 0.057670 0.820968 -8.037999 0.000000 0.000001 0.000005 9.533396 0.000010 -0.000000 -0.076334 2.665806 -15.696823 0.268761 1.755834 -17.405525 0.300508 1.854010 -18.413331 -0.000000 -0.000001 0.000001 9.104506 -0.042992 -1.865101 0.136870 3.641811 -21.133500 0.386596 2.094822 -20.911907 0.283018 1.800668 -17.864988 -0.000000 -0.000001 0.000002 8.077801 -0.486895 -3.806302 0.927692 5.555973 -27.128039 0.268768 1.755869 -17.405873 0.241880 1.667721 -16.505886 0.000000 0.000000 -0.000001 -8.207798 -6.751713 -1.599543 0.648648 -10.391049 3.516169 7.327109 -9.763709 -3.277842 -3.649289 -1.650149 3.202045 -7.282869 -0.000007 -0.000000 -0.000001 0.000002 0.000000 8.207800 -6.751718 -1.599544 -10.775406 14.739010 10.344595 12.136703 2.032052 4.168245 1.287348 0.513466 -7.110659 -4.928524 0.000008 -0.000002 0.000000 0.000000 0.000000 
0.145432 103.385368 1.423460 -3.753024 -5.218091 -3.769914 -0.000000 10.181541 0.131526 3.296628 1.543090 2.742651 1.151891 0.339458 1.552798 1.126014 0.361543 1.555887 0.000000 16.740345 -2.049021 5.626309 -0.078963 0.454683 -0.000001 9.617805 1.684979 -7.563342 1.375724 -0.080566 0.000000 22.037354 7.501071 -0.000000 -0.000000 -0.000000 -4.569999 11.014879 -2.160840 1.203181 15.343668 14.706010 13.158781 27.555118 58.785218 -0.000007 6.693740 0.000008 -20.179053 -0.514128 6.782823 -2.464807 -1.574002 2.681909 -1.665241 -0.174476 -4.219036 12.710941 -29.825397 -16.130877 -2.646281 -1.527805 1.527815 -15.549407 -3.559428 -12.707123 -1.994597 -1.151579 1.151577 -0.000002 -0.000001 -0.000000 -9.108304 -0.517879 2.259802 0.038555 1.262300 6.823740 0.213716 -1.396026 17.407041 0.046021 -0.653840 8.053242 0.000000 0.000001 0.000002 -9.532502 0.000009 0.000000 -0.136239 -2.205103 14.998885 0.214451 -1.398347 17.436892 0.239775 -1.476522 18.446290 -0.000002 -0.000001 0.000004 -9.103614 -0.043092 -1.865102 0.030599 -3.075760 20.450997 0.308446 -1.668278 20.948539 0.225820 -1.434045 17.897102 -0.000001 0.000002 0.000002 -8.076706 -0.486742 -3.806300 0.748865 -4.885244 26.473759 0.214470 -1.398384 17.437253 0.192999 -1.328173 16.535837 0.000001 -0.000001 0.000001 4.570407 11.014683 -2.160813 1.049447 -17.442066 -12.319461 3.916265 -19.989242 -69.765246 0.000001 -1.459367 -0.000003 -33.230499 -1.364892 -6.186633 2.466103 -1.576207 2.681699 -0.662920 2.160394 4.832512 11.853555 25.421664 17.058283 2.647875 -1.528731 1.528750 -13.813931 3.537292 9.036009 1.998905 -1.154081 1.154074 0.000001 0.000003 0.000001 9.109302 -0.518014 2.259901 0.019846 -0.969576 -7.593533 0.267847 1.752926 -17.375713 0.057670 0.820968 -8.037999 0.000000 0.000001 0.000005 9.533396 0.000010 -0.000000 -0.076334 2.665806 -15.696823 0.268761 1.755834 -17.405525 0.300508 1.854010 -18.413331 -0.000000 -0.000001 0.000001 9.104506 -0.042992 -1.865101 0.136870 3.641811 -21.133500 0.386596 2.094822 -20.911907 0.283018 1.800668 -17.864988 -0.000000 -0.000001 0.000002 8.077801 -0.486895 -3.806302 0.927692 5.555973 -27.128039 0.268768 1.755869 -17.405873 0.241880 1.667721 -16.505886 0.000000 0.000000 -0.000001 -8.207798 -6.751713 -1.599543 0.648648 -10.391049 3.516169 7.327109 -9.763709 -3.277842 -3.649289 -1.650149 3.202045 -7.282869 -0.000007 -0.000000 -0.000001 0.000002 0.000000 8.207800 -6.751718 -1.599544 -10.775406 14.739010 10.344595 12.136703 2.032052 4.168245 1.287348 0.513466 -7.110659 -4.928524 0.000008 -0.000002 0.000000 0.000000 0.000000 
0.145432 103.385368 1.423460 -3.753024 -5.218091 -3.769914 -0.000000 10.181541 0.131526 3.296628 1.543090 2.742651 1.151891 0.339458 1.552798 1.126014 0.361543 1.555887 0.000000 16.740345 -2.049021 5.626309 -0.078963 0.454683 -0.000001 9.617805 1.684979 -7.563342 1.375724 -0.080566 0.000000 22.037354 7.501071 -0.000000 -0.000000 -0.000000 -4.569999 11.014879 -2.160840 1.203181 15.343668 14.706010 13.158781 27.555118 58.785218 -0.000007 6.693740 0.000008 -20.179053 -0.514128 6.782823 -2.464807 -1.574002 2.681909 -1.665241 -0.174476 -4.219036 12.710941 -29.825397 -16.130877 -2.646281 -1.527805 1.527815 -15.549407 -3.559428 -12.707123 -1.994597 -1.151579 1.151577 -0.000002 -0.000001 -0.000000 -9.108304 -0.517879 2.259802 0.038555 1.262300 6.823740 0.213716 -1.396026 17.407041 0.046021 -0.653840 8.053242 0.000000 0.000001 0.000002 -9.532502 0.000009 0.000000 -0.136239 -2.205103 14.998885 0.214451 -1.398347 17.436892 0.239775 -1.476522 18.446290 -0.000002 -0.000001 0.000004 -9.103614 -0.043092 -1.865102 0.030599 -3.075760 20.450997 0.308446 -1.668278 20.948539 0.225820 -1.434045 17.897102 -0.000001 0.000002 0.000002 -8.076706 -0.486742 -3.806300 0.748865 -4.885244 26.473759 0.214470 -1.398384 17.437253 0.192999 -1.328173 16.535837 0.000001 -0.000001 0.000001 4.570407 11.014683 -2.160813 1.049447 -17.442066 -12.319461 3.916265 -19.989242 -69.765246 0.000001 -1.459367 -0.000003 -33.230499 -1.364892 -6.186633 2.466103 -1.576207 2.681699 -0.662920 2.160394 4.832512 11.853555 25.421664 17.058283 2.647875 -1.528731 1.528750 -13.813931 3.537292 9.036009 1.998905 -1.154081 1.154074 0.000001 0.000003 0.000001 9.109302 -0.518014 2.259901 0.019846 -0.969576 -7.593533 0.267847 1.752926 -17.375713 0.057670 0.820968 -8.037999 0.000000 0.000001 0.000005 9.533396 0.000010 -0.000000 -0.076334 2.665806 -15.696823 0.268761 1.755834 -17.405525 0.300508 1.854010 -18.413331 -0.000000 -0.000001 0.000001 9.104506 -0.042992 -1.865101 0.136870 3.641811 -21.133500 0.386596 2.094822 -20.911907 0.283018 1.800668 -17.864988 -0.000000 -0.000001 0.000002 8.077801 -0.486895 -3.806302 0.927692 5.555973 -27.128039 0.268768 1.755869 -17.405873 0.241880 1.667721 -16.505886 0.000000 0.000000 -0.000001 -8.207798 -6.751713 -1.599543 0.648648 -10.391049 3.516169 7.327109 -9.763709 -3.277842 -3.649289 -1.650149 3.202045 -7.282869 -0.000007 -0.000000 -0.000001 0.000002 0.000000 8.207800 -6.751718 -1.599544 -10.775406 14.739010 10.344595 12.136703 2.032052 4.168245 1.287348 0.513466 -7.110659 -4.928524 0.000008 -0.000002 0.000000 0.000000 0.000000 
0.145432 103.385368 1.423460 -3.753024 -5.218091 -3.769914 -0.000000 10.181541 0.131526 3.296628 1.543090 2.742651 1.151891 0.339458 1.552798 1.126014 0.361543 1.555887 0.000000 16.740345 -2.049021 5.626309 -0.078963 0.454683 -0.000001 9.617805 1.684979 -7.563342 1.375724 -0.080566 0.000000 22.037354 7.501071 -0.000000 -0.000000 -0.000000 -4.569999 11.014879 -2.160840 1.203181 15.343668 14.706010 13.158781 27.555118 58.785218 -0.000007 6.693740 0.000008 -20.179053 -0.514128 6.782823 -2.464807 -1.574002 2.681909 -1.665241 -0.174476 -4.219036 12.710941 -29.825397 -16.130877 -2.646281 -1.527805 1.527815 -15.549407 -3.559428 -12.707123 -1.994597 -1.151579 1.151577 -0.000002 -0.000001 -0.000000 -9.108304 -0.517879 2.259802 0.038555 1.262300 6.823740 0.213716 -1.396026 17.407041 0.046021 -0.653840 8.053242 0.000000 0.000001 0.000002 -9.532502 0.000009 0.000000 -0.136239 -2.205103 14.998885 0.214451 -1.398347 17.436892 0.239775 -1.476522 18.446290 -0.000002 -0.000001 0.000004 -9.103614 -0.043092 -1.865102 0.030599 -3.075760 20.450997 0.308446 -1.668278 20.948539 0.225820 -1.434045 17.897102 -0.000001 0.000002 0.000002 -8.076706 -0.486742 -3.806300 0.748865 -4.885244 26.473759 0.214470 -1.398384 17.437253 0.192999 -1.328173 16.535837 0.000001 -0.000001 0.000001 4.570407 11.014683 -2.160813 1.049447 -17.442066 -12.319461 3.916265 -19.989242 -69.765246 0.000001 -1.459367 -0.000003 -33.230499 -1.364892 -6.186633 2.466103 -1.576207 2.681699 -0.662920 2.160394 4.832512 11.853555 25.421664 17.058283 2.647875 -1.528731 1.528750 -13.813931 3.537292 9.036009 1.998905 -1.154081 1.154074 0.000001 0.000003 0.000001 9.109302 -0.518014 2.259901 0.019846 -0.969576 -7.593533 0.267847 1.752926 -17.375713 0.057670 0.820968 -8.037999 0.000000 0.000001 0.000005 9.533396 0.000010 -0.000000 -0.076334 2.665806 -15.696823 0.268761 1.755834 -17.405525 0.300508 1.854010 -18.413331 -0.000000 -0.000001 0.000001 9.104506 -0.042992 -1.865101 0.136870 3.641811 -21.133500 0.386596 2.094822 -20.911907 0.283018 1.800668 -17.864988 -0.000000 -0.000001 0.000002 8.077801 -0.486895 -3.806302 0.927692 5.555973 -27.128039 0.268768 1.755869 -17.405873 0.241880 1.667721 -16.505886 0.000000 0.000000 -0.000001 -8.207798 -6.751713 -1.599543 0.648648 -10.391049 3.516169 7.327109 -9.763709 -3.277842 -3.649289 -1.650149 3.202045 -7.282869 -0.000007 -0.000000 -0.000001 0.000002 0.000000 8.207800 -6.751718 -1.599544 -10.775406 14.739010 10.344595 12.136703 2.032052 4.168245 1.287348 0.513466 -7.110659 -4.928524 0.000008 -0.000002 0.000000 0.000000 0.000000 
0.145432 103.385368 1.423460 -3.753024 -5.218091 -3.769914 -0.000000 10.181541 0.131526 3.296628 1.543090 2.742651 1.151891 0.339458 1.552798 1.126014 0.361543 1.555887 0.000000 16.740345 -2.049021 5.626309 -0.078963 0.454683 -0.000001 9.617805 1.684979 -7.563342 1.375724 -0.080566 0.000000 22.037354 7.501071 -0.000000 -0.000000 -0.000000 -4.569999 11.014879 -2.160840 1.203181 15.343668 14.706010 13.158781 27.555118 58.785218 -0.000007 6.693740 0.000008 -20.179053 -0.514128 6.782823 -2.464807 -1.574002 2.681909 -1.665241 -0.174476 -4.219036 12.710941 -29.825397 -16.130877 -2.646281 -1.527805 1.527815 -15.549407 -3.559428 -12.707123 -1.994597 -1.151579 1.151577 -0.000002 -0.000001 -0.000000 -9.108304 -0.517879 2.259802 0.038555 1.262300 6.823740 0.213716 -1.396026 17.407041 0.046021 -0.653840 8.053242 0.000000 0.000001 0.000002 -9.532502 0.000009 0.000000 -0.136239 -2.205103 14.998885 0.214451 -1.398347 17.436892 0.239775 -1.476522 18.446290 -0.000002 -0.000001 0.000004 -9.103614 -0.043092 -1.865102 0.030599 -3.075760 20.450997 0.308446 -1.668278 20.948539 0.225820 -1.434045 17.897102 -0.000001 0.000002 0.000002 -8.076706 -0.486742 -3.806300 0.748865 -4.885244 26.473759 0.214470 -1.398384 17.437253 0.192999 -1.328173 16.535837 0.000001 -0.000001 0.000001 4.570407 11.014683 -2.160813 1.049447 -17.442066 -12.319461 3.916265 -19.989242 -69.765246 0.000001 -1.459367 -0.000003 -33.230499 -1.364892 -6.186633 2.466103 -1.576207 2.681699 -0.662920 2.160394 4.832512 11.853555 25.421664 17.058283 2.647875 -1.528731 1.528750 -13.813931 3.537292 9.036009 1.998905 -1.154081 1.154074 0.000001 0.000003 0.000001 9.109302 -0.518014 2.259901 0.019846 -0.969576 -7.593533 0.267847 1.752926 -17.375713 0.057670 0.820968 -8.037999 0.000000 0.000001 0.000005 9.533396 0.000010 -0.000000 -0.076334 2.665806 -15.696823 0.268761 1.755834 -17.405525 0.300508 1.854010 -18.413331 -0.000000 -0.000001 0.000001 9.104506 -0.042992 -1.865101 0.136870 3.641811 -21.133500 0.386596 2.094822 -20.911907 0.283018 1.800668 -17.864988 -0.000000 -0.000001 0.000002 8.077801 -0.486895 -3.806302 0.927692 5.555973 -27.128039 0.268768 1.755869 -17.405873 0.241880 1.667721 -16.505886 0.000000 0.000000 -0.000001 -8.207798 -6.751713 -1.599543 0.648648 -10.391049 3.516169 7.327109 -9.763709 -3.277842 -3.649289 -1.650149 3.202045 -7.282869 -0.000007 -0.000000 -0.000001 0.000002 0.000000 8.207800 -6.751718 -1.599544 -10.775406 14.739010 10.344595 12.136703 2.032052 4.168245 1.287348 0.513466 -7.110659 -4.928524 0.000008 -0.000002 0.000000 0.000000 0.000000 
0.145432 103.385368 1.423460 -3.753024 -5.218091 -3.769914 -0.000000 10.181541 0.131526 3.296628 1.543090 2.742651 1.151891 0.339458 1.552798 1.126014 0.361543 1.555887 0.000000 16.740345 -2.049021 5.626309 -0.078963 0.454683 -0.000001 9.617805 1.684979 -7.563342 1.375724 -0.080566 0.000000 22.037354 7.501071 -0.000000 -0.000000 -0.000000 -4.569999 11.014879 -2.160840 1.203181 15.343668 14.706010 13.158781 27.555118 58.785218 -0.000007 6.693740 0.000008 -20.179053 -0.514128 6.782823 -2.464807 -1.574002 2.681909 -1.665241 -0.174476 -4.219036 12.710941 -29.825397 -16.130877 -2.646281 -1.527805 1.527815 -15.549407 -3.559428 -12.707123 -1.994597 -1.151579 1.151577 -0.000002 -0.000001 -0.000000 -9.108304 -0.517879 2.259802 0.038555 1.262300 6.823740 0.213716 -1.396026 17.407041 0.046021 -0.653840 8.053242 0.000000 0.000001 0.000002 -9.532502 0.000009 0.000000 -0.136239 -2.205103 14.998885 0.214451 -1.398347 17.436892 0.239775 -1.476522 18.446290 -0.000002 -0.000001 0.000004 -9.103614 -0.043092 -1.865102 0.030599 -3.075760 20.450997 0.308446 -1.668278 20.948539 0.225820 -1.434045 17.897102 -0.000001 0.000002 0.000002 -8.076706 -0.486742 -3.806300 0.748865 -4.885244 26.473759 0.214470 -1.398384 17.437253 0.192999 -1.328173 16.535837 0.000001 -0.000001 0.000001 4.570407 11.014683 -2.160813 1.049447 -17.442066 -12.319461 3.916265 -19.989242 -69.765246 0.000001 -1.459367 -0.000003 -33.230499 -1.364892 -6.186633 2.466103 -1.576207 2.681699 -0.662920 2.160394 4.832512 11.853555 25.421664 17.058283 2.647875 -1.528731 1.528750 -13.813931 3.537292 9.036009 1.998905 -1.154081 1.154074 0.000001 0.000003 0.000001 9.109302 -0.518014 2.259901 0.019846 -0.969576 -7.593533 0.267847 1.752926 -17.375713 0.057670 0.820968 -8.037999 0.000000 0.000001 0.000005 9.533396 0.000010 -0.000000 -0.076334 2.665806 -15.696823 0.268761 1.755834 -17.405525 0.300508 1.854010 -18.413331 -0.000000 -0.000001 0.000001 9.104506 -0.042992 -1.865101 0.136870 3.641811 -21.133500 0.386596 2.094822 -20.911907 0.283018 1.800668 -17.864988 -0.000000 -0.000001 0.000002 8.077801 -0.486895 -3.806302 0.927692 5.555973 -27.128039 0.268768 1.755869 -17.405873 0.241880 1.667721 -16.505886 0.000000 0.000000 -0.000001 -8.207798 -6.751713 -1.599543 0.648648 -10.391049 3.516169 7.327109 -9.763709 -3.277842 -3.649289 -1.650149 3.202045 -7.282869 -0.000007 -0.000000 -0.000001 0.000002 0.000000 8.207800 -6.751718 -1.599544 -10.775406 14.739010 10.344595 12.136703 2.032052 4.168245 1.287348 0.513466 -7.110659 -4.928524 0.000008 -0.000002 0.000000 0.000000 0.000000 
0.145432 103.385368 1.423460 -3.753024 -5.218091 -3.769914 -0.000000 10.181541 0.131526 3.296628 1.543090 2.742651 1.151891 0.339458 1.552798 1.126014 0.361543 1.555887 0.000000 16.740345 -2.049021 5.626309 -0.078963 0.454683 -0.000001 9.617805 1.684979 -7.563342 1.375724 -0.080566 0.000000 22.037354 7.501071 -0.000000 -0.000000 -0.000000 -4.569999 11.014879 -2.160840 1.203181 15.343668 14.706010 13.158781 27.555118 58.785218 -0.000007 6.693740 0.000008 -20.179053 -0.514128 6.782823 -2.464807 -1.574002 2.681909 -1.665241 -0.174476 -4.219036 12.710941 -29.825397 -16.130877 -2.646281 -1.527805 1.527815 -15.549407 -3.559428 -12.707123 -1.994597 -1.151579 1.151577 -0.000002 -0.000001 -0.000000 -9.108304 -0.517879 2.259802 0.038555 1.262300 6.823740 0.213716 -1.396026 17.407041 0.046021 -0.653840 8.053242 0.000000 0.000001 0.000002 -9.532502 0.000009 0.000000 -0.136239 -2.205103 14.998885 0.214451 -1.398347 17.436892 0.239775 -1.476522 18.446290 -0.000002 -0.000001 0.000004 -9.103614 -0.043092 -1.865102 0.030599 -3.075760 20.450997 0.308446 -1.668278 20.948539 0.225820 -1.434045 17.897102 -0.000001 0.000002 0.000002 -8.076706 -0.486742 -3.806300 0.748865 -4.885244 26.473759 0.214470 -1.398384 17.437253 0.192999 -1.328173 16.535837 0.000001 -0.000001 0.000001 4.570407 11.014683 -2.160813 1.049447 -17.442066 -12.319461 3.916265 -19.989242 -69.765246 0.000001 -1.459367 -0.000003 -33.230499 -1.364892 -6.186633 2.466103 -1.576207 2.681699 -0.662920 2.160394 4.832512 11.853555 25.421664 17.058283 2.647875 -1.528731 1.528750 -13.813931 3.537292 9.036009 1.998905 -1.154081 1.154074 0.000001 0.000003 0.000001 9.109302 -0.518014 2.259901 0.019846 -0.969576 -7.593533 0.267847 1.752926 -17.375713 0.057670 0.820968 -8.037999 0.000000 0.000001 0.000005 9.533396 0.000010 -0.000000 -0.076334 2.665806 -15.696823 0.268761 1.755834 -17.405525 0.300508 1.854010 -18.413331 -0.000000 -0.000001 0.000001 9.104506 -0.042992 -1.865101 0.136870 3.641811 -21.133500 0.386596 2.094822 -20.911907 0.283018 1.800668 -17.864988 -0.000000 -0.000001 0.000002 8.077801 -0.486895 -3.806302 0.927692 5.555973 -27.128039 0.268768 1.755869 -17.405873 0.241880 1.667721 -16.505886 0.000000 0.000000 -0.000001 -8.207798 -6.751713 -1.599543 0.648648 -10.391049 3.516169 7.327109 -9.763709 -3.277842 -3.649289 -1.650149 3.202045 -7.282869 -0.000007 -0.000000 -0.000001 0.000002 0.000000 8.207800 -6.751718 -1.599544 -10.775406 14.739010 10.344595 12.136703 2.032052 4.168245 1.287348 0.513466 -7.110659 -4.928524 0.000008 -0.000002 0.000000 0.000000 0.000000 
0.145432 103.385368 1.423460 -3.753024 -5.218091 -3.769914 -0.000000 10.181541 0.131526 3.296628 1.543090 2.742651 1.151891 0.339458 1.552798 1.126014 0.361543 1.555887 0.000000 16.740345 -2.049021 5.626309 -0.078963 0.454683 -0.000001 9.617805 1.684979 -7.563342 1.375724 -0.080566 0.000000 22.037354 7.501071 -0.000000 -0.000000 -0.000000 -4.569999 11.014879 -2.160840 1.203181 15.343668 14.706010 13.158781 27.555118 58.785218 -0.000007 6.693740 0.000008 -20.179053 -0.514128 6.782823 -2.464807 -1.574002 2.681909 -1.665241 -0.174476 -4.219036 12.710941 -29.825397 -16.130877 -2.646281 -1.527805 1.527815 -15.549407 -3.559428 -12.707123 -1.994597 -1.151579 1.151577 -0.000002 -0.000001 -0.000000 -9.108304 -0.517879 2.259802 0.038555 1.262300 6.823740 0.213716 -1.396026 17.407041 0.046021 -0.653840 8.053242 0.000000 0.000001 0.000002 -9.532502 0.000009 0.000000 -0.136239 -2.205103 14.998885 0.214451 -1.398347 17.436892 0.239775 -1.476522 18.446290 -0.000002 -0.000001 0.000004 -9.103614 -0.043092 -1.865102 0.030599 -3.075760 20.450997 0.308446 -1.668278 20.948539 0.225820 -1.434045 17.897102 -0.000001 0.000002 0.000002 -8.076706 -0.486742 -3.806300 0.748865 -4.885244 26.473759 0.214470 -1.398384 17.437253 0.192999 -1.328173 16.535837 0.000001 -0.000001 0.000001 4.570407 11.014683 -2.160813 1.049447 -17.442066 -12.319461 3.916265 -19.989242 -69.765246 0.000001 -1.459367 -0.000003 -33.230499 -1.364892 -6.186633 2.466103 -1.576207 2.681699 -0.662920 2.160394 4.832512 11.853555 25.421664 17.058283 2.647875 -1.528731 1.528750 -13.813931 3.537292 9.036009 1.998905 -1.154081 1.154074 0.000001 0.000003 0.000001 9.109302 -0.518014 2.259901 0.019846 -0.969576 -7.593533 0.267847 1.752926 -17.375713 0.057670 0.820968 -8.037999 0.000000 0.000001 0.000005 9.533396 0.000010 -0.000000 -0.076334 2.665806 -15.696823 0.268761 1.755834 -17.405525 0.300508 1.854010 -18.413331 -0.000000 -0.000001 0.000001 9.104506 -0.042992 -1.865101 0.136870 3.641811 -21.133500 0.386596 2.094822 -20.911907 0.283018 1.800668 -17.864988 -0.000000 -0.000001 0.000002 8.077801 -0.486895 -3.806302 0.927692 5.555973 -27.128039 0.268768 1.755869 -17.405873 0.241880 1.667721 -16.505886 0.000000 0.000000 -0.000001 -8.207798 -6.751713 -1.599543 0.648648 -10.391049 3.516169 7.327109 -9.763709 -3.277842 -3.649289 -1.650149 3.202045 -7.282869 -0.000007 -0.000000 -0.000001 0.000002 0.000000 8.207800 -6.751718 -1.599544 -10.775406 14.739010 10.344595 12.136703 2.032052 4.168245 1.287348 0.513466 -7.110659 -4.928524 0.000008 -0.000002 0.000000 0.000000 0.000000 
0.145432 103.385368 1.423460 -3.753024 -5.218091 -3.769914 -0.000000 10.181541 0.131526 3.296628 1.543090 2.742651 1.151891 0.339458 1.552798 1.126014 0.361543 1.555887 0.000000 16.740345 -2.049021 5.626309 -0.078963 0.454683 -0.000001 9.617805 1.684979 -7.563342 1.375724 -0.080566 0.000000 22.037354 7.501071 -0.000000 -0.000000 -0.000000 -4.569999 11.014879 -2.160840 1.203181 15.343668 14.706010 13.158781 27.555118 58.785218 -0.000007 6.693740 0.000008 -20.179053 -0.514128 6.782823 -2.464807 -1.574002 2.681909 -1.665241 -0.174476 -4.219036 12.710941 -29.825397 -16.130877 -2.646281 -1.527805 1.527815 -15.549407 -3.559428 -12.707123 -1.994597 -1.151579 1.151577 -0.000002 -0.000001 -0.000000 -9.108304 -0.517879 2.259802 0.038555 1.262300 6.823740 0.213716 -1.396026 17.407041 0.046021 -0.653840 8.053242 0.000000 0.000001 0.000002 -9.532502 0.000009 0.000000 -0.136239 -2.205103 14.998885 0.214451 -1.398347 17.436892 0.239775 -1.476522 18.446290 -0.000002 -0.000001 0.000004 -9.103614 -0.043092 -1.865102 0.030599 -3.075760 20.450997 0.308446 -1.668278 20.948539 0.225820 -1.434045 17.897102 -0.000001 0.000002 0.000002 -8.076706 -0.486742 -3.806300 0.748865 -4.885244 26.473759 0.214470 -1.398384 17.437253 0.192999 -1.328173 16.535837 0.000001 -0.000001 0.000001 4.570407 11.014683 -2.160813 1.049447 -17.442066 -12.319461 3.916265 -19.989242 -69.765246 0.000001 -1.459367 -0.000003 -33.230499 -1.364892 -6.186633 2.466103 -1.576207 2.681699 -0.662920 2.160394 4.832512 11.853555 25.421664 17.058283 2.647875 -1.528731 1.528750 -13.813931 3.537292 9.036009 1.998905 -1.154081 1.154074 0.000001 0.000003 0.000001 9.109302 -0.518014 2.259901 0.019846 -0.969576 -7.593533 0.267847 1.752926 -17.375713 0.057670 0.820968 -8.037999 0.000000 0.000001 0.000005 9.533396 0.000010 -0.000000 -0.076334 2.665806 -15.696823 0.268761 1.755834 -17.405525 0.300508 1.854010 -18.413331 -0.000000 -0.000001 0.000001 9.104506 -0.042992 -1.865101 0.136870 3.641811 -21.133500 0.386596 2.094822 -20.911907 0.283018 1.800668 -17.864988 -0.000000 -0.000001 0.000002 8.077801 -0.486895 -3.806302 0.927692 5.555973 -27.128039 0.268768 1.755869 -17.405873 0.241880 1.667721 -16.505886 0.000000 0.000000 -0.000001 -8.207798 -6.751713 -1.599543 0.648648 -10.391049 3.516169 7.327109 -9.763709 -3.277842 -3.649289 -1.650149 3.202045 -7.282869 -0.000007 -0.000000 -0.000001 0.000002 0.000000 8.207800 -6.751718 -1.599544 -10.775406 14.739010 10.344595 12.136703 2.032052 4.168245 1.287348 0.513466 -7.110659 -4.928524 0.000008 -0.000002 0.000000 0.000000 0.000000 
0.145432 103.385368 1.423460 -3.753024 -5.218091 -3.769914 -0.000000 10.181541 0.131526 3.296628 1.543090 2.742651 1.151891 0.339458 1.552798 1.126014 0.361543 1.555887 0.000000 16.740345 -2.049021 5.626309 -0.078963 0.454683 -0.000001 9.617805 1.684979 -7.563342 1.375724 -0.080566 0.000000 22.037354 7.501071 -0.000000 -0.000000 -0.000000 -4.569999 11.014879 -2.160840 1.203181 15.343668 14.706010 13.158781 27.555118 58.785218 -0.000007 6.693740 0.000008 -20.179053 -0.514128 6.782823 -2.464807 -1.574002 2.681909 -1.665241 -0.174476 -4.219036 12.710941 -29.825397 -16.130877 -2.646281 -1.527805 1.527815 -15.549407 -3.559428 -12.707123 -1.994597 -1.151579 1.151577 -0.000002 -0.000001 -0.000000 -9.108304 -0.517879 2.259802 0.038555 1.262300 6.823740 0.213716 -1.396026 17.407041 0.046021 -0.653840 8.053242 0.000000 0.000001 0.000002 -9.532502 0.000009 0.000000 -0.136239 -2.205103 14.998885 0.214451 -1.398347 17.436892 0.239775 -1.476522 18.446290 -0.000002 -0.000001 0.000004 -9.103614 -0.043092 -1.865102 0.030599 -3.075760 20.450997 0.308446 -1.668278 20.948539 0.225820 -1.434045 17.897102 -0.000001 0.000002 0.000002 -8.076706 -0.486742 -3.806300 0.748865 -4.885244 26.473759 0.214470 -1.398384 17.437253 0.192999 -1.328173 16.535837 0.000001 -0.000001 0.000001 4.570407 11.014683 -2.160813 1.049447 -17.442066 -12.319461 3.916265 -19.989242 -69.765246 0.000001 -1.459367 -0.000003 -33.230499 -1.364892 -6.186633 2.466103 -1.576207 2.681699 -0.662920 2.160394 4.832512 11.853555 25.421664 17.058283 2.647875 -1.528731 1.528750 -13.813931 3.537292 9.036009 1.998905 -1.154081 1.154074 0.000001 0.000003 0.000001 9.109302 -0.518014 2.259901 0.019846 -0.969576 -7.593533 0.267847 1.752926 -17.375713 0.057670 0.820968 -8.037999 0.000000 0.000001 0.000005 9.533396 0.000010 -0.000000 -0.076334 2.665806 -15.696823 0.268761 1.755834 -17.405525 0.300508 1.854010 -18.413331 -0.000000 -0.000001 0.000001 9.104506 -0.042992 -1.865101 0.136870 3.641811 -21.133500 0.386596 2.094822 -20.911907 0.283018 1.800668 -17.864988 -0.000000 -0.000001 0.000002 8.077801 -0.486895 -3.806302 0.927692 5.555973 -27.128039 0.268768 1.755869 -17.405873 0.241880 1.667721 -16.505886 0.000000 0.000000 -0.000001 -8.207798 -6.751713 -1.599543 0.648648 -10.391049 3.516169 7.327109 -9.763709 -3.277842 -3.649289 -1.650149 3.202045 -7.282869 -0.000007 -0.000000 -0.000001 0.000002 0.000000 8.207800 -6.751718 -1.599544 -10.775406 14.739010 10.344595 12.136703 2.032052 4.168245 1.287348 0.513466 -7.110659 -4.928524 0.000008 -0.000002 0.000000 0.000000 0.000000 
0.145432 103.385368 1.423460 -3.753024 -5.218091 -3.769914 -0.000000 10.181541 0.131526 3.296628 1.543090 2.742651 1.151891 0.339458 1.552798 1.126014 0.361543 1.555887 0.000000 16.740345 -2.049021 5.626309 -0.078963 0.454683 -0.000001 9.617805 1.684979 -7.563342 1.375724 -0.080566 0.000000 22.037354 7.501071 -0.000000 -0.000000 -0.000000 -4.569999 11.014879 -2.160840 1.203181 15.343668 14.706010 13.158781 27.555118 58.785218 -0.000007 6.693740 0.000008 -20.179053 -0.514128 6.782823 -2.464807 -1.574002 2.681909 -1.665241 -0.174476 -4.219036 12.710941 -29.825397 -16.130877 -2.646281 -1.527805 1.527815 -15.549407 -3.559428 -12.707123 -1.994597 -1.151579 1.151577 -0.000002 -0.000001 -0.000000 -9.108304 -0.517879 2.259802 0.038555 1.262300 6.823740 0.213716 -1.396026 17.407041 0.046021 -0.653840 8.053242 0.000000 0.000001 0.000002 -9.532502 0.000009 0.000000 -0.136239 -2.205103 14.998885 0.214451 -1.398347 17.436892 0.239775 -1.476522 18.446290 -0.000002 -0.000001 0.000004 -9.103614 -0.043092 -1.865102 0.030599 -3.075760 20.450997 0.308446 -1.668278 20.948539 0.225820 -1.434045 17.897102 -0.000001 0.000002 0.000002 -8.076706 -0.486742 -3.806300 0.748865 -4.885244 26.473759 0.214470 -1.398384 17.437253 0.192999 -1.328173 16.535837 0.000001 -0.000001 0.000001 4.570407 11.014683 -2.160813 1.049447 -17.442066 -12.319461 3.916265 -19.989242 -69.765246 0.000001 -1.459367 -0.000003 -33.230499 -1.364892 -6.186633 2.466103 -1.576207 2.681699 -0.662920 2.160394 4.832512 11.853555 25.421664 17.058283 2.647875 -1.528731 1.528750 -13.813931 3.537292 9.036009 1.998905 -1.154081 1.154074 0.000001 0.000003 0.000001 9.109302 -0.518014 2.259901 0.019846 -0.969576 -7.593533 0.267847 1.752926 -17.375713 0.057670 0.820968 -8.037999 0.000000 0.000001 0.000005 9.533396 0.000010 -0.000000 -0.076334 2.665806 -15.696823 0.268761 1.755834 -17.405525 0.300508 1.854010 -18.413331 -0.000000 -0.000001 0.000001 9.104506 -0.042992 -1.865101 0.136870 3.641811 -21.133500 0.386596 2.094822 -20.911907 0.283018 1.800668 -17.864988 -0.000000 -0.000001 0.000002 8.077801 -0.486895 -3.806302 0.927692 5.555973 -27.128039 0.268768 1.755869 -17.405873 0.241880 1.667721 -16.505886 0.000000 0.000000 -0.000001 -8.207798 -6.751713 -1.599543 0.648648 -10.391049 3.516169 7.327109 -9.763709 -3.277842 -3.649289 -1.650149 3.202045 -7.282869 -0.000007 -0.000000 -0.000001 0.000002 0.000000 8.207800 -6.751718 -1.599544 -10.775406 14.739010 10.344595 12.136703 2.032052 4.168245 1.287348 0.513466 -7.110659 -4.928524 0.000008 -0.000002 0.000000 0.000000 0.000000 
0.145432 103.385368 1.423460 -3.753024 -5.218091 -3.769914 -0.000000 10.181541 0.131526 3.296628 1.543090 2.742651 1.151891 0.339458 1.552798 1.126014 0.361543 1.555887 0.000000 16.740345 -2.049021 5.626309 -0.078963 0.454683 -0.000001 9.617805 1.684979 -7.563342 1.375724 -0.080566 0.000000 22.037354 7.501071 -0.000000 -0.000000 -0.000000 -4.569999 11.014879 -2.160840 1.203181 15.343668 14.706010 13.158781 27.555118 58.785218 -0.000007 6.693740 0.000008 -20.179053 -0.514128 6.782823 -2.464807 -1.574002 2.681909 -1.665241 -0.174476 -4.219036 12.710941 -29.825397 -16.130877 -2.646281 -1.527805 1.527815 -15.549407 -3.559428 -12.707123 -1.994597 -1.151579 1.151577 -0.000002 -0.000001 -0.000000 -9.108304 -0.517879 2.259802 0.038555 1.262300 6.823740 0.213716 -1.396026 17.407041 0.046021 -0.653840 8.053242 0.000000 0.000001 0.000002 -9.532502 0.000009 0.000000 -0.136239 -2.205103 14.998885 0.214451 -1.398347 17.436892 0.239775 -1.476522 18.446290 -0.000002 -0.000001 0.000004 -9.103614 -0.043092 -1.865102 0.030599 -3.075760 20.450997 0.308446 -1.668278 20.948539 0.225820 -1.434045 17.897102 -0.000001 0.000002 0.000002 -8.076706 -0.486742 -3.806300 0.748865 -4.885244 26.473759 0.214470 -1.398384 17.437253 0.192999 -1.328173 16.535837 0.000001 -0.000001 0.000001 4.570407 11.014683 -2.160813 1.049447 -17.442066 -12.319461 3.916265 -19.989242 -69.765246 0.000001 -1.459367 -0.000003 -33.230499 -1.364892 -6.186633 2.466103 -1.576207 2.681699 -0.662920 2.160394 4.832512 11.853555 25.421664 17.058283 2.647875 -1.528731 1.528750 -13.813931 3.537292 9.036009 1.998905 -1.154081 1.154074 0.000001 0.000003 0.000001 9.109302 -0.518014 2.259901 0.019846 -0.969576 -7.593533 0.267847 1.752926 -17.375713 0.057670 0.820968 -8.037999 0.000000 0.000001 0.000005 9.533396 0.000010 -0.000000 -0.076334 2.665806 -15.696823 0.268761 1.755834 -17.405525 0.300508 1.854010 -18.413331 -0.000000 -0.000001 0.000001 9.104506 -0.042992 -1.865101 0.136870 3.641811 -21.133500 0.386596 2.094822 -20.911907 0.283018 1.800668 -17.864988 -0.000000 -0.000001 0.000002 8.077801 -0.486895 -3.806302 0.927692 5.555973 -27.128039 0.268768 1.755869 -17.405873 0.241880 1.667721 -16.505886 0.000000 0.000000 -0.000001 -8.207798 -6.751713 -1.599543 0.648648 -10.391049 3.516169 7.327109 -9.763709 -3.277842 -3.649289 -1.650149 3.202045 -7.282869 -0.000007 -0.000000 -0.000001 0.000002 0.000000 8.207800 -6.751718 -1.599544 -10.775406 14.739010 10.344595 12.136703 2.032052 4.168245 1.287348 0.513466 -7.110659 -4.928524 0.000008 -0.000002 0.000000 0.000000 0.000000 
0.145432 103.385368 1.423460 -3.753024 -5.218091 -3.769914 -0.000000 10.181541 0.131526 3.296628 1.543090 2.742651 1.151891 0.339458 1.552798 1.126014 0.361543 1.555887 0.000000 16.740345 -2.049021 5.626309 -0.078963 0.454683 -0.000001 9.617805 1.684979 -7.563342 1.375724 -0.080566 0.000000 22.037354 7.501071 -0.000000 -0.000000 -0.000000 -4.569999 11.014879 -2.160840 1.203181 15.343668 14.706010 13.158781 27.555118 58.785218 -0.000007 6.693740 0.000008 -20.179053 -0.514128 6.782823 -2.464807 -1.574002 2.681909 -1.665241 -0.174476 -4.219036 12.710941 -29.825397 -16.130877 -2.646281 -1.527805 1.527815 -15.549407 -3.559428 -12.707123 -1.994597 -1.151579 1.151577 -0.000002 -0.000001 -0.000000 -9.108304 -0.517879 2.259802 0.038555 1.262300 6.823740 0.213716 -1.396026 17.407041 0.046021 -0.653840 8.053242 0.000000 0.000001 0.000002 -9.532502 0.000009 0.000000 -0.136239 -2.205103 14.998885 0.214451 -1.398347 17.436892 0.239775 -1.476522 18.446290 -0.000002 -0.000001 0.000004 -9.103614 -0.043092 -1.865102 0.030599 -3.075760 20.450997 0.308446 -1.668278 20.948539 0.225820 -1.434045 17.897102 -0.000001 0.000002 0.000002 -8.076706 -0.486742 -3.806300 0.748865 -4.885244 26.473759 0.214470 -1.398384 17.437253 0.192999 -1.328173 16.535837 0.000001 -0.000001 0.000001 4.570407 11.014683 -2.160813 1.049447 -17.442066 -12.319461 3.916265 -19.989242 -69.765246 0.000001 -1.459367 -0.000003 -33.230499 -1.364892 -6.186633 2.466103 -1.576207 2.681699 -0.662920 2.160394 4.832512 11.853555 25.421664 17.058283 2.647875 -1.528731 1.528750 -13.813931 3.537292 9.036009 1.998905 -1.154081 1.154074 0.000001 0.000003 0.000001 9.109302 -0.518014 2.259901 0.019846 -0.969576 -7.593533 0.267847 1.752926 -17.375713 0.057670 0.820968 -8.037999 0.000000 0.000001 0.000005 9.533396 0.000010 -0.000000 -0.076334 2.665806 -15.696823 0.268761 1.755834 -17.405525 0.300508 1.854010 -18.413331 -0.000000 -0.000001 0.000001 9.104506 -0.042992 -1.865101 0.136870 3.641811 -21.133500 0.386596 2.094822 -20.911907 0.283018 1.800668 -17.864988 -0.000000 -0.000001 0.000002 8.077801 -0.486895 -3.806302 0.927692 5.555973 -27.128039 0.268768 1.755869 -17.405873 0.241880 1.667721 -16.505886 0.000000 0.000000 -0.000001 -8.207798 -6.751713 -1.599543 0.648648 -10.391049 3.516169 7.327109 -9.763709 -3.277842 -3.649289 -1.650149 3.202045 -7.282869 -0.000007 -0.000000 -0.000001 0.000002 0.000000 8.207800 -6.751718 -1.599544 -10.775406 14.739010 10.344595 12.136703 2.032052 4.168245 1.287348 0.513466 -7.110659 -4.928524 0.000008 -0.000002 0.000000 0.000000 0.000000 
0.145432 103.385368 1.423460 -3.753024 -5.218091 -3.769914 -0.000000 10.181541 0.131526 3.296628 1.543090 2.742651 1.151891 0.339458 1.552798 1.126014 0.361543 1.555887 0.000000 16.740345 -2.049021 5.626309 -0.078963 0.454683 -0.000001 9.617805 1.684979 -7.563342 1.375724 -0.080566 0.000000 22.037354 7.501071 -0.000000 -0.000000 -0.000000 -4.569999 11.014879 -2.160840 1.203181 15.343668 14.706010 13.158781 27.555118 58.785218 -0.000007 6.693740 0.000008 -20.179053 -0.514128 6.782823 -2.464807 -1.574002 2.681909 -1.665241 -0.174476 -4.219036 12.710941 -29.825397 -16.130877 -2.646281 -1.527805 1.527815 -15.549407 -3.559428 -12.707123 -1.994597 -1.151579 1.151577 -0.000002 -0.000001 -0.000000 -9.108304 -0.517879 2.259802 0.038555 1.262300 6.823740 0.213716 -1.396026 17.407041 0.046021 -0.653840 8.053242 0.000000 0.000001 0.000002 -9.532502 0.000009 0.000000 -0.136239 -2.205103 14.998885 0.214451 -1.398347 17.436892 0.239775 -1.476522 18.446290 -0.000002 -0.000001 0.000004 -9.103614 -0.043092 -1.865102 0.030599 -3.075760 20.450997 0.308446 -1.668278 20.948539 0.225820 -1.434045 17.897102 -0.000001 0.000002 0.000002 -8.076706 -0.486742 -3.806300 0.748865 -4.885244 26.473759 0.214470 -1.398384 17.437253 0.192999 -1.328173 16.535837 0.000001 -0.000001 0.000001 4.570407 11.014683 -2.160813 1.049447 -17.442066 -12.319461 3.916265 -19.989242 -69.765246 0.000001 -1.459367 -0.000003 -33.230499 -1.364892 -6.186633 2.466103 -1.576207 2.681699 -0.662920 2.160394 4.832512 11.853555 25.421664 17.058283 2.647875 -1.528731 1.528750 -13.813931 3.537292 9.036009 1.998905 -1.154081 1.154074 0.000001 0.000003 0.000001 9.109302 -0.518014 2.259901 0.019846 -0.969576 -7.593533 0.267847 1.752926 -17.375713 0.057670 0.820968 -8.037999 0.000000 0.000001 0.000005 9.533396 0.000010 -0.000000 -0.076334 2.665806 -15.696823 0.268761 1.755834 -17.405525 0.300508 1.854010 -18.413331 -0.000000 -0.000001 0.000001 9.104506 -0.042992 -1.865101 0.136870 3.641811 -21.133500 0.386596 2.094822 -20.911907 0.283018 1.800668 -17.864988 -0.000000 -0.000001 0.000002 8.077801 -0.486895 -3.806302 0.927692 5.555973 -27.128039 0.268768 1.755869 -17.405873 0.241880 1.667721 -16.505886 0.000000 0.000000 -0.000001 -8.207798 -6.751713 -1.599543 0.648648 -10.391049 3.516169 7.327109 -9.763709 -3.277842 -3.649289 -1.650149 3.202045 -7.282869 -0.000007 -0.000000 -0.000001 0.000002 0.000000 8.207800 -6.751718 -1.599544 -10.775406 14.739010 10.344595 12.136703 2.032052 4.168245 1.287348 0.513466 -7.110659 -4.928524 0.000008 -0.000002 0.000000 0.000000 0.000000 
0.145432 103.385368 1.423460 -3.753024 -5.218091 -3.769914 -0.000000 10.181541 0.131526 3.296628 1.543090 2.742651 1.151891 0.339458 1.552798 1.126014 0.361543 1.555887 0.000000 16.740345 -2.049021 5.626309 -0.078963 0.454683 -0.000001 9.617805 1.684979 -7.563342 1.375724 -0.080566 0.000000 22.037354 7.501071 -0.000000 -0.000000 -0.000000 -4.569999 11.014879 -2.160840 1.203181 15.343668 14.706010 13.158781 27.555118 58.785218 -0.000007 6.693740 0.000008 -20.179053 -0.514128 6.782823 -2.464807 -1.574002 2.681909 -1.665241 -0.174476 -4.219036 12.710941 -29.825397 -16.130877 -2.646281 -1.527805 1.527815 -15.549407 -3.559428 -12.707123 -1.994597 -1.151579 1.151577 -0.000002 -0.000001 -0.000000 -9.108304 -0.517879 2.259802 0.038555 1.262300 6.823740 0.213716 -1.396026 17.407041 0.046021 -0.653840 8.053242 0.000000 0.000001 0.000002 -9.532502 0.000009 0.000000 -0.136239 -2.205103 14.998885 0.214451 -1.398347 17.436892 0.239775 -1.476522 18.446290 -0.000002 -0.000001 0.000004 -9.103614 -0.043092 -1.865102 0.030599 -3.075760 20.450997 0.308446 -1.668278 20.948539 0.225820 -1.434045 17.897102 -0.000001 0.000002 0.000002 -8.076706 -0.486742 -3.806300 0.748865 -4.885244 26.473759 0.214470 -1.398384 17.437253 0.192999 -1.328173 16.535837 0.000001 -0.000001 0.000001 4.570407 11.014683 -2.160813 1.049447 -17.442066 -12.319461 3.916265 -19.989242 -69.765246 0.000001 -1.459367 -0.000003 -33.230499 -1.364892 -6.186633 2.466103 -1.576207 2.681699 -0.662920 2.160394 4.832512 11.853555 25.421664 17.058283 2.647875 -1.528731 1.528750 -13.813931 3.537292 9.036009 1.998905 -1.154081 1.154074 0.000001 0.000003 0.000001 9.109302 -0.518014 2.259901 0.019846 -0.969576 -7.593533 0.267847 1.752926 -17.375713 0.057670 0.820968 -8.037999 0.000000 0.000001 0.000005 9.533396 0.000010 -0.000000 -0.076334 2.665806 -15.696823 0.268761 1.755834 -17.405525 0.300508 1.854010 -18.413331 -0.000000 -0.000001 0.000001 9.104506 -0.042992 -1.865101 0.136870 3.641811 -21.133500 0.386596 2.094822 -20.911907 0.283018 1.800668 -17.864988 -0.000000 -0.000001 0.000002 8.077801 -0.486895 -3.806302 0.927692 5.555973 -27.128039 0.268768 1.755869 -17.405873 0.241880 1.667721 -16.505886 0.000000 0.000000 -0.000001 -8.207798 -6.751713 -1.599543 0.648648 -10.391049 3.516169 7.327109 -9.763709 -3.277842 -3.649289 -1.650149 3.202045 -7.282869 -0.000007 -0.000000 -0.000001 0.000002 0.000000 8.207800 -6.751718 -1.599544 -10.775406 14.739010 10.344595 12.136703 2.032052 4.168245 1.287348 0.513466 -7.110659 -4.928524 0.000008 -0.000002 0.000000 0.000000 0.000000 
0.145432 103.385368 1.423460 -3.753024 -5.218091 -3.769914 -0.000000 10.181541 0.131526 3.296628 1.543090 2.742651 1.151891 0.339458 1.552798 1.126014 0.361543 1.555887 0.000000 16.740345 -2.049021 5.626309 -0.078963 0.454683 -0.000001 9.617805 1.684979 -7.563342 1.375724 -0.080566 0.000000 22.037354 7.501071 -0.000000 -0.000000 -0.000000 -4.569999 11.014879 -2.160840 1.203181 15.343668 14.706010 13.158781 27.555118 58.785218 -0.000007 6.693740 0.000008 -20.179053 -0.514128 6.782823 -2.464807 -1.574002 2.681909 -1.665241 -0.174476 -4.219036 12.710941 -29.825397 -16.130877 -2.646281 -1.527805 1.527815 -15.549407 -3.559428 -12.707123 -1.994597 -1.151579 1.151577 -0.000002 -0.000001 -0.000000 -9.108304 -0.517879 2.259802 0.038555 1.262300 6.823740 0.213716 -1.396026 17.407041 0.046021 -0.653840 8.053242 0.000000 0.000001 0.000002 -9.532502 0.000009 0.000000 -0.136239 -2.205103 14.998885 0.214451 -1.398347 17.436892 0.239775 -1.476522 18.446290 -0.000002 -0.000001 0.000004 -9.103614 -0.043092 -1.865102 0.030599 -3.075760 20.450997 0.308446 -1.668278 20.948539 0.225820 -1.434045 17.897102 -0.000001 0.000002 0.000002 -8.076706 -0.486742 -3.806300 0.748865 -4.885244 26.473759 0.214470 -1.398384 17.437253 0.192999 -1.328173 16.535837 0.000001 -0.000001 0.000001 4.570407 11.014683 -2.160813 1.049447 -17.442066 -12.319461 3.916265 -19.989242 -69.765246 0.000001 -1.459367 -0.000003 -33.230499 -1.364892 -6.186633 2.466103 -1.576207 2.681699 -0.662920 2.160394 4.832512 11.853555 25.421664 17.058283 2.647875 -1.528731 1.528750 -13.813931 3.537292 9.036009 1.998905 -1.154081 1.154074 0.000001 0.000003 0.000001 9.109302 -0.518014 2.259901 0.019846 -0.969576 -7.593533 0.267847 1.752926 -17.375713 0.057670 0.820968 -8.037999 0.000000 0.000001 0.000005 9.533396 0.000010 -0.000000 -0.076334 2.665806 -15.696823 0.268761 1.755834 -17.405525 0.300508 1.854010 -18.413331 -0.000000 -0.000001 0.000001 9.104506 -0.042992 -1.865101 0.136870 3.641811 -21.133500 0.386596 2.094822 -20.911907 0.283018 1.800668 -17.864988 -0.000000 -0.000001 0.000002 8.077801 -0.486895 -3.806302 0.927692 5.555973 -27.128039 0.268768 1.755869 -17.405873 0.241880 1.667721 -16.505886 0.000000 0.000000 -0.000001 -8.207798 -6.751713 -1.599543 0.648648 -10.391049 3.516169 7.327109 -9.763709 -3.277842 -3.649289 -1.650149 3.202045 -7.282869 -0.000007 -0.000000 -0.000001 0.000002 0.000000 8.207800 -6.751718 -1.599544 -10.775406 14.739010 10.344595 12.136703 2.032052 4.168245 1.287348 0.513466 -7.110659 -4.928524 0.000008 -0.000002 0.000000 0.000000 0.000000 
0.145432 103.385368 1.423460 -3.753024 -5.218091 -3.769914 -0.000000 10.181541 0.131526 3.296628 1.543090 2.742651 1.151891 0.339458 1.552798 1.126014 0.361543 1.555887 0.000000 16.740345 -2.049021 5.626309 -0.078963 0.454683 -0.000001 9.617805 1.684979 -7.563342 1.375724 -0.080566 0.000000 22.037354 7.501071 -0.000000 -0.000000 -0.000000 -4.569999 11.014879 -2.160840 1.203181 15.343668 14.706010 13.158781 27.555118 58.785218 -0.000007 6.693740 0.000008 -20.179053 -0.514128 6.782823 -2.464807 -1.574002 2.681909 -1.665241 -0.174476 -4.219036 12.710941 -29.825397 -16.130877 -2.646281 -1.527805 1.527815 -15.549407 -3.559428 -12.707123 -1.994597 -1.151579 1.151577 -0.000002 -0.000001 -0.000000 -9.108304 -0.517879 2.259802 0.038555 1.262300 6.823740 0.213716 -1.396026 17.407041 0.046021 -0.653840 8.053242 0.000000 0.000001 0.000002 -9.532502 0.000009 0.000000 -0.136239 -2.205103 14.998885 0.214451 -1.398347 17.436892 0.239775 -1.476522 18.446290 -0.000002 -0.000001 0.000004 -9.103614 -0.043092 -1.865102 0.030599 -3.075760 20.450997 0.308446 -1.668278 20.948539 0.225820 -1.434045 17.897102 -0.000001 0.000002 0.000002 -8.076706 -0.486742 -3.806300 0.748865 -4.885244 26.473759 0.214470 -1.398384 17.437253 0.192999 -1.328173 16.535837 0.000001 -0.000001 0.000001 4.570407 11.014683 -2.160813 1.049447 -17.442066 -12.319461 3.916265 -19.989242 -69.765246 0.000001 -1.459367 -0.000003 -33.230499 -1.364892 -6.186633 2.466103 -1.576207 2.681699 -0.662920 2.160394 4.832512 11.853555 25.421664 17.058283 2.647875 -1.528731 1.528750 -13.813931 3.537292 9.036009 1.998905 -1.154081 1.154074 0.000001 0.000003 0.000001 9.109302 -0.518014 2.259901 0.019846 -0.969576 -7.593533 0.267847 1.752926 -17.375713 0.057670 0.820968 -8.037999 0.000000 0.000001 0.000005 9.533396 0.000010 -0.000000 -0.076334 2.665806 -15.696823 0.268761 1.755834 -17.405525 0.300508 1.854010 -18.413331 -0.000000 -0.000001 0.000001 9.104506 -0.042992 -1.865101 0.136870 3.641811 -21.133500 0.386596 2.094822 -20.911907 0.283018 1.800668 -17.864988 -0.000000 -0.000001 0.000002 8.077801 -0.486895 -3.806302 0.927692 5.555973 -27.128039 0.268768 1.755869 -17.405873 0.241880 1.667721 -16.505886 0.000000 0.000000 -0.000001 -8.207798 -6.751713 -1.599543 0.648648 -10.391049 3.516169 7.327109 -9.763709 -3.277842 -3.649289 -1.650149 3.202045 -7.282869 -0.000007 -0.000000 -0.000001 0.000002 0.000000 8.207800 -6.751718 -1.599544 -10.775406 14.739010 10.344595 12.136703 2.032052 4.168245 1.287348 0.513466 -7.110659 -4.928524 0.000008 -0.000002 0.000000 0.000000 0.000000 
0.145432 103.385368 1.423460 -3.753024 -5.218091 -3.769914 -0.000000 10.181541 0.131526 3.296628 1.543090 2.742651 1.151891 0.339458 1.552798 1.126014 0.361543 1.555887 0.000000 16.740345 -2.049021 5.626309 -0.078963 0.454683 -0.000001 9.617805 1.684979 -7.563342 1.375724 -0.080566 0.000000 22.037354 7.501071 -0.000000 -0.000000 -0.000000 -4.569999 11.014879 -2.160840 1.203181 15.343668 14.706010 13.158781 27.555118 58.785218 -0.000007 6.693740 0.000008 -20.179053 -0.514128 6.782823 -2.464807 -1.574002 2.681909 -1.665241 -0.174476 -4.219036 12.710941 -29.825397 -16.130877 -2.646281 -1.527805 1.527815 -15.549407 -3.559428 -12.707123 -1.994597 -1.151579 1.151577 -0.000002 -0.000001 -0.000000 -9.108304 -0.517879 2.259802 0.038555 1.262300 6.823740 0.213716 -1.396026 17.407041 0.046021 -0.653840 8.053242 0.000000 0.000001 0.000002 -9.532502 0.000009 0.000000 -0.136239 -2.205103 14.998885 0.214451 -1.398347 17.436892 0.239775 -1.476522 18.446290 -0.000002 -0.000001 0.000004 -9.103614 -0.043092 -1.865102 0.030599 -3.075760 20.450997 0.308446 -1.668278 20.948539 0.225820 -1.434045 17.897102 -0.000001 0.000002 0.000002 -8.076706 -0.486742 -3.806300 0.748865 -4.885244 26.473759 0.214470 -1.398384 17.437253 0.192999 -1.328173 16.535837 0.000001 -0.000001 0.000001 4.570407 11.014683 -2.160813 1.049447 -17.442066 -12.319461 3.916265 -19.989242 -69.765246 0.000001 -1.459367 -0.000003 -33.230499 -1.364892 -6.186633 2.466103 -1.576207 2.681699 -0.662920 2.160394 4.832512 11.853555 25.421664 17.058283 2.647875 -1.528731 1.528750 -13.813931 3.537292 9.036009 1.998905 -1.154081 1.154074 0.000001 0.000003 0.000001 9.109302 -0.518014 2.259901 0.019846 -0.969576 -7.593533 0.267847 1.752926 -17.375713 0.057670 0.820968 -8.037999 0.000000 0.000001 0.000005 9.533396 0.000010 -0.000000 -0.076334 2.665806 -15.696823 0.268761 1.755834 -17.405525 0.300508 1.854010 -18.413331 -0.000000 -0.000001 0.000001 9.104506 -0.042992 -1.865101 0.136870 3.641811 -21.133500 0.386596 2.094822 -20.911907 0.283018 1.800668 -17.864988 -0.000000 -0.000001 0.000002 8.077801 -0.486895 -3.806302 0.927692 5.555973 -27.128039 0.268768 1.755869 -17.405873 0.241880 1.667721 -16.505886 0.000000 0.000000 -0.000001 -8.207798 -6.751713 -1.599543 0.648648 -10.391049 3.516169 7.327109 -9.763709 -3.277842 -3.649289 -1.650149 3.202045 -7.282869 -0.000007 -0.000000 -0.000001 0.000002 0.000000 8.207800 -6.751718 -1.599544 -10.775406 14.739010 10.344595 12.136703 2.032052 4.168245 1.287348 0.513466 -7.110659 -4.928524 0.000008 -0.000002 0.000000 0.000000 0.000000 
0.145432 103.385368 1.423460 -3.753024 -5.218091 -3.769914 -0.000000 10.181541 0.131526 3.296628 1.543090 2.742651 1.151891 0.339458 1.552798 1.126014 0.361543 1.555887 0.000000 16.740345 -2.049021 5.626309 -0.078963 0.454683 -0.000001 9.617805 1.684979 -7.563342 1.375724 -0.080566 0.000000 22.037354 7.501071 -0.000000 -0.000000 -0.000000 -4.569999 11.014879 -2.160840 1.203181 15.343668 14.706010 13.158781 27.555118 58.785218 -0.000007 6.693740 0.000008 -20.179053 -0.514128 6.782823 -2.464807 -1.574002 2.681909 -1.665241 -0.174476 -4.219036 12.710941 -29.825397 -16.130877 -2.646281 -1.527805 1.527815 -15.549407 -3.559428 -12.707123 -1.994597 -1.151579 1.151577 -0.000002 -0.000001 -0.000000 -9.108304 -0.517879 2.259802 0.038555 1.262300 6.823740 0.213716 -1.396026 17.407041 0.046021 -0.653840 8.053242 0.000000 0.000001 0.000002 -9.532502 0.000009 0.000000 -0.136239 -2.205103 14.998885 0.214451 -1.398347 17.436892 0.239775 -1.476522 18.446290 -0.000002 -0.000001 0.000004 -9.103614 -0.043092 -1.865102 0.030599 -3.075760 20.450997 0.308446 -1.668278 20.948539 0.225820 -1.434045 17.897102 -0.000001 0.000002 0.000002 -8.076706 -0.486742 -3.806300 0.748865 -4.885244 26.473759 0.214470 -1.398384 17.437253 0.192999 -1.328173 16.535837 0.000001 -0.000001 0.000001 4.570407 11.014683 -2.160813 1.049447 -17.442066 -12.319461 3.916265 -19.989242 -69.765246 0.000001 -1.459367 -0.000003 -33.230499 -1.364892 -6.186633 2.466103 -1.576207 2.681699 -0.662920 2.160394 4.832512 11.853555 25.421664 17.058283 2.647875 -1.528731 1.528750 -13.813931 3.537292 9.036009 1.998905 -1.154081 1.154074 0.000001 0.000003 0.000001 9.109302 -0.518014 2.259901 0.019846 -0.969576 -7.593533 0.267847 1.752926 -17.375713 0.057670 0.820968 -8.037999 0.000000 0.000001 0.000005 9.533396 0.000010 -0.000000 -0.076334 2.665806 -15.696823 0.268761 1.755834 -17.405525 0.300508 1.854010 -18.413331 -0.000000 -0.000001 0.000001 9.104506 -0.042992 -1.865101 0.136870 3.641811 -21.133500 0.386596 2.094822 -20.911907 0.283018 1.800668 -17.864988 -0.000000 -0.000001 0.000002 8.077801 -0.486895 -3.806302 0.927692 5.555973 -27.128039 0.268768 1.755869 -17.405873 0.241880 1.667721 -16.505886 0.000000 0.000000 -0.000001 -8.207798 -6.751713 -1.599543 0.648648 -10.391049 3.516169 7.327109 -9.763709 -3.277842 -3.649289 -1.650149 3.202045 -7.282869 -0.000007 -0.000000 -0.000001 0.000002 0.000000 8.207800 -6.751718 -1.599544 -10.775406 14.739010 10.344595 12.136703 2.032052 4.168245 1.287348 0.513466 -7.110659 -4.928524 0.000008 -0.000002 0.000000 0.000000 0.000000 
0.145432 103.385368 1.423460 -3.753024 -5.218091 -3.769914 -0.000000 10.181541 0.131526 3.296628 1.543090 2.742651 1.151891 0.339458 1.552798 1.126014 0.361543 1.555887 0.000000 16.740345 -2.049021 5.626309 -0.078963 0.454683 -0.000001 9.617805 1.684979 -7.563342 1.375724 -0.080566 0.000000 22.037354 7.501071 -0.000000 -0.000000 -0.000000 -4.569999 11.014879 -2.160840 1.203181 15.343668 14.706010 13.158781 27.555118 58.785218 -0.000007 6.693740 0.000008 -20.179053 -0.514128 6.782823 -2.464807 -1.574002 2.681909 -1.665241 -0.174476 -4.219036 12.710941 -29.825397 -16.130877 -2.646281 -1.527805 1.527815 -15.549407 -3.559428 -12.707123 -1.994597 -1.151579 1.151577 -0.000002 -0.000001 -0.000000 -9.108304 -0.517879 2.259802 0.038555 1.262300 6.823740 0.213716 -1.396026 17.407041 0.046021 -0.653840 8.053242 0.000000 0.000001 0.000002 -9.532502 0.000009 0.000000 -0.136239 -2.205103 14.998885 0.214451 -1.398347 17.436892 0.239775 -1.476522 18.446290 -0.000002 -0.000001 0.000004 -9.103614 -0.043092 -1.865102 0.030599 -3.075760 20.450997 0.308446 -1.668278 20.948539 0.225820 -1.434045 17.897102 -0.000001 0.000002 0.000002 -8.076706 -0.486742 -3.806300 0.748865 -4.885244 26.473759 0.214470 -1.398384 17.437253 0.192999 -1.328173 16.535837 0.000001 -0.000001 0.000001 4.570407 11.014683 -2.160813 1.049447 -17.442066 -12.319461 3.916265 -19.989242 -69.765246 0.000001 -1.459367 -0.000003 -33.230499 -1.364892 -6.186633 2.466103 -1.576207 2.681699 -0.662920 2.160394 4.832512 11.853555 25.421664 17.058283 2.647875 -1.528731 1.528750 -13.813931 3.537292 9.036009 1.998905 -1.154081 1.154074 0.000001 0.000003 0.000001 9.109302 -0.518014 2.259901 0.019846 -0.969576 -7.593533 0.267847 1.752926 -17.375713 0.057670 0.820968 -8.037999 0.000000 0.000001 0.000005 9.533396 0.000010 -0.000000 -0.076334 2.665806 -15.696823 0.268761 1.755834 -17.405525 0.300508 1.854010 -18.413331 -0.000000 -0.000001 0.000001 9.104506 -0.042992 -1.865101 0.136870 3.641811 -21.133500 0.386596 2.094822 -20.911907 0.283018 1.800668 -17.864988 -0.000000 -0.000001 0.000002 8.077801 -0.486895 -3.806302 0.927692 5.555973 -27.128039 0.268768 1.755869 -17.405873 0.241880 1.667721 -16.505886 0.000000 0.000000 -0.000001 -8.207798 -6.751713 -1.599543 0.648648 -10.391049 3.516169 7.327109 -9.763709 -3.277842 -3.649289 -1.650149 3.202045 -7.282869 -0.000007 -0.000000 -0.000001 0.000002 0.000000 8.207800 -6.751718 -1.599544 -10.775406 14.739010 10.344595 12.136703 2.032052 4.168245 1.287348 0.513466 -7.110659 -4.928524 0.000008 -0.000002 0.000000 0.000000 0.000000 
0.145432 103.385368 1.423460 -3.753024 -5.218091 -3.769914 -0.000000 10.181541 0.131526 3.296628 1.543090 2.742651 1.151891 0.339458 1.552798 1.126014 0.361543 1.555887 0.000000 16.740345 -2.049021 5.626309 -0.078963 0.454683 -0.000001 9.617805 1.684979 -7.563342 1.375724 -0.080566 0.000000 22.037354 7.501071 -0.000000 -0.000000 -0.000000 -4.569999 11.014879 -2.160840 1.203181 15.343668 14.706010 13.158781 27.555118 58.785218 -0.000007 6.693740 0.000008 -20.179053 -0.514128 6.782823 -2.464807 -1.574002 2.681909 -1.665241 -0.174476 -4.219036 12.710941 -29.825397 -16.130877 -2.646281 -1.527805 1.527815 -15.549407 -3.559428 -12.707123 -1.994597 -1.151579 1.151577 -0.000002 -0.000001 -0.000000 -9.108304 -0.517879 2.259802 0.038555 1.262300 6.823740 0.213716 -1.396026 17.407041 0.046021 -0.653840 8.053242 0.000000 0.000001 0.000002 -9.532502 0.000009 0.000000 -0.136239 -2.205103 14.998885 0.214451 -1.398347 17.436892 0.239775 -1.476522 18.446290 -0.000002 -0.000001 0.000004 -9.103614 -0.043092 -1.865102 0.030599 -3.075760 20.450997 0.308446 -1.668278 20.948539 0.225820 -1.434045 17.897102 -0.000001 0.000002 0.000002 -8.076706 -0.486742 -3.806300 0.748865 -4.885244 26.473759 0.214470 -1.398384 17.437253 0.192999 -1.328173 16.535837 0.000001 -0.000001 0.000001 4.570407 11.014683 -2.160813 1.049447 -17.442066 -12.319461 3.916265 -19.989242 -69.765246 0.000001 -1.459367 -0.000003 -33.230499 -1.364892 -6.186633 2.466103 -1.576207 2.681699 -0.662920 2.160394 4.832512 11.853555 25.421664 17.058283 2.647875 -1.528731 1.528750 -13.813931 3.537292 9.036009 1.998905 -1.154081 1.154074 0.000001 0.000003 0.000001 9.109302 -0.518014 2.259901 0.019846 -0.969576 -7.593533 0.267847 1.752926 -17.375713 0.057670 0.820968 -8.037999 0.000000 0.000001 0.000005 9.533396 0.000010 -0.000000 -0.076334 2.665806 -15.696823 0.268761 1.755834 -17.405525 0.300508 1.854010 -18.413331 -0.000000 -0.000001 0.000001 9.104506 -0.042992 -1.865101 0.136870 3.641811 -21.133500 0.386596 2.094822 -20.911907 0.283018 1.800668 -17.864988 -0.000000 -0.000001 0.000002 8.077801 -0.486895 -3.806302 0.927692 5.555973 -27.128039 0.268768 1.755869 -17.405873 0.241880 1.667721 -16.505886 0.000000 0.000000 -0.000001 -8.207798 -6.751713 -1.599543 0.648648 -10.391049 3.516169 7.327109 -9.763709 -3.277842 -3.649289 -1.650149 3.202045 -7.282869 -0.000007 -0.000000 -0.000001 0.000002 0.000000 8.207800 -6.751718 -1.599544 -10.775406 14.739010 10.344595 12.136703 2.032052 4.168245 1.287348 0.513466 -7.110659 -4.928524 0.000008 -0.000002 0.000000 0.000000 0.000000 
0.145432 103.385368 1.423460 -3.753024 -5.218091 -3.769914 -0.000000 10.181541 0.131526 3.296628 1.543090 2.742651 1.151891 0.339458 1.552798 1.126014 0.361543 1.555887 0.000000 16.740345 -2.049021 5.626309 -0.078963 0.454683 -0.000001 9.617805 1.684979 -7.563342 1.375724 -0.080566 0.000000 22.037354 7.501071 -0.000000 -0.000000 -0.000000 -4.569999 11.014879 -2.160840 1.203181 15.343668 14.706010 13.158781 27.555118 58.785218 -0.000007 6.693740 0.000008 -20.179053 -0.514128 6.782823 -2.464807 -1.574002 2.681909 -1.665241 -0.174476 -4.219036 12.710941 -29.825397 -16.130877 -2.646281 -1.527805 1.527815 -15.549407 -3.559428 -12.707123 -1.994597 -1.151579 1.151577 -0.000002 -0.000001 -0.000000 -9.108304 -0.517879 2.259802 0.038555 1.262300 6.823740 0.213716 -1.396026 17.407041 0.046021 -0.653840 8.053242 0.000000 0.000001 0.000002 -9.532502 0.000009 0.000000 -0.136239 -2.205103 14.998885 0.214451 -1.398347 17.436892 0.239775 -1.476522 18.446290 -0.000002 -0.000001 0.000004 -9.103614 -0.043092 -1.865102 0.030599 -3.075760 20.450997 0.308446 -1.668278 20.948539 0.225820 -1.434045 17.897102 -0.000001 0.000002 0.000002 -8.076706 -0.486742 -3.806300 0.748865 -4.885244 26.473759 0.214470 -1.398384 17.437253 0.192999 -1.328173 16.535837 0.000001 -0.000001 0.000001 4.570407 11.014683 -2.160813 1.049447 -17.442066 -12.319461 3.916265 -19.989242 -69.765246 0.000001 -1.459367 -0.000003 -33.230499 -1.364892 -6.186633 2.466103 -1.576207 2.681699 -0.662920 2.160394 4.832512 11.853555 25.421664 17.058283 2.647875 -1.528731 1.528750 -13.813931 3.537292 9.036009 1.998905 -1.154081 1.154074 0.000001 0.000003 0.000001 9.109302 -0.518014 2.259901 0.019846 -0.969576 -7.593533 0.267847 1.752926 -17.375713 0.057670 0.820968 -8.037999 0.000000 0.000001 0.000005 9.533396 0.000010 -0.000000 -0.076334 2.665806 -15.696823 0.268761 1.755834 -17.405525 0.300508 1.854010 -18.413331 -0.000000 -0.000001 0.000001 9.104506 -0.042992 -1.865101 0.136870 3.641811 -21.133500 0.386596 2.094822 -20.911907 0.283018 1.800668 -17.864988 -0.000000 -0.000001 0.000002 8.077801 -0.486895 -3.806302 0.927692 5.555973 -27.128039 0.268768 1.755869 -17.405873 0.241880 1.667721 -16.505886 0.000000 0.000000 -0.000001 -8.207798 -6.751713 -1.599543 0.648648 -10.391049 3.516169 7.327109 -9.763709 -3.277842 -3.649289 -1.650149 3.202045 -7.282869 -0.000007 -0.000000 -0.000001 0.000002 0.000000 8.207800 -6.751718 -1.599544 -10.775406 14.739010 10.344595 12.136703 2.032052 4.168245 1.287348 0.513466 -7.110659 -4.928524 0.000008 -0.000002 0.000000 0.000000 0.000000 
0.145432 103.385368 1.423460 -3.753024 -5.218091 -3.769914 -0.000000 10.181541 0.131526 3.296628 1.543090 2.742651 1.151891 0.339458 1.552798 1.126014 0.361543 1.555887 0.000000 16.740345 -2.049021 5.626309 -0.078963 0.454683 -0.000001 9.617805 1.684979 -7.563342 1.375724 -0.080566 0.000000 22.037354 7.501071 -0.000000 -0.000000 -0.000000 -4.569999 11.014879 -2.160840 1.203181 15.343668 14.706010 13.158781 27.555118 58.785218 -0.000007 6.693740 0.000008 -20.179053 -0.514128 6.782823 -2.464807 -1.574002 2.681909 -1.665241 -0.174476 -4.219036 12.710941 -29.825397 -16.130877 -2.646281 -1.527805 1.527815 -15.549407 -3.559428 -12.707123 -1.994597 -1.151579 1.151577 -0.000002 -0.000001 -0.000000 -9.108304 -0.517879 2.259802 0.038555 1.262300 6.823740 0.213716 -1.396026 17.407041 0.046021 -0.653840 8.053242 0.000000 0.000001 0.000002 -9.532502 0.000009 0.000000 -0.136239 -2.205103 14.998885 0.214451 -1.398347 17.436892 0.239775 -1.476522 18.446290 -0.000002 -0.000001 0.000004 -9.103614 -0.043092 -1.865102 0.030599 -3.075760 20.450997 0.308446 -1.668278 20.948539 0.225820 -1.434045 17.897102 -0.000001 0.000002 0.000002 -8.076706 -0.486742 -3.806300 0.748865 -4.885244 26.473759 0.214470 -1.398384 17.437253 0.192999 -1.328173 16.535837 0.000001 -0.000001 0.000001 4.570407 11.014683 -2.160813 1.049447 -17.442066 -12.319461 3.916265 -19.989242 -69.765246 0.000001 -1.459367 -0.000003 -33.230499 -1.364892 -6.186633 2.466103 -1.576207 2.681699 -0.662920 2.160394 4.832512 11.853555 25.421664 17.058283 2.647875 -1.528731 1.528750 -13.813931 3.537292 9.036009 1.998905 -1.154081 1.154074 0.000001 0.000003 0.000001 9.109302 -0.518014 2.259901 0.019846 -0.969576 -7.593533 0.267847 1.752926 -17.375713 0.057670 0.820968 -8.037999 0.000000 0.000001 0.000005 9.533396 0.000010 -0.000000 -0.076334 2.665806 -15.696823 0.268761 1.755834 -17.405525 0.300508 1.854010 -18.413331 -0.000000 -0.000001 0.000001 9.104506 -0.042992 -1.865101 0.136870 3.641811 -21.133500 0.386596 2.094822 -20.911907 0.283018 1.800668 -17.864988 -0.000000 -0.000001 0.000002 8.077801 -0.486895 -3.806302 0.927692 5.555973 -27.128039 0.268768 1.755869 -17.405873 0.241880 1.667721 -16.505886 0.000000 0.000000 -0.000001 -8.207798 -6.751713 -1.599543 0.648648 -10.391049 3.516169 7.327109 -9.763709 -3.277842 -3.649289 -1.650149 3.202045 -7.282869 -0.000007 -0.000000 -0.000001 0.000002 0.000000 8.207800 -6.751718 -1.599544 -10.775406 14.739010 10.344595 12.136703 2.032052 4.168245 1.287348 0.513466 -7.110659 -4.928524 0.000008 -0.000002 0.000000 0.000000 0.000000 
0.145432 103.385368 1.423460 -3.753024 -5.218091 -3.769914 -0.000000 10.181541 0.131526 3.296628 1.543090 2.742651 1.151891 0.339458 1.552798 1.126014 0.361543 1.555887 0.000000 16.740345 -2.049021 5.626309 -0.078963 0.454683 -0.000001 9.617805 1.684979 -7.563342 1.375724 -0.080566 0.000000 22.037354 7.501071 -0.000000 -0.000000 -0.000000 -4.569999 11.014879 -2.160840 1.203181 15.343668 14.706010 13.158781 27.555118 58.785218 -0.000007 6.693740 0.000008 -20.179053 -0.514128 6.782823 -2.464807 -1.574002 2.681909 -1.665241 -0.174476 -4.219036 12.710941 -29.825397 -16.130877 -2.646281 -1.527805 1.527815 -15.549407 -3.559428 -12.707123 -1.994597 -1.151579 1.151577 -0.000002 -0.000001 -0.000000 -9.108304 -0.517879 2.259802 0.038555 1.262300 6.823740 0.213716 -1.396026 17.407041 0.046021 -0.653840 8.053242 0.000000 0.000001 0.000002 -9.532502 0.000009 0.000000 -0.136239 -2.205103 14.998885 0.214451 -1.398347 17.436892 0.239775 -1.476522 18.446290 -0.000002 -0.000001 0.000004 -9.103614 -0.043092 -1.865102 0.030599 -3.075760 20.450997 0.308446 -1.668278 20.948539 0.225820 -1.434045 17.897102 -0.000001 0.000002 0.000002 -8.076706 -0.486742 -3.806300 0.748865 -4.885244 26.473759 0.214470 -1.398384 17.437253 0.192999 -1.328173 16.535837 0.000001 -0.000001 0.000001 4.570407 11.014683 -2.160813 1.049447 -17.442066 -12.319461 3.916265 -19.989242 -69.765246 0.000001 -1.459367 -0.000003 -33.230499 -1.364892 -6.186633 2.466103 -1.576207 2.681699 -0.662920 2.160394 4.832512 11.853555 25.421664 17.058283 2.647875 -1.528731 1.528750 -13.813931 3.537292 9.036009 1.998905 -1.154081 1.154074 0.000001 0.000003 0.000001 9.109302 -0.518014 2.259901 0.019846 -0.969576 -7.593533 0.267847 1.752926 -17.375713 0.057670 0.820968 -8.037999 0.000000 0.000001 0.000005 9.533396 0.000010 -0.000000 -0.076334 2.665806 -15.696823 0.268761 1.755834 -17.405525 0.300508 1.854010 -18.413331 -0.000000 -0.000001 0.000001 9.104506 -0.042992 -1.865101 0.136870 3.641811 -21.133500 0.386596 2.094822 -20.911907 0.283018 1.800668 -17.864988 -0.000000 -0.000001 0.000002 8.077801 -0.486895 -3.806302 0.927692 5.555973 -27.128039 0.268768 1.755869 -17.405873 0.241880 1.667721 -16.505886 0.000000 0.000000 -0.000001 -8.207798 -6.751713 -1.599543 0.648648 -10.391049 3.516169 7.327109 -9.763709 -3.277842 -3.649289 -1.650149 3.202045 -7.282869 -0.000007 -0.000000 -0.000001 0.000002 0.000000 8.207800 -6.751718 -1.599544 -10.775406 14.739010 10.344595 12.136703 2.032052 4.168245 1.287348 0.513466 -7.110659 -4.928524 0.000008 -0.000002 0.000000 0.000000 0.000000 
0.145432 103.385368 1.423460 -3.753024 -5.218091 -3.769914 -0.000000 10.181541 0.131526 3.296628 1.543090 2.742651 1.151891 0.339458 1.552798 1.126014 0.361543 1.555887 0.000000 16.740345 -2.049021 5.626309 -0.078963 0.454683 -0.000001 9.617805 1.684979 -7.563342 1.375724 -0.080566 0.000000 22.037354 7.501071 -0.000000 -0.000000 -0.000000 -4.569999 11.014879 -2.160840 1.203181 15.343668 14.706010 13.158781 27.555118 58.785218 -0.000007 6.693740 0.000008 -20.179053 -0.514128 6.782823 -2.464807 -1.574002 2.681909 -1.665241 -0.174476 -4.219036 12.710941 -29.825397 -16.130877 -2.646281 -1.527805 1.527815 -15.549407 -3.559428 -12.707123 -1.994597 -1.151579 1.151577 -0.000002 -0.000001 -0.000000 -9.108304 -0.517879 2.259802 0.038555 1.262300 6.823740 0.213716 -1.396026 17.407041 0.046021 -0.653840 8.053242 0.000000 0.000001 0.000002 -9.532502 0.000009 0.000000 -0.136239 -2.205103 14.998885 0.214451 -1.398347 17.436892 0.239775 -1.476522 18.446290 -0.000002 -0.000001 0.000004 -9.103614 -0.043092 -1.865102 0.030599 -3.075760 20.450997 0.308446 -1.668278 20.948539 0.225820 -1.434045 17.897102 -0.000001 0.000002 0.000002 -8.076706 -0.486742 -3.806300 0.748865 -4.885244 26.473759 0.214470 -1.398384 17.437253 0.192999 -1.328173 16.535837 0.000001 -0.000001 0.000001 4.570407 11.014683 -2.160813 1.049447 -17.442066 -12.319461 3.916265 -19.989242 -69.765246 0.000001 -1.459367 -0.000003 -33.230499 -1.364892 -6.186633 2.466103 -1.576207 2.681699 -0.662920 2.160394 4.832512 11.853555 25.421664 17.058283 2.647875 -1.528731 1.528750 -13.813931 3.537292 9.036009 1.998905 -1.154081 1.154074 0.000001 0.000003 0.000001 9.109302 -0.518014 2.259901 0.019846 -0.969576 -7.593533 0.267847 1.752926 -17.375713 0.057670 0.820968 -8.037999 0.000000 0.000001 0.000005 9.533396 0.000010 -0.000000 -0.076334 2.665806 -15.696823 0.268761 1.755834 -17.405525 0.300508 1.854010 -18.413331 -0.000000 -0.000001 0.000001 9.104506 -0.042992 -1.865101 0.136870 3.641811 -21.133500 0.386596 2.094822 -20.911907 0.283018 1.800668 -17.864988 -0.000000 -0.000001 0.000002 8.077801 -0.486895 -3.806302 0.927692 5.555973 -27.128039 0.268768 1.755869 -17.405873 0.241880 1.667721 -16.505886 0.000000 0.000000 -0.000001 -8.207798 -6.751713 -1.599543 0.648648 -10.391049 3.516169 7.327109 -9.763709 -3.277842 -3.649289 -1.650149 3.202045 -7.282869 -0.000007 -0.000000 -0.000001 0.000002 0.000000 8.207800 -6.751718 -1.599544 -10.775406 14.739010 10.344595 12.136703 2.032052 4.168245 1.287348 0.513466 -7.110659 -4.928524 0.000008 -0.000002 0.000000 0.000000 0.000000 
0.145432 103.385368 1.423460 -3.753024 -5.218091 -3.769914 -0.000000 10.181541 0.131526 3.296628 1.543090 2.742651 1.151891 0.339458 1.552798 1.126014 0.361543 1.555887 0.000000 16.740345 -2.049021 5.626309 -0.078963 0.454683 -0.000001 9.617805 1.684979 -7.563342 1.375724 -0.080566 0.000000 22.037354 7.501071 -0.000000 -0.000000 -0.000000 -4.569999 11.014879 -2.160840 1.203181 15.343668 14.706010 13.158781 27.555118 58.785218 -0.000007 6.693740 0.000008 -20.179053 -0.514128 6.782823 -2.464807 -1.574002 2.681909 -1.665241 -0.174476 -4.219036 12.710941 -29.825397 -16.130877 -2.646281 -1.527805 1.527815 -15.549407 -3.559428 -12.707123 -1.994597 -1.151579 1.151577 -0.000002 -0.000001 -0.000000 -9.108304 -0.517879 2.259802 0.038555 1.262300 6.823740 0.213716 -1.396026 17.407041 0.046021 -0.653840 8.053242 0.000000 0.000001 0.000002 -9.532502 0.000009 0.000000 -0.136239 -2.205103 14.998885 0.214451 -1.398347 17.436892 0.239775 -1.476522 18.446290 -0.000002 -0.000001 0.000004 -9.103614 -0.043092 -1.865102 0.030599 -3.075760 20.450997 0.308446 -1.668278 20.948539 0.225820 -1.434045 17.897102 -0.000001 0.000002 0.000002 -8.076706 -0.486742 -3.806300 0.748865 -4.885244 26.473759 0.214470 -1.398384 17.437253 0.192999 -1.328173 16.535837 0.000001 -0.000001 0.000001 4.570407 11.014683 -2.160813 1.049447 -17.442066 -12.319461 3.916265 -19.989242 -69.765246 0.000001 -1.459367 -0.000003 -33.230499 -1.364892 -6.186633 2.466103 -1.576207 2.681699 -0.662920 2.160394 4.832512 11.853555 25.421664 17.058283 2.647875 -1.528731 1.528750 -13.813931 3.537292 9.036009 1.998905 -1.154081 1.154074 0.000001 0.000003 0.000001 9.109302 -0.518014 2.259901 0.019846 -0.969576 -7.593533 0.267847 1.752926 -17.375713 0.057670 0.820968 -8.037999 0.000000 0.000001 0.000005 9.533396 0.000010 -0.000000 -0.076334 2.665806 -15.696823 0.268761 1.755834 -17.405525 0.300508 1.854010 -18.413331 -0.000000 -0.000001 0.000001 9.104506 -0.042992 -1.865101 0.136870 3.641811 -21.133500 0.386596 2.094822 -20.911907 0.283018 1.800668 -17.864988 -0.000000 -0.000001 0.000002 8.077801 -0.486895 -3.806302 0.927692 5.555973 -27.128039 0.268768 1.755869 -17.405873 0.241880 1.667721 -16.505886 0.000000 0.000000 -0.000001 -8.207798 -6.751713 -1.599543 0.648648 -10.391049 3.516169 7.327109 -9.763709 -3.277842 -3.649289 -1.650149 3.202045 -7.282869 -0.000007 -0.000000 -0.000001 0.000002 0.000000 8.207800 -6.751718 -1.599544 -10.775406 14.739010 10.344595 12.136703 2.032052 4.168245 1.287348 0.513466 -7.110659 -4.928524 0.000008 -0.000002 0.000000 0.000000 0.000000 
0.145432 103.385368 1.423460 -3.753024 -5.218091 -3.769914 -0.000000 10.181541 0.131526 3.296628 1.543090 2.742651 1.151891 0.339458 1.552798 1.126014 0.361543 1.555887 0.000000 16.740345 -2.049021 5.626309 -0.078963 0.454683 -0.000001 9.617805 1.684979 -7.563342 1.375724 -0.080566 0.000000 22.037354 7.501071 -0.000000 -0.000000 -0.000000 -4.569999 11.014879 -2.160840 1.203181 15.343668 14.706010 13.158781 27.555118 58.785218 -0.000007 6.693740 0.000008 -20.179053 -0.514128 6.782823 -2.464807 -1.574002 2.681909 -1.665241 -0.174476 -4.219036 12.710941 -29.825397 -16.130877 -2.646281 -1.527805 1.527815 -15.549407 -3.559428 -12.707123 -1.994597 -1.151579 1.151577 -0.000002 -0.000001 -0.000000 -9.108304 -0.517879 2.259802 0.038555 1.262300 6.823740 0.213716 -1.396026 17.407041 0.046021 -0.653840 8.053242 0.000000 0.000001 0.000002 -9.532502 0.000009 0.000000 -0.136239 -2.205103 14.998885 0.214451 -1.398347 17.436892 0.239775 -1.476522 18.446290 -0.000002 -0.000001 0.000004 -9.103614 -0.043092 -1.865102 0.030599 -3.075760 20.450997 0.308446 -1.668278 20.948539 0.225820 -1.434045 17.897102 -0.000001 0.000002 0.000002 -8.076706 -0.486742 -3.806300 0.748865 -4.885244 26.473759 0.214470 -1.398384 17.437253 0.192999 -1.328173 16.535837 0.000001 -0.000001 0.000001 4.570407 11.014683 -2.160813 1.049447 -17.442066 -12.319461 3.916265 -19.989242 -69.765246 0.000001 -1.459367 -0.000003 -33.230499 -1.364892 -6.186633 2.466103 -1.576207 2.681699 -0.662920 2.160394 4.832512 11.853555 25.421664 17.058283 2.647875 -1.528731 1.528750 -13.813931 3.537292 9.036009 1.998905 -1.154081 1.154074 0.000001 0.000003 0.000001 9.109302 -0.518014 2.259901 0.019846 -0.969576 -7.593533 0.267847 1.752926 -17.375713 0.057670 0.820968 -8.037999 0.000000 0.000001 0.000005 9.533396 0.000010 -0.000000 -0.076334 2.665806 -15.696823 0.268761 1.755834 -17.405525 0.300508 1.854010 -18.413331 -0.000000 -0.000001 0.000001 9.104506 -0.042992 -1.865101 0.136870 3.641811 -21.133500 0.386596 2.094822 -20.911907 0.283018 1.800668 -17.864988 -0.000000 -0.000001 0.000002 8.077801 -0.486895 -3.806302 0.927692 5.555973 -27.128039 0.268768 1.755869 -17.405873 0.241880 1.667721 -16.505886 0.000000 0.000000 -0.000001 -8.207798 -6.751713 -1.599543 0.648648 -10.391049 3.516169 7.327109 -9.763709 -3.277842 -3.649289 -1.650149 3.202045 -7.282869 -0.000007 -0.000000 -0.000001 0.000002 0.000000 8.207800 -6.751718 -1.599544 -10.775406 14.739010 10.344595 12.136703 2.032052 4.168245 1.287348 0.513466 -7.110659 -4.928524 0.000008 -0.000002 0.000000 0.000000 0.000000 
0.145432 103.385368 1.423460 -3.753024 -5.218091 -3.769914 -0.000000 10.181541 0.131526 3.296628 1.543090 2.742651 1.151891 0.339458 1.552798 1.126014 0.361543 1.555887 0.000000 16.740345 -2.049021 5.626309 -0.078963 0.454683 -0.000001 9.617805 1.684979 -7.563342 1.375724 -0.080566 0.000000 22.037354 7.501071 -0.000000 -0.000000 -0.000000 -4.569999 11.014879 -2.160840 1.203181 15.343668 14.706010 13.158781 27.555118 58.785218 -0.000007 6.693740 0.000008 -20.179053 -0.514128 6.782823 -2.464807 -1.574002 2.681909 -1.665241 -0.174476 -4.219036 12.710941 -29.825397 -16.130877 -2.646281 -1.527805 1.527815 -15.549407 -3.559428 -12.707123 -1.994597 -1.151579 1.151577 -0.000002 -0.000001 -0.000000 -9.108304 -0.517879 2.259802 0.038555 1.262300 6.823740 0.213716 -1.396026 17.407041 0.046021 -0.653840 8.053242 0.000000 0.000001 0.000002 -9.532502 0.000009 0.000000 -0.136239 -2.205103 14.998885 0.214451 -1.398347 17.436892 0.239775 -1.476522 18.446290 -0.000002 -0.000001 0.000004 -9.103614 -0.043092 -1.865102 0.030599 -3.075760 20.450997 0.308446 -1.668278 20.948539 0.225820 -1.434045 17.897102 -0.000001 0.000002 0.000002 -8.076706 -0.486742 -3.806300 0.748865 -4.885244 26.473759 0.214470 -1.398384 17.437253 0.192999 -1.328173 16.535837 0.000001 -0.000001 0.000001 4.570407 11.014683 -2.160813 1.049447 -17.442066 -12.319461 3.916265 -19.989242 -69.765246 0.000001 -1.459367 -0.000003 -33.230499 -1.364892 -6.186633 2.466103 -1.576207 2.681699 -0.662920 2.160394 4.832512 11.853555 25.421664 17.058283 2.647875 -1.528731 1.528750 -13.813931 3.537292 9.036009 1.998905 -1.154081 1.154074 0.000001 0.000003 0.000001 9.109302 -0.518014 2.259901 0.019846 -0.969576 -7.593533 0.267847 1.752926 -17.375713 0.057670 0.820968 -8.037999 0.000000 0.000001 0.000005 9.533396 0.000010 -0.000000 -0.076334 2.665806 -15.696823 0.268761 1.755834 -17.405525 0.300508 1.854010 -18.413331 -0.000000 -0.000001 0.000001 9.104506 -0.042992 -1.865101 0.136870 3.641811 -21.133500 0.386596 2.094822 -20.911907 0.283018 1.800668 -17.864988 -0.000000 -0.000001 0.000002 8.077801 -0.486895 -3.806302 0.927692 5.555973 -27.128039 0.268768 1.755869 -17.405873 0.241880 1.667721 -16.505886 0.000000 0.000000 -0.000001 -8.207798 -6.751713 -1.599543 0.648648 -10.391049 3.516169 7.327109 -9.763709 -3.277842 -3.649289 -1.650149 3.202045 -7.282869 -0.000007 -0.000000 -0.000001 0.000002 0.000000 8.207800 -6.751718 -1.599544 -10.775406 14.739010 10.344595 12.136703 2.032052 4.168245 1.287348 0.513466 -7.110659 -4.928524 0.000008 -0.000002 0.000000 0.000000 0.000000 
0.145432 103.385368 1.423460 -3.753024 -5.218091 -3.769914 -0.000000 10.181541 0.131526 3.296628 1.543090 2.742651 1.151891 0.339458 1.552798 1.126014 0.361543 1.555887 0.000000 16.740345 -2.049021 5.626309 -0.078963 0.454683 -0.000001 9.617805 1.684979 -7.563342 1.375724 -0.080566 0.000000 22.037354 7.501071 -0.000000 -0.000000 -0.000000 -4.569999 11.014879 -2.160840 1.203181 15.343668 14.706010 13.158781 27.555118 58.785218 -0.000007 6.693740 0.000008 -20.179053 -0.514128 6.782823 -2.464807 -1.574002 2.681909 -1.665241 -0.174476 -4.219036 12.710941 -29.825397 -16.130877 -2.646281 -1.527805 1.527815 -15.549407 -3.559428 -12.707123 -1.994597 -1.151579 1.151577 -0.000002 -0.000001 -0.000000 -9.108304 -0.517879 2.259802 0.038555 1.262300 6.823740 0.213716 -1.396026 17.407041 0.046021 -0.653840 8.053242 0.000000 0.000001 0.000002 -9.532502 0.000009 0.000000 -0.136239 -2.205103 14.998885 0.214451 -1.398347 17.436892 0.239775 -1.476522 18.446290 -0.000002 -0.000001 0.000004 -9.103614 -0.043092 -1.865102 0.030599 -3.075760 20.450997 0.308446 -1.668278 20.948539 0.225820 -1.434045 17.897102 -0.000001 0.000002 0.000002 -8.076706 -0.486742 -3.806300 0.748865 -4.885244 26.473759 0.214470 -1.398384 17.437253 0.192999 -1.328173 16.535837 0.000001 -0.000001 0.000001 4.570407 11.014683 -2.160813 1.049447 -17.442066 -12.319461 3.916265 -19.989242 -69.765246 0.000001 -1.459367 -0.000003 -33.230499 -1.364892 -6.186633 2.466103 -1.576207 2.681699 -0.662920 2.160394 4.832512 11.853555 25.421664 17.058283 2.647875 -1.528731 1.528750 -13.813931 3.537292 9.036009 1.998905 -1.154081 1.154074 0.000001 0.000003 0.000001 9.109302 -0.518014 2.259901 0.019846 -0.969576 -7.593533 0.267847 1.752926 -17.375713 0.057670 0.820968 -8.037999 0.000000 0.000001 0.000005 9.533396 0.000010 -0.000000 -0.076334 2.665806 -15.696823 0.268761 1.755834 -17.405525 0.300508 1.854010 -18.413331 -0.000000 -0.000001 0.000001 9.104506 -0.042992 -1.865101 0.136870 3.641811 -21.133500 0.386596 2.094822 -20.911907 0.283018 1.800668 -17.864988 -0.000000 -0.000001 0.000002 8.077801 -0.486895 -3.806302 0.927692 5.555973 -27.128039 0.268768 1.755869 -17.405873 0.241880 1.667721 -16.505886 0.000000 0.000000 -0.000001 -8.207798 -6.751713 -1.599543 0.648648 -10.391049 3.516169 7.327109 -9.763709 -3.277842 -3.649289 -1.650149 3.202045 -7.282869 -0.000007 -0.000000 -0.000001 0.000002 0.000000 8.207800 -6.751718 -1.599544 -10.775406 14.739010 10.344595 12.136703 2.032052 4.168245 1.287348 0.513466 -7.110659 -4.928524 0.000008 -0.000002 0.000000 0.000000 0.000000 
0.145432 103.385368 1.423460 -3.753024 -5.218091 -3.769914 -0.000000 10.181541 0.131526 3.296628 1.543090 2.742651 1.151891 0.339458 1.552798 1.126014 0.361543 1.555887 0.000000 16.740345 -2.049021 5.626309 -0.078963 0.454683 -0.000001 9.617805 1.684979 -7.563342 1.375724 -0.080566 0.000000 22.037354 7.501071 -0.000000 -0.000000 -0.000000 -4.569999 11.014879 -2.160840 1.203181 15.343668 14.706010 13.158781 27.555118 58.785218 -0.000007 6.693740 0.000008 -20.179053 -0.514128 6.782823 -2.464807 -1.574002 2.681909 -1.665241 -0.174476 -4.219036 12.710941 -29.825397 -16.130877 -2.646281 -1.527805 1.527815 -15.549407 -3.559428 -12.707123 -1.994597 -1.151579 1.151577 -0.000002 -0.000001 -0.000000 -9.108304 -0.517879 2.259802 0.038555 1.262300 6.823740 0.213716 -1.396026 17.407041 0.046021 -0.653840 8.053242 0.000000 0.000001 0.000002 -9.532502 0.000009 0.000000 -0.136239 -2.205103 14.998885 0.214451 -1.398347 17.436892 0.239775 -1.476522 18.446290 -0.000002 -0.000001 0.000004 -9.103614 -0.043092 -1.865102 0.030599 -3.075760 20.450997 0.308446 -1.668278 20.948539 0.225820 -1.434045 17.897102 -0.000001 0.000002 0.000002 -8.076706 -0.486742 -3.806300 0.748865 -4.885244 26.473759 0.214470 -1.398384 17.437253 0.192999 -1.328173 16.535837 0.000001 -0.000001 0.000001 4.570407 11.014683 -2.160813 1.049447 -17.442066 -12.319461 3.916265 -19.989242 -69.765246 0.000001 -1.459367 -0.000003 -33.230499 -1.364892 -6.186633 2.466103 -1.576207 2.681699 -0.662920 2.160394 4.832512 11.853555 25.421664 17.058283 2.647875 -1.528731 1.528750 -13.813931 3.537292 9.036009 1.998905 -1.154081 1.154074 0.000001 0.000003 0.000001 9.109302 -0.518014 2.259901 0.019846 -0.969576 -7.593533 0.267847 1.752926 -17.375713 0.057670 0.820968 -8.037999 0.000000 0.000001 0.000005 9.533396 0.000010 -0.000000 -0.076334 2.665806 -15.696823 0.268761 1.755834 -17.405525 0.300508 1.854010 -18.413331 -0.000000 -0.000001 0.000001 9.104506 -0.042992 -1.865101 0.136870 3.641811 -21.133500 0.386596 2.094822 -20.911907 0.283018 1.800668 -17.864988 -0.000000 -0.000001 0.000002 8.077801 -0.486895 -3.806302 0.927692 5.555973 -27.128039 0.268768 1.755869 -17.405873 0.241880 1.667721 -16.505886 0.000000 0.000000 -0.000001 -8.207798 -6.751713 -1.599543 0.648648 -10.391049 3.516169 7.327109 -9.763709 -3.277842 -3.649289 -1.650149 3.202045 -7.282869 -0.000007 -0.000000 -0.000001 0.000002 0.000000 8.207800 -6.751718 -1.599544 -10.775406 14.739010 10.344595 12.136703 2.032052 4.168245 1.287348 0.513466 -7.110659 -4.928524 0.000008 -0.000002 0.000000 0.000000 0.000000 
0.145432 103.385368 1.423460 -3.753024 -5.218091 -3.769914 -0.000000 10.181541 0.131526 3.296628 1.543090 2.742651 1.151891 0.339458 1.552798 1.126014 0.361543 1.555887 0.000000 16.740345 -2.049021 5.626309 -0.078963 0.454683 -0.000001 9.617805 1.684979 -7.563342 1.375724 -0.080566 0.000000 22.037354 7.501071 -0.000000 -0.000000 -0.000000 -4.569999 11.014879 -2.160840 1.203181 15.343668 14.706010 13.158781 27.555118 58.785218 -0.000007 6.693740 0.000008 -20.179053 -0.514128 6.782823 -2.464807 -1.574002 2.681909 -1.665241 -0.174476 -4.219036 12.710941 -29.825397 -16.130877 -2.646281 -1.527805 1.527815 -15.549407 -3.559428 -12.707123 -1.994597 -1.151579 1.151577 -0.000002 -0.000001 -0.000000 -9.108304 -0.517879 2.259802 0.038555 1.262300 6.823740 0.213716 -1.396026 17.407041 0.046021 -0.653840 8.053242 0.000000 0.000001 0.000002 -9.532502 0.000009 0.000000 -0.136239 -2.205103 14.998885 0.214451 -1.398347 17.436892 0.239775 -1.476522 18.446290 -0.000002 -0.000001 0.000004 -9.103614 -0.043092 -1.865102 0.030599 -3.075760 20.450997 0.308446 -1.668278 20.948539 0.225820 -1.434045 17.897102 -0.000001 0.000002 0.000002 -8.076706 -0.486742 -3.806300 0.748865 -4.885244 26.473759 0.214470 -1.398384 17.437253 0.192999 -1.328173 16.535837 0.000001 -0.000001 0.000001 4.570407 11.014683 -2.160813 1.049447 -17.442066 -12.319461 3.916265 -19.989242 -69.765246 0.000001 -1.459367 -0.000003 -33.230499 -1.364892 -6.186633 2.466103 -1.576207 2.681699 -0.662920 2.160394 4.832512 11.853555 25.421664 17.058283 2.647875 -1.528731 1.528750 -13.813931 3.537292 9.036009 1.998905 -1.154081 1.154074 0.000001 0.000003 0.000001 9.109302 -0.518014 2.259901 0.019846 -0.969576 -7.593533 0.267847 1.752926 -17.375713 0.057670 0.820968 -8.037999 0.000000 0.000001 0.000005 9.533396 0.000010 -0.000000 -0.076334 2.665806 -15.696823 0.268761 1.755834 -17.405525 0.300508 1.854010 -18.413331 -0.000000 -0.000001 0.000001 9.104506 -0.042992 -1.865101 0.136870 3.641811 -21.133500 0.386596 2.094822 -20.911907 0.283018 1.800668 -17.864988 -0.000000 -0.000001 0.000002 8.077801 -0.486895 -3.806302 0.927692 5.555973 -27.128039 0.268768 1.755869 -17.405873 0.241880 1.667721 -16.505886 0.000000 0.000000 -0.000001 -8.207798 -6.751713 -1.599543 0.648648 -10.391049 3.516169 7.327109 -9.763709 -3.277842 -3.649289 -1.650149 3.202045 -7.282869 -0.000007 -0.000000 -0.000001 0.000002 0.000000 8.207800 -6.751718 -1.599544 -10.775406 14.739010 10.344595 12.136703 2.032052 4.168245 1.287348 0.513466 -7.110659 -4.928524 0.000008 -0.000002 0.000000 0.000000 0.000000 
0.145432 103.385368 1.423460 -3.753024 -5.218091 -3.769914 -0.000000 10.181541 0.131526 3.296628 1.543090 2.742651 1.151891 0.339458 1.552798 1.126014 0.361543 1.555887 0.000000 16.740345 -2.049021 5.626309 -0.078963 0.454683 -0.000001 9.617805 1.684979 -7.563342 1.375724 -0.080566 0.000000 22.037354 7.501071 -0.000000 -0.000000 -0.000000 -4.569999 11.014879 -2.160840 1.203181 15.343668 14.706010 13.158781 27.555118 58.785218 -0.000007 6.693740 0.000008 -20.179053 -0.514128 6.782823 -2.464807 -1.574002 2.681909 -1.665241 -0.174476 -4.219036 12.710941 -29.825397 -16.130877 -2.646281 -1.527805 1.527815 -15.549407 -3.559428 -12.707123 -1.994597 -1.151579 1.151577 -0.000002 -0.000001 -0.000000 -9.108304 -0.517879 2.259802 0.038555 1.262300 6.823740 0.213716 -1.396026 17.407041 0.046021 -0.653840 8.053242 0.000000 0.000001 0.000002 -9.532502 0.000009 0.000000 -0.136239 -2.205103 14.998885 0.214451 -1.398347 17.436892 0.239775 -1.476522 18.446290 -0.000002 -0.000001 0.000004 -9.103614 -0.043092 -1.865102 0.030599 -3.075760 20.450997 0.308446 -1.668278 20.948539 0.225820 -1.434045 17.897102 -0.000001 0.000002 0.000002 -8.076706 -0.486742 -3.806300 0.748865 -4.885244 26.473759 0.214470 -1.398384 17.437253 0.192999 -1.328173 16.535837 0.000001 -0.000001 0.000001 4.570407 11.014683 -2.160813 1.049447 -17.442066 -12.319461 3.916265 -19.989242 -69.765246 0.000001 -1.459367 -0.000003 -33.230499 -1.364892 -6.186633 2.466103 -1.576207 2.681699 -0.662920 2.160394 4.832512 11.853555 25.421664 17.058283 2.647875 -1.528731 1.528750 -13.813931 3.537292 9.036009 1.998905 -1.154081 1.154074 0.000001 0.000003 0.000001 9.109302 -0.518014 2.259901 0.019846 -0.969576 -7.593533 0.267847 1.752926 -17.375713 0.057670 0.820968 -8.037999 0.000000 0.000001 0.000005 9.533396 0.000010 -0.000000 -0.076334 2.665806 -15.696823 0.268761 1.755834 -17.405525 0.300508 1.854010 -18.413331 -0.000000 -0.000001 0.000001 9.104506 -0.042992 -1.865101 0.136870 3.641811 -21.133500 0.386596 2.094822 -20.911907 0.283018 1.800668 -17.864988 -0.000000 -0.000001 0.000002 8.077801 -0.486895 -3.806302 0.927692 5.555973 -27.128039 0.268768 1.755869 -17.405873 0.241880 1.667721 -16.505886 0.000000 0.000000 -0.000001 -8.207798 -6.751713 -1.599543 0.648648 -10.391049 3.516169 7.327109 -9.763709 -3.277842 -3.649289 -1.650149 3.202045 -7.282869 -0.000007 -0.000000 -0.000001 0.000002 0.000000 8.207800 -6.751718 -1.599544 -10.775406 14.739010 10.344595 12.136703 2.032052 4.168245 1.287348 0.513466 -7.110659 -4.928524 0.000008 -0.000002 0.000000 0.000000 0.000000 
0.145432 103.385368 1.423460 -3.753024 -5.218091 -3.769914 -0.000000 10.181541 0.131526 3.296628 1.543090 2.742651 1.151891 0.339458 1.552798 1.126014 0.361543 1.555887 0.000000 16.740345 -2.049021 5.626309 -0.078963 0.454683 -0.000001 9.617805 1.684979 -7.563342 1.375724 -0.080566 0.000000 22.037354 7.501071 -0.000000 -0.000000 -0.000000 -4.569999 11.014879 -2.160840 1.203181 15.343668 14.706010 13.158781 27.555118 58.785218 -0.000007 6.693740 0.000008 -20.179053 -0.514128 6.782823 -2.464807 -1.574002 2.681909 -1.665241 -0.174476 -4.219036 12.710941 -29.825397 -16.130877 -2.646281 -1.527805 1.527815 -15.549407 -3.559428 -12.707123 -1.994597 -1.151579 1.151577 -0.000002 -0.000001 -0.000000 -9.108304 -0.517879 2.259802 0.038555 1.262300 6.823740 0.213716 -1.396026 17.407041 0.046021 -0.653840 8.053242 0.000000 0.000001 0.000002 -9.532502 0.000009 0.000000 -0.136239 -2.205103 14.998885 0.214451 -1.398347 17.436892 0.239775 -1.476522 18.446290 -0.000002 -0.000001 0.000004 -9.103614 -0.043092 -1.865102 0.030599 -3.075760 20.450997 0.308446 -1.668278 20.948539 0.225820 -1.434045 17.897102 -0.000001 0.000002 0.000002 -8.076706 -0.486742 -3.806300 0.748865 -4.885244 26.473759 0.214470 -1.398384 17.437253 0.192999 -1.328173 16.535837 0.000001 -0.000001 0.000001 4.570407 11.014683 -2.160813 1.049447 -17.442066 -12.319461 3.916265 -19.989242 -69.765246 0.000001 -1.459367 -0.000003 -33.230499 -1.364892 -6.186633 2.466103 -1.576207 2.681699 -0.662920 2.160394 4.832512 11.853555 25.421664 17.058283 2.647875 -1.528731 1.528750 -13.813931 3.537292 9.036009 1.998905 -1.154081 1.154074 0.000001 0.000003 0.000001 9.109302 -0.518014 2.259901 0.019846 -0.969576 -7.593533 0.267847 1.752926 -17.375713 0.057670 0.820968 -8.037999 0.000000 0.000001 0.000005 9.533396 0.000010 -0.000000 -0.076334 2.665806 -15.696823 0.268761 1.755834 -17.405525 0.300508 1.854010 -18.413331 -0.000000 -0.000001 0.000001 9.104506 -0.042992 -1.865101 0.136870 3.641811 -21.133500 0.386596 2.094822 -20.911907 0.283018 1.800668 -17.864988 -0.000000 -0.000001 0.000002 8.077801 -0.486895 -3.806302 0.927692 5.555973 -27.128039 0.268768 1.755869 -17.405873 0.241880 1.667721 -16.505886 0.000000 0.000000 -0.000001 -8.207798 -6.751713 -1.599543 0.648648 -10.391049 3.516169 7.327109 -9.763709 -3.277842 -3.649289 -1.650149 3.202045 -7.282869 -0.000007 -0.000000 -0.000001 0.000002 0.000000 8.207800 -6.751718 -1.599544 -10.775406 14.739010 10.344595 12.136703 2.032052 4.168245 1.287348 0.513466 -7.110659 -4.928524 0.000008 -0.000002 0.000000 0.000000 0.000000 
0.145432 103.385368 1.423460 -3.753024 -5.218091 -3.769914 -0.000000 10.181541 0.131526 3.296628 1.543090 2.742651 1.151891 0.339458 1.552798 1.126014 0.361543 1.555887 0.000000 16.740345 -2.049021 5.626309 -0.078963 0.454683 -0.000001 9.617805 1.684979 -7.563342 1.375724 -0.080566 0.000000 22.037354 7.501071 -0.000000 -0.000000 -0.000000 -4.569999 11.014879 -2.160840 1.203181 15.343668 14.706010 13.158781 27.555118 58.785218 -0.000007 6.693740 0.000008 -20.179053 -0.514128 6.782823 -2.464807 -1.574002 2.681909 -1.665241 -0.174476 -4.219036 12.710941 -29.825397 -16.130877 -2.646281 -1.527805 1.527815 -15.549407 -3.559428 -12.707123 -1.994597 -1.151579 1.151577 -0.000002 -0.000001 -0.000000 -9.108304 -0.517879 2.259802 0.038555 1.262300 6.823740 0.213716 -1.396026 17.407041 0.046021 -0.653840 8.053242 0.000000 0.000001 0.000002 -9.532502 0.000009 0.000000 -0.136239 -2.205103 14.998885 0.214451 -1.398347 17.436892 0.239775 -1.476522 18.446290 -0.000002 -0.000001 0.000004 -9.103614 -0.043092 -1.865102 0.030599 -3.075760 20.450997 0.308446 -1.668278 20.948539 0.225820 -1.434045 17.897102 -0.000001 0.000002 0.000002 -8.076706 -0.486742 -3.806300 0.748865 -4.885244 26.473759 0.214470 -1.398384 17.437253 0.192999 -1.328173 16.535837 0.000001 -0.000001 0.000001 4.570407 11.014683 -2.160813 1.049447 -17.442066 -12.319461 3.916265 -19.989242 -69.765246 0.000001 -1.459367 -0.000003 -33.230499 -1.364892 -6.186633 2.466103 -1.576207 2.681699 -0.662920 2.160394 4.832512 11.853555 25.421664 17.058283 2.647875 -1.528731 1.528750 -13.813931 3.537292 9.036009 1.998905 -1.154081 1.154074 0.000001 0.000003 0.000001 9.109302 -0.518014 2.259901 0.019846 -0.969576 -7.593533 0.267847 1.752926 -17.375713 0.057670 0.820968 -8.037999 0.000000 0.000001 0.000005 9.533396 0.000010 -0.000000 -0.076334 2.665806 -15.696823 0.268761 1.755834 -17.405525 0.300508 1.854010 -18.413331 -0.000000 -0.000001 0.000001 9.104506 -0.042992 -1.865101 0.136870 3.641811 -21.133500 0.386596 2.094822 -20.911907 0.283018 1.800668 -17.864988 -0.000000 -0.000001 0.000002 8.077801 -0.486895 -3.806302 0.927692 5.555973 -27.128039 0.268768 1.755869 -17.405873 0.241880 1.667721 -16.505886 0.000000 0.000000 -0.000001 -8.207798 -6.751713 -1.599543 0.648648 -10.391049 3.516169 7.327109 -9.763709 -3.277842 -3.649289 -1.650149 3.202045 -7.282869 -0.000007 -0.000000 -0.000001 0.000002 0.000000 8.207800 -6.751718 -1.599544 -10.775406 14.739010 10.344595 12.136703 2.032052 4.168245 1.287348 0.513466 -7.110659 -4.928524 0.000008 -0.000002 0.000000 0.000000 0.000000 
0.145432 103.385368 1.423460 -3.753024 -5.218091 -3.769914 -0.000000 10.181541 0.131526 3.296628 1.543090 2.742651 1.151891 0.339458 1.552798 1.126014 0.361543 1.555887 0.000000 16.740345 -2.049021 5.626309 -0.078963 0.454683 -0.000001 9.617805 1.684979 -7.563342 1.375724 -0.080566 0.000000 22.037354 7.501071 -0.000000 -0.000000 -0.000000 -4.569999 11.014879 -2.160840 1.203181 15.343668 14.706010 13.158781 27.555118 58.785218 -0.000007 6.693740 0.000008 -20.179053 -0.514128 6.782823 -2.464807 -1.574002 2.681909 -1.665241 -0.174476 -4.219036 12.710941 -29.825397 -16.130877 -2.646281 -1.527805 1.527815 -15.549407 -3.559428 -12.707123 -1.994597 -1.151579 1.151577 -0.000002 -0.000001 -0.000000 -9.108304 -0.517879 2.259802 0.038555 1.262300 6.823740 0.213716 -1.396026 17.407041 0.046021 -0.653840 8.053242 0.000000 0.000001 0.000002 -9.532502 0.000009 0.000000 -0.136239 -2.205103 14.998885 0.214451 -1.398347 17.436892 0.239775 -1.476522 18.446290 -0.000002 -0.000001 0.000004 -9.103614 -0.043092 -1.865102 0.030599 -3.075760 20.450997 0.308446 -1.668278 20.948539 0.225820 -1.434045 17.897102 -0.000001 0.000002 0.000002 -8.076706 -0.486742 -3.806300 0.748865 -4.885244 26.473759 0.214470 -1.398384 17.437253 0.192999 -1.328173 16.535837 0.000001 -0.000001 0.000001 4.570407 11.014683 -2.160813 1.049447 -17.442066 -12.319461 3.916265 -19.989242 -69.765246 0.000001 -1.459367 -0.000003 -33.230499 -1.364892 -6.186633 2.466103 -1.576207 2.681699 -0.662920 2.160394 4.832512 11.853555 25.421664 17.058283 2.647875 -1.528731 1.528750 -13.813931 3.537292 9.036009 1.998905 -1.154081 1.154074 0.000001 0.000003 0.000001 9.109302 -0.518014 2.259901 0.019846 -0.969576 -7.593533 0.267847 1.752926 -17.375713 0.057670 0.820968 -8.037999 0.000000 0.000001 0.000005 9.533396 0.000010 -0.000000 -0.076334 2.665806 -15.696823 0.268761 1.755834 -17.405525 0.300508 1.854010 -18.413331 -0.000000 -0.000001 0.000001 9.104506 -0.042992 -1.865101 0.136870 3.641811 -21.133500 0.386596 2.094822 -20.911907 0.283018 1.800668 -17.864988 -0.000000 -0.000001 0.000002 8.077801 -0.486895 -3.806302 0.927692 5.555973 -27.128039 0.268768 1.755869 -17.405873 0.241880 1.667721 -16.505886 0.000000 0.000000 -0.000001 -8.207798 -6.751713 -1.599543 0.648648 -10.391049 3.516169 7.327109 -9.763709 -3.277842 -3.649289 -1.650149 3.202045 -7.282869 -0.000007 -0.000000 -0.000001 0.000002 0.000000 8.207800 -6.751718 -1.599544 -10.775406 14.739010 10.344595 12.136703 2.032052 4.168245 1.287348 0.513466 -7.110659 -4.928524 0.000008 -0.000002 0.000000 0.000000 0.000000 
0.145432 103.385368 1.423460 -3.753024 -5.218091 -3.769914 -0.000000 10.181541 0.131526 3.296628 1.543090 2.742651 1.151891 0.339458 1.552798 1.126014 0.361543 1.555887 0.000000 16.740345 -2.049021 5.626309 -0.078963 0.454683 -0.000001 9.617805 1.684979 -7.563342 1.375724 -0.080566 0.000000 22.037354 7.501071 -0.000000 -0.000000 -0.000000 -4.569999 11.014879 -2.160840 1.203181 15.343668 14.706010 13.158781 27.555118 58.785218 -0.000007 6.693740 0.000008 -20.179053 -0.514128 6.782823 -2.464807 -1.574002 2.681909 -1.665241 -0.174476 -4.219036 12.710941 -29.825397 -16.130877 -2.646281 -1.527805 1.527815 -15.549407 -3.559428 -12.707123 -1.994597 -1.151579 1.151577 -0.000002 -0.000001 -0.000000 -9.108304 -0.517879 2.259802 0.038555 1.262300 6.823740 0.213716 -1.396026 17.407041 0.046021 -0.653840 8.053242 0.000000 0.000001 0.000002 -9.532502 0.000009 0.000000 -0.136239 -2.205103 14.998885 0.214451 -1.398347 17.436892 0.239775 -1.476522 18.446290 -0.000002 -0.000001 0.000004 -9.103614 -0.043092 -1.865102 0.030599 -3.075760 20.450997 0.308446 -1.668278 20.948539 0.225820 -1.434045 17.897102 -0.000001 0.000002 0.000002 -8.076706 -0.486742 -3.806300 0.748865 -4.885244 26.473759 0.214470 -1.398384 17.437253 0.192999 -1.328173 16.535837 0.000001 -0.000001 0.000001 4.570407 11.014683 -2.160813 1.049447 -17.442066 -12.319461 3.916265 -19.989242 -69.765246 0.000001 -1.459367 -0.000003 -33.230499 -1.364892 -6.186633 2.466103 -1.576207 2.681699 -0.662920 2.160394 4.832512 11.853555 25.421664 17.058283 2.647875 -1.528731 1.528750 -13.813931 3.537292 9.036009 1.998905 -1.154081 1.154074 0.000001 0.000003 0.000001 9.109302 -0.518014 2.259901 0.019846 -0.969576 -7.593533 0.267847 1.752926 -17.375713 0.057670 0.820968 -8.037999 0.000000 0.000001 0.000005 9.533396 0.000010 -0.000000 -0.076334 2.665806 -15.696823 0.268761 1.755834 -17.405525 0.300508 1.854010 -18.413331 -0.000000 -0.000001 0.000001 9.104506 -0.042992 -1.865101 0.136870 3.641811 -21.133500 0.386596 2.094822 -20.911907 0.283018 1.800668 -17.864988 -0.000000 -0.000001 0.000002 8.077801 -0.486895 -3.806302 0.927692 5.555973 -27.128039 0.268768 1.755869 -17.405873 0.241880 1.667721 -16.505886 0.000000 0.000000 -0.000001 -8.207798 -6.751713 -1.599543 0.648648 -10.391049 3.516169 7.327109 -9.763709 -3.277842 -3.649289 -1.650149 3.202045 -7.282869 -0.000007 -0.000000 -0.000001 0.000002 0.000000 8.207800 -6.751718 -1.599544 -10.775406 14.739010 10.344595 12.136703 2.032052 4.168245 1.287348 0.513466 -7.110659 -4.928524 0.000008 -0.000002 0.000000 0.000000 0.000000 
0.145432 103.385368 1.423460 -3.753024 -5.218091 -3.769914 -0.000000 10.181541 0.131526 3.296628 1.543090 2.742651 1.151891 0.339458 1.552798 1.126014 0.361543 1.555887 0.000000 16.740345 -2.049021 5.626309 -0.078963 0.454683 -0.000001 9.617805 1.684979 -7.563342 1.375724 -0.080566 0.000000 22.037354 7.501071 -0.000000 -0.000000 -0.000000 -4.569999 11.014879 -2.160840 1.203181 15.343668 14.706010 13.158781 27.555118 58.785218 -0.000007 6.693740 0.000008 -20.179053 -0.514128 6.782823 -2.464807 -1.574002 2.681909 -1.665241 -0.174476 -4.219036 12.710941 -29.825397 -16.130877 -2.646281 -1.527805 1.527815 -15.549407 -3.559428 -12.707123 -1.994597 -1.151579 1.151577 -0.000002 -0.000001 -0.000000 -9.108304 -0.517879 2.259802 0.038555 1.262300 6.823740 0.213716 -1.396026 17.407041 0.046021 -0.653840 8.053242 0.000000 0.000001 0.000002 -9.532502 0.000009 0.000000 -0.136239 -2.205103 14.998885 0.214451 -1.398347 17.436892 0.239775 -1.476522 18.446290 -0.000002 -0.000001 0.000004 -9.103614 -0.043092 -1.865102 0.030599 -3.075760 20.450997 0.308446 -1.668278 20.948539 0.225820 -1.434045 17.897102 -0.000001 0.000002 0.000002 -8.076706 -0.486742 -3.806300 0.748865 -4.885244 26.473759 0.214470 -1.398384 17.437253 0.192999 -1.328173 16.535837 0.000001 -0.000001 0.000001 4.570407 11.014683 -2.160813 1.049447 -17.442066 -12.319461 3.916265 -19.989242 -69.765246 0.000001 -1.459367 -0.000003 -33.230499 -1.364892 -6.186633 2.466103 -1.576207 2.681699 -0.662920 2.160394 4.832512 11.853555 25.421664 17.058283 2.647875 -1.528731 1.528750 -13.813931 3.537292 9.036009 1.998905 -1.154081 1.154074 0.000001 0.000003 0.000001 9.109302 -0.518014 2.259901 0.019846 -0.969576 -7.593533 0.267847 1.752926 -17.375713 0.057670 0.820968 -8.037999 0.000000 0.000001 0.000005 9.533396 0.000010 -0.000000 -0.076334 2.665806 -15.696823 0.268761 1.755834 -17.405525 0.300508 1.854010 -18.413331 -0.000000 -0.000001 0.000001 9.104506 -0.042992 -1.865101 0.136870 3.641811 -21.133500 0.386596 2.094822 -20.911907 0.283018 1.800668 -17.864988 -0.000000 -0.000001 0.000002 8.077801 -0.486895 -3.806302 0.927692 5.555973 -27.128039 0.268768 1.755869 -17.405873 0.241880 1.667721 -16.505886 0.000000 0.000000 -0.000001 -8.207798 -6.751713 -1.599543 0.648648 -10.391049 3.516169 7.327109 -9.763709 -3.277842 -3.649289 -1.650149 3.202045 -7.282869 -0.000007 -0.000000 -0.000001 0.000002 0.000000 8.207800 -6.751718 -1.599544 -10.775406 14.739010 10.344595 12.136703 2.032052 4.168245 1.287348 0.513466 -7.110659 -4.928524 0.000008 -0.000002 0.000000 0.000000 0.000000 
0.145432 103.385368 1.423460 -3.753024 -5.218091 -3.769914 -0.000000 10.181541 0.131526 3.296628 1.543090 2.742651 1.151891 0.339458 1.552798 1.126014 0.361543 1.555887 0.000000 16.740345 -2.049021 5.626309 -0.078963 0.454683 -0.000001 9.617805 1.684979 -7.563342 1.375724 -0.080566 0.000000 22.037354 7.501071 -0.000000 -0.000000 -0.000000 -4.569999 11.014879 -2.160840 1.203181 15.343668 14.706010 13.158781 27.555118 58.785218 -0.000007 6.693740 0.000008 -20.179053 -0.514128 6.782823 -2.464807 -1.574002 2.681909 -1.665241 -0.174476 -4.219036 12.710941 -29.825397 -16.130877 -2.646281 -1.527805 1.527815 -15.549407 -3.559428 -12.707123 -1.994597 -1.151579 1.151577 -0.000002 -0.000001 -0.000000 -9.108304 -0.517879 2.259802 0.038555 1.262300 6.823740 0.213716 -1.396026 17.407041 0.046021 -0.653840 8.053242 0.000000 0.000001 0.000002 -9.532502 0.000009 0.000000 -0.136239 -2.205103 14.998885 0.214451 -1.398347 17.436892 0.239775 -1.476522 18.446290 -0.000002 -0.000001 0.000004 -9.103614 -0.043092 -1.865102 0.030599 -3.075760 20.450997 0.308446 -1.668278 20.948539 0.225820 -1.434045 17.897102 -0.000001 0.000002 0.000002 -8.076706 -0.486742 -3.806300 0.748865 -4.885244 26.473759 0.214470 -1.398384 17.437253 0.192999 -1.328173 16.535837 0.000001 -0.000001 0.000001 4.570407 11.014683 -2.160813 1.049447 -17.442066 -12.319461 3.916265 -19.989242 -69.765246 0.000001 -1.459367 -0.000003 -33.230499 -1.364892 -6.186633 2.466103 -1.576207 2.681699 -0.662920 2.160394 4.832512 11.853555 25.421664 17.058283 2.647875 -1.528731 1.528750 -13.813931 3.537292 9.036009 1.998905 -1.154081 1.154074 0.000001 0.000003 0.000001 9.109302 -0.518014 2.259901 0.019846 -0.969576 -7.593533 0.267847 1.752926 -17.375713 0.057670 0.820968 -8.037999 0.000000 0.000001 0.000005 9.533396 0.000010 -0.000000 -0.076334 2.665806 -15.696823 0.268761 1.755834 -17.405525 0.300508 1.854010 -18.413331 -0.000000 -0.000001 0.000001 9.104506 -0.042992 -1.865101 0.136870 3.641811 -21.133500 0.386596 2.094822 -20.911907 0.283018 1.800668 -17.864988 -0.000000 -0.000001 0.000002 8.077801 -0.486895 -3.806302 0.927692 5.555973 -27.128039 0.268768 1.755869 -17.405873 0.241880 1.667721 -16.505886 0.000000 0.000000 -0.000001 -8.207798 -6.751713 -1.599543 0.648648 -10.391049 3.516169 7.327109 -9.763709 -3.277842 -3.649289 -1.650149 3.202045 -7.282869 -0.000007 -0.000000 -0.000001 0.000002 0.000000 8.207800 -6.751718 -1.599544 -10.775406 14.739010 10.344595 12.136703 2.032052 4.168245 1.287348 0.513466 -7.110659 -4.928524 0.000008 -0.000002 0.000000 0.000000 0.000000 
0.145432 103.385368 1.423460 -3.753024 -5.218091 -3.769914 -0.000000 10.181541 0.131526 3.296628 1.543090 2.742651 1.151891 0.339458 1.552798 1.126014 0.361543 1.555887 0.000000 16.740345 -2.049021 5.626309 -0.078963 0.454683 -0.000001 9.617805 1.684979 -7.563342 1.375724 -0.080566 0.000000 22.037354 7.501071 -0.000000 -0.000000 -0.000000 -4.569999 11.014879 -2.160840 1.203181 15.343668 14.706010 13.158781 27.555118 58.785218 -0.000007 6.693740 0.000008 -20.179053 -0.514128 6.782823 -2.464807 -1.574002 2.681909 -1.665241 -0.174476 -4.219036 12.710941 -29.825397 -16.130877 -2.646281 -1.527805 1.527815 -15.549407 -3.559428 -12.707123 -1.994597 -1.151579 1.151577 -0.000002 -0.000001 -0.000000 -9.108304 -0.517879 2.259802 0.038555 1.262300 6.823740 0.213716 -1.396026 17.407041 0.046021 -0.653840 8.053242 0.000000 0.000001 0.000002 -9.532502 0.000009 0.000000 -0.136239 -2.205103 14.998885 0.214451 -1.398347 17.436892 0.239775 -1.476522 18.446290 -0.000002 -0.000001 0.000004 -9.103614 -0.043092 -1.865102 0.030599 -3.075760 20.450997 0.308446 -1.668278 20.948539 0.225820 -1.434045 17.897102 -0.000001 0.000002 0.000002 -8.076706 -0.486742 -3.806300 0.748865 -4.885244 26.473759 0.214470 -1.398384 17.437253 0.192999 -1.328173 16.535837 0.000001 -0.000001 0.000001 4.570407 11.014683 -2.160813 1.049447 -17.442066 -12.319461 3.916265 -19.989242 -69.765246 0.000001 -1.459367 -0.000003 -33.230499 -1.364892 -6.186633 2.466103 -1.576207 2.681699 -0.662920 2.160394 4.832512 11.853555 25.421664 17.058283 2.647875 -1.528731 1.528750 -13.813931 3.537292 9.036009 1.998905 -1.154081 1.154074 0.000001 0.000003 0.000001 9.109302 -0.518014 2.259901 0.019846 -0.969576 -7.593533 0.267847 1.752926 -17.375713 0.057670 0.820968 -8.037999 0.000000 0.000001 0.000005 9.533396 0.000010 -0.000000 -0.076334 2.665806 -15.696823 0.268761 1.755834 -17.405525 0.300508 1.854010 -18.413331 -0.000000 -0.000001 0.000001 9.104506 -0.042992 -1.865101 0.136870 3.641811 -21.133500 0.386596 2.094822 -20.911907 0.283018 1.800668 -17.864988 -0.000000 -0.000001 0.000002 8.077801 -0.486895 -3.806302 0.927692 5.555973 -27.128039 0.268768 1.755869 -17.405873 0.241880 1.667721 -16.505886 0.000000 0.000000 -0.000001 -8.207798 -6.751713 -1.599543 0.648648 -10.391049 3.516169 7.327109 -9.763709 -3.277842 -3.649289 -1.650149 3.202045 -7.282869 -0.000007 -0.000000 -0.000001 0.000002 0.000000 8.207800 -6.751718 -1.599544 -10.775406 14.739010 10.344595 12.136703 2.032052 4.168245 1.287348 0.513466 -7.110659 -4.928524 0.000008 -0.000002 0.000000 0.000000 0.000000 
0.145432 103.385368 1.423460 -3.753024 -5.218091 -3.769914 -0.000000 10.181541 0.131526 3.296628 1.543090 2.742651 1.151891 0.339458 1.552798 1.126014 0.361543 1.555887 0.000000 16.740345 -2.049021 5.626309 -0.078963 0.454683 -0.000001 9.617805 1.684979 -7.563342 1.375724 -0.080566 0.000000 22.037354 7.501071 -0.000000 -0.000000 -0.000000 -4.569999 11.014879 -2.160840 1.203181 15.343668 14.706010 13.158781 27.555118 58.785218 -0.000007 6.693740 0.000008 -20.179053 -0.514128 6.782823 -2.464807 -1.574002 2.681909 -1.665241 -0.174476 -4.219036 12.710941 -29.825397 -16.130877 -2.646281 -1.527805 1.527815 -15.549407 -3.559428 -12.707123 -1.994597 -1.151579 1.151577 -0.000002 -0.000001 -0.000000 -9.108304 -0.517879 2.259802 0.038555 1.262300 6.823740 0.213716 -1.396026 17.407041 0.046021 -0.653840 8.053242 0.000000 0.000001 0.000002 -9.532502 0.000009 0.000000 -0.136239 -2.205103 14.998885 0.214451 -1.398347 17.436892 0.239775 -1.476522 18.446290 -0.000002 -0.000001 0.000004 -9.103614 -0.043092 -1.865102 0.030599 -3.075760 20.450997 0.308446 -1.668278 20.948539 0.225820 -1.434045 17.897102 -0.000001 0.000002 0.000002 -8.076706 -0.486742 -3.806300 0.748865 -4.885244 26.473759 0.214470 -1.398384 17.437253 0.192999 -1.328173 16.535837 0.000001 -0.000001 0.000001 4.570407 11.014683 -2.160813 1.049447 -17.442066 -12.319461 3.916265 -19.989242 -69.765246 0.000001 -1.459367 -0.000003 -33.230499 -1.364892 -6.186633 2.466103 -1.576207 2.681699 -0.662920 2.160394 4.832512 11.853555 25.421664 17.058283 2.647875 -1.528731 1.528750 -13.813931 3.537292 9.036009 1.998905 -1.154081 1.154074 0.000001 0.000003 0.000001 9.109302 -0.518014 2.259901 0.019846 -0.969576 -7.593533 0.267847 1.752926 -17.375713 0.057670 0.820968 -8.037999 0.000000 0.000001 0.000005 9.533396 0.000010 -0.000000 -0.076334 2.665806 -15.696823 0.268761 1.755834 -17.405525 0.300508 1.854010 -18.413331 -0.000000 -0.000001 0.000001 9.104506 -0.042992 -1.865101 0.136870 3.641811 -21.133500 0.386596 2.094822 -20.911907 0.283018 1.800668 -17.864988 -0.000000 -0.000001 0.000002 8.077801 -0.486895 -3.806302 0.927692 5.555973 -27.128039 0.268768 1.755869 -17.405873 0.241880 1.667721 -16.505886 0.000000 0.000000 -0.000001 -8.207798 -6.751713 -1.599543 0.648648 -10.391049 3.516169 7.327109 -9.763709 -3.277842 -3.649289 -1.650149 3.202045 -7.282869 -0.000007 -0.000000 -0.000001 0.000002 0.000000 8.207800 -6.751718 -1.599544 -10.775406 14.739010 10.344595 12.136703 2.032052 4.168245 1.287348 0.513466 -7.110659 -4.928524 0.000008 -0.000002 0.000000 0.000000 0.000000 
0.145432 103.385368 1.423460 -3.753024 -5.218091 -3.769914 -0.000000 10.181541 0.131526 3.296628 1.543090 2.742651 1.151891 0.339458 1.552798 1.126014 0.361543 1.555887 0.000000 16.740345 -2.049021 5.626309 -0.078963 0.454683 -0.000001 9.617805 1.684979 -7.563342 1.375724 -0.080566 0.000000 22.037354 7.501071 -0.000000 -0.000000 -0.000000 -4.569999 11.014879 -2.160840 1.203181 15.343668 14.706010 13.158781 27.555118 58.785218 -0.000007 6.693740 0.000008 -20.179053 -0.514128 6.782823 -2.464807 -1.574002 2.681909 -1.665241 -0.174476 -4.219036 12.710941 -29.825397 -16.130877 -2.646281 -1.527805 1.527815 -15.549407 -3.559428 -12.707123 -1.994597 -1.151579 1.151577 -0.000002 -0.000001 -0.000000 -9.108304 -0.517879 2.259802 0.038555 1.262300 6.823740 0.213716 -1.396026 17.407041 0.046021 -0.653840 8.053242 0.000000 0.000001 0.000002 -9.532502 0.000009 0.000000 -0.136239 -2.205103 14.998885 0.214451 -1.398347 17.436892 0.239775 -1.476522 18.446290 -0.000002 -0.000001 0.000004 -9.103614 -0.043092 -1.865102 0.030599 -3.075760 20.450997 0.308446 -1.668278 20.948539 0.225820 -1.434045 17.897102 -0.000001 0.000002 0.000002 -8.076706 -0.486742 -3.806300 0.748865 -4.885244 26.473759 0.214470 -1.398384 17.437253 0.192999 -1.328173 16.535837 0.000001 -0.000001 0.000001 4.570407 11.014683 -2.160813 1.049447 -17.442066 -12.319461 3.916265 -19.989242 -69.765246 0.000001 -1.459367 -0.000003 -33.230499 -1.364892 -6.186633 2.466103 -1.576207 2.681699 -0.662920 2.160394 4.832512 11.853555 25.421664 17.058283 2.647875 -1.528731 1.528750 -13.813931 3.537292 9.036009 1.998905 -1.154081 1.154074 0.000001 0.000003 0.000001 9.109302 -0.518014 2.259901 0.019846 -0.969576 -7.593533 0.267847 1.752926 -17.375713 0.057670 0.820968 -8.037999 0.000000 0.000001 0.000005 9.533396 0.000010 -0.000000 -0.076334 2.665806 -15.696823 0.268761 1.755834 -17.405525 0.300508 1.854010 -18.413331 -0.000000 -0.000001 0.000001 9.104506 -0.042992 -1.865101 0.136870 3.641811 -21.133500 0.386596 2.094822 -20.911907 0.283018 1.800668 -17.864988 -0.000000 -0.000001 0.000002 8.077801 -0.486895 -3.806302 0.927692 5.555973 -27.128039 0.268768 1.755869 -17.405873 0.241880 1.667721 -16.505886 0.000000 0.000000 -0.000001 -8.207798 -6.751713 -1.599543 0.648648 -10.391049 3.516169 7.327109 -9.763709 -3.277842 -3.649289 -1.650149 3.202045 -7.282869 -0.000007 -0.000000 -0.000001 0.000002 0.000000 8.207800 -6.751718 -1.599544 -10.775406 14.739010 10.344595 12.136703 2.032052 4.168245 1.287348 0.513466 -7.110659 -4.928524 0.000008 -0.000002 0.000000 0.000000 0.000000 
0.145432 103.385368 1.423460 -3.753024 -5.218091 -3.769914 -0.000000 10.181541 0.131526 3.296628 1.543090 2.742651 1.151891 0.339458 1.552798 1.126014 0.361543 1.555887 0.000000 16.740345 -2.049021 5.626309 -0.078963 0.454683 -0.000001 9.617805 1.684979 -7.563342 1.375724 -0.080566 0.000000 22.037354 7.501071 -0.000000 -0.000000 -0.000000 -4.569999 11.014879 -2.160840 1.203181 15.343668 14.706010 13.158781 27.555118 58.785218 -0.000007 6.693740 0.000008 -20.179053 -0.514128 6.782823 -2.464807 -1.574002 2.681909 -1.665241 -0.174476 -4.219036 12.710941 -29.825397 -16.130877 -2.646281 -1.527805 1.527815 -15.549407 -3.559428 -12.707123 -1.994597 -1.151579 1.151577 -0.000002 -0.000001 -0.000000 -9.108304 -0.517879 2.259802 0.038555 1.262300 6.823740 0.213716 -1.396026 17.407041 0.046021 -0.653840 8.053242 0.000000 0.000001 0.000002 -9.532502 0.000009 0.000000 -0.136239 -2.205103 14.998885 0.214451 -1.398347 17.436892 0.239775 -1.476522 18.446290 -0.000002 -0.000001 0.000004 -9.103614 -0.043092 -1.865102 0.030599 -3.075760 20.450997 0.308446 -1.668278 20.948539 0.225820 -1.434045 17.897102 -0.000001 0.000002 0.000002 -8.076706 -0.486742 -3.806300 0.748865 -4.885244 26.473759 0.214470 -1.398384 17.437253 0.192999 -1.328173 16.535837 0.000001 -0.000001 0.000001 4.570407 11.014683 -2.160813 1.049447 -17.442066 -12.319461 3.916265 -19.989242 -69.765246 0.000001 -1.459367 -0.000003 -33.230499 -1.364892 -6.186633 2.466103 -1.576207 2.681699 -0.662920 2.160394 4.832512 11.853555 25.421664 17.058283 2.647875 -1.528731 1.528750 -13.813931 3.537292 9.036009 1.998905 -1.154081 1.154074 0.000001 0.000003 0.000001 9.109302 -0.518014 2.259901 0.019846 -0.969576 -7.593533 0.267847 1.752926 -17.375713 0.057670 0.820968 -8.037999 0.000000 0.000001 0.000005 9.533396 0.000010 -0.000000 -0.076334 2.665806 -15.696823 0.268761 1.755834 -17.405525 0.300508 1.854010 -18.413331 -0.000000 -0.000001 0.000001 9.104506 -0.042992 -1.865101 0.136870 3.641811 -21.133500 0.386596 2.094822 -20.911907 0.283018 1.800668 -17.864988 -0.000000 -0.000001 0.000002 8.077801 -0.486895 -3.806302 0.927692 5.555973 -27.128039 0.268768 1.755869 -17.405873 0.241880 1.667721 -16.505886 0.000000 0.000000 -0.000001 -8.207798 -6.751713 -1.599543 0.648648 -10.391049 3.516169 7.327109 -9.763709 -3.277842 -3.649289 -1.650149 3.202045 -7.282869 -0.000007 -0.000000 -0.000001 0.000002 0.000000 8.207800 -6.751718 -1.599544 -10.775406 14.739010 10.344595 12.136703 2.032052 4.168245 1.287348 0.513466 -7.110659 -4.928524 0.000008 -0.000002 0.000000 0.000000 0.000000 
0.145432 103.385368 1.423460 -3.753024 -5.218091 -3.769914 -0.000000 10.181541 0.131526 3.296628 1.543090 2.742651 1.151891 0.339458 1.552798 1.126014 0.361543 1.555887 0.000000 16.740345 -2.049021 5.626309 -0.078963 0.454683 -0.000001 9.617805 1.684979 -7.563342 1.375724 -0.080566 0.000000 22.037354 7.501071 -0.000000 -0.000000 -0.000000 -4.569999 11.014879 -2.160840 1.203181 15.343668 14.706010 13.158781 27.555118 58.785218 -0.000007 6.693740 0.000008 -20.179053 -0.514128 6.782823 -2.464807 -1.574002 2.681909 -1.665241 -0.174476 -4.219036 12.710941 -29.825397 -16.130877 -2.646281 -1.527805 1.527815 -15.549407 -3.559428 -12.707123 -1.994597 -1.151579 1.151577 -0.000002 -0.000001 -0.000000 -9.108304 -0.517879 2.259802 0.038555 1.262300 6.823740 0.213716 -1.396026 17.407041 0.046021 -0.653840 8.053242 0.000000 0.000001 0.000002 -9.532502 0.000009 0.000000 -0.136239 -2.205103 14.998885 0.214451 -1.398347 17.436892 0.239775 -1.476522 18.446290 -0.000002 -0.000001 0.000004 -9.103614 -0.043092 -1.865102 0.030599 -3.075760 20.450997 0.308446 -1.668278 20.948539 0.225820 -1.434045 17.897102 -0.000001 0.000002 0.000002 -8.076706 -0.486742 -3.806300 0.748865 -4.885244 26.473759 0.214470 -1.398384 17.437253 0.192999 -1.328173 16.535837 0.000001 -0.000001 0.000001 4.570407 11.014683 -2.160813 1.049447 -17.442066 -12.319461 3.916265 -19.989242 -69.765246 0.000001 -1.459367 -0.000003 -33.230499 -1.364892 -6.186633 2.466103 -1.576207 2.681699 -0.662920 2.160394 4.832512 11.853555 25.421664 17.058283 2.647875 -1.528731 1.528750 -13.813931 3.537292 9.036009 1.998905 -1.154081 1.154074 0.000001 0.000003 0.000001 9.109302 -0.518014 2.259901 0.019846 -0.969576 -7.593533 0.267847 1.752926 -17.375713 0.057670 0.820968 -8.037999 0.000000 0.000001 0.000005 9.533396 0.000010 -0.000000 -0.076334 2.665806 -15.696823 0.268761 1.755834 -17.405525 0.300508 1.854010 -18.413331 -0.000000 -0.000001 0.000001 9.104506 -0.042992 -1.865101 0.136870 3.641811 -21.133500 0.386596 2.094822 -20.911907 0.283018 1.800668 -17.864988 -0.000000 -0.000001 0.000002 8.077801 -0.486895 -3.806302 0.927692 5.555973 -27.128039 0.268768 1.755869 -17.405873 0.241880 1.667721 -16.505886 0.000000 0.000000 -0.000001 -8.207798 -6.751713 -1.599543 0.648648 -10.391049 3.516169 7.327109 -9.763709 -3.277842 -3.649289 -1.650149 3.202045 -7.282869 -0.000007 -0.000000 -0.000001 0.000002 0.000000 8.207800 -6.751718 -1.599544 -10.775406 14.739010 10.344595 12.136703 2.032052 4.168245 1.287348 0.513466 -7.110659 -4.928524 0.000008 -0.000002 0.000000 0.000000 0.000000 
0.145432 103.385368 1.423460 -3.753024 -5.218091 -3.769914 -0.000000 10.181541 0.131526 3.296628 1.543090 2.742651 1.151891 0.339458 1.552798 1.126014 0.361543 1.555887 0.000000 16.740345 -2.049021 5.626309 -0.078963 0.454683 -0.000001 9.617805 1.684979 -7.563342 1.375724 -0.080566 0.000000 22.037354 7.501071 -0.000000 -0.000000 -0.000000 -4.569999 11.014879 -2.160840 1.203181 15.343668 14.706010 13.158781 27.555118 58.785218 -0.000007 6.693740 0.000008 -20.179053 -0.514128 6.782823 -2.464807 -1.574002 2.681909 -1.665241 -0.174476 -4.219036 12.710941 -29.825397 -16.130877 -2.646281 -1.527805 1.527815 -15.549407 -3.559428 -12.707123 -1.994597 -1.151579 1.151577 -0.000002 -0.000001 -0.000000 -9.108304 -0.517879 2.259802 0.038555 1.262300 6.823740 0.213716 -1.396026 17.407041 0.046021 -0.653840 8.053242 0.000000 0.000001 0.000002 -9.532502 0.000009 0.000000 -0.136239 -2.205103 14.998885 0.214451 -1.398347 17.436892 0.239775 -1.476522 18.446290 -0.000002 -0.000001 0.000004 -9.103614 -0.043092 -1.865102 0.030599 -3.075760 20.450997 0.308446 -1.668278 20.948539 0.225820 -1.434045 17.897102 -0.000001 0.000002 0.000002 -8.076706 -0.486742 -3.806300 0.748865 -4.885244 26.473759 0.214470 -1.398384 17.437253 0.192999 -1.328173 16.535837 0.000001 -0.000001 0.000001 4.570407 11.014683 -2.160813 1.049447 -17.442066 -12.319461 3.916265 -19.989242 -69.765246 0.000001 -1.459367 -0.000003 -33.230499 -1.364892 -6.186633 2.466103 -1.576207 2.681699 -0.662920 2.160394 4.832512 11.853555 25.421664 17.058283 2.647875 -1.528731 1.528750 -13.813931 3.537292 9.036009 1.998905 -1.154081 1.154074 0.000001 0.000003 0.000001 9.109302 -0.518014 2.259901 0.019846 -0.969576 -7.593533 0.267847 1.752926 -17.375713 0.057670 0.820968 -8.037999 0.000000 0.000001 0.000005 9.533396 0.000010 -0.000000 -0.076334 2.665806 -15.696823 0.268761 1.755834 -17.405525 0.300508 1.854010 -18.413331 -0.000000 -0.000001 0.000001 9.104506 -0.042992 -1.865101 0.136870 3.641811 -21.133500 0.386596 2.094822 -20.911907 0.283018 1.800668 -17.864988 -0.000000 -0.000001 0.000002 8.077801 -0.486895 -3.806302 0.927692 5.555973 -27.128039 0.268768 1.755869 -17.405873 0.241880 1.667721 -16.505886 0.000000 0.000000 -0.000001 -8.207798 -6.751713 -1.599543 0.648648 -10.391049 3.516169 7.327109 -9.763709 -3.277842 -3.649289 -1.650149 3.202045 -7.282869 -0.000007 -0.000000 -0.000001 0.000002 0.000000 8.207800 -6.751718 -1.599544 -10.775406 14.739010 10.344595 12.136703 2.032052 4.168245 1.287348 0.513466 -7.110659 -4.928524 0.000008 -0.000002 0.000000 0.000000 0.000000 
0.145432 103.385368 1.423460 -3.753024 -5.218091 -3.769914 -0.000000 10.181541 0.131526 3.296628 1.543090 2.742651 1.151891 0.339458 1.552798 1.126014 0.361543 1.555887 0.000000 16.740345 -2.049021 5.626309 -0.078963 0.454683 -0.000001 9.617805 1.684979 -7.563342 1.375724 -0.080566 0.000000 22.037354 7.501071 -0.000000 -0.000000 -0.000000 -4.569999 11.014879 -2.160840 1.203181 15.343668 14.706010 13.158781 27.555118 58.785218 -0.000007 6.693740 0.000008 -20.179053 -0.514128 6.782823 -2.464807 -1.574002 2.681909 -1.665241 -0.174476 -4.219036 12.710941 -29.825397 -16.130877 -2.646281 -1.527805 1.527815 -15.549407 -3.559428 -12.707123 -1.994597 -1.151579 1.151577 -0.000002 -0.000001 -0.000000 -9.108304 -0.517879 2.259802 0.038555 1.262300 6.823740 0.213716 -1.396026 17.407041 0.046021 -0.653840 8.053242 0.000000 0.000001 0.000002 -9.532502 0.000009 0.000000 -0.136239 -2.205103 14.998885 0.214451 -1.398347 17.436892 0.239775 -1.476522 18.446290 -0.000002 -0.000001 0.000004 -9.103614 -0.043092 -1.865102 0.030599 -3.075760 20.450997 0.308446 -1.668278 20.948539 0.225820 -1.434045 17.897102 -0.000001 0.000002 0.000002 -8.076706 -0.486742 -3.806300 0.748865 -4.885244 26.473759 0.214470 -1.398384 17.437253 0.192999 -1.328173 16.535837 0.000001 -0.000001 0.000001 4.570407 11.014683 -2.160813 1.049447 -17.442066 -12.319461 3.916265 -19.989242 -69.765246 0.000001 -1.459367 -0.000003 -33.230499 -1.364892 -6.186633 2.466103 -1.576207 2.681699 -0.662920 2.160394 4.832512 11.853555 25.421664 17.058283 2.647875 -1.528731 1.528750 -13.813931 3.537292 9.036009 1.998905 -1.154081 1.154074 0.000001 0.000003 0.000001 9.109302 -0.518014 2.259901 0.019846 -0.969576 -7.593533 0.267847 1.752926 -17.375713 0.057670 0.820968 -8.037999 0.000000 0.000001 0.000005 9.533396 0.000010 -0.000000 -0.076334 2.665806 -15.696823 0.268761 1.755834 -17.405525 0.300508 1.854010 -18.413331 -0.000000 -0.000001 0.000001 9.104506 -0.042992 -1.865101 0.136870 3.641811 -21.133500 0.386596 2.094822 -20.911907 0.283018 1.800668 -17.864988 -0.000000 -0.000001 0.000002 8.077801 -0.486895 -3.806302 0.927692 5.555973 -27.128039 0.268768 1.755869 -17.405873 0.241880 1.667721 -16.505886 0.000000 0.000000 -0.000001 -8.207798 -6.751713 -1.599543 0.648648 -10.391049 3.516169 7.327109 -9.763709 -3.277842 -3.649289 -1.650149 3.202045 -7.282869 -0.000007 -0.000000 -0.000001 0.000002 0.000000 8.207800 -6.751718 -1.599544 -10.775406 14.739010 10.344595 12.136703 2.032052 4.168245 1.287348 0.513466 -7.110659 -4.928524 0.000008 -0.000002 0.000000 0.000000 0.000000 
0.145432 103.385368 1.423460 -3.753024 -5.218091 -3.769914 -0.000000 10.181541 0.131526 3.296628 1.543090 2.742651 1.151891 0.339458 1.552798 1.126014 0.361543 1.555887 0.000000 16.740345 -2.049021 5.626309 -0.078963 0.454683 -0.000001 9.617805 1.684979 -7.563342 1.375724 -0.080566 0.000000 22.037354 7.501071 -0.000000 -0.000000 -0.000000 -4.569999 11.014879 -2.160840 1.203181 15.343668 14.706010 13.158781 27.555118 58.785218 -0.000007 6.693740 0.000008 -20.179053 -0.514128 6.782823 -2.464807 -1.574002 2.681909 -1.665241 -0.174476 -4.219036 12.710941 -29.825397 -16.130877 -2.646281 -1.527805 1.527815 -15.549407 -3.559428 -12.707123 -1.994597 -1.151579 1.151577 -0.000002 -0.000001 -0.000000 -9.108304 -0.517879 2.259802 0.038555 1.262300 6.823740 0.213716 -1.396026 17.407041 0.046021 -0.653840 8.053242 0.000000 0.000001 0.000002 -9.532502 0.000009 0.000000 -0.136239 -2.205103 14.998885 0.214451 -1.398347 17.436892 0.239775 -1.476522 18.446290 -0.000002 -0.000001 0.000004 -9.103614 -0.043092 -1.865102 0.030599 -3.075760 20.450997 0.308446 -1.668278 20.948539 0.225820 -1.434045 17.897102 -0.000001 0.000002 0.000002 -8.076706 -0.486742 -3.806300 0.748865 -4.885244 26.473759 0.214470 -1.398384 17.437253 0.192999 -1.328173 16.535837 0.000001 -0.000001 0.000001 4.570407 11.014683 -2.160813 1.049447 -17.442066 -12.319461 3.916265 -19.989242 -69.765246 0.000001 -1.459367 -0.000003 -33.230499 -1.364892 -6.186633 2.466103 -1.576207 2.681699 -0.662920 2.160394 4.832512 11.853555 25.421664 17.058283 2.647875 -1.528731 1.528750 -13.813931 3.537292 9.036009 1.998905 -1.154081 1.154074 0.000001 0.000003 0.000001 9.109302 -0.518014 2.259901 0.019846 -0.969576 -7.593533 0.267847 1.752926 -17.375713 0.057670 0.820968 -8.037999 0.000000 0.000001 0.000005 9.533396 0.000010 -0.000000 -0.076334 2.665806 -15.696823 0.268761 1.755834 -17.405525 0.300508 1.854010 -18.413331 -0.000000 -0.000001 0.000001 9.104506 -0.042992 -1.865101 0.136870 3.641811 -21.133500 0.386596 2.094822 -20.911907 0.283018 1.800668 -17.864988 -0.000000 -0.000001 0.000002 8.077801 -0.486895 -3.806302 0.927692 5.555973 -27.128039 0.268768 1.755869 -17.405873 0.241880 1.667721 -16.505886 0.000000 0.000000 -0.000001 -8.207798 -6.751713 -1.599543 0.648648 -10.391049 3.516169 7.327109 -9.763709 -3.277842 -3.649289 -1.650149 3.202045 -7.282869 -0.000007 -0.000000 -0.000001 0.000002 0.000000 8.207800 -6.751718 -1.599544 -10.775406 14.739010 10.344595 12.136703 2.032052 4.168245 1.287348 0.513466 -7.110659 -4.928524 0.000008 -0.000002 0.000000 0.000000 0.000000 
0.145432 103.385368 1.423460 -3.753024 -5.218091 -3.769914 -0.000000 10.181541 0.131526 3.296628 1.543090 2.742651 1.151891 0.339458 1.552798 1.126014 0.361543 1.555887 0.000000 16.740345 -2.049021 5.626309 -0.078963 0.454683 -0.000001 9.617805 1.684979 -7.563342 1.375724 -0.080566 0.000000 22.037354 7.501071 -0.000000 -0.000000 -0.000000 -4.569999 11.014879 -2.160840 1.203181 15.343668 14.706010 13.158781 27.555118 58.785218 -0.000007 6.693740 0.000008 -20.179053 -0.514128 6.782823 -2.464807 -1.574002 2.681909 -1.665241 -0.174476 -4.219036 12.710941 -29.825397 -16.130877 -2.646281 -1.527805 1.527815 -15.549407 -3.559428 -12.707123 -1.994597 -1.151579 1.151577 -0.000002 -0.000001 -0.000000 -9.108304 -0.517879 2.259802 0.038555 1.262300 6.823740 0.213716 -1.396026 17.407041 0.046021 -0.653840 8.053242 0.000000 0.000001 0.000002 -9.532502 0.000009 0.000000 -0.136239 -2.205103 14.998885 0.214451 -1.398347 17.436892 0.239775 -1.476522 18.446290 -0.000002 -0.000001 0.000004 -9.103614 -0.043092 -1.865102 0.030599 -3.075760 20.450997 0.308446 -1.668278 20.948539 0.225820 -1.434045 17.897102 -0.000001 0.000002 0.000002 -8.076706 -0.486742 -3.806300 0.748865 -4.885244 26.473759 0.214470 -1.398384 17.437253 0.192999 -1.328173 16.535837 0.000001 -0.000001 0.000001 4.570407 11.014683 -2.160813 1.049447 -17.442066 -12.319461 3.916265 -19.989242 -69.765246 0.000001 -1.459367 -0.000003 -33.230499 -1.364892 -6.186633 2.466103 -1.576207 2.681699 -0.662920 2.160394 4.832512 11.853555 25.421664 17.058283 2.647875 -1.528731 1.528750 -13.813931 3.537292 9.036009 1.998905 -1.154081 1.154074 0.000001 0.000003 0.000001 9.109302 -0.518014 2.259901 0.019846 -0.969576 -7.593533 0.267847 1.752926 -17.375713 0.057670 0.820968 -8.037999 0.000000 0.000001 0.000005 9.533396 0.000010 -0.000000 -0.076334 2.665806 -15.696823 0.268761 1.755834 -17.405525 0.300508 1.854010 -18.413331 -0.000000 -0.000001 0.000001 9.104506 -0.042992 -1.865101 0.136870 3.641811 -21.133500 0.386596 2.094822 -20.911907 0.283018 1.800668 -17.864988 -0.000000 -0.000001 0.000002 8.077801 -0.486895 -3.806302 0.927692 5.555973 -27.128039 0.268768 1.755869 -17.405873 0.241880 1.667721 -16.505886 0.000000 0.000000 -0.000001 -8.207798 -6.751713 -1.599543 0.648648 -10.391049 3.516169 7.327109 -9.763709 -3.277842 -3.649289 -1.650149 3.202045 -7.282869 -0.000007 -0.000000 -0.000001 0.000002 0.000000 8.207800 -6.751718 -1.599544 -10.775406 14.739010 10.344595 12.136703 2.032052 4.168245 1.287348 0.513466 -7.110659 -4.928524 0.000008 -0.000002 0.000000 0.000000 0.000000 
0.145432 103.385368 1.423460 -3.753024 -5.218091 -3.769914 -0.000000 10.181541 0.131526 3.296628 1.543090 2.742651 1.151891 0.339458 1.552798 1.126014 0.361543 1.555887 0.000000 16.740345 -2.049021 5.626309 -0.078963 0.454683 -0.000001 9.617805 1.684979 -7.563342 1.375724 -0.080566 0.000000 22.037354 7.501071 -0.000000 -0.000000 -0.000000 -4.569999 11.014879 -2.160840 1.203181 15.343668 14.706010 13.158781 27.555118 58.785218 -0.000007 6.693740 0.000008 -20.179053 -0.514128 6.782823 -2.464807 -1.574002 2.681909 -1.665241 -0.174476 -4.219036 12.710941 -29.825397 -16.130877 -2.646281 -1.527805 1.527815 -15.549407 -3.559428 -12.707123 -1.994597 -1.151579 1.151577 -0.000002 -0.000001 -0.000000 -9.108304 -0.517879 2.259802 0.038555 1.262300 6.823740 0.213716 -1.396026 17.407041 0.046021 -0.653840 8.053242 0.000000 0.000001 0.000002 -9.532502 0.000009 0.000000 -0.136239 -2.205103 14.998885 0.214451 -1.398347 17.436892 0.239775 -1.476522 18.446290 -0.000002 -0.000001 0.000004 -9.103614 -0.043092 -1.865102 0.030599 -3.075760 20.450997 0.308446 -1.668278 20.948539 0.225820 -1.434045 17.897102 -0.000001 0.000002 0.000002 -8.076706 -0.486742 -3.806300 0.748865 -4.885244 26.473759 0.214470 -1.398384 17.437253 0.192999 -1.328173 16.535837 0.000001 -0.000001 0.000001 4.570407 11.014683 -2.160813 1.049447 -17.442066 -12.319461 3.916265 -19.989242 -69.765246 0.000001 -1.459367 -0.000003 -33.230499 -1.364892 -6.186633 2.466103 -1.576207 2.681699 -0.662920 2.160394 4.832512 11.853555 25.421664 17.058283 2.647875 -1.528731 1.528750 -13.813931 3.537292 9.036009 1.998905 -1.154081 1.154074 0.000001 0.000003 0.000001 9.109302 -0.518014 2.259901 0.019846 -0.969576 -7.593533 0.267847 1.752926 -17.375713 0.057670 0.820968 -8.037999 0.000000 0.000001 0.000005 9.533396 0.000010 -0.000000 -0.076334 2.665806 -15.696823 0.268761 1.755834 -17.405525 0.300508 1.854010 -18.413331 -0.000000 -0.000001 0.000001 9.104506 -0.042992 -1.865101 0.136870 3.641811 -21.133500 0.386596 2.094822 -20.911907 0.283018 1.800668 -17.864988 -0.000000 -0.000001 0.000002 8.077801 -0.486895 -3.806302 0.927692 5.555973 -27.128039 0.268768 1.755869 -17.405873 0.241880 1.667721 -16.505886 0.000000 0.000000 -0.000001 -8.207798 -6.751713 -1.599543 0.648648 -10.391049 3.516169 7.327109 -9.763709 -3.277842 -3.649289 -1.650149 3.202045 -7.282869 -0.000007 -0.000000 -0.000001 0.000002 0.000000 8.207800 -6.751718 -1.599544 -10.775406 14.739010 10.344595 12.136703 2.032052 4.168245 1.287348 0.513466 -7.110659 -4.928524 0.000008 -0.000002 0.000000 0.000000 0.000000 
0.145432 103.385368 1.423460 -3.753024 -5.218091 -3.769914 -0.000000 10.181541 0.131526 3.296628 1.543090 2.742651 1.151891 0.339458 1.552798 1.126014 0.361543 1.555887 0.000000 16.740345 -2.049021 5.626309 -0.078963 0.454683 -0.000001 9.617805 1.684979 -7.563342 1.375724 -0.080566 0.000000 22.037354 7.501071 -0.000000 -0.000000 -0.000000 -4.569999 11.014879 -2.160840 1.203181 15.343668 14.706010 13.158781 27.555118 58.785218 -0.000007 6.693740 0.000008 -20.179053 -0.514128 6.782823 -2.464807 -1.574002 2.681909 -1.665241 -0.174476 -4.219036 12.710941 -29.825397 -16.130877 -2.646281 -1.527805 1.527815 -15.549407 -3.559428 -12.707123 -1.994597 -1.151579 1.151577 -0.000002 -0.000001 -0.000000 -9.108304 -0.517879 2.259802 0.038555 1.262300 6.823740 0.213716 -1.396026 17.407041 0.046021 -0.653840 8.053242 0.000000 0.000001 0.000002 -9.532502 0.000009 0.000000 -0.136239 -2.205103 14.998885 0.214451 -1.398347 17.436892 0.239775 -1.476522 18.446290 -0.000002 -0.000001 0.000004 -9.103614 -0.043092 -1.865102 0.030599 -3.075760 20.450997 0.308446 -1.668278 20.948539 0.225820 -1.434045 17.897102 -0.000001 0.000002 0.000002 -8.076706 -0.486742 -3.806300 0.748865 -4.885244 26.473759 0.214470 -1.398384 17.437253 0.192999 -1.328173 16.535837 0.000001 -0.000001 0.000001 4.570407 11.014683 -2.160813 1.049447 -17.442066 -12.319461 3.916265 -19.989242 -69.765246 0.000001 -1.459367 -0.000003 -33.230499 -1.364892 -6.186633 2.466103 -1.576207 2.681699 -0.662920 2.160394 4.832512 11.853555 25.421664 17.058283 2.647875 -1.528731 1.528750 -13.813931 3.537292 9.036009 1.998905 -1.154081 1.154074 0.000001 0.000003 0.000001 9.109302 -0.518014 2.259901 0.019846 -0.969576 -7.593533 0.267847 1.752926 -17.375713 0.057670 0.820968 -8.037999 0.000000 0.000001 0.000005 9.533396 0.000010 -0.000000 -0.076334 2.665806 -15.696823 0.268761 1.755834 -17.405525 0.300508 1.854010 -18.413331 -0.000000 -0.000001 0.000001 9.104506 -0.042992 -1.865101 0.136870 3.641811 -21.133500 0.386596 2.094822 -20.911907 0.283018 1.800668 -17.864988 -0.000000 -0.000001 0.000002 8.077801 -0.486895 -3.806302 0.927692 5.555973 -27.128039 0.268768 1.755869 -17.405873 0.241880 1.667721 -16.505886 0.000000 0.000000 -0.000001 -8.207798 -6.751713 -1.599543 0.648648 -10.391049 3.516169 7.327109 -9.763709 -3.277842 -3.649289 -1.650149 3.202045 -7.282869 -0.000007 -0.000000 -0.000001 0.000002 0.000000 8.207800 -6.751718 -1.599544 -10.775406 14.739010 10.344595 12.136703 2.032052 4.168245 1.287348 0.513466 -7.110659 -4.928524 0.000008 -0.000002 0.000000 0.000000 0.000000 
0.145432 103.385368 1.423460 -3.753024 -5.218091 -3.769914 -0.000000 10.181541 0.131526 3.296628 1.543090 2.742651 1.151891 0.339458 1.552798 1.126014 0.361543 1.555887 0.000000 16.740345 -2.049021 5.626309 -0.078963 0.454683 -0.000001 9.617805 1.684979 -7.563342 1.375724 -0.080566 0.000000 22.037354 7.501071 -0.000000 -0.000000 -0.000000 -4.569999 11.014879 -2.160840 1.203181 15.343668 14.706010 13.158781 27.555118 58.785218 -0.000007 6.693740 0.000008 -20.179053 -0.514128 6.782823 -2.464807 -1.574002 2.681909 -1.665241 -0.174476 -4.219036 12.710941 -29.825397 -16.130877 -2.646281 -1.527805 1.527815 -15.549407 -3.559428 -12.707123 -1.994597 -1.151579 1.151577 -0.000002 -0.000001 -0.000000 -9.108304 -0.517879 2.259802 0.038555 1.262300 6.823740 0.213716 -1.396026 17.407041 0.046021 -0.653840 8.053242 0.000000 0.000001 0.000002 -9.532502 0.000009 0.000000 -0.136239 -2.205103 14.998885 0.214451 -1.398347 17.436892 0.239775 -1.476522 18.446290 -0.000002 -0.000001 0.000004 -9.103614 -0.043092 -1.865102 0.030599 -3.075760 20.450997 0.308446 -1.668278 20.948539 0.225820 -1.434045 17.897102 -0.000001 0.000002 0.000002 -8.076706 -0.486742 -3.806300 0.748865 -4.885244 26.473759 0.214470 -1.398384 17.437253 0.192999 -1.328173 16.535837 0.000001 -0.000001 0.000001 4.570407 11.014683 -2.160813 1.049447 -17.442066 -12.319461 3.916265 -19.989242 -69.765246 0.000001 -1.459367 -0.000003 -33.230499 -1.364892 -6.186633 2.466103 -1.576207 2.681699 -0.662920 2.160394 4.832512 11.853555 25.421664 17.058283 2.647875 -1.528731 1.528750 -13.813931 3.537292 9.036009 1.998905 -1.154081 1.154074 0.000001 0.000003 0.000001 9.109302 -0.518014 2.259901 0.019846 -0.969576 -7.593533 0.267847 1.752926 -17.375713 0.057670 0.820968 -8.037999 0.000000 0.000001 0.000005 9.533396 0.000010 -0.000000 -0.076334 2.665806 -15.696823 0.268761 1.755834 -17.405525 0.300508 1.854010 -18.413331 -0.000000 -0.000001 0.000001 9.104506 -0.042992 -1.865101 0.136870 3.641811 -21.133500 0.386596 2.094822 -20.911907 0.283018 1.800668 -17.864988 -0.000000 -0.000001 0.000002 8.077801 -0.486895 -3.806302 0.927692 5.555973 -27.128039 0.268768 1.755869 -17.405873 0.241880 1.667721 -16.505886 0.000000 0.000000 -0.000001 -8.207798 -6.751713 -1.599543 0.648648 -10.391049 3.516169 7.327109 -9.763709 -3.277842 -3.649289 -1.650149 3.202045 -7.282869 -0.000007 -0.000000 -0.000001 0.000002 0.000000 8.207800 -6.751718 -1.599544 -10.775406 14.739010 10.344595 12.136703 2.032052 4.168245 1.287348 0.513466 -7.110659 -4.928524 0.000008 -0.000002 0.000000 0.000000 0.000000 
0.145432 103.385368 1.423460 -3.753024 -5.218091 -3.769914 -0.000000 10.181541 0.131526 3.296628 1.543090 2.742651 1.151891 0.339458 1.552798 1.126014 0.361543 1.555887 0.000000 16.740345 -2.049021 5.626309 -0.078963 0.454683 -0.000001 9.617805 1.684979 -7.563342 1.375724 -0.080566 0.000000 22.037354 7.501071 -0.000000 -0.000000 -0.000000 -4.569999 11.014879 -2.160840 1.203181 15.343668 14.706010 13.158781 27.555118 58.785218 -0.000007 6.693740 0.000008 -20.179053 -0.514128 6.782823 -2.464807 -1.574002 2.681909 -1.665241 -0.174476 -4.219036 12.710941 -29.825397 -16.130877 -2.646281 -1.527805 1.527815 -15.549407 -3.559428 -12.707123 -1.994597 -1.151579 1.151577 -0.000002 -0.000001 -0.000000 -9.108304 -0.517879 2.259802 0.038555 1.262300 6.823740 0.213716 -1.396026 17.407041 0.046021 -0.653840 8.053242 0.000000 0.000001 0.000002 -9.532502 0.000009 0.000000 -0.136239 -2.205103 14.998885 0.214451 -1.398347 17.436892 0.239775 -1.476522 18.446290 -0.000002 -0.000001 0.000004 -9.103614 -0.043092 -1.865102 0.030599 -3.075760 20.450997 0.308446 -1.668278 20.948539 0.225820 -1.434045 17.897102 -0.000001 0.000002 0.000002 -8.076706 -0.486742 -3.806300 0.748865 -4.885244 26.473759 0.214470 -1.398384 17.437253 0.192999 -1.328173 16.535837 0.000001 -0.000001 0.000001 4.570407 11.014683 -2.160813 1.049447 -17.442066 -12.319461 3.916265 -19.989242 -69.765246 0.000001 -1.459367 -0.000003 -33.230499 -1.364892 -6.186633 2.466103 -1.576207 2.681699 -0.662920 2.160394 4.832512 11.853555 25.421664 17.058283 2.647875 -1.528731 1.528750 -13.813931 3.537292 9.036009 1.998905 -1.154081 1.154074 0.000001 0.000003 0.000001 9.109302 -0.518014 2.259901 0.019846 -0.969576 -7.593533 0.267847 1.752926 -17.375713 0.057670 0.820968 -8.037999 0.000000 0.000001 0.000005 9.533396 0.000010 -0.000000 -0.076334 2.665806 -15.696823 0.268761 1.755834 -17.405525 0.300508 1.854010 -18.413331 -0.000000 -0.000001 0.000001 9.104506 -0.042992 -1.865101 0.136870 3.641811 -21.133500 0.386596 2.094822 -20.911907 0.283018 1.800668 -17.864988 -0.000000 -0.000001 0.000002 8.077801 -0.486895 -3.806302 0.927692 5.555973 -27.128039 0.268768 1.755869 -17.405873 0.241880 1.667721 -16.505886 0.000000 0.000000 -0.000001 -8.207798 -6.751713 -1.599543 0.648648 -10.391049 3.516169 7.327109 -9.763709 -3.277842 -3.649289 -1.650149 3.202045 -7.282869 -0.000007 -0.000000 -0.000001 0.000002 0.000000 8.207800 -6.751718 -1.599544 -10.775406 14.739010 10.344595 12.136703 2.032052 4.168245 1.287348 0.513466 -7.110659 -4.928524 0.000008 -0.000002 0.000000 0.000000 0.000000 
0.145432 103.385368 1.423460 -3.753024 -5.218091 -3.769914 -0.000000 10.181541 0.131526 3.296628 1.543090 2.742651 1.151891 0.339458 1.552798 1.126014 0.361543 1.555887 0.000000 16.740345 -2.049021 5.626309 -0.078963 0.454683 -0.000001 9.617805 1.684979 -7.563342 1.375724 -0.080566 0.000000 22.037354 7.501071 -0.000000 -0.000000 -0.000000 -4.569999 11.014879 -2.160840 1.203181 15.343668 14.706010 13.158781 27.555118 58.785218 -0.000007 6.693740 0.000008 -20.179053 -0.514128 6.782823 -2.464807 -1.574002 2.681909 -1.665241 -0.174476 -4.219036 12.710941 -29.825397 -16.130877 -2.646281 -1.527805 1.527815 -15.549407 -3.559428 -12.707123 -1.994597 -1.151579 1.151577 -0.000002 -0.000001 -0.000000 -9.108304 -0.517879 2.259802 0.038555 1.262300 6.823740 0.213716 -1.396026 17.407041 0.046021 -0.653840 8.053242 0.000000 0.000001 0.000002 -9.532502 0.000009 0.000000 -0.136239 -2.205103 14.998885 0.214451 -1.398347 17.436892 0.239775 -1.476522 18.446290 -0.000002 -0.000001 0.000004 -9.103614 -0.043092 -1.865102 0.030599 -3.075760 20.450997 0.308446 -1.668278 20.948539 0.225820 -1.434045 17.897102 -0.000001 0.000002 0.000002 -8.076706 -0.486742 -3.806300 0.748865 -4.885244 26.473759 0.214470 -1.398384 17.437253 0.192999 -1.328173 16.535837 0.000001 -0.000001 0.000001 4.570407 11.014683 -2.160813 1.049447 -17.442066 -12.319461 3.916265 -19.989242 -69.765246 0.000001 -1.459367 -0.000003 -33.230499 -1.364892 -6.186633 2.466103 -1.576207 2.681699 -0.662920 2.160394 4.832512 11.853555 25.421664 17.058283 2.647875 -1.528731 1.528750 -13.813931 3.537292 9.036009 1.998905 -1.154081 1.154074 0.000001 0.000003 0.000001 9.109302 -0.518014 2.259901 0.019846 -0.969576 -7.593533 0.267847 1.752926 -17.375713 0.057670 0.820968 -8.037999 0.000000 0.000001 0.000005 9.533396 0.000010 -0.000000 -0.076334 2.665806 -15.696823 0.268761 1.755834 -17.405525 0.300508 1.854010 -18.413331 -0.000000 -0.000001 0.000001 9.104506 -0.042992 -1.865101 0.136870 3.641811 -21.133500 0.386596 2.094822 -20.911907 0.283018 1.800668 -17.864988 -0.000000 -0.000001 0.000002 8.077801 -0.486895 -3.806302 0.927692 5.555973 -27.128039 0.268768 1.755869 -17.405873 0.241880 1.667721 -16.505886 0.000000 0.000000 -0.000001 -8.207798 -6.751713 -1.599543 0.648648 -10.391049 3.516169 7.327109 -9.763709 -3.277842 -3.649289 -1.650149 3.202045 -7.282869 -0.000007 -0.000000 -0.000001 0.000002 0.000000 8.207800 -6.751718 -1.599544 -10.775406 14.739010 10.344595 12.136703 2.032052 4.168245 1.287348 0.513466 -7.110659 -4.928524 0.000008 -0.000002 0.000000 0.000000 0.000000 
0.145432 103.385368 1.423460 -3.753024 -5.218091 -3.769914 -0.000000 10.181541 0.131526 3.296628 1.543090 2.742651 1.151891 0.339458 1.552798 1.126014 0.361543 1.555887 0.000000 16.740345 -2.049021 5.626309 -0.078963 0.454683 -0.000001 9.617805 1.684979 -7.563342 1.375724 -0.080566 0.000000 22.037354 7.501071 -0.000000 -0.000000 -0.000000 -4.569999 11.014879 -2.160840 1.203181 15.343668 14.706010 13.158781 27.555118 58.785218 -0.000007 6.693740 0.000008 -20.179053 -0.514128 6.782823 -2.464807 -1.574002 2.681909 -1.665241 -0.174476 -4.219036 12.710941 -29.825397 -16.130877 -2.646281 -1.527805 1.527815 -15.549407 -3.559428 -12.707123 -1.994597 -1.151579 1.151577 -0.000002 -0.000001 -0.000000 -9.108304 -0.517879 2.259802 0.038555 1.262300 6.823740 0.213716 -1.396026 17.407041 0.046021 -0.653840 8.053242 0.000000 0.000001 0.000002 -9.532502 0.000009 0.000000 -0.136239 -2.205103 14.998885 0.214451 -1.398347 17.436892 0.239775 -1.476522 18.446290 -0.000002 -0.000001 0.000004 -9.103614 -0.043092 -1.865102 0.030599 -3.075760 20.450997 0.308446 -1.668278 20.948539 0.225820 -1.434045 17.897102 -0.000001 0.000002 0.000002 -8.076706 -0.486742 -3.806300 0.748865 -4.885244 26.473759 0.214470 -1.398384 17.437253 0.192999 -1.328173 16.535837 0.000001 -0.000001 0.000001 4.570407 11.014683 -2.160813 1.049447 -17.442066 -12.319461 3.916265 -19.989242 -69.765246 0.000001 -1.459367 -0.000003 -33.230499 -1.364892 -6.186633 2.466103 -1.576207 2.681699 -0.662920 2.160394 4.832512 11.853555 25.421664 17.058283 2.647875 -1.528731 1.528750 -13.813931 3.537292 9.036009 1.998905 -1.154081 1.154074 0.000001 0.000003 0.000001 9.109302 -0.518014 2.259901 0.019846 -0.969576 -7.593533 0.267847 1.752926 -17.375713 0.057670 0.820968 -8.037999 0.000000 0.000001 0.000005 9.533396 0.000010 -0.000000 -0.076334 2.665806 -15.696823 0.268761 1.755834 -17.405525 0.300508 1.854010 -18.413331 -0.000000 -0.000001 0.000001 9.104506 -0.042992 -1.865101 0.136870 3.641811 -21.133500 0.386596 2.094822 -20.911907 0.283018 1.800668 -17.864988 -0.000000 -0.000001 0.000002 8.077801 -0.486895 -3.806302 0.927692 5.555973 -27.128039 0.268768 1.755869 -17.405873 0.241880 1.667721 -16.505886 0.000000 0.000000 -0.000001 -8.207798 -6.751713 -1.599543 0.648648 -10.391049 3.516169 7.327109 -9.763709 -3.277842 -3.649289 -1.650149 3.202045 -7.282869 -0.000007 -0.000000 -0.000001 0.000002 0.000000 8.207800 -6.751718 -1.599544 -10.775406 14.739010 10.344595 12.136703 2.032052 4.168245 1.287348 0.513466 -7.110659 -4.928524 0.000008 -0.000002 0.000000 0.000000 0.000000 
0.145432 103.385368 1.423460 -3.753024 -5.218091 -3.769914 -0.000000 10.181541 0.131526 3.296628 1.543090 2.742651 1.151891 0.339458 1.552798 1.126014 0.361543 1.555887 0.000000 16.740345 -2.049021 5.626309 -0.078963 0.454683 -0.000001 9.617805 1.684979 -7.563342 1.375724 -0.080566 0.000000 22.037354 7.501071 -0.000000 -0.000000 -0.000000 -4.569999 11.014879 -2.160840 1.203181 15.343668 14.706010 13.158781 27.555118 58.785218 -0.000007 6.693740 0.000008 -20.179053 -0.514128 6.782823 -2.464807 -1.574002 2.681909 -1.665241 -0.174476 -4.219036 12.710941 -29.825397 -16.130877 -2.646281 -1.527805 1.527815 -15.549407 -3.559428 -12.707123 -1.994597 -1.151579 1.151577 -0.000002 -0.000001 -0.000000 -9.108304 -0.517879 2.259802 0.038555 1.262300 6.823740 0.213716 -1.396026 17.407041 0.046021 -0.653840 8.053242 0.000000 0.000001 0.000002 -9.532502 0.000009 0.000000 -0.136239 -2.205103 14.998885 0.214451 -1.398347 17.436892 0.239775 -1.476522 18.446290 -0.000002 -0.000001 0.000004 -9.103614 -0.043092 -1.865102 0.030599 -3.075760 20.450997 0.308446 -1.668278 20.948539 0.225820 -1.434045 17.897102 -0.000001 0.000002 0.000002 -8.076706 -0.486742 -3.806300 0.748865 -4.885244 26.473759 0.214470 -1.398384 17.437253 0.192999 -1.328173 16.535837 0.000001 -0.000001 0.000001 4.570407 11.014683 -2.160813 1.049447 -17.442066 -12.319461 3.916265 -19.989242 -69.765246 0.000001 -1.459367 -0.000003 -33.230499 -1.364892 -6.186633 2.466103 -1.576207 2.681699 -0.662920 2.160394 4.832512 11.853555 25.421664 17.058283 2.647875 -1.528731 1.528750 -13.813931 3.537292 9.036009 1.998905 -1.154081 1.154074 0.000001 0.000003 0.000001 9.109302 -0.518014 2.259901 0.019846 -0.969576 -7.593533 0.267847 1.752926 -17.375713 0.057670 0.820968 -8.037999 0.000000 0.000001 0.000005 9.533396 0.000010 -0.000000 -0.076334 2.665806 -15.696823 0.268761 1.755834 -17.405525 0.300508 1.854010 -18.413331 -0.000000 -0.000001 0.000001 9.104506 -0.042992 -1.865101 0.136870 3.641811 -21.133500 0.386596 2.094822 -20.911907 0.283018 1.800668 -17.864988 -0.000000 -0.000001 0.000002 8.077801 -0.486895 -3.806302 0.927692 5.555973 -27.128039 0.268768 1.755869 -17.405873 0.241880 1.667721 -16.505886 0.000000 0.000000 -0.000001 -8.207798 -6.751713 -1.599543 0.648648 -10.391049 3.516169 7.327109 -9.763709 -3.277842 -3.649289 -1.650149 3.202045 -7.282869 -0.000007 -0.000000 -0.000001 0.000002 0.000000 8.207800 -6.751718 -1.599544 -10.775406 14.739010 10.344595 12.136703 2.032052 4.168245 1.287348 0.513466 -7.110659 -4.928524 0.000008 -0.000002 0.000000 0.000000 0.000000 
0.145432 103.385368 1.423460 -3.753024 -5.218091 -3.769914 -0.000000 10.181541 0.131526 3.296628 1.543090 2.742651 1.151891 0.339458 1.552798 1.126014 0.361543 1.555887 0.000000 16.740345 -2.049021 5.626309 -0.078963 0.454683 -0.000001 9.617805 1.684979 -7.563342 1.375724 -0.080566 0.000000 22.037354 7.501071 -0.000000 -0.000000 -0.000000 -4.569999 11.014879 -2.160840 1.203181 15.343668 14.706010 13.158781 27.555118 58.785218 -0.000007 6.693740 0.000008 -20.179053 -0.514128 6.782823 -2.464807 -1.574002 2.681909 -1.665241 -0.174476 -4.219036 12.710941 -29.825397 -16.130877 -2.646281 -1.527805 1.527815 -15.549407 -3.559428 -12.707123 -1.994597 -1.151579 1.151577 -0.000002 -0.000001 -0.000000 -9.108304 -0.517879 2.259802 0.038555 1.262300 6.823740 0.213716 -1.396026 17.407041 0.046021 -0.653840 8.053242 0.000000 0.000001 0.000002 -9.532502 0.000009 0.000000 -0.136239 -2.205103 14.998885 0.214451 -1.398347 17.436892 0.239775 -1.476522 18.446290 -0.000002 -0.000001 0.000004 -9.103614 -0.043092 -1.865102 0.030599 -3.075760 20.450997 0.308446 -1.668278 20.948539 0.225820 -1.434045 17.897102 -0.000001 0.000002 0.000002 -8.076706 -0.486742 -3.806300 0.748865 -4.885244 26.473759 0.214470 -1.398384 17.437253 0.192999 -1.328173 16.535837 0.000001 -0.000001 0.000001 4.570407 11.014683 -2.160813 1.049447 -17.442066 -12.319461 3.916265 -19.989242 -69.765246 0.000001 -1.459367 -0.000003 -33.230499 -1.364892 -6.186633 2.466103 -1.576207 2.681699 -0.662920 2.160394 4.832512 11.853555 25.421664 17.058283 2.647875 -1.528731 1.528750 -13.813931 3.537292 9.036009 1.998905 -1.154081 1.154074 0.000001 0.000003 0.000001 9.109302 -0.518014 2.259901 0.019846 -0.969576 -7.593533 0.267847 1.752926 -17.375713 0.057670 0.820968 -8.037999 0.000000 0.000001 0.000005 9.533396 0.000010 -0.000000 -0.076334 2.665806 -15.696823 0.268761 1.755834 -17.405525 0.300508 1.854010 -18.413331 -0.000000 -0.000001 0.000001 9.104506 -0.042992 -1.865101 0.136870 3.641811 -21.133500 0.386596 2.094822 -20.911907 0.283018 1.800668 -17.864988 -0.000000 -0.000001 0.000002 8.077801 -0.486895 -3.806302 0.927692 5.555973 -27.128039 0.268768 1.755869 -17.405873 0.241880 1.667721 -16.505886 0.000000 0.000000 -0.000001 -8.207798 -6.751713 -1.599543 0.648648 -10.391049 3.516169 7.327109 -9.763709 -3.277842 -3.649289 -1.650149 3.202045 -7.282869 -0.000007 -0.000000 -0.000001 0.000002 0.000000 8.207800 -6.751718 -1.599544 -10.775406 14.739010 10.344595 12.136703 2.032052 4.168245 1.287348 0.513466 -7.110659 -4.928524 0.000008 -0.000002 0.000000 0.000000 0.000000 
0.145432 103.385368 1.423460 -3.753024 -5.218091 -3.769914 -0.000000 10.181541 0.131526 3.296628 1.543090 2.742651 1.151891 0.339458 1.552798 1.126014 0.361543 1.555887 0.000000 16.740345 -2.049021 5.626309 -0.078963 0.454683 -0.000001 9.617805 1.684979 -7.563342 1.375724 -0.080566 0.000000 22.037354 7.501071 -0.000000 -0.000000 -0.000000 -4.569999 11.014879 -2.160840 1.203181 15.343668 14.706010 13.158781 27.555118 58.785218 -0.000007 6.693740 0.000008 -20.179053 -0.514128 6.782823 -2.464807 -1.574002 2.681909 -1.665241 -0.174476 -4.219036 12.710941 -29.825397 -16.130877 -2.646281 -1.527805 1.527815 -15.549407 -3.559428 -12.707123 -1.994597 -1.151579 1.151577 -0.000002 -0.000001 -0.000000 -9.108304 -0.517879 2.259802 0.038555 1.262300 6.823740 0.213716 -1.396026 17.407041 0.046021 -0.653840 8.053242 0.000000 0.000001 0.000002 -9.532502 0.000009 0.000000 -0.136239 -2.205103 14.998885 0.214451 -1.398347 17.436892 0.239775 -1.476522 18.446290 -0.000002 -0.000001 0.000004 -9.103614 -0.043092 -1.865102 0.030599 -3.075760 20.450997 0.308446 -1.668278 20.948539 0.225820 -1.434045 17.897102 -0.000001 0.000002 0.000002 -8.076706 -0.486742 -3.806300 0.748865 -4.885244 26.473759 0.214470 -1.398384 17.437253 0.192999 -1.328173 16.535837 0.000001 -0.000001 0.000001 4.570407 11.014683 -2.160813 1.049447 -17.442066 -12.319461 3.916265 -19.989242 -69.765246 0.000001 -1.459367 -0.000003 -33.230499 -1.364892 -6.186633 2.466103 -1.576207 2.681699 -0.662920 2.160394 4.832512 11.853555 25.421664 17.058283 2.647875 -1.528731 1.528750 -13.813931 3.537292 9.036009 1.998905 -1.154081 1.154074 0.000001 0.000003 0.000001 9.109302 -0.518014 2.259901 0.019846 -0.969576 -7.593533 0.267847 1.752926 -17.375713 0.057670 0.820968 -8.037999 0.000000 0.000001 0.000005 9.533396 0.000010 -0.000000 -0.076334 2.665806 -15.696823 0.268761 1.755834 -17.405525 0.300508 1.854010 -18.413331 -0.000000 -0.000001 0.000001 9.104506 -0.042992 -1.865101 0.136870 3.641811 -21.133500 0.386596 2.094822 -20.911907 0.283018 1.800668 -17.864988 -0.000000 -0.000001 0.000002 8.077801 -0.486895 -3.806302 0.927692 5.555973 -27.128039 0.268768 1.755869 -17.405873 0.241880 1.667721 -16.505886 0.000000 0.000000 -0.000001 -8.207798 -6.751713 -1.599543 0.648648 -10.391049 3.516169 7.327109 -9.763709 -3.277842 -3.649289 -1.650149 3.202045 -7.282869 -0.000007 -0.000000 -0.000001 0.000002 0.000000 8.207800 -6.751718 -1.599544 -10.775406 14.739010 10.344595 12.136703 2.032052 4.168245 1.287348 0.513466 -7.110659 -4.928524 0.000008 -0.000002 0.000000 0.000000 0.000000 
0.145432 103.385368 1.423460 -3.753024 -5.218091 -3.769914 -0.000000 10.181541 0.131526 3.296628 1.543090 2.742651 1.151891 0.339458 1.552798 1.126014 0.361543 1.555887 0.000000 16.740345 -2.049021 5.626309 -0.078963 0.454683 -0.000001 9.617805 1.684979 -7.563342 1.375724 -0.080566 0.000000 22.037354 7.501071 -0.000000 -0.000000 -0.000000 -4.569999 11.014879 -2.160840 1.203181 15.343668 14.706010 13.158781 27.555118 58.785218 -0.000007 6.693740 0.000008 -20.179053 -0.514128 6.782823 -2.464807 -1.574002 2.681909 -1.665241 -0.174476 -4.219036 12.710941 -29.825397 -16.130877 -2.646281 -1.527805 1.527815 -15.549407 -3.559428 -12.707123 -1.994597 -1.151579 1.151577 -0.000002 -0.000001 -0.000000 -9.108304 -0.517879 2.259802 0.038555 1.262300 6.823740 0.213716 -1.396026 17.407041 0.046021 -0.653840 8.053242 0.000000 0.000001 0.000002 -9.532502 0.000009 0.000000 -0.136239 -2.205103 14.998885 0.214451 -1.398347 17.436892 0.239775 -1.476522 18.446290 -0.000002 -0.000001 0.000004 -9.103614 -0.043092 -1.865102 0.030599 -3.075760 20.450997 0.308446 -1.668278 20.948539 0.225820 -1.434045 17.897102 -0.000001 0.000002 0.000002 -8.076706 -0.486742 -3.806300 0.748865 -4.885244 26.473759 0.214470 -1.398384 17.437253 0.192999 -1.328173 16.535837 0.000001 -0.000001 0.000001 4.570407 11.014683 -2.160813 1.049447 -17.442066 -12.319461 3.916265 -19.989242 -69.765246 0.000001 -1.459367 -0.000003 -33.230499 -1.364892 -6.186633 2.466103 -1.576207 2.681699 -0.662920 2.160394 4.832512 11.853555 25.421664 17.058283 2.647875 -1.528731 1.528750 -13.813931 3.537292 9.036009 1.998905 -1.154081 1.154074 0.000001 0.000003 0.000001 9.109302 -0.518014 2.259901 0.019846 -0.969576 -7.593533 0.267847 1.752926 -17.375713 0.057670 0.820968 -8.037999 0.000000 0.000001 0.000005 9.533396 0.000010 -0.000000 -0.076334 2.665806 -15.696823 0.268761 1.755834 -17.405525 0.300508 1.854010 -18.413331 -0.000000 -0.000001 0.000001 9.104506 -0.042992 -1.865101 0.136870 3.641811 -21.133500 0.386596 2.094822 -20.911907 0.283018 1.800668 -17.864988 -0.000000 -0.000001 0.000002 8.077801 -0.486895 -3.806302 0.927692 5.555973 -27.128039 0.268768 1.755869 -17.405873 0.241880 1.667721 -16.505886 0.000000 0.000000 -0.000001 -8.207798 -6.751713 -1.599543 0.648648 -10.391049 3.516169 7.327109 -9.763709 -3.277842 -3.649289 -1.650149 3.202045 -7.282869 -0.000007 -0.000000 -0.000001 0.000002 0.000000 8.207800 -6.751718 -1.599544 -10.775406 14.739010 10.344595 12.136703 2.032052 4.168245 1.287348 0.513466 -7.110659 -4.928524 0.000008 -0.000002 0.000000 0.000000 0.000000 
0.145432 103.385368 1.423460 -3.753024 -5.218091 -3.769914 -0.000000 10.181541 0.131526 3.296628 1.543090 2.742651 1.151891 0.339458 1.552798 1.126014 0.361543 1.555887 0.000000 16.740345 -2.049021 5.626309 -0.078963 0.454683 -0.000001 9.617805 1.684979 -7.563342 1.375724 -0.080566 0.000000 22.037354 7.501071 -0.000000 -0.000000 -0.000000 -4.569999 11.014879 -2.160840 1.203181 15.343668 14.706010 13.158781 27.555118 58.785218 -0.000007 6.693740 0.000008 -20.179053 -0.514128 6.782823 -2.464807 -1.574002 2.681909 -1.665241 -0.174476 -4.219036 12.710941 -29.825397 -16.130877 -2.646281 -1.527805 1.527815 -15.549407 -3.559428 -12.707123 -1.994597 -1.151579 1.151577 -0.000002 -0.000001 -0.000000 -9.108304 -0.517879 2.259802 0.038555 1.262300 6.823740 0.213716 -1.396026 17.407041 0.046021 -0.653840 8.053242 0.000000 0.000001 0.000002 -9.532502 0.000009 0.000000 -0.136239 -2.205103 14.998885 0.214451 -1.398347 17.436892 0.239775 -1.476522 18.446290 -0.000002 -0.000001 0.000004 -9.103614 -0.043092 -1.865102 0.030599 -3.075760 20.450997 0.308446 -1.668278 20.948539 0.225820 -1.434045 17.897102 -0.000001 0.000002 0.000002 -8.076706 -0.486742 -3.806300 0.748865 -4.885244 26.473759 0.214470 -1.398384 17.437253 0.192999 -1.328173 16.535837 0.000001 -0.000001 0.000001 4.570407 11.014683 -2.160813 1.049447 -17.442066 -12.319461 3.916265 -19.989242 -69.765246 0.000001 -1.459367 -0.000003 -33.230499 -1.364892 -6.186633 2.466103 -1.576207 2.681699 -0.662920 2.160394 4.832512 11.853555 25.421664 17.058283 2.647875 -1.528731 1.528750 -13.813931 3.537292 9.036009 1.998905 -1.154081 1.154074 0.000001 0.000003 0.000001 9.109302 -0.518014 2.259901 0.019846 -0.969576 -7.593533 0.267847 1.752926 -17.375713 0.057670 0.820968 -8.037999 0.000000 0.000001 0.000005 9.533396 0.000010 -0.000000 -0.076334 2.665806 -15.696823 0.268761 1.755834 -17.405525 0.300508 1.854010 -18.413331 -0.000000 -0.000001 0.000001 9.104506 -0.042992 -1.865101 0.136870 3.641811 -21.133500 0.386596 2.094822 -20.911907 0.283018 1.800668 -17.864988 -0.000000 -0.000001 0.000002 8.077801 -0.486895 -3.806302 0.927692 5.555973 -27.128039 0.268768 1.755869 -17.405873 0.241880 1.667721 -16.505886 0.000000 0.000000 -0.000001 -8.207798 -6.751713 -1.599543 0.648648 -10.391049 3.516169 7.327109 -9.763709 -3.277842 -3.649289 -1.650149 3.202045 -7.282869 -0.000007 -0.000000 -0.000001 0.000002 0.000000 8.207800 -6.751718 -1.599544 -10.775406 14.739010 10.344595 12.136703 2.032052 4.168245 1.287348 0.513466 -7.110659 -4.928524 0.000008 -0.000002 0.000000 0.000000 0.000000 
0.145432 103.385368 1.423460 -3.753024 -5.218091 -3.769914 -0.000000 10.181541 0.131526 3.296628 1.543090 2.742651 1.151891 0.339458 1.552798 1.126014 0.361543 1.555887 0.000000 16.740345 -2.049021 5.626309 -0.078963 0.454683 -0.000001 9.617805 1.684979 -7.563342 1.375724 -0.080566 0.000000 22.037354 7.501071 -0.000000 -0.000000 -0.000000 -4.569999 11.014879 -2.160840 1.203181 15.343668 14.706010 13.158781 27.555118 58.785218 -0.000007 6.693740 0.000008 -20.179053 -0.514128 6.782823 -2.464807 -1.574002 2.681909 -1.665241 -0.174476 -4.219036 12.710941 -29.825397 -16.130877 -2.646281 -1.527805 1.527815 -15.549407 -3.559428 -12.707123 -1.994597 -1.151579 1.151577 -0.000002 -0.000001 -0.000000 -9.108304 -0.517879 2.259802 0.038555 1.262300 6.823740 0.213716 -1.396026 17.407041 0.046021 -0.653840 8.053242 0.000000 0.000001 0.000002 -9.532502 0.000009 0.000000 -0.136239 -2.205103 14.998885 0.214451 -1.398347 17.436892 0.239775 -1.476522 18.446290 -0.000002 -0.000001 0.000004 -9.103614 -0.043092 -1.865102 0.030599 -3.075760 20.450997 0.308446 -1.668278 20.948539 0.225820 -1.434045 17.897102 -0.000001 0.000002 0.000002 -8.076706 -0.486742 -3.806300 0.748865 -4.885244 26.473759 0.214470 -1.398384 17.437253 0.192999 -1.328173 16.535837 0.000001 -0.000001 0.000001 4.570407 11.014683 -2.160813 1.049447 -17.442066 -12.319461 3.916265 -19.989242 -69.765246 0.000001 -1.459367 -0.000003 -33.230499 -1.364892 -6.186633 2.466103 -1.576207 2.681699 -0.662920 2.160394 4.832512 11.853555 25.421664 17.058283 2.647875 -1.528731 1.528750 -13.813931 3.537292 9.036009 1.998905 -1.154081 1.154074 0.000001 0.000003 0.000001 9.109302 -0.518014 2.259901 0.019846 -0.969576 -7.593533 0.267847 1.752926 -17.375713 0.057670 0.820968 -8.037999 0.000000 0.000001 0.000005 9.533396 0.000010 -0.000000 -0.076334 2.665806 -15.696823 0.268761 1.755834 -17.405525 0.300508 1.854010 -18.413331 -0.000000 -0.000001 0.000001 9.104506 -0.042992 -1.865101 0.136870 3.641811 -21.133500 0.386596 2.094822 -20.911907 0.283018 1.800668 -17.864988 -0.000000 -0.000001 0.000002 8.077801 -0.486895 -3.806302 0.927692 5.555973 -27.128039 0.268768 1.755869 -17.405873 0.241880 1.667721 -16.505886 0.000000 0.000000 -0.000001 -8.207798 -6.751713 -1.599543 0.648648 -10.391049 3.516169 7.327109 -9.763709 -3.277842 -3.649289 -1.650149 3.202045 -7.282869 -0.000007 -0.000000 -0.000001 0.000002 0.000000 8.207800 -6.751718 -1.599544 -10.775406 14.739010 10.344595 12.136703 2.032052 4.168245 1.287348 0.513466 -7.110659 -4.928524 0.000008 -0.000002 0.000000 0.000000 0.000000 
0.145432 103.385368 1.423460 -3.753024 -5.218091 -3.769914 -0.000000 10.181541 0.131526 3.296628 1.543090 2.742651 1.151891 0.339458 1.552798 1.126014 0.361543 1.555887 0.000000 16.740345 -2.049021 5.626309 -0.078963 0.454683 -0.000001 9.617805 1.684979 -7.563342 1.375724 -0.080566 0.000000 22.037354 7.501071 -0.000000 -0.000000 -0.000000 -4.569999 11.014879 -2.160840 1.203181 15.343668 14.706010 13.158781 27.555118 58.785218 -0.000007 6.693740 0.000008 -20.179053 -0.514128 6.782823 -2.464807 -1.574002 2.681909 -1.665241 -0.174476 -4.219036 12.710941 -29.825397 -16.130877 -2.646281 -1.527805 1.527815 -15.549407 -3.559428 -12.707123 -1.994597 -1.151579 1.151577 -0.000002 -0.000001 -0.000000 -9.108304 -0.517879 2.259802 0.038555 1.262300 6.823740 0.213716 -1.396026 17.407041 0.046021 -0.653840 8.053242 0.000000 0.000001 0.000002 -9.532502 0.000009 0.000000 -0.136239 -2.205103 14.998885 0.214451 -1.398347 17.436892 0.239775 -1.476522 18.446290 -0.000002 -0.000001 0.000004 -9.103614 -0.043092 -1.865102 0.030599 -3.075760 20.450997 0.308446 -1.668278 20.948539 0.225820 -1.434045 17.897102 -0.000001 0.000002 0.000002 -8.076706 -0.486742 -3.806300 0.748865 -4.885244 26.473759 0.214470 -1.398384 17.437253 0.192999 -1.328173 16.535837 0.000001 -0.000001 0.000001 4.570407 11.014683 -2.160813 1.049447 -17.442066 -12.319461 3.916265 -19.989242 -69.765246 0.000001 -1.459367 -0.000003 -33.230499 -1.364892 -6.186633 2.466103 -1.576207 2.681699 -0.662920 2.160394 4.832512 11.853555 25.421664 17.058283 2.647875 -1.528731 1.528750 -13.813931 3.537292 9.036009 1.998905 -1.154081 1.154074 0.000001 0.000003 0.000001 9.109302 -0.518014 2.259901 0.019846 -0.969576 -7.593533 0.267847 1.752926 -17.375713 0.057670 0.820968 -8.037999 0.000000 0.000001 0.000005 9.533396 0.000010 -0.000000 -0.076334 2.665806 -15.696823 0.268761 1.755834 -17.405525 0.300508 1.854010 -18.413331 -0.000000 -0.000001 0.000001 9.104506 -0.042992 -1.865101 0.136870 3.641811 -21.133500 0.386596 2.094822 -20.911907 0.283018 1.800668 -17.864988 -0.000000 -0.000001 0.000002 8.077801 -0.486895 -3.806302 0.927692 5.555973 -27.128039 0.268768 1.755869 -17.405873 0.241880 1.667721 -16.505886 0.000000 0.000000 -0.000001 -8.207798 -6.751713 -1.599543 0.648648 -10.391049 3.516169 7.327109 -9.763709 -3.277842 -3.649289 -1.650149 3.202045 -7.282869 -0.000007 -0.000000 -0.000001 0.000002 0.000000 8.207800 -6.751718 -1.599544 -10.775406 14.739010 10.344595 12.136703 2.032052 4.168245 1.287348 0.513466 -7.110659 -4.928524 0.000008 -0.000002 0.000000 0.000000 0.000000 
0.145432 103.385368 1.423460 -3.753024 -5.218091 -3.769914 -0.000000 10.181541 0.131526 3.296628 1.543090 2.742651 1.151891 0.339458 1.552798 1.126014 0.361543 1.555887 0.000000 16.740345 -2.049021 5.626309 -0.078963 0.454683 -0.000001 9.617805 1.684979 -7.563342 1.375724 -0.080566 0.000000 22.037354 7.501071 -0.000000 -0.000000 -0.000000 -4.569999 11.014879 -2.160840 1.203181 15.343668 14.706010 13.158781 27.555118 58.785218 -0.000007 6.693740 0.000008 -20.179053 -0.514128 6.782823 -2.464807 -1.574002 2.681909 -1.665241 -0.174476 -4.219036 12.710941 -29.825397 -16.130877 -2.646281 -1.527805 1.527815 -15.549407 -3.559428 -12.707123 -1.994597 -1.151579 1.151577 -0.000002 -0.000001 -0.000000 -9.108304 -0.517879 2.259802 0.038555 1.262300 6.823740 0.213716 -1.396026 17.407041 0.046021 -0.653840 8.053242 0.000000 0.000001 0.000002 -9.532502 0.000009 0.000000 -0.136239 -2.205103 14.998885 0.214451 -1.398347 17.436892 0.239775 -1.476522 18.446290 -0.000002 -0.000001 0.000004 -9.103614 -0.043092 -1.865102 0.030599 -3.075760 20.450997 0.308446 -1.668278 20.948539 0.225820 -1.434045 17.897102 -0.000001 0.000002 0.000002 -8.076706 -0.486742 -3.806300 0.748865 -4.885244 26.473759 0.214470 -1.398384 17.437253 0.192999 -1.328173 16.535837 0.000001 -0.000001 0.000001 4.570407 11.014683 -2.160813 1.049447 -17.442066 -12.319461 3.916265 -19.989242 -69.765246 0.000001 -1.459367 -0.000003 -33.230499 -1.364892 -6.186633 2.466103 -1.576207 2.681699 -0.662920 2.160394 4.832512 11.853555 25.421664 17.058283 2.647875 -1.528731 1.528750 -13.813931 3.537292 9.036009 1.998905 -1.154081 1.154074 0.000001 0.000003 0.000001 9.109302 -0.518014 2.259901 0.019846 -0.969576 -7.593533 0.267847 1.752926 -17.375713 0.057670 0.820968 -8.037999 0.000000 0.000001 0.000005 9.533396 0.000010 -0.000000 -0.076334 2.665806 -15.696823 0.268761 1.755834 -17.405525 0.300508 1.854010 -18.413331 -0.000000 -0.000001 0.000001 9.104506 -0.042992 -1.865101 0.136870 3.641811 -21.133500 0.386596 2.094822 -20.911907 0.283018 1.800668 -17.864988 -0.000000 -0.000001 0.000002 8.077801 -0.486895 -3.806302 0.927692 5.555973 -27.128039 0.268768 1.755869 -17.405873 0.241880 1.667721 -16.505886 0.000000 0.000000 -0.000001 -8.207798 -6.751713 -1.599543 0.648648 -10.391049 3.516169 7.327109 -9.763709 -3.277842 -3.649289 -1.650149 3.202045 -7.282869 -0.000007 -0.000000 -0.000001 0.000002 0.000000 8.207800 -6.751718 -1.599544 -10.775406 14.739010 10.344595 12.136703 2.032052 4.168245 1.287348 0.513466 -7.110659 -4.928524 0.000008 -0.000002 0.000000 0.000000 0.000000 
0.145432 103.385368 1.423460 -3.753024 -5.218091 -3.769914 -0.000000 10.181541 0.131526 3.296628 1.543090 2.742651 1.151891 0.339458 1.552798 1.126014 0.361543 1.555887 0.000000 16.740345 -2.049021 5.626309 -0.078963 0.454683 -0.000001 9.617805 1.684979 -7.563342 1.375724 -0.080566 0.000000 22.037354 7.501071 -0.000000 -0.000000 -0.000000 -4.569999 11.014879 -2.160840 1.203181 15.343668 14.706010 13.158781 27.555118 58.785218 -0.000007 6.693740 0.000008 -20.179053 -0.514128 6.782823 -2.464807 -1.574002 2.681909 -1.665241 -0.174476 -4.219036 12.710941 -29.825397 -16.130877 -2.646281 -1.527805 1.527815 -15.549407 -3.559428 -12.707123 -1.994597 -1.151579 1.151577 -0.000002 -0.000001 -0.000000 -9.108304 -0.517879 2.259802 0.038555 1.262300 6.823740 0.213716 -1.396026 17.407041 0.046021 -0.653840 8.053242 0.000000 0.000001 0.000002 -9.532502 0.000009 0.000000 -0.136239 -2.205103 14.998885 0.214451 -1.398347 17.436892 0.239775 -1.476522 18.446290 -0.000002 -0.000001 0.000004 -9.103614 -0.043092 -1.865102 0.030599 -3.075760 20.450997 0.308446 -1.668278 20.948539 0.225820 -1.434045 17.897102 -0.000001 0.000002 0.000002 -8.076706 -0.486742 -3.806300 0.748865 -4.885244 26.473759 0.214470 -1.398384 17.437253 0.192999 -1.328173 16.535837 0.000001 -0.000001 0.000001 4.570407 11.014683 -2.160813 1.049447 -17.442066 -12.319461 3.916265 -19.989242 -69.765246 0.000001 -1.459367 -0.000003 -33.230499 -1.364892 -6.186633 2.466103 -1.576207 2.681699 -0.662920 2.160394 4.832512 11.853555 25.421664 17.058283 2.647875 -1.528731 1.528750 -13.813931 3.537292 9.036009 1.998905 -1.154081 1.154074 0.000001 0.000003 0.000001 9.109302 -0.518014 2.259901 0.019846 -0.969576 -7.593533 0.267847 1.752926 -17.375713 0.057670 0.820968 -8.037999 0.000000 0.000001 0.000005 9.533396 0.000010 -0.000000 -0.076334 2.665806 -15.696823 0.268761 1.755834 -17.405525 0.300508 1.854010 -18.413331 -0.000000 -0.000001 0.000001 9.104506 -0.042992 -1.865101 0.136870 3.641811 -21.133500 0.386596 2.094822 -20.911907 0.283018 1.800668 -17.864988 -0.000000 -0.000001 0.000002 8.077801 -0.486895 -3.806302 0.927692 5.555973 -27.128039 0.268768 1.755869 -17.405873 0.241880 1.667721 -16.505886 0.000000 0.000000 -0.000001 -8.207798 -6.751713 -1.599543 0.648648 -10.391049 3.516169 7.327109 -9.763709 -3.277842 -3.649289 -1.650149 3.202045 -7.282869 -0.000007 -0.000000 -0.000001 0.000002 0.000000 8.207800 -6.751718 -1.599544 -10.775406 14.739010 10.344595 12.136703 2.032052 4.168245 1.287348 0.513466 -7.110659 -4.928524 0.000008 -0.000002 0.000000 0.000000 0.000000 
0.145432 103.385368 1.423460 -3.753024 -5.218091 -3.769914 -0.000000 10.181541 0.131526 3.296628 1.543090 2.742651 1.151891 0.339458 1.552798 1.126014 0.361543 1.555887 0.000000 16.740345 -2.049021 5.626309 -0.078963 0.454683 -0.000001 9.617805 1.684979 -7.563342 1.375724 -0.080566 0.000000 22.037354 7.501071 -0.000000 -0.000000 -0.000000 -4.569999 11.014879 -2.160840 1.203181 15.343668 14.706010 13.158781 27.555118 58.785218 -0.000007 6.693740 0.000008 -20.179053 -0.514128 6.782823 -2.464807 -1.574002 2.681909 -1.665241 -0.174476 -4.219036 12.710941 -29.825397 -16.130877 -2.646281 -1.527805 1.527815 -15.549407 -3.559428 -12.707123 -1.994597 -1.151579 1.151577 -0.000002 -0.000001 -0.000000 -9.108304 -0.517879 2.259802 0.038555 1.262300 6.823740 0.213716 -1.396026 17.407041 0.046021 -0.653840 8.053242 0.000000 0.000001 0.000002 -9.532502 0.000009 0.000000 -0.136239 -2.205103 14.998885 0.214451 -1.398347 17.436892 0.239775 -1.476522 18.446290 -0.000002 -0.000001 0.000004 -9.103614 -0.043092 -1.865102 0.030599 -3.075760 20.450997 0.308446 -1.668278 20.948539 0.225820 -1.434045 17.897102 -0.000001 0.000002 0.000002 -8.076706 -0.486742 -3.806300 0.748865 -4.885244 26.473759 0.214470 -1.398384 17.437253 0.192999 -1.328173 16.535837 0.000001 -0.000001 0.000001 4.570407 11.014683 -2.160813 1.049447 -17.442066 -12.319461 3.916265 -19.989242 -69.765246 0.000001 -1.459367 -0.000003 -33.230499 -1.364892 -6.186633 2.466103 -1.576207 2.681699 -0.662920 2.160394 4.832512 11.853555 25.421664 17.058283 2.647875 -1.528731 1.528750 -13.813931 3.537292 9.036009 1.998905 -1.154081 1.154074 0.000001 0.000003 0.000001 9.109302 -0.518014 2.259901 0.019846 -0.969576 -7.593533 0.267847 1.752926 -17.375713 0.057670 0.820968 -8.037999 0.000000 0.000001 0.000005 9.533396 0.000010 -0.000000 -0.076334 2.665806 -15.696823 0.268761 1.755834 -17.405525 0.300508 1.854010 -18.413331 -0.000000 -0.000001 0.000001 9.104506 -0.042992 -1.865101 0.136870 3.641811 -21.133500 0.386596 2.094822 -20.911907 0.283018 1.800668 -17.864988 -0.000000 -0.000001 0.000002 8.077801 -0.486895 -3.806302 0.927692 5.555973 -27.128039 0.268768 1.755869 -17.405873 0.241880 1.667721 -16.505886 0.000000 0.000000 -0.000001 -8.207798 -6.751713 -1.599543 0.648648 -10.391049 3.516169 7.327109 -9.763709 -3.277842 -3.649289 -1.650149 3.202045 -7.282869 -0.000007 -0.000000 -0.000001 0.000002 0.000000 8.207800 -6.751718 -1.599544 -10.775406 14.739010 10.344595 12.136703 2.032052 4.168245 1.287348 0.513466 -7.110659 -4.928524 0.000008 -0.000002 0.000000 0.000000 0.000000 
0.145432 103.385368 1.423460 -3.753024 -5.218091 -3.769914 -0.000000 10.181541 0.131526 3.296628 1.543090 2.742651 1.151891 0.339458 1.552798 1.126014 0.361543 1.555887 0.000000 16.740345 -2.049021 5.626309 -0.078963 0.454683 -0.000001 9.617805 1.684979 -7.563342 1.375724 -0.080566 0.000000 22.037354 7.501071 -0.000000 -0.000000 -0.000000 -4.569999 11.014879 -2.160840 1.203181 15.343668 14.706010 13.158781 27.555118 58.785218 -0.000007 6.693740 0.000008 -20.179053 -0.514128 6.782823 -2.464807 -1.574002 2.681909 -1.665241 -0.174476 -4.219036 12.710941 -29.825397 -16.130877 -2.646281 -1.527805 1.527815 -15.549407 -3.559428 -12.707123 -1.994597 -1.151579 1.151577 -0.000002 -0.000001 -0.000000 -9.108304 -0.517879 2.259802 0.038555 1.262300 6.823740 0.213716 -1.396026 17.407041 0.046021 -0.653840 8.053242 0.000000 0.000001 0.000002 -9.532502 0.000009 0.000000 -0.136239 -2.205103 14.998885 0.214451 -1.398347 17.436892 0.239775 -1.476522 18.446290 -0.000002 -0.000001 0.000004 -9.103614 -0.043092 -1.865102 0.030599 -3.075760 20.450997 0.308446 -1.668278 20.948539 0.225820 -1.434045 17.897102 -0.000001 0.000002 0.000002 -8.076706 -0.486742 -3.806300 0.748865 -4.885244 26.473759 0.214470 -1.398384 17.437253 0.192999 -1.328173 16.535837 0.000001 -0.000001 0.000001 4.570407 11.014683 -2.160813 1.049447 -17.442066 -12.319461 3.916265 -19.989242 -69.765246 0.000001 -1.459367 -0.000003 -33.230499 -1.364892 -6.186633 2.466103 -1.576207 2.681699 -0.662920 2.160394 4.832512 11.853555 25.421664 17.058283 2.647875 -1.528731 1.528750 -13.813931 3.537292 9.036009 1.998905 -1.154081 1.154074 0.000001 0.000003 0.000001 9.109302 -0.518014 2.259901 0.019846 -0.969576 -7.593533 0.267847 1.752926 -17.375713 0.057670 0.820968 -8.037999 0.000000 0.000001 0.000005 9.533396 0.000010 -0.000000 -0.076334 2.665806 -15.696823 0.268761 1.755834 -17.405525 0.300508 1.854010 -18.413331 -0.000000 -0.000001 0.000001 9.104506 -0.042992 -1.865101 0.136870 3.641811 -21.133500 0.386596 2.094822 -20.911907 0.283018 1.800668 -17.864988 -0.000000 -0.000001 0.000002 8.077801 -0.486895 -3.806302 0.927692 5.555973 -27.128039 0.268768 1.755869 -17.405873 0.241880 1.667721 -16.505886 0.000000 0.000000 -0.000001 -8.207798 -6.751713 -1.599543 0.648648 -10.391049 3.516169 7.327109 -9.763709 -3.277842 -3.649289 -1.650149 3.202045 -7.282869 -0.000007 -0.000000 -0.000001 0.000002 0.000000 8.207800 -6.751718 -1.599544 -10.775406 14.739010 10.344595 12.136703 2.032052 4.168245 1.287348 0.513466 -7.110659 -4.928524 0.000008 -0.000002 0.000000 0.000000 0.000000 
0.145432 103.385368 1.423460 -3.753024 -5.218091 -3.769914 -0.000000 10.181541 0.131526 3.296628 1.543090 2.742651 1.151891 0.339458 1.552798 1.126014 0.361543 1.555887 0.000000 16.740345 -2.049021 5.626309 -0.078963 0.454683 -0.000001 9.617805 1.684979 -7.563342 1.375724 -0.080566 0.000000 22.037354 7.501071 -0.000000 -0.000000 -0.000000 -4.569999 11.014879 -2.160840 1.203181 15.343668 14.706010 13.158781 27.555118 58.785218 -0.000007 6.693740 0.000008 -20.179053 -0.514128 6.782823 -2.464807 -1.574002 2.681909 -1.665241 -0.174476 -4.219036 12.710941 -29.825397 -16.130877 -2.646281 -1.527805 1.527815 -15.549407 -3.559428 -12.707123 -1.994597 -1.151579 1.151577 -0.000002 -0.000001 -0.000000 -9.108304 -0.517879 2.259802 0.038555 1.262300 6.823740 0.213716 -1.396026 17.407041 0.046021 -0.653840 8.053242 0.000000 0.000001 0.000002 -9.532502 0.000009 0.000000 -0.136239 -2.205103 14.998885 0.214451 -1.398347 17.436892 0.239775 -1.476522 18.446290 -0.000002 -0.000001 0.000004 -9.103614 -0.043092 -1.865102 0.030599 -3.075760 20.450997 0.308446 -1.668278 20.948539 0.225820 -1.434045 17.897102 -0.000001 0.000002 0.000002 -8.076706 -0.486742 -3.806300 0.748865 -4.885244 26.473759 0.214470 -1.398384 17.437253 0.192999 -1.328173 16.535837 0.000001 -0.000001 0.000001 4.570407 11.014683 -2.160813 1.049447 -17.442066 -12.319461 3.916265 -19.989242 -69.765246 0.000001 -1.459367 -0.000003 -33.230499 -1.364892 -6.186633 2.466103 -1.576207 2.681699 -0.662920 2.160394 4.832512 11.853555 25.421664 17.058283 2.647875 -1.528731 1.528750 -13.813931 3.537292 9.036009 1.998905 -1.154081 1.154074 0.000001 0.000003 0.000001 9.109302 -0.518014 2.259901 0.019846 -0.969576 -7.593533 0.267847 1.752926 -17.375713 0.057670 0.820968 -8.037999 0.000000 0.000001 0.000005 9.533396 0.000010 -0.000000 -0.076334 2.665806 -15.696823 0.268761 1.755834 -17.405525 0.300508 1.854010 -18.413331 -0.000000 -0.000001 0.000001 9.104506 -0.042992 -1.865101 0.136870 3.641811 -21.133500 0.386596 2.094822 -20.911907 0.283018 1.800668 -17.864988 -0.000000 -0.000001 0.000002 8.077801 -0.486895 -3.806302 0.927692 5.555973 -27.128039 0.268768 1.755869 -17.405873 0.241880 1.667721 -16.505886 0.000000 0.000000 -0.000001 -8.207798 -6.751713 -1.599543 0.648648 -10.391049 3.516169 7.327109 -9.763709 -3.277842 -3.649289 -1.650149 3.202045 -7.282869 -0.000007 -0.000000 -0.000001 0.000002 0.000000 8.207800 -6.751718 -1.599544 -10.775406 14.739010 10.344595 12.136703 2.032052 4.168245 1.287348 0.513466 -7.110659 -4.928524 0.000008 -0.000002 0.000000 0.000000 0.000000 
0.145432 103.385368 1.423460 -3.753024 -5.218091 -3.769914 -0.000000 10.181541 0.131526 3.296628 1.543090 2.742651 1.151891 0.339458 1.552798 1.126014 0.361543 1.555887 0.000000 16.740345 -2.049021 5.626309 -0.078963 0.454683 -0.000001 9.617805 1.684979 -7.563342 1.375724 -0.080566 0.000000 22.037354 7.501071 -0.000000 -0.000000 -0.000000 -4.569999 11.014879 -2.160840 1.203181 15.343668 14.706010 13.158781 27.555118 58.785218 -0.000007 6.693740 0.000008 -20.179053 -0.514128 6.782823 -2.464807 -1.574002 2.681909 -1.665241 -0.174476 -4.219036 12.710941 -29.825397 -16.130877 -2.646281 -1.527805 1.527815 -15.549407 -3.559428 -12.707123 -1.994597 -1.151579 1.151577 -0.000002 -0.000001 -0.000000 -9.108304 -0.517879 2.259802 0.038555 1.262300 6.823740 0.213716 -1.396026 17.407041 0.046021 -0.653840 8.053242 0.000000 0.000001 0.000002 -9.532502 0.000009 0.000000 -0.136239 -2.205103 14.998885 0.214451 -1.398347 17.436892 0.239775 -1.476522 18.446290 -0.000002 -0.000001 0.000004 -9.103614 -0.043092 -1.865102 0.030599 -3.075760 20.450997 0.308446 -1.668278 20.948539 0.225820 -1.434045 17.897102 -0.000001 0.000002 0.000002 -8.076706 -0.486742 -3.806300 0.748865 -4.885244 26.473759 0.214470 -1.398384 17.437253 0.192999 -1.328173 16.535837 0.000001 -0.000001 0.000001 4.570407 11.014683 -2.160813 1.049447 -17.442066 -12.319461 3.916265 -19.989242 -69.765246 0.000001 -1.459367 -0.000003 -33.230499 -1.364892 -6.186633 2.466103 -1.576207 2.681699 -0.662920 2.160394 4.832512 11.853555 25.421664 17.058283 2.647875 -1.528731 1.528750 -13.813931 3.537292 9.036009 1.998905 -1.154081 1.154074 0.000001 0.000003 0.000001 9.109302 -0.518014 2.259901 0.019846 -0.969576 -7.593533 0.267847 1.752926 -17.375713 0.057670 0.820968 -8.037999 0.000000 0.000001 0.000005 9.533396 0.000010 -0.000000 -0.076334 2.665806 -15.696823 0.268761 1.755834 -17.405525 0.300508 1.854010 -18.413331 -0.000000 -0.000001 0.000001 9.104506 -0.042992 -1.865101 0.136870 3.641811 -21.133500 0.386596 2.094822 -20.911907 0.283018 1.800668 -17.864988 -0.000000 -0.000001 0.000002 8.077801 -0.486895 -3.806302 0.927692 5.555973 -27.128039 0.268768 1.755869 -17.405873 0.241880 1.667721 -16.505886 0.000000 0.000000 -0.000001 -8.207798 -6.751713 -1.599543 0.648648 -10.391049 3.516169 7.327109 -9.763709 -3.277842 -3.649289 -1.650149 3.202045 -7.282869 -0.000007 -0.000000 -0.000001 0.000002 0.000000 8.207800 -6.751718 -1.599544 -10.775406 14.739010 10.344595 12.136703 2.032052 4.168245 1.287348 0.513466 -7.110659 -4.928524 0.000008 -0.000002 0.000000 0.000000 0.000000 
0.145432 103.385368 1.423460 -3.753024 -5.218091 -3.769914 -0.000000 10.181541 0.131526 3.296628 1.543090 2.742651 1.151891 0.339458 1.552798 1.126014 0.361543 1.555887 0.000000 16.740345 -2.049021 5.626309 -0.078963 0.454683 -0.000001 9.617805 1.684979 -7.563342 1.375724 -0.080566 0.000000 22.037354 7.501071 -0.000000 -0.000000 -0.000000 -4.569999 11.014879 -2.160840 1.203181 15.343668 14.706010 13.158781 27.555118 58.785218 -0.000007 6.693740 0.000008 -20.179053 -0.514128 6.782823 -2.464807 -1.574002 2.681909 -1.665241 -0.174476 -4.219036 12.710941 -29.825397 -16.130877 -2.646281 -1.527805 1.527815 -15.549407 -3.559428 -12.707123 -1.994597 -1.151579 1.151577 -0.000002 -0.000001 -0.000000 -9.108304 -0.517879 2.259802 0.038555 1.262300 6.823740 0.213716 -1.396026 17.407041 0.046021 -0.653840 8.053242 0.000000 0.000001 0.000002 -9.532502 0.000009 0.000000 -0.136239 -2.205103 14.998885 0.214451 -1.398347 17.436892 0.239775 -1.476522 18.446290 -0.000002 -0.000001 0.000004 -9.103614 -0.043092 -1.865102 0.030599 -3.075760 20.450997 0.308446 -1.668278 20.948539 0.225820 -1.434045 17.897102 -0.000001 0.000002 0.000002 -8.076706 -0.486742 -3.806300 0.748865 -4.885244 26.473759 0.214470 -1.398384 17.437253 0.192999 -1.328173 16.535837 0.000001 -0.000001 0.000001 4.570407 11.014683 -2.160813 1.049447 -17.442066 -12.319461 3.916265 -19.989242 -69.765246 0.000001 -1.459367 -0.000003 -33.230499 -1.364892 -6.186633 2.466103 -1.576207 2.681699 -0.662920 2.160394 4.832512 11.853555 25.421664 17.058283 2.647875 -1.528731 1.528750 -13.813931 3.537292 9.036009 1.998905 -1.154081 1.154074 0.000001 0.000003 0.000001 9.109302 -0.518014 2.259901 0.019846 -0.969576 -7.593533 0.267847 1.752926 -17.375713 0.057670 0.820968 -8.037999 0.000000 0.000001 0.000005 9.533396 0.000010 -0.000000 -0.076334 2.665806 -15.696823 0.268761 1.755834 -17.405525 0.300508 1.854010 -18.413331 -0.000000 -0.000001 0.000001 9.104506 -0.042992 -1.865101 0.136870 3.641811 -21.133500 0.386596 2.094822 -20.911907 0.283018 1.800668 -17.864988 -0.000000 -0.000001 0.000002 8.077801 -0.486895 -3.806302 0.927692 5.555973 -27.128039 0.268768 1.755869 -17.405873 0.241880 1.667721 -16.505886 0.000000 0.000000 -0.000001 -8.207798 -6.751713 -1.599543 0.648648 -10.391049 3.516169 7.327109 -9.763709 -3.277842 -3.649289 -1.650149 3.202045 -7.282869 -0.000007 -0.000000 -0.000001 0.000002 0.000000 8.207800 -6.751718 -1.599544 -10.775406 14.739010 10.344595 12.136703 2.032052 4.168245 1.287348 0.513466 -7.110659 -4.928524 0.000008 -0.000002 0.000000 0.000000 0.000000 
0.145432 103.385368 1.423460 -3.753024 -5.218091 -3.769914 -0.000000 10.181541 0.131526 3.296628 1.543090 2.742651 1.151891 0.339458 1.552798 1.126014 0.361543 1.555887 0.000000 16.740345 -2.049021 5.626309 -0.078963 0.454683 -0.000001 9.617805 1.684979 -7.563342 1.375724 -0.080566 0.000000 22.037354 7.501071 -0.000000 -0.000000 -0.000000 -4.569999 11.014879 -2.160840 1.203181 15.343668 14.706010 13.158781 27.555118 58.785218 -0.000007 6.693740 0.000008 -20.179053 -0.514128 6.782823 -2.464807 -1.574002 2.681909 -1.665241 -0.174476 -4.219036 12.710941 -29.825397 -16.130877 -2.646281 -1.527805 1.527815 -15.549407 -3.559428 -12.707123 -1.994597 -1.151579 1.151577 -0.000002 -0.000001 -0.000000 -9.108304 -0.517879 2.259802 0.038555 1.262300 6.823740 0.213716 -1.396026 17.407041 0.046021 -0.653840 8.053242 0.000000 0.000001 0.000002 -9.532502 0.000009 0.000000 -0.136239 -2.205103 14.998885 0.214451 -1.398347 17.436892 0.239775 -1.476522 18.446290 -0.000002 -0.000001 0.000004 -9.103614 -0.043092 -1.865102 0.030599 -3.075760 20.450997 0.308446 -1.668278 20.948539 0.225820 -1.434045 17.897102 -0.000001 0.000002 0.000002 -8.076706 -0.486742 -3.806300 0.748865 -4.885244 26.473759 0.214470 -1.398384 17.437253 0.192999 -1.328173 16.535837 0.000001 -0.000001 0.000001 4.570407 11.014683 -2.160813 1.049447 -17.442066 -12.319461 3.916265 -19.989242 -69.765246 0.000001 -1.459367 -0.000003 -33.230499 -1.364892 -6.186633 2.466103 -1.576207 2.681699 -0.662920 2.160394 4.832512 11.853555 25.421664 17.058283 2.647875 -1.528731 1.528750 -13.813931 3.537292 9.036009 1.998905 -1.154081 1.154074 0.000001 0.000003 0.000001 9.109302 -0.518014 2.259901 0.019846 -0.969576 -7.593533 0.267847 1.752926 -17.375713 0.057670 0.820968 -8.037999 0.000000 0.000001 0.000005 9.533396 0.000010 -0.000000 -0.076334 2.665806 -15.696823 0.268761 1.755834 -17.405525 0.300508 1.854010 -18.413331 -0.000000 -0.000001 0.000001 9.104506 -0.042992 -1.865101 0.136870 3.641811 -21.133500 0.386596 2.094822 -20.911907 0.283018 1.800668 -17.864988 -0.000000 -0.000001 0.000002 8.077801 -0.486895 -3.806302 0.927692 5.555973 -27.128039 0.268768 1.755869 -17.405873 0.241880 1.667721 -16.505886 0.000000 0.000000 -0.000001 -8.207798 -6.751713 -1.599543 0.648648 -10.391049 3.516169 7.327109 -9.763709 -3.277842 -3.649289 -1.650149 3.202045 -7.282869 -0.000007 -0.000000 -0.000001 0.000002 0.000000 8.207800 -6.751718 -1.599544 -10.775406 14.739010 10.344595 12.136703 2.032052 4.168245 1.287348 0.513466 -7.110659 -4.928524 0.000008 -0.000002 0.000000 0.000000 0.000000 
0.145432 103.385368 1.423460 -3.753024 -5.218091 -3.769914 -0.000000 10.181541 0.131526 3.296628 1.543090 2.742651 1.151891 0.339458 1.552798 1.126014 0.361543 1.555887 0.000000 16.740345 -2.049021 5.626309 -0.078963 0.454683 -0.000001 9.617805 1.684979 -7.563342 1.375724 -0.080566 0.000000 22.037354 7.501071 -0.000000 -0.000000 -0.000000 -4.569999 11.014879 -2.160840 1.203181 15.343668 14.706010 13.158781 27.555118 58.785218 -0.000007 6.693740 0.000008 -20.179053 -0.514128 6.782823 -2.464807 -1.574002 2.681909 -1.665241 -0.174476 -4.219036 12.710941 -29.825397 -16.130877 -2.646281 -1.527805 1.527815 -15.549407 -3.559428 -12.707123 -1.994597 -1.151579 1.151577 -0.000002 -0.000001 -0.000000 -9.108304 -0.517879 2.259802 0.038555 1.262300 6.823740 0.213716 -1.396026 17.407041 0.046021 -0.653840 8.053242 0.000000 0.000001 0.000002 -9.532502 0.000009 0.000000 -0.136239 -2.205103 14.998885 0.214451 -1.398347 17.436892 0.239775 -1.476522 18.446290 -0.000002 -0.000001 0.000004 -9.103614 -0.043092 -1.865102 0.030599 -3.075760 20.450997 0.308446 -1.668278 20.948539 0.225820 -1.434045 17.897102 -0.000001 0.000002 0.000002 -8.076706 -0.486742 -3.806300 0.748865 -4.885244 26.473759 0.214470 -1.398384 17.437253 0.192999 -1.328173 16.535837 0.000001 -0.000001 0.000001 4.570407 11.014683 -2.160813 1.049447 -17.442066 -12.319461 3.916265 -19.989242 -69.765246 0.000001 -1.459367 -0.000003 -33.230499 -1.364892 -6.186633 2.466103 -1.576207 2.681699 -0.662920 2.160394 4.832512 11.853555 25.421664 17.058283 2.647875 -1.528731 1.528750 -13.813931 3.537292 9.036009 1.998905 -1.154081 1.154074 0.000001 0.000003 0.000001 9.109302 -0.518014 2.259901 0.019846 -0.969576 -7.593533 0.267847 1.752926 -17.375713 0.057670 0.820968 -8.037999 0.000000 0.000001 0.000005 9.533396 0.000010 -0.000000 -0.076334 2.665806 -15.696823 0.268761 1.755834 -17.405525 0.300508 1.854010 -18.413331 -0.000000 -0.000001 0.000001 9.104506 -0.042992 -1.865101 0.136870 3.641811 -21.133500 0.386596 2.094822 -20.911907 0.283018 1.800668 -17.864988 -0.000000 -0.000001 0.000002 8.077801 -0.486895 -3.806302 0.927692 5.555973 -27.128039 0.268768 1.755869 -17.405873 0.241880 1.667721 -16.505886 0.000000 0.000000 -0.000001 -8.207798 -6.751713 -1.599543 0.648648 -10.391049 3.516169 7.327109 -9.763709 -3.277842 -3.649289 -1.650149 3.202045 -7.282869 -0.000007 -0.000000 -0.000001 0.000002 0.000000 8.207800 -6.751718 -1.599544 -10.775406 14.739010 10.344595 12.136703 2.032052 4.168245 1.287348 0.513466 -7.110659 -4.928524 0.000008 -0.000002 0.000000 0.000000 0.000000 
0.145432 103.385368 1.423460 -3.753024 -5.218091 -3.769914 -0.000000 10.181541 0.131526 3.296628 1.543090 2.742651 1.151891 0.339458 1.552798 1.126014 0.361543 1.555887 0.000000 16.740345 -2.049021 5.626309 -0.078963 0.454683 -0.000001 9.617805 1.684979 -7.563342 1.375724 -0.080566 0.000000 22.037354 7.501071 -0.000000 -0.000000 -0.000000 -4.569999 11.014879 -2.160840 1.203181 15.343668 14.706010 13.158781 27.555118 58.785218 -0.000007 6.693740 0.000008 -20.179053 -0.514128 6.782823 -2.464807 -1.574002 2.681909 -1.665241 -0.174476 -4.219036 12.710941 -29.825397 -16.130877 -2.646281 -1.527805 1.527815 -15.549407 -3.559428 -12.707123 -1.994597 -1.151579 1.151577 -0.000002 -0.000001 -0.000000 -9.108304 -0.517879 2.259802 0.038555 1.262300 6.823740 0.213716 -1.396026 17.407041 0.046021 -0.653840 8.053242 0.000000 0.000001 0.000002 -9.532502 0.000009 0.000000 -0.136239 -2.205103 14.998885 0.214451 -1.398347 17.436892 0.239775 -1.476522 18.446290 -0.000002 -0.000001 0.000004 -9.103614 -0.043092 -1.865102 0.030599 -3.075760 20.450997 0.308446 -1.668278 20.948539 0.225820 -1.434045 17.897102 -0.000001 0.000002 0.000002 -8.076706 -0.486742 -3.806300 0.748865 -4.885244 26.473759 0.214470 -1.398384 17.437253 0.192999 -1.328173 16.535837 0.000001 -0.000001 0.000001 4.570407 11.014683 -2.160813 1.049447 -17.442066 -12.319461 3.916265 -19.989242 -69.765246 0.000001 -1.459367 -0.000003 -33.230499 -1.364892 -6.186633 2.466103 -1.576207 2.681699 -0.662920 2.160394 4.832512 11.853555 25.421664 17.058283 2.647875 -1.528731 1.528750 -13.813931 3.537292 9.036009 1.998905 -1.154081 1.154074 0.000001 0.000003 0.000001 9.109302 -0.518014 2.259901 0.019846 -0.969576 -7.593533 0.267847 1.752926 -17.375713 0.057670 0.820968 -8.037999 0.000000 0.000001 0.000005 9.533396 0.000010 -0.000000 -0.076334 2.665806 -15.696823 0.268761 1.755834 -17.405525 0.300508 1.854010 -18.413331 -0.000000 -0.000001 0.000001 9.104506 -0.042992 -1.865101 0.136870 3.641811 -21.133500 0.386596 2.094822 -20.911907 0.283018 1.800668 -17.864988 -0.000000 -0.000001 0.000002 8.077801 -0.486895 -3.806302 0.927692 5.555973 -27.128039 0.268768 1.755869 -17.405873 0.241880 1.667721 -16.505886 0.000000 0.000000 -0.000001 -8.207798 -6.751713 -1.599543 0.648648 -10.391049 3.516169 7.327109 -9.763709 -3.277842 -3.649289 -1.650149 3.202045 -7.282869 -0.000007 -0.000000 -0.000001 0.000002 0.000000 8.207800 -6.751718 -1.599544 -10.775406 14.739010 10.344595 12.136703 2.032052 4.168245 1.287348 0.513466 -7.110659 -4.928524 0.000008 -0.000002 0.000000 0.000000 0.000000 
0.145432 103.385368 1.423460 -3.753024 -5.218091 -3.769914 -0.000000 10.181541 0.131526 3.296628 1.543090 2.742651 1.151891 0.339458 1.552798 1.126014 0.361543 1.555887 0.000000 16.740345 -2.049021 5.626309 -0.078963 0.454683 -0.000001 9.617805 1.684979 -7.563342 1.375724 -0.080566 0.000000 22.037354 7.501071 -0.000000 -0.000000 -0.000000 -4.569999 11.014879 -2.160840 1.203181 15.343668 14.706010 13.158781 27.555118 58.785218 -0.000007 6.693740 0.000008 -20.179053 -0.514128 6.782823 -2.464807 -1.574002 2.681909 -1.665241 -0.174476 -4.219036 12.710941 -29.825397 -16.130877 -2.646281 -1.527805 1.527815 -15.549407 -3.559428 -12.707123 -1.994597 -1.151579 1.151577 -0.000002 -0.000001 -0.000000 -9.108304 -0.517879 2.259802 0.038555 1.262300 6.823740 0.213716 -1.396026 17.407041 0.046021 -0.653840 8.053242 0.000000 0.000001 0.000002 -9.532502 0.000009 0.000000 -0.136239 -2.205103 14.998885 0.214451 -1.398347 17.436892 0.239775 -1.476522 18.446290 -0.000002 -0.000001 0.000004 -9.103614 -0.043092 -1.865102 0.030599 -3.075760 20.450997 0.308446 -1.668278 20.948539 0.225820 -1.434045 17.897102 -0.000001 0.000002 0.000002 -8.076706 -0.486742 -3.806300 0.748865 -4.885244 26.473759 0.214470 -1.398384 17.437253 0.192999 -1.328173 16.535837 0.000001 -0.000001 0.000001 4.570407 11.014683 -2.160813 1.049447 -17.442066 -12.319461 3.916265 -19.989242 -69.765246 0.000001 -1.459367 -0.000003 -33.230499 -1.364892 -6.186633 2.466103 -1.576207 2.681699 -0.662920 2.160394 4.832512 11.853555 25.421664 17.058283 2.647875 -1.528731 1.528750 -13.813931 3.537292 9.036009 1.998905 -1.154081 1.154074 0.000001 0.000003 0.000001 9.109302 -0.518014 2.259901 0.019846 -0.969576 -7.593533 0.267847 1.752926 -17.375713 0.057670 0.820968 -8.037999 0.000000 0.000001 0.000005 9.533396 0.000010 -0.000000 -0.076334 2.665806 -15.696823 0.268761 1.755834 -17.405525 0.300508 1.854010 -18.413331 -0.000000 -0.000001 0.000001 9.104506 -0.042992 -1.865101 0.136870 3.641811 -21.133500 0.386596 2.094822 -20.911907 0.283018 1.800668 -17.864988 -0.000000 -0.000001 0.000002 8.077801 -0.486895 -3.806302 0.927692 5.555973 -27.128039 0.268768 1.755869 -17.405873 0.241880 1.667721 -16.505886 0.000000 0.000000 -0.000001 -8.207798 -6.751713 -1.599543 0.648648 -10.391049 3.516169 7.327109 -9.763709 -3.277842 -3.649289 -1.650149 3.202045 -7.282869 -0.000007 -0.000000 -0.000001 0.000002 0.000000 8.207800 -6.751718 -1.599544 -10.775406 14.739010 10.344595 12.136703 2.032052 4.168245 1.287348 0.513466 -7.110659 -4.928524 0.000008 -0.000002 0.000000 0.000000 0.000000 
0.145432 103.385368 1.423460 -3.753024 -5.218091 -3.769914 -0.000000 10.181541 0.131526 3.296628 1.543090 2.742651 1.151891 0.339458 1.552798 1.126014 0.361543 1.555887 0.000000 16.740345 -2.049021 5.626309 -0.078963 0.454683 -0.000001 9.617805 1.684979 -7.563342 1.375724 -0.080566 0.000000 22.037354 7.501071 -0.000000 -0.000000 -0.000000 -4.569999 11.014879 -2.160840 1.203181 15.343668 14.706010 13.158781 27.555118 58.785218 -0.000007 6.693740 0.000008 -20.179053 -0.514128 6.782823 -2.464807 -1.574002 2.681909 -1.665241 -0.174476 -4.219036 12.710941 -29.825397 -16.130877 -2.646281 -1.527805 1.527815 -15.549407 -3.559428 -12.707123 -1.994597 -1.151579 1.151577 -0.000002 -0.000001 -0.000000 -9.108304 -0.517879 2.259802 0.038555 1.262300 6.823740 0.213716 -1.396026 17.407041 0.046021 -0.653840 8.053242 0.000000 0.000001 0.000002 -9.532502 0.000009 0.000000 -0.136239 -2.205103 14.998885 0.214451 -1.398347 17.436892 0.239775 -1.476522 18.446290 -0.000002 -0.000001 0.000004 -9.103614 -0.043092 -1.865102 0.030599 -3.075760 20.450997 0.308446 -1.668278 20.948539 0.225820 -1.434045 17.897102 -0.000001 0.000002 0.000002 -8.076706 -0.486742 -3.806300 0.748865 -4.885244 26.473759 0.214470 -1.398384 17.437253 0.192999 -1.328173 16.535837 0.000001 -0.000001 0.000001 4.570407 11.014683 -2.160813 1.049447 -17.442066 -12.319461 3.916265 -19.989242 -69.765246 0.000001 -1.459367 -0.000003 -33.230499 -1.364892 -6.186633 2.466103 -1.576207 2.681699 -0.662920 2.160394 4.832512 11.853555 25.421664 17.058283 2.647875 -1.528731 1.528750 -13.813931 3.537292 9.036009 1.998905 -1.154081 1.154074 0.000001 0.000003 0.000001 9.109302 -0.518014 2.259901 0.019846 -0.969576 -7.593533 0.267847 1.752926 -17.375713 0.057670 0.820968 -8.037999 0.000000 0.000001 0.000005 9.533396 0.000010 -0.000000 -0.076334 2.665806 -15.696823 0.268761 1.755834 -17.405525 0.300508 1.854010 -18.413331 -0.000000 -0.000001 0.000001 9.104506 -0.042992 -1.865101 0.136870 3.641811 -21.133500 0.386596 2.094822 -20.911907 0.283018 1.800668 -17.864988 -0.000000 -0.000001 0.000002 8.077801 -0.486895 -3.806302 0.927692 5.555973 -27.128039 0.268768 1.755869 -17.405873 0.241880 1.667721 -16.505886 0.000000 0.000000 -0.000001 -8.207798 -6.751713 -1.599543 0.648648 -10.391049 3.516169 7.327109 -9.763709 -3.277842 -3.649289 -1.650149 3.202045 -7.282869 -0.000007 -0.000000 -0.000001 0.000002 0.000000 8.207800 -6.751718 -1.599544 -10.775406 14.739010 10.344595 12.136703 2.032052 4.168245 1.287348 0.513466 -7.110659 -4.928524 0.000008 -0.000002 0.000000 0.000000 0.000000 
0.145432 103.385368 1.423460 -3.753024 -5.218091 -3.769914 -0.000000 10.181541 0.131526 3.296628 1.543090 2.742651 1.151891 0.339458 1.552798 1.126014 0.361543 1.555887 0.000000 16.740345 -2.049021 5.626309 -0.078963 0.454683 -0.000001 9.617805 1.684979 -7.563342 1.375724 -0.080566 0.000000 22.037354 7.501071 -0.000000 -0.000000 -0.000000 -4.569999 11.014879 -2.160840 1.203181 15.343668 14.706010 13.158781 27.555118 58.785218 -0.000007 6.693740 0.000008 -20.179053 -0.514128 6.782823 -2.464807 -1.574002 2.681909 -1.665241 -0.174476 -4.219036 12.710941 -29.825397 -16.130877 -2.646281 -1.527805 1.527815 -15.549407 -3.559428 -12.707123 -1.994597 -1.151579 1.151577 -0.000002 -0.000001 -0.000000 -9.108304 -0.517879 2.259802 0.038555 1.262300 6.823740 0.213716 -1.396026 17.407041 0.046021 -0.653840 8.053242 0.000000 0.000001 0.000002 -9.532502 0.000009 0.000000 -0.136239 -2.205103 14.998885 0.214451 -1.398347 17.436892 0.239775 -1.476522 18.446290 -0.000002 -0.000001 0.000004 -9.103614 -0.043092 -1.865102 0.030599 -3.075760 20.450997 0.308446 -1.668278 20.948539 0.225820 -1.434045 17.897102 -0.000001 0.000002 0.000002 -8.076706 -0.486742 -3.806300 0.748865 -4.885244 26.473759 0.214470 -1.398384 17.437253 0.192999 -1.328173 16.535837 0.000001 -0.000001 0.000001 4.570407 11.014683 -2.160813 1.049447 -17.442066 -12.319461 3.916265 -19.989242 -69.765246 0.000001 -1.459367 -0.000003 -33.230499 -1.364892 -6.186633 2.466103 -1.576207 2.681699 -0.662920 2.160394 4.832512 11.853555 25.421664 17.058283 2.647875 -1.528731 1.528750 -13.813931 3.537292 9.036009 1.998905 -1.154081 1.154074 0.000001 0.000003 0.000001 9.109302 -0.518014 2.259901 0.019846 -0.969576 -7.593533 0.267847 1.752926 -17.375713 0.057670 0.820968 -8.037999 0.000000 0.000001 0.000005 9.533396 0.000010 -0.000000 -0.076334 2.665806 -15.696823 0.268761 1.755834 -17.405525 0.300508 1.854010 -18.413331 -0.000000 -0.000001 0.000001 9.104506 -0.042992 -1.865101 0.136870 3.641811 -21.133500 0.386596 2.094822 -20.911907 0.283018 1.800668 -17.864988 -0.000000 -0.000001 0.000002 8.077801 -0.486895 -3.806302 0.927692 5.555973 -27.128039 0.268768 1.755869 -17.405873 0.241880 1.667721 -16.505886 0.000000 0.000000 -0.000001 -8.207798 -6.751713 -1.599543 0.648648 -10.391049 3.516169 7.327109 -9.763709 -3.277842 -3.649289 -1.650149 3.202045 -7.282869 -0.000007 -0.000000 -0.000001 0.000002 0.000000 8.207800 -6.751718 -1.599544 -10.775406 14.739010 10.344595 12.136703 2.032052 4.168245 1.287348 0.513466 -7.110659 -4.928524 0.000008 -0.000002 0.000000 0.000000 0.000000 
0.145432 103.385368 1.423460 -3.753024 -5.218091 -3.769914 -0.000000 10.181541 0.131526 3.296628 1.543090 2.742651 1.151891 0.339458 1.552798 1.126014 0.361543 1.555887 0.000000 16.740345 -2.049021 5.626309 -0.078963 0.454683 -0.000001 9.617805 1.684979 -7.563342 1.375724 -0.080566 0.000000 22.037354 7.501071 -0.000000 -0.000000 -0.000000 -4.569999 11.014879 -2.160840 1.203181 15.343668 14.706010 13.158781 27.555118 58.785218 -0.000007 6.693740 0.000008 -20.179053 -0.514128 6.782823 -2.464807 -1.574002 2.681909 -1.665241 -0.174476 -4.219036 12.710941 -29.825397 -16.130877 -2.646281 -1.527805 1.527815 -15.549407 -3.559428 -12.707123 -1.994597 -1.151579 1.151577 -0.000002 -0.000001 -0.000000 -9.108304 -0.517879 2.259802 0.038555 1.262300 6.823740 0.213716 -1.396026 17.407041 0.046021 -0.653840 8.053242 0.000000 0.000001 0.000002 -9.532502 0.000009 0.000000 -0.136239 -2.205103 14.998885 0.214451 -1.398347 17.436892 0.239775 -1.476522 18.446290 -0.000002 -0.000001 0.000004 -9.103614 -0.043092 -1.865102 0.030599 -3.075760 20.450997 0.308446 -1.668278 20.948539 0.225820 -1.434045 17.897102 -0.000001 0.000002 0.000002 -8.076706 -0.486742 -3.806300 0.748865 -4.885244 26.473759 0.214470 -1.398384 17.437253 0.192999 -1.328173 16.535837 0.000001 -0.000001 0.000001 4.570407 11.014683 -2.160813 1.049447 -17.442066 -12.319461 3.916265 -19.989242 -69.765246 0.000001 -1.459367 -0.000003 -33.230499 -1.364892 -6.186633 2.466103 -1.576207 2.681699 -0.662920 2.160394 4.832512 11.853555 25.421664 17.058283 2.647875 -1.528731 1.528750 -13.813931 3.537292 9.036009 1.998905 -1.154081 1.154074 0.000001 0.000003 0.000001 9.109302 -0.518014 2.259901 0.019846 -0.969576 -7.593533 0.267847 1.752926 -17.375713 0.057670 0.820968 -8.037999 0.000000 0.000001 0.000005 9.533396 0.000010 -0.000000 -0.076334 2.665806 -15.696823 0.268761 1.755834 -17.405525 0.300508 1.854010 -18.413331 -0.000000 -0.000001 0.000001 9.104506 -0.042992 -1.865101 0.136870 3.641811 -21.133500 0.386596 2.094822 -20.911907 0.283018 1.800668 -17.864988 -0.000000 -0.000001 0.000002 8.077801 -0.486895 -3.806302 0.927692 5.555973 -27.128039 0.268768 1.755869 -17.405873 0.241880 1.667721 -16.505886 0.000000 0.000000 -0.000001 -8.207798 -6.751713 -1.599543 0.648648 -10.391049 3.516169 7.327109 -9.763709 -3.277842 -3.649289 -1.650149 3.202045 -7.282869 -0.000007 -0.000000 -0.000001 0.000002 0.000000 8.207800 -6.751718 -1.599544 -10.775406 14.739010 10.344595 12.136703 2.032052 4.168245 1.287348 0.513466 -7.110659 -4.928524 0.000008 -0.000002 0.000000 0.000000 0.000000 
0.145432 103.385368 1.423460 -3.753024 -5.218091 -3.769914 -0.000000 10.181541 0.131526 3.296628 1.543090 2.742651 1.151891 0.339458 1.552798 1.126014 0.361543 1.555887 0.000000 16.740345 -2.049021 5.626309 -0.078963 0.454683 -0.000001 9.617805 1.684979 -7.563342 1.375724 -0.080566 0.000000 22.037354 7.501071 -0.000000 -0.000000 -0.000000 -4.569999 11.014879 -2.160840 1.203181 15.343668 14.706010 13.158781 27.555118 58.785218 -0.000007 6.693740 0.000008 -20.179053 -0.514128 6.782823 -2.464807 -1.574002 2.681909 -1.665241 -0.174476 -4.219036 12.710941 -29.825397 -16.130877 -2.646281 -1.527805 1.527815 -15.549407 -3.559428 -12.707123 -1.994597 -1.151579 1.151577 -0.000002 -0.000001 -0.000000 -9.108304 -0.517879 2.259802 0.038555 1.262300 6.823740 0.213716 -1.396026 17.407041 0.046021 -0.653840 8.053242 0.000000 0.000001 0.000002 -9.532502 0.000009 0.000000 -0.136239 -2.205103 14.998885 0.214451 -1.398347 17.436892 0.239775 -1.476522 18.446290 -0.000002 -0.000001 0.000004 -9.103614 -0.043092 -1.865102 0.030599 -3.075760 20.450997 0.308446 -1.668278 20.948539 0.225820 -1.434045 17.897102 -0.000001 0.000002 0.000002 -8.076706 -0.486742 -3.806300 0.748865 -4.885244 26.473759 0.214470 -1.398384 17.437253 0.192999 -1.328173 16.535837 0.000001 -0.000001 0.000001 4.570407 11.014683 -2.160813 1.049447 -17.442066 -12.319461 3.916265 -19.989242 -69.765246 0.000001 -1.459367 -0.000003 -33.230499 -1.364892 -6.186633 2.466103 -1.576207 2.681699 -0.662920 2.160394 4.832512 11.853555 25.421664 17.058283 2.647875 -1.528731 1.528750 -13.813931 3.537292 9.036009 1.998905 -1.154081 1.154074 0.000001 0.000003 0.000001 9.109302 -0.518014 2.259901 0.019846 -0.969576 -7.593533 0.267847 1.752926 -17.375713 0.057670 0.820968 -8.037999 0.000000 0.000001 0.000005 9.533396 0.000010 -0.000000 -0.076334 2.665806 -15.696823 0.268761 1.755834 -17.405525 0.300508 1.854010 -18.413331 -0.000000 -0.000001 0.000001 9.104506 -0.042992 -1.865101 0.136870 3.641811 -21.133500 0.386596 2.094822 -20.911907 0.283018 1.800668 -17.864988 -0.000000 -0.000001 0.000002 8.077801 -0.486895 -3.806302 0.927692 5.555973 -27.128039 0.268768 1.755869 -17.405873 0.241880 1.667721 -16.505886 0.000000 0.000000 -0.000001 -8.207798 -6.751713 -1.599543 0.648648 -10.391049 3.516169 7.327109 -9.763709 -3.277842 -3.649289 -1.650149 3.202045 -7.282869 -0.000007 -0.000000 -0.000001 0.000002 0.000000 8.207800 -6.751718 -1.599544 -10.775406 14.739010 10.344595 12.136703 2.032052 4.168245 1.287348 0.513466 -7.110659 -4.928524 0.000008 -0.000002 0.000000 0.000000 0.000000 
0.145432 103.385368 1.423460 -3.753024 -5.218091 -3.769914 -0.000000 10.181541 0.131526 3.296628 1.543090 2.742651 1.151891 0.339458 1.552798 1.126014 0.361543 1.555887 0.000000 16.740345 -2.049021 5.626309 -0.078963 0.454683 -0.000001 9.617805 1.684979 -7.563342 1.375724 -0.080566 0.000000 22.037354 7.501071 -0.000000 -0.000000 -0.000000 -4.569999 11.014879 -2.160840 1.203181 15.343668 14.706010 13.158781 27.555118 58.785218 -0.000007 6.693740 0.000008 -20.179053 -0.514128 6.782823 -2.464807 -1.574002 2.681909 -1.665241 -0.174476 -4.219036 12.710941 -29.825397 -16.130877 -2.646281 -1.527805 1.527815 -15.549407 -3.559428 -12.707123 -1.994597 -1.151579 1.151577 -0.000002 -0.000001 -0.000000 -9.108304 -0.517879 2.259802 0.038555 1.262300 6.823740 0.213716 -1.396026 17.407041 0.046021 -0.653840 8.053242 0.000000 0.000001 0.000002 -9.532502 0.000009 0.000000 -0.136239 -2.205103 14.998885 0.214451 -1.398347 17.436892 0.239775 -1.476522 18.446290 -0.000002 -0.000001 0.000004 -9.103614 -0.043092 -1.865102 0.030599 -3.075760 20.450997 0.308446 -1.668278 20.948539 0.225820 -1.434045 17.897102 -0.000001 0.000002 0.000002 -8.076706 -0.486742 -3.806300 0.748865 -4.885244 26.473759 0.214470 -1.398384 17.437253 0.192999 -1.328173 16.535837 0.000001 -0.000001 0.000001 4.570407 11.014683 -2.160813 1.049447 -17.442066 -12.319461 3.916265 -19.989242 -69.765246 0.000001 -1.459367 -0.000003 -33.230499 -1.364892 -6.186633 2.466103 -1.576207 2.681699 -0.662920 2.160394 4.832512 11.853555 25.421664 17.058283 2.647875 -1.528731 1.528750 -13.813931 3.537292 9.036009 1.998905 -1.154081 1.154074 0.000001 0.000003 0.000001 9.109302 -0.518014 2.259901 0.019846 -0.969576 -7.593533 0.267847 1.752926 -17.375713 0.057670 0.820968 -8.037999 0.000000 0.000001 0.000005 9.533396 0.000010 -0.000000 -0.076334 2.665806 -15.696823 0.268761 1.755834 -17.405525 0.300508 1.854010 -18.413331 -0.000000 -0.000001 0.000001 9.104506 -0.042992 -1.865101 0.136870 3.641811 -21.133500 0.386596 2.094822 -20.911907 0.283018 1.800668 -17.864988 -0.000000 -0.000001 0.000002 8.077801 -0.486895 -3.806302 0.927692 5.555973 -27.128039 0.268768 1.755869 -17.405873 0.241880 1.667721 -16.505886 0.000000 0.000000 -0.000001 -8.207798 -6.751713 -1.599543 0.648648 -10.391049 3.516169 7.327109 -9.763709 -3.277842 -3.649289 -1.650149 3.202045 -7.282869 -0.000007 -0.000000 -0.000001 0.000002 0.000000 8.207800 -6.751718 -1.599544 -10.775406 14.739010 10.344595 12.136703 2.032052 4.168245 1.287348 0.513466 -7.110659 -4.928524 0.000008 -0.000002 0.000000 0.000000 0.000000 
0.145432 103.385368 1.423460 -3.753024 -5.218091 -3.769914 -0.000000 10.181541 0.131526 3.296628 1.543090 2.742651 1.151891 0.339458 1.552798 1.126014 0.361543 1.555887 0.000000 16.740345 -2.049021 5.626309 -0.078963 0.454683 -0.000001 9.617805 1.684979 -7.563342 1.375724 -0.080566 0.000000 22.037354 7.501071 -0.000000 -0.000000 -0.000000 -4.569999 11.014879 -2.160840 1.203181 15.343668 14.706010 13.158781 27.555118 58.785218 -0.000007 6.693740 0.000008 -20.179053 -0.514128 6.782823 -2.464807 -1.574002 2.681909 -1.665241 -0.174476 -4.219036 12.710941 -29.825397 -16.130877 -2.646281 -1.527805 1.527815 -15.549407 -3.559428 -12.707123 -1.994597 -1.151579 1.151577 -0.000002 -0.000001 -0.000000 -9.108304 -0.517879 2.259802 0.038555 1.262300 6.823740 0.213716 -1.396026 17.407041 0.046021 -0.653840 8.053242 0.000000 0.000001 0.000002 -9.532502 0.000009 0.000000 -0.136239 -2.205103 14.998885 0.214451 -1.398347 17.436892 0.239775 -1.476522 18.446290 -0.000002 -0.000001 0.000004 -9.103614 -0.043092 -1.865102 0.030599 -3.075760 20.450997 0.308446 -1.668278 20.948539 0.225820 -1.434045 17.897102 -0.000001 0.000002 0.000002 -8.076706 -0.486742 -3.806300 0.748865 -4.885244 26.473759 0.214470 -1.398384 17.437253 0.192999 -1.328173 16.535837 0.000001 -0.000001 0.000001 4.570407 11.014683 -2.160813 1.049447 -17.442066 -12.319461 3.916265 -19.989242 -69.765246 0.000001 -1.459367 -0.000003 -33.230499 -1.364892 -6.186633 2.466103 -1.576207 2.681699 -0.662920 2.160394 4.832512 11.853555 25.421664 17.058283 2.647875 -1.528731 1.528750 -13.813931 3.537292 9.036009 1.998905 -1.154081 1.154074 0.000001 0.000003 0.000001 9.109302 -0.518014 2.259901 0.019846 -0.969576 -7.593533 0.267847 1.752926 -17.375713 0.057670 0.820968 -8.037999 0.000000 0.000001 0.000005 9.533396 0.000010 -0.000000 -0.076334 2.665806 -15.696823 0.268761 1.755834 -17.405525 0.300508 1.854010 -18.413331 -0.000000 -0.000001 0.000001 9.104506 -0.042992 -1.865101 0.136870 3.641811 -21.133500 0.386596 2.094822 -20.911907 0.283018 1.800668 -17.864988 -0.000000 -0.000001 0.000002 8.077801 -0.486895 -3.806302 0.927692 5.555973 -27.128039 0.268768 1.755869 -17.405873 0.241880 1.667721 -16.505886 0.000000 0.000000 -0.000001 -8.207798 -6.751713 -1.599543 0.648648 -10.391049 3.516169 7.327109 -9.763709 -3.277842 -3.649289 -1.650149 3.202045 -7.282869 -0.000007 -0.000000 -0.000001 0.000002 0.000000 8.207800 -6.751718 -1.599544 -10.775406 14.739010 10.344595 12.136703 2.032052 4.168245 1.287348 0.513466 -7.110659 -4.928524 0.000008 -0.000002 0.000000 0.000000 0.000000 
0.145432 103.385368 1.423460 -3.753024 -5.218091 -3.769914 -0.000000 10.181541 0.131526 3.296628 1.543090 2.742651 1.151891 0.339458 1.552798 1.126014 0.361543 1.555887 0.000000 16.740345 -2.049021 5.626309 -0.078963 0.454683 -0.000001 9.617805 1.684979 -7.563342 1.375724 -0.080566 0.000000 22.037354 7.501071 -0.000000 -0.000000 -0.000000 -4.569999 11.014879 -2.160840 1.203181 15.343668 14.706010 13.158781 27.555118 58.785218 -0.000007 6.693740 0.000008 -20.179053 -0.514128 6.782823 -2.464807 -1.574002 2.681909 -1.665241 -0.174476 -4.219036 12.710941 -29.825397 -16.130877 -2.646281 -1.527805 1.527815 -15.549407 -3.559428 -12.707123 -1.994597 -1.151579 1.151577 -0.000002 -0.000001 -0.000000 -9.108304 -0.517879 2.259802 0.038555 1.262300 6.823740 0.213716 -1.396026 17.407041 0.046021 -0.653840 8.053242 0.000000 0.000001 0.000002 -9.532502 0.000009 0.000000 -0.136239 -2.205103 14.998885 0.214451 -1.398347 17.436892 0.239775 -1.476522 18.446290 -0.000002 -0.000001 0.000004 -9.103614 -0.043092 -1.865102 0.030599 -3.075760 20.450997 0.308446 -1.668278 20.948539 0.225820 -1.434045 17.897102 -0.000001 0.000002 0.000002 -8.076706 -0.486742 -3.806300 0.748865 -4.885244 26.473759 0.214470 -1.398384 17.437253 0.192999 -1.328173 16.535837 0.000001 -0.000001 0.000001 4.570407 11.014683 -2.160813 1.049447 -17.442066 -12.319461 3.916265 -19.989242 -69.765246 0.000001 -1.459367 -0.000003 -33.230499 -1.364892 -6.186633 2.466103 -1.576207 2.681699 -0.662920 2.160394 4.832512 11.853555 25.421664 17.058283 2.647875 -1.528731 1.528750 -13.813931 3.537292 9.036009 1.998905 -1.154081 1.154074 0.000001 0.000003 0.000001 9.109302 -0.518014 2.259901 0.019846 -0.969576 -7.593533 0.267847 1.752926 -17.375713 0.057670 0.820968 -8.037999 0.000000 0.000001 0.000005 9.533396 0.000010 -0.000000 -0.076334 2.665806 -15.696823 0.268761 1.755834 -17.405525 0.300508 1.854010 -18.413331 -0.000000 -0.000001 0.000001 9.104506 -0.042992 -1.865101 0.136870 3.641811 -21.133500 0.386596 2.094822 -20.911907 0.283018 1.800668 -17.864988 -0.000000 -0.000001 0.000002 8.077801 -0.486895 -3.806302 0.927692 5.555973 -27.128039 0.268768 1.755869 -17.405873 0.241880 1.667721 -16.505886 0.000000 0.000000 -0.000001 -8.207798 -6.751713 -1.599543 0.648648 -10.391049 3.516169 7.327109 -9.763709 -3.277842 -3.649289 -1.650149 3.202045 -7.282869 -0.000007 -0.000000 -0.000001 0.000002 0.000000 8.207800 -6.751718 -1.599544 -10.775406 14.739010 10.344595 12.136703 2.032052 4.168245 1.287348 0.513466 -7.110659 -4.928524 0.000008 -0.000002 0.000000 0.000000 0.000000 
0.145432 103.385368 1.423460 -3.753024 -5.218091 -3.769914 -0.000000 10.181541 0.131526 3.296628 1.543090 2.742651 1.151891 0.339458 1.552798 1.126014 0.361543 1.555887 0.000000 16.740345 -2.049021 5.626309 -0.078963 0.454683 -0.000001 9.617805 1.684979 -7.563342 1.375724 -0.080566 0.000000 22.037354 7.501071 -0.000000 -0.000000 -0.000000 -4.569999 11.014879 -2.160840 1.203181 15.343668 14.706010 13.158781 27.555118 58.785218 -0.000007 6.693740 0.000008 -20.179053 -0.514128 6.782823 -2.464807 -1.574002 2.681909 -1.665241 -0.174476 -4.219036 12.710941 -29.825397 -16.130877 -2.646281 -1.527805 1.527815 -15.549407 -3.559428 -12.707123 -1.994597 -1.151579 1.151577 -0.000002 -0.000001 -0.000000 -9.108304 -0.517879 2.259802 0.038555 1.262300 6.823740 0.213716 -1.396026 17.407041 0.046021 -0.653840 8.053242 0.000000 0.000001 0.000002 -9.532502 0.000009 0.000000 -0.136239 -2.205103 14.998885 0.214451 -1.398347 17.436892 0.239775 -1.476522 18.446290 -0.000002 -0.000001 0.000004 -9.103614 -0.043092 -1.865102 0.030599 -3.075760 20.450997 0.308446 -1.668278 20.948539 0.225820 -1.434045 17.897102 -0.000001 0.000002 0.000002 -8.076706 -0.486742 -3.806300 0.748865 -4.885244 26.473759 0.214470 -1.398384 17.437253 0.192999 -1.328173 16.535837 0.000001 -0.000001 0.000001 4.570407 11.014683 -2.160813 1.049447 -17.442066 -12.319461 3.916265 -19.989242 -69.765246 0.000001 -1.459367 -0.000003 -33.230499 -1.364892 -6.186633 2.466103 -1.576207 2.681699 -0.662920 2.160394 4.832512 11.853555 25.421664 17.058283 2.647875 -1.528731 1.528750 -13.813931 3.537292 9.036009 1.998905 -1.154081 1.154074 0.000001 0.000003 0.000001 9.109302 -0.518014 2.259901 0.019846 -0.969576 -7.593533 0.267847 1.752926 -17.375713 0.057670 0.820968 -8.037999 0.000000 0.000001 0.000005 9.533396 0.000010 -0.000000 -0.076334 2.665806 -15.696823 0.268761 1.755834 -17.405525 0.300508 1.854010 -18.413331 -0.000000 -0.000001 0.000001 9.104506 -0.042992 -1.865101 0.136870 3.641811 -21.133500 0.386596 2.094822 -20.911907 0.283018 1.800668 -17.864988 -0.000000 -0.000001 0.000002 8.077801 -0.486895 -3.806302 0.927692 5.555973 -27.128039 0.268768 1.755869 -17.405873 0.241880 1.667721 -16.505886 0.000000 0.000000 -0.000001 -8.207798 -6.751713 -1.599543 0.648648 -10.391049 3.516169 7.327109 -9.763709 -3.277842 -3.649289 -1.650149 3.202045 -7.282869 -0.000007 -0.000000 -0.000001 0.000002 0.000000 8.207800 -6.751718 -1.599544 -10.775406 14.739010 10.344595 12.136703 2.032052 4.168245 1.287348 0.513466 -7.110659 -4.928524 0.000008 -0.000002 0.000000 0.000000 0.000000 
0.145432 103.385368 1.423460 -3.753024 -5.218091 -3.769914 -0.000000 10.181541 0.131526 3.296628 1.543090 2.742651 1.151891 0.339458 1.552798 1.126014 0.361543 1.555887 0.000000 16.740345 -2.049021 5.626309 -0.078963 0.454683 -0.000001 9.617805 1.684979 -7.563342 1.375724 -0.080566 0.000000 22.037354 7.501071 -0.000000 -0.000000 -0.000000 -4.569999 11.014879 -2.160840 1.203181 15.343668 14.706010 13.158781 27.555118 58.785218 -0.000007 6.693740 0.000008 -20.179053 -0.514128 6.782823 -2.464807 -1.574002 2.681909 -1.665241 -0.174476 -4.219036 12.710941 -29.825397 -16.130877 -2.646281 -1.527805 1.527815 -15.549407 -3.559428 -12.707123 -1.994597 -1.151579 1.151577 -0.000002 -0.000001 -0.000000 -9.108304 -0.517879 2.259802 0.038555 1.262300 6.823740 0.213716 -1.396026 17.407041 0.046021 -0.653840 8.053242 0.000000 0.000001 0.000002 -9.532502 0.000009 0.000000 -0.136239 -2.205103 14.998885 0.214451 -1.398347 17.436892 0.239775 -1.476522 18.446290 -0.000002 -0.000001 0.000004 -9.103614 -0.043092 -1.865102 0.030599 -3.075760 20.450997 0.308446 -1.668278 20.948539 0.225820 -1.434045 17.897102 -0.000001 0.000002 0.000002 -8.076706 -0.486742 -3.806300 0.748865 -4.885244 26.473759 0.214470 -1.398384 17.437253 0.192999 -1.328173 16.535837 0.000001 -0.000001 0.000001 4.570407 11.014683 -2.160813 1.049447 -17.442066 -12.319461 3.916265 -19.989242 -69.765246 0.000001 -1.459367 -0.000003 -33.230499 -1.364892 -6.186633 2.466103 -1.576207 2.681699 -0.662920 2.160394 4.832512 11.853555 25.421664 17.058283 2.647875 -1.528731 1.528750 -13.813931 3.537292 9.036009 1.998905 -1.154081 1.154074 0.000001 0.000003 0.000001 9.109302 -0.518014 2.259901 0.019846 -0.969576 -7.593533 0.267847 1.752926 -17.375713 0.057670 0.820968 -8.037999 0.000000 0.000001 0.000005 9.533396 0.000010 -0.000000 -0.076334 2.665806 -15.696823 0.268761 1.755834 -17.405525 0.300508 1.854010 -18.413331 -0.000000 -0.000001 0.000001 9.104506 -0.042992 -1.865101 0.136870 3.641811 -21.133500 0.386596 2.094822 -20.911907 0.283018 1.800668 -17.864988 -0.000000 -0.000001 0.000002 8.077801 -0.486895 -3.806302 0.927692 5.555973 -27.128039 0.268768 1.755869 -17.405873 0.241880 1.667721 -16.505886 0.000000 0.000000 -0.000001 -8.207798 -6.751713 -1.599543 0.648648 -10.391049 3.516169 7.327109 -9.763709 -3.277842 -3.649289 -1.650149 3.202045 -7.282869 -0.000007 -0.000000 -0.000001 0.000002 0.000000 8.207800 -6.751718 -1.599544 -10.775406 14.739010 10.344595 12.136703 2.032052 4.168245 1.287348 0.513466 -7.110659 -4.928524 0.000008 -0.000002 0.000000 0.000000 0.000000 
0.145432 103.385368 1.423460 -3.753024 -5.218091 -3.769914 -0.000000 10.181541 0.131526 3.296628 1.543090 2.742651 1.151891 0.339458 1.552798 1.126014 0.361543 1.555887 0.000000 16.740345 -2.049021 5.626309 -0.078963 0.454683 -0.000001 9.617805 1.684979 -7.563342 1.375724 -0.080566 0.000000 22.037354 7.501071 -0.000000 -0.000000 -0.000000 -4.569999 11.014879 -2.160840 1.203181 15.343668 14.706010 13.158781 27.555118 58.785218 -0.000007 6.693740 0.000008 -20.179053 -0.514128 6.782823 -2.464807 -1.574002 2.681909 -1.665241 -0.174476 -4.219036 12.710941 -29.825397 -16.130877 -2.646281 -1.527805 1.527815 -15.549407 -3.559428 -12.707123 -1.994597 -1.151579 1.151577 -0.000002 -0.000001 -0.000000 -9.108304 -0.517879 2.259802 0.038555 1.262300 6.823740 0.213716 -1.396026 17.407041 0.046021 -0.653840 8.053242 0.000000 0.000001 0.000002 -9.532502 0.000009 0.000000 -0.136239 -2.205103 14.998885 0.214451 -1.398347 17.436892 0.239775 -1.476522 18.446290 -0.000002 -0.000001 0.000004 -9.103614 -0.043092 -1.865102 0.030599 -3.075760 20.450997 0.308446 -1.668278 20.948539 0.225820 -1.434045 17.897102 -0.000001 0.000002 0.000002 -8.076706 -0.486742 -3.806300 0.748865 -4.885244 26.473759 0.214470 -1.398384 17.437253 0.192999 -1.328173 16.535837 0.000001 -0.000001 0.000001 4.570407 11.014683 -2.160813 1.049447 -17.442066 -12.319461 3.916265 -19.989242 -69.765246 0.000001 -1.459367 -0.000003 -33.230499 -1.364892 -6.186633 2.466103 -1.576207 2.681699 -0.662920 2.160394 4.832512 11.853555 25.421664 17.058283 2.647875 -1.528731 1.528750 -13.813931 3.537292 9.036009 1.998905 -1.154081 1.154074 0.000001 0.000003 0.000001 9.109302 -0.518014 2.259901 0.019846 -0.969576 -7.593533 0.267847 1.752926 -17.375713 0.057670 0.820968 -8.037999 0.000000 0.000001 0.000005 9.533396 0.000010 -0.000000 -0.076334 2.665806 -15.696823 0.268761 1.755834 -17.405525 0.300508 1.854010 -18.413331 -0.000000 -0.000001 0.000001 9.104506 -0.042992 -1.865101 0.136870 3.641811 -21.133500 0.386596 2.094822 -20.911907 0.283018 1.800668 -17.864988 -0.000000 -0.000001 0.000002 8.077801 -0.486895 -3.806302 0.927692 5.555973 -27.128039 0.268768 1.755869 -17.405873 0.241880 1.667721 -16.505886 0.000000 0.000000 -0.000001 -8.207798 -6.751713 -1.599543 0.648648 -10.391049 3.516169 7.327109 -9.763709 -3.277842 -3.649289 -1.650149 3.202045 -7.282869 -0.000007 -0.000000 -0.000001 0.000002 0.000000 8.207800 -6.751718 -1.599544 -10.775406 14.739010 10.344595 12.136703 2.032052 4.168245 1.287348 0.513466 -7.110659 -4.928524 0.000008 -0.000002 0.000000 0.000000 0.000000 
0.145432 103.385368 1.423460 -3.753024 -5.218091 -3.769914 -0.000000 10.181541 0.131526 3.296628 1.543090 2.742651 1.151891 0.339458 1.552798 1.126014 0.361543 1.555887 0.000000 16.740345 -2.049021 5.626309 -0.078963 0.454683 -0.000001 9.617805 1.684979 -7.563342 1.375724 -0.080566 0.000000 22.037354 7.501071 -0.000000 -0.000000 -0.000000 -4.569999 11.014879 -2.160840 1.203181 15.343668 14.706010 13.158781 27.555118 58.785218 -0.000007 6.693740 0.000008 -20.179053 -0.514128 6.782823 -2.464807 -1.574002 2.681909 -1.665241 -0.174476 -4.219036 12.710941 -29.825397 -16.130877 -2.646281 -1.527805 1.527815 -15.549407 -3.559428 -12.707123 -1.994597 -1.151579 1.151577 -0.000002 -0.000001 -0.000000 -9.108304 -0.517879 2.259802 0.038555 1.262300 6.823740 0.213716 -1.396026 17.407041 0.046021 -0.653840 8.053242 0.000000 0.000001 0.000002 -9.532502 0.000009 0.000000 -0.136239 -2.205103 14.998885 0.214451 -1.398347 17.436892 0.239775 -1.476522 18.446290 -0.000002 -0.000001 0.000004 -9.103614 -0.043092 -1.865102 0.030599 -3.075760 20.450997 0.308446 -1.668278 20.948539 0.225820 -1.434045 17.897102 -0.000001 0.000002 0.000002 -8.076706 -0.486742 -3.806300 0.748865 -4.885244 26.473759 0.214470 -1.398384 17.437253 0.192999 -1.328173 16.535837 0.000001 -0.000001 0.000001 4.570407 11.014683 -2.160813 1.049447 -17.442066 -12.319461 3.916265 -19.989242 -69.765246 0.000001 -1.459367 -0.000003 -33.230499 -1.364892 -6.186633 2.466103 -1.576207 2.681699 -0.662920 2.160394 4.832512 11.853555 25.421664 17.058283 2.647875 -1.528731 1.528750 -13.813931 3.537292 9.036009 1.998905 -1.154081 1.154074 0.000001 0.000003 0.000001 9.109302 -0.518014 2.259901 0.019846 -0.969576 -7.593533 0.267847 1.752926 -17.375713 0.057670 0.820968 -8.037999 0.000000 0.000001 0.000005 9.533396 0.000010 -0.000000 -0.076334 2.665806 -15.696823 0.268761 1.755834 -17.405525 0.300508 1.854010 -18.413331 -0.000000 -0.000001 0.000001 9.104506 -0.042992 -1.865101 0.136870 3.641811 -21.133500 0.386596 2.094822 -20.911907 0.283018 1.800668 -17.864988 -0.000000 -0.000001 0.000002 8.077801 -0.486895 -3.806302 0.927692 5.555973 -27.128039 0.268768 1.755869 -17.405873 0.241880 1.667721 -16.505886 0.000000 0.000000 -0.000001 -8.207798 -6.751713 -1.599543 0.648648 -10.391049 3.516169 7.327109 -9.763709 -3.277842 -3.649289 -1.650149 3.202045 -7.282869 -0.000007 -0.000000 -0.000001 0.000002 0.000000 8.207800 -6.751718 -1.599544 -10.775406 14.739010 10.344595 12.136703 2.032052 4.168245 1.287348 0.513466 -7.110659 -4.928524 0.000008 -0.000002 0.000000 0.000000 0.000000 
0.145432 103.385368 1.423460 -3.753024 -5.218091 -3.769914 -0.000000 10.181541 0.131526 3.296628 1.543090 2.742651 1.151891 0.339458 1.552798 1.126014 0.361543 1.555887 0.000000 16.740345 -2.049021 5.626309 -0.078963 0.454683 -0.000001 9.617805 1.684979 -7.563342 1.375724 -0.080566 0.000000 22.037354 7.501071 -0.000000 -0.000000 -0.000000 -4.569999 11.014879 -2.160840 1.203181 15.343668 14.706010 13.158781 27.555118 58.785218 -0.000007 6.693740 0.000008 -20.179053 -0.514128 6.782823 -2.464807 -1.574002 2.681909 -1.665241 -0.174476 -4.219036 12.710941 -29.825397 -16.130877 -2.646281 -1.527805 1.527815 -15.549407 -3.559428 -12.707123 -1.994597 -1.151579 1.151577 -0.000002 -0.000001 -0.000000 -9.108304 -0.517879 2.259802 0.038555 1.262300 6.823740 0.213716 -1.396026 17.407041 0.046021 -0.653840 8.053242 0.000000 0.000001 0.000002 -9.532502 0.000009 0.000000 -0.136239 -2.205103 14.998885 0.214451 -1.398347 17.436892 0.239775 -1.476522 18.446290 -0.000002 -0.000001 0.000004 -9.103614 -0.043092 -1.865102 0.030599 -3.075760 20.450997 0.308446 -1.668278 20.948539 0.225820 -1.434045 17.897102 -0.000001 0.000002 0.000002 -8.076706 -0.486742 -3.806300 0.748865 -4.885244 26.473759 0.214470 -1.398384 17.437253 0.192999 -1.328173 16.535837 0.000001 -0.000001 0.000001 4.570407 11.014683 -2.160813 1.049447 -17.442066 -12.319461 3.916265 -19.989242 -69.765246 0.000001 -1.459367 -0.000003 -33.230499 -1.364892 -6.186633 2.466103 -1.576207 2.681699 -0.662920 2.160394 4.832512 11.853555 25.421664 17.058283 2.647875 -1.528731 1.528750 -13.813931 3.537292 9.036009 1.998905 -1.154081 1.154074 0.000001 0.000003 0.000001 9.109302 -0.518014 2.259901 0.019846 -0.969576 -7.593533 0.267847 1.752926 -17.375713 0.057670 0.820968 -8.037999 0.000000 0.000001 0.000005 9.533396 0.000010 -0.000000 -0.076334 2.665806 -15.696823 0.268761 1.755834 -17.405525 0.300508 1.854010 -18.413331 -0.000000 -0.000001 0.000001 9.104506 -0.042992 -1.865101 0.136870 3.641811 -21.133500 0.386596 2.094822 -20.911907 0.283018 1.800668 -17.864988 -0.000000 -0.000001 0.000002 8.077801 -0.486895 -3.806302 0.927692 5.555973 -27.128039 0.268768 1.755869 -17.405873 0.241880 1.667721 -16.505886 0.000000 0.000000 -0.000001 -8.207798 -6.751713 -1.599543 0.648648 -10.391049 3.516169 7.327109 -9.763709 -3.277842 -3.649289 -1.650149 3.202045 -7.282869 -0.000007 -0.000000 -0.000001 0.000002 0.000000 8.207800 -6.751718 -1.599544 -10.775406 14.739010 10.344595 12.136703 2.032052 4.168245 1.287348 0.513466 -7.110659 -4.928524 0.000008 -0.000002 0.000000 0.000000 0.000000 
0.145432 103.385368 1.423460 -3.753024 -5.218091 -3.769914 -0.000000 10.181541 0.131526 3.296628 1.543090 2.742651 1.151891 0.339458 1.552798 1.126014 0.361543 1.555887 0.000000 16.740345 -2.049021 5.626309 -0.078963 0.454683 -0.000001 9.617805 1.684979 -7.563342 1.375724 -0.080566 0.000000 22.037354 7.501071 -0.000000 -0.000000 -0.000000 -4.569999 11.014879 -2.160840 1.203181 15.343668 14.706010 13.158781 27.555118 58.785218 -0.000007 6.693740 0.000008 -20.179053 -0.514128 6.782823 -2.464807 -1.574002 2.681909 -1.665241 -0.174476 -4.219036 12.710941 -29.825397 -16.130877 -2.646281 -1.527805 1.527815 -15.549407 -3.559428 -12.707123 -1.994597 -1.151579 1.151577 -0.000002 -0.000001 -0.000000 -9.108304 -0.517879 2.259802 0.038555 1.262300 6.823740 0.213716 -1.396026 17.407041 0.046021 -0.653840 8.053242 0.000000 0.000001 0.000002 -9.532502 0.000009 0.000000 -0.136239 -2.205103 14.998885 0.214451 -1.398347 17.436892 0.239775 -1.476522 18.446290 -0.000002 -0.000001 0.000004 -9.103614 -0.043092 -1.865102 0.030599 -3.075760 20.450997 0.308446 -1.668278 20.948539 0.225820 -1.434045 17.897102 -0.000001 0.000002 0.000002 -8.076706 -0.486742 -3.806300 0.748865 -4.885244 26.473759 0.214470 -1.398384 17.437253 0.192999 -1.328173 16.535837 0.000001 -0.000001 0.000001 4.570407 11.014683 -2.160813 1.049447 -17.442066 -12.319461 3.916265 -19.989242 -69.765246 0.000001 -1.459367 -0.000003 -33.230499 -1.364892 -6.186633 2.466103 -1.576207 2.681699 -0.662920 2.160394 4.832512 11.853555 25.421664 17.058283 2.647875 -1.528731 1.528750 -13.813931 3.537292 9.036009 1.998905 -1.154081 1.154074 0.000001 0.000003 0.000001 9.109302 -0.518014 2.259901 0.019846 -0.969576 -7.593533 0.267847 1.752926 -17.375713 0.057670 0.820968 -8.037999 0.000000 0.000001 0.000005 9.533396 0.000010 -0.000000 -0.076334 2.665806 -15.696823 0.268761 1.755834 -17.405525 0.300508 1.854010 -18.413331 -0.000000 -0.000001 0.000001 9.104506 -0.042992 -1.865101 0.136870 3.641811 -21.133500 0.386596 2.094822 -20.911907 0.283018 1.800668 -17.864988 -0.000000 -0.000001 0.000002 8.077801 -0.486895 -3.806302 0.927692 5.555973 -27.128039 0.268768 1.755869 -17.405873 0.241880 1.667721 -16.505886 0.000000 0.000000 -0.000001 -8.207798 -6.751713 -1.599543 0.648648 -10.391049 3.516169 7.327109 -9.763709 -3.277842 -3.649289 -1.650149 3.202045 -7.282869 -0.000007 -0.000000 -0.000001 0.000002 0.000000 8.207800 -6.751718 -1.599544 -10.775406 14.739010 10.344595 12.136703 2.032052 4.168245 1.287348 0.513466 -7.110659 -4.928524 0.000008 -0.000002 0.000000 0.000000 0.000000 
0.145432 103.385368 1.423460 -3.753024 -5.218091 -3.769914 -0.000000 10.181541 0.131526 3.296628 1.543090 2.742651 1.151891 0.339458 1.552798 1.126014 0.361543 1.555887 0.000000 16.740345 -2.049021 5.626309 -0.078963 0.454683 -0.000001 9.617805 1.684979 -7.563342 1.375724 -0.080566 0.000000 22.037354 7.501071 -0.000000 -0.000000 -0.000000 -4.569999 11.014879 -2.160840 1.203181 15.343668 14.706010 13.158781 27.555118 58.785218 -0.000007 6.693740 0.000008 -20.179053 -0.514128 6.782823 -2.464807 -1.574002 2.681909 -1.665241 -0.174476 -4.219036 12.710941 -29.825397 -16.130877 -2.646281 -1.527805 1.527815 -15.549407 -3.559428 -12.707123 -1.994597 -1.151579 1.151577 -0.000002 -0.000001 -0.000000 -9.108304 -0.517879 2.259802 0.038555 1.262300 6.823740 0.213716 -1.396026 17.407041 0.046021 -0.653840 8.053242 0.000000 0.000001 0.000002 -9.532502 0.000009 0.000000 -0.136239 -2.205103 14.998885 0.214451 -1.398347 17.436892 0.239775 -1.476522 18.446290 -0.000002 -0.000001 0.000004 -9.103614 -0.043092 -1.865102 0.030599 -3.075760 20.450997 0.308446 -1.668278 20.948539 0.225820 -1.434045 17.897102 -0.000001 0.000002 0.000002 -8.076706 -0.486742 -3.806300 0.748865 -4.885244 26.473759 0.214470 -1.398384 17.437253 0.192999 -1.328173 16.535837 0.000001 -0.000001 0.000001 4.570407 11.014683 -2.160813 1.049447 -17.442066 -12.319461 3.916265 -19.989242 -69.765246 0.000001 -1.459367 -0.000003 -33.230499 -1.364892 -6.186633 2.466103 -1.576207 2.681699 -0.662920 2.160394 4.832512 11.853555 25.421664 17.058283 2.647875 -1.528731 1.528750 -13.813931 3.537292 9.036009 1.998905 -1.154081 1.154074 0.000001 0.000003 0.000001 9.109302 -0.518014 2.259901 0.019846 -0.969576 -7.593533 0.267847 1.752926 -17.375713 0.057670 0.820968 -8.037999 0.000000 0.000001 0.000005 9.533396 0.000010 -0.000000 -0.076334 2.665806 -15.696823 0.268761 1.755834 -17.405525 0.300508 1.854010 -18.413331 -0.000000 -0.000001 0.000001 9.104506 -0.042992 -1.865101 0.136870 3.641811 -21.133500 0.386596 2.094822 -20.911907 0.283018 1.800668 -17.864988 -0.000000 -0.000001 0.000002 8.077801 -0.486895 -3.806302 0.927692 5.555973 -27.128039 0.268768 1.755869 -17.405873 0.241880 1.667721 -16.505886 0.000000 0.000000 -0.000001 -8.207798 -6.751713 -1.599543 0.648648 -10.391049 3.516169 7.327109 -9.763709 -3.277842 -3.649289 -1.650149 3.202045 -7.282869 -0.000007 -0.000000 -0.000001 0.000002 0.000000 8.207800 -6.751718 -1.599544 -10.775406 14.739010 10.344595 12.136703 2.032052 4.168245 1.287348 0.513466 -7.110659 -4.928524 0.000008 -0.000002 0.000000 0.000000 0.000000 
0.145432 103.385368 1.423460 -3.753024 -5.218091 -3.769914 -0.000000 10.181541 0.131526 3.296628 1.543090 2.742651 1.151891 0.339458 1.552798 1.126014 0.361543 1.555887 0.000000 16.740345 -2.049021 5.626309 -0.078963 0.454683 -0.000001 9.617805 1.684979 -7.563342 1.375724 -0.080566 0.000000 22.037354 7.501071 -0.000000 -0.000000 -0.000000 -4.569999 11.014879 -2.160840 1.203181 15.343668 14.706010 13.158781 27.555118 58.785218 -0.000007 6.693740 0.000008 -20.179053 -0.514128 6.782823 -2.464807 -1.574002 2.681909 -1.665241 -0.174476 -4.219036 12.710941 -29.825397 -16.130877 -2.646281 -1.527805 1.527815 -15.549407 -3.559428 -12.707123 -1.994597 -1.151579 1.151577 -0.000002 -0.000001 -0.000000 -9.108304 -0.517879 2.259802 0.038555 1.262300 6.823740 0.213716 -1.396026 17.407041 0.046021 -0.653840 8.053242 0.000000 0.000001 0.000002 -9.532502 0.000009 0.000000 -0.136239 -2.205103 14.998885 0.214451 -1.398347 17.436892 0.239775 -1.476522 18.446290 -0.000002 -0.000001 0.000004 -9.103614 -0.043092 -1.865102 0.030599 -3.075760 20.450997 0.308446 -1.668278 20.948539 0.225820 -1.434045 17.897102 -0.000001 0.000002 0.000002 -8.076706 -0.486742 -3.806300 0.748865 -4.885244 26.473759 0.214470 -1.398384 17.437253 0.192999 -1.328173 16.535837 0.000001 -0.000001 0.000001 4.570407 11.014683 -2.160813 1.049447 -17.442066 -12.319461 3.916265 -19.989242 -69.765246 0.000001 -1.459367 -0.000003 -33.230499 -1.364892 -6.186633 2.466103 -1.576207 2.681699 -0.662920 2.160394 4.832512 11.853555 25.421664 17.058283 2.647875 -1.528731 1.528750 -13.813931 3.537292 9.036009 1.998905 -1.154081 1.154074 0.000001 0.000003 0.000001 9.109302 -0.518014 2.259901 0.019846 -0.969576 -7.593533 0.267847 1.752926 -17.375713 0.057670 0.820968 -8.037999 0.000000 0.000001 0.000005 9.533396 0.000010 -0.000000 -0.076334 2.665806 -15.696823 0.268761 1.755834 -17.405525 0.300508 1.854010 -18.413331 -0.000000 -0.000001 0.000001 9.104506 -0.042992 -1.865101 0.136870 3.641811 -21.133500 0.386596 2.094822 -20.911907 0.283018 1.800668 -17.864988 -0.000000 -0.000001 0.000002 8.077801 -0.486895 -3.806302 0.927692 5.555973 -27.128039 0.268768 1.755869 -17.405873 0.241880 1.667721 -16.505886 0.000000 0.000000 -0.000001 -8.207798 -6.751713 -1.599543 0.648648 -10.391049 3.516169 7.327109 -9.763709 -3.277842 -3.649289 -1.650149 3.202045 -7.282869 -0.000007 -0.000000 -0.000001 0.000002 0.000000 8.207800 -6.751718 -1.599544 -10.775406 14.739010 10.344595 12.136703 2.032052 4.168245 1.287348 0.513466 -7.110659 -4.928524 0.000008 -0.000002 0.000000 0.000000 0.000000 
0.145432 103.385368 1.423460 -3.753024 -5.218091 -3.769914 -0.000000 10.181541 0.131526 3.296628 1.543090 2.742651 1.151891 0.339458 1.552798 1.126014 0.361543 1.555887 0.000000 16.740345 -2.049021 5.626309 -0.078963 0.454683 -0.000001 9.617805 1.684979 -7.563342 1.375724 -0.080566 0.000000 22.037354 7.501071 -0.000000 -0.000000 -0.000000 -4.569999 11.014879 -2.160840 1.203181 15.343668 14.706010 13.158781 27.555118 58.785218 -0.000007 6.693740 0.000008 -20.179053 -0.514128 6.782823 -2.464807 -1.574002 2.681909 -1.665241 -0.174476 -4.219036 12.710941 -29.825397 -16.130877 -2.646281 -1.527805 1.527815 -15.549407 -3.559428 -12.707123 -1.994597 -1.151579 1.151577 -0.000002 -0.000001 -0.000000 -9.108304 -0.517879 2.259802 0.038555 1.262300 6.823740 0.213716 -1.396026 17.407041 0.046021 -0.653840 8.053242 0.000000 0.000001 0.000002 -9.532502 0.000009 0.000000 -0.136239 -2.205103 14.998885 0.214451 -1.398347 17.436892 0.239775 -1.476522 18.446290 -0.000002 -0.000001 0.000004 -9.103614 -0.043092 -1.865102 0.030599 -3.075760 20.450997 0.308446 -1.668278 20.948539 0.225820 -1.434045 17.897102 -0.000001 0.000002 0.000002 -8.076706 -0.486742 -3.806300 0.748865 -4.885244 26.473759 0.214470 -1.398384 17.437253 0.192999 -1.328173 16.535837 0.000001 -0.000001 0.000001 4.570407 11.014683 -2.160813 1.049447 -17.442066 -12.319461 3.916265 -19.989242 -69.765246 0.000001 -1.459367 -0.000003 -33.230499 -1.364892 -6.186633 2.466103 -1.576207 2.681699 -0.662920 2.160394 4.832512 11.853555 25.421664 17.058283 2.647875 -1.528731 1.528750 -13.813931 3.537292 9.036009 1.998905 -1.154081 1.154074 0.000001 0.000003 0.000001 9.109302 -0.518014 2.259901 0.019846 -0.969576 -7.593533 0.267847 1.752926 -17.375713 0.057670 0.820968 -8.037999 0.000000 0.000001 0.000005 9.533396 0.000010 -0.000000 -0.076334 2.665806 -15.696823 0.268761 1.755834 -17.405525 0.300508 1.854010 -18.413331 -0.000000 -0.000001 0.000001 9.104506 -0.042992 -1.865101 0.136870 3.641811 -21.133500 0.386596 2.094822 -20.911907 0.283018 1.800668 -17.864988 -0.000000 -0.000001 0.000002 8.077801 -0.486895 -3.806302 0.927692 5.555973 -27.128039 0.268768 1.755869 -17.405873 0.241880 1.667721 -16.505886 0.000000 0.000000 -0.000001 -8.207798 -6.751713 -1.599543 0.648648 -10.391049 3.516169 7.327109 -9.763709 -3.277842 -3.649289 -1.650149 3.202045 -7.282869 -0.000007 -0.000000 -0.000001 0.000002 0.000000 8.207800 -6.751718 -1.599544 -10.775406 14.739010 10.344595 12.136703 2.032052 4.168245 1.287348 0.513466 -7.110659 -4.928524 0.000008 -0.000002 0.000000 0.000000 0.000000 
0.145432 103.385368 1.423460 -3.753024 -5.218091 -3.769914 -0.000000 10.181541 0.131526 3.296628 1.543090 2.742651 1.151891 0.339458 1.552798 1.126014 0.361543 1.555887 0.000000 16.740345 -2.049021 5.626309 -0.078963 0.454683 -0.000001 9.617805 1.684979 -7.563342 1.375724 -0.080566 0.000000 22.037354 7.501071 -0.000000 -0.000000 -0.000000 -4.569999 11.014879 -2.160840 1.203181 15.343668 14.706010 13.158781 27.555118 58.785218 -0.000007 6.693740 0.000008 -20.179053 -0.514128 6.782823 -2.464807 -1.574002 2.681909 -1.665241 -0.174476 -4.219036 12.710941 -29.825397 -16.130877 -2.646281 -1.527805 1.527815 -15.549407 -3.559428 -12.707123 -1.994597 -1.151579 1.151577 -0.000002 -0.000001 -0.000000 -9.108304 -0.517879 2.259802 0.038555 1.262300 6.823740 0.213716 -1.396026 17.407041 0.046021 -0.653840 8.053242 0.000000 0.000001 0.000002 -9.532502 0.000009 0.000000 -0.136239 -2.205103 14.998885 0.214451 -1.398347 17.436892 0.239775 -1.476522 18.446290 -0.000002 -0.000001 0.000004 -9.103614 -0.043092 -1.865102 0.030599 -3.075760 20.450997 0.308446 -1.668278 20.948539 0.225820 -1.434045 17.897102 -0.000001 0.000002 0.000002 -8.076706 -0.486742 -3.806300 0.748865 -4.885244 26.473759 0.214470 -1.398384 17.437253 0.192999 -1.328173 16.535837 0.000001 -0.000001 0.000001 4.570407 11.014683 -2.160813 1.049447 -17.442066 -12.319461 3.916265 -19.989242 -69.765246 0.000001 -1.459367 -0.000003 -33.230499 -1.364892 -6.186633 2.466103 -1.576207 2.681699 -0.662920 2.160394 4.832512 11.853555 25.421664 17.058283 2.647875 -1.528731 1.528750 -13.813931 3.537292 9.036009 1.998905 -1.154081 1.154074 0.000001 0.000003 0.000001 9.109302 -0.518014 2.259901 0.019846 -0.969576 -7.593533 0.267847 1.752926 -17.375713 0.057670 0.820968 -8.037999 0.000000 0.000001 0.000005 9.533396 0.000010 -0.000000 -0.076334 2.665806 -15.696823 0.268761 1.755834 -17.405525 0.300508 1.854010 -18.413331 -0.000000 -0.000001 0.000001 9.104506 -0.042992 -1.865101 0.136870 3.641811 -21.133500 0.386596 2.094822 -20.911907 0.283018 1.800668 -17.864988 -0.000000 -0.000001 0.000002 8.077801 -0.486895 -3.806302 0.927692 5.555973 -27.128039 0.268768 1.755869 -17.405873 0.241880 1.667721 -16.505886 0.000000 0.000000 -0.000001 -8.207798 -6.751713 -1.599543 0.648648 -10.391049 3.516169 7.327109 -9.763709 -3.277842 -3.649289 -1.650149 3.202045 -7.282869 -0.000007 -0.000000 -0.000001 0.000002 0.000000 8.207800 -6.751718 -1.599544 -10.775406 14.739010 10.344595 12.136703 2.032052 4.168245 1.287348 0.513466 -7.110659 -4.928524 0.000008 -0.000002 0.000000 0.000000 0.000000 
0.145432 103.385368 1.423460 -3.753024 -5.218091 -3.769914 -0.000000 10.181541 0.131526 3.296628 1.543090 2.742651 1.151891 0.339458 1.552798 1.126014 0.361543 1.555887 0.000000 16.740345 -2.049021 5.626309 -0.078963 0.454683 -0.000001 9.617805 1.684979 -7.563342 1.375724 -0.080566 0.000000 22.037354 7.501071 -0.000000 -0.000000 -0.000000 -4.569999 11.014879 -2.160840 1.203181 15.343668 14.706010 13.158781 27.555118 58.785218 -0.000007 6.693740 0.000008 -20.179053 -0.514128 6.782823 -2.464807 -1.574002 2.681909 -1.665241 -0.174476 -4.219036 12.710941 -29.825397 -16.130877 -2.646281 -1.527805 1.527815 -15.549407 -3.559428 -12.707123 -1.994597 -1.151579 1.151577 -0.000002 -0.000001 -0.000000 -9.108304 -0.517879 2.259802 0.038555 1.262300 6.823740 0.213716 -1.396026 17.407041 0.046021 -0.653840 8.053242 0.000000 0.000001 0.000002 -9.532502 0.000009 0.000000 -0.136239 -2.205103 14.998885 0.214451 -1.398347 17.436892 0.239775 -1.476522 18.446290 -0.000002 -0.000001 0.000004 -9.103614 -0.043092 -1.865102 0.030599 -3.075760 20.450997 0.308446 -1.668278 20.948539 0.225820 -1.434045 17.897102 -0.000001 0.000002 0.000002 -8.076706 -0.486742 -3.806300 0.748865 -4.885244 26.473759 0.214470 -1.398384 17.437253 0.192999 -1.328173 16.535837 0.000001 -0.000001 0.000001 4.570407 11.014683 -2.160813 1.049447 -17.442066 -12.319461 3.916265 -19.989242 -69.765246 0.000001 -1.459367 -0.000003 -33.230499 -1.364892 -6.186633 2.466103 -1.576207 2.681699 -0.662920 2.160394 4.832512 11.853555 25.421664 17.058283 2.647875 -1.528731 1.528750 -13.813931 3.537292 9.036009 1.998905 -1.154081 1.154074 0.000001 0.000003 0.000001 9.109302 -0.518014 2.259901 0.019846 -0.969576 -7.593533 0.267847 1.752926 -17.375713 0.057670 0.820968 -8.037999 0.000000 0.000001 0.000005 9.533396 0.000010 -0.000000 -0.076334 2.665806 -15.696823 0.268761 1.755834 -17.405525 0.300508 1.854010 -18.413331 -0.000000 -0.000001 0.000001 9.104506 -0.042992 -1.865101 0.136870 3.641811 -21.133500 0.386596 2.094822 -20.911907 0.283018 1.800668 -17.864988 -0.000000 -0.000001 0.000002 8.077801 -0.486895 -3.806302 0.927692 5.555973 -27.128039 0.268768 1.755869 -17.405873 0.241880 1.667721 -16.505886 0.000000 0.000000 -0.000001 -8.207798 -6.751713 -1.599543 0.648648 -10.391049 3.516169 7.327109 -9.763709 -3.277842 -3.649289 -1.650149 3.202045 -7.282869 -0.000007 -0.000000 -0.000001 0.000002 0.000000 8.207800 -6.751718 -1.599544 -10.775406 14.739010 10.344595 12.136703 2.032052 4.168245 1.287348 0.513466 -7.110659 -4.928524 0.000008 -0.000002 0.000000 0.000000 0.000000 
0.145432 103.385368 1.423460 -3.753024 -5.218091 -3.769914 -0.000000 10.181541 0.131526 3.296628 1.543090 2.742651 1.151891 0.339458 1.552798 1.126014 0.361543 1.555887 0.000000 16.740345 -2.049021 5.626309 -0.078963 0.454683 -0.000001 9.617805 1.684979 -7.563342 1.375724 -0.080566 0.000000 22.037354 7.501071 -0.000000 -0.000000 -0.000000 -4.569999 11.014879 -2.160840 1.203181 15.343668 14.706010 13.158781 27.555118 58.785218 -0.000007 6.693740 0.000008 -20.179053 -0.514128 6.782823 -2.464807 -1.574002 2.681909 -1.665241 -0.174476 -4.219036 12.710941 -29.825397 -16.130877 -2.646281 -1.527805 1.527815 -15.549407 -3.559428 -12.707123 -1.994597 -1.151579 1.151577 -0.000002 -0.000001 -0.000000 -9.108304 -0.517879 2.259802 0.038555 1.262300 6.823740 0.213716 -1.396026 17.407041 0.046021 -0.653840 8.053242 0.000000 0.000001 0.000002 -9.532502 0.000009 0.000000 -0.136239 -2.205103 14.998885 0.214451 -1.398347 17.436892 0.239775 -1.476522 18.446290 -0.000002 -0.000001 0.000004 -9.103614 -0.043092 -1.865102 0.030599 -3.075760 20.450997 0.308446 -1.668278 20.948539 0.225820 -1.434045 17.897102 -0.000001 0.000002 0.000002 -8.076706 -0.486742 -3.806300 0.748865 -4.885244 26.473759 0.214470 -1.398384 17.437253 0.192999 -1.328173 16.535837 0.000001 -0.000001 0.000001 4.570407 11.014683 -2.160813 1.049447 -17.442066 -12.319461 3.916265 -19.989242 -69.765246 0.000001 -1.459367 -0.000003 -33.230499 -1.364892 -6.186633 2.466103 -1.576207 2.681699 -0.662920 2.160394 4.832512 11.853555 25.421664 17.058283 2.647875 -1.528731 1.528750 -13.813931 3.537292 9.036009 1.998905 -1.154081 1.154074 0.000001 0.000003 0.000001 9.109302 -0.518014 2.259901 0.019846 -0.969576 -7.593533 0.267847 1.752926 -17.375713 0.057670 0.820968 -8.037999 0.000000 0.000001 0.000005 9.533396 0.000010 -0.000000 -0.076334 2.665806 -15.696823 0.268761 1.755834 -17.405525 0.300508 1.854010 -18.413331 -0.000000 -0.000001 0.000001 9.104506 -0.042992 -1.865101 0.136870 3.641811 -21.133500 0.386596 2.094822 -20.911907 0.283018 1.800668 -17.864988 -0.000000 -0.000001 0.000002 8.077801 -0.486895 -3.806302 0.927692 5.555973 -27.128039 0.268768 1.755869 -17.405873 0.241880 1.667721 -16.505886 0.000000 0.000000 -0.000001 -8.207798 -6.751713 -1.599543 0.648648 -10.391049 3.516169 7.327109 -9.763709 -3.277842 -3.649289 -1.650149 3.202045 -7.282869 -0.000007 -0.000000 -0.000001 0.000002 0.000000 8.207800 -6.751718 -1.599544 -10.775406 14.739010 10.344595 12.136703 2.032052 4.168245 1.287348 0.513466 -7.110659 -4.928524 0.000008 -0.000002 0.000000 0.000000 0.000000 
0.145432 103.385368 1.423460 -3.753024 -5.218091 -3.769914 -0.000000 10.181541 0.131526 3.296628 1.543090 2.742651 1.151891 0.339458 1.552798 1.126014 0.361543 1.555887 0.000000 16.740345 -2.049021 5.626309 -0.078963 0.454683 -0.000001 9.617805 1.684979 -7.563342 1.375724 -0.080566 0.000000 22.037354 7.501071 -0.000000 -0.000000 -0.000000 -4.569999 11.014879 -2.160840 1.203181 15.343668 14.706010 13.158781 27.555118 58.785218 -0.000007 6.693740 0.000008 -20.179053 -0.514128 6.782823 -2.464807 -1.574002 2.681909 -1.665241 -0.174476 -4.219036 12.710941 -29.825397 -16.130877 -2.646281 -1.527805 1.527815 -15.549407 -3.559428 -12.707123 -1.994597 -1.151579 1.151577 -0.000002 -0.000001 -0.000000 -9.108304 -0.517879 2.259802 0.038555 1.262300 6.823740 0.213716 -1.396026 17.407041 0.046021 -0.653840 8.053242 0.000000 0.000001 0.000002 -9.532502 0.000009 0.000000 -0.136239 -2.205103 14.998885 0.214451 -1.398347 17.436892 0.239775 -1.476522 18.446290 -0.000002 -0.000001 0.000004 -9.103614 -0.043092 -1.865102 0.030599 -3.075760 20.450997 0.308446 -1.668278 20.948539 0.225820 -1.434045 17.897102 -0.000001 0.000002 0.000002 -8.076706 -0.486742 -3.806300 0.748865 -4.885244 26.473759 0.214470 -1.398384 17.437253 0.192999 -1.328173 16.535837 0.000001 -0.000001 0.000001 4.570407 11.014683 -2.160813 1.049447 -17.442066 -12.319461 3.916265 -19.989242 -69.765246 0.000001 -1.459367 -0.000003 -33.230499 -1.364892 -6.186633 2.466103 -1.576207 2.681699 -0.662920 2.160394 4.832512 11.853555 25.421664 17.058283 2.647875 -1.528731 1.528750 -13.813931 3.537292 9.036009 1.998905 -1.154081 1.154074 0.000001 0.000003 0.000001 9.109302 -0.518014 2.259901 0.019846 -0.969576 -7.593533 0.267847 1.752926 -17.375713 0.057670 0.820968 -8.037999 0.000000 0.000001 0.000005 9.533396 0.000010 -0.000000 -0.076334 2.665806 -15.696823 0.268761 1.755834 -17.405525 0.300508 1.854010 -18.413331 -0.000000 -0.000001 0.000001 9.104506 -0.042992 -1.865101 0.136870 3.641811 -21.133500 0.386596 2.094822 -20.911907 0.283018 1.800668 -17.864988 -0.000000 -0.000001 0.000002 8.077801 -0.486895 -3.806302 0.927692 5.555973 -27.128039 0.268768 1.755869 -17.405873 0.241880 1.667721 -16.505886 0.000000 0.000000 -0.000001 -8.207798 -6.751713 -1.599543 0.648648 -10.391049 3.516169 7.327109 -9.763709 -3.277842 -3.649289 -1.650149 3.202045 -7.282869 -0.000007 -0.000000 -0.000001 0.000002 0.000000 8.207800 -6.751718 -1.599544 -10.775406 14.739010 10.344595 12.136703 2.032052 4.168245 1.287348 0.513466 -7.110659 -4.928524 0.000008 -0.000002 0.000000 0.000000 0.000000 
0.145432 103.385368 1.423460 -3.753024 -5.218091 -3.769914 -0.000000 10.181541 0.131526 3.296628 1.543090 2.742651 1.151891 0.339458 1.552798 1.126014 0.361543 1.555887 0.000000 16.740345 -2.049021 5.626309 -0.078963 0.454683 -0.000001 9.617805 1.684979 -7.563342 1.375724 -0.080566 0.000000 22.037354 7.501071 -0.000000 -0.000000 -0.000000 -4.569999 11.014879 -2.160840 1.203181 15.343668 14.706010 13.158781 27.555118 58.785218 -0.000007 6.693740 0.000008 -20.179053 -0.514128 6.782823 -2.464807 -1.574002 2.681909 -1.665241 -0.174476 -4.219036 12.710941 -29.825397 -16.130877 -2.646281 -1.527805 1.527815 -15.549407 -3.559428 -12.707123 -1.994597 -1.151579 1.151577 -0.000002 -0.000001 -0.000000 -9.108304 -0.517879 2.259802 0.038555 1.262300 6.823740 0.213716 -1.396026 17.407041 0.046021 -0.653840 8.053242 0.000000 0.000001 0.000002 -9.532502 0.000009 0.000000 -0.136239 -2.205103 14.998885 0.214451 -1.398347 17.436892 0.239775 -1.476522 18.446290 -0.000002 -0.000001 0.000004 -9.103614 -0.043092 -1.865102 0.030599 -3.075760 20.450997 0.308446 -1.668278 20.948539 0.225820 -1.434045 17.897102 -0.000001 0.000002 0.000002 -8.076706 -0.486742 -3.806300 0.748865 -4.885244 26.473759 0.214470 -1.398384 17.437253 0.192999 -1.328173 16.535837 0.000001 -0.000001 0.000001 4.570407 11.014683 -2.160813 1.049447 -17.442066 -12.319461 3.916265 -19.989242 -69.765246 0.000001 -1.459367 -0.000003 -33.230499 -1.364892 -6.186633 2.466103 -1.576207 2.681699 -0.662920 2.160394 4.832512 11.853555 25.421664 17.058283 2.647875 -1.528731 1.528750 -13.813931 3.537292 9.036009 1.998905 -1.154081 1.154074 0.000001 0.000003 0.000001 9.109302 -0.518014 2.259901 0.019846 -0.969576 -7.593533 0.267847 1.752926 -17.375713 0.057670 0.820968 -8.037999 0.000000 0.000001 0.000005 9.533396 0.000010 -0.000000 -0.076334 2.665806 -15.696823 0.268761 1.755834 -17.405525 0.300508 1.854010 -18.413331 -0.000000 -0.000001 0.000001 9.104506 -0.042992 -1.865101 0.136870 3.641811 -21.133500 0.386596 2.094822 -20.911907 0.283018 1.800668 -17.864988 -0.000000 -0.000001 0.000002 8.077801 -0.486895 -3.806302 0.927692 5.555973 -27.128039 0.268768 1.755869 -17.405873 0.241880 1.667721 -16.505886 0.000000 0.000000 -0.000001 -8.207798 -6.751713 -1.599543 0.648648 -10.391049 3.516169 7.327109 -9.763709 -3.277842 -3.649289 -1.650149 3.202045 -7.282869 -0.000007 -0.000000 -0.000001 0.000002 0.000000 8.207800 -6.751718 -1.599544 -10.775406 14.739010 10.344595 12.136703 2.032052 4.168245 1.287348 0.513466 -7.110659 -4.928524 0.000008 -0.000002 0.000000 0.000000 0.000000 
0.145432 103.385368 1.423460 -3.753024 -5.218091 -3.769914 -0.000000 10.181541 0.131526 3.296628 1.543090 2.742651 1.151891 0.339458 1.552798 1.126014 0.361543 1.555887 0.000000 16.740345 -2.049021 5.626309 -0.078963 0.454683 -0.000001 9.617805 1.684979 -7.563342 1.375724 -0.080566 0.000000 22.037354 7.501071 -0.000000 -0.000000 -0.000000 -4.569999 11.014879 -2.160840 1.203181 15.343668 14.706010 13.158781 27.555118 58.785218 -0.000007 6.693740 0.000008 -20.179053 -0.514128 6.782823 -2.464807 -1.574002 2.681909 -1.665241 -0.174476 -4.219036 12.710941 -29.825397 -16.130877 -2.646281 -1.527805 1.527815 -15.549407 -3.559428 -12.707123 -1.994597 -1.151579 1.151577 -0.000002 -0.000001 -0.000000 -9.108304 -0.517879 2.259802 0.038555 1.262300 6.823740 0.213716 -1.396026 17.407041 0.046021 -0.653840 8.053242 0.000000 0.000001 0.000002 -9.532502 0.000009 0.000000 -0.136239 -2.205103 14.998885 0.214451 -1.398347 17.436892 0.239775 -1.476522 18.446290 -0.000002 -0.000001 0.000004 -9.103614 -0.043092 -1.865102 0.030599 -3.075760 20.450997 0.308446 -1.668278 20.948539 0.225820 -1.434045 17.897102 -0.000001 0.000002 0.000002 -8.076706 -0.486742 -3.806300 0.748865 -4.885244 26.473759 0.214470 -1.398384 17.437253 0.192999 -1.328173 16.535837 0.000001 -0.000001 0.000001 4.570407 11.014683 -2.160813 1.049447 -17.442066 -12.319461 3.916265 -19.989242 -69.765246 0.000001 -1.459367 -0.000003 -33.230499 -1.364892 -6.186633 2.466103 -1.576207 2.681699 -0.662920 2.160394 4.832512 11.853555 25.421664 17.058283 2.647875 -1.528731 1.528750 -13.813931 3.537292 9.036009 1.998905 -1.154081 1.154074 0.000001 0.000003 0.000001 9.109302 -0.518014 2.259901 0.019846 -0.969576 -7.593533 0.267847 1.752926 -17.375713 0.057670 0.820968 -8.037999 0.000000 0.000001 0.000005 9.533396 0.000010 -0.000000 -0.076334 2.665806 -15.696823 0.268761 1.755834 -17.405525 0.300508 1.854010 -18.413331 -0.000000 -0.000001 0.000001 9.104506 -0.042992 -1.865101 0.136870 3.641811 -21.133500 0.386596 2.094822 -20.911907 0.283018 1.800668 -17.864988 -0.000000 -0.000001 0.000002 8.077801 -0.486895 -3.806302 0.927692 5.555973 -27.128039 0.268768 1.755869 -17.405873 0.241880 1.667721 -16.505886 0.000000 0.000000 -0.000001 -8.207798 -6.751713 -1.599543 0.648648 -10.391049 3.516169 7.327109 -9.763709 -3.277842 -3.649289 -1.650149 3.202045 -7.282869 -0.000007 -0.000000 -0.000001 0.000002 0.000000 8.207800 -6.751718 -1.599544 -10.775406 14.739010 10.344595 12.136703 2.032052 4.168245 1.287348 0.513466 -7.110659 -4.928524 0.000008 -0.000002 0.000000 0.000000 0.000000 
0.145432 103.385368 1.423460 -3.753024 -5.218091 -3.769914 -0.000000 10.181541 0.131526 3.296628 1.543090 2.742651 1.151891 0.339458 1.552798 1.126014 0.361543 1.555887 0.000000 16.740345 -2.049021 5.626309 -0.078963 0.454683 -0.000001 9.617805 1.684979 -7.563342 1.375724 -0.080566 0.000000 22.037354 7.501071 -0.000000 -0.000000 -0.000000 -4.569999 11.014879 -2.160840 1.203181 15.343668 14.706010 13.158781 27.555118 58.785218 -0.000007 6.693740 0.000008 -20.179053 -0.514128 6.782823 -2.464807 -1.574002 2.681909 -1.665241 -0.174476 -4.219036 12.710941 -29.825397 -16.130877 -2.646281 -1.527805 1.527815 -15.549407 -3.559428 -12.707123 -1.994597 -1.151579 1.151577 -0.000002 -0.000001 -0.000000 -9.108304 -0.517879 2.259802 0.038555 1.262300 6.823740 0.213716 -1.396026 17.407041 0.046021 -0.653840 8.053242 0.000000 0.000001 0.000002 -9.532502 0.000009 0.000000 -0.136239 -2.205103 14.998885 0.214451 -1.398347 17.436892 0.239775 -1.476522 18.446290 -0.000002 -0.000001 0.000004 -9.103614 -0.043092 -1.865102 0.030599 -3.075760 20.450997 0.308446 -1.668278 20.948539 0.225820 -1.434045 17.897102 -0.000001 0.000002 0.000002 -8.076706 -0.486742 -3.806300 0.748865 -4.885244 26.473759 0.214470 -1.398384 17.437253 0.192999 -1.328173 16.535837 0.000001 -0.000001 0.000001 4.570407 11.014683 -2.160813 1.049447 -17.442066 -12.319461 3.916265 -19.989242 -69.765246 0.000001 -1.459367 -0.000003 -33.230499 -1.364892 -6.186633 2.466103 -1.576207 2.681699 -0.662920 2.160394 4.832512 11.853555 25.421664 17.058283 2.647875 -1.528731 1.528750 -13.813931 3.537292 9.036009 1.998905 -1.154081 1.154074 0.000001 0.000003 0.000001 9.109302 -0.518014 2.259901 0.019846 -0.969576 -7.593533 0.267847 1.752926 -17.375713 0.057670 0.820968 -8.037999 0.000000 0.000001 0.000005 9.533396 0.000010 -0.000000 -0.076334 2.665806 -15.696823 0.268761 1.755834 -17.405525 0.300508 1.854010 -18.413331 -0.000000 -0.000001 0.000001 9.104506 -0.042992 -1.865101 0.136870 3.641811 -21.133500 0.386596 2.094822 -20.911907 0.283018 1.800668 -17.864988 -0.000000 -0.000001 0.000002 8.077801 -0.486895 -3.806302 0.927692 5.555973 -27.128039 0.268768 1.755869 -17.405873 0.241880 1.667721 -16.505886 0.000000 0.000000 -0.000001 -8.207798 -6.751713 -1.599543 0.648648 -10.391049 3.516169 7.327109 -9.763709 -3.277842 -3.649289 -1.650149 3.202045 -7.282869 -0.000007 -0.000000 -0.000001 0.000002 0.000000 8.207800 -6.751718 -1.599544 -10.775406 14.739010 10.344595 12.136703 2.032052 4.168245 1.287348 0.513466 -7.110659 -4.928524 0.000008 -0.000002 0.000000 0.000000 0.000000 
0.145432 103.385368 1.423460 -3.753024 -5.218091 -3.769914 -0.000000 10.181541 0.131526 3.296628 1.543090 2.742651 1.151891 0.339458 1.552798 1.126014 0.361543 1.555887 0.000000 16.740345 -2.049021 5.626309 -0.078963 0.454683 -0.000001 9.617805 1.684979 -7.563342 1.375724 -0.080566 0.000000 22.037354 7.501071 -0.000000 -0.000000 -0.000000 -4.569999 11.014879 -2.160840 1.203181 15.343668 14.706010 13.158781 27.555118 58.785218 -0.000007 6.693740 0.000008 -20.179053 -0.514128 6.782823 -2.464807 -1.574002 2.681909 -1.665241 -0.174476 -4.219036 12.710941 -29.825397 -16.130877 -2.646281 -1.527805 1.527815 -15.549407 -3.559428 -12.707123 -1.994597 -1.151579 1.151577 -0.000002 -0.000001 -0.000000 -9.108304 -0.517879 2.259802 0.038555 1.262300 6.823740 0.213716 -1.396026 17.407041 0.046021 -0.653840 8.053242 0.000000 0.000001 0.000002 -9.532502 0.000009 0.000000 -0.136239 -2.205103 14.998885 0.214451 -1.398347 17.436892 0.239775 -1.476522 18.446290 -0.000002 -0.000001 0.000004 -9.103614 -0.043092 -1.865102 0.030599 -3.075760 20.450997 0.308446 -1.668278 20.948539 0.225820 -1.434045 17.897102 -0.000001 0.000002 0.000002 -8.076706 -0.486742 -3.806300 0.748865 -4.885244 26.473759 0.214470 -1.398384 17.437253 0.192999 -1.328173 16.535837 0.000001 -0.000001 0.000001 4.570407 11.014683 -2.160813 1.049447 -17.442066 -12.319461 3.916265 -19.989242 -69.765246 0.000001 -1.459367 -0.000003 -33.230499 -1.364892 -6.186633 2.466103 -1.576207 2.681699 -0.662920 2.160394 4.832512 11.853555 25.421664 17.058283 2.647875 -1.528731 1.528750 -13.813931 3.537292 9.036009 1.998905 -1.154081 1.154074 0.000001 0.000003 0.000001 9.109302 -0.518014 2.259901 0.019846 -0.969576 -7.593533 0.267847 1.752926 -17.375713 0.057670 0.820968 -8.037999 0.000000 0.000001 0.000005 9.533396 0.000010 -0.000000 -0.076334 2.665806 -15.696823 0.268761 1.755834 -17.405525 0.300508 1.854010 -18.413331 -0.000000 -0.000001 0.000001 9.104506 -0.042992 -1.865101 0.136870 3.641811 -21.133500 0.386596 2.094822 -20.911907 0.283018 1.800668 -17.864988 -0.000000 -0.000001 0.000002 8.077801 -0.486895 -3.806302 0.927692 5.555973 -27.128039 0.268768 1.755869 -17.405873 0.241880 1.667721 -16.505886 0.000000 0.000000 -0.000001 -8.207798 -6.751713 -1.599543 0.648648 -10.391049 3.516169 7.327109 -9.763709 -3.277842 -3.649289 -1.650149 3.202045 -7.282869 -0.000007 -0.000000 -0.000001 0.000002 0.000000 8.207800 -6.751718 -1.599544 -10.775406 14.739010 10.344595 12.136703 2.032052 4.168245 1.287348 0.513466 -7.110659 -4.928524 0.000008 -0.000002 0.000000 0.000000 0.000000 
0.145432 103.385368 1.423460 -3.753024 -5.218091 -3.769914 -0.000000 10.181541 0.131526 3.296628 1.543090 2.742651 1.151891 0.339458 1.552798 1.126014 0.361543 1.555887 0.000000 16.740345 -2.049021 5.626309 -0.078963 0.454683 -0.000001 9.617805 1.684979 -7.563342 1.375724 -0.080566 0.000000 22.037354 7.501071 -0.000000 -0.000000 -0.000000 -4.569999 11.014879 -2.160840 1.203181 15.343668 14.706010 13.158781 27.555118 58.785218 -0.000007 6.693740 0.000008 -20.179053 -0.514128 6.782823 -2.464807 -1.574002 2.681909 -1.665241 -0.174476 -4.219036 12.710941 -29.825397 -16.130877 -2.646281 -1.527805 1.527815 -15.549407 -3.559428 -12.707123 -1.994597 -1.151579 1.151577 -0.000002 -0.000001 -0.000000 -9.108304 -0.517879 2.259802 0.038555 1.262300 6.823740 0.213716 -1.396026 17.407041 0.046021 -0.653840 8.053242 0.000000 0.000001 0.000002 -9.532502 0.000009 0.000000 -0.136239 -2.205103 14.998885 0.214451 -1.398347 17.436892 0.239775 -1.476522 18.446290 -0.000002 -0.000001 0.000004 -9.103614 -0.043092 -1.865102 0.030599 -3.075760 20.450997 0.308446 -1.668278 20.948539 0.225820 -1.434045 17.897102 -0.000001 0.000002 0.000002 -8.076706 -0.486742 -3.806300 0.748865 -4.885244 26.473759 0.214470 -1.398384 17.437253 0.192999 -1.328173 16.535837 0.000001 -0.000001 0.000001 4.570407 11.014683 -2.160813 1.049447 -17.442066 -12.319461 3.916265 -19.989242 -69.765246 0.000001 -1.459367 -0.000003 -33.230499 -1.364892 -6.186633 2.466103 -1.576207 2.681699 -0.662920 2.160394 4.832512 11.853555 25.421664 17.058283 2.647875 -1.528731 1.528750 -13.813931 3.537292 9.036009 1.998905 -1.154081 1.154074 0.000001 0.000003 0.000001 9.109302 -0.518014 2.259901 0.019846 -0.969576 -7.593533 0.267847 1.752926 -17.375713 0.057670 0.820968 -8.037999 0.000000 0.000001 0.000005 9.533396 0.000010 -0.000000 -0.076334 2.665806 -15.696823 0.268761 1.755834 -17.405525 0.300508 1.854010 -18.413331 -0.000000 -0.000001 0.000001 9.104506 -0.042992 -1.865101 0.136870 3.641811 -21.133500 0.386596 2.094822 -20.911907 0.283018 1.800668 -17.864988 -0.000000 -0.000001 0.000002 8.077801 -0.486895 -3.806302 0.927692 5.555973 -27.128039 0.268768 1.755869 -17.405873 0.241880 1.667721 -16.505886 0.000000 0.000000 -0.000001 -8.207798 -6.751713 -1.599543 0.648648 -10.391049 3.516169 7.327109 -9.763709 -3.277842 -3.649289 -1.650149 3.202045 -7.282869 -0.000007 -0.000000 -0.000001 0.000002 0.000000 8.207800 -6.751718 -1.599544 -10.775406 14.739010 10.344595 12.136703 2.032052 4.168245 1.287348 0.513466 -7.110659 -4.928524 0.000008 -0.000002 0.000000 0.000000 0.000000 
0.145432 103.385368 1.423460 -3.753024 -5.218091 -3.769914 -0.000000 10.181541 0.131526 3.296628 1.543090 2.742651 1.151891 0.339458 1.552798 1.126014 0.361543 1.555887 0.000000 16.740345 -2.049021 5.626309 -0.078963 0.454683 -0.000001 9.617805 1.684979 -7.563342 1.375724 -0.080566 0.000000 22.037354 7.501071 -0.000000 -0.000000 -0.000000 -4.569999 11.014879 -2.160840 1.203181 15.343668 14.706010 13.158781 27.555118 58.785218 -0.000007 6.693740 0.000008 -20.179053 -0.514128 6.782823 -2.464807 -1.574002 2.681909 -1.665241 -0.174476 -4.219036 12.710941 -29.825397 -16.130877 -2.646281 -1.527805 1.527815 -15.549407 -3.559428 -12.707123 -1.994597 -1.151579 1.151577 -0.000002 -0.000001 -0.000000 -9.108304 -0.517879 2.259802 0.038555 1.262300 6.823740 0.213716 -1.396026 17.407041 0.046021 -0.653840 8.053242 0.000000 0.000001 0.000002 -9.532502 0.000009 0.000000 -0.136239 -2.205103 14.998885 0.214451 -1.398347 17.436892 0.239775 -1.476522 18.446290 -0.000002 -0.000001 0.000004 -9.103614 -0.043092 -1.865102 0.030599 -3.075760 20.450997 0.308446 -1.668278 20.948539 0.225820 -1.434045 17.897102 -0.000001 0.000002 0.000002 -8.076706 -0.486742 -3.806300 0.748865 -4.885244 26.473759 0.214470 -1.398384 17.437253 0.192999 -1.328173 16.535837 0.000001 -0.000001 0.000001 4.570407 11.014683 -2.160813 1.049447 -17.442066 -12.319461 3.916265 -19.989242 -69.765246 0.000001 -1.459367 -0.000003 -33.230499 -1.364892 -6.186633 2.466103 -1.576207 2.681699 -0.662920 2.160394 4.832512 11.853555 25.421664 17.058283 2.647875 -1.528731 1.528750 -13.813931 3.537292 9.036009 1.998905 -1.154081 1.154074 0.000001 0.000003 0.000001 9.109302 -0.518014 2.259901 0.019846 -0.969576 -7.593533 0.267847 1.752926 -17.375713 0.057670 0.820968 -8.037999 0.000000 0.000001 0.000005 9.533396 0.000010 -0.000000 -0.076334 2.665806 -15.696823 0.268761 1.755834 -17.405525 0.300508 1.854010 -18.413331 -0.000000 -0.000001 0.000001 9.104506 -0.042992 -1.865101 0.136870 3.641811 -21.133500 0.386596 2.094822 -20.911907 0.283018 1.800668 -17.864988 -0.000000 -0.000001 0.000002 8.077801 -0.486895 -3.806302 0.927692 5.555973 -27.128039 0.268768 1.755869 -17.405873 0.241880 1.667721 -16.505886 0.000000 0.000000 -0.000001 -8.207798 -6.751713 -1.599543 0.648648 -10.391049 3.516169 7.327109 -9.763709 -3.277842 -3.649289 -1.650149 3.202045 -7.282869 -0.000007 -0.000000 -0.000001 0.000002 0.000000 8.207800 -6.751718 -1.599544 -10.775406 14.739010 10.344595 12.136703 2.032052 4.168245 1.287348 0.513466 -7.110659 -4.928524 0.000008 -0.000002 0.000000 0.000000 0.000000 
0.145432 103.385368 1.423460 -3.753024 -5.218091 -3.769914 -0.000000 10.181541 0.131526 3.296628 1.543090 2.742651 1.151891 0.339458 1.552798 1.126014 0.361543 1.555887 0.000000 16.740345 -2.049021 5.626309 -0.078963 0.454683 -0.000001 9.617805 1.684979 -7.563342 1.375724 -0.080566 0.000000 22.037354 7.501071 -0.000000 -0.000000 -0.000000 -4.569999 11.014879 -2.160840 1.203181 15.343668 14.706010 13.158781 27.555118 58.785218 -0.000007 6.693740 0.000008 -20.179053 -0.514128 6.782823 -2.464807 -1.574002 2.681909 -1.665241 -0.174476 -4.219036 12.710941 -29.825397 -16.130877 -2.646281 -1.527805 1.527815 -15.549407 -3.559428 -12.707123 -1.994597 -1.151579 1.151577 -0.000002 -0.000001 -0.000000 -9.108304 -0.517879 2.259802 0.038555 1.262300 6.823740 0.213716 -1.396026 17.407041 0.046021 -0.653840 8.053242 0.000000 0.000001 0.000002 -9.532502 0.000009 0.000000 -0.136239 -2.205103 14.998885 0.214451 -1.398347 17.436892 0.239775 -1.476522 18.446290 -0.000002 -0.000001 0.000004 -9.103614 -0.043092 -1.865102 0.030599 -3.075760 20.450997 0.308446 -1.668278 20.948539 0.225820 -1.434045 17.897102 -0.000001 0.000002 0.000002 -8.076706 -0.486742 -3.806300 0.748865 -4.885244 26.473759 0.214470 -1.398384 17.437253 0.192999 -1.328173 16.535837 0.000001 -0.000001 0.000001 4.570407 11.014683 -2.160813 1.049447 -17.442066 -12.319461 3.916265 -19.989242 -69.765246 0.000001 -1.459367 -0.000003 -33.230499 -1.364892 -6.186633 2.466103 -1.576207 2.681699 -0.662920 2.160394 4.832512 11.853555 25.421664 17.058283 2.647875 -1.528731 1.528750 -13.813931 3.537292 9.036009 1.998905 -1.154081 1.154074 0.000001 0.000003 0.000001 9.109302 -0.518014 2.259901 0.019846 -0.969576 -7.593533 0.267847 1.752926 -17.375713 0.057670 0.820968 -8.037999 0.000000 0.000001 0.000005 9.533396 0.000010 -0.000000 -0.076334 2.665806 -15.696823 0.268761 1.755834 -17.405525 0.300508 1.854010 -18.413331 -0.000000 -0.000001 0.000001 9.104506 -0.042992 -1.865101 0.136870 3.641811 -21.133500 0.386596 2.094822 -20.911907 0.283018 1.800668 -17.864988 -0.000000 -0.000001 0.000002 8.077801 -0.486895 -3.806302 0.927692 5.555973 -27.128039 0.268768 1.755869 -17.405873 0.241880 1.667721 -16.505886 0.000000 0.000000 -0.000001 -8.207798 -6.751713 -1.599543 0.648648 -10.391049 3.516169 7.327109 -9.763709 -3.277842 -3.649289 -1.650149 3.202045 -7.282869 -0.000007 -0.000000 -0.000001 0.000002 0.000000 8.207800 -6.751718 -1.599544 -10.775406 14.739010 10.344595 12.136703 2.032052 4.168245 1.287348 0.513466 -7.110659 -4.928524 0.000008 -0.000002 0.000000 0.000000 0.000000 
0.145432 103.385368 1.423460 -3.753024 -5.218091 -3.769914 -0.000000 10.181541 0.131526 3.296628 1.543090 2.742651 1.151891 0.339458 1.552798 1.126014 0.361543 1.555887 0.000000 16.740345 -2.049021 5.626309 -0.078963 0.454683 -0.000001 9.617805 1.684979 -7.563342 1.375724 -0.080566 0.000000 22.037354 7.501071 -0.000000 -0.000000 -0.000000 -4.569999 11.014879 -2.160840 1.203181 15.343668 14.706010 13.158781 27.555118 58.785218 -0.000007 6.693740 0.000008 -20.179053 -0.514128 6.782823 -2.464807 -1.574002 2.681909 -1.665241 -0.174476 -4.219036 12.710941 -29.825397 -16.130877 -2.646281 -1.527805 1.527815 -15.549407 -3.559428 -12.707123 -1.994597 -1.151579 1.151577 -0.000002 -0.000001 -0.000000 -9.108304 -0.517879 2.259802 0.038555 1.262300 6.823740 0.213716 -1.396026 17.407041 0.046021 -0.653840 8.053242 0.000000 0.000001 0.000002 -9.532502 0.000009 0.000000 -0.136239 -2.205103 14.998885 0.214451 -1.398347 17.436892 0.239775 -1.476522 18.446290 -0.000002 -0.000001 0.000004 -9.103614 -0.043092 -1.865102 0.030599 -3.075760 20.450997 0.308446 -1.668278 20.948539 0.225820 -1.434045 17.897102 -0.000001 0.000002 0.000002 -8.076706 -0.486742 -3.806300 0.748865 -4.885244 26.473759 0.214470 -1.398384 17.437253 0.192999 -1.328173 16.535837 0.000001 -0.000001 0.000001 4.570407 11.014683 -2.160813 1.049447 -17.442066 -12.319461 3.916265 -19.989242 -69.765246 0.000001 -1.459367 -0.000003 -33.230499 -1.364892 -6.186633 2.466103 -1.576207 2.681699 -0.662920 2.160394 4.832512 11.853555 25.421664 17.058283 2.647875 -1.528731 1.528750 -13.813931 3.537292 9.036009 1.998905 -1.154081 1.154074 0.000001 0.000003 0.000001 9.109302 -0.518014 2.259901 0.019846 -0.969576 -7.593533 0.267847 1.752926 -17.375713 0.057670 0.820968 -8.037999 0.000000 0.000001 0.000005 9.533396 0.000010 -0.000000 -0.076334 2.665806 -15.696823 0.268761 1.755834 -17.405525 0.300508 1.854010 -18.413331 -0.000000 -0.000001 0.000001 9.104506 -0.042992 -1.865101 0.136870 3.641811 -21.133500 0.386596 2.094822 -20.911907 0.283018 1.800668 -17.864988 -0.000000 -0.000001 0.000002 8.077801 -0.486895 -3.806302 0.927692 5.555973 -27.128039 0.268768 1.755869 -17.405873 0.241880 1.667721 -16.505886 0.000000 0.000000 -0.000001 -8.207798 -6.751713 -1.599543 0.648648 -10.391049 3.516169 7.327109 -9.763709 -3.277842 -3.649289 -1.650149 3.202045 -7.282869 -0.000007 -0.000000 -0.000001 0.000002 0.000000 8.207800 -6.751718 -1.599544 -10.775406 14.739010 10.344595 12.136703 2.032052 4.168245 1.287348 0.513466 -7.110659 -4.928524 0.000008 -0.000002 0.000000 0.000000 0.000000 
0.145432 103.385368 1.423460 -3.753024 -5.218091 -3.769914 -0.000000 10.181541 0.131526 3.296628 1.543090 2.742651 1.151891 0.339458 1.552798 1.126014 0.361543 1.555887 0.000000 16.740345 -2.049021 5.626309 -0.078963 0.454683 -0.000001 9.617805 1.684979 -7.563342 1.375724 -0.080566 0.000000 22.037354 7.501071 -0.000000 -0.000000 -0.000000 -4.569999 11.014879 -2.160840 1.203181 15.343668 14.706010 13.158781 27.555118 58.785218 -0.000007 6.693740 0.000008 -20.179053 -0.514128 6.782823 -2.464807 -1.574002 2.681909 -1.665241 -0.174476 -4.219036 12.710941 -29.825397 -16.130877 -2.646281 -1.527805 1.527815 -15.549407 -3.559428 -12.707123 -1.994597 -1.151579 1.151577 -0.000002 -0.000001 -0.000000 -9.108304 -0.517879 2.259802 0.038555 1.262300 6.823740 0.213716 -1.396026 17.407041 0.046021 -0.653840 8.053242 0.000000 0.000001 0.000002 -9.532502 0.000009 0.000000 -0.136239 -2.205103 14.998885 0.214451 -1.398347 17.436892 0.239775 -1.476522 18.446290 -0.000002 -0.000001 0.000004 -9.103614 -0.043092 -1.865102 0.030599 -3.075760 20.450997 0.308446 -1.668278 20.948539 0.225820 -1.434045 17.897102 -0.000001 0.000002 0.000002 -8.076706 -0.486742 -3.806300 0.748865 -4.885244 26.473759 0.214470 -1.398384 17.437253 0.192999 -1.328173 16.535837 0.000001 -0.000001 0.000001 4.570407 11.014683 -2.160813 1.049447 -17.442066 -12.319461 3.916265 -19.989242 -69.765246 0.000001 -1.459367 -0.000003 -33.230499 -1.364892 -6.186633 2.466103 -1.576207 2.681699 -0.662920 2.160394 4.832512 11.853555 25.421664 17.058283 2.647875 -1.528731 1.528750 -13.813931 3.537292 9.036009 1.998905 -1.154081 1.154074 0.000001 0.000003 0.000001 9.109302 -0.518014 2.259901 0.019846 -0.969576 -7.593533 0.267847 1.752926 -17.375713 0.057670 0.820968 -8.037999 0.000000 0.000001 0.000005 9.533396 0.000010 -0.000000 -0.076334 2.665806 -15.696823 0.268761 1.755834 -17.405525 0.300508 1.854010 -18.413331 -0.000000 -0.000001 0.000001 9.104506 -0.042992 -1.865101 0.136870 3.641811 -21.133500 0.386596 2.094822 -20.911907 0.283018 1.800668 -17.864988 -0.000000 -0.000001 0.000002 8.077801 -0.486895 -3.806302 0.927692 5.555973 -27.128039 0.268768 1.755869 -17.405873 0.241880 1.667721 -16.505886 0.000000 0.000000 -0.000001 -8.207798 -6.751713 -1.599543 0.648648 -10.391049 3.516169 7.327109 -9.763709 -3.277842 -3.649289 -1.650149 3.202045 -7.282869 -0.000007 -0.000000 -0.000001 0.000002 0.000000 8.207800 -6.751718 -1.599544 -10.775406 14.739010 10.344595 12.136703 2.032052 4.168245 1.287348 0.513466 -7.110659 -4.928524 0.000008 -0.000002 0.000000 0.000000 0.000000 
0.145432 103.385368 1.423460 -3.753024 -5.218091 -3.769914 -0.000000 10.181541 0.131526 3.296628 1.543090 2.742651 1.151891 0.339458 1.552798 1.126014 0.361543 1.555887 0.000000 16.740345 -2.049021 5.626309 -0.078963 0.454683 -0.000001 9.617805 1.684979 -7.563342 1.375724 -0.080566 0.000000 22.037354 7.501071 -0.000000 -0.000000 -0.000000 -4.569999 11.014879 -2.160840 1.203181 15.343668 14.706010 13.158781 27.555118 58.785218 -0.000007 6.693740 0.000008 -20.179053 -0.514128 6.782823 -2.464807 -1.574002 2.681909 -1.665241 -0.174476 -4.219036 12.710941 -29.825397 -16.130877 -2.646281 -1.527805 1.527815 -15.549407 -3.559428 -12.707123 -1.994597 -1.151579 1.151577 -0.000002 -0.000001 -0.000000 -9.108304 -0.517879 2.259802 0.038555 1.262300 6.823740 0.213716 -1.396026 17.407041 0.046021 -0.653840 8.053242 0.000000 0.000001 0.000002 -9.532502 0.000009 0.000000 -0.136239 -2.205103 14.998885 0.214451 -1.398347 17.436892 0.239775 -1.476522 18.446290 -0.000002 -0.000001 0.000004 -9.103614 -0.043092 -1.865102 0.030599 -3.075760 20.450997 0.308446 -1.668278 20.948539 0.225820 -1.434045 17.897102 -0.000001 0.000002 0.000002 -8.076706 -0.486742 -3.806300 0.748865 -4.885244 26.473759 0.214470 -1.398384 17.437253 0.192999 -1.328173 16.535837 0.000001 -0.000001 0.000001 4.570407 11.014683 -2.160813 1.049447 -17.442066 -12.319461 3.916265 -19.989242 -69.765246 0.000001 -1.459367 -0.000003 -33.230499 -1.364892 -6.186633 2.466103 -1.576207 2.681699 -0.662920 2.160394 4.832512 11.853555 25.421664 17.058283 2.647875 -1.528731 1.528750 -13.813931 3.537292 9.036009 1.998905 -1.154081 1.154074 0.000001 0.000003 0.000001 9.109302 -0.518014 2.259901 0.019846 -0.969576 -7.593533 0.267847 1.752926 -17.375713 0.057670 0.820968 -8.037999 0.000000 0.000001 0.000005 9.533396 0.000010 -0.000000 -0.076334 2.665806 -15.696823 0.268761 1.755834 -17.405525 0.300508 1.854010 -18.413331 -0.000000 -0.000001 0.000001 9.104506 -0.042992 -1.865101 0.136870 3.641811 -21.133500 0.386596 2.094822 -20.911907 0.283018 1.800668 -17.864988 -0.000000 -0.000001 0.000002 8.077801 -0.486895 -3.806302 0.927692 5.555973 -27.128039 0.268768 1.755869 -17.405873 0.241880 1.667721 -16.505886 0.000000 0.000000 -0.000001 -8.207798 -6.751713 -1.599543 0.648648 -10.391049 3.516169 7.327109 -9.763709 -3.277842 -3.649289 -1.650149 3.202045 -7.282869 -0.000007 -0.000000 -0.000001 0.000002 0.000000 8.207800 -6.751718 -1.599544 -10.775406 14.739010 10.344595 12.136703 2.032052 4.168245 1.287348 0.513466 -7.110659 -4.928524 0.000008 -0.000002 0.000000 0.000000 0.000000 
0.145432 103.385368 1.423460 -3.753024 -5.218091 -3.769914 -0.000000 10.181541 0.131526 3.296628 1.543090 2.742651 1.151891 0.339458 1.552798 1.126014 0.361543 1.555887 0.000000 16.740345 -2.049021 5.626309 -0.078963 0.454683 -0.000001 9.617805 1.684979 -7.563342 1.375724 -0.080566 0.000000 22.037354 7.501071 -0.000000 -0.000000 -0.000000 -4.569999 11.014879 -2.160840 1.203181 15.343668 14.706010 13.158781 27.555118 58.785218 -0.000007 6.693740 0.000008 -20.179053 -0.514128 6.782823 -2.464807 -1.574002 2.681909 -1.665241 -0.174476 -4.219036 12.710941 -29.825397 -16.130877 -2.646281 -1.527805 1.527815 -15.549407 -3.559428 -12.707123 -1.994597 -1.151579 1.151577 -0.000002 -0.000001 -0.000000 -9.108304 -0.517879 2.259802 0.038555 1.262300 6.823740 0.213716 -1.396026 17.407041 0.046021 -0.653840 8.053242 0.000000 0.000001 0.000002 -9.532502 0.000009 0.000000 -0.136239 -2.205103 14.998885 0.214451 -1.398347 17.436892 0.239775 -1.476522 18.446290 -0.000002 -0.000001 0.000004 -9.103614 -0.043092 -1.865102 0.030599 -3.075760 20.450997 0.308446 -1.668278 20.948539 0.225820 -1.434045 17.897102 -0.000001 0.000002 0.000002 -8.076706 -0.486742 -3.806300 0.748865 -4.885244 26.473759 0.214470 -1.398384 17.437253 0.192999 -1.328173 16.535837 0.000001 -0.000001 0.000001 4.570407 11.014683 -2.160813 1.049447 -17.442066 -12.319461 3.916265 -19.989242 -69.765246 0.000001 -1.459367 -0.000003 -33.230499 -1.364892 -6.186633 2.466103 -1.576207 2.681699 -0.662920 2.160394 4.832512 11.853555 25.421664 17.058283 2.647875 -1.528731 1.528750 -13.813931 3.537292 9.036009 1.998905 -1.154081 1.154074 0.000001 0.000003 0.000001 9.109302 -0.518014 2.259901 0.019846 -0.969576 -7.593533 0.267847 1.752926 -17.375713 0.057670 0.820968 -8.037999 0.000000 0.000001 0.000005 9.533396 0.000010 -0.000000 -0.076334 2.665806 -15.696823 0.268761 1.755834 -17.405525 0.300508 1.854010 -18.413331 -0.000000 -0.000001 0.000001 9.104506 -0.042992 -1.865101 0.136870 3.641811 -21.133500 0.386596 2.094822 -20.911907 0.283018 1.800668 -17.864988 -0.000000 -0.000001 0.000002 8.077801 -0.486895 -3.806302 0.927692 5.555973 -27.128039 0.268768 1.755869 -17.405873 0.241880 1.667721 -16.505886 0.000000 0.000000 -0.000001 -8.207798 -6.751713 -1.599543 0.648648 -10.391049 3.516169 7.327109 -9.763709 -3.277842 -3.649289 -1.650149 3.202045 -7.282869 -0.000007 -0.000000 -0.000001 0.000002 0.000000 8.207800 -6.751718 -1.599544 -10.775406 14.739010 10.344595 12.136703 2.032052 4.168245 1.287348 0.513466 -7.110659 -4.928524 0.000008 -0.000002 0.000000 0.000000 0.000000 
0.145432 103.385368 1.423460 -3.753024 -5.218091 -3.769914 -0.000000 10.181541 0.131526 3.296628 1.543090 2.742651 1.151891 0.339458 1.552798 1.126014 0.361543 1.555887 0.000000 16.740345 -2.049021 5.626309 -0.078963 0.454683 -0.000001 9.617805 1.684979 -7.563342 1.375724 -0.080566 0.000000 22.037354 7.501071 -0.000000 -0.000000 -0.000000 -4.569999 11.014879 -2.160840 1.203181 15.343668 14.706010 13.158781 27.555118 58.785218 -0.000007 6.693740 0.000008 -20.179053 -0.514128 6.782823 -2.464807 -1.574002 2.681909 -1.665241 -0.174476 -4.219036 12.710941 -29.825397 -16.130877 -2.646281 -1.527805 1.527815 -15.549407 -3.559428 -12.707123 -1.994597 -1.151579 1.151577 -0.000002 -0.000001 -0.000000 -9.108304 -0.517879 2.259802 0.038555 1.262300 6.823740 0.213716 -1.396026 17.407041 0.046021 -0.653840 8.053242 0.000000 0.000001 0.000002 -9.532502 0.000009 0.000000 -0.136239 -2.205103 14.998885 0.214451 -1.398347 17.436892 0.239775 -1.476522 18.446290 -0.000002 -0.000001 0.000004 -9.103614 -0.043092 -1.865102 0.030599 -3.075760 20.450997 0.308446 -1.668278 20.948539 0.225820 -1.434045 17.897102 -0.000001 0.000002 0.000002 -8.076706 -0.486742 -3.806300 0.748865 -4.885244 26.473759 0.214470 -1.398384 17.437253 0.192999 -1.328173 16.535837 0.000001 -0.000001 0.000001 4.570407 11.014683 -2.160813 1.049447 -17.442066 -12.319461 3.916265 -19.989242 -69.765246 0.000001 -1.459367 -0.000003 -33.230499 -1.364892 -6.186633 2.466103 -1.576207 2.681699 -0.662920 2.160394 4.832512 11.853555 25.421664 17.058283 2.647875 -1.528731 1.528750 -13.813931 3.537292 9.036009 1.998905 -1.154081 1.154074 0.000001 0.000003 0.000001 9.109302 -0.518014 2.259901 0.019846 -0.969576 -7.593533 0.267847 1.752926 -17.375713 0.057670 0.820968 -8.037999 0.000000 0.000001 0.000005 9.533396 0.000010 -0.000000 -0.076334 2.665806 -15.696823 0.268761 1.755834 -17.405525 0.300508 1.854010 -18.413331 -0.000000 -0.000001 0.000001 9.104506 -0.042992 -1.865101 0.136870 3.641811 -21.133500 0.386596 2.094822 -20.911907 0.283018 1.800668 -17.864988 -0.000000 -0.000001 0.000002 8.077801 -0.486895 -3.806302 0.927692 5.555973 -27.128039 0.268768 1.755869 -17.405873 0.241880 1.667721 -16.505886 0.000000 0.000000 -0.000001 -8.207798 -6.751713 -1.599543 0.648648 -10.391049 3.516169 7.327109 -9.763709 -3.277842 -3.649289 -1.650149 3.202045 -7.282869 -0.000007 -0.000000 -0.000001 0.000002 0.000000 8.207800 -6.751718 -1.599544 -10.775406 14.739010 10.344595 12.136703 2.032052 4.168245 1.287348 0.513466 -7.110659 -4.928524 0.000008 -0.000002 0.000000 0.000000 0.000000 
0.145432 103.385368 1.423460 -3.753024 -5.218091 -3.769914 -0.000000 10.181541 0.131526 3.296628 1.543090 2.742651 1.151891 0.339458 1.552798 1.126014 0.361543 1.555887 0.000000 16.740345 -2.049021 5.626309 -0.078963 0.454683 -0.000001 9.617805 1.684979 -7.563342 1.375724 -0.080566 0.000000 22.037354 7.501071 -0.000000 -0.000000 -0.000000 -4.569999 11.014879 -2.160840 1.203181 15.343668 14.706010 13.158781 27.555118 58.785218 -0.000007 6.693740 0.000008 -20.179053 -0.514128 6.782823 -2.464807 -1.574002 2.681909 -1.665241 -0.174476 -4.219036 12.710941 -29.825397 -16.130877 -2.646281 -1.527805 1.527815 -15.549407 -3.559428 -12.707123 -1.994597 -1.151579 1.151577 -0.000002 -0.000001 -0.000000 -9.108304 -0.517879 2.259802 0.038555 1.262300 6.823740 0.213716 -1.396026 17.407041 0.046021 -0.653840 8.053242 0.000000 0.000001 0.000002 -9.532502 0.000009 0.000000 -0.136239 -2.205103 14.998885 0.214451 -1.398347 17.436892 0.239775 -1.476522 18.446290 -0.000002 -0.000001 0.000004 -9.103614 -0.043092 -1.865102 0.030599 -3.075760 20.450997 0.308446 -1.668278 20.948539 0.225820 -1.434045 17.897102 -0.000001 0.000002 0.000002 -8.076706 -0.486742 -3.806300 0.748865 -4.885244 26.473759 0.214470 -1.398384 17.437253 0.192999 -1.328173 16.535837 0.000001 -0.000001 0.000001 4.570407 11.014683 -2.160813 1.049447 -17.442066 -12.319461 3.916265 -19.989242 -69.765246 0.000001 -1.459367 -0.000003 -33.230499 -1.364892 -6.186633 2.466103 -1.576207 2.681699 -0.662920 2.160394 4.832512 11.853555 25.421664 17.058283 2.647875 -1.528731 1.528750 -13.813931 3.537292 9.036009 1.998905 -1.154081 1.154074 0.000001 0.000003 0.000001 9.109302 -0.518014 2.259901 0.019846 -0.969576 -7.593533 0.267847 1.752926 -17.375713 0.057670 0.820968 -8.037999 0.000000 0.000001 0.000005 9.533396 0.000010 -0.000000 -0.076334 2.665806 -15.696823 0.268761 1.755834 -17.405525 0.300508 1.854010 -18.413331 -0.000000 -0.000001 0.000001 9.104506 -0.042992 -1.865101 0.136870 3.641811 -21.133500 0.386596 2.094822 -20.911907 0.283018 1.800668 -17.864988 -0.000000 -0.000001 0.000002 8.077801 -0.486895 -3.806302 0.927692 5.555973 -27.128039 0.268768 1.755869 -17.405873 0.241880 1.667721 -16.505886 0.000000 0.000000 -0.000001 -8.207798 -6.751713 -1.599543 0.648648 -10.391049 3.516169 7.327109 -9.763709 -3.277842 -3.649289 -1.650149 3.202045 -7.282869 -0.000007 -0.000000 -0.000001 0.000002 0.000000 8.207800 -6.751718 -1.599544 -10.775406 14.739010 10.344595 12.136703 2.032052 4.168245 1.287348 0.513466 -7.110659 -4.928524 0.000008 -0.000002 0.000000 0.000000 0.000000 
0.145432 103.385368 1.423460 -3.753024 -5.218091 -3.769914 -0.000000 10.181541 0.131526 3.296628 1.543090 2.742651 1.151891 0.339458 1.552798 1.126014 0.361543 1.555887 0.000000 16.740345 -2.049021 5.626309 -0.078963 0.454683 -0.000001 9.617805 1.684979 -7.563342 1.375724 -0.080566 0.000000 22.037354 7.501071 -0.000000 -0.000000 -0.000000 -4.569999 11.014879 -2.160840 1.203181 15.343668 14.706010 13.158781 27.555118 58.785218 -0.000007 6.693740 0.000008 -20.179053 -0.514128 6.782823 -2.464807 -1.574002 2.681909 -1.665241 -0.174476 -4.219036 12.710941 -29.825397 -16.130877 -2.646281 -1.527805 1.527815 -15.549407 -3.559428 -12.707123 -1.994597 -1.151579 1.151577 -0.000002 -0.000001 -0.000000 -9.108304 -0.517879 2.259802 0.038555 1.262300 6.823740 0.213716 -1.396026 17.407041 0.046021 -0.653840 8.053242 0.000000 0.000001 0.000002 -9.532502 0.000009 0.000000 -0.136239 -2.205103 14.998885 0.214451 -1.398347 17.436892 0.239775 -1.476522 18.446290 -0.000002 -0.000001 0.000004 -9.103614 -0.043092 -1.865102 0.030599 -3.075760 20.450997 0.308446 -1.668278 20.948539 0.225820 -1.434045 17.897102 -0.000001 0.000002 0.000002 -8.076706 -0.486742 -3.806300 0.748865 -4.885244 26.473759 0.214470 -1.398384 17.437253 0.192999 -1.328173 16.535837 0.000001 -0.000001 0.000001 4.570407 11.014683 -2.160813 1.049447 -17.442066 -12.319461 3.916265 -19.989242 -69.765246 0.000001 -1.459367 -0.000003 -33.230499 -1.364892 -6.186633 2.466103 -1.576207 2.681699 -0.662920 2.160394 4.832512 11.853555 25.421664 17.058283 2.647875 -1.528731 1.528750 -13.813931 3.537292 9.036009 1.998905 -1.154081 1.154074 0.000001 0.000003 0.000001 9.109302 -0.518014 2.259901 0.019846 -0.969576 -7.593533 0.267847 1.752926 -17.375713 0.057670 0.820968 -8.037999 0.000000 0.000001 0.000005 9.533396 0.000010 -0.000000 -0.076334 2.665806 -15.696823 0.268761 1.755834 -17.405525 0.300508 1.854010 -18.413331 -0.000000 -0.000001 0.000001 9.104506 -0.042992 -1.865101 0.136870 3.641811 -21.133500 0.386596 2.094822 -20.911907 0.283018 1.800668 -17.864988 -0.000000 -0.000001 0.000002 8.077801 -0.486895 -3.806302 0.927692 5.555973 -27.128039 0.268768 1.755869 -17.405873 0.241880 1.667721 -16.505886 0.000000 0.000000 -0.000001 -8.207798 -6.751713 -1.599543 0.648648 -10.391049 3.516169 7.327109 -9.763709 -3.277842 -3.649289 -1.650149 3.202045 -7.282869 -0.000007 -0.000000 -0.000001 0.000002 0.000000 8.207800 -6.751718 -1.599544 -10.775406 14.739010 10.344595 12.136703 2.032052 4.168245 1.287348 0.513466 -7.110659 -4.928524 0.000008 -0.000002 0.000000 0.000000 0.000000 
0.145432 103.385368 1.423460 -3.753024 -5.218091 -3.769914 -0.000000 10.181541 0.131526 3.296628 1.543090 2.742651 1.151891 0.339458 1.552798 1.126014 0.361543 1.555887 0.000000 16.740345 -2.049021 5.626309 -0.078963 0.454683 -0.000001 9.617805 1.684979 -7.563342 1.375724 -0.080566 0.000000 22.037354 7.501071 -0.000000 -0.000000 -0.000000 -4.569999 11.014879 -2.160840 1.203181 15.343668 14.706010 13.158781 27.555118 58.785218 -0.000007 6.693740 0.000008 -20.179053 -0.514128 6.782823 -2.464807 -1.574002 2.681909 -1.665241 -0.174476 -4.219036 12.710941 -29.825397 -16.130877 -2.646281 -1.527805 1.527815 -15.549407 -3.559428 -12.707123 -1.994597 -1.151579 1.151577 -0.000002 -0.000001 -0.000000 -9.108304 -0.517879 2.259802 0.038555 1.262300 6.823740 0.213716 -1.396026 17.407041 0.046021 -0.653840 8.053242 0.000000 0.000001 0.000002 -9.532502 0.000009 0.000000 -0.136239 -2.205103 14.998885 0.214451 -1.398347 17.436892 0.239775 -1.476522 18.446290 -0.000002 -0.000001 0.000004 -9.103614 -0.043092 -1.865102 0.030599 -3.075760 20.450997 0.308446 -1.668278 20.948539 0.225820 -1.434045 17.897102 -0.000001 0.000002 0.000002 -8.076706 -0.486742 -3.806300 0.748865 -4.885244 26.473759 0.214470 -1.398384 17.437253 0.192999 -1.328173 16.535837 0.000001 -0.000001 0.000001 4.570407 11.014683 -2.160813 1.049447 -17.442066 -12.319461 3.916265 -19.989242 -69.765246 0.000001 -1.459367 -0.000003 -33.230499 -1.364892 -6.186633 2.466103 -1.576207 2.681699 -0.662920 2.160394 4.832512 11.853555 25.421664 17.058283 2.647875 -1.528731 1.528750 -13.813931 3.537292 9.036009 1.998905 -1.154081 1.154074 0.000001 0.000003 0.000001 9.109302 -0.518014 2.259901 0.019846 -0.969576 -7.593533 0.267847 1.752926 -17.375713 0.057670 0.820968 -8.037999 0.000000 0.000001 0.000005 9.533396 0.000010 -0.000000 -0.076334 2.665806 -15.696823 0.268761 1.755834 -17.405525 0.300508 1.854010 -18.413331 -0.000000 -0.000001 0.000001 9.104506 -0.042992 -1.865101 0.136870 3.641811 -21.133500 0.386596 2.094822 -20.911907 0.283018 1.800668 -17.864988 -0.000000 -0.000001 0.000002 8.077801 -0.486895 -3.806302 0.927692 5.555973 -27.128039 0.268768 1.755869 -17.405873 0.241880 1.667721 -16.505886 0.000000 0.000000 -0.000001 -8.207798 -6.751713 -1.599543 0.648648 -10.391049 3.516169 7.327109 -9.763709 -3.277842 -3.649289 -1.650149 3.202045 -7.282869 -0.000007 -0.000000 -0.000001 0.000002 0.000000 8.207800 -6.751718 -1.599544 -10.775406 14.739010 10.344595 12.136703 2.032052 4.168245 1.287348 0.513466 -7.110659 -4.928524 0.000008 -0.000002 0.000000 0.000000 0.000000 
0.145432 103.385368 1.423460 -3.753024 -5.218091 -3.769914 -0.000000 10.181541 0.131526 3.296628 1.543090 2.742651 1.151891 0.339458 1.552798 1.126014 0.361543 1.555887 0.000000 16.740345 -2.049021 5.626309 -0.078963 0.454683 -0.000001 9.617805 1.684979 -7.563342 1.375724 -0.080566 0.000000 22.037354 7.501071 -0.000000 -0.000000 -0.000000 -4.569999 11.014879 -2.160840 1.203181 15.343668 14.706010 13.158781 27.555118 58.785218 -0.000007 6.693740 0.000008 -20.179053 -0.514128 6.782823 -2.464807 -1.574002 2.681909 -1.665241 -0.174476 -4.219036 12.710941 -29.825397 -16.130877 -2.646281 -1.527805 1.527815 -15.549407 -3.559428 -12.707123 -1.994597 -1.151579 1.151577 -0.000002 -0.000001 -0.000000 -9.108304 -0.517879 2.259802 0.038555 1.262300 6.823740 0.213716 -1.396026 17.407041 0.046021 -0.653840 8.053242 0.000000 0.000001 0.000002 -9.532502 0.000009 0.000000 -0.136239 -2.205103 14.998885 0.214451 -1.398347 17.436892 0.239775 -1.476522 18.446290 -0.000002 -0.000001 0.000004 -9.103614 -0.043092 -1.865102 0.030599 -3.075760 20.450997 0.308446 -1.668278 20.948539 0.225820 -1.434045 17.897102 -0.000001 0.000002 0.000002 -8.076706 -0.486742 -3.806300 0.748865 -4.885244 26.473759 0.214470 -1.398384 17.437253 0.192999 -1.328173 16.535837 0.000001 -0.000001 0.000001 4.570407 11.014683 -2.160813 1.049447 -17.442066 -12.319461 3.916265 -19.989242 -69.765246 0.000001 -1.459367 -0.000003 -33.230499 -1.364892 -6.186633 2.466103 -1.576207 2.681699 -0.662920 2.160394 4.832512 11.853555 25.421664 17.058283 2.647875 -1.528731 1.528750 -13.813931 3.537292 9.036009 1.998905 -1.154081 1.154074 0.000001 0.000003 0.000001 9.109302 -0.518014 2.259901 0.019846 -0.969576 -7.593533 0.267847 1.752926 -17.375713 0.057670 0.820968 -8.037999 0.000000 0.000001 0.000005 9.533396 0.000010 -0.000000 -0.076334 2.665806 -15.696823 0.268761 1.755834 -17.405525 0.300508 1.854010 -18.413331 -0.000000 -0.000001 0.000001 9.104506 -0.042992 -1.865101 0.136870 3.641811 -21.133500 0.386596 2.094822 -20.911907 0.283018 1.800668 -17.864988 -0.000000 -0.000001 0.000002 8.077801 -0.486895 -3.806302 0.927692 5.555973 -27.128039 0.268768 1.755869 -17.405873 0.241880 1.667721 -16.505886 0.000000 0.000000 -0.000001 -8.207798 -6.751713 -1.599543 0.648648 -10.391049 3.516169 7.327109 -9.763709 -3.277842 -3.649289 -1.650149 3.202045 -7.282869 -0.000007 -0.000000 -0.000001 0.000002 0.000000 8.207800 -6.751718 -1.599544 -10.775406 14.739010 10.344595 12.136703 2.032052 4.168245 1.287348 0.513466 -7.110659 -4.928524 0.000008 -0.000002 0.000000 0.000000 0.000000 
0.145432 103.385368 1.423460 -3.753024 -5.218091 -3.769914 -0.000000 10.181541 0.131526 3.296628 1.543090 2.742651 1.151891 0.339458 1.552798 1.126014 0.361543 1.555887 0.000000 16.740345 -2.049021 5.626309 -0.078963 0.454683 -0.000001 9.617805 1.684979 -7.563342 1.375724 -0.080566 0.000000 22.037354 7.501071 -0.000000 -0.000000 -0.000000 -4.569999 11.014879 -2.160840 1.203181 15.343668 14.706010 13.158781 27.555118 58.785218 -0.000007 6.693740 0.000008 -20.179053 -0.514128 6.782823 -2.464807 -1.574002 2.681909 -1.665241 -0.174476 -4.219036 12.710941 -29.825397 -16.130877 -2.646281 -1.527805 1.527815 -15.549407 -3.559428 -12.707123 -1.994597 -1.151579 1.151577 -0.000002 -0.000001 -0.000000 -9.108304 -0.517879 2.259802 0.038555 1.262300 6.823740 0.213716 -1.396026 17.407041 0.046021 -0.653840 8.053242 0.000000 0.000001 0.000002 -9.532502 0.000009 0.000000 -0.136239 -2.205103 14.998885 0.214451 -1.398347 17.436892 0.239775 -1.476522 18.446290 -0.000002 -0.000001 0.000004 -9.103614 -0.043092 -1.865102 0.030599 -3.075760 20.450997 0.308446 -1.668278 20.948539 0.225820 -1.434045 17.897102 -0.000001 0.000002 0.000002 -8.076706 -0.486742 -3.806300 0.748865 -4.885244 26.473759 0.214470 -1.398384 17.437253 0.192999 -1.328173 16.535837 0.000001 -0.000001 0.000001 4.570407 11.014683 -2.160813 1.049447 -17.442066 -12.319461 3.916265 -19.989242 -69.765246 0.000001 -1.459367 -0.000003 -33.230499 -1.364892 -6.186633 2.466103 -1.576207 2.681699 -0.662920 2.160394 4.832512 11.853555 25.421664 17.058283 2.647875 -1.528731 1.528750 -13.813931 3.537292 9.036009 1.998905 -1.154081 1.154074 0.000001 0.000003 0.000001 9.109302 -0.518014 2.259901 0.019846 -0.969576 -7.593533 0.267847 1.752926 -17.375713 0.057670 0.820968 -8.037999 0.000000 0.000001 0.000005 9.533396 0.000010 -0.000000 -0.076334 2.665806 -15.696823 0.268761 1.755834 -17.405525 0.300508 1.854010 -18.413331 -0.000000 -0.000001 0.000001 9.104506 -0.042992 -1.865101 0.136870 3.641811 -21.133500 0.386596 2.094822 -20.911907 0.283018 1.800668 -17.864988 -0.000000 -0.000001 0.000002 8.077801 -0.486895 -3.806302 0.927692 5.555973 -27.128039 0.268768 1.755869 -17.405873 0.241880 1.667721 -16.505886 0.000000 0.000000 -0.000001 -8.207798 -6.751713 -1.599543 0.648648 -10.391049 3.516169 7.327109 -9.763709 -3.277842 -3.649289 -1.650149 3.202045 -7.282869 -0.000007 -0.000000 -0.000001 0.000002 0.000000 8.207800 -6.751718 -1.599544 -10.775406 14.739010 10.344595 12.136703 2.032052 4.168245 1.287348 0.513466 -7.110659 -4.928524 0.000008 -0.000002 0.000000 0.000000 0.000000 
0.145432 103.385368 1.423460 -3.753024 -5.218091 -3.769914 -0.000000 10.181541 0.131526 3.296628 1.543090 2.742651 1.151891 0.339458 1.552798 1.126014 0.361543 1.555887 0.000000 16.740345 -2.049021 5.626309 -0.078963 0.454683 -0.000001 9.617805 1.684979 -7.563342 1.375724 -0.080566 0.000000 22.037354 7.501071 -0.000000 -0.000000 -0.000000 -4.569999 11.014879 -2.160840 1.203181 15.343668 14.706010 13.158781 27.555118 58.785218 -0.000007 6.693740 0.000008 -20.179053 -0.514128 6.782823 -2.464807 -1.574002 2.681909 -1.665241 -0.174476 -4.219036 12.710941 -29.825397 -16.130877 -2.646281 -1.527805 1.527815 -15.549407 -3.559428 -12.707123 -1.994597 -1.151579 1.151577 -0.000002 -0.000001 -0.000000 -9.108304 -0.517879 2.259802 0.038555 1.262300 6.823740 0.213716 -1.396026 17.407041 0.046021 -0.653840 8.053242 0.000000 0.000001 0.000002 -9.532502 0.000009 0.000000 -0.136239 -2.205103 14.998885 0.214451 -1.398347 17.436892 0.239775 -1.476522 18.446290 -0.000002 -0.000001 0.000004 -9.103614 -0.043092 -1.865102 0.030599 -3.075760 20.450997 0.308446 -1.668278 20.948539 0.225820 -1.434045 17.897102 -0.000001 0.000002 0.000002 -8.076706 -0.486742 -3.806300 0.748865 -4.885244 26.473759 0.214470 -1.398384 17.437253 0.192999 -1.328173 16.535837 0.000001 -0.000001 0.000001 4.570407 11.014683 -2.160813 1.049447 -17.442066 -12.319461 3.916265 -19.989242 -69.765246 0.000001 -1.459367 -0.000003 -33.230499 -1.364892 -6.186633 2.466103 -1.576207 2.681699 -0.662920 2.160394 4.832512 11.853555 25.421664 17.058283 2.647875 -1.528731 1.528750 -13.813931 3.537292 9.036009 1.998905 -1.154081 1.154074 0.000001 0.000003 0.000001 9.109302 -0.518014 2.259901 0.019846 -0.969576 -7.593533 0.267847 1.752926 -17.375713 0.057670 0.820968 -8.037999 0.000000 0.000001 0.000005 9.533396 0.000010 -0.000000 -0.076334 2.665806 -15.696823 0.268761 1.755834 -17.405525 0.300508 1.854010 -18.413331 -0.000000 -0.000001 0.000001 9.104506 -0.042992 -1.865101 0.136870 3.641811 -21.133500 0.386596 2.094822 -20.911907 0.283018 1.800668 -17.864988 -0.000000 -0.000001 0.000002 8.077801 -0.486895 -3.806302 0.927692 5.555973 -27.128039 0.268768 1.755869 -17.405873 0.241880 1.667721 -16.505886 0.000000 0.000000 -0.000001 -8.207798 -6.751713 -1.599543 0.648648 -10.391049 3.516169 7.327109 -9.763709 -3.277842 -3.649289 -1.650149 3.202045 -7.282869 -0.000007 -0.000000 -0.000001 0.000002 0.000000 8.207800 -6.751718 -1.599544 -10.775406 14.739010 10.344595 12.136703 2.032052 4.168245 1.287348 0.513466 -7.110659 -4.928524 0.000008 -0.000002 0.000000 0.000000 0.000000 
0.145432 103.385368 1.423460 -3.753024 -5.218091 -3.769914 -0.000000 10.181541 0.131526 3.296628 1.543090 2.742651 1.151891 0.339458 1.552798 1.126014 0.361543 1.555887 0.000000 16.740345 -2.049021 5.626309 -0.078963 0.454683 -0.000001 9.617805 1.684979 -7.563342 1.375724 -0.080566 0.000000 22.037354 7.501071 -0.000000 -0.000000 -0.000000 -4.569999 11.014879 -2.160840 1.203181 15.343668 14.706010 13.158781 27.555118 58.785218 -0.000007 6.693740 0.000008 -20.179053 -0.514128 6.782823 -2.464807 -1.574002 2.681909 -1.665241 -0.174476 -4.219036 12.710941 -29.825397 -16.130877 -2.646281 -1.527805 1.527815 -15.549407 -3.559428 -12.707123 -1.994597 -1.151579 1.151577 -0.000002 -0.000001 -0.000000 -9.108304 -0.517879 2.259802 0.038555 1.262300 6.823740 0.213716 -1.396026 17.407041 0.046021 -0.653840 8.053242 0.000000 0.000001 0.000002 -9.532502 0.000009 0.000000 -0.136239 -2.205103 14.998885 0.214451 -1.398347 17.436892 0.239775 -1.476522 18.446290 -0.000002 -0.000001 0.000004 -9.103614 -0.043092 -1.865102 0.030599 -3.075760 20.450997 0.308446 -1.668278 20.948539 0.225820 -1.434045 17.897102 -0.000001 0.000002 0.000002 -8.076706 -0.486742 -3.806300 0.748865 -4.885244 26.473759 0.214470 -1.398384 17.437253 0.192999 -1.328173 16.535837 0.000001 -0.000001 0.000001 4.570407 11.014683 -2.160813 1.049447 -17.442066 -12.319461 3.916265 -19.989242 -69.765246 0.000001 -1.459367 -0.000003 -33.230499 -1.364892 -6.186633 2.466103 -1.576207 2.681699 -0.662920 2.160394 4.832512 11.853555 25.421664 17.058283 2.647875 -1.528731 1.528750 -13.813931 3.537292 9.036009 1.998905 -1.154081 1.154074 0.000001 0.000003 0.000001 9.109302 -0.518014 2.259901 0.019846 -0.969576 -7.593533 0.267847 1.752926 -17.375713 0.057670 0.820968 -8.037999 0.000000 0.000001 0.000005 9.533396 0.000010 -0.000000 -0.076334 2.665806 -15.696823 0.268761 1.755834 -17.405525 0.300508 1.854010 -18.413331 -0.000000 -0.000001 0.000001 9.104506 -0.042992 -1.865101 0.136870 3.641811 -21.133500 0.386596 2.094822 -20.911907 0.283018 1.800668 -17.864988 -0.000000 -0.000001 0.000002 8.077801 -0.486895 -3.806302 0.927692 5.555973 -27.128039 0.268768 1.755869 -17.405873 0.241880 1.667721 -16.505886 0.000000 0.000000 -0.000001 -8.207798 -6.751713 -1.599543 0.648648 -10.391049 3.516169 7.327109 -9.763709 -3.277842 -3.649289 -1.650149 3.202045 -7.282869 -0.000007 -0.000000 -0.000001 0.000002 0.000000 8.207800 -6.751718 -1.599544 -10.775406 14.739010 10.344595 12.136703 2.032052 4.168245 1.287348 0.513466 -7.110659 -4.928524 0.000008 -0.000002 0.000000 0.000000 0.000000 
0.145432 103.385368 1.423460 -3.753024 -5.218091 -3.769914 -0.000000 10.181541 0.131526 3.296628 1.543090 2.742651 1.151891 0.339458 1.552798 1.126014 0.361543 1.555887 0.000000 16.740345 -2.049021 5.626309 -0.078963 0.454683 -0.000001 9.617805 1.684979 -7.563342 1.375724 -0.080566 0.000000 22.037354 7.501071 -0.000000 -0.000000 -0.000000 -4.569999 11.014879 -2.160840 1.203181 15.343668 14.706010 13.158781 27.555118 58.785218 -0.000007 6.693740 0.000008 -20.179053 -0.514128 6.782823 -2.464807 -1.574002 2.681909 -1.665241 -0.174476 -4.219036 12.710941 -29.825397 -16.130877 -2.646281 -1.527805 1.527815 -15.549407 -3.559428 -12.707123 -1.994597 -1.151579 1.151577 -0.000002 -0.000001 -0.000000 -9.108304 -0.517879 2.259802 0.038555 1.262300 6.823740 0.213716 -1.396026 17.407041 0.046021 -0.653840 8.053242 0.000000 0.000001 0.000002 -9.532502 0.000009 0.000000 -0.136239 -2.205103 14.998885 0.214451 -1.398347 17.436892 0.239775 -1.476522 18.446290 -0.000002 -0.000001 0.000004 -9.103614 -0.043092 -1.865102 0.030599 -3.075760 20.450997 0.308446 -1.668278 20.948539 0.225820 -1.434045 17.897102 -0.000001 0.000002 0.000002 -8.076706 -0.486742 -3.806300 0.748865 -4.885244 26.473759 0.214470 -1.398384 17.437253 0.192999 -1.328173 16.535837 0.000001 -0.000001 0.000001 4.570407 11.014683 -2.160813 1.049447 -17.442066 -12.319461 3.916265 -19.989242 -69.765246 0.000001 -1.459367 -0.000003 -33.230499 -1.364892 -6.186633 2.466103 -1.576207 2.681699 -0.662920 2.160394 4.832512 11.853555 25.421664 17.058283 2.647875 -1.528731 1.528750 -13.813931 3.537292 9.036009 1.998905 -1.154081 1.154074 0.000001 0.000003 0.000001 9.109302 -0.518014 2.259901 0.019846 -0.969576 -7.593533 0.267847 1.752926 -17.375713 0.057670 0.820968 -8.037999 0.000000 0.000001 0.000005 9.533396 0.000010 -0.000000 -0.076334 2.665806 -15.696823 0.268761 1.755834 -17.405525 0.300508 1.854010 -18.413331 -0.000000 -0.000001 0.000001 9.104506 -0.042992 -1.865101 0.136870 3.641811 -21.133500 0.386596 2.094822 -20.911907 0.283018 1.800668 -17.864988 -0.000000 -0.000001 0.000002 8.077801 -0.486895 -3.806302 0.927692 5.555973 -27.128039 0.268768 1.755869 -17.405873 0.241880 1.667721 -16.505886 0.000000 0.000000 -0.000001 -8.207798 -6.751713 -1.599543 0.648648 -10.391049 3.516169 7.327109 -9.763709 -3.277842 -3.649289 -1.650149 3.202045 -7.282869 -0.000007 -0.000000 -0.000001 0.000002 0.000000 8.207800 -6.751718 -1.599544 -10.775406 14.739010 10.344595 12.136703 2.032052 4.168245 1.287348 0.513466 -7.110659 -4.928524 0.000008 -0.000002 0.000000 0.000000 0.000000 
0.145432 103.385368 1.423460 -3.753024 -5.218091 -3.769914 -0.000000 10.181541 0.131526 3.296628 1.543090 2.742651 1.151891 0.339458 1.552798 1.126014 0.361543 1.555887 0.000000 16.740345 -2.049021 5.626309 -0.078963 0.454683 -0.000001 9.617805 1.684979 -7.563342 1.375724 -0.080566 0.000000 22.037354 7.501071 -0.000000 -0.000000 -0.000000 -4.569999 11.014879 -2.160840 1.203181 15.343668 14.706010 13.158781 27.555118 58.785218 -0.000007 6.693740 0.000008 -20.179053 -0.514128 6.782823 -2.464807 -1.574002 2.681909 -1.665241 -0.174476 -4.219036 12.710941 -29.825397 -16.130877 -2.646281 -1.527805 1.527815 -15.549407 -3.559428 -12.707123 -1.994597 -1.151579 1.151577 -0.000002 -0.000001 -0.000000 -9.108304 -0.517879 2.259802 0.038555 1.262300 6.823740 0.213716 -1.396026 17.407041 0.046021 -0.653840 8.053242 0.000000 0.000001 0.000002 -9.532502 0.000009 0.000000 -0.136239 -2.205103 14.998885 0.214451 -1.398347 17.436892 0.239775 -1.476522 18.446290 -0.000002 -0.000001 0.000004 -9.103614 -0.043092 -1.865102 0.030599 -3.075760 20.450997 0.308446 -1.668278 20.948539 0.225820 -1.434045 17.897102 -0.000001 0.000002 0.000002 -8.076706 -0.486742 -3.806300 0.748865 -4.885244 26.473759 0.214470 -1.398384 17.437253 0.192999 -1.328173 16.535837 0.000001 -0.000001 0.000001 4.570407 11.014683 -2.160813 1.049447 -17.442066 -12.319461 3.916265 -19.989242 -69.765246 0.000001 -1.459367 -0.000003 -33.230499 -1.364892 -6.186633 2.466103 -1.576207 2.681699 -0.662920 2.160394 4.832512 11.853555 25.421664 17.058283 2.647875 -1.528731 1.528750 -13.813931 3.537292 9.036009 1.998905 -1.154081 1.154074 0.000001 0.000003 0.000001 9.109302 -0.518014 2.259901 0.019846 -0.969576 -7.593533 0.267847 1.752926 -17.375713 0.057670 0.820968 -8.037999 0.000000 0.000001 0.000005 9.533396 0.000010 -0.000000 -0.076334 2.665806 -15.696823 0.268761 1.755834 -17.405525 0.300508 1.854010 -18.413331 -0.000000 -0.000001 0.000001 9.104506 -0.042992 -1.865101 0.136870 3.641811 -21.133500 0.386596 2.094822 -20.911907 0.283018 1.800668 -17.864988 -0.000000 -0.000001 0.000002 8.077801 -0.486895 -3.806302 0.927692 5.555973 -27.128039 0.268768 1.755869 -17.405873 0.241880 1.667721 -16.505886 0.000000 0.000000 -0.000001 -8.207798 -6.751713 -1.599543 0.648648 -10.391049 3.516169 7.327109 -9.763709 -3.277842 -3.649289 -1.650149 3.202045 -7.282869 -0.000007 -0.000000 -0.000001 0.000002 0.000000 8.207800 -6.751718 -1.599544 -10.775406 14.739010 10.344595 12.136703 2.032052 4.168245 1.287348 0.513466 -7.110659 -4.928524 0.000008 -0.000002 0.000000 0.000000 0.000000 
0.145432 103.385368 1.423460 -3.753024 -5.218091 -3.769914 -0.000000 10.181541 0.131526 3.296628 1.543090 2.742651 1.151891 0.339458 1.552798 1.126014 0.361543 1.555887 0.000000 16.740345 -2.049021 5.626309 -0.078963 0.454683 -0.000001 9.617805 1.684979 -7.563342 1.375724 -0.080566 0.000000 22.037354 7.501071 -0.000000 -0.000000 -0.000000 -4.569999 11.014879 -2.160840 1.203181 15.343668 14.706010 13.158781 27.555118 58.785218 -0.000007 6.693740 0.000008 -20.179053 -0.514128 6.782823 -2.464807 -1.574002 2.681909 -1.665241 -0.174476 -4.219036 12.710941 -29.825397 -16.130877 -2.646281 -1.527805 1.527815 -15.549407 -3.559428 -12.707123 -1.994597 -1.151579 1.151577 -0.000002 -0.000001 -0.000000 -9.108304 -0.517879 2.259802 0.038555 1.262300 6.823740 0.213716 -1.396026 17.407041 0.046021 -0.653840 8.053242 0.000000 0.000001 0.000002 -9.532502 0.000009 0.000000 -0.136239 -2.205103 14.998885 0.214451 -1.398347 17.436892 0.239775 -1.476522 18.446290 -0.000002 -0.000001 0.000004 -9.103614 -0.043092 -1.865102 0.030599 -3.075760 20.450997 0.308446 -1.668278 20.948539 0.225820 -1.434045 17.897102 -0.000001 0.000002 0.000002 -8.076706 -0.486742 -3.806300 0.748865 -4.885244 26.473759 0.214470 -1.398384 17.437253 0.192999 -1.328173 16.535837 0.000001 -0.000001 0.000001 4.570407 11.014683 -2.160813 1.049447 -17.442066 -12.319461 3.916265 -19.989242 -69.765246 0.000001 -1.459367 -0.000003 -33.230499 -1.364892 -6.186633 2.466103 -1.576207 2.681699 -0.662920 2.160394 4.832512 11.853555 25.421664 17.058283 2.647875 -1.528731 1.528750 -13.813931 3.537292 9.036009 1.998905 -1.154081 1.154074 0.000001 0.000003 0.000001 9.109302 -0.518014 2.259901 0.019846 -0.969576 -7.593533 0.267847 1.752926 -17.375713 0.057670 0.820968 -8.037999 0.000000 0.000001 0.000005 9.533396 0.000010 -0.000000 -0.076334 2.665806 -15.696823 0.268761 1.755834 -17.405525 0.300508 1.854010 -18.413331 -0.000000 -0.000001 0.000001 9.104506 -0.042992 -1.865101 0.136870 3.641811 -21.133500 0.386596 2.094822 -20.911907 0.283018 1.800668 -17.864988 -0.000000 -0.000001 0.000002 8.077801 -0.486895 -3.806302 0.927692 5.555973 -27.128039 0.268768 1.755869 -17.405873 0.241880 1.667721 -16.505886 0.000000 0.000000 -0.000001 -8.207798 -6.751713 -1.599543 0.648648 -10.391049 3.516169 7.327109 -9.763709 -3.277842 -3.649289 -1.650149 3.202045 -7.282869 -0.000007 -0.000000 -0.000001 0.000002 0.000000 8.207800 -6.751718 -1.599544 -10.775406 14.739010 10.344595 12.136703 2.032052 4.168245 1.287348 0.513466 -7.110659 -4.928524 0.000008 -0.000002 0.000000 0.000000 0.000000 
0.145432 103.385368 1.423460 -3.753024 -5.218091 -3.769914 -0.000000 10.181541 0.131526 3.296628 1.543090 2.742651 1.151891 0.339458 1.552798 1.126014 0.361543 1.555887 0.000000 16.740345 -2.049021 5.626309 -0.078963 0.454683 -0.000001 9.617805 1.684979 -7.563342 1.375724 -0.080566 0.000000 22.037354 7.501071 -0.000000 -0.000000 -0.000000 -4.569999 11.014879 -2.160840 1.203181 15.343668 14.706010 13.158781 27.555118 58.785218 -0.000007 6.693740 0.000008 -20.179053 -0.514128 6.782823 -2.464807 -1.574002 2.681909 -1.665241 -0.174476 -4.219036 12.710941 -29.825397 -16.130877 -2.646281 -1.527805 1.527815 -15.549407 -3.559428 -12.707123 -1.994597 -1.151579 1.151577 -0.000002 -0.000001 -0.000000 -9.108304 -0.517879 2.259802 0.038555 1.262300 6.823740 0.213716 -1.396026 17.407041 0.046021 -0.653840 8.053242 0.000000 0.000001 0.000002 -9.532502 0.000009 0.000000 -0.136239 -2.205103 14.998885 0.214451 -1.398347 17.436892 0.239775 -1.476522 18.446290 -0.000002 -0.000001 0.000004 -9.103614 -0.043092 -1.865102 0.030599 -3.075760 20.450997 0.308446 -1.668278 20.948539 0.225820 -1.434045 17.897102 -0.000001 0.000002 0.000002 -8.076706 -0.486742 -3.806300 0.748865 -4.885244 26.473759 0.214470 -1.398384 17.437253 0.192999 -1.328173 16.535837 0.000001 -0.000001 0.000001 4.570407 11.014683 -2.160813 1.049447 -17.442066 -12.319461 3.916265 -19.989242 -69.765246 0.000001 -1.459367 -0.000003 -33.230499 -1.364892 -6.186633 2.466103 -1.576207 2.681699 -0.662920 2.160394 4.832512 11.853555 25.421664 17.058283 2.647875 -1.528731 1.528750 -13.813931 3.537292 9.036009 1.998905 -1.154081 1.154074 0.000001 0.000003 0.000001 9.109302 -0.518014 2.259901 0.019846 -0.969576 -7.593533 0.267847 1.752926 -17.375713 0.057670 0.820968 -8.037999 0.000000 0.000001 0.000005 9.533396 0.000010 -0.000000 -0.076334 2.665806 -15.696823 0.268761 1.755834 -17.405525 0.300508 1.854010 -18.413331 -0.000000 -0.000001 0.000001 9.104506 -0.042992 -1.865101 0.136870 3.641811 -21.133500 0.386596 2.094822 -20.911907 0.283018 1.800668 -17.864988 -0.000000 -0.000001 0.000002 8.077801 -0.486895 -3.806302 0.927692 5.555973 -27.128039 0.268768 1.755869 -17.405873 0.241880 1.667721 -16.505886 0.000000 0.000000 -0.000001 -8.207798 -6.751713 -1.599543 0.648648 -10.391049 3.516169 7.327109 -9.763709 -3.277842 -3.649289 -1.650149 3.202045 -7.282869 -0.000007 -0.000000 -0.000001 0.000002 0.000000 8.207800 -6.751718 -1.599544 -10.775406 14.739010 10.344595 12.136703 2.032052 4.168245 1.287348 0.513466 -7.110659 -4.928524 0.000008 -0.000002 0.000000 0.000000 0.000000 
0.145432 103.385368 1.423460 -3.753024 -5.218091 -3.769914 -0.000000 10.181541 0.131526 3.296628 1.543090 2.742651 1.151891 0.339458 1.552798 1.126014 0.361543 1.555887 0.000000 16.740345 -2.049021 5.626309 -0.078963 0.454683 -0.000001 9.617805 1.684979 -7.563342 1.375724 -0.080566 0.000000 22.037354 7.501071 -0.000000 -0.000000 -0.000000 -4.569999 11.014879 -2.160840 1.203181 15.343668 14.706010 13.158781 27.555118 58.785218 -0.000007 6.693740 0.000008 -20.179053 -0.514128 6.782823 -2.464807 -1.574002 2.681909 -1.665241 -0.174476 -4.219036 12.710941 -29.825397 -16.130877 -2.646281 -1.527805 1.527815 -15.549407 -3.559428 -12.707123 -1.994597 -1.151579 1.151577 -0.000002 -0.000001 -0.000000 -9.108304 -0.517879 2.259802 0.038555 1.262300 6.823740 0.213716 -1.396026 17.407041 0.046021 -0.653840 8.053242 0.000000 0.000001 0.000002 -9.532502 0.000009 0.000000 -0.136239 -2.205103 14.998885 0.214451 -1.398347 17.436892 0.239775 -1.476522 18.446290 -0.000002 -0.000001 0.000004 -9.103614 -0.043092 -1.865102 0.030599 -3.075760 20.450997 0.308446 -1.668278 20.948539 0.225820 -1.434045 17.897102 -0.000001 0.000002 0.000002 -8.076706 -0.486742 -3.806300 0.748865 -4.885244 26.473759 0.214470 -1.398384 17.437253 0.192999 -1.328173 16.535837 0.000001 -0.000001 0.000001 4.570407 11.014683 -2.160813 1.049447 -17.442066 -12.319461 3.916265 -19.989242 -69.765246 0.000001 -1.459367 -0.000003 -33.230499 -1.364892 -6.186633 2.466103 -1.576207 2.681699 -0.662920 2.160394 4.832512 11.853555 25.421664 17.058283 2.647875 -1.528731 1.528750 -13.813931 3.537292 9.036009 1.998905 -1.154081 1.154074 0.000001 0.000003 0.000001 9.109302 -0.518014 2.259901 0.019846 -0.969576 -7.593533 0.267847 1.752926 -17.375713 0.057670 0.820968 -8.037999 0.000000 0.000001 0.000005 9.533396 0.000010 -0.000000 -0.076334 2.665806 -15.696823 0.268761 1.755834 -17.405525 0.300508 1.854010 -18.413331 -0.000000 -0.000001 0.000001 9.104506 -0.042992 -1.865101 0.136870 3.641811 -21.133500 0.386596 2.094822 -20.911907 0.283018 1.800668 -17.864988 -0.000000 -0.000001 0.000002 8.077801 -0.486895 -3.806302 0.927692 5.555973 -27.128039 0.268768 1.755869 -17.405873 0.241880 1.667721 -16.505886 0.000000 0.000000 -0.000001 -8.207798 -6.751713 -1.599543 0.648648 -10.391049 3.516169 7.327109 -9.763709 -3.277842 -3.649289 -1.650149 3.202045 -7.282869 -0.000007 -0.000000 -0.000001 0.000002 0.000000 8.207800 -6.751718 -1.599544 -10.775406 14.739010 10.344595 12.136703 2.032052 4.168245 1.287348 0.513466 -7.110659 -4.928524 0.000008 -0.000002 0.000000 0.000000 0.000000 
0.145432 103.385368 1.423460 -3.753024 -5.218091 -3.769914 -0.000000 10.181541 0.131526 3.296628 1.543090 2.742651 1.151891 0.339458 1.552798 1.126014 0.361543 1.555887 0.000000 16.740345 -2.049021 5.626309 -0.078963 0.454683 -0.000001 9.617805 1.684979 -7.563342 1.375724 -0.080566 0.000000 22.037354 7.501071 -0.000000 -0.000000 -0.000000 -4.569999 11.014879 -2.160840 1.203181 15.343668 14.706010 13.158781 27.555118 58.785218 -0.000007 6.693740 0.000008 -20.179053 -0.514128 6.782823 -2.464807 -1.574002 2.681909 -1.665241 -0.174476 -4.219036 12.710941 -29.825397 -16.130877 -2.646281 -1.527805 1.527815 -15.549407 -3.559428 -12.707123 -1.994597 -1.151579 1.151577 -0.000002 -0.000001 -0.000000 -9.108304 -0.517879 2.259802 0.038555 1.262300 6.823740 0.213716 -1.396026 17.407041 0.046021 -0.653840 8.053242 0.000000 0.000001 0.000002 -9.532502 0.000009 0.000000 -0.136239 -2.205103 14.998885 0.214451 -1.398347 17.436892 0.239775 -1.476522 18.446290 -0.000002 -0.000001 0.000004 -9.103614 -0.043092 -1.865102 0.030599 -3.075760 20.450997 0.308446 -1.668278 20.948539 0.225820 -1.434045 17.897102 -0.000001 0.000002 0.000002 -8.076706 -0.486742 -3.806300 0.748865 -4.885244 26.473759 0.214470 -1.398384 17.437253 0.192999 -1.328173 16.535837 0.000001 -0.000001 0.000001 4.570407 11.014683 -2.160813 1.049447 -17.442066 -12.319461 3.916265 -19.989242 -69.765246 0.000001 -1.459367 -0.000003 -33.230499 -1.364892 -6.186633 2.466103 -1.576207 2.681699 -0.662920 2.160394 4.832512 11.853555 25.421664 17.058283 2.647875 -1.528731 1.528750 -13.813931 3.537292 9.036009 1.998905 -1.154081 1.154074 0.000001 0.000003 0.000001 9.109302 -0.518014 2.259901 0.019846 -0.969576 -7.593533 0.267847 1.752926 -17.375713 0.057670 0.820968 -8.037999 0.000000 0.000001 0.000005 9.533396 0.000010 -0.000000 -0.076334 2.665806 -15.696823 0.268761 1.755834 -17.405525 0.300508 1.854010 -18.413331 -0.000000 -0.000001 0.000001 9.104506 -0.042992 -1.865101 0.136870 3.641811 -21.133500 0.386596 2.094822 -20.911907 0.283018 1.800668 -17.864988 -0.000000 -0.000001 0.000002 8.077801 -0.486895 -3.806302 0.927692 5.555973 -27.128039 0.268768 1.755869 -17.405873 0.241880 1.667721 -16.505886 0.000000 0.000000 -0.000001 -8.207798 -6.751713 -1.599543 0.648648 -10.391049 3.516169 7.327109 -9.763709 -3.277842 -3.649289 -1.650149 3.202045 -7.282869 -0.000007 -0.000000 -0.000001 0.000002 0.000000 8.207800 -6.751718 -1.599544 -10.775406 14.739010 10.344595 12.136703 2.032052 4.168245 1.287348 0.513466 -7.110659 -4.928524 0.000008 -0.000002 0.000000 0.000000 0.000000 
0.145432 103.385368 1.423460 -3.753024 -5.218091 -3.769914 -0.000000 10.181541 0.131526 3.296628 1.543090 2.742651 1.151891 0.339458 1.552798 1.126014 0.361543 1.555887 0.000000 16.740345 -2.049021 5.626309 -0.078963 0.454683 -0.000001 9.617805 1.684979 -7.563342 1.375724 -0.080566 0.000000 22.037354 7.501071 -0.000000 -0.000000 -0.000000 -4.569999 11.014879 -2.160840 1.203181 15.343668 14.706010 13.158781 27.555118 58.785218 -0.000007 6.693740 0.000008 -20.179053 -0.514128 6.782823 -2.464807 -1.574002 2.681909 -1.665241 -0.174476 -4.219036 12.710941 -29.825397 -16.130877 -2.646281 -1.527805 1.527815 -15.549407 -3.559428 -12.707123 -1.994597 -1.151579 1.151577 -0.000002 -0.000001 -0.000000 -9.108304 -0.517879 2.259802 0.038555 1.262300 6.823740 0.213716 -1.396026 17.407041 0.046021 -0.653840 8.053242 0.000000 0.000001 0.000002 -9.532502 0.000009 0.000000 -0.136239 -2.205103 14.998885 0.214451 -1.398347 17.436892 0.239775 -1.476522 18.446290 -0.000002 -0.000001 0.000004 -9.103614 -0.043092 -1.865102 0.030599 -3.075760 20.450997 0.308446 -1.668278 20.948539 0.225820 -1.434045 17.897102 -0.000001 0.000002 0.000002 -8.076706 -0.486742 -3.806300 0.748865 -4.885244 26.473759 0.214470 -1.398384 17.437253 0.192999 -1.328173 16.535837 0.000001 -0.000001 0.000001 4.570407 11.014683 -2.160813 1.049447 -17.442066 -12.319461 3.916265 -19.989242 -69.765246 0.000001 -1.459367 -0.000003 -33.230499 -1.364892 -6.186633 2.466103 -1.576207 2.681699 -0.662920 2.160394 4.832512 11.853555 25.421664 17.058283 2.647875 -1.528731 1.528750 -13.813931 3.537292 9.036009 1.998905 -1.154081 1.154074 0.000001 0.000003 0.000001 9.109302 -0.518014 2.259901 0.019846 -0.969576 -7.593533 0.267847 1.752926 -17.375713 0.057670 0.820968 -8.037999 0.000000 0.000001 0.000005 9.533396 0.000010 -0.000000 -0.076334 2.665806 -15.696823 0.268761 1.755834 -17.405525 0.300508 1.854010 -18.413331 -0.000000 -0.000001 0.000001 9.104506 -0.042992 -1.865101 0.136870 3.641811 -21.133500 0.386596 2.094822 -20.911907 0.283018 1.800668 -17.864988 -0.000000 -0.000001 0.000002 8.077801 -0.486895 -3.806302 0.927692 5.555973 -27.128039 0.268768 1.755869 -17.405873 0.241880 1.667721 -16.505886 0.000000 0.000000 -0.000001 -8.207798 -6.751713 -1.599543 0.648648 -10.391049 3.516169 7.327109 -9.763709 -3.277842 -3.649289 -1.650149 3.202045 -7.282869 -0.000007 -0.000000 -0.000001 0.000002 0.000000 8.207800 -6.751718 -1.599544 -10.775406 14.739010 10.344595 12.136703 2.032052 4.168245 1.287348 0.513466 -7.110659 -4.928524 0.000008 -0.000002 0.000000 0.000000 0.000000 
0.145432 103.385368 1.423460 -3.753024 -5.218091 -3.769914 -0.000000 10.181541 0.131526 3.296628 1.543090 2.742651 1.151891 0.339458 1.552798 1.126014 0.361543 1.555887 0.000000 16.740345 -2.049021 5.626309 -0.078963 0.454683 -0.000001 9.617805 1.684979 -7.563342 1.375724 -0.080566 0.000000 22.037354 7.501071 -0.000000 -0.000000 -0.000000 -4.569999 11.014879 -2.160840 1.203181 15.343668 14.706010 13.158781 27.555118 58.785218 -0.000007 6.693740 0.000008 -20.179053 -0.514128 6.782823 -2.464807 -1.574002 2.681909 -1.665241 -0.174476 -4.219036 12.710941 -29.825397 -16.130877 -2.646281 -1.527805 1.527815 -15.549407 -3.559428 -12.707123 -1.994597 -1.151579 1.151577 -0.000002 -0.000001 -0.000000 -9.108304 -0.517879 2.259802 0.038555 1.262300 6.823740 0.213716 -1.396026 17.407041 0.046021 -0.653840 8.053242 0.000000 0.000001 0.000002 -9.532502 0.000009 0.000000 -0.136239 -2.205103 14.998885 0.214451 -1.398347 17.436892 0.239775 -1.476522 18.446290 -0.000002 -0.000001 0.000004 -9.103614 -0.043092 -1.865102 0.030599 -3.075760 20.450997 0.308446 -1.668278 20.948539 0.225820 -1.434045 17.897102 -0.000001 0.000002 0.000002 -8.076706 -0.486742 -3.806300 0.748865 -4.885244 26.473759 0.214470 -1.398384 17.437253 0.192999 -1.328173 16.535837 0.000001 -0.000001 0.000001 4.570407 11.014683 -2.160813 1.049447 -17.442066 -12.319461 3.916265 -19.989242 -69.765246 0.000001 -1.459367 -0.000003 -33.230499 -1.364892 -6.186633 2.466103 -1.576207 2.681699 -0.662920 2.160394 4.832512 11.853555 25.421664 17.058283 2.647875 -1.528731 1.528750 -13.813931 3.537292 9.036009 1.998905 -1.154081 1.154074 0.000001 0.000003 0.000001 9.109302 -0.518014 2.259901 0.019846 -0.969576 -7.593533 0.267847 1.752926 -17.375713 0.057670 0.820968 -8.037999 0.000000 0.000001 0.000005 9.533396 0.000010 -0.000000 -0.076334 2.665806 -15.696823 0.268761 1.755834 -17.405525 0.300508 1.854010 -18.413331 -0.000000 -0.000001 0.000001 9.104506 -0.042992 -1.865101 0.136870 3.641811 -21.133500 0.386596 2.094822 -20.911907 0.283018 1.800668 -17.864988 -0.000000 -0.000001 0.000002 8.077801 -0.486895 -3.806302 0.927692 5.555973 -27.128039 0.268768 1.755869 -17.405873 0.241880 1.667721 -16.505886 0.000000 0.000000 -0.000001 -8.207798 -6.751713 -1.599543 0.648648 -10.391049 3.516169 7.327109 -9.763709 -3.277842 -3.649289 -1.650149 3.202045 -7.282869 -0.000007 -0.000000 -0.000001 0.000002 0.000000 8.207800 -6.751718 -1.599544 -10.775406 14.739010 10.344595 12.136703 2.032052 4.168245 1.287348 0.513466 -7.110659 -4.928524 0.000008 -0.000002 0.000000 0.000000 0.000000 
0.145432 103.385368 1.423460 -3.753024 -5.218091 -3.769914 -0.000000 10.181541 0.131526 3.296628 1.543090 2.742651 1.151891 0.339458 1.552798 1.126014 0.361543 1.555887 0.000000 16.740345 -2.049021 5.626309 -0.078963 0.454683 -0.000001 9.617805 1.684979 -7.563342 1.375724 -0.080566 0.000000 22.037354 7.501071 -0.000000 -0.000000 -0.000000 -4.569999 11.014879 -2.160840 1.203181 15.343668 14.706010 13.158781 27.555118 58.785218 -0.000007 6.693740 0.000008 -20.179053 -0.514128 6.782823 -2.464807 -1.574002 2.681909 -1.665241 -0.174476 -4.219036 12.710941 -29.825397 -16.130877 -2.646281 -1.527805 1.527815 -15.549407 -3.559428 -12.707123 -1.994597 -1.151579 1.151577 -0.000002 -0.000001 -0.000000 -9.108304 -0.517879 2.259802 0.038555 1.262300 6.823740 0.213716 -1.396026 17.407041 0.046021 -0.653840 8.053242 0.000000 0.000001 0.000002 -9.532502 0.000009 0.000000 -0.136239 -2.205103 14.998885 0.214451 -1.398347 17.436892 0.239775 -1.476522 18.446290 -0.000002 -0.000001 0.000004 -9.103614 -0.043092 -1.865102 0.030599 -3.075760 20.450997 0.308446 -1.668278 20.948539 0.225820 -1.434045 17.897102 -0.000001 0.000002 0.000002 -8.076706 -0.486742 -3.806300 0.748865 -4.885244 26.473759 0.214470 -1.398384 17.437253 0.192999 -1.328173 16.535837 0.000001 -0.000001 0.000001 4.570407 11.014683 -2.160813 1.049447 -17.442066 -12.319461 3.916265 -19.989242 -69.765246 0.000001 -1.459367 -0.000003 -33.230499 -1.364892 -6.186633 2.466103 -1.576207 2.681699 -0.662920 2.160394 4.832512 11.853555 25.421664 17.058283 2.647875 -1.528731 1.528750 -13.813931 3.537292 9.036009 1.998905 -1.154081 1.154074 0.000001 0.000003 0.000001 9.109302 -0.518014 2.259901 0.019846 -0.969576 -7.593533 0.267847 1.752926 -17.375713 0.057670 0.820968 -8.037999 0.000000 0.000001 0.000005 9.533396 0.000010 -0.000000 -0.076334 2.665806 -15.696823 0.268761 1.755834 -17.405525 0.300508 1.854010 -18.413331 -0.000000 -0.000001 0.000001 9.104506 -0.042992 -1.865101 0.136870 3.641811 -21.133500 0.386596 2.094822 -20.911907 0.283018 1.800668 -17.864988 -0.000000 -0.000001 0.000002 8.077801 -0.486895 -3.806302 0.927692 5.555973 -27.128039 0.268768 1.755869 -17.405873 0.241880 1.667721 -16.505886 0.000000 0.000000 -0.000001 -8.207798 -6.751713 -1.599543 0.648648 -10.391049 3.516169 7.327109 -9.763709 -3.277842 -3.649289 -1.650149 3.202045 -7.282869 -0.000007 -0.000000 -0.000001 0.000002 0.000000 8.207800 -6.751718 -1.599544 -10.775406 14.739010 10.344595 12.136703 2.032052 4.168245 1.287348 0.513466 -7.110659 -4.928524 0.000008 -0.000002 0.000000 0.000000 0.000000 
0.145432 103.385368 1.423460 -3.753024 -5.218091 -3.769914 -0.000000 10.181541 0.131526 3.296628 1.543090 2.742651 1.151891 0.339458 1.552798 1.126014 0.361543 1.555887 0.000000 16.740345 -2.049021 5.626309 -0.078963 0.454683 -0.000001 9.617805 1.684979 -7.563342 1.375724 -0.080566 0.000000 22.037354 7.501071 -0.000000 -0.000000 -0.000000 -4.569999 11.014879 -2.160840 1.203181 15.343668 14.706010 13.158781 27.555118 58.785218 -0.000007 6.693740 0.000008 -20.179053 -0.514128 6.782823 -2.464807 -1.574002 2.681909 -1.665241 -0.174476 -4.219036 12.710941 -29.825397 -16.130877 -2.646281 -1.527805 1.527815 -15.549407 -3.559428 -12.707123 -1.994597 -1.151579 1.151577 -0.000002 -0.000001 -0.000000 -9.108304 -0.517879 2.259802 0.038555 1.262300 6.823740 0.213716 -1.396026 17.407041 0.046021 -0.653840 8.053242 0.000000 0.000001 0.000002 -9.532502 0.000009 0.000000 -0.136239 -2.205103 14.998885 0.214451 -1.398347 17.436892 0.239775 -1.476522 18.446290 -0.000002 -0.000001 0.000004 -9.103614 -0.043092 -1.865102 0.030599 -3.075760 20.450997 0.308446 -1.668278 20.948539 0.225820 -1.434045 17.897102 -0.000001 0.000002 0.000002 -8.076706 -0.486742 -3.806300 0.748865 -4.885244 26.473759 0.214470 -1.398384 17.437253 0.192999 -1.328173 16.535837 0.000001 -0.000001 0.000001 4.570407 11.014683 -2.160813 1.049447 -17.442066 -12.319461 3.916265 -19.989242 -69.765246 0.000001 -1.459367 -0.000003 -33.230499 -1.364892 -6.186633 2.466103 -1.576207 2.681699 -0.662920 2.160394 4.832512 11.853555 25.421664 17.058283 2.647875 -1.528731 1.528750 -13.813931 3.537292 9.036009 1.998905 -1.154081 1.154074 0.000001 0.000003 0.000001 9.109302 -0.518014 2.259901 0.019846 -0.969576 -7.593533 0.267847 1.752926 -17.375713 0.057670 0.820968 -8.037999 0.000000 0.000001 0.000005 9.533396 0.000010 -0.000000 -0.076334 2.665806 -15.696823 0.268761 1.755834 -17.405525 0.300508 1.854010 -18.413331 -0.000000 -0.000001 0.000001 9.104506 -0.042992 -1.865101 0.136870 3.641811 -21.133500 0.386596 2.094822 -20.911907 0.283018 1.800668 -17.864988 -0.000000 -0.000001 0.000002 8.077801 -0.486895 -3.806302 0.927692 5.555973 -27.128039 0.268768 1.755869 -17.405873 0.241880 1.667721 -16.505886 0.000000 0.000000 -0.000001 -8.207798 -6.751713 -1.599543 0.648648 -10.391049 3.516169 7.327109 -9.763709 -3.277842 -3.649289 -1.650149 3.202045 -7.282869 -0.000007 -0.000000 -0.000001 0.000002 0.000000 8.207800 -6.751718 -1.599544 -10.775406 14.739010 10.344595 12.136703 2.032052 4.168245 1.287348 0.513466 -7.110659 -4.928524 0.000008 -0.000002 0.000000 0.000000 0.000000 
0.145432 103.385368 1.423460 -3.753024 -5.218091 -3.769914 -0.000000 10.181541 0.131526 3.296628 1.543090 2.742651 1.151891 0.339458 1.552798 1.126014 0.361543 1.555887 0.000000 16.740345 -2.049021 5.626309 -0.078963 0.454683 -0.000001 9.617805 1.684979 -7.563342 1.375724 -0.080566 0.000000 22.037354 7.501071 -0.000000 -0.000000 -0.000000 -4.569999 11.014879 -2.160840 1.203181 15.343668 14.706010 13.158781 27.555118 58.785218 -0.000007 6.693740 0.000008 -20.179053 -0.514128 6.782823 -2.464807 -1.574002 2.681909 -1.665241 -0.174476 -4.219036 12.710941 -29.825397 -16.130877 -2.646281 -1.527805 1.527815 -15.549407 -3.559428 -12.707123 -1.994597 -1.151579 1.151577 -0.000002 -0.000001 -0.000000 -9.108304 -0.517879 2.259802 0.038555 1.262300 6.823740 0.213716 -1.396026 17.407041 0.046021 -0.653840 8.053242 0.000000 0.000001 0.000002 -9.532502 0.000009 0.000000 -0.136239 -2.205103 14.998885 0.214451 -1.398347 17.436892 0.239775 -1.476522 18.446290 -0.000002 -0.000001 0.000004 -9.103614 -0.043092 -1.865102 0.030599 -3.075760 20.450997 0.308446 -1.668278 20.948539 0.225820 -1.434045 17.897102 -0.000001 0.000002 0.000002 -8.076706 -0.486742 -3.806300 0.748865 -4.885244 26.473759 0.214470 -1.398384 17.437253 0.192999 -1.328173 16.535837 0.000001 -0.000001 0.000001 4.570407 11.014683 -2.160813 1.049447 -17.442066 -12.319461 3.916265 -19.989242 -69.765246 0.000001 -1.459367 -0.000003 -33.230499 -1.364892 -6.186633 2.466103 -1.576207 2.681699 -0.662920 2.160394 4.832512 11.853555 25.421664 17.058283 2.647875 -1.528731 1.528750 -13.813931 3.537292 9.036009 1.998905 -1.154081 1.154074 0.000001 0.000003 0.000001 9.109302 -0.518014 2.259901 0.019846 -0.969576 -7.593533 0.267847 1.752926 -17.375713 0.057670 0.820968 -8.037999 0.000000 0.000001 0.000005 9.533396 0.000010 -0.000000 -0.076334 2.665806 -15.696823 0.268761 1.755834 -17.405525 0.300508 1.854010 -18.413331 -0.000000 -0.000001 0.000001 9.104506 -0.042992 -1.865101 0.136870 3.641811 -21.133500 0.386596 2.094822 -20.911907 0.283018 1.800668 -17.864988 -0.000000 -0.000001 0.000002 8.077801 -0.486895 -3.806302 0.927692 5.555973 -27.128039 0.268768 1.755869 -17.405873 0.241880 1.667721 -16.505886 0.000000 0.000000 -0.000001 -8.207798 -6.751713 -1.599543 0.648648 -10.391049 3.516169 7.327109 -9.763709 -3.277842 -3.649289 -1.650149 3.202045 -7.282869 -0.000007 -0.000000 -0.000001 0.000002 0.000000 8.207800 -6.751718 -1.599544 -10.775406 14.739010 10.344595 12.136703 2.032052 4.168245 1.287348 0.513466 -7.110659 -4.928524 0.000008 -0.000002 0.000000 0.000000 0.000000 
0.145432 103.385368 1.423460 -3.753024 -5.218091 -3.769914 -0.000000 10.181541 0.131526 3.296628 1.543090 2.742651 1.151891 0.339458 1.552798 1.126014 0.361543 1.555887 0.000000 16.740345 -2.049021 5.626309 -0.078963 0.454683 -0.000001 9.617805 1.684979 -7.563342 1.375724 -0.080566 0.000000 22.037354 7.501071 -0.000000 -0.000000 -0.000000 -4.569999 11.014879 -2.160840 1.203181 15.343668 14.706010 13.158781 27.555118 58.785218 -0.000007 6.693740 0.000008 -20.179053 -0.514128 6.782823 -2.464807 -1.574002 2.681909 -1.665241 -0.174476 -4.219036 12.710941 -29.825397 -16.130877 -2.646281 -1.527805 1.527815 -15.549407 -3.559428 -12.707123 -1.994597 -1.151579 1.151577 -0.000002 -0.000001 -0.000000 -9.108304 -0.517879 2.259802 0.038555 1.262300 6.823740 0.213716 -1.396026 17.407041 0.046021 -0.653840 8.053242 0.000000 0.000001 0.000002 -9.532502 0.000009 0.000000 -0.136239 -2.205103 14.998885 0.214451 -1.398347 17.436892 0.239775 -1.476522 18.446290 -0.000002 -0.000001 0.000004 -9.103614 -0.043092 -1.865102 0.030599 -3.075760 20.450997 0.308446 -1.668278 20.948539 0.225820 -1.434045 17.897102 -0.000001 0.000002 0.000002 -8.076706 -0.486742 -3.806300 0.748865 -4.885244 26.473759 0.214470 -1.398384 17.437253 0.192999 -1.328173 16.535837 0.000001 -0.000001 0.000001 4.570407 11.014683 -2.160813 1.049447 -17.442066 -12.319461 3.916265 -19.989242 -69.765246 0.000001 -1.459367 -0.000003 -33.230499 -1.364892 -6.186633 2.466103 -1.576207 2.681699 -0.662920 2.160394 4.832512 11.853555 25.421664 17.058283 2.647875 -1.528731 1.528750 -13.813931 3.537292 9.036009 1.998905 -1.154081 1.154074 0.000001 0.000003 0.000001 9.109302 -0.518014 2.259901 0.019846 -0.969576 -7.593533 0.267847 1.752926 -17.375713 0.057670 0.820968 -8.037999 0.000000 0.000001 0.000005 9.533396 0.000010 -0.000000 -0.076334 2.665806 -15.696823 0.268761 1.755834 -17.405525 0.300508 1.854010 -18.413331 -0.000000 -0.000001 0.000001 9.104506 -0.042992 -1.865101 0.136870 3.641811 -21.133500 0.386596 2.094822 -20.911907 0.283018 1.800668 -17.864988 -0.000000 -0.000001 0.000002 8.077801 -0.486895 -3.806302 0.927692 5.555973 -27.128039 0.268768 1.755869 -17.405873 0.241880 1.667721 -16.505886 0.000000 0.000000 -0.000001 -8.207798 -6.751713 -1.599543 0.648648 -10.391049 3.516169 7.327109 -9.763709 -3.277842 -3.649289 -1.650149 3.202045 -7.282869 -0.000007 -0.000000 -0.000001 0.000002 0.000000 8.207800 -6.751718 -1.599544 -10.775406 14.739010 10.344595 12.136703 2.032052 4.168245 1.287348 0.513466 -7.110659 -4.928524 0.000008 -0.000002 0.000000 0.000000 0.000000 
0.145432 103.385368 1.423460 -3.753024 -5.218091 -3.769914 -0.000000 10.181541 0.131526 3.296628 1.543090 2.742651 1.151891 0.339458 1.552798 1.126014 0.361543 1.555887 0.000000 16.740345 -2.049021 5.626309 -0.078963 0.454683 -0.000001 9.617805 1.684979 -7.563342 1.375724 -0.080566 0.000000 22.037354 7.501071 -0.000000 -0.000000 -0.000000 -4.569999 11.014879 -2.160840 1.203181 15.343668 14.706010 13.158781 27.555118 58.785218 -0.000007 6.693740 0.000008 -20.179053 -0.514128 6.782823 -2.464807 -1.574002 2.681909 -1.665241 -0.174476 -4.219036 12.710941 -29.825397 -16.130877 -2.646281 -1.527805 1.527815 -15.549407 -3.559428 -12.707123 -1.994597 -1.151579 1.151577 -0.000002 -0.000001 -0.000000 -9.108304 -0.517879 2.259802 0.038555 1.262300 6.823740 0.213716 -1.396026 17.407041 0.046021 -0.653840 8.053242 0.000000 0.000001 0.000002 -9.532502 0.000009 0.000000 -0.136239 -2.205103 14.998885 0.214451 -1.398347 17.436892 0.239775 -1.476522 18.446290 -0.000002 -0.000001 0.000004 -9.103614 -0.043092 -1.865102 0.030599 -3.075760 20.450997 0.308446 -1.668278 20.948539 0.225820 -1.434045 17.897102 -0.000001 0.000002 0.000002 -8.076706 -0.486742 -3.806300 0.748865 -4.885244 26.473759 0.214470 -1.398384 17.437253 0.192999 -1.328173 16.535837 0.000001 -0.000001 0.000001 4.570407 11.014683 -2.160813 1.049447 -17.442066 -12.319461 3.916265 -19.989242 -69.765246 0.000001 -1.459367 -0.000003 -33.230499 -1.364892 -6.186633 2.466103 -1.576207 2.681699 -0.662920 2.160394 4.832512 11.853555 25.421664 17.058283 2.647875 -1.528731 1.528750 -13.813931 3.537292 9.036009 1.998905 -1.154081 1.154074 0.000001 0.000003 0.000001 9.109302 -0.518014 2.259901 0.019846 -0.969576 -7.593533 0.267847 1.752926 -17.375713 0.057670 0.820968 -8.037999 0.000000 0.000001 0.000005 9.533396 0.000010 -0.000000 -0.076334 2.665806 -15.696823 0.268761 1.755834 -17.405525 0.300508 1.854010 -18.413331 -0.000000 -0.000001 0.000001 9.104506 -0.042992 -1.865101 0.136870 3.641811 -21.133500 0.386596 2.094822 -20.911907 0.283018 1.800668 -17.864988 -0.000000 -0.000001 0.000002 8.077801 -0.486895 -3.806302 0.927692 5.555973 -27.128039 0.268768 1.755869 -17.405873 0.241880 1.667721 -16.505886 0.000000 0.000000 -0.000001 -8.207798 -6.751713 -1.599543 0.648648 -10.391049 3.516169 7.327109 -9.763709 -3.277842 -3.649289 -1.650149 3.202045 -7.282869 -0.000007 -0.000000 -0.000001 0.000002 0.000000 8.207800 -6.751718 -1.599544 -10.775406 14.739010 10.344595 12.136703 2.032052 4.168245 1.287348 0.513466 -7.110659 -4.928524 0.000008 -0.000002 0.000000 0.000000 0.000000 
0.145432 103.385368 1.423460 -3.753024 -5.218091 -3.769914 -0.000000 10.181541 0.131526 3.296628 1.543090 2.742651 1.151891 0.339458 1.552798 1.126014 0.361543 1.555887 0.000000 16.740345 -2.049021 5.626309 -0.078963 0.454683 -0.000001 9.617805 1.684979 -7.563342 1.375724 -0.080566 0.000000 22.037354 7.501071 -0.000000 -0.000000 -0.000000 -4.569999 11.014879 -2.160840 1.203181 15.343668 14.706010 13.158781 27.555118 58.785218 -0.000007 6.693740 0.000008 -20.179053 -0.514128 6.782823 -2.464807 -1.574002 2.681909 -1.665241 -0.174476 -4.219036 12.710941 -29.825397 -16.130877 -2.646281 -1.527805 1.527815 -15.549407 -3.559428 -12.707123 -1.994597 -1.151579 1.151577 -0.000002 -0.000001 -0.000000 -9.108304 -0.517879 2.259802 0.038555 1.262300 6.823740 0.213716 -1.396026 17.407041 0.046021 -0.653840 8.053242 0.000000 0.000001 0.000002 -9.532502 0.000009 0.000000 -0.136239 -2.205103 14.998885 0.214451 -1.398347 17.436892 0.239775 -1.476522 18.446290 -0.000002 -0.000001 0.000004 -9.103614 -0.043092 -1.865102 0.030599 -3.075760 20.450997 0.308446 -1.668278 20.948539 0.225820 -1.434045 17.897102 -0.000001 0.000002 0.000002 -8.076706 -0.486742 -3.806300 0.748865 -4.885244 26.473759 0.214470 -1.398384 17.437253 0.192999 -1.328173 16.535837 0.000001 -0.000001 0.000001 4.570407 11.014683 -2.160813 1.049447 -17.442066 -12.319461 3.916265 -19.989242 -69.765246 0.000001 -1.459367 -0.000003 -33.230499 -1.364892 -6.186633 2.466103 -1.576207 2.681699 -0.662920 2.160394 4.832512 11.853555 25.421664 17.058283 2.647875 -1.528731 1.528750 -13.813931 3.537292 9.036009 1.998905 -1.154081 1.154074 0.000001 0.000003 0.000001 9.109302 -0.518014 2.259901 0.019846 -0.969576 -7.593533 0.267847 1.752926 -17.375713 0.057670 0.820968 -8.037999 0.000000 0.000001 0.000005 9.533396 0.000010 -0.000000 -0.076334 2.665806 -15.696823 0.268761 1.755834 -17.405525 0.300508 1.854010 -18.413331 -0.000000 -0.000001 0.000001 9.104506 -0.042992 -1.865101 0.136870 3.641811 -21.133500 0.386596 2.094822 -20.911907 0.283018 1.800668 -17.864988 -0.000000 -0.000001 0.000002 8.077801 -0.486895 -3.806302 0.927692 5.555973 -27.128039 0.268768 1.755869 -17.405873 0.241880 1.667721 -16.505886 0.000000 0.000000 -0.000001 -8.207798 -6.751713 -1.599543 0.648648 -10.391049 3.516169 7.327109 -9.763709 -3.277842 -3.649289 -1.650149 3.202045 -7.282869 -0.000007 -0.000000 -0.000001 0.000002 0.000000 8.207800 -6.751718 -1.599544 -10.775406 14.739010 10.344595 12.136703 2.032052 4.168245 1.287348 0.513466 -7.110659 -4.928524 0.000008 -0.000002 0.000000 0.000000 0.000000 
0.145432 103.385368 1.423460 -3.753024 -5.218091 -3.769914 -0.000000 10.181541 0.131526 3.296628 1.543090 2.742651 1.151891 0.339458 1.552798 1.126014 0.361543 1.555887 0.000000 16.740345 -2.049021 5.626309 -0.078963 0.454683 -0.000001 9.617805 1.684979 -7.563342 1.375724 -0.080566 0.000000 22.037354 7.501071 -0.000000 -0.000000 -0.000000 -4.569999 11.014879 -2.160840 1.203181 15.343668 14.706010 13.158781 27.555118 58.785218 -0.000007 6.693740 0.000008 -20.179053 -0.514128 6.782823 -2.464807 -1.574002 2.681909 -1.665241 -0.174476 -4.219036 12.710941 -29.825397 -16.130877 -2.646281 -1.527805 1.527815 -15.549407 -3.559428 -12.707123 -1.994597 -1.151579 1.151577 -0.000002 -0.000001 -0.000000 -9.108304 -0.517879 2.259802 0.038555 1.262300 6.823740 0.213716 -1.396026 17.407041 0.046021 -0.653840 8.053242 0.000000 0.000001 0.000002 -9.532502 0.000009 0.000000 -0.136239 -2.205103 14.998885 0.214451 -1.398347 17.436892 0.239775 -1.476522 18.446290 -0.000002 -0.000001 0.000004 -9.103614 -0.043092 -1.865102 0.030599 -3.075760 20.450997 0.308446 -1.668278 20.948539 0.225820 -1.434045 17.897102 -0.000001 0.000002 0.000002 -8.076706 -0.486742 -3.806300 0.748865 -4.885244 26.473759 0.214470 -1.398384 17.437253 0.192999 -1.328173 16.535837 0.000001 -0.000001 0.000001 4.570407 11.014683 -2.160813 1.049447 -17.442066 -12.319461 3.916265 -19.989242 -69.765246 0.000001 -1.459367 -0.000003 -33.230499 -1.364892 -6.186633 2.466103 -1.576207 2.681699 -0.662920 2.160394 4.832512 11.853555 25.421664 17.058283 2.647875 -1.528731 1.528750 -13.813931 3.537292 9.036009 1.998905 -1.154081 1.154074 0.000001 0.000003 0.000001 9.109302 -0.518014 2.259901 0.019846 -0.969576 -7.593533 0.267847 1.752926 -17.375713 0.057670 0.820968 -8.037999 0.000000 0.000001 0.000005 9.533396 0.000010 -0.000000 -0.076334 2.665806 -15.696823 0.268761 1.755834 -17.405525 0.300508 1.854010 -18.413331 -0.000000 -0.000001 0.000001 9.104506 -0.042992 -1.865101 0.136870 3.641811 -21.133500 0.386596 2.094822 -20.911907 0.283018 1.800668 -17.864988 -0.000000 -0.000001 0.000002 8.077801 -0.486895 -3.806302 0.927692 5.555973 -27.128039 0.268768 1.755869 -17.405873 0.241880 1.667721 -16.505886 0.000000 0.000000 -0.000001 -8.207798 -6.751713 -1.599543 0.648648 -10.391049 3.516169 7.327109 -9.763709 -3.277842 -3.649289 -1.650149 3.202045 -7.282869 -0.000007 -0.000000 -0.000001 0.000002 0.000000 8.207800 -6.751718 -1.599544 -10.775406 14.739010 10.344595 12.136703 2.032052 4.168245 1.287348 0.513466 -7.110659 -4.928524 0.000008 -0.000002 0.000000 0.000000 0.000000 
0.145432 103.385368 1.423460 -3.753024 -5.218091 -3.769914 -0.000000 10.181541 0.131526 3.296628 1.543090 2.742651 1.151891 0.339458 1.552798 1.126014 0.361543 1.555887 0.000000 16.740345 -2.049021 5.626309 -0.078963 0.454683 -0.000001 9.617805 1.684979 -7.563342 1.375724 -0.080566 0.000000 22.037354 7.501071 -0.000000 -0.000000 -0.000000 -4.569999 11.014879 -2.160840 1.203181 15.343668 14.706010 13.158781 27.555118 58.785218 -0.000007 6.693740 0.000008 -20.179053 -0.514128 6.782823 -2.464807 -1.574002 2.681909 -1.665241 -0.174476 -4.219036 12.710941 -29.825397 -16.130877 -2.646281 -1.527805 1.527815 -15.549407 -3.559428 -12.707123 -1.994597 -1.151579 1.151577 -0.000002 -0.000001 -0.000000 -9.108304 -0.517879 2.259802 0.038555 1.262300 6.823740 0.213716 -1.396026 17.407041 0.046021 -0.653840 8.053242 0.000000 0.000001 0.000002 -9.532502 0.000009 0.000000 -0.136239 -2.205103 14.998885 0.214451 -1.398347 17.436892 0.239775 -1.476522 18.446290 -0.000002 -0.000001 0.000004 -9.103614 -0.043092 -1.865102 0.030599 -3.075760 20.450997 0.308446 -1.668278 20.948539 0.225820 -1.434045 17.897102 -0.000001 0.000002 0.000002 -8.076706 -0.486742 -3.806300 0.748865 -4.885244 26.473759 0.214470 -1.398384 17.437253 0.192999 -1.328173 16.535837 0.000001 -0.000001 0.000001 4.570407 11.014683 -2.160813 1.049447 -17.442066 -12.319461 3.916265 -19.989242 -69.765246 0.000001 -1.459367 -0.000003 -33.230499 -1.364892 -6.186633 2.466103 -1.576207 2.681699 -0.662920 2.160394 4.832512 11.853555 25.421664 17.058283 2.647875 -1.528731 1.528750 -13.813931 3.537292 9.036009 1.998905 -1.154081 1.154074 0.000001 0.000003 0.000001 9.109302 -0.518014 2.259901 0.019846 -0.969576 -7.593533 0.267847 1.752926 -17.375713 0.057670 0.820968 -8.037999 0.000000 0.000001 0.000005 9.533396 0.000010 -0.000000 -0.076334 2.665806 -15.696823 0.268761 1.755834 -17.405525 0.300508 1.854010 -18.413331 -0.000000 -0.000001 0.000001 9.104506 -0.042992 -1.865101 0.136870 3.641811 -21.133500 0.386596 2.094822 -20.911907 0.283018 1.800668 -17.864988 -0.000000 -0.000001 0.000002 8.077801 -0.486895 -3.806302 0.927692 5.555973 -27.128039 0.268768 1.755869 -17.405873 0.241880 1.667721 -16.505886 0.000000 0.000000 -0.000001 -8.207798 -6.751713 -1.599543 0.648648 -10.391049 3.516169 7.327109 -9.763709 -3.277842 -3.649289 -1.650149 3.202045 -7.282869 -0.000007 -0.000000 -0.000001 0.000002 0.000000 8.207800 -6.751718 -1.599544 -10.775406 14.739010 10.344595 12.136703 2.032052 4.168245 1.287348 0.513466 -7.110659 -4.928524 0.000008 -0.000002 0.000000 0.000000 0.000000 
0.145432 103.385368 1.423460 -3.753024 -5.218091 -3.769914 -0.000000 10.181541 0.131526 3.296628 1.543090 2.742651 1.151891 0.339458 1.552798 1.126014 0.361543 1.555887 0.000000 16.740345 -2.049021 5.626309 -0.078963 0.454683 -0.000001 9.617805 1.684979 -7.563342 1.375724 -0.080566 0.000000 22.037354 7.501071 -0.000000 -0.000000 -0.000000 -4.569999 11.014879 -2.160840 1.203181 15.343668 14.706010 13.158781 27.555118 58.785218 -0.000007 6.693740 0.000008 -20.179053 -0.514128 6.782823 -2.464807 -1.574002 2.681909 -1.665241 -0.174476 -4.219036 12.710941 -29.825397 -16.130877 -2.646281 -1.527805 1.527815 -15.549407 -3.559428 -12.707123 -1.994597 -1.151579 1.151577 -0.000002 -0.000001 -0.000000 -9.108304 -0.517879 2.259802 0.038555 1.262300 6.823740 0.213716 -1.396026 17.407041 0.046021 -0.653840 8.053242 0.000000 0.000001 0.000002 -9.532502 0.000009 0.000000 -0.136239 -2.205103 14.998885 0.214451 -1.398347 17.436892 0.239775 -1.476522 18.446290 -0.000002 -0.000001 0.000004 -9.103614 -0.043092 -1.865102 0.030599 -3.075760 20.450997 0.308446 -1.668278 20.948539 0.225820 -1.434045 17.897102 -0.000001 0.000002 0.000002 -8.076706 -0.486742 -3.806300 0.748865 -4.885244 26.473759 0.214470 -1.398384 17.437253 0.192999 -1.328173 16.535837 0.000001 -0.000001 0.000001 4.570407 11.014683 -2.160813 1.049447 -17.442066 -12.319461 3.916265 -19.989242 -69.765246 0.000001 -1.459367 -0.000003 -33.230499 -1.364892 -6.186633 2.466103 -1.576207 2.681699 -0.662920 2.160394 4.832512 11.853555 25.421664 17.058283 2.647875 -1.528731 1.528750 -13.813931 3.537292 9.036009 1.998905 -1.154081 1.154074 0.000001 0.000003 0.000001 9.109302 -0.518014 2.259901 0.019846 -0.969576 -7.593533 0.267847 1.752926 -17.375713 0.057670 0.820968 -8.037999 0.000000 0.000001 0.000005 9.533396 0.000010 -0.000000 -0.076334 2.665806 -15.696823 0.268761 1.755834 -17.405525 0.300508 1.854010 -18.413331 -0.000000 -0.000001 0.000001 9.104506 -0.042992 -1.865101 0.136870 3.641811 -21.133500 0.386596 2.094822 -20.911907 0.283018 1.800668 -17.864988 -0.000000 -0.000001 0.000002 8.077801 -0.486895 -3.806302 0.927692 5.555973 -27.128039 0.268768 1.755869 -17.405873 0.241880 1.667721 -16.505886 0.000000 0.000000 -0.000001 -8.207798 -6.751713 -1.599543 0.648648 -10.391049 3.516169 7.327109 -9.763709 -3.277842 -3.649289 -1.650149 3.202045 -7.282869 -0.000007 -0.000000 -0.000001 0.000002 0.000000 8.207800 -6.751718 -1.599544 -10.775406 14.739010 10.344595 12.136703 2.032052 4.168245 1.287348 0.513466 -7.110659 -4.928524 0.000008 -0.000002 0.000000 0.000000 0.000000 
0.145432 103.385368 1.423460 -3.753024 -5.218091 -3.769914 -0.000000 10.181541 0.131526 3.296628 1.543090 2.742651 1.151891 0.339458 1.552798 1.126014 0.361543 1.555887 0.000000 16.740345 -2.049021 5.626309 -0.078963 0.454683 -0.000001 9.617805 1.684979 -7.563342 1.375724 -0.080566 0.000000 22.037354 7.501071 -0.000000 -0.000000 -0.000000 -4.569999 11.014879 -2.160840 1.203181 15.343668 14.706010 13.158781 27.555118 58.785218 -0.000007 6.693740 0.000008 -20.179053 -0.514128 6.782823 -2.464807 -1.574002 2.681909 -1.665241 -0.174476 -4.219036 12.710941 -29.825397 -16.130877 -2.646281 -1.527805 1.527815 -15.549407 -3.559428 -12.707123 -1.994597 -1.151579 1.151577 -0.000002 -0.000001 -0.000000 -9.108304 -0.517879 2.259802 0.038555 1.262300 6.823740 0.213716 -1.396026 17.407041 0.046021 -0.653840 8.053242 0.000000 0.000001 0.000002 -9.532502 0.000009 0.000000 -0.136239 -2.205103 14.998885 0.214451 -1.398347 17.436892 0.239775 -1.476522 18.446290 -0.000002 -0.000001 0.000004 -9.103614 -0.043092 -1.865102 0.030599 -3.075760 20.450997 0.308446 -1.668278 20.948539 0.225820 -1.434045 17.897102 -0.000001 0.000002 0.000002 -8.076706 -0.486742 -3.806300 0.748865 -4.885244 26.473759 0.214470 -1.398384 17.437253 0.192999 -1.328173 16.535837 0.000001 -0.000001 0.000001 4.570407 11.014683 -2.160813 1.049447 -17.442066 -12.319461 3.916265 -19.989242 -69.765246 0.000001 -1.459367 -0.000003 -33.230499 -1.364892 -6.186633 2.466103 -1.576207 2.681699 -0.662920 2.160394 4.832512 11.853555 25.421664 17.058283 2.647875 -1.528731 1.528750 -13.813931 3.537292 9.036009 1.998905 -1.154081 1.154074 0.000001 0.000003 0.000001 9.109302 -0.518014 2.259901 0.019846 -0.969576 -7.593533 0.267847 1.752926 -17.375713 0.057670 0.820968 -8.037999 0.000000 0.000001 0.000005 9.533396 0.000010 -0.000000 -0.076334 2.665806 -15.696823 0.268761 1.755834 -17.405525 0.300508 1.854010 -18.413331 -0.000000 -0.000001 0.000001 9.104506 -0.042992 -1.865101 0.136870 3.641811 -21.133500 0.386596 2.094822 -20.911907 0.283018 1.800668 -17.864988 -0.000000 -0.000001 0.000002 8.077801 -0.486895 -3.806302 0.927692 5.555973 -27.128039 0.268768 1.755869 -17.405873 0.241880 1.667721 -16.505886 0.000000 0.000000 -0.000001 -8.207798 -6.751713 -1.599543 0.648648 -10.391049 3.516169 7.327109 -9.763709 -3.277842 -3.649289 -1.650149 3.202045 -7.282869 -0.000007 -0.000000 -0.000001 0.000002 0.000000 8.207800 -6.751718 -1.599544 -10.775406 14.739010 10.344595 12.136703 2.032052 4.168245 1.287348 0.513466 -7.110659 -4.928524 0.000008 -0.000002 0.000000 0.000000 0.000000 
0.145432 103.385368 1.423460 -3.753024 -5.218091 -3.769914 -0.000000 10.181541 0.131526 3.296628 1.543090 2.742651 1.151891 0.339458 1.552798 1.126014 0.361543 1.555887 0.000000 16.740345 -2.049021 5.626309 -0.078963 0.454683 -0.000001 9.617805 1.684979 -7.563342 1.375724 -0.080566 0.000000 22.037354 7.501071 -0.000000 -0.000000 -0.000000 -4.569999 11.014879 -2.160840 1.203181 15.343668 14.706010 13.158781 27.555118 58.785218 -0.000007 6.693740 0.000008 -20.179053 -0.514128 6.782823 -2.464807 -1.574002 2.681909 -1.665241 -0.174476 -4.219036 12.710941 -29.825397 -16.130877 -2.646281 -1.527805 1.527815 -15.549407 -3.559428 -12.707123 -1.994597 -1.151579 1.151577 -0.000002 -0.000001 -0.000000 -9.108304 -0.517879 2.259802 0.038555 1.262300 6.823740 0.213716 -1.396026 17.407041 0.046021 -0.653840 8.053242 0.000000 0.000001 0.000002 -9.532502 0.000009 0.000000 -0.136239 -2.205103 14.998885 0.214451 -1.398347 17.436892 0.239775 -1.476522 18.446290 -0.000002 -0.000001 0.000004 -9.103614 -0.043092 -1.865102 0.030599 -3.075760 20.450997 0.308446 -1.668278 20.948539 0.225820 -1.434045 17.897102 -0.000001 0.000002 0.000002 -8.076706 -0.486742 -3.806300 0.748865 -4.885244 26.473759 0.214470 -1.398384 17.437253 0.192999 -1.328173 16.535837 0.000001 -0.000001 0.000001 4.570407 11.014683 -2.160813 1.049447 -17.442066 -12.319461 3.916265 -19.989242 -69.765246 0.000001 -1.459367 -0.000003 -33.230499 -1.364892 -6.186633 2.466103 -1.576207 2.681699 -0.662920 2.160394 4.832512 11.853555 25.421664 17.058283 2.647875 -1.528731 1.528750 -13.813931 3.537292 9.036009 1.998905 -1.154081 1.154074 0.000001 0.000003 0.000001 9.109302 -0.518014 2.259901 0.019846 -0.969576 -7.593533 0.267847 1.752926 -17.375713 0.057670 0.820968 -8.037999 0.000000 0.000001 0.000005 9.533396 0.000010 -0.000000 -0.076334 2.665806 -15.696823 0.268761 1.755834 -17.405525 0.300508 1.854010 -18.413331 -0.000000 -0.000001 0.000001 9.104506 -0.042992 -1.865101 0.136870 3.641811 -21.133500 0.386596 2.094822 -20.911907 0.283018 1.800668 -17.864988 -0.000000 -0.000001 0.000002 8.077801 -0.486895 -3.806302 0.927692 5.555973 -27.128039 0.268768 1.755869 -17.405873 0.241880 1.667721 -16.505886 0.000000 0.000000 -0.000001 -8.207798 -6.751713 -1.599543 0.648648 -10.391049 3.516169 7.327109 -9.763709 -3.277842 -3.649289 -1.650149 3.202045 -7.282869 -0.000007 -0.000000 -0.000001 0.000002 0.000000 8.207800 -6.751718 -1.599544 -10.775406 14.739010 10.344595 12.136703 2.032052 4.168245 1.287348 0.513466 -7.110659 -4.928524 0.000008 -0.000002 0.000000 0.000000 0.000000 
0.145432 103.385368 1.423460 -3.753024 -5.218091 -3.769914 -0.000000 10.181541 0.131526 3.296628 1.543090 2.742651 1.151891 0.339458 1.552798 1.126014 0.361543 1.555887 0.000000 16.740345 -2.049021 5.626309 -0.078963 0.454683 -0.000001 9.617805 1.684979 -7.563342 1.375724 -0.080566 0.000000 22.037354 7.501071 -0.000000 -0.000000 -0.000000 -4.569999 11.014879 -2.160840 1.203181 15.343668 14.706010 13.158781 27.555118 58.785218 -0.000007 6.693740 0.000008 -20.179053 -0.514128 6.782823 -2.464807 -1.574002 2.681909 -1.665241 -0.174476 -4.219036 12.710941 -29.825397 -16.130877 -2.646281 -1.527805 1.527815 -15.549407 -3.559428 -12.707123 -1.994597 -1.151579 1.151577 -0.000002 -0.000001 -0.000000 -9.108304 -0.517879 2.259802 0.038555 1.262300 6.823740 0.213716 -1.396026 17.407041 0.046021 -0.653840 8.053242 0.000000 0.000001 0.000002 -9.532502 0.000009 0.000000 -0.136239 -2.205103 14.998885 0.214451 -1.398347 17.436892 0.239775 -1.476522 18.446290 -0.000002 -0.000001 0.000004 -9.103614 -0.043092 -1.865102 0.030599 -3.075760 20.450997 0.308446 -1.668278 20.948539 0.225820 -1.434045 17.897102 -0.000001 0.000002 0.000002 -8.076706 -0.486742 -3.806300 0.748865 -4.885244 26.473759 0.214470 -1.398384 17.437253 0.192999 -1.328173 16.535837 0.000001 -0.000001 0.000001 4.570407 11.014683 -2.160813 1.049447 -17.442066 -12.319461 3.916265 -19.989242 -69.765246 0.000001 -1.459367 -0.000003 -33.230499 -1.364892 -6.186633 2.466103 -1.576207 2.681699 -0.662920 2.160394 4.832512 11.853555 25.421664 17.058283 2.647875 -1.528731 1.528750 -13.813931 3.537292 9.036009 1.998905 -1.154081 1.154074 0.000001 0.000003 0.000001 9.109302 -0.518014 2.259901 0.019846 -0.969576 -7.593533 0.267847 1.752926 -17.375713 0.057670 0.820968 -8.037999 0.000000 0.000001 0.000005 9.533396 0.000010 -0.000000 -0.076334 2.665806 -15.696823 0.268761 1.755834 -17.405525 0.300508 1.854010 -18.413331 -0.000000 -0.000001 0.000001 9.104506 -0.042992 -1.865101 0.136870 3.641811 -21.133500 0.386596 2.094822 -20.911907 0.283018 1.800668 -17.864988 -0.000000 -0.000001 0.000002 8.077801 -0.486895 -3.806302 0.927692 5.555973 -27.128039 0.268768 1.755869 -17.405873 0.241880 1.667721 -16.505886 0.000000 0.000000 -0.000001 -8.207798 -6.751713 -1.599543 0.648648 -10.391049 3.516169 7.327109 -9.763709 -3.277842 -3.649289 -1.650149 3.202045 -7.282869 -0.000007 -0.000000 -0.000001 0.000002 0.000000 8.207800 -6.751718 -1.599544 -10.775406 14.739010 10.344595 12.136703 2.032052 4.168245 1.287348 0.513466 -7.110659 -4.928524 0.000008 -0.000002 0.000000 0.000000 0.000000 
0.145432 103.385368 1.423460 -3.753024 -5.218091 -3.769914 -0.000000 10.181541 0.131526 3.296628 1.543090 2.742651 1.151891 0.339458 1.552798 1.126014 0.361543 1.555887 0.000000 16.740345 -2.049021 5.626309 -0.078963 0.454683 -0.000001 9.617805 1.684979 -7.563342 1.375724 -0.080566 0.000000 22.037354 7.501071 -0.000000 -0.000000 -0.000000 -4.569999 11.014879 -2.160840 1.203181 15.343668 14.706010 13.158781 27.555118 58.785218 -0.000007 6.693740 0.000008 -20.179053 -0.514128 6.782823 -2.464807 -1.574002 2.681909 -1.665241 -0.174476 -4.219036 12.710941 -29.825397 -16.130877 -2.646281 -1.527805 1.527815 -15.549407 -3.559428 -12.707123 -1.994597 -1.151579 1.151577 -0.000002 -0.000001 -0.000000 -9.108304 -0.517879 2.259802 0.038555 1.262300 6.823740 0.213716 -1.396026 17.407041 0.046021 -0.653840 8.053242 0.000000 0.000001 0.000002 -9.532502 0.000009 0.000000 -0.136239 -2.205103 14.998885 0.214451 -1.398347 17.436892 0.239775 -1.476522 18.446290 -0.000002 -0.000001 0.000004 -9.103614 -0.043092 -1.865102 0.030599 -3.075760 20.450997 0.308446 -1.668278 20.948539 0.225820 -1.434045 17.897102 -0.000001 0.000002 0.000002 -8.076706 -0.486742 -3.806300 0.748865 -4.885244 26.473759 0.214470 -1.398384 17.437253 0.192999 -1.328173 16.535837 0.000001 -0.000001 0.000001 4.570407 11.014683 -2.160813 1.049447 -17.442066 -12.319461 3.916265 -19.989242 -69.765246 0.000001 -1.459367 -0.000003 -33.230499 -1.364892 -6.186633 2.466103 -1.576207 2.681699 -0.662920 2.160394 4.832512 11.853555 25.421664 17.058283 2.647875 -1.528731 1.528750 -13.813931 3.537292 9.036009 1.998905 -1.154081 1.154074 0.000001 0.000003 0.000001 9.109302 -0.518014 2.259901 0.019846 -0.969576 -7.593533 0.267847 1.752926 -17.375713 0.057670 0.820968 -8.037999 0.000000 0.000001 0.000005 9.533396 0.000010 -0.000000 -0.076334 2.665806 -15.696823 0.268761 1.755834 -17.405525 0.300508 1.854010 -18.413331 -0.000000 -0.000001 0.000001 9.104506 -0.042992 -1.865101 0.136870 3.641811 -21.133500 0.386596 2.094822 -20.911907 0.283018 1.800668 -17.864988 -0.000000 -0.000001 0.000002 8.077801 -0.486895 -3.806302 0.927692 5.555973 -27.128039 0.268768 1.755869 -17.405873 0.241880 1.667721 -16.505886 0.000000 0.000000 -0.000001 -8.207798 -6.751713 -1.599543 0.648648 -10.391049 3.516169 7.327109 -9.763709 -3.277842 -3.649289 -1.650149 3.202045 -7.282869 -0.000007 -0.000000 -0.000001 0.000002 0.000000 8.207800 -6.751718 -1.599544 -10.775406 14.739010 10.344595 12.136703 2.032052 4.168245 1.287348 0.513466 -7.110659 -4.928524 0.000008 -0.000002 0.000000 0.000000 0.000000 
0.145432 103.385368 1.423460 -3.753024 -5.218091 -3.769914 -0.000000 10.181541 0.131526 3.296628 1.543090 2.742651 1.151891 0.339458 1.552798 1.126014 0.361543 1.555887 0.000000 16.740345 -2.049021 5.626309 -0.078963 0.454683 -0.000001 9.617805 1.684979 -7.563342 1.375724 -0.080566 0.000000 22.037354 7.501071 -0.000000 -0.000000 -0.000000 -4.569999 11.014879 -2.160840 1.203181 15.343668 14.706010 13.158781 27.555118 58.785218 -0.000007 6.693740 0.000008 -20.179053 -0.514128 6.782823 -2.464807 -1.574002 2.681909 -1.665241 -0.174476 -4.219036 12.710941 -29.825397 -16.130877 -2.646281 -1.527805 1.527815 -15.549407 -3.559428 -12.707123 -1.994597 -1.151579 1.151577 -0.000002 -0.000001 -0.000000 -9.108304 -0.517879 2.259802 0.038555 1.262300 6.823740 0.213716 -1.396026 17.407041 0.046021 -0.653840 8.053242 0.000000 0.000001 0.000002 -9.532502 0.000009 0.000000 -0.136239 -2.205103 14.998885 0.214451 -1.398347 17.436892 0.239775 -1.476522 18.446290 -0.000002 -0.000001 0.000004 -9.103614 -0.043092 -1.865102 0.030599 -3.075760 20.450997 0.308446 -1.668278 20.948539 0.225820 -1.434045 17.897102 -0.000001 0.000002 0.000002 -8.076706 -0.486742 -3.806300 0.748865 -4.885244 26.473759 0.214470 -1.398384 17.437253 0.192999 -1.328173 16.535837 0.000001 -0.000001 0.000001 4.570407 11.014683 -2.160813 1.049447 -17.442066 -12.319461 3.916265 -19.989242 -69.765246 0.000001 -1.459367 -0.000003 -33.230499 -1.364892 -6.186633 2.466103 -1.576207 2.681699 -0.662920 2.160394 4.832512 11.853555 25.421664 17.058283 2.647875 -1.528731 1.528750 -13.813931 3.537292 9.036009 1.998905 -1.154081 1.154074 0.000001 0.000003 0.000001 9.109302 -0.518014 2.259901 0.019846 -0.969576 -7.593533 0.267847 1.752926 -17.375713 0.057670 0.820968 -8.037999 0.000000 0.000001 0.000005 9.533396 0.000010 -0.000000 -0.076334 2.665806 -15.696823 0.268761 1.755834 -17.405525 0.300508 1.854010 -18.413331 -0.000000 -0.000001 0.000001 9.104506 -0.042992 -1.865101 0.136870 3.641811 -21.133500 0.386596 2.094822 -20.911907 0.283018 1.800668 -17.864988 -0.000000 -0.000001 0.000002 8.077801 -0.486895 -3.806302 0.927692 5.555973 -27.128039 0.268768 1.755869 -17.405873 0.241880 1.667721 -16.505886 0.000000 0.000000 -0.000001 -8.207798 -6.751713 -1.599543 0.648648 -10.391049 3.516169 7.327109 -9.763709 -3.277842 -3.649289 -1.650149 3.202045 -7.282869 -0.000007 -0.000000 -0.000001 0.000002 0.000000 8.207800 -6.751718 -1.599544 -10.775406 14.739010 10.344595 12.136703 2.032052 4.168245 1.287348 0.513466 -7.110659 -4.928524 0.000008 -0.000002 0.000000 0.000000 0.000000 
0.145432 103.385368 1.423460 -3.753024 -5.218091 -3.769914 -0.000000 10.181541 0.131526 3.296628 1.543090 2.742651 1.151891 0.339458 1.552798 1.126014 0.361543 1.555887 0.000000 16.740345 -2.049021 5.626309 -0.078963 0.454683 -0.000001 9.617805 1.684979 -7.563342 1.375724 -0.080566 0.000000 22.037354 7.501071 -0.000000 -0.000000 -0.000000 -4.569999 11.014879 -2.160840 1.203181 15.343668 14.706010 13.158781 27.555118 58.785218 -0.000007 6.693740 0.000008 -20.179053 -0.514128 6.782823 -2.464807 -1.574002 2.681909 -1.665241 -0.174476 -4.219036 12.710941 -29.825397 -16.130877 -2.646281 -1.527805 1.527815 -15.549407 -3.559428 -12.707123 -1.994597 -1.151579 1.151577 -0.000002 -0.000001 -0.000000 -9.108304 -0.517879 2.259802 0.038555 1.262300 6.823740 0.213716 -1.396026 17.407041 0.046021 -0.653840 8.053242 0.000000 0.000001 0.000002 -9.532502 0.000009 0.000000 -0.136239 -2.205103 14.998885 0.214451 -1.398347 17.436892 0.239775 -1.476522 18.446290 -0.000002 -0.000001 0.000004 -9.103614 -0.043092 -1.865102 0.030599 -3.075760 20.450997 0.308446 -1.668278 20.948539 0.225820 -1.434045 17.897102 -0.000001 0.000002 0.000002 -8.076706 -0.486742 -3.806300 0.748865 -4.885244 26.473759 0.214470 -1.398384 17.437253 0.192999 -1.328173 16.535837 0.000001 -0.000001 0.000001 4.570407 11.014683 -2.160813 1.049447 -17.442066 -12.319461 3.916265 -19.989242 -69.765246 0.000001 -1.459367 -0.000003 -33.230499 -1.364892 -6.186633 2.466103 -1.576207 2.681699 -0.662920 2.160394 4.832512 11.853555 25.421664 17.058283 2.647875 -1.528731 1.528750 -13.813931 3.537292 9.036009 1.998905 -1.154081 1.154074 0.000001 0.000003 0.000001 9.109302 -0.518014 2.259901 0.019846 -0.969576 -7.593533 0.267847 1.752926 -17.375713 0.057670 0.820968 -8.037999 0.000000 0.000001 0.000005 9.533396 0.000010 -0.000000 -0.076334 2.665806 -15.696823 0.268761 1.755834 -17.405525 0.300508 1.854010 -18.413331 -0.000000 -0.000001 0.000001 9.104506 -0.042992 -1.865101 0.136870 3.641811 -21.133500 0.386596 2.094822 -20.911907 0.283018 1.800668 -17.864988 -0.000000 -0.000001 0.000002 8.077801 -0.486895 -3.806302 0.927692 5.555973 -27.128039 0.268768 1.755869 -17.405873 0.241880 1.667721 -16.505886 0.000000 0.000000 -0.000001 -8.207798 -6.751713 -1.599543 0.648648 -10.391049 3.516169 7.327109 -9.763709 -3.277842 -3.649289 -1.650149 3.202045 -7.282869 -0.000007 -0.000000 -0.000001 0.000002 0.000000 8.207800 -6.751718 -1.599544 -10.775406 14.739010 10.344595 12.136703 2.032052 4.168245 1.287348 0.513466 -7.110659 -4.928524 0.000008 -0.000002 0.000000 0.000000 0.000000 
0.145432 103.385368 1.423460 -3.753024 -5.218091 -3.769914 -0.000000 10.181541 0.131526 3.296628 1.543090 2.742651 1.151891 0.339458 1.552798 1.126014 0.361543 1.555887 0.000000 16.740345 -2.049021 5.626309 -0.078963 0.454683 -0.000001 9.617805 1.684979 -7.563342 1.375724 -0.080566 0.000000 22.037354 7.501071 -0.000000 -0.000000 -0.000000 -4.569999 11.014879 -2.160840 1.203181 15.343668 14.706010 13.158781 27.555118 58.785218 -0.000007 6.693740 0.000008 -20.179053 -0.514128 6.782823 -2.464807 -1.574002 2.681909 -1.665241 -0.174476 -4.219036 12.710941 -29.825397 -16.130877 -2.646281 -1.527805 1.527815 -15.549407 -3.559428 -12.707123 -1.994597 -1.151579 1.151577 -0.000002 -0.000001 -0.000000 -9.108304 -0.517879 2.259802 0.038555 1.262300 6.823740 0.213716 -1.396026 17.407041 0.046021 -0.653840 8.053242 0.000000 0.000001 0.000002 -9.532502 0.000009 0.000000 -0.136239 -2.205103 14.998885 0.214451 -1.398347 17.436892 0.239775 -1.476522 18.446290 -0.000002 -0.000001 0.000004 -9.103614 -0.043092 -1.865102 0.030599 -3.075760 20.450997 0.308446 -1.668278 20.948539 0.225820 -1.434045 17.897102 -0.000001 0.000002 0.000002 -8.076706 -0.486742 -3.806300 0.748865 -4.885244 26.473759 0.214470 -1.398384 17.437253 0.192999 -1.328173 16.535837 0.000001 -0.000001 0.000001 4.570407 11.014683 -2.160813 1.049447 -17.442066 -12.319461 3.916265 -19.989242 -69.765246 0.000001 -1.459367 -0.000003 -33.230499 -1.364892 -6.186633 2.466103 -1.576207 2.681699 -0.662920 2.160394 4.832512 11.853555 25.421664 17.058283 2.647875 -1.528731 1.528750 -13.813931 3.537292 9.036009 1.998905 -1.154081 1.154074 0.000001 0.000003 0.000001 9.109302 -0.518014 2.259901 0.019846 -0.969576 -7.593533 0.267847 1.752926 -17.375713 0.057670 0.820968 -8.037999 0.000000 0.000001 0.000005 9.533396 0.000010 -0.000000 -0.076334 2.665806 -15.696823 0.268761 1.755834 -17.405525 0.300508 1.854010 -18.413331 -0.000000 -0.000001 0.000001 9.104506 -0.042992 -1.865101 0.136870 3.641811 -21.133500 0.386596 2.094822 -20.911907 0.283018 1.800668 -17.864988 -0.000000 -0.000001 0.000002 8.077801 -0.486895 -3.806302 0.927692 5.555973 -27.128039 0.268768 1.755869 -17.405873 0.241880 1.667721 -16.505886 0.000000 0.000000 -0.000001 -8.207798 -6.751713 -1.599543 0.648648 -10.391049 3.516169 7.327109 -9.763709 -3.277842 -3.649289 -1.650149 3.202045 -7.282869 -0.000007 -0.000000 -0.000001 0.000002 0.000000 8.207800 -6.751718 -1.599544 -10.775406 14.739010 10.344595 12.136703 2.032052 4.168245 1.287348 0.513466 -7.110659 -4.928524 0.000008 -0.000002 0.000000 0.000000 0.000000 
0.145432 103.385368 1.423460 -3.753024 -5.218091 -3.769914 -0.000000 10.181541 0.131526 3.296628 1.543090 2.742651 1.151891 0.339458 1.552798 1.126014 0.361543 1.555887 0.000000 16.740345 -2.049021 5.626309 -0.078963 0.454683 -0.000001 9.617805 1.684979 -7.563342 1.375724 -0.080566 0.000000 22.037354 7.501071 -0.000000 -0.000000 -0.000000 -4.569999 11.014879 -2.160840 1.203181 15.343668 14.706010 13.158781 27.555118 58.785218 -0.000007 6.693740 0.000008 -20.179053 -0.514128 6.782823 -2.464807 -1.574002 2.681909 -1.665241 -0.174476 -4.219036 12.710941 -29.825397 -16.130877 -2.646281 -1.527805 1.527815 -15.549407 -3.559428 -12.707123 -1.994597 -1.151579 1.151577 -0.000002 -0.000001 -0.000000 -9.108304 -0.517879 2.259802 0.038555 1.262300 6.823740 0.213716 -1.396026 17.407041 0.046021 -0.653840 8.053242 0.000000 0.000001 0.000002 -9.532502 0.000009 0.000000 -0.136239 -2.205103 14.998885 0.214451 -1.398347 17.436892 0.239775 -1.476522 18.446290 -0.000002 -0.000001 0.000004 -9.103614 -0.043092 -1.865102 0.030599 -3.075760 20.450997 0.308446 -1.668278 20.948539 0.225820 -1.434045 17.897102 -0.000001 0.000002 0.000002 -8.076706 -0.486742 -3.806300 0.748865 -4.885244 26.473759 0.214470 -1.398384 17.437253 0.192999 -1.328173 16.535837 0.000001 -0.000001 0.000001 4.570407 11.014683 -2.160813 1.049447 -17.442066 -12.319461 3.916265 -19.989242 -69.765246 0.000001 -1.459367 -0.000003 -33.230499 -1.364892 -6.186633 2.466103 -1.576207 2.681699 -0.662920 2.160394 4.832512 11.853555 25.421664 17.058283 2.647875 -1.528731 1.528750 -13.813931 3.537292 9.036009 1.998905 -1.154081 1.154074 0.000001 0.000003 0.000001 9.109302 -0.518014 2.259901 0.019846 -0.969576 -7.593533 0.267847 1.752926 -17.375713 0.057670 0.820968 -8.037999 0.000000 0.000001 0.000005 9.533396 0.000010 -0.000000 -0.076334 2.665806 -15.696823 0.268761 1.755834 -17.405525 0.300508 1.854010 -18.413331 -0.000000 -0.000001 0.000001 9.104506 -0.042992 -1.865101 0.136870 3.641811 -21.133500 0.386596 2.094822 -20.911907 0.283018 1.800668 -17.864988 -0.000000 -0.000001 0.000002 8.077801 -0.486895 -3.806302 0.927692 5.555973 -27.128039 0.268768 1.755869 -17.405873 0.241880 1.667721 -16.505886 0.000000 0.000000 -0.000001 -8.207798 -6.751713 -1.599543 0.648648 -10.391049 3.516169 7.327109 -9.763709 -3.277842 -3.649289 -1.650149 3.202045 -7.282869 -0.000007 -0.000000 -0.000001 0.000002 0.000000 8.207800 -6.751718 -1.599544 -10.775406 14.739010 10.344595 12.136703 2.032052 4.168245 1.287348 0.513466 -7.110659 -4.928524 0.000008 -0.000002 0.000000 0.000000 0.000000 
0.145432 103.385368 1.423460 -3.753024 -5.218091 -3.769914 -0.000000 10.181541 0.131526 3.296628 1.543090 2.742651 1.151891 0.339458 1.552798 1.126014 0.361543 1.555887 0.000000 16.740345 -2.049021 5.626309 -0.078963 0.454683 -0.000001 9.617805 1.684979 -7.563342 1.375724 -0.080566 0.000000 22.037354 7.501071 -0.000000 -0.000000 -0.000000 -4.569999 11.014879 -2.160840 1.203181 15.343668 14.706010 13.158781 27.555118 58.785218 -0.000007 6.693740 0.000008 -20.179053 -0.514128 6.782823 -2.464807 -1.574002 2.681909 -1.665241 -0.174476 -4.219036 12.710941 -29.825397 -16.130877 -2.646281 -1.527805 1.527815 -15.549407 -3.559428 -12.707123 -1.994597 -1.151579 1.151577 -0.000002 -0.000001 -0.000000 -9.108304 -0.517879 2.259802 0.038555 1.262300 6.823740 0.213716 -1.396026 17.407041 0.046021 -0.653840 8.053242 0.000000 0.000001 0.000002 -9.532502 0.000009 0.000000 -0.136239 -2.205103 14.998885 0.214451 -1.398347 17.436892 0.239775 -1.476522 18.446290 -0.000002 -0.000001 0.000004 -9.103614 -0.043092 -1.865102 0.030599 -3.075760 20.450997 0.308446 -1.668278 20.948539 0.225820 -1.434045 17.897102 -0.000001 0.000002 0.000002 -8.076706 -0.486742 -3.806300 0.748865 -4.885244 26.473759 0.214470 -1.398384 17.437253 0.192999 -1.328173 16.535837 0.000001 -0.000001 0.000001 4.570407 11.014683 -2.160813 1.049447 -17.442066 -12.319461 3.916265 -19.989242 -69.765246 0.000001 -1.459367 -0.000003 -33.230499 -1.364892 -6.186633 2.466103 -1.576207 2.681699 -0.662920 2.160394 4.832512 11.853555 25.421664 17.058283 2.647875 -1.528731 1.528750 -13.813931 3.537292 9.036009 1.998905 -1.154081 1.154074 0.000001 0.000003 0.000001 9.109302 -0.518014 2.259901 0.019846 -0.969576 -7.593533 0.267847 1.752926 -17.375713 0.057670 0.820968 -8.037999 0.000000 0.000001 0.000005 9.533396 0.000010 -0.000000 -0.076334 2.665806 -15.696823 0.268761 1.755834 -17.405525 0.300508 1.854010 -18.413331 -0.000000 -0.000001 0.000001 9.104506 -0.042992 -1.865101 0.136870 3.641811 -21.133500 0.386596 2.094822 -20.911907 0.283018 1.800668 -17.864988 -0.000000 -0.000001 0.000002 8.077801 -0.486895 -3.806302 0.927692 5.555973 -27.128039 0.268768 1.755869 -17.405873 0.241880 1.667721 -16.505886 0.000000 0.000000 -0.000001 -8.207798 -6.751713 -1.599543 0.648648 -10.391049 3.516169 7.327109 -9.763709 -3.277842 -3.649289 -1.650149 3.202045 -7.282869 -0.000007 -0.000000 -0.000001 0.000002 0.000000 8.207800 -6.751718 -1.599544 -10.775406 14.739010 10.344595 12.136703 2.032052 4.168245 1.287348 0.513466 -7.110659 -4.928524 0.000008 -0.000002 0.000000 0.000000 0.000000 
0.145432 103.385368 1.423460 -3.753024 -5.218091 -3.769914 -0.000000 10.181541 0.131526 3.296628 1.543090 2.742651 1.151891 0.339458 1.552798 1.126014 0.361543 1.555887 0.000000 16.740345 -2.049021 5.626309 -0.078963 0.454683 -0.000001 9.617805 1.684979 -7.563342 1.375724 -0.080566 0.000000 22.037354 7.501071 -0.000000 -0.000000 -0.000000 -4.569999 11.014879 -2.160840 1.203181 15.343668 14.706010 13.158781 27.555118 58.785218 -0.000007 6.693740 0.000008 -20.179053 -0.514128 6.782823 -2.464807 -1.574002 2.681909 -1.665241 -0.174476 -4.219036 12.710941 -29.825397 -16.130877 -2.646281 -1.527805 1.527815 -15.549407 -3.559428 -12.707123 -1.994597 -1.151579 1.151577 -0.000002 -0.000001 -0.000000 -9.108304 -0.517879 2.259802 0.038555 1.262300 6.823740 0.213716 -1.396026 17.407041 0.046021 -0.653840 8.053242 0.000000 0.000001 0.000002 -9.532502 0.000009 0.000000 -0.136239 -2.205103 14.998885 0.214451 -1.398347 17.436892 0.239775 -1.476522 18.446290 -0.000002 -0.000001 0.000004 -9.103614 -0.043092 -1.865102 0.030599 -3.075760 20.450997 0.308446 -1.668278 20.948539 0.225820 -1.434045 17.897102 -0.000001 0.000002 0.000002 -8.076706 -0.486742 -3.806300 0.748865 -4.885244 26.473759 0.214470 -1.398384 17.437253 0.192999 -1.328173 16.535837 0.000001 -0.000001 0.000001 4.570407 11.014683 -2.160813 1.049447 -17.442066 -12.319461 3.916265 -19.989242 -69.765246 0.000001 -1.459367 -0.000003 -33.230499 -1.364892 -6.186633 2.466103 -1.576207 2.681699 -0.662920 2.160394 4.832512 11.853555 25.421664 17.058283 2.647875 -1.528731 1.528750 -13.813931 3.537292 9.036009 1.998905 -1.154081 1.154074 0.000001 0.000003 0.000001 9.109302 -0.518014 2.259901 0.019846 -0.969576 -7.593533 0.267847 1.752926 -17.375713 0.057670 0.820968 -8.037999 0.000000 0.000001 0.000005 9.533396 0.000010 -0.000000 -0.076334 2.665806 -15.696823 0.268761 1.755834 -17.405525 0.300508 1.854010 -18.413331 -0.000000 -0.000001 0.000001 9.104506 -0.042992 -1.865101 0.136870 3.641811 -21.133500 0.386596 2.094822 -20.911907 0.283018 1.800668 -17.864988 -0.000000 -0.000001 0.000002 8.077801 -0.486895 -3.806302 0.927692 5.555973 -27.128039 0.268768 1.755869 -17.405873 0.241880 1.667721 -16.505886 0.000000 0.000000 -0.000001 -8.207798 -6.751713 -1.599543 0.648648 -10.391049 3.516169 7.327109 -9.763709 -3.277842 -3.649289 -1.650149 3.202045 -7.282869 -0.000007 -0.000000 -0.000001 0.000002 0.000000 8.207800 -6.751718 -1.599544 -10.775406 14.739010 10.344595 12.136703 2.032052 4.168245 1.287348 0.513466 -7.110659 -4.928524 0.000008 -0.000002 0.000000 0.000000 0.000000 
0.145432 103.385368 1.423460 -3.753024 -5.218091 -3.769914 -0.000000 10.181541 0.131526 3.296628 1.543090 2.742651 1.151891 0.339458 1.552798 1.126014 0.361543 1.555887 0.000000 16.740345 -2.049021 5.626309 -0.078963 0.454683 -0.000001 9.617805 1.684979 -7.563342 1.375724 -0.080566 0.000000 22.037354 7.501071 -0.000000 -0.000000 -0.000000 -4.569999 11.014879 -2.160840 1.203181 15.343668 14.706010 13.158781 27.555118 58.785218 -0.000007 6.693740 0.000008 -20.179053 -0.514128 6.782823 -2.464807 -1.574002 2.681909 -1.665241 -0.174476 -4.219036 12.710941 -29.825397 -16.130877 -2.646281 -1.527805 1.527815 -15.549407 -3.559428 -12.707123 -1.994597 -1.151579 1.151577 -0.000002 -0.000001 -0.000000 -9.108304 -0.517879 2.259802 0.038555 1.262300 6.823740 0.213716 -1.396026 17.407041 0.046021 -0.653840 8.053242 0.000000 0.000001 0.000002 -9.532502 0.000009 0.000000 -0.136239 -2.205103 14.998885 0.214451 -1.398347 17.436892 0.239775 -1.476522 18.446290 -0.000002 -0.000001 0.000004 -9.103614 -0.043092 -1.865102 0.030599 -3.075760 20.450997 0.308446 -1.668278 20.948539 0.225820 -1.434045 17.897102 -0.000001 0.000002 0.000002 -8.076706 -0.486742 -3.806300 0.748865 -4.885244 26.473759 0.214470 -1.398384 17.437253 0.192999 -1.328173 16.535837 0.000001 -0.000001 0.000001 4.570407 11.014683 -2.160813 1.049447 -17.442066 -12.319461 3.916265 -19.989242 -69.765246 0.000001 -1.459367 -0.000003 -33.230499 -1.364892 -6.186633 2.466103 -1.576207 2.681699 -0.662920 2.160394 4.832512 11.853555 25.421664 17.058283 2.647875 -1.528731 1.528750 -13.813931 3.537292 9.036009 1.998905 -1.154081 1.154074 0.000001 0.000003 0.000001 9.109302 -0.518014 2.259901 0.019846 -0.969576 -7.593533 0.267847 1.752926 -17.375713 0.057670 0.820968 -8.037999 0.000000 0.000001 0.000005 9.533396 0.000010 -0.000000 -0.076334 2.665806 -15.696823 0.268761 1.755834 -17.405525 0.300508 1.854010 -18.413331 -0.000000 -0.000001 0.000001 9.104506 -0.042992 -1.865101 0.136870 3.641811 -21.133500 0.386596 2.094822 -20.911907 0.283018 1.800668 -17.864988 -0.000000 -0.000001 0.000002 8.077801 -0.486895 -3.806302 0.927692 5.555973 -27.128039 0.268768 1.755869 -17.405873 0.241880 1.667721 -16.505886 0.000000 0.000000 -0.000001 -8.207798 -6.751713 -1.599543 0.648648 -10.391049 3.516169 7.327109 -9.763709 -3.277842 -3.649289 -1.650149 3.202045 -7.282869 -0.000007 -0.000000 -0.000001 0.000002 0.000000 8.207800 -6.751718 -1.599544 -10.775406 14.739010 10.344595 12.136703 2.032052 4.168245 1.287348 0.513466 -7.110659 -4.928524 0.000008 -0.000002 0.000000 0.000000 0.000000 
0.145432 103.385368 1.423460 -3.753024 -5.218091 -3.769914 -0.000000 10.181541 0.131526 3.296628 1.543090 2.742651 1.151891 0.339458 1.552798 1.126014 0.361543 1.555887 0.000000 16.740345 -2.049021 5.626309 -0.078963 0.454683 -0.000001 9.617805 1.684979 -7.563342 1.375724 -0.080566 0.000000 22.037354 7.501071 -0.000000 -0.000000 -0.000000 -4.569999 11.014879 -2.160840 1.203181 15.343668 14.706010 13.158781 27.555118 58.785218 -0.000007 6.693740 0.000008 -20.179053 -0.514128 6.782823 -2.464807 -1.574002 2.681909 -1.665241 -0.174476 -4.219036 12.710941 -29.825397 -16.130877 -2.646281 -1.527805 1.527815 -15.549407 -3.559428 -12.707123 -1.994597 -1.151579 1.151577 -0.000002 -0.000001 -0.000000 -9.108304 -0.517879 2.259802 0.038555 1.262300 6.823740 0.213716 -1.396026 17.407041 0.046021 -0.653840 8.053242 0.000000 0.000001 0.000002 -9.532502 0.000009 0.000000 -0.136239 -2.205103 14.998885 0.214451 -1.398347 17.436892 0.239775 -1.476522 18.446290 -0.000002 -0.000001 0.000004 -9.103614 -0.043092 -1.865102 0.030599 -3.075760 20.450997 0.308446 -1.668278 20.948539 0.225820 -1.434045 17.897102 -0.000001 0.000002 0.000002 -8.076706 -0.486742 -3.806300 0.748865 -4.885244 26.473759 0.214470 -1.398384 17.437253 0.192999 -1.328173 16.535837 0.000001 -0.000001 0.000001 4.570407 11.014683 -2.160813 1.049447 -17.442066 -12.319461 3.916265 -19.989242 -69.765246 0.000001 -1.459367 -0.000003 -33.230499 -1.364892 -6.186633 2.466103 -1.576207 2.681699 -0.662920 2.160394 4.832512 11.853555 25.421664 17.058283 2.647875 -1.528731 1.528750 -13.813931 3.537292 9.036009 1.998905 -1.154081 1.154074 0.000001 0.000003 0.000001 9.109302 -0.518014 2.259901 0.019846 -0.969576 -7.593533 0.267847 1.752926 -17.375713 0.057670 0.820968 -8.037999 0.000000 0.000001 0.000005 9.533396 0.000010 -0.000000 -0.076334 2.665806 -15.696823 0.268761 1.755834 -17.405525 0.300508 1.854010 -18.413331 -0.000000 -0.000001 0.000001 9.104506 -0.042992 -1.865101 0.136870 3.641811 -21.133500 0.386596 2.094822 -20.911907 0.283018 1.800668 -17.864988 -0.000000 -0.000001 0.000002 8.077801 -0.486895 -3.806302 0.927692 5.555973 -27.128039 0.268768 1.755869 -17.405873 0.241880 1.667721 -16.505886 0.000000 0.000000 -0.000001 -8.207798 -6.751713 -1.599543 0.648648 -10.391049 3.516169 7.327109 -9.763709 -3.277842 -3.649289 -1.650149 3.202045 -7.282869 -0.000007 -0.000000 -0.000001 0.000002 0.000000 8.207800 -6.751718 -1.599544 -10.775406 14.739010 10.344595 12.136703 2.032052 4.168245 1.287348 0.513466 -7.110659 -4.928524 0.000008 -0.000002 0.000000 0.000000 0.000000 
0.145432 103.385368 1.423460 -3.753024 -5.218091 -3.769914 -0.000000 10.181541 0.131526 3.296628 1.543090 2.742651 1.151891 0.339458 1.552798 1.126014 0.361543 1.555887 0.000000 16.740345 -2.049021 5.626309 -0.078963 0.454683 -0.000001 9.617805 1.684979 -7.563342 1.375724 -0.080566 0.000000 22.037354 7.501071 -0.000000 -0.000000 -0.000000 -4.569999 11.014879 -2.160840 1.203181 15.343668 14.706010 13.158781 27.555118 58.785218 -0.000007 6.693740 0.000008 -20.179053 -0.514128 6.782823 -2.464807 -1.574002 2.681909 -1.665241 -0.174476 -4.219036 12.710941 -29.825397 -16.130877 -2.646281 -1.527805 1.527815 -15.549407 -3.559428 -12.707123 -1.994597 -1.151579 1.151577 -0.000002 -0.000001 -0.000000 -9.108304 -0.517879 2.259802 0.038555 1.262300 6.823740 0.213716 -1.396026 17.407041 0.046021 -0.653840 8.053242 0.000000 0.000001 0.000002 -9.532502 0.000009 0.000000 -0.136239 -2.205103 14.998885 0.214451 -1.398347 17.436892 0.239775 -1.476522 18.446290 -0.000002 -0.000001 0.000004 -9.103614 -0.043092 -1.865102 0.030599 -3.075760 20.450997 0.308446 -1.668278 20.948539 0.225820 -1.434045 17.897102 -0.000001 0.000002 0.000002 -8.076706 -0.486742 -3.806300 0.748865 -4.885244 26.473759 0.214470 -1.398384 17.437253 0.192999 -1.328173 16.535837 0.000001 -0.000001 0.000001 4.570407 11.014683 -2.160813 1.049447 -17.442066 -12.319461 3.916265 -19.989242 -69.765246 0.000001 -1.459367 -0.000003 -33.230499 -1.364892 -6.186633 2.466103 -1.576207 2.681699 -0.662920 2.160394 4.832512 11.853555 25.421664 17.058283 2.647875 -1.528731 1.528750 -13.813931 3.537292 9.036009 1.998905 -1.154081 1.154074 0.000001 0.000003 0.000001 9.109302 -0.518014 2.259901 0.019846 -0.969576 -7.593533 0.267847 1.752926 -17.375713 0.057670 0.820968 -8.037999 0.000000 0.000001 0.000005 9.533396 0.000010 -0.000000 -0.076334 2.665806 -15.696823 0.268761 1.755834 -17.405525 0.300508 1.854010 -18.413331 -0.000000 -0.000001 0.000001 9.104506 -0.042992 -1.865101 0.136870 3.641811 -21.133500 0.386596 2.094822 -20.911907 0.283018 1.800668 -17.864988 -0.000000 -0.000001 0.000002 8.077801 -0.486895 -3.806302 0.927692 5.555973 -27.128039 0.268768 1.755869 -17.405873 0.241880 1.667721 -16.505886 0.000000 0.000000 -0.000001 -8.207798 -6.751713 -1.599543 0.648648 -10.391049 3.516169 7.327109 -9.763709 -3.277842 -3.649289 -1.650149 3.202045 -7.282869 -0.000007 -0.000000 -0.000001 0.000002 0.000000 8.207800 -6.751718 -1.599544 -10.775406 14.739010 10.344595 12.136703 2.032052 4.168245 1.287348 0.513466 -7.110659 -4.928524 0.000008 -0.000002 0.000000 0.000000 0.000000 
0.145432 103.385368 1.423460 -3.753024 -5.218091 -3.769914 -0.000000 10.181541 0.131526 3.296628 1.543090 2.742651 1.151891 0.339458 1.552798 1.126014 0.361543 1.555887 0.000000 16.740345 -2.049021 5.626309 -0.078963 0.454683 -0.000001 9.617805 1.684979 -7.563342 1.375724 -0.080566 0.000000 22.037354 7.501071 -0.000000 -0.000000 -0.000000 -4.569999 11.014879 -2.160840 1.203181 15.343668 14.706010 13.158781 27.555118 58.785218 -0.000007 6.693740 0.000008 -20.179053 -0.514128 6.782823 -2.464807 -1.574002 2.681909 -1.665241 -0.174476 -4.219036 12.710941 -29.825397 -16.130877 -2.646281 -1.527805 1.527815 -15.549407 -3.559428 -12.707123 -1.994597 -1.151579 1.151577 -0.000002 -0.000001 -0.000000 -9.108304 -0.517879 2.259802 0.038555 1.262300 6.823740 0.213716 -1.396026 17.407041 0.046021 -0.653840 8.053242 0.000000 0.000001 0.000002 -9.532502 0.000009 0.000000 -0.136239 -2.205103 14.998885 0.214451 -1.398347 17.436892 0.239775 -1.476522 18.446290 -0.000002 -0.000001 0.000004 -9.103614 -0.043092 -1.865102 0.030599 -3.075760 20.450997 0.308446 -1.668278 20.948539 0.225820 -1.434045 17.897102 -0.000001 0.000002 0.000002 -8.076706 -0.486742 -3.806300 0.748865 -4.885244 26.473759 0.214470 -1.398384 17.437253 0.192999 -1.328173 16.535837 0.000001 -0.000001 0.000001 4.570407 11.014683 -2.160813 1.049447 -17.442066 -12.319461 3.916265 -19.989242 -69.765246 0.000001 -1.459367 -0.000003 -33.230499 -1.364892 -6.186633 2.466103 -1.576207 2.681699 -0.662920 2.160394 4.832512 11.853555 25.421664 17.058283 2.647875 -1.528731 1.528750 -13.813931 3.537292 9.036009 1.998905 -1.154081 1.154074 0.000001 0.000003 0.000001 9.109302 -0.518014 2.259901 0.019846 -0.969576 -7.593533 0.267847 1.752926 -17.375713 0.057670 0.820968 -8.037999 0.000000 0.000001 0.000005 9.533396 0.000010 -0.000000 -0.076334 2.665806 -15.696823 0.268761 1.755834 -17.405525 0.300508 1.854010 -18.413331 -0.000000 -0.000001 0.000001 9.104506 -0.042992 -1.865101 0.136870 3.641811 -21.133500 0.386596 2.094822 -20.911907 0.283018 1.800668 -17.864988 -0.000000 -0.000001 0.000002 8.077801 -0.486895 -3.806302 0.927692 5.555973 -27.128039 0.268768 1.755869 -17.405873 0.241880 1.667721 -16.505886 0.000000 0.000000 -0.000001 -8.207798 -6.751713 -1.599543 0.648648 -10.391049 3.516169 7.327109 -9.763709 -3.277842 -3.649289 -1.650149 3.202045 -7.282869 -0.000007 -0.000000 -0.000001 0.000002 0.000000 8.207800 -6.751718 -1.599544 -10.775406 14.739010 10.344595 12.136703 2.032052 4.168245 1.287348 0.513466 -7.110659 -4.928524 0.000008 -0.000002 0.000000 0.000000 0.000000 
0.145432 103.385368 1.423460 -3.753024 -5.218091 -3.769914 -0.000000 10.181541 0.131526 3.296628 1.543090 2.742651 1.151891 0.339458 1.552798 1.126014 0.361543 1.555887 0.000000 16.740345 -2.049021 5.626309 -0.078963 0.454683 -0.000001 9.617805 1.684979 -7.563342 1.375724 -0.080566 0.000000 22.037354 7.501071 -0.000000 -0.000000 -0.000000 -4.569999 11.014879 -2.160840 1.203181 15.343668 14.706010 13.158781 27.555118 58.785218 -0.000007 6.693740 0.000008 -20.179053 -0.514128 6.782823 -2.464807 -1.574002 2.681909 -1.665241 -0.174476 -4.219036 12.710941 -29.825397 -16.130877 -2.646281 -1.527805 1.527815 -15.549407 -3.559428 -12.707123 -1.994597 -1.151579 1.151577 -0.000002 -0.000001 -0.000000 -9.108304 -0.517879 2.259802 0.038555 1.262300 6.823740 0.213716 -1.396026 17.407041 0.046021 -0.653840 8.053242 0.000000 0.000001 0.000002 -9.532502 0.000009 0.000000 -0.136239 -2.205103 14.998885 0.214451 -1.398347 17.436892 0.239775 -1.476522 18.446290 -0.000002 -0.000001 0.000004 -9.103614 -0.043092 -1.865102 0.030599 -3.075760 20.450997 0.308446 -1.668278 20.948539 0.225820 -1.434045 17.897102 -0.000001 0.000002 0.000002 -8.076706 -0.486742 -3.806300 0.748865 -4.885244 26.473759 0.214470 -1.398384 17.437253 0.192999 -1.328173 16.535837 0.000001 -0.000001 0.000001 4.570407 11.014683 -2.160813 1.049447 -17.442066 -12.319461 3.916265 -19.989242 -69.765246 0.000001 -1.459367 -0.000003 -33.230499 -1.364892 -6.186633 2.466103 -1.576207 2.681699 -0.662920 2.160394 4.832512 11.853555 25.421664 17.058283 2.647875 -1.528731 1.528750 -13.813931 3.537292 9.036009 1.998905 -1.154081 1.154074 0.000001 0.000003 0.000001 9.109302 -0.518014 2.259901 0.019846 -0.969576 -7.593533 0.267847 1.752926 -17.375713 0.057670 0.820968 -8.037999 0.000000 0.000001 0.000005 9.533396 0.000010 -0.000000 -0.076334 2.665806 -15.696823 0.268761 1.755834 -17.405525 0.300508 1.854010 -18.413331 -0.000000 -0.000001 0.000001 9.104506 -0.042992 -1.865101 0.136870 3.641811 -21.133500 0.386596 2.094822 -20.911907 0.283018 1.800668 -17.864988 -0.000000 -0.000001 0.000002 8.077801 -0.486895 -3.806302 0.927692 5.555973 -27.128039 0.268768 1.755869 -17.405873 0.241880 1.667721 -16.505886 0.000000 0.000000 -0.000001 -8.207798 -6.751713 -1.599543 0.648648 -10.391049 3.516169 7.327109 -9.763709 -3.277842 -3.649289 -1.650149 3.202045 -7.282869 -0.000007 -0.000000 -0.000001 0.000002 0.000000 8.207800 -6.751718 -1.599544 -10.775406 14.739010 10.344595 12.136703 2.032052 4.168245 1.287348 0.513466 -7.110659 -4.928524 0.000008 -0.000002 0.000000 0.000000 0.000000 
0.145432 103.385368 1.423460 -3.753024 -5.218091 -3.769914 -0.000000 10.181541 0.131526 3.296628 1.543090 2.742651 1.151891 0.339458 1.552798 1.126014 0.361543 1.555887 0.000000 16.740345 -2.049021 5.626309 -0.078963 0.454683 -0.000001 9.617805 1.684979 -7.563342 1.375724 -0.080566 0.000000 22.037354 7.501071 -0.000000 -0.000000 -0.000000 -4.569999 11.014879 -2.160840 1.203181 15.343668 14.706010 13.158781 27.555118 58.785218 -0.000007 6.693740 0.000008 -20.179053 -0.514128 6.782823 -2.464807 -1.574002 2.681909 -1.665241 -0.174476 -4.219036 12.710941 -29.825397 -16.130877 -2.646281 -1.527805 1.527815 -15.549407 -3.559428 -12.707123 -1.994597 -1.151579 1.151577 -0.000002 -0.000001 -0.000000 -9.108304 -0.517879 2.259802 0.038555 1.262300 6.823740 0.213716 -1.396026 17.407041 0.046021 -0.653840 8.053242 0.000000 0.000001 0.000002 -9.532502 0.000009 0.000000 -0.136239 -2.205103 14.998885 0.214451 -1.398347 17.436892 0.239775 -1.476522 18.446290 -0.000002 -0.000001 0.000004 -9.103614 -0.043092 -1.865102 0.030599 -3.075760 20.450997 0.308446 -1.668278 20.948539 0.225820 -1.434045 17.897102 -0.000001 0.000002 0.000002 -8.076706 -0.486742 -3.806300 0.748865 -4.885244 26.473759 0.214470 -1.398384 17.437253 0.192999 -1.328173 16.535837 0.000001 -0.000001 0.000001 4.570407 11.014683 -2.160813 1.049447 -17.442066 -12.319461 3.916265 -19.989242 -69.765246 0.000001 -1.459367 -0.000003 -33.230499 -1.364892 -6.186633 2.466103 -1.576207 2.681699 -0.662920 2.160394 4.832512 11.853555 25.421664 17.058283 2.647875 -1.528731 1.528750 -13.813931 3.537292 9.036009 1.998905 -1.154081 1.154074 0.000001 0.000003 0.000001 9.109302 -0.518014 2.259901 0.019846 -0.969576 -7.593533 0.267847 1.752926 -17.375713 0.057670 0.820968 -8.037999 0.000000 0.000001 0.000005 9.533396 0.000010 -0.000000 -0.076334 2.665806 -15.696823 0.268761 1.755834 -17.405525 0.300508 1.854010 -18.413331 -0.000000 -0.000001 0.000001 9.104506 -0.042992 -1.865101 0.136870 3.641811 -21.133500 0.386596 2.094822 -20.911907 0.283018 1.800668 -17.864988 -0.000000 -0.000001 0.000002 8.077801 -0.486895 -3.806302 0.927692 5.555973 -27.128039 0.268768 1.755869 -17.405873 0.241880 1.667721 -16.505886 0.000000 0.000000 -0.000001 -8.207798 -6.751713 -1.599543 0.648648 -10.391049 3.516169 7.327109 -9.763709 -3.277842 -3.649289 -1.650149 3.202045 -7.282869 -0.000007 -0.000000 -0.000001 0.000002 0.000000 8.207800 -6.751718 -1.599544 -10.775406 14.739010 10.344595 12.136703 2.032052 4.168245 1.287348 0.513466 -7.110659 -4.928524 0.000008 -0.000002 0.000000 0.000000 0.000000 
0.145432 103.385368 1.423460 -3.753024 -5.218091 -3.769914 -0.000000 10.181541 0.131526 3.296628 1.543090 2.742651 1.151891 0.339458 1.552798 1.126014 0.361543 1.555887 0.000000 16.740345 -2.049021 5.626309 -0.078963 0.454683 -0.000001 9.617805 1.684979 -7.563342 1.375724 -0.080566 0.000000 22.037354 7.501071 -0.000000 -0.000000 -0.000000 -4.569999 11.014879 -2.160840 1.203181 15.343668 14.706010 13.158781 27.555118 58.785218 -0.000007 6.693740 0.000008 -20.179053 -0.514128 6.782823 -2.464807 -1.574002 2.681909 -1.665241 -0.174476 -4.219036 12.710941 -29.825397 -16.130877 -2.646281 -1.527805 1.527815 -15.549407 -3.559428 -12.707123 -1.994597 -1.151579 1.151577 -0.000002 -0.000001 -0.000000 -9.108304 -0.517879 2.259802 0.038555 1.262300 6.823740 0.213716 -1.396026 17.407041 0.046021 -0.653840 8.053242 0.000000 0.000001 0.000002 -9.532502 0.000009 0.000000 -0.136239 -2.205103 14.998885 0.214451 -1.398347 17.436892 0.239775 -1.476522 18.446290 -0.000002 -0.000001 0.000004 -9.103614 -0.043092 -1.865102 0.030599 -3.075760 20.450997 0.308446 -1.668278 20.948539 0.225820 -1.434045 17.897102 -0.000001 0.000002 0.000002 -8.076706 -0.486742 -3.806300 0.748865 -4.885244 26.473759 0.214470 -1.398384 17.437253 0.192999 -1.328173 16.535837 0.000001 -0.000001 0.000001 4.570407 11.014683 -2.160813 1.049447 -17.442066 -12.319461 3.916265 -19.989242 -69.765246 0.000001 -1.459367 -0.000003 -33.230499 -1.364892 -6.186633 2.466103 -1.576207 2.681699 -0.662920 2.160394 4.832512 11.853555 25.421664 17.058283 2.647875 -1.528731 1.528750 -13.813931 3.537292 9.036009 1.998905 -1.154081 1.154074 0.000001 0.000003 0.000001 9.109302 -0.518014 2.259901 0.019846 -0.969576 -7.593533 0.267847 1.752926 -17.375713 0.057670 0.820968 -8.037999 0.000000 0.000001 0.000005 9.533396 0.000010 -0.000000 -0.076334 2.665806 -15.696823 0.268761 1.755834 -17.405525 0.300508 1.854010 -18.413331 -0.000000 -0.000001 0.000001 9.104506 -0.042992 -1.865101 0.136870 3.641811 -21.133500 0.386596 2.094822 -20.911907 0.283018 1.800668 -17.864988 -0.000000 -0.000001 0.000002 8.077801 -0.486895 -3.806302 0.927692 5.555973 -27.128039 0.268768 1.755869 -17.405873 0.241880 1.667721 -16.505886 0.000000 0.000000 -0.000001 -8.207798 -6.751713 -1.599543 0.648648 -10.391049 3.516169 7.327109 -9.763709 -3.277842 -3.649289 -1.650149 3.202045 -7.282869 -0.000007 -0.000000 -0.000001 0.000002 0.000000 8.207800 -6.751718 -1.599544 -10.775406 14.739010 10.344595 12.136703 2.032052 4.168245 1.287348 0.513466 -7.110659 -4.928524 0.000008 -0.000002 0.000000 0.000000 0.000000 
0.145432 103.385368 1.423460 -3.753024 -5.218091 -3.769914 -0.000000 10.181541 0.131526 3.296628 1.543090 2.742651 1.151891 0.339458 1.552798 1.126014 0.361543 1.555887 0.000000 16.740345 -2.049021 5.626309 -0.078963 0.454683 -0.000001 9.617805 1.684979 -7.563342 1.375724 -0.080566 0.000000 22.037354 7.501071 -0.000000 -0.000000 -0.000000 -4.569999 11.014879 -2.160840 1.203181 15.343668 14.706010 13.158781 27.555118 58.785218 -0.000007 6.693740 0.000008 -20.179053 -0.514128 6.782823 -2.464807 -1.574002 2.681909 -1.665241 -0.174476 -4.219036 12.710941 -29.825397 -16.130877 -2.646281 -1.527805 1.527815 -15.549407 -3.559428 -12.707123 -1.994597 -1.151579 1.151577 -0.000002 -0.000001 -0.000000 -9.108304 -0.517879 2.259802 0.038555 1.262300 6.823740 0.213716 -1.396026 17.407041 0.046021 -0.653840 8.053242 0.000000 0.000001 0.000002 -9.532502 0.000009 0.000000 -0.136239 -2.205103 14.998885 0.214451 -1.398347 17.436892 0.239775 -1.476522 18.446290 -0.000002 -0.000001 0.000004 -9.103614 -0.043092 -1.865102 0.030599 -3.075760 20.450997 0.308446 -1.668278 20.948539 0.225820 -1.434045 17.897102 -0.000001 0.000002 0.000002 -8.076706 -0.486742 -3.806300 0.748865 -4.885244 26.473759 0.214470 -1.398384 17.437253 0.192999 -1.328173 16.535837 0.000001 -0.000001 0.000001 4.570407 11.014683 -2.160813 1.049447 -17.442066 -12.319461 3.916265 -19.989242 -69.765246 0.000001 -1.459367 -0.000003 -33.230499 -1.364892 -6.186633 2.466103 -1.576207 2.681699 -0.662920 2.160394 4.832512 11.853555 25.421664 17.058283 2.647875 -1.528731 1.528750 -13.813931 3.537292 9.036009 1.998905 -1.154081 1.154074 0.000001 0.000003 0.000001 9.109302 -0.518014 2.259901 0.019846 -0.969576 -7.593533 0.267847 1.752926 -17.375713 0.057670 0.820968 -8.037999 0.000000 0.000001 0.000005 9.533396 0.000010 -0.000000 -0.076334 2.665806 -15.696823 0.268761 1.755834 -17.405525 0.300508 1.854010 -18.413331 -0.000000 -0.000001 0.000001 9.104506 -0.042992 -1.865101 0.136870 3.641811 -21.133500 0.386596 2.094822 -20.911907 0.283018 1.800668 -17.864988 -0.000000 -0.000001 0.000002 8.077801 -0.486895 -3.806302 0.927692 5.555973 -27.128039 0.268768 1.755869 -17.405873 0.241880 1.667721 -16.505886 0.000000 0.000000 -0.000001 -8.207798 -6.751713 -1.599543 0.648648 -10.391049 3.516169 7.327109 -9.763709 -3.277842 -3.649289 -1.650149 3.202045 -7.282869 -0.000007 -0.000000 -0.000001 0.000002 0.000000 8.207800 -6.751718 -1.599544 -10.775406 14.739010 10.344595 12.136703 2.032052 4.168245 1.287348 0.513466 -7.110659 -4.928524 0.000008 -0.000002 0.000000 0.000000 0.000000 
0.145432 103.385368 1.423460 -3.753024 -5.218091 -3.769914 -0.000000 10.181541 0.131526 3.296628 1.543090 2.742651 1.151891 0.339458 1.552798 1.126014 0.361543 1.555887 0.000000 16.740345 -2.049021 5.626309 -0.078963 0.454683 -0.000001 9.617805 1.684979 -7.563342 1.375724 -0.080566 0.000000 22.037354 7.501071 -0.000000 -0.000000 -0.000000 -4.569999 11.014879 -2.160840 1.203181 15.343668 14.706010 13.158781 27.555118 58.785218 -0.000007 6.693740 0.000008 -20.179053 -0.514128 6.782823 -2.464807 -1.574002 2.681909 -1.665241 -0.174476 -4.219036 12.710941 -29.825397 -16.130877 -2.646281 -1.527805 1.527815 -15.549407 -3.559428 -12.707123 -1.994597 -1.151579 1.151577 -0.000002 -0.000001 -0.000000 -9.108304 -0.517879 2.259802 0.038555 1.262300 6.823740 0.213716 -1.396026 17.407041 0.046021 -0.653840 8.053242 0.000000 0.000001 0.000002 -9.532502 0.000009 0.000000 -0.136239 -2.205103 14.998885 0.214451 -1.398347 17.436892 0.239775 -1.476522 18.446290 -0.000002 -0.000001 0.000004 -9.103614 -0.043092 -1.865102 0.030599 -3.075760 20.450997 0.308446 -1.668278 20.948539 0.225820 -1.434045 17.897102 -0.000001 0.000002 0.000002 -8.076706 -0.486742 -3.806300 0.748865 -4.885244 26.473759 0.214470 -1.398384 17.437253 0.192999 -1.328173 16.535837 0.000001 -0.000001 0.000001 4.570407 11.014683 -2.160813 1.049447 -17.442066 -12.319461 3.916265 -19.989242 -69.765246 0.000001 -1.459367 -0.000003 -33.230499 -1.364892 -6.186633 2.466103 -1.576207 2.681699 -0.662920 2.160394 4.832512 11.853555 25.421664 17.058283 2.647875 -1.528731 1.528750 -13.813931 3.537292 9.036009 1.998905 -1.154081 1.154074 0.000001 0.000003 0.000001 9.109302 -0.518014 2.259901 0.019846 -0.969576 -7.593533 0.267847 1.752926 -17.375713 0.057670 0.820968 -8.037999 0.000000 0.000001 0.000005 9.533396 0.000010 -0.000000 -0.076334 2.665806 -15.696823 0.268761 1.755834 -17.405525 0.300508 1.854010 -18.413331 -0.000000 -0.000001 0.000001 9.104506 -0.042992 -1.865101 0.136870 3.641811 -21.133500 0.386596 2.094822 -20.911907 0.283018 1.800668 -17.864988 -0.000000 -0.000001 0.000002 8.077801 -0.486895 -3.806302 0.927692 5.555973 -27.128039 0.268768 1.755869 -17.405873 0.241880 1.667721 -16.505886 0.000000 0.000000 -0.000001 -8.207798 -6.751713 -1.599543 0.648648 -10.391049 3.516169 7.327109 -9.763709 -3.277842 -3.649289 -1.650149 3.202045 -7.282869 -0.000007 -0.000000 -0.000001 0.000002 0.000000 8.207800 -6.751718 -1.599544 -10.775406 14.739010 10.344595 12.136703 2.032052 4.168245 1.287348 0.513466 -7.110659 -4.928524 0.000008 -0.000002 0.000000 0.000000 0.000000 
0.145432 103.385368 1.423460 -3.753024 -5.218091 -3.769914 -0.000000 10.181541 0.131526 3.296628 1.543090 2.742651 1.151891 0.339458 1.552798 1.126014 0.361543 1.555887 0.000000 16.740345 -2.049021 5.626309 -0.078963 0.454683 -0.000001 9.617805 1.684979 -7.563342 1.375724 -0.080566 0.000000 22.037354 7.501071 -0.000000 -0.000000 -0.000000 -4.569999 11.014879 -2.160840 1.203181 15.343668 14.706010 13.158781 27.555118 58.785218 -0.000007 6.693740 0.000008 -20.179053 -0.514128 6.782823 -2.464807 -1.574002 2.681909 -1.665241 -0.174476 -4.219036 12.710941 -29.825397 -16.130877 -2.646281 -1.527805 1.527815 -15.549407 -3.559428 -12.707123 -1.994597 -1.151579 1.151577 -0.000002 -0.000001 -0.000000 -9.108304 -0.517879 2.259802 0.038555 1.262300 6.823740 0.213716 -1.396026 17.407041 0.046021 -0.653840 8.053242 0.000000 0.000001 0.000002 -9.532502 0.000009 0.000000 -0.136239 -2.205103 14.998885 0.214451 -1.398347 17.436892 0.239775 -1.476522 18.446290 -0.000002 -0.000001 0.000004 -9.103614 -0.043092 -1.865102 0.030599 -3.075760 20.450997 0.308446 -1.668278 20.948539 0.225820 -1.434045 17.897102 -0.000001 0.000002 0.000002 -8.076706 -0.486742 -3.806300 0.748865 -4.885244 26.473759 0.214470 -1.398384 17.437253 0.192999 -1.328173 16.535837 0.000001 -0.000001 0.000001 4.570407 11.014683 -2.160813 1.049447 -17.442066 -12.319461 3.916265 -19.989242 -69.765246 0.000001 -1.459367 -0.000003 -33.230499 -1.364892 -6.186633 2.466103 -1.576207 2.681699 -0.662920 2.160394 4.832512 11.853555 25.421664 17.058283 2.647875 -1.528731 1.528750 -13.813931 3.537292 9.036009 1.998905 -1.154081 1.154074 0.000001 0.000003 0.000001 9.109302 -0.518014 2.259901 0.019846 -0.969576 -7.593533 0.267847 1.752926 -17.375713 0.057670 0.820968 -8.037999 0.000000 0.000001 0.000005 9.533396 0.000010 -0.000000 -0.076334 2.665806 -15.696823 0.268761 1.755834 -17.405525 0.300508 1.854010 -18.413331 -0.000000 -0.000001 0.000001 9.104506 -0.042992 -1.865101 0.136870 3.641811 -21.133500 0.386596 2.094822 -20.911907 0.283018 1.800668 -17.864988 -0.000000 -0.000001 0.000002 8.077801 -0.486895 -3.806302 0.927692 5.555973 -27.128039 0.268768 1.755869 -17.405873 0.241880 1.667721 -16.505886 0.000000 0.000000 -0.000001 -8.207798 -6.751713 -1.599543 0.648648 -10.391049 3.516169 7.327109 -9.763709 -3.277842 -3.649289 -1.650149 3.202045 -7.282869 -0.000007 -0.000000 -0.000001 0.000002 0.000000 8.207800 -6.751718 -1.599544 -10.775406 14.739010 10.344595 12.136703 2.032052 4.168245 1.287348 0.513466 -7.110659 -4.928524 0.000008 -0.000002 0.000000 0.000000 0.000000 
0.145432 103.385368 1.423460 -3.753024 -5.218091 -3.769914 -0.000000 10.181541 0.131526 3.296628 1.543090 2.742651 1.151891 0.339458 1.552798 1.126014 0.361543 1.555887 0.000000 16.740345 -2.049021 5.626309 -0.078963 0.454683 -0.000001 9.617805 1.684979 -7.563342 1.375724 -0.080566 0.000000 22.037354 7.501071 -0.000000 -0.000000 -0.000000 -4.569999 11.014879 -2.160840 1.203181 15.343668 14.706010 13.158781 27.555118 58.785218 -0.000007 6.693740 0.000008 -20.179053 -0.514128 6.782823 -2.464807 -1.574002 2.681909 -1.665241 -0.174476 -4.219036 12.710941 -29.825397 -16.130877 -2.646281 -1.527805 1.527815 -15.549407 -3.559428 -12.707123 -1.994597 -1.151579 1.151577 -0.000002 -0.000001 -0.000000 -9.108304 -0.517879 2.259802 0.038555 1.262300 6.823740 0.213716 -1.396026 17.407041 0.046021 -0.653840 8.053242 0.000000 0.000001 0.000002 -9.532502 0.000009 0.000000 -0.136239 -2.205103 14.998885 0.214451 -1.398347 17.436892 0.239775 -1.476522 18.446290 -0.000002 -0.000001 0.000004 -9.103614 -0.043092 -1.865102 0.030599 -3.075760 20.450997 0.308446 -1.668278 20.948539 0.225820 -1.434045 17.897102 -0.000001 0.000002 0.000002 -8.076706 -0.486742 -3.806300 0.748865 -4.885244 26.473759 0.214470 -1.398384 17.437253 0.192999 -1.328173 16.535837 0.000001 -0.000001 0.000001 4.570407 11.014683 -2.160813 1.049447 -17.442066 -12.319461 3.916265 -19.989242 -69.765246 0.000001 -1.459367 -0.000003 -33.230499 -1.364892 -6.186633 2.466103 -1.576207 2.681699 -0.662920 2.160394 4.832512 11.853555 25.421664 17.058283 2.647875 -1.528731 1.528750 -13.813931 3.537292 9.036009 1.998905 -1.154081 1.154074 0.000001 0.000003 0.000001 9.109302 -0.518014 2.259901 0.019846 -0.969576 -7.593533 0.267847 1.752926 -17.375713 0.057670 0.820968 -8.037999 0.000000 0.000001 0.000005 9.533396 0.000010 -0.000000 -0.076334 2.665806 -15.696823 0.268761 1.755834 -17.405525 0.300508 1.854010 -18.413331 -0.000000 -0.000001 0.000001 9.104506 -0.042992 -1.865101 0.136870 3.641811 -21.133500 0.386596 2.094822 -20.911907 0.283018 1.800668 -17.864988 -0.000000 -0.000001 0.000002 8.077801 -0.486895 -3.806302 0.927692 5.555973 -27.128039 0.268768 1.755869 -17.405873 0.241880 1.667721 -16.505886 0.000000 0.000000 -0.000001 -8.207798 -6.751713 -1.599543 0.648648 -10.391049 3.516169 7.327109 -9.763709 -3.277842 -3.649289 -1.650149 3.202045 -7.282869 -0.000007 -0.000000 -0.000001 0.000002 0.000000 8.207800 -6.751718 -1.599544 -10.775406 14.739010 10.344595 12.136703 2.032052 4.168245 1.287348 0.513466 -7.110659 -4.928524 0.000008 -0.000002 0.000000 0.000000 0.000000 
0.145432 103.385368 1.423460 -3.753024 -5.218091 -3.769914 -0.000000 10.181541 0.131526 3.296628 1.543090 2.742651 1.151891 0.339458 1.552798 1.126014 0.361543 1.555887 0.000000 16.740345 -2.049021 5.626309 -0.078963 0.454683 -0.000001 9.617805 1.684979 -7.563342 1.375724 -0.080566 0.000000 22.037354 7.501071 -0.000000 -0.000000 -0.000000 -4.569999 11.014879 -2.160840 1.203181 15.343668 14.706010 13.158781 27.555118 58.785218 -0.000007 6.693740 0.000008 -20.179053 -0.514128 6.782823 -2.464807 -1.574002 2.681909 -1.665241 -0.174476 -4.219036 12.710941 -29.825397 -16.130877 -2.646281 -1.527805 1.527815 -15.549407 -3.559428 -12.707123 -1.994597 -1.151579 1.151577 -0.000002 -0.000001 -0.000000 -9.108304 -0.517879 2.259802 0.038555 1.262300 6.823740 0.213716 -1.396026 17.407041 0.046021 -0.653840 8.053242 0.000000 0.000001 0.000002 -9.532502 0.000009 0.000000 -0.136239 -2.205103 14.998885 0.214451 -1.398347 17.436892 0.239775 -1.476522 18.446290 -0.000002 -0.000001 0.000004 -9.103614 -0.043092 -1.865102 0.030599 -3.075760 20.450997 0.308446 -1.668278 20.948539 0.225820 -1.434045 17.897102 -0.000001 0.000002 0.000002 -8.076706 -0.486742 -3.806300 0.748865 -4.885244 26.473759 0.214470 -1.398384 17.437253 0.192999 -1.328173 16.535837 0.000001 -0.000001 0.000001 4.570407 11.014683 -2.160813 1.049447 -17.442066 -12.319461 3.916265 -19.989242 -69.765246 0.000001 -1.459367 -0.000003 -33.230499 -1.364892 -6.186633 2.466103 -1.576207 2.681699 -0.662920 2.160394 4.832512 11.853555 25.421664 17.058283 2.647875 -1.528731 1.528750 -13.813931 3.537292 9.036009 1.998905 -1.154081 1.154074 0.000001 0.000003 0.000001 9.109302 -0.518014 2.259901 0.019846 -0.969576 -7.593533 0.267847 1.752926 -17.375713 0.057670 0.820968 -8.037999 0.000000 0.000001 0.000005 9.533396 0.000010 -0.000000 -0.076334 2.665806 -15.696823 0.268761 1.755834 -17.405525 0.300508 1.854010 -18.413331 -0.000000 -0.000001 0.000001 9.104506 -0.042992 -1.865101 0.136870 3.641811 -21.133500 0.386596 2.094822 -20.911907 0.283018 1.800668 -17.864988 -0.000000 -0.000001 0.000002 8.077801 -0.486895 -3.806302 0.927692 5.555973 -27.128039 0.268768 1.755869 -17.405873 0.241880 1.667721 -16.505886 0.000000 0.000000 -0.000001 -8.207798 -6.751713 -1.599543 0.648648 -10.391049 3.516169 7.327109 -9.763709 -3.277842 -3.649289 -1.650149 3.202045 -7.282869 -0.000007 -0.000000 -0.000001 0.000002 0.000000 8.207800 -6.751718 -1.599544 -10.775406 14.739010 10.344595 12.136703 2.032052 4.168245 1.287348 0.513466 -7.110659 -4.928524 0.000008 -0.000002 0.000000 0.000000 0.000000 
0.145432 103.385368 1.423460 -3.753024 -5.218091 -3.769914 -0.000000 10.181541 0.131526 3.296628 1.543090 2.742651 1.151891 0.339458 1.552798 1.126014 0.361543 1.555887 0.000000 16.740345 -2.049021 5.626309 -0.078963 0.454683 -0.000001 9.617805 1.684979 -7.563342 1.375724 -0.080566 0.000000 22.037354 7.501071 -0.000000 -0.000000 -0.000000 -4.569999 11.014879 -2.160840 1.203181 15.343668 14.706010 13.158781 27.555118 58.785218 -0.000007 6.693740 0.000008 -20.179053 -0.514128 6.782823 -2.464807 -1.574002 2.681909 -1.665241 -0.174476 -4.219036 12.710941 -29.825397 -16.130877 -2.646281 -1.527805 1.527815 -15.549407 -3.559428 -12.707123 -1.994597 -1.151579 1.151577 -0.000002 -0.000001 -0.000000 -9.108304 -0.517879 2.259802 0.038555 1.262300 6.823740 0.213716 -1.396026 17.407041 0.046021 -0.653840 8.053242 0.000000 0.000001 0.000002 -9.532502 0.000009 0.000000 -0.136239 -2.205103 14.998885 0.214451 -1.398347 17.436892 0.239775 -1.476522 18.446290 -0.000002 -0.000001 0.000004 -9.103614 -0.043092 -1.865102 0.030599 -3.075760 20.450997 0.308446 -1.668278 20.948539 0.225820 -1.434045 17.897102 -0.000001 0.000002 0.000002 -8.076706 -0.486742 -3.806300 0.748865 -4.885244 26.473759 0.214470 -1.398384 17.437253 0.192999 -1.328173 16.535837 0.000001 -0.000001 0.000001 4.570407 11.014683 -2.160813 1.049447 -17.442066 -12.319461 3.916265 -19.989242 -69.765246 0.000001 -1.459367 -0.000003 -33.230499 -1.364892 -6.186633 2.466103 -1.576207 2.681699 -0.662920 2.160394 4.832512 11.853555 25.421664 17.058283 2.647875 -1.528731 1.528750 -13.813931 3.537292 9.036009 1.998905 -1.154081 1.154074 0.000001 0.000003 0.000001 9.109302 -0.518014 2.259901 0.019846 -0.969576 -7.593533 0.267847 1.752926 -17.375713 0.057670 0.820968 -8.037999 0.000000 0.000001 0.000005 9.533396 0.000010 -0.000000 -0.076334 2.665806 -15.696823 0.268761 1.755834 -17.405525 0.300508 1.854010 -18.413331 -0.000000 -0.000001 0.000001 9.104506 -0.042992 -1.865101 0.136870 3.641811 -21.133500 0.386596 2.094822 -20.911907 0.283018 1.800668 -17.864988 -0.000000 -0.000001 0.000002 8.077801 -0.486895 -3.806302 0.927692 5.555973 -27.128039 0.268768 1.755869 -17.405873 0.241880 1.667721 -16.505886 0.000000 0.000000 -0.000001 -8.207798 -6.751713 -1.599543 0.648648 -10.391049 3.516169 7.327109 -9.763709 -3.277842 -3.649289 -1.650149 3.202045 -7.282869 -0.000007 -0.000000 -0.000001 0.000002 0.000000 8.207800 -6.751718 -1.599544 -10.775406 14.739010 10.344595 12.136703 2.032052 4.168245 1.287348 0.513466 -7.110659 -4.928524 0.000008 -0.000002 0.000000 0.000000 0.000000 
0.145432 103.385368 1.423460 -3.753024 -5.218091 -3.769914 -0.000000 10.181541 0.131526 3.296628 1.543090 2.742651 1.151891 0.339458 1.552798 1.126014 0.361543 1.555887 0.000000 16.740345 -2.049021 5.626309 -0.078963 0.454683 -0.000001 9.617805 1.684979 -7.563342 1.375724 -0.080566 0.000000 22.037354 7.501071 -0.000000 -0.000000 -0.000000 -4.569999 11.014879 -2.160840 1.203181 15.343668 14.706010 13.158781 27.555118 58.785218 -0.000007 6.693740 0.000008 -20.179053 -0.514128 6.782823 -2.464807 -1.574002 2.681909 -1.665241 -0.174476 -4.219036 12.710941 -29.825397 -16.130877 -2.646281 -1.527805 1.527815 -15.549407 -3.559428 -12.707123 -1.994597 -1.151579 1.151577 -0.000002 -0.000001 -0.000000 -9.108304 -0.517879 2.259802 0.038555 1.262300 6.823740 0.213716 -1.396026 17.407041 0.046021 -0.653840 8.053242 0.000000 0.000001 0.000002 -9.532502 0.000009 0.000000 -0.136239 -2.205103 14.998885 0.214451 -1.398347 17.436892 0.239775 -1.476522 18.446290 -0.000002 -0.000001 0.000004 -9.103614 -0.043092 -1.865102 0.030599 -3.075760 20.450997 0.308446 -1.668278 20.948539 0.225820 -1.434045 17.897102 -0.000001 0.000002 0.000002 -8.076706 -0.486742 -3.806300 0.748865 -4.885244 26.473759 0.214470 -1.398384 17.437253 0.192999 -1.328173 16.535837 0.000001 -0.000001 0.000001 4.570407 11.014683 -2.160813 1.049447 -17.442066 -12.319461 3.916265 -19.989242 -69.765246 0.000001 -1.459367 -0.000003 -33.230499 -1.364892 -6.186633 2.466103 -1.576207 2.681699 -0.662920 2.160394 4.832512 11.853555 25.421664 17.058283 2.647875 -1.528731 1.528750 -13.813931 3.537292 9.036009 1.998905 -1.154081 1.154074 0.000001 0.000003 0.000001 9.109302 -0.518014 2.259901 0.019846 -0.969576 -7.593533 0.267847 1.752926 -17.375713 0.057670 0.820968 -8.037999 0.000000 0.000001 0.000005 9.533396 0.000010 -0.000000 -0.076334 2.665806 -15.696823 0.268761 1.755834 -17.405525 0.300508 1.854010 -18.413331 -0.000000 -0.000001 0.000001 9.104506 -0.042992 -1.865101 0.136870 3.641811 -21.133500 0.386596 2.094822 -20.911907 0.283018 1.800668 -17.864988 -0.000000 -0.000001 0.000002 8.077801 -0.486895 -3.806302 0.927692 5.555973 -27.128039 0.268768 1.755869 -17.405873 0.241880 1.667721 -16.505886 0.000000 0.000000 -0.000001 -8.207798 -6.751713 -1.599543 0.648648 -10.391049 3.516169 7.327109 -9.763709 -3.277842 -3.649289 -1.650149 3.202045 -7.282869 -0.000007 -0.000000 -0.000001 0.000002 0.000000 8.207800 -6.751718 -1.599544 -10.775406 14.739010 10.344595 12.136703 2.032052 4.168245 1.287348 0.513466 -7.110659 -4.928524 0.000008 -0.000002 0.000000 0.000000 0.000000 
0.145432 103.385368 1.423460 -3.753024 -5.218091 -3.769914 -0.000000 10.181541 0.131526 3.296628 1.543090 2.742651 1.151891 0.339458 1.552798 1.126014 0.361543 1.555887 0.000000 16.740345 -2.049021 5.626309 -0.078963 0.454683 -0.000001 9.617805 1.684979 -7.563342 1.375724 -0.080566 0.000000 22.037354 7.501071 -0.000000 -0.000000 -0.000000 -4.569999 11.014879 -2.160840 1.203181 15.343668 14.706010 13.158781 27.555118 58.785218 -0.000007 6.693740 0.000008 -20.179053 -0.514128 6.782823 -2.464807 -1.574002 2.681909 -1.665241 -0.174476 -4.219036 12.710941 -29.825397 -16.130877 -2.646281 -1.527805 1.527815 -15.549407 -3.559428 -12.707123 -1.994597 -1.151579 1.151577 -0.000002 -0.000001 -0.000000 -9.108304 -0.517879 2.259802 0.038555 1.262300 6.823740 0.213716 -1.396026 17.407041 0.046021 -0.653840 8.053242 0.000000 0.000001 0.000002 -9.532502 0.000009 0.000000 -0.136239 -2.205103 14.998885 0.214451 -1.398347 17.436892 0.239775 -1.476522 18.446290 -0.000002 -0.000001 0.000004 -9.103614 -0.043092 -1.865102 0.030599 -3.075760 20.450997 0.308446 -1.668278 20.948539 0.225820 -1.434045 17.897102 -0.000001 0.000002 0.000002 -8.076706 -0.486742 -3.806300 0.748865 -4.885244 26.473759 0.214470 -1.398384 17.437253 0.192999 -1.328173 16.535837 0.000001 -0.000001 0.000001 4.570407 11.014683 -2.160813 1.049447 -17.442066 -12.319461 3.916265 -19.989242 -69.765246 0.000001 -1.459367 -0.000003 -33.230499 -1.364892 -6.186633 2.466103 -1.576207 2.681699 -0.662920 2.160394 4.832512 11.853555 25.421664 17.058283 2.647875 -1.528731 1.528750 -13.813931 3.537292 9.036009 1.998905 -1.154081 1.154074 0.000001 0.000003 0.000001 9.109302 -0.518014 2.259901 0.019846 -0.969576 -7.593533 0.267847 1.752926 -17.375713 0.057670 0.820968 -8.037999 0.000000 0.000001 0.000005 9.533396 0.000010 -0.000000 -0.076334 2.665806 -15.696823 0.268761 1.755834 -17.405525 0.300508 1.854010 -18.413331 -0.000000 -0.000001 0.000001 9.104506 -0.042992 -1.865101 0.136870 3.641811 -21.133500 0.386596 2.094822 -20.911907 0.283018 1.800668 -17.864988 -0.000000 -0.000001 0.000002 8.077801 -0.486895 -3.806302 0.927692 5.555973 -27.128039 0.268768 1.755869 -17.405873 0.241880 1.667721 -16.505886 0.000000 0.000000 -0.000001 -8.207798 -6.751713 -1.599543 0.648648 -10.391049 3.516169 7.327109 -9.763709 -3.277842 -3.649289 -1.650149 3.202045 -7.282869 -0.000007 -0.000000 -0.000001 0.000002 0.000000 8.207800 -6.751718 -1.599544 -10.775406 14.739010 10.344595 12.136703 2.032052 4.168245 1.287348 0.513466 -7.110659 -4.928524 0.000008 -0.000002 0.000000 0.000000 0.000000 
0.145432 103.385368 1.423460 -3.753024 -5.218091 -3.769914 -0.000000 10.181541 0.131526 3.296628 1.543090 2.742651 1.151891 0.339458 1.552798 1.126014 0.361543 1.555887 0.000000 16.740345 -2.049021 5.626309 -0.078963 0.454683 -0.000001 9.617805 1.684979 -7.563342 1.375724 -0.080566 0.000000 22.037354 7.501071 -0.000000 -0.000000 -0.000000 -4.569999 11.014879 -2.160840 1.203181 15.343668 14.706010 13.158781 27.555118 58.785218 -0.000007 6.693740 0.000008 -20.179053 -0.514128 6.782823 -2.464807 -1.574002 2.681909 -1.665241 -0.174476 -4.219036 12.710941 -29.825397 -16.130877 -2.646281 -1.527805 1.527815 -15.549407 -3.559428 -12.707123 -1.994597 -1.151579 1.151577 -0.000002 -0.000001 -0.000000 -9.108304 -0.517879 2.259802 0.038555 1.262300 6.823740 0.213716 -1.396026 17.407041 0.046021 -0.653840 8.053242 0.000000 0.000001 0.000002 -9.532502 0.000009 0.000000 -0.136239 -2.205103 14.998885 0.214451 -1.398347 17.436892 0.239775 -1.476522 18.446290 -0.000002 -0.000001 0.000004 -9.103614 -0.043092 -1.865102 0.030599 -3.075760 20.450997 0.308446 -1.668278 20.948539 0.225820 -1.434045 17.897102 -0.000001 0.000002 0.000002 -8.076706 -0.486742 -3.806300 0.748865 -4.885244 26.473759 0.214470 -1.398384 17.437253 0.192999 -1.328173 16.535837 0.000001 -0.000001 0.000001 4.570407 11.014683 -2.160813 1.049447 -17.442066 -12.319461 3.916265 -19.989242 -69.765246 0.000001 -1.459367 -0.000003 -33.230499 -1.364892 -6.186633 2.466103 -1.576207 2.681699 -0.662920 2.160394 4.832512 11.853555 25.421664 17.058283 2.647875 -1.528731 1.528750 -13.813931 3.537292 9.036009 1.998905 -1.154081 1.154074 0.000001 0.000003 0.000001 9.109302 -0.518014 2.259901 0.019846 -0.969576 -7.593533 0.267847 1.752926 -17.375713 0.057670 0.820968 -8.037999 0.000000 0.000001 0.000005 9.533396 0.000010 -0.000000 -0.076334 2.665806 -15.696823 0.268761 1.755834 -17.405525 0.300508 1.854010 -18.413331 -0.000000 -0.000001 0.000001 9.104506 -0.042992 -1.865101 0.136870 3.641811 -21.133500 0.386596 2.094822 -20.911907 0.283018 1.800668 -17.864988 -0.000000 -0.000001 0.000002 8.077801 -0.486895 -3.806302 0.927692 5.555973 -27.128039 0.268768 1.755869 -17.405873 0.241880 1.667721 -16.505886 0.000000 0.000000 -0.000001 -8.207798 -6.751713 -1.599543 0.648648 -10.391049 3.516169 7.327109 -9.763709 -3.277842 -3.649289 -1.650149 3.202045 -7.282869 -0.000007 -0.000000 -0.000001 0.000002 0.000000 8.207800 -6.751718 -1.599544 -10.775406 14.739010 10.344595 12.136703 2.032052 4.168245 1.287348 0.513466 -7.110659 -4.928524 0.000008 -0.000002 0.000000 0.000000 0.000000 
0.145432 103.385368 1.423460 -3.753024 -5.218091 -3.769914 -0.000000 10.181541 0.131526 3.296628 1.543090 2.742651 1.151891 0.339458 1.552798 1.126014 0.361543 1.555887 0.000000 16.740345 -2.049021 5.626309 -0.078963 0.454683 -0.000001 9.617805 1.684979 -7.563342 1.375724 -0.080566 0.000000 22.037354 7.501071 -0.000000 -0.000000 -0.000000 -4.569999 11.014879 -2.160840 1.203181 15.343668 14.706010 13.158781 27.555118 58.785218 -0.000007 6.693740 0.000008 -20.179053 -0.514128 6.782823 -2.464807 -1.574002 2.681909 -1.665241 -0.174476 -4.219036 12.710941 -29.825397 -16.130877 -2.646281 -1.527805 1.527815 -15.549407 -3.559428 -12.707123 -1.994597 -1.151579 1.151577 -0.000002 -0.000001 -0.000000 -9.108304 -0.517879 2.259802 0.038555 1.262300 6.823740 0.213716 -1.396026 17.407041 0.046021 -0.653840 8.053242 0.000000 0.000001 0.000002 -9.532502 0.000009 0.000000 -0.136239 -2.205103 14.998885 0.214451 -1.398347 17.436892 0.239775 -1.476522 18.446290 -0.000002 -0.000001 0.000004 -9.103614 -0.043092 -1.865102 0.030599 -3.075760 20.450997 0.308446 -1.668278 20.948539 0.225820 -1.434045 17.897102 -0.000001 0.000002 0.000002 -8.076706 -0.486742 -3.806300 0.748865 -4.885244 26.473759 0.214470 -1.398384 17.437253 0.192999 -1.328173 16.535837 0.000001 -0.000001 0.000001 4.570407 11.014683 -2.160813 1.049447 -17.442066 -12.319461 3.916265 -19.989242 -69.765246 0.000001 -1.459367 -0.000003 -33.230499 -1.364892 -6.186633 2.466103 -1.576207 2.681699 -0.662920 2.160394 4.832512 11.853555 25.421664 17.058283 2.647875 -1.528731 1.528750 -13.813931 3.537292 9.036009 1.998905 -1.154081 1.154074 0.000001 0.000003 0.000001 9.109302 -0.518014 2.259901 0.019846 -0.969576 -7.593533 0.267847 1.752926 -17.375713 0.057670 0.820968 -8.037999 0.000000 0.000001 0.000005 9.533396 0.000010 -0.000000 -0.076334 2.665806 -15.696823 0.268761 1.755834 -17.405525 0.300508 1.854010 -18.413331 -0.000000 -0.000001 0.000001 9.104506 -0.042992 -1.865101 0.136870 3.641811 -21.133500 0.386596 2.094822 -20.911907 0.283018 1.800668 -17.864988 -0.000000 -0.000001 0.000002 8.077801 -0.486895 -3.806302 0.927692 5.555973 -27.128039 0.268768 1.755869 -17.405873 0.241880 1.667721 -16.505886 0.000000 0.000000 -0.000001 -8.207798 -6.751713 -1.599543 0.648648 -10.391049 3.516169 7.327109 -9.763709 -3.277842 -3.649289 -1.650149 3.202045 -7.282869 -0.000007 -0.000000 -0.000001 0.000002 0.000000 8.207800 -6.751718 -1.599544 -10.775406 14.739010 10.344595 12.136703 2.032052 4.168245 1.287348 0.513466 -7.110659 -4.928524 0.000008 -0.000002 0.000000 0.000000 0.000000 
0.145432 103.385368 1.423460 -3.753024 -5.218091 -3.769914 -0.000000 10.181541 0.131526 3.296628 1.543090 2.742651 1.151891 0.339458 1.552798 1.126014 0.361543 1.555887 0.000000 16.740345 -2.049021 5.626309 -0.078963 0.454683 -0.000001 9.617805 1.684979 -7.563342 1.375724 -0.080566 0.000000 22.037354 7.501071 -0.000000 -0.000000 -0.000000 -4.569999 11.014879 -2.160840 1.203181 15.343668 14.706010 13.158781 27.555118 58.785218 -0.000007 6.693740 0.000008 -20.179053 -0.514128 6.782823 -2.464807 -1.574002 2.681909 -1.665241 -0.174476 -4.219036 12.710941 -29.825397 -16.130877 -2.646281 -1.527805 1.527815 -15.549407 -3.559428 -12.707123 -1.994597 -1.151579 1.151577 -0.000002 -0.000001 -0.000000 -9.108304 -0.517879 2.259802 0.038555 1.262300 6.823740 0.213716 -1.396026 17.407041 0.046021 -0.653840 8.053242 0.000000 0.000001 0.000002 -9.532502 0.000009 0.000000 -0.136239 -2.205103 14.998885 0.214451 -1.398347 17.436892 0.239775 -1.476522 18.446290 -0.000002 -0.000001 0.000004 -9.103614 -0.043092 -1.865102 0.030599 -3.075760 20.450997 0.308446 -1.668278 20.948539 0.225820 -1.434045 17.897102 -0.000001 0.000002 0.000002 -8.076706 -0.486742 -3.806300 0.748865 -4.885244 26.473759 0.214470 -1.398384 17.437253 0.192999 -1.328173 16.535837 0.000001 -0.000001 0.000001 4.570407 11.014683 -2.160813 1.049447 -17.442066 -12.319461 3.916265 -19.989242 -69.765246 0.000001 -1.459367 -0.000003 -33.230499 -1.364892 -6.186633 2.466103 -1.576207 2.681699 -0.662920 2.160394 4.832512 11.853555 25.421664 17.058283 2.647875 -1.528731 1.528750 -13.813931 3.537292 9.036009 1.998905 -1.154081 1.154074 0.000001 0.000003 0.000001 9.109302 -0.518014 2.259901 0.019846 -0.969576 -7.593533 0.267847 1.752926 -17.375713 0.057670 0.820968 -8.037999 0.000000 0.000001 0.000005 9.533396 0.000010 -0.000000 -0.076334 2.665806 -15.696823 0.268761 1.755834 -17.405525 0.300508 1.854010 -18.413331 -0.000000 -0.000001 0.000001 9.104506 -0.042992 -1.865101 0.136870 3.641811 -21.133500 0.386596 2.094822 -20.911907 0.283018 1.800668 -17.864988 -0.000000 -0.000001 0.000002 8.077801 -0.486895 -3.806302 0.927692 5.555973 -27.128039 0.268768 1.755869 -17.405873 0.241880 1.667721 -16.505886 0.000000 0.000000 -0.000001 -8.207798 -6.751713 -1.599543 0.648648 -10.391049 3.516169 7.327109 -9.763709 -3.277842 -3.649289 -1.650149 3.202045 -7.282869 -0.000007 -0.000000 -0.000001 0.000002 0.000000 8.207800 -6.751718 -1.599544 -10.775406 14.739010 10.344595 12.136703 2.032052 4.168245 1.287348 0.513466 -7.110659 -4.928524 0.000008 -0.000002 0.000000 0.000000 0.000000 
0.145432 103.385368 1.423460 -3.753024 -5.218091 -3.769914 -0.000000 10.181541 0.131526 3.296628 1.543090 2.742651 1.151891 0.339458 1.552798 1.126014 0.361543 1.555887 0.000000 16.740345 -2.049021 5.626309 -0.078963 0.454683 -0.000001 9.617805 1.684979 -7.563342 1.375724 -0.080566 0.000000 22.037354 7.501071 -0.000000 -0.000000 -0.000000 -4.569999 11.014879 -2.160840 1.203181 15.343668 14.706010 13.158781 27.555118 58.785218 -0.000007 6.693740 0.000008 -20.179053 -0.514128 6.782823 -2.464807 -1.574002 2.681909 -1.665241 -0.174476 -4.219036 12.710941 -29.825397 -16.130877 -2.646281 -1.527805 1.527815 -15.549407 -3.559428 -12.707123 -1.994597 -1.151579 1.151577 -0.000002 -0.000001 -0.000000 -9.108304 -0.517879 2.259802 0.038555 1.262300 6.823740 0.213716 -1.396026 17.407041 0.046021 -0.653840 8.053242 0.000000 0.000001 0.000002 -9.532502 0.000009 0.000000 -0.136239 -2.205103 14.998885 0.214451 -1.398347 17.436892 0.239775 -1.476522 18.446290 -0.000002 -0.000001 0.000004 -9.103614 -0.043092 -1.865102 0.030599 -3.075760 20.450997 0.308446 -1.668278 20.948539 0.225820 -1.434045 17.897102 -0.000001 0.000002 0.000002 -8.076706 -0.486742 -3.806300 0.748865 -4.885244 26.473759 0.214470 -1.398384 17.437253 0.192999 -1.328173 16.535837 0.000001 -0.000001 0.000001 4.570407 11.014683 -2.160813 1.049447 -17.442066 -12.319461 3.916265 -19.989242 -69.765246 0.000001 -1.459367 -0.000003 -33.230499 -1.364892 -6.186633 2.466103 -1.576207 2.681699 -0.662920 2.160394 4.832512 11.853555 25.421664 17.058283 2.647875 -1.528731 1.528750 -13.813931 3.537292 9.036009 1.998905 -1.154081 1.154074 0.000001 0.000003 0.000001 9.109302 -0.518014 2.259901 0.019846 -0.969576 -7.593533 0.267847 1.752926 -17.375713 0.057670 0.820968 -8.037999 0.000000 0.000001 0.000005 9.533396 0.000010 -0.000000 -0.076334 2.665806 -15.696823 0.268761 1.755834 -17.405525 0.300508 1.854010 -18.413331 -0.000000 -0.000001 0.000001 9.104506 -0.042992 -1.865101 0.136870 3.641811 -21.133500 0.386596 2.094822 -20.911907 0.283018 1.800668 -17.864988 -0.000000 -0.000001 0.000002 8.077801 -0.486895 -3.806302 0.927692 5.555973 -27.128039 0.268768 1.755869 -17.405873 0.241880 1.667721 -16.505886 0.000000 0.000000 -0.000001 -8.207798 -6.751713 -1.599543 0.648648 -10.391049 3.516169 7.327109 -9.763709 -3.277842 -3.649289 -1.650149 3.202045 -7.282869 -0.000007 -0.000000 -0.000001 0.000002 0.000000 8.207800 -6.751718 -1.599544 -10.775406 14.739010 10.344595 12.136703 2.032052 4.168245 1.287348 0.513466 -7.110659 -4.928524 0.000008 -0.000002 0.000000 0.000000 0.000000 
0.145432 103.385368 1.423460 -3.753024 -5.218091 -3.769914 -0.000000 10.181541 0.131526 3.296628 1.543090 2.742651 1.151891 0.339458 1.552798 1.126014 0.361543 1.555887 0.000000 16.740345 -2.049021 5.626309 -0.078963 0.454683 -0.000001 9.617805 1.684979 -7.563342 1.375724 -0.080566 0.000000 22.037354 7.501071 -0.000000 -0.000000 -0.000000 -4.569999 11.014879 -2.160840 1.203181 15.343668 14.706010 13.158781 27.555118 58.785218 -0.000007 6.693740 0.000008 -20.179053 -0.514128 6.782823 -2.464807 -1.574002 2.681909 -1.665241 -0.174476 -4.219036 12.710941 -29.825397 -16.130877 -2.646281 -1.527805 1.527815 -15.549407 -3.559428 -12.707123 -1.994597 -1.151579 1.151577 -0.000002 -0.000001 -0.000000 -9.108304 -0.517879 2.259802 0.038555 1.262300 6.823740 0.213716 -1.396026 17.407041 0.046021 -0.653840 8.053242 0.000000 0.000001 0.000002 -9.532502 0.000009 0.000000 -0.136239 -2.205103 14.998885 0.214451 -1.398347 17.436892 0.239775 -1.476522 18.446290 -0.000002 -0.000001 0.000004 -9.103614 -0.043092 -1.865102 0.030599 -3.075760 20.450997 0.308446 -1.668278 20.948539 0.225820 -1.434045 17.897102 -0.000001 0.000002 0.000002 -8.076706 -0.486742 -3.806300 0.748865 -4.885244 26.473759 0.214470 -1.398384 17.437253 0.192999 -1.328173 16.535837 0.000001 -0.000001 0.000001 4.570407 11.014683 -2.160813 1.049447 -17.442066 -12.319461 3.916265 -19.989242 -69.765246 0.000001 -1.459367 -0.000003 -33.230499 -1.364892 -6.186633 2.466103 -1.576207 2.681699 -0.662920 2.160394 4.832512 11.853555 25.421664 17.058283 2.647875 -1.528731 1.528750 -13.813931 3.537292 9.036009 1.998905 -1.154081 1.154074 0.000001 0.000003 0.000001 9.109302 -0.518014 2.259901 0.019846 -0.969576 -7.593533 0.267847 1.752926 -17.375713 0.057670 0.820968 -8.037999 0.000000 0.000001 0.000005 9.533396 0.000010 -0.000000 -0.076334 2.665806 -15.696823 0.268761 1.755834 -17.405525 0.300508 1.854010 -18.413331 -0.000000 -0.000001 0.000001 9.104506 -0.042992 -1.865101 0.136870 3.641811 -21.133500 0.386596 2.094822 -20.911907 0.283018 1.800668 -17.864988 -0.000000 -0.000001 0.000002 8.077801 -0.486895 -3.806302 0.927692 5.555973 -27.128039 0.268768 1.755869 -17.405873 0.241880 1.667721 -16.505886 0.000000 0.000000 -0.000001 -8.207798 -6.751713 -1.599543 0.648648 -10.391049 3.516169 7.327109 -9.763709 -3.277842 -3.649289 -1.650149 3.202045 -7.282869 -0.000007 -0.000000 -0.000001 0.000002 0.000000 8.207800 -6.751718 -1.599544 -10.775406 14.739010 10.344595 12.136703 2.032052 4.168245 1.287348 0.513466 -7.110659 -4.928524 0.000008 -0.000002 0.000000 0.000000 0.000000 
0.145432 103.385368 1.423460 -3.753024 -5.218091 -3.769914 -0.000000 10.181541 0.131526 3.296628 1.543090 2.742651 1.151891 0.339458 1.552798 1.126014 0.361543 1.555887 0.000000 16.740345 -2.049021 5.626309 -0.078963 0.454683 -0.000001 9.617805 1.684979 -7.563342 1.375724 -0.080566 0.000000 22.037354 7.501071 -0.000000 -0.000000 -0.000000 -4.569999 11.014879 -2.160840 1.203181 15.343668 14.706010 13.158781 27.555118 58.785218 -0.000007 6.693740 0.000008 -20.179053 -0.514128 6.782823 -2.464807 -1.574002 2.681909 -1.665241 -0.174476 -4.219036 12.710941 -29.825397 -16.130877 -2.646281 -1.527805 1.527815 -15.549407 -3.559428 -12.707123 -1.994597 -1.151579 1.151577 -0.000002 -0.000001 -0.000000 -9.108304 -0.517879 2.259802 0.038555 1.262300 6.823740 0.213716 -1.396026 17.407041 0.046021 -0.653840 8.053242 0.000000 0.000001 0.000002 -9.532502 0.000009 0.000000 -0.136239 -2.205103 14.998885 0.214451 -1.398347 17.436892 0.239775 -1.476522 18.446290 -0.000002 -0.000001 0.000004 -9.103614 -0.043092 -1.865102 0.030599 -3.075760 20.450997 0.308446 -1.668278 20.948539 0.225820 -1.434045 17.897102 -0.000001 0.000002 0.000002 -8.076706 -0.486742 -3.806300 0.748865 -4.885244 26.473759 0.214470 -1.398384 17.437253 0.192999 -1.328173 16.535837 0.000001 -0.000001 0.000001 4.570407 11.014683 -2.160813 1.049447 -17.442066 -12.319461 3.916265 -19.989242 -69.765246 0.000001 -1.459367 -0.000003 -33.230499 -1.364892 -6.186633 2.466103 -1.576207 2.681699 -0.662920 2.160394 4.832512 11.853555 25.421664 17.058283 2.647875 -1.528731 1.528750 -13.813931 3.537292 9.036009 1.998905 -1.154081 1.154074 0.000001 0.000003 0.000001 9.109302 -0.518014 2.259901 0.019846 -0.969576 -7.593533 0.267847 1.752926 -17.375713 0.057670 0.820968 -8.037999 0.000000 0.000001 0.000005 9.533396 0.000010 -0.000000 -0.076334 2.665806 -15.696823 0.268761 1.755834 -17.405525 0.300508 1.854010 -18.413331 -0.000000 -0.000001 0.000001 9.104506 -0.042992 -1.865101 0.136870 3.641811 -21.133500 0.386596 2.094822 -20.911907 0.283018 1.800668 -17.864988 -0.000000 -0.000001 0.000002 8.077801 -0.486895 -3.806302 0.927692 5.555973 -27.128039 0.268768 1.755869 -17.405873 0.241880 1.667721 -16.505886 0.000000 0.000000 -0.000001 -8.207798 -6.751713 -1.599543 0.648648 -10.391049 3.516169 7.327109 -9.763709 -3.277842 -3.649289 -1.650149 3.202045 -7.282869 -0.000007 -0.000000 -0.000001 0.000002 0.000000 8.207800 -6.751718 -1.599544 -10.775406 14.739010 10.344595 12.136703 2.032052 4.168245 1.287348 0.513466 -7.110659 -4.928524 0.000008 -0.000002 0.000000 0.000000 0.000000 
0.145432 103.385368 1.423460 -3.753024 -5.218091 -3.769914 -0.000000 10.181541 0.131526 3.296628 1.543090 2.742651 1.151891 0.339458 1.552798 1.126014 0.361543 1.555887 0.000000 16.740345 -2.049021 5.626309 -0.078963 0.454683 -0.000001 9.617805 1.684979 -7.563342 1.375724 -0.080566 0.000000 22.037354 7.501071 -0.000000 -0.000000 -0.000000 -4.569999 11.014879 -2.160840 1.203181 15.343668 14.706010 13.158781 27.555118 58.785218 -0.000007 6.693740 0.000008 -20.179053 -0.514128 6.782823 -2.464807 -1.574002 2.681909 -1.665241 -0.174476 -4.219036 12.710941 -29.825397 -16.130877 -2.646281 -1.527805 1.527815 -15.549407 -3.559428 -12.707123 -1.994597 -1.151579 1.151577 -0.000002 -0.000001 -0.000000 -9.108304 -0.517879 2.259802 0.038555 1.262300 6.823740 0.213716 -1.396026 17.407041 0.046021 -0.653840 8.053242 0.000000 0.000001 0.000002 -9.532502 0.000009 0.000000 -0.136239 -2.205103 14.998885 0.214451 -1.398347 17.436892 0.239775 -1.476522 18.446290 -0.000002 -0.000001 0.000004 -9.103614 -0.043092 -1.865102 0.030599 -3.075760 20.450997 0.308446 -1.668278 20.948539 0.225820 -1.434045 17.897102 -0.000001 0.000002 0.000002 -8.076706 -0.486742 -3.806300 0.748865 -4.885244 26.473759 0.214470 -1.398384 17.437253 0.192999 -1.328173 16.535837 0.000001 -0.000001 0.000001 4.570407 11.014683 -2.160813 1.049447 -17.442066 -12.319461 3.916265 -19.989242 -69.765246 0.000001 -1.459367 -0.000003 -33.230499 -1.364892 -6.186633 2.466103 -1.576207 2.681699 -0.662920 2.160394 4.832512 11.853555 25.421664 17.058283 2.647875 -1.528731 1.528750 -13.813931 3.537292 9.036009 1.998905 -1.154081 1.154074 0.000001 0.000003 0.000001 9.109302 -0.518014 2.259901 0.019846 -0.969576 -7.593533 0.267847 1.752926 -17.375713 0.057670 0.820968 -8.037999 0.000000 0.000001 0.000005 9.533396 0.000010 -0.000000 -0.076334 2.665806 -15.696823 0.268761 1.755834 -17.405525 0.300508 1.854010 -18.413331 -0.000000 -0.000001 0.000001 9.104506 -0.042992 -1.865101 0.136870 3.641811 -21.133500 0.386596 2.094822 -20.911907 0.283018 1.800668 -17.864988 -0.000000 -0.000001 0.000002 8.077801 -0.486895 -3.806302 0.927692 5.555973 -27.128039 0.268768 1.755869 -17.405873 0.241880 1.667721 -16.505886 0.000000 0.000000 -0.000001 -8.207798 -6.751713 -1.599543 0.648648 -10.391049 3.516169 7.327109 -9.763709 -3.277842 -3.649289 -1.650149 3.202045 -7.282869 -0.000007 -0.000000 -0.000001 0.000002 0.000000 8.207800 -6.751718 -1.599544 -10.775406 14.739010 10.344595 12.136703 2.032052 4.168245 1.287348 0.513466 -7.110659 -4.928524 0.000008 -0.000002 0.000000 0.000000 0.000000 
0.145432 103.385368 1.423460 -3.753024 -5.218091 -3.769914 -0.000000 10.181541 0.131526 3.296628 1.543090 2.742651 1.151891 0.339458 1.552798 1.126014 0.361543 1.555887 0.000000 16.740345 -2.049021 5.626309 -0.078963 0.454683 -0.000001 9.617805 1.684979 -7.563342 1.375724 -0.080566 0.000000 22.037354 7.501071 -0.000000 -0.000000 -0.000000 -4.569999 11.014879 -2.160840 1.203181 15.343668 14.706010 13.158781 27.555118 58.785218 -0.000007 6.693740 0.000008 -20.179053 -0.514128 6.782823 -2.464807 -1.574002 2.681909 -1.665241 -0.174476 -4.219036 12.710941 -29.825397 -16.130877 -2.646281 -1.527805 1.527815 -15.549407 -3.559428 -12.707123 -1.994597 -1.151579 1.151577 -0.000002 -0.000001 -0.000000 -9.108304 -0.517879 2.259802 0.038555 1.262300 6.823740 0.213716 -1.396026 17.407041 0.046021 -0.653840 8.053242 0.000000 0.000001 0.000002 -9.532502 0.000009 0.000000 -0.136239 -2.205103 14.998885 0.214451 -1.398347 17.436892 0.239775 -1.476522 18.446290 -0.000002 -0.000001 0.000004 -9.103614 -0.043092 -1.865102 0.030599 -3.075760 20.450997 0.308446 -1.668278 20.948539 0.225820 -1.434045 17.897102 -0.000001 0.000002 0.000002 -8.076706 -0.486742 -3.806300 0.748865 -4.885244 26.473759 0.214470 -1.398384 17.437253 0.192999 -1.328173 16.535837 0.000001 -0.000001 0.000001 4.570407 11.014683 -2.160813 1.049447 -17.442066 -12.319461 3.916265 -19.989242 -69.765246 0.000001 -1.459367 -0.000003 -33.230499 -1.364892 -6.186633 2.466103 -1.576207 2.681699 -0.662920 2.160394 4.832512 11.853555 25.421664 17.058283 2.647875 -1.528731 1.528750 -13.813931 3.537292 9.036009 1.998905 -1.154081 1.154074 0.000001 0.000003 0.000001 9.109302 -0.518014 2.259901 0.019846 -0.969576 -7.593533 0.267847 1.752926 -17.375713 0.057670 0.820968 -8.037999 0.000000 0.000001 0.000005 9.533396 0.000010 -0.000000 -0.076334 2.665806 -15.696823 0.268761 1.755834 -17.405525 0.300508 1.854010 -18.413331 -0.000000 -0.000001 0.000001 9.104506 -0.042992 -1.865101 0.136870 3.641811 -21.133500 0.386596 2.094822 -20.911907 0.283018 1.800668 -17.864988 -0.000000 -0.000001 0.000002 8.077801 -0.486895 -3.806302 0.927692 5.555973 -27.128039 0.268768 1.755869 -17.405873 0.241880 1.667721 -16.505886 0.000000 0.000000 -0.000001 -8.207798 -6.751713 -1.599543 0.648648 -10.391049 3.516169 7.327109 -9.763709 -3.277842 -3.649289 -1.650149 3.202045 -7.282869 -0.000007 -0.000000 -0.000001 0.000002 0.000000 8.207800 -6.751718 -1.599544 -10.775406 14.739010 10.344595 12.136703 2.032052 4.168245 1.287348 0.513466 -7.110659 -4.928524 0.000008 -0.000002 0.000000 0.000000 0.000000 
0.145432 103.385368 1.423460 -3.753024 -5.218091 -3.769914 -0.000000 10.181541 0.131526 3.296628 1.543090 2.742651 1.151891 0.339458 1.552798 1.126014 0.361543 1.555887 0.000000 16.740345 -2.049021 5.626309 -0.078963 0.454683 -0.000001 9.617805 1.684979 -7.563342 1.375724 -0.080566 0.000000 22.037354 7.501071 -0.000000 -0.000000 -0.000000 -4.569999 11.014879 -2.160840 1.203181 15.343668 14.706010 13.158781 27.555118 58.785218 -0.000007 6.693740 0.000008 -20.179053 -0.514128 6.782823 -2.464807 -1.574002 2.681909 -1.665241 -0.174476 -4.219036 12.710941 -29.825397 -16.130877 -2.646281 -1.527805 1.527815 -15.549407 -3.559428 -12.707123 -1.994597 -1.151579 1.151577 -0.000002 -0.000001 -0.000000 -9.108304 -0.517879 2.259802 0.038555 1.262300 6.823740 0.213716 -1.396026 17.407041 0.046021 -0.653840 8.053242 0.000000 0.000001 0.000002 -9.532502 0.000009 0.000000 -0.136239 -2.205103 14.998885 0.214451 -1.398347 17.436892 0.239775 -1.476522 18.446290 -0.000002 -0.000001 0.000004 -9.103614 -0.043092 -1.865102 0.030599 -3.075760 20.450997 0.308446 -1.668278 20.948539 0.225820 -1.434045 17.897102 -0.000001 0.000002 0.000002 -8.076706 -0.486742 -3.806300 0.748865 -4.885244 26.473759 0.214470 -1.398384 17.437253 0.192999 -1.328173 16.535837 0.000001 -0.000001 0.000001 4.570407 11.014683 -2.160813 1.049447 -17.442066 -12.319461 3.916265 -19.989242 -69.765246 0.000001 -1.459367 -0.000003 -33.230499 -1.364892 -6.186633 2.466103 -1.576207 2.681699 -0.662920 2.160394 4.832512 11.853555 25.421664 17.058283 2.647875 -1.528731 1.528750 -13.813931 3.537292 9.036009 1.998905 -1.154081 1.154074 0.000001 0.000003 0.000001 9.109302 -0.518014 2.259901 0.019846 -0.969576 -7.593533 0.267847 1.752926 -17.375713 0.057670 0.820968 -8.037999 0.000000 0.000001 0.000005 9.533396 0.000010 -0.000000 -0.076334 2.665806 -15.696823 0.268761 1.755834 -17.405525 0.300508 1.854010 -18.413331 -0.000000 -0.000001 0.000001 9.104506 -0.042992 -1.865101 0.136870 3.641811 -21.133500 0.386596 2.094822 -20.911907 0.283018 1.800668 -17.864988 -0.000000 -0.000001 0.000002 8.077801 -0.486895 -3.806302 0.927692 5.555973 -27.128039 0.268768 1.755869 -17.405873 0.241880 1.667721 -16.505886 0.000000 0.000000 -0.000001 -8.207798 -6.751713 -1.599543 0.648648 -10.391049 3.516169 7.327109 -9.763709 -3.277842 -3.649289 -1.650149 3.202045 -7.282869 -0.000007 -0.000000 -0.000001 0.000002 0.000000 8.207800 -6.751718 -1.599544 -10.775406 14.739010 10.344595 12.136703 2.032052 4.168245 1.287348 0.513466 -7.110659 -4.928524 0.000008 -0.000002 0.000000 0.000000 0.000000 
0.145432 103.385368 1.423460 -3.753024 -5.218091 -3.769914 -0.000000 10.181541 0.131526 3.296628 1.543090 2.742651 1.151891 0.339458 1.552798 1.126014 0.361543 1.555887 0.000000 16.740345 -2.049021 5.626309 -0.078963 0.454683 -0.000001 9.617805 1.684979 -7.563342 1.375724 -0.080566 0.000000 22.037354 7.501071 -0.000000 -0.000000 -0.000000 -4.569999 11.014879 -2.160840 1.203181 15.343668 14.706010 13.158781 27.555118 58.785218 -0.000007 6.693740 0.000008 -20.179053 -0.514128 6.782823 -2.464807 -1.574002 2.681909 -1.665241 -0.174476 -4.219036 12.710941 -29.825397 -16.130877 -2.646281 -1.527805 1.527815 -15.549407 -3.559428 -12.707123 -1.994597 -1.151579 1.151577 -0.000002 -0.000001 -0.000000 -9.108304 -0.517879 2.259802 0.038555 1.262300 6.823740 0.213716 -1.396026 17.407041 0.046021 -0.653840 8.053242 0.000000 0.000001 0.000002 -9.532502 0.000009 0.000000 -0.136239 -2.205103 14.998885 0.214451 -1.398347 17.436892 0.239775 -1.476522 18.446290 -0.000002 -0.000001 0.000004 -9.103614 -0.043092 -1.865102 0.030599 -3.075760 20.450997 0.308446 -1.668278 20.948539 0.225820 -1.434045 17.897102 -0.000001 0.000002 0.000002 -8.076706 -0.486742 -3.806300 0.748865 -4.885244 26.473759 0.214470 -1.398384 17.437253 0.192999 -1.328173 16.535837 0.000001 -0.000001 0.000001 4.570407 11.014683 -2.160813 1.049447 -17.442066 -12.319461 3.916265 -19.989242 -69.765246 0.000001 -1.459367 -0.000003 -33.230499 -1.364892 -6.186633 2.466103 -1.576207 2.681699 -0.662920 2.160394 4.832512 11.853555 25.421664 17.058283 2.647875 -1.528731 1.528750 -13.813931 3.537292 9.036009 1.998905 -1.154081 1.154074 0.000001 0.000003 0.000001 9.109302 -0.518014 2.259901 0.019846 -0.969576 -7.593533 0.267847 1.752926 -17.375713 0.057670 0.820968 -8.037999 0.000000 0.000001 0.000005 9.533396 0.000010 -0.000000 -0.076334 2.665806 -15.696823 0.268761 1.755834 -17.405525 0.300508 1.854010 -18.413331 -0.000000 -0.000001 0.000001 9.104506 -0.042992 -1.865101 0.136870 3.641811 -21.133500 0.386596 2.094822 -20.911907 0.283018 1.800668 -17.864988 -0.000000 -0.000001 0.000002 8.077801 -0.486895 -3.806302 0.927692 5.555973 -27.128039 0.268768 1.755869 -17.405873 0.241880 1.667721 -16.505886 0.000000 0.000000 -0.000001 -8.207798 -6.751713 -1.599543 0.648648 -10.391049 3.516169 7.327109 -9.763709 -3.277842 -3.649289 -1.650149 3.202045 -7.282869 -0.000007 -0.000000 -0.000001 0.000002 0.000000 8.207800 -6.751718 -1.599544 -10.775406 14.739010 10.344595 12.136703 2.032052 4.168245 1.287348 0.513466 -7.110659 -4.928524 0.000008 -0.000002 0.000000 0.000000 0.000000 
0.145432 103.385368 1.423460 -3.753024 -5.218091 -3.769914 -0.000000 10.181541 0.131526 3.296628 1.543090 2.742651 1.151891 0.339458 1.552798 1.126014 0.361543 1.555887 0.000000 16.740345 -2.049021 5.626309 -0.078963 0.454683 -0.000001 9.617805 1.684979 -7.563342 1.375724 -0.080566 0.000000 22.037354 7.501071 -0.000000 -0.000000 -0.000000 -4.569999 11.014879 -2.160840 1.203181 15.343668 14.706010 13.158781 27.555118 58.785218 -0.000007 6.693740 0.000008 -20.179053 -0.514128 6.782823 -2.464807 -1.574002 2.681909 -1.665241 -0.174476 -4.219036 12.710941 -29.825397 -16.130877 -2.646281 -1.527805 1.527815 -15.549407 -3.559428 -12.707123 -1.994597 -1.151579 1.151577 -0.000002 -0.000001 -0.000000 -9.108304 -0.517879 2.259802 0.038555 1.262300 6.823740 0.213716 -1.396026 17.407041 0.046021 -0.653840 8.053242 0.000000 0.000001 0.000002 -9.532502 0.000009 0.000000 -0.136239 -2.205103 14.998885 0.214451 -1.398347 17.436892 0.239775 -1.476522 18.446290 -0.000002 -0.000001 0.000004 -9.103614 -0.043092 -1.865102 0.030599 -3.075760 20.450997 0.308446 -1.668278 20.948539 0.225820 -1.434045 17.897102 -0.000001 0.000002 0.000002 -8.076706 -0.486742 -3.806300 0.748865 -4.885244 26.473759 0.214470 -1.398384 17.437253 0.192999 -1.328173 16.535837 0.000001 -0.000001 0.000001 4.570407 11.014683 -2.160813 1.049447 -17.442066 -12.319461 3.916265 -19.989242 -69.765246 0.000001 -1.459367 -0.000003 -33.230499 -1.364892 -6.186633 2.466103 -1.576207 2.681699 -0.662920 2.160394 4.832512 11.853555 25.421664 17.058283 2.647875 -1.528731 1.528750 -13.813931 3.537292 9.036009 1.998905 -1.154081 1.154074 0.000001 0.000003 0.000001 9.109302 -0.518014 2.259901 0.019846 -0.969576 -7.593533 0.267847 1.752926 -17.375713 0.057670 0.820968 -8.037999 0.000000 0.000001 0.000005 9.533396 0.000010 -0.000000 -0.076334 2.665806 -15.696823 0.268761 1.755834 -17.405525 0.300508 1.854010 -18.413331 -0.000000 -0.000001 0.000001 9.104506 -0.042992 -1.865101 0.136870 3.641811 -21.133500 0.386596 2.094822 -20.911907 0.283018 1.800668 -17.864988 -0.000000 -0.000001 0.000002 8.077801 -0.486895 -3.806302 0.927692 5.555973 -27.128039 0.268768 1.755869 -17.405873 0.241880 1.667721 -16.505886 0.000000 0.000000 -0.000001 -8.207798 -6.751713 -1.599543 0.648648 -10.391049 3.516169 7.327109 -9.763709 -3.277842 -3.649289 -1.650149 3.202045 -7.282869 -0.000007 -0.000000 -0.000001 0.000002 0.000000 8.207800 -6.751718 -1.599544 -10.775406 14.739010 10.344595 12.136703 2.032052 4.168245 1.287348 0.513466 -7.110659 -4.928524 0.000008 -0.000002 0.000000 0.000000 0.000000 
